v -0.51761574 0.83607817 -0.00008068 0.500000 0.500000 0.500000
v 0.51755619 0.83530265 0.00020100 0.500000 0.500000 0.500000
v -0.51698369 -0.83883739 -0.00143494 0.500000 0.500000 0.500000
v 0.52083641 -0.83543396 0.00146613 0.500000 0.500000 0.500000
v 1.79999995 1.27431345 -0.94932163 0.500890 0.500890 0.500890
v -0.00005624 0.51861840 0.83953398 0.500000 0.500000 0.500000
v 0.00000706 -0.51893890 -0.83996475 0.499990 0.499990 0.499990
v -0.00000438 0.51923817 -0.84015983 0.500110 0.500110 0.500110
v 0.84229314 0.00003891 -0.52069575 0.499998 0.499992 0.499993
v 0.84034252 -0.00009214 0.51940835 0.500016 0.500010 0.500011
v -0.84267908 0.00002812 -0.52091098 0.500011 0.500011 0.500011
v -0.84272194 0.00000640 0.52097470 0.500013 0.500013 0.500013
v -0.00012271 1.00139856 0.00020313 0.500000 0.500000 0.500000
v -0.30430326 0.79538077 0.49239171 0.500000 0.500000 0.500000
v -0.30702817 0.80358565 -0.49739692 0.500000 0.500000 0.500000
v -0.80590129 0.49800062 -0.30775821 0.500005 0.500005 0.500005
v -0.80710053 0.49888754 0.30824268 0.500005 0.500005 0.500005
v 0.30603516 0.80009502 0.49574110 0.500000 0.500000 0.500000
v 0.30598724 0.80161870 -0.49632016 0.500000 0.500000 0.500000
v 0.80589604 0.49809802 -0.30773187 0.500013 0.500002 0.500004
v 0.80686176 0.49861839 0.30799061 0.500005 0.500005 0.500005
v 0.00161824 -0.98702419 -0.00030636 0.500000 0.500000 0.500000
v 1.49100661 0.99098641 -1.29997969 0.506348 0.502977 0.503567
v -0.30738598 -0.80319601 -0.49678281 0.500000 0.500000 0.500000
v -0.80574912 -0.49822792 -0.30755147 0.499989 0.499989 0.499989
v -0.80273116 -0.49363974 0.30538306 0.499987 0.499987 0.499987
v -1.49100661 -2.60901356 2.30002022 0.500059 0.500005 0.500014
v 0.30625817 -0.80129772 -0.49580488 0.500000 0.500000 0.500000
v 0.80330729 -0.49643481 -0.30657446 0.499989 0.499989 0.499989
v 0.79743052 -0.49451193 0.30423525 0.499989 0.499989 0.499989
v -0.00010366 -0.00018743 0.99475366 0.500057 0.500057 0.500057
v 0.48929831 -0.30352250 0.79770285 0.500029 0.500011 0.500014
v -0.49586704 -0.29765156 0.80150205 0.500021 0.500021 0.500021
v 0.49823940 0.30800250 0.80633759 0.500028 0.500028 0.500028
v -0.49821758 0.30804622 0.80627054 0.500011 0.500011 0.500011
v 0.00011657 0.00011776 -0.99734646 0.500516 0.500516 0.500516
v 0.49749509 -0.30760199 -0.80511630 0.500164 0.500056 0.500075
v -0.49816135 -0.30787483 -0.80610782 0.500017 0.500017 0.500017
v 0.49882376 0.30831695 -0.80706006 0.500020 0.500017 0.500018
v -0.49874437 0.30824089 -0.80699629 0.500019 0.500019 0.500019
v 0.99830449 -0.00009145 0.00012547 0.500022 0.500015 0.500016
v -0.99828529 0.00001562 0.00005397 0.500013 0.500013 0.500013
v -0.28730226 0.95357752 0.00014069 0.500000 0.500000 0.500000
v -0.43618894 0.85386813 0.24106166 0.500000 0.500000 0.500000
v -0.43745971 0.85684168 -0.24205729 0.500000 0.500000 0.500000
v -0.68292338 0.71099478 -0.15066861 0.500000 0.500000 0.500000
v -0.68298078 0.71111435 0.15085998 0.500000 0.500000 0.500000
v 0.28658199 0.95131594 -0.00008630 0.500000 0.500000 0.500000
v 0.43616322 0.85361868 0.24127974 0.500000 0.500000 0.500000
v 0.43561342 0.85268503 -0.24016571 0.500000 0.500000 0.500000
v 0.68284684 0.71092349 -0.15083051 0.500000 0.500000 0.500000
v 0.68294722 0.71121103 0.15075473 0.500000 0.500000 0.500000
v -0.28138489 -0.95139146 -0.00118336 0.500000 0.500000 0.500000
v -0.44582307 -0.84731960 0.23374870 0.500000 0.500000 0.500000
v -0.43830860 -0.85863537 -0.24281773 0.500000 0.500000 0.500000
v -0.68433398 -0.71197838 -0.15019254 0.500000 0.500000 0.500000
v -0.68081713 -0.70736545 0.14783970 0.500000 0.500000 0.500000
v 0.28429991 -0.94151598 -0.00121191 0.500000 0.500000 0.500000
v 0.43825787 -0.84000945 0.25390592 0.499996 0.499996 0.499996
v 0.43793210 -0.85606438 -0.24218419 0.500000 0.500000 0.500000
v 0.68353713 -0.71157056 -0.15092997 0.500000 0.500000 0.500000
v 0.67554128 -0.70284170 0.14601886 0.500000 0.500000 0.500000
v 1.63938987 1.10624313 -1.09792733 0.502460 0.500576 0.500905
v 1.96061003 -2.49375677 2.50207257 0.502677 0.500034 0.500497
v -0.00248812 -0.28943285 0.95074725 0.500029 0.500029 0.500029
v 0.29560333 -0.41082895 0.84745145 0.500012 0.500008 0.500009
v -2.05990291 1.36614609 2.66268253 0.500451 0.500436 0.500439
v -0.14960872 0.67921281 0.70749599 0.500000 0.500000 0.500000
v 0.15037791 0.68152356 0.70918489 0.500000 0.500000 0.500000
v -0.00007261 0.28918117 0.95373797 0.500047 0.500030 0.500033
v 0.24324001 0.43903163 0.86106777 0.500018 0.500018 0.500018
v -0.24329729 0.43913397 0.86101806 0.500018 0.500018 0.500018
v -0.15034397 -0.68213534 -0.71019387 0.500000 0.500000 0.500000
v 0.15042551 -0.68227673 -0.71018791 0.500000 0.500000 0.500000
v -0.00003134 -0.28863651 -0.95502281 0.500222 0.500209 0.500211
v 0.24430223 -0.43990192 -0.86241144 0.499972 0.499967 0.499968
v -0.24402097 -0.43977565 -0.86226916 0.499985 0.499985 0.499985
v -0.15097952 0.68431503 -0.71221089 0.500005 0.500005 0.500005
v 0.15097281 0.68433559 -0.71220899 0.500005 0.500005 0.500005
v 0.00001865 0.28907880 -0.95666397 0.500594 0.500594 0.500594
v 0.24413569 0.44004092 -0.86296266 0.500489 0.500334 0.500361
v -0.24401347 0.43994883 -0.86279857 0.500453 0.500453 0.500453
v 0.86226517 0.24360752 -0.44011271 0.500009 0.500008 0.500008
v 0.86173195 -0.24343643 -0.43975264 0.500076 0.500029 0.500037
v 0.71149188 -0.15029038 -0.68291903 0.500034 0.500019 0.500021
v 0.71268058 0.15080962 -0.68429446 0.500020 0.500007 0.500009
v 0.95704305 0.00005534 -0.28941739 0.500009 0.500004 0.500005
v 0.86299735 0.24394044 0.43965423 0.500010 0.500010 0.500010
v 0.86403114 -0.24388222 0.43985274 0.500028 0.500003 0.500007
v 0.71310508 -0.15110661 0.68392175 0.500027 0.500005 0.500009
v 0.71161628 0.15093532 0.68467253 0.500016 0.500012 0.500013
v 0.95690453 -0.00003038 0.28925562 0.500019 0.500010 0.500012
v -0.86227435 0.24361899 -0.44009754 0.500009 0.500009 0.500009
v -0.86232066 -0.24357826 -0.44013688 0.500017 0.500017 0.500017
v -0.71264994 -0.15075725 -0.68427092 0.500022 0.500022 0.500022
v -0.71269453 0.15083615 -0.68427414 0.500016 0.500016 0.500016
v -0.95703965 0.00003549 -0.28935850 0.500004 0.500004 0.500004
v -0.86421984 0.24434835 0.44057131 0.500010 0.500010 0.500010
v -0.86415964 -0.24469079 0.44049525 0.500064 0.500064 0.500064
v -0.71309352 -0.15322250 0.68342769 0.500025 0.500025 0.500025
v -0.71241468 0.15121724 0.68461579 0.500008 0.500008 0.500008
v -0.95671827 -0.00006830 0.28940782 0.499999 0.499999 0.499999
v -0.14844482 0.93777132 0.26389563 0.500000 0.500000 0.500000
v -0.14957915 0.94564289 -0.26721275 0.500000 0.500000 0.500000
v 0.14763942 0.93222505 0.26193449 0.500000 0.500000 0.500000
v 0.14946902 0.94564086 -0.26728734 0.500000 0.500000 0.500000
v -0.58414996 0.67674297 0.43386102 0.500000 0.500000 0.500000
v 0.00018859 0.83547223 0.50294149 0.500000 0.500000 0.500000
v -0.43276665 0.58256876 0.67560953 0.500000 0.500000 0.500000
v -0.58392000 0.67671824 -0.43392053 0.500001 0.500001 0.500001
v 0.00005851 0.85037553 -0.51116133 0.500000 0.500000 0.500000
v -0.43500233 0.58556747 -0.67878032 0.500005 0.500005 0.500005
v -0.85491621 0.51297158 -0.00004576 0.500006 0.500006 0.500006
v -0.67907119 0.43516108 -0.58579469 0.500008 0.500008 0.500008
v -0.94848675 0.26899859 -0.15075807 0.500014 0.500014 0.500014
v -0.67922962 0.43540114 0.58590859 0.500003 0.500003 0.500003
v -0.94851059 0.26896909 0.15068923 0.500010 0.500010 0.500010
v 0.58366764 0.67679179 0.43377981 0.500000 0.500000 0.500000
v 0.43367657 0.58419257 0.67697245 0.500000 0.500000 0.500000
v 0.58283800 0.67506886 -0.43301323 0.500001 0.500001 0.500001
v 0.43495217 0.58545083 -0.67884392 0.500005 0.500005 0.500005
v 0.85488075 0.51301366 -0.00001374 0.500010 0.500008 0.500009
v 0.67906946 0.43519217 -0.58576769 0.500009 0.500004 0.500005
v 0.94849116 0.26898187 -0.15076473 0.500008 0.500008 0.500008
v 0.67857528 0.43489221 0.58552170 0.500005 0.500001 0.500002
v 0.94852960 0.26903880 0.15074737 0.500008 0.500008 0.500008
v 1.63755238 -2.75105572 -1.53712344 0.500239 0.500236 0.500237
v -0.14899564 -0.94357932 -0.26741210 0.500000 0.500000 0.500000
v 0.23625624 -1.10042644 0.14863637 0.500000 0.500000 0.500000
v 0.14898160 -0.94480944 -0.26619065 0.500000 0.500000 0.500000
v -2.38777280 1.11179805 -1.37467504 0.499988 0.499988 0.499988
v -1.79999995 0.94935966 -1.27425194 0.513891 0.513612 0.513660
v 1.37467504 -2.38777280 2.48820186 0.503641 0.503499 0.503524
v -0.58472121 -0.67792845 -0.43452013 0.500000 0.500000 0.500000
v 0.00010657 -0.84617394 -0.50827450 0.500000 0.500000 0.500000
v -0.43475240 -0.58533412 -0.67832321 0.499993 0.499993 0.499993
v -0.85546267 -0.51188332 -0.00048372 0.499986 0.499986 0.499986
v -0.67906672 -0.43520525 -0.58580387 0.499993 0.499993 0.499993
v -0.94845325 -0.26929978 -0.15065123 0.500017 0.500017 0.500017
v -0.61610514 -0.36575931 0.57606393 0.499993 0.499993 0.499993
v -0.94858176 -0.26845139 0.15061620 0.500032 0.500032 0.500032
v 0.68763649 -0.72533017 0.48599225 0.499995 0.499992 0.499993
v 0.65833074 -0.77984458 0.87329191 0.499955 0.499955 0.499955
v 0.58190483 -0.67481440 -0.43233681 0.500000 0.500000 0.500000
v 0.43375644 -0.58405894 -0.67704219 0.499993 0.499993 0.499993
v 0.85528350 -0.51240391 0.00015367 0.499984 0.499984 0.499984
v 0.67696738 -0.43374199 -0.58395052 0.499994 0.499984 0.499985
v 0.94839299 -0.26923543 -0.15069826 0.500030 0.500004 0.500008
v 0.67206770 -0.42548123 0.57687509 0.499993 0.499987 0.499989
v 0.94844335 -0.26871464 0.15089177 0.500032 0.500004 0.500009
v 0.26417163 -0.14893232 0.94628316 0.500047 0.500046 0.500047
v -0.26474568 -0.15184507 0.94584215 0.500030 0.500030 0.500030
v 0.26833937 0.15018156 0.94558901 0.500032 0.500032 0.500032
v -0.26789063 0.15043056 0.94574761 0.500016 0.500016 0.500016
v 0.51351082 -0.00040360 0.85389799 0.500053 0.500049 0.500049
v -0.51348370 -0.00023524 0.85425270 0.499997 0.499997 0.499997
v 0.26881707 -0.15061879 -0.94677478 0.500229 0.500122 0.500141
v -0.26882884 -0.15060478 -0.94609916 0.500027 0.500027 0.500027
v 0.26907754 0.15078337 -0.94717526 0.500561 0.500470 0.500486
v -0.26892421 0.15076163 -0.94653797 0.500538 0.500538 0.500538
v 0.51181352 0.00012198 -0.85307044 0.500018 0.500000 0.500003
v -0.51296210 0.00003218 -0.85518068 0.500026 0.500026 0.500026
v -0.41783506 0.89208978 -0.00012031 0.500000 0.500000 0.500000
v -0.48534361 0.85104340 0.10857993 0.500000 0.500000 0.500000
v -0.48588428 0.85213369 -0.10867815 0.500000 0.500000 0.500000
v -0.59654117 0.78770143 -0.06759299 0.500000 0.500000 0.500000
v -0.59649533 0.78755307 0.06771810 0.500000 0.500000 0.500000
v 0.41680062 0.88886201 0.00008876 0.500000 0.500000 0.500000
v 0.48525295 0.85015523 0.10853887 0.500000 0.500000 0.500000
v 0.48494920 0.84975249 -0.10821877 0.500000 0.500000 0.500000
v 0.59642172 0.78720438 -0.06761394 0.500000 0.500000 0.500000
v 0.59636313 0.78730565 0.06764444 0.500000 0.500000 0.500000
v -0.41425508 -0.89138073 -0.00232605 0.500000 0.500000 0.500000
v -0.48336977 -0.84609330 0.10388329 0.500000 0.500000 0.500000
v -0.48562148 -0.85472846 -0.10901687 0.500000 0.500000 0.500000
v -0.59764516 -0.78988236 -0.06728876 0.500000 0.500000 0.500000
v -0.59706426 -0.78885615 0.06490067 0.500000 0.500000 0.500000
v 0.41524795 -0.88633704 -0.00061773 0.500000 0.500000 0.500000
v 0.48406693 -0.84531736 0.10644767 0.500000 0.500000 0.500000
v 0.48911580 -0.85268146 -0.10812226 0.500000 0.500000 0.500000
v 0.59871030 -0.78829920 -0.06663369 0.500000 0.500000 0.500000
v 0.59920865 -0.78414804 0.06839348 0.500000 0.500000 0.500000
v -1.77601743 1.08128893 0.53547084 0.500095 0.500070 0.500074
v -1.71891963 1.18439209 2.58387041 0.507574 0.507249 0.507306
v -0.04856726 -0.36974743 0.86412597 0.500023 0.500023 0.500023
v 0.21160224 -0.61609703 0.98443204 0.499921 0.499920 0.499920
v -0.18291330 -0.45386457 0.76709872 0.499983 0.499983 0.499983
v -0.06748748 0.59544390 0.78732777 0.500000 0.500000 0.500000
v 0.06742143 0.59522051 0.78717607 0.500000 0.500000 0.500000
v -0.00007451 0.41999674 0.89780039 0.500003 0.500002 0.500003
v 0.10965913 0.48769704 0.85719246 0.500005 0.500005 0.500005
v -0.10980080 0.48781911 0.85724503 0.500005 0.500005 0.500005
v -0.06763580 -0.59696227 -0.78887469 0.499997 0.499997 0.499997
v 0.06764615 -0.59700912 -0.78886056 0.499997 0.499997 0.499997
v -0.00002414 -0.42029795 -0.89974022 0.499996 0.499994 0.499994
v 0.10936734 -0.48761243 -0.85650456 0.499974 0.499974 0.499974
v -0.10933740 -0.48757097 -0.85661477 0.499972 0.499972 0.499972
v -0.06774309 0.59829295 -0.79033899 0.500008 0.500008 0.500008
v 0.06772286 0.59830445 -0.79031152 0.500008 0.500008 0.500008
v 0.00002922 0.42072573 -0.90102768 0.500521 0.500521 0.500521
v 0.10917351 0.48787418 -0.85705465 0.500440 0.500390 0.500399
v -0.10916527 0.48787338 -0.85704553 0.500431 0.500431 0.500431
v 0.85900074 0.10973743 -0.48924616 0.500027 0.500021 0.500022
v 0.85880506 -0.10973553 -0.48902488 0.500034 0.500007 0.500012
v 0.79144698 -0.06770691 -0.59856212 0.499993 0.499978 0.499980
v 0.79180813 0.06790352 -0.59894311 0.500000 0.499991 0.499993
v 0.89974642 0.00000133 -0.42102197 0.499987 0.499982 0.499983
v 0.85760647 0.10918640 0.48787275 0.500005 0.500005 0.500005
v 0.85751843 -0.10932543 0.48810813 0.500030 0.500004 0.500009
v 0.78928751 -0.06774744 0.59789199 0.500030 0.500010 0.500013
v 0.78938222 0.06754507 0.59805757 0.500020 0.500020 0.500020
v 0.90122962 -0.00005087 0.42067695 0.500024 0.500020 0.500021
v -0.85892594 0.10972916 -0.48920643 0.500013 0.500013 0.500013
v -0.85884237 -0.10965189 -0.48917511 0.500015 0.500015 0.500015
v -0.79174674 -0.06779996 -0.59886634 0.500011 0.500011 0.500011
v -0.79181319 0.06787629 -0.59890652 0.500009 0.500009 0.500009
v -0.89975667 0.00002469 -0.42103088 0.500006 0.500006 0.500006
v -0.85940313 0.10974122 0.48894155 0.500006 0.500006 0.500006
v -0.85904551 -0.10968679 0.48921740 0.500034 0.500034 0.500034
v -0.79091406 -0.06803598 0.59939665 0.500012 0.500012 0.500012
v -0.79129457 0.06798573 0.59922290 0.499997 0.499997 0.499997
v -0.90215147 -0.00001436 0.42125604 0.500009 0.500009 0.500009
v -0.14502436 0.99065053 0.00032667 0.500000 0.500000 0.500000
v 0.14467938 0.99067539 0.00001989 0.500000 0.500000 0.500000
v -0.07320827 0.98794299 0.13654599 0.500000 0.500000 0.500000
v -0.07332835 0.98794752 -0.13655089 0.500000 0.500000 0.500000
v 0.07241163 0.98734075 0.13612223 0.500000 0.500000 0.500000
v 0.07339845 0.98807985 -0.13665348 0.500000 0.500000 0.500000
v -0.37344497 0.83172828 0.36987013 0.500000 0.500000 0.500000
v -0.22961114 0.74529296 0.60606927 0.500000 0.500000 0.500000
v -0.22600757 0.86904651 0.38106683 0.500000 0.500000 0.500000
v -0.44849658 0.74421853 0.47116983 0.500000 0.500000 0.500000
v -0.15363024 0.82503772 0.50052238 0.500000 0.500000 0.500000
v -0.37472239 0.69849473 0.58938545 0.500000 0.500000 0.500000
v -0.37539843 0.83722013 -0.37251803 0.500000 0.500000 0.500000
v -0.23170817 0.75216103 -0.61123216 0.500001 0.500001 0.500001
v -0.22845505 0.88076085 -0.38704339 0.500000 0.500000 0.500000
v -0.45026490 0.74776965 -0.47355983 0.500000 0.500000 0.500000
v -0.15581332 0.83811647 -0.50805604 0.500000 0.500000 0.500000
v -0.37748599 0.70382816 -0.59368604 0.500002 0.500002 0.500002
v -0.75246704 0.61097473 -0.23166808 0.500002 0.500002 0.500002
v -0.84225190 0.37444669 -0.37753490 0.500009 0.500009 0.500009
v -0.70345581 0.59284759 -0.37722039 0.500001 0.500001 0.500001
v -0.84216225 0.50965482 -0.15652417 0.500002 0.500002 0.500002
v -0.75048769 0.47467750 -0.45180115 0.500004 0.500004 0.500004
v -0.88806254 0.39021432 -0.23026812 0.500009 0.500009 0.500009
v -0.75222105 0.61111230 0.23166017 0.500000 0.500000 0.500000
v -0.84438974 0.37564665 0.37819389 0.500008 0.500008 0.500008
v -0.70447856 0.59371918 0.37768799 0.500000 0.500000 0.500000
v -0.84200168 0.50966251 0.15644778 0.500003 0.500003 0.500003
v -0.75084054 0.47483698 0.45176482 0.500003 0.500003 0.500003
v -0.88750738 0.39000177 0.23021054 0.500008 0.500008 0.500008
v 0.37424275 0.83356100 0.37144336 0.500000 0.500000 0.500000
v 0.23119584 0.74990106 0.60923457 0.500000 0.500000 0.500000
v 0.22617491 0.86831486 0.38138002 0.500000 0.500000 0.500000
v 0.15453544 0.82805634 0.50258756 0.500000 0.500000 0.500000
v 0.44969648 0.74723202 0.47334030 0.500000 0.500000 0.500000
v 0.37651244 0.70249391 0.59236765 0.500000 0.500000 0.500000
v 0.37352872 0.83316308 -0.37025428 0.500000 0.500000 0.500000
v 0.23144752 0.75177246 -0.61104602 0.500001 0.500001 0.500001
v 0.22801006 0.88053763 -0.38700271 0.500000 0.500000 0.500000
v 0.15580927 0.83858359 -0.50837231 0.500000 0.500000 0.500000
v 0.44847777 0.74446732 -0.47159493 0.500000 0.500000 0.500000
v 0.37653145 0.70213550 -0.59270638 0.500002 0.500002 0.500002
v 0.75240356 0.61100733 -0.23172632 0.500005 0.500005 0.500005
v 0.84223694 0.37448803 -0.37751040 0.500008 0.500004 0.500005
v 0.70328301 0.59262735 -0.37714761 0.500003 0.500003 0.500003
v 0.84211648 0.50972253 -0.15650386 0.500006 0.500005 0.500005
v 0.75048333 0.47471842 -0.45177859 0.500005 0.500001 0.500001
v 0.88803989 0.39024499 -0.23024826 0.500011 0.500001 0.500003
v 0.75182891 0.61080533 0.23139189 0.500000 0.500000 0.500000
v 0.84370679 0.37525645 0.37772414 0.500009 0.500003 0.500004
v 0.70313442 0.59271389 0.37685239 0.500000 0.500000 0.500000
v 0.84208977 0.50970632 0.15645148 0.500003 0.500003 0.500003
v 0.74941623 0.47372136 0.45088071 0.500003 0.500003 0.500003
v 0.88763922 0.39011264 0.23020551 0.500009 0.500004 0.500005
v -0.14014652 -0.98683918 -0.00103429 0.500000 0.500000 0.500000
v 0.14765778 -0.97530127 -0.00320328 0.500000 0.500000 0.500000
v -0.09427323 -0.96226263 0.16815236 0.500000 0.500000 0.500000
v -0.07110533 -0.98792189 -0.13908142 0.500000 0.500000 0.500000
v 0.08017141 -0.98967129 0.12701346 0.500000 0.500000 0.500000
v 0.07542297 -0.98692894 -0.13762107 0.500000 0.500000 0.500000
v -2.17500925 -2.64391708 2.18362951 0.500044 0.500044 0.500044
v -0.44348451 -0.89607269 1.00181198 0.499645 0.499436 0.499473
v -2.03865862 -2.69100451 -1.41379666 0.500696 0.500390 0.500443
v 1.34602737 1.04206014 -1.33155978 0.499229 0.499228 0.499228
v -1.95227146 -2.64016914 2.31927633 0.502154 0.500786 0.501025
v 1.42826390 1.09290075 -1.19848275 0.505827 0.502744 0.503283
v -0.37633976 -0.83785838 -0.37304327 0.500000 0.500000 0.500000
v -0.23107663 -0.75008410 -0.60942137 0.500000 0.500000 0.500000
v -0.22815071 -0.87784660 -0.38560256 0.500000 0.500000 0.500000
v -0.45147166 -0.74947172 -0.47436994 0.500000 0.500000 0.500000
v -0.15540972 -0.83486849 -0.50574178 0.500000 0.500000 0.500000
v -0.37772095 -0.70437056 -0.59368992 0.500000 0.500000 0.500000
v -0.75254291 -0.61172283 -0.23167552 0.499993 0.499993 0.499993
v -0.84229755 -0.37438035 -0.37754110 0.500006 0.500006 0.500006
v -0.70357299 -0.59333640 -0.37729859 0.499993 0.499993 0.499993
v -0.84186465 -0.51015985 -0.15605408 0.499981 0.499981 0.499981
v -0.75042957 -0.47458172 -0.45172334 0.499982 0.499982 0.499982
v -0.88800699 -0.39051995 -0.23010099 0.500001 0.500001 0.500001
v -0.74591142 -0.60750842 0.22888556 0.499998 0.499998 0.499998
v -0.84254867 -0.37583202 0.37744454 0.500015 0.500015 0.500015
v -0.71194279 -0.58849347 0.38102233 0.499995 0.499995 0.499995
v -0.84371120 -0.50920129 0.15478045 0.499992 0.499992 0.499992
v -0.75331950 -0.45858282 0.44493166 0.499982 0.499982 0.499982
v -0.88804126 -0.39023566 0.22975889 0.500004 0.500004 0.500004
v 2.17500925 0.95608270 2.18362951 0.500046 0.500007 0.500014
v 2.03706837 -2.55863905 2.40684867 0.504614 0.501022 0.501651
v -1.56134117 0.90899539 -1.41379666 0.522483 0.520207 0.520605
v -1.64357781 -2.64016914 2.31927633 0.507827 0.507691 0.507715
v 2.25397253 -2.55793977 2.26844001 0.501938 0.501885 0.501895
v 2.17173600 1.09290075 -1.19848275 0.507945 0.502663 0.503588
v 0.37462723 -0.83624429 -0.37214139 0.500000 0.500000 0.500000
v 0.23096390 -0.74952710 -0.60912639 0.500000 0.500000 0.500000
v 0.22743993 -0.87828410 -0.38541299 0.500000 0.500000 0.500000
v 0.15531179 -0.83474261 -0.50573039 0.500000 0.500000 0.500000
v 0.44945675 -0.74682605 -0.47273433 0.500000 0.500000 0.500000
v 0.37662083 -0.70228165 -0.59225291 0.500000 0.500000 0.500000
v 0.75102741 -0.61071122 -0.23075333 0.499993 0.499993 0.499993
v 0.84038866 -0.37341195 -0.37668285 0.500009 0.499995 0.499998
v 0.70057803 -0.59070271 -0.37547338 0.499993 0.499993 0.499993
v 0.84176397 -0.50968224 -0.15599002 0.499984 0.499984 0.499984
v 0.74828261 -0.47318166 -0.45055908 0.499982 0.499981 0.499981
v 0.88724077 -0.38995817 -0.22990394 0.500002 0.499995 0.499997
v 0.74413651 -0.60733914 0.22788620 0.499996 0.499996 0.499996
v 0.83655393 -0.36990020 0.37326720 0.500012 0.499998 0.500001
v 0.72055286 -0.61297011 0.38959011 0.499995 0.499995 0.499995
v 0.83942336 -0.50630838 0.15396631 0.499989 0.499989 0.499989
v 0.74807513 -0.47436747 0.44994357 0.499984 0.499984 0.499984
v 0.88847661 -0.38835108 0.22895148 0.500005 0.499994 0.499996
v -0.00163947 -0.14730848 0.98438227 0.500044 0.500044 0.500044
v 0.00038362 0.14574151 0.98424417 0.500006 0.500006 0.500006
v 0.13474301 -0.07445584 0.98409510 0.500060 0.500060 0.500060
v -0.13712667 -0.07389409 0.98387897 0.500045 0.500045 0.500045
v 0.13719900 0.07299370 0.98414874 0.500028 0.500028 0.500028
v -0.13635658 0.07394606 0.98422021 0.500028 0.500028 0.500028
v 0.36927122 -0.38209659 0.83393657 0.500019 0.500005 0.500007
v 0.61150759 -0.22882241 0.74958223 0.500033 0.500012 0.500016
v 0.46902567 -0.46456641 0.77072507 0.499992 0.499983 0.499985
v 0.58322388 -0.36810803 0.69407040 0.500024 0.499996 0.500001
v 0.38412365 -0.22588484 0.87922931 0.500051 0.500040 0.500042
v 0.51010239 -0.15418132 0.84117568 0.500043 0.500020 0.500024
v -0.38241750 -0.37396619 0.82631415 0.500011 0.500011 0.500011
v -0.60908854 -0.23012689 0.74601543 0.500028 0.500028 0.500028
v -0.46480948 -0.41585371 0.85573274 0.499985 0.499985 0.499985
v -0.58566213 -0.37333876 0.70948553 0.500010 0.500010 0.500010
v -0.38377538 -0.23106246 0.88289982 0.500025 0.500025 0.500025
v -0.50823218 -0.15880267 0.84063625 0.500024 0.500024 0.500024
v 0.37466469 0.37732622 0.84210086 0.500025 0.500010 0.500013
v 0.60980076 0.23116140 0.75112635 0.500021 0.500021 0.500021
v 0.47366330 0.45084134 0.74897981 0.500015 0.500015 0.500015
v 0.59270209 0.37705749 0.70307499 0.500020 0.500020 0.500020
v 0.38950500 0.23000112 0.88614136 0.500025 0.500020 0.500021
v 0.50898314 0.15612704 0.84138477 0.500029 0.500029 0.500029
v -0.37456754 0.37737647 0.84218949 0.500019 0.500017 0.500017
v -0.60993266 0.23121300 0.75090641 0.500011 0.500011 0.500011
v -0.47365019 0.45080599 0.74907649 0.500006 0.500006 0.500006
v -0.59269750 0.37704206 0.70301241 0.500010 0.500010 0.500010
v -0.38942847 0.23005578 0.88615769 0.500016 0.500013 0.500014
v -0.50881714 0.15643467 0.84138340 0.500004 0.500004 0.500004
v 0.00008980 -0.14564519 -0.98570496 0.500337 0.500336 0.500336
v 0.00005044 0.14594263 -0.98683852 0.500742 0.500742 0.500742
v 0.13657518 -0.07363693 -0.98162580 0.499703 0.499702 0.499702
v -0.13626795 -0.07360037 -0.98016268 0.500146 0.500145 0.500145
v 0.13659301 0.07380839 -0.98165953 0.500689 0.500687 0.500687
v -0.13643146 0.07384136 -0.98115349 0.500724 0.500724 0.500724
v 0.37442133 -0.37726793 -0.84186494 0.500048 0.500046 0.500046
v 0.61133218 -0.23188631 -0.75314379 0.500032 0.500022 0.500024
v 0.47352645 -0.45083147 -0.74880064 0.499967 0.499947 0.499951
v 0.59354562 -0.37778687 -0.70440775 0.500007 0.499991 0.499994
v 0.38929132 -0.22992675 -0.88606054 0.500116 0.500115 0.500115
v 0.50815660 -0.15605916 -0.83967161 0.500123 0.500091 0.500096
v -0.37491316 -0.37765175 -0.84283453 0.500009 0.500009 0.500009
v -0.61226618 -0.23221967 -0.75426286 0.500013 0.500013 0.500013
v -0.47444403 -0.45154932 -0.75002021 0.499985 0.499985 0.499985
v -0.59465241 -0.37840548 -0.70553762 0.500007 0.500007 0.500007
v -0.39017004 -0.23017883 -0.88751119 0.500022 0.500021 0.500021
v -0.50937498 -0.15635529 -0.84175205 0.500022 0.500022 0.500022
v 0.37528902 0.37790412 -0.84348166 0.500204 0.500165 0.500172
v 0.61230326 0.23230898 -0.75426370 0.500026 0.500017 0.500019
v 0.47460061 0.45178410 -0.75039053 0.500047 0.500013 0.500019
v 0.59478277 0.37851733 -0.70571643 0.500014 0.500009 0.500010
v 0.39039600 0.23042268 -0.88792598 0.500206 0.500086 0.500107
v 0.50925446 0.15652955 -0.84145534 0.500032 0.500009 0.500013
v -0.37500960 0.37770459 -0.84309340 0.500237 0.500237 0.500237
v -0.61230385 0.23230030 -0.75427753 0.500021 0.500021 0.500021
v -0.47459146 0.45173582 -0.75037158 0.500022 0.500022 0.500022
v -0.59478629 0.37849745 -0.70575446 0.500013 0.500013 0.500013
v -0.39023572 0.23031205 -0.88757432 0.500200 0.500200 0.500200
v -0.50957626 0.15651490 -0.84203911 0.500022 0.500022 0.500022
v 0.98719329 0.00005153 -0.14601921 0.499996 0.499992 0.499992
v 0.98801476 -0.00012675 0.14616233 0.500012 0.500008 0.500008
v 0.98433614 0.13692440 -0.07377400 0.500018 0.500005 0.500007
v 0.98588043 0.13716097 0.07390419 0.500020 0.500019 0.500019
v 0.98424977 -0.13703944 -0.07372880 0.500018 0.500002 0.500005
v 0.98587787 -0.13730422 0.07396926 0.500024 0.500003 0.500006
v -0.98718399 0.00006254 -0.14604050 0.500005 0.500005 0.500005
v -0.98792899 -0.00010428 0.14613965 0.500004 0.500004 0.500004
v -0.98435336 0.13689779 -0.07380812 0.500031 0.500031 0.500031
v -0.98590267 0.13717514 0.07381034 0.500030 0.500030 0.500030
v -0.98427892 -0.13699733 -0.07370829 0.500014 0.500014 0.500014
v -0.98585045 -0.13748258 0.07397975 0.500017 0.500017 0.500017
v -0.35832697 0.91142833 0.12591353 0.500000 0.500000 0.500000
v -0.35920990 0.91342783 -0.12633082 0.500000 0.500000 0.500000
v -0.21806493 0.95916712 0.13316520 0.500000 0.500000 0.500000
v -0.21880040 0.96030235 -0.13337049 0.500000 0.500000 0.500000
v -0.56655520 0.78850478 0.20645984 0.500000 0.500000 0.500000
v -0.29433370 0.90023518 0.25555357 0.500000 0.500000 0.500000
v -0.51264864 0.77262485 0.34157908 0.500000 0.500000 0.500000
v -0.56674045 0.78910369 -0.20635779 0.500000 0.500000 0.500000
v -0.29600114 0.90593791 -0.25791356 0.500000 0.500000 0.500000
v -0.51307666 0.77385795 -0.34191516 0.500000 0.500000 0.500000
v -0.69547486 0.71225888 0.00005420 0.500000 0.500000 0.500000
v -0.63984597 0.69764251 -0.29434973 0.500000 0.500000 0.500000
v -0.77531868 0.61654967 -0.07808667 0.500000 0.500000 0.500000
v -0.64031333 0.69807678 0.29476675 0.500000 0.500000 0.500000
v -0.77525103 0.61662966 0.07803319 0.500000 0.500000 0.500000
v 0.35769382 0.90878356 0.12544967 0.500000 0.500000 0.500000
v 0.35812041 0.91063303 -0.12573852 0.500000 0.500000 0.500000
v 0.21736561 0.95574492 0.13208783 0.500000 0.500000 0.500000
v 0.21838610 0.95964879 -0.13337556 0.500000 0.500000 0.500000
v 0.56654948 0.78868324 0.20657161 0.500000 0.500000 0.500000
v 0.29404998 0.89824450 0.25518948 0.500000 0.500000 0.500000
v 0.51297623 0.77374512 0.34239057 0.500000 0.500000 0.500000
v 0.56611723 0.78772926 -0.20600255 0.500000 0.500000 0.500000
v 0.29503566 0.90413290 -0.25716001 0.500000 0.500000 0.500000
v 0.51168686 0.77111852 -0.34051943 0.500000 0.500000 0.500000
v 0.69546717 0.71235889 -0.00005753 0.500000 0.500000 0.500000
v 0.63952279 0.69696993 -0.29419953 0.500000 0.500000 0.500000
v 0.77527690 0.61664319 -0.07815304 0.500000 0.500000 0.500000
v 0.63949388 0.69761384 0.29431051 0.500000 0.500000 0.500000
v 0.77527940 0.61670285 0.07799724 0.500000 0.500000 0.500000
v -0.36451566 -0.90872473 0.12262949 0.500000 0.500000 0.500000
v -0.35638365 -0.91395694 -0.12756243 0.500000 0.500000 0.500000
v -0.22451979 -0.95583761 0.15688747 0.500000 0.500000 0.500000
v -0.21529409 -0.95976675 -0.13547346 0.500000 0.500000 0.500000
v -0.56137002 -0.77923220 0.20347743 0.500000 0.500000 0.500000
v -0.34740582 -0.94867277 0.22554630 0.500000 0.500000 0.500000
v -0.50667036 -0.74606240 0.34964094 0.500000 0.500000 0.500000
v -0.56815439 -0.79092330 -0.20611918 0.500000 0.500000 0.500000
v -0.29534653 -0.90543199 -0.25859636 0.500000 0.500000 0.500000
v -0.51442820 -0.77554893 -0.34263644 0.500000 0.500000 0.500000
v -0.69717252 -0.71173739 -0.00126046 0.500000 0.500000 0.500000
v -0.64074540 -0.69891965 -0.29466712 0.500000 0.500000 0.500000
v -0.77615595 -0.61612904 -0.07834578 0.499997 0.499997 0.499997
v -0.63103318 -0.71085703 0.29874709 0.500000 0.500000 0.500000
v -0.77773833 -0.61548501 0.07546123 0.500000 0.500000 0.500000
v 0.33599260 -0.92631632 0.11937849 0.500000 0.500000 0.500000
v 0.36220640 -0.91003489 -0.12550725 0.500000 0.500000 0.500000
v 0.21559156 -0.98659039 0.12412886 0.500000 0.500000 0.500000
v 0.22098063 -0.95437187 -0.13282835 0.500000 0.500000 0.500000
v 0.56540930 -0.78072613 0.19676062 0.500000 0.500000 0.500000
v -1.49876535 -2.71624899 -1.53590667 0.503763 0.503005 0.503138
v 0.51507771 -0.82248527 0.29697025 0.500000 0.500000 0.500000
v 0.56689596 -0.78894752 -0.20657831 0.500000 0.500000 0.500000
v 0.29651088 -0.90445441 -0.25715840 0.500000 0.500000 0.500000
v 0.51197445 -0.77333158 -0.34164217 0.500000 0.500000 0.500000
v 0.69716388 -0.71175104 0.00014035 0.500000 0.500000 0.500000
v 0.63820213 -0.69696528 -0.29349077 0.500000 0.500000 0.500000
v 0.77592582 -0.61657476 -0.07805355 0.499995 0.499995 0.499995
v 0.64794582 -0.70616621 0.29379922 0.500000 0.500000 0.500000
v 0.77421886 -0.61402267 0.07632524 0.500000 0.500000 0.500000
v 1.79999995 1.09711826 2.51130676 0.502930 0.502924 0.502925
v 1.58697748 -2.37122250 2.59267020 0.505243 0.501953 0.502528
v 1.71886408 1.01981246 2.42026162 0.508737 0.507629 0.507823
v 1.50400150 1.15260601 -1.09767103 0.509943 0.503613 0.504721
v 2.01302242 1.22877741 2.59267020 0.517739 0.507693 0.509452
v 1.88113582 -2.58018732 -1.17973828 0.500536 0.500491 0.500499
v -1.50400150 1.15260601 -1.09767103 0.508425 0.508402 0.508406
v 0.13040721 -0.35178602 0.90858519 0.500046 0.500046 0.500046
v -0.12277938 -0.35423109 0.91130573 0.500019 0.500019 0.500019
v 0.13168438 -0.21888719 0.96106231 0.500055 0.500055 0.500055
v -0.13145582 -0.22274169 0.95851374 0.500032 0.500032 0.500032
v 0.28047204 -0.66221976 0.82618129 0.499954 0.499953 0.499953
v 0.26091960 -0.29124358 0.90022624 0.500023 0.500023 0.500023
v -0.42523295 -0.42315143 0.73316926 0.500007 0.500007 0.500007
v -0.25976139 -0.29258630 0.90905875 0.500018 0.500018 0.500018
v 0.00020169 0.69274575 0.70930868 0.500000 0.500000 0.500000
v -0.20617044 0.56621361 0.78924298 0.500000 0.500000 0.500000
v -0.07705548 0.76698792 0.61083800 0.500000 0.500000 0.500000
v -0.29337698 0.63758540 0.69584239 0.500000 0.500000 0.500000
v 0.20634058 0.56689268 0.78989923 0.500000 0.500000 0.500000
v 0.07804198 0.76989430 0.61258179 0.500000 0.500000 0.500000
v 0.29428431 0.63989025 0.69765371 0.500000 0.500000 0.500000
v 0.12813655 0.36148807 0.91999656 0.500025 0.500025 0.500025
v -0.12822591 0.36155105 0.91996711 0.500025 0.500025 0.500025
v 0.13450418 0.22010110 0.96030372 0.500029 0.500029 0.500029
v -0.13436370 0.21987911 0.96035033 0.500029 0.500029 0.500029
v 0.34261537 0.51427114 0.77606755 0.500000 0.500000 0.500000
v 0.25980181 0.29777998 0.91037595 0.500027 0.500026 0.500026
v -0.34257779 0.51388079 0.77577466 0.500000 0.500000 0.500000
v -0.25987032 0.29765177 0.91037244 0.500026 0.500026 0.500026
v -0.00000284 -0.69424921 -0.71105379 0.500000 0.500000 0.500000
v -0.20647307 -0.56747162 -0.79067022 0.499986 0.499986 0.499986
v -0.07770433 -0.77166837 -0.61406302 0.500000 0.500000 0.500000
v -0.29423496 -0.63977462 -0.69792885 0.499999 0.499999 0.499999
v 0.20660511 -0.56752414 -0.79060626 0.499988 0.499988 0.499988
v 0.07782967 -0.77169424 -0.61410034 0.500000 0.500000 0.500000
v 0.29414696 -0.63955885 -0.69761401 0.499999 0.499999 0.499999
v 0.12734105 -0.36092371 -0.91726375 0.500213 0.500211 0.500211
v -0.12738621 -0.36095706 -0.91768026 0.500026 0.500026 0.500026
v 0.13375145 -0.21979460 -0.95738930 0.500410 0.500410 0.500410
v -0.13368441 -0.21976849 -0.95717418 0.500135 0.500135 0.500135
v 0.34280810 -0.51433992 -0.77632767 0.499980 0.499980 0.499980
v 0.26054469 -0.29807764 -0.91114253 0.500199 0.500052 0.500077
v -0.34313980 -0.51473469 -0.77696669 0.499985 0.499985 0.499985
v -0.26054820 -0.29808921 -0.91114420 0.500023 0.500023 0.500023
v 0.00000638 0.69638962 -0.71308130 0.500002 0.500002 0.500002
v -0.20677099 0.56856912 -0.79167914 0.500008 0.500008 0.500008
v -0.07799992 0.77467877 -0.61644435 0.500000 0.500000 0.500000
v -0.29511639 0.64146721 -0.69950527 0.500003 0.500003 0.500003
v 0.20676802 0.56859905 -0.79170448 0.500008 0.500008 0.500008
v 0.07806350 0.77476001 -0.61651021 0.500000 0.500000 0.500000
v 0.29505545 0.64135486 -0.69952351 0.500003 0.500003 0.500003
v 0.12789352 0.36150357 -0.91994387 0.500566 0.500564 0.500565
v -0.12781528 0.36149067 -0.91984659 0.500551 0.500551 0.500551
v 0.13402587 0.22011009 -0.95876276 0.500626 0.500626 0.500626
v -0.13400914 0.22012942 -0.95900041 0.500687 0.500687 0.500687
v 0.34315243 0.51516896 -0.77732289 0.500030 0.500016 0.500019
v 0.26096573 0.29839271 -0.91233623 0.500375 0.500368 0.500369
v -0.34296790 0.51500648 -0.77704310 0.500028 0.500028 0.500028
v -0.26094025 0.29837632 -0.91237992 0.500377 0.500377 0.500377
v 0.79311675 0.20725830 -0.56917131 0.500016 0.500007 0.500009
v 0.91959584 0.12758063 -0.36176825 0.500006 0.500001 0.500002
v 0.77846241 0.34397730 -0.51583964 0.500005 0.500004 0.500004
v 0.91196668 0.26024374 -0.29820040 0.500007 0.500006 0.500006
v 0.79226524 -0.20702603 -0.56835347 0.500038 0.500012 0.500016
v 0.91941500 -0.12753031 -0.36167011 0.500028 0.500000 0.500005
v 0.77727795 -0.34342283 -0.51499933 0.500053 0.499991 0.500002
v 0.91163689 -0.26014394 -0.29796535 0.500019 0.500002 0.500005
v 0.71391714 0.00011660 -0.69705534 0.500012 0.500000 0.500002
v 0.69836754 -0.29429817 -0.64002699 0.500036 0.500022 0.500025
v 0.61719263 -0.07806736 -0.77675998 0.499846 0.499840 0.499841
v 0.69994074 0.29517800 -0.64161980 0.500011 0.500010 0.500010
v 0.61750746 0.07827568 -0.77706081 0.499992 0.499985 0.499987
v 0.96125573 0.13429840 -0.22026725 0.500013 0.500012 0.500012
v 0.96132094 -0.13430044 -0.22019789 0.500028 0.500003 0.500007
v 0.79110080 0.20636775 0.56815594 0.500011 0.500011 0.500011
v 0.92128116 0.12796995 0.36162060 0.500018 0.500009 0.500011
v 0.77650976 0.34250131 0.51446122 0.500010 0.500010 0.500010
v 0.91253304 0.26067176 0.29826108 0.500011 0.500010 0.500011
v 0.79212362 -0.20667344 0.56824416 0.500028 0.500009 0.500012
v 0.92112905 -0.12800093 0.36177304 0.500023 0.500003 0.500006
v 0.77308249 -0.33935335 0.51043731 0.500022 0.500002 0.500005
v 0.91303039 -0.26004979 0.29808205 0.500026 0.500004 0.500008
v 0.71254051 -0.00016483 0.69663787 0.500025 0.500023 0.500023
v 0.70076662 -0.29384115 0.63918138 0.500022 0.500003 0.500006
v 0.61673510 -0.07753749 0.77325475 0.500031 0.500013 0.500016
v 0.69937879 0.29518527 0.64159650 0.500022 0.500011 0.500013
v 0.61560214 0.07760346 0.77375865 0.500015 0.500015 0.500015
v 0.96032232 0.13404173 0.22021218 0.500005 0.500004 0.500004
v 0.96025217 -0.13404280 0.22030708 0.500031 0.500004 0.500009
v -0.79310369 0.20729256 -0.56914055 0.500010 0.500010 0.500010
v -0.91958457 0.12759458 -0.36171719 0.500010 0.500010 0.500010
v -0.77845180 0.34395176 -0.51585811 0.500004 0.500004 0.500004
v -0.91197318 0.26026031 -0.29816675 0.500010 0.500010 0.500010
v -0.79312426 -0.20731017 -0.56922108 0.500019 0.500019 0.500019
v -0.91955638 -0.12754887 -0.36172828 0.500012 0.500012 0.500012
v -0.77845675 -0.34390455 -0.51588225 0.500008 0.500008 0.500008
v -0.91200751 -0.26021159 -0.29818818 0.500016 0.500016 0.500016
v -0.71408820 0.00003892 -0.69710451 0.500027 0.500027 0.500027
v -0.69993061 -0.29515630 -0.64166212 0.500018 0.500018 0.500018
v -0.61763364 -0.07816215 -0.77718830 0.500013 0.500013 0.500013
v -0.69993669 0.29516882 -0.64161944 0.500009 0.500009 0.500009
v -0.61763674 0.07823032 -0.77715653 0.500026 0.500026 0.500026
v -0.96125460 0.13429680 -0.22023140 0.500013 0.500013 0.500013
v -0.96129680 -0.13422208 -0.22023162 0.500012 0.500012 0.500012
v -0.79294211 0.20721915 0.56925327 0.500011 0.500011 0.500011
v -0.92166328 0.12807879 0.36205921 0.500018 0.500018 0.500018
v -0.77813047 0.34346461 0.51561856 0.500010 0.500010 0.500010
v -0.91239047 0.26051861 0.29839224 0.500011 0.500011 0.500011
v -0.79291755 -0.20808809 0.56788421 0.500057 0.500057 0.500057
v -0.92143816 -0.12792072 0.36190200 0.500069 0.500069 0.500069
v -0.77707988 -0.34475228 0.51297289 0.500038 0.500038 0.500038
v -0.91246355 -0.26051560 0.29847583 0.500039 0.500039 0.500039
v -0.71315509 0.00007300 0.69725186 0.500006 0.500006 0.500006
v -0.69954997 -0.29218656 0.63891196 0.500025 0.500025 0.500025
v -0.61623091 -0.07959024 0.77354401 0.500015 0.500015 0.500015
v -0.70009720 0.29551619 0.64195377 0.500014 0.500011 0.500011
v -0.61565053 0.07785361 0.77380019 0.500008 0.500008 0.500008
v -0.96033150 0.13402702 0.22029254 0.500011 0.500011 0.500011
v -0.96023029 -0.13396148 0.22019795 0.500047 0.500047 0.500047
v -0.00040819 0.94664353 0.26453876 0.500000 0.500000 0.500000
v -0.07579356 0.88886768 0.38531280 0.500000 0.500000 0.500000
v 0.00006396 0.95517594 -0.26821309 0.500000 0.500000 0.500000
v -0.07660256 0.90135634 -0.39158908 0.500000 0.500000 0.500000
v 0.07550033 0.88707381 0.38481209 0.500000 0.500000 0.500000
v 0.07663924 0.90157562 -0.39177307 0.500000 0.500000 0.500000
v -0.51104879 0.63511252 0.55842876 0.500000 0.500000 0.500000
v -0.63781583 0.56035167 0.51253486 0.500000 0.500000 0.500000
v -0.55948704 0.51165217 0.63633275 0.500003 0.500003 0.500003
v -0.51279634 0.63755798 -0.56085157 0.500002 0.500002 0.500002
v -0.63802481 0.56066871 -0.51317090 0.500004 0.500004 0.500004
v -0.56149089 0.51357120 -0.63883233 0.500009 0.500009 0.500009
v -0.90776086 0.39446169 -0.07728039 0.500013 0.500013 0.500013
v -0.90899456 0.39495537 0.07734370 0.500010 0.500010 0.500010
v -0.95643342 0.26960960 0.00001725 0.500021 0.500021 0.500021
v 0.51131159 0.63616085 0.55917513 0.500000 0.500000 0.500000
v 0.63699162 0.55983680 0.51210582 0.500000 0.500000 0.500000
v 0.55949324 0.51186228 0.63654137 0.500007 0.500007 0.500007
v 0.51236230 0.63672644 -0.56052607 0.500002 0.500002 0.500002
v 0.63790351 0.56043679 -0.51311576 0.500005 0.500003 0.500003
v 0.56148684 0.51355767 -0.63890105 0.500010 0.500003 0.500004
v 0.90774363 0.39445713 -0.07724380 0.500024 0.500015 0.500016
v 0.90897155 0.39496320 0.07739243 0.500013 0.500004 0.500005
v 0.95638871 0.26961201 0.00007096 0.500025 0.500022 0.500023
v -0.01099206 -1.03094101 0.28297222 0.500000 0.500000 0.500000
v -1.88231730 -2.71297693 -1.40037870 0.502076 0.502022 0.502032
v -0.00034644 -0.95434970 -0.26785427 0.500000 0.500000 0.500000
v -0.07663331 -0.89838904 -0.38982803 0.500000 0.500000 0.500000
v -1.71768260 -2.71297693 -1.40037870 0.501198 0.501171 0.501176
v 0.07594736 -0.89911348 -0.38986161 0.500000 0.500000 0.500000
v -2.31336927 1.15342236 -1.23573995 0.509017 0.509008 0.509009
v -2.44657755 1.23573995 -1.28663063 0.500998 0.500998 0.500998
v 1.23573995 -2.31336927 -1.15342236 0.500350 0.500309 0.500316
v -0.51318616 -0.63843811 -0.56123424 0.499996 0.499996 0.499996
v -0.63812411 -0.56091785 -0.51321113 0.499989 0.499989 0.499989
v -0.56150502 -0.51377112 -0.63880342 0.499982 0.499982 0.499982
v -0.90765512 -0.39467233 -0.07695578 0.499992 0.499992 0.499992
v -0.90920240 -0.39435282 0.07710174 0.500000 0.500000 0.500000
v -0.95627010 -0.26977628 0.00020946 0.500015 0.500015 0.500015
v -1.28663063 1.15342236 2.36425996 0.500732 0.500630 0.500648
v 0.68917626 -0.59949946 0.55228037 0.499995 0.499995 0.499995
v 0.53297949 -0.47319546 0.61964798 0.499969 0.499968 0.499968
v 0.51135600 -0.63601059 -0.55942118 0.499996 0.499996 0.499996
v 0.63584220 -0.55878425 -0.51156342 0.499989 0.499989 0.499989
v 0.55999309 -0.51234436 -0.63732874 0.499980 0.499980 0.499980
v 0.90778017 -0.39457601 -0.07704537 0.500001 0.499988 0.499990
v 0.90930057 -0.39424402 0.07734154 0.499998 0.499994 0.499995
v 0.95629257 -0.26968378 0.00019512 0.500017 0.500002 0.500005
v 0.26786757 -0.00063334 0.95392776 0.500047 0.500047 0.500047
v 0.39346761 -0.07652263 0.90693158 0.500080 0.500065 0.500068
v -0.26879030 0.00009273 0.95359445 0.500036 0.500036 0.500036
v -0.39332673 -0.07809616 0.90672749 0.500026 0.500026 0.500026
v 0.39430386 0.07675849 0.90652257 0.500042 0.500037 0.500038
v -0.39436138 0.07730526 0.90648538 0.500015 0.500015 0.500015
v 0.26959309 0.00005260 -0.95515364 0.500075 0.500067 0.500068
v 0.39392173 -0.07715715 -0.90680861 0.499879 0.499878 0.499878
v -0.26959217 0.00007292 -0.95442480 0.500212 0.500212 0.500212
v -0.39503881 -0.07732470 -0.90870482 0.500010 0.500010 0.500010
v 0.39433199 0.07738262 -0.90739208 0.500101 0.500020 0.500034
v -0.39493772 0.07736978 -0.90839362 0.500052 0.500052 0.500052
v -0.47397694 0.86109805 -0.00007699 0.500000 0.500000 0.500000
v -0.50355327 0.84282446 0.04770906 0.500000 0.500000 0.500000
v -0.50408357 0.84381467 -0.04792098 0.500000 0.500000 0.500000
v -0.55241007 0.81506699 -0.02967582 0.500000 0.500000 0.500000
v -0.55224764 0.81485015 0.02964714 0.500000 0.500000 0.500000
v 0.47333473 0.85897022 0.00002833 0.500000 0.500000 0.500000
v 0.50339156 0.84178060 0.04780323 0.500000 0.500000 0.500000
v 0.50327843 0.84148425 -0.04760418 0.500000 0.500000 0.500000
v 0.55239469 0.81445080 -0.02952416 0.500000 0.500000 0.500000
v 0.55261761 0.81474686 0.02966034 0.500000 0.500000 0.500000
v -0.47174743 -0.86262441 -0.00214473 0.500000 0.500000 0.500000
v -0.50220710 -0.84535825 0.04510994 0.500000 0.500000 0.500000
v -0.50318062 -0.84618741 -0.04888463 0.500000 0.500000 0.500000
v -0.55309367 -0.81852514 -0.03045995 0.500000 0.500000 0.500000
v -0.55288041 -0.81886119 0.02775505 0.500000 0.500000 0.500000
v 0.47479519 -0.85822231 0.00046149 0.500000 0.500000 0.500000
v 0.50528765 -0.84028399 0.04805477 0.500000 0.500000 0.500000
v 0.50712520 -0.84387493 -0.04651177 0.500000 0.500000 0.500000
v 0.55621380 -0.81608754 -0.02794440 0.500000 0.500000 0.500000
v 0.55704403 -0.81471694 0.03166794 0.500000 0.500000 0.500000
v -0.27838939 -0.44149721 0.70558441 0.499982 0.499982 0.499982
v 1.84063733 1.22798371 -0.98076493 0.500478 0.500373 0.500392
v -1.79999995 1.33438289 -0.91501367 0.500170 0.500170 0.500170
v -1.73423958 -2.30625582 2.65987253 0.499908 0.499903 0.499904
v -1.86576033 1.29374409 -0.94012749 0.500122 0.500122 0.500122
v -0.02973554 0.55252260 0.81678796 0.500000 0.500000 0.500000
v 0.02965454 0.55253029 0.81683475 0.500000 0.500000 0.500000
v -0.00009583 0.47546291 0.86550528 0.500000 0.500000 0.500000
v 0.04812525 0.50514388 0.84745616 0.500002 0.500002 0.500002
v -0.04823230 0.50514722 0.84735775 0.500002 0.500002 0.500002
v -0.02967167 -0.55310255 -0.81743520 0.499992 0.499992 0.499992
v 0.02970360 -0.55308878 -0.81739980 0.499992 0.499992 0.499992
v -0.00001312 -0.47571588 -0.86612904 0.499987 0.499987 0.499987
v 0.04801813 -0.50519568 -0.84733784 0.499982 0.499982 0.499982
v -0.04799967 -0.50515366 -0.84739357 0.499982 0.499982 0.499982
v -0.02969818 0.55427569 -0.81874460 0.500018 0.500018 0.500018
v 0.02968273 0.55430460 -0.81875551 0.500018 0.500018 0.500018
v 0.00001128 0.47615454 -0.86718023 0.500400 0.500400 0.500400
v 0.04798871 0.50592035 -0.84844297 0.500257 0.500256 0.500256
v -0.04798006 0.50593418 -0.84847796 0.500257 0.500257 0.500257
v 0.84987313 0.04829361 -0.50703937 0.500014 0.500012 0.500013
v 0.84967589 -0.04821272 -0.50689262 0.500024 0.499998 0.500002
v 0.82036114 -0.02979052 -0.55523968 0.500004 0.499990 0.499992
v 0.82049477 0.02992011 -0.55539531 0.499994 0.499994 0.499994
v 0.86779767 0.00001730 -0.47703272 0.499998 0.499986 0.499988
v 0.84845972 0.04793638 0.50582379 0.499999 0.499998 0.499998
v 0.84834933 -0.04808048 0.50588530 0.500029 0.500011 0.500014
v 0.81806576 -0.02975110 0.55398911 0.500029 0.500013 0.500016
v 0.81822312 0.02960885 0.55406195 0.500021 0.500019 0.500019
v 0.86735511 -0.00005907 0.47621226 0.500017 0.500015 0.500015
v -0.84987712 0.04827140 -0.50707090 0.500014 0.500014 0.500014
v -0.84973091 -0.04817857 -0.50701332 0.500013 0.500013 0.500013
v -0.82047200 -0.02978167 -0.55541635 0.500006 0.500006 0.500006
v -0.82042325 0.02988983 -0.55540454 0.500011 0.500011 0.500011
v -0.86786950 0.00005490 -0.47718927 0.500012 0.500012 0.500012
v -0.85007328 0.04819840 0.50692970 0.500007 0.500007 0.500007
v -0.84976625 -0.04821747 0.50697303 0.500017 0.500017 0.500017
v -0.81965840 -0.02984588 0.55525064 0.500012 0.500012 0.500012
v -0.81991148 0.02978097 0.55526072 0.499994 0.499994 0.499994
v -0.86875188 -0.00000243 0.47720647 0.500015 0.500015 0.500015
v -0.07269204 0.99914461 0.00030125 0.500000 0.500000 0.500000
v 0.07243261 0.99927789 0.00011944 0.500000 0.500000 0.500000
v -0.03654195 0.99844140 0.06885660 0.500000 0.500000 0.500000
v -0.03645866 0.99825573 -0.06848486 0.500000 0.500000 0.500000
v 0.03603278 0.99856508 0.06873205 0.500000 0.500000 0.500000
v 0.03642759 0.99828720 -0.06853541 0.500000 0.500000 0.500000
v -0.33966073 0.81536829 0.43216914 0.500000 0.500000 0.500000
v -0.26765785 0.77219349 0.55051339 0.500000 0.500000 0.500000
v -0.26553151 0.83429110 0.43810743 0.500000 0.500000 0.500000
v -0.37742072 0.77236217 0.48379636 0.500000 0.500000 0.500000
v -0.22958925 0.81294912 0.49765694 0.500000 0.500000 0.500000
v -0.34100893 0.75006598 0.54275632 0.500000 0.500000 0.500000
v -0.34208372 0.82251364 -0.43613312 0.500000 0.500000 0.500000
v -0.27026430 0.78024399 -0.55592269 0.500000 0.500000 0.500000
v -0.26829284 0.84487581 -0.44397923 0.500000 0.500000 0.500000
v -0.37986726 0.77813309 -0.48747623 0.500000 0.500000 0.500000
v -0.23230182 0.82391274 -0.50416201 0.500000 0.500000 0.500000
v -0.34376779 0.75662011 -0.54733431 0.500000 0.500000 0.500000
v -0.78134435 0.55597746 -0.27047151 0.500005 0.500005 0.500005
v -0.82631731 0.43746108 -0.34354073 0.500005 0.500005 0.500005
v -0.75742304 0.54719359 -0.34404653 0.500003 0.500003 0.500003
v -0.82701623 0.50520390 -0.23302285 0.500006 0.500006 0.500006
v -0.78041744 0.48813477 -0.38087809 0.500004 0.500004 0.500004
v -0.84946877 0.44571540 -0.26957852 0.500007 0.500007 0.500007
v -0.78195286 0.55657578 0.27075705 0.500002 0.500002 0.500002
v -0.82803822 0.43854454 0.34412077 0.500007 0.500007 0.500007
v -0.75840437 0.54798764 0.34444973 0.500003 0.500003 0.500003
v -0.82749718 0.50567049 0.23320955 0.500000 0.500000 0.500000
v -0.78150451 0.48885900 0.38123733 0.500006 0.500006 0.500006
v -0.85035503 0.44632235 0.26992866 0.500005 0.500005 0.500005
v 0.34089282 0.81862062 0.43469906 0.500000 0.500000 0.500000
v 0.26949584 0.77740985 0.55409664 0.500000 0.500000 0.500000
v 0.26646110 0.83667153 0.44010377 0.500000 0.500000 0.500000
v 0.23093376 0.81703496 0.50054991 0.500000 0.500000 0.500000
v 0.37919292 0.77686709 0.48703772 0.500000 0.500000 0.500000
v 0.34301972 0.75510329 0.54633588 0.500000 0.500000 0.500000
v 0.34055939 0.81938726 -0.43438095 0.500000 0.500000 0.500000
v 0.26961517 0.77915227 -0.55535507 0.500000 0.500000 0.500000
v 0.26750296 0.84362292 -0.44335407 0.500000 0.500000 0.500000
v 0.23191276 0.82351005 -0.50401592 0.500000 0.500000 0.500000
v 0.37822598 0.77494848 -0.48562458 0.500000 0.500000 0.500000
v 0.34257194 0.75436229 -0.54603142 0.500000 0.500000 0.500000
v 0.78125262 0.55599833 -0.27044809 0.500014 0.500010 0.500011
v 0.82632059 0.43753597 -0.34350112 0.500005 0.500001 0.500001
v 0.75735289 0.54717809 -0.34400770 0.500009 0.500005 0.500006
v 0.82698965 0.50528181 -0.23300891 0.500018 0.500006 0.500008
v 0.78041774 0.48818690 -0.38085079 0.500005 0.500001 0.500002
v 0.84947443 0.44579339 -0.26955986 0.500013 0.500001 0.500004
v 0.78154039 0.55623585 0.27044427 0.500002 0.500002 0.500002
v 0.82770956 0.43828073 0.34383544 0.500007 0.500004 0.500004
v 0.75741011 0.54720819 0.34379995 0.500003 0.500003 0.500003
v 0.82760364 0.50569212 0.23315229 0.500000 0.500000 0.500000
v 0.78053635 0.48809016 0.38061443 0.500006 0.500006 0.500006
v 0.85054159 0.44640249 0.26989254 0.500005 0.500001 0.500002
v -0.07025214 -0.98854178 0.00006708 0.500000 0.500000 0.500000
v 0.07548259 -0.98355430 -0.00280332 0.500000 0.500000 0.500000
v -0.03989635 -0.98059356 0.07503935 0.500000 0.500000 0.500000
v -0.03315091 -0.99449474 -0.07142340 0.500000 0.500000 0.500000
v 0.03765999 -0.98393118 0.06692517 0.500000 0.500000 0.500000
v 0.03918465 -0.98899454 -0.07045408 0.500000 0.500000 0.500000
v -2.14282179 -2.62844801 2.24288487 0.500854 0.500855 0.500855
v 1.52631402 1.01429331 2.35476208 0.514513 0.508031 0.509166
v 1.52532721 0.94736242 -1.35551810 0.502155 0.500867 0.501092
v -0.34212554 -0.96113104 0.35608226 0.499918 0.499918 0.499918
v 1.56657279 -2.62714076 -1.28877616 0.509182 0.504328 0.505178
v -2.14141726 -2.56040049 -1.24752808 0.500836 0.500222 0.500330
v -0.34280646 -0.82260203 -0.43606085 0.500000 0.500000 0.500000
v -0.27008358 -0.77905506 -0.55468637 0.500000 0.500000 0.500000
v -0.26835078 -0.84311998 -0.44279718 0.500000 0.500000 0.500000
v -0.38081577 -0.77927929 -0.48784029 0.500000 0.500000 0.500000
v -0.23212409 -0.82188243 -0.50255013 0.500000 0.500000 0.500000
v -0.34415361 -0.75703442 -0.54713023 0.500000 0.500000 0.500000
v -0.78119582 -0.55653703 -0.27035114 0.499992 0.499992 0.499992
v -0.82624805 -0.43743414 -0.34342608 0.499992 0.499992 0.499992
v -0.75738430 -0.54751176 -0.34393859 0.499990 0.499990 0.499990
v -0.82672286 -0.50572294 -0.23271702 0.499988 0.499988 0.499988
v -0.78036511 -0.48814255 -0.38073185 0.499982 0.499982 0.499982
v -0.84933341 -0.44596756 -0.26937276 0.499992 0.499992 0.499992
v -0.77634799 -0.55173093 0.26788387 0.499995 0.499995 0.499995
v -0.82447827 -0.43620351 0.34242320 0.499976 0.499976 0.499976
v -0.75702995 -0.54040748 0.34208021 0.499992 0.499992 0.499992
v -0.82603866 -0.50453979 0.23161830 0.499991 0.499991 0.499991
v -0.78128040 -0.48222220 0.37897071 0.499976 0.499976 0.499976
v -0.84929562 -0.44608060 0.26904476 0.499982 0.499982 0.499982
v 2.14282179 0.97155184 2.24288487 0.510350 0.501987 0.503451
v -1.52631402 1.01429331 -1.24523783 0.506165 0.506055 0.506074
v 2.07467270 -2.65263748 -1.35551810 0.506336 0.501439 0.502296
v -1.56657279 -2.62714076 -1.28877616 0.505327 0.504065 0.504286
v -1.41733742 1.01410043 2.28572750 0.502728 0.502460 0.502507
v -1.42892146 -2.52526307 2.24725223 0.501203 0.500682 0.500773
v 0.34128371 -0.82089984 -0.43513227 0.500000 0.500000 0.500000
v 0.26951733 -0.77759778 -0.55396163 0.500000 0.500000 0.500000
v 0.26737687 -0.84233695 -0.44233337 0.500000 0.500000 0.500000
v 0.23159195 -0.82095474 -0.50211871 0.500000 0.500000 0.500000
v 0.37914205 -0.77672499 -0.48642445 0.500000 0.500000 0.500000
v 0.34299195 -0.75469047 -0.54576880 0.500000 0.500000 0.500000
v 0.77904499 -0.55478668 -0.26926416 0.499992 0.499992 0.499992
v 0.82387203 -0.43599620 -0.34244850 0.499991 0.499988 0.499988
v 0.75444055 -0.54517525 -0.34246862 0.499990 0.499990 0.499990
v 0.82541269 -0.50448018 -0.23224333 0.499989 0.499989 0.499989
v 0.77761793 -0.48624691 -0.37948725 0.499982 0.499982 0.499982
v 0.84768927 -0.44476283 -0.26883587 0.499991 0.499987 0.499988
v 0.77270871 -0.55295277 0.26722291 0.499995 0.499995 0.499995
v 0.81885016 -0.43305364 0.33896375 0.499981 0.499980 0.499981
v 0.75559556 -0.55062950 0.34433857 0.499993 0.499993 0.499993
v 0.81863075 -0.49985802 0.22938634 0.499991 0.499991 0.499991
v 0.77462757 -0.48719054 0.37839350 0.499980 0.499980 0.499980
v 0.84276909 -0.44090623 0.26586151 0.499986 0.499986 0.499986
v -0.00096781 -0.07381810 0.99224639 0.500050 0.500050 0.500050
v 0.00040108 0.07305163 0.99221933 0.500038 0.500038 0.500038
v 0.06781200 -0.03729359 0.99247879 0.500064 0.500064 0.500064
v -0.06898706 -0.03671698 0.99233842 0.500054 0.500054 0.500054
v 0.06876069 0.03619377 0.99244457 0.500045 0.500045 0.500045
v -0.06837599 0.03683905 0.99239749 0.500046 0.500046 0.500046
v 0.42777401 -0.34355059 0.81903028 0.500021 0.500007 0.500009
v 0.55117846 -0.26544604 0.77432501 0.500036 0.500015 0.500018
v 0.47769484 -0.38100997 0.77860832 0.500031 0.500009 0.500013
v 0.53752565 -0.33765927 0.74943960 0.500046 0.500020 0.500024
v 0.43832847 -0.26554218 0.84070814 0.500031 0.500016 0.500019
v 0.50173956 -0.22862510 0.82244939 0.500029 0.500012 0.500015
v -0.44556844 -0.32435814 0.81420571 0.500014 0.500014 0.500014
v -0.55160111 -0.26590768 0.77590078 0.500026 0.500026 0.500026
v -0.49185553 -0.36039162 0.79364496 0.500018 0.500018 0.500018
v -0.54175961 -0.33948410 0.76183522 0.500025 0.500025 0.500025
v -0.44180134 -0.26480028 0.84258878 0.500017 0.500017 0.500017
v -0.50161183 -0.23076499 0.82175094 0.500022 0.500022 0.500022
v 0.43796584 0.34376061 0.82682717 0.500041 0.500025 0.500028
v 0.55535030 0.27029604 0.78073019 0.500023 0.500023 0.500023
v 0.48788762 0.38058972 0.77994746 0.500026 0.500025 0.500026
v 0.54681838 0.34378606 0.75684023 0.500025 0.500025 0.500025
v 0.44594750 0.26979417 0.84972072 0.500035 0.500031 0.500031
v 0.50481075 0.23293748 0.82674706 0.500030 0.500030 0.500030
v -0.43787545 0.34377325 0.82686442 0.500025 0.500024 0.500024
v -0.55539006 0.27034411 0.78059119 0.500011 0.500011 0.500011
v -0.48782808 0.38060224 0.78005236 0.500011 0.500011 0.500011
v -0.54677677 0.34379777 0.75679326 0.500011 0.500011 0.500011
v -0.44590738 0.26983926 0.84968716 0.500017 0.500016 0.500016
v -0.50477755 0.23301129 0.82670593 0.500012 0.500012 0.500012
v 0.00012581 -0.07286102 -0.99436766 0.500274 0.500274 0.500274
v 0.00008229 0.07309207 -0.99493259 0.500726 0.500726 0.500726
v 0.06873984 -0.03651357 -0.99317902 0.499975 0.499975 0.499975
v -0.06849445 -0.03648289 -0.99240708 0.500399 0.500396 0.500397
v 0.06872210 0.03669716 -0.99318045 0.500670 0.500670 0.500670
v -0.06854410 0.03671476 -0.99289352 0.500670 0.500670 0.500670
v 0.43683022 -0.34313333 -0.82517552 0.500137 0.500070 0.500082
v 0.55600965 -0.27065223 -0.78150743 0.500124 0.500030 0.500047
v 0.48734868 -0.38035035 -0.77923906 0.500091 0.499989 0.500007
v 0.54732388 -0.34424371 -0.75768429 0.500007 0.499961 0.499969
v 0.44482288 -0.26926401 -0.84785175 0.500173 0.500144 0.500149
v 0.50419831 -0.23271962 -0.82539767 0.500193 0.500130 0.500141
v -0.43758991 -0.34356937 -0.82644242 0.500012 0.500012 0.500012
v -0.55668527 -0.27085704 -0.78239310 0.500016 0.500016 0.500016
v -0.48811409 -0.38083175 -0.78034258 0.500000 0.500000 0.500000
v -0.54792774 -0.34450588 -0.75841361 0.500007 0.500007 0.500007
v -0.44567344 -0.26957166 -0.84925127 0.500021 0.500021 0.500021
v -0.50514036 -0.23298778 -0.82682568 0.500021 0.500021 0.500021
v 0.43823081 0.34398547 -0.82742441 0.500111 0.500049 0.500059
v 0.55708146 0.27115938 -0.78292400 0.500021 0.500016 0.500017
v 0.48855466 0.38118523 -0.78099549 0.500090 0.500025 0.500037
v 0.54843146 0.34486338 -0.75906682 0.500020 0.500018 0.500018
v 0.44631049 0.27000019 -0.85029840 0.500051 0.500029 0.500033
v 0.50558072 0.23334785 -0.82750404 0.500023 0.500012 0.500014
v -0.43801582 0.34383464 -0.82712799 0.500100 0.500100 0.500100
v -0.55708492 0.27112743 -0.78297669 0.500020 0.500020 0.500020
v -0.48846656 0.38109803 -0.78090483 0.500028 0.500028 0.500028
v -0.54838091 0.34481680 -0.75904948 0.500020 0.500020 0.500020
v -0.44616559 0.26988107 -0.85007340 0.500050 0.500050 0.500050
v -0.50564396 0.23330261 -0.82762766 0.500021 0.500021 0.500021
v 0.99512762 -0.00002611 -0.07303546 0.500002 0.499998 0.499999
v 0.99627203 -0.00011550 0.07327960 0.500025 0.500019 0.500020
v 0.99479300 0.06884036 -0.03656750 0.500012 0.500007 0.500008
v 0.99561822 0.06885596 0.03681133 0.500025 0.500024 0.500024
v 0.99469787 -0.06895632 -0.03657872 0.500022 0.500002 0.500006
v 0.99553293 -0.06904696 0.03679020 0.500025 0.500004 0.500008
v -0.99512267 0.00005744 -0.07309429 0.500007 0.500007 0.500007
v -0.99620056 -0.00004563 0.07322753 0.500018 0.500018 0.500018
v -0.99479395 0.06887774 -0.03665389 0.500020 0.500020 0.500020
v -0.99559450 0.06892994 0.03670577 0.500023 0.500023 0.500023
v -0.99471307 -0.06886951 -0.03658927 0.500004 0.500004 0.500004
v -0.99554133 -0.06905568 0.03680129 0.500008 0.500008 0.500008
v -0.35501155 0.92504770 0.00002313 0.500000 0.500000 0.500000
v -0.21684092 0.97517270 0.00025083 0.500000 0.500000 0.500000
v -0.32214981 0.93560535 0.06451721 0.500000 0.500000 0.500000
v -0.32261261 0.93662071 -0.06455249 0.500000 0.500000 0.500000
v -0.25256097 0.96008652 0.06645536 0.500000 0.500000 0.500000
v -0.25299999 0.96076751 -0.06625445 0.500000 0.500000 0.500000
v -0.46341410 0.85681671 0.17490430 0.500000 0.500000 0.500000
v -0.40569466 0.84461373 0.30593312 0.500000 0.500000 0.500000
v -0.39663377 0.88502598 0.18500891 0.500000 0.500000 0.500000
v -0.50312662 0.82328326 0.22670811 0.500000 0.500000 0.500000
v -0.36614206 0.87884396 0.24993290 0.500000 0.500000 0.500000
v -0.47494927 0.81570250 0.29281449 0.500000 0.500000 0.500000
v -0.46432084 0.85874540 -0.17532772 0.500000 0.500000 0.500000
v -0.40730187 0.84875667 -0.30763355 0.500000 0.500000 0.500000
v -0.39784893 0.88783950 -0.18580440 0.500000 0.500000 0.500000
v -0.50392359 0.82500833 -0.22710569 0.500000 0.500000 0.500000
v -0.36768302 0.88314235 -0.25156942 0.500000 0.500000 0.500000
v -0.47594002 0.81801474 -0.29363099 0.500000 0.500000 0.500000
v -0.64241254 0.75391155 -0.10913801 0.500000 0.500000 0.500000
v -0.71918863 0.66256177 -0.19149232 0.500000 0.500000 0.500000
v -0.62703913 0.75163615 -0.18100837 0.500000 0.500000 0.500000
v -0.69289088 0.71241462 -0.07565748 0.500000 0.500000 0.500000
v -0.66417807 0.70570421 -0.22341260 0.500000 0.500000 0.500000
v -0.73162442 0.66538131 -0.11567024 0.500000 0.500000 0.500000
v -0.64241338 0.75387496 0.10930660 0.500000 0.500000 0.500000
v -0.71898127 0.66268909 0.19156803 0.500000 0.500000 0.500000
v -0.62718499 0.75166970 0.18127204 0.500000 0.500000 0.500000
v -0.69281572 0.71239525 0.07579273 0.500000 0.500000 0.500000
v -0.66424114 0.70588219 0.22361010 0.500000 0.500000 0.500000
v -0.73152715 0.66550314 0.11570977 0.500000 0.500000 0.500000
v 0.35415104 0.92194605 -0.00002058 0.500000 0.500000 0.500000
v 0.21634406 0.97445768 -0.00008815 0.500000 0.500000 0.500000
v 0.32140407 0.93255359 0.06403852 0.500000 0.500000 0.500000
v 0.32174104 0.93385506 -0.06436165 0.500000 0.500000 0.500000
v 0.25189057 0.95795864 0.06587815 0.500000 0.500000 0.500000
v 0.25241277 0.95942813 -0.06633100 0.500000 0.500000 0.500000
v 0.46325406 0.85611355 0.17488395 0.500000 0.500000 0.500000
v 0.40605190 0.84524590 0.30672562 0.500000 0.500000 0.500000
v 0.39629847 0.88356179 0.18479487 0.500000 0.500000 0.500000
v 0.50319630 0.82343757 0.22696541 0.500000 0.500000 0.500000
v 0.36598742 0.87783724 0.24993286 0.500000 0.500000 0.500000
v 0.47531408 0.81659275 0.29358378 0.500000 0.500000 0.500000
v 0.46292096 0.85557586 -0.17421499 0.500000 0.500000 0.500000
v 0.40527594 0.84423840 -0.30527183 0.500000 0.500000 0.500000
v 0.39637664 0.88431257 -0.18454562 0.500000 0.500000 0.500000
v 0.50260550 0.82219976 -0.22595528 0.500000 0.500000 0.500000
v 0.36609888 0.87945330 -0.24986012 0.500000 0.500000 0.500000
v 0.47420505 0.81437665 -0.29179400 0.500000 0.500000 0.500000
v 0.64229953 0.75370294 -0.10923941 0.500000 0.500000 0.500000
v 0.71917772 0.66258276 -0.19162886 0.500000 0.500000 0.500000
v 0.62679249 0.75110024 -0.18100347 0.500000 0.500000 0.500000
v 0.69285333 0.71245933 -0.07579710 0.500000 0.500000 0.500000
v 0.66404122 0.70540601 -0.22346608 0.500000 0.500000 0.500000
v 0.73160905 0.66547173 -0.11580143 0.500000 0.500000 0.500000
v 0.64245248 0.75399345 0.10924320 0.500000 0.500000 0.500000
v 0.71882057 0.66260773 0.19138396 0.500000 0.500000 0.500000
v 0.62710088 0.75176400 0.18120632 0.500000 0.500000 0.500000
v 0.69286007 0.71254718 0.07570948 0.500000 0.500000 0.500000
v 0.66385895 0.70570469 0.22336750 0.500000 0.500000 0.500000
v 0.73159409 0.66562176 0.11565920 0.500000 0.500000 0.500000
v -0.34979263 -0.92312580 -0.00215377 0.500000 0.500000 0.500000
v -0.21069890 -0.97341728 -0.00054130 0.500000 0.500000 0.500000
v -0.32000116 -0.93252635 0.06361084 0.500000 0.500000 0.500000
v -0.31748253 -0.93567389 -0.06633198 0.500000 0.500000 0.500000
v -0.25089395 -0.95699334 0.07065960 0.500000 0.500000 0.500000
v -0.24745846 -0.95981097 -0.06837072 0.500000 0.500000 0.500000
v -0.46433395 -0.84744716 0.16844973 0.500000 0.500000 0.500000
v -0.42930472 -0.84685117 0.30093864 0.500000 0.500000 0.500000
v -0.40728095 -0.88179231 0.17725021 0.500000 0.500000 0.500000
v -0.50201863 -0.81113827 0.22272287 0.500000 0.500000 0.500000
v -0.39315256 -0.89299804 0.23794234 0.500000 0.500000 0.500000
v -0.47474462 -0.79751760 0.29111257 0.500000 0.500000 0.500000
v -0.46461308 -0.86087918 -0.17560804 0.500000 0.500000 0.500000
v -0.40834936 -0.85006666 -0.30860633 0.500000 0.500000 0.500000
v -0.39718851 -0.88933241 -0.18666027 0.500000 0.500000 0.500000
v -0.50516135 -0.82699448 -0.22735709 0.500000 0.500000 0.500000
v -0.36777285 -0.88415486 -0.25257066 0.500000 0.500000 0.500000
v -0.47730660 -0.81980067 -0.29439092 0.500000 0.500000 0.500000
v -0.64374495 -0.75494868 -0.10825013 0.500000 0.500000 0.500000
v -0.71996754 -0.66343236 -0.19136208 0.500000 0.500000 0.500000
v -0.62853467 -0.75315410 -0.18049353 0.500000 0.500000 0.500000
v -0.69425416 -0.71239907 -0.07532772 0.500000 0.500000 0.500000
v -0.66536731 -0.70704794 -0.22339091 0.500000 0.500000 0.500000
v -0.73269767 -0.66552681 -0.11550604 0.500000 0.500000 0.500000
v -0.64164215 -0.75093430 0.10538765 0.500000 0.500000 0.500000
v -0.71593916 -0.66058451 0.18987316 0.500000 0.500000 0.500000
v -0.62105680 -0.74538261 0.17767921 0.500000 0.500000 0.500000
v -0.69569814 -0.71168649 0.07236472 0.500000 0.500000 0.500000
v -0.65681851 -0.70406634 0.22255266 0.500000 0.500000 0.500000
v -0.73448986 -0.66447634 0.11252239 0.500000 0.500000 0.500000
v 0.35029849 -0.91524339 -0.00085619 0.500000 0.500000 0.500000
v 0.21696818 -0.96166641 -0.00275150 0.500000 0.500000 0.500000
v 0.31240228 -0.93587488 0.06269055 0.500000 0.500000 0.500000
v 0.32188717 -0.92485929 -0.06402697 0.500000 0.500000 0.500000
v 0.24793202 -0.96129620 0.06322654 0.500000 0.500000 0.500000
v 0.25356239 -0.94773126 -0.06649010 0.500000 0.500000 0.500000
v 0.45741782 -0.84613967 0.16926457 0.500000 0.500000 0.500000
v -1.39459813 -2.65534687 2.12253809 0.499993 0.499975 0.499978
v 0.37817562 -0.87768722 0.17136882 0.500000 0.500000 0.500000
v 0.50195354 -0.81818295 0.21609145 0.500000 0.500000 0.500000
v -1.43151140 0.90824890 -1.53732872 0.499987 0.499984 0.499984
v 0.44939762 -0.84835857 0.26488391 0.500000 0.500000 0.500000
v 0.46625447 -0.85807031 -0.17512473 0.500000 0.500000 0.500000
v 0.40688482 -0.84810740 -0.30770636 0.500000 0.500000 0.500000
v 0.40017551 -0.88680130 -0.18545227 0.500000 0.500000 0.500000
v 0.50409555 -0.82442898 -0.22729737 0.500000 0.500000 0.500000
v 0.36837444 -0.88207930 -0.25129926 0.500000 0.500000 0.500000
v 0.47540778 -0.81768113 -0.29387739 0.500000 0.500000 0.500000
v 0.64363962 -0.75417829 -0.10917801 0.500000 0.500000 0.500000
v 0.71888673 -0.66316706 -0.19122137 0.500000 0.500000 0.500000
v 0.62745082 -0.75198251 -0.18129598 0.500000 0.500000 0.500000
v 0.69410878 -0.71247792 -0.07580895 0.500000 0.500000 0.500000
v 0.66368186 -0.70614052 -0.22327393 0.500000 0.500000 0.500000
v 0.73218524 -0.66575283 -0.11576211 0.500000 0.500000 0.500000
v 0.63794947 -0.74518281 0.10587858 0.500000 0.500000 0.500000
v 0.71155024 -0.65692335 0.18707728 0.500000 0.500000 0.500000
v 0.62168968 -0.74276429 0.17403825 0.500000 0.500000 0.500000
v 0.69123083 -0.70802820 0.07448292 0.500000 0.500000 0.500000
v 0.66002721 -0.70214921 0.21821728 0.500000 0.500000 0.500000
v 0.72667015 -0.65986812 0.11255384 0.500000 0.500000 0.500000
v 1.67886484 1.14374709 -1.05524611 0.503633 0.501120 0.501560
v -1.99931622 -2.52794003 -1.14396918 0.500249 0.499963 0.500014
v -1.88056684 -2.50059676 2.50899458 0.501471 0.501190 0.501239
v -1.98742568 -2.43455291 2.54980946 0.500533 0.500465 0.500477
v 1.67881644 1.06113398 2.46286607 0.500097 0.499866 0.499906
v 1.57110906 -2.47229862 2.50400519 0.500992 0.500201 0.500340
v -1.67886484 -2.45625281 -1.05524611 0.504469 0.504360 0.504379
v -1.60068369 -2.52794003 2.45603085 0.503814 0.503001 0.503143
v -1.71943307 1.09940314 -1.09100544 0.501193 0.501121 0.501133
v -1.61257422 1.16544700 -1.05019045 0.509516 0.507956 0.508229
v 1.92118347 -2.53886604 2.46286607 0.500581 0.500254 0.500311
v 2.02889085 1.12770128 -1.09599471 0.509264 0.502789 0.503922
v -0.00961575 -0.35076138 0.92432153 0.500031 0.500031 0.500031
v -0.00158196 -0.21996205 0.97092694 0.500030 0.500030 0.500030
v 0.06043643 -0.31864980 0.93250489 0.500037 0.500037 0.500037
v -0.06482219 -0.32630390 0.93538487 0.500024 0.500024 0.500024
v 0.06441568 -0.25408497 0.95948464 0.500046 0.500046 0.500046
v -0.06574485 -0.25758284 0.95807731 0.500032 0.500032 0.500032
v 0.24152011 -0.44932505 0.87272817 0.499988 0.499986 0.499987
v 0.32237574 -0.41048855 0.83749527 0.500028 0.500014 0.500017
v 0.46348280 -0.38562039 0.82027382 0.500235 0.500131 0.500149
v 0.21172565 -0.38655111 0.88443726 0.500030 0.500023 0.500024
v 0.34177354 -0.51084954 0.76840115 0.499995 0.499991 0.499992
v 0.26784366 -0.35875410 0.87432718 0.500026 0.500022 0.500023
v -0.12365852 -0.41289598 0.94166923 0.500335 0.500304 0.500310
v -0.37093002 -0.42954978 0.83289349 0.500042 0.500042 0.500042
v 1.56276584 1.29582238 2.63037634 0.501633 0.501247 0.501314
v -0.18489732 -0.34643918 0.91054010 0.500026 0.500026 0.500026
v -2.10380936 -2.27619648 -0.97481108 0.500375 0.500346 0.500351
v -0.26815671 -0.34681135 0.91114157 0.500018 0.500018 0.500018
v -0.10848220 0.63980603 0.75148660 0.500000 0.500000 0.500000
v -0.19008657 0.71410573 0.65844369 0.500000 0.500000 0.500000
v -0.07501716 0.68925351 0.70886004 0.500000 0.500000 0.500000
v -0.18028064 0.62494284 0.74977642 0.500000 0.500000 0.500000
v -0.11457462 0.72609085 0.66086268 0.500000 0.500000 0.500000
v -0.22232077 0.66111118 0.70301932 0.500000 0.500000 0.500000
v 0.10864832 0.64033860 0.75188428 0.500000 0.500000 0.500000
v 0.19134134 0.71781188 0.66103411 0.500000 0.500000 0.500000
v 0.07555678 0.69057739 0.70977086 0.500000 0.500000 0.500000
v 0.18068922 0.62623572 0.75084573 0.500000 0.500000 0.500000
v 0.11562154 0.72932917 0.66294712 0.500000 0.500000 0.500000
v 0.22322384 0.66361839 0.70493621 0.500000 0.500000 0.500000
v -0.00005607 0.35734689 0.92973220 0.500046 0.500028 0.500031
v 0.00007100 0.21812671 0.97089744 0.500010 0.500009 0.500010
v 0.06535706 0.32466236 0.94009548 0.500042 0.500028 0.500030
v -0.06550163 0.32465789 0.94008797 0.500040 0.500037 0.500038
v 0.06689405 0.25453350 0.95980823 0.500029 0.500027 0.500027
v -0.06696841 0.25441849 0.95980370 0.500029 0.500028 0.500028
v 0.17659602 0.46616587 0.86382812 0.500001 0.500001 0.500001
v 0.30907100 0.40891114 0.85286587 0.500015 0.500014 0.500014
v 0.22749999 0.50485867 0.82751393 0.500003 0.500003 0.500003
v 0.18767272 0.39996731 0.89402688 0.500020 0.500020 0.500020
v 0.29428402 0.47711164 0.82079339 0.500012 0.500012 0.500012
v 0.25323635 0.36948469 0.88801563 0.500024 0.500024 0.500024
v -0.17672166 0.46630827 0.86376435 0.500001 0.500001 0.500001
v -0.30905837 0.40900317 0.85291409 0.500015 0.500015 0.500015
v -0.22751978 0.50466281 0.82722056 0.500003 0.500003 0.500003
v -0.18771678 0.40009168 0.89398253 0.500020 0.500020 0.500020
v -0.29432106 0.47701609 0.82067955 0.500012 0.500012 0.500012
v -0.25326699 0.36952165 0.88801283 0.500024 0.500024 0.500024
v -0.10902951 -0.64231992 -0.75392103 0.500000 0.500000 0.500000
v -0.19098927 -0.71738952 -0.66118795 0.500000 0.500000 0.500000
v -0.07550121 -0.69188809 -0.71136385 0.500000 0.500000 0.500000
v -0.18085469 -0.62710649 -0.75195384 0.499997 0.499997 0.499997
v -0.11532002 -0.72957909 -0.66370267 0.500000 0.500000 0.500000
v -0.22300328 -0.66343319 -0.70525628 0.500000 0.500000 0.500000
v 0.10907144 -0.64239252 -0.75388050 0.500000 0.500000 0.500000
v 0.19104369 -0.71741658 -0.66115952 0.500000 0.500000 0.500000
v 0.07553656 -0.69195253 -0.71135134 0.500000 0.500000 0.500000
v 0.18094154 -0.62718552 -0.75188154 0.499997 0.499997 0.499997
v 0.11537241 -0.72963631 -0.66374326 0.500000 0.500000 0.500000
v 0.22307864 -0.66352016 -0.70518786 0.500000 0.500000 0.500000
v -0.00004215 -0.35712075 -0.93152076 0.500060 0.500056 0.500056
v 0.00002583 -0.21775474 -0.97249907 0.500280 0.500272 0.500273
v 0.06500424 -0.32410580 -0.93946779 0.500264 0.500264 0.500264
v -0.06507739 -0.32412770 -0.93984383 0.500047 0.500039 0.500040
v 0.06659035 -0.25402090 -0.95935798 0.500346 0.500346 0.500346
v -0.06662105 -0.25400567 -0.95976722 0.500202 0.500182 0.500186
v 0.17653590 -0.46622351 -0.86312813 0.499977 0.499976 0.499976
v 0.31033602 -0.40978059 -0.85473245 0.499958 0.499957 0.499957
v 0.22817755 -0.50558984 -0.82838792 0.499983 0.499983 0.499983
v 0.18745072 -0.39989635 -0.89266080 0.500073 0.500033 0.500040
v 0.29550064 -0.47808915 -0.82250541 0.499974 0.499974 0.499974
v 0.25419965 -0.37010679 -0.88914734 0.500081 0.500013 0.500025
v -0.17639819 -0.46615502 -0.86321437 0.499976 0.499976 0.499976
v -0.31027058 -0.40981111 -0.85484678 0.499995 0.499995 0.499995
v -0.22793046 -0.50544173 -0.82829094 0.499982 0.499982 0.499982
v -0.18739298 -0.39990032 -0.89290780 0.500002 0.500002 0.500002
v -0.29534909 -0.47809452 -0.82256591 0.499984 0.499984 0.499984
v -0.25405961 -0.37007299 -0.88914794 0.500013 0.500013 0.500013
v -0.10937048 0.64405710 -0.75561756 0.500006 0.500006 0.500006
v -0.19172502 0.71979380 -0.66328341 0.500002 0.500002 0.500002
v -0.07578881 0.69398761 -0.71335346 0.500002 0.500002 0.500002
v -0.18151906 0.62898546 -0.75370508 0.500007 0.500007 0.500007
v -0.11575750 0.73205680 -0.66588223 0.500001 0.500001 0.500001
v -0.22391826 0.66560316 -0.70720136 0.500004 0.500004 0.500004
v 0.10934253 0.64406788 -0.75560540 0.500006 0.500006 0.500006
v 0.19168819 0.71981549 -0.66332185 0.500002 0.500002 0.500002
v 0.07578772 0.69399047 -0.71334273 0.500002 0.500002 0.500002
v 0.18150795 0.62902886 -0.75373489 0.500007 0.500007 0.500007
v 0.11578169 0.73214370 -0.66593081 0.500001 0.500001 0.500001
v 0.22389136 0.66560239 -0.70723855 0.500004 0.500004 0.500004
v 0.00002877 0.35761774 -0.93340427 0.500566 0.500566 0.500566
v 0.00003241 0.21814190 -0.97375846 0.500698 0.500698 0.500698
v 0.06531817 0.32459974 -0.94177091 0.500536 0.500536 0.500536
v -0.06526102 0.32460552 -0.94173890 0.500608 0.500608 0.500608
v 0.06680617 0.25440785 -0.96110690 0.500618 0.500618 0.500618
v -0.06676189 0.25441536 -0.96120709 0.500696 0.500696 0.500696
v 0.17629802 0.46633860 -0.86366582 0.500475 0.500449 0.500453
v 0.31046659 0.41004288 -0.85545236 0.500456 0.500253 0.500288
v 0.22768310 0.50567800 -0.82840341 0.500182 0.500145 0.500151
v 0.18788423 0.40037215 -0.89466083 0.500534 0.500530 0.500530
v 0.29503873 0.47813207 -0.82241845 0.500271 0.500141 0.500164
v 0.25461122 0.37044853 -0.89058381 0.500495 0.500363 0.500386
v -0.17625661 0.46632078 -0.86361504 0.500449 0.500449 0.500449
v -0.31024382 0.40987119 -0.85514170 0.500422 0.500422 0.500422
v -0.22762069 0.50562364 -0.82831293 0.500168 0.500168 0.500168
v -0.18780319 0.40032604 -0.89453393 0.500505 0.500505 0.500505
v -0.29481918 0.47795922 -0.82211399 0.500249 0.500249 0.500249
v -0.25451574 0.37038621 -0.89047974 0.500473 0.500473 0.500473
v 0.86476219 0.17666982 -0.46728808 0.500009 0.500006 0.500006
v 0.85389352 0.30942500 -0.40966871 0.500008 0.500007 0.500007
v 0.83001804 0.22843042 -0.50667596 0.500008 0.500005 0.500006
v 0.89375693 0.18725349 -0.40047345 0.500010 0.500006 0.500007
v 0.82308018 0.29543334 -0.47865984 0.500006 0.500006 0.500006
v 0.88855505 0.25326115 -0.37002799 0.500010 0.500008 0.500008
v 0.86450952 -0.17667019 -0.46703437 0.500057 0.500023 0.500029
v 0.85281980 -0.30892274 -0.40912274 0.500032 0.500009 0.500013
v 0.82953280 -0.22837102 -0.50621384 0.500078 0.500010 0.500022
v 0.89338851 -0.18715118 -0.40023914 0.500044 0.500021 0.500025
v 0.82230532 -0.29514837 -0.47813240 0.500081 0.500010 0.500022
v 0.88793731 -0.25299439 -0.36966816 0.500031 0.500008 0.500012
v 0.75535691 -0.10887180 -0.64285272 0.499999 0.499980 0.499983
v 0.66293961 -0.19138280 -0.71952474 0.500041 0.500021 0.500025
v 0.75305623 -0.18087657 -0.62742162 0.500031 0.500017 0.500019
v 0.71351123 -0.07545099 -0.69373655 0.500003 0.499988 0.499990
v 0.70626897 -0.22315410 -0.66412741 0.500039 0.500024 0.500027
v 0.66604388 -0.11554175 -0.73250782 0.500027 0.500003 0.500007
v 0.75624615 0.10924830 -0.64386147 0.500027 0.500017 0.500019
v 0.66401911 0.19186425 -0.72077757 0.500017 0.500005 0.500007
v 0.75423729 0.18135755 -0.62869269 0.500014 0.500007 0.500008
v 0.71408594 0.07576514 -0.69440383 0.500082 0.500073 0.500075
v 0.70759159 0.22377132 -0.66553879 0.500013 0.500006 0.500008
v 0.66675180 0.11587790 -0.73332512 0.500025 0.500012 0.500015
v 0.93196148 0.00000062 -0.35783809 0.499992 0.499989 0.499990
v 0.97482759 0.00010089 -0.21835242 0.500008 0.500004 0.500005
v 0.94170189 0.06523181 -0.32489789 0.500002 0.500001 0.500001
v 0.94162542 -0.06517299 -0.32487804 0.500021 0.500000 0.500003
v 0.96249515 0.06691141 -0.25468314 0.500009 0.500009 0.500009
v 0.96248257 -0.06678731 -0.25465265 0.500023 0.500003 0.500007
v 0.86432952 0.17631799 0.46627554 0.500010 0.500010 0.500010
v 0.85535783 0.31024340 0.40970296 0.500010 0.500005 0.500006
v 0.82812303 0.22732693 0.50519860 0.500011 0.500011 0.500011
v 0.89573854 0.18802214 0.40037626 0.500011 0.500009 0.500009
v 0.82201296 0.29462469 0.47758427 0.500010 0.500010 0.500010
v 0.89092451 0.25449365 0.37030110 0.500011 0.500008 0.500008
v 0.86470318 -0.17647161 0.46680340 0.500029 0.500003 0.500008
v 0.85511446 -0.30885330 0.40826064 0.500024 0.500003 0.500006
v 0.82921600 -0.22760849 0.50550747 0.500029 0.500004 0.500008
v 0.89596236 -0.18800631 0.40069589 0.500022 0.500002 0.500006
v 0.82131141 -0.29326439 0.47570407 0.500027 0.500003 0.500007
v 0.89185256 -0.25415301 0.37026560 0.500019 0.500002 0.500005
v 0.75532877 -0.10950872 0.64404303 0.500028 0.500007 0.500010
v 0.66457057 -0.19075036 0.71827686 0.500031 0.500010 0.500014
v 0.75432360 -0.18160637 0.62867588 0.500024 0.500004 0.500008
v 0.71330196 -0.07598857 0.69396132 0.500024 0.500011 0.500013
v 0.70912033 -0.22378568 0.66510499 0.500025 0.500003 0.500007
v 0.66646779 -0.11545829 0.73094726 0.500028 0.500011 0.500014
v 0.75506985 0.10929273 0.64449745 0.500020 0.500015 0.500016
v 0.66214681 0.19136561 0.71918249 0.500022 0.500022 0.500022
v 0.75332129 0.18144102 0.62925911 0.500013 0.500012 0.500012
v 0.71264815 0.07567944 0.69436479 0.500026 0.500021 0.500022
v 0.70687687 0.22396342 0.66587728 0.500015 0.500013 0.500013
v 0.66484588 0.11542646 0.73153424 0.500011 0.500011 0.500011
v 0.93371552 -0.00001549 0.35760853 0.500024 0.500017 0.500018
v 0.97406840 -0.00008689 0.21834594 0.500009 0.500005 0.500006
v 0.94250745 0.06523106 0.32466245 0.500025 0.500018 0.500019
v 0.94237393 -0.06526934 0.32475990 0.500026 0.500005 0.500009
v 0.96167874 0.06669711 0.25456509 0.500004 0.500001 0.500002
v 0.96162045 -0.06676672 0.25462425 0.500032 0.500010 0.500014
v -0.86475098 0.17668407 -0.46723273 0.500009 0.500009 0.500009
v -0.85389161 0.30940691 -0.40966582 0.500010 0.500010 0.500010
v -0.83001137 0.22845544 -0.50665092 0.500007 0.500007 0.500007
v -0.89375460 0.18727688 -0.40043798 0.500010 0.500010 0.500010
v -0.82307869 0.29542530 -0.47866175 0.500006 0.500006 0.500006
v -0.88856274 0.25327271 -0.37000191 0.500011 0.500011 0.500011
v -0.86475337 -0.17664877 -0.46725401 0.500016 0.500016 0.500016
v -0.85397923 -0.30936754 -0.40970892 0.500014 0.500014 0.500014
v -0.83005637 -0.22845355 -0.50672454 0.500017 0.500017 0.500017
v -0.89374340 -0.18721762 -0.40044922 0.500013 0.500013 0.500013
v -0.82313633 -0.29541209 -0.47872138 0.500016 0.500016 0.500016
v -0.88861752 -0.25321040 -0.37002638 0.500014 0.500014 0.500014
v -0.75624698 -0.10921450 -0.64386308 0.500020 0.500020 0.500020
v -0.66403186 -0.19182171 -0.72081375 0.500019 0.500019 0.500019
v -0.75423962 -0.18137349 -0.62873280 0.500019 0.500019 0.500019
v -0.71410269 -0.07568455 -0.69434571 0.500023 0.500023 0.500023
v -0.70757157 -0.22374730 -0.66559100 0.500020 0.500020 0.500020
v -0.66676110 -0.11578177 -0.73326969 0.500019 0.500019 0.500019
v -0.75630301 0.10929178 -0.64387834 0.500012 0.500012 0.500012
v -0.66400480 0.19187070 -0.72074097 0.500015 0.500015 0.500015
v -0.75425005 0.18140520 -0.62868410 0.500010 0.500010 0.500010
v -0.71415561 0.07576852 -0.69438398 0.500029 0.500029 0.500029
v -0.70758575 0.22378339 -0.66552585 0.500011 0.500011 0.500011
v -0.66676724 0.11585470 -0.73326492 0.500027 0.500027 0.500027
v -0.93193251 0.00000793 -0.35777715 0.500003 0.500003 0.500003
v -0.97482997 0.00005382 -0.21831660 0.500013 0.500013 0.500013
v -0.94168699 0.06523399 -0.32483777 0.500006 0.500006 0.500006
v -0.94166511 -0.06519084 -0.32484576 0.500001 0.500001 0.500001
v -0.96249032 0.06689282 -0.25463501 0.500012 0.500012 0.500012
v -0.96249777 -0.06680267 -0.25463125 0.500004 0.500004 0.500004
v -0.86593300 0.17692037 0.46734196 0.500011 0.500011 0.500011
v -0.85630363 0.31065822 0.41039950 0.500009 0.500009 0.500009
v -0.82997507 0.22814195 0.50644290 0.500011 0.500011 0.500011
v -0.89633536 0.18817228 0.40096232 0.500012 0.500012 0.500012
v -0.82359356 0.29540649 0.47872850 0.500010 0.500010 0.500010
v -0.89131910 0.25454187 0.37073791 0.500010 0.500010 0.500010
v -0.86575586 -0.17685768 0.46761701 0.500056 0.500056 0.500056
v -0.85573906 -0.31147167 0.40996471 0.500060 0.500060 0.500060
v -0.83001935 -0.22882289 0.50564384 0.500054 0.500054 0.500054
v -0.89638019 -0.18798077 0.40119204 0.500066 0.500066 0.500066
v -0.82345080 -0.29674998 0.47752377 0.500052 0.500052 0.500052
v -0.89125687 -0.25471005 0.37096646 0.500067 0.500067 0.500067
v -0.75618804 -0.11032451 0.64475459 0.500017 0.500017 0.500017
v -0.66417974 -0.19341868 0.71640468 0.500031 0.500031 0.500031
v -0.75488621 -0.18329862 0.62818551 0.500023 0.500023 0.500023
v -0.71351790 -0.07669528 0.69454068 0.500013 0.500013 0.500013
v -0.70875621 -0.22524680 0.66304952 0.500022 0.500022 0.500022
v -0.66607541 -0.11774062 0.73092127 0.500031 0.500031 0.500031
v -0.75643635 0.10973369 0.64496350 0.500002 0.500002 0.500002
v -0.66252297 0.19148782 0.71894622 0.500011 0.500011 0.500011
v -0.75459063 0.18198024 0.62971324 0.500012 0.500012 0.500012
v -0.71351200 0.07610057 0.69446957 0.500006 0.500006 0.500006
v -0.70761877 0.22420043 0.66598839 0.500010 0.500010 0.500010
v -0.66523319 0.11569513 0.73135281 0.500005 0.500005 0.500005
v -0.93394864 -0.00002627 0.35791811 0.499993 0.499993 0.499993
v -0.97385639 -0.00010937 0.21838190 0.500009 0.500009 0.500009
v -0.94265854 0.06526152 0.32497445 0.500009 0.500009 0.500009
v -0.94241202 -0.06528279 0.32483333 0.500024 0.500024 0.500024
v -0.96163565 0.06667800 0.25470448 0.500000 0.500000 0.500000
v -0.96149474 -0.06675551 0.25461355 0.500019 0.500019 0.500019
v -0.11049401 0.96758467 0.20194268 0.500000 0.500000 0.500000
v -0.18692873 0.90350050 0.32307938 0.500000 0.500000 0.500000
v -0.18348747 0.95323735 0.19977513 0.500000 0.500000 0.500000
v -0.22176108 0.92107165 0.26045653 0.500000 0.500000 0.500000
v -0.07455828 0.94567335 0.26486480 0.500000 0.500000 0.500000
v -0.11251891 0.91430432 0.32515824 0.500000 0.500000 0.500000
v -0.11101189 0.97077501 -0.20320556 0.500000 0.500000 0.500000
v -0.18873784 0.91423231 -0.32811567 0.500000 0.500000 0.500000
v -0.18452136 0.95640868 -0.20092070 0.500000 0.500000 0.500000
v -0.22335124 0.92807001 -0.26341006 0.500000 0.500000 0.500000
v -0.07492085 0.95370519 -0.26826051 0.500000 0.500000 0.500000
v -0.11360052 0.92539781 -0.33029407 0.500000 0.500000 0.500000
v 0.10960044 0.96406811 0.20065598 0.500000 0.500000 0.500000
v 0.18649383 0.89968616 0.32188144 0.500000 0.500000 0.500000
v 0.18271449 0.94827026 0.19805481 0.500000 0.500000 0.500000
v 0.22117148 0.91666061 0.25901449 0.500000 0.500000 0.500000
v 0.07368048 0.94243681 0.26369929 0.500000 0.500000 0.500000
v 0.11192934 0.91026998 0.32375827 0.500000 0.500000 0.500000
v 0.11104831 0.97091216 -0.20333557 0.500000 0.500000 0.500000
v 0.18846549 0.91422498 -0.32817793 0.500000 0.500000 0.500000
v 0.18426499 0.95624763 -0.20098086 0.500000 0.500000 0.500000
v 0.22288644 0.92751765 -0.26329520 0.500000 0.500000 0.500000
v 0.07500335 0.95379066 -0.26833341 0.500000 0.500000 0.500000
v 0.11356872 0.92561585 -0.33047819 0.500000 0.500000 0.500000
v -0.51772666 0.71245611 0.45480627 0.500000 0.500000 0.500000
v -0.64638323 0.63676757 0.40776867 0.500000 0.500000 0.500000
v -0.54995173 0.72715819 0.38926244 0.500000 0.500000 0.500000
v -0.61435115 0.68939900 0.36564893 0.500000 0.500000 0.500000
v -0.54883921 0.65794587 0.49751815 0.500000 0.500000 0.500000
v -0.61283988 0.62015462 0.47415954 0.500000 0.500000 0.500000
v -0.07692825 0.83246535 0.50210565 0.500000 0.500000 0.500000
v 0.07746052 0.83421934 0.50323188 0.500000 0.500000 0.500000
v -0.03846545 0.80371398 0.55832630 0.500000 0.500000 0.500000
v 0.03920097 0.80506665 0.55915517 0.500000 0.500000 0.500000
v -0.03820266 0.86269927 0.44469142 0.500000 0.500000 0.500000
v 0.03827647 0.86255956 0.44479498 0.500000 0.500000 0.500000
v -0.40548426 0.64251667 0.63365877 0.500000 0.500000 0.500000
v -0.45559368 0.51850915 0.71432185 0.500000 0.500000 0.500000
v -0.36412346 0.61190546 0.68746197 0.500000 0.500000 0.500000
v -0.38933969 0.54998046 0.72813219 0.500000 0.500000 0.500000
v -0.47258970 0.61026216 0.61810911 0.500000 0.500000 0.500000
v -0.49727625 0.54823250 0.65782434 0.500000 0.500000 0.500000
v -0.51845372 0.71390414 -0.45585594 0.500000 0.500000 0.500000
v -0.64550185 0.63600671 -0.40735832 0.500000 0.500000 0.500000
v -0.54979318 0.72737873 -0.38917977 0.500000 0.500000 0.500000
v -0.61344689 0.68862242 -0.36503372 0.500000 0.500000 0.500000
v -0.54971361 0.65924478 -0.49883145 0.500002 0.500002 0.500002
v -0.61293256 0.62040615 -0.47469878 0.500003 0.500003 0.500003
v -0.07820867 0.84707481 -0.51028448 0.500000 0.500000 0.500000
v 0.07831101 0.84719270 -0.51039380 0.500000 0.500000 0.500000
v -0.03921711 0.81547809 -0.56550199 0.500000 0.500000 0.500000
v 0.03933533 0.81547993 -0.56552124 0.500000 0.500000 0.500000
v -0.03874382 0.87744939 -0.45243710 0.500000 0.500000 0.500000
v 0.03884274 0.87747818 -0.45249483 0.500000 0.500000 0.500000
v -0.40807447 0.64667350 -0.63747668 0.500003 0.500003 0.500003
v -0.45707786 0.52021718 -0.71640480 0.500011 0.500011 0.500011
v -0.36613145 0.61536795 -0.69082171 0.500004 0.500004 0.500004
v -0.39044419 0.55184823 -0.73013139 0.500007 0.500007 0.500007
v -0.47507551 0.61357719 -0.62149155 0.500003 0.500003 0.500003
v -0.49971959 0.55093575 -0.66099530 0.500007 0.500007 0.500007
v -0.85122931 0.51192874 -0.07863680 0.500002 0.500002 0.500002
v -0.85155404 0.51212472 0.07858921 0.500004 0.500004 0.500004
v -0.81754416 0.56628758 -0.03939249 0.500004 0.500004 0.500004
v -0.81749576 0.56632245 0.03930108 0.500002 0.500002 0.500002
v -0.88371372 0.45505568 -0.03907207 0.500007 0.500007 0.500007
v -0.88436770 0.45535836 0.03908950 0.500008 0.500008 0.500008
v -0.71673453 0.45727548 -0.52039117 0.500007 0.500007 0.500007
v -0.63804865 0.40856344 -0.64748460 0.500009 0.500009 0.500009
v -0.73102558 0.39103666 -0.55235612 0.500007 0.500007 0.500007
v -0.69131976 0.36634737 -0.61566520 0.500008 0.500008 0.500008
v -0.66071177 0.49941278 -0.55081809 0.500008 0.500008 0.500008
v -0.62176669 0.47535270 -0.61415184 0.500011 0.500011 0.500011
v -0.92123860 0.33131629 -0.19043146 0.500010 0.500010 0.500010
v -0.96893209 0.20381349 -0.11177371 0.500028 0.500028 0.500028
v -0.93359518 0.26595503 -0.22513604 0.500010 0.500010 0.500010
v -0.95769036 0.20218779 -0.18577705 0.500017 0.500017 0.500017
v -0.93050414 0.33281067 -0.11460435 0.500015 0.500015 0.500015
v -0.95440871 0.26948541 -0.07549464 0.500025 0.500025 0.500025
v -0.71661919 0.45714128 0.52017593 0.500007 0.500007 0.500007
v -0.63738334 0.40818489 0.64664835 0.500008 0.500008 0.500008
v -0.73078686 0.39079475 0.55225748 0.500011 0.500011 0.500011
v -0.69145238 0.36662155 0.61589658 0.500012 0.500011 0.500011
v -0.66071492 0.49940568 0.55053377 0.500000 0.500000 0.500000
v -0.62110466 0.47485426 0.61322677 0.500006 0.500006 0.500006
v -0.92036819 0.33090216 0.19028169 0.500007 0.500007 0.500007
v -0.97017264 0.20408344 0.11173791 0.500016 0.500016 0.500016
v -0.93224531 0.26545522 0.22503692 0.500008 0.500008 0.500008
v -0.95687562 0.20190471 0.18574946 0.500014 0.500014 0.500014
v -0.93151224 0.33317295 0.11460834 0.500009 0.500009 0.500009
v -0.95611745 0.26999941 0.07552073 0.500013 0.500013 0.500013
v 0.51800466 0.71369636 0.45564562 0.500000 0.500000 0.500000
v 0.64530540 0.63606578 0.40712434 0.500000 0.500000 0.500000
v 0.54987043 0.72777170 0.38962615 0.500000 0.500000 0.500000
v 0.61351699 0.68900186 0.36522859 0.500000 0.500000 0.500000
v 0.54868186 0.65844268 0.49780104 0.500000 0.500000 0.500000
v 0.61208922 0.61981440 0.47381568 0.500000 0.500000 0.500000
v 0.40691844 0.64538348 0.63591170 0.500000 0.500000 0.500000
v 0.45584100 0.51902980 0.71475089 0.500001 0.500001 0.500001
v 0.36513823 0.61404365 0.68920958 0.500000 0.500000 0.500000
v 0.38972521 0.55089819 0.72887671 0.500000 0.500000 0.500000
v 0.47343108 0.61195195 0.61946231 0.500000 0.500000 0.500000
v 0.49769020 0.54903775 0.65851837 0.500000 0.500000 0.500000
v 0.51695663 0.71138102 -0.45440051 0.500000 0.500000 0.500000
v 0.64498150 0.63524711 -0.40700158 0.500000 0.500000 0.500000
v 0.54855877 0.72519827 -0.38804737 0.500000 0.500000 0.500000
v 0.61277628 0.68745655 -0.36451381 0.500000 0.500000 0.500000
v 0.54874063 0.65772116 -0.49799186 0.500002 0.500002 0.500002
v 0.61233366 0.61953431 -0.47425956 0.500003 0.500003 0.500003
v 0.40770248 0.64599967 -0.63722110 0.500003 0.500003 0.500003
v 0.45707896 0.52024037 -0.71647871 0.500012 0.500007 0.500007
v 0.36604828 0.61518800 -0.69085377 0.500004 0.500004 0.500004
v 0.39049801 0.55189973 -0.73028457 0.500008 0.500006 0.500006
v 0.47489652 0.61320591 -0.62145597 0.500003 0.500003 0.500003
v 0.49970835 0.55089796 -0.66108763 0.500008 0.500004 0.500005
v 0.85118783 0.51198143 -0.07861786 0.500003 0.500002 0.500002
v 0.85155219 0.51216638 0.07861379 0.500005 0.500005 0.500005
v 0.81749070 0.56635189 -0.03940939 0.500006 0.500006 0.500006
v 0.81746954 0.56637400 0.03929269 0.500004 0.500004 0.500004
v 0.88368255 0.45506343 -0.03903444 0.500013 0.500002 0.500004
v 0.88433975 0.45536572 0.03913097 0.500013 0.500006 0.500007
v 0.71672404 0.45730749 -0.52036417 0.500008 0.500001 0.500003
v 0.63804775 0.40858728 -0.64745814 0.500010 0.500006 0.500006
v 0.73103416 0.39106697 -0.55232716 0.500007 0.500004 0.500004
v 0.69132280 0.36637017 -0.61566055 0.500009 0.500006 0.500006
v 0.66070580 0.49941918 -0.55082595 0.500010 0.500003 0.500004
v 0.62176812 0.47537601 -0.61416411 0.500012 0.500004 0.500006
v 0.92123157 0.33131194 -0.19043902 0.500009 0.500004 0.500005
v 0.96892786 0.20381157 -0.11177965 0.500020 0.500014 0.500015
v 0.93359208 0.26593989 -0.22515528 0.500005 0.500005 0.500005
v 0.95769238 0.20217076 -0.18579896 0.500009 0.500008 0.500008
v 0.93049985 0.33280298 -0.11458987 0.500025 0.500023 0.500024
v 0.95439869 0.26948145 -0.07547662 0.500028 0.500027 0.500027
v 0.71539134 0.45618501 0.51938856 0.500007 0.500006 0.500006
v 0.63720387 0.40804425 0.64660376 0.500016 0.500009 0.500010
v 0.72954124 0.38990852 0.55135757 0.500011 0.500007 0.500008
v 0.69075650 0.36617386 0.61540842 0.500019 0.500006 0.500008
v 0.65998971 0.49887305 0.55015403 0.500000 0.500000 0.500000
v 0.62089896 0.47472212 0.61323977 0.500011 0.500011 0.500011
v 0.92041636 0.33098778 0.19033022 0.500006 0.500006 0.500006
v 0.97017592 0.20412102 0.11181274 0.500011 0.500011 0.500011
v 0.93241525 0.26558995 0.22503552 0.500006 0.500006 0.500006
v 0.95699400 0.20197877 0.18576685 0.500008 0.500008 0.500008
v 0.93148297 0.33319309 0.11467043 0.500009 0.500006 0.500006
v 0.95606726 0.27002618 0.07559106 0.500011 0.500010 0.500011
v -1.92272019 -2.77236938 -1.60141122 0.499999 0.499999 0.499999
v -2.00117326 -2.72387815 -1.47445655 0.501387 0.501346 0.501353
v 1.60823560 0.83881038 1.99834561 0.499952 0.499952 0.499952
v -0.37015408 -0.94577795 0.21989390 0.499862 0.499861 0.499861
v -1.88149476 -2.76065230 2.06552887 0.499928 0.499928 0.499928
v -1.92279088 0.86487281 -1.46764541 0.504469 0.502417 0.502776
v -0.10988228 -0.96995014 -0.20462388 0.500000 0.500000 0.500000
v -0.18828419 -0.91144162 -0.32726249 0.500000 0.500000 0.500000
v -0.18275464 -0.95519185 -0.20236272 0.500000 0.500000 0.500000
v -0.22240807 -0.92621994 -0.26374659 0.500000 0.500000 0.500000
v -0.07489515 -0.95222092 -0.26827592 0.500000 0.500000 0.500000
v -0.11352199 -0.92288011 -0.32934746 0.500000 0.500000 0.500000
v 0.13647245 -1.00705755 0.17447045 0.500000 0.500000 0.500000
v 2.00117326 -2.72387815 -1.47445655 0.507132 0.504900 0.505291
v 0.20819676 -1.01562130 0.16129519 0.500000 0.500000 0.500000
v 0.32637066 -1.06540036 0.12204905 0.500375 0.499976 0.500046
v 0.04669063 -1.02513719 0.24811779 0.500000 0.500000 0.500000
v -1.67720902 -2.73512697 -1.46764541 0.499998 0.499968 0.499974
v 0.11161985 -0.97057968 -0.20273447 0.500000 0.500000 0.500000
v 0.18778810 -0.91252172 -0.32678166 0.500000 0.500000 0.500000
v 0.18563230 -0.95552844 -0.20016313 0.500000 0.500000 0.500000
v 0.22335814 -0.92670727 -0.26235718 0.500000 0.500000 0.500000
v 0.07428841 -0.95325089 -0.26755223 0.500000 0.500000 0.500000
v 0.11261214 -0.92428958 -0.32914990 0.500000 0.500000 0.500000
v -2.32248330 1.07469308 -1.35173547 0.499974 0.499970 0.499971
v -0.63104641 -0.62924385 0.41811436 0.499996 0.499996 0.499996
v 1.24664617 -2.53772426 2.18673301 0.499987 0.499987 0.499987
v -0.58177823 -0.75120705 0.35743695 0.500000 0.500000 0.500000
v 1.24759102 -2.46961761 2.29644418 0.500015 0.499985 0.499991
v -2.41923523 1.17167854 2.27091384 0.500046 0.500046 0.500046
v 1.72154701 0.95198143 -1.27587223 0.506701 0.505573 0.505770
v -1.72154701 -2.64801836 -1.27587223 0.517023 0.515262 0.515570
v -0.11613009 -2.61750937 2.37447739 0.501352 0.500876 0.500959
v 0.15885940 -2.61750937 2.37447739 0.500179 0.500179 0.500179
v -1.84129596 -2.68475199 2.26422906 0.504425 0.504293 0.504316
v -1.75870395 0.91524798 -1.33577085 0.535956 0.534913 0.535096
v 1.40023708 1.15056181 -1.15314627 0.501151 0.500622 0.500715
v 1.35173547 -2.32248330 2.52530670 0.500717 0.500665 0.500674
v -2.16158843 1.18082952 -1.10294783 0.510839 0.506705 0.507429
v -2.18673301 1.24664617 2.53772426 0.506243 0.506059 0.506091
v -0.36259782 -0.26505789 0.57184464 0.500036 0.500036 0.500036
v 1.30355585 1.24759102 -1.13038242 0.499988 0.499986 0.499986
v -0.51949310 -0.71544033 -0.45660642 0.500000 0.500000 0.500000
v -0.64596462 -0.63683373 -0.40770635 0.499996 0.499996 0.499996
v -0.55092251 -0.72890228 -0.38989425 0.500000 0.500000 0.500000
v -0.61428314 -0.68986511 -0.36558005 0.500000 0.500000 0.500000
v -0.55034727 -0.66031659 -0.49932459 0.500000 0.500000 0.500000
v -0.61337590 -0.62110442 -0.47500008 0.499994 0.499994 0.499994
v -0.07788615 -0.84313267 -0.50755239 0.500000 0.500000 0.500000
v 0.07803635 -0.84325480 -0.50764585 0.500000 0.500000 0.500000
v -0.03898449 -0.81166285 -0.56278116 0.500000 0.500000 0.500000
v 0.03926387 -0.81174707 -0.56283271 0.500000 0.500000 0.500000
v -0.03875152 -0.87379009 -0.44995373 0.500000 0.500000 0.500000
v 0.03851258 -0.87391597 -0.44998020 0.500000 0.500000 0.500000
v -0.40806857 -0.64692134 -0.63739061 0.499999 0.499999 0.499999
v -0.45680085 -0.51988214 -0.71585459 0.499987 0.499987 0.499987
v -0.36551374 -0.61445141 -0.68983334 0.499994 0.499994 0.499994
v -0.39003110 -0.55113959 -0.72935718 0.499986 0.499986 0.499986
v -0.47524208 -0.61411887 -0.62166995 0.499996 0.499996 0.499996
v -0.49962056 -0.55100119 -0.66077304 0.499990 0.499990 0.499990
v -0.85130954 -0.51176161 -0.07833003 0.499981 0.499981 0.499981
v -0.85279977 -0.51096106 0.07717588 0.499993 0.499993 0.499993
v -0.81826276 -0.56542432 -0.03983082 0.499991 0.499991 0.499991
v -0.81891358 -0.56490880 0.03767330 0.499997 0.499997 0.499997
v -0.88379323 -0.45472202 -0.03886923 0.499983 0.499983 0.499983
v -0.88474977 -0.45449647 0.03873179 0.499987 0.499987 0.499987
v -0.71668088 -0.45721009 -0.52035969 0.499988 0.499988 0.499988
v -0.63812387 -0.40865311 -0.64753455 0.499997 0.499997 0.499997
v -0.73100483 -0.39099056 -0.55234694 0.500002 0.500002 0.500002
v -0.69133741 -0.36636418 -0.61568850 0.500009 0.500009 0.500009
v -0.66066700 -0.49948472 -0.55080462 0.499985 0.499985 0.499985
v -0.62179369 -0.47551128 -0.61418349 0.499982 0.499982 0.499982
v -0.92117661 -0.33165044 -0.19029388 0.500022 0.500022 0.500022
v -0.96891576 -0.20402549 -0.11167128 0.500017 0.500017 0.500017
v -0.93359309 -0.26600540 -0.22514504 0.500022 0.500022 0.500022
v -0.95774245 -0.20221940 -0.18577543 0.500013 0.500013 0.500013
v -0.93038315 -0.33326676 -0.11433208 0.500019 0.500019 0.500019
v -0.95429522 -0.26986381 -0.07527798 0.500017 0.500017 0.500017
v -0.67173070 -0.42841434 0.47887415 0.499984 0.499984 0.499984
v -0.62618792 -0.36743113 0.68592894 0.500017 0.500017 0.500017
v -0.72228932 -0.38499928 0.54511613 0.500020 0.500020 0.500020
v -0.68831670 -0.35646391 0.61492085 0.500035 0.500035 0.500035
v 1.13038242 1.30355585 -1.24759102 0.500364 0.500361 0.500362
v 1.17167854 1.32908607 2.41923523 0.502122 0.501914 0.501950
v -0.92056018 -0.33058071 0.19011806 0.500030 0.500030 0.500030
v -0.97019553 -0.20409940 0.11180585 0.500023 0.500023 0.500023
v -0.93235523 -0.26514161 0.22499128 0.500030 0.500030 0.500030
v -0.95695698 -0.20165931 0.18566829 0.500034 0.500034 0.500034
v -0.93155044 -0.33260420 0.11452578 0.500022 0.500022 0.500022
v -0.95608819 -0.26981813 0.07558979 0.500020 0.500020 0.500020
v -1.27751660 1.07469308 -1.35173547 0.500114 0.500063 0.500072
v 0.69586658 -0.68794090 0.44125858 0.499999 0.499999 0.499999
v 0.56074303 -0.72540921 0.38915539 0.500000 0.500000 0.500000
v 0.64622706 -0.71359128 0.37931684 0.500000 0.500000 0.500000
v 2.35240889 1.13038230 2.29644418 0.500629 0.500131 0.500218
v 0.73043329 -0.70381296 0.57055044 0.499997 0.499997 0.499997
v 0.41690075 -0.65942591 0.29005426 0.500251 0.500108 0.500133
v 0.48631290 -0.57299471 0.78960121 0.499980 0.499979 0.499979
v 2.16158843 -2.41917038 2.49705219 0.499945 0.499945 0.499945
v 0.40810585 -0.71277827 0.94383174 0.499930 0.499930 0.499930
v 0.25708550 -0.38366991 0.45819491 0.500003 0.500003 0.500003
v 0.47682458 -0.51752293 0.66094947 0.499973 0.499973 0.499973
v 0.51713413 -0.71259308 -0.45471942 0.500000 0.500000 0.500000
v 0.64293402 -0.63385814 -0.40558273 0.499996 0.499996 0.499996
v 0.54808331 -0.72609138 -0.38808745 0.500000 0.500000 0.500000
v 0.61118770 -0.68699402 -0.36354125 0.500000 0.500000 0.500000
v 0.54807866 -0.65753633 -0.49741361 0.500000 0.500000 0.500000
v 0.61077684 -0.61836576 -0.47307327 0.499994 0.499994 0.499994
v 0.40704280 -0.64521772 -0.63598108 0.499999 0.499999 0.499999
v 0.45589814 -0.51899010 -0.71473694 0.499986 0.499986 0.499986
v 0.36501154 -0.61365479 -0.68901610 0.499994 0.499994 0.499994
v 0.38939270 -0.55037898 -0.72840226 0.499986 0.499986 0.499986
v 0.47379303 -0.61211240 -0.61995995 0.499996 0.499996 0.499996
v 0.49842042 -0.54963827 -0.65941960 0.499990 0.499990 0.499990
v 0.85145384 -0.51201069 -0.07816548 0.499983 0.499983 0.499983
v 0.85267675 -0.51084870 0.07817152 0.499990 0.499990 0.499990
v 0.81810129 -0.56603885 -0.03925560 0.499990 0.499990 0.499990
v 0.81862944 -0.56537557 0.03886082 0.499995 0.499995 0.499995
v 0.88383758 -0.45492128 -0.03875690 0.499983 0.499981 0.499981
v 0.88471240 -0.45461094 0.03916420 0.499978 0.499978 0.499978
v 0.71486658 -0.45605451 -0.51906252 0.499987 0.499983 0.499984
v 0.63617587 -0.40730914 -0.64562380 0.499999 0.499982 0.499985
v 0.72934628 -0.39006096 -0.55098408 0.500012 0.499988 0.499992
v 0.68932015 -0.36510834 -0.61377573 0.500024 0.500011 0.500013
v 0.65855479 -0.49778491 -0.54912400 0.499984 0.499984 0.499984
v 0.61979347 -0.47390237 -0.61233914 0.499974 0.499971 0.499971
v 0.92096573 -0.33144328 -0.19027735 0.500016 0.500001 0.500004
v 0.96887589 -0.20401318 -0.11172007 0.500027 0.500004 0.500008
v 0.93342447 -0.26603216 -0.22502580 0.500020 0.500002 0.500005
v 0.95767283 -0.20231873 -0.18572704 0.500028 0.500004 0.500008
v 0.93043756 -0.33304715 -0.11446154 0.500032 0.500003 0.500008
v 0.95430875 -0.26969978 -0.07538448 0.500030 0.500003 0.500008
v 0.71414626 -0.45405334 0.51575488 0.499986 0.499985 0.499985
v 0.62710071 -0.39584202 0.63506138 0.500007 0.499991 0.499994
v 0.72408575 -0.38384631 0.54376417 0.500012 0.499999 0.500001
v 0.68453330 -0.35861713 0.60647905 0.500021 0.500003 0.500006
v 0.66802901 -0.50025296 0.55375212 0.499988 0.499988 0.499988
v 0.61227304 -0.45936957 0.60502231 0.499971 0.499969 0.499969
v 0.92095333 -0.33006647 0.19012704 0.500028 0.500003 0.500007
v 0.97019118 -0.20411851 0.11199896 0.500027 0.500003 0.500007
v 0.93249923 -0.26497558 0.22501130 0.500030 0.500003 0.500008
v 0.95689744 -0.20184907 0.18589383 0.500031 0.500004 0.500008
v 0.93155587 -0.33260870 0.11469492 0.500021 0.500002 0.500006
v 0.95600551 -0.26992270 0.07576336 0.500019 0.500002 0.500005
v 0.20035559 -0.11165547 0.96911484 0.500042 0.500042 0.500042
v 0.32596159 -0.18680391 0.91611171 0.500037 0.500030 0.500032
v 0.19814450 -0.18397361 0.95702547 0.500040 0.500040 0.500040
v 0.26126707 -0.22075415 0.92676473 0.500032 0.500032 0.500032
v 0.26644707 -0.07532388 0.95288271 0.500050 0.500049 0.500049
v 0.32939139 -0.11309858 0.92825150 0.500071 0.500051 0.500054
v -0.20282841 -0.11208273 0.96871102 0.500034 0.500034 0.500034
v -0.32463497 -0.19217618 0.91629642 0.500022 0.500022 0.500022
v -0.19826478 -0.18782441 0.95544946 0.500027 0.500027 0.500027
v -0.26021621 -0.22529356 0.92664897 0.500017 0.500017 0.500017
v -0.26818109 -0.07538741 0.95242131 0.500040 0.500040 0.500040
v -0.32964340 -0.11515974 0.92786205 0.500032 0.500032 0.500032
v 0.20421045 0.11100977 0.96863735 0.500017 0.500017 0.500017
v 0.32995036 0.18985063 0.91738641 0.500029 0.500029 0.500029
v 0.20224948 0.18551598 0.95662940 0.500029 0.500029 0.500029
v 0.26502487 0.22474219 0.93062848 0.500028 0.500028 0.500028
v 0.26892591 0.07466547 0.95236504 0.500043 0.500043 0.500043
v 0.33187747 0.11390831 0.92731005 0.500043 0.500042 0.500042
v -0.20326817 0.11164623 0.96883273 0.499987 0.499987 0.499987
v -0.32980776 0.18997206 0.91747010 0.500029 0.500029 0.500029
v -0.20187151 0.18538426 0.95678473 0.500026 0.500026 0.500026
v -0.26500261 0.22459222 0.93070531 0.500028 0.500028 0.500028
v -0.26874527 0.07538514 0.95235932 0.499988 0.499988 0.499988
v -0.33170655 0.11435964 0.92733037 0.500027 0.500027 0.500027
v 0.51292753 -0.07803777 0.85029328 0.500053 0.500028 0.500033
v 0.51206070 0.07814706 0.85090983 0.500047 0.500047 0.500047
v 0.56634271 -0.03923102 0.81530166 0.500044 0.500025 0.500028
v 0.56579936 0.03889618 0.81571275 0.500039 0.500037 0.500037
v 0.45579422 -0.03907453 0.88351762 0.500063 0.500059 0.500060
v 0.45572442 0.03860929 0.88365173 0.500061 0.500061 0.500061
v -0.51191860 -0.08073924 0.85060662 0.500018 0.500018 0.500018
v -0.51196867 0.07903769 0.85089201 0.499992 0.499992 0.499992
v -0.56584322 -0.04045514 0.81589568 0.499998 0.499998 0.499998
v -0.56567687 0.03930648 0.81600732 0.499995 0.499995 0.499995
v -0.45562309 -0.04014193 0.88359296 0.500026 0.500026 0.500026
v -0.45584792 0.03924244 0.88370013 0.500009 0.500009 0.500009
v 0.20342851 -0.11162303 -0.96619391 0.500088 0.499925 0.499953
v 0.33100146 -0.19026989 -0.92000586 0.500028 0.500028 0.500028
v 0.20158403 -0.18548915 -0.95406866 0.500342 0.500259 0.500274
v 0.26561663 -0.22492035 -0.93135548 0.500232 0.500113 0.500134
v 0.26963952 -0.07546489 -0.95383930 0.500111 0.500019 0.500035
v 0.33290446 -0.11454372 -0.93041670 0.499913 0.499913 0.499913
v -0.20316422 -0.11156612 -0.96473694 0.500202 0.500202 0.500202
v -0.33153769 -0.19038485 -0.92070282 0.500015 0.500015 0.500015
v -0.20142736 -0.18545702 -0.95323902 0.500068 0.500068 0.500068
v -0.26564953 -0.22491802 -0.93113273 0.500022 0.500022 0.500022
v -0.26966575 -0.07544473 -0.95302248 0.500092 0.500092 0.500092
v -0.33346644 -0.11463197 -0.93099964 0.500014 0.500014 0.500014
v 0.20352668 0.11177071 -0.96640146 0.500590 0.500580 0.500582
v 0.33154902 0.19052678 -0.92090052 0.500242 0.500194 0.500202
v 0.20181581 0.18570399 -0.95482743 0.500617 0.500617 0.500617
v 0.26595736 0.22515833 -0.93214959 0.500485 0.500464 0.500468
v 0.26972720 0.07558267 -0.95387745 0.500392 0.500317 0.500330
v 0.33323210 0.11469445 -0.93080890 0.500222 0.500161 0.500172
v -0.20336832 0.11178324 -0.96570617 0.500668 0.500668 0.500668
v -0.33142015 0.19045544 -0.92047417 0.500278 0.500278 0.500278
v -0.20175712 0.18570979 -0.95468950 0.500643 0.500643 0.500643
v -0.26587239 0.22512829 -0.93192858 0.500484 0.500484 0.500484
v -0.26963040 0.07557900 -0.95307511 0.500416 0.500416 0.500416
v -0.33330387 0.11468151 -0.93061340 0.500264 0.500264 0.500264
v 0.51068538 -0.07833182 -0.84925753 0.499968 0.499941 0.499946
v 0.51123589 0.07863186 -0.85012954 0.500046 0.500029 0.500032
v 0.56612247 -0.03924315 -0.81779569 0.499906 0.499899 0.499900
v 0.56631410 0.03946846 -0.81801498 0.499994 0.499992 0.499993
v 0.45374382 -0.03888198 -0.88133883 0.499961 0.499944 0.499947
v 0.45401388 0.03913211 -0.88178223 0.499965 0.499952 0.499954
v -0.51195985 -0.07853701 -0.85150784 0.500023 0.500023 0.500023
v -0.51199985 0.07862687 -0.85155499 0.500024 0.500024 0.500024
v -0.56685370 -0.03934946 -0.81892663 0.500014 0.500014 0.500014
v -0.56685501 0.03942695 -0.81890011 0.500022 0.500022 0.500022
v -0.45512837 -0.03903802 -0.88393551 0.500026 0.500026 0.500026
v -0.45513228 0.03908842 -0.88388163 0.500036 0.500036 0.500036
v -0.44914240 0.87322003 0.05625409 0.500000 0.500000 0.500000
v -0.44986922 0.87491071 -0.05651494 0.500000 0.500000 0.500000
v -0.38829798 0.90552717 0.06135086 0.500000 0.500000 0.500000
v -0.38874778 0.90648651 -0.06145926 0.500000 0.500000 0.500000
v -0.54221517 0.81927311 0.09181425 0.500000 0.500000 0.500000
v -0.42430314 0.88283837 0.11936960 0.500000 0.500000 0.500000
v -0.52625704 0.82440722 0.15897299 0.500000 0.500000 0.500000
v -0.54235709 0.81975210 -0.09178147 0.500000 0.500000 0.500000
v -0.42506173 0.88451421 -0.11974867 0.500000 0.500000 0.500000
v -0.52668405 0.82536525 -0.15906529 0.500000 0.500000 0.500000
v -0.59997821 0.78598970 -0.00003110 0.500000 0.500000 0.500000
v -0.58591747 0.79045069 -0.13695271 0.500000 0.500000 0.500000
v -0.64888376 0.75324714 -0.03626659 0.500000 0.500000 0.500000
v -0.58590728 0.79020929 0.13710777 0.500000 0.500000 0.500000
v -0.64871299 0.75310200 0.03638345 0.500000 0.500000 0.500000
v 0.44860098 0.87121725 0.05626919 0.500000 0.500000 0.500000
v 0.44854480 0.87139618 -0.05597677 0.500000 0.500000 0.500000
v 0.38754886 0.90267783 0.06111832 0.500000 0.500000 0.500000
v 0.38766828 0.90337002 -0.06112506 0.500000 0.500000 0.500000
v 0.54217476 0.81893438 0.09190765 0.500000 0.500000 0.500000
v 0.42380840 0.88091075 0.11918364 0.500000 0.500000 0.500000
v 0.52611065 0.82401907 0.15894108 0.500000 0.500000 0.500000
v 0.54188496 0.81839424 -0.09152884 0.500000 0.500000 0.500000
v 0.42382449 0.88134247 -0.11893144 0.500000 0.500000 0.500000
v 0.52583939 0.82348919 -0.15852833 0.500000 0.500000 0.500000
v 0.59995717 0.78581434 0.00005546 0.500000 0.500000 0.500000
v 0.58557057 0.78962272 -0.13684289 0.500000 0.500000 0.500000
v 0.64884758 0.75318760 -0.03637395 0.500000 0.500000 0.500000
v 0.58582205 0.79011273 0.13704841 0.500000 0.500000 0.500000
v 0.64872164 0.75313443 0.03630550 0.500000 0.500000 0.500000
v -0.44694996 -0.87250453 0.05315793 0.500000 0.500000 0.500000
v -0.44729975 -0.87565398 -0.05771565 0.500000 0.500000 0.500000
v -0.38597998 -0.90242761 0.05836075 0.500000 0.500000 0.500000
v -0.38492993 -0.90690273 -0.06304332 0.500000 0.500000 0.500000
v -0.54035485 -0.81757176 0.08828443 0.500000 0.500000 0.500000
v -0.42521784 -0.87748265 0.11434975 0.500000 0.500000 0.500000
v -0.52200907 -0.81491971 0.15358959 0.500000 0.500000 0.500000
v -0.54309243 -0.82257581 -0.09183216 0.500000 0.500000 0.500000
v -0.42348108 -0.88628590 -0.12044880 0.500000 0.500000 0.500000
v -0.52770644 -0.82762760 -0.15872994 0.500000 0.500000 0.500000
v -0.60150599 -0.78884965 -0.00094199 0.500000 0.500000 0.500000
v -0.58712506 -0.79229444 -0.13619259 0.500000 0.500000 0.500000
v -0.65005589 -0.75388646 -0.03630862 0.500000 0.500000 0.500000
v -0.58166277 -0.78378075 0.13301022 0.500000 0.500000 0.500000
v -0.65077424 -0.75381446 0.03429554 0.500000 0.500000 0.500000
v 0.44591522 -0.86900365 0.05469652 0.500000 0.500000 0.500000
v 0.45168090 -0.87214804 -0.05554508 0.500000 0.500000 0.500000
v 0.37926000 -0.90210634 0.05850434 0.500000 0.500000 0.500000
v 0.38842425 -0.89894623 -0.06091857 0.500000 0.500000 0.500000
v 0.54462373 -0.81434590 0.09103063 0.500000 0.500000 0.500000
v 0.41507238 -0.87932533 0.11475694 0.500000 0.500000 0.500000
v 0.52404821 -0.81414533 0.15236937 0.500000 0.500000 0.500000
v 0.54531741 -0.82088900 -0.09111924 0.500000 0.500000 0.500000
v 0.42865542 -0.88361222 -0.11892670 0.500000 0.500000 0.500000
v 0.52809721 -0.82519615 -0.15893492 0.500000 0.500000 0.500000
v 0.60330600 -0.78632790 0.00184905 0.500000 0.500000 0.500000
v 0.58714056 -0.79066348 -0.13687174 0.500000 0.500000 0.500000
v 0.65048224 -0.75319201 -0.03548275 0.500000 0.500000 0.500000
v 0.58285201 -0.78051752 0.13215545 0.500000 0.500000 0.500000
v 0.65048927 -0.75159025 0.03734621 0.500000 0.500000 0.500000
v -0.33128026 -0.61193562 1.05462503 0.500949 0.500781 0.500811
v -0.19315994 -0.50256544 0.69744754 0.499977 0.499977 0.499977
v -1.69208097 -2.46085405 2.54941344 0.500077 0.499915 0.499943
v 1.58089089 -2.32962489 0.88910055 0.501291 0.500223 0.500410
v 1.90649378 -2.35182214 2.62713432 0.500150 0.500088 0.500099
v 1.81763422 -2.46085405 2.54941344 0.499203 0.499168 0.499175
v 1.94741035 -2.39486361 -1.00980544 0.508635 0.503082 0.504054
v -0.02813756 -0.38506544 0.81762129 0.500006 0.500006 0.500006
v -0.14357102 -0.38625127 0.80328166 0.500026 0.500026 0.500026
v 0.04548378 -0.37055403 0.89641738 0.500034 0.500033 0.500033
v -0.07277450 -0.38631588 0.90225768 0.500022 0.500022 0.500022
v 0.44512349 -0.60102421 0.86062521 0.504621 0.501581 0.502113
v 0.13534628 -0.42650384 0.89406949 0.500023 0.500023 0.500023
v 0.11411640 -0.70506108 0.91500163 0.500203 0.500156 0.500164
v -0.13126138 -0.40075788 0.87394750 0.500012 0.500012 0.500012
v -0.00005625 0.59879088 0.78569394 0.500000 0.500000 0.500000
v -0.09224866 0.54307401 0.82225561 0.500000 0.500000 0.500000
v -0.03604923 0.64646715 0.75094247 0.500000 0.500000 0.500000
v -0.13676047 0.58503133 0.79027361 0.500000 0.500000 0.500000
v 0.09213014 0.54303145 0.82222408 0.500000 0.500000 0.500000
v 0.03618317 0.64647043 0.75094926 0.500000 0.500000 0.500000
v 0.13670847 0.58515519 0.79037333 0.500000 0.500000 0.500000
v 0.05701618 0.45153835 0.87974912 0.500014 0.500014 0.500014
v -0.05715907 0.45162737 0.87979138 0.500014 0.500014 0.500014
v 0.06239110 0.39107478 0.91284752 0.500023 0.500018 0.500019
v -0.06249660 0.39113510 0.91283780 0.500022 0.500021 0.500021
v 0.15942299 0.52748066 0.82789761 0.500000 0.500000 0.500000
v 0.12126857 0.42746344 0.89151692 0.500017 0.500017 0.500017
v -0.15956429 0.52746993 0.82784635 0.500000 0.500000 0.500000
v -0.12139048 0.42761439 0.89153075 0.500017 0.500017 0.500017
v -0.00000947 -0.60030419 -0.78706676 0.499999 0.499999 0.499999
v -0.09207963 -0.54346877 -0.82232600 0.499978 0.499978 0.499978
v -0.03624983 -0.64839995 -0.75297982 0.500000 0.500000 0.500000
v -0.13698179 -0.58641517 -0.79173118 0.499987 0.499987 0.499987
v 0.09210765 -0.54353708 -0.82233191 0.499980 0.499980 0.499980
v 0.03626140 -0.64842099 -0.75297081 0.500000 0.500000 0.500000
v 0.13704215 -0.58647931 -0.79166514 0.499988 0.499988 0.499988
v 0.05683231 -0.45160598 -0.87979931 0.499979 0.499979 0.499979
v -0.05687346 -0.45162463 -0.88002872 0.499978 0.499978 0.499978
v 0.06211218 -0.39084333 -0.91276771 0.500041 0.500041 0.500041
v -0.06218691 -0.39089283 -0.91321290 0.500008 0.500006 0.500006
v 0.15947284 -0.52788162 -0.82800037 0.499981 0.499981 0.499981
v 0.12065171 -0.42695281 -0.88957208 0.499999 0.499999 0.499999
v -0.15936282 -0.52780604 -0.82804489 0.499978 0.499978 0.499978
v -0.12068654 -0.42701972 -0.88999206 0.499990 0.499990 0.499990
v -0.00001206 0.60171390 -0.78878528 0.500008 0.500008 0.500008
v -0.09201297 0.54415494 -0.82327455 0.500037 0.500037 0.500037
v -0.03638668 0.65018553 -0.75474322 0.500004 0.500004 0.500004
v -0.13718799 0.58766115 -0.79293072 0.500010 0.500010 0.500010
v 0.09199754 0.54414707 -0.82324952 0.500037 0.500035 0.500036
v 0.03635764 0.65018964 -0.75471801 0.500004 0.500004 0.500004
v 0.13717413 0.58768129 -0.79291779 0.500010 0.500010 0.500010
v 0.05688811 0.45197299 -0.88097978 0.500493 0.500491 0.500491
v -0.05686430 0.45196298 -0.88093996 0.500493 0.500493 0.500493
v 0.06235164 0.39137197 -0.91492623 0.500556 0.500556 0.500556
v -0.06228265 0.39135388 -0.91482276 0.500558 0.500558 0.500558
v 0.15910743 0.52808166 -0.82816631 0.500096 0.500090 0.500091
v 0.12089650 0.42743343 -0.89138192 0.500580 0.500538 0.500546
v -0.15910350 0.52807796 -0.82818329 0.500092 0.500092 0.500092
v -0.12082745 0.42740273 -0.89123946 0.500568 0.500568 0.500568
v 0.82553864 0.09252357 -0.54553759 0.500022 0.500011 0.500013
v 0.88134694 0.05702333 -0.45279241 0.499997 0.499995 0.499996
v 0.83064687 0.15999800 -0.52956629 0.500023 0.500010 0.500012
v 0.89166081 0.12096725 -0.42814213 0.500005 0.500001 0.500002
v 0.82527816 -0.09244797 -0.54523289 0.500031 0.500001 0.500006
v 0.88114250 -0.05699487 -0.45265797 0.499996 0.499981 0.499984
v 0.83028871 -0.15998329 -0.52914417 0.500040 0.500005 0.500011
v 0.89141458 -0.12092836 -0.42796412 0.500004 0.499990 0.499992
v 0.79031897 0.00009286 -0.60251784 0.500005 0.499998 0.499999
v 0.79353452 -0.13720465 -0.58732253 0.500015 0.499993 0.499997
v 0.75548404 -0.03618660 -0.65023792 0.499999 0.499978 0.499982
v 0.79430783 0.13744454 -0.58812714 0.500022 0.500007 0.500010
v 0.75571853 0.03644073 -0.65047842 0.500037 0.500028 0.500030
v 0.91402310 0.06225416 -0.39175552 0.499992 0.499990 0.499990
v 0.91387206 -0.06222526 -0.39167032 0.499992 0.499981 0.499983
v 0.82300729 0.09184240 0.54403538 0.500006 0.500006 0.500006
v 0.88167119 0.05690814 0.45201728 0.500014 0.500014 0.500014
v 0.82817602 0.15894867 0.52791041 0.500011 0.500011 0.500011
v 0.89264774 0.12105206 0.42759103 0.500015 0.500015 0.500015
v 0.82299590 -0.09202971 0.54407442 0.500029 0.500009 0.500013
v 0.88153404 -0.05701493 0.45214003 0.500021 0.500007 0.500009
v 0.82841802 -0.15912615 0.52819753 0.500029 0.500006 0.500010
v 0.89255911 -0.12119195 0.42789513 0.500023 0.500003 0.500006
v 0.78765374 -0.00011583 0.60139906 0.500025 0.500017 0.500019
v 0.79241735 -0.13704443 0.58733529 0.500028 0.500009 0.500012
v 0.75382662 -0.03649206 0.65016782 0.500025 0.500015 0.500017
v 0.79234493 0.13689943 0.58750117 0.500012 0.500012 0.500012
v 0.75381422 0.03624101 0.65035653 0.500026 0.500023 0.500024
v 0.91573477 0.06233805 0.39140370 0.500026 0.500023 0.500023
v 0.91557056 -0.06240762 0.39153314 0.500021 0.500004 0.500007
v -0.82558292 0.09256020 -0.54550821 0.500014 0.500014 0.500014
v -0.88142192 0.05703158 -0.45273992 0.500012 0.500012 0.500012
v -0.83061403 0.16000864 -0.52950501 0.500010 0.500010 0.500010
v -0.89161253 0.12095889 -0.42808372 0.500009 0.500009 0.500009
v -0.82548738 -0.09250531 -0.54547405 0.500013 0.500013 0.500013
v -0.88124979 -0.05698201 -0.45267141 0.500012 0.500012 0.500012
v -0.83063203 -0.16000181 -0.52954715 0.500017 0.500017 0.500017
v -0.89153165 -0.12089843 -0.42806888 0.500012 0.500012 0.500012
v -0.79040474 0.00002906 -0.60256755 0.500007 0.500007 0.500007
v -0.79428697 -0.13744742 -0.58811921 0.500017 0.500017 0.500017
v -0.75578982 -0.03631391 -0.65049642 0.500020 0.500020 0.500020
v -0.79431432 0.13747805 -0.58809274 0.500011 0.500011 0.500011
v -0.75581908 0.03639281 -0.65050536 0.500016 0.500016 0.500016
v -0.91392773 0.06224569 -0.39170587 0.500005 0.500005 0.500005
v -0.91386056 -0.06220450 -0.39169261 0.500007 0.500007 0.500007
v -0.82510072 0.09240826 0.54533511 0.500003 0.500003 0.500003
v -0.88293785 0.05710268 0.45286995 0.500013 0.500013 0.500013
v -0.83022010 0.15972154 0.52911234 0.500011 0.500011 0.500011
v -0.89368528 0.12137810 0.42831010 0.500010 0.500010 0.500010
v -0.82468098 -0.09253741 0.54546010 0.500028 0.500028 0.500028
v -0.88274318 -0.05715880 0.45303330 0.500010 0.500010 0.500010
v -0.82974255 -0.15990183 0.52888155 0.500055 0.500055 0.500055
v -0.89351875 -0.12123444 0.42852706 0.500046 0.500046 0.500046
v -0.78932959 0.00000486 0.60286367 0.499997 0.499997 0.499997
v -0.79371655 -0.13800438 0.58803576 0.500028 0.500028 0.500028
v -0.75492442 -0.03643121 0.65136164 0.500001 0.500001 0.500001
v -0.79415876 0.13757111 0.58841556 0.500011 0.500011 0.500011
v -0.75520277 0.03658195 0.65116692 0.500001 0.500001 0.500001
v -0.91632134 0.06248828 0.39190373 0.500007 0.500007 0.500007
v -0.91611797 -0.06248825 0.39183769 0.500018 0.500018 0.500018
v -0.10902798 0.99292958 0.06869216 0.500000 0.500000 0.500000
v -0.10921450 0.99253571 -0.06820449 0.500000 0.500000 0.500000
v -0.18120712 0.97975391 0.06787014 0.500000 0.500000 0.500000
v -0.18160444 0.97973531 -0.06743523 0.500000 0.500000 0.500000
v 0.10848449 0.99292994 0.06833351 0.500000 0.500000 0.500000
v 0.10909000 0.99265939 -0.06836332 0.500000 0.500000 0.500000
v 0.18060638 0.97884697 0.06728328 0.500000 0.500000 0.500000
v 0.18128963 0.97957712 -0.06765386 0.500000 0.500000 0.500000
v -0.00037895 0.99045247 0.13649671 0.500000 0.500000 0.500000
v -0.14587824 0.97803128 0.13564108 0.500000 0.500000 0.500000
v -0.03714898 0.97247714 0.20213610 0.500000 0.500000 0.500000
v 0.00006204 0.99074304 -0.13674393 0.500000 0.500000 0.500000
v -0.14641917 0.97819114 -0.13560028 0.500000 0.500000 0.500000
v -0.03696456 0.97589117 -0.20359868 0.500000 0.500000 0.500000
v 0.14511925 0.97593689 0.13473675 0.500000 0.500000 0.500000
v 0.03625711 0.97145039 0.20176360 0.500000 0.500000 0.500000
v 0.14629248 0.97829038 -0.13576207 0.500000 0.500000 0.500000
v 0.03711529 0.97596323 -0.20366733 0.500000 0.500000 0.500000
v -0.30024740 0.85248673 0.37671235 0.500000 0.500000 0.500000
v -0.41203883 0.79075092 0.42234012 0.500000 0.500000 0.500000
v -0.33386689 0.86767447 0.31396732 0.500000 0.500000 0.500000
v -0.44449604 0.80493224 0.35836214 0.500000 0.500000 0.500000
v -0.19246280 0.78832555 0.55506790 0.500000 0.500000 0.500000
v -0.30309740 0.72425091 0.59924346 0.500000 0.500000 0.500000
v -0.15401247 0.75934327 0.60950458 0.500000 0.500000 0.500000
v -0.26349202 0.69453847 0.65276986 0.500000 0.500000 0.500000
v -0.19033960 0.84837502 0.44166356 0.500000 0.500000 0.500000
v -0.26069003 0.88682258 0.31908098 0.500000 0.500000 0.500000
v -0.15116081 0.88156110 0.38392136 0.500000 0.500000 0.500000
v -0.41242313 0.72312897 0.53148681 0.500000 0.500000 0.500000
v -0.48218957 0.76089990 0.40798438 0.500000 0.500000 0.500000
v -0.48181468 0.69228494 0.51652068 0.500000 0.500000 0.500000
v -0.11583289 0.79837263 0.55717516 0.500000 0.500000 0.500000
v -0.11449654 0.85783899 0.44366717 0.500000 0.500000 0.500000
v -0.33517227 0.67010206 0.64443290 0.500000 0.500000 0.500000
v -0.44426379 0.66882634 0.57608598 0.500000 0.500000 0.500000
v -0.30269986 0.86126584 -0.38117191 0.500000 0.500000 0.500000
v -0.41386068 0.79508293 -0.42472029 0.500000 0.500000 0.500000
v -0.33581978 0.87402892 -0.31683674 0.500000 0.500000 0.500000
v -0.44576478 0.80794400 -0.35966244 0.500000 0.500000 0.500000
v -0.19466001 0.79795206 -0.56130052 0.500000 0.500000 0.500000
v -0.30565581 0.73044401 -0.60401434 0.500001 0.500001 0.500001
v -0.15556669 0.76687324 -0.61507607 0.500000 0.500000 0.500000
v -0.26547453 0.69969434 -0.65720338 0.500002 0.500002 0.500002
v -0.19282328 0.86150342 -0.44877449 0.500000 0.500000 0.500000
v -0.26281422 0.89579535 -0.32329679 0.500000 0.500000 0.500000
v -0.15295821 0.89438838 -0.39039427 0.500000 0.500000 0.500000
v -0.41495639 0.72804058 -0.53515869 0.500001 0.500001 0.500001
v -0.48305550 0.76292610 -0.40900731 0.500000 0.500000 0.500000
v -0.48357260 0.69521791 -0.51894408 0.500001 0.500001 0.500001
v -0.11739792 0.80936927 -0.56408435 0.500000 0.500000 0.500000
v -0.11612918 0.87215507 -0.45128787 0.500000 0.500000 0.500000
v -0.33763787 0.67495811 -0.64867151 0.500003 0.500003 0.500003
v -0.44668096 0.67272866 -0.57950079 0.500002 0.500002 0.500002
v -0.73004526 0.60321087 -0.30532533 0.500004 0.500004 0.500004
v -0.80003858 0.56195354 -0.19504574 0.500002 0.500002 0.500002
v -0.69876069 0.65610820 -0.26499784 0.500001 0.500001 0.500001
v -0.76775467 0.61523360 -0.15571226 0.500000 0.500000 0.500000
v -0.79876769 0.42610756 -0.41565162 0.500007 0.500007 0.500007
v -0.86738896 0.38369036 -0.30466077 0.500007 0.500007 0.500007
v -0.81273401 0.36160478 -0.44822353 0.500007 0.500007 0.500007
v -0.87990010 0.31906253 -0.33803070 0.500010 0.500010 0.500010
v -0.72921103 0.53531277 -0.41558504 0.500002 0.500002 0.500002
v -0.67360187 0.64713383 -0.33685437 0.500001 0.500001 0.500001
v -0.67291552 0.57908988 -0.44682482 0.500002 0.500002 0.500002
v -0.86722320 0.45114404 -0.19405177 0.500008 0.500008 0.500008
v -0.81179899 0.56499952 -0.11775227 0.500000 0.500000 0.500000
v -0.87798131 0.45375267 -0.11695370 0.500006 0.500006 0.500006
v -0.76690179 0.41082922 -0.48540929 0.500004 0.500004 0.500004
v -0.69675428 0.51948076 -0.48460034 0.500005 0.500005 0.500005
v -0.90326267 0.32652697 -0.26496172 0.500008 0.500008 0.500008
v -0.90141225 0.39349228 -0.15428223 0.500010 0.500010 0.500010
v -0.73065466 0.60387015 0.30568892 0.500000 0.500000 0.500000
v -0.79954851 0.56190848 0.19493946 0.500000 0.500000 0.500000
v -0.69884855 0.65639168 0.26520038 0.500000 0.500000 0.500000
v -0.76714778 0.61510092 0.15556610 0.500000 0.500000 0.500000
v -0.79983294 0.42673784 0.41594291 0.500008 0.500008 0.500008
v -0.86850595 0.38438636 0.30503574 0.500008 0.500008 0.500008
v -0.81349838 0.36185205 0.44837955 0.500009 0.500009 0.500009
v -0.88206470 0.32025775 0.33866680 0.500009 0.500009 0.500009
v -0.72990376 0.53582025 0.41576070 0.500000 0.500000 0.500000
v -0.67452270 0.64799833 0.33743867 0.500000 0.500000 0.500000
v -0.67336732 0.57941055 0.44679284 0.500000 0.500000 0.500000
v -0.86718643 0.45120516 0.19404446 0.500007 0.500007 0.500007
v -0.81125832 0.56485105 0.11760521 0.500000 0.500000 0.500000
v -0.87868267 0.45406577 0.11697754 0.500008 0.500008 0.500008
v -0.76677394 0.41056421 0.48520669 0.500008 0.500008 0.500008
v -0.69690657 0.51950592 0.48437577 0.500001 0.500001 0.500001
v -0.90273660 0.32635981 0.26498318 0.500008 0.500008 0.500008
v -0.90152937 0.39351511 0.15423568 0.500009 0.500009 0.500009
v 0.30077007 0.85335970 0.37784684 0.500000 0.500000 0.500000
v 0.41330802 0.79393184 0.42472523 0.500000 0.500000 0.500000
v 0.33399394 0.86725831 0.31432796 0.500000 0.500000 0.500000
v 0.44527590 0.80685920 0.35984308 0.500000 0.500000 0.500000
v 0.19392867 0.79312944 0.55817485 0.500000 0.500000 0.500000
v 0.30488032 0.72875977 0.60250497 0.500000 0.500000 0.500000
v 0.15535912 0.76371670 0.61231363 0.500000 0.500000 0.500000
v 0.26480421 0.69803739 0.65535331 0.500000 0.500000 0.500000
v 0.19088690 0.84962696 0.44291395 0.500000 0.500000 0.500000
v 0.26059034 0.88507301 0.31886196 0.500000 0.500000 0.500000
v 0.15100873 0.87955958 0.38350451 0.500000 0.500000 0.500000
v 0.11687436 0.80195093 0.55938518 0.500000 0.500000 0.500000
v 0.11473504 0.85824203 0.44431943 0.500000 0.500000 0.500000
v 0.41402552 0.72689241 0.53422230 0.500000 0.500000 0.500000
v 0.48293862 0.76295316 0.40946093 0.500000 0.500000 0.500000
v 0.48248631 0.69415712 0.51786911 0.500000 0.500000 0.500000
v 0.33667299 0.67348921 0.64701623 0.500000 0.500000 0.500000
v 0.44545799 0.67142832 0.57805753 0.500000 0.500000 0.500000
v 0.30149975 0.85895073 -0.37997341 0.500000 0.500000 0.500000
v 0.41188911 0.79112583 -0.42242080 0.500000 0.500000 0.500000
v 0.33433959 0.87077284 -0.31517068 0.500000 0.500000 0.500000
v 0.44382223 0.80398744 -0.35746491 0.500000 0.500000 0.500000
v 0.19452596 0.79798335 -0.56135505 0.500000 0.500000 0.500000
v 0.30492654 0.72913867 -0.60328037 0.500001 0.500001 0.500001
v 0.15558149 0.76704055 -0.61517650 0.500000 0.500000 0.500000
v 0.26526520 0.69936192 -0.65705258 0.500002 0.500002 0.500002
v 0.19264512 0.86183792 -0.44903287 0.500000 0.500000 0.500000
v 0.26203358 0.89460421 -0.32278281 0.500000 0.500000 0.500000
v 0.15288946 0.89494258 -0.39073765 0.500000 0.500000 0.500000
v 0.11746170 0.80962890 -0.56428432 0.500000 0.500000 0.500000
v 0.11616269 0.87260634 -0.45160681 0.500000 0.500000 0.500000
v 0.41351280 0.72543132 -0.53361821 0.500001 0.500001 0.500001
v 0.48126876 0.75956506 -0.40705723 0.500000 0.500000 0.500000
v 0.48234811 0.69311416 -0.51776493 0.500001 0.500001 0.500001
v 0.33716059 0.67414641 -0.64825308 0.500003 0.500003 0.500003
v 0.44594294 0.67140162 -0.57883173 0.500002 0.500002 0.500002
v 0.72989875 0.60310161 -0.30530891 0.500011 0.500011 0.500011
v 0.79997081 0.56203324 -0.19506031 0.500005 0.500004 0.500004
v 0.69867808 0.65593207 -0.26503265 0.500003 0.500003 0.500003
v 0.76772952 0.61533403 -0.15579411 0.500000 0.500000 0.500000
v 0.79875284 0.42616397 -0.41561595 0.500007 0.500002 0.500003
v 0.86735755 0.38372988 -0.30463839 0.500005 0.500001 0.500002
v 0.81274503 0.36165410 -0.44820234 0.500007 0.500003 0.500004
v 0.87987822 0.31906715 -0.33803824 0.500008 0.500007 0.500007
v 0.72917432 0.53530401 -0.41555205 0.500003 0.500000 0.500001
v 0.67330939 0.64667302 -0.33670163 0.500004 0.500004 0.500004
v 0.67273313 0.57881272 -0.44670859 0.500002 0.500001 0.500002
v 0.86719632 0.45119539 -0.19401973 0.500022 0.500006 0.500009
v 0.81173319 0.56509101 -0.11776534 0.500000 0.500000 0.500000
v 0.87795848 0.45377320 -0.11691761 0.500013 0.500008 0.500009
v 0.76690930 0.41088256 -0.48537421 0.500005 0.500001 0.500002
v 0.69674486 0.51947117 -0.48458627 0.500006 0.500001 0.500002
v 0.90323442 0.32651895 -0.26497096 0.500005 0.500003 0.500004
v 0.90140283 0.39350307 -0.15425110 0.500027 0.500012 0.500015
v 0.72969204 0.60314459 0.30506372 0.500000 0.500000 0.500000
v 0.79954529 0.56185400 0.19485712 0.500000 0.500000 0.500000
v 0.69806802 0.65586472 0.26470312 0.500000 0.500000 0.500000
v 0.76718295 0.61512899 0.15549773 0.500000 0.500000 0.500000
v 0.79871857 0.42592278 0.41523847 0.500008 0.500007 0.500007
v 0.86852580 0.38442183 0.30490890 0.500009 0.500001 0.500003
v 0.81218690 0.36105019 0.44746593 0.500009 0.500009 0.500009
v 0.88191199 0.32025298 0.33842450 0.500011 0.500003 0.500004
v 0.72846687 0.53471410 0.41484517 0.500000 0.500000 0.500000
v 0.67337519 0.64720869 0.33672607 0.500000 0.500000 0.500000
v 0.67204982 0.57844460 0.44599193 0.500000 0.500000 0.500000
v 0.86731189 0.45127806 0.19405912 0.500007 0.500005 0.500005
v 0.81129777 0.56488621 0.11758684 0.500000 0.500000 0.500000
v 0.87869358 0.45408827 0.11701143 0.500008 0.500008 0.500008
v 0.76524264 0.40947336 0.48417485 0.500008 0.500008 0.500008
v 0.69557744 0.51849431 0.48356241 0.500001 0.500001 0.500001
v 0.90291035 0.32651201 0.26494193 0.500008 0.500005 0.500006
v 0.90155941 0.39355972 0.15427569 0.500008 0.500007 0.500007
v -0.10843378 -0.98157251 0.07403225 0.500000 0.500000 0.500000
v -0.10533168 -0.99084562 -0.07123490 0.500000 0.500000 0.500000
v -0.17725617 -0.97722286 0.07318965 0.500000 0.500000 0.500000
v -0.17657411 -0.97893089 -0.07002900 0.500000 0.500000 0.500000
v 0.11340646 -0.98369163 0.06109604 0.500000 0.500000 0.500000
v 0.11189058 -0.97976685 -0.06981388 0.500000 0.500000 0.500000
v 0.18309097 -0.97689033 0.06020462 0.500000 0.500000 0.500000
v 0.18334594 -0.96543318 -0.06840048 0.500000 0.500000 0.500000
v -0.00558813 -0.97982305 0.14310054 0.500000 0.500000 0.500000
v -0.14807726 -0.96858519 0.15627050 0.500000 0.500000 0.500000
v -0.06224648 -0.97969264 0.23116872 0.500000 0.500000 0.500000
v 0.00205816 -0.99083954 -0.13871829 0.500000 0.500000 0.500000
v -0.14351553 -0.97780943 -0.13810533 0.500000 0.500000 0.500000
v -0.03644071 -0.97559321 -0.20450038 0.500000 0.500000 0.500000
v 0.15630266 -0.99226826 0.11847167 0.500000 0.500000 0.500000
v 0.03881444 -0.99192935 0.19711149 0.500000 0.500000 0.500000
v 0.14879559 -0.97457010 -0.13561915 0.500000 0.500000 0.500000
v 0.03752295 -0.97582543 -0.20381451 0.500000 0.500000 0.500000
v -0.46261072 -0.96807164 0.30250800 0.500041 0.500041 0.500041
v -2.21557379 -2.60302114 -1.37285197 0.499978 0.499978 0.499978
v -0.38269013 -0.92071760 0.30391294 0.500000 0.500000 0.500000
v 1.35304928 0.98375785 -1.43396187 0.500007 0.500006 0.500006
v -1.99725926 -2.60149264 2.36453366 0.501453 0.500752 0.500875
v -2.10519743 -2.53478384 2.40576148 0.500842 0.500599 0.500642
v 1.64039910 1.02817488 2.41547823 0.499161 0.498978 0.499010
v -0.18202221 -1.06019485 0.58136117 0.499987 0.499987 0.499987
v 1.60178804 -2.66852903 -1.34572124 0.505023 0.502176 0.502674
v -0.40692747 -1.11986876 0.14367555 0.500004 0.500003 0.500003
v -1.96099401 0.89516526 2.19415092 0.507823 0.507582 0.507624
v 1.38574219 -2.53500962 -1.26320267 0.500521 0.499789 0.499917
v 1.31378019 1.02741575 -1.39170611 0.499984 0.499984 0.499984
v 1.31480372 -2.50447345 2.31797838 0.499684 0.499657 0.499662
v 1.68093085 0.98784328 -1.22883964 0.501629 0.500776 0.500926
v 1.68025374 0.92066258 2.26089764 0.515786 0.506571 0.508185
v 1.46531749 -2.47890043 -1.14648485 0.507657 0.502413 0.503331
v -0.12448108 -0.36752495 0.43019465 0.500029 0.500029 0.500029
v -0.30291876 -0.86014473 -0.38073984 0.500000 0.500000 0.500000
v -0.41506678 -0.79642242 -0.42540398 0.500000 0.500000 0.500000
v -0.33616722 -0.87405080 -0.31738758 0.500000 0.500000 0.500000
v -0.44710904 -0.80949056 -0.36050737 0.500000 0.500000 0.500000
v -0.19421947 -0.79547811 -0.55930173 0.500000 0.500000 0.500000
v -0.30528241 -0.72950500 -0.60295010 0.500000 0.500000 0.500000
v -0.15506294 -0.76420438 -0.61285919 0.500000 0.500000 0.500000
v -0.26461875 -0.69774061 -0.65543979 0.500000 0.500000 0.500000
v -0.19250946 -0.85846859 -0.44680026 0.500000 0.500000 0.500000
v -0.26246160 -0.89390743 -0.32294804 0.500000 0.500000 0.500000
v -0.15268379 -0.89118326 -0.38865414 0.500000 0.500000 0.500000
v -0.41580567 -0.72947556 -0.53570497 0.500000 0.500000 0.500000
v -0.48439914 -0.76463503 -0.40986162 0.500000 0.500000 0.500000
v -0.48442560 -0.69669271 -0.51963669 0.500000 0.500000 0.500000
v -0.11698546 -0.80601501 -0.56159759 0.500000 0.500000 0.500000
v -0.11586130 -0.86861682 -0.44898087 0.500000 0.500000 0.500000
v -0.33714774 -0.67414683 -0.64774847 0.500000 0.500000 0.500000
v -0.44721419 -0.67388821 -0.58004117 0.500000 0.500000 0.500000
v -0.73016691 -0.60393107 -0.30545819 0.499993 0.499993 0.499993
v -0.79977173 -0.56248420 -0.19477050 0.499992 0.499992 0.499992
v -0.69934916 -0.65716875 -0.26522407 0.499998 0.499998 0.499998
v -0.76804733 -0.61555606 -0.15551673 0.499998 0.499998 0.499998
v -0.79876459 -0.42601386 -0.41561711 0.499988 0.499988 0.499988
v -0.86735415 -0.38369107 -0.30459338 0.500006 0.500006 0.500006
v -0.81279546 -0.36155301 -0.44826442 0.500000 0.500000 0.500000
v -0.87994736 -0.31900445 -0.33804297 0.500014 0.500014 0.500014
v -0.72919589 -0.53539985 -0.41546983 0.499987 0.499987 0.499987
v -0.67404962 -0.64808172 -0.33718944 0.499999 0.499999 0.499999
v -0.67307144 -0.57940817 -0.44686878 0.499990 0.499990 0.499990
v -0.86706221 -0.45176697 -0.19368574 0.499974 0.499974 0.499974
v -0.81187618 -0.56502241 -0.11750946 0.499994 0.499994 0.499994
v -0.87785685 -0.45417884 -0.11648633 0.499977 0.499977 0.499977
v -0.76688272 -0.41073281 -0.48540604 0.499995 0.499995 0.499995
v -0.69674355 -0.51949817 -0.48453930 0.499986 0.499986 0.499986
v -0.90323818 -0.32655090 -0.26493549 0.500019 0.500019 0.500019
v -0.90132517 -0.39408112 -0.15393341 0.499987 0.499987 0.499987
v -0.72423422 -0.60082430 0.30440396 0.499998 0.499998 0.499998
v -0.79875904 -0.56049675 0.19291466 0.499994 0.499994 0.499994
v -0.68988711 -0.65711987 0.26467863 0.500000 0.500000 0.500000
v -0.76880533 -0.61414272 0.15318941 0.499998 0.499998 0.499998
v -0.79684377 -0.42269492 0.41286328 0.499984 0.499984 0.499984
v -0.86784190 -0.38477466 0.30471638 0.500008 0.500008 0.500008
v -0.81128663 -0.36222300 0.44626376 0.500045 0.500045 0.500045
v -0.88174850 -0.32071859 0.33866617 0.500028 0.500028 0.500028
v -0.74609643 -0.52187419 0.41294923 0.499985 0.499985 0.499985
v -0.66245025 -0.65773749 0.34000894 0.500000 0.500000 0.500000
v -0.76729763 -0.53554875 0.44892350 0.500062 0.500062 0.500062
v -0.86845970 -0.45139852 0.19311105 0.499990 0.499990 0.499990
v -0.81343192 -0.56378990 0.11524846 0.499996 0.499996 0.499996
v -0.87977701 -0.45352232 0.11607335 0.499990 0.499990 0.499990
v -0.76120484 -0.40932029 0.47957641 0.500004 0.500004 0.500004
v -0.71930677 -0.43828970 0.43718272 0.500033 0.500033 0.500033
v -0.90279859 -0.32642606 0.26487875 0.500026 0.500026 0.500026
v -0.90227306 -0.39329103 0.15377474 0.500006 0.500006 0.500006
v -1.49236441 0.93027312 -1.41407812 0.515909 0.514371 0.514640
v 2.21557379 -2.60302114 -1.37285197 0.500747 0.500503 0.500546
v -1.46081793 0.91715759 -1.47512317 0.506778 0.505976 0.506116
v -1.35304928 -2.61624193 -1.43396187 0.499993 0.499992 0.499992
v -1.60274065 0.99850732 -1.23546624 0.505192 0.504968 0.505007
v -1.49480247 -2.53478384 -1.19423842 0.502603 0.501629 0.501799
v -1.64039910 1.02817488 -1.18452156 0.503210 0.503074 0.503098
v 2.06736898 1.09477925 2.45664120 0.504682 0.503332 0.503569
v 1.99821186 -2.66852903 2.25427866 0.506405 0.505192 0.505405
v 2.07060575 0.89416653 -1.47405767 0.520410 0.514293 0.515364
v 1.96099401 0.89516526 -1.40584886 0.506740 0.501773 0.502642
v 1.91906905 -2.61215663 2.37116027 0.501731 0.500952 0.501088
v 1.91974616 0.92066258 -1.33910227 0.534285 0.527749 0.528894
v 2.21425772 -2.53500962 2.33679724 0.503056 0.502051 0.502227
v 0.55608773 -0.89403695 0.25978827 0.500000 0.500000 0.500000
v -1.31480372 -2.50447345 2.31797838 0.506228 0.505750 0.505833
v -1.46531749 -2.47890043 -1.14648485 0.500516 0.500268 0.500311
v -1.35605156 1.12102699 -1.21527314 0.500705 0.500425 0.500474
v 0.30178237 -0.85925686 -0.38001478 0.500000 0.500000 0.500000
v 0.41311944 -0.79441190 -0.42435601 0.500000 0.500000 0.500000
v 0.33541718 -0.87266850 -0.31623802 0.500000 0.500000 0.500000
v 0.44498709 -0.80767334 -0.35971224 0.500000 0.500000 0.500000
v 0.19411942 -0.79486001 -0.55905563 0.500000 0.500000 0.500000
v 0.30479884 -0.72832209 -0.60219741 0.500000 0.500000 0.500000
v 0.15511648 -0.76403695 -0.61283374 0.500000 0.500000 0.500000
v 0.26456654 -0.69750178 -0.65520769 0.500000 0.500000 0.500000
v 0.19200356 -0.85855508 -0.44674069 0.500000 0.500000 0.500000
v 0.26219320 -0.89389026 -0.32212538 0.500000 0.500000 0.500000
v 0.15201297 -0.89204824 -0.38866276 0.500000 0.500000 0.500000
v 0.11713768 -0.80597168 -0.56164193 0.500000 0.500000 0.500000
v 0.11554554 -0.86895323 -0.44906124 0.500000 0.500000 0.500000
v 0.41414055 -0.72668368 -0.53394449 0.500000 0.500000 0.500000
v 0.48203865 -0.76231498 -0.40852699 0.500000 0.500000 0.500000
v 0.48247802 -0.69389337 -0.51776201 0.500000 0.500000 0.500000
v 0.33668149 -0.67320150 -0.64697570 0.500000 0.500000 0.500000
v 0.44564059 -0.67136711 -0.57821387 0.500000 0.500000 0.500000
v 0.72758043 -0.60184884 -0.30390093 0.499993 0.499993 0.499993
v 0.79890162 -0.56170523 -0.19427274 0.499991 0.499991 0.499991
v 0.69736403 -0.65588510 -0.26420459 0.499998 0.499998 0.499998
v 0.76741296 -0.61550963 -0.15525503 0.499997 0.499997 0.499997
v 0.79666770 -0.42480657 -0.41458145 0.499988 0.499983 0.499984
v 0.86576122 -0.38284427 -0.30398443 0.500008 0.499997 0.499999
v 0.81137264 -0.36092165 -0.44746348 0.500004 0.499988 0.499991
v 0.87886298 -0.31854707 -0.33754766 0.500023 0.500003 0.500006
v 0.72643262 -0.53322166 -0.41400683 0.499987 0.499987 0.499987
v 0.67116702 -0.64559191 -0.33535123 0.499999 0.499999 0.499999
v 0.67036515 -0.57692546 -0.44515711 0.499990 0.499990 0.499990
v 0.86661053 -0.45102939 -0.19365585 0.499986 0.499984 0.499984
v 0.81174207 -0.56512582 -0.11725312 0.499991 0.499991 0.499991
v 0.87810761 -0.45397222 -0.11660106 0.499983 0.499981 0.499982
v 0.76535141 -0.40995505 -0.48444197 0.499995 0.499984 0.499986
v 0.69451374 -0.51773113 -0.48314169 0.499986 0.499986 0.499986
v 0.90260744 -0.32630131 -0.26466250 0.500013 0.500002 0.500004
v 0.90135336 -0.39371321 -0.15406585 0.499999 0.499989 0.499991
v 0.73024279 -0.60857147 0.30656213 0.499997 0.499997 0.499997
v 0.79050952 -0.55622953 0.19099168 0.499992 0.499992 0.499992
v 0.69738090 -0.65770137 0.26342636 0.500000 0.500000 0.500000
v 0.76015389 -0.60992640 0.15205613 0.499998 0.499998 0.499998
v 0.79070067 -0.42137247 0.41016653 0.499988 0.499984 0.499984
v 0.86535227 -0.38082081 0.30206794 0.500008 0.499998 0.500000
v 0.80593991 -0.35653672 0.44282687 0.500018 0.500000 0.500003
v 0.88275224 -0.31906259 0.33746004 0.500022 0.500003 0.500006
v 0.73719275 -0.54611111 0.42204291 0.499985 0.499985 0.499985
v 0.68991286 -0.66518885 0.34579787 0.499999 0.499999 0.499999
v 0.71289837 -0.61633271 0.47701061 0.499992 0.499992 0.499992
v 0.86654705 -0.44854778 0.19202323 0.499990 0.499989 0.499989
v 0.80840576 -0.56136084 0.11535268 0.499996 0.499996 0.499996
v 0.88020402 -0.45282173 0.11656748 0.499987 0.499986 0.499987
v 0.75952828 -0.40497807 0.47875842 0.499996 0.499990 0.499991
v 0.71158677 -0.53197867 0.49467790 0.499986 0.499986 0.499986
v 0.90391046 -0.32534480 0.26430687 0.500025 0.500002 0.500006
v 0.90286541 -0.39249405 0.15388495 0.500006 0.499997 0.499998
v 0.06651550 -0.11064215 0.98687869 0.500057 0.500057 0.500057
v -0.06927551 -0.11074142 0.98696065 0.500040 0.500040 0.500040
v 0.06545567 -0.18332894 0.97595084 0.500050 0.500050 0.500050
v -0.06808750 -0.18486932 0.97569251 0.500035 0.500035 0.500035
v 0.06900735 0.10947488 0.98695612 0.500005 0.500005 0.500005
v -0.06802900 0.10976690 0.98705286 0.500023 0.500023 0.500023
v 0.06820904 0.18245853 0.97555608 0.500020 0.500020 0.500020
v -0.06772747 0.18237956 0.97560924 0.500026 0.500026 0.500026
v 0.13626991 -0.00085097 0.98693275 0.500053 0.500053 0.500053
v 0.13305266 -0.14738803 0.97574288 0.500054 0.500054 0.500054
v 0.20224495 -0.03803908 0.97340226 0.500044 0.500044 0.500044
v -0.13694881 0.00029979 0.98670942 0.500045 0.500045 0.500045
v -0.13544407 -0.14880063 0.97546583 0.500036 0.500036 0.500036
v -0.20410757 -0.03709028 0.97293448 0.500040 0.500040 0.500040
v 0.13669005 0.14694202 0.97547376 0.500005 0.500005 0.500005
v 0.20372978 0.03625593 0.97325629 0.500042 0.500042 0.500042
v -0.13580243 0.14706948 0.97564775 0.500010 0.500010 0.500010
v -0.20381559 0.03741814 0.97316211 0.500040 0.500040 0.500040
v 0.41610643 -0.42813143 0.80616790 0.500013 0.499999 0.500001
v 0.37672713 -0.30174255 0.85509312 0.500040 0.500022 0.500025
v 0.35347611 -0.47889936 0.81668466 0.500002 0.499994 0.499996
v 0.31956711 -0.33383071 0.86579251 0.500033 0.500019 0.500022
v 0.59889442 -0.29960817 0.72280461 0.500038 0.500012 0.500016
v 0.56189233 -0.19198258 0.79724473 0.500030 0.500012 0.500015
v 0.65872556 -0.26348844 0.69763869 0.500033 0.500008 0.500012
v 0.61575520 -0.15406716 0.76501060 0.500029 0.500011 0.500014
v 0.52370870 -0.41038090 0.72682667 0.500014 0.499996 0.500000
v 0.39958844 -0.51967919 0.81734776 0.499983 0.499978 0.499979
v 0.50902611 -0.47836474 0.70469356 0.499965 0.499962 0.499962
v 0.64397037 -0.33106244 0.66675365 0.500029 0.500002 0.500007
v 0.56510949 -0.43102932 0.66397852 0.499983 0.499971 0.499973
v 0.44907999 -0.19040228 0.86544454 0.500051 0.500030 0.500034
v 0.32133895 -0.25997216 0.89155149 0.500030 0.500022 0.500024
v 0.39099473 -0.15168707 0.90016878 0.500063 0.500054 0.500055
v 0.56539553 -0.11632545 0.80919582 0.500034 0.500014 0.500017
v 0.45409960 -0.11558612 0.87828553 0.500065 0.500045 0.500049
v -0.47740105 -0.34934917 0.76444882 0.500008 0.500008 0.500008
v -0.38236749 -0.30036119 0.85679370 0.500020 0.500020 0.500020
v -0.43498579 -0.44598272 0.74166590 0.500004 0.500004 0.500004
v -0.32847023 -0.33587408 0.87188148 0.500020 0.500020 0.500020
v -0.59864330 -0.29986358 0.72750080 0.500025 0.500025 0.500025
v -0.56060255 -0.19577286 0.79528415 0.500026 0.500026 0.500026
v -0.65525681 -0.26220560 0.69512069 0.500027 0.500027 0.500027
v -0.61516237 -0.15756753 0.76421052 0.500028 0.500028 0.500028
v -0.52362025 -0.43827099 0.76409972 0.500002 0.500002 0.500002
v -2.20829391 1.31378019 -1.02741563 0.500280 0.500255 0.500260
v 1.28202152 -2.28519630 2.50447345 0.499914 0.499914 0.499914
v -0.64746898 -0.32844615 0.67713094 0.500021 0.500021 0.500021
v -0.51461393 -0.46340325 0.67703813 0.500006 0.500006 0.500006
v -0.44739839 -0.19535616 0.86584657 0.500023 0.500023 0.500023
v -0.32262436 -0.26340103 0.89480388 0.500020 0.500020 0.500020
v -0.38940313 -0.15574050 0.89962995 0.500028 0.500028 0.500028
v -0.56420648 -0.11987682 0.80899012 0.500017 0.500017 0.500017
v -0.45262003 -0.11896057 0.87796015 0.500028 0.500028 0.500028
v 0.42601553 0.41530740 0.79833937 0.500014 0.500011 0.500012
v 0.38372391 0.30465472 0.86687058 0.500053 0.500030 0.500034
v 0.36092484 0.44729835 0.81136715 0.500001 0.500001 0.500001
v 0.31891853 0.33769760 0.87901157 0.500032 0.500026 0.500027
v 0.60285085 0.30517775 0.72952700 0.500020 0.500020 0.500020
v 0.56052095 0.19445688 0.79824942 0.500023 0.500023 0.500023
v 0.65629631 0.26513144 0.69903809 0.500021 0.500017 0.500017
v 0.61369812 0.15503134 0.76582879 0.500021 0.500021 0.500021
v 0.53434366 0.41471434 0.72778475 0.500018 0.500018 0.500018
v 0.40989020 0.48437452 0.76531893 0.500003 0.500003 0.500003
v 0.51798767 0.48317498 0.69480926 0.500001 0.500001 0.500001
v 0.64808041 0.33741271 0.67452419 0.500021 0.500011 0.500013
v 0.57850111 0.44614834 0.67203152 0.500017 0.500017 0.500017
v 0.45085829 0.19387132 0.86676270 0.500032 0.500032 0.500032
v 0.32550582 0.26452798 0.90048975 0.500032 0.500028 0.500029
v 0.39286307 0.15378666 0.89949834 0.500009 0.500008 0.500008
v 0.56382865 0.11713793 0.80992168 0.500028 0.500028 0.500028
v 0.45395735 0.11659560 0.87809205 0.500011 0.500011 0.500011
v -0.42598096 0.41536647 0.79851043 0.500007 0.500007 0.500007
v -0.38366371 0.30461249 0.86686182 0.500035 0.500027 0.500029
v -0.36096302 0.44733566 0.81145960 0.500001 0.500001 0.500001
v -0.31888387 0.33765841 0.87902176 0.500027 0.500024 0.500025
v -0.60290790 0.30517763 0.72938561 0.500010 0.500010 0.500010
v -0.56051594 0.19454414 0.79812425 0.500011 0.500011 0.500011
v -0.65658426 0.26520142 0.69894964 0.500010 0.500010 0.500010
v -0.61379170 0.15517244 0.76558006 0.500011 0.500011 0.500011
v -0.53433007 0.41470432 0.72785509 0.500008 0.500008 0.500008
v -0.40990165 0.48425254 0.76528329 0.500001 0.500001 0.500001
v -0.51792365 0.48298380 0.69468492 0.500001 0.500001 0.500001
v -0.64829189 0.33748886 0.67453116 0.500010 0.500009 0.500009
v -0.57849818 0.44612461 0.67196709 0.500008 0.500008 0.500008
v -0.45070902 0.19405724 0.86679655 0.500012 0.500012 0.500012
v -0.32550552 0.26442921 0.90049702 0.500029 0.500026 0.500027
v -0.39268970 0.15414469 0.89952397 0.500010 0.500010 0.500010
v -0.56370556 0.11751077 0.80981356 0.500006 0.500006 0.500006
v -0.45379817 0.11722974 0.87806064 0.499989 0.499989 0.499989
v 0.06843057 -0.10956695 -0.98707461 0.499992 0.499992 0.499992
v -0.06818230 -0.10952899 -0.98617893 0.500260 0.500251 0.500252
v 0.06771751 -0.18225296 -0.97535771 0.500411 0.500411 0.500411
v -0.06759185 -0.18222332 -0.97512376 0.500306 0.500291 0.500293
v 0.06844639 0.10980155 -0.98746806 0.500787 0.500787 0.500787
v -0.06834267 0.10980203 -0.98753977 0.500770 0.500770 0.500770
v 0.06781905 0.18257399 -0.97646946 0.500748 0.500748 0.500748
v -0.06776156 0.18257368 -0.97662187 0.500751 0.500751 0.500751
v 0.13675486 0.00007389 -0.98431134 0.500390 0.500389 0.500390
v 0.13564204 -0.14704198 -0.97243124 0.500016 0.500016 0.500016
v 0.20384477 -0.03723298 -0.97094005 0.500037 0.499928 0.499947
v -0.13653153 0.00009549 -0.98330134 0.500517 0.500517 0.500517
v -0.13537396 -0.14701959 -0.97119844 0.500206 0.500205 0.500205
v -0.20362805 -0.03719521 -0.96957064 0.500277 0.500277 0.500277
v 0.13577317 0.14728768 -0.97307354 0.500649 0.500647 0.500647
v 0.20385315 0.03734032 -0.97090000 0.500416 0.500404 0.500406
v -0.13569985 0.14729412 -0.97308028 0.500745 0.500745 0.500745
v -0.20365301 0.03737374 -0.96980983 0.500531 0.500531 0.500531
v 0.42506126 -0.41473174 -0.79706967 0.500010 0.499979 0.499985
v 0.38340715 -0.30447948 -0.86650348 0.500131 0.500127 0.500128
v 0.36112696 -0.44746113 -0.81167293 0.499961 0.499961 0.499961
v 0.31969780 -0.33813033 -0.88022351 0.500100 0.500098 0.500098
v 0.60391754 -0.30585495 -0.73112851 0.500028 0.500011 0.500014
v 0.56149131 -0.19497682 -0.79954022 0.500124 0.500065 0.500075
v 0.65654665 -0.26506755 -0.69916594 0.500043 0.500023 0.500027
v 0.61552626 -0.15573931 -0.76851314 0.499963 0.499958 0.499959
v 0.53528833 -0.41561159 -0.72918546 0.499940 0.499927 0.499929
v 0.40930259 -0.48388234 -0.76452798 0.499977 0.499976 0.499976
v 0.51893967 -0.48405546 -0.69603473 0.499975 0.499975 0.499975
v 0.64773190 -0.33708417 -0.67418432 0.500038 0.500017 0.500021
v 0.57915014 -0.44681975 -0.67305160 0.499979 0.499974 0.499975
v 0.44957551 -0.19351335 -0.86436057 0.500158 0.500136 0.500140
v 0.32633638 -0.26480860 -0.90202427 0.500054 0.500053 0.500053
v 0.39261922 -0.15400501 -0.89968133 0.500014 0.500013 0.500014
v 0.56449986 -0.11758961 -0.81133282 0.499877 0.499859 0.499863
v 0.45230299 -0.11655342 -0.87537807 0.500054 0.500032 0.500036
v -0.42604128 -0.41545895 -0.79857653 0.499992 0.499992 0.499992
v -0.38395175 -0.30474052 -0.86747664 0.500018 0.500017 0.500017
v -0.36164704 -0.44793126 -0.81261516 0.499987 0.499987 0.499987
v -0.31980878 -0.33823213 -0.88054258 0.500014 0.500011 0.500011
v -0.60496777 -0.30634955 -0.73230916 0.500014 0.500013 0.500013
v -0.56231475 -0.19515964 -0.80065131 0.500018 0.500018 0.500018
v -0.65790039 -0.26573023 -0.70069033 0.500020 0.500019 0.500019
v -0.61622626 -0.15592501 -0.76928830 0.500012 0.500012 0.500012
v -0.53590804 -0.41597503 -0.72984493 0.499993 0.499993 0.499993
v -0.41018724 -0.48468789 -0.76582414 0.499983 0.499983 0.499983
v -0.51978838 -0.48479173 -0.69693232 0.499986 0.499986 0.499986
v -0.64945179 -0.33811831 -0.67600578 0.500016 0.500016 0.500016
v -0.58038926 -0.44773498 -0.67425621 0.499987 0.499987 0.499987
v -0.45081136 -0.19387645 -0.86652410 0.500024 0.500024 0.500024
v -0.32670084 -0.26493192 -0.90258551 0.500015 0.500013 0.500013
v -0.39374775 -0.15424840 -0.90160090 0.500021 0.500021 0.500021
v -0.56532854 -0.11774688 -0.81252962 0.500016 0.500016 0.500016
v -0.45372674 -0.11685843 -0.87796462 0.500026 0.500026 0.500026
v 0.42605206 0.41554785 -0.79869890 0.500158 0.500035 0.500057
v 0.38458383 0.30509409 -0.86854297 0.500176 0.500147 0.500152
v 0.36127755 0.44785777 -0.81232285 0.500256 0.500137 0.500157
v 0.32039058 0.33858404 -0.88172972 0.500272 0.500244 0.500249
v 0.60507679 0.30646250 -0.73238814 0.500016 0.500014 0.500015
v 0.56239390 0.19535650 -0.80075103 0.500034 0.500011 0.500015
v 0.65788609 0.26573640 -0.70057809 0.500014 0.500008 0.500009
v 0.61616743 0.15602733 -0.76919901 0.500031 0.500019 0.500021
v 0.53625488 0.41629261 -0.73038393 0.500021 0.500009 0.500011
v 0.41015154 0.48489153 -0.76601857 0.500032 0.500012 0.500015
v 0.52004099 0.48498917 -0.69740814 0.500013 0.500005 0.500006
v 0.64938456 0.33811527 -0.67591488 0.500010 0.500010 0.500010
v 0.58044201 0.44774359 -0.67439061 0.500012 0.500005 0.500006
v 0.45094123 0.19412377 -0.86667645 0.500056 0.500019 0.500025
v 0.32703838 0.26519579 -0.90335315 0.500228 0.500223 0.500224
v 0.39346987 0.15435451 -0.90106678 0.500186 0.500048 0.500072
v 0.56506777 0.11785839 -0.81207687 0.500034 0.500013 0.500016
v 0.45317063 0.11694914 -0.87684488 0.500073 0.500042 0.500047
v -0.42585191 0.41537851 -0.79842019 0.500135 0.500135 0.500135
v -0.38432583 0.30494753 -0.86814624 0.500215 0.500215 0.500215
v -0.36099204 0.44763187 -0.81192023 0.500251 0.500251 0.500251
v -0.32021323 0.33847532 -0.88147944 0.500279 0.500279 0.500279
v -0.60504931 0.30642864 -0.73238176 0.500015 0.500015 0.500015
v -0.56251150 0.19533798 -0.80096668 0.500022 0.500022 0.500022
v -0.65786660 0.26572272 -0.70056581 0.500013 0.500013 0.500013
v -0.61621809 0.15599570 -0.76923537 0.500025 0.500025 0.500025
v -0.53627962 0.41628113 -0.73043960 0.500015 0.500015 0.500015
v -0.41003335 0.48476025 -0.76581883 0.500032 0.500032 0.500032
v -0.52007759 0.48498195 -0.69740683 0.500011 0.500011 0.500011
v -0.64938349 0.33809099 -0.67592257 0.500009 0.500009 0.500009
v -0.58047616 0.44773501 -0.67442799 0.500011 0.500011 0.500011
v -0.45100817 0.19404201 -0.86677629 0.500031 0.500031 0.500031
v -0.32687145 0.26511952 -0.90303922 0.500256 0.500256 0.500256
v -0.39361611 0.15429105 -0.90120125 0.500131 0.500131 0.500131
v -0.56537193 0.11783171 -0.81256980 0.500023 0.500023 0.500023
v -0.45372963 0.11693573 -0.87786734 0.500028 0.500028 0.500028
v 0.98872542 0.06858940 -0.10985079 0.500005 0.499999 0.500000
v 0.98870927 -0.06859065 -0.10980124 0.500007 0.499996 0.499998
v 0.97800732 0.06801680 -0.18275487 0.500000 0.499998 0.499998
v 0.97804099 -0.06789730 -0.18268298 0.500009 0.499998 0.500000
v 0.99002355 0.06855416 0.11000029 0.500014 0.500014 0.500014
v 0.98999220 -0.06877448 0.11001273 0.500020 0.500004 0.500006
v 0.97789520 0.06779898 0.18275830 0.500001 0.500001 0.500001
v 0.97786957 -0.06796274 0.18279777 0.500023 0.500003 0.500007
v 0.98794574 0.13724706 0.00008924 0.500021 0.500011 0.500013
v 0.97584236 0.13613990 -0.14736411 0.500016 0.500007 0.500009
v 0.97351789 0.20416556 -0.03726792 0.500029 0.500017 0.500019
v 0.97640002 0.13612893 0.14741078 0.500011 0.500011 0.500011
v 0.97475934 0.20448086 0.03737193 0.500017 0.500012 0.500013
v 0.98784071 -0.13737008 0.00011051 0.500024 0.500003 0.500006
v 0.97585011 -0.13618410 -0.14727961 0.500017 0.499999 0.500002
v 0.97343743 -0.20431440 -0.03719314 0.500017 0.500002 0.500005
v 0.97638702 -0.13622740 0.14751004 0.500027 0.500003 0.500007
v 0.97476608 -0.20455565 0.03750820 0.500021 0.500002 0.500006
v -0.98872262 0.06857020 -0.10988382 0.500015 0.500015 0.500015
v -0.98871642 -0.06847392 -0.10984937 0.500009 0.500009 0.500009
v -0.97800875 0.06797243 -0.18273251 0.500012 0.500012 0.500012
v -0.97804081 -0.06785456 -0.18271206 0.500015 0.500015 0.500015
v -0.98994136 0.06861083 0.10993049 0.500021 0.500021 0.500021
v -0.98998654 -0.06882943 0.11000333 0.500016 0.500016 0.500016
v -0.97774243 0.06779739 0.18276589 0.499999 0.499999 0.499999
v -0.97776705 -0.06797681 0.18274577 0.500011 0.500011 0.500011
v -0.98797917 0.13723831 0.00000752 0.500034 0.500034 0.500034
v -0.97584373 0.13611656 -0.14735310 0.500024 0.500024 0.500024
v -0.97355795 0.20415221 -0.03730673 0.500034 0.500034 0.500034
v -0.97631240 0.13612059 0.14736836 0.500009 0.500009 0.500009
v -0.97482562 0.20446502 0.03729308 0.500021 0.500021 0.500021
v -0.98784047 -0.13749503 0.00018143 0.500015 0.500015 0.500015
v -0.97588670 -0.13607876 -0.14731431 0.500017 0.500017 0.500017
v -0.97341144 -0.20447889 -0.03710340 0.500016 0.500016 0.500016
v -0.97634238 -0.13623551 0.14739196 0.500034 0.500034 0.500034
v -0.97469854 -0.20476976 0.03751986 0.500019 0.500019 0.500019
v -0.28912175 0.93632358 0.12996478 0.500000 0.500000 0.500000
v -0.32692885 0.90870845 0.19096836 0.500000 0.500000 0.500000
v -0.28998241 0.93843699 -0.13040911 0.500000 0.500000 0.500000
v -0.32819712 0.91207516 -0.19202524 0.500000 0.500000 0.500000
v -0.25572184 0.93145615 0.19558780 0.500000 0.500000 0.500000
v -0.25693667 0.93493950 -0.19681652 0.500000 0.500000 0.500000
v -0.54098588 0.78185135 0.27427644 0.500000 0.500000 0.500000
v -0.60418528 0.74513674 0.25108349 0.500000 0.500000 0.500000
v -0.57804334 0.73683864 0.32032862 0.500000 0.500000 0.500000
v -0.54135114 0.78282547 -0.27441263 0.500000 0.500000 0.500000
v -0.60411191 0.74524516 -0.25086179 0.500000 0.500000 0.500000
v -0.57776111 0.73684460 -0.32003132 0.500000 0.500000 0.500000
v -0.73663300 0.66583526 -0.03860190 0.500000 0.500000 0.500000
v -0.73663580 0.66588902 0.03864259 0.500000 0.500000 0.500000
v -0.77774447 0.61690128 -0.00003469 0.500001 0.500001 0.500001
v 0.28844646 0.93325049 0.12918374 0.500000 0.500000 0.500000
v 0.32650617 0.90665036 0.19054389 0.500000 0.500000 0.500000
v 0.28921115 0.93656003 -0.13010746 0.500000 0.500000 0.500000
v 0.32711834 0.90973204 -0.19128494 0.500000 0.500000 0.500000
v 0.25509936 0.92773604 0.19448072 0.500000 0.500000 0.500000
v 0.25631496 0.93396670 -0.19657935 0.500000 0.500000 0.500000
v 0.54111660 0.78242844 0.27466270 0.500000 0.500000 0.500000
v 0.60394025 0.74519688 0.25103509 0.500000 0.500000 0.500000
v 0.57772321 0.73701787 0.32036930 0.500000 0.500000 0.500000
v 0.54037446 0.78077912 -0.27356213 0.500000 0.500000 0.500000
v 0.60368180 0.74428529 -0.25064665 0.500000 0.500000 0.500000
v 0.57700300 0.73534387 -0.31941938 0.500000 0.500000 0.500000
v 0.73659843 0.66592950 -0.03870169 0.500000 0.500000 0.500000
v 0.73664314 0.66599661 0.03857226 0.500000 0.500000 0.500000
v 0.77770764 0.61697501 -0.00008481 0.500001 0.500001 0.500001
v -0.30188805 -0.93394208 0.13501395 0.500000 0.500000 0.500000
v -0.35288867 -0.91612381 0.18493693 0.500000 0.500000 0.500000
v -0.28642756 -0.93785912 -0.13201068 0.500000 0.500000 0.500000
v -0.32663333 -0.91231042 -0.19313751 0.500000 0.500000 0.500000
v -0.30545211 -0.92612261 0.20867859 0.500000 0.500000 0.500000
v -0.25496659 -0.93412971 -0.19803256 0.500000 0.500000 0.500000
v -0.54072165 -0.77261305 0.27846491 0.500000 0.500000 0.500000
v -0.59825027 -0.74353254 0.25340757 0.500000 0.500000 0.500000
v -0.57460320 -0.74996191 0.34150943 0.500000 0.500000 0.500000
v -0.54273140 -0.78459156 -0.27479219 0.500000 0.500000 0.500000
v -0.60544056 -0.74683434 -0.25095686 0.500000 0.500000 0.500000
v -0.57890707 -0.73834372 -0.32049876 0.500000 0.500000 0.500000
v -0.73791450 -0.66511035 -0.03932574 0.500000 0.500000 0.500000
v -0.73895496 -0.66489726 0.03626213 0.500000 0.500000 0.500000
v -0.77914584 -0.61578715 -0.00141269 0.499999 0.499999 0.499999
v 0.27195102 -0.96659184 0.13250968 0.500000 0.500000 0.500000
v 0.24089462 -0.98702908 0.15328711 0.500000 0.500000 0.500000
v 0.29208398 -0.93238246 -0.12954371 0.500000 0.500000 0.500000
v 0.33024451 -0.91069394 -0.19164154 0.500000 0.500000 0.500000
v 0.20435207 -1.02845895 0.18273975 0.500000 0.500000 0.500000
v 0.25849447 -0.93343818 -0.19623257 0.500000 0.500000 0.500000
v 0.54563975 -0.78798795 0.25890771 0.500000 0.500000 0.500000
v 0.60545868 -0.74534065 0.24274711 0.500000 0.500000 0.500000
v 0.58752900 -0.75014144 0.31065750 0.500000 0.500000 0.500000
v 0.54060030 -0.78245896 -0.27440357 0.500000 0.500000 0.500000
v 0.60332578 -0.74510002 -0.25071815 0.500000 0.500000 0.500000
v 0.57618910 -0.73594737 -0.31926230 0.500000 0.500000 0.500000
v 0.73787171 -0.66561896 -0.03891794 0.500000 0.500000 0.500000
v 0.73774952 -0.66463751 0.03780304 0.500000 0.500000 0.500000
v 0.77907902 -0.61638767 -0.00053317 0.499998 0.499998 0.499998
v -1.84067404 -2.54347467 -1.13247383 0.506387 0.506217 0.506247
v -1.75932586 -2.54347467 -1.13247383 0.500575 0.500333 0.500375
v 1.54482365 1.18909752 -1.05054462 0.511140 0.504719 0.505843
v 1.51967800 1.25491714 2.59012938 0.504642 0.502674 0.503018
v -1.79999995 -2.58276820 -1.17768657 0.503878 0.503644 0.503685
v 1.47785926 -2.38367081 -1.05464518 0.501902 0.500756 0.500956
v -1.54482365 1.18909752 2.54945517 0.504588 0.504336 0.504380
v 2.08032203 -2.34508276 -1.00987053 0.501868 0.501575 0.501626
v -1.47785926 -2.38367081 2.54535484 0.503813 0.503811 0.503811
v 0.13073497 -0.28682056 0.93563581 0.500057 0.500057 0.500057
v 0.19960511 -0.32116055 0.90665931 0.500037 0.500029 0.500031
v -0.12729828 -0.29177061 0.93619740 0.500028 0.500028 0.500028
v -0.19026786 -0.32009348 0.91777962 0.500020 0.500020 0.500020
v 0.19695464 -0.25389308 0.93327081 0.500042 0.500041 0.500041
v -0.19422647 -0.25698888 0.93409216 0.500020 0.500020 0.500020
v -0.03805896 0.73195881 0.66179490 0.500000 0.500000 0.500000
v 0.03881107 0.73323905 0.66258466 0.500000 0.500000 0.500000
v -0.25030860 0.60271400 0.74426526 0.500000 0.500000 0.500000
v -0.27441296 0.54132569 0.78363359 0.500000 0.500000 0.500000
v 0.00040270 0.77042657 0.61177278 0.500000 0.500000 0.500000
v -0.31984630 0.57720298 0.73685807 0.500000 0.500000 0.500000
v 0.25081962 0.60417497 0.74549592 0.500000 0.500000 0.500000
v 0.27456805 0.54196060 0.78424126 0.500000 0.500000 0.500000
v 0.32025978 0.57843006 0.73784792 0.500000 0.500000 0.500000
v 0.13179648 0.29184219 0.94187689 0.500028 0.500028 0.500028
v 0.19399753 0.33020866 0.91761518 0.500027 0.500027 0.500027
v -0.13196413 0.29172257 0.94185436 0.500028 0.500028 0.500028
v -0.19411415 0.33016229 0.91758293 0.500027 0.500027 0.500027
v 0.19845504 0.25856942 0.93812412 0.500028 0.500028 0.500028
v -0.19853951 0.25835180 0.93814892 0.500028 0.500028 0.500028
v -0.03848184 -0.73450434 -0.66407061 0.500000 0.500000 0.500000
v 0.03851746 -0.73450732 -0.66407597 0.500000 0.500000 0.500000
v -0.25076306 -0.60428530 -0.74594611 0.499998 0.499998 0.499998
v -0.27498031 -0.54247081 -0.78513753 0.499989 0.499989 0.499989
v 0.00006941 -0.77415133 -0.61439770 0.500000 0.500000 0.500000
v -0.32035789 -0.57849479 -0.73824888 0.499991 0.499991 0.499991
v 0.25083742 -0.60426712 -0.74581546 0.499998 0.499998 0.499998
v 0.27509913 -0.54250038 -0.78507543 0.499988 0.499988 0.499988
v 0.32021353 -0.57821685 -0.73785955 0.499991 0.499991 0.499991
v 0.13116020 -0.29132804 -0.93916792 0.500330 0.500325 0.500326
v 0.19377995 -0.33006740 -0.91591114 0.500268 0.500142 0.500164
v -0.13116372 -0.29134330 -0.93937618 0.500035 0.500035 0.500035
v -0.19375171 -0.33005667 -0.91604590 0.500029 0.500029 0.500029
v 0.19820905 -0.25840309 -0.93623328 0.500358 0.500271 0.500286
v -0.19811238 -0.25836542 -0.93592608 0.500032 0.500032 0.500032
v -0.03861904 0.73705143 -0.66627407 0.500000 0.500000 0.500000
v 0.03865929 0.73706865 -0.66629958 0.500000 0.500000 0.500000
v -0.25158960 0.60603601 -0.74758178 0.500005 0.500005 0.500005
v -0.27518070 0.54328066 -0.78582191 0.500014 0.500014 0.500014
v 0.00003858 0.77727348 -0.61682886 0.500000 0.500000 0.500000
v -0.32106957 0.57980615 -0.73953235 0.500005 0.500005 0.500005
v 0.25159416 0.60606670 -0.74765038 0.500005 0.500005 0.500005
v 0.27528003 0.54337746 -0.78597271 0.500015 0.500010 0.500011
v 0.32111859 0.57983613 -0.73966265 0.500005 0.500005 0.500005
v 0.13159168 0.29177830 -0.94128025 0.500602 0.500602 0.500602
v 0.19428287 0.33049396 -0.91788763 0.500554 0.500553 0.500553
v -0.13157699 0.29177544 -0.94139397 0.500601 0.500601 0.500601
v -0.19427268 0.33048874 -0.91796607 0.500535 0.500535 0.500535
v 0.19857213 0.25870746 -0.93755156 0.500586 0.500586 0.500586
v -0.19858430 0.25873804 -0.93773574 0.500582 0.500582 0.500582
v 0.78715003 0.27589703 -0.54397106 0.500007 0.500005 0.500006
v 0.74824339 0.25167486 -0.60606503 0.500013 0.500009 0.500010
v 0.91755134 0.19371034 -0.33046868 0.500011 0.500006 0.500007
v 0.94239783 0.13154367 -0.29195186 0.500011 0.500007 0.500007
v 0.74034142 0.32149291 -0.58014679 0.500009 0.500008 0.500008
v 0.93907040 0.19854105 -0.25877899 0.500006 0.500004 0.500004
v 0.78624797 -0.27556670 -0.54320055 0.500087 0.500012 0.500025
v 0.74701375 -0.25114313 -0.60487252 0.500038 0.500023 0.500025
v 0.91737956 -0.19365981 -0.33030954 0.500034 0.500004 0.500010
v 0.94231105 -0.13150905 -0.29188371 0.500033 0.500004 0.500009
v 0.73890156 -0.32072309 -0.57886350 0.500066 0.500019 0.500027
v 0.93904364 -0.19857270 -0.25867805 0.500027 0.500003 0.500007
v 0.66703361 -0.03852937 -0.73839033 0.499954 0.499927 0.499931
v 0.66724575 0.03875526 -0.73862481 0.499972 0.499970 0.499970
v 0.61780554 0.00010264 -0.77966344 0.499893 0.499893 0.499893
v 0.78520346 0.27468863 0.54272515 0.500011 0.500011 0.500011
v 0.74729198 0.25145170 0.60602695 0.500012 0.500012 0.500012
v 0.91892219 0.19432208 0.33052364 0.500016 0.500010 0.500011
v 0.94231147 0.13154560 0.29185364 0.500016 0.500007 0.500009
v 0.73915404 0.32078829 0.57954174 0.500014 0.500011 0.500012
v 0.93829054 0.19837482 0.25869602 0.500010 0.500008 0.500008
v 0.78573668 -0.27422610 0.54138660 0.500028 0.500005 0.500009
v 0.74912906 -0.25173691 0.60555524 0.500024 0.500006 0.500009
v 0.91897124 -0.19407058 0.33059925 0.500023 0.500003 0.500007
v 0.94218880 -0.13148570 0.29194921 0.500030 0.500007 0.500011
v 0.73628634 -0.31701154 0.57441097 0.500025 0.500005 0.500008
v 0.93826258 -0.19808601 0.25875291 0.500030 0.500006 0.500010
v 0.66609895 -0.03870072 0.73631757 0.500025 0.500015 0.500017
v 0.66557777 0.03841374 0.73652893 0.500017 0.500016 0.500016
v 0.61645776 -0.00013636 0.77602530 0.500039 0.500023 0.500026
v -0.78714913 0.27590287 -0.54397154 0.500007 0.500007 0.500007
v -0.74824011 0.25168696 -0.60606122 0.500010 0.500010 0.500010
v -0.91755158 0.19373362 -0.33043393 0.500010 0.500010 0.500010
v -0.94239610 0.13156116 -0.29191732 0.500010 0.500010 0.500010
v -0.74033445 0.32148075 -0.58015627 0.500008 0.500008 0.500008
v -0.93907464 0.19856328 -0.25874346 0.500008 0.500008 0.500008
v -0.78717947 -0.27590653 -0.54403967 0.500019 0.500019 0.500019
v -0.74824935 -0.25168121 -0.60613650 0.500020 0.500020 0.500020
v -0.91759056 -0.19367832 -0.33046052 0.500014 0.500014 0.500014
v -0.94240934 -0.13149264 -0.29193652 0.500010 0.500010 0.500010
v -0.74032569 -0.32146019 -0.58018166 0.500018 0.500018 0.500018
v -0.93911767 -0.19852175 -0.25876722 0.500017 0.500017 0.500017
v -0.66730142 -0.03862572 -0.73851174 0.500020 0.500020 0.500020
v -0.66732246 0.03869781 -0.73853713 0.500029 0.500029 0.500029
v -0.61805516 0.00003379 -0.77981943 0.500020 0.500020 0.500020
v -0.78703076 0.27560776 0.54397726 0.500011 0.500011 0.500011
v -0.74862850 0.25208509 0.60680240 0.500011 0.500011 0.500011
v -0.91906923 0.19430147 0.33082494 0.500018 0.500018 0.500018
v -0.94251126 0.13155919 0.29209712 0.500025 0.500025 0.500025
v -0.74049824 0.32158077 0.58049631 0.500013 0.500013 0.500013
v -0.93829787 0.19831476 0.25881541 0.500016 0.500016 0.500016
v -0.78764039 -0.27712357 0.54231077 0.500053 0.500053 0.500053
v -0.74956906 -0.25309646 0.60450619 0.500039 0.500039 0.500039
v -0.91899985 -0.19411211 0.33084431 0.500078 0.500078 0.500078
v -0.94225913 -0.13140938 0.29193830 0.500071 0.500071 0.500071
v -0.74075574 -0.32136515 0.57778352 0.500043 0.500043 0.500043
v -0.93824184 -0.19809450 0.25875825 0.500057 0.500057 0.500057
v -0.66602349 -0.03938573 0.73685551 0.500018 0.500018 0.500018
v -0.66586572 0.03859490 0.73678941 0.500010 0.500010 0.500010
v -0.61638141 -0.00053956 0.77656841 0.500012 0.500012 0.500012
v -0.03774352 0.91827244 0.32550880 0.500000 0.500000 0.500000
v 0.03713758 0.91662216 0.32493365 0.500000 0.500000 0.500000
v -0.00015828 0.89054960 0.38552335 0.500000 0.500000 0.500000
v -0.03787145 0.92901129 -0.33050692 0.500000 0.500000 0.500000
v 0.03793000 0.92905289 -0.33056131 0.500000 0.500000 0.500000
v 0.00003637 0.90326297 -0.39181548 0.500000 0.500000 0.500000
v -0.57539195 0.59858257 0.53694540 0.500000 0.500000 0.500000
v -0.53667563 0.57440609 0.59803730 0.500000 0.500000 0.500000
v -0.59955186 0.53752786 0.57558465 0.500001 0.500001 0.500001
v -0.57642061 0.59985787 -0.53846157 0.500002 0.500002 0.500002
v -0.53866416 0.57670671 -0.60065073 0.500004 0.500004 0.500004
v -0.60048425 0.53850240 -0.57694417 0.500007 0.500007 0.500007
v -0.91029900 0.39491397 0.00002379 0.500009 0.500009 0.500009
v -0.93360490 0.33288157 -0.03821282 0.500017 0.500017 0.500017
v -0.93460912 0.33323187 0.03825185 0.500010 0.500010 0.500010
v 0.57502621 0.59867072 0.53697753 0.500000 0.500000 0.500000
v 0.53675592 0.57495922 0.59847283 0.500000 0.500000 0.500000
v 0.59924287 0.53748995 0.57559288 0.500002 0.500002 0.500002
v 0.57605428 0.59925562 -0.53820902 0.500002 0.500002 0.500002
v 0.53854686 0.57647896 -0.60066146 0.500004 0.500003 0.500003
v 0.60043913 0.53840095 -0.57698005 0.500008 0.500003 0.500003
v 0.91027522 0.39491075 0.00006966 0.500016 0.500002 0.500004
v 0.93358660 0.33287483 -0.03817265 0.500027 0.500019 0.500021
v 0.93457162 0.33323151 0.03830934 0.500016 0.500004 0.500006
v -0.06584194 -1.13989949 0.13569191 0.500011 0.500011 0.500011
v -1.75870109 -2.74161386 2.13415241 0.500125 0.500125 0.500125
v -1.79999995 0.88391405 -1.39901781 0.506580 0.506576 0.506577
v -0.03818674 -0.92707360 -0.32949525 0.500000 0.500000 0.500000
v 0.03723053 -0.92782569 -0.32945800 0.500000 0.500000 0.500000
v -0.00033293 -0.90059698 -0.38998991 0.500000 0.500000 0.500000
v 1.21805096 1.19251895 -1.25935006 0.500171 0.500168 0.500168
v 1.25935006 1.21805096 -1.19251895 0.500100 0.500100 0.500100
v -2.40748096 -2.34064984 2.38194895 0.502088 0.501994 0.502011
v -0.57663971 -0.60039502 -0.53864503 0.499994 0.499994 0.499994
v -0.53877056 -0.57712412 -0.60075867 0.499991 0.499991 0.499991
v -0.60050648 -0.53874803 -0.57698566 0.499984 0.499984 0.499984
v -0.91025317 -0.39456353 0.00011032 0.499996 0.499996 0.499996
v -0.93345153 -0.33299595 -0.03798576 0.500013 0.500013 0.500013
v -0.93450803 -0.33293626 0.03832528 0.500014 0.500014 0.500014
v 0.71689045 -0.67498648 0.68791437 0.500099 0.500099 0.500099
v 0.41706508 -0.41626975 0.52077520 0.500074 0.500074 0.500074
v 0.60815847 -0.52885717 0.58099866 0.499986 0.499986 0.499986
v 0.57451016 -0.59806210 -0.53685993 0.499994 0.499994 0.499994
v 0.53701347 -0.57513726 -0.59902835 0.499990 0.499990 0.499990
v 0.59848666 -0.53682411 -0.57521504 0.499983 0.499983 0.499983
v 0.91024828 -0.39463776 0.00019719 0.499995 0.499987 0.499989
v 0.93348944 -0.33292609 -0.03803036 0.500025 0.500002 0.500006
v 0.93447298 -0.33299732 0.03841769 0.500016 0.500002 0.500004
v 0.33085790 -0.03809996 0.93103480 0.500083 0.500067 0.500070
v 0.33172813 0.03769081 0.93078828 0.500069 0.500065 0.500066
v 0.39436623 -0.00021668 0.90852350 0.500073 0.500068 0.500069
v -0.33158910 -0.03836162 0.93078822 0.500029 0.500029 0.500029
v -0.33205208 0.03812473 0.93064964 0.500002 0.500002 0.500002
v -0.39466810 -0.00025576 0.90842462 0.500022 0.500022 0.500022
v 0.33301911 -0.03818797 -0.93366528 0.499848 0.499848 0.499848
v 0.33313167 0.03833064 -0.93375933 0.500137 0.500125 0.500127
v 0.39426506 0.00009904 -0.90887487 0.499845 0.499842 0.499842
v -0.33353242 -0.03823604 -0.93409866 0.500027 0.500027 0.500027
v -0.33349138 0.03830578 -0.93399441 0.500144 0.500144 0.500144
v -0.39522791 0.00002641 -0.91054326 0.500027 0.500027 0.500027
f 1 647 644
f 1 644 643
f 1 643 645
f 1 645 646
f 1 646 647
f 2 649 652
f 6 672 670
f 12 702 699
f 11 696 695
f 8 679 681
f 4 662 659
f 4 659 658
f 4 658 660
f 4 660 661
f 4 661 662
f 5 666 665
f 3 654 657
f 7 673 677
f 9 685 686
f 10 692 688
f 12 701 698
f 6 669 668
f 2 650 648
f 8 682 678
f 11 697 693
f 6 671 669
f 12 700 701
f 11 694 697
f 8 680 682
f 2 651 650
f 10 690 689
f 5 663 664
f 3 655 653
f 7 676 674
f 9 687 684
f 10 691 690
f 5 667 663
f 3 656 655
f 7 675 676
f 9 683 687
f 6 668 672
f 2 648 649
f 8 678 679
f 11 693 696
f 12 698 702
f 10 688 691
f 5 665 667
f 3 657 656
f 7 677 675
f 9 686 683
f 5 664 666
f 3 653 654
f 7 674 673
f 9 684 685
f 10 689 692
f 6 670 671
f 12 699 700
f 11 695 694
f 8 681 680
f 2 652 651
f 35 837 838
f 18 735 736
f 19 742 741
f 40 868 867
f 42 880 879
f 34 832 831
f 33 827 828
f 25 778 780
f 36 844 846
f 20 749 747
f 32 819 820
f 23 765 767
f 24 773 771
f 37 850 849
f 41 876 875
f 34 833 834
f 33 826 825
f 25 779 777
f 36 845 843
f 20 748 750
f 17 729 727
f 14 711 709
f 13 706 703
f 15 718 715
f 16 724 721
f 18 737 733
f 35 839 835
f 42 882 878
f 40 870 866
f 19 744 740
f 30 807 805
f 27 789 787
f 22 762 758
f 28 797 793
f 29 802 799
f 32 821 817
f 23 766 763
f 24 774 770
f 37 852 848
f 41 874 872
f 35 838 836
f 18 736 734
f 19 741 739
f 40 867 865
f 42 879 877
f 34 831 829
f 33 828 824
f 25 780 776
f 36 846 842
f 20 747 745
f 32 820 818
f 23 767 764
f 24 771 769
f 37 849 847
f 41 875 871
f 34 834 830
f 33 825 823
f 25 777 775
f 36 843 841
f 20 750 746
f 14 714 710
f 13 707 704
f 15 719 716
f 16 725 722
f 17 732 728
f 21 755 752
f 31 814 811
f 26 784 781
f 38 857 853
f 39 862 860
f 27 792 788
f 22 759 757
f 28 796 794
f 29 803 800
f 30 810 806
f 31 815 812
f 26 785 782
f 38 856 854
f 39 863 859
f 21 754 751
f 14 712 714
f 13 705 707
f 15 717 719
f 16 723 725
f 17 730 732
f 21 753 755
f 31 816 814
f 26 786 784
f 38 858 857
f 39 861 862
f 27 791 792
f 22 761 759
f 28 795 796
f 29 801 803
f 30 808 810
f 31 813 815
f 26 783 785
f 38 855 856
f 39 864 863
f 21 756 754
f 14 709 712
f 13 703 705
f 15 715 717
f 16 721 723
f 17 727 730
f 21 751 753
f 31 812 816
f 26 782 786
f 38 854 858
f 39 859 861
f 27 787 791
f 22 758 761
f 28 793 795
f 29 799 801
f 30 805 808
f 31 811 813
f 26 781 783
f 38 853 855
f 39 860 864
f 21 752 756
f 17 728 731
f 14 710 713
f 13 704 708
f 15 716 720
f 16 722 726
f 18 734 738
f 35 836 840
f 42 877 881
f 40 865 869
f 19 739 743
f 30 806 809
f 27 788 790
f 22 757 760
f 28 794 798
f 29 800 804
f 32 818 822
f 23 764 768
f 24 769 772
f 37 847 851
f 41 871 873
f 35 835 837
f 18 733 735
f 19 740 742
f 40 866 868
f 42 878 880
f 34 830 832
f 33 823 827
f 25 775 778
f 36 841 844
f 20 746 749
f 32 817 819
f 23 763 765
f 24 770 773
f 37 848 850
f 41 872 876
f 34 829 833
f 33 824 826
f 25 776 779
f 36 842 845
f 20 745 748
f 17 731 729
f 14 713 711
f 13 708 706
f 15 720 718
f 16 726 724
f 18 738 737
f 35 840 839
f 42 881 882
f 40 869 870
f 19 743 744
f 30 809 807
f 27 790 789
f 22 760 762
f 28 798 797
f 29 804 802
f 32 822 821
f 23 768 766
f 24 772 774
f 37 851 852
f 41 873 874
f 107 1269 1270
f 103 1245 1246
f 104 1252 1251
f 110 1288 1287
f 113 1306 1305
f 118 1336 1335
f 154 1551 1552
f 141 1473 1474
f 162 1599 1600
f 121 1354 1353
f 142 1479 1480
f 129 1401 1402
f 130 1408 1407
f 144 1492 1491
f 146 1504 1503
f 151 1533 1534
f 131 1414 1413
f 136 1444 1443
f 161 1594 1593
f 126 1383 1384
f 116 1323 1324
f 108 1275 1276
f 106 1263 1264
f 112 1299 1300
f 115 1317 1318
f 119 1341 1342
f 156 1564 1563
f 139 1462 1461
f 160 1588 1587
f 120 1347 1348
f 149 1521 1522
f 132 1420 1419
f 128 1395 1396
f 145 1497 1498
f 148 1515 1516
f 155 1557 1558
f 133 1425 1426
f 134 1431 1432
f 157 1570 1569
f 124 1372 1371
f 109 1282 1281
f 105 1258 1257
f 111 1294 1293
f 114 1312 1311
f 117 1330 1329
f 125 1378 1377
f 152 1540 1539
f 137 1449 1450
f 158 1575 1576
f 123 1365 1366
f 143 1486 1485
f 127 1390 1389
f 135 1437 1438
f 147 1510 1509
f 150 1528 1527
f 153 1546 1545
f 140 1468 1467
f 138 1455 1456
f 159 1581 1582
f 122 1359 1360
f 107 1272 1271
f 103 1248 1247
f 104 1253 1254
f 110 1289 1290
f 113 1307 1308
f 118 1337 1338
f 154 1554 1553
f 141 1476 1475
f 162 1602 1601
f 121 1355 1356
f 142 1482 1481
f 129 1404 1403
f 130 1409 1410
f 144 1493 1494
f 146 1505 1506
f 151 1536 1535
f 131 1415 1416
f 136 1445 1446
f 161 1595 1596
f 126 1386 1385
f 47 909 907
f 44 891 889
f 43 886 883
f 45 898 895
f 46 904 901
f 49 922 919
f 72 1060 1057
f 102 1240 1237
f 96 1204 1201
f 79 1102 1099
f 62 999 997
f 59 981 979
f 58 976 973
f 60 988 985
f 61 994 991
f 66 1024 1021
f 54 952 949
f 73 1066 1063
f 85 1138 1135
f 92 1179 1177
f 101 1233 1231
f 69 1041 1039
f 50 927 925
f 82 1119 1117
f 97 1209 1207
f 71 1053 1051
f 100 1228 1225
f 94 1192 1189
f 80 1108 1105
f 51 933 931
f 90 1167 1165
f 63 1005 1003
f 55 957 955
f 76 1083 1081
f 87 1150 1147
f 91 1174 1171
f 67 1029 1027
f 56 963 961
f 75 1077 1075
f 83 1126 1123
f 68 1036 1033
f 48 915 913
f 78 1095 1093
f 93 1185 1183
f 98 1216 1213
f 88 1155 1153
f 65 1018 1015
f 57 970 967
f 77 1090 1087
f 86 1143 1141
f 64 1012 1009
f 53 945 943
f 74 1071 1069
f 84 1131 1129
f 89 1162 1159
f 70 1047 1045
f 99 1221 1219
f 95 1197 1195
f 81 1114 1111
f 52 940 937
f 109 1284 1280
f 105 1260 1256
f 111 1296 1292
f 114 1314 1310
f 117 1332 1328
f 125 1380 1376
f 152 1542 1538
f 137 1451 1447
f 158 1577 1573
f 123 1367 1363
f 143 1488 1484
f 127 1392 1388
f 135 1439 1435
f 147 1512 1508
f 150 1530 1526
f 153 1548 1544
f 140 1470 1466
f 138 1457 1453
f 159 1583 1579
f 122 1361 1357
f 107 1270 1268
f 103 1246 1244
f 104 1251 1249
f 110 1287 1285
f 113 1305 1303
f 118 1335 1333
f 154 1552 1550
f 141 1474 1472
f 162 1600 1598
f 121 1353 1351
f 142 1480 1478
f 129 1402 1400
f 130 1407 1405
f 144 1491 1489
f 146 1503 1501
f 151 1534 1532
f 131 1413 1411
f 136 1443 1441
f 161 1593 1591
f 126 1384 1382
f 116 1324 1322
f 108 1276 1274
f 106 1264 1262
f 112 1300 1298
f 115 1318 1316
f 119 1342 1340
f 156 1563 1561
f 139 1461 1459
f 160 1587 1585
f 120 1348 1346
f 149 1522 1520
f 132 1419 1417
f 128 1396 1394
f 145 1498 1496
f 148 1516 1514
f 155 1558 1556
f 133 1426 1424
f 134 1432 1430
f 157 1569 1567
f 124 1371 1369
f 109 1281 1279
f 105 1257 1255
f 111 1293 1291
f 114 1311 1309
f 117 1329 1327
f 125 1377 1375
f 152 1539 1537
f 137 1450 1448
f 158 1576 1574
f 123 1366 1364
f 143 1485 1483
f 127 1389 1387
f 135 1438 1436
f 147 1509 1507
f 150 1527 1525
f 153 1545 1543
f 140 1467 1465
f 138 1456 1454
f 159 1582 1580
f 122 1360 1358
f 107 1271 1267
f 103 1247 1243
f 104 1254 1250
f 110 1290 1286
f 113 1308 1304
f 118 1338 1334
f 154 1553 1549
f 141 1475 1471
f 162 1601 1597
f 121 1356 1352
f 142 1481 1477
f 129 1403 1399
f 130 1410 1406
f 144 1494 1490
f 146 1506 1502
f 151 1535 1531
f 131 1416 1412
f 136 1446 1442
f 161 1596 1592
f 126 1385 1381
f 44 894 890
f 43 887 884
f 45 899 896
f 46 905 902
f 47 912 908
f 52 941 938
f 70 1050 1046
f 99 1224 1220
f 95 1200 1196
f 81 1115 1112
f 59 984 980
f 58 977 974
f 60 989 986
f 61 995 992
f 62 1002 998
f 65 1019 1016
f 57 971 968
f 77 1091 1088
f 86 1146 1142
f 88 1158 1154
f 98 1217 1214
f 68 1037 1034
f 48 918 914
f 78 1098 1094
f 93 1188 1184
f 69 1044 1040
f 101 1236 1232
f 97 1212 1208
f 82 1122 1118
f 50 930 926
f 89 1163 1160
f 64 1013 1010
f 53 948 944
f 74 1074 1070
f 84 1134 1130
f 90 1170 1166
f 63 1008 1004
f 55 960 956
f 76 1086 1082
f 87 1151 1148
f 72 1061 1058
f 49 923 920
f 79 1103 1100
f 96 1205 1202
f 102 1241 1238
f 91 1175 1172
f 67 1032 1028
f 56 966 962
f 75 1080 1076
f 83 1127 1124
f 66 1025 1022
f 54 953 950
f 73 1067 1064
f 85 1139 1136
f 92 1182 1178
f 71 1056 1052
f 100 1229 1226
f 94 1193 1190
f 80 1109 1106
f 51 936 932
f 116 1325 1321
f 108 1277 1273
f 106 1265 1261
f 112 1301 1297
f 115 1319 1315
f 119 1343 1339
f 156 1566 1562
f 139 1464 1460
f 160 1590 1586
f 120 1349 1345
f 149 1523 1519
f 132 1422 1418
f 128 1397 1393
f 145 1499 1495
f 148 1517 1513
f 155 1559 1555
f 133 1427 1423
f 134 1433 1429
f 157 1572 1568
f 124 1374 1370
f 44 892 894
f 43 885 887
f 45 897 899
f 46 903 905
f 47 910 912
f 52 939 941
f 70 1048 1050
f 99 1222 1224
f 95 1198 1200
f 81 1113 1115
f 59 982 984
f 58 975 977
f 60 987 989
f 61 993 995
f 62 1000 1002
f 65 1017 1019
f 57 969 971
f 77 1089 1091
f 86 1144 1146
f 88 1156 1158
f 98 1215 1217
f 68 1035 1037
f 48 916 918
f 78 1096 1098
f 93 1186 1188
f 69 1042 1044
f 101 1234 1236
f 97 1210 1212
f 82 1120 1122
f 50 928 930
f 89 1161 1163
f 64 1011 1013
f 53 946 948
f 74 1072 1074
f 84 1132 1134
f 90 1168 1170
f 63 1006 1008
f 55 958 960
f 76 1084 1086
f 87 1149 1151
f 72 1059 1061
f 49 921 923
f 79 1101 1103
f 96 1203 1205
f 102 1239 1241
f 91 1173 1175
f 67 1030 1032
f 56 964 966
f 75 1078 1080
f 83 1125 1127
f 66 1023 1025
f 54 951 953
f 73 1065 1067
f 85 1137 1139
f 92 1180 1182
f 71 1054 1056
f 100 1227 1229
f 94 1191 1193
f 80 1107 1109
f 51 934 936
f 116 1326 1325
f 108 1278 1277
f 106 1266 1265
f 112 1302 1301
f 115 1320 1319
f 119 1344 1343
f 156 1565 1566
f 139 1463 1464
f 160 1589 1590
f 120 1350 1349
f 149 1524 1523
f 132 1421 1422
f 128 1398 1397
f 145 1500 1499
f 148 1518 1517
f 155 1560 1559
f 133 1428 1427
f 134 1434 1433
f 157 1571 1572
f 124 1373 1374
f 44 889 892
f 43 883 885
f 45 895 897
f 46 901 903
f 47 907 910
f 52 937 939
f 70 1045 1048
f 99 1219 1222
f 95 1195 1198
f 81 1111 1113
f 59 979 982
f 58 973 975
f 60 985 987
f 61 991 993
f 62 997 1000
f 65 1015 1017
f 57 967 969
f 77 1087 1089
f 86 1141 1144
f 88 1153 1156
f 98 1213 1215
f 68 1033 1035
f 48 913 916
f 78 1093 1096
f 93 1183 1186
f 69 1039 1042
f 101 1231 1234
f 97 1207 1210
f 82 1117 1120
f 50 925 928
f 89 1159 1161
f 64 1009 1011
f 53 943 946
f 74 1069 1072
f 84 1129 1132
f 90 1165 1168
f 63 1003 1006
f 55 955 958
f 76 1081 1084
f 87 1147 1149
f 72 1057 1059
f 49 919 921
f 79 1099 1101
f 96 1201 1203
f 102 1237 1239
f 91 1171 1173
f 67 1027 1030
f 56 961 964
f 75 1075 1078
f 83 1123 1125
f 66 1021 1023
f 54 949 951
f 73 1063 1065
f 85 1135 1137
f 92 1177 1180
f 71 1051 1054
f 100 1225 1227
f 94 1189 1191
f 80 1105 1107
f 51 931 934
f 116 1322 1326
f 108 1274 1278
f 106 1262 1266
f 112 1298 1302
f 115 1316 1320
f 119 1340 1344
f 156 1561 1565
f 139 1459 1463
f 160 1585 1589
f 120 1346 1350
f 149 1520 1524
f 132 1417 1421
f 128 1394 1398
f 145 1496 1500
f 148 1514 1518
f 155 1556 1560
f 133 1424 1428
f 134 1430 1434
f 157 1567 1571
f 124 1369 1373
f 47 908 911
f 44 890 893
f 43 884 888
f 45 896 900
f 46 902 906
f 49 920 924
f 72 1058 1062
f 102 1238 1242
f 96 1202 1206
f 79 1100 1104
f 62 998 1001
f 59 980 983
f 58 974 978
f 60 986 990
f 61 992 996
f 66 1022 1026
f 54 950 954
f 73 1064 1068
f 85 1136 1140
f 92 1178 1181
f 101 1232 1235
f 69 1040 1043
f 50 926 929
f 82 1118 1121
f 97 1208 1211
f 71 1052 1055
f 100 1226 1230
f 94 1190 1194
f 80 1106 1110
f 51 932 935
f 90 1166 1169
f 63 1004 1007
f 55 956 959
f 76 1082 1085
f 87 1148 1152
f 91 1172 1176
f 67 1028 1031
f 56 962 965
f 75 1076 1079
f 83 1124 1128
f 68 1034 1038
f 48 914 917
f 78 1094 1097
f 93 1184 1187
f 98 1214 1218
f 88 1154 1157
f 65 1016 1020
f 57 968 972
f 77 1088 1092
f 86 1142 1145
f 64 1010 1014
f 53 944 947
f 74 1070 1073
f 84 1130 1133
f 89 1160 1164
f 70 1046 1049
f 99 1220 1223
f 95 1196 1199
f 81 1112 1116
f 52 938 942
f 109 1279 1283
f 105 1255 1259
f 111 1291 1295
f 114 1309 1313
f 117 1327 1331
f 125 1375 1379
f 152 1537 1541
f 137 1448 1452
f 158 1574 1578
f 123 1364 1368
f 143 1483 1487
f 127 1387 1391
f 135 1436 1440
f 147 1507 1511
f 150 1525 1529
f 153 1543 1547
f 140 1465 1469
f 138 1454 1458
f 159 1580 1584
f 122 1358 1362
f 107 1267 1269
f 103 1243 1245
f 104 1250 1252
f 110 1286 1288
f 113 1304 1306
f 118 1334 1336
f 154 1549 1551
f 141 1471 1473
f 162 1597 1599
f 121 1352 1354
f 142 1477 1479
f 129 1399 1401
f 130 1406 1408
f 144 1490 1492
f 146 1502 1504
f 151 1531 1533
f 131 1412 1414
f 136 1442 1444
f 161 1592 1594
f 126 1381 1383
f 116 1321 1323
f 108 1273 1275
f 106 1261 1263
f 112 1297 1299
f 115 1315 1317
f 119 1339 1341
f 156 1562 1564
f 139 1460 1462
f 160 1586 1588
f 120 1345 1347
f 149 1519 1521
f 132 1418 1420
f 128 1393 1395
f 145 1495 1497
f 148 1513 1515
f 155 1555 1557
f 133 1423 1425
f 134 1429 1431
f 157 1568 1570
f 124 1370 1372
f 109 1280 1282
f 105 1256 1258
f 111 1292 1294
f 114 1310 1312
f 117 1328 1330
f 125 1376 1378
f 152 1538 1540
f 137 1447 1449
f 158 1573 1575
f 123 1363 1365
f 143 1484 1486
f 127 1388 1390
f 135 1435 1437
f 147 1508 1510
f 150 1526 1528
f 153 1544 1546
f 140 1466 1468
f 138 1453 1455
f 159 1579 1581
f 122 1357 1359
f 107 1268 1272
f 103 1244 1248
f 104 1249 1253
f 110 1285 1289
f 113 1303 1307
f 118 1333 1337
f 154 1550 1554
f 141 1472 1476
f 162 1598 1602
f 121 1351 1355
f 142 1478 1482
f 129 1400 1404
f 130 1405 1409
f 144 1489 1493
f 146 1501 1505
f 151 1532 1536
f 131 1411 1415
f 136 1441 1445
f 161 1591 1595
f 126 1382 1386
f 47 911 909
f 44 893 891
f 43 888 886
f 45 900 898
f 46 906 904
f 49 924 922
f 72 1062 1060
f 102 1242 1240
f 96 1206 1204
f 79 1104 1102
f 62 1001 999
f 59 983 981
f 58 978 976
f 60 990 988
f 61 996 994
f 66 1026 1024
f 54 954 952
f 73 1068 1066
f 85 1140 1138
f 92 1181 1179
f 101 1235 1233
f 69 1043 1041
f 50 929 927
f 82 1121 1119
f 97 1211 1209
f 71 1055 1053
f 100 1230 1228
f 94 1194 1192
f 80 1110 1108
f 51 935 933
f 90 1169 1167
f 63 1007 1005
f 55 959 957
f 76 1085 1083
f 87 1152 1150
f 91 1176 1174
f 67 1031 1029
f 56 965 963
f 75 1079 1077
f 83 1128 1126
f 68 1038 1036
f 48 917 915
f 78 1097 1095
f 93 1187 1185
f 98 1218 1216
f 88 1157 1155
f 65 1020 1018
f 57 972 970
f 77 1092 1090
f 86 1145 1143
f 64 1014 1012
f 53 947 945
f 74 1073 1071
f 84 1133 1131
f 89 1164 1162
f 70 1049 1047
f 99 1223 1221
f 95 1199 1197
f 81 1116 1114
f 52 942 940
f 109 1283 1284
f 105 1259 1260
f 111 1295 1296
f 114 1313 1314
f 117 1331 1332
f 125 1379 1380
f 152 1541 1542
f 137 1452 1451
f 158 1578 1577
f 123 1368 1367
f 143 1487 1488
f 127 1391 1392
f 135 1440 1439
f 147 1511 1512
f 150 1529 1530
f 153 1547 1548
f 140 1469 1470
f 138 1458 1457
f 159 1584 1583
f 122 1362 1361
f 407 1609 1616
f 403 1605 1608
f 404 1611 1606
f 410 1614 1612
f 413 1617 1615
f 422 1631 1624
f 486 1688 1692
f 573 1775 1782
f 561 1763 1765
f 512 1719 1714
f 452 1654 1661
f 448 1650 1653
f 449 1656 1651
f 455 1659 1657
f 458 1662 1660
f 470 1672 1675
f 437 1646 1639
f 494 1706 1696
f 531 1735 1733
f 539 1741 1751
f 568 1770 1779
f 478 1680 1683
f 419 1621 1626
f 509 1711 1721
f 554 1756 1766
f 482 1684 1689
f 576 1780 1778
f 558 1767 1760
f 516 1722 1718
f 425 1627 1629
f 542 1744 1747
f 463 1668 1665
f 434 1636 1641
f 497 1699 1704
f 528 1730 1737
f 546 1748 1750
f 464 1666 1676
f 440 1642 1644
f 500 1705 1702
f 524 1736 1726
f 479 1691 1681
f 418 1623 1620
f 508 1713 1710
f 553 1764 1755
f 569 1781 1771
f 538 1749 1740
f 471 1677 1673
f 443 1645 1647
f 501 1703 1707
f 523 1725 1734
f 467 1674 1669
f 433 1638 1635
f 493 1695 1698
f 527 1732 1729
f 543 1752 1745
f 485 1690 1687
f 572 1777 1774
f 557 1759 1762
f 515 1717 1720
f 428 1630 1632
f 591 2191 2189
f 587 1885 1883
f 588 1901 1903
f 594 2279 2281
f 597 2315 2317
f 600 2171 2173
f 634 2160 2158
f 619 2016 2012
f 639 2214 2210
f 602 1919 1924
f 624 2137 2135
f 608 1978 1973
f 610 1991 1996
f 627 2225 2227
f 630 2302 2304
f 635 2178 2176
f 615 2153 2155
f 617 2009 2014
f 637 2207 2212
f 604 1926 1922
f 416 1857 1864
f 408 1803 1810
f 406 1786 1795
f 412 1822 1831
f 415 1840 1849
f 424 1876 1887
f 492 2182 2193
f 582 2312 2321
f 565 2276 2285
f 514 1898 1907
f 461 2091 2098
f 453 2037 2044
f 451 1952 1961
f 457 2056 2067
f 460 2074 2083
f 475 2128 2139
f 439 1966 1975
f 496 1988 1997
f 533 2222 2231
f 551 2293 2298
f 579 2185 2190
f 483 1879 1884
f 426 1893 1900
f 521 2271 2278
f 566 2307 2314
f 489 2163 2170
f 578 2150 2159
f 560 2006 2015
f 518 2204 2213
f 429 1911 1918
f 547 2131 2136
f 465 1969 1977
f 441 1983 1990
f 504 2217 2224
f 537 2290 2301
f 550 2168 2177
f 476 2145 2152
f 444 2001 2008
f 502 2199 2206
f 526 1916 1925
f 481 1808 1817
f 420 1789 1797
f 510 1825 1833
f 555 1843 1851
f 571 1862 1871
f 540 1933 1941
f 473 2110 2119
f 447 2020 2029
f 507 2236 2247
f 534 2257 2262
f 469 2042 2051
f 435 1947 1954
f 498 2059 2064
f 529 2077 2085
f 545 2096 2105
f 487 2113 2121
f 574 2023 2031
f 562 2239 2244
f 520 2254 2265
f 432 1930 1939
f 589 1818 1814
f 583 1798 1793
f 586 1834 1829
f 593 1852 1847
f 596 1872 1868
f 599 1942 1937
f 633 2120 2124
f 620 2030 2034
f 640 2248 2250
f 603 2263 2261
f 622 2052 2050
f 607 1955 1960
f 612 2065 2063
f 626 2086 2081
f 629 2106 2102
f 631 2122 2117
f 614 2032 2027
f 618 2245 2243
f 641 2266 2268
f 605 1940 1944
f 409 1813 1804
f 405 1792 1785
f 411 1828 1821
f 414 1846 1839
f 417 1867 1858
f 431 1936 1929
f 488 2123 2114
f 575 2033 2024
f 563 2249 2240
f 519 2260 2253
f 454 2049 2038
f 450 1959 1951
f 456 2062 2055
f 459 2080 2073
f 462 2101 2092
f 472 2116 2109
f 446 2026 2019
f 506 2242 2235
f 535 2267 2258
f 541 1943 1934
f 570 1869 1861
f 480 1815 1807
f 421 1799 1790
f 511 1835 1826
f 556 1853 1844
f 484 1889 1880
f 580 2195 2186
f 567 2319 2308
f 522 2283 2272
f 427 1905 1894
f 544 2103 2095
f 468 2046 2041
f 436 1957 1948
f 499 2069 2060
f 530 2087 2078
f 548 2141 2132
f 466 1979 1970
f 442 1993 1984
f 505 2229 2218
f 536 2296 2289
f 491 2188 2181
f 423 1882 1875
f 513 1902 1897
f 564 2280 2275
f 581 2316 2311
f 549 2172 2167
f 477 2157 2146
f 445 2011 2002
f 503 2209 2200
f 525 1923 1915
f 474 2134 2127
f 438 1972 1965
f 495 1995 1987
f 532 2226 2221
f 552 2303 2294
f 490 2175 2164
f 577 2154 2149
f 559 2013 2005
f 517 2211 2203
f 430 1921 1912
f 590 1865 1870
f 584 1811 1816
f 585 1796 1800
f 592 1832 1836
f 595 1850 1854
f 598 1888 1890
f 636 2194 2196
f 621 2322 2320
f 642 2286 2284
f 601 1908 1906
f 623 2099 2104
f 611 2045 2047
f 609 1962 1958
f 625 2068 2070
f 628 2084 2088
f 632 2140 2142
f 613 1976 1980
f 616 1998 1994
f 638 2232 2230
f 606 2299 2297
f 407 2330 2329
f 403 2324 2323
f 404 2325 2326
f 410 2332 2333
f 413 2335 2336
f 422 2344 2345
f 486 2410 2409
f 573 2497 2496
f 561 2486 2485
f 512 2434 2435
f 452 2375 2374
f 448 2369 2368
f 449 2370 2371
f 455 2377 2378
f 458 2380 2381
f 470 2393 2392
f 437 2359 2360
f 494 2415 2416
f 531 2455 2456
f 539 2461 2460
f 568 2489 2488
f 478 2399 2398
f 419 2341 2340
f 509 2431 2430
f 554 2476 2475
f 482 2405 2404
f 576 2500 2501
f 558 2481 2482
f 516 2439 2440
f 425 2348 2347
f 542 2465 2464
f 463 2383 2384
f 434 2356 2355
f 497 2420 2419
f 528 2452 2451
f 546 2471 2470
f 464 2386 2385
f 440 2363 2362
f 500 2422 2423
f 524 2445 2446
f 479 2400 2401
f 418 2338 2339
f 508 2428 2429
f 553 2473 2474
f 569 2490 2491
f 538 2458 2459
f 471 2394 2395
f 443 2366 2365
f 501 2425 2424
f 523 2444 2443
f 467 2389 2390
f 433 2353 2354
f 493 2414 2413
f 527 2449 2450
f 543 2466 2467
f 485 2407 2408
f 572 2494 2495
f 557 2480 2479
f 515 2438 2437
f 428 2351 2350
f 591 2510 2511
f 587 2504 2505
f 588 2508 2507
f 594 2514 2513
f 597 2517 2516
f 600 2520 2519
f 634 2554 2556
f 619 2539 2540
f 639 2560 2561
f 602 2523 2521
f 624 2543 2544
f 608 2527 2529
f 610 2532 2530
f 627 2547 2546
f 630 2550 2549
f 635 2552 2553
f 615 2535 2534
f 617 2538 2536
f 637 2558 2557
f 604 2524 2525
f 167 1607 647
f 164 1603 644
f 163 1604 643
f 165 1610 645
f 166 1613 646
f 169 1622 649
f 192 1686 672
f 222 1773 702
f 216 1761 696
f 199 1712 679
f 182 1652 662
f 179 1648 659
f 178 1649 658
f 180 1655 660
f 181 1658 661
f 186 1670 666
f 174 1637 654
f 193 1694 673
f 205 1731 685
f 212 1739 692
f 221 1768 701
f 189 1678 669
f 170 1619 650
f 202 1709 682
f 217 1754 697
f 191 1682 671
f 220 1776 700
f 214 1758 694
f 200 1716 680
f 171 1625 651
f 210 1742 690
f 183 1663 663
f 175 1634 655
f 196 1697 676
f 207 1728 687
f 211 1746 691
f 187 1664 667
f 176 1640 656
f 195 1700 675
f 203 1724 683
f 188 1679 668
f 168 1618 648
f 198 1708 678
f 213 1753 693
f 218 1769 698
f 208 1738 688
f 185 1671 665
f 177 1643 657
f 197 1701 677
f 206 1723 686
f 184 1667 664
f 173 1633 653
f 194 1693 674
f 204 1727 684
f 209 1743 689
f 190 1685 670
f 219 1772 699
f 215 1757 695
f 201 1715 681
f 172 1628 652
f 357 2187 837
f 255 1881 735
f 262 1899 742
f 388 2277 868
f 400 2313 880
f 352 2169 832
f 347 2156 827
f 298 2010 778
f 364 2208 844
f 269 1917 749
f 339 2133 819
f 285 1971 765
f 293 1989 773
f 370 2223 850
f 396 2300 876
f 353 2174 833
f 346 2151 826
f 299 2007 779
f 365 2205 845
f 268 1920 748
f 249 1855 729
f 231 1801 711
f 226 1784 706
f 238 1820 718
f 244 1838 724
f 257 1874 737
f 359 2180 839
f 402 2310 882
f 390 2274 870
f 264 1896 744
f 327 2089 807
f 309 2035 789
f 282 1950 762
f 317 2054 797
f 322 2072 802
f 341 2126 821
f 286 1964 766
f 294 1986 774
f 372 2220 852
f 394 2291 874
f 358 2183 838
f 256 1877 736
f 261 1891 741
f 387 2269 867
f 399 2305 879
f 351 2161 831
f 348 2148 828
f 300 2004 780
f 366 2202 846
f 267 1909 747
f 340 2129 820
f 287 1967 767
f 291 1981 771
f 369 2215 849
f 395 2288 875
f 354 2166 834
f 345 2143 825
f 297 1999 777
f 363 2197 843
f 270 1914 750
f 234 1806 714
f 227 1787 707
f 239 1823 719
f 245 1841 725
f 252 1860 732
f 275 1931 755
f 334 2108 814
f 304 2018 784
f 377 2234 857
f 382 2255 862
f 312 2040 792
f 279 1945 759
f 316 2057 796
f 323 2075 803
f 330 2094 810
f 335 2111 815
f 305 2021 785
f 376 2237 856
f 383 2252 863
f 274 1928 754
f 232 1812 712
f 225 1791 705
f 237 1827 717
f 243 1845 723
f 250 1866 730
f 273 1935 753
f 336 2118 816
f 306 2028 786
f 378 2246 858
f 381 2259 861
f 311 2048 791
f 281 1953 761
f 315 2061 795
f 321 2079 801
f 328 2100 808
f 333 2115 813
f 303 2025 783
f 375 2241 855
f 384 2264 864
f 276 1938 756
f 229 1802 709
f 223 1783 703
f 235 1819 715
f 241 1837 721
f 247 1856 727
f 271 1927 751
f 332 2112 812
f 302 2022 782
f 374 2238 854
f 379 2251 859
f 307 2036 787
f 278 1949 758
f 313 2053 793
f 319 2071 799
f 325 2090 805
f 331 2107 811
f 301 2017 781
f 373 2233 853
f 380 2256 860
f 272 1932 752
f 248 1859 728
f 230 1805 710
f 224 1788 704
f 236 1824 716
f 242 1842 722
f 254 1878 734
f 356 2184 836
f 397 2306 877
f 385 2270 865
f 259 1892 739
f 326 2093 806
f 308 2039 788
f 277 1946 757
f 314 2058 794
f 320 2076 800
f 338 2130 818
f 284 1968 764
f 289 1982 769
f 367 2216 847
f 391 2287 871
f 355 2179 835
f 253 1873 733
f 260 1895 740
f 386 2273 866
f 398 2309 878
f 350 2165 830
f 343 2144 823
f 295 2000 775
f 361 2198 841
f 266 1913 746
f 337 2125 817
f 283 1963 763
f 290 1985 770
f 368 2219 848
f 392 2292 872
f 349 2162 829
f 344 2147 824
f 296 2003 776
f 362 2201 842
f 265 1910 745
f 251 1863 731
f 233 1809 713
f 228 1794 708
f 240 1830 720
f 246 1848 726
f 258 1886 738
f 360 2192 840
f 401 2318 881
f 389 2282 869
f 263 1904 743
f 329 2097 809
f 310 2043 790
f 280 1956 760
f 318 2066 798
f 324 2082 804
f 342 2138 822
f 288 1974 768
f 292 1992 772
f 371 2228 851
f 393 2295 873
f 409 2331 1269
f 405 2327 1245
f 411 2328 1252
f 414 2334 1288
f 417 2337 1306
f 431 2346 1336
f 488 2412 1551
f 575 2499 1473
f 563 2487 1599
f 519 2436 1354
f 454 2376 1479
f 450 2372 1401
f 456 2373 1408
f 459 2379 1492
f 462 2382 1504
f 472 2396 1533
f 446 2361 1414
f 506 2418 1444
f 535 2457 1594
f 541 2463 1383
f 570 2492 1323
f 480 2402 1275
f 421 2343 1263
f 511 2433 1299
f 556 2478 1317
f 484 2406 1341
f 580 2502 1564
f 567 2484 1462
f 522 2442 1588
f 427 2349 1347
f 544 2468 1521
f 468 2387 1420
f 436 2358 1395
f 499 2421 1497
f 530 2454 1515
f 548 2472 1557
f 466 2388 1425
f 442 2364 1431
f 505 2426 1570
f 536 2448 1372
f 491 2403 1282
f 423 2342 1258
f 513 2432 1294
f 564 2477 1312
f 581 2493 1330
f 549 2462 1378
f 477 2397 1540
f 445 2367 1449
f 503 2427 1575
f 525 2447 1365
f 474 2391 1486
f 438 2357 1390
f 495 2417 1437
f 532 2453 1510
f 552 2469 1528
f 490 2411 1546
f 577 2498 1468
f 559 2483 1455
f 517 2441 1581
f 430 2352 1359
f 590 2509 1272
f 584 2503 1248
f 585 2506 1253
f 592 2512 1289
f 595 2515 1307
f 598 2518 1337
f 636 2555 1554
f 621 2541 1476
f 642 2562 1602
f 601 2522 1355
f 623 2542 1482
f 611 2528 1404
f 609 2531 1409
f 625 2545 1493
f 628 2548 1505
f 632 2551 1536
f 613 2533 1415
f 616 2537 1445
f 638 2559 1595
f 606 2526 1386
f 407 1616 909
f 403 1608 891
f 404 1606 886
f 410 1612 898
f 413 1615 904
f 422 1624 922
f 486 1692 1060
f 573 1782 1240
f 561 1765 1204
f 512 1714 1102
f 452 1661 999
f 448 1653 981
f 449 1651 976
f 455 1657 988
f 458 1660 994
f 470 1675 1024
f 437 1639 952
f 494 1696 1066
f 531 1733 1138
f 539 1751 1179
f 568 1779 1233
f 478 1683 1041
f 419 1626 927
f 509 1721 1119
f 554 1766 1209
f 482 1689 1053
f 576 1778 1228
f 558 1760 1192
f 516 1718 1108
f 425 1629 933
f 542 1747 1167
f 463 1665 1005
f 434 1641 957
f 497 1704 1083
f 528 1737 1150
f 546 1750 1174
f 464 1676 1029
f 440 1644 963
f 500 1702 1077
f 524 1726 1126
f 479 1681 1036
f 418 1620 915
f 508 1710 1095
f 553 1755 1185
f 569 1771 1216
f 538 1740 1155
f 471 1673 1018
f 443 1647 970
f 501 1707 1090
f 523 1734 1143
f 467 1669 1012
f 433 1635 945
f 493 1698 1071
f 527 1729 1131
f 543 1745 1162
f 485 1687 1047
f 572 1774 1221
f 557 1762 1197
f 515 1720 1114
f 428 1632 940
f 591 2189 1284
f 587 1883 1260
f 588 1903 1296
f 594 2281 1314
f 597 2317 1332
f 600 2173 1380
f 634 2158 1542
f 619 2012 1451
f 639 2210 1577
f 602 1924 1367
f 624 2135 1488
f 608 1973 1392
f 610 1996 1439
f 627 2227 1512
f 630 2304 1530
f 635 2176 1548
f 615 2155 1470
f 617 2014 1457
f 637 2212 1583
f 604 1922 1361
f 416 1864 1270
f 408 1810 1246
f 406 1795 1251
f 412 1831 1287
f 415 1849 1305
f 424 1887 1335
f 492 2193 1552
f 582 2321 1474
f 565 2285 1600
f 514 1907 1353
f 461 2098 1480
f 453 2044 1402
f 451 1961 1407
f 457 2067 1491
f 460 2083 1503
f 475 2139 1534
f 439 1975 1413
f 496 1997 1443
f 533 2231 1593
f 551 2298 1384
f 579 2190 1324
f 483 1884 1276
f 426 1900 1264
f 521 2278 1300
f 566 2314 1318
f 489 2170 1342
f 578 2159 1563
f 560 2015 1461
f 518 2213 1587
f 429 1918 1348
f 547 2136 1522
f 465 1977 1419
f 441 1990 1396
f 504 2224 1498
f 537 2301 1516
f 550 2177 1558
f 476 2152 1426
f 444 2008 1432
f 502 2206 1569
f 526 1925 1371
f 481 1817 1281
f 420 1797 1257
f 510 1833 1293
f 555 1851 1311
f 571 1871 1329
f 540 1941 1377
f 473 2119 1539
f 447 2029 1450
f 507 2247 1576
f 534 2262 1366
f 469 2051 1485
f 435 1954 1389
f 498 2064 1438
f 529 2085 1509
f 545 2105 1527
f 487 2121 1545
f 574 2031 1467
f 562 2244 1456
f 520 2265 1582
f 432 1939 1360
f 589 1814 1271
f 583 1793 1247
f 586 1829 1254
f 593 1847 1290
f 596 1868 1308
f 599 1937 1338
f 633 2124 1553
f 620 2034 1475
f 640 2250 1601
f 603 2261 1356
f 622 2050 1481
f 607 1960 1403
f 612 2063 1410
f 626 2081 1494
f 629 2102 1506
f 631 2117 1535
f 614 2027 1416
f 618 2243 1446
f 641 2268 1596
f 605 1944 1385
f 409 1804 894
f 405 1785 887
f 411 1821 899
f 414 1839 905
f 417 1858 912
f 431 1929 941
f 488 2114 1050
f 575 2024 1224
f 563 2240 1200
f 519 2253 1115
f 454 2038 984
f 450 1951 977
f 456 2055 989
f 459 2073 995
f 462 2092 1002
f 472 2109 1019
f 446 2019 971
f 506 2235 1091
f 535 2258 1146
f 541 1934 1158
f 570 1861 1217
f 480 1807 1037
f 421 1790 918
f 511 1826 1098
f 556 1844 1188
f 484 1880 1044
f 580 2186 1236
f 567 2308 1212
f 522 2272 1122
f 427 1894 930
f 544 2095 1163
f 468 2041 1013
f 436 1948 948
f 499 2060 1074
f 530 2078 1134
f 548 2132 1170
f 466 1970 1008
f 442 1984 960
f 505 2218 1086
f 536 2289 1151
f 491 2181 1061
f 423 1875 923
f 513 1897 1103
f 564 2275 1205
f 581 2311 1241
f 549 2167 1175
f 477 2146 1032
f 445 2002 966
f 503 2200 1080
f 525 1915 1127
f 474 2127 1025
f 438 1965 953
f 495 1987 1067
f 532 2221 1139
f 552 2294 1182
f 490 2164 1056
f 577 2149 1229
f 559 2005 1193
f 517 2203 1109
f 430 1912 936
f 590 1870 1325
f 584 1816 1277
f 585 1800 1265
f 592 1836 1301
f 595 1854 1319
f 598 1890 1343
f 636 2196 1566
f 621 2320 1464
f 642 2284 1590
f 601 1906 1349
f 623 2104 1523
f 611 2047 1422
f 609 1958 1397
f 625 2070 1499
f 628 2088 1517
f 632 2142 1559
f 613 1980 1427
f 616 1994 1433
f 638 2230 1572
f 606 2297 1374
f 407 2329 892
f 403 2323 885
f 404 2326 897
f 410 2333 903
f 413 2336 910
f 422 2345 939
f 486 2409 1048
f 573 2496 1222
f 561 2485 1198
f 512 2435 1113
f 452 2374 982
f 448 2368 975
f 449 2371 987
f 455 2378 993
f 458 2381 1000
f 470 2392 1017
f 437 2360 969
f 494 2416 1089
f 531 2456 1144
f 539 2460 1156
f 568 2488 1215
f 478 2398 1035
f 419 2340 916
f 509 2430 1096
f 554 2475 1186
f 482 2404 1042
f 576 2501 1234
f 558 2482 1210
f 516 2440 1120
f 425 2347 928
f 542 2464 1161
f 463 2384 1011
f 434 2355 946
f 497 2419 1072
f 528 2451 1132
f 546 2470 1168
f 464 2385 1006
f 440 2362 958
f 500 2423 1084
f 524 2446 1149
f 479 2401 1059
f 418 2339 921
f 508 2429 1101
f 553 2474 1203
f 569 2491 1239
f 538 2459 1173
f 471 2395 1030
f 443 2365 964
f 501 2424 1078
f 523 2443 1125
f 467 2390 1023
f 433 2354 951
f 493 2413 1065
f 527 2450 1137
f 543 2467 1180
f 485 2408 1054
f 572 2495 1227
f 557 2479 1191
f 515 2437 1107
f 428 2350 934
f 591 2511 1326
f 587 2505 1278
f 588 2507 1266
f 594 2513 1302
f 597 2516 1320
f 600 2519 1344
f 634 2556 1565
f 619 2540 1463
f 639 2561 1589
f 602 2521 1350
f 624 2544 1524
f 608 2529 1421
f 610 2530 1398
f 627 2546 1500
f 630 2549 1518
f 635 2553 1560
f 615 2534 1428
f 617 2536 1434
f 637 2557 1571
f 604 2525 1373
f 164 1609 889
f 163 1605 883
f 165 1611 895
f 166 1614 901
f 167 1617 907
f 172 1631 937
f 190 1688 1045
f 219 1775 1219
f 215 1763 1195
f 201 1719 1111
f 179 1654 979
f 178 1650 973
f 180 1656 985
f 181 1659 991
f 182 1662 997
f 185 1672 1015
f 177 1646 967
f 197 1706 1087
f 206 1735 1141
f 208 1741 1153
f 218 1770 1213
f 188 1680 1033
f 168 1621 913
f 198 1711 1093
f 213 1756 1183
f 189 1684 1039
f 221 1780 1231
f 217 1767 1207
f 202 1722 1117
f 170 1627 925
f 209 1744 1159
f 184 1668 1009
f 173 1636 943
f 194 1699 1069
f 204 1730 1129
f 210 1748 1165
f 183 1666 1003
f 175 1642 955
f 196 1705 1081
f 207 1736 1147
f 192 1691 1057
f 169 1623 919
f 199 1713 1099
f 216 1764 1201
f 222 1781 1237
f 211 1749 1171
f 187 1677 1027
f 176 1645 961
f 195 1703 1075
f 203 1725 1123
f 186 1674 1021
f 174 1638 949
f 193 1695 1063
f 205 1732 1135
f 212 1752 1177
f 191 1690 1051
f 220 1777 1225
f 214 1759 1189
f 200 1717 1105
f 171 1630 931
f 358 2191 1322
f 256 1885 1274
f 261 1901 1262
f 387 2279 1298
f 399 2315 1316
f 351 2171 1340
f 348 2160 1561
f 300 2016 1459
f 366 2214 1585
f 267 1919 1346
f 340 2137 1520
f 287 1978 1417
f 291 1991 1394
f 369 2225 1496
f 395 2302 1514
f 354 2178 1556
f 345 2153 1424
f 297 2009 1430
f 363 2207 1567
f 270 1926 1369
f 247 1857 908
f 229 1803 890
f 223 1786 884
f 235 1822 896
f 241 1840 902
f 253 1876 920
f 355 2182 1058
f 398 2312 1238
f 386 2276 1202
f 260 1898 1100
f 325 2091 998
f 307 2037 980
f 278 1952 974
f 313 2056 986
f 319 2074 992
f 337 2128 1022
f 283 1966 950
f 290 1988 1064
f 368 2222 1136
f 392 2293 1178
f 356 2185 1232
f 254 1879 1040
f 259 1893 926
f 385 2271 1118
f 397 2307 1208
f 349 2163 1052
f 344 2150 1226
f 296 2006 1190
f 362 2204 1106
f 265 1911 932
f 338 2131 1166
f 284 1969 1004
f 289 1983 956
f 367 2217 1082
f 391 2290 1148
f 350 2168 1172
f 343 2145 1028
f 295 2001 962
f 361 2199 1076
f 266 1916 1124
f 230 1808 1034
f 224 1789 914
f 236 1825 1094
f 242 1843 1184
f 248 1862 1214
f 272 1933 1154
f 331 2110 1016
f 301 2020 968
f 373 2236 1088
f 380 2257 1142
f 308 2042 1010
f 277 1947 944
f 314 2059 1070
f 320 2077 1130
f 326 2096 1160
f 332 2113 1046
f 302 2023 1220
f 374 2239 1196
f 379 2254 1112
f 271 1930 938
f 234 1818 1279
f 227 1798 1255
f 239 1834 1291
f 245 1852 1309
f 252 1872 1327
f 275 1942 1375
f 334 2120 1537
f 304 2030 1448
f 377 2248 1574
f 382 2263 1364
f 312 2052 1483
f 279 1955 1387
f 316 2065 1436
f 323 2086 1507
f 330 2106 1525
f 335 2122 1543
f 305 2032 1465
f 376 2245 1454
f 383 2266 1580
f 274 1940 1358
f 232 1813 1267
f 225 1792 1243
f 237 1828 1250
f 243 1846 1286
f 250 1867 1304
f 273 1936 1334
f 336 2123 1549
f 306 2033 1471
f 378 2249 1597
f 381 2260 1352
f 311 2049 1477
f 281 1959 1399
f 315 2062 1406
f 321 2080 1490
f 328 2101 1502
f 333 2116 1531
f 303 2026 1412
f 375 2242 1442
f 384 2267 1592
f 276 1943 1381
f 251 1869 1321
f 233 1815 1273
f 228 1799 1261
f 240 1835 1297
f 246 1853 1315
f 258 1889 1339
f 360 2195 1562
f 401 2319 1460
f 389 2283 1586
f 263 1905 1345
f 329 2103 1519
f 310 2046 1418
f 280 1957 1393
f 318 2069 1495
f 324 2087 1513
f 342 2141 1555
f 288 1979 1423
f 292 1993 1429
f 371 2229 1568
f 393 2296 1370
f 357 2188 1280
f 255 1882 1256
f 262 1902 1292
f 388 2280 1310
f 400 2316 1328
f 352 2172 1376
f 347 2157 1538
f 298 2011 1447
f 364 2209 1573
f 269 1923 1363
f 339 2134 1484
f 285 1972 1388
f 293 1995 1435
f 370 2226 1508
f 396 2303 1526
f 353 2175 1544
f 346 2154 1466
f 299 2013 1453
f 365 2211 1579
f 268 1921 1357
f 249 1865 1268
f 231 1811 1244
f 226 1796 1249
f 238 1832 1285
f 244 1850 1303
f 257 1888 1333
f 359 2194 1550
f 402 2322 1472
f 390 2286 1598
f 264 1908 1351
f 327 2099 1478
f 309 2045 1400
f 282 1962 1405
f 317 2068 1489
f 322 2084 1501
f 341 2140 1532
f 286 1976 1411
f 294 1998 1441
f 372 2232 1591
f 394 2299 1382
f 416 2330 911
f 408 2324 893
f 406 2325 888
f 412 2332 900
f 415 2335 906
f 424 2344 924
f 492 2410 1062
f 582 2497 1242
f 565 2486 1206
f 514 2434 1104
f 461 2375 1001
f 453 2369 983
f 451 2370 978
f 457 2377 990
f 460 2380 996
f 475 2393 1026
f 439 2359 954
f 496 2415 1068
f 533 2455 1140
f 551 2461 1181
f 579 2489 1235
f 483 2399 1043
f 426 2341 929
f 521 2431 1121
f 566 2476 1211
f 489 2405 1055
f 578 2500 1230
f 560 2481 1194
f 518 2439 1110
f 429 2348 935
f 547 2465 1169
f 465 2383 1007
f 441 2356 959
f 504 2420 1085
f 537 2452 1152
f 550 2471 1176
f 476 2386 1031
f 444 2363 965
f 502 2422 1079
f 526 2445 1128
f 481 2400 1038
f 420 2338 917
f 510 2428 1097
f 555 2473 1187
f 571 2490 1218
f 540 2458 1157
f 473 2394 1020
f 447 2366 972
f 507 2425 1092
f 534 2444 1145
f 469 2389 1014
f 435 2353 947
f 498 2414 1073
f 529 2449 1133
f 545 2466 1164
f 487 2407 1049
f 574 2494 1223
f 562 2480 1199
f 520 2438 1116
f 432 2351 942
f 589 2510 1283
f 583 2504 1259
f 586 2508 1295
f 593 2514 1313
f 596 2517 1331
f 599 2520 1379
f 633 2554 1541
f 620 2539 1452
f 640 2560 1578
f 603 2523 1368
f 622 2543 1487
f 607 2527 1391
f 612 2532 1440
f 626 2547 1511
f 629 2550 1529
f 631 2552 1547
f 614 2535 1469
f 618 2538 1458
f 641 2558 1584
f 605 2524 1362
f 164 1607 1609
f 163 1603 1605
f 165 1604 1611
f 166 1610 1614
f 167 1613 1617
f 172 1622 1631
f 190 1686 1688
f 219 1773 1775
f 215 1761 1763
f 201 1712 1719
f 179 1652 1654
f 178 1648 1650
f 180 1649 1656
f 181 1655 1659
f 182 1658 1662
f 185 1670 1672
f 177 1637 1646
f 197 1694 1706
f 206 1731 1735
f 208 1739 1741
f 218 1768 1770
f 188 1678 1680
f 168 1619 1621
f 198 1709 1711
f 213 1754 1756
f 189 1682 1684
f 221 1776 1780
f 217 1758 1767
f 202 1716 1722
f 170 1625 1627
f 209 1742 1744
f 184 1663 1668
f 173 1634 1636
f 194 1697 1699
f 204 1728 1730
f 210 1746 1748
f 183 1664 1666
f 175 1640 1642
f 196 1700 1705
f 207 1724 1736
f 192 1679 1691
f 169 1618 1623
f 199 1708 1713
f 216 1753 1764
f 222 1769 1781
f 211 1738 1749
f 187 1671 1677
f 176 1643 1645
f 195 1701 1703
f 203 1723 1725
f 186 1667 1674
f 174 1633 1638
f 193 1693 1695
f 205 1727 1732
f 212 1743 1752
f 191 1685 1690
f 220 1772 1777
f 214 1757 1759
f 200 1715 1717
f 171 1628 1630
f 358 2187 2191
f 256 1881 1885
f 261 1899 1901
f 387 2277 2279
f 399 2313 2315
f 351 2169 2171
f 348 2156 2160
f 300 2010 2016
f 366 2208 2214
f 267 1917 1919
f 340 2133 2137
f 287 1971 1978
f 291 1989 1991
f 369 2223 2225
f 395 2300 2302
f 354 2174 2178
f 345 2151 2153
f 297 2007 2009
f 363 2205 2207
f 270 1920 1926
f 247 1855 1857
f 229 1801 1803
f 223 1784 1786
f 235 1820 1822
f 241 1838 1840
f 253 1874 1876
f 355 2180 2182
f 398 2310 2312
f 386 2274 2276
f 260 1896 1898
f 325 2089 2091
f 307 2035 2037
f 278 1950 1952
f 313 2054 2056
f 319 2072 2074
f 337 2126 2128
f 283 1964 1966
f 290 1986 1988
f 368 2220 2222
f 392 2291 2293
f 356 2183 2185
f 254 1877 1879
f 259 1891 1893
f 385 2269 2271
f 397 2305 2307
f 349 2161 2163
f 344 2148 2150
f 296 2004 2006
f 362 2202 2204
f 265 1909 1911
f 338 2129 2131
f 284 1967 1969
f 289 1981 1983
f 367 2215 2217
f 391 2288 2290
f 350 2166 2168
f 343 2143 2145
f 295 1999 2001
f 361 2197 2199
f 266 1914 1916
f 230 1806 1808
f 224 1787 1789
f 236 1823 1825
f 242 1841 1843
f 248 1860 1862
f 272 1931 1933
f 331 2108 2110
f 301 2018 2020
f 373 2234 2236
f 380 2255 2257
f 308 2040 2042
f 277 1945 1947
f 314 2057 2059
f 320 2075 2077
f 326 2094 2096
f 332 2111 2113
f 302 2021 2023
f 374 2237 2239
f 379 2252 2254
f 271 1928 1930
f 234 1812 1818
f 227 1791 1798
f 239 1827 1834
f 245 1845 1852
f 252 1866 1872
f 275 1935 1942
f 334 2118 2120
f 304 2028 2030
f 377 2246 2248
f 382 2259 2263
f 312 2048 2052
f 279 1953 1955
f 316 2061 2065
f 323 2079 2086
f 330 2100 2106
f 335 2115 2122
f 305 2025 2032
f 376 2241 2245
f 383 2264 2266
f 274 1938 1940
f 232 1802 1813
f 225 1783 1792
f 237 1819 1828
f 243 1837 1846
f 250 1856 1867
f 273 1927 1936
f 336 2112 2123
f 306 2022 2033
f 378 2238 2249
f 381 2251 2260
f 311 2036 2049
f 281 1949 1959
f 315 2053 2062
f 321 2071 2080
f 328 2090 2101
f 333 2107 2116
f 303 2017 2026
f 375 2233 2242
f 384 2256 2267
f 276 1932 1943
f 251 1859 1869
f 233 1805 1815
f 228 1788 1799
f 240 1824 1835
f 246 1842 1853
f 258 1878 1889
f 360 2184 2195
f 401 2306 2319
f 389 2270 2283
f 263 1892 1905
f 329 2093 2103
f 310 2039 2046
f 280 1946 1957
f 318 2058 2069
f 324 2076 2087
f 342 2130 2141
f 288 1968 1979
f 292 1982 1993
f 371 2216 2229
f 393 2287 2296
f 357 2179 2188
f 255 1873 1882
f 262 1895 1902
f 388 2273 2280
f 400 2309 2316
f 352 2165 2172
f 347 2144 2157
f 298 2000 2011
f 364 2198 2209
f 269 1913 1923
f 339 2125 2134
f 285 1963 1972
f 293 1985 1995
f 370 2219 2226
f 396 2292 2303
f 353 2162 2175
f 346 2147 2154
f 299 2003 2013
f 365 2201 2211
f 268 1910 1921
f 249 1863 1865
f 231 1809 1811
f 226 1794 1796
f 238 1830 1832
f 244 1848 1850
f 257 1886 1888
f 359 2192 2194
f 402 2318 2322
f 390 2282 2286
f 264 1904 1908
f 327 2097 2099
f 309 2043 2045
f 282 1956 1962
f 317 2066 2068
f 322 2082 2084
f 341 2138 2140
f 286 1974 1976
f 294 1992 1998
f 372 2228 2232
f 394 2295 2299
f 416 2331 2330
f 408 2327 2324
f 406 2328 2325
f 412 2334 2332
f 415 2337 2335
f 424 2346 2344
f 492 2412 2410
f 582 2499 2497
f 565 2487 2486
f 514 2436 2434
f 461 2376 2375
f 453 2372 2369
f 451 2373 2370
f 457 2379 2377
f 460 2382 2380
f 475 2396 2393
f 439 2361 2359
f 496 2418 2415
f 533 2457 2455
f 551 2463 2461
f 579 2492 2489
f 483 2402 2399
f 426 2343 2341
f 521 2433 2431
f 566 2478 2476
f 489 2406 2405
f 578 2502 2500
f 560 2484 2481
f 518 2442 2439
f 429 2349 2348
f 547 2468 2465
f 465 2387 2383
f 441 2358 2356
f 504 2421 2420
f 537 2454 2452
f 550 2472 2471
f 476 2388 2386
f 444 2364 2363
f 502 2426 2422
f 526 2448 2445
f 481 2403 2400
f 420 2342 2338
f 510 2432 2428
f 555 2477 2473
f 571 2493 2490
f 540 2462 2458
f 473 2397 2394
f 447 2367 2366
f 507 2427 2425
f 534 2447 2444
f 469 2391 2389
f 435 2357 2353
f 498 2417 2414
f 529 2453 2449
f 545 2469 2466
f 487 2411 2407
f 574 2498 2494
f 562 2483 2480
f 520 2441 2438
f 432 2352 2351
f 589 2509 2510
f 583 2503 2504
f 586 2506 2508
f 593 2512 2514
f 596 2515 2517
f 599 2518 2520
f 633 2555 2554
f 620 2541 2539
f 640 2562 2560
f 603 2522 2523
f 622 2542 2543
f 607 2528 2527
f 612 2531 2532
f 626 2545 2547
f 629 2548 2550
f 631 2551 2552
f 614 2533 2535
f 618 2537 2538
f 641 2559 2558
f 605 2526 2524
f 164 644 1607
f 163 643 1603
f 165 645 1604
f 166 646 1610
f 167 647 1613
f 172 652 1622
f 190 670 1686
f 219 699 1773
f 215 695 1761
f 201 681 1712
f 179 659 1652
f 178 658 1648
f 180 660 1649
f 181 661 1655
f 182 662 1658
f 185 665 1670
f 177 657 1637
f 197 677 1694
f 206 686 1731
f 208 688 1739
f 218 698 1768
f 188 668 1678
f 168 648 1619
f 198 678 1709
f 213 693 1754
f 189 669 1682
f 221 701 1776
f 217 697 1758
f 202 682 1716
f 170 650 1625
f 209 689 1742
f 184 664 1663
f 173 653 1634
f 194 674 1697
f 204 684 1728
f 210 690 1746
f 183 663 1664
f 175 655 1640
f 196 676 1700
f 207 687 1724
f 192 672 1679
f 169 649 1618
f 199 679 1708
f 216 696 1753
f 222 702 1769
f 211 691 1738
f 187 667 1671
f 176 656 1643
f 195 675 1701
f 203 683 1723
f 186 666 1667
f 174 654 1633
f 193 673 1693
f 205 685 1727
f 212 692 1743
f 191 671 1685
f 220 700 1772
f 214 694 1757
f 200 680 1715
f 171 651 1628
f 358 838 2187
f 256 736 1881
f 261 741 1899
f 387 867 2277
f 399 879 2313
f 351 831 2169
f 348 828 2156
f 300 780 2010
f 366 846 2208
f 267 747 1917
f 340 820 2133
f 287 767 1971
f 291 771 1989
f 369 849 2223
f 395 875 2300
f 354 834 2174
f 345 825 2151
f 297 777 2007
f 363 843 2205
f 270 750 1920
f 247 727 1855
f 229 709 1801
f 223 703 1784
f 235 715 1820
f 241 721 1838
f 253 733 1874
f 355 835 2180
f 398 878 2310
f 386 866 2274
f 260 740 1896
f 325 805 2089
f 307 787 2035
f 278 758 1950
f 313 793 2054
f 319 799 2072
f 337 817 2126
f 283 763 1964
f 290 770 1986
f 368 848 2220
f 392 872 2291
f 356 836 2183
f 254 734 1877
f 259 739 1891
f 385 865 2269
f 397 877 2305
f 349 829 2161
f 344 824 2148
f 296 776 2004
f 362 842 2202
f 265 745 1909
f 338 818 2129
f 284 764 1967
f 289 769 1981
f 367 847 2215
f 391 871 2288
f 350 830 2166
f 343 823 2143
f 295 775 1999
f 361 841 2197
f 266 746 1914
f 230 710 1806
f 224 704 1787
f 236 716 1823
f 242 722 1841
f 248 728 1860
f 272 752 1931
f 331 811 2108
f 301 781 2018
f 373 853 2234
f 380 860 2255
f 308 788 2040
f 277 757 1945
f 314 794 2057
f 320 800 2075
f 326 806 2094
f 332 812 2111
f 302 782 2021
f 374 854 2237
f 379 859 2252
f 271 751 1928
f 234 714 1812
f 227 707 1791
f 239 719 1827
f 245 725 1845
f 252 732 1866
f 275 755 1935
f 334 814 2118
f 304 784 2028
f 377 857 2246
f 382 862 2259
f 312 792 2048
f 279 759 1953
f 316 796 2061
f 323 803 2079
f 330 810 2100
f 335 815 2115
f 305 785 2025
f 376 856 2241
f 383 863 2264
f 274 754 1938
f 232 712 1802
f 225 705 1783
f 237 717 1819
f 243 723 1837
f 250 730 1856
f 273 753 1927
f 336 816 2112
f 306 786 2022
f 378 858 2238
f 381 861 2251
f 311 791 2036
f 281 761 1949
f 315 795 2053
f 321 801 2071
f 328 808 2090
f 333 813 2107
f 303 783 2017
f 375 855 2233
f 384 864 2256
f 276 756 1932
f 251 731 1859
f 233 713 1805
f 228 708 1788
f 240 720 1824
f 246 726 1842
f 258 738 1878
f 360 840 2184
f 401 881 2306
f 389 869 2270
f 263 743 1892
f 329 809 2093
f 310 790 2039
f 280 760 1946
f 318 798 2058
f 324 804 2076
f 342 822 2130
f 288 768 1968
f 292 772 1982
f 371 851 2216
f 393 873 2287
f 357 837 2179
f 255 735 1873
f 262 742 1895
f 388 868 2273
f 400 880 2309
f 352 832 2165
f 347 827 2144
f 298 778 2000
f 364 844 2198
f 269 749 1913
f 339 819 2125
f 285 765 1963
f 293 773 1985
f 370 850 2219
f 396 876 2292
f 353 833 2162
f 346 826 2147
f 299 779 2003
f 365 845 2201
f 268 748 1910
f 249 729 1863
f 231 711 1809
f 226 706 1794
f 238 718 1830
f 244 724 1848
f 257 737 1886
f 359 839 2192
f 402 882 2318
f 390 870 2282
f 264 744 1904
f 327 807 2097
f 309 789 2043
f 282 762 1956
f 317 797 2066
f 322 802 2082
f 341 821 2138
f 286 766 1974
f 294 774 1992
f 372 852 2228
f 394 874 2295
f 416 1270 2331
f 408 1246 2327
f 406 1251 2328
f 412 1287 2334
f 415 1305 2337
f 424 1335 2346
f 492 1552 2412
f 582 1474 2499
f 565 1600 2487
f 514 1353 2436
f 461 1480 2376
f 453 1402 2372
f 451 1407 2373
f 457 1491 2379
f 460 1503 2382
f 475 1534 2396
f 439 1413 2361
f 496 1443 2418
f 533 1593 2457
f 551 1384 2463
f 579 1324 2492
f 483 1276 2402
f 426 1264 2343
f 521 1300 2433
f 566 1318 2478
f 489 1342 2406
f 578 1563 2502
f 560 1461 2484
f 518 1587 2442
f 429 1348 2349
f 547 1522 2468
f 465 1419 2387
f 441 1396 2358
f 504 1498 2421
f 537 1516 2454
f 550 1558 2472
f 476 1426 2388
f 444 1432 2364
f 502 1569 2426
f 526 1371 2448
f 481 1281 2403
f 420 1257 2342
f 510 1293 2432
f 555 1311 2477
f 571 1329 2493
f 540 1377 2462
f 473 1539 2397
f 447 1450 2367
f 507 1576 2427
f 534 1366 2447
f 469 1485 2391
f 435 1389 2357
f 498 1438 2417
f 529 1509 2453
f 545 1527 2469
f 487 1545 2411
f 574 1467 2498
f 562 1456 2483
f 520 1582 2441
f 432 1360 2352
f 589 1271 2509
f 583 1247 2503
f 586 1254 2506
f 593 1290 2512
f 596 1308 2515
f 599 1338 2518
f 633 1553 2555
f 620 1475 2541
f 640 1601 2562
f 603 1356 2522
f 622 1481 2542
f 607 1403 2528
f 612 1410 2531
f 626 1494 2545
f 629 1506 2548
f 631 1535 2551
f 614 1416 2533
f 618 1446 2537
f 641 1596 2559
f 605 1385 2526
f 167 907 1616
f 164 889 1608
f 163 883 1606
f 165 895 1612
f 166 901 1615
f 169 919 1624
f 192 1057 1692
f 222 1237 1782
f 216 1201 1765
f 199 1099 1714
f 182 997 1661
f 179 979 1653
f 178 973 1651
f 180 985 1657
f 181 991 1660
f 186 1021 1675
f 174 949 1639
f 193 1063 1696
f 205 1135 1733
f 212 1177 1751
f 221 1231 1779
f 189 1039 1683
f 170 925 1626
f 202 1117 1721
f 217 1207 1766
f 191 1051 1689
f 220 1225 1778
f 214 1189 1760
f 200 1105 1718
f 171 931 1629
f 210 1165 1747
f 183 1003 1665
f 175 955 1641
f 196 1081 1704
f 207 1147 1737
f 211 1171 1750
f 187 1027 1676
f 176 961 1644
f 195 1075 1702
f 203 1123 1726
f 188 1033 1681
f 168 913 1620
f 198 1093 1710
f 213 1183 1755
f 218 1213 1771
f 208 1153 1740
f 185 1015 1673
f 177 967 1647
f 197 1087 1707
f 206 1141 1734
f 184 1009 1669
f 173 943 1635
f 194 1069 1698
f 204 1129 1729
f 209 1159 1745
f 190 1045 1687
f 219 1219 1774
f 215 1195 1762
f 201 1111 1720
f 172 937 1632
f 357 1280 2189
f 255 1256 1883
f 262 1292 1903
f 388 1310 2281
f 400 1328 2317
f 352 1376 2173
f 347 1538 2158
f 298 1447 2012
f 364 1573 2210
f 269 1363 1924
f 339 1484 2135
f 285 1388 1973
f 293 1435 1996
f 370 1508 2227
f 396 1526 2304
f 353 1544 2176
f 346 1466 2155
f 299 1453 2014
f 365 1579 2212
f 268 1357 1922
f 249 1268 1864
f 231 1244 1810
f 226 1249 1795
f 238 1285 1831
f 244 1303 1849
f 257 1333 1887
f 359 1550 2193
f 402 1472 2321
f 390 1598 2285
f 264 1351 1907
f 327 1478 2098
f 309 1400 2044
f 282 1405 1961
f 317 1489 2067
f 322 1501 2083
f 341 1532 2139
f 286 1411 1975
f 294 1441 1997
f 372 1591 2231
f 394 1382 2298
f 358 1322 2190
f 256 1274 1884
f 261 1262 1900
f 387 1298 2278
f 399 1316 2314
f 351 1340 2170
f 348 1561 2159
f 300 1459 2015
f 366 1585 2213
f 267 1346 1918
f 340 1520 2136
f 287 1417 1977
f 291 1394 1990
f 369 1496 2224
f 395 1514 2301
f 354 1556 2177
f 345 1424 2152
f 297 1430 2008
f 363 1567 2206
f 270 1369 1925
f 234 1279 1817
f 227 1255 1797
f 239 1291 1833
f 245 1309 1851
f 252 1327 1871
f 275 1375 1941
f 334 1537 2119
f 304 1448 2029
f 377 1574 2247
f 382 1364 2262
f 312 1483 2051
f 279 1387 1954
f 316 1436 2064
f 323 1507 2085
f 330 1525 2105
f 335 1543 2121
f 305 1465 2031
f 376 1454 2244
f 383 1580 2265
f 274 1358 1939
f 232 1267 1814
f 225 1243 1793
f 237 1250 1829
f 243 1286 1847
f 250 1304 1868
f 273 1334 1937
f 336 1549 2124
f 306 1471 2034
f 378 1597 2250
f 381 1352 2261
f 311 1477 2050
f 281 1399 1960
f 315 1406 2063
f 321 1490 2081
f 328 1502 2102
f 333 1531 2117
f 303 1412 2027
f 375 1442 2243
f 384 1592 2268
f 276 1381 1944
f 229 890 1804
f 223 884 1785
f 235 896 1821
f 241 902 1839
f 247 908 1858
f 271 938 1929
f 332 1046 2114
f 302 1220 2024
f 374 1196 2240
f 379 1112 2253
f 307 980 2038
f 278 974 1951
f 313 986 2055
f 319 992 2073
f 325 998 2092
f 331 1016 2109
f 301 968 2019
f 373 1088 2235
f 380 1142 2258
f 272 1154 1934
f 248 1214 1861
f 230 1034 1807
f 224 914 1790
f 236 1094 1826
f 242 1184 1844
f 254 1040 1880
f 356 1232 2186
f 397 1208 2308
f 385 1118 2272
f 259 926 1894
f 326 1160 2095
f 308 1010 2041
f 277 944 1948
f 314 1070 2060
f 320 1130 2078
f 338 1166 2132
f 284 1004 1970
f 289 956 1984
f 367 1082 2218
f 391 1148 2289
f 355 1058 2181
f 253 920 1875
f 260 1100 1897
f 386 1202 2275
f 398 1238 2311
f 350 1172 2167
f 343 1028 2146
f 295 962 2002
f 361 1076 2200
f 266 1124 1915
f 337 1022 2127
f 283 950 1965
f 290 1064 1987
f 368 1136 2221
f 392 1178 2294
f 349 1052 2164
f 344 1226 2149
f 296 1190 2005
f 362 1106 2203
f 265 932 1912
f 251 1321 1870
f 233 1273 1816
f 228 1261 1800
f 240 1297 1836
f 246 1315 1854
f 258 1339 1890
f 360 1562 2196
f 401 1460 2320
f 389 1586 2284
f 263 1345 1906
f 329 1519 2104
f 310 1418 2047
f 280 1393 1958
f 318 1495 2070
f 324 1513 2088
f 342 1555 2142
f 288 1423 1980
f 292 1429 1994
f 371 1568 2230
f 393 1370 2297
f 409 894 2329
f 405 887 2323
f 411 899 2326
f 414 905 2333
f 417 912 2336
f 431 941 2345
f 488 1050 2409
f 575 1224 2496
f 563 1200 2485
f 519 1115 2435
f 454 984 2374
f 450 977 2368
f 456 989 2371
f 459 995 2378
f 462 1002 2381
f 472 1019 2392
f 446 971 2360
f 506 1091 2416
f 535 1146 2456
f 541 1158 2460
f 570 1217 2488
f 480 1037 2398
f 421 918 2340
f 511 1098 2430
f 556 1188 2475
f 484 1044 2404
f 580 1236 2501
f 567 1212 2482
f 522 1122 2440
f 427 930 2347
f 544 1163 2464
f 468 1013 2384
f 436 948 2355
f 499 1074 2419
f 530 1134 2451
f 548 1170 2470
f 466 1008 2385
f 442 960 2362
f 505 1086 2423
f 536 1151 2446
f 491 1061 2401
f 423 923 2339
f 513 1103 2429
f 564 1205 2474
f 581 1241 2491
f 549 1175 2459
f 477 1032 2395
f 445 966 2365
f 503 1080 2424
f 525 1127 2443
f 474 1025 2390
f 438 953 2354
f 495 1067 2413
f 532 1139 2450
f 552 1182 2467
f 490 1056 2408
f 577 1229 2495
f 559 1193 2479
f 517 1109 2437
f 430 936 2350
f 590 1325 2511
f 584 1277 2505
f 585 1265 2507
f 592 1301 2513
f 595 1319 2516
f 598 1343 2519
f 636 1566 2556
f 621 1464 2540
f 642 1590 2561
f 601 1349 2521
f 623 1523 2544
f 611 1422 2529
f 609 1397 2530
f 625 1499 2546
f 628 1517 2549
f 632 1559 2553
f 613 1427 2534
f 616 1433 2536
f 638 1572 2557
f 606 1374 2525
f 407 892 1609
f 403 885 1605
f 404 897 1611
f 410 903 1614
f 413 910 1617
f 422 939 1631
f 486 1048 1688
f 573 1222 1775
f 561 1198 1763
f 512 1113 1719
f 452 982 1654
f 448 975 1650
f 449 987 1656
f 455 993 1659
f 458 1000 1662
f 470 1017 1672
f 437 969 1646
f 494 1089 1706
f 531 1144 1735
f 539 1156 1741
f 568 1215 1770
f 478 1035 1680
f 419 916 1621
f 509 1096 1711
f 554 1186 1756
f 482 1042 1684
f 576 1234 1780
f 558 1210 1767
f 516 1120 1722
f 425 928 1627
f 542 1161 1744
f 463 1011 1668
f 434 946 1636
f 497 1072 1699
f 528 1132 1730
f 546 1168 1748
f 464 1006 1666
f 440 958 1642
f 500 1084 1705
f 524 1149 1736
f 479 1059 1691
f 418 921 1623
f 508 1101 1713
f 553 1203 1764
f 569 1239 1781
f 538 1173 1749
f 471 1030 1677
f 443 964 1645
f 501 1078 1703
f 523 1125 1725
f 467 1023 1674
f 433 951 1638
f 493 1065 1695
f 527 1137 1732
f 543 1180 1752
f 485 1054 1690
f 572 1227 1777
f 557 1191 1759
f 515 1107 1717
f 428 934 1630
f 591 1326 2191
f 587 1278 1885
f 588 1266 1901
f 594 1302 2279
f 597 1320 2315
f 600 1344 2171
f 634 1565 2160
f 619 1463 2016
f 639 1589 2214
f 602 1350 1919
f 624 1524 2137
f 608 1421 1978
f 610 1398 1991
f 627 1500 2225
f 630 1518 2302
f 635 1560 2178
f 615 1428 2153
f 617 1434 2009
f 637 1571 2207
f 604 1373 1926
f 416 911 1857
f 408 893 1803
f 406 888 1786
f 412 900 1822
f 415 906 1840
f 424 924 1876
f 492 1062 2182
f 582 1242 2312
f 565 1206 2276
f 514 1104 1898
f 461 1001 2091
f 453 983 2037
f 451 978 1952
f 457 990 2056
f 460 996 2074
f 475 1026 2128
f 439 954 1966
f 496 1068 1988
f 533 1140 2222
f 551 1181 2293
f 579 1235 2185
f 483 1043 1879
f 426 929 1893
f 521 1121 2271
f 566 1211 2307
f 489 1055 2163
f 578 1230 2150
f 560 1194 2006
f 518 1110 2204
f 429 935 1911
f 547 1169 2131
f 465 1007 1969
f 441 959 1983
f 504 1085 2217
f 537 1152 2290
f 550 1176 2168
f 476 1031 2145
f 444 965 2001
f 502 1079 2199
f 526 1128 1916
f 481 1038 1808
f 420 917 1789
f 510 1097 1825
f 555 1187 1843
f 571 1218 1862
f 540 1157 1933
f 473 1020 2110
f 447 972 2020
f 507 1092 2236
f 534 1145 2257
f 469 1014 2042
f 435 947 1947
f 498 1073 2059
f 529 1133 2077
f 545 1164 2096
f 487 1049 2113
f 574 1223 2023
f 562 1199 2239
f 520 1116 2254
f 432 942 1930
f 589 1283 1818
f 583 1259 1798
f 586 1295 1834
f 593 1313 1852
f 596 1331 1872
f 599 1379 1942
f 633 1541 2120
f 620 1452 2030
f 640 1578 2248
f 603 1368 2263
f 622 1487 2052
f 607 1391 1955
f 612 1440 2065
f 626 1511 2086
f 629 1529 2106
f 631 1547 2122
f 614 1469 2032
f 618 1458 2245
f 641 1584 2266
f 605 1362 1940
f 409 1269 1813
f 405 1245 1792
f 411 1252 1828
f 414 1288 1846
f 417 1306 1867
f 431 1336 1936
f 488 1551 2123
f 575 1473 2033
f 563 1599 2249
f 519 1354 2260
f 454 1479 2049
f 450 1401 1959
f 456 1408 2062
f 459 1492 2080
f 462 1504 2101
f 472 1533 2116
f 446 1414 2026
f 506 1444 2242
f 535 1594 2267
f 541 1383 1943
f 570 1323 1869
f 480 1275 1815
f 421 1263 1799
f 511 1299 1835
f 556 1317 1853
f 484 1341 1889
f 580 1564 2195
f 567 1462 2319
f 522 1588 2283
f 427 1347 1905
f 544 1521 2103
f 468 1420 2046
f 436 1395 1957
f 499 1497 2069
f 530 1515 2087
f 548 1557 2141
f 466 1425 1979
f 442 1431 1993
f 505 1570 2229
f 536 1372 2296
f 491 1282 2188
f 423 1258 1882
f 513 1294 1902
f 564 1312 2280
f 581 1330 2316
f 549 1378 2172
f 477 1540 2157
f 445 1449 2011
f 503 1575 2209
f 525 1365 1923
f 474 1486 2134
f 438 1390 1972
f 495 1437 1995
f 532 1510 2226
f 552 1528 2303
f 490 1546 2175
f 577 1468 2154
f 559 1455 2013
f 517 1581 2211
f 430 1359 1921
f 590 1272 1865
f 584 1248 1811
f 585 1253 1796
f 592 1289 1832
f 595 1307 1850
f 598 1337 1888
f 636 1554 2194
f 621 1476 2322
f 642 1602 2286
f 601 1355 1908
f 623 1482 2099
f 611 1404 2045
f 609 1409 1962
f 625 1493 2068
f 628 1505 2084
f 632 1536 2140
f 613 1415 1976
f 616 1445 1998
f 638 1595 2232
f 606 1386 2299
f 407 909 2330
f 403 891 2324
f 404 886 2325
f 410 898 2332
f 413 904 2335
f 422 922 2344
f 486 1060 2410
f 573 1240 2497
f 561 1204 2486
f 512 1102 2434
f 452 999 2375
f 448 981 2369
f 449 976 2370
f 455 988 2377
f 458 994 2380
f 470 1024 2393
f 437 952 2359
f 494 1066 2415
f 531 1138 2455
f 539 1179 2461
f 568 1233 2489
f 478 1041 2399
f 419 927 2341
f 509 1119 2431
f 554 1209 2476
f 482 1053 2405
f 576 1228 2500
f 558 1192 2481
f 516 1108 2439
f 425 933 2348
f 542 1167 2465
f 463 1005 2383
f 434 957 2356
f 497 1083 2420
f 528 1150 2452
f 546 1174 2471
f 464 1029 2386
f 440 963 2363
f 500 1077 2422
f 524 1126 2445
f 479 1036 2400
f 418 915 2338
f 508 1095 2428
f 553 1185 2473
f 569 1216 2490
f 538 1155 2458
f 471 1018 2394
f 443 970 2366
f 501 1090 2425
f 523 1143 2444
f 467 1012 2389
f 433 945 2353
f 493 1071 2414
f 527 1131 2449
f 543 1162 2466
f 485 1047 2407
f 572 1221 2494
f 557 1197 2480
f 515 1114 2438
f 428 940 2351
f 591 1284 2510
f 587 1260 2504
f 588 1296 2508
f 594 1314 2514
f 597 1332 2517
f 600 1380 2520
f 634 1542 2554
f 619 1451 2539
f 639 1577 2560
f 602 1367 2523
f 624 1488 2543
f 608 1392 2527
f 610 1439 2532
f 627 1512 2547
f 630 1530 2550
f 635 1548 2552
f 615 1470 2535
f 617 1457 2538
f 637 1583 2558
f 604 1361 2524
f 167 1616 1607
f 164 1608 1603
f 163 1606 1604
f 165 1612 1610
f 166 1615 1613
f 169 1624 1622
f 192 1692 1686
f 222 1782 1773
f 216 1765 1761
f 199 1714 1712
f 182 1661 1652
f 179 1653 1648
f 178 1651 1649
f 180 1657 1655
f 181 1660 1658
f 186 1675 1670
f 174 1639 1637
f 193 1696 1694
f 205 1733 1731
f 212 1751 1739
f 221 1779 1768
f 189 1683 1678
f 170 1626 1619
f 202 1721 1709
f 217 1766 1754
f 191 1689 1682
f 220 1778 1776
f 214 1760 1758
f 200 1718 1716
f 171 1629 1625
f 210 1747 1742
f 183 1665 1663
f 175 1641 1634
f 196 1704 1697
f 207 1737 1728
f 211 1750 1746
f 187 1676 1664
f 176 1644 1640
f 195 1702 1700
f 203 1726 1724
f 188 1681 1679
f 168 1620 1618
f 198 1710 1708
f 213 1755 1753
f 218 1771 1769
f 208 1740 1738
f 185 1673 1671
f 177 1647 1643
f 197 1707 1701
f 206 1734 1723
f 184 1669 1667
f 173 1635 1633
f 194 1698 1693
f 204 1729 1727
f 209 1745 1743
f 190 1687 1685
f 219 1774 1772
f 215 1762 1757
f 201 1720 1715
f 172 1632 1628
f 357 2189 2187
f 255 1883 1881
f 262 1903 1899
f 388 2281 2277
f 400 2317 2313
f 352 2173 2169
f 347 2158 2156
f 298 2012 2010
f 364 2210 2208
f 269 1924 1917
f 339 2135 2133
f 285 1973 1971
f 293 1996 1989
f 370 2227 2223
f 396 2304 2300
f 353 2176 2174
f 346 2155 2151
f 299 2014 2007
f 365 2212 2205
f 268 1922 1920
f 249 1864 1855
f 231 1810 1801
f 226 1795 1784
f 238 1831 1820
f 244 1849 1838
f 257 1887 1874
f 359 2193 2180
f 402 2321 2310
f 390 2285 2274
f 264 1907 1896
f 327 2098 2089
f 309 2044 2035
f 282 1961 1950
f 317 2067 2054
f 322 2083 2072
f 341 2139 2126
f 286 1975 1964
f 294 1997 1986
f 372 2231 2220
f 394 2298 2291
f 358 2190 2183
f 256 1884 1877
f 261 1900 1891
f 387 2278 2269
f 399 2314 2305
f 351 2170 2161
f 348 2159 2148
f 300 2015 2004
f 366 2213 2202
f 267 1918 1909
f 340 2136 2129
f 287 1977 1967
f 291 1990 1981
f 369 2224 2215
f 395 2301 2288
f 354 2177 2166
f 345 2152 2143
f 297 2008 1999
f 363 2206 2197
f 270 1925 1914
f 234 1817 1806
f 227 1797 1787
f 239 1833 1823
f 245 1851 1841
f 252 1871 1860
f 275 1941 1931
f 334 2119 2108
f 304 2029 2018
f 377 2247 2234
f 382 2262 2255
f 312 2051 2040
f 279 1954 1945
f 316 2064 2057
f 323 2085 2075
f 330 2105 2094
f 335 2121 2111
f 305 2031 2021
f 376 2244 2237
f 383 2265 2252
f 274 1939 1928
f 232 1814 1812
f 225 1793 1791
f 237 1829 1827
f 243 1847 1845
f 250 1868 1866
f 273 1937 1935
f 336 2124 2118
f 306 2034 2028
f 378 2250 2246
f 381 2261 2259
f 311 2050 2048
f 281 1960 1953
f 315 2063 2061
f 321 2081 2079
f 328 2102 2100
f 333 2117 2115
f 303 2027 2025
f 375 2243 2241
f 384 2268 2264
f 276 1944 1938
f 229 1804 1802
f 223 1785 1783
f 235 1821 1819
f 241 1839 1837
f 247 1858 1856
f 271 1929 1927
f 332 2114 2112
f 302 2024 2022
f 374 2240 2238
f 379 2253 2251
f 307 2038 2036
f 278 1951 1949
f 313 2055 2053
f 319 2073 2071
f 325 2092 2090
f 331 2109 2107
f 301 2019 2017
f 373 2235 2233
f 380 2258 2256
f 272 1934 1932
f 248 1861 1859
f 230 1807 1805
f 224 1790 1788
f 236 1826 1824
f 242 1844 1842
f 254 1880 1878
f 356 2186 2184
f 397 2308 2306
f 385 2272 2270
f 259 1894 1892
f 326 2095 2093
f 308 2041 2039
f 277 1948 1946
f 314 2060 2058
f 320 2078 2076
f 338 2132 2130
f 284 1970 1968
f 289 1984 1982
f 367 2218 2216
f 391 2289 2287
f 355 2181 2179
f 253 1875 1873
f 260 1897 1895
f 386 2275 2273
f 398 2311 2309
f 350 2167 2165
f 343 2146 2144
f 295 2002 2000
f 361 2200 2198
f 266 1915 1913
f 337 2127 2125
f 283 1965 1963
f 290 1987 1985
f 368 2221 2219
f 392 2294 2292
f 349 2164 2162
f 344 2149 2147
f 296 2005 2003
f 362 2203 2201
f 265 1912 1910
f 251 1870 1863
f 233 1816 1809
f 228 1800 1794
f 240 1836 1830
f 246 1854 1848
f 258 1890 1886
f 360 2196 2192
f 401 2320 2318
f 389 2284 2282
f 263 1906 1904
f 329 2104 2097
f 310 2047 2043
f 280 1958 1956
f 318 2070 2066
f 324 2088 2082
f 342 2142 2138
f 288 1980 1974
f 292 1994 1992
f 371 2230 2228
f 393 2297 2295
f 409 2329 2331
f 405 2323 2327
f 411 2326 2328
f 414 2333 2334
f 417 2336 2337
f 431 2345 2346
f 488 2409 2412
f 575 2496 2499
f 563 2485 2487
f 519 2435 2436
f 454 2374 2376
f 450 2368 2372
f 456 2371 2373
f 459 2378 2379
f 462 2381 2382
f 472 2392 2396
f 446 2360 2361
f 506 2416 2418
f 535 2456 2457
f 541 2460 2463
f 570 2488 2492
f 480 2398 2402
f 421 2340 2343
f 511 2430 2433
f 556 2475 2478
f 484 2404 2406
f 580 2501 2502
f 567 2482 2484
f 522 2440 2442
f 427 2347 2349
f 544 2464 2468
f 468 2384 2387
f 436 2355 2358
f 499 2419 2421
f 530 2451 2454
f 548 2470 2472
f 466 2385 2388
f 442 2362 2364
f 505 2423 2426
f 536 2446 2448
f 491 2401 2403
f 423 2339 2342
f 513 2429 2432
f 564 2474 2477
f 581 2491 2493
f 549 2459 2462
f 477 2395 2397
f 445 2365 2367
f 503 2424 2427
f 525 2443 2447
f 474 2390 2391
f 438 2354 2357
f 495 2413 2417
f 532 2450 2453
f 552 2467 2469
f 490 2408 2411
f 577 2495 2498
f 559 2479 2483
f 517 2437 2441
f 430 2350 2352
f 590 2511 2509
f 584 2505 2503
f 585 2507 2506
f 592 2513 2512
f 595 2516 2515
f 598 2519 2518
f 636 2556 2555
f 621 2540 2541
f 642 2561 2562
f 601 2521 2522
f 623 2544 2542
f 611 2529 2528
f 609 2530 2531
f 625 2546 2545
f 628 2549 2548
f 632 2553 2551
f 613 2534 2533
f 616 2536 2537
f 638 2557 2559
f 606 2525 2526
f 1607 644 647
f 1603 643 644
f 1604 645 643
f 1610 646 645
f 1613 647 646
f 1622 652 649
f 1686 670 672
f 1773 699 702
f 1761 695 696
f 1712 681 679
f 1652 659 662
f 1648 658 659
f 1649 660 658
f 1655 661 660
f 1658 662 661
f 1670 665 666
f 1637 657 654
f 1694 677 673
f 1731 686 685
f 1739 688 692
f 1768 698 701
f 1678 668 669
f 1619 648 650
f 1709 678 682
f 1754 693 697
f 1682 669 671
f 1776 701 700
f 1758 697 694
f 1716 682 680
f 1625 650 651
f 1742 689 690
f 1663 664 663
f 1634 653 655
f 1697 674 676
f 1728 684 687
f 1746 690 691
f 1664 663 667
f 1640 655 656
f 1700 676 675
f 1724 687 683
f 1679 672 668
f 1618 649 648
f 1708 679 678
f 1753 696 693
f 1769 702 698
f 1738 691 688
f 1671 667 665
f 1643 656 657
f 1701 675 677
f 1723 683 686
f 1667 666 664
f 1633 654 653
f 1693 673 674
f 1727 685 684
f 1743 692 689
f 1685 671 670
f 1772 700 699
f 1757 694 695
f 1715 680 681
f 1628 651 652
f 2187 838 837
f 1881 736 735
f 1899 741 742
f 2277 867 868
f 2313 879 880
f 2169 831 832
f 2156 828 827
f 2010 780 778
f 2208 846 844
f 1917 747 749
f 2133 820 819
f 1971 767 765
f 1989 771 773
f 2223 849 850
f 2300 875 876
f 2174 834 833
f 2151 825 826
f 2007 777 779
f 2205 843 845
f 1920 750 748
f 1855 727 729
f 1801 709 711
f 1784 703 706
f 1820 715 718
f 1838 721 724
f 1874 733 737
f 2180 835 839
f 2310 878 882
f 2274 866 870
f 1896 740 744
f 2089 805 807
f 2035 787 789
f 1950 758 762
f 2054 793 797
f 2072 799 802
f 2126 817 821
f 1964 763 766
f 1986 770 774
f 2220 848 852
f 2291 872 874
f 2183 836 838
f 1877 734 736
f 1891 739 741
f 2269 865 867
f 2305 877 879
f 2161 829 831
f 2148 824 828
f 2004 776 780
f 2202 842 846
f 1909 745 747
f 2129 818 820
f 1967 764 767
f 1981 769 771
f 2215 847 849
f 2288 871 875
f 2166 830 834
f 2143 823 825
f 1999 775 777
f 2197 841 843
f 1914 746 750
f 1806 710 714
f 1787 704 707
f 1823 716 719
f 1841 722 725
f 1860 728 732
f 1931 752 755
f 2108 811 814
f 2018 781 784
f 2234 853 857
f 2255 860 862
f 2040 788 792
f 1945 757 759
f 2057 794 796
f 2075 800 803
f 2094 806 810
f 2111 812 815
f 2021 782 785
f 2237 854 856
f 2252 859 863
f 1928 751 754
f 1812 714 712
f 1791 707 705
f 1827 719 717
f 1845 725 723
f 1866 732 730
f 1935 755 753
f 2118 814 816
f 2028 784 786
f 2246 857 858
f 2259 862 861
f 2048 792 791
f 1953 759 761
f 2061 796 795
f 2079 803 801
f 2100 810 808
f 2115 815 813
f 2025 785 783
f 2241 856 855
f 2264 863 864
f 1938 754 756
f 1802 712 709
f 1783 705 703
f 1819 717 715
f 1837 723 721
f 1856 730 727
f 1927 753 751
f 2112 816 812
f 2022 786 782
f 2238 858 854
f 2251 861 859
f 2036 791 787
f 1949 761 758
f 2053 795 793
f 2071 801 799
f 2090 808 805
f 2107 813 811
f 2017 783 781
f 2233 855 853
f 2256 864 860
f 1932 756 752
f 1859 731 728
f 1805 713 710
f 1788 708 704
f 1824 720 716
f 1842 726 722
f 1878 738 734
f 2184 840 836
f 2306 881 877
f 2270 869 865
f 1892 743 739
f 2093 809 806
f 2039 790 788
f 1946 760 757
f 2058 798 794
f 2076 804 800
f 2130 822 818
f 1968 768 764
f 1982 772 769
f 2216 851 847
f 2287 873 871
f 2179 837 835
f 1873 735 733
f 1895 742 740
f 2273 868 866
f 2309 880 878
f 2165 832 830
f 2144 827 823
f 2000 778 775
f 2198 844 841
f 1913 749 746
f 2125 819 817
f 1963 765 763
f 1985 773 770
f 2219 850 848
f 2292 876 872
f 2162 833 829
f 2147 826 824
f 2003 779 776
f 2201 845 842
f 1910 748 745
f 1863 729 731
f 1809 711 713
f 1794 706 708
f 1830 718 720
f 1848 724 726
f 1886 737 738
f 2192 839 840
f 2318 882 881
f 2282 870 869
f 1904 744 743
f 2097 807 809
f 2043 789 790
f 1956 762 760
f 2066 797 798
f 2082 802 804
f 2138 821 822
f 1974 766 768
f 1992 774 772
f 2228 852 851
f 2295 874 873
f 2331 1270 1269
f 2327 1246 1245
f 2328 1251 1252
f 2334 1287 1288
f 2337 1305 1306
f 2346 1335 1336
f 2412 1552 1551
f 2499 1474 1473
f 2487 1600 1599
f 2436 1353 1354
f 2376 1480 1479
f 2372 1402 1401
f 2373 1407 1408
f 2379 1491 1492
f 2382 1503 1504
f 2396 1534 1533
f 2361 1413 1414
f 2418 1443 1444
f 2457 1593 1594
f 2463 1384 1383
f 2492 1324 1323
f 2402 1276 1275
f 2343 1264 1263
f 2433 1300 1299
f 2478 1318 1317
f 2406 1342 1341
f 2502 1563 1564
f 2484 1461 1462
f 2442 1587 1588
f 2349 1348 1347
f 2468 1522 1521
f 2387 1419 1420
f 2358 1396 1395
f 2421 1498 1497
f 2454 1516 1515
f 2472 1558 1557
f 2388 1426 1425
f 2364 1432 1431
f 2426 1569 1570
f 2448 1371 1372
f 2403 1281 1282
f 2342 1257 1258
f 2432 1293 1294
f 2477 1311 1312
f 2493 1329 1330
f 2462 1377 1378
f 2397 1539 1540
f 2367 1450 1449
f 2427 1576 1575
f 2447 1366 1365
f 2391 1485 1486
f 2357 1389 1390
f 2417 1438 1437
f 2453 1509 1510
f 2469 1527 1528
f 2411 1545 1546
f 2498 1467 1468
f 2483 1456 1455
f 2441 1582 1581
f 2352 1360 1359
f 2509 1271 1272
f 2503 1247 1248
f 2506 1254 1253
f 2512 1290 1289
f 2515 1308 1307
f 2518 1338 1337
f 2555 1553 1554
f 2541 1475 1476
f 2562 1601 1602
f 2522 1356 1355
f 2542 1481 1482
f 2528 1403 1404
f 2531 1410 1409
f 2545 1494 1493
f 2548 1506 1505
f 2551 1535 1536
f 2533 1416 1415
f 2537 1446 1445
f 2559 1596 1595
f 2526 1385 1386
f 1616 907 909
f 1608 889 891
f 1606 883 886
f 1612 895 898
f 1615 901 904
f 1624 919 922
f 1692 1057 1060
f 1782 1237 1240
f 1765 1201 1204
f 1714 1099 1102
f 1661 997 999
f 1653 979 981
f 1651 973 976
f 1657 985 988
f 1660 991 994
f 1675 1021 1024
f 1639 949 952
f 1696 1063 1066
f 1733 1135 1138
f 1751 1177 1179
f 1779 1231 1233
f 1683 1039 1041
f 1626 925 927
f 1721 1117 1119
f 1766 1207 1209
f 1689 1051 1053
f 1778 1225 1228
f 1760 1189 1192
f 1718 1105 1108
f 1629 931 933
f 1747 1165 1167
f 1665 1003 1005
f 1641 955 957
f 1704 1081 1083
f 1737 1147 1150
f 1750 1171 1174
f 1676 1027 1029
f 1644 961 963
f 1702 1075 1077
f 1726 1123 1126
f 1681 1033 1036
f 1620 913 915
f 1710 1093 1095
f 1755 1183 1185
f 1771 1213 1216
f 1740 1153 1155
f 1673 1015 1018
f 1647 967 970
f 1707 1087 1090
f 1734 1141 1143
f 1669 1009 1012
f 1635 943 945
f 1698 1069 1071
f 1729 1129 1131
f 1745 1159 1162
f 1687 1045 1047
f 1774 1219 1221
f 1762 1195 1197
f 1720 1111 1114
f 1632 937 940
f 2189 1280 1284
f 1883 1256 1260
f 1903 1292 1296
f 2281 1310 1314
f 2317 1328 1332
f 2173 1376 1380
f 2158 1538 1542
f 2012 1447 1451
f 2210 1573 1577
f 1924 1363 1367
f 2135 1484 1488
f 1973 1388 1392
f 1996 1435 1439
f 2227 1508 1512
f 2304 1526 1530
f 2176 1544 1548
f 2155 1466 1470
f 2014 1453 1457
f 2212 1579 1583
f 1922 1357 1361
f 1864 1268 1270
f 1810 1244 1246
f 1795 1249 1251
f 1831 1285 1287
f 1849 1303 1305
f 1887 1333 1335
f 2193 1550 1552
f 2321 1472 1474
f 2285 1598 1600
f 1907 1351 1353
f 2098 1478 1480
f 2044 1400 1402
f 1961 1405 1407
f 2067 1489 1491
f 2083 1501 1503
f 2139 1532 1534
f 1975 1411 1413
f 1997 1441 1443
f 2231 1591 1593
f 2298 1382 1384
f 2190 1322 1324
f 1884 1274 1276
f 1900 1262 1264
f 2278 1298 1300
f 2314 1316 1318
f 2170 1340 1342
f 2159 1561 1563
f 2015 1459 1461
f 2213 1585 1587
f 1918 1346 1348
f 2136 1520 1522
f 1977 1417 1419
f 1990 1394 1396
f 2224 1496 1498
f 2301 1514 1516
f 2177 1556 1558
f 2152 1424 1426
f 2008 1430 1432
f 2206 1567 1569
f 1925 1369 1371
f 1817 1279 1281
f 1797 1255 1257
f 1833 1291 1293
f 1851 1309 1311
f 1871 1327 1329
f 1941 1375 1377
f 2119 1537 1539
f 2029 1448 1450
f 2247 1574 1576
f 2262 1364 1366
f 2051 1483 1485
f 1954 1387 1389
f 2064 1436 1438
f 2085 1507 1509
f 2105 1525 1527
f 2121 1543 1545
f 2031 1465 1467
f 2244 1454 1456
f 2265 1580 1582
f 1939 1358 1360
f 1814 1267 1271
f 1793 1243 1247
f 1829 1250 1254
f 1847 1286 1290
f 1868 1304 1308
f 1937 1334 1338
f 2124 1549 1553
f 2034 1471 1475
f 2250 1597 1601
f 2261 1352 1356
f 2050 1477 1481
f 1960 1399 1403
f 2063 1406 1410
f 2081 1490 1494
f 2102 1502 1506
f 2117 1531 1535
f 2027 1412 1416
f 2243 1442 1446
f 2268 1592 1596
f 1944 1381 1385
f 1804 890 894
f 1785 884 887
f 1821 896 899
f 1839 902 905
f 1858 908 912
f 1929 938 941
f 2114 1046 1050
f 2024 1220 1224
f 2240 1196 1200
f 2253 1112 1115
f 2038 980 984
f 1951 974 977
f 2055 986 989
f 2073 992 995
f 2092 998 1002
f 2109 1016 1019
f 2019 968 971
f 2235 1088 1091
f 2258 1142 1146
f 1934 1154 1158
f 1861 1214 1217
f 1807 1034 1037
f 1790 914 918
f 1826 1094 1098
f 1844 1184 1188
f 1880 1040 1044
f 2186 1232 1236
f 2308 1208 1212
f 2272 1118 1122
f 1894 926 930
f 2095 1160 1163
f 2041 1010 1013
f 1948 944 948
f 2060 1070 1074
f 2078 1130 1134
f 2132 1166 1170
f 1970 1004 1008
f 1984 956 960
f 2218 1082 1086
f 2289 1148 1151
f 2181 1058 1061
f 1875 920 923
f 1897 1100 1103
f 2275 1202 1205
f 2311 1238 1241
f 2167 1172 1175
f 2146 1028 1032
f 2002 962 966
f 2200 1076 1080
f 1915 1124 1127
f 2127 1022 1025
f 1965 950 953
f 1987 1064 1067
f 2221 1136 1139
f 2294 1178 1182
f 2164 1052 1056
f 2149 1226 1229
f 2005 1190 1193
f 2203 1106 1109
f 1912 932 936
f 1870 1321 1325
f 1816 1273 1277
f 1800 1261 1265
f 1836 1297 1301
f 1854 1315 1319
f 1890 1339 1343
f 2196 1562 1566
f 2320 1460 1464
f 2284 1586 1590
f 1906 1345 1349
f 2104 1519 1523
f 2047 1418 1422
f 1958 1393 1397
f 2070 1495 1499
f 2088 1513 1517
f 2142 1555 1559
f 1980 1423 1427
f 1994 1429 1433
f 2230 1568 1572
f 2297 1370 1374
f 2329 894 892
f 2323 887 885
f 2326 899 897
f 2333 905 903
f 2336 912 910
f 2345 941 939
f 2409 1050 1048
f 2496 1224 1222
f 2485 1200 1198
f 2435 1115 1113
f 2374 984 982
f 2368 977 975
f 2371 989 987
f 2378 995 993
f 2381 1002 1000
f 2392 1019 1017
f 2360 971 969
f 2416 1091 1089
f 2456 1146 1144
f 2460 1158 1156
f 2488 1217 1215
f 2398 1037 1035
f 2340 918 916
f 2430 1098 1096
f 2475 1188 1186
f 2404 1044 1042
f 2501 1236 1234
f 2482 1212 1210
f 2440 1122 1120
f 2347 930 928
f 2464 1163 1161
f 2384 1013 1011
f 2355 948 946
f 2419 1074 1072
f 2451 1134 1132
f 2470 1170 1168
f 2385 1008 1006
f 2362 960 958
f 2423 1086 1084
f 2446 1151 1149
f 2401 1061 1059
f 2339 923 921
f 2429 1103 1101
f 2474 1205 1203
f 2491 1241 1239
f 2459 1175 1173
f 2395 1032 1030
f 2365 966 964
f 2424 1080 1078
f 2443 1127 1125
f 2390 1025 1023
f 2354 953 951
f 2413 1067 1065
f 2450 1139 1137
f 2467 1182 1180
f 2408 1056 1054
f 2495 1229 1227
f 2479 1193 1191
f 2437 1109 1107
f 2350 936 934
f 2511 1325 1326
f 2505 1277 1278
f 2507 1265 1266
f 2513 1301 1302
f 2516 1319 1320
f 2519 1343 1344
f 2556 1566 1565
f 2540 1464 1463
f 2561 1590 1589
f 2521 1349 1350
f 2544 1523 1524
f 2529 1422 1421
f 2530 1397 1398
f 2546 1499 1500
f 2549 1517 1518
f 2553 1559 1560
f 2534 1427 1428
f 2536 1433 1434
f 2557 1572 1571
f 2525 1374 1373
f 1609 892 889
f 1605 885 883
f 1611 897 895
f 1614 903 901
f 1617 910 907
f 1631 939 937
f 1688 1048 1045
f 1775 1222 1219
f 1763 1198 1195
f 1719 1113 1111
f 1654 982 979
f 1650 975 973
f 1656 987 985
f 1659 993 991
f 1662 1000 997
f 1672 1017 1015
f 1646 969 967
f 1706 1089 1087
f 1735 1144 1141
f 1741 1156 1153
f 1770 1215 1213
f 1680 1035 1033
f 1621 916 913
f 1711 1096 1093
f 1756 1186 1183
f 1684 1042 1039
f 1780 1234 1231
f 1767 1210 1207
f 1722 1120 1117
f 1627 928 925
f 1744 1161 1159
f 1668 1011 1009
f 1636 946 943
f 1699 1072 1069
f 1730 1132 1129
f 1748 1168 1165
f 1666 1006 1003
f 1642 958 955
f 1705 1084 1081
f 1736 1149 1147
f 1691 1059 1057
f 1623 921 919
f 1713 1101 1099
f 1764 1203 1201
f 1781 1239 1237
f 1749 1173 1171
f 1677 1030 1027
f 1645 964 961
f 1703 1078 1075
f 1725 1125 1123
f 1674 1023 1021
f 1638 951 949
f 1695 1065 1063
f 1732 1137 1135
f 1752 1180 1177
f 1690 1054 1051
f 1777 1227 1225
f 1759 1191 1189
f 1717 1107 1105
f 1630 934 931
f 2191 1326 1322
f 1885 1278 1274
f 1901 1266 1262
f 2279 1302 1298
f 2315 1320 1316
f 2171 1344 1340
f 2160 1565 1561
f 2016 1463 1459
f 2214 1589 1585
f 1919 1350 1346
f 2137 1524 1520
f 1978 1421 1417
f 1991 1398 1394
f 2225 1500 1496
f 2302 1518 1514
f 2178 1560 1556
f 2153 1428 1424
f 2009 1434 1430
f 2207 1571 1567
f 1926 1373 1369
f 1857 911 908
f 1803 893 890
f 1786 888 884
f 1822 900 896
f 1840 906 902
f 1876 924 920
f 2182 1062 1058
f 2312 1242 1238
f 2276 1206 1202
f 1898 1104 1100
f 2091 1001 998
f 2037 983 980
f 1952 978 974
f 2056 990 986
f 2074 996 992
f 2128 1026 1022
f 1966 954 950
f 1988 1068 1064
f 2222 1140 1136
f 2293 1181 1178
f 2185 1235 1232
f 1879 1043 1040
f 1893 929 926
f 2271 1121 1118
f 2307 1211 1208
f 2163 1055 1052
f 2150 1230 1226
f 2006 1194 1190
f 2204 1110 1106
f 1911 935 932
f 2131 1169 1166
f 1969 1007 1004
f 1983 959 956
f 2217 1085 1082
f 2290 1152 1148
f 2168 1176 1172
f 2145 1031 1028
f 2001 965 962
f 2199 1079 1076
f 1916 1128 1124
f 1808 1038 1034
f 1789 917 914
f 1825 1097 1094
f 1843 1187 1184
f 1862 1218 1214
f 1933 1157 1154
f 2110 1020 1016
f 2020 972 968
f 2236 1092 1088
f 2257 1145 1142
f 2042 1014 1010
f 1947 947 944
f 2059 1073 1070
f 2077 1133 1130
f 2096 1164 1160
f 2113 1049 1046
f 2023 1223 1220
f 2239 1199 1196
f 2254 1116 1112
f 1930 942 938
f 1818 1283 1279
f 1798 1259 1255
f 1834 1295 1291
f 1852 1313 1309
f 1872 1331 1327
f 1942 1379 1375
f 2120 1541 1537
f 2030 1452 1448
f 2248 1578 1574
f 2263 1368 1364
f 2052 1487 1483
f 1955 1391 1387
f 2065 1440 1436
f 2086 1511 1507
f 2106 1529 1525
f 2122 1547 1543
f 2032 1469 1465
f 2245 1458 1454
f 2266 1584 1580
f 1940 1362 1358
f 1813 1269 1267
f 1792 1245 1243
f 1828 1252 1250
f 1846 1288 1286
f 1867 1306 1304
f 1936 1336 1334
f 2123 1551 1549
f 2033 1473 1471
f 2249 1599 1597
f 2260 1354 1352
f 2049 1479 1477
f 1959 1401 1399
f 2062 1408 1406
f 2080 1492 1490
f 2101 1504 1502
f 2116 1533 1531
f 2026 1414 1412
f 2242 1444 1442
f 2267 1594 1592
f 1943 1383 1381
f 1869 1323 1321
f 1815 1275 1273
f 1799 1263 1261
f 1835 1299 1297
f 1853 1317 1315
f 1889 1341 1339
f 2195 1564 1562
f 2319 1462 1460
f 2283 1588 1586
f 1905 1347 1345
f 2103 1521 1519
f 2046 1420 1418
f 1957 1395 1393
f 2069 1497 1495
f 2087 1515 1513
f 2141 1557 1555
f 1979 1425 1423
f 1993 1431 1429
f 2229 1570 1568
f 2296 1372 1370
f 2188 1282 1280
f 1882 1258 1256
f 1902 1294 1292
f 2280 1312 1310
f 2316 1330 1328
f 2172 1378 1376
f 2157 1540 1538
f 2011 1449 1447
f 2209 1575 1573
f 1923 1365 1363
f 2134 1486 1484
f 1972 1390 1388
f 1995 1437 1435
f 2226 1510 1508
f 2303 1528 1526
f 2175 1546 1544
f 2154 1468 1466
f 2013 1455 1453
f 2211 1581 1579
f 1921 1359 1357
f 1865 1272 1268
f 1811 1248 1244
f 1796 1253 1249
f 1832 1289 1285
f 1850 1307 1303
f 1888 1337 1333
f 2194 1554 1550
f 2322 1476 1472
f 2286 1602 1598
f 1908 1355 1351
f 2099 1482 1478
f 2045 1404 1400
f 1962 1409 1405
f 2068 1493 1489
f 2084 1505 1501
f 2140 1536 1532
f 1976 1415 1411
f 1998 1445 1441
f 2232 1595 1591
f 2299 1386 1382
f 2330 909 911
f 2324 891 893
f 2325 886 888
f 2332 898 900
f 2335 904 906
f 2344 922 924
f 2410 1060 1062
f 2497 1240 1242
f 2486 1204 1206
f 2434 1102 1104
f 2375 999 1001
f 2369 981 983
f 2370 976 978
f 2377 988 990
f 2380 994 996
f 2393 1024 1026
f 2359 952 954
f 2415 1066 1068
f 2455 1138 1140
f 2461 1179 1181
f 2489 1233 1235
f 2399 1041 1043
f 2341 927 929
f 2431 1119 1121
f 2476 1209 1211
f 2405 1053 1055
f 2500 1228 1230
f 2481 1192 1194
f 2439 1108 1110
f 2348 933 935
f 2465 1167 1169
f 2383 1005 1007
f 2356 957 959
f 2420 1083 1085
f 2452 1150 1152
f 2471 1174 1176
f 2386 1029 1031
f 2363 963 965
f 2422 1077 1079
f 2445 1126 1128
f 2400 1036 1038
f 2338 915 917
f 2428 1095 1097
f 2473 1185 1187
f 2490 1216 1218
f 2458 1155 1157
f 2394 1018 1020
f 2366 970 972
f 2425 1090 1092
f 2444 1143 1145
f 2389 1012 1014
f 2353 945 947
f 2414 1071 1073
f 2449 1131 1133
f 2466 1162 1164
f 2407 1047 1049
f 2494 1221 1223
f 2480 1197 1199
f 2438 1114 1116
f 2351 940 942
f 2510 1284 1283
f 2504 1260 1259
f 2508 1296 1295
f 2514 1314 1313
f 2517 1332 1331
f 2520 1380 1379
f 2554 1542 1541
f 2539 1451 1452
f 2560 1577 1578
f 2523 1367 1368
f 2543 1488 1487
f 2527 1392 1391
f 2532 1439 1440
f 2547 1512 1511
f 2550 1530 1529
f 2552 1548 1547
f 2535 1470 1469
f 2538 1457 1458
f 2558 1583 1584
f 2524 1361 1362
f 1607 1616 1609
f 1603 1608 1605
f 1604 1606 1611
f 1610 1612 1614
f 1613 1615 1617
f 1622 1624 1631
f 1686 1692 1688
f 1773 1782 1775
f 1761 1765 1763
f 1712 1714 1719
f 1652 1661 1654
f 1648 1653 1650
f 1649 1651 1656
f 1655 1657 1659
f 1658 1660 1662
f 1670 1675 1672
f 1637 1639 1646
f 1694 1696 1706
f 1731 1733 1735
f 1739 1751 1741
f 1768 1779 1770
f 1678 1683 1680
f 1619 1626 1621
f 1709 1721 1711
f 1754 1766 1756
f 1682 1689 1684
f 1776 1778 1780
f 1758 1760 1767
f 1716 1718 1722
f 1625 1629 1627
f 1742 1747 1744
f 1663 1665 1668
f 1634 1641 1636
f 1697 1704 1699
f 1728 1737 1730
f 1746 1750 1748
f 1664 1676 1666
f 1640 1644 1642
f 1700 1702 1705
f 1724 1726 1736
f 1679 1681 1691
f 1618 1620 1623
f 1708 1710 1713
f 1753 1755 1764
f 1769 1771 1781
f 1738 1740 1749
f 1671 1673 1677
f 1643 1647 1645
f 1701 1707 1703
f 1723 1734 1725
f 1667 1669 1674
f 1633 1635 1638
f 1693 1698 1695
f 1727 1729 1732
f 1743 1745 1752
f 1685 1687 1690
f 1772 1774 1777
f 1757 1762 1759
f 1715 1720 1717
f 1628 1632 1630
f 2187 2189 2191
f 1881 1883 1885
f 1899 1903 1901
f 2277 2281 2279
f 2313 2317 2315
f 2169 2173 2171
f 2156 2158 2160
f 2010 2012 2016
f 2208 2210 2214
f 1917 1924 1919
f 2133 2135 2137
f 1971 1973 1978
f 1989 1996 1991
f 2223 2227 2225
f 2300 2304 2302
f 2174 2176 2178
f 2151 2155 2153
f 2007 2014 2009
f 2205 2212 2207
f 1920 1922 1926
f 1855 1864 1857
f 1801 1810 1803
f 1784 1795 1786
f 1820 1831 1822
f 1838 1849 1840
f 1874 1887 1876
f 2180 2193 2182
f 2310 2321 2312
f 2274 2285 2276
f 1896 1907 1898
f 2089 2098 2091
f 2035 2044 2037
f 1950 1961 1952
f 2054 2067 2056
f 2072 2083 2074
f 2126 2139 2128
f 1964 1975 1966
f 1986 1997 1988
f 2220 2231 2222
f 2291 2298 2293
f 2183 2190 2185
f 1877 1884 1879
f 1891 1900 1893
f 2269 2278 2271
f 2305 2314 2307
f 2161 2170 2163
f 2148 2159 2150
f 2004 2015 2006
f 2202 2213 2204
f 1909 1918 1911
f 2129 2136 2131
f 1967 1977 1969
f 1981 1990 1983
f 2215 2224 2217
f 2288 2301 2290
f 2166 2177 2168
f 2143 2152 2145
f 1999 2008 2001
f 2197 2206 2199
f 1914 1925 1916
f 1806 1817 1808
f 1787 1797 1789
f 1823 1833 1825
f 1841 1851 1843
f 1860 1871 1862
f 1931 1941 1933
f 2108 2119 2110
f 2018 2029 2020
f 2234 2247 2236
f 2255 2262 2257
f 2040 2051 2042
f 1945 1954 1947
f 2057 2064 2059
f 2075 2085 2077
f 2094 2105 2096
f 2111 2121 2113
f 2021 2031 2023
f 2237 2244 2239
f 2252 2265 2254
f 1928 1939 1930
f 1812 1814 1818
f 1791 1793 1798
f 1827 1829 1834
f 1845 1847 1852
f 1866 1868 1872
f 1935 1937 1942
f 2118 2124 2120
f 2028 2034 2030
f 2246 2250 2248
f 2259 2261 2263
f 2048 2050 2052
f 1953 1960 1955
f 2061 2063 2065
f 2079 2081 2086
f 2100 2102 2106
f 2115 2117 2122
f 2025 2027 2032
f 2241 2243 2245
f 2264 2268 2266
f 1938 1944 1940
f 1802 1804 1813
f 1783 1785 1792
f 1819 1821 1828
f 1837 1839 1846
f 1856 1858 1867
f 1927 1929 1936
f 2112 2114 2123
f 2022 2024 2033
f 2238 2240 2249
f 2251 2253 2260
f 2036 2038 2049
f 1949 1951 1959
f 2053 2055 2062
f 2071 2073 2080
f 2090 2092 2101
f 2107 2109 2116
f 2017 2019 2026
f 2233 2235 2242
f 2256 2258 2267
f 1932 1934 1943
f 1859 1861 1869
f 1805 1807 1815
f 1788 1790 1799
f 1824 1826 1835
f 1842 1844 1853
f 1878 1880 1889
f 2184 2186 2195
f 2306 2308 2319
f 2270 2272 2283
f 1892 1894 1905
f 2093 2095 2103
f 2039 2041 2046
f 1946 1948 1957
f 2058 2060 2069
f 2076 2078 2087
f 2130 2132 2141
f 1968 1970 1979
f 1982 1984 1993
f 2216 2218 2229
f 2287 2289 2296
f 2179 2181 2188
f 1873 1875 1882
f 1895 1897 1902
f 2273 2275 2280
f 2309 2311 2316
f 2165 2167 2172
f 2144 2146 2157
f 2000 2002 2011
f 2198 2200 2209
f 1913 1915 1923
f 2125 2127 2134
f 1963 1965 1972
f 1985 1987 1995
f 2219 2221 2226
f 2292 2294 2303
f 2162 2164 2175
f 2147 2149 2154
f 2003 2005 2013
f 2201 2203 2211
f 1910 1912 1921
f 1863 1870 1865
f 1809 1816 1811
f 1794 1800 1796
f 1830 1836 1832
f 1848 1854 1850
f 1886 1890 1888
f 2192 2196 2194
f 2318 2320 2322
f 2282 2284 2286
f 1904 1906 1908
f 2097 2104 2099
f 2043 2047 2045
f 1956 1958 1962
f 2066 2070 2068
f 2082 2088 2084
f 2138 2142 2140
f 1974 1980 1976
f 1992 1994 1998
f 2228 2230 2232
f 2295 2297 2299
f 2331 2329 2330
f 2327 2323 2324
f 2328 2326 2325
f 2334 2333 2332
f 2337 2336 2335
f 2346 2345 2344
f 2412 2409 2410
f 2499 2496 2497
f 2487 2485 2486
f 2436 2435 2434
f 2376 2374 2375
f 2372 2368 2369
f 2373 2371 2370
f 2379 2378 2377
f 2382 2381 2380
f 2396 2392 2393
f 2361 2360 2359
f 2418 2416 2415
f 2457 2456 2455
f 2463 2460 2461
f 2492 2488 2489
f 2402 2398 2399
f 2343 2340 2341
f 2433 2430 2431
f 2478 2475 2476
f 2406 2404 2405
f 2502 2501 2500
f 2484 2482 2481
f 2442 2440 2439
f 2349 2347 2348
f 2468 2464 2465
f 2387 2384 2383
f 2358 2355 2356
f 2421 2419 2420
f 2454 2451 2452
f 2472 2470 2471
f 2388 2385 2386
f 2364 2362 2363
f 2426 2423 2422
f 2448 2446 2445
f 2403 2401 2400
f 2342 2339 2338
f 2432 2429 2428
f 2477 2474 2473
f 2493 2491 2490
f 2462 2459 2458
f 2397 2395 2394
f 2367 2365 2366
f 2427 2424 2425
f 2447 2443 2444
f 2391 2390 2389
f 2357 2354 2353
f 2417 2413 2414
f 2453 2450 2449
f 2469 2467 2466
f 2411 2408 2407
f 2498 2495 2494
f 2483 2479 2480
f 2441 2437 2438
f 2352 2350 2351
f 2509 2511 2510
f 2503 2505 2504
f 2506 2507 2508
f 2512 2513 2514
f 2515 2516 2517
f 2518 2519 2520
f 2555 2556 2554
f 2541 2540 2539
f 2562 2561 2560
f 2522 2521 2523
f 2542 2544 2543
f 2528 2529 2527
f 2531 2530 2532
f 2545 2546 2547
f 2548 2549 2550
f 2551 2553 2552
f 2533 2534 2535
f 2537 2536 2538
f 2559 2557 2558
f 2526 2525 2524
