v -0.21770662 0.26610118 -0.19073993 0.518842 0.517930 0.517498
v 0.21196574 0.27223146 -0.18236570 0.516201 0.515604 0.515324
v -0.37573645 -0.65104151 -0.00952976 0.542094 0.538890 0.537374
v 0.37514627 -0.65075219 0.00126539 0.546588 0.543143 0.541513
v -0.01073676 -0.53187519 0.84591568 0.576767 0.566791 0.562026
v -0.00094155 0.14099362 0.47940373 0.524972 0.524725 0.524606
v 0.00555495 -0.27174753 -0.46490833 0.569174 0.562084 0.558724
v 0.00128643 0.54429936 -0.83353615 0.625843 0.610155 0.602773
v 0.34402019 0.06548026 -0.29048496 0.541974 0.539092 0.537703
v 0.38571215 -0.05737365 0.31329557 0.525357 0.524205 0.523663
v -0.33755547 0.05509516 -0.28166366 0.531466 0.528780 0.527455
v -0.38597786 -0.05555759 0.32217181 0.532421 0.530299 0.529300
v 0.00587699 0.40376461 -0.16210800 0.534133 0.530741 0.529123
v -0.16154389 0.19137377 0.18491629 0.542972 0.541380 0.540622
v -0.25529408 0.79979199 -0.53969598 0.664483 0.641838 0.629566
v -0.30834842 0.20655128 -0.26953408 0.578459 0.574698 0.572926
v -0.34433252 0.06252322 0.12606509 0.565324 0.563602 0.562791
v 0.16551539 0.19483137 0.17759493 0.538643 0.537206 0.536525
v 0.25121930 0.83975708 -0.55669129 0.639592 0.611310 0.595834
v 0.30625904 0.19798565 -0.27315283 0.586457 0.582346 0.580410
v 0.33259088 0.06453633 0.11033329 0.557489 0.555705 0.554860
v -0.00786223 -0.69581652 0.00588079 0.500265 0.500265 0.500265
v -0.23602003 -0.69773597 0.47791928 0.573017 0.567500 0.564899
v -0.18199326 -0.56549215 -0.35913402 0.680406 0.657531 0.646766
v -0.42155671 -0.23147666 -0.15265089 0.544604 0.539479 0.537030
v -0.40733871 -0.28926188 0.23263878 0.579776 0.570672 0.566384
v 0.22972459 -0.85547942 0.53107059 0.681341 0.681271 0.681237
v 0.18194430 -0.55873907 -0.36486250 0.668357 0.646764 0.636602
v 0.41246778 -0.22596252 -0.15779719 0.592832 0.583351 0.578887
v 0.40564719 -0.29470292 0.25307605 0.523183 0.518778 0.516730
v -0.00238764 0.01833193 0.82728589 0.659243 0.646373 0.640317
v 0.38076997 -0.23254699 0.67377865 0.627615 0.614371 0.608140
v -0.37797984 -0.25227055 0.66413915 0.637285 0.621999 0.614817
v 0.26827630 0.05458143 0.47474638 0.583085 0.579874 0.578362
v -0.26862824 0.05335033 0.48305047 0.589951 0.586837 0.585367
v -0.00257203 0.08224599 -0.69373751 0.616709 0.572570 0.548631
v 0.20998558 -0.05297559 -0.39562753 0.639301 0.626452 0.620409
v -0.20653936 -0.06360389 -0.39804792 0.629659 0.617837 0.612289
v 0.30217475 0.26371643 -0.89045590 0.811133 0.726817 0.681107
v -0.37656108 0.22867751 -0.84129030 0.724638 0.667271 0.636422
v 0.38326335 -0.01951675 0.00379829 0.547493 0.544503 0.543048
v -0.38228387 -0.01837375 0.01771298 0.545552 0.542720 0.541319
v -0.14611667 0.35182130 -0.17683901 0.556302 0.551841 0.549741
v -0.19407126 0.21472830 -0.01803574 0.520781 0.519966 0.519582
v -0.26847941 0.51321435 -0.36195567 0.551415 0.545371 0.542516
v -0.26996312 0.25687274 -0.23847000 0.561958 0.559086 0.557713
v -0.27838850 0.15770155 -0.03678344 0.524692 0.523873 0.523476
v 0.15100616 0.35518759 -0.17790303 0.514033 0.513412 0.513113
v 0.19674802 0.22154301 -0.02290654 0.526647 0.525456 0.524895
v 0.22533569 0.48744226 -0.33054394 0.543659 0.538561 0.536155
v 0.25930226 0.25622550 -0.23945686 0.555635 0.553291 0.552185
v 0.27147108 0.16823739 -0.04339263 0.540513 0.538485 0.537521
v -0.21997103 -0.74602544 -0.00226413 0.562216 0.562127 0.562085
v -0.28670573 -0.61421567 0.19520070 0.530396 0.524437 0.521288
v -0.41846693 -0.84253907 -0.30636102 0.662032 0.662691 0.663008
v -0.44335955 -0.47704244 -0.10515898 0.589544 0.578481 0.573261
v -0.39033514 -0.46469623 0.11870939 0.572535 0.564595 0.560843
v 0.20741020 -0.74977779 0.00187643 0.559651 0.559450 0.559338
v 0.27548999 -0.63393849 0.25008455 0.541389 0.533580 0.529409
v 0.39881027 -0.84333158 -0.30764452 0.670512 0.670419 0.670388
v 0.44366381 -0.47130245 -0.10902464 0.592387 0.580937 0.575544
v 0.38603562 -0.47316879 0.14175609 0.575552 0.566904 0.562825
v -0.13342237 -0.85278314 0.77727795 0.719242 0.719141 0.719094
v 0.12919334 -0.73433012 0.80448365 0.593216 0.582095 0.576851
v -0.00392887 -0.27780595 0.92543966 0.715655 0.698612 0.690593
v 0.24711835 -0.42685694 0.84588462 0.705234 0.684100 0.674154
v -0.24736664 -0.44824821 0.84090149 0.457126 0.456831 0.456686
v -0.07553664 0.14781457 0.34843108 0.525911 0.525639 0.525511
v 0.07628945 0.15080559 0.34473100 0.525118 0.524841 0.524710
v -0.00100885 0.12608391 0.63758248 0.590574 0.589016 0.588286
v 0.13293041 0.12160248 0.50347310 0.573956 0.573137 0.572751
v -0.13435344 0.11993870 0.50871015 0.582255 0.581295 0.580841
v -0.06804775 -0.39612305 -0.41715437 0.587182 0.576691 0.571753
v 0.07597705 -0.39718777 -0.41812539 0.587914 0.577716 0.572914
v 0.00116551 -0.06954955 -0.50266218 0.683612 0.665931 0.657610
v 0.10076985 -0.18844022 -0.45573130 0.660622 0.642916 0.634582
v -0.09676613 -0.18881348 -0.46303338 0.655082 0.638020 0.629991
v -0.14560953 0.73768687 -0.74818552 0.739388 0.714655 0.702623
v 0.15601739 0.72627735 -0.74074149 0.717106 0.694043 0.682893
v -0.00495885 0.29757488 -0.82472456 0.701225 0.579714 0.513663
v 0.18164206 0.44475916 -0.84408915 0.716663 0.671716 0.648622
v -0.18492734 0.43995714 -0.85299134 0.734103 0.693641 0.673161
v 0.34541619 0.12766849 -0.30340540 0.570465 0.565255 0.562763
v 0.34768701 -0.03903823 -0.19774598 0.566154 0.561561 0.559388
v 0.30456603 0.03078257 -0.35336202 0.606842 0.600932 0.598115
v 0.35216916 0.12735963 -0.50332749 0.602584 0.591958 0.586650
v 0.36383837 0.02465129 -0.15586744 0.556907 0.552764 0.550761
v 0.36087000 0.00266361 0.22705789 0.555799 0.553651 0.552629
v 0.40807271 -0.13886121 0.30102509 0.513903 0.512728 0.512175
v 0.38765529 -0.11962418 0.46166474 0.514735 0.513287 0.512612
v 0.35041931 -0.01564911 0.39709607 0.563554 0.559775 0.557997
v 0.38989007 -0.04428387 0.17233539 0.538835 0.536179 0.534870
v -0.34633946 0.12822203 -0.29200554 0.560956 0.556930 0.555001
v -0.35400665 -0.05038109 -0.19744219 0.532555 0.531444 0.530921
v -0.30280918 0.01441467 -0.34891891 0.585777 0.581601 0.579598
v -0.34471649 0.12321233 -0.47551900 0.572293 0.563641 0.559331
v -0.35825551 0.02172139 -0.14463553 0.540174 0.537435 0.536082
v -0.36430606 0.00398198 0.24048308 0.573410 0.570677 0.569387
v -0.40806478 -0.13647152 0.30124500 0.562268 0.556362 0.553583
v -0.38807276 -0.12372784 0.46059763 0.576477 0.569225 0.565808
v -0.35085759 -0.01657061 0.40647781 0.583602 0.579188 0.577111
v -0.38909936 -0.04244919 0.18455483 0.550094 0.546213 0.544311
v -0.07285924 0.25556082 -0.01694524 0.511159 0.510741 0.510541
v -0.10715497 0.65287781 -0.30201289 0.561054 0.554454 0.551337
v 0.08102638 0.25547683 -0.02006137 0.510328 0.509911 0.509710
v 0.11526783 0.66871393 -0.30867276 0.565288 0.558753 0.555660
v -0.27283362 0.12434578 0.16400239 0.541064 0.539214 0.538305
v 0.00189601 0.20809287 0.17771310 0.527695 0.526897 0.526519
v -0.21788993 0.11421400 0.34194347 0.548626 0.546914 0.546053
v -0.39493412 0.57441890 -0.43782264 0.682710 0.670976 0.665447
v 0.00244372 0.85299373 -0.52798551 0.514699 0.514472 0.514365
v -0.31789112 0.54203075 -0.68713284 0.628082 0.613152 0.606126
v -0.33646530 0.10462230 -0.06678759 0.552291 0.550897 0.550241
v -0.34469035 0.29636487 -0.49543220 0.617696 0.608009 0.603449
v -0.35651588 0.07375234 -0.10911347 0.558442 0.556151 0.555059
v -0.32333344 0.05447420 0.30781689 0.574299 0.571503 0.570169
v -0.36601597 0.02823918 0.06924196 0.561628 0.559268 0.558137
v 0.26600111 0.13021690 0.15149066 0.537238 0.535438 0.534573
v 0.21691200 0.11750111 0.33404264 0.545275 0.543676 0.542894
v 0.35473990 0.52877182 -0.42651233 0.834449 0.815763 0.807057
v 0.31099421 0.57004112 -0.65999514 0.634079 0.617759 0.610071
v 0.32438707 0.11008754 -0.08248878 0.572030 0.569135 0.567766
v 0.33964014 0.31065214 -0.50160778 0.627212 0.615972 0.610682
v 0.35376698 0.06880258 -0.12501019 0.573541 0.570025 0.568347
v 0.31774357 0.05505195 0.29477626 0.556902 0.554655 0.553579
v 0.36130995 0.02519870 0.05314559 0.559639 0.556852 0.555511
v -0.12197773 -0.70606160 0.25452816 0.500276 0.500276 0.500276
v -0.10866129 -0.71510905 -0.22676501 0.547083 0.546189 0.545770
v 0.09736194 -0.70450938 0.28421608 0.501597 0.501597 0.501597
v 0.10847529 -0.71428502 -0.23228870 0.544265 0.543678 0.543405
v -0.35617572 -0.49089348 0.35459763 0.585151 0.577032 0.573201
v -0.00507505 -0.71885133 0.53834903 0.508542 0.508376 0.508297
v -0.40397117 -0.58028805 0.64156145 0.730409 0.706851 0.695765
v -0.39180672 -0.41390193 -0.31932992 0.775472 0.754727 0.744966
v 0.00044843 -0.55848080 -0.34032512 0.592272 0.584526 0.580617
v -0.22396129 -0.30483559 -0.40113983 0.653701 0.637146 0.629354
v -0.43399879 -0.26833591 0.03444524 0.528026 0.523994 0.522099
v -0.34081125 -0.16111639 -0.31046736 0.529783 0.528144 0.527372
v -0.40433449 -0.09552701 -0.04430305 0.518671 0.517386 0.516779
v -0.39606735 -0.30208492 0.44371235 0.548466 0.541555 0.538303
v -0.41338331 -0.12133832 0.12858501 0.541862 0.538553 0.536970
v 0.35184878 -0.51927173 0.42888919 0.608679 0.596321 0.590463
v 0.39139217 -0.58647525 0.71303755 0.609445 0.597169 0.591395
v 0.38078243 -0.40963021 -0.32571340 0.750428 0.729543 0.719715
v 0.22082151 -0.29869479 -0.39209774 0.649190 0.633186 0.625654
v 0.43194360 -0.26672164 0.03190698 0.582881 0.574025 0.569839
v 0.32831320 -0.15548584 -0.30595282 0.606287 0.597922 0.593999
v 0.40376765 -0.08996962 -0.05379280 0.569490 0.563727 0.561014
v 0.39433503 -0.30528685 0.47837043 0.577659 0.568174 0.563701
v 0.41273528 -0.12404197 0.11951400 0.545405 0.541327 0.539406
v 0.24874441 -0.10256205 0.82113492 0.683509 0.666669 0.658745
v -0.25057128 -0.12292299 0.83166993 0.630608 0.617775 0.611713
v 0.18824145 0.06543738 0.67294282 0.613265 0.607802 0.605235
v -0.18731189 0.05880670 0.67774963 0.575492 0.573384 0.572397
v 0.32450560 -0.04379130 0.59283876 0.596843 0.589087 0.585438
v -0.32528323 -0.05007472 0.60118449 0.531868 0.529190 0.527931
v 0.10575134 0.01181036 -0.55892706 0.604687 0.597571 0.594219
v -0.10775873 0.00697564 -0.55322093 0.594765 0.588858 0.586088
v 0.14703888 0.16064535 -0.80462217 0.764292 0.653249 0.592857
v -0.15989879 0.14875804 -0.81017357 0.817972 0.696891 0.631039
v 0.24446934 0.01977070 -0.64432687 0.647653 0.623640 0.611073
v -0.25541764 0.02883783 -0.62275434 0.623260 0.604707 0.595022
v -0.18849915 0.30755270 -0.19313325 0.528132 0.525829 0.524740
v -0.20527577 0.23574311 -0.11436659 0.523031 0.522026 0.521543
v -0.22915646 0.35476398 -0.26728284 0.537515 0.534044 0.532405
v -0.24213496 0.26231420 -0.22723612 0.533470 0.531720 0.530877
v -0.24150184 0.21206874 -0.12460677 0.530475 0.529368 0.528845
v 0.18569393 0.30798501 -0.18947801 0.506894 0.506485 0.506293
v 0.20520717 0.24275839 -0.11458278 0.521666 0.520884 0.520505
v 0.21193516 0.35364145 -0.24524081 0.523624 0.521687 0.520776
v 0.23221314 0.26802516 -0.21117693 0.532123 0.530598 0.529864
v 0.23693824 0.22394413 -0.12175239 0.528914 0.527810 0.527288
v -0.32387149 -0.72561038 -0.00572687 0.542245 0.540506 0.539718
v -0.33014107 -0.62414050 0.07722799 0.548542 0.545177 0.543470
v -0.41210067 -0.75411469 -0.11068533 0.572203 0.568753 0.567135
v -0.41761494 -0.59196424 -0.05906947 0.589888 0.581125 0.576983
v -0.38217369 -0.55902600 0.04999087 0.557390 0.550592 0.547299
v 0.32289472 -0.72415310 0.00125108 0.555389 0.552253 0.550775
v 0.32195848 -0.62822366 0.10237336 0.554306 0.550592 0.548685
v 0.41911039 -0.74926156 -0.11021089 0.611984 0.605949 0.603138
v 0.42126080 -0.58838516 -0.05521853 0.598481 0.589237 0.584878
v 0.37675187 -0.56328917 0.06754413 0.560625 0.553242 0.549663
v -0.07669146 -0.63624996 0.82427359 0.717731 0.702845 0.695833
v 0.05189895 -0.60883164 0.82029915 0.633857 0.624538 0.620152
v -0.00874367 -0.42025715 0.87797302 0.629977 0.613883 0.606308
v 0.10362291 -0.49073833 0.85357702 0.634572 0.617975 0.610165
v -0.11786930 -0.50773060 0.85498774 0.640969 0.623467 0.615239
v -0.03491450 0.14132357 0.42225417 0.530010 0.529543 0.529305
v 0.03412578 0.14203867 0.41985133 0.529246 0.528763 0.528514
v -0.00124233 0.14258939 0.55100274 0.546084 0.545070 0.544595
v 0.05794851 0.13651657 0.49519992 0.545848 0.545114 0.544751
v -0.05933029 0.13539064 0.49722907 0.548281 0.547665 0.547361
v -0.02372758 -0.33717322 -0.45020083 0.591505 0.581861 0.577320
v 0.03631036 -0.33590040 -0.44970226 0.589697 0.580507 0.576179
v 0.00333781 -0.18128392 -0.47911653 0.638114 0.624481 0.618064
v 0.04903636 -0.24202694 -0.46681926 0.633163 0.619867 0.613611
v -0.04030006 -0.24018422 -0.46994320 0.639624 0.626261 0.619974
v -0.05801129 0.62793022 -0.80464739 0.478399 0.469062 0.464313
v 0.06859387 0.62703127 -0.80395001 0.622549 0.606854 0.598814
v -0.00134574 0.43360081 -0.83804011 0.692974 0.611497 0.567551
v 0.09182303 0.50549674 -0.83595049 0.616399 0.596737 0.587077
v -0.08824159 0.50335872 -0.83616257 0.544855 0.530567 0.523356
v 0.35229146 0.09267204 -0.29978973 0.562830 0.557723 0.555209
v 0.33960289 0.02843718 -0.23979251 0.557943 0.554363 0.552662
v 0.32936043 0.05259794 -0.32278824 0.584549 0.580265 0.578196
v 0.34306565 0.09401737 -0.37240320 0.572212 0.565893 0.562762
v 0.35218257 0.04879846 -0.22892688 0.556856 0.552937 0.551037
v 0.37435457 -0.02846605 0.27567804 0.540020 0.537379 0.536071
v 0.39921394 -0.08700703 0.31020698 0.527669 0.526231 0.525553
v 0.38771033 -0.08230489 0.37601846 0.537573 0.535870 0.535064
v 0.37188581 -0.04137678 0.35149938 0.544536 0.540740 0.538848
v 0.38910931 -0.05212499 0.25072467 0.534985 0.533294 0.532480
v -0.34491360 0.08699519 -0.28922510 0.549581 0.545309 0.543203
v -0.33797151 0.01439235 -0.23665564 0.544253 0.542110 0.541071
v -0.32592541 0.03914784 -0.31517664 0.563128 0.559739 0.558089
v -0.33644530 0.08496711 -0.35959849 0.557964 0.551670 0.548536
v -0.34580469 0.04174234 -0.21976013 0.547537 0.544419 0.542876
v -0.37574348 -0.02717134 0.28684083 0.550678 0.547042 0.545282
v -0.39774156 -0.08702481 0.31635582 0.552840 0.548537 0.546511
v -0.38809890 -0.08228472 0.38138956 0.570194 0.565261 0.562940
v -0.37259403 -0.04128618 0.36051372 0.554947 0.550176 0.547837
v -0.38859105 -0.05128693 0.26109421 0.554663 0.550928 0.549125
v -0.07813361 0.38859594 -0.16311479 0.554836 0.549877 0.547539
v 0.09323025 0.39012718 -0.16347352 0.507612 0.506452 0.505904
v -0.03074822 0.28152245 -0.12398794 0.511895 0.511028 0.510617
v -0.05024169 0.54346025 -0.19086166 0.536868 0.534881 0.533945
v 0.04368351 0.28203619 -0.12621117 0.507580 0.507107 0.506881
v 0.05777451 0.54685378 -0.19869307 0.541512 0.537311 0.535337
v -0.18501747 0.20399725 0.08557779 0.531743 0.530321 0.529655
v -0.11765583 0.16735101 0.26734835 0.526227 0.525391 0.524998
v -0.12820503 0.24066687 0.09370109 0.587977 0.586659 0.586039
v -0.21948802 0.15987861 0.17386875 0.537464 0.535957 0.535246
v -0.08404271 0.20719361 0.18428245 0.533200 0.532143 0.531645
v -0.18940233 0.14862120 0.26408383 0.539410 0.538162 0.537567
v -0.29904556 0.69833124 -0.45383030 0.590013 0.579480 0.574452
v -0.23180169 0.81947732 -0.64295173 0.818675 0.747592 0.709360
v -0.18574201 0.76111180 -0.42129070 0.606222 0.591052 0.583138
v -0.47562572 0.70924258 -0.58312082 1.000000 0.978445 0.963556
v -0.18223295 0.99566042 -0.51316947 1.000000 1.000000 1.000000
v -0.30241492 0.67937332 -0.62296647 0.625074 0.611748 0.605409
v -0.28306004 0.23563442 -0.25597811 0.562023 0.559187 0.557850
v -0.33438605 0.17140651 -0.28536150 0.571269 0.567354 0.565509
v -0.29074708 0.34632576 -0.35916218 0.589580 0.583391 0.580480
v -0.31999999 0.14931732 -0.16727139 0.553535 0.551417 0.550418
v -0.32326597 0.26841772 -0.37681639 0.610553 0.603347 0.599957
v -0.33752733 0.12906745 -0.18517391 0.563933 0.561495 0.560346
v -0.31899631 0.10275239 0.05093953 0.540997 0.539626 0.538941
v -0.35429925 0.03393948 0.18681695 0.574102 0.572038 0.571066
v -0.32039264 0.08679950 0.15199122 0.552239 0.550295 0.549348
v -0.34718013 0.07509282 0.03220001 0.548868 0.547435 0.546757
v -0.33711255 0.05673006 0.21861009 0.564525 0.562367 0.561346
v -0.35719413 0.04530799 0.09733425 0.558475 0.556558 0.555658
v 0.19247377 0.21318787 0.08082369 0.534452 0.532828 0.532060
v 0.11944790 0.16880131 0.26217404 0.527435 0.526788 0.526481
v 0.13426988 0.24085158 0.08893934 0.568200 0.567021 0.566458
v 0.08720923 0.20853901 0.17879680 0.533510 0.532382 0.531852
v 0.21945108 0.16471666 0.16541928 0.536542 0.535039 0.534333
v 0.18834299 0.15050519 0.25592175 0.534466 0.533338 0.532788
v 0.25181726 0.66779661 -0.44124958 0.553744 0.547518 0.544551
v 0.20718460 0.80257171 -0.64516675 0.710181 0.659806 0.632110
v 0.20638469 0.81631023 -0.45900470 0.728462 0.689502 0.668299
v 0.15174900 0.97943223 -0.51757795 0.955101 0.926062 0.910193
v 0.42479023 0.83391547 -0.50846523 0.848601 0.830558 0.821795
v 0.26662537 0.73183346 -0.57399213 0.634728 0.619673 0.612507
v 0.28551811 0.23363358 -0.25656456 0.577103 0.573630 0.571993
v 0.32769781 0.16332942 -0.29143190 0.576649 0.572024 0.569842
v 0.30112076 0.33160046 -0.34231222 0.599996 0.593472 0.590402
v 0.31630582 0.14643177 -0.17770599 0.571022 0.567786 0.566261
v 0.31556731 0.26794717 -0.37339920 0.601765 0.594768 0.591476
v 0.33385950 0.12314156 -0.19689165 0.580220 0.576949 0.575409
v 0.30627105 0.11082333 0.03645024 0.549881 0.547641 0.546581
v 0.34696189 0.03273967 0.17181659 0.560370 0.558848 0.558130
v 0.30704257 0.09431762 0.13528745 0.548467 0.546433 0.545459
v 0.33234966 0.07832110 0.01454902 0.557556 0.555085 0.553917
v 0.32760048 0.05820918 0.20270497 0.551439 0.549753 0.548952
v 0.34753907 0.04403898 0.08061454 0.558485 0.556534 0.555614
v -0.11517418 -0.71001458 -0.00461187 0.501870 0.501870 0.501870
v 0.09773670 -0.71691525 0.00427127 0.501614 0.501614 0.501614
v -0.06241050 -0.69918615 0.12892288 0.500301 0.500301 0.500301
v -0.06645022 -0.67813921 -0.11469068 0.503931 0.503928 0.503927
v 0.04412709 -0.70122331 0.13817027 0.500052 0.500052 0.500052
v 0.05410406 -0.68041110 -0.11684701 0.503092 0.503092 0.503092
v -0.25266504 -0.63007939 0.33438745 0.539952 0.534705 0.531927
v -0.25775254 -0.93675041 0.55909753 0.851037 0.850634 0.850444
v -0.16991784 -0.68387282 0.37678701 0.523688 0.523603 0.523559
v -0.31106833 -0.59993929 0.42024326 0.584338 0.576095 0.572033
v -0.13123545 -0.73777497 0.50357282 0.631201 0.631110 0.631068
v -0.33664826 -0.72334605 0.57061046 0.690941 0.674869 0.667291
v -0.26176524 -0.71487075 -0.35349116 0.663598 0.642850 0.633206
v -0.12094874 -0.46717507 -0.38362110 0.611300 0.597146 0.590479
v -0.13888311 -0.69122273 -0.32251984 0.620120 0.607715 0.601817
v -0.28765944 -0.51670074 -0.35930735 0.733981 0.705157 0.691593
v -0.08749662 -0.56589746 -0.34695497 0.571783 0.563066 0.558953
v -0.20867455 -0.42969149 -0.38075674 0.658190 0.639199 0.630263
v -0.44182280 -0.34934533 -0.13220137 0.592981 0.582702 0.577865
v -0.38841259 -0.13348505 -0.17304957 0.518949 0.517722 0.517141
v -0.41055700 -0.32188764 -0.22803028 0.631451 0.619651 0.614096
v -0.44469240 -0.24933949 -0.05997229 0.558366 0.552403 0.549609
v -0.38278413 -0.20314041 -0.23683816 0.532356 0.530004 0.528882
v -0.41908711 -0.15422732 -0.09136024 0.510055 0.508654 0.507993
v -0.40026921 -0.37592909 0.18105987 0.573257 0.564469 0.560323
v -0.41088942 -0.20626515 0.27297702 0.574886 0.566935 0.563195
v -0.38687459 -0.38598192 0.29146892 0.585502 0.575918 0.571392
v -0.41806054 -0.28096384 0.13218163 0.521724 0.518134 0.516426
v -0.40035331 -0.29695749 0.33636329 0.589349 0.579220 0.574454
v -0.41561815 -0.20090245 0.17893369 0.520992 0.517981 0.516556
v 0.23042037 -0.66568184 0.44407269 0.553593 0.551726 0.550821
v 0.25534353 -0.94010293 0.73352963 0.643148 0.642689 0.642472
v 0.15221652 -0.70422691 0.45657170 0.578230 0.577297 0.576860
v 0.10478167 -0.78609854 0.57443666 0.628645 0.628358 0.628225
v 0.30959886 -0.67557436 0.51048660 0.752711 0.736159 0.728324
v 0.36006424 -0.81560636 0.66829515 0.713592 0.710432 0.708942
v 0.25964025 -0.70039368 -0.37011528 0.769385 0.738046 0.723245
v 0.12368303 -0.46542817 -0.38505864 0.610563 0.596870 0.590422
v 0.15186463 -0.67983961 -0.31754231 0.642587 0.628169 0.621371
v 0.09097049 -0.56293184 -0.34709448 0.571887 0.563310 0.559258
v 0.28265479 -0.50784880 -0.36385307 0.718041 0.691473 0.678968
v 0.20771188 -0.42472592 -0.38028803 0.652166 0.634286 0.625872
v 0.44541922 -0.34212118 -0.14215952 0.589832 0.579549 0.574709
v 0.37659079 -0.12808928 -0.17444843 0.544269 0.540353 0.538564
v 0.40559450 -0.31448582 -0.23481515 0.632080 0.620385 0.614881
v 0.44697568 -0.24354574 -0.06993432 0.591771 0.582734 0.578481
v 0.37339336 -0.19615149 -0.23736627 0.611589 0.601916 0.597350
v 0.41430700 -0.14744754 -0.09807666 0.582172 0.574320 0.570627
v 0.39669320 -0.38426125 0.20560148 0.577236 0.567643 0.563110
v 0.40930837 -0.21117848 0.28324899 0.505588 0.503997 0.503246
v 0.38435128 -0.39946011 0.33503821 0.590385 0.579358 0.574154
v 0.41629675 -0.28350464 0.13985988 0.525596 0.521268 0.519236
v 0.39795941 -0.30425495 0.36765614 0.554182 0.547126 0.543766
v 0.41567922 -0.20249519 0.18158466 0.511259 0.508917 0.507813
v -0.00315958 -0.11008870 0.92402983 0.791669 0.770530 0.760582
v -0.00150451 0.09001845 0.73203999 0.658269 0.653199 0.650817
v 0.12442207 -0.04153190 0.84271771 0.645804 0.630227 0.622899
v -0.12987171 -0.05046027 0.84769702 0.568666 0.559837 0.555662
v 0.10978387 0.05197864 0.75976408 0.621529 0.615189 0.612200
v -0.11151908 0.04831143 0.76451051 0.600555 0.595405 0.592967
v 0.33281127 -0.33179370 0.77352154 0.664176 0.648420 0.641005
v 0.38427675 -0.17154334 0.56152302 0.540623 0.536121 0.533989
v 0.38147199 -0.39368317 0.69186836 0.617093 0.603856 0.597628
v 0.39000818 -0.28408653 0.58072442 0.606953 0.595268 0.589769
v 0.33112702 -0.17308629 0.75369853 0.652592 0.637336 0.630159
v 0.35948148 -0.12148921 0.63974184 0.605960 0.595329 0.590322
v -0.33755451 -0.34957209 0.77141434 0.504769 0.503020 0.502210
v -0.38440448 -0.17999904 0.55452263 0.579273 0.570697 0.566665
v -0.38620725 -0.40236205 0.66339254 0.661001 0.641924 0.632949
v -0.39038491 -0.29180592 0.55393505 0.608787 0.596006 0.590017
v -0.32918385 -0.19337292 0.75861967 0.661475 0.644923 0.637133
v -0.36114994 -0.13200608 0.64516127 0.620221 0.607564 0.601607
v 0.20485388 0.09211394 0.49626127 0.571124 0.568431 0.567163
v 0.31759116 0.01682283 0.44105184 0.579806 0.576309 0.574646
v 0.24486177 0.08861336 0.40812775 0.561708 0.559345 0.558229
v 0.29853749 0.05367681 0.38502008 0.573117 0.570808 0.569714
v 0.23205875 0.05750856 0.57031846 0.594478 0.590190 0.588172
v 0.29377520 0.01255032 0.53665811 0.588022 0.582254 0.579507
v -0.20701863 0.09052595 0.50448549 0.578710 0.576089 0.574855
v -0.31814513 0.01638933 0.45018241 0.595820 0.591918 0.590055
v -0.24547036 0.08576211 0.41631314 0.564011 0.561980 0.561020
v -0.29990429 0.05386460 0.39456123 0.585284 0.582697 0.581468
v -0.23381543 0.05579537 0.57882643 0.594049 0.590826 0.589314
v -0.29408199 0.00952458 0.54531235 0.590926 0.585749 0.583277
v -0.00080003 0.01934360 -0.57502896 0.612726 0.601835 0.596588
v -0.00461878 0.15982802 -0.80549008 0.754782 0.638065 0.574587
v 0.05659069 0.04748762 -0.63235080 0.622879 0.606560 0.598175
v -0.06041652 0.04368867 -0.62928569 0.620321 0.603283 0.594439
v 0.06669131 0.11454455 -0.75503439 0.683716 0.599086 0.553056
v -0.07570961 0.11501294 -0.74845183 0.689101 0.605606 0.560192
v 0.15220068 -0.12038454 -0.42600992 0.663270 0.646767 0.639001
v 0.26549765 -0.00558288 -0.37622708 0.614012 0.607038 0.603745
v 0.21921651 -0.17500269 -0.39342949 0.655092 0.639107 0.631584
v 0.27576619 -0.10661182 -0.35582650 0.595396 0.586394 0.582189
v 0.14973454 -0.01550244 -0.46373314 0.620676 0.612537 0.608710
v 0.21892479 0.00632016 -0.48674595 0.639143 0.632127 0.628803
v -0.15547788 -0.12542771 -0.43867749 0.660389 0.643971 0.636245
v -0.25807637 -0.01947401 -0.37140632 0.583752 0.578672 0.576277
v -0.21977705 -0.18335468 -0.40158120 0.660194 0.644332 0.636865
v -0.26441672 -0.11852160 -0.34946537 0.529473 0.526060 0.524467
v -0.15258972 -0.01645486 -0.46352166 0.596166 0.589330 0.586119
v -0.22273102 0.00312175 -0.47426990 0.617065 0.611367 0.608669
v 0.24897835 0.37515387 -0.90729314 0.811694 0.744471 0.708245
v 0.40229005 0.16737193 -0.69738126 0.663302 0.632538 0.616275
v 0.32356673 0.41390225 -0.78547150 0.687095 0.669785 0.661630
v 0.37828100 0.31099263 -0.68306524 0.658483 0.643359 0.636203
v 0.23583055 0.20027493 -0.90224099 0.913229 0.770416 0.692748
v 0.29092765 0.08805353 -0.82810134 0.744929 0.679498 0.644023
v -0.27773422 0.35442284 -0.92007059 0.816775 0.753138 0.718946
v -0.37592828 0.16437311 -0.63671505 0.636529 0.618175 0.608894
v -0.34485161 0.40161261 -0.75427973 0.671526 0.655481 0.647935
v -0.37162107 0.28729749 -0.63757241 0.632478 0.619313 0.613117
v -0.25733042 0.18504024 -0.90474916 0.958297 0.826712 0.755150
v -0.31808132 0.08349793 -0.80466998 0.675597 0.625075 0.597707
v 0.37532645 0.00107967 -0.07826646 0.552354 0.548026 0.545913
v 0.38765836 -0.03424633 0.08860977 0.541712 0.539061 0.537782
v 0.36825907 0.02420513 -0.05783187 0.564103 0.559898 0.557864
v 0.37300944 0.00523981 0.02799673 0.554251 0.550199 0.548186
v 0.39266372 -0.04995601 -0.02159958 0.556214 0.552755 0.551132
v 0.39881319 -0.06657991 0.06219935 0.544647 0.541977 0.540726
v -0.37267596 -0.00022692 -0.06541329 0.537488 0.534762 0.533412
v -0.38739687 -0.03244118 0.10197674 0.556214 0.552401 0.550554
v -0.36834848 0.02683962 -0.04256689 0.545691 0.543035 0.541740
v -0.37450027 0.00788671 0.04331950 0.546784 0.543581 0.541983
v -0.39148986 -0.05211071 -0.01015395 0.535268 0.533819 0.533138
v -0.39873356 -0.06556075 0.07443213 0.557082 0.554135 0.552750
v -0.15883701 0.25881100 -0.11440350 0.517409 0.516687 0.516343
v -0.19604316 0.43458611 -0.25930309 0.553790 0.548398 0.545861
v -0.09969755 0.27301502 -0.11951633 0.515302 0.514439 0.514030
v -0.13816988 0.49870864 -0.21935061 0.540130 0.536830 0.535284
v -0.23974037 0.18639171 -0.02500629 0.520313 0.519471 0.519054
v -0.14161146 0.24081254 -0.01483640 0.524860 0.524310 0.524048
v -0.23331904 0.17075247 0.07523331 0.520351 0.519715 0.519409
v -0.28712052 0.38354951 -0.33346826 0.549800 0.546143 0.544411
v -0.19946598 0.59365571 -0.33558115 0.560602 0.553205 0.549717
v -0.43902516 0.60091341 -0.47030476 0.807026 0.787999 0.779015
v -0.27173287 0.19429982 -0.14063957 0.536890 0.535466 0.534786
v -0.28046277 0.42863828 -0.32609320 0.617029 0.606458 0.601476
v -0.29821566 0.17303023 -0.15377231 0.547961 0.546051 0.545127
v -0.28010041 0.13596493 0.06495066 0.529104 0.528355 0.527984
v -0.31049019 0.13084462 -0.05156018 0.536030 0.534857 0.534284
v 0.16425884 0.25947070 -0.11858271 0.512325 0.511935 0.511751
v 0.18377474 0.43285918 -0.24942431 0.534366 0.530640 0.528883
v 0.11180316 0.27193469 -0.12265734 0.508127 0.507874 0.507750
v 0.14377800 0.50329864 -0.21933070 0.581948 0.575324 0.572202
v 0.23684511 0.19604862 -0.03030801 0.525367 0.523597 0.522739
v 0.14688636 0.24386609 -0.01939553 0.524525 0.524003 0.523755
v 0.23243281 0.17796707 0.06753030 0.528998 0.527328 0.526539
v 0.24543193 0.37284154 -0.29450390 0.552188 0.548381 0.546582
v 0.18647797 0.59326494 -0.33593756 0.551469 0.545054 0.542027
v 0.28826207 0.51948690 -0.39336878 0.569040 0.561961 0.558602
v 0.26566517 0.20369047 -0.13935946 0.542070 0.539889 0.538838
v 0.27899328 0.36360216 -0.32692307 0.583137 0.577854 0.575361
v 0.29280260 0.17786932 -0.15908512 0.561701 0.558799 0.557434
v 0.27231196 0.14489025 0.05369930 0.538442 0.536309 0.535283
v 0.30072293 0.13914964 -0.06127937 0.550187 0.547672 0.546486
v -0.25643802 -0.65839130 0.08878565 0.515796 0.515625 0.515540
v -0.30976856 -0.93721652 -0.07248585 0.839432 0.839432 0.839431
v -0.16480200 -0.68672502 0.10845621 0.505098 0.505098 0.505097
v -0.12899363 -0.82737398 -0.11782026 0.613899 0.613899 0.613899
v -0.34660730 -0.54789466 0.15968797 0.554878 0.548533 0.545477
v -0.21238035 -0.67094570 0.22696793 0.528660 0.527647 0.527098
v -0.31981379 -0.55766797 0.28365624 0.555453 0.548872 0.545692
v -0.45192927 -0.62952083 -0.20739160 0.657492 0.641839 0.634474
v -0.20025706 -0.93040985 -0.30410004 0.817250 0.817249 0.817249
v -0.38826704 -0.60791993 -0.34470460 0.862404 0.835423 0.822724
v -0.41755494 -0.47027731 0.01036449 0.576087 0.567241 0.563063
v -0.43628401 -0.46329305 -0.22273421 0.652065 0.638181 0.631647
v -0.44416037 -0.36109123 -0.02633989 0.582056 0.572668 0.568247
v -0.36737213 -0.46988928 0.23199074 0.571453 0.563622 0.559929
v -0.41895548 -0.36965263 0.07568243 0.578664 0.569951 0.565842
v 0.24595770 -0.66468191 0.11726818 0.516553 0.516448 0.516396
v 0.33434376 -0.94194525 -0.09163833 0.853098 0.853093 0.853090
v 0.14812599 -0.69186985 0.13215177 0.508116 0.508116 0.508116
v 0.14596947 -0.82474130 -0.12356783 0.609667 0.609667 0.609667
v 0.33961830 -0.56224728 0.20032458 0.560511 0.553435 0.550029
v 0.20045613 -0.69671851 0.28385836 0.532899 0.532819 0.532774
v 0.31071258 -0.58966577 0.35565016 0.579366 0.569980 0.565320
v 0.45942587 -0.62307167 -0.20465139 0.667247 0.650953 0.643289
v 0.20504497 -0.91519547 -0.31905064 0.802546 0.802663 0.802718
v 0.39099005 -0.59708917 -0.34338570 0.843446 0.814422 0.800762
v 0.41736633 -0.47087061 0.01612546 0.578395 0.569215 0.564884
v 0.43357164 -0.45621824 -0.22949901 0.657525 0.643640 0.637106
v 0.44023803 -0.35843861 -0.03264125 0.586643 0.576833 0.572207
v 0.36255547 -0.48740721 0.27894318 0.572741 0.563791 0.559576
v 0.41884661 -0.37075076 0.08349275 0.582282 0.572995 0.568604
v -0.03939982 -0.66087967 0.74993962 0.563818 0.563412 0.563225
v -0.21246915 -0.66086298 0.85025555 0.772496 0.742079 0.727771
v -0.08653150 -0.76473767 0.62973458 0.581590 0.581405 0.581318
v -0.34543061 -0.84862846 0.77845120 0.714535 0.707889 0.704774
v 0.21646696 -0.61042809 0.84520650 0.706671 0.681808 0.670109
v 0.04715941 -0.70361114 0.68272078 0.523101 0.522761 0.522598
v 0.32010421 -0.78806245 0.83095950 0.718588 0.706503 0.700810
v 0.12387297 -0.34348360 0.88369435 0.667684 0.649595 0.641084
v -0.13415942 -0.35729533 0.88234693 0.537247 0.530252 0.526945
v 0.13181414 -0.18465909 0.89652133 0.650532 0.631025 0.621844
v -0.13844445 -0.19782461 0.89690834 0.646235 0.626964 0.617900
v 0.34188059 -0.52612913 0.79935408 0.703644 0.688682 0.681641
v 0.25303978 -0.25505710 0.84897709 0.704050 0.685572 0.676876
v -0.37225628 -0.54601651 0.79267687 0.832212 0.807183 0.795403
v -0.25213253 -0.27794421 0.84657598 0.528937 0.525055 0.523200
v 0.00092523 0.15329266 0.34654239 0.521300 0.521074 0.520961
v -0.10594441 0.13224059 0.42620918 0.547491 0.547163 0.547005
v -0.03907582 0.17657542 0.26596904 0.525425 0.524713 0.524377
v -0.14870919 0.13639355 0.34701157 0.541505 0.540735 0.540365
v 0.10536404 0.13503748 0.42213237 0.543752 0.543431 0.543279
v 0.04217295 0.17759150 0.26426297 0.525389 0.524653 0.524304
v 0.14923222 0.13943988 0.34134904 0.534604 0.533873 0.533515
v 0.07595931 0.12940754 0.57962978 0.585661 0.584673 0.584205
v -0.07811074 0.12971945 0.58388019 0.585660 0.584816 0.584422
v 0.09401761 0.10746200 0.67080712 0.635848 0.632581 0.631043
v -0.09460501 0.10346622 0.67271930 0.626612 0.623820 0.622507
v 0.17790246 0.11666057 0.41952193 0.556077 0.554600 0.553879
v 0.15904479 0.10072182 0.58758008 0.590256 0.587910 0.586805
v -0.17895171 0.11410126 0.42641366 0.560867 0.559784 0.559257
v -0.16006966 0.09924303 0.59263998 0.602620 0.599835 0.598528
v 0.00484233 -0.40771350 -0.41723964 0.576894 0.567848 0.563580
v -0.08857874 -0.30793414 -0.45332536 0.625133 0.612161 0.606056
v -0.03781627 -0.48068896 -0.38052368 0.581039 0.570708 0.565836
v -0.14444537 -0.36161360 -0.41492751 0.619494 0.605783 0.599330
v 0.09925794 -0.30891380 -0.45085391 0.630613 0.617652 0.611553
v 0.04260592 -0.48074016 -0.38153744 0.584891 0.574715 0.569920
v 0.14808832 -0.35892603 -0.41088519 0.613475 0.600297 0.594095
v 0.04881644 -0.12664402 -0.47940123 0.665002 0.648167 0.640245
v -0.04601535 -0.12687118 -0.48440808 0.662299 0.645691 0.637877
v 0.04705675 -0.01559161 -0.51853716 0.635768 0.624431 0.619095
v -0.04822718 -0.01462460 -0.51739281 0.629510 0.618469 0.613271
v 0.15817156 -0.24684694 -0.42560074 0.652139 0.635489 0.627654
v 0.09377159 -0.06423026 -0.46717289 0.662798 0.646026 0.638133
v -0.15740757 -0.25004885 -0.43819943 0.644639 0.627910 0.620039
v -0.09806821 -0.06890956 -0.47637329 0.660823 0.644607 0.636977
v 0.00933939 0.74524021 -0.75375247 0.723935 0.695609 0.681957
v -0.17192869 0.58821189 -0.80906224 0.676375 0.652983 0.641447
v -0.07975306 0.83601767 -0.64777654 0.579115 0.575223 0.573118
v -0.26126331 0.66973513 -0.74220318 0.773280 0.755740 0.747488
v 0.19641614 0.59435642 -0.80343884 0.646721 0.625249 0.614395
v 0.09051549 0.82810122 -0.65349656 0.577145 0.572740 0.570338
v 0.25504428 0.67269790 -0.71197289 0.657326 0.641867 0.634600
v 0.08718100 0.36757991 -0.83583969 0.707506 0.606052 0.550865
v -0.09502932 0.36671790 -0.84168220 0.713180 0.609285 0.552744
v 0.07847798 0.22888991 -0.81822580 0.761879 0.634894 0.565824
v -0.09106295 0.22854072 -0.81972080 0.781102 0.646361 0.573088
v 0.27027178 0.52049440 -0.80110943 0.728472 0.707323 0.697386
v 0.16821402 0.29621574 -0.84659284 0.659694 0.548835 0.488598
v -0.26913762 0.52132565 -0.81770331 0.746687 0.724632 0.714239
v -0.18599345 0.28907865 -0.86297268 0.717640 0.593254 0.525695
v 0.34820679 0.14182068 -0.39871198 0.584216 0.577737 0.574595
v 0.35573453 0.07341294 -0.22306588 0.559398 0.554145 0.551585
v 0.33329120 0.19992284 -0.39585999 0.594769 0.588611 0.585691
v 0.34913158 0.09943059 -0.21335483 0.576325 0.572440 0.570591
v 0.32537106 -0.00658293 -0.27020657 0.586487 0.582221 0.580198
v 0.35871124 -0.00159979 -0.17210993 0.556036 0.552884 0.551387
v 0.34364721 -0.09265748 -0.24270591 0.545118 0.542950 0.541930
v 0.37995291 -0.07023945 -0.13160868 0.571188 0.565837 0.563318
v 0.32422101 0.07765590 -0.43295267 0.607720 0.598978 0.594668
v 0.30607787 -0.05199796 -0.31212929 0.569104 0.565635 0.564004
v 0.27990702 0.04110302 -0.47711495 0.620505 0.611465 0.607054
v 0.35762590 0.21007320 -0.52776098 0.618139 0.609049 0.604723
v 0.32728210 0.07728343 -0.60110772 0.637934 0.618933 0.609112
v 0.36166936 0.04843140 -0.14161219 0.559197 0.554272 0.551881
v 0.37924492 -0.02904104 -0.10114978 0.554040 0.550434 0.548730
v 0.35679126 -0.00552636 0.31080920 0.554505 0.552080 0.550937
v 0.37635863 -0.01967683 0.19745453 0.545586 0.543113 0.541913
v 0.34193659 0.02700046 0.26027793 0.557703 0.556177 0.555458
v 0.36176682 0.01196590 0.14125578 0.556014 0.553561 0.552374
v 0.40214166 -0.13537359 0.38522881 0.510085 0.509476 0.509190
v 0.40214646 -0.08502856 0.23236321 0.525878 0.524453 0.523785
v 0.40250441 -0.21433674 0.38229716 0.502344 0.500938 0.500275
v 0.41175073 -0.13330844 0.21083528 0.516007 0.514385 0.513626
v 0.36839521 -0.06166483 0.43492278 0.564860 0.559913 0.557541
v 0.39572328 -0.20241138 0.47573867 0.498985 0.497829 0.497289
v 0.36365318 -0.08906981 0.53086138 0.573698 0.567389 0.564419
v 0.33228493 0.02183339 0.34937710 0.571891 0.569353 0.568159
v 0.33887973 -0.02891146 0.48982981 0.575136 0.569746 0.567206
v 0.37560791 -0.00923553 0.11373368 0.547492 0.544538 0.543106
v 0.40185249 -0.07738510 0.14814225 0.528496 0.527017 0.526323
v -0.34526464 0.13789669 -0.38362446 0.572768 0.567423 0.564841
v -0.35161126 0.07214189 -0.21096312 0.543319 0.539879 0.538187
v -0.34117267 0.20011374 -0.38866597 0.593207 0.587648 0.585011
v -0.34990543 0.10298879 -0.20072837 0.559298 0.556532 0.555208
v -0.32468668 -0.01749529 -0.26714551 0.549478 0.548029 0.547347
v -0.35151565 -0.00795437 -0.16238734 0.534264 0.533052 0.532462
v -0.34699532 -0.10398921 -0.24588466 0.530912 0.529750 0.529203
v -0.38396960 -0.07632007 -0.12476639 0.523767 0.522810 0.522359
v -0.32131818 0.06483044 -0.41830388 0.584621 0.577101 0.573358
v -0.30004981 -0.06380388 -0.30474022 0.540654 0.538830 0.537970
v -0.28397334 0.03419428 -0.46218100 0.599101 0.592046 0.588611
v -0.35592461 0.20164083 -0.50232178 0.605950 0.597943 0.594160
v -0.32483155 0.08072432 -0.56624573 0.604192 0.589845 0.582525
v -0.36012912 0.04982820 -0.12813050 0.544614 0.541474 0.539919
v -0.37604690 -0.03331687 -0.08999893 0.527095 0.526022 0.525502
v -0.35920304 -0.00492351 0.32234415 0.571624 0.568538 0.567082
v -0.37738436 -0.01818790 0.21013720 0.551955 0.548799 0.547279
v -0.34723741 0.02753150 0.27399448 0.575776 0.573322 0.572167
v -0.36578244 0.01411085 0.15614438 0.561581 0.559054 0.557845
v -0.40016839 -0.13739464 0.38202521 0.565306 0.559341 0.556525
v -0.40147501 -0.08302203 0.24118242 0.558229 0.553977 0.551975
v -0.40368623 -0.21152194 0.36652029 0.533185 0.528775 0.526695
v -0.41158867 -0.13021663 0.21622142 0.562031 0.556540 0.553953
v -0.36993116 -0.06331856 0.44162095 0.571851 0.566018 0.563232
v -0.39626554 -0.20540994 0.46073270 0.510490 0.508108 0.506990
v -0.36685926 -0.09248280 0.53584039 0.591290 0.583093 0.579235
v -0.33555013 0.02235410 0.36075622 0.589692 0.587052 0.585808
v -0.33978224 -0.03166136 0.49808729 0.580407 0.574752 0.572091
v -0.37706047 -0.00717354 0.12838939 0.549634 0.545938 0.544139
v -0.40097666 -0.07591310 0.15897550 0.556310 0.552552 0.550785
v 0.00420358 0.25797147 -0.02009580 0.509856 0.509388 0.509162
v -0.03947455 0.23712969 0.08577755 0.521820 0.521127 0.520801
v 0.00069405 0.70359629 -0.27902251 0.664999 0.655463 0.650737
v -0.06319942 0.79212368 -0.40453920 0.573631 0.569811 0.567761
v 0.04499906 0.23681206 0.08319864 0.520223 0.519606 0.519310
v 0.08642711 0.82077384 -0.40353888 0.582049 0.577071 0.574340
v -0.25312984 0.11786723 0.25713608 0.547601 0.546244 0.545601
v -0.30810276 0.08363202 0.24565527 0.560974 0.559024 0.558087
v -0.28120160 0.08456662 0.33173215 0.564360 0.562536 0.561677
v -0.36456090 0.54755718 -0.57509661 0.602472 0.594301 0.590440
v -0.33702147 0.40447816 -0.47441620 0.637943 0.625979 0.620348
v -0.34647197 0.41448903 -0.60335416 0.642994 0.629433 0.623050
v -0.34769946 0.09101993 -0.08813687 0.560805 0.559237 0.558496
v -0.35626972 0.06301695 0.00623327 0.565521 0.563792 0.562979
v -0.36239749 0.04853320 -0.01928201 0.562512 0.560430 0.559423
v 0.24801782 0.12132227 0.24545521 0.542211 0.540859 0.540222
v 0.29940033 0.08730111 0.23071295 0.547601 0.545868 0.545033
v 0.27827999 0.08630973 0.32160452 0.555050 0.553310 0.552487
v 0.38818938 0.61994725 -0.49876991 0.628055 0.615010 0.608955
v 0.31628829 0.43149838 -0.44296479 0.603174 0.594732 0.590757
v 0.34779525 0.44871223 -0.59871823 0.679927 0.663785 0.656189
v 0.34223193 0.08601859 -0.10496255 0.575603 0.572933 0.571672
v 0.34644383 0.06043604 -0.01203709 0.569787 0.567334 0.566178
v 0.35846215 0.04313467 -0.03589499 0.569726 0.566547 0.565016
v -0.01041706 -0.70496738 0.27149630 0.500354 0.500354 0.500354
v -0.06427578 -0.70577848 0.39732715 0.501427 0.501417 0.501412
v -0.00509420 -0.64711106 -0.21477534 0.503192 0.503152 0.503133
v -0.05015023 -0.62949657 -0.29165182 0.593145 0.591087 0.590115
v 0.04763442 -0.71603632 0.42236108 0.508585 0.508568 0.508561
v 0.05147263 -0.62854409 -0.29127142 0.584777 0.582749 0.581795
v -0.36522183 -0.53551674 0.48845863 0.623801 0.610524 0.604236
v -0.38434413 -0.40268928 0.40867957 0.598721 0.587255 0.581831
v -0.39008373 -0.41771141 0.53415293 0.629705 0.614447 0.607253
v -0.29659700 -0.36234972 -0.35868073 0.677303 0.657283 0.647862
v -0.36658424 -0.27572981 -0.30989033 0.666498 0.651758 0.644844
v -0.28958371 -0.23427674 -0.36071935 0.613896 0.601826 0.596123
v -0.43198004 -0.17062488 -0.00343870 0.511021 0.509487 0.508768
v -0.42280665 -0.18930613 0.08655209 0.516376 0.514491 0.513604
v -0.41277599 -0.11103094 0.04063331 0.529534 0.527692 0.526828
v 0.37303060 -0.56766659 0.58417320 0.700008 0.676080 0.664817
v 0.38320294 -0.41627315 0.46754062 0.615391 0.601382 0.594779
v 0.39424366 -0.41971111 0.59205604 0.627883 0.612551 0.605332
v 0.29326838 -0.35499468 -0.36072850 0.670771 0.651648 0.642649
v 0.36262459 -0.26815787 -0.31548724 0.668987 0.653669 0.646460
v 0.29334059 -0.22337511 -0.36265841 0.663923 0.647357 0.639562
v 0.42985192 -0.16561948 -0.01170759 0.577317 0.569768 0.566216
v 0.42079335 -0.18963243 0.08222609 0.573502 0.566290 0.562896
v 0.41076219 -0.11090419 0.03028606 0.565161 0.559696 0.557122
v 0.21619868 -0.00073817 0.75060999 0.505605 0.505153 0.504937
v 0.30194089 -0.06160294 0.70620555 0.624915 0.613799 0.608577
v -0.21666691 -0.01088527 0.75984907 0.509216 0.508990 0.508886
v -0.30276594 -0.07439855 0.71834230 0.545335 0.541303 0.539455
v 0.26819786 0.01265578 0.64494133 0.579061 0.572534 0.569434
v -0.26722512 0.00597478 0.65310133 0.533450 0.531521 0.530594
v 0.12524657 0.06591883 -0.69356114 0.792466 0.753705 0.733131
v 0.17583233 0.01797973 -0.60828674 0.678174 0.670474 0.666769
v -0.13062161 0.05115535 -0.69273400 0.770343 0.731113 0.710187
v -0.17632146 0.00471108 -0.59941959 0.655682 0.649252 0.646165
v 0.20233293 0.05922333 -0.78236127 0.834337 0.768832 0.733379
v -0.20174453 0.00614303 -0.80483973 0.808726 0.759749 0.733288
v -0.20507872 0.28425318 -0.19474992 0.522178 0.520834 0.520199
v -0.21154284 0.24896491 -0.15770553 0.522664 0.521874 0.521497
v -0.21880740 0.29953337 -0.22621313 0.526474 0.524598 0.523714
v -0.22866383 0.26454335 -0.20812561 0.525492 0.524179 0.523555
v -0.22684762 0.23850769 -0.16342179 0.523691 0.522828 0.522421
v 0.20010048 0.28823304 -0.18685751 0.512336 0.511818 0.511572
v 0.20913026 0.25592858 -0.15465547 0.516273 0.515718 0.515455
v 0.20946136 0.30314976 -0.21167871 0.513685 0.513016 0.512702
v 0.22109261 0.27023745 -0.19733314 0.522496 0.521550 0.521101
v 0.22244057 0.24911779 -0.15692104 0.521872 0.521205 0.520892
v -0.35619730 -0.68722630 -0.00955476 0.561003 0.556879 0.554945
v -0.35442683 -0.63815111 0.02858024 0.556458 0.553264 0.551720
v -0.38899460 -0.68998581 -0.05011310 0.569216 0.562861 0.559865
v -0.39781952 -0.63005894 -0.03188136 0.569797 0.563626 0.560696
v -0.37871012 -0.60784680 0.01696471 0.550475 0.545508 0.543091
v 0.35679251 -0.68798143 0.00092730 0.572597 0.567775 0.565512
v 0.34970176 -0.63942075 0.04462161 0.562635 0.558933 0.557114
v 0.39388436 -0.69040006 -0.04332993 0.584451 0.576523 0.572796
v 0.39923921 -0.62888134 -0.02427466 0.574573 0.567807 0.564597
v 0.37511063 -0.60919768 0.03058805 0.555589 0.550150 0.547491
v -0.04194354 -0.57449991 0.83561367 0.642981 0.631849 0.626582
v 0.01722513 -0.56619871 0.83335871 0.579048 0.568844 0.563964
v -0.00985612 -0.48303187 0.85928166 0.606407 0.593142 0.586899
v 0.03890265 -0.51335627 0.84943920 0.601861 0.588782 0.582618
v -0.05858203 -0.52181607 0.85142583 0.626942 0.612167 0.605212
v -0.01620558 0.14072105 0.45457119 0.529788 0.529268 0.529004
v 0.01475846 0.14102182 0.45269492 0.528774 0.528094 0.527741
v -0.00114040 0.14166012 0.51062405 0.538914 0.538523 0.538337
v 0.02474137 0.13993409 0.48689434 0.535007 0.534134 0.533676
v -0.02659335 0.13989100 0.48846039 0.538966 0.538303 0.537961
v -0.00640086 -0.30292901 -0.45965287 0.594824 0.585340 0.580869
v 0.01884776 -0.30234843 -0.45882440 0.591469 0.582631 0.578463
v 0.00474640 -0.23222008 -0.47083971 0.601284 0.590833 0.585895
v 0.02517144 -0.26026112 -0.46679935 0.594392 0.584756 0.580204
v -0.01461768 -0.25950998 -0.46832100 0.595722 0.585684 0.580943
v -0.02546030 0.58153629 -0.82431561 0.657428 0.638036 0.628634
v 0.02998650 0.58047003 -0.82263279 0.683042 0.661336 0.651052
v 0.00033404 0.49627274 -0.83931804 0.670463 0.646782 0.635591
v 0.04632459 0.52966428 -0.83795381 0.678700 0.656164 0.645532
v -0.04398937 0.53261238 -0.84264416 0.647827 0.628071 0.618418
v 0.34867299 0.07743434 -0.29542172 0.554648 0.550558 0.548555
v 0.34154326 0.04957280 -0.26765984 0.555521 0.552118 0.550490
v 0.33793303 0.06066697 -0.30532688 0.552624 0.549322 0.547731
v 0.34315640 0.07817398 -0.32474476 0.552129 0.547688 0.545520
v 0.34781945 0.05868549 -0.26255631 0.556895 0.553325 0.551598
v 0.38115370 -0.04362099 0.29716092 0.532836 0.531038 0.530167
v 0.39172786 -0.07031821 0.31204456 0.531528 0.530057 0.529366
v 0.38673171 -0.06791235 0.34045318 0.535961 0.534375 0.533633
v 0.37963971 -0.05065133 0.33022690 0.537383 0.535454 0.534525
v 0.38773832 -0.05537860 0.28598791 0.532107 0.530699 0.530036
v -0.34093618 0.06908752 -0.28606111 0.538319 0.534374 0.532409
v -0.33664310 0.03744566 -0.26065394 0.544546 0.541838 0.540536
v -0.33301991 0.04873730 -0.29661801 0.549123 0.546005 0.544491
v -0.33683690 0.06849756 -0.31454095 0.543900 0.539314 0.537031
v -0.34108502 0.04985823 -0.25353351 0.540303 0.537080 0.535499
v -0.38165662 -0.04266151 0.30650935 0.540838 0.537894 0.536477
v -0.39137366 -0.06897686 0.31995845 0.546088 0.542952 0.541477
v -0.38733092 -0.06684111 0.34806478 0.552601 0.549083 0.547428
v -0.38051787 -0.04960222 0.33895543 0.545141 0.541896 0.540343
v -0.38747713 -0.05395241 0.29507887 0.542667 0.539833 0.538485
v -0.03686025 0.39932710 -0.16193563 0.559733 0.554524 0.552062
v 0.05014035 0.40035093 -0.16370714 0.511644 0.510003 0.509224
v -0.01310522 0.33847409 -0.14666544 0.525236 0.522943 0.521834
v -0.01957736 0.47283310 -0.17562971 0.556112 0.552565 0.550887
v 0.02618235 0.33751160 -0.14960702 0.508692 0.507733 0.507273
v 0.02923712 0.47367233 -0.17818487 0.546217 0.541426 0.539169
v -0.17900647 0.20039868 0.13805056 0.544649 0.542730 0.541820
v -0.14042981 0.17959082 0.22769788 0.535143 0.533895 0.533306
v -0.15109441 0.22011262 0.14554918 0.601952 0.599729 0.598680
v -0.19121251 0.17634875 0.17895758 0.540661 0.539042 0.538278
v -0.12844923 0.20463562 0.19073850 0.547094 0.545783 0.545165
v -0.17426783 0.16855234 0.22391018 0.537859 0.536453 0.535783
v -0.28723368 0.76336980 -0.49650931 0.622242 0.616568 0.613535
v -0.25350460 0.83721578 -0.59189528 0.639847 0.573489 0.537275
v -0.23480499 0.81270671 -0.48365405 0.664690 0.625610 0.604278
v -0.32737851 0.75152051 -0.54993963 0.653984 0.649227 0.646820
v -0.27853030 0.96703303 -0.53596854 1.000000 1.000000 1.000000
v -0.26930258 0.74229693 -0.58144587 0.578170 0.569665 0.565131
v -0.29597068 0.22061518 -0.26064831 0.571288 0.567981 0.566424
v -0.32313359 0.19006309 -0.27804688 0.578640 0.574783 0.572963
v -0.29622132 0.26514915 -0.31342691 0.588355 0.583297 0.580917
v -0.31290561 0.17659473 -0.21799445 0.564873 0.561999 0.560646
v -0.31397098 0.24126981 -0.32248110 0.593079 0.587563 0.584966
v -0.32416683 0.16457748 -0.22678825 0.568796 0.565862 0.564480
v -0.33640751 0.07867655 0.09183119 0.555396 0.553707 0.552884
v -0.34923074 0.04874256 0.15720651 0.572195 0.570337 0.569464
v -0.33490875 0.07326710 0.14035065 0.556652 0.554754 0.553856
v -0.34581190 0.06828782 0.07912977 0.556828 0.555391 0.554711
v -0.34137061 0.05909884 0.17261440 0.564625 0.562660 0.561735
v -0.35112840 0.05388477 0.11143187 0.568622 0.566932 0.566136
v 0.18765537 0.20745903 0.13347188 0.548345 0.546442 0.545544
v 0.14235830 0.18149447 0.22015998 0.531952 0.530903 0.530406
v 0.15794462 0.22321600 0.13985354 0.588821 0.586669 0.585652
v 0.12919390 0.20554805 0.18002644 0.544514 0.543228 0.542620
v 0.19483565 0.18051064 0.17226306 0.537683 0.536239 0.535555
v 0.17651463 0.17096603 0.21713954 0.533814 0.532568 0.531970
v 0.25435981 0.76648110 -0.50351286 0.566274 0.559463 0.555839
v 0.22557937 0.84320927 -0.60709554 0.655964 0.593507 0.559346
v 0.23326020 0.86988074 -0.51229948 0.649321 0.597983 0.569784
v 0.24529722 0.96297294 -0.59811449 1.000000 1.000000 0.981184
v 0.26502714 0.77284819 -0.52924979 0.600608 0.597376 0.595656
v 0.24675539 0.79177374 -0.57633322 0.579367 0.569662 0.564365
v 0.29478729 0.21746248 -0.26549986 0.587470 0.583534 0.581681
v 0.31707835 0.17979637 -0.28195637 0.580683 0.576530 0.574573
v 0.30079132 0.25885722 -0.30956069 0.593330 0.588187 0.585768
v 0.31031370 0.17044571 -0.22566284 0.579162 0.575612 0.573938
v 0.30783141 0.23122099 -0.32117200 0.586368 0.580971 0.578431
v 0.32060862 0.15707651 -0.23447642 0.586744 0.583082 0.581359
v 0.32204282 0.08372763 0.07544434 0.556727 0.554526 0.553485
v 0.33999878 0.04879862 0.14152896 0.559280 0.557743 0.557017
v 0.32085842 0.07862911 0.12327406 0.552367 0.550350 0.549389
v 0.33307356 0.07010600 0.06292708 0.560437 0.558285 0.557270
v 0.33109820 0.06071231 0.15688622 0.555000 0.553323 0.552528
v 0.34058714 0.05373722 0.09536090 0.561963 0.560202 0.559373
v -0.06214430 -0.69850147 0.00236207 0.500460 0.500460 0.500460
v 0.04563791 -0.70193791 0.00658528 0.500234 0.500234 0.500234
v -0.03520459 -0.69849503 0.06709044 0.500302 0.500302 0.500302
v -0.03463071 -0.68712020 -0.05565701 0.500447 0.500447 0.500447
v 0.01812144 -0.70013350 0.07055593 0.500036 0.500036 0.500036
v 0.02097980 -0.68905526 -0.05512677 0.500319 0.500319 0.500319
v -0.23848236 -0.64596456 0.41223207 0.535160 0.533305 0.532388
v -0.24676839 -0.79548705 0.52364147 0.592623 0.591505 0.590987
v -0.19516322 -0.67124629 0.43897271 0.531915 0.530507 0.529844
v -0.27576399 -0.65533209 0.45333830 0.608634 0.601280 0.597736
v -0.18984923 -0.73228645 0.48959431 0.590213 0.586837 0.585254
v -0.27825814 -0.73058617 0.52680975 0.638637 0.629441 0.625108
v -0.21794640 -0.63262624 -0.35344541 0.725021 0.695988 0.682353
v -0.14997619 -0.51152402 -0.36933243 0.639905 0.622775 0.614712
v -0.16280575 -0.63346934 -0.34500694 0.677614 0.657532 0.648087
v -0.23332225 -0.54888242 -0.36194330 0.710463 0.683750 0.671182
v -0.13276434 -0.56930459 -0.35361242 0.644564 0.628697 0.621186
v -0.19709201 -0.49656212 -0.37094682 0.667945 0.646559 0.636496
v -0.43294299 -0.28911385 -0.14339495 0.595311 0.585391 0.580710
v -0.40561873 -0.17985180 -0.16132030 0.516139 0.514505 0.513726
v -0.41674554 -0.27629599 -0.18899503 0.601023 0.591069 0.586386
v -0.43393523 -0.24319950 -0.10857150 0.552870 0.547103 0.544290
v -0.40215895 -0.21896771 -0.19571336 0.539180 0.535589 0.533876
v -0.42458957 -0.19000202 -0.12040401 0.508824 0.506996 0.506113
v -0.40383077 -0.33226645 0.20800814 0.576281 0.567141 0.562835
v -0.41018108 -0.24640167 0.25409254 0.579883 0.571107 0.566978
v -0.39863452 -0.33642417 0.26108289 0.580541 0.571099 0.566650
v -0.41191179 -0.28574175 0.18205942 0.556214 0.549186 0.545865
v -0.40390462 -0.29227412 0.28423575 0.584802 0.575172 0.570634
v -0.41283762 -0.24421154 0.20526467 0.553413 0.546952 0.543909
v 0.23027444 -0.73560047 0.49984685 0.608042 0.605505 0.604282
v 0.22359616 -0.98492491 0.65347683 0.773475 0.773218 0.773095
v 0.18359566 -0.75882894 0.50843465 0.573742 0.572913 0.572517
v 0.16543072 -0.85168737 0.56538594 0.664488 0.663803 0.663482
v 0.27301022 -0.77523679 0.53975487 0.619798 0.617415 0.616294
v 0.30239746 -0.90154922 0.58082145 0.765314 0.765428 0.765484
v 0.21611370 -0.62207848 -0.36431128 0.717702 0.689610 0.676382
v 0.15132642 -0.50805151 -0.37228909 0.630895 0.614227 0.606384
v 0.16750175 -0.62435484 -0.34730986 0.681516 0.661278 0.651747
v 0.13613005 -0.56499696 -0.35575169 0.636544 0.620985 0.613604
v 0.23108067 -0.54016274 -0.36788732 0.695155 0.670635 0.659096
v 0.19649315 -0.49087849 -0.37392718 0.658346 0.638395 0.629006
v 0.42958111 -0.28217667 -0.15072739 0.592391 0.582512 0.577864
v 0.39479658 -0.17525217 -0.16606900 0.587349 0.579050 0.575159
v 0.41002333 -0.27000210 -0.19412096 0.606303 0.596064 0.591246
v 0.43325409 -0.23462000 -0.11537845 0.593201 0.583833 0.579423
v 0.39268953 -0.21329984 -0.19828969 0.603925 0.594208 0.589638
v 0.41492334 -0.18469355 -0.12568007 0.589079 0.580319 0.576193
v 0.40156943 -0.33972389 0.23151043 0.558475 0.550619 0.546921
v 0.40892002 -0.25155139 0.27012444 0.502707 0.500595 0.499604
v 0.39636898 -0.34488088 0.29297367 0.583167 0.573134 0.568412
v 0.41030544 -0.28985575 0.19595392 0.502683 0.500114 0.498903
v 0.40241969 -0.29853216 0.31097293 0.553559 0.546782 0.543580
v 0.41276655 -0.24701884 0.21597704 0.500764 0.498801 0.497878
v -0.00322353 -0.03988812 0.87213802 0.697903 0.680868 0.672850
v -0.00143395 0.06056539 0.78113866 0.663554 0.654621 0.650418
v 0.06146820 -0.00922539 0.84253579 0.673447 0.659149 0.652420
v -0.06820015 -0.01060611 0.84588736 0.659229 0.645797 0.639484
v 0.05825718 0.03871453 0.79776967 0.648852 0.638463 0.633577
v -0.06080651 0.03515399 0.79877663 0.642532 0.632474 0.627748
v 0.36254016 -0.27938518 0.72742528 0.667656 0.653023 0.646138
v 0.38533157 -0.19917828 0.61683547 0.600827 0.590305 0.585350
v 0.37728107 -0.31177735 0.68190593 0.626295 0.612749 0.606376
v 0.38522971 -0.26449603 0.62675977 0.613735 0.601680 0.596007
v 0.36018732 -0.20473091 0.71474749 0.657260 0.642961 0.636234
v 0.37543994 -0.17069934 0.65875083 0.615859 0.603729 0.598020
v -0.36617854 -0.29777911 0.72106588 0.639264 0.626025 0.619784
v -0.38335633 -0.21298060 0.60796535 0.610759 0.598417 0.592617
v -0.38034210 -0.32430989 0.66483855 0.646023 0.629277 0.621408
v -0.38571018 -0.27550161 0.60929960 0.626049 0.611937 0.605302
v -0.36577663 -0.22274362 0.71848994 0.680488 0.664168 0.656486
v -0.37249640 -0.18782099 0.65818334 0.628493 0.614350 0.607700
v 0.23754193 0.07362160 0.48677909 0.577891 0.574696 0.573190
v 0.29527524 0.03532535 0.45957237 0.580074 0.576940 0.575456
v 0.25641781 0.07230043 0.44197088 0.573226 0.570677 0.569479
v 0.28437904 0.05391845 0.42958218 0.574841 0.572298 0.571101
v 0.25036877 0.05542462 0.52132487 0.587649 0.583792 0.581975
v 0.28043699 0.03493731 0.50623775 0.587723 0.583566 0.581603
v -0.23892918 0.07216173 0.49523616 0.584569 0.581636 0.580255
v -0.29557958 0.03471284 0.46819943 0.598632 0.594964 0.593226
v -0.25707918 0.07064322 0.45028043 0.580716 0.578299 0.577160
v -0.28484431 0.05346143 0.43811071 0.589906 0.587046 0.585696
v -0.25184208 0.05418424 0.53001183 0.594149 0.590649 0.589002
v -0.28097838 0.03321083 0.51486123 0.594955 0.590919 0.589007
v -0.00210998 0.04985704 -0.63339174 0.612041 0.593629 0.584055
v -0.00413185 0.11868188 -0.75346386 0.685575 0.601592 0.555916
v 0.02794067 0.06560814 -0.66384816 0.617920 0.589440 0.574229
v -0.03320548 0.06384882 -0.66206753 0.620973 0.592455 0.577197
v 0.03019866 0.09922310 -0.72452682 0.642387 0.579191 0.544818
v -0.03755537 0.09900361 -0.72169948 0.643688 0.580846 0.546669
v 0.18049607 -0.08674157 -0.41134492 0.657414 0.641977 0.634712
v 0.23948959 -0.02706616 -0.38466233 0.615116 0.605848 0.601482
v 0.21474123 -0.11362273 -0.39420351 0.648683 0.633339 0.626113
v 0.24328142 -0.08170950 -0.37708059 0.628635 0.616099 0.610214
v 0.17786905 -0.03005815 -0.42261109 0.633319 0.622635 0.617609
v 0.20932111 -0.01237930 -0.42296368 0.616149 0.608680 0.605162
v -0.18338540 -0.09344530 -0.42117715 0.648498 0.633797 0.626881
v -0.23079509 -0.03852563 -0.37889740 0.603857 0.596156 0.592522
v -0.21210384 -0.12296867 -0.39805380 0.637337 0.623356 0.616819
v -0.23484933 -0.09241740 -0.37287816 0.595410 0.586420 0.582214
v -0.18046549 -0.03826508 -0.43071750 0.616049 0.606182 0.601543
v -0.21000507 -0.02031718 -0.42357916 0.603697 0.597267 0.594242
v 0.27475685 0.33773237 -0.94417763 0.821497 0.738602 0.693656
v 0.38650948 0.21334198 -0.81266677 0.736265 0.676186 0.643761
v 0.32224029 0.34586054 -0.83972460 0.738189 0.699189 0.678892
v 0.38377571 0.29788059 -0.80082232 0.703434 0.666370 0.647091
v 0.29426414 0.23595797 -0.97486949 0.883224 0.762206 0.696392
v 0.29773065 0.18016368 -0.88529253 0.846520 0.752372 0.701179
v -0.29527092 0.25177735 -0.89777732 0.790623 0.719043 0.680365
v -0.39546686 0.19030392 -0.73878253 0.680876 0.644955 0.625967
v -0.36967877 0.32181424 -0.80629915 0.692140 0.665871 0.652676
v -0.39278501 0.26646614 -0.72568452 0.665946 0.644639 0.634057
v -0.29639673 0.17095241 -0.95839846 0.803377 0.706012 0.653060
v -0.36392927 0.14006804 -0.84471774 0.730777 0.665773 0.630469
v 0.38011378 -0.00971572 -0.03752887 0.550414 0.546857 0.545117
v 0.38596135 -0.02758836 0.04613005 0.549693 0.546583 0.545092
v 0.37564331 0.00259718 -0.02580720 0.547380 0.543798 0.542048
v 0.37865430 -0.00653727 0.01625174 0.548023 0.544272 0.542440
v 0.38778520 -0.03433172 -0.00844254 0.550306 0.547635 0.546372
v 0.39112955 -0.04241527 0.03305090 0.547031 0.544636 0.543506
v -0.37844956 -0.01000355 -0.02441855 0.546099 0.543006 0.541467
v -0.38523221 -0.02579718 0.06005976 0.555962 0.552576 0.550939
v -0.37515914 0.00433832 -0.01195961 0.544072 0.540821 0.539218
v -0.37883294 -0.00433062 0.03132786 0.541136 0.537796 0.536145
v -0.38667220 -0.03446507 0.00395176 0.548440 0.546345 0.545344
v -0.39013338 -0.04117266 0.04676284 0.554098 0.551672 0.550517
v -0.16879544 0.33020490 -0.18775915 0.539251 0.535763 0.534118
v -0.11592386 0.37117374 -0.16808493 0.549710 0.545094 0.542922
v -0.14621384 0.29011679 -0.15697744 0.526842 0.524971 0.524088
v -0.17182931 0.39545214 -0.21153331 0.548642 0.543851 0.541596
v -0.11914285 0.30404687 -0.15345678 0.534369 0.531797 0.530588
v -0.15440589 0.42478210 -0.18136463 0.598911 0.592120 0.588922
v -0.19918969 0.22419405 -0.06721205 0.523454 0.522425 0.521931
v -0.18912719 0.20852047 0.03279945 0.523206 0.522291 0.521859
v -0.17532402 0.23694676 -0.06626351 0.523329 0.522441 0.522022
v -0.21780044 0.20102835 -0.02091625 0.519352 0.518463 0.518028
v -0.16902548 0.22871906 -0.01612234 0.528175 0.527384 0.527013
v -0.21411771 0.19341946 0.02937955 0.516491 0.515906 0.515627
v -0.24553290 0.42441994 -0.31574854 0.546791 0.541886 0.539572
v -0.29159456 0.60603374 -0.40778059 0.562335 0.554332 0.550551
v -0.22697206 0.47336435 -0.30900982 0.555280 0.549194 0.546327
v -0.28890181 0.45377928 -0.35775226 0.542618 0.538528 0.536594
v -0.23817560 0.55686945 -0.35098684 0.560362 0.552875 0.549347
v -0.33333188 0.55477357 -0.41115344 0.548711 0.542943 0.540208
v -0.25708175 0.25669628 -0.24009630 0.542696 0.540714 0.539765
v -0.27743295 0.24559817 -0.24769473 0.570218 0.566365 0.564530
v -0.27334106 0.31777510 -0.28616631 0.563466 0.559983 0.558327
v -0.26868325 0.21867523 -0.19230777 0.546518 0.544611 0.543706
v -0.28148037 0.32385677 -0.28417453 0.608047 0.601250 0.598040
v -0.28104830 0.21027347 -0.19776461 0.553605 0.551113 0.549911
v -0.25888643 0.18615043 -0.08139537 0.525342 0.524419 0.523981
v -0.29919437 0.12927413 0.00761884 0.528855 0.527813 0.527293
v -0.26008317 0.17094845 -0.03014638 0.523803 0.523154 0.522846
v -0.27542710 0.17463249 -0.08853696 0.528812 0.527782 0.527288
v -0.27959034 0.14548194 0.01414827 0.527220 0.526589 0.526293
v -0.29487902 0.14447731 -0.04427014 0.530551 0.529500 0.528983
v 0.16960603 0.33228022 -0.18597074 0.505804 0.505323 0.505095
v 0.12821403 0.37395436 -0.16825897 0.515483 0.514721 0.514357
v 0.15382518 0.29444522 -0.15811965 0.507600 0.507250 0.507084
v 0.16845582 0.39672089 -0.20926777 0.516025 0.514075 0.513147
v 0.12968491 0.30672109 -0.15875548 0.507937 0.507669 0.507541
v 0.15603910 0.42532068 -0.18804926 0.559449 0.555499 0.553630
v 0.20098874 0.23096359 -0.07043895 0.523255 0.522280 0.521813
v 0.19349009 0.21555740 0.02788043 0.529230 0.527892 0.527262
v 0.17955697 0.24083084 -0.07010488 0.520908 0.520136 0.519770
v 0.21741462 0.20886326 -0.02606690 0.524897 0.523351 0.522608
v 0.17350875 0.23366672 -0.02031499 0.528154 0.527302 0.526902
v 0.21510819 0.20052761 0.02278432 0.527149 0.525682 0.524991
v 0.21753170 0.41607141 -0.28413633 0.536116 0.532262 0.530440
v 0.23798947 0.57147473 -0.38363749 0.548823 0.542820 0.539981
v 0.20292817 0.46280569 -0.29097828 0.538824 0.534476 0.532426
v 0.23741877 0.43163475 -0.31544715 0.547531 0.542969 0.540813
v 0.20848303 0.54174185 -0.33811966 0.544300 0.538718 0.536078
v 0.25214589 0.50631225 -0.36723012 0.550022 0.544404 0.541753
v 0.24537906 0.26292387 -0.22608179 0.543927 0.542003 0.541085
v 0.27360621 0.24581760 -0.24875021 0.565063 0.562172 0.560812
v 0.25050268 0.31106594 -0.27036834 0.551748 0.548773 0.547371
v 0.26250049 0.22732869 -0.18871862 0.546949 0.544986 0.544050
v 0.26540291 0.30395776 -0.28274411 0.565787 0.562220 0.560535
v 0.27554515 0.21621278 -0.19937833 0.558135 0.555661 0.554498
v 0.25343311 0.19663721 -0.08317219 0.532284 0.530646 0.529870
v 0.28938392 0.13922429 -0.00335789 0.544202 0.542040 0.541017
v 0.25457126 0.18222946 -0.03608698 0.534171 0.532497 0.531706
v 0.26918843 0.18413460 -0.09095264 0.537213 0.535118 0.534113
v 0.27333322 0.15484774 0.00480241 0.539131 0.537261 0.536380
v 0.28694490 0.15372705 -0.05178559 0.544509 0.542151 0.541028
v -0.27516499 -0.75153440 0.00282868 0.557150 0.556793 0.556620
v -0.16706035 -0.72704899 -0.01191666 0.543963 0.543960 0.543960
v -0.23992035 -0.68177605 0.03225161 0.520920 0.520521 0.520333
v -0.25191674 -0.86144114 -0.00950503 0.746356 0.746359 0.746360
v -0.19069800 -0.68706036 0.03860607 0.519030 0.519001 0.518990
v -0.17678702 -0.81667340 -0.04034931 0.603850 0.603850 0.603850
v -0.30737984 -0.61552036 0.13330641 0.540860 0.537091 0.535129
v -0.26860136 -0.62029773 0.26219434 0.534583 0.527477 0.523738
v -0.27121133 -0.63896704 0.14450717 0.531245 0.529525 0.528609
v -0.31948149 -0.58319914 0.17858355 0.546182 0.541091 0.538567
v -0.25007328 -0.64239943 0.21104990 0.530470 0.526348 0.524126
v -0.30250433 -0.58672935 0.24139288 0.542026 0.536197 0.533328
v -0.43483397 -0.82274759 -0.20391580 0.583587 0.583589 0.583583
v -0.31888530 -0.81208634 -0.36268637 0.626816 0.626150 0.625832
v -0.36584476 -0.90960103 -0.20328674 0.868696 0.868694 0.868693
v -0.44431850 -0.73122543 -0.26948702 0.658431 0.648640 0.643991
v -0.31170306 -0.91418815 -0.33166999 0.850111 0.850132 0.850140
v -0.38387844 -0.72111875 -0.32971120 0.778762 0.762689 0.755137
v -0.43210995 -0.53879255 -0.08502448 0.594202 0.583578 0.578537
v -0.44625315 -0.41305116 -0.12055019 0.597029 0.586409 0.581408
v -0.44618583 -0.54617578 -0.15141903 0.609845 0.597172 0.591199
v -0.43152791 -0.47456306 -0.04549535 0.583528 0.573706 0.569069
v -0.44861564 -0.47402048 -0.16663741 0.611910 0.599560 0.593745
v -0.44231063 -0.41654545 -0.06210561 0.586452 0.576266 0.571465
v -0.38587639 -0.51099730 0.08476028 0.565636 0.558482 0.555098
v -0.39525926 -0.42005274 0.15111238 0.573353 0.564718 0.560629
v -0.37045982 -0.50849682 0.13955130 0.567367 0.560355 0.557041
v -0.40408802 -0.46663302 0.06455921 0.572332 0.564164 0.560306
v -0.37823242 -0.46549809 0.17444745 0.570142 0.562317 0.558625
v -0.40727630 -0.41802901 0.09717406 0.577027 0.568475 0.564434
v 0.27046019 -0.75227255 0.00516179 0.560735 0.559819 0.559398
v 0.15010656 -0.73413974 0.00101101 0.539872 0.539871 0.539869
v 0.22690909 -0.68199778 0.04725458 0.520698 0.520239 0.520018
v 0.26436323 -0.86341900 -0.01531016 0.741697 0.741705 0.741708
v 0.17415738 -0.69272649 0.05453159 0.516496 0.516464 0.516447
v 0.18161789 -0.81282324 -0.05015652 0.602395 0.602396 0.602395
v 0.29776555 -0.62711382 0.17180277 0.544538 0.539299 0.536514
v 0.25443554 -0.64694107 0.33812550 0.547924 0.543550 0.541226
v 0.26089746 -0.65251434 0.18678054 0.535196 0.533216 0.532165
v 0.30929625 -0.60061032 0.22671911 0.549147 0.541380 0.537425
v 0.23747742 -0.66405159 0.26959932 0.542309 0.540327 0.539260
v 0.29116762 -0.61272216 0.30715775 0.548462 0.540718 0.536754
v 0.42008251 -0.80844796 -0.19859785 0.602994 0.602116 0.601670
v 0.32142109 -0.79252928 -0.37025535 0.664508 0.653777 0.648673
v 0.36827347 -0.92850274 -0.21826091 0.874625 0.874659 0.874676
v 0.44788471 -0.72971308 -0.26337752 0.738572 0.722788 0.715317
v 0.32009369 -0.91727680 -0.31806928 0.837008 0.837556 0.837815
v 0.38797191 -0.70751441 -0.32866418 0.865007 0.837764 0.824953
v 0.43541983 -0.53389686 -0.08457863 0.596746 0.585531 0.580205
v 0.44979197 -0.40589517 -0.12823105 0.597779 0.586859 0.581712
v 0.45024300 -0.53867704 -0.15311317 0.622743 0.609240 0.602884
v 0.43253109 -0.47180623 -0.04631713 0.587406 0.577269 0.572488
v 0.44498134 -0.46720678 -0.17136911 0.618343 0.605642 0.599663
v 0.44219983 -0.41198525 -0.06933050 0.589337 0.578651 0.573608
v 0.38106832 -0.51830554 0.10556007 0.566999 0.559034 0.555257
v 0.39159262 -0.42868066 0.17566119 0.581960 0.572551 0.568119
v 0.36510199 -0.51954591 0.17163858 0.569304 0.561441 0.557718
v 0.40130359 -0.47103879 0.07811780 0.573959 0.565260 0.561158
v 0.37333405 -0.47846460 0.20858972 0.573455 0.564779 0.560691
v 0.40394622 -0.42309308 0.11206249 0.580638 0.571566 0.567291
v -0.10272649 -0.72528332 0.81232756 0.650200 0.640425 0.635858
v -0.20625530 -1.00082755 0.67707872 0.854891 0.854369 0.854124
v -0.08783753 -0.73799592 0.74336267 0.593612 0.592576 0.592102
v -0.11491171 -0.77622628 0.86436200 0.706839 0.695790 0.690632
v -0.09701338 -0.85176980 0.68273437 0.693410 0.693129 0.692997
v -0.21460894 -0.85217488 0.73627555 0.859331 0.859421 0.859460
v 0.09083086 -0.65984923 0.80980206 0.622876 0.611073 0.605514
v 0.17257236 -0.83347428 0.78990448 0.538077 0.535662 0.534521
v 0.04764859 -0.66976464 0.76800215 0.585929 0.582404 0.580740
v 0.17818734 -0.69025999 0.83839792 0.623369 0.606586 0.598682
v 0.08667597 -0.73253840 0.74486983 0.552193 0.549310 0.547958
v 0.21916513 -0.80612922 0.85250711 0.581055 0.575589 0.573016
v -0.00683346 -0.35111216 0.90125906 0.654438 0.636145 0.627537
v 0.00432799 -0.20633125 1.00469434 0.992766 0.966495 0.954134
v 0.06153981 -0.30925673 0.90561736 0.665198 0.647476 0.639137
v -0.07179581 -0.31612659 0.90407777 0.664209 0.646646 0.638373
v 0.06912519 -0.23350744 0.93147469 0.693150 0.674382 0.665550
v -0.07404012 -0.24072677 0.92953843 0.702435 0.683440 0.674505
v 0.17614359 -0.46392527 0.85553861 0.671937 0.652620 0.643530
v 0.30282071 -0.38039562 0.81762552 0.712138 0.693660 0.684963
v 0.23980373 -0.51849383 0.84511513 0.726902 0.702237 0.690631
v 0.18813694 -0.38374436 0.86807245 0.676708 0.657602 0.648610
v 0.30888879 -0.47607860 0.83174640 0.741451 0.720680 0.710906
v 0.24936028 -0.33977032 0.84544504 0.690183 0.671184 0.662244
v -0.18280892 -0.48400915 0.85305816 0.514321 0.509046 0.506583
v -0.30524051 -0.40190870 0.81825846 0.510887 0.510751 0.510690
v -0.24250850 -0.54457462 0.84129846 0.618375 0.602003 0.594325
v -0.19134197 -0.40018329 0.86310607 0.457485 0.457204 0.457073
v -0.30880973 -0.49727446 0.82425153 0.632692 0.621148 0.615650
v -0.24901481 -0.36065722 0.84317362 0.475352 0.475337 0.475331
v -0.05480865 0.14291716 0.38637221 0.530697 0.530443 0.530321
v -0.09627391 0.15703386 0.30795723 0.525283 0.524803 0.524578
v -0.03753989 0.15086412 0.34731582 0.522674 0.522443 0.522328
v -0.09119250 0.13939363 0.38715446 0.535577 0.535186 0.535000
v -0.05813881 0.16167724 0.30772743 0.520215 0.519937 0.519806
v -0.11217405 0.14375937 0.34779975 0.532246 0.531736 0.531495
v 0.05487888 0.14496815 0.38371772 0.527325 0.527119 0.527019
v 0.09830967 0.15828323 0.30459693 0.525274 0.524896 0.524719
v 0.03847075 0.15343416 0.34492847 0.521262 0.521106 0.521032
v 0.09141488 0.14269152 0.38313323 0.528970 0.528596 0.528421
v 0.05960074 0.16332406 0.30467588 0.519900 0.519615 0.519481
v 0.11338874 0.14708620 0.34364387 0.526796 0.526265 0.526014
v -0.00190149 0.14237534 0.59672654 0.575706 0.574214 0.573515
v -0.00111211 0.11004300 0.68288749 0.623073 0.620831 0.619776
v 0.04047254 0.13225459 0.61316788 0.590683 0.588964 0.588157
v -0.04219002 0.13071205 0.61356390 0.587189 0.585828 0.585190
v 0.04517413 0.12007244 0.65774548 0.611342 0.609281 0.608312
v -0.04668326 0.11855164 0.65865839 0.612493 0.610675 0.609822
v 0.09482397 0.13074562 0.50101006 0.557325 0.556796 0.556546
v 0.17005402 0.10847506 0.50208378 0.575366 0.573731 0.572962
v 0.11933699 0.12821028 0.46205735 0.556459 0.555870 0.555585
v 0.10741206 0.12672070 0.54496109 0.578946 0.578265 0.577940
v 0.15605688 0.11806431 0.46148473 0.567682 0.566331 0.565675
v 0.14613526 0.11347851 0.54553819 0.584158 0.582703 0.582019
v -0.09556121 0.12852702 0.50342405 0.564036 0.563551 0.563319
v -0.17200994 0.10712874 0.50914371 0.581820 0.579977 0.579108
v -0.12011002 0.12566161 0.46663299 0.563032 0.562487 0.562224
v -0.10782745 0.12447709 0.54681575 0.588748 0.588014 0.587665
v -0.15706056 0.11585921 0.46778059 0.570142 0.568960 0.568389
v -0.14758447 0.11210603 0.55088544 0.593733 0.591956 0.591118
v -0.04455592 -0.36585850 -0.43448237 0.583483 0.574106 0.569693
v -0.09341536 -0.42953521 -0.39996946 0.596344 0.584295 0.578623
v -0.03105216 -0.40527633 -0.41676763 0.576526 0.567196 0.562799
v -0.07936542 -0.35401687 -0.43493843 0.599914 0.589063 0.583956
v -0.05400671 -0.43864214 -0.39887789 0.580286 0.569956 0.565096
v -0.10566448 -0.38250297 -0.41704431 0.602886 0.590967 0.585358
v 0.05510607 -0.36546692 -0.43491709 0.583537 0.574465 0.570192
v 0.09826932 -0.42883113 -0.40023181 0.594589 0.582904 0.577404
v 0.04043913 -0.40449655 -0.41767433 0.579813 0.570641 0.566321
v 0.09012853 -0.35517153 -0.43633282 0.602989 0.592528 0.587605
v 0.06051954 -0.43829194 -0.39997244 0.583897 0.573625 0.568789
v 0.11214958 -0.38120818 -0.41597322 0.600558 0.589277 0.583969
v 0.00208485 -0.12642175 -0.48977903 0.669047 0.652822 0.645187
v 0.00061412 -0.01485325 -0.52407539 0.642423 0.629368 0.623222
v 0.02495923 -0.09775139 -0.49197111 0.670883 0.653480 0.645290
v -0.02219586 -0.09820054 -0.49458474 0.668628 0.651414 0.643314
v 0.02395175 -0.04092808 -0.50861681 0.671651 0.655439 0.647810
v -0.02258209 -0.04110669 -0.50999171 0.670113 0.654097 0.646561
v 0.07544979 -0.21734077 -0.46424526 0.647709 0.632056 0.624690
v 0.12612551 -0.15551315 -0.44188437 0.663139 0.645639 0.637402
v 0.10313448 -0.25221118 -0.45897034 0.654651 0.638453 0.630830
v 0.07383671 -0.15673637 -0.46708962 0.659434 0.642468 0.634482
v 0.12917586 -0.22103077 -0.44156164 0.654017 0.636963 0.628930
v 0.09781964 -0.12541743 -0.45744431 0.663430 0.645634 0.637259
v -0.06827229 -0.21704839 -0.46911806 0.644685 0.629395 0.622199
v -0.12726793 -0.15808916 -0.45268694 0.655050 0.637711 0.629551
v -0.09444262 -0.25143966 -0.46209982 0.645857 0.630241 0.622892
v -0.07092613 -0.15735111 -0.47376400 0.655408 0.638896 0.631125
v -0.12648652 -0.22041327 -0.45167166 0.651135 0.633990 0.625919
v -0.09839696 -0.12803426 -0.46742722 0.661209 0.643920 0.635789
v -0.09662727 0.67897999 -0.77948338 0.495047 0.488587 0.485119
v -0.18677026 0.77407354 -0.69230753 0.613689 0.585040 0.569573
v -0.07008469 0.74518889 -0.75077796 0.686275 0.663618 0.652707
v -0.16043133 0.66267562 -0.78140593 0.691593 0.669647 0.658979
v -0.11518866 0.79017788 -0.69957787 0.650850 0.622326 0.607106
v -0.21358761 0.71625072 -0.75284737 0.808310 0.787143 0.776917
v 0.11259466 0.67577600 -0.77627581 0.523165 0.515872 0.511817
v 0.19006661 0.76677841 -0.69382924 0.634348 0.607822 0.593580
v 0.08495252 0.73686194 -0.74792743 0.706313 0.682759 0.671465
v 0.17897782 0.66271019 -0.77083409 0.633407 0.613805 0.603948
v 0.12772697 0.78104955 -0.70375854 0.649316 0.621656 0.606911
v 0.23196521 0.72605002 -0.73839176 0.834960 0.812634 0.801728
v -0.00336724 0.36676377 -0.83399630 0.703338 0.599667 0.543279
v -0.00545432 0.22872175 -0.81656837 0.768698 0.641093 0.571697
v 0.04067027 0.33208239 -0.83003002 0.708160 0.596130 0.535239
v -0.04968986 0.33217520 -0.83319968 0.712880 0.600399 0.539225
v 0.03816402 0.26261467 -0.82171112 0.732534 0.606437 0.537882
v -0.04920195 0.26323014 -0.82351756 0.746643 0.619155 0.549866
v 0.13893066 0.47597197 -0.83686608 0.677602 0.647624 0.632584
v 0.21988994 0.41025135 -0.86510623 0.764944 0.708942 0.679283
v 0.19222464 0.51908070 -0.82569855 0.702671 0.678059 0.666137
v 0.13323012 0.40457693 -0.84067196 0.702824 0.612039 0.562771
v 0.23311418 0.48707002 -0.84042972 0.757897 0.734116 0.723029
v 0.17337830 0.37012166 -0.85193628 0.703354 0.609985 0.559203
v -0.13664795 0.47376806 -0.84068543 0.692165 0.663018 0.648546
v -0.23495486 0.40135288 -0.87935770 0.764930 0.714069 0.687272
v -0.18036780 0.51569068 -0.83452171 0.721857 0.695627 0.683187
v -0.13987027 0.40189609 -0.84837919 0.708118 0.617937 0.569118
v -0.23057799 0.48337439 -0.85139567 0.770826 0.746521 0.735152
v -0.18780805 0.36388984 -0.86511475 0.757008 0.658439 0.604856
v 0.35119581 0.10911961 -0.30335003 0.568020 0.562573 0.559928
v 0.33794028 0.14596088 -0.29908234 0.573116 0.568263 0.565964
v 0.34614810 0.13732982 -0.35014179 0.577523 0.571759 0.568985
v 0.35136634 0.09925581 -0.26131240 0.564274 0.558990 0.556434
v 0.33923787 0.16060621 -0.34864104 0.580394 0.574852 0.572220
v 0.34683490 0.11432703 -0.25773895 0.567263 0.562601 0.560373
v 0.34032589 0.00092098 -0.21434399 0.565199 0.561067 0.559119
v 0.36072564 -0.08226785 -0.18472186 0.548903 0.545281 0.543571
v 0.33506432 -0.02326566 -0.23304448 0.566829 0.562685 0.560738
v 0.35330451 -0.01662180 -0.18247919 0.566401 0.562119 0.560100
v 0.34601745 -0.06473990 -0.21790844 0.548471 0.545567 0.544193
v 0.36439002 -0.05643472 -0.16638158 0.567807 0.562993 0.560724
v 0.31858966 0.04276749 -0.33915335 0.602292 0.596875 0.594276
v 0.28673130 0.01383692 -0.36609614 0.617377 0.610890 0.607807
v 0.31500319 0.01275361 -0.30960751 0.602592 0.597484 0.595059
v 0.31214836 0.05697782 -0.39146817 0.608162 0.602114 0.599213
v 0.30107155 -0.00614631 -0.32678336 0.603619 0.598365 0.595876
v 0.29288921 0.04367973 -0.40649903 0.612051 0.605331 0.602096
v 0.34484246 0.11056700 -0.43153638 0.590169 0.581658 0.577412
v 0.37076786 0.14425159 -0.59025186 0.634619 0.619552 0.611920
v 0.35069549 0.13897178 -0.45039153 0.595250 0.587640 0.583923
v 0.33800834 0.09897043 -0.47190517 0.601301 0.589728 0.583892
v 0.35988688 0.16484469 -0.52283698 0.611528 0.602127 0.597555
v 0.34693968 0.10613235 -0.55509973 0.617977 0.602855 0.595159
v 0.35763901 0.03714958 -0.19311820 0.556084 0.552063 0.550113
v 0.36982346 0.01240804 -0.11815417 0.553420 0.549112 0.547025
v 0.35881782 0.04909529 -0.18803938 0.554968 0.549944 0.547483
v 0.36181974 0.01186994 -0.16382644 0.552582 0.549570 0.548133
v 0.36433423 0.03708745 -0.14835986 0.552284 0.547232 0.544760
v 0.37048960 -0.00096299 -0.12717012 0.553835 0.550457 0.548852
v 0.36783385 -0.01250103 0.25222164 0.548213 0.545543 0.544237
v 0.35418665 0.01768810 0.19994763 0.560036 0.558372 0.557589
v 0.35917675 -0.00094736 0.26876494 0.553334 0.551269 0.550295
v 0.36937231 -0.00826824 0.21162160 0.550129 0.547398 0.546057
v 0.35181251 0.01469749 0.24309248 0.554295 0.552750 0.552021
v 0.36195636 0.00691664 0.18435854 0.556020 0.553808 0.552741
v 0.40436700 -0.11083231 0.30641946 0.518330 0.517139 0.516578
v 0.40912527 -0.17315587 0.29335493 0.508442 0.507101 0.506473
v 0.40559930 -0.13869327 0.34401590 0.509646 0.508814 0.508421
v 0.40687782 -0.10868256 0.26522428 0.516536 0.515228 0.514613
v 0.40633649 -0.17427668 0.34004265 0.506846 0.505723 0.505197
v 0.41019708 -0.13678858 0.25632134 0.508769 0.507547 0.506972
v 0.38805574 -0.09948368 0.41682285 0.530121 0.528525 0.527771
v 0.38541666 -0.14462055 0.50982916 0.505874 0.504644 0.504071
v 0.39645600 -0.12876360 0.42467630 0.512181 0.511351 0.510962
v 0.37791672 -0.08900838 0.44956711 0.546444 0.543042 0.541456
v 0.39454442 -0.15625601 0.47059527 0.501541 0.500683 0.500281
v 0.37619412 -0.10716817 0.49681014 0.533439 0.530307 0.528843
v 0.36201227 -0.02960045 0.37404034 0.551912 0.548146 0.546344
v 0.33526912 -0.00031246 0.41967750 0.575700 0.571849 0.570032
v 0.35507160 -0.00969049 0.35417873 0.558242 0.554977 0.553439
v 0.35888764 -0.03741086 0.41727814 0.557565 0.553201 0.551128
v 0.34098962 0.00384946 0.37429088 0.571087 0.567978 0.566515
v 0.34518078 -0.02189578 0.44257557 0.570214 0.565518 0.563304
v 0.39035273 -0.04868017 0.21272779 0.536233 0.534244 0.533261
v 0.38905269 -0.03957810 0.13053390 0.538663 0.535950 0.534625
v 0.38342190 -0.03136141 0.18417600 0.539353 0.536877 0.535668
v 0.39646512 -0.06400481 0.20176083 0.538278 0.536583 0.535789
v 0.38341165 -0.02655319 0.14348182 0.538381 0.535032 0.533366
v 0.39563215 -0.05969432 0.16030589 0.537263 0.535461 0.534615
v -0.34668189 0.10685495 -0.29220206 0.557950 0.553753 0.551715
v -0.34216893 0.14970021 -0.29021758 0.565793 0.561876 0.560022
v -0.34537336 0.13566136 -0.33786845 0.566682 0.562195 0.560036
v -0.34894735 0.09845005 -0.24925603 0.552850 0.549146 0.547354
v -0.34293368 0.16193742 -0.33894569 0.574402 0.569877 0.567728
v -0.34784818 0.11674657 -0.24609593 0.556453 0.553236 0.551700
v -0.34385961 -0.01508084 -0.21518829 0.539673 0.538439 0.537853
v -0.36979878 -0.09099010 -0.18479103 0.526266 0.525149 0.524622
v -0.33930966 -0.03402692 -0.23147708 0.539542 0.538429 0.537904
v -0.35463971 -0.02711000 -0.17854944 0.531074 0.530279 0.529901
v -0.35014439 -0.07532462 -0.21780750 0.532858 0.531769 0.531253
v -0.36948270 -0.06430499 -0.16247602 0.526188 0.525160 0.524677
v -0.31604111 0.02835802 -0.33265960 0.574743 0.570724 0.568772
v -0.28423828 -0.00207224 -0.36224535 0.589974 0.585636 0.583589
v -0.31201765 -0.00097577 -0.30466419 0.566106 0.563523 0.562295
v -0.31080401 0.04064887 -0.38355651 0.590073 0.584706 0.582110
v -0.29789230 -0.02108477 -0.32135126 0.565598 0.562971 0.561725
v -0.29449850 0.02737999 -0.40040597 0.590939 0.585384 0.582704
v -0.33875799 0.10372157 -0.41313976 0.560422 0.553316 0.549771
v -0.35686138 0.14350545 -0.54932588 0.599381 0.587570 0.581680
v -0.34550452 0.13393211 -0.42956507 0.573232 0.566393 0.563054
v -0.33316052 0.09196921 -0.44984913 0.574857 0.565375 0.560577
v -0.35324305 0.15988217 -0.49342456 0.589402 0.581220 0.577266
v -0.33986771 0.10576392 -0.52137685 0.598454 0.585531 0.578965
v -0.35177881 0.03267498 -0.18269303 0.543295 0.540339 0.538877
v -0.36612785 0.01029254 -0.10590635 0.538451 0.535837 0.534538
v -0.35458499 0.04675124 -0.17640783 0.538407 0.534857 0.533095
v -0.35469091 0.00782274 -0.15227368 0.537849 0.536151 0.535320
v -0.36013526 0.03598601 -0.13655877 0.537967 0.534314 0.532490
v -0.36574626 -0.00464810 -0.11599851 0.535059 0.533520 0.532770
v -0.36971509 -0.01123305 0.26493239 0.566443 0.563233 0.561699
v -0.35899067 0.01958779 0.21421956 0.575133 0.572759 0.571644
v -0.36185524 -0.00020510 0.28142872 0.574184 0.571338 0.569998
v -0.37083477 -0.00665647 0.22474064 0.565006 0.561888 0.560387
v -0.35632166 0.01560318 0.25700417 0.577295 0.574615 0.573352
v -0.36513680 0.00919679 0.19867942 0.571938 0.569527 0.568381
v -0.40356177 -0.10948493 0.31010741 0.557021 0.551803 0.549346
v -0.41002277 -0.16922472 0.28889298 0.568317 0.561356 0.558080
v -0.40448141 -0.13854584 0.34182888 0.559739 0.554051 0.551374
v -0.40630051 -0.10644344 0.27094153 0.556411 0.551429 0.549085
v -0.40669689 -0.17225578 0.33253968 0.558024 0.552063 0.549253
v -0.41008678 -0.13318273 0.25960153 0.562631 0.556743 0.553972
v -0.38873872 -0.10100812 0.41937277 0.579654 0.573328 0.570350
v -0.38638484 -0.14999352 0.50557804 0.578391 0.570353 0.566554
v -0.39507276 -0.13244538 0.42167890 0.576720 0.569898 0.566681
v -0.37984353 -0.09104077 0.45361581 0.576682 0.570278 0.567264
v -0.39312893 -0.16221076 0.46269053 0.553411 0.547746 0.545069
v -0.37923071 -0.11013825 0.49899483 0.587322 0.579137 0.575283
v -0.36354658 -0.02984779 0.38362178 0.569738 0.565093 0.562882
v -0.33620062 -0.00098564 0.42915598 0.591707 0.587749 0.585884
v -0.35507968 -0.01018816 0.36386555 0.572488 0.568944 0.567279
v -0.36027652 -0.03860696 0.42589104 0.572403 0.566970 0.564398
v -0.34259781 0.00365171 0.38460350 0.590696 0.587464 0.585941
v -0.34596446 -0.02358890 0.45133841 0.580070 0.574929 0.572510
v -0.38934094 -0.04704305 0.22419837 0.557848 0.553666 0.551626
v -0.38856477 -0.03822410 0.14337793 0.549921 0.546210 0.544391
v -0.38350707 -0.02992431 0.19721577 0.547223 0.543359 0.541479
v -0.39552301 -0.06207236 0.21271794 0.560630 0.557121 0.555469
v -0.38296008 -0.02466796 0.15674785 0.544420 0.540119 0.537984
v -0.39482325 -0.05848718 0.17211626 0.557810 0.554464 0.552892
v -0.05031387 0.26651293 -0.07113102 0.510072 0.509538 0.509283
v -0.09944071 0.24939936 0.03820193 0.536307 0.535970 0.535809
v -0.08633067 0.26195830 -0.06941067 0.511718 0.511142 0.510866
v -0.10853621 0.24981070 -0.01563257 0.524386 0.523999 0.523814
v -0.03421560 0.25694716 -0.01906830 0.509169 0.508744 0.508541
v -0.05745115 0.24780208 0.03510100 0.510285 0.509978 0.509829
v -0.07738596 0.59998965 -0.24378219 0.549052 0.544311 0.542081
v -0.14261851 0.70562148 -0.36144319 0.569919 0.562631 0.559151
v -0.12482274 0.57508993 -0.25377819 0.535872 0.531850 0.529951
v -0.15622622 0.62569112 -0.31709173 0.561699 0.554953 0.551775
v -0.05454322 0.67940533 -0.28819886 0.572490 0.566578 0.563766
v -0.08678164 0.72992206 -0.34912276 0.564107 0.556531 0.552792
v 0.06103467 0.26627302 -0.07340783 0.506973 0.506603 0.506424
v 0.10471007 0.24796158 0.03386033 0.531159 0.530654 0.530413
v 0.09601603 0.26244259 -0.07187207 0.508526 0.508166 0.507994
v 0.11629885 0.25154638 -0.01881331 0.522836 0.522383 0.522165
v 0.04330070 0.25681961 -0.02057791 0.508777 0.508271 0.508031
v 0.06421179 0.24791622 0.03246161 0.510419 0.510067 0.509900
v 0.08591055 0.60966206 -0.24696840 0.539604 0.535888 0.534145
v 0.15517902 0.73626274 -0.37365165 0.588128 0.578632 0.573929
v 0.13305154 0.58754575 -0.25625888 0.564819 0.558842 0.556023
v 0.15677005 0.63719296 -0.32512936 0.562582 0.555907 0.552758
v 0.06218560 0.68697280 -0.29384780 0.558044 0.552642 0.550053
v 0.10540398 0.75836235 -0.34658793 0.585308 0.576666 0.572277
v -0.24760514 0.14205074 0.16985103 0.538846 0.537338 0.536622
v -0.29750326 0.10603297 0.15821163 0.547506 0.545746 0.544882
v -0.25309777 0.14742750 0.11999670 0.530013 0.528793 0.528193
v -0.27756226 0.12936288 0.11499189 0.534806 0.533491 0.532837
v -0.26478469 0.12095916 0.21144328 0.546778 0.545133 0.544344
v -0.29241905 0.10243708 0.20646921 0.549595 0.547638 0.546674
v -0.04047621 0.20763624 0.17984208 0.530633 0.529747 0.529331
v 0.04437472 0.20873827 0.17772150 0.530397 0.529446 0.528998
v -0.01892507 0.19237322 0.22288370 0.524467 0.523623 0.523222
v 0.02258196 0.19332349 0.22190019 0.523185 0.522361 0.521971
v -0.01937649 0.22326499 0.13248566 0.517916 0.517256 0.516941
v 0.02341626 0.22359681 0.13143232 0.517096 0.516421 0.516100
v -0.20315999 0.13039291 0.30291989 0.541551 0.540082 0.539357
v -0.23222823 0.09976211 0.37990937 0.556324 0.554499 0.553615
v -0.18370368 0.12697861 0.34489018 0.545353 0.544300 0.543788
v -0.19843413 0.11331087 0.38400257 0.553894 0.552847 0.552343
v -0.23685521 0.11562675 0.30020350 0.548880 0.547491 0.546827
v -0.25125667 0.09971642 0.33827311 0.557608 0.555971 0.555194
v -0.45662355 0.65374362 -0.49753591 0.916580 0.887725 0.874070
v -0.31768098 0.45795861 -0.39953211 0.587160 0.581849 0.579350
v -0.55442405 0.66908538 -0.42651713 0.934767 0.908541 0.896160
v -0.30758268 0.57727081 -0.37311733 0.622192 0.607023 0.599878
v -0.38785493 0.55790681 -0.51304656 0.699812 0.688432 0.683067
v -0.34577960 0.47357690 -0.45793381 0.632894 0.623540 0.619135
v -0.08179978 0.86872190 -0.52620226 0.706850 0.703575 0.701801
v 0.08849815 0.87555575 -0.52075136 0.670597 0.666535 0.664301
v -0.04056613 0.85275084 -0.59185070 0.521512 0.520239 0.519579
v 0.04596981 0.85025245 -0.58936042 0.511815 0.510930 0.510473
v -0.03391988 0.83159614 -0.46711504 0.547592 0.546846 0.546439
v 0.04916414 0.84368289 -0.46551159 0.551210 0.549874 0.549136
v -0.31265205 0.61086059 -0.65670007 0.644441 0.629226 0.622103
v -0.32538992 0.47148606 -0.71837187 0.646811 0.631230 0.623896
v -0.29131094 0.60675257 -0.71658385 0.635489 0.619358 0.611769
v -0.29875088 0.53529745 -0.75297552 0.659169 0.642404 0.634516
v -0.33769768 0.54512423 -0.62728304 0.618698 0.606713 0.601073
v -0.33713543 0.47734565 -0.64956647 0.632536 0.617659 0.610656
v -0.32804459 0.12507030 -0.11703038 0.554435 0.552942 0.552236
v -0.34268373 0.08870333 -0.01723147 0.551432 0.549855 0.549103
v -0.31727165 0.13750315 -0.10978357 0.549216 0.547770 0.547080
v -0.32449177 0.11771280 -0.05900354 0.544738 0.543253 0.542535
v -0.34279728 0.09730554 -0.07710309 0.559282 0.557918 0.557273
v -0.34893608 0.08102790 -0.02825772 0.560958 0.559414 0.558689
v -0.33432233 0.28755754 -0.43491614 0.613325 0.605034 0.601132
v -0.35657349 0.29599890 -0.56251520 0.621585 0.610411 0.605154
v -0.34227183 0.24496949 -0.44143051 0.606502 0.599230 0.595795
v -0.35225362 0.24750760 -0.50226712 0.612927 0.604323 0.600272
v -0.33836943 0.34783131 -0.48677948 0.624840 0.614048 0.608968
v -0.34808844 0.35314751 -0.55141056 0.627975 0.616038 0.610418
v -0.34780002 0.10007221 -0.14596026 0.559728 0.557481 0.556415
v -0.36269855 0.04954489 -0.07500931 0.554333 0.551970 0.550833
v -0.35368615 0.08827762 -0.15385643 0.559608 0.557270 0.556160
v -0.35885340 0.06249459 -0.11923718 0.553183 0.550740 0.549562
v -0.35237330 0.08327751 -0.09890103 0.561351 0.559260 0.558268
v -0.36008239 0.06038131 -0.06423049 0.558711 0.556459 0.555374
v -0.33121553 0.05511978 0.26373395 0.565329 0.562983 0.561867
v -0.31288680 0.05418643 0.35136729 0.582266 0.579707 0.578485
v -0.33590907 0.04074088 0.29104400 0.571424 0.568957 0.567794
v -0.32911015 0.03914210 0.33493716 0.582949 0.580255 0.578978
v -0.31704685 0.06858656 0.27874288 0.566757 0.564416 0.563299
v -0.30546370 0.06908333 0.32196140 0.573114 0.570867 0.569799
v -0.36155337 0.03684142 0.08360852 0.562380 0.560019 0.558901
v -0.36987829 0.01837553 0.05649324 0.553388 0.550850 0.549618
v -0.36604136 0.02053274 0.11335775 0.561858 0.558998 0.557628
v -0.37101740 0.01051852 0.09932256 0.556148 0.552996 0.551474
v -0.36069769 0.04528758 0.03834785 0.566409 0.564418 0.563476
v -0.36467898 0.03738889 0.02512368 0.564182 0.562089 0.561085
v 0.24276680 0.14769328 0.15797561 0.536847 0.535277 0.534536
v 0.28811336 0.11189157 0.14424846 0.544060 0.542129 0.541202
v 0.24931064 0.15414435 0.11001125 0.534710 0.532949 0.532111
v 0.26967311 0.13693553 0.10271576 0.539823 0.537860 0.536913
v 0.25782928 0.12518901 0.19861051 0.539999 0.538408 0.537648
v 0.28269431 0.10742050 0.19183087 0.541876 0.540030 0.539124
v 0.20221002 0.13351470 0.29506281 0.537166 0.535874 0.535248
v 0.23250295 0.10288408 0.37312567 0.550428 0.548201 0.547115
v 0.18366157 0.13053972 0.33844936 0.541059 0.540043 0.539556
v 0.19929706 0.11657056 0.37812659 0.551329 0.549997 0.549362
v 0.23371765 0.11845630 0.29033291 0.542871 0.541495 0.540842
v 0.24874514 0.10217562 0.32880172 0.549568 0.547931 0.547155
v 0.52419585 0.67977613 -0.44369137 1.000000 1.000000 1.000000
v 0.30983323 0.41321826 -0.37392837 0.643279 0.633505 0.628904
v 0.32381552 0.51075703 -0.40923384 0.698026 0.686270 0.680745
v 0.30005071 0.42639729 -0.37592733 0.616157 0.608903 0.605483
v 0.38680553 0.65041363 -0.44145671 0.967747 0.937646 0.923403
v 0.31597188 0.51497489 -0.40305141 0.717706 0.701983 0.694584
v 0.29777747 0.65037489 -0.60621470 0.666986 0.649661 0.641428
v 0.31703681 0.49168473 -0.71880549 0.649846 0.633673 0.626063
v 0.28296649 0.62301236 -0.68742055 0.623700 0.607930 0.600508
v 0.29073903 0.54576319 -0.73646456 0.635849 0.619834 0.612298
v 0.33892018 0.59595829 -0.57731205 0.612114 0.605306 0.602100
v 0.33815736 0.51366019 -0.63411909 0.649159 0.632544 0.624727
v 0.32103664 0.12649885 -0.12995383 0.574916 0.571880 0.570449
v 0.32807541 0.09354925 -0.03421968 0.565094 0.562447 0.561197
v 0.31026965 0.14121431 -0.11945508 0.566739 0.563741 0.562326
v 0.31362104 0.12433478 -0.07145640 0.561662 0.558901 0.557601
v 0.33492655 0.09508544 -0.09369202 0.578179 0.575463 0.574183
v 0.33732224 0.08122483 -0.04651311 0.572851 0.570186 0.568930
v 0.32551566 0.29480153 -0.43286139 0.612516 0.603379 0.599079
v 0.35583538 0.31498989 -0.58389133 0.637314 0.624543 0.618532
v 0.33451578 0.25075084 -0.44778198 0.609708 0.601613 0.597791
v 0.34993240 0.25876510 -0.51860648 0.620556 0.610887 0.606330
v 0.32987872 0.36763656 -0.47600779 0.629340 0.617089 0.611324
v 0.34528932 0.37799749 -0.55365789 0.650965 0.636736 0.630039
v 0.34545547 0.09338541 -0.16037653 0.576221 0.572915 0.571347
v 0.36129987 0.04597346 -0.09049474 0.572166 0.568317 0.566470
v 0.35104185 0.08403771 -0.16914168 0.575675 0.571920 0.570131
v 0.35875326 0.05874924 -0.13341855 0.573384 0.569371 0.567454
v 0.34863621 0.07813489 -0.11518648 0.571959 0.568986 0.567575
v 0.35630786 0.05533238 -0.08056001 0.569599 0.566390 0.564855
v 0.32343405 0.05626348 0.24870637 0.550233 0.548384 0.547503
v 0.30974397 0.05421120 0.34014657 0.567590 0.565390 0.564335
v 0.33093721 0.04065457 0.27770078 0.557550 0.555595 0.554669
v 0.32457840 0.03884700 0.32264209 0.565686 0.563366 0.562263
v 0.31026149 0.07090533 0.26461270 0.552199 0.550300 0.549395
v 0.30177203 0.07077941 0.31040514 0.559303 0.557380 0.556469
v 0.35463142 0.03459311 0.06663121 0.556323 0.554170 0.553145
v 0.36714333 0.01546130 0.04054946 0.559621 0.556361 0.554777
v 0.36175936 0.01820081 0.09738415 0.554756 0.552228 0.551005
v 0.36822408 0.00816426 0.08393691 0.556087 0.553171 0.551766
v 0.35487020 0.04236591 0.02160481 0.564297 0.561671 0.560421
v 0.36014366 0.03359920 0.00882215 0.567835 0.564703 0.563198
v -0.09094336 -0.70063806 0.19085561 0.500287 0.500287 0.500287
v -0.15157613 -0.70699853 0.32089004 0.524786 0.524778 0.524774
v -0.14329976 -0.69704401 0.18060392 0.503329 0.503329 0.503329
v -0.17586182 -0.70754623 0.24266069 0.576135 0.576061 0.576020
v -0.06549162 -0.70408535 0.26340687 0.500614 0.500614 0.500614
v -0.09337611 -0.70477849 0.32667613 0.500673 0.500671 0.500671
v -0.09443741 -0.68709135 -0.16781539 0.528545 0.528429 0.528371
v -0.12440190 -0.71798038 -0.28067482 0.567493 0.563737 0.561983
v -0.11932535 -0.77831280 -0.18151546 0.590092 0.590047 0.590023
v -0.14634076 -0.80364567 -0.25579008 0.624554 0.624554 0.624557
v -0.06981402 -0.65361100 -0.21255122 0.517895 0.517736 0.517661
v -0.08265762 -0.66148758 -0.26170754 0.561647 0.559866 0.559026
v 0.07062545 -0.70208371 0.20902598 0.500745 0.500745 0.500745
v 0.12386939 -0.70581818 0.36512733 0.507377 0.507331 0.507309
v 0.12358145 -0.69978094 0.20953439 0.511063 0.511063 0.511063
v 0.14974654 -0.70078206 0.28624320 0.530828 0.530828 0.530829
v 0.04418093 -0.70523155 0.27873111 0.500501 0.500501 0.500501
v 0.07214743 -0.70951921 0.35594115 0.502958 0.502957 0.502957
v 0.08376533 -0.68951130 -0.17837317 0.525466 0.525434 0.525420
v 0.13296074 -0.71077538 -0.28182280 0.577382 0.573434 0.571566
v 0.11718270 -0.78271377 -0.19323176 0.584626 0.584617 0.584613
v 0.13037321 -0.81572086 -0.27217919 0.606373 0.606397 0.606410
v 0.05953173 -0.65985507 -0.22051327 0.513141 0.513073 0.513041
v 0.08283329 -0.66355050 -0.26334393 0.561553 0.560128 0.559455
v -0.33595738 -0.54551810 0.38757282 0.576629 0.568974 0.565329
v -0.37304235 -0.43773744 0.32251632 0.590413 0.581334 0.577024
v -0.33834687 -0.52630740 0.32154831 0.576948 0.569893 0.566550
v -0.36003971 -0.47784680 0.29229534 0.581685 0.573913 0.570246
v -0.35759270 -0.51011932 0.41986299 0.589472 0.579788 0.575212
v -0.37198454 -0.44984883 0.38381705 0.591438 0.581674 0.577062
v -0.06885043 -0.72791946 0.51982868 0.604321 0.604287 0.604272
v 0.05677099 -0.72626823 0.56175637 0.523241 0.523114 0.523054
v -0.04028480 -0.72866255 0.58530861 0.530809 0.530706 0.530658
v 0.02675345 -0.69893891 0.61313820 0.511610 0.511465 0.511397
v -0.03586496 -0.71418959 0.46745378 0.512564 0.512554 0.512549
v 0.02287967 -0.71982026 0.48325944 0.504057 0.504012 0.503989
v -0.38748607 -0.66791326 0.60801870 0.756966 0.733837 0.722939
v -0.39489156 -0.48721030 0.65774775 0.687088 0.665353 0.655128
v -0.41440377 -0.70015466 0.69787884 0.785039 0.759423 0.747360
v -0.38993663 -0.57601935 0.71814358 0.765113 0.739193 0.727000
v -0.38213152 -0.56222850 0.56136274 0.682017 0.663878 0.655343
v -0.39500082 -0.48934722 0.58581859 0.664291 0.645624 0.636839
v -0.34087038 -0.46971801 -0.34693861 0.768388 0.741917 0.729460
v -0.40176407 -0.36835039 -0.27300882 0.664870 0.651316 0.644938
v -0.39829707 -0.50193805 -0.33285010 0.796456 0.772669 0.761475
v -0.41434985 -0.44328055 -0.27492765 0.677973 0.662723 0.655546
v -0.34083906 -0.39029071 -0.34007183 0.704075 0.682374 0.672162
v -0.38448340 -0.34166244 -0.31440762 0.743884 0.725738 0.717199
v -0.04316245 -0.56109744 -0.34213373 0.565951 0.557594 0.553444
v 0.04661258 -0.55931544 -0.34187484 0.563364 0.555201 0.551154
v -0.01965019 -0.52081972 -0.36153618 0.576695 0.567074 0.562474
v 0.02241180 -0.52084160 -0.36237913 0.576430 0.566931 0.562398
v -0.02283570 -0.59517521 -0.31724435 0.591319 0.588531 0.587164
v 0.02484982 -0.59478366 -0.31770667 0.585581 0.582773 0.581393
v -0.21727327 -0.36628908 -0.39030081 0.649624 0.632172 0.623962
v -0.22917821 -0.24427322 -0.40975979 0.676664 0.659419 0.651303
v -0.18385619 -0.33607244 -0.41037932 0.636262 0.620602 0.613233
v -0.19077867 -0.27671492 -0.42084637 0.646090 0.629631 0.621885
v -0.25806448 -0.33299488 -0.37875569 0.666772 0.648908 0.640503
v -0.25936627 -0.27069414 -0.38427016 0.660470 0.643921 0.636134
v -0.44375926 -0.25879484 -0.01313994 0.544779 0.539336 0.536779
v -0.42542574 -0.27545553 0.08283594 0.522355 0.519315 0.517853
v -0.43967000 -0.31251752 0.00509641 0.577535 0.568790 0.564680
v -0.42852092 -0.31931922 0.05463258 0.571711 0.563983 0.560330
v -0.43626302 -0.21770088 0.01528751 0.509844 0.507728 0.506717
v -0.42853707 -0.22706124 0.06162743 0.511410 0.509229 0.508193
v -0.36510232 -0.18361381 -0.27755734 0.522860 0.521077 0.520239
v -0.30095258 -0.14253289 -0.33160096 0.522683 0.520742 0.519825
v -0.34549427 -0.13186768 -0.27688357 0.522466 0.521108 0.520466
v -0.31645080 -0.11215152 -0.30438063 0.530075 0.528490 0.527739
v -0.35421932 -0.21751460 -0.31224042 0.559823 0.554897 0.552589
v -0.31774172 -0.19728526 -0.33764708 0.537813 0.534255 0.532549
v -0.41183054 -0.12261631 -0.06585364 0.516306 0.514959 0.514323
v -0.39717108 -0.07180235 -0.02514032 0.524167 0.523041 0.522510
v -0.39497393 -0.08715448 -0.08548045 0.520772 0.519763 0.519287
v -0.38914359 -0.06385177 -0.06670380 0.523003 0.522101 0.521674
v -0.42167336 -0.12849624 -0.02260888 0.516052 0.514601 0.513916
v -0.41078734 -0.10234143 -0.00152463 0.525442 0.523987 0.523295
v -0.39807266 -0.29996562 0.38982034 0.577581 0.568197 0.563777
v -0.39372736 -0.29996920 0.49872959 0.574045 0.565153 0.560977
v -0.40023610 -0.25425106 0.40363878 0.522292 0.518224 0.516318
v -0.39781317 -0.25173816 0.45465216 0.512653 0.509535 0.508070
v -0.39195037 -0.35327786 0.42860946 0.597629 0.585925 0.580409
v -0.39173543 -0.35625288 0.48714167 0.613409 0.600546 0.594497
v -0.41635811 -0.15927273 0.15367813 0.524964 0.522438 0.521254
v -0.40662575 -0.09164689 0.10193728 0.551735 0.548169 0.546489
v -0.41307127 -0.12639706 0.17211005 0.553102 0.548587 0.546464
v -0.40710533 -0.09618492 0.14496967 0.552657 0.548758 0.546915
v -0.41809356 -0.15348688 0.10900947 0.521197 0.519277 0.518368
v -0.41336006 -0.11675656 0.08436531 0.534634 0.532149 0.530977
v 0.33278075 -0.59104949 0.47424376 0.694111 0.677133 0.668960
v 0.36955601 -0.45713603 0.38043669 0.602205 0.590644 0.585181
v 0.33210903 -0.55860293 0.39653093 0.585992 0.576209 0.571507
v 0.35491747 -0.50106972 0.35202235 0.585871 0.576202 0.571650
v 0.35627708 -0.54256243 0.50560164 0.680987 0.662455 0.653705
v 0.36972558 -0.47056833 0.45271990 0.616639 0.602411 0.595686
v 0.41821152 -0.71055293 0.72310197 0.737932 0.710672 0.697838
v 0.38440686 -0.48449722 0.70136815 0.601053 0.589183 0.583597
v 0.36543167 -0.70072788 0.75996971 0.798164 0.771078 0.758327
v 0.36759439 -0.56789809 0.75459456 0.757947 0.738033 0.728663
v 0.39913076 -0.58223730 0.66241002 0.676450 0.655920 0.646260
v 0.39901635 -0.49211171 0.65547329 0.635853 0.620371 0.613084
v 0.33244652 -0.46333501 -0.34619775 0.732162 0.706958 0.695097
v 0.39917547 -0.36026320 -0.27889585 0.680480 0.666346 0.659693
v 0.38126290 -0.49499494 -0.32678604 0.782122 0.757768 0.746308
v 0.41159275 -0.43610457 -0.28173235 0.686940 0.670889 0.663337
v 0.33404315 -0.38420355 -0.34403181 0.694504 0.673846 0.664125
v 0.37064174 -0.33701250 -0.31898439 0.710093 0.692024 0.683522
v 0.21553352 -0.36100042 -0.38680068 0.646010 0.629384 0.621560
v 0.22154291 -0.23654011 -0.39366904 0.656534 0.640374 0.632770
v 0.18401043 -0.33118588 -0.40276423 0.628669 0.613665 0.606604
v 0.18853338 -0.27326420 -0.40952381 0.639065 0.623255 0.615816
v 0.25567520 -0.32587445 -0.37601846 0.660798 0.643388 0.635196
v 0.25757790 -0.26160362 -0.37808606 0.656329 0.639942 0.632231
v 0.44209409 -0.25579110 -0.02036827 0.582746 0.573786 0.569558
v 0.42396936 -0.27531326 0.08534417 0.578407 0.570138 0.566249
v 0.43777430 -0.31034985 0.00140781 0.581218 0.572029 0.567688
v 0.42844293 -0.31798592 0.05689617 0.584325 0.575288 0.571015
v 0.43258825 -0.21581005 0.00901428 0.579661 0.571234 0.567255
v 0.42631844 -0.22585632 0.05890783 0.580476 0.572350 0.568519
v 0.35236117 -0.17665052 -0.27289048 0.613612 0.604180 0.599724
v 0.30314255 -0.13118339 -0.33293554 0.585677 0.578642 0.575345
v 0.33601084 -0.12406480 -0.27432171 0.549922 0.546689 0.545152
v 0.31502154 -0.10233870 -0.30675259 0.552060 0.549069 0.547663
v 0.34397799 -0.21063167 -0.30874759 0.657656 0.644270 0.637970
v 0.32095975 -0.18535155 -0.33972207 0.659512 0.645566 0.639001
v 0.41121960 -0.11441025 -0.07401848 0.574301 0.567554 0.564380
v 0.39717120 -0.06942670 -0.03668540 0.563392 0.558838 0.556697
v 0.39395857 -0.07917678 -0.09347534 0.568851 0.563201 0.560543
v 0.39036459 -0.05888386 -0.07691637 0.561269 0.556793 0.554688
v 0.41927135 -0.12310855 -0.03181445 0.573678 0.566978 0.563824
v 0.40873748 -0.10066716 -0.01241864 0.570868 0.565165 0.562479
v 0.39588931 -0.30633810 0.42386359 0.561245 0.553334 0.549602
v 0.39270169 -0.29817572 0.53096133 0.594970 0.584072 0.578953
v 0.39811417 -0.25768220 0.42833060 0.505973 0.503518 0.502359
v 0.39580545 -0.25167793 0.47846818 0.512766 0.509701 0.508272
v 0.39071742 -0.36053014 0.47493258 0.609636 0.596657 0.590547
v 0.39256358 -0.35762048 0.53332812 0.613558 0.600181 0.593887
v 0.41490239 -0.16252345 0.14956728 0.534835 0.531226 0.529537
v 0.40646082 -0.09319607 0.09077340 0.547139 0.543481 0.541761
v 0.41252667 -0.12935978 0.16515297 0.522266 0.520250 0.519306
v 0.40751904 -0.09782888 0.13461393 0.531467 0.529160 0.528069
v 0.41617602 -0.15581693 0.10228740 0.563445 0.557336 0.554469
v 0.41190660 -0.11845917 0.07449193 0.561396 0.556155 0.553687
v 0.18841425 -0.06867605 0.83679193 0.665604 0.649677 0.642180
v 0.29510909 -0.13820758 0.79054892 0.652982 0.636696 0.629032
v 0.19312561 -0.14187771 0.85878801 0.663706 0.645101 0.636346
v 0.26196414 -0.17203960 0.84864807 0.708385 0.689779 0.681023
v 0.22988418 -0.04778052 0.78501499 0.586347 0.577338 0.573081
v 0.27829361 -0.07982901 0.76237524 0.641114 0.627702 0.621397
v -0.19098739 -0.08751032 0.84205413 0.568883 0.561181 0.557547
v -0.29254967 -0.15979467 0.79803890 0.667078 0.649706 0.641527
v -0.19760670 -0.15982278 0.86397350 0.667990 0.648929 0.639957
v -0.25872955 -0.19779369 0.84921217 0.705158 0.686406 0.677570
v -0.23141381 -0.06323519 0.79558027 0.496502 0.496145 0.495982
v -0.27896661 -0.09623698 0.77529222 0.565364 0.558413 0.555153
v 0.15320823 0.06184978 0.71865833 0.599800 0.595887 0.594043
v 0.21190247 0.06096412 0.62105906 0.598756 0.593726 0.591359
v 0.14247689 0.08885343 0.67658126 0.619042 0.614686 0.612633
v 0.17250045 0.08462362 0.62983847 0.598395 0.594852 0.593185
v 0.20203601 0.03628860 0.71279573 0.538944 0.537189 0.536364
v 0.23060216 0.03996243 0.66199851 0.582402 0.577416 0.575079
v -0.15484244 0.05727049 0.72489011 0.597067 0.594424 0.593198
v -0.21325058 0.05799867 0.62883008 0.585674 0.582930 0.581633
v -0.14376521 0.08557292 0.68119574 0.625682 0.621556 0.619626
v -0.17353868 0.08193268 0.63534540 0.600538 0.597264 0.595714
v -0.20273903 0.02965353 0.72068334 0.540673 0.539591 0.539081
v -0.23064873 0.03422105 0.67017710 0.553637 0.551930 0.551125
v 0.34141266 -0.07985816 0.61757731 0.600433 0.591160 0.586802
v 0.30826518 -0.01344578 0.56557161 0.588274 0.581608 0.578458
v 0.34677407 -0.06774274 0.56300378 0.590176 0.582628 0.579074
v 0.33203158 -0.03615316 0.53974235 0.582564 0.576220 0.573232
v 0.31603783 -0.05139126 0.64895076 0.603661 0.594493 0.590179
v 0.29798996 -0.01697236 0.62016082 0.586289 0.579113 0.575732
v -0.34288040 -0.08775010 0.62507892 0.559955 0.553660 0.550711
v -0.30872563 -0.01806738 0.57421350 0.561147 0.556965 0.554996
v -0.34830734 -0.07301199 0.56987447 0.571347 0.564909 0.561893
v -0.33286226 -0.04055579 0.54782653 0.573411 0.567682 0.564989
v -0.31696689 -0.06029558 0.65876812 0.508294 0.507232 0.506734
v -0.29863849 -0.02317363 0.62950504 0.525609 0.523930 0.523135
v 0.08155852 0.02973665 -0.59792805 0.619760 0.611259 0.607179
v 0.12758160 -0.00195916 -0.51348871 0.604662 0.597462 0.594074
v 0.07398706 0.00191519 -0.53594840 0.616991 0.608643 0.604715
v 0.09516150 -0.01477918 -0.49801746 0.614157 0.604635 0.600153
v 0.11558069 0.03711399 -0.62561238 0.627371 0.621065 0.617993
v 0.13975812 0.01790981 -0.58252686 0.635274 0.629020 0.626070
v -0.08529381 0.02436890 -0.59403723 0.613671 0.605596 0.601701
v -0.12812229 -0.00686839 -0.50747502 0.577956 0.572489 0.569925
v -0.07578323 0.00031264 -0.53269154 0.612250 0.604240 0.600466
v -0.09818521 -0.01748349 -0.49768490 0.609349 0.600625 0.596520
v -0.11861877 0.02615545 -0.62087798 0.619529 0.613482 0.610515
v -0.14108495 0.00711161 -0.57585591 0.619670 0.614552 0.612140
v 0.10598218 0.13819885 -0.77824891 0.752144 0.648559 0.592222
v 0.19036253 0.18084456 -0.84588897 0.826269 0.697779 0.627894
v 0.11476589 0.19591285 -0.81208396 0.792446 0.667633 0.599742
v 0.15807906 0.22588935 -0.83530760 0.780412 0.656944 0.589778
v 0.13612872 0.10734413 -0.75503778 0.721719 0.635207 0.588153
v 0.17678511 0.11665552 -0.79691660 0.778977 0.678814 0.624334
v -0.11761052 0.13111293 -0.77737874 0.779371 0.668826 0.608706
v -0.20501450 0.16849771 -0.84888864 0.853720 0.722894 0.651741
v -0.12751946 0.19089936 -0.81501186 0.830960 0.694888 0.620876
v -0.17303707 0.21659809 -0.84469491 0.822826 0.685192 0.610337
v -0.14679074 0.09231162 -0.76074636 0.769311 0.680342 0.631969
v -0.18454678 0.09736661 -0.80139077 0.786880 0.694770 0.644674
v 0.23105857 0.01659037 -0.55927050 0.644376 0.633777 0.628507
v 0.27057737 0.03741529 -0.74532062 0.682675 0.638919 0.615429
v 0.26511312 0.03590837 -0.55596769 0.629287 0.615139 0.608029
v 0.28799760 0.05002134 -0.63307965 0.632218 0.608348 0.595824
v 0.21176684 0.00036483 -0.63250911 0.679213 0.664398 0.656838
v 0.22441231 -0.00476915 -0.73382592 0.714905 0.677797 0.658005
v -0.23663568 0.01515256 -0.54288113 0.630969 0.621812 0.617286
v -0.28208369 0.04647383 -0.71393687 0.631903 0.598858 0.581149
v -0.27135602 0.03375338 -0.53620374 0.613115 0.602444 0.597109
v -0.29536662 0.05287007 -0.60373789 0.606161 0.588947 0.580011
v -0.21311793 0.00633576 -0.61996710 0.654807 0.641591 0.634832
v -0.23049593 0.02032201 -0.71946925 0.662751 0.631188 0.614329
v -0.19252834 0.26318216 -0.15787396 0.518297 0.517273 0.516784
v -0.20769927 0.33411008 -0.22985902 0.533745 0.530824 0.529448
v -0.17070536 0.27799177 -0.15820569 0.520622 0.519177 0.518485
v -0.19095422 0.36586177 -0.22582738 0.539883 0.535950 0.534099
v -0.22422349 0.22276551 -0.11782259 0.527359 0.526390 0.525929
v -0.18346302 0.24790627 -0.11394678 0.521331 0.520424 0.519987
v -0.22123298 0.21143055 -0.06998155 0.523761 0.522565 0.521978
v -0.23687688 0.30923545 -0.25428531 0.530988 0.528587 0.527443
v -0.21566236 0.39729244 -0.26891798 0.543581 0.539055 0.536927
v -0.25680479 0.37164453 -0.30301958 0.538732 0.535306 0.533681
v -0.24074617 0.23268872 -0.17454948 0.531966 0.530672 0.530056
v -0.25822407 0.31274006 -0.27914345 0.538111 0.535608 0.534416
v -0.25457513 0.22498506 -0.18589789 0.537295 0.535661 0.534879
v -0.24111265 0.19802999 -0.07480812 0.525379 0.524479 0.524052
v -0.25700662 0.20393360 -0.13271612 0.532570 0.531300 0.530698
v 0.19296083 0.26721179 -0.15627632 0.514447 0.513825 0.513523
v 0.19819228 0.33554971 -0.21697196 0.509138 0.508525 0.508236
v 0.17408808 0.28041172 -0.15797366 0.511304 0.510829 0.510605
v 0.18402810 0.36668801 -0.21716084 0.509361 0.508253 0.507730
v 0.22197688 0.23309660 -0.11633878 0.524085 0.523223 0.522814
v 0.18593560 0.25176495 -0.11608271 0.516878 0.516235 0.515922
v 0.21991530 0.21988106 -0.07241483 0.525247 0.523909 0.523261
v 0.22193339 0.31057549 -0.23367807 0.525929 0.524405 0.523687
v 0.19958901 0.39421523 -0.25065899 0.527206 0.524363 0.523024
v 0.22852546 0.36577797 -0.27146840 0.538211 0.535043 0.533543
v 0.23511398 0.24266952 -0.16600536 0.529387 0.528254 0.527711
v 0.23587367 0.31277519 -0.25385287 0.539366 0.537026 0.535920
v 0.24876899 0.23605984 -0.17699030 0.537933 0.536384 0.535640
v 0.23713836 0.20819509 -0.07671334 0.527814 0.526452 0.525809
v 0.25197035 0.21435648 -0.13005966 0.534290 0.532648 0.531859
v -0.32389826 -0.66432571 0.03143144 0.551334 0.549012 0.547915
v -0.36712736 -0.75333548 -0.05234985 0.533335 0.532236 0.531730
v -0.28826189 -0.67586857 0.02975949 0.527926 0.526698 0.526119
v -0.32019520 -0.81702507 -0.04136541 0.532357 0.532376 0.532384
v -0.35940927 -0.59493625 0.06653452 0.554249 0.548890 0.546206
v -0.29589760 -0.64596903 0.08406177 0.543337 0.541626 0.540746
v -0.33825970 -0.58594549 0.11990606 0.545359 0.539566 0.536639
v -0.41974717 -0.66617167 -0.08892468 0.610221 0.599822 0.594932
v -0.38057452 -0.84968311 -0.11300901 0.587869 0.587942 0.587977
v -0.44343108 -0.70614707 -0.16705729 0.637662 0.625798 0.620198
v -0.39922321 -0.57224965 -0.00278333 0.562614 0.554701 0.550861
v -0.43596882 -0.61365724 -0.12562813 0.618431 0.606423 0.600765
v -0.41704375 -0.52752799 -0.02491446 0.576118 0.567177 0.562937
v -0.36369497 -0.55135399 0.10368483 0.556179 0.549806 0.546724
v -0.40221608 -0.51726794 0.03137226 0.566648 0.558760 0.555022
v 0.31672820 -0.65978515 0.04443999 0.551432 0.549345 0.548344
v 0.38160148 -0.76305175 -0.04363216 0.555440 0.552614 0.551308
v 0.27803934 -0.67204487 0.04570085 0.527748 0.526573 0.526031
v 0.33109248 -0.82420683 -0.03861856 0.547279 0.547279 0.547277
v 0.35182470 -0.59924740 0.08833621 0.560691 0.554402 0.551213
v 0.28692049 -0.65006489 0.11134847 0.541370 0.539497 0.538514
v 0.32934308 -0.59668565 0.15363270 0.554461 0.547610 0.544119
v 0.42595047 -0.66020900 -0.08651148 0.620372 0.609021 0.603681
v 0.40580648 -0.87093526 -0.11410126 0.624164 0.624322 0.624397
v 0.45640606 -0.69535762 -0.16408780 0.672219 0.657256 0.650188
v 0.39871633 -0.57291973 0.00696275 0.569396 0.561053 0.557015
v 0.44465992 -0.60669279 -0.12436461 0.622303 0.609303 0.603176
v 0.41748804 -0.52656758 -0.01989302 0.582678 0.573296 0.568851
v 0.35744670 -0.55963230 0.13084409 0.560991 0.553828 0.550351
v 0.39951298 -0.52075827 0.04238179 0.570159 0.561627 0.557573
v -0.01743230 -0.61557651 0.81523377 0.623886 0.616912 0.613629
v -0.10266194 -0.57631379 0.84449452 0.690883 0.671965 0.663059
v -0.06363240 -0.66390389 0.78575116 0.655224 0.649022 0.646118
v -0.12939146 -0.66062391 0.85100430 0.721401 0.696365 0.684587
v 0.08330458 -0.55517495 0.83908790 0.622799 0.608584 0.601895
v 0.00885550 -0.64450532 0.79138356 0.642765 0.638354 0.636267
v 0.12988542 -0.61092961 0.83329880 0.637664 0.620257 0.612065
v 0.04931103 -0.45208621 0.86523116 0.625470 0.610058 0.602805
v -0.06594382 -0.45956436 0.86608529 0.627530 0.611739 0.604308
v 0.05597641 -0.38290390 0.88462335 0.648316 0.630845 0.622623
v -0.07124528 -0.39113873 0.88731009 0.647472 0.630489 0.622498
v 0.15833393 -0.54176998 0.84584641 0.660085 0.639347 0.629588
v 0.11645601 -0.41977575 0.86888367 0.653323 0.636096 0.627990
v -0.16694839 -0.57200217 0.84854060 0.687261 0.664213 0.653381
v -0.12822820 -0.43385112 0.86929131 0.567458 0.557829 0.553349
v -0.00026032 0.14254379 0.42003739 0.526127 0.525795 0.525632
v -0.04856351 0.13798136 0.45860672 0.536717 0.536105 0.535792
v -0.01800578 0.14553732 0.38501927 0.522333 0.522111 0.522002
v -0.06967828 0.13774693 0.42410845 0.535690 0.535379 0.535226
v 0.04708852 0.13934582 0.45670581 0.535009 0.534209 0.533790
v 0.01875561 0.14595771 0.38497302 0.522973 0.522764 0.522661
v 0.06937304 0.14003175 0.42127827 0.533583 0.533269 0.533119
v 0.03067565 0.14012873 0.52599376 0.549228 0.548455 0.548087
v -0.03258470 0.14007720 0.52758658 0.550218 0.549508 0.549170
v 0.03522583 0.13722175 0.56714272 0.562232 0.561059 0.560506
v -0.03759814 0.13793840 0.56968379 0.560660 0.559632 0.559148
v 0.08222620 0.13487265 0.45966315 0.545718 0.545322 0.545137
v 0.06731518 0.13390717 0.53620309 0.559491 0.558650 0.558253
v -0.08319321 0.13293794 0.46292013 0.550359 0.550034 0.549879
v -0.06850386 0.13279539 0.53824109 0.563409 0.562788 0.562494
v 0.00680129 -0.34595180 -0.45149514 0.597115 0.587548 0.583041
v -0.03332611 -0.29297602 -0.46294457 0.603813 0.592943 0.587829
v -0.01067413 -0.37365159 -0.43490949 0.581689 0.572780 0.568566
v -0.05508454 -0.32551348 -0.45201838 0.604764 0.593730 0.588536
v 0.04468678 -0.29178610 -0.45979148 0.599370 0.588989 0.584103
v 0.02256798 -0.37340751 -0.43511149 0.579961 0.571245 0.567124
v 0.06675142 -0.32352570 -0.44927350 0.603185 0.592549 0.587546
v 0.02616530 -0.20961398 -0.47280872 0.627776 0.614818 0.608718
v -0.01833327 -0.20905727 -0.47462830 0.630815 0.617517 0.611257
v 0.02581270 -0.15460055 -0.48091888 0.652719 0.637396 0.630187
v -0.02046263 -0.15507880 -0.48319003 0.653169 0.637767 0.630517
v 0.07331773 -0.27672681 -0.46312475 0.629540 0.616526 0.610403
v 0.04971733 -0.18506844 -0.47163028 0.650216 0.635022 0.627870
v -0.06318386 -0.27845451 -0.46868321 0.630871 0.617577 0.611320
v -0.04382540 -0.18447404 -0.47602844 0.650926 0.635775 0.628645
v 0.00530424 0.63343263 -0.80702066 0.724594 0.699533 0.687719
v -0.07776275 0.56670147 -0.82481354 0.369968 0.367089 0.365398
v -0.02777113 0.68745852 -0.78229356 0.693201 0.669271 0.657727
v -0.11642200 0.61168861 -0.80474699 0.445287 0.442596 0.441001
v 0.08542708 0.56697500 -0.82087207 0.470413 0.461062 0.455949
v 0.04517023 0.68636328 -0.78365201 0.734468 0.708190 0.695525
v 0.13179344 0.61242199 -0.80050582 0.367747 0.366680 0.366098
v 0.04523923 0.46713391 -0.83766884 0.695583 0.650929 0.628123
v -0.04555272 0.46793491 -0.84045714 0.696220 0.652517 0.630287
v 0.04323427 0.40063053 -0.83649743 0.698651 0.600987 0.547855
v -0.04815378 0.40123314 -0.83902299 0.700312 0.601723 0.548090
v 0.14145085 0.54511595 -0.82206196 0.370599 0.366573 0.364143
v 0.09020776 0.43705347 -0.83750623 0.704153 0.629210 0.589128
v -0.13057186 0.54329336 -0.82649535 0.440783 0.432673 0.428280
v -0.09245221 0.43612826 -0.84096438 0.703783 0.631015 0.592186
v 0.34825477 0.09591999 -0.33718625 0.565407 0.560140 0.557546
v 0.35176110 0.07030161 -0.26237357 0.556984 0.552381 0.550118
v 0.34987965 0.11543031 -0.34565565 0.575967 0.570037 0.567136
v 0.35391432 0.08442749 -0.26236546 0.561522 0.556357 0.553831
v 0.33314323 0.03987087 -0.27941516 0.561345 0.557734 0.556002
v 0.34678775 0.03839444 -0.23286545 0.558559 0.555211 0.553618
v 0.33207619 0.01165271 -0.25432190 0.571251 0.567186 0.565262
v 0.34688807 0.01574183 -0.20311132 0.559591 0.556156 0.554526
v 0.33638757 0.07400186 -0.34983337 0.573514 0.568289 0.565720
v 0.32465476 0.02682650 -0.29444337 0.591111 0.586585 0.584425
v 0.32621342 0.06638160 -0.37267792 0.608944 0.601962 0.598546
v 0.34794727 0.11611180 -0.38850677 0.585265 0.578830 0.575671
v 0.33584428 0.08745645 -0.40477479 0.591359 0.582491 0.578043
v 0.35518426 0.06061213 -0.22597018 0.558207 0.553272 0.550853
v 0.35308355 0.02645042 -0.19738032 0.551915 0.549189 0.547887
v 0.37320673 -0.03399125 0.31333894 0.543690 0.540710 0.539235
v 0.38221395 -0.03977995 0.26201329 0.535699 0.533860 0.532975
v 0.36616170 -0.01711917 0.29228756 0.548334 0.545670 0.544379
v 0.37589961 -0.02378446 0.23729391 0.542027 0.539534 0.538311
v 0.39476198 -0.08648596 0.34435213 0.532943 0.531643 0.531032
v 0.39432079 -0.06933281 0.27885330 0.531437 0.529820 0.529061
v 0.40072736 -0.11033638 0.34543723 0.519572 0.518703 0.518294
v 0.40176529 -0.08656303 0.27261537 0.523449 0.521928 0.521214
v 0.37950453 -0.06088943 0.36585683 0.546032 0.543590 0.542427
v 0.39560336 -0.10676382 0.38220507 0.520913 0.520104 0.519721
v 0.37900537 -0.07388582 0.40578184 0.551206 0.548310 0.546937
v 0.36428311 -0.02287512 0.33260819 0.549879 0.546564 0.544962
v 0.37010580 -0.05076432 0.39160082 0.548995 0.544791 0.542712
v 0.38326585 -0.03556175 0.22402883 0.537736 0.535693 0.534705
v 0.39614367 -0.06720930 0.24142019 0.531141 0.529666 0.528975
v -0.34076622 0.08874630 -0.32621825 0.552041 0.547164 0.544743
v -0.34535217 0.06437314 -0.25249976 0.545768 0.541588 0.539511
v -0.34407976 0.11110242 -0.33387208 0.560469 0.555900 0.553664
v -0.34815341 0.08112837 -0.25128409 0.551107 0.546939 0.544899
v -0.33157709 0.02607941 -0.27460667 0.553012 0.550196 0.548836
v -0.34129918 0.02833994 -0.22566691 0.543764 0.541406 0.540263
v -0.33377236 -0.00047074 -0.25151360 0.546771 0.545117 0.544327
v -0.34355688 0.00346160 -0.19936980 0.538692 0.537200 0.536478
v -0.33100227 0.06215825 -0.33914235 0.562037 0.556987 0.554485
v -0.32258615 0.01489319 -0.28848946 0.562818 0.560174 0.558900
v -0.32294977 0.05294327 -0.36241108 0.576313 0.571281 0.568819
v -0.34182289 0.11030826 -0.37422001 0.564388 0.558444 0.555505
v -0.33028296 0.07690780 -0.39041853 0.561843 0.554550 0.550880
v -0.34960556 0.05653439 -0.21554556 0.544810 0.540789 0.538796
v -0.34702945 0.01829517 -0.18997264 0.545446 0.543544 0.542618
v -0.37449953 -0.03286070 0.32362038 0.545574 0.542095 0.540398
v -0.38235021 -0.03826999 0.27252179 0.549236 0.545612 0.543880
v -0.36802226 -0.01619875 0.30363342 0.562306 0.559250 0.557787
v -0.37656146 -0.02281326 0.24900326 0.554976 0.551285 0.549504
v -0.39366674 -0.08656999 0.34997314 0.558974 0.554557 0.552473
v -0.39364296 -0.06814510 0.28726614 0.548686 0.545285 0.543686
v -0.39954990 -0.11038980 0.34781408 0.558517 0.553549 0.551206
v -0.40044379 -0.08534039 0.27997124 0.554719 0.550213 0.548093
v -0.38033769 -0.06069015 0.37364244 0.562256 0.558017 0.556009
v -0.39491966 -0.10753152 0.38405246 0.572422 0.566593 0.563843
v -0.38024959 -0.07450226 0.41176289 0.572480 0.567336 0.564915
v -0.36584082 -0.02234845 0.34305194 0.560146 0.556626 0.554927
v -0.37148803 -0.05110851 0.39962518 0.564800 0.558968 0.556130
v -0.38283801 -0.03476933 0.23540553 0.551551 0.547684 0.545827
v -0.39506978 -0.06588545 0.25129476 0.559015 0.555357 0.553635
v -0.05176324 0.33064610 -0.14813980 0.539222 0.535733 0.534082
v -0.06510530 0.46341395 -0.17656095 0.540688 0.537805 0.536442
v -0.08760756 0.31754160 -0.14968976 0.538574 0.535300 0.533755
v -0.11121779 0.44987822 -0.17470525 0.540694 0.536797 0.534963
v 0.06442367 0.33079505 -0.15429582 0.502115 0.501566 0.501298
v 0.07943854 0.46648306 -0.17502588 0.548472 0.543483 0.541131
v 0.09990809 0.31868547 -0.15792440 0.505471 0.505168 0.505019
v 0.13609052 0.44865096 -0.16602004 0.591269 0.585651 0.583009
v 0.00641664 0.28367347 -0.12567529 0.508955 0.508345 0.508056
v -0.06632146 0.27811408 -0.12155284 0.514277 0.513338 0.512893
v -0.01319327 0.26771116 -0.07316181 0.509826 0.509340 0.509109
v 0.00320282 0.55054241 -0.19569209 0.522880 0.520969 0.520074
v -0.09663177 0.52444333 -0.20061910 0.508025 0.506812 0.506241
v -0.02821356 0.62301099 -0.23097764 0.622702 0.617139 0.614520
v 0.07920925 0.27822202 -0.12458311 0.507093 0.506746 0.506574
v 0.02436847 0.26716363 -0.07441422 0.508528 0.508110 0.507909
v 0.10869140 0.53370416 -0.19892660 0.583046 0.576163 0.572925
v 0.03045486 0.62139809 -0.23955445 0.536442 0.534163 0.533077
v -0.15999611 0.22242868 0.09121150 0.544092 0.542785 0.542166
v -0.20447403 0.18279582 0.13145694 0.535444 0.533793 0.533015
v -0.16300769 0.22341591 0.03611401 0.531417 0.530520 0.530094
v -0.20943080 0.18728840 0.08023170 0.520792 0.520039 0.519692
v -0.10194147 0.18696219 0.22730953 0.531778 0.530616 0.530068
v -0.15437201 0.15917385 0.26621461 0.535719 0.534607 0.534079
v -0.07897593 0.17324066 0.26711562 0.525541 0.524772 0.524410
v -0.13296032 0.15102994 0.30702075 0.532821 0.532055 0.531691
v -0.10880447 0.22778493 0.14333755 0.538402 0.537464 0.537021
v -0.13339461 0.23767442 0.03803280 0.528020 0.527457 0.527185
v -0.08277139 0.23808050 0.08888939 0.527858 0.527171 0.526849
v -0.20728405 0.15474075 0.22072384 0.540813 0.539364 0.538681
v -0.22835600 0.16479194 0.12543342 0.530418 0.529142 0.528540
v -0.23632552 0.13824993 0.21613458 0.540225 0.538919 0.538306
v -0.06050572 0.19064051 0.22464368 0.527121 0.526305 0.525920
v -0.06269305 0.22404599 0.13655108 0.524620 0.523860 0.523498
v -0.16864255 0.14204758 0.30542952 0.539423 0.538442 0.537973
v -0.22203450 0.13421601 0.26107225 0.542229 0.540984 0.540395
v -0.24066320 0.72558296 -0.43802238 0.576191 0.568579 0.564898
v -0.37358487 0.78389591 -0.49820870 0.866640 0.855022 0.849136
v -0.24386589 0.64203310 -0.39440596 0.567020 0.558605 0.554635
v -0.37919432 0.67129469 -0.45771125 0.603784 0.589700 0.583052
v -0.22756048 0.96532333 -0.58541632 1.000000 1.000000 0.971027
v -0.26145139 0.74788463 -0.63452077 0.579195 0.561512 0.552139
v -0.16711915 0.84376001 -0.63084459 0.671013 0.616545 0.587021
v -0.23982750 0.73426831 -0.69035959 0.639133 0.623870 0.616042
v -0.18325594 0.86475575 -0.46240905 0.712953 0.663567 0.636419
v -0.19464236 0.67552376 -0.37787655 0.570691 0.562929 0.559266
v -0.12769827 0.78413779 -0.40938172 0.619065 0.606790 0.600266
v -0.34968945 0.68354774 -0.58451337 0.784400 0.757547 0.744591
v -0.55419040 0.75730830 -0.47835261 1.000000 1.000000 1.000000
v -0.42364830 0.61420739 -0.58850807 0.693606 0.674558 0.665609
v -0.12753485 0.89267886 -0.58161122 0.607932 0.579429 0.563918
v -0.11883337 0.83827215 -0.47153369 0.702638 0.689578 0.682394
v -0.27994192 0.67820352 -0.67886865 0.604073 0.591937 0.586200
v -0.34741953 0.61363810 -0.60945493 0.654407 0.641708 0.635771
v -0.28406492 0.29505381 -0.30563515 0.567394 0.563876 0.562215
v -0.30202404 0.18771037 -0.21043921 0.558739 0.556234 0.555054
v -0.27228659 0.31527331 -0.29654950 0.566880 0.562796 0.560865
v -0.29141587 0.20012739 -0.20438176 0.555681 0.553167 0.551965
v -0.32728231 0.21521731 -0.33026528 0.587443 0.582176 0.579694
v -0.33471590 0.15062422 -0.23505010 0.570922 0.568080 0.566741
v -0.33653295 0.18848883 -0.33623832 0.579947 0.575222 0.572996
v -0.34311610 0.13432878 -0.24175991 0.561831 0.558928 0.557560
v -0.30779693 0.30508739 -0.36773291 0.611106 0.603273 0.599587
v -0.28299776 0.40068957 -0.34745193 0.561594 0.557778 0.555973
v -0.31726980 0.38403848 -0.41410479 0.623944 0.613924 0.609209
v -0.32899994 0.13978937 -0.17603965 0.561915 0.559480 0.558330
v -0.30971199 0.16037285 -0.16018197 0.552578 0.550781 0.549927
v -0.33638132 0.11597055 -0.12583470 0.557846 0.556037 0.555184
v -0.33393008 0.23389405 -0.38471240 0.600119 0.594157 0.591348
v -0.32529664 0.33272526 -0.42586491 0.622334 0.612521 0.607903
v -0.34501177 0.11748934 -0.19370750 0.563507 0.561026 0.559853
v -0.34218639 0.10912511 -0.13608342 0.558904 0.556743 0.555721
v -0.32109985 0.09335721 0.10189794 0.547958 0.546618 0.545975
v -0.33571473 0.08688956 0.04283154 0.544675 0.543376 0.542742
v -0.30058080 0.11914527 0.05846646 0.537386 0.536637 0.536283
v -0.31523782 0.11569491 -0.00033472 0.536192 0.534993 0.534398
v -0.34599200 0.04535067 0.20216353 0.572392 0.570320 0.569344
v -0.35570252 0.03924477 0.14193551 0.572243 0.570385 0.569510
v -0.35087636 0.03088719 0.23018415 0.575926 0.573630 0.572549
v -0.36027896 0.02392271 0.17105582 0.573345 0.571368 0.570434
v -0.33116710 0.07037723 0.18775205 0.558615 0.556307 0.555193
v -0.30067077 0.11107117 0.10919127 0.541325 0.540180 0.539626
v -0.31589866 0.08432829 0.19976559 0.554424 0.552271 0.551217
v -0.35276771 0.05988762 0.06619586 0.554809 0.553125 0.552333
v -0.33086449 0.10057226 -0.00793632 0.542676 0.541367 0.540730
v -0.35194373 0.06932777 0.01931842 0.558001 0.556302 0.555501
v -0.34211069 0.04269785 0.24702933 0.569583 0.567517 0.566545
v -0.32537264 0.06897086 0.23385870 0.562026 0.559657 0.558503
v -0.36117405 0.02979335 0.12749203 0.562553 0.560269 0.559186
v -0.35749781 0.05278465 0.05229151 0.561931 0.559995 0.559084
v 0.16548625 0.23008323 0.08585545 0.546749 0.545498 0.544902
v 0.20990664 0.18813252 0.12539670 0.534509 0.532833 0.532043
v 0.16868770 0.22977769 0.03173113 0.532361 0.531367 0.530895
v 0.21275999 0.19445175 0.07394764 0.529862 0.528198 0.527415
v 0.10474060 0.18895650 0.22220960 0.529367 0.528371 0.527904
v 0.15612911 0.16072798 0.26032299 0.530974 0.530139 0.529737
v 0.08190857 0.17381084 0.26411307 0.528547 0.527847 0.527519
v 0.13454893 0.15274262 0.30214748 0.527521 0.526916 0.526628
v 0.11171914 0.22563773 0.13529512 0.533378 0.532335 0.531846
v 0.13980633 0.24113578 0.03367493 0.527185 0.526663 0.526413
v 0.08826710 0.23864359 0.08488980 0.526879 0.526260 0.525969
v 0.06442868 0.19275737 0.22189692 0.525997 0.525107 0.524690
v 0.06684053 0.22398299 0.13185093 0.521367 0.520629 0.520280
v 0.20683824 0.15774709 0.21206895 0.535652 0.534305 0.533664
v 0.22846687 0.17116070 0.11743176 0.533617 0.531948 0.531163
v 0.23272556 0.14164978 0.20534134 0.536772 0.535444 0.534818
v 0.16948979 0.14466596 0.29908189 0.533582 0.532731 0.532317
v 0.21882704 0.13704365 0.25094205 0.540303 0.539039 0.538437
v 0.22714189 0.73927659 -0.45838502 0.576095 0.564986 0.559291
v 0.29836744 0.70369798 -0.48259971 0.586375 0.579021 0.575441
v 0.21710426 0.63351953 -0.39247084 0.552430 0.545772 0.542616
v 0.27801046 0.59587872 -0.42238322 0.556615 0.549828 0.546602
v 0.17153448 0.89748132 -0.60865855 0.868584 0.780213 0.731618
v 0.23788440 0.76690286 -0.61945337 0.581813 0.565155 0.556362
v 0.16054733 0.81408381 -0.64276010 0.634329 0.594414 0.572381
v 0.23228487 0.73929268 -0.67808169 0.601786 0.588791 0.582310
v 0.26104602 0.95394140 -0.51434821 1.000000 1.000000 1.000000
v 0.19063835 0.69108838 -0.39402425 0.581246 0.572875 0.568859
v 0.16581051 0.83934528 -0.40473652 0.731695 0.705313 0.690885
v 0.12800987 0.86082411 -0.58014095 0.582170 0.556214 0.541894
v 0.14199747 0.88987708 -0.47242758 0.641445 0.632742 0.627950
v 0.30039582 0.74715358 -0.52795011 0.932932 0.913312 0.903630
v 0.35456377 0.62415564 -0.45000795 0.599878 0.588520 0.583106
v 0.57658374 0.75995320 -0.44431278 1.000000 1.000000 1.000000
v 0.25783756 0.69694293 -0.64364678 0.605997 0.593101 0.587026
v 0.34575835 0.68064249 -0.51681644 0.757428 0.723778 0.708040
v 0.29322252 0.27896559 -0.29886433 0.598292 0.593398 0.591093
v 0.29939127 0.18529660 -0.21746373 0.572046 0.568590 0.566961
v 0.28285047 0.29594931 -0.29011059 0.583075 0.578894 0.576923
v 0.28816313 0.20201939 -0.20911217 0.564053 0.561018 0.559592
v 0.31639981 0.20526190 -0.33179826 0.584578 0.578985 0.576347
v 0.33027393 0.14361742 -0.24356771 0.582352 0.578709 0.576992
v 0.32881245 0.18344757 -0.34196547 0.583672 0.578340 0.575824
v 0.33895993 0.12963726 -0.25169200 0.571483 0.567451 0.565544
v 0.30566967 0.30327451 -0.35703528 0.596343 0.589680 0.586545
v 0.29951295 0.34895626 -0.33230215 0.608287 0.601962 0.598982
v 0.29890019 0.39079183 -0.38392016 0.606016 0.597980 0.594200
v 0.32533014 0.13460121 -0.18753788 0.578068 0.574805 0.573269
v 0.30493915 0.16171873 -0.16876124 0.566953 0.563851 0.562391
v 0.33174342 0.11117038 -0.14027794 0.575270 0.572225 0.570790
v 0.32331073 0.23216890 -0.38666862 0.601144 0.594637 0.591568
v 0.31444359 0.34156713 -0.41100773 0.605166 0.596553 0.592498
v 0.34214324 0.11143631 -0.20597374 0.577599 0.574091 0.572428
v 0.33863449 0.10221469 -0.15103962 0.574697 0.571676 0.570251
v 0.30705392 0.10153902 0.08574584 0.550535 0.548370 0.547352
v 0.32012612 0.09451243 0.02613346 0.555440 0.553084 0.551973
v 0.28982925 0.12808698 0.04534756 0.544450 0.542451 0.541507
v 0.30385995 0.12387487 -0.01270536 0.549364 0.546982 0.545858
v 0.33851299 0.04510355 0.18725364 0.557558 0.556009 0.555277
v 0.34728056 0.03815499 0.12626030 0.560675 0.559050 0.558283
v 0.34504798 0.02971047 0.21595225 0.557299 0.555807 0.555103
v 0.35462612 0.02260008 0.15609999 0.560441 0.558668 0.557828
v 0.31882212 0.07485604 0.17070043 0.548259 0.546514 0.545681
v 0.28992873 0.11885953 0.09498695 0.543338 0.541196 0.540165
v 0.30476037 0.08983064 0.18361753 0.547963 0.546233 0.545403
v 0.34043688 0.06044075 0.04849777 0.559157 0.556970 0.555939
v 0.31653771 0.10848320 -0.02286797 0.554582 0.552041 0.550839
v 0.33928907 0.06894061 0.00117734 0.564334 0.561940 0.560812
v 0.33547419 0.04237622 0.23285392 0.556865 0.555261 0.554502
v 0.31629109 0.07172471 0.21835089 0.548074 0.546320 0.545476
v 0.35483015 0.02782521 0.11170886 0.557305 0.555277 0.554314
v 0.34753269 0.05162969 0.03447294 0.561301 0.559143 0.558124
v -0.08837070 -0.69992304 0.06054509 0.500555 0.500555 0.500555
v -0.09108666 -0.70068651 -0.06049670 0.500983 0.500983 0.500983
v -0.14003739 -0.69616055 0.05094654 0.508621 0.508621 0.508621
v -0.13922945 -0.74240637 -0.06519910 0.512909 0.512909 0.512909
v 0.07042976 -0.70376670 0.07026682 0.500301 0.500301 0.500301
v 0.07331162 -0.70859092 -0.05714505 0.501048 0.501048 0.501048
v 0.12204175 -0.70344532 0.06532221 0.505782 0.505782 0.505782
v 0.12517837 -0.75507021 -0.05826644 0.517978 0.517978 0.517978
v -0.00922262 -0.70060354 0.13476561 0.500587 0.500587 0.500587
v -0.11516358 -0.69636309 0.11975409 0.500549 0.500549 0.500549
v -0.03710272 -0.70202208 0.19930947 0.500545 0.500545 0.500545
v -0.00518647 -0.67097914 -0.11314163 0.501070 0.501070 0.501070
v -0.11925360 -0.72518051 -0.12233911 0.537702 0.537685 0.537677
v -0.03793167 -0.65775687 -0.16570881 0.504595 0.504594 0.504593
v 0.09615725 -0.70021331 0.13735916 0.501616 0.501616 0.501616
v 0.01679912 -0.70274150 0.20494123 0.500125 0.500125 0.500125
v 0.10257784 -0.73423374 -0.12240680 0.535521 0.535518 0.535517
v 0.02744281 -0.65887177 -0.16958515 0.503452 0.503451 0.503451
v -0.21300375 -0.66036236 0.35820365 0.529347 0.528201 0.527589
v -0.28029776 -0.61594939 0.37989500 0.556605 0.551224 0.548477
v -0.23105225 -0.65003920 0.28248942 0.528094 0.523864 0.521582
v -0.28911781 -0.59666890 0.30869284 0.544672 0.538380 0.535233
v -0.18164501 -0.80394518 0.53932023 0.689765 0.689421 0.689261
v -0.26893222 -0.84430182 0.59385854 0.625275 0.624736 0.624484
v -0.15378280 -0.85002542 0.61133999 0.683074 0.682822 0.682705
v -0.33034763 -0.94182950 0.71497911 0.836703 0.836542 0.836466
v -0.14765938 -0.68886572 0.45009917 0.526200 0.525840 0.525672
v -0.19220883 -0.67994773 0.30163753 0.532052 0.531470 0.531155
v -0.11958101 -0.69803518 0.38832769 0.506712 0.506696 0.506689
v -0.31392384 -0.64862776 0.49510565 0.653378 0.638737 0.631692
v -0.31246281 -0.57281077 0.35066214 0.562063 0.555122 0.551740
v -0.33954856 -0.57581550 0.45697457 0.607088 0.596129 0.590888
v -0.10854638 -0.76862615 0.56673729 0.683295 0.683192 0.683144
v -0.09183558 -0.70339853 0.45731732 0.528381 0.528373 0.528369
v -0.44451839 -0.82083702 0.65556091 0.667147 0.660674 0.657599
v -0.35418615 -0.61880189 0.53066218 0.672825 0.655484 0.647274
v -0.19342682 -0.71979856 -0.34401742 0.602330 0.589089 0.582901
v -0.27659088 -0.61090869 -0.35794204 0.767321 0.732334 0.715866
v -0.24458656 -0.82377279 -0.34394905 0.556736 0.557521 0.557900
v -0.32390618 -0.68262422 -0.35975841 0.864718 0.831046 0.815187
v -0.10529108 -0.51873136 -0.36660445 0.603269 0.589794 0.583428
v -0.16450344 -0.45243809 -0.38372296 0.637401 0.620861 0.613078
v -0.07879912 -0.47618553 -0.38206887 0.588296 0.576277 0.570623
v -0.13398084 -0.41432020 -0.39919609 0.611193 0.597575 0.591166
v -0.11397791 -0.61965585 -0.33218616 0.615202 0.603308 0.597703
v -0.17036429 -0.78773534 -0.31450930 0.521014 0.520463 0.520180
v -0.09554706 -0.65439665 -0.30206919 0.601238 0.594571 0.591432
v -0.24551697 -0.47091237 -0.36781830 0.690955 0.667438 0.656371
v -0.33710164 -0.56513834 -0.35295802 0.833549 0.799608 0.783637
v -0.29415613 -0.43458056 -0.35983738 0.704936 0.680845 0.669506
v -0.06207482 -0.52052987 -0.36380029 0.570717 0.560360 0.555472
v -0.06879678 -0.60438752 -0.32199222 0.570060 0.565193 0.562890
v -0.17511748 -0.39379692 -0.39668125 0.635227 0.619890 0.612674
v -0.25359291 -0.39931589 -0.37328696 0.675225 0.654776 0.645154
v -0.42950237 -0.33791432 -0.18214959 0.608030 0.596916 0.591687
v -0.44446626 -0.29767206 -0.09454346 0.592498 0.583031 0.578575
v -0.44085896 -0.40422243 -0.17483720 0.609053 0.597505 0.592071
v -0.45102873 -0.35536361 -0.07854926 0.595869 0.585656 0.580849
v -0.38987923 -0.16558301 -0.20248604 0.526957 0.525451 0.524740
v -0.40536079 -0.14475846 -0.13288362 0.514435 0.513179 0.512587
v -0.36972511 -0.11987950 -0.21048126 0.529703 0.528369 0.527739
v -0.38810501 -0.10315934 -0.14784119 0.521182 0.520065 0.519541
v -0.39728767 -0.26032028 -0.23217967 0.605813 0.596932 0.592696
v -0.42514122 -0.38934752 -0.22512294 0.629145 0.616717 0.610866
v -0.38940084 -0.30179173 -0.27113086 0.651360 0.638440 0.632359
v -0.43287873 -0.20071706 -0.07669467 0.510710 0.508820 0.507913
v -0.45384216 -0.30252737 -0.04388899 0.596474 0.586801 0.582250
v -0.44208419 -0.20743510 -0.03045027 0.511271 0.509208 0.508231
v -0.36550501 -0.15173298 -0.24096420 0.527573 0.526168 0.525505
v -0.37567708 -0.24003944 -0.27264827 0.578052 0.570669 0.567207
v -0.40124184 -0.11357781 -0.10706168 0.515567 0.514396 0.513841
v -0.42945310 -0.16040505 -0.04712243 0.511857 0.510334 0.509614
v -0.39232144 -0.38021722 0.23552395 0.575550 0.566539 0.562292
v -0.41063285 -0.32846609 0.15622944 0.571471 0.562995 0.558997
v -0.38550645 -0.42282510 0.20625363 0.574319 0.565735 0.561668
v -0.40918970 -0.37237710 0.12787445 0.576620 0.567860 0.563723
v -0.40783790 -0.24819580 0.30340046 0.581818 0.572692 0.568395
v -0.41297734 -0.20431648 0.22583781 0.562237 0.555480 0.552288
v -0.40796617 -0.20874450 0.31972662 0.570961 0.563193 0.559542
v -0.41222870 -0.16682354 0.24416009 0.565449 0.558912 0.555832
v -0.39462659 -0.34178758 0.31582195 0.591598 0.581262 0.576381
v -0.37741217 -0.42874399 0.26378021 0.578944 0.570069 0.565866
v -0.38410529 -0.39400005 0.34894213 0.596745 0.586401 0.581505
v -0.41686371 -0.24009176 0.15692385 0.513894 0.511227 0.509965
v -0.41878003 -0.32420266 0.10495695 0.565615 0.558092 0.554523
v -0.42206123 -0.23434311 0.10907517 0.514679 0.512574 0.511579
v -0.40324196 -0.25297254 0.35332286 0.571292 0.563049 0.559177
v -0.39277843 -0.34747547 0.37158632 0.594965 0.583947 0.578748
v -0.41405088 -0.16404711 0.19874167 0.546099 0.541283 0.539020
v -0.41881460 -0.19593936 0.13249128 0.514987 0.513023 0.512100
v 0.19415611 -0.69319212 0.45711160 0.537270 0.536495 0.536106
v 0.26756528 -0.67840528 0.48706993 0.627211 0.619303 0.615574
v 0.21462101 -0.67651528 0.36081737 0.533587 0.533102 0.532847
v 0.27564844 -0.63425756 0.39611366 0.553180 0.549439 0.547561
v 0.09380289 -0.93222946 0.66921020 0.673054 0.672808 0.672693
v 0.29296091 -0.91600722 0.69581962 0.854350 0.854658 0.854801
v 0.11629126 -0.81886005 0.71029472 0.537601 0.536984 0.536694
v 0.28704351 -0.91501343 0.80119908 0.747998 0.747881 0.747822
v 0.13177009 -0.75383222 0.51123697 0.659817 0.658064 0.657244
v 0.17199503 -0.69452989 0.36817557 0.525065 0.524952 0.524898
v 0.10082441 -0.71688533 0.43954396 0.516316 0.516275 0.516256
v 0.07643613 -0.76072258 0.64110887 0.551133 0.550865 0.550738
v 0.07856125 -0.73415548 0.49987945 0.528097 0.527967 0.527906
v 0.33029783 -0.75232881 0.58246493 0.758291 0.751571 0.748395
v 0.30426809 -0.62002158 0.43813327 0.633845 0.621713 0.615693
v 0.34591317 -0.63439238 0.55016875 0.814687 0.787895 0.775272
v 0.37776673 -0.87580335 0.77029175 0.664975 0.656094 0.651912
v 0.37474447 -0.67836821 0.63565415 0.748552 0.718141 0.703825
v 0.19156867 -0.70885974 -0.35515428 0.675641 0.653952 0.643759
v 0.27274054 -0.59790647 -0.36675221 0.746760 0.714876 0.699869
v 0.23666193 -0.80926406 -0.34525409 0.571096 0.569503 0.568792
v 0.32330441 -0.66399461 -0.36551616 0.837050 0.799829 0.782302
v 0.10745581 -0.51726627 -0.36869568 0.600346 0.587172 0.580951
v 0.16509832 -0.44933897 -0.38457307 0.632886 0.617033 0.609571
v 0.08287901 -0.47557235 -0.38313842 0.588701 0.577014 0.571514
v 0.13735554 -0.41302586 -0.39914626 0.611014 0.597798 0.591578
v 0.12035864 -0.61352706 -0.33157468 0.608788 0.597341 0.591949
v 0.16972816 -0.78132188 -0.32095611 0.536876 0.534850 0.533896
v 0.10287307 -0.64888406 -0.30081058 0.597633 0.591348 0.588385
v 0.06491731 -0.52023816 -0.36454844 0.574208 0.563984 0.559170
v 0.07289688 -0.60124159 -0.32153952 0.564008 0.559549 0.557436
v 0.24263921 -0.46426386 -0.36988765 0.676806 0.655142 0.644947
v 0.32953966 -0.55337930 -0.35455558 0.789207 0.757815 0.743036
v 0.28878054 -0.42777732 -0.36000073 0.690915 0.668615 0.658121
v 0.17590094 -0.39003029 -0.39438760 0.631879 0.617055 0.610079
v 0.25069943 -0.39313832 -0.37266791 0.662694 0.643551 0.634541
v 0.42923287 -0.33015871 -0.19038904 0.608723 0.597712 0.592530
v 0.44324902 -0.29158366 -0.10383019 0.593571 0.583870 0.579303
v 0.44096413 -0.39590913 -0.18327323 0.611935 0.600408 0.594982
v 0.44977638 -0.35059026 -0.08898456 0.596025 0.585658 0.580773
v 0.37523192 -0.16098845 -0.20252793 0.561028 0.555759 0.553321
v 0.39566702 -0.13940552 -0.13765916 0.579259 0.571950 0.568523
v 0.35932466 -0.11189187 -0.20943357 0.537765 0.535160 0.533937
v 0.37879616 -0.09721419 -0.15125552 0.564945 0.559551 0.557028
v 0.38922420 -0.25298712 -0.23515186 0.623068 0.612087 0.606918
v 0.42242005 -0.38116986 -0.23431948 0.632651 0.620218 0.614365
v 0.38256583 -0.29361156 -0.27621657 0.656002 0.642381 0.635970
v 0.43573242 -0.19037008 -0.08437651 0.587866 0.579178 0.575089
v 0.45090240 -0.29810706 -0.05283733 0.599709 0.589641 0.584904
v 0.43948767 -0.20086470 -0.03865173 0.581825 0.573540 0.569637
v 0.35657474 -0.14358854 -0.23922212 0.552191 0.548470 0.546708
v 0.36840826 -0.23288357 -0.27480578 0.636862 0.624267 0.618338
v 0.39550340 -0.10763788 -0.11393853 0.576489 0.570008 0.566958
v 0.43050462 -0.15175147 -0.05567688 0.579934 0.572295 0.568701
v 0.38981101 -0.39110142 0.26979515 0.580641 0.570581 0.565841
v 0.40833229 -0.33310983 0.17160174 0.539713 0.533617 0.530708
v 0.38130721 -0.43592939 0.24144208 0.576142 0.566765 0.562346
v 0.40653491 -0.37744576 0.14357521 0.581134 0.571699 0.567230
v 0.40457058 -0.25593185 0.32377142 0.506620 0.504276 0.503169
v 0.41251087 -0.20784971 0.23236482 0.502539 0.500774 0.499944
v 0.40618622 -0.21302569 0.33356249 0.504387 0.502696 0.501899
v 0.41190308 -0.17032200 0.24561615 0.506255 0.504757 0.504052
v 0.39288825 -0.35077953 0.35466492 0.593541 0.582639 0.577501
v 0.37368631 -0.44516242 0.30997479 0.581218 0.571112 0.566348
v 0.38190985 -0.40814874 0.40150094 0.607406 0.595243 0.589506
v 0.41575736 -0.24216078 0.16243505 0.509935 0.507384 0.506178
v 0.41851577 -0.32562089 0.11368898 0.573578 0.565107 0.561118
v 0.42019862 -0.23516312 0.11012544 0.561115 0.554408 0.551250
v 0.40076786 -0.25861460 0.37648082 0.505922 0.503550 0.502429
v 0.39045438 -0.35747755 0.41518649 0.602345 0.590481 0.584894
v 0.41342044 -0.16726138 0.19747673 0.512633 0.510523 0.509532
v 0.41749674 -0.19752556 0.13136147 0.551548 0.545971 0.543348
v 0.06428984 -0.07277869 0.88581824 0.695352 0.677924 0.669724
v -0.07148053 -0.07875724 0.88642579 0.694013 0.676136 0.667719
v 0.07509749 -0.14080131 0.93914163 0.762840 0.739791 0.728943
v -0.08314675 -0.15164685 0.93463898 0.760534 0.736603 0.725341
v 0.05268153 0.07152595 0.74875790 0.638284 0.631645 0.628521
v -0.05543145 0.07083184 0.75181174 0.629786 0.623353 0.620327
v 0.04866409 0.09902093 0.70230854 0.619178 0.615539 0.613825
v -0.05081215 0.09796537 0.70463884 0.618924 0.615353 0.613675
v 0.11844425 0.01197391 0.80287468 0.583511 0.576198 0.572759
v 0.13104938 -0.10628600 0.87847626 0.656188 0.637659 0.628940
v 0.17666838 -0.01578196 0.79921961 0.588186 0.581544 0.578400
v -0.12017719 0.00430816 0.80671662 0.528573 0.525329 0.523809
v -0.13843930 -0.11812568 0.88112873 0.656856 0.638108 0.629287
v -0.17774612 -0.02839707 0.80584300 0.514291 0.514021 0.513893
v 0.10151857 0.08383812 0.71521986 0.639373 0.633765 0.631126
v 0.16477364 0.02711462 0.75966454 0.543080 0.542026 0.541530
v -0.10297450 0.07986969 0.71885741 0.644242 0.638655 0.636031
v -0.16673699 0.02190840 0.76845086 0.548667 0.547910 0.547552
v 0.36164817 -0.36602718 0.73403853 0.662790 0.648496 0.641770
v 0.33184975 -0.24839763 0.76514608 0.654410 0.638479 0.630982
v 0.33935642 -0.42202079 0.78476220 0.683109 0.667517 0.660181
v 0.29684395 -0.29382437 0.81049830 0.672548 0.654725 0.646338
v 0.38802147 -0.22499433 0.57193100 0.572303 0.564530 0.560850
v 0.37740111 -0.14641610 0.60257006 0.590654 0.581619 0.577357
v 0.39048991 -0.18975288 0.51947534 0.497349 0.496269 0.495762
v 0.37527409 -0.12684307 0.54771578 0.553818 0.548543 0.546072
v 0.38672593 -0.33569956 0.63590628 0.618829 0.605817 0.599691
v 0.36766705 -0.45840064 0.74406421 0.668453 0.655115 0.648840
v 0.39178181 -0.41175699 0.64551401 0.625073 0.611181 0.604643
v 0.39213192 -0.24164313 0.52639210 0.527860 0.523373 0.521267
v 0.39164388 -0.35082304 0.58681077 0.616777 0.603671 0.597503
v 0.35271803 -0.14208543 0.69749439 0.638969 0.625693 0.619445
v 0.29857060 -0.21156935 0.80561543 0.657167 0.639872 0.631732
v 0.31968087 -0.11163011 0.73288918 0.647592 0.633778 0.627276
v 0.36219841 -0.10418913 0.58408803 0.587861 0.579769 0.575962
v 0.33426404 -0.09322118 0.67459452 0.618327 0.606887 0.601505
v -0.36858711 -0.37992147 0.72210407 0.654392 0.638420 0.630939
v -0.33291683 -0.26857579 0.76614529 0.616249 0.603306 0.597257
v -0.35095155 -0.43814260 0.78204560 0.694135 0.678680 0.671400
v -0.29805014 -0.31508076 0.81239223 0.502120 0.500810 0.500187
v -0.38915035 -0.23292775 0.55675524 0.565082 0.556937 0.553113
v -0.37583876 -0.15814777 0.60096622 0.605584 0.594412 0.589153
v -0.39079562 -0.19585955 0.50765681 0.513870 0.510937 0.509553
v -0.37787107 -0.13228978 0.54800397 0.599065 0.589325 0.584741
v -0.38796079 -0.34357595 0.60637009 0.636035 0.620403 0.613047
v -0.38201481 -0.47049728 0.72456634 0.719330 0.696868 0.686299
v -0.39126259 -0.41536194 0.59923518 0.649196 0.631602 0.623323
v -0.39332011 -0.24607474 0.50551200 0.515755 0.512112 0.510425
v -0.39142758 -0.35360828 0.54665935 0.625011 0.610468 0.603624
v -0.35526031 -0.15659326 0.70581269 0.656033 0.641001 0.633929
v -0.29433069 -0.23538145 0.80576706 0.648301 0.632526 0.625098
v -0.32093218 -0.12707114 0.74520373 0.661740 0.646821 0.639805
v -0.36418819 -0.11085659 0.58826935 0.602558 0.592417 0.587645
v -0.33685076 -0.10395509 0.68516898 0.610239 0.599330 0.594193
v 0.22534670 0.08991578 0.45157576 0.564482 0.561759 0.560477
v 0.21871035 0.07655104 0.53411198 0.586319 0.583017 0.581462
v 0.19182214 0.10539332 0.45820427 0.565936 0.563982 0.563061
v 0.18480426 0.09657311 0.54368293 0.584413 0.581980 0.580835
v 0.30775666 0.03583866 0.41375467 0.576855 0.574056 0.572720
v 0.30671066 0.01481470 0.48805058 0.586250 0.581657 0.579459
v 0.32627776 0.01917484 0.39493671 0.580154 0.577242 0.575867
v 0.32784787 -0.00445117 0.46639216 0.576911 0.572357 0.570207
v 0.27366152 0.07124025 0.39804077 0.566855 0.564762 0.563777
v 0.21344562 0.10437685 0.41599748 0.557445 0.555417 0.554457
v 0.26251063 0.08706295 0.36494854 0.556658 0.554684 0.553753
v 0.31761175 0.03700125 0.36838412 0.574172 0.571674 0.570482
v 0.28929588 0.07077348 0.35459855 0.563700 0.561708 0.560767
v 0.26455832 0.03491451 0.55529904 0.591628 0.586821 0.584554
v 0.19698794 0.07989328 0.58160347 0.594952 0.591472 0.589834
v 0.24883042 0.03678997 0.60762084 0.593657 0.587501 0.584599
v 0.31867591 -0.00879580 0.51465976 0.582963 0.577424 0.574810
v 0.28061098 0.01129525 0.58858722 0.584535 0.577759 0.574540
v -0.22648723 0.08739439 0.45977062 0.568095 0.565846 0.564787
v -0.22012961 0.07503068 0.54187262 0.598668 0.595409 0.593875
v -0.19368316 0.10320449 0.46632189 0.568930 0.567217 0.566410
v -0.18526277 0.09468295 0.54917717 0.595166 0.592442 0.591158
v -0.30884713 0.03642976 0.42320794 0.592432 0.589199 0.587654
v -0.30693880 0.01300019 0.49676260 0.599354 0.594502 0.592174
v -0.32778791 0.01942621 0.40497693 0.596220 0.593217 0.591798
v -0.32831246 -0.00628029 0.47519264 0.590759 0.586191 0.584038
v -0.27460605 0.06998575 0.40679401 0.578867 0.576689 0.575662
v -0.21322645 0.10082823 0.42270276 0.559058 0.557566 0.556858
v -0.26378393 0.08505741 0.37372667 0.566480 0.564468 0.563519
v -0.32009923 0.03781226 0.37892970 0.590900 0.588196 0.586904
v -0.29086670 0.06954452 0.36417034 0.574681 0.572526 0.571509
v -0.26579255 0.03265238 0.56413782 0.588040 0.584291 0.582520
v -0.19889341 0.07851145 0.58907688 0.603717 0.600412 0.598855
v -0.24992894 0.03357501 0.61638105 0.565127 0.562433 0.561163
v -0.31906596 -0.01203860 0.52335584 0.589789 0.584409 0.581875
v -0.28148824 0.00737187 0.59764290 0.556552 0.553079 0.551411
v 0.02655450 0.03423633 -0.60377967 0.615702 0.602779 0.596338
v -0.02918371 0.03340306 -0.60201263 0.615049 0.602005 0.595471
v 0.02458502 0.00403479 -0.54668152 0.626712 0.616399 0.611535
v -0.02509303 0.00488123 -0.54388285 0.621770 0.611912 0.607259
v 0.03255433 0.13572748 -0.78645426 0.734595 0.629121 0.571758
v -0.04252825 0.13949826 -0.77624309 0.719681 0.620335 0.566303
v 0.03514582 0.19369742 -0.81289822 0.767603 0.643551 0.576084
v -0.04782020 0.19538033 -0.81039131 0.773289 0.649350 0.581944
v 0.06141681 0.07964572 -0.69434178 0.628246 0.581444 0.556101
v 0.05149793 0.01798993 -0.57152295 0.617679 0.608456 0.604069
v 0.08939214 0.05884620 -0.66151434 0.683784 0.658895 0.645833
v -0.06770602 0.07589813 -0.69132358 0.625332 0.581103 0.557136
v -0.05394166 0.01674058 -0.56883729 0.612512 0.603656 0.599434
v -0.09451765 0.05098376 -0.65878022 0.640242 0.616140 0.603340
v 0.07175891 0.16154300 -0.80215371 0.750027 0.635718 0.573550
v 0.09700834 0.09377081 -0.72570050 0.711226 0.638824 0.599504
v -0.08490054 0.16454303 -0.79491854 0.768819 0.649398 0.584450
v -0.10558604 0.08569863 -0.72176147 0.703303 0.633157 0.595055
v 0.18520471 -0.14803073 -0.41065860 0.656418 0.640313 0.632735
v 0.14741932 -0.05731618 -0.43201542 0.655816 0.640930 0.633924
v 0.15629312 -0.18416849 -0.42565575 0.661173 0.644378 0.636475
v 0.12154174 -0.09135202 -0.44458446 0.665297 0.648140 0.640065
v 0.26818052 -0.05343923 -0.36160147 0.602275 0.594175 0.590366
v 0.23963103 0.00508544 -0.42221537 0.615211 0.608228 0.604934
v 0.28613135 -0.02881068 -0.34495741 0.597119 0.591346 0.588619
v 0.26824045 0.02502948 -0.41695482 0.618401 0.611173 0.607720
v 0.24936166 -0.13963452 -0.37631175 0.644693 0.629696 0.622634
v 0.18879643 -0.21130055 -0.41085920 0.651610 0.635166 0.627428
v 0.25455713 -0.20025560 -0.37805513 0.652569 0.636479 0.628908
v 0.29146636 -0.07862133 -0.33443207 0.561819 0.557677 0.555751
v 0.28449920 -0.16397935 -0.35960820 0.646956 0.632442 0.625607
v 0.18569231 -0.00521335 -0.47924718 0.618204 0.612144 0.609291
v 0.11847183 -0.03246994 -0.45972174 0.632096 0.619909 0.614174
v 0.16272220 0.00411081 -0.53295809 0.634854 0.628443 0.625424
v 0.25049406 0.02297795 -0.48598766 0.627340 0.618821 0.614708
v 0.19729868 0.00694473 -0.54976308 0.661104 0.653932 0.650514
v -0.18675861 -0.15492600 -0.41953948 0.659112 0.642991 0.635403
v -0.15378986 -0.06444938 -0.44412804 0.646185 0.631833 0.625081
v -0.15863152 -0.18785417 -0.43813667 0.655143 0.638187 0.630209
v -0.12585804 -0.09620200 -0.45707577 0.657368 0.640890 0.633137
v -0.25411609 -0.06311256 -0.34660593 0.568815 0.563414 0.560876
v -0.24154335 -0.00202502 -0.41815835 0.601240 0.595808 0.593239
v -0.27705726 -0.03999755 -0.33233839 0.564336 0.560805 0.559140
v -0.27234808 0.01432483 -0.41108194 0.590177 0.585235 0.582879
v -0.24332589 -0.15032640 -0.37606874 0.564698 0.557214 0.553679
v -0.19181310 -0.21660182 -0.42430973 0.653545 0.636701 0.628771
v -0.25312689 -0.20960957 -0.38137853 0.616997 0.604215 0.598176
v -0.28350353 -0.08968338 -0.32613689 0.536449 0.534196 0.533143
v -0.27792379 -0.17515928 -0.35538271 0.525527 0.521635 0.519822
v -0.18719482 -0.00775334 -0.47088224 0.594759 0.590031 0.587809
v -0.12374014 -0.03784578 -0.46743888 0.623705 0.612055 0.606577
v -0.16405179 -0.00235964 -0.52418196 0.605583 0.600398 0.597959
v -0.25603005 0.01863755 -0.47153589 0.615370 0.608746 0.605564
v -0.20039243 0.00294326 -0.53791237 0.637169 0.631063 0.628157
v 0.28958157 0.40029499 -0.86105883 0.745874 0.717332 0.702945
v 0.24426849 0.28972653 -0.91423166 0.871472 0.752847 0.688341
v 0.26486903 0.44758961 -0.85868359 0.759993 0.738106 0.727677
v 0.20942612 0.33309180 -0.87700182 0.744999 0.642422 0.586630
v 0.38983846 0.24184620 -0.70594352 0.659793 0.636827 0.625154
v 0.35685652 0.12464496 -0.77519554 0.714135 0.659902 0.630615
v 0.37590802 0.19686118 -0.60834295 0.637675 0.625385 0.619393
v 0.36950162 0.10859872 -0.65600151 0.650287 0.622866 0.608418
v 0.36304420 0.36600634 -0.75243390 0.678353 0.660483 0.652005
v 0.29114121 0.47221878 -0.79677230 0.684052 0.666751 0.658623
v 0.34762293 0.43921998 -0.69207001 0.666959 0.650779 0.643165
v 0.36777446 0.25527492 -0.60447067 0.638888 0.627204 0.621687
v 0.35687476 0.37653095 -0.64434725 0.660520 0.645662 0.638669
v 0.26721624 0.10712573 -0.95870978 0.855263 0.744691 0.684549
v 0.20201574 0.25532895 -0.87375259 0.755868 0.626370 0.555979
v 0.22137080 0.12097834 -0.85971314 0.880507 0.762469 0.698267
v 0.32119453 0.07297821 -0.71072578 0.664076 0.625591 0.604998
v 0.23959360 0.03532948 -0.86387479 0.849614 0.774077 0.733110
v -0.32447541 0.37681326 -0.84763670 0.732708 0.708387 0.696343
v -0.29258651 0.26522520 -0.98971087 0.904074 0.786732 0.722895
v -0.27470988 0.44219273 -0.85775983 0.763838 0.742892 0.732957
v -0.23533735 0.31730390 -0.89700413 0.795903 0.691257 0.634360
v -0.38789877 0.22283530 -0.64461267 0.631188 0.616913 0.610046
v -0.36715913 0.12611616 -0.71550632 0.671341 0.632113 0.611132
v -0.36608687 0.18895067 -0.56592107 0.619617 0.609407 0.604510
v -0.35513192 0.11751522 -0.60533714 0.631313 0.611360 0.601045
v -0.36818603 0.34501803 -0.70219940 0.651304 0.636185 0.629071
v -0.30605829 0.45998439 -0.79163659 0.693239 0.675810 0.667613
v -0.34793454 0.41196623 -0.67510289 0.648891 0.634309 0.627447
v -0.36606869 0.24074385 -0.56875038 0.625871 0.615648 0.610831
v -0.35652781 0.35172880 -0.62209660 0.635592 0.622418 0.616219
v -0.30160922 0.11725052 -0.89756382 0.788605 0.704132 0.658187
v -0.22526264 0.24027126 -0.89203840 0.839667 0.702655 0.628186
v -0.22807397 0.11446549 -0.84400660 0.891045 0.794091 0.741366
v -0.33373755 0.07763702 -0.66866422 0.623104 0.596596 0.582528
v -0.25046605 0.05185111 -0.82169330 0.729258 0.675025 0.645622
v 0.37208760 0.01309480 -0.06789639 0.552699 0.548114 0.545871
v 0.38370484 -0.02406468 -0.04935034 0.553083 0.549848 0.548312
v 0.36817306 0.02494133 -0.10893256 0.554452 0.549206 0.546628
v 0.37821513 -0.01275427 -0.08867150 0.551056 0.547725 0.546142
v 0.38037384 -0.01452263 0.05886405 0.542335 0.538359 0.536383
v 0.39327270 -0.04927924 0.07587300 0.540375 0.538125 0.537066
v 0.38185453 -0.02101306 0.10122434 0.537252 0.533367 0.531416
v 0.39460659 -0.05519800 0.11818483 0.535249 0.533445 0.532597
v 0.37060517 0.01386631 -0.01455295 0.559956 0.555992 0.554047
v 0.36535382 0.03523348 -0.10021459 0.562483 0.557889 0.555675
v 0.36314321 0.03425597 -0.04717715 0.568784 0.564959 0.563101
v 0.37469524 -0.00244038 0.07121292 0.549663 0.545985 0.544172
v 0.36550742 0.02445233 -0.00326033 0.564950 0.561124 0.559245
v 0.39619851 -0.05988942 0.01927835 0.551140 0.548361 0.547056
v 0.38658595 -0.04026045 -0.06206760 0.553289 0.549843 0.548215
v 0.40177214 -0.07941040 0.00443289 0.560001 0.555805 0.553832
v 0.40034115 -0.07267079 0.10505232 0.537691 0.535284 0.534157
v 0.40443599 -0.08756720 0.04714647 0.555318 0.551319 0.549441
v -0.37100506 0.01410541 -0.05421644 0.539792 0.536304 0.534564
v -0.38153613 -0.02589533 -0.03727090 0.537079 0.535407 0.534606
v -0.36576188 0.02499573 -0.09574485 0.536325 0.532772 0.530986
v -0.37444133 -0.01617808 -0.07733934 0.533079 0.531692 0.531021
v -0.38044345 -0.01233615 0.07309870 0.548368 0.544150 0.542055
v -0.39293957 -0.04780190 0.08874460 0.557040 0.554061 0.552657
v -0.38226694 -0.01909949 0.11526353 0.548378 0.543458 0.541006
v -0.39395785 -0.05333577 0.13104378 0.555051 0.551831 0.550316
v -0.37165034 0.01668964 0.00000821 0.545981 0.542852 0.541298
v -0.36474007 0.03801428 -0.08562634 0.541452 0.538774 0.537459
v -0.36582363 0.03855792 -0.03133365 0.553962 0.551221 0.549864
v -0.37618756 -0.00015549 0.08628512 0.547050 0.543239 0.541346
v -0.36836284 0.02773274 0.01238061 0.553872 0.551284 0.550008
v -0.39584422 -0.05961896 0.03172065 0.551180 0.548908 0.547839
v -0.38494128 -0.04352386 -0.05086002 0.528465 0.527340 0.526802
v -0.40229768 -0.07958455 0.01642425 0.535685 0.533975 0.533171
v -0.40023166 -0.07134314 0.11674697 0.550287 0.547089 0.545585
v -0.40557563 -0.08607204 0.05894681 0.548598 0.545900 0.544631
v -0.13018979 0.26680529 -0.11723153 0.516485 0.515746 0.515396
v -0.14898439 0.24802595 -0.06651169 0.523295 0.522625 0.522309
v -0.17113009 0.46888036 -0.24051489 0.548760 0.543337 0.540788
v -0.19958667 0.51260382 -0.29545274 0.553448 0.547119 0.544139
v -0.11907591 0.25662428 -0.06713115 0.520581 0.520019 0.519753
v -0.16479793 0.54596984 -0.27688062 0.542180 0.537067 0.534667
v -0.23696238 0.17756295 0.02490613 0.516439 0.515767 0.515431
v -0.25897512 0.16147619 0.01995127 0.522296 0.521480 0.521075
v -0.25713632 0.15342480 0.07022893 0.523722 0.522759 0.522267
v -0.33619264 0.48161182 -0.39794004 0.617758 0.610650 0.607278
v -0.30248389 0.40353158 -0.34260914 0.618505 0.610095 0.606121
v -0.36522645 0.50667250 -0.41666847 0.741317 0.728267 0.722109
v -0.28556454 0.18412018 -0.14731507 0.543478 0.541908 0.541159
v -0.29037058 0.16255051 -0.09590207 0.534394 0.533250 0.532704
v -0.30451944 0.15020859 -0.10282809 0.543439 0.542078 0.541426
v 0.14036666 0.26662076 -0.12009138 0.509678 0.509428 0.509308
v 0.15523036 0.24973595 -0.07022741 0.520244 0.519672 0.519398
v 0.16688460 0.46895853 -0.23822126 0.543048 0.538350 0.536135
v 0.18469432 0.50771844 -0.28836638 0.543484 0.538432 0.536048
v 0.12763178 0.25789791 -0.07078888 0.516001 0.515634 0.515458
v 0.16189852 0.55000043 -0.27680781 0.550439 0.544757 0.542079
v 0.23502800 0.18576574 0.01796868 0.527038 0.525158 0.524253
v 0.25473103 0.17037588 0.01190071 0.530820 0.528812 0.527844
v 0.25238526 0.16172874 0.06073394 0.530978 0.529006 0.528054
v 0.26088083 0.44243580 -0.33978981 0.563129 0.557656 0.555070
v 0.26297840 0.37224996 -0.31246105 0.568119 0.563650 0.561539
v 0.27899897 0.43950421 -0.36212802 0.584141 0.577764 0.574747
v 0.27974299 0.19225085 -0.14938207 0.550106 0.547619 0.546441
v 0.28344253 0.17128861 -0.10051368 0.546492 0.544050 0.542885
v 0.29690734 0.15682933 -0.10991142 0.556637 0.553892 0.552596
v -0.21171868 -0.67393416 0.09739482 0.510078 0.510068 0.510063
v -0.23229212 -0.66000879 0.15591834 0.518465 0.517979 0.517724
v -0.17627114 -0.95683873 -0.08621958 0.653578 0.653578 0.653578
v -0.26324052 -0.98868775 -0.20817962 0.709415 0.709415 0.709415
v -0.18971157 -0.68292624 0.16825633 0.528253 0.528221 0.528203
v -0.14860508 -0.91832048 -0.21088924 0.752056 0.752057 0.752057
v -0.33183801 -0.55004179 0.21992598 0.556983 0.550651 0.547600
v -0.35678858 -0.50940263 0.19733679 0.568186 0.561124 0.557785
v -0.34557343 -0.51466697 0.25786537 0.571193 0.564171 0.560851
v -0.43291390 -0.62807918 -0.28395036 0.737201 0.718453 0.709628
v -0.45438087 -0.54365361 -0.21988262 0.647029 0.632146 0.625141
v -0.42073387 -0.53209496 -0.28150743 0.710899 0.693595 0.685453
v -0.43081889 -0.41776332 -0.00916957 0.581316 0.572055 0.567687
v -0.41869420 -0.41810533 0.04448188 0.576212 0.567454 0.563321
v -0.43036482 -0.36633834 0.02417117 0.579257 0.570324 0.566112
v 0.19969627 -0.68106198 0.12429035 0.516601 0.516584 0.516576
v 0.22018105 -0.67576784 0.19798540 0.522919 0.522742 0.522647
v 0.19979730 -0.95636588 -0.09698324 0.675595 0.675595 0.675595
v 0.26600957 -0.98241770 -0.22708113 0.720015 0.720011 0.720009
v 0.17437392 -0.69420767 0.20591533 0.528446 0.528444 0.528443
v 0.14956066 -0.91300714 -0.21777324 0.753338 0.753338 0.753337
v 0.32352734 -0.57187116 0.27493215 0.564619 0.557275 0.553747
v 0.35053205 -0.52656043 0.24229720 0.567949 0.560013 0.556261
v 0.33893144 -0.53899062 0.31732649 0.573180 0.565028 0.561168
v 0.43420771 -0.62386405 -0.28286397 0.779225 0.758137 0.748214
v 0.44850183 -0.53803331 -0.22211561 0.659819 0.644524 0.637333
v 0.42382601 -0.52186716 -0.28394276 0.716534 0.697854 0.689066
v 0.42997393 -0.41606006 -0.00948160 0.586210 0.576702 0.572221
v 0.41817987 -0.41883427 0.05043222 0.580056 0.570974 0.566695
v 0.42972189 -0.36497530 0.02502027 0.584574 0.575351 0.570994
v -0.07342711 -0.71658796 0.68749923 0.549147 0.548925 0.548823
v 0.00478514 -0.66455215 0.71721286 0.529774 0.529484 0.529349
v -0.28285721 -0.77906859 0.86110407 0.840100 0.819982 0.810509
v -0.31517389 -0.61707520 0.84729666 0.848485 0.819567 0.805962
v -0.01029618 -0.69369459 0.65276653 0.529653 0.529472 0.529388
v -0.36930498 -0.68091577 0.79349953 0.887482 0.859310 0.846057
v 0.28389922 -0.71377736 0.87093091 0.671233 0.656761 0.649949
v 0.29870909 -0.58616191 0.83619934 0.725853 0.705118 0.695360
v 0.33758694 -0.65214527 0.80696017 0.815865 0.794261 0.784093
v 0.12849748 -0.26553243 0.89415181 0.655349 0.636289 0.627320
v 0.19254965 -0.29967734 0.87405223 0.672476 0.652897 0.643683
v -0.13576196 -0.27901572 0.89320481 0.534007 0.525557 0.521594
v -0.19450606 -0.31915951 0.86953968 0.452764 0.452775 0.452781
v 0.19393770 -0.21933779 0.87058789 0.657120 0.637620 0.628444
v -0.19848895 -0.23791990 0.87200832 0.566598 0.555638 0.550452
v -0.01870639 0.16444248 0.30671865 0.519399 0.519061 0.518899
v 0.02078539 0.16531736 0.30566198 0.519532 0.519198 0.519036
v -0.12713137 0.13345373 0.38721249 0.544169 0.543647 0.543396
v -0.14253362 0.12436935 0.42745900 0.555997 0.554961 0.554440
v 0.00176474 0.17831385 0.26511082 0.524616 0.523839 0.523473
v -0.16380826 0.12479392 0.38681594 0.546212 0.545029 0.544448
v 0.12793556 0.13664603 0.38267314 0.536912 0.536343 0.536067
v 0.14198987 0.12707391 0.42191434 0.549911 0.548659 0.548022
v 0.16381015 0.12809345 0.38068956 0.542667 0.541348 0.540686
v 0.08529870 0.12184350 0.62596977 0.615324 0.613588 0.612769
v 0.11827777 0.11695263 0.58745849 0.605380 0.603804 0.603058
v -0.08708377 0.12204438 0.62869000 0.610578 0.609251 0.608626
v -0.12098708 0.12055624 0.59285998 0.616154 0.614491 0.613707
v 0.13002755 0.10596187 0.63151288 0.610542 0.607984 0.606778
v -0.13162073 0.10499738 0.63604498 0.619980 0.617306 0.616051
v -0.01532182 -0.44382381 -0.39768964 0.580538 0.570765 0.566157
v 0.02268952 -0.44334507 -0.39952531 0.582809 0.573147 0.568591
v -0.11527401 -0.33456725 -0.43519852 0.615511 0.602765 0.596766
v -0.12280464 -0.28285640 -0.45046052 0.633272 0.618280 0.611223
v 0.00238936 -0.48276249 -0.38050979 0.580716 0.570679 0.565941
v -0.15247272 -0.30791754 -0.43014476 0.627522 0.612529 0.605472
v 0.12277785 -0.33334661 -0.43084651 0.614494 0.602251 0.596487
v 0.12976751 -0.28088352 -0.44107854 0.633994 0.619203 0.612241
v 0.15517092 -0.30528983 -0.42098737 0.626570 0.611918 0.605022
v 0.04739920 -0.06877962 -0.49277180 0.678630 0.661162 0.652942
v 0.07147105 -0.09616064 -0.47400728 0.667581 0.649979 0.641693
v -0.04648297 -0.06944290 -0.49667552 0.670038 0.653016 0.645006
v -0.07149446 -0.09825999 -0.48224673 0.662234 0.645000 0.636890
v 0.06923158 -0.03844093 -0.49077636 0.653160 0.639171 0.632590
v -0.07170393 -0.03964262 -0.49527538 0.648797 0.635279 0.628916
v -0.03473529 0.80472463 -0.71874261 0.755593 0.722390 0.704700
v 0.05599105 0.80871713 -0.72685659 0.772005 0.738338 0.720393
v -0.21962693 0.63459551 -0.78475052 0.794345 0.767913 0.755487
v -0.22538818 0.56102955 -0.81871992 0.787444 0.759876 0.746909
v 0.00654446 0.83328956 -0.65849125 0.544847 0.543275 0.542443
v -0.27513188 0.60121751 -0.78015459 0.801086 0.775264 0.763139
v 0.25439128 0.64961451 -0.77296746 0.856185 0.829015 0.816251
v 0.26000997 0.56638783 -0.80880308 0.804780 0.776928 0.763847
v 0.27364179 0.59808344 -0.75562644 0.717336 0.695248 0.684862
v 0.08349910 0.29739857 -0.82852781 0.693172 0.573775 0.508864
v 0.12986016 0.33270675 -0.83791870 0.690597 0.586079 0.529238
v -0.09594208 0.29785627 -0.83516747 0.682409 0.557744 0.489992
v -0.14163047 0.33069757 -0.84889698 0.699907 0.586264 0.524455
v 0.12321781 0.26272699 -0.82923108 0.682017 0.559404 0.492727
v -0.13631499 0.25934982 -0.83765692 0.708197 0.571981 0.498003
v 0.34342256 0.17034855 -0.40120980 0.586343 0.580153 0.577204
v 0.35037044 0.17228696 -0.45842838 0.597137 0.589537 0.585886
v 0.35348272 0.08653512 -0.21899419 0.568548 0.563761 0.561451
v 0.35839307 0.06120990 -0.18256384 0.561267 0.556079 0.553557
v 0.34416986 0.20992920 -0.45729056 0.599797 0.592343 0.588812
v 0.35578704 0.07300428 -0.17630313 0.573197 0.568868 0.566792
v 0.33192495 -0.04754539 -0.25450230 0.559545 0.556888 0.555637
v 0.31732887 -0.02781127 -0.28982148 0.576854 0.573278 0.571588
v 0.36766928 -0.03420840 -0.15075614 0.565894 0.561749 0.559801
v 0.36983120 -0.01645721 -0.13808344 0.556134 0.552809 0.551242
v 0.32521927 -0.07404886 -0.27890030 0.552532 0.550153 0.549034
v 0.37999678 -0.04754622 -0.11507128 0.564269 0.559740 0.557611
v 0.30522829 0.06094780 -0.45866099 0.613822 0.605835 0.601932
v 0.32336506 0.07986903 -0.50972140 0.613771 0.601405 0.595183
v 0.29805130 0.05760634 -0.53875297 0.627345 0.614066 0.607377
v 0.34908020 0.01102847 0.28621113 0.556797 0.555061 0.554243
v 0.34551102 0.00770050 0.33007729 0.560881 0.558238 0.556994
v 0.36938411 -0.00343017 0.16961558 0.550515 0.547787 0.546448
v 0.37646002 -0.01437123 0.15628718 0.547629 0.545133 0.543929
v 0.33774254 0.02443215 0.30454817 0.559618 0.557500 0.556497
v 0.36882406 0.00196172 0.12718618 0.552906 0.550151 0.548811
v 0.40308824 -0.17245197 0.38515177 0.503835 0.503100 0.502754
v 0.39963913 -0.16620249 0.42886078 0.502318 0.501639 0.501321
v 0.40833926 -0.10545953 0.22231553 0.520748 0.519248 0.518545
v 0.40265602 -0.08120915 0.19084075 0.531556 0.530080 0.529387
v 0.39916763 -0.21064125 0.42992640 0.500621 0.499353 0.498756
v 0.40818793 -0.10183387 0.17878455 0.523421 0.521884 0.521158
v 0.36564270 -0.07484485 0.48108298 0.567216 0.561810 0.559264
v 0.35485813 -0.04679063 0.46289316 0.569584 0.564272 0.561761
v 0.35091621 -0.05698622 0.51141167 0.575869 0.569995 0.567227
v -0.34533668 0.16808066 -0.38855758 0.582572 0.577296 0.574788
v -0.34865749 0.16777478 -0.43980911 0.584559 0.578003 0.574882
v -0.35166252 0.08791938 -0.20635386 0.550381 0.547160 0.545587
v -0.35584289 0.06138048 -0.16957629 0.541612 0.538176 0.536469
v -0.34729236 0.20513907 -0.44348097 0.599069 0.592268 0.589053
v -0.35535002 0.07545915 -0.16255561 0.554505 0.551685 0.550316
v -0.33128703 -0.05851322 -0.25197843 0.539916 0.538706 0.538134
v -0.31378561 -0.03895266 -0.28505331 0.547102 0.545514 0.544763
v -0.36732972 -0.04157968 -0.14329934 0.525572 0.524835 0.524486
v -0.36464161 -0.02064233 -0.12645975 0.530108 0.529175 0.528719
v -0.32608685 -0.08486061 -0.27802441 0.532063 0.530609 0.529921
v -0.37887502 -0.05356148 -0.10551077 0.524131 0.523401 0.523054
v -0.30566555 0.04974247 -0.44380021 0.592226 0.585369 0.582019
v -0.32125428 0.07520799 -0.48492172 0.592680 0.581872 0.576441
v -0.30101156 0.05487392 -0.51517695 0.599900 0.589426 0.584201
v -0.35275072 0.01193884 0.29906034 0.578004 0.575074 0.573696
v -0.34829059 0.00797796 0.34168559 0.571186 0.568338 0.566997
v -0.37154138 -0.00178722 0.18387879 0.560337 0.557548 0.556196
v -0.37724298 -0.01313923 0.17007978 0.550622 0.547449 0.545925
v -0.34285781 0.02485767 0.31774935 0.572845 0.570201 0.568956
v -0.37168998 0.00386429 0.14212583 0.558362 0.555206 0.553686
v -0.40293452 -0.17258629 0.37610316 0.539378 0.535081 0.533065
v -0.39879775 -0.16909823 0.41954744 0.539670 0.535403 0.533395
v -0.40736413 -0.10321411 0.23017029 0.559609 0.554852 0.552612
v -0.40183872 -0.08003023 0.20045471 0.564480 0.560291 0.558318
v -0.40041754 -0.21023567 0.41359624 0.513042 0.510494 0.509299
v -0.40783495 -0.09984802 0.18781288 0.560431 0.555914 0.553784
v -0.36834797 -0.07705902 0.48685458 0.575808 0.569276 0.566201
v -0.35664877 -0.04884169 0.47058961 0.572290 0.566508 0.563783
v -0.35298374 -0.06002126 0.51864362 0.582209 0.575631 0.572541
v -0.01698058 0.24741989 0.03270644 0.509138 0.508764 0.508581
v 0.02375292 0.24773735 0.03195480 0.508824 0.508427 0.508237
v 0.00242520 0.23687273 0.08399889 0.514835 0.514001 0.513605
v -0.02818182 0.75872982 -0.33539611 0.606449 0.596955 0.591980
v 0.03712163 0.76427901 -0.34049484 0.598083 0.588779 0.583893
v 0.00766110 0.80215687 -0.40282044 0.545343 0.543924 0.543147
v -0.28248644 0.10079026 0.25226492 0.552863 0.550986 0.550077
v -0.26859230 0.10020870 0.29607925 0.556482 0.554928 0.554196
v -0.29661274 0.08388042 0.28962645 0.565435 0.563444 0.562494
v -0.35404891 0.47952467 -0.52420366 0.651697 0.638559 0.632362
v -0.34727418 0.47987422 -0.58636385 0.633250 0.620009 0.613771
v -0.34516504 0.41276011 -0.53793883 0.642655 0.629720 0.623631
v -0.35222143 0.07641688 -0.04125126 0.563417 0.561935 0.561234
v -0.35646635 0.06923541 -0.05312456 0.561448 0.559741 0.558928
v -0.35878593 0.05616137 -0.00731718 0.567598 0.565744 0.564863
v 0.27443579 0.10404062 0.23854327 0.543095 0.541304 0.540432
v 0.26299846 0.10210788 0.28408203 0.545297 0.543736 0.542997
v 0.29057401 0.08644456 0.27683017 0.551781 0.549830 0.548883
v 0.34718394 0.53560740 -0.47276270 0.604993 0.596835 0.592990
v 0.35009694 0.52959198 -0.55068654 0.637024 0.626436 0.621445
v 0.33909193 0.44852075 -0.51557535 0.653677 0.638545 0.631422
v 0.34467942 0.07173237 -0.05850518 0.575438 0.572915 0.571726
v 0.35104537 0.06375033 -0.06944935 0.570879 0.568125 0.566814
v 0.35314029 0.05115452 -0.02431284 0.571411 0.568575 0.567223
v -0.03739148 -0.70594728 0.33557791 0.501014 0.501014 0.501014
v 0.01809372 -0.70792663 0.34598979 0.501583 0.501583 0.501583
v -0.00788703 -0.71157157 0.40875527 0.502899 0.502893 0.502890
v -0.03196286 -0.63855797 -0.25474611 0.534071 0.533813 0.533690
v 0.02600880 -0.63937080 -0.25474536 0.534130 0.533892 0.533778
v -0.00074090 -0.62285876 -0.29047626 0.591323 0.590121 0.589552
v -0.37475049 -0.46464723 0.44760126 0.600726 0.588702 0.582995
v -0.38276806 -0.48031524 0.51467991 0.624468 0.609384 0.602240
v -0.38690293 -0.41192687 0.47050127 0.609702 0.596441 0.590177
v -0.33708438 -0.31959057 -0.33903414 0.685134 0.666870 0.658276
v -0.29518855 -0.29614148 -0.36074081 0.668249 0.650686 0.642418
v -0.33056870 -0.25595310 -0.33985755 0.642505 0.629033 0.622658
v -0.42817500 -0.18032977 0.04125667 0.512146 0.510435 0.509630
v -0.42228049 -0.13836305 0.02018641 0.519727 0.518203 0.517486
v -0.42003191 -0.14752963 0.06395625 0.520592 0.518773 0.517915
v 0.37653711 -0.48469985 0.52335823 0.638378 0.620579 0.612151
v 0.38886577 -0.49388248 0.59223711 0.650883 0.632061 0.623183
v 0.38815629 -0.42156965 0.53106678 0.622495 0.607224 0.600031
v 0.33449411 -0.31233647 -0.34915900 0.689665 0.671819 0.663419
v 0.29502732 -0.28721979 -0.36241680 0.665770 0.648483 0.640347
v 0.33359528 -0.24456301 -0.34535959 0.673674 0.657578 0.650004
v 0.42523608 -0.17850798 0.03460724 0.577434 0.569885 0.566331
v 0.41939569 -0.13650218 0.01095412 0.575667 0.568947 0.565782
v 0.41774118 -0.14741680 0.05589758 0.570736 0.564110 0.560988
v 0.26117122 -0.03197278 0.73110950 0.547557 0.544273 0.542747
v 0.24584688 0.00779611 0.69814891 0.532242 0.530917 0.530287
v 0.28326327 -0.02227386 0.67595297 0.575914 0.569666 0.566723
v -0.26323727 -0.04249294 0.74426776 0.517031 0.516944 0.516907
v -0.24712382 0.00109419 0.70866722 0.532440 0.531824 0.531532
v -0.28506556 -0.03009254 0.68724775 0.510606 0.510192 0.509996
v 0.15142615 0.03957224 -0.65640330 0.728426 0.718286 0.713235
v 0.16403314 0.06815666 -0.73199308 0.810064 0.758444 0.730667
v 0.18888088 0.03062127 -0.69427806 0.706245 0.683389 0.671448
v -0.15232736 0.01581416 -0.65287149 0.750975 0.740702 0.735595
v -0.16908947 0.04146588 -0.73779857 0.784375 0.740707 0.717236
v -0.18946356 0.00427288 -0.70009869 0.716976 0.697156 0.686783
f 1 647 644
f 1 644 643
f 1 643 645
f 1 645 646
f 1 646 647
f 2 649 652
f 6 672 670
f 12 702 699
f 11 696 695
f 8 679 681
f 4 662 659
f 4 659 658
f 4 658 660
f 4 660 661
f 4 661 662
f 5 666 665
f 3 654 657
f 7 673 677
f 9 685 686
f 10 692 688
f 12 701 698
f 6 669 668
f 2 650 648
f 8 682 678
f 11 697 693
f 6 671 669
f 12 700 701
f 11 694 697
f 8 680 682
f 2 651 650
f 10 690 689
f 5 663 664
f 3 655 653
f 7 676 674
f 9 687 684
f 10 691 690
f 5 667 663
f 3 656 655
f 7 675 676
f 9 683 687
f 6 668 672
f 2 648 649
f 8 678 679
f 11 693 696
f 12 698 702
f 10 688 691
f 5 665 667
f 3 657 656
f 7 677 675
f 9 686 683
f 5 664 666
f 3 653 654
f 7 674 673
f 9 684 685
f 10 689 692
f 6 670 671
f 12 699 700
f 11 695 694
f 8 681 680
f 2 652 651
f 35 837 838
f 18 735 736
f 19 742 741
f 40 868 867
f 42 880 879
f 34 832 831
f 33 827 828
f 25 778 780
f 36 844 846
f 20 749 747
f 32 819 820
f 23 765 767
f 24 773 771
f 37 850 849
f 41 876 875
f 34 833 834
f 33 826 825
f 25 779 777
f 36 845 843
f 20 748 750
f 17 729 727
f 14 711 709
f 13 706 703
f 15 718 715
f 16 724 721
f 18 737 733
f 35 839 835
f 42 882 878
f 40 870 866
f 19 744 740
f 30 807 805
f 27 789 787
f 22 762 758
f 28 797 793
f 29 802 799
f 32 821 817
f 23 766 763
f 24 774 770
f 37 852 848
f 41 874 872
f 35 838 836
f 18 736 734
f 19 741 739
f 40 867 865
f 42 879 877
f 34 831 829
f 33 828 824
f 25 780 776
f 36 846 842
f 20 747 745
f 32 820 818
f 23 767 764
f 24 771 769
f 37 849 847
f 41 875 871
f 34 834 830
f 33 825 823
f 25 777 775
f 36 843 841
f 20 750 746
f 14 714 710
f 13 707 704
f 15 719 716
f 16 725 722
f 17 732 728
f 21 755 752
f 31 814 811
f 26 784 781
f 38 857 853
f 39 862 860
f 27 792 788
f 22 759 757
f 28 796 794
f 29 803 800
f 30 810 806
f 31 815 812
f 26 785 782
f 38 856 854
f 39 863 859
f 21 754 751
f 14 712 714
f 13 705 707
f 15 717 719
f 16 723 725
f 17 730 732
f 21 753 755
f 31 816 814
f 26 786 784
f 38 858 857
f 39 861 862
f 27 791 792
f 22 761 759
f 28 795 796
f 29 801 803
f 30 808 810
f 31 813 815
f 26 783 785
f 38 855 856
f 39 864 863
f 21 756 754
f 14 709 712
f 13 703 705
f 15 715 717
f 16 721 723
f 17 727 730
f 21 751 753
f 31 812 816
f 26 782 786
f 38 854 858
f 39 859 861
f 27 787 791
f 22 758 761
f 28 793 795
f 29 799 801
f 30 805 808
f 31 811 813
f 26 781 783
f 38 853 855
f 39 860 864
f 21 752 756
f 17 728 731
f 14 710 713
f 13 704 708
f 15 716 720
f 16 722 726
f 18 734 738
f 35 836 840
f 42 877 881
f 40 865 869
f 19 739 743
f 30 806 809
f 27 788 790
f 22 757 760
f 28 794 798
f 29 800 804
f 32 818 822
f 23 764 768
f 24 769 772
f 37 847 851
f 41 871 873
f 35 835 837
f 18 733 735
f 19 740 742
f 40 866 868
f 42 878 880
f 34 830 832
f 33 823 827
f 25 775 778
f 36 841 844
f 20 746 749
f 32 817 819
f 23 763 765
f 24 770 773
f 37 848 850
f 41 872 876
f 34 829 833
f 33 824 826
f 25 776 779
f 36 842 845
f 20 745 748
f 17 731 729
f 14 713 711
f 13 708 706
f 15 720 718
f 16 726 724
f 18 738 737
f 35 840 839
f 42 881 882
f 40 869 870
f 19 743 744
f 30 809 807
f 27 790 789
f 22 760 762
f 28 798 797
f 29 804 802
f 32 822 821
f 23 768 766
f 24 772 774
f 37 851 852
f 41 873 874
f 107 1269 1270
f 103 1245 1246
f 104 1252 1251
f 110 1288 1287
f 113 1306 1305
f 118 1336 1335
f 154 1551 1552
f 141 1473 1474
f 162 1599 1600
f 121 1354 1353
f 142 1479 1480
f 129 1401 1402
f 130 1408 1407
f 144 1492 1491
f 146 1504 1503
f 151 1533 1534
f 131 1414 1413
f 136 1444 1443
f 161 1594 1593
f 126 1383 1384
f 116 1323 1324
f 108 1275 1276
f 106 1263 1264
f 112 1299 1300
f 115 1317 1318
f 119 1341 1342
f 156 1564 1563
f 139 1462 1461
f 160 1588 1587
f 120 1347 1348
f 149 1521 1522
f 132 1420 1419
f 128 1395 1396
f 145 1497 1498
f 148 1515 1516
f 155 1557 1558
f 133 1425 1426
f 134 1431 1432
f 157 1570 1569
f 124 1372 1371
f 109 1282 1281
f 105 1258 1257
f 111 1294 1293
f 114 1312 1311
f 117 1330 1329
f 125 1378 1377
f 152 1540 1539
f 137 1449 1450
f 158 1575 1576
f 123 1365 1366
f 143 1486 1485
f 127 1390 1389
f 135 1437 1438
f 147 1510 1509
f 150 1528 1527
f 153 1546 1545
f 140 1468 1467
f 138 1455 1456
f 159 1581 1582
f 122 1359 1360
f 107 1272 1271
f 103 1248 1247
f 104 1253 1254
f 110 1289 1290
f 113 1307 1308
f 118 1337 1338
f 154 1554 1553
f 141 1476 1475
f 162 1602 1601
f 121 1355 1356
f 142 1482 1481
f 129 1404 1403
f 130 1409 1410
f 144 1493 1494
f 146 1505 1506
f 151 1536 1535
f 131 1415 1416
f 136 1445 1446
f 161 1595 1596
f 126 1386 1385
f 47 909 907
f 44 891 889
f 43 886 883
f 45 898 895
f 46 904 901
f 49 922 919
f 72 1060 1057
f 102 1240 1237
f 96 1204 1201
f 79 1102 1099
f 62 999 997
f 59 981 979
f 58 976 973
f 60 988 985
f 61 994 991
f 66 1024 1021
f 54 952 949
f 73 1066 1063
f 85 1138 1135
f 92 1179 1177
f 101 1233 1231
f 69 1041 1039
f 50 927 925
f 82 1119 1117
f 97 1209 1207
f 71 1053 1051
f 100 1228 1225
f 94 1192 1189
f 80 1108 1105
f 51 933 931
f 90 1167 1165
f 63 1005 1003
f 55 957 955
f 76 1083 1081
f 87 1150 1147
f 91 1174 1171
f 67 1029 1027
f 56 963 961
f 75 1077 1075
f 83 1126 1123
f 68 1036 1033
f 48 915 913
f 78 1095 1093
f 93 1185 1183
f 98 1216 1213
f 88 1155 1153
f 65 1018 1015
f 57 970 967
f 77 1090 1087
f 86 1143 1141
f 64 1012 1009
f 53 945 943
f 74 1071 1069
f 84 1131 1129
f 89 1162 1159
f 70 1047 1045
f 99 1221 1219
f 95 1197 1195
f 81 1114 1111
f 52 940 937
f 109 1284 1280
f 105 1260 1256
f 111 1296 1292
f 114 1314 1310
f 117 1332 1328
f 125 1380 1376
f 152 1542 1538
f 137 1451 1447
f 158 1577 1573
f 123 1367 1363
f 143 1488 1484
f 127 1392 1388
f 135 1439 1435
f 147 1512 1508
f 150 1530 1526
f 153 1548 1544
f 140 1470 1466
f 138 1457 1453
f 159 1583 1579
f 122 1361 1357
f 107 1270 1268
f 103 1246 1244
f 104 1251 1249
f 110 1287 1285
f 113 1305 1303
f 118 1335 1333
f 154 1552 1550
f 141 1474 1472
f 162 1600 1598
f 121 1353 1351
f 142 1480 1478
f 129 1402 1400
f 130 1407 1405
f 144 1491 1489
f 146 1503 1501
f 151 1534 1532
f 131 1413 1411
f 136 1443 1441
f 161 1593 1591
f 126 1384 1382
f 116 1324 1322
f 108 1276 1274
f 106 1264 1262
f 112 1300 1298
f 115 1318 1316
f 119 1342 1340
f 156 1563 1561
f 139 1461 1459
f 160 1587 1585
f 120 1348 1346
f 149 1522 1520
f 132 1419 1417
f 128 1396 1394
f 145 1498 1496
f 148 1516 1514
f 155 1558 1556
f 133 1426 1424
f 134 1432 1430
f 157 1569 1567
f 124 1371 1369
f 109 1281 1279
f 105 1257 1255
f 111 1293 1291
f 114 1311 1309
f 117 1329 1327
f 125 1377 1375
f 152 1539 1537
f 137 1450 1448
f 158 1576 1574
f 123 1366 1364
f 143 1485 1483
f 127 1389 1387
f 135 1438 1436
f 147 1509 1507
f 150 1527 1525
f 153 1545 1543
f 140 1467 1465
f 138 1456 1454
f 159 1582 1580
f 122 1360 1358
f 107 1271 1267
f 103 1247 1243
f 104 1254 1250
f 110 1290 1286
f 113 1308 1304
f 118 1338 1334
f 154 1553 1549
f 141 1475 1471
f 162 1601 1597
f 121 1356 1352
f 142 1481 1477
f 129 1403 1399
f 130 1410 1406
f 144 1494 1490
f 146 1506 1502
f 151 1535 1531
f 131 1416 1412
f 136 1446 1442
f 161 1596 1592
f 126 1385 1381
f 44 894 890
f 43 887 884
f 45 899 896
f 46 905 902
f 47 912 908
f 52 941 938
f 70 1050 1046
f 99 1224 1220
f 95 1200 1196
f 81 1115 1112
f 59 984 980
f 58 977 974
f 60 989 986
f 61 995 992
f 62 1002 998
f 65 1019 1016
f 57 971 968
f 77 1091 1088
f 86 1146 1142
f 88 1158 1154
f 98 1217 1214
f 68 1037 1034
f 48 918 914
f 78 1098 1094
f 93 1188 1184
f 69 1044 1040
f 101 1236 1232
f 97 1212 1208
f 82 1122 1118
f 50 930 926
f 89 1163 1160
f 64 1013 1010
f 53 948 944
f 74 1074 1070
f 84 1134 1130
f 90 1170 1166
f 63 1008 1004
f 55 960 956
f 76 1086 1082
f 87 1151 1148
f 72 1061 1058
f 49 923 920
f 79 1103 1100
f 96 1205 1202
f 102 1241 1238
f 91 1175 1172
f 67 1032 1028
f 56 966 962
f 75 1080 1076
f 83 1127 1124
f 66 1025 1022
f 54 953 950
f 73 1067 1064
f 85 1139 1136
f 92 1182 1178
f 71 1056 1052
f 100 1229 1226
f 94 1193 1190
f 80 1109 1106
f 51 936 932
f 116 1325 1321
f 108 1277 1273
f 106 1265 1261
f 112 1301 1297
f 115 1319 1315
f 119 1343 1339
f 156 1566 1562
f 139 1464 1460
f 160 1590 1586
f 120 1349 1345
f 149 1523 1519
f 132 1422 1418
f 128 1397 1393
f 145 1499 1495
f 148 1517 1513
f 155 1559 1555
f 133 1427 1423
f 134 1433 1429
f 157 1572 1568
f 124 1374 1370
f 44 892 894
f 43 885 887
f 45 897 899
f 46 903 905
f 47 910 912
f 52 939 941
f 70 1048 1050
f 99 1222 1224
f 95 1198 1200
f 81 1113 1115
f 59 982 984
f 58 975 977
f 60 987 989
f 61 993 995
f 62 1000 1002
f 65 1017 1019
f 57 969 971
f 77 1089 1091
f 86 1144 1146
f 88 1156 1158
f 98 1215 1217
f 68 1035 1037
f 48 916 918
f 78 1096 1098
f 93 1186 1188
f 69 1042 1044
f 101 1234 1236
f 97 1210 1212
f 82 1120 1122
f 50 928 930
f 89 1161 1163
f 64 1011 1013
f 53 946 948
f 74 1072 1074
f 84 1132 1134
f 90 1168 1170
f 63 1006 1008
f 55 958 960
f 76 1084 1086
f 87 1149 1151
f 72 1059 1061
f 49 921 923
f 79 1101 1103
f 96 1203 1205
f 102 1239 1241
f 91 1173 1175
f 67 1030 1032
f 56 964 966
f 75 1078 1080
f 83 1125 1127
f 66 1023 1025
f 54 951 953
f 73 1065 1067
f 85 1137 1139
f 92 1180 1182
f 71 1054 1056
f 100 1227 1229
f 94 1191 1193
f 80 1107 1109
f 51 934 936
f 116 1326 1325
f 108 1278 1277
f 106 1266 1265
f 112 1302 1301
f 115 1320 1319
f 119 1344 1343
f 156 1565 1566
f 139 1463 1464
f 160 1589 1590
f 120 1350 1349
f 149 1524 1523
f 132 1421 1422
f 128 1398 1397
f 145 1500 1499
f 148 1518 1517
f 155 1560 1559
f 133 1428 1427
f 134 1434 1433
f 157 1571 1572
f 124 1373 1374
f 44 889 892
f 43 883 885
f 45 895 897
f 46 901 903
f 47 907 910
f 52 937 939
f 70 1045 1048
f 99 1219 1222
f 95 1195 1198
f 81 1111 1113
f 59 979 982
f 58 973 975
f 60 985 987
f 61 991 993
f 62 997 1000
f 65 1015 1017
f 57 967 969
f 77 1087 1089
f 86 1141 1144
f 88 1153 1156
f 98 1213 1215
f 68 1033 1035
f 48 913 916
f 78 1093 1096
f 93 1183 1186
f 69 1039 1042
f 101 1231 1234
f 97 1207 1210
f 82 1117 1120
f 50 925 928
f 89 1159 1161
f 64 1009 1011
f 53 943 946
f 74 1069 1072
f 84 1129 1132
f 90 1165 1168
f 63 1003 1006
f 55 955 958
f 76 1081 1084
f 87 1147 1149
f 72 1057 1059
f 49 919 921
f 79 1099 1101
f 96 1201 1203
f 102 1237 1239
f 91 1171 1173
f 67 1027 1030
f 56 961 964
f 75 1075 1078
f 83 1123 1125
f 66 1021 1023
f 54 949 951
f 73 1063 1065
f 85 1135 1137
f 92 1177 1180
f 71 1051 1054
f 100 1225 1227
f 94 1189 1191
f 80 1105 1107
f 51 931 934
f 116 1322 1326
f 108 1274 1278
f 106 1262 1266
f 112 1298 1302
f 115 1316 1320
f 119 1340 1344
f 156 1561 1565
f 139 1459 1463
f 160 1585 1589
f 120 1346 1350
f 149 1520 1524
f 132 1417 1421
f 128 1394 1398
f 145 1496 1500
f 148 1514 1518
f 155 1556 1560
f 133 1424 1428
f 134 1430 1434
f 157 1567 1571
f 124 1369 1373
f 47 908 911
f 44 890 893
f 43 884 888
f 45 896 900
f 46 902 906
f 49 920 924
f 72 1058 1062
f 102 1238 1242
f 96 1202 1206
f 79 1100 1104
f 62 998 1001
f 59 980 983
f 58 974 978
f 60 986 990
f 61 992 996
f 66 1022 1026
f 54 950 954
f 73 1064 1068
f 85 1136 1140
f 92 1178 1181
f 101 1232 1235
f 69 1040 1043
f 50 926 929
f 82 1118 1121
f 97 1208 1211
f 71 1052 1055
f 100 1226 1230
f 94 1190 1194
f 80 1106 1110
f 51 932 935
f 90 1166 1169
f 63 1004 1007
f 55 956 959
f 76 1082 1085
f 87 1148 1152
f 91 1172 1176
f 67 1028 1031
f 56 962 965
f 75 1076 1079
f 83 1124 1128
f 68 1034 1038
f 48 914 917
f 78 1094 1097
f 93 1184 1187
f 98 1214 1218
f 88 1154 1157
f 65 1016 1020
f 57 968 972
f 77 1088 1092
f 86 1142 1145
f 64 1010 1014
f 53 944 947
f 74 1070 1073
f 84 1130 1133
f 89 1160 1164
f 70 1046 1049
f 99 1220 1223
f 95 1196 1199
f 81 1112 1116
f 52 938 942
f 109 1279 1283
f 105 1255 1259
f 111 1291 1295
f 114 1309 1313
f 117 1327 1331
f 125 1375 1379
f 152 1537 1541
f 137 1448 1452
f 158 1574 1578
f 123 1364 1368
f 143 1483 1487
f 127 1387 1391
f 135 1436 1440
f 147 1507 1511
f 150 1525 1529
f 153 1543 1547
f 140 1465 1469
f 138 1454 1458
f 159 1580 1584
f 122 1358 1362
f 107 1267 1269
f 103 1243 1245
f 104 1250 1252
f 110 1286 1288
f 113 1304 1306
f 118 1334 1336
f 154 1549 1551
f 141 1471 1473
f 162 1597 1599
f 121 1352 1354
f 142 1477 1479
f 129 1399 1401
f 130 1406 1408
f 144 1490 1492
f 146 1502 1504
f 151 1531 1533
f 131 1412 1414
f 136 1442 1444
f 161 1592 1594
f 126 1381 1383
f 116 1321 1323
f 108 1273 1275
f 106 1261 1263
f 112 1297 1299
f 115 1315 1317
f 119 1339 1341
f 156 1562 1564
f 139 1460 1462
f 160 1586 1588
f 120 1345 1347
f 149 1519 1521
f 132 1418 1420
f 128 1393 1395
f 145 1495 1497
f 148 1513 1515
f 155 1555 1557
f 133 1423 1425
f 134 1429 1431
f 157 1568 1570
f 124 1370 1372
f 109 1280 1282
f 105 1256 1258
f 111 1292 1294
f 114 1310 1312
f 117 1328 1330
f 125 1376 1378
f 152 1538 1540
f 137 1447 1449
f 158 1573 1575
f 123 1363 1365
f 143 1484 1486
f 127 1388 1390
f 135 1435 1437
f 147 1508 1510
f 150 1526 1528
f 153 1544 1546
f 140 1466 1468
f 138 1453 1455
f 159 1579 1581
f 122 1357 1359
f 107 1268 1272
f 103 1244 1248
f 104 1249 1253
f 110 1285 1289
f 113 1303 1307
f 118 1333 1337
f 154 1550 1554
f 141 1472 1476
f 162 1598 1602
f 121 1351 1355
f 142 1478 1482
f 129 1400 1404
f 130 1405 1409
f 144 1489 1493
f 146 1501 1505
f 151 1532 1536
f 131 1411 1415
f 136 1441 1445
f 161 1591 1595
f 126 1382 1386
f 47 911 909
f 44 893 891
f 43 888 886
f 45 900 898
f 46 906 904
f 49 924 922
f 72 1062 1060
f 102 1242 1240
f 96 1206 1204
f 79 1104 1102
f 62 1001 999
f 59 983 981
f 58 978 976
f 60 990 988
f 61 996 994
f 66 1026 1024
f 54 954 952
f 73 1068 1066
f 85 1140 1138
f 92 1181 1179
f 101 1235 1233
f 69 1043 1041
f 50 929 927
f 82 1121 1119
f 97 1211 1209
f 71 1055 1053
f 100 1230 1228
f 94 1194 1192
f 80 1110 1108
f 51 935 933
f 90 1169 1167
f 63 1007 1005
f 55 959 957
f 76 1085 1083
f 87 1152 1150
f 91 1176 1174
f 67 1031 1029
f 56 965 963
f 75 1079 1077
f 83 1128 1126
f 68 1038 1036
f 48 917 915
f 78 1097 1095
f 93 1187 1185
f 98 1218 1216
f 88 1157 1155
f 65 1020 1018
f 57 972 970
f 77 1092 1090
f 86 1145 1143
f 64 1014 1012
f 53 947 945
f 74 1073 1071
f 84 1133 1131
f 89 1164 1162
f 70 1049 1047
f 99 1223 1221
f 95 1199 1197
f 81 1116 1114
f 52 942 940
f 109 1283 1284
f 105 1259 1260
f 111 1295 1296
f 114 1313 1314
f 117 1331 1332
f 125 1379 1380
f 152 1541 1542
f 137 1452 1451
f 158 1578 1577
f 123 1368 1367
f 143 1487 1488
f 127 1391 1392
f 135 1440 1439
f 147 1511 1512
f 150 1529 1530
f 153 1547 1548
f 140 1469 1470
f 138 1458 1457
f 159 1584 1583
f 122 1362 1361
f 407 1609 1616
f 403 1605 1608
f 404 1611 1606
f 410 1614 1612
f 413 1617 1615
f 422 1631 1624
f 486 1688 1692
f 573 1775 1782
f 561 1763 1765
f 512 1719 1714
f 452 1654 1661
f 448 1650 1653
f 449 1656 1651
f 455 1659 1657
f 458 1662 1660
f 470 1672 1675
f 437 1646 1639
f 494 1706 1696
f 531 1735 1733
f 539 1741 1751
f 568 1770 1779
f 478 1680 1683
f 419 1621 1626
f 509 1711 1721
f 554 1756 1766
f 482 1684 1689
f 576 1780 1778
f 558 1767 1760
f 516 1722 1718
f 425 1627 1629
f 542 1744 1747
f 463 1668 1665
f 434 1636 1641
f 497 1699 1704
f 528 1730 1737
f 546 1748 1750
f 464 1666 1676
f 440 1642 1644
f 500 1705 1702
f 524 1736 1726
f 479 1691 1681
f 418 1623 1620
f 508 1713 1710
f 553 1764 1755
f 569 1781 1771
f 538 1749 1740
f 471 1677 1673
f 443 1645 1647
f 501 1703 1707
f 523 1725 1734
f 467 1674 1669
f 433 1638 1635
f 493 1695 1698
f 527 1732 1729
f 543 1752 1745
f 485 1690 1687
f 572 1777 1774
f 557 1759 1762
f 515 1717 1720
f 428 1630 1632
f 591 2191 2189
f 587 1885 1883
f 588 1901 1903
f 594 2279 2281
f 597 2315 2317
f 600 2171 2173
f 634 2160 2158
f 619 2016 2012
f 639 2214 2210
f 602 1919 1924
f 624 2137 2135
f 608 1978 1973
f 610 1991 1996
f 627 2225 2227
f 630 2302 2304
f 635 2178 2176
f 615 2153 2155
f 617 2009 2014
f 637 2207 2212
f 604 1926 1922
f 416 1857 1864
f 408 1803 1810
f 406 1786 1795
f 412 1822 1831
f 415 1840 1849
f 424 1876 1887
f 492 2182 2193
f 582 2312 2321
f 565 2276 2285
f 514 1898 1907
f 461 2091 2098
f 453 2037 2044
f 451 1952 1961
f 457 2056 2067
f 460 2074 2083
f 475 2128 2139
f 439 1966 1975
f 496 1988 1997
f 533 2222 2231
f 551 2293 2298
f 579 2185 2190
f 483 1879 1884
f 426 1893 1900
f 521 2271 2278
f 566 2307 2314
f 489 2163 2170
f 578 2150 2159
f 560 2006 2015
f 518 2204 2213
f 429 1911 1918
f 547 2131 2136
f 465 1969 1977
f 441 1983 1990
f 504 2217 2224
f 537 2290 2301
f 550 2168 2177
f 476 2145 2152
f 444 2001 2008
f 502 2199 2206
f 526 1916 1925
f 481 1808 1817
f 420 1789 1797
f 510 1825 1833
f 555 1843 1851
f 571 1862 1871
f 540 1933 1941
f 473 2110 2119
f 447 2020 2029
f 507 2236 2247
f 534 2257 2262
f 469 2042 2051
f 435 1947 1954
f 498 2059 2064
f 529 2077 2085
f 545 2096 2105
f 487 2113 2121
f 574 2023 2031
f 562 2239 2244
f 520 2254 2265
f 432 1930 1939
f 589 1818 1814
f 583 1798 1793
f 586 1834 1829
f 593 1852 1847
f 596 1872 1868
f 599 1942 1937
f 633 2120 2124
f 620 2030 2034
f 640 2248 2250
f 603 2263 2261
f 622 2052 2050
f 607 1955 1960
f 612 2065 2063
f 626 2086 2081
f 629 2106 2102
f 631 2122 2117
f 614 2032 2027
f 618 2245 2243
f 641 2266 2268
f 605 1940 1944
f 409 1813 1804
f 405 1792 1785
f 411 1828 1821
f 414 1846 1839
f 417 1867 1858
f 431 1936 1929
f 488 2123 2114
f 575 2033 2024
f 563 2249 2240
f 519 2260 2253
f 454 2049 2038
f 450 1959 1951
f 456 2062 2055
f 459 2080 2073
f 462 2101 2092
f 472 2116 2109
f 446 2026 2019
f 506 2242 2235
f 535 2267 2258
f 541 1943 1934
f 570 1869 1861
f 480 1815 1807
f 421 1799 1790
f 511 1835 1826
f 556 1853 1844
f 484 1889 1880
f 580 2195 2186
f 567 2319 2308
f 522 2283 2272
f 427 1905 1894
f 544 2103 2095
f 468 2046 2041
f 436 1957 1948
f 499 2069 2060
f 530 2087 2078
f 548 2141 2132
f 466 1979 1970
f 442 1993 1984
f 505 2229 2218
f 536 2296 2289
f 491 2188 2181
f 423 1882 1875
f 513 1902 1897
f 564 2280 2275
f 581 2316 2311
f 549 2172 2167
f 477 2157 2146
f 445 2011 2002
f 503 2209 2200
f 525 1923 1915
f 474 2134 2127
f 438 1972 1965
f 495 1995 1987
f 532 2226 2221
f 552 2303 2294
f 490 2175 2164
f 577 2154 2149
f 559 2013 2005
f 517 2211 2203
f 430 1921 1912
f 590 1865 1870
f 584 1811 1816
f 585 1796 1800
f 592 1832 1836
f 595 1850 1854
f 598 1888 1890
f 636 2194 2196
f 621 2322 2320
f 642 2286 2284
f 601 1908 1906
f 623 2099 2104
f 611 2045 2047
f 609 1962 1958
f 625 2068 2070
f 628 2084 2088
f 632 2140 2142
f 613 1976 1980
f 616 1998 1994
f 638 2232 2230
f 606 2299 2297
f 407 2330 2329
f 403 2324 2323
f 404 2325 2326
f 410 2332 2333
f 413 2335 2336
f 422 2344 2345
f 486 2410 2409
f 573 2497 2496
f 561 2486 2485
f 512 2434 2435
f 452 2375 2374
f 448 2369 2368
f 449 2370 2371
f 455 2377 2378
f 458 2380 2381
f 470 2393 2392
f 437 2359 2360
f 494 2415 2416
f 531 2455 2456
f 539 2461 2460
f 568 2489 2488
f 478 2399 2398
f 419 2341 2340
f 509 2431 2430
f 554 2476 2475
f 482 2405 2404
f 576 2500 2501
f 558 2481 2482
f 516 2439 2440
f 425 2348 2347
f 542 2465 2464
f 463 2383 2384
f 434 2356 2355
f 497 2420 2419
f 528 2452 2451
f 546 2471 2470
f 464 2386 2385
f 440 2363 2362
f 500 2422 2423
f 524 2445 2446
f 479 2400 2401
f 418 2338 2339
f 508 2428 2429
f 553 2473 2474
f 569 2490 2491
f 538 2458 2459
f 471 2394 2395
f 443 2366 2365
f 501 2425 2424
f 523 2444 2443
f 467 2389 2390
f 433 2353 2354
f 493 2414 2413
f 527 2449 2450
f 543 2466 2467
f 485 2407 2408
f 572 2494 2495
f 557 2480 2479
f 515 2438 2437
f 428 2351 2350
f 591 2510 2511
f 587 2504 2505
f 588 2508 2507
f 594 2514 2513
f 597 2517 2516
f 600 2520 2519
f 634 2554 2556
f 619 2539 2540
f 639 2560 2561
f 602 2523 2521
f 624 2543 2544
f 608 2527 2529
f 610 2532 2530
f 627 2547 2546
f 630 2550 2549
f 635 2552 2553
f 615 2535 2534
f 617 2538 2536
f 637 2558 2557
f 604 2524 2525
f 167 1607 647
f 164 1603 644
f 163 1604 643
f 165 1610 645
f 166 1613 646
f 169 1622 649
f 192 1686 672
f 222 1773 702
f 216 1761 696
f 199 1712 679
f 182 1652 662
f 179 1648 659
f 178 1649 658
f 180 1655 660
f 181 1658 661
f 186 1670 666
f 174 1637 654
f 193 1694 673
f 205 1731 685
f 212 1739 692
f 221 1768 701
f 189 1678 669
f 170 1619 650
f 202 1709 682
f 217 1754 697
f 191 1682 671
f 220 1776 700
f 214 1758 694
f 200 1716 680
f 171 1625 651
f 210 1742 690
f 183 1663 663
f 175 1634 655
f 196 1697 676
f 207 1728 687
f 211 1746 691
f 187 1664 667
f 176 1640 656
f 195 1700 675
f 203 1724 683
f 188 1679 668
f 168 1618 648
f 198 1708 678
f 213 1753 693
f 218 1769 698
f 208 1738 688
f 185 1671 665
f 177 1643 657
f 197 1701 677
f 206 1723 686
f 184 1667 664
f 173 1633 653
f 194 1693 674
f 204 1727 684
f 209 1743 689
f 190 1685 670
f 219 1772 699
f 215 1757 695
f 201 1715 681
f 172 1628 652
f 357 2187 837
f 255 1881 735
f 262 1899 742
f 388 2277 868
f 400 2313 880
f 352 2169 832
f 347 2156 827
f 298 2010 778
f 364 2208 844
f 269 1917 749
f 339 2133 819
f 285 1971 765
f 293 1989 773
f 370 2223 850
f 396 2300 876
f 353 2174 833
f 346 2151 826
f 299 2007 779
f 365 2205 845
f 268 1920 748
f 249 1855 729
f 231 1801 711
f 226 1784 706
f 238 1820 718
f 244 1838 724
f 257 1874 737
f 359 2180 839
f 402 2310 882
f 390 2274 870
f 264 1896 744
f 327 2089 807
f 309 2035 789
f 282 1950 762
f 317 2054 797
f 322 2072 802
f 341 2126 821
f 286 1964 766
f 294 1986 774
f 372 2220 852
f 394 2291 874
f 358 2183 838
f 256 1877 736
f 261 1891 741
f 387 2269 867
f 399 2305 879
f 351 2161 831
f 348 2148 828
f 300 2004 780
f 366 2202 846
f 267 1909 747
f 340 2129 820
f 287 1967 767
f 291 1981 771
f 369 2215 849
f 395 2288 875
f 354 2166 834
f 345 2143 825
f 297 1999 777
f 363 2197 843
f 270 1914 750
f 234 1806 714
f 227 1787 707
f 239 1823 719
f 245 1841 725
f 252 1860 732
f 275 1931 755
f 334 2108 814
f 304 2018 784
f 377 2234 857
f 382 2255 862
f 312 2040 792
f 279 1945 759
f 316 2057 796
f 323 2075 803
f 330 2094 810
f 335 2111 815
f 305 2021 785
f 376 2237 856
f 383 2252 863
f 274 1928 754
f 232 1812 712
f 225 1791 705
f 237 1827 717
f 243 1845 723
f 250 1866 730
f 273 1935 753
f 336 2118 816
f 306 2028 786
f 378 2246 858
f 381 2259 861
f 311 2048 791
f 281 1953 761
f 315 2061 795
f 321 2079 801
f 328 2100 808
f 333 2115 813
f 303 2025 783
f 375 2241 855
f 384 2264 864
f 276 1938 756
f 229 1802 709
f 223 1783 703
f 235 1819 715
f 241 1837 721
f 247 1856 727
f 271 1927 751
f 332 2112 812
f 302 2022 782
f 374 2238 854
f 379 2251 859
f 307 2036 787
f 278 1949 758
f 313 2053 793
f 319 2071 799
f 325 2090 805
f 331 2107 811
f 301 2017 781
f 373 2233 853
f 380 2256 860
f 272 1932 752
f 248 1859 728
f 230 1805 710
f 224 1788 704
f 236 1824 716
f 242 1842 722
f 254 1878 734
f 356 2184 836
f 397 2306 877
f 385 2270 865
f 259 1892 739
f 326 2093 806
f 308 2039 788
f 277 1946 757
f 314 2058 794
f 320 2076 800
f 338 2130 818
f 284 1968 764
f 289 1982 769
f 367 2216 847
f 391 2287 871
f 355 2179 835
f 253 1873 733
f 260 1895 740
f 386 2273 866
f 398 2309 878
f 350 2165 830
f 343 2144 823
f 295 2000 775
f 361 2198 841
f 266 1913 746
f 337 2125 817
f 283 1963 763
f 290 1985 770
f 368 2219 848
f 392 2292 872
f 349 2162 829
f 344 2147 824
f 296 2003 776
f 362 2201 842
f 265 1910 745
f 251 1863 731
f 233 1809 713
f 228 1794 708
f 240 1830 720
f 246 1848 726
f 258 1886 738
f 360 2192 840
f 401 2318 881
f 389 2282 869
f 263 1904 743
f 329 2097 809
f 310 2043 790
f 280 1956 760
f 318 2066 798
f 324 2082 804
f 342 2138 822
f 288 1974 768
f 292 1992 772
f 371 2228 851
f 393 2295 873
f 409 2331 1269
f 405 2327 1245
f 411 2328 1252
f 414 2334 1288
f 417 2337 1306
f 431 2346 1336
f 488 2412 1551
f 575 2499 1473
f 563 2487 1599
f 519 2436 1354
f 454 2376 1479
f 450 2372 1401
f 456 2373 1408
f 459 2379 1492
f 462 2382 1504
f 472 2396 1533
f 446 2361 1414
f 506 2418 1444
f 535 2457 1594
f 541 2463 1383
f 570 2492 1323
f 480 2402 1275
f 421 2343 1263
f 511 2433 1299
f 556 2478 1317
f 484 2406 1341
f 580 2502 1564
f 567 2484 1462
f 522 2442 1588
f 427 2349 1347
f 544 2468 1521
f 468 2387 1420
f 436 2358 1395
f 499 2421 1497
f 530 2454 1515
f 548 2472 1557
f 466 2388 1425
f 442 2364 1431
f 505 2426 1570
f 536 2448 1372
f 491 2403 1282
f 423 2342 1258
f 513 2432 1294
f 564 2477 1312
f 581 2493 1330
f 549 2462 1378
f 477 2397 1540
f 445 2367 1449
f 503 2427 1575
f 525 2447 1365
f 474 2391 1486
f 438 2357 1390
f 495 2417 1437
f 532 2453 1510
f 552 2469 1528
f 490 2411 1546
f 577 2498 1468
f 559 2483 1455
f 517 2441 1581
f 430 2352 1359
f 590 2509 1272
f 584 2503 1248
f 585 2506 1253
f 592 2512 1289
f 595 2515 1307
f 598 2518 1337
f 636 2555 1554
f 621 2541 1476
f 642 2562 1602
f 601 2522 1355
f 623 2542 1482
f 611 2528 1404
f 609 2531 1409
f 625 2545 1493
f 628 2548 1505
f 632 2551 1536
f 613 2533 1415
f 616 2537 1445
f 638 2559 1595
f 606 2526 1386
f 407 1616 909
f 403 1608 891
f 404 1606 886
f 410 1612 898
f 413 1615 904
f 422 1624 922
f 486 1692 1060
f 573 1782 1240
f 561 1765 1204
f 512 1714 1102
f 452 1661 999
f 448 1653 981
f 449 1651 976
f 455 1657 988
f 458 1660 994
f 470 1675 1024
f 437 1639 952
f 494 1696 1066
f 531 1733 1138
f 539 1751 1179
f 568 1779 1233
f 478 1683 1041
f 419 1626 927
f 509 1721 1119
f 554 1766 1209
f 482 1689 1053
f 576 1778 1228
f 558 1760 1192
f 516 1718 1108
f 425 1629 933
f 542 1747 1167
f 463 1665 1005
f 434 1641 957
f 497 1704 1083
f 528 1737 1150
f 546 1750 1174
f 464 1676 1029
f 440 1644 963
f 500 1702 1077
f 524 1726 1126
f 479 1681 1036
f 418 1620 915
f 508 1710 1095
f 553 1755 1185
f 569 1771 1216
f 538 1740 1155
f 471 1673 1018
f 443 1647 970
f 501 1707 1090
f 523 1734 1143
f 467 1669 1012
f 433 1635 945
f 493 1698 1071
f 527 1729 1131
f 543 1745 1162
f 485 1687 1047
f 572 1774 1221
f 557 1762 1197
f 515 1720 1114
f 428 1632 940
f 591 2189 1284
f 587 1883 1260
f 588 1903 1296
f 594 2281 1314
f 597 2317 1332
f 600 2173 1380
f 634 2158 1542
f 619 2012 1451
f 639 2210 1577
f 602 1924 1367
f 624 2135 1488
f 608 1973 1392
f 610 1996 1439
f 627 2227 1512
f 630 2304 1530
f 635 2176 1548
f 615 2155 1470
f 617 2014 1457
f 637 2212 1583
f 604 1922 1361
f 416 1864 1270
f 408 1810 1246
f 406 1795 1251
f 412 1831 1287
f 415 1849 1305
f 424 1887 1335
f 492 2193 1552
f 582 2321 1474
f 565 2285 1600
f 514 1907 1353
f 461 2098 1480
f 453 2044 1402
f 451 1961 1407
f 457 2067 1491
f 460 2083 1503
f 475 2139 1534
f 439 1975 1413
f 496 1997 1443
f 533 2231 1593
f 551 2298 1384
f 579 2190 1324
f 483 1884 1276
f 426 1900 1264
f 521 2278 1300
f 566 2314 1318
f 489 2170 1342
f 578 2159 1563
f 560 2015 1461
f 518 2213 1587
f 429 1918 1348
f 547 2136 1522
f 465 1977 1419
f 441 1990 1396
f 504 2224 1498
f 537 2301 1516
f 550 2177 1558
f 476 2152 1426
f 444 2008 1432
f 502 2206 1569
f 526 1925 1371
f 481 1817 1281
f 420 1797 1257
f 510 1833 1293
f 555 1851 1311
f 571 1871 1329
f 540 1941 1377
f 473 2119 1539
f 447 2029 1450
f 507 2247 1576
f 534 2262 1366
f 469 2051 1485
f 435 1954 1389
f 498 2064 1438
f 529 2085 1509
f 545 2105 1527
f 487 2121 1545
f 574 2031 1467
f 562 2244 1456
f 520 2265 1582
f 432 1939 1360
f 589 1814 1271
f 583 1793 1247
f 586 1829 1254
f 593 1847 1290
f 596 1868 1308
f 599 1937 1338
f 633 2124 1553
f 620 2034 1475
f 640 2250 1601
f 603 2261 1356
f 622 2050 1481
f 607 1960 1403
f 612 2063 1410
f 626 2081 1494
f 629 2102 1506
f 631 2117 1535
f 614 2027 1416
f 618 2243 1446
f 641 2268 1596
f 605 1944 1385
f 409 1804 894
f 405 1785 887
f 411 1821 899
f 414 1839 905
f 417 1858 912
f 431 1929 941
f 488 2114 1050
f 575 2024 1224
f 563 2240 1200
f 519 2253 1115
f 454 2038 984
f 450 1951 977
f 456 2055 989
f 459 2073 995
f 462 2092 1002
f 472 2109 1019
f 446 2019 971
f 506 2235 1091
f 535 2258 1146
f 541 1934 1158
f 570 1861 1217
f 480 1807 1037
f 421 1790 918
f 511 1826 1098
f 556 1844 1188
f 484 1880 1044
f 580 2186 1236
f 567 2308 1212
f 522 2272 1122
f 427 1894 930
f 544 2095 1163
f 468 2041 1013
f 436 1948 948
f 499 2060 1074
f 530 2078 1134
f 548 2132 1170
f 466 1970 1008
f 442 1984 960
f 505 2218 1086
f 536 2289 1151
f 491 2181 1061
f 423 1875 923
f 513 1897 1103
f 564 2275 1205
f 581 2311 1241
f 549 2167 1175
f 477 2146 1032
f 445 2002 966
f 503 2200 1080
f 525 1915 1127
f 474 2127 1025
f 438 1965 953
f 495 1987 1067
f 532 2221 1139
f 552 2294 1182
f 490 2164 1056
f 577 2149 1229
f 559 2005 1193
f 517 2203 1109
f 430 1912 936
f 590 1870 1325
f 584 1816 1277
f 585 1800 1265
f 592 1836 1301
f 595 1854 1319
f 598 1890 1343
f 636 2196 1566
f 621 2320 1464
f 642 2284 1590
f 601 1906 1349
f 623 2104 1523
f 611 2047 1422
f 609 1958 1397
f 625 2070 1499
f 628 2088 1517
f 632 2142 1559
f 613 1980 1427
f 616 1994 1433
f 638 2230 1572
f 606 2297 1374
f 407 2329 892
f 403 2323 885
f 404 2326 897
f 410 2333 903
f 413 2336 910
f 422 2345 939
f 486 2409 1048
f 573 2496 1222
f 561 2485 1198
f 512 2435 1113
f 452 2374 982
f 448 2368 975
f 449 2371 987
f 455 2378 993
f 458 2381 1000
f 470 2392 1017
f 437 2360 969
f 494 2416 1089
f 531 2456 1144
f 539 2460 1156
f 568 2488 1215
f 478 2398 1035
f 419 2340 916
f 509 2430 1096
f 554 2475 1186
f 482 2404 1042
f 576 2501 1234
f 558 2482 1210
f 516 2440 1120
f 425 2347 928
f 542 2464 1161
f 463 2384 1011
f 434 2355 946
f 497 2419 1072
f 528 2451 1132
f 546 2470 1168
f 464 2385 1006
f 440 2362 958
f 500 2423 1084
f 524 2446 1149
f 479 2401 1059
f 418 2339 921
f 508 2429 1101
f 553 2474 1203
f 569 2491 1239
f 538 2459 1173
f 471 2395 1030
f 443 2365 964
f 501 2424 1078
f 523 2443 1125
f 467 2390 1023
f 433 2354 951
f 493 2413 1065
f 527 2450 1137
f 543 2467 1180
f 485 2408 1054
f 572 2495 1227
f 557 2479 1191
f 515 2437 1107
f 428 2350 934
f 591 2511 1326
f 587 2505 1278
f 588 2507 1266
f 594 2513 1302
f 597 2516 1320
f 600 2519 1344
f 634 2556 1565
f 619 2540 1463
f 639 2561 1589
f 602 2521 1350
f 624 2544 1524
f 608 2529 1421
f 610 2530 1398
f 627 2546 1500
f 630 2549 1518
f 635 2553 1560
f 615 2534 1428
f 617 2536 1434
f 637 2557 1571
f 604 2525 1373
f 164 1609 889
f 163 1605 883
f 165 1611 895
f 166 1614 901
f 167 1617 907
f 172 1631 937
f 190 1688 1045
f 219 1775 1219
f 215 1763 1195
f 201 1719 1111
f 179 1654 979
f 178 1650 973
f 180 1656 985
f 181 1659 991
f 182 1662 997
f 185 1672 1015
f 177 1646 967
f 197 1706 1087
f 206 1735 1141
f 208 1741 1153
f 218 1770 1213
f 188 1680 1033
f 168 1621 913
f 198 1711 1093
f 213 1756 1183
f 189 1684 1039
f 221 1780 1231
f 217 1767 1207
f 202 1722 1117
f 170 1627 925
f 209 1744 1159
f 184 1668 1009
f 173 1636 943
f 194 1699 1069
f 204 1730 1129
f 210 1748 1165
f 183 1666 1003
f 175 1642 955
f 196 1705 1081
f 207 1736 1147
f 192 1691 1057
f 169 1623 919
f 199 1713 1099
f 216 1764 1201
f 222 1781 1237
f 211 1749 1171
f 187 1677 1027
f 176 1645 961
f 195 1703 1075
f 203 1725 1123
f 186 1674 1021
f 174 1638 949
f 193 1695 1063
f 205 1732 1135
f 212 1752 1177
f 191 1690 1051
f 220 1777 1225
f 214 1759 1189
f 200 1717 1105
f 171 1630 931
f 358 2191 1322
f 256 1885 1274
f 261 1901 1262
f 387 2279 1298
f 399 2315 1316
f 351 2171 1340
f 348 2160 1561
f 300 2016 1459
f 366 2214 1585
f 267 1919 1346
f 340 2137 1520
f 287 1978 1417
f 291 1991 1394
f 369 2225 1496
f 395 2302 1514
f 354 2178 1556
f 345 2153 1424
f 297 2009 1430
f 363 2207 1567
f 270 1926 1369
f 247 1857 908
f 229 1803 890
f 223 1786 884
f 235 1822 896
f 241 1840 902
f 253 1876 920
f 355 2182 1058
f 398 2312 1238
f 386 2276 1202
f 260 1898 1100
f 325 2091 998
f 307 2037 980
f 278 1952 974
f 313 2056 986
f 319 2074 992
f 337 2128 1022
f 283 1966 950
f 290 1988 1064
f 368 2222 1136
f 392 2293 1178
f 356 2185 1232
f 254 1879 1040
f 259 1893 926
f 385 2271 1118
f 397 2307 1208
f 349 2163 1052
f 344 2150 1226
f 296 2006 1190
f 362 2204 1106
f 265 1911 932
f 338 2131 1166
f 284 1969 1004
f 289 1983 956
f 367 2217 1082
f 391 2290 1148
f 350 2168 1172
f 343 2145 1028
f 295 2001 962
f 361 2199 1076
f 266 1916 1124
f 230 1808 1034
f 224 1789 914
f 236 1825 1094
f 242 1843 1184
f 248 1862 1214
f 272 1933 1154
f 331 2110 1016
f 301 2020 968
f 373 2236 1088
f 380 2257 1142
f 308 2042 1010
f 277 1947 944
f 314 2059 1070
f 320 2077 1130
f 326 2096 1160
f 332 2113 1046
f 302 2023 1220
f 374 2239 1196
f 379 2254 1112
f 271 1930 938
f 234 1818 1279
f 227 1798 1255
f 239 1834 1291
f 245 1852 1309
f 252 1872 1327
f 275 1942 1375
f 334 2120 1537
f 304 2030 1448
f 377 2248 1574
f 382 2263 1364
f 312 2052 1483
f 279 1955 1387
f 316 2065 1436
f 323 2086 1507
f 330 2106 1525
f 335 2122 1543
f 305 2032 1465
f 376 2245 1454
f 383 2266 1580
f 274 1940 1358
f 232 1813 1267
f 225 1792 1243
f 237 1828 1250
f 243 1846 1286
f 250 1867 1304
f 273 1936 1334
f 336 2123 1549
f 306 2033 1471
f 378 2249 1597
f 381 2260 1352
f 311 2049 1477
f 281 1959 1399
f 315 2062 1406
f 321 2080 1490
f 328 2101 1502
f 333 2116 1531
f 303 2026 1412
f 375 2242 1442
f 384 2267 1592
f 276 1943 1381
f 251 1869 1321
f 233 1815 1273
f 228 1799 1261
f 240 1835 1297
f 246 1853 1315
f 258 1889 1339
f 360 2195 1562
f 401 2319 1460
f 389 2283 1586
f 263 1905 1345
f 329 2103 1519
f 310 2046 1418
f 280 1957 1393
f 318 2069 1495
f 324 2087 1513
f 342 2141 1555
f 288 1979 1423
f 292 1993 1429
f 371 2229 1568
f 393 2296 1370
f 357 2188 1280
f 255 1882 1256
f 262 1902 1292
f 388 2280 1310
f 400 2316 1328
f 352 2172 1376
f 347 2157 1538
f 298 2011 1447
f 364 2209 1573
f 269 1923 1363
f 339 2134 1484
f 285 1972 1388
f 293 1995 1435
f 370 2226 1508
f 396 2303 1526
f 353 2175 1544
f 346 2154 1466
f 299 2013 1453
f 365 2211 1579
f 268 1921 1357
f 249 1865 1268
f 231 1811 1244
f 226 1796 1249
f 238 1832 1285
f 244 1850 1303
f 257 1888 1333
f 359 2194 1550
f 402 2322 1472
f 390 2286 1598
f 264 1908 1351
f 327 2099 1478
f 309 2045 1400
f 282 1962 1405
f 317 2068 1489
f 322 2084 1501
f 341 2140 1532
f 286 1976 1411
f 294 1998 1441
f 372 2232 1591
f 394 2299 1382
f 416 2330 911
f 408 2324 893
f 406 2325 888
f 412 2332 900
f 415 2335 906
f 424 2344 924
f 492 2410 1062
f 582 2497 1242
f 565 2486 1206
f 514 2434 1104
f 461 2375 1001
f 453 2369 983
f 451 2370 978
f 457 2377 990
f 460 2380 996
f 475 2393 1026
f 439 2359 954
f 496 2415 1068
f 533 2455 1140
f 551 2461 1181
f 579 2489 1235
f 483 2399 1043
f 426 2341 929
f 521 2431 1121
f 566 2476 1211
f 489 2405 1055
f 578 2500 1230
f 560 2481 1194
f 518 2439 1110
f 429 2348 935
f 547 2465 1169
f 465 2383 1007
f 441 2356 959
f 504 2420 1085
f 537 2452 1152
f 550 2471 1176
f 476 2386 1031
f 444 2363 965
f 502 2422 1079
f 526 2445 1128
f 481 2400 1038
f 420 2338 917
f 510 2428 1097
f 555 2473 1187
f 571 2490 1218
f 540 2458 1157
f 473 2394 1020
f 447 2366 972
f 507 2425 1092
f 534 2444 1145
f 469 2389 1014
f 435 2353 947
f 498 2414 1073
f 529 2449 1133
f 545 2466 1164
f 487 2407 1049
f 574 2494 1223
f 562 2480 1199
f 520 2438 1116
f 432 2351 942
f 589 2510 1283
f 583 2504 1259
f 586 2508 1295
f 593 2514 1313
f 596 2517 1331
f 599 2520 1379
f 633 2554 1541
f 620 2539 1452
f 640 2560 1578
f 603 2523 1368
f 622 2543 1487
f 607 2527 1391
f 612 2532 1440
f 626 2547 1511
f 629 2550 1529
f 631 2552 1547
f 614 2535 1469
f 618 2538 1458
f 641 2558 1584
f 605 2524 1362
f 164 1607 1609
f 163 1603 1605
f 165 1604 1611
f 166 1610 1614
f 167 1613 1617
f 172 1622 1631
f 190 1686 1688
f 219 1773 1775
f 215 1761 1763
f 201 1712 1719
f 179 1652 1654
f 178 1648 1650
f 180 1649 1656
f 181 1655 1659
f 182 1658 1662
f 185 1670 1672
f 177 1637 1646
f 197 1694 1706
f 206 1731 1735
f 208 1739 1741
f 218 1768 1770
f 188 1678 1680
f 168 1619 1621
f 198 1709 1711
f 213 1754 1756
f 189 1682 1684
f 221 1776 1780
f 217 1758 1767
f 202 1716 1722
f 170 1625 1627
f 209 1742 1744
f 184 1663 1668
f 173 1634 1636
f 194 1697 1699
f 204 1728 1730
f 210 1746 1748
f 183 1664 1666
f 175 1640 1642
f 196 1700 1705
f 207 1724 1736
f 192 1679 1691
f 169 1618 1623
f 199 1708 1713
f 216 1753 1764
f 222 1769 1781
f 211 1738 1749
f 187 1671 1677
f 176 1643 1645
f 195 1701 1703
f 203 1723 1725
f 186 1667 1674
f 174 1633 1638
f 193 1693 1695
f 205 1727 1732
f 212 1743 1752
f 191 1685 1690
f 220 1772 1777
f 214 1757 1759
f 200 1715 1717
f 171 1628 1630
f 358 2187 2191
f 256 1881 1885
f 261 1899 1901
f 387 2277 2279
f 399 2313 2315
f 351 2169 2171
f 348 2156 2160
f 300 2010 2016
f 366 2208 2214
f 267 1917 1919
f 340 2133 2137
f 287 1971 1978
f 291 1989 1991
f 369 2223 2225
f 395 2300 2302
f 354 2174 2178
f 345 2151 2153
f 297 2007 2009
f 363 2205 2207
f 270 1920 1926
f 247 1855 1857
f 229 1801 1803
f 223 1784 1786
f 235 1820 1822
f 241 1838 1840
f 253 1874 1876
f 355 2180 2182
f 398 2310 2312
f 386 2274 2276
f 260 1896 1898
f 325 2089 2091
f 307 2035 2037
f 278 1950 1952
f 313 2054 2056
f 319 2072 2074
f 337 2126 2128
f 283 1964 1966
f 290 1986 1988
f 368 2220 2222
f 392 2291 2293
f 356 2183 2185
f 254 1877 1879
f 259 1891 1893
f 385 2269 2271
f 397 2305 2307
f 349 2161 2163
f 344 2148 2150
f 296 2004 2006
f 362 2202 2204
f 265 1909 1911
f 338 2129 2131
f 284 1967 1969
f 289 1981 1983
f 367 2215 2217
f 391 2288 2290
f 350 2166 2168
f 343 2143 2145
f 295 1999 2001
f 361 2197 2199
f 266 1914 1916
f 230 1806 1808
f 224 1787 1789
f 236 1823 1825
f 242 1841 1843
f 248 1860 1862
f 272 1931 1933
f 331 2108 2110
f 301 2018 2020
f 373 2234 2236
f 380 2255 2257
f 308 2040 2042
f 277 1945 1947
f 314 2057 2059
f 320 2075 2077
f 326 2094 2096
f 332 2111 2113
f 302 2021 2023
f 374 2237 2239
f 379 2252 2254
f 271 1928 1930
f 234 1812 1818
f 227 1791 1798
f 239 1827 1834
f 245 1845 1852
f 252 1866 1872
f 275 1935 1942
f 334 2118 2120
f 304 2028 2030
f 377 2246 2248
f 382 2259 2263
f 312 2048 2052
f 279 1953 1955
f 316 2061 2065
f 323 2079 2086
f 330 2100 2106
f 335 2115 2122
f 305 2025 2032
f 376 2241 2245
f 383 2264 2266
f 274 1938 1940
f 232 1802 1813
f 225 1783 1792
f 237 1819 1828
f 243 1837 1846
f 250 1856 1867
f 273 1927 1936
f 336 2112 2123
f 306 2022 2033
f 378 2238 2249
f 381 2251 2260
f 311 2036 2049
f 281 1949 1959
f 315 2053 2062
f 321 2071 2080
f 328 2090 2101
f 333 2107 2116
f 303 2017 2026
f 375 2233 2242
f 384 2256 2267
f 276 1932 1943
f 251 1859 1869
f 233 1805 1815
f 228 1788 1799
f 240 1824 1835
f 246 1842 1853
f 258 1878 1889
f 360 2184 2195
f 401 2306 2319
f 389 2270 2283
f 263 1892 1905
f 329 2093 2103
f 310 2039 2046
f 280 1946 1957
f 318 2058 2069
f 324 2076 2087
f 342 2130 2141
f 288 1968 1979
f 292 1982 1993
f 371 2216 2229
f 393 2287 2296
f 357 2179 2188
f 255 1873 1882
f 262 1895 1902
f 388 2273 2280
f 400 2309 2316
f 352 2165 2172
f 347 2144 2157
f 298 2000 2011
f 364 2198 2209
f 269 1913 1923
f 339 2125 2134
f 285 1963 1972
f 293 1985 1995
f 370 2219 2226
f 396 2292 2303
f 353 2162 2175
f 346 2147 2154
f 299 2003 2013
f 365 2201 2211
f 268 1910 1921
f 249 1863 1865
f 231 1809 1811
f 226 1794 1796
f 238 1830 1832
f 244 1848 1850
f 257 1886 1888
f 359 2192 2194
f 402 2318 2322
f 390 2282 2286
f 264 1904 1908
f 327 2097 2099
f 309 2043 2045
f 282 1956 1962
f 317 2066 2068
f 322 2082 2084
f 341 2138 2140
f 286 1974 1976
f 294 1992 1998
f 372 2228 2232
f 394 2295 2299
f 416 2331 2330
f 408 2327 2324
f 406 2328 2325
f 412 2334 2332
f 415 2337 2335
f 424 2346 2344
f 492 2412 2410
f 582 2499 2497
f 565 2487 2486
f 514 2436 2434
f 461 2376 2375
f 453 2372 2369
f 451 2373 2370
f 457 2379 2377
f 460 2382 2380
f 475 2396 2393
f 439 2361 2359
f 496 2418 2415
f 533 2457 2455
f 551 2463 2461
f 579 2492 2489
f 483 2402 2399
f 426 2343 2341
f 521 2433 2431
f 566 2478 2476
f 489 2406 2405
f 578 2502 2500
f 560 2484 2481
f 518 2442 2439
f 429 2349 2348
f 547 2468 2465
f 465 2387 2383
f 441 2358 2356
f 504 2421 2420
f 537 2454 2452
f 550 2472 2471
f 476 2388 2386
f 444 2364 2363
f 502 2426 2422
f 526 2448 2445
f 481 2403 2400
f 420 2342 2338
f 510 2432 2428
f 555 2477 2473
f 571 2493 2490
f 540 2462 2458
f 473 2397 2394
f 447 2367 2366
f 507 2427 2425
f 534 2447 2444
f 469 2391 2389
f 435 2357 2353
f 498 2417 2414
f 529 2453 2449
f 545 2469 2466
f 487 2411 2407
f 574 2498 2494
f 562 2483 2480
f 520 2441 2438
f 432 2352 2351
f 589 2509 2510
f 583 2503 2504
f 586 2506 2508
f 593 2512 2514
f 596 2515 2517
f 599 2518 2520
f 633 2555 2554
f 620 2541 2539
f 640 2562 2560
f 603 2522 2523
f 622 2542 2543
f 607 2528 2527
f 612 2531 2532
f 626 2545 2547
f 629 2548 2550
f 631 2551 2552
f 614 2533 2535
f 618 2537 2538
f 641 2559 2558
f 605 2526 2524
f 164 644 1607
f 163 643 1603
f 165 645 1604
f 166 646 1610
f 167 647 1613
f 172 652 1622
f 190 670 1686
f 219 699 1773
f 215 695 1761
f 201 681 1712
f 179 659 1652
f 178 658 1648
f 180 660 1649
f 181 661 1655
f 182 662 1658
f 185 665 1670
f 177 657 1637
f 197 677 1694
f 206 686 1731
f 208 688 1739
f 218 698 1768
f 188 668 1678
f 168 648 1619
f 198 678 1709
f 213 693 1754
f 189 669 1682
f 221 701 1776
f 217 697 1758
f 202 682 1716
f 170 650 1625
f 209 689 1742
f 184 664 1663
f 173 653 1634
f 194 674 1697
f 204 684 1728
f 210 690 1746
f 183 663 1664
f 175 655 1640
f 196 676 1700
f 207 687 1724
f 192 672 1679
f 169 649 1618
f 199 679 1708
f 216 696 1753
f 222 702 1769
f 211 691 1738
f 187 667 1671
f 176 656 1643
f 195 675 1701
f 203 683 1723
f 186 666 1667
f 174 654 1633
f 193 673 1693
f 205 685 1727
f 212 692 1743
f 191 671 1685
f 220 700 1772
f 214 694 1757
f 200 680 1715
f 171 651 1628
f 358 838 2187
f 256 736 1881
f 261 741 1899
f 387 867 2277
f 399 879 2313
f 351 831 2169
f 348 828 2156
f 300 780 2010
f 366 846 2208
f 267 747 1917
f 340 820 2133
f 287 767 1971
f 291 771 1989
f 369 849 2223
f 395 875 2300
f 354 834 2174
f 345 825 2151
f 297 777 2007
f 363 843 2205
f 270 750 1920
f 247 727 1855
f 229 709 1801
f 223 703 1784
f 235 715 1820
f 241 721 1838
f 253 733 1874
f 355 835 2180
f 398 878 2310
f 386 866 2274
f 260 740 1896
f 325 805 2089
f 307 787 2035
f 278 758 1950
f 313 793 2054
f 319 799 2072
f 337 817 2126
f 283 763 1964
f 290 770 1986
f 368 848 2220
f 392 872 2291
f 356 836 2183
f 254 734 1877
f 259 739 1891
f 385 865 2269
f 397 877 2305
f 349 829 2161
f 344 824 2148
f 296 776 2004
f 362 842 2202
f 265 745 1909
f 338 818 2129
f 284 764 1967
f 289 769 1981
f 367 847 2215
f 391 871 2288
f 350 830 2166
f 343 823 2143
f 295 775 1999
f 361 841 2197
f 266 746 1914
f 230 710 1806
f 224 704 1787
f 236 716 1823
f 242 722 1841
f 248 728 1860
f 272 752 1931
f 331 811 2108
f 301 781 2018
f 373 853 2234
f 380 860 2255
f 308 788 2040
f 277 757 1945
f 314 794 2057
f 320 800 2075
f 326 806 2094
f 332 812 2111
f 302 782 2021
f 374 854 2237
f 379 859 2252
f 271 751 1928
f 234 714 1812
f 227 707 1791
f 239 719 1827
f 245 725 1845
f 252 732 1866
f 275 755 1935
f 334 814 2118
f 304 784 2028
f 377 857 2246
f 382 862 2259
f 312 792 2048
f 279 759 1953
f 316 796 2061
f 323 803 2079
f 330 810 2100
f 335 815 2115
f 305 785 2025
f 376 856 2241
f 383 863 2264
f 274 754 1938
f 232 712 1802
f 225 705 1783
f 237 717 1819
f 243 723 1837
f 250 730 1856
f 273 753 1927
f 336 816 2112
f 306 786 2022
f 378 858 2238
f 381 861 2251
f 311 791 2036
f 281 761 1949
f 315 795 2053
f 321 801 2071
f 328 808 2090
f 333 813 2107
f 303 783 2017
f 375 855 2233
f 384 864 2256
f 276 756 1932
f 251 731 1859
f 233 713 1805
f 228 708 1788
f 240 720 1824
f 246 726 1842
f 258 738 1878
f 360 840 2184
f 401 881 2306
f 389 869 2270
f 263 743 1892
f 329 809 2093
f 310 790 2039
f 280 760 1946
f 318 798 2058
f 324 804 2076
f 342 822 2130
f 288 768 1968
f 292 772 1982
f 371 851 2216
f 393 873 2287
f 357 837 2179
f 255 735 1873
f 262 742 1895
f 388 868 2273
f 400 880 2309
f 352 832 2165
f 347 827 2144
f 298 778 2000
f 364 844 2198
f 269 749 1913
f 339 819 2125
f 285 765 1963
f 293 773 1985
f 370 850 2219
f 396 876 2292
f 353 833 2162
f 346 826 2147
f 299 779 2003
f 365 845 2201
f 268 748 1910
f 249 729 1863
f 231 711 1809
f 226 706 1794
f 238 718 1830
f 244 724 1848
f 257 737 1886
f 359 839 2192
f 402 882 2318
f 390 870 2282
f 264 744 1904
f 327 807 2097
f 309 789 2043
f 282 762 1956
f 317 797 2066
f 322 802 2082
f 341 821 2138
f 286 766 1974
f 294 774 1992
f 372 852 2228
f 394 874 2295
f 416 1270 2331
f 408 1246 2327
f 406 1251 2328
f 412 1287 2334
f 415 1305 2337
f 424 1335 2346
f 492 1552 2412
f 582 1474 2499
f 565 1600 2487
f 514 1353 2436
f 461 1480 2376
f 453 1402 2372
f 451 1407 2373
f 457 1491 2379
f 460 1503 2382
f 475 1534 2396
f 439 1413 2361
f 496 1443 2418
f 533 1593 2457
f 551 1384 2463
f 579 1324 2492
f 483 1276 2402
f 426 1264 2343
f 521 1300 2433
f 566 1318 2478
f 489 1342 2406
f 578 1563 2502
f 560 1461 2484
f 518 1587 2442
f 429 1348 2349
f 547 1522 2468
f 465 1419 2387
f 441 1396 2358
f 504 1498 2421
f 537 1516 2454
f 550 1558 2472
f 476 1426 2388
f 444 1432 2364
f 502 1569 2426
f 526 1371 2448
f 481 1281 2403
f 420 1257 2342
f 510 1293 2432
f 555 1311 2477
f 571 1329 2493
f 540 1377 2462
f 473 1539 2397
f 447 1450 2367
f 507 1576 2427
f 534 1366 2447
f 469 1485 2391
f 435 1389 2357
f 498 1438 2417
f 529 1509 2453
f 545 1527 2469
f 487 1545 2411
f 574 1467 2498
f 562 1456 2483
f 520 1582 2441
f 432 1360 2352
f 589 1271 2509
f 583 1247 2503
f 586 1254 2506
f 593 1290 2512
f 596 1308 2515
f 599 1338 2518
f 633 1553 2555
f 620 1475 2541
f 640 1601 2562
f 603 1356 2522
f 622 1481 2542
f 607 1403 2528
f 612 1410 2531
f 626 1494 2545
f 629 1506 2548
f 631 1535 2551
f 614 1416 2533
f 618 1446 2537
f 641 1596 2559
f 605 1385 2526
f 167 907 1616
f 164 889 1608
f 163 883 1606
f 165 895 1612
f 166 901 1615
f 169 919 1624
f 192 1057 1692
f 222 1237 1782
f 216 1201 1765
f 199 1099 1714
f 182 997 1661
f 179 979 1653
f 178 973 1651
f 180 985 1657
f 181 991 1660
f 186 1021 1675
f 174 949 1639
f 193 1063 1696
f 205 1135 1733
f 212 1177 1751
f 221 1231 1779
f 189 1039 1683
f 170 925 1626
f 202 1117 1721
f 217 1207 1766
f 191 1051 1689
f 220 1225 1778
f 214 1189 1760
f 200 1105 1718
f 171 931 1629
f 210 1165 1747
f 183 1003 1665
f 175 955 1641
f 196 1081 1704
f 207 1147 1737
f 211 1171 1750
f 187 1027 1676
f 176 961 1644
f 195 1075 1702
f 203 1123 1726
f 188 1033 1681
f 168 913 1620
f 198 1093 1710
f 213 1183 1755
f 218 1213 1771
f 208 1153 1740
f 185 1015 1673
f 177 967 1647
f 197 1087 1707
f 206 1141 1734
f 184 1009 1669
f 173 943 1635
f 194 1069 1698
f 204 1129 1729
f 209 1159 1745
f 190 1045 1687
f 219 1219 1774
f 215 1195 1762
f 201 1111 1720
f 172 937 1632
f 357 1280 2189
f 255 1256 1883
f 262 1292 1903
f 388 1310 2281
f 400 1328 2317
f 352 1376 2173
f 347 1538 2158
f 298 1447 2012
f 364 1573 2210
f 269 1363 1924
f 339 1484 2135
f 285 1388 1973
f 293 1435 1996
f 370 1508 2227
f 396 1526 2304
f 353 1544 2176
f 346 1466 2155
f 299 1453 2014
f 365 1579 2212
f 268 1357 1922
f 249 1268 1864
f 231 1244 1810
f 226 1249 1795
f 238 1285 1831
f 244 1303 1849
f 257 1333 1887
f 359 1550 2193
f 402 1472 2321
f 390 1598 2285
f 264 1351 1907
f 327 1478 2098
f 309 1400 2044
f 282 1405 1961
f 317 1489 2067
f 322 1501 2083
f 341 1532 2139
f 286 1411 1975
f 294 1441 1997
f 372 1591 2231
f 394 1382 2298
f 358 1322 2190
f 256 1274 1884
f 261 1262 1900
f 387 1298 2278
f 399 1316 2314
f 351 1340 2170
f 348 1561 2159
f 300 1459 2015
f 366 1585 2213
f 267 1346 1918
f 340 1520 2136
f 287 1417 1977
f 291 1394 1990
f 369 1496 2224
f 395 1514 2301
f 354 1556 2177
f 345 1424 2152
f 297 1430 2008
f 363 1567 2206
f 270 1369 1925
f 234 1279 1817
f 227 1255 1797
f 239 1291 1833
f 245 1309 1851
f 252 1327 1871
f 275 1375 1941
f 334 1537 2119
f 304 1448 2029
f 377 1574 2247
f 382 1364 2262
f 312 1483 2051
f 279 1387 1954
f 316 1436 2064
f 323 1507 2085
f 330 1525 2105
f 335 1543 2121
f 305 1465 2031
f 376 1454 2244
f 383 1580 2265
f 274 1358 1939
f 232 1267 1814
f 225 1243 1793
f 237 1250 1829
f 243 1286 1847
f 250 1304 1868
f 273 1334 1937
f 336 1549 2124
f 306 1471 2034
f 378 1597 2250
f 381 1352 2261
f 311 1477 2050
f 281 1399 1960
f 315 1406 2063
f 321 1490 2081
f 328 1502 2102
f 333 1531 2117
f 303 1412 2027
f 375 1442 2243
f 384 1592 2268
f 276 1381 1944
f 229 890 1804
f 223 884 1785
f 235 896 1821
f 241 902 1839
f 247 908 1858
f 271 938 1929
f 332 1046 2114
f 302 1220 2024
f 374 1196 2240
f 379 1112 2253
f 307 980 2038
f 278 974 1951
f 313 986 2055
f 319 992 2073
f 325 998 2092
f 331 1016 2109
f 301 968 2019
f 373 1088 2235
f 380 1142 2258
f 272 1154 1934
f 248 1214 1861
f 230 1034 1807
f 224 914 1790
f 236 1094 1826
f 242 1184 1844
f 254 1040 1880
f 356 1232 2186
f 397 1208 2308
f 385 1118 2272
f 259 926 1894
f 326 1160 2095
f 308 1010 2041
f 277 944 1948
f 314 1070 2060
f 320 1130 2078
f 338 1166 2132
f 284 1004 1970
f 289 956 1984
f 367 1082 2218
f 391 1148 2289
f 355 1058 2181
f 253 920 1875
f 260 1100 1897
f 386 1202 2275
f 398 1238 2311
f 350 1172 2167
f 343 1028 2146
f 295 962 2002
f 361 1076 2200
f 266 1124 1915
f 337 1022 2127
f 283 950 1965
f 290 1064 1987
f 368 1136 2221
f 392 1178 2294
f 349 1052 2164
f 344 1226 2149
f 296 1190 2005
f 362 1106 2203
f 265 932 1912
f 251 1321 1870
f 233 1273 1816
f 228 1261 1800
f 240 1297 1836
f 246 1315 1854
f 258 1339 1890
f 360 1562 2196
f 401 1460 2320
f 389 1586 2284
f 263 1345 1906
f 329 1519 2104
f 310 1418 2047
f 280 1393 1958
f 318 1495 2070
f 324 1513 2088
f 342 1555 2142
f 288 1423 1980
f 292 1429 1994
f 371 1568 2230
f 393 1370 2297
f 409 894 2329
f 405 887 2323
f 411 899 2326
f 414 905 2333
f 417 912 2336
f 431 941 2345
f 488 1050 2409
f 575 1224 2496
f 563 1200 2485
f 519 1115 2435
f 454 984 2374
f 450 977 2368
f 456 989 2371
f 459 995 2378
f 462 1002 2381
f 472 1019 2392
f 446 971 2360
f 506 1091 2416
f 535 1146 2456
f 541 1158 2460
f 570 1217 2488
f 480 1037 2398
f 421 918 2340
f 511 1098 2430
f 556 1188 2475
f 484 1044 2404
f 580 1236 2501
f 567 1212 2482
f 522 1122 2440
f 427 930 2347
f 544 1163 2464
f 468 1013 2384
f 436 948 2355
f 499 1074 2419
f 530 1134 2451
f 548 1170 2470
f 466 1008 2385
f 442 960 2362
f 505 1086 2423
f 536 1151 2446
f 491 1061 2401
f 423 923 2339
f 513 1103 2429
f 564 1205 2474
f 581 1241 2491
f 549 1175 2459
f 477 1032 2395
f 445 966 2365
f 503 1080 2424
f 525 1127 2443
f 474 1025 2390
f 438 953 2354
f 495 1067 2413
f 532 1139 2450
f 552 1182 2467
f 490 1056 2408
f 577 1229 2495
f 559 1193 2479
f 517 1109 2437
f 430 936 2350
f 590 1325 2511
f 584 1277 2505
f 585 1265 2507
f 592 1301 2513
f 595 1319 2516
f 598 1343 2519
f 636 1566 2556
f 621 1464 2540
f 642 1590 2561
f 601 1349 2521
f 623 1523 2544
f 611 1422 2529
f 609 1397 2530
f 625 1499 2546
f 628 1517 2549
f 632 1559 2553
f 613 1427 2534
f 616 1433 2536
f 638 1572 2557
f 606 1374 2525
f 407 892 1609
f 403 885 1605
f 404 897 1611
f 410 903 1614
f 413 910 1617
f 422 939 1631
f 486 1048 1688
f 573 1222 1775
f 561 1198 1763
f 512 1113 1719
f 452 982 1654
f 448 975 1650
f 449 987 1656
f 455 993 1659
f 458 1000 1662
f 470 1017 1672
f 437 969 1646
f 494 1089 1706
f 531 1144 1735
f 539 1156 1741
f 568 1215 1770
f 478 1035 1680
f 419 916 1621
f 509 1096 1711
f 554 1186 1756
f 482 1042 1684
f 576 1234 1780
f 558 1210 1767
f 516 1120 1722
f 425 928 1627
f 542 1161 1744
f 463 1011 1668
f 434 946 1636
f 497 1072 1699
f 528 1132 1730
f 546 1168 1748
f 464 1006 1666
f 440 958 1642
f 500 1084 1705
f 524 1149 1736
f 479 1059 1691
f 418 921 1623
f 508 1101 1713
f 553 1203 1764
f 569 1239 1781
f 538 1173 1749
f 471 1030 1677
f 443 964 1645
f 501 1078 1703
f 523 1125 1725
f 467 1023 1674
f 433 951 1638
f 493 1065 1695
f 527 1137 1732
f 543 1180 1752
f 485 1054 1690
f 572 1227 1777
f 557 1191 1759
f 515 1107 1717
f 428 934 1630
f 591 1326 2191
f 587 1278 1885
f 588 1266 1901
f 594 1302 2279
f 597 1320 2315
f 600 1344 2171
f 634 1565 2160
f 619 1463 2016
f 639 1589 2214
f 602 1350 1919
f 624 1524 2137
f 608 1421 1978
f 610 1398 1991
f 627 1500 2225
f 630 1518 2302
f 635 1560 2178
f 615 1428 2153
f 617 1434 2009
f 637 1571 2207
f 604 1373 1926
f 416 911 1857
f 408 893 1803
f 406 888 1786
f 412 900 1822
f 415 906 1840
f 424 924 1876
f 492 1062 2182
f 582 1242 2312
f 565 1206 2276
f 514 1104 1898
f 461 1001 2091
f 453 983 2037
f 451 978 1952
f 457 990 2056
f 460 996 2074
f 475 1026 2128
f 439 954 1966
f 496 1068 1988
f 533 1140 2222
f 551 1181 2293
f 579 1235 2185
f 483 1043 1879
f 426 929 1893
f 521 1121 2271
f 566 1211 2307
f 489 1055 2163
f 578 1230 2150
f 560 1194 2006
f 518 1110 2204
f 429 935 1911
f 547 1169 2131
f 465 1007 1969
f 441 959 1983
f 504 1085 2217
f 537 1152 2290
f 550 1176 2168
f 476 1031 2145
f 444 965 2001
f 502 1079 2199
f 526 1128 1916
f 481 1038 1808
f 420 917 1789
f 510 1097 1825
f 555 1187 1843
f 571 1218 1862
f 540 1157 1933
f 473 1020 2110
f 447 972 2020
f 507 1092 2236
f 534 1145 2257
f 469 1014 2042
f 435 947 1947
f 498 1073 2059
f 529 1133 2077
f 545 1164 2096
f 487 1049 2113
f 574 1223 2023
f 562 1199 2239
f 520 1116 2254
f 432 942 1930
f 589 1283 1818
f 583 1259 1798
f 586 1295 1834
f 593 1313 1852
f 596 1331 1872
f 599 1379 1942
f 633 1541 2120
f 620 1452 2030
f 640 1578 2248
f 603 1368 2263
f 622 1487 2052
f 607 1391 1955
f 612 1440 2065
f 626 1511 2086
f 629 1529 2106
f 631 1547 2122
f 614 1469 2032
f 618 1458 2245
f 641 1584 2266
f 605 1362 1940
f 409 1269 1813
f 405 1245 1792
f 411 1252 1828
f 414 1288 1846
f 417 1306 1867
f 431 1336 1936
f 488 1551 2123
f 575 1473 2033
f 563 1599 2249
f 519 1354 2260
f 454 1479 2049
f 450 1401 1959
f 456 1408 2062
f 459 1492 2080
f 462 1504 2101
f 472 1533 2116
f 446 1414 2026
f 506 1444 2242
f 535 1594 2267
f 541 1383 1943
f 570 1323 1869
f 480 1275 1815
f 421 1263 1799
f 511 1299 1835
f 556 1317 1853
f 484 1341 1889
f 580 1564 2195
f 567 1462 2319
f 522 1588 2283
f 427 1347 1905
f 544 1521 2103
f 468 1420 2046
f 436 1395 1957
f 499 1497 2069
f 530 1515 2087
f 548 1557 2141
f 466 1425 1979
f 442 1431 1993
f 505 1570 2229
f 536 1372 2296
f 491 1282 2188
f 423 1258 1882
f 513 1294 1902
f 564 1312 2280
f 581 1330 2316
f 549 1378 2172
f 477 1540 2157
f 445 1449 2011
f 503 1575 2209
f 525 1365 1923
f 474 1486 2134
f 438 1390 1972
f 495 1437 1995
f 532 1510 2226
f 552 1528 2303
f 490 1546 2175
f 577 1468 2154
f 559 1455 2013
f 517 1581 2211
f 430 1359 1921
f 590 1272 1865
f 584 1248 1811
f 585 1253 1796
f 592 1289 1832
f 595 1307 1850
f 598 1337 1888
f 636 1554 2194
f 621 1476 2322
f 642 1602 2286
f 601 1355 1908
f 623 1482 2099
f 611 1404 2045
f 609 1409 1962
f 625 1493 2068
f 628 1505 2084
f 632 1536 2140
f 613 1415 1976
f 616 1445 1998
f 638 1595 2232
f 606 1386 2299
f 407 909 2330
f 403 891 2324
f 404 886 2325
f 410 898 2332
f 413 904 2335
f 422 922 2344
f 486 1060 2410
f 573 1240 2497
f 561 1204 2486
f 512 1102 2434
f 452 999 2375
f 448 981 2369
f 449 976 2370
f 455 988 2377
f 458 994 2380
f 470 1024 2393
f 437 952 2359
f 494 1066 2415
f 531 1138 2455
f 539 1179 2461
f 568 1233 2489
f 478 1041 2399
f 419 927 2341
f 509 1119 2431
f 554 1209 2476
f 482 1053 2405
f 576 1228 2500
f 558 1192 2481
f 516 1108 2439
f 425 933 2348
f 542 1167 2465
f 463 1005 2383
f 434 957 2356
f 497 1083 2420
f 528 1150 2452
f 546 1174 2471
f 464 1029 2386
f 440 963 2363
f 500 1077 2422
f 524 1126 2445
f 479 1036 2400
f 418 915 2338
f 508 1095 2428
f 553 1185 2473
f 569 1216 2490
f 538 1155 2458
f 471 1018 2394
f 443 970 2366
f 501 1090 2425
f 523 1143 2444
f 467 1012 2389
f 433 945 2353
f 493 1071 2414
f 527 1131 2449
f 543 1162 2466
f 485 1047 2407
f 572 1221 2494
f 557 1197 2480
f 515 1114 2438
f 428 940 2351
f 591 1284 2510
f 587 1260 2504
f 588 1296 2508
f 594 1314 2514
f 597 1332 2517
f 600 1380 2520
f 634 1542 2554
f 619 1451 2539
f 639 1577 2560
f 602 1367 2523
f 624 1488 2543
f 608 1392 2527
f 610 1439 2532
f 627 1512 2547
f 630 1530 2550
f 635 1548 2552
f 615 1470 2535
f 617 1457 2538
f 637 1583 2558
f 604 1361 2524
f 167 1616 1607
f 164 1608 1603
f 163 1606 1604
f 165 1612 1610
f 166 1615 1613
f 169 1624 1622
f 192 1692 1686
f 222 1782 1773
f 216 1765 1761
f 199 1714 1712
f 182 1661 1652
f 179 1653 1648
f 178 1651 1649
f 180 1657 1655
f 181 1660 1658
f 186 1675 1670
f 174 1639 1637
f 193 1696 1694
f 205 1733 1731
f 212 1751 1739
f 221 1779 1768
f 189 1683 1678
f 170 1626 1619
f 202 1721 1709
f 217 1766 1754
f 191 1689 1682
f 220 1778 1776
f 214 1760 1758
f 200 1718 1716
f 171 1629 1625
f 210 1747 1742
f 183 1665 1663
f 175 1641 1634
f 196 1704 1697
f 207 1737 1728
f 211 1750 1746
f 187 1676 1664
f 176 1644 1640
f 195 1702 1700
f 203 1726 1724
f 188 1681 1679
f 168 1620 1618
f 198 1710 1708
f 213 1755 1753
f 218 1771 1769
f 208 1740 1738
f 185 1673 1671
f 177 1647 1643
f 197 1707 1701
f 206 1734 1723
f 184 1669 1667
f 173 1635 1633
f 194 1698 1693
f 204 1729 1727
f 209 1745 1743
f 190 1687 1685
f 219 1774 1772
f 215 1762 1757
f 201 1720 1715
f 172 1632 1628
f 357 2189 2187
f 255 1883 1881
f 262 1903 1899
f 388 2281 2277
f 400 2317 2313
f 352 2173 2169
f 347 2158 2156
f 298 2012 2010
f 364 2210 2208
f 269 1924 1917
f 339 2135 2133
f 285 1973 1971
f 293 1996 1989
f 370 2227 2223
f 396 2304 2300
f 353 2176 2174
f 346 2155 2151
f 299 2014 2007
f 365 2212 2205
f 268 1922 1920
f 249 1864 1855
f 231 1810 1801
f 226 1795 1784
f 238 1831 1820
f 244 1849 1838
f 257 1887 1874
f 359 2193 2180
f 402 2321 2310
f 390 2285 2274
f 264 1907 1896
f 327 2098 2089
f 309 2044 2035
f 282 1961 1950
f 317 2067 2054
f 322 2083 2072
f 341 2139 2126
f 286 1975 1964
f 294 1997 1986
f 372 2231 2220
f 394 2298 2291
f 358 2190 2183
f 256 1884 1877
f 261 1900 1891
f 387 2278 2269
f 399 2314 2305
f 351 2170 2161
f 348 2159 2148
f 300 2015 2004
f 366 2213 2202
f 267 1918 1909
f 340 2136 2129
f 287 1977 1967
f 291 1990 1981
f 369 2224 2215
f 395 2301 2288
f 354 2177 2166
f 345 2152 2143
f 297 2008 1999
f 363 2206 2197
f 270 1925 1914
f 234 1817 1806
f 227 1797 1787
f 239 1833 1823
f 245 1851 1841
f 252 1871 1860
f 275 1941 1931
f 334 2119 2108
f 304 2029 2018
f 377 2247 2234
f 382 2262 2255
f 312 2051 2040
f 279 1954 1945
f 316 2064 2057
f 323 2085 2075
f 330 2105 2094
f 335 2121 2111
f 305 2031 2021
f 376 2244 2237
f 383 2265 2252
f 274 1939 1928
f 232 1814 1812
f 225 1793 1791
f 237 1829 1827
f 243 1847 1845
f 250 1868 1866
f 273 1937 1935
f 336 2124 2118
f 306 2034 2028
f 378 2250 2246
f 381 2261 2259
f 311 2050 2048
f 281 1960 1953
f 315 2063 2061
f 321 2081 2079
f 328 2102 2100
f 333 2117 2115
f 303 2027 2025
f 375 2243 2241
f 384 2268 2264
f 276 1944 1938
f 229 1804 1802
f 223 1785 1783
f 235 1821 1819
f 241 1839 1837
f 247 1858 1856
f 271 1929 1927
f 332 2114 2112
f 302 2024 2022
f 374 2240 2238
f 379 2253 2251
f 307 2038 2036
f 278 1951 1949
f 313 2055 2053
f 319 2073 2071
f 325 2092 2090
f 331 2109 2107
f 301 2019 2017
f 373 2235 2233
f 380 2258 2256
f 272 1934 1932
f 248 1861 1859
f 230 1807 1805
f 224 1790 1788
f 236 1826 1824
f 242 1844 1842
f 254 1880 1878
f 356 2186 2184
f 397 2308 2306
f 385 2272 2270
f 259 1894 1892
f 326 2095 2093
f 308 2041 2039
f 277 1948 1946
f 314 2060 2058
f 320 2078 2076
f 338 2132 2130
f 284 1970 1968
f 289 1984 1982
f 367 2218 2216
f 391 2289 2287
f 355 2181 2179
f 253 1875 1873
f 260 1897 1895
f 386 2275 2273
f 398 2311 2309
f 350 2167 2165
f 343 2146 2144
f 295 2002 2000
f 361 2200 2198
f 266 1915 1913
f 337 2127 2125
f 283 1965 1963
f 290 1987 1985
f 368 2221 2219
f 392 2294 2292
f 349 2164 2162
f 344 2149 2147
f 296 2005 2003
f 362 2203 2201
f 265 1912 1910
f 251 1870 1863
f 233 1816 1809
f 228 1800 1794
f 240 1836 1830
f 246 1854 1848
f 258 1890 1886
f 360 2196 2192
f 401 2320 2318
f 389 2284 2282
f 263 1906 1904
f 329 2104 2097
f 310 2047 2043
f 280 1958 1956
f 318 2070 2066
f 324 2088 2082
f 342 2142 2138
f 288 1980 1974
f 292 1994 1992
f 371 2230 2228
f 393 2297 2295
f 409 2329 2331
f 405 2323 2327
f 411 2326 2328
f 414 2333 2334
f 417 2336 2337
f 431 2345 2346
f 488 2409 2412
f 575 2496 2499
f 563 2485 2487
f 519 2435 2436
f 454 2374 2376
f 450 2368 2372
f 456 2371 2373
f 459 2378 2379
f 462 2381 2382
f 472 2392 2396
f 446 2360 2361
f 506 2416 2418
f 535 2456 2457
f 541 2460 2463
f 570 2488 2492
f 480 2398 2402
f 421 2340 2343
f 511 2430 2433
f 556 2475 2478
f 484 2404 2406
f 580 2501 2502
f 567 2482 2484
f 522 2440 2442
f 427 2347 2349
f 544 2464 2468
f 468 2384 2387
f 436 2355 2358
f 499 2419 2421
f 530 2451 2454
f 548 2470 2472
f 466 2385 2388
f 442 2362 2364
f 505 2423 2426
f 536 2446 2448
f 491 2401 2403
f 423 2339 2342
f 513 2429 2432
f 564 2474 2477
f 581 2491 2493
f 549 2459 2462
f 477 2395 2397
f 445 2365 2367
f 503 2424 2427
f 525 2443 2447
f 474 2390 2391
f 438 2354 2357
f 495 2413 2417
f 532 2450 2453
f 552 2467 2469
f 490 2408 2411
f 577 2495 2498
f 559 2479 2483
f 517 2437 2441
f 430 2350 2352
f 590 2511 2509
f 584 2505 2503
f 585 2507 2506
f 592 2513 2512
f 595 2516 2515
f 598 2519 2518
f 636 2556 2555
f 621 2540 2541
f 642 2561 2562
f 601 2521 2522
f 623 2544 2542
f 611 2529 2528
f 609 2530 2531
f 625 2546 2545
f 628 2549 2548
f 632 2553 2551
f 613 2534 2533
f 616 2536 2537
f 638 2557 2559
f 606 2525 2526
f 1607 644 647
f 1603 643 644
f 1604 645 643
f 1610 646 645
f 1613 647 646
f 1622 652 649
f 1686 670 672
f 1773 699 702
f 1761 695 696
f 1712 681 679
f 1652 659 662
f 1648 658 659
f 1649 660 658
f 1655 661 660
f 1658 662 661
f 1670 665 666
f 1637 657 654
f 1694 677 673
f 1731 686 685
f 1739 688 692
f 1768 698 701
f 1678 668 669
f 1619 648 650
f 1709 678 682
f 1754 693 697
f 1682 669 671
f 1776 701 700
f 1758 697 694
f 1716 682 680
f 1625 650 651
f 1742 689 690
f 1663 664 663
f 1634 653 655
f 1697 674 676
f 1728 684 687
f 1746 690 691
f 1664 663 667
f 1640 655 656
f 1700 676 675
f 1724 687 683
f 1679 672 668
f 1618 649 648
f 1708 679 678
f 1753 696 693
f 1769 702 698
f 1738 691 688
f 1671 667 665
f 1643 656 657
f 1701 675 677
f 1723 683 686
f 1667 666 664
f 1633 654 653
f 1693 673 674
f 1727 685 684
f 1743 692 689
f 1685 671 670
f 1772 700 699
f 1757 694 695
f 1715 680 681
f 1628 651 652
f 2187 838 837
f 1881 736 735
f 1899 741 742
f 2277 867 868
f 2313 879 880
f 2169 831 832
f 2156 828 827
f 2010 780 778
f 2208 846 844
f 1917 747 749
f 2133 820 819
f 1971 767 765
f 1989 771 773
f 2223 849 850
f 2300 875 876
f 2174 834 833
f 2151 825 826
f 2007 777 779
f 2205 843 845
f 1920 750 748
f 1855 727 729
f 1801 709 711
f 1784 703 706
f 1820 715 718
f 1838 721 724
f 1874 733 737
f 2180 835 839
f 2310 878 882
f 2274 866 870
f 1896 740 744
f 2089 805 807
f 2035 787 789
f 1950 758 762
f 2054 793 797
f 2072 799 802
f 2126 817 821
f 1964 763 766
f 1986 770 774
f 2220 848 852
f 2291 872 874
f 2183 836 838
f 1877 734 736
f 1891 739 741
f 2269 865 867
f 2305 877 879
f 2161 829 831
f 2148 824 828
f 2004 776 780
f 2202 842 846
f 1909 745 747
f 2129 818 820
f 1967 764 767
f 1981 769 771
f 2215 847 849
f 2288 871 875
f 2166 830 834
f 2143 823 825
f 1999 775 777
f 2197 841 843
f 1914 746 750
f 1806 710 714
f 1787 704 707
f 1823 716 719
f 1841 722 725
f 1860 728 732
f 1931 752 755
f 2108 811 814
f 2018 781 784
f 2234 853 857
f 2255 860 862
f 2040 788 792
f 1945 757 759
f 2057 794 796
f 2075 800 803
f 2094 806 810
f 2111 812 815
f 2021 782 785
f 2237 854 856
f 2252 859 863
f 1928 751 754
f 1812 714 712
f 1791 707 705
f 1827 719 717
f 1845 725 723
f 1866 732 730
f 1935 755 753
f 2118 814 816
f 2028 784 786
f 2246 857 858
f 2259 862 861
f 2048 792 791
f 1953 759 761
f 2061 796 795
f 2079 803 801
f 2100 810 808
f 2115 815 813
f 2025 785 783
f 2241 856 855
f 2264 863 864
f 1938 754 756
f 1802 712 709
f 1783 705 703
f 1819 717 715
f 1837 723 721
f 1856 730 727
f 1927 753 751
f 2112 816 812
f 2022 786 782
f 2238 858 854
f 2251 861 859
f 2036 791 787
f 1949 761 758
f 2053 795 793
f 2071 801 799
f 2090 808 805
f 2107 813 811
f 2017 783 781
f 2233 855 853
f 2256 864 860
f 1932 756 752
f 1859 731 728
f 1805 713 710
f 1788 708 704
f 1824 720 716
f 1842 726 722
f 1878 738 734
f 2184 840 836
f 2306 881 877
f 2270 869 865
f 1892 743 739
f 2093 809 806
f 2039 790 788
f 1946 760 757
f 2058 798 794
f 2076 804 800
f 2130 822 818
f 1968 768 764
f 1982 772 769
f 2216 851 847
f 2287 873 871
f 2179 837 835
f 1873 735 733
f 1895 742 740
f 2273 868 866
f 2309 880 878
f 2165 832 830
f 2144 827 823
f 2000 778 775
f 2198 844 841
f 1913 749 746
f 2125 819 817
f 1963 765 763
f 1985 773 770
f 2219 850 848
f 2292 876 872
f 2162 833 829
f 2147 826 824
f 2003 779 776
f 2201 845 842
f 1910 748 745
f 1863 729 731
f 1809 711 713
f 1794 706 708
f 1830 718 720
f 1848 724 726
f 1886 737 738
f 2192 839 840
f 2318 882 881
f 2282 870 869
f 1904 744 743
f 2097 807 809
f 2043 789 790
f 1956 762 760
f 2066 797 798
f 2082 802 804
f 2138 821 822
f 1974 766 768
f 1992 774 772
f 2228 852 851
f 2295 874 873
f 2331 1270 1269
f 2327 1246 1245
f 2328 1251 1252
f 2334 1287 1288
f 2337 1305 1306
f 2346 1335 1336
f 2412 1552 1551
f 2499 1474 1473
f 2487 1600 1599
f 2436 1353 1354
f 2376 1480 1479
f 2372 1402 1401
f 2373 1407 1408
f 2379 1491 1492
f 2382 1503 1504
f 2396 1534 1533
f 2361 1413 1414
f 2418 1443 1444
f 2457 1593 1594
f 2463 1384 1383
f 2492 1324 1323
f 2402 1276 1275
f 2343 1264 1263
f 2433 1300 1299
f 2478 1318 1317
f 2406 1342 1341
f 2502 1563 1564
f 2484 1461 1462
f 2442 1587 1588
f 2349 1348 1347
f 2468 1522 1521
f 2387 1419 1420
f 2358 1396 1395
f 2421 1498 1497
f 2454 1516 1515
f 2472 1558 1557
f 2388 1426 1425
f 2364 1432 1431
f 2426 1569 1570
f 2448 1371 1372
f 2403 1281 1282
f 2342 1257 1258
f 2432 1293 1294
f 2477 1311 1312
f 2493 1329 1330
f 2462 1377 1378
f 2397 1539 1540
f 2367 1450 1449
f 2427 1576 1575
f 2447 1366 1365
f 2391 1485 1486
f 2357 1389 1390
f 2417 1438 1437
f 2453 1509 1510
f 2469 1527 1528
f 2411 1545 1546
f 2498 1467 1468
f 2483 1456 1455
f 2441 1582 1581
f 2352 1360 1359
f 2509 1271 1272
f 2503 1247 1248
f 2506 1254 1253
f 2512 1290 1289
f 2515 1308 1307
f 2518 1338 1337
f 2555 1553 1554
f 2541 1475 1476
f 2562 1601 1602
f 2522 1356 1355
f 2542 1481 1482
f 2528 1403 1404
f 2531 1410 1409
f 2545 1494 1493
f 2548 1506 1505
f 2551 1535 1536
f 2533 1416 1415
f 2537 1446 1445
f 2559 1596 1595
f 2526 1385 1386
f 1616 907 909
f 1608 889 891
f 1606 883 886
f 1612 895 898
f 1615 901 904
f 1624 919 922
f 1692 1057 1060
f 1782 1237 1240
f 1765 1201 1204
f 1714 1099 1102
f 1661 997 999
f 1653 979 981
f 1651 973 976
f 1657 985 988
f 1660 991 994
f 1675 1021 1024
f 1639 949 952
f 1696 1063 1066
f 1733 1135 1138
f 1751 1177 1179
f 1779 1231 1233
f 1683 1039 1041
f 1626 925 927
f 1721 1117 1119
f 1766 1207 1209
f 1689 1051 1053
f 1778 1225 1228
f 1760 1189 1192
f 1718 1105 1108
f 1629 931 933
f 1747 1165 1167
f 1665 1003 1005
f 1641 955 957
f 1704 1081 1083
f 1737 1147 1150
f 1750 1171 1174
f 1676 1027 1029
f 1644 961 963
f 1702 1075 1077
f 1726 1123 1126
f 1681 1033 1036
f 1620 913 915
f 1710 1093 1095
f 1755 1183 1185
f 1771 1213 1216
f 1740 1153 1155
f 1673 1015 1018
f 1647 967 970
f 1707 1087 1090
f 1734 1141 1143
f 1669 1009 1012
f 1635 943 945
f 1698 1069 1071
f 1729 1129 1131
f 1745 1159 1162
f 1687 1045 1047
f 1774 1219 1221
f 1762 1195 1197
f 1720 1111 1114
f 1632 937 940
f 2189 1280 1284
f 1883 1256 1260
f 1903 1292 1296
f 2281 1310 1314
f 2317 1328 1332
f 2173 1376 1380
f 2158 1538 1542
f 2012 1447 1451
f 2210 1573 1577
f 1924 1363 1367
f 2135 1484 1488
f 1973 1388 1392
f 1996 1435 1439
f 2227 1508 1512
f 2304 1526 1530
f 2176 1544 1548
f 2155 1466 1470
f 2014 1453 1457
f 2212 1579 1583
f 1922 1357 1361
f 1864 1268 1270
f 1810 1244 1246
f 1795 1249 1251
f 1831 1285 1287
f 1849 1303 1305
f 1887 1333 1335
f 2193 1550 1552
f 2321 1472 1474
f 2285 1598 1600
f 1907 1351 1353
f 2098 1478 1480
f 2044 1400 1402
f 1961 1405 1407
f 2067 1489 1491
f 2083 1501 1503
f 2139 1532 1534
f 1975 1411 1413
f 1997 1441 1443
f 2231 1591 1593
f 2298 1382 1384
f 2190 1322 1324
f 1884 1274 1276
f 1900 1262 1264
f 2278 1298 1300
f 2314 1316 1318
f 2170 1340 1342
f 2159 1561 1563
f 2015 1459 1461
f 2213 1585 1587
f 1918 1346 1348
f 2136 1520 1522
f 1977 1417 1419
f 1990 1394 1396
f 2224 1496 1498
f 2301 1514 1516
f 2177 1556 1558
f 2152 1424 1426
f 2008 1430 1432
f 2206 1567 1569
f 1925 1369 1371
f 1817 1279 1281
f 1797 1255 1257
f 1833 1291 1293
f 1851 1309 1311
f 1871 1327 1329
f 1941 1375 1377
f 2119 1537 1539
f 2029 1448 1450
f 2247 1574 1576
f 2262 1364 1366
f 2051 1483 1485
f 1954 1387 1389
f 2064 1436 1438
f 2085 1507 1509
f 2105 1525 1527
f 2121 1543 1545
f 2031 1465 1467
f 2244 1454 1456
f 2265 1580 1582
f 1939 1358 1360
f 1814 1267 1271
f 1793 1243 1247
f 1829 1250 1254
f 1847 1286 1290
f 1868 1304 1308
f 1937 1334 1338
f 2124 1549 1553
f 2034 1471 1475
f 2250 1597 1601
f 2261 1352 1356
f 2050 1477 1481
f 1960 1399 1403
f 2063 1406 1410
f 2081 1490 1494
f 2102 1502 1506
f 2117 1531 1535
f 2027 1412 1416
f 2243 1442 1446
f 2268 1592 1596
f 1944 1381 1385
f 1804 890 894
f 1785 884 887
f 1821 896 899
f 1839 902 905
f 1858 908 912
f 1929 938 941
f 2114 1046 1050
f 2024 1220 1224
f 2240 1196 1200
f 2253 1112 1115
f 2038 980 984
f 1951 974 977
f 2055 986 989
f 2073 992 995
f 2092 998 1002
f 2109 1016 1019
f 2019 968 971
f 2235 1088 1091
f 2258 1142 1146
f 1934 1154 1158
f 1861 1214 1217
f 1807 1034 1037
f 1790 914 918
f 1826 1094 1098
f 1844 1184 1188
f 1880 1040 1044
f 2186 1232 1236
f 2308 1208 1212
f 2272 1118 1122
f 1894 926 930
f 2095 1160 1163
f 2041 1010 1013
f 1948 944 948
f 2060 1070 1074
f 2078 1130 1134
f 2132 1166 1170
f 1970 1004 1008
f 1984 956 960
f 2218 1082 1086
f 2289 1148 1151
f 2181 1058 1061
f 1875 920 923
f 1897 1100 1103
f 2275 1202 1205
f 2311 1238 1241
f 2167 1172 1175
f 2146 1028 1032
f 2002 962 966
f 2200 1076 1080
f 1915 1124 1127
f 2127 1022 1025
f 1965 950 953
f 1987 1064 1067
f 2221 1136 1139
f 2294 1178 1182
f 2164 1052 1056
f 2149 1226 1229
f 2005 1190 1193
f 2203 1106 1109
f 1912 932 936
f 1870 1321 1325
f 1816 1273 1277
f 1800 1261 1265
f 1836 1297 1301
f 1854 1315 1319
f 1890 1339 1343
f 2196 1562 1566
f 2320 1460 1464
f 2284 1586 1590
f 1906 1345 1349
f 2104 1519 1523
f 2047 1418 1422
f 1958 1393 1397
f 2070 1495 1499
f 2088 1513 1517
f 2142 1555 1559
f 1980 1423 1427
f 1994 1429 1433
f 2230 1568 1572
f 2297 1370 1374
f 2329 894 892
f 2323 887 885
f 2326 899 897
f 2333 905 903
f 2336 912 910
f 2345 941 939
f 2409 1050 1048
f 2496 1224 1222
f 2485 1200 1198
f 2435 1115 1113
f 2374 984 982
f 2368 977 975
f 2371 989 987
f 2378 995 993
f 2381 1002 1000
f 2392 1019 1017
f 2360 971 969
f 2416 1091 1089
f 2456 1146 1144
f 2460 1158 1156
f 2488 1217 1215
f 2398 1037 1035
f 2340 918 916
f 2430 1098 1096
f 2475 1188 1186
f 2404 1044 1042
f 2501 1236 1234
f 2482 1212 1210
f 2440 1122 1120
f 2347 930 928
f 2464 1163 1161
f 2384 1013 1011
f 2355 948 946
f 2419 1074 1072
f 2451 1134 1132
f 2470 1170 1168
f 2385 1008 1006
f 2362 960 958
f 2423 1086 1084
f 2446 1151 1149
f 2401 1061 1059
f 2339 923 921
f 2429 1103 1101
f 2474 1205 1203
f 2491 1241 1239
f 2459 1175 1173
f 2395 1032 1030
f 2365 966 964
f 2424 1080 1078
f 2443 1127 1125
f 2390 1025 1023
f 2354 953 951
f 2413 1067 1065
f 2450 1139 1137
f 2467 1182 1180
f 2408 1056 1054
f 2495 1229 1227
f 2479 1193 1191
f 2437 1109 1107
f 2350 936 934
f 2511 1325 1326
f 2505 1277 1278
f 2507 1265 1266
f 2513 1301 1302
f 2516 1319 1320
f 2519 1343 1344
f 2556 1566 1565
f 2540 1464 1463
f 2561 1590 1589
f 2521 1349 1350
f 2544 1523 1524
f 2529 1422 1421
f 2530 1397 1398
f 2546 1499 1500
f 2549 1517 1518
f 2553 1559 1560
f 2534 1427 1428
f 2536 1433 1434
f 2557 1572 1571
f 2525 1374 1373
f 1609 892 889
f 1605 885 883
f 1611 897 895
f 1614 903 901
f 1617 910 907
f 1631 939 937
f 1688 1048 1045
f 1775 1222 1219
f 1763 1198 1195
f 1719 1113 1111
f 1654 982 979
f 1650 975 973
f 1656 987 985
f 1659 993 991
f 1662 1000 997
f 1672 1017 1015
f 1646 969 967
f 1706 1089 1087
f 1735 1144 1141
f 1741 1156 1153
f 1770 1215 1213
f 1680 1035 1033
f 1621 916 913
f 1711 1096 1093
f 1756 1186 1183
f 1684 1042 1039
f 1780 1234 1231
f 1767 1210 1207
f 1722 1120 1117
f 1627 928 925
f 1744 1161 1159
f 1668 1011 1009
f 1636 946 943
f 1699 1072 1069
f 1730 1132 1129
f 1748 1168 1165
f 1666 1006 1003
f 1642 958 955
f 1705 1084 1081
f 1736 1149 1147
f 1691 1059 1057
f 1623 921 919
f 1713 1101 1099
f 1764 1203 1201
f 1781 1239 1237
f 1749 1173 1171
f 1677 1030 1027
f 1645 964 961
f 1703 1078 1075
f 1725 1125 1123
f 1674 1023 1021
f 1638 951 949
f 1695 1065 1063
f 1732 1137 1135
f 1752 1180 1177
f 1690 1054 1051
f 1777 1227 1225
f 1759 1191 1189
f 1717 1107 1105
f 1630 934 931
f 2191 1326 1322
f 1885 1278 1274
f 1901 1266 1262
f 2279 1302 1298
f 2315 1320 1316
f 2171 1344 1340
f 2160 1565 1561
f 2016 1463 1459
f 2214 1589 1585
f 1919 1350 1346
f 2137 1524 1520
f 1978 1421 1417
f 1991 1398 1394
f 2225 1500 1496
f 2302 1518 1514
f 2178 1560 1556
f 2153 1428 1424
f 2009 1434 1430
f 2207 1571 1567
f 1926 1373 1369
f 1857 911 908
f 1803 893 890
f 1786 888 884
f 1822 900 896
f 1840 906 902
f 1876 924 920
f 2182 1062 1058
f 2312 1242 1238
f 2276 1206 1202
f 1898 1104 1100
f 2091 1001 998
f 2037 983 980
f 1952 978 974
f 2056 990 986
f 2074 996 992
f 2128 1026 1022
f 1966 954 950
f 1988 1068 1064
f 2222 1140 1136
f 2293 1181 1178
f 2185 1235 1232
f 1879 1043 1040
f 1893 929 926
f 2271 1121 1118
f 2307 1211 1208
f 2163 1055 1052
f 2150 1230 1226
f 2006 1194 1190
f 2204 1110 1106
f 1911 935 932
f 2131 1169 1166
f 1969 1007 1004
f 1983 959 956
f 2217 1085 1082
f 2290 1152 1148
f 2168 1176 1172
f 2145 1031 1028
f 2001 965 962
f 2199 1079 1076
f 1916 1128 1124
f 1808 1038 1034
f 1789 917 914
f 1825 1097 1094
f 1843 1187 1184
f 1862 1218 1214
f 1933 1157 1154
f 2110 1020 1016
f 2020 972 968
f 2236 1092 1088
f 2257 1145 1142
f 2042 1014 1010
f 1947 947 944
f 2059 1073 1070
f 2077 1133 1130
f 2096 1164 1160
f 2113 1049 1046
f 2023 1223 1220
f 2239 1199 1196
f 2254 1116 1112
f 1930 942 938
f 1818 1283 1279
f 1798 1259 1255
f 1834 1295 1291
f 1852 1313 1309
f 1872 1331 1327
f 1942 1379 1375
f 2120 1541 1537
f 2030 1452 1448
f 2248 1578 1574
f 2263 1368 1364
f 2052 1487 1483
f 1955 1391 1387
f 2065 1440 1436
f 2086 1511 1507
f 2106 1529 1525
f 2122 1547 1543
f 2032 1469 1465
f 2245 1458 1454
f 2266 1584 1580
f 1940 1362 1358
f 1813 1269 1267
f 1792 1245 1243
f 1828 1252 1250
f 1846 1288 1286
f 1867 1306 1304
f 1936 1336 1334
f 2123 1551 1549
f 2033 1473 1471
f 2249 1599 1597
f 2260 1354 1352
f 2049 1479 1477
f 1959 1401 1399
f 2062 1408 1406
f 2080 1492 1490
f 2101 1504 1502
f 2116 1533 1531
f 2026 1414 1412
f 2242 1444 1442
f 2267 1594 1592
f 1943 1383 1381
f 1869 1323 1321
f 1815 1275 1273
f 1799 1263 1261
f 1835 1299 1297
f 1853 1317 1315
f 1889 1341 1339
f 2195 1564 1562
f 2319 1462 1460
f 2283 1588 1586
f 1905 1347 1345
f 2103 1521 1519
f 2046 1420 1418
f 1957 1395 1393
f 2069 1497 1495
f 2087 1515 1513
f 2141 1557 1555
f 1979 1425 1423
f 1993 1431 1429
f 2229 1570 1568
f 2296 1372 1370
f 2188 1282 1280
f 1882 1258 1256
f 1902 1294 1292
f 2280 1312 1310
f 2316 1330 1328
f 2172 1378 1376
f 2157 1540 1538
f 2011 1449 1447
f 2209 1575 1573
f 1923 1365 1363
f 2134 1486 1484
f 1972 1390 1388
f 1995 1437 1435
f 2226 1510 1508
f 2303 1528 1526
f 2175 1546 1544
f 2154 1468 1466
f 2013 1455 1453
f 2211 1581 1579
f 1921 1359 1357
f 1865 1272 1268
f 1811 1248 1244
f 1796 1253 1249
f 1832 1289 1285
f 1850 1307 1303
f 1888 1337 1333
f 2194 1554 1550
f 2322 1476 1472
f 2286 1602 1598
f 1908 1355 1351
f 2099 1482 1478
f 2045 1404 1400
f 1962 1409 1405
f 2068 1493 1489
f 2084 1505 1501
f 2140 1536 1532
f 1976 1415 1411
f 1998 1445 1441
f 2232 1595 1591
f 2299 1386 1382
f 2330 909 911
f 2324 891 893
f 2325 886 888
f 2332 898 900
f 2335 904 906
f 2344 922 924
f 2410 1060 1062
f 2497 1240 1242
f 2486 1204 1206
f 2434 1102 1104
f 2375 999 1001
f 2369 981 983
f 2370 976 978
f 2377 988 990
f 2380 994 996
f 2393 1024 1026
f 2359 952 954
f 2415 1066 1068
f 2455 1138 1140
f 2461 1179 1181
f 2489 1233 1235
f 2399 1041 1043
f 2341 927 929
f 2431 1119 1121
f 2476 1209 1211
f 2405 1053 1055
f 2500 1228 1230
f 2481 1192 1194
f 2439 1108 1110
f 2348 933 935
f 2465 1167 1169
f 2383 1005 1007
f 2356 957 959
f 2420 1083 1085
f 2452 1150 1152
f 2471 1174 1176
f 2386 1029 1031
f 2363 963 965
f 2422 1077 1079
f 2445 1126 1128
f 2400 1036 1038
f 2338 915 917
f 2428 1095 1097
f 2473 1185 1187
f 2490 1216 1218
f 2458 1155 1157
f 2394 1018 1020
f 2366 970 972
f 2425 1090 1092
f 2444 1143 1145
f 2389 1012 1014
f 2353 945 947
f 2414 1071 1073
f 2449 1131 1133
f 2466 1162 1164
f 2407 1047 1049
f 2494 1221 1223
f 2480 1197 1199
f 2438 1114 1116
f 2351 940 942
f 2510 1284 1283
f 2504 1260 1259
f 2508 1296 1295
f 2514 1314 1313
f 2517 1332 1331
f 2520 1380 1379
f 2554 1542 1541
f 2539 1451 1452
f 2560 1577 1578
f 2523 1367 1368
f 2543 1488 1487
f 2527 1392 1391
f 2532 1439 1440
f 2547 1512 1511
f 2550 1530 1529
f 2552 1548 1547
f 2535 1470 1469
f 2538 1457 1458
f 2558 1583 1584
f 2524 1361 1362
f 1607 1616 1609
f 1603 1608 1605
f 1604 1606 1611
f 1610 1612 1614
f 1613 1615 1617
f 1622 1624 1631
f 1686 1692 1688
f 1773 1782 1775
f 1761 1765 1763
f 1712 1714 1719
f 1652 1661 1654
f 1648 1653 1650
f 1649 1651 1656
f 1655 1657 1659
f 1658 1660 1662
f 1670 1675 1672
f 1637 1639 1646
f 1694 1696 1706
f 1731 1733 1735
f 1739 1751 1741
f 1768 1779 1770
f 1678 1683 1680
f 1619 1626 1621
f 1709 1721 1711
f 1754 1766 1756
f 1682 1689 1684
f 1776 1778 1780
f 1758 1760 1767
f 1716 1718 1722
f 1625 1629 1627
f 1742 1747 1744
f 1663 1665 1668
f 1634 1641 1636
f 1697 1704 1699
f 1728 1737 1730
f 1746 1750 1748
f 1664 1676 1666
f 1640 1644 1642
f 1700 1702 1705
f 1724 1726 1736
f 1679 1681 1691
f 1618 1620 1623
f 1708 1710 1713
f 1753 1755 1764
f 1769 1771 1781
f 1738 1740 1749
f 1671 1673 1677
f 1643 1647 1645
f 1701 1707 1703
f 1723 1734 1725
f 1667 1669 1674
f 1633 1635 1638
f 1693 1698 1695
f 1727 1729 1732
f 1743 1745 1752
f 1685 1687 1690
f 1772 1774 1777
f 1757 1762 1759
f 1715 1720 1717
f 1628 1632 1630
f 2187 2189 2191
f 1881 1883 1885
f 1899 1903 1901
f 2277 2281 2279
f 2313 2317 2315
f 2169 2173 2171
f 2156 2158 2160
f 2010 2012 2016
f 2208 2210 2214
f 1917 1924 1919
f 2133 2135 2137
f 1971 1973 1978
f 1989 1996 1991
f 2223 2227 2225
f 2300 2304 2302
f 2174 2176 2178
f 2151 2155 2153
f 2007 2014 2009
f 2205 2212 2207
f 1920 1922 1926
f 1855 1864 1857
f 1801 1810 1803
f 1784 1795 1786
f 1820 1831 1822
f 1838 1849 1840
f 1874 1887 1876
f 2180 2193 2182
f 2310 2321 2312
f 2274 2285 2276
f 1896 1907 1898
f 2089 2098 2091
f 2035 2044 2037
f 1950 1961 1952
f 2054 2067 2056
f 2072 2083 2074
f 2126 2139 2128
f 1964 1975 1966
f 1986 1997 1988
f 2220 2231 2222
f 2291 2298 2293
f 2183 2190 2185
f 1877 1884 1879
f 1891 1900 1893
f 2269 2278 2271
f 2305 2314 2307
f 2161 2170 2163
f 2148 2159 2150
f 2004 2015 2006
f 2202 2213 2204
f 1909 1918 1911
f 2129 2136 2131
f 1967 1977 1969
f 1981 1990 1983
f 2215 2224 2217
f 2288 2301 2290
f 2166 2177 2168
f 2143 2152 2145
f 1999 2008 2001
f 2197 2206 2199
f 1914 1925 1916
f 1806 1817 1808
f 1787 1797 1789
f 1823 1833 1825
f 1841 1851 1843
f 1860 1871 1862
f 1931 1941 1933
f 2108 2119 2110
f 2018 2029 2020
f 2234 2247 2236
f 2255 2262 2257
f 2040 2051 2042
f 1945 1954 1947
f 2057 2064 2059
f 2075 2085 2077
f 2094 2105 2096
f 2111 2121 2113
f 2021 2031 2023
f 2237 2244 2239
f 2252 2265 2254
f 1928 1939 1930
f 1812 1814 1818
f 1791 1793 1798
f 1827 1829 1834
f 1845 1847 1852
f 1866 1868 1872
f 1935 1937 1942
f 2118 2124 2120
f 2028 2034 2030
f 2246 2250 2248
f 2259 2261 2263
f 2048 2050 2052
f 1953 1960 1955
f 2061 2063 2065
f 2079 2081 2086
f 2100 2102 2106
f 2115 2117 2122
f 2025 2027 2032
f 2241 2243 2245
f 2264 2268 2266
f 1938 1944 1940
f 1802 1804 1813
f 1783 1785 1792
f 1819 1821 1828
f 1837 1839 1846
f 1856 1858 1867
f 1927 1929 1936
f 2112 2114 2123
f 2022 2024 2033
f 2238 2240 2249
f 2251 2253 2260
f 2036 2038 2049
f 1949 1951 1959
f 2053 2055 2062
f 2071 2073 2080
f 2090 2092 2101
f 2107 2109 2116
f 2017 2019 2026
f 2233 2235 2242
f 2256 2258 2267
f 1932 1934 1943
f 1859 1861 1869
f 1805 1807 1815
f 1788 1790 1799
f 1824 1826 1835
f 1842 1844 1853
f 1878 1880 1889
f 2184 2186 2195
f 2306 2308 2319
f 2270 2272 2283
f 1892 1894 1905
f 2093 2095 2103
f 2039 2041 2046
f 1946 1948 1957
f 2058 2060 2069
f 2076 2078 2087
f 2130 2132 2141
f 1968 1970 1979
f 1982 1984 1993
f 2216 2218 2229
f 2287 2289 2296
f 2179 2181 2188
f 1873 1875 1882
f 1895 1897 1902
f 2273 2275 2280
f 2309 2311 2316
f 2165 2167 2172
f 2144 2146 2157
f 2000 2002 2011
f 2198 2200 2209
f 1913 1915 1923
f 2125 2127 2134
f 1963 1965 1972
f 1985 1987 1995
f 2219 2221 2226
f 2292 2294 2303
f 2162 2164 2175
f 2147 2149 2154
f 2003 2005 2013
f 2201 2203 2211
f 1910 1912 1921
f 1863 1870 1865
f 1809 1816 1811
f 1794 1800 1796
f 1830 1836 1832
f 1848 1854 1850
f 1886 1890 1888
f 2192 2196 2194
f 2318 2320 2322
f 2282 2284 2286
f 1904 1906 1908
f 2097 2104 2099
f 2043 2047 2045
f 1956 1958 1962
f 2066 2070 2068
f 2082 2088 2084
f 2138 2142 2140
f 1974 1980 1976
f 1992 1994 1998
f 2228 2230 2232
f 2295 2297 2299
f 2331 2329 2330
f 2327 2323 2324
f 2328 2326 2325
f 2334 2333 2332
f 2337 2336 2335
f 2346 2345 2344
f 2412 2409 2410
f 2499 2496 2497
f 2487 2485 2486
f 2436 2435 2434
f 2376 2374 2375
f 2372 2368 2369
f 2373 2371 2370
f 2379 2378 2377
f 2382 2381 2380
f 2396 2392 2393
f 2361 2360 2359
f 2418 2416 2415
f 2457 2456 2455
f 2463 2460 2461
f 2492 2488 2489
f 2402 2398 2399
f 2343 2340 2341
f 2433 2430 2431
f 2478 2475 2476
f 2406 2404 2405
f 2502 2501 2500
f 2484 2482 2481
f 2442 2440 2439
f 2349 2347 2348
f 2468 2464 2465
f 2387 2384 2383
f 2358 2355 2356
f 2421 2419 2420
f 2454 2451 2452
f 2472 2470 2471
f 2388 2385 2386
f 2364 2362 2363
f 2426 2423 2422
f 2448 2446 2445
f 2403 2401 2400
f 2342 2339 2338
f 2432 2429 2428
f 2477 2474 2473
f 2493 2491 2490
f 2462 2459 2458
f 2397 2395 2394
f 2367 2365 2366
f 2427 2424 2425
f 2447 2443 2444
f 2391 2390 2389
f 2357 2354 2353
f 2417 2413 2414
f 2453 2450 2449
f 2469 2467 2466
f 2411 2408 2407
f 2498 2495 2494
f 2483 2479 2480
f 2441 2437 2438
f 2352 2350 2351
f 2509 2511 2510
f 2503 2505 2504
f 2506 2507 2508
f 2512 2513 2514
f 2515 2516 2517
f 2518 2519 2520
f 2555 2556 2554
f 2541 2540 2539
f 2562 2561 2560
f 2522 2521 2523
f 2542 2544 2543
f 2528 2529 2527
f 2531 2530 2532
f 2545 2546 2547
f 2548 2549 2550
f 2551 2553 2552
f 2533 2534 2535
f 2537 2536 2538
f 2559 2557 2558
f 2526 2525 2524
