v -0.21916163 0.26176453 -0.19497317 0.520305 0.519285 0.518803
v 0.21222031 0.27421033 -0.18029755 0.517687 0.517008 0.516689
v -0.37679249 -0.65009439 -0.00187905 0.547470 0.543826 0.542099
v 0.37310293 -0.64464235 0.00336971 0.552049 0.548187 0.546358
v -0.01665186 -0.52812821 0.84872305 0.582673 0.571887 0.566741
v 0.00034343 0.14059064 0.47370178 0.525003 0.524756 0.524637
v 0.00426473 -0.26401827 -0.46408698 0.574436 0.566701 0.563038
v 0.00125043 0.54473162 -0.83239561 0.635141 0.618080 0.610054
v 0.33713257 0.06159721 -0.29443693 0.543362 0.540282 0.538798
v 0.38521096 -0.06019695 0.31506598 0.525284 0.524100 0.523543
v -0.33535278 0.05276167 -0.28384560 0.532867 0.529996 0.528583
v -0.38509756 -0.06139730 0.32175812 0.533751 0.531484 0.530417
v 0.00578568 0.40056992 -0.16118835 0.534710 0.531004 0.529233
v -0.16730532 0.19568086 0.18410233 0.548753 0.546917 0.546045
v -0.25399601 0.80410868 -0.53420806 0.677512 0.652276 0.638572
v -0.30030900 0.21541151 -0.27449065 0.581860 0.577693 0.575730
v -0.33264667 0.06648728 0.12043902 0.566638 0.564723 0.563820
v 0.16959667 0.19741726 0.17315835 0.544997 0.543339 0.542552
v 0.24433045 0.84079599 -0.56466043 0.649930 0.617434 0.599684
v 0.30231583 0.20586267 -0.27348030 0.589553 0.585078 0.582972
v 0.32498121 0.07032260 0.10568729 0.558524 0.556541 0.555599
v -0.00529686 -0.69681412 0.00763785 0.500265 0.500265 0.500265
v -0.22538060 -0.69078034 0.47249061 0.577867 0.572071 0.569338
v -0.18092181 -0.56030995 -0.36142808 0.694237 0.669496 0.657852
v -0.41699880 -0.23284701 -0.15396550 0.541801 0.536624 0.534145
v -0.41074714 -0.28947139 0.23282179 0.585448 0.575568 0.570915
v 0.21673501 -0.81085640 0.55062634 0.708452 0.708412 0.708392
v 0.17908584 -0.55566883 -0.36071318 0.682420 0.659001 0.647980
v 0.41465566 -0.22193474 -0.15873596 0.600707 0.590303 0.585405
v 0.40502504 -0.29793599 0.25156528 0.521875 0.517294 0.515168
v -0.00327448 0.01992586 0.82715660 0.674572 0.660350 0.653658
v 0.38657662 -0.23430622 0.67208552 0.639589 0.624967 0.618088
v -0.37963888 -0.25246054 0.66509217 0.648056 0.631365 0.623524
v 0.26481125 0.05502692 0.47306883 0.585439 0.581871 0.580192
v -0.26694000 0.05414537 0.48245871 0.592945 0.589428 0.587770
v -0.00259841 0.09260932 -0.67763996 0.621457 0.575173 0.550067
v 0.20398846 -0.05546448 -0.40424952 0.646323 0.632430 0.625897
v -0.20538732 -0.06071272 -0.40264705 0.638524 0.625428 0.619280
v 0.34837809 0.25059959 -0.92763650 0.841092 0.744297 0.691776
v -0.35901430 0.21179977 -0.87453592 0.772826 0.699919 0.660570
v 0.38223618 -0.02321103 0.00413121 0.549592 0.546351 0.544778
v -0.38105536 -0.02263128 0.01582555 0.545960 0.543015 0.541564
v -0.14867562 0.34893394 -0.17877212 0.567551 0.562306 0.559838
v -0.19440606 0.21582723 -0.02385390 0.521633 0.520753 0.520337
v -0.26457995 0.50565648 -0.35061458 0.555018 0.548449 0.545347
v -0.27524754 0.26137719 -0.24117234 0.569077 0.565802 0.564239
v -0.27377987 0.16272926 -0.04070349 0.523819 0.522970 0.522559
v 0.15345898 0.35190225 -0.18017417 0.514374 0.513733 0.513425
v 0.19750346 0.22234237 -0.02475590 0.529270 0.527909 0.527268
v 0.22633962 0.48768219 -0.33105245 0.549005 0.543191 0.540448
v 0.25925171 0.26111999 -0.23799431 0.558299 0.555706 0.554483
v 0.26622644 0.17241478 -0.04548922 0.542560 0.540257 0.539164
v -0.21815827 -0.74820697 0.00336170 0.565162 0.565038 0.564981
v -0.28421450 -0.61511087 0.19553916 0.533846 0.527028 0.523433
v -0.40629372 -0.83646357 -0.30525979 0.673799 0.674668 0.675085
v -0.44254622 -0.47199595 -0.10305485 0.600018 0.587605 0.581750
v -0.38876143 -0.46279737 0.11764759 0.578490 0.569747 0.565617
v 0.21542548 -0.74757069 0.01055325 0.565568 0.565340 0.565214
v 0.27230835 -0.63510054 0.24413139 0.545386 0.536383 0.531576
v 0.40615481 -0.83330303 -0.30679685 0.681465 0.681576 0.681644
v 0.44174430 -0.46594447 -0.10550202 0.603306 0.590486 0.584448
v 0.38355190 -0.46994621 0.14235625 0.582207 0.572661 0.568160
v -0.17209734 -0.88194913 0.82995313 0.743473 0.743539 0.743569
v 0.10730936 -0.74040592 0.80622292 0.604411 0.592346 0.586657
v -0.00366646 -0.28073299 0.93635529 0.736594 0.717654 0.708779
v 0.23039359 -0.42071906 0.84835511 0.721773 0.698524 0.687582
v -0.26000181 -0.45631015 0.84156901 0.452251 0.451967 0.451827
v -0.07401320 0.15152937 0.34215817 0.527260 0.526965 0.526827
v 0.07738486 0.15328205 0.33941939 0.526066 0.525770 0.525630
v -0.00011804 0.12690707 0.63630253 0.594352 0.592627 0.591819
v 0.13317959 0.12381873 0.50176525 0.578558 0.577661 0.577240
v -0.13163039 0.11923224 0.50363559 0.586298 0.585292 0.584817
v -0.06728833 -0.38899767 -0.42021441 0.595134 0.583637 0.578227
v 0.07416040 -0.38975674 -0.41894183 0.595853 0.584716 0.579472
v 0.00108315 -0.06503563 -0.50326967 0.693680 0.675083 0.666331
v 0.09940918 -0.18136489 -0.45825782 0.673734 0.654577 0.645560
v -0.09282406 -0.18306407 -0.46035495 0.666442 0.647984 0.639297
v -0.13984945 0.73191345 -0.73896492 0.758079 0.731564 0.718665
v 0.15628454 0.73993158 -0.74891406 0.730615 0.706119 0.694292
v -0.00220685 0.30432880 -0.82307023 0.706312 0.579869 0.511140
v 0.17523770 0.45120564 -0.84772789 0.727845 0.679180 0.654130
v -0.17508850 0.43518740 -0.84886259 0.745552 0.700526 0.677638
v 0.33933985 0.13089220 -0.30833578 0.574315 0.568723 0.566052
v 0.35064042 -0.04244609 -0.20067352 0.568231 0.563373 0.561072
v 0.29968539 0.02191086 -0.35940540 0.610265 0.603841 0.600774
v 0.35492426 0.11725554 -0.51047146 0.608605 0.596858 0.590995
v 0.36042392 0.02353122 -0.15655631 0.559183 0.554703 0.552536
v 0.35684979 0.00317162 0.22528978 0.555368 0.553195 0.552162
v 0.40909851 -0.14326103 0.30427954 0.512401 0.511235 0.510688
v 0.38676411 -0.12353785 0.46196932 0.512723 0.511250 0.510564
v 0.34560716 -0.01660715 0.39627951 0.565813 0.561729 0.559806
v 0.38951147 -0.05038812 0.17355552 0.538078 0.535411 0.534098
v -0.34166342 0.12887751 -0.29610419 0.563980 0.559614 0.557524
v -0.35268998 -0.05498038 -0.19959716 0.531747 0.530647 0.530129
v -0.29983878 0.01412641 -0.35089445 0.589803 0.585106 0.582852
v -0.34005013 0.11393304 -0.48526776 0.577488 0.568024 0.563326
v -0.35283828 0.01991791 -0.14437793 0.539598 0.536797 0.535412
v -0.35927379 0.00263971 0.23806757 0.575068 0.572129 0.570742
v -0.41147465 -0.14140747 0.30267656 0.566992 0.560592 0.557581
v -0.38752598 -0.12727201 0.46086663 0.580338 0.572525 0.568845
v -0.34760404 -0.01841365 0.40565544 0.586098 0.581361 0.579132
v -0.38989913 -0.04865471 0.18424226 0.552006 0.547873 0.545854
v -0.07316444 0.25578904 -0.02061245 0.511946 0.511526 0.511325
v -0.10853127 0.64859486 -0.30102596 0.571036 0.563453 0.559876
v 0.08286352 0.25529826 -0.02385810 0.510790 0.510339 0.510123
v 0.11665708 0.66702801 -0.29944098 0.579153 0.571507 0.567891
v -0.26693317 0.12688351 0.15995908 0.543975 0.541878 0.540853
v 0.00255069 0.21059316 0.17277345 0.530190 0.529312 0.528896
v -0.21521756 0.11623338 0.33861041 0.550703 0.548865 0.547946
v -0.37273818 0.59904939 -0.42129874 0.688206 0.675780 0.669923
v 0.00410740 0.85210860 -0.52662879 0.516801 0.516563 0.516451
v -0.31791541 0.54113650 -0.68781197 0.638957 0.622548 0.614825
v -0.32577711 0.10861498 -0.07097255 0.551652 0.550220 0.549545
v -0.34459308 0.29485977 -0.50247991 0.628533 0.617671 0.612560
v -0.35046923 0.07707484 -0.11302762 0.558309 0.555976 0.554864
v -0.31528583 0.05616471 0.30390778 0.576368 0.573248 0.571760
v -0.36010057 0.02767679 0.06648885 0.562721 0.560204 0.558998
v 0.26131922 0.13415492 0.14649445 0.539980 0.537906 0.536912
v 0.21538693 0.11835867 0.33054873 0.548006 0.546222 0.545353
v 0.34242484 0.53331572 -0.42592502 0.873039 0.852544 0.842976
v 0.31888893 0.57574075 -0.66112107 0.646892 0.628917 0.620449
v 0.31773031 0.11655533 -0.08313324 0.574190 0.570998 0.569489
v 0.34502852 0.30826381 -0.50602496 0.637932 0.625350 0.619429
v 0.34699762 0.07562849 -0.12539083 0.575760 0.571994 0.570199
v 0.31079632 0.05667692 0.29022864 0.557779 0.555368 0.554214
v 0.35745931 0.02700393 0.05218558 0.559986 0.557099 0.555711
v -0.11670886 -0.70293009 0.25179574 0.500302 0.500302 0.500301
v -0.10692327 -0.71689248 -0.22471941 0.551463 0.550439 0.549959
v 0.09617118 -0.70533603 0.28004393 0.501597 0.501597 0.501597
v 0.10614663 -0.71422899 -0.22758564 0.549320 0.548652 0.548340
v -0.35376105 -0.48719946 0.35393676 0.591294 0.582310 0.578073
v 0.00182859 -0.71248198 0.53214115 0.508542 0.508376 0.508297
v -0.40170836 -0.58471537 0.64037693 0.754488 0.728723 0.716599
v -0.39179865 -0.41146094 -0.32278475 0.805409 0.782425 0.771609
v 0.00087734 -0.55804706 -0.34277248 0.596958 0.588509 0.584262
v -0.22005208 -0.29950935 -0.40293285 0.667108 0.648837 0.640239
v -0.43679056 -0.26684237 0.03539657 0.525912 0.521850 0.519943
v -0.33257782 -0.16176733 -0.30932429 0.526813 0.525233 0.524489
v -0.40598536 -0.10067701 -0.04521219 0.517339 0.516037 0.515422
v -0.39806986 -0.30337438 0.44496012 0.547363 0.540223 0.536864
v -0.41501242 -0.13137341 0.12744318 0.540823 0.537469 0.535861
v 0.35481709 -0.52064097 0.41540277 0.615990 0.602565 0.596207
v 0.40308446 -0.59970969 0.71007746 0.633869 0.619185 0.612277
v 0.38483202 -0.39955783 -0.33403766 0.775535 0.752332 0.741412
v 0.21586920 -0.29215074 -0.39362329 0.660654 0.643063 0.634784
v 0.43364790 -0.26395613 0.03559916 0.589511 0.579821 0.575243
v 0.32821509 -0.14902955 -0.30794278 0.606036 0.597398 0.593350
v 0.40421534 -0.09585202 -0.05332340 0.572758 0.566596 0.563695
v 0.39960900 -0.30859336 0.47472939 0.581116 0.570985 0.566206
v 0.41223818 -0.13422063 0.12171978 0.547237 0.542828 0.540753
v 0.24145797 -0.10290886 0.81540513 0.701695 0.683259 0.674583
v -0.24282460 -0.12187648 0.82347763 0.640734 0.626904 0.620367
v 0.18861637 0.06620108 0.67289627 0.623637 0.617634 0.614813
v -0.18788525 0.06009370 0.67810369 0.575997 0.573817 0.572796
v 0.32246655 -0.04386942 0.59247971 0.601871 0.593467 0.589512
v -0.32368550 -0.05051379 0.60077441 0.530406 0.527612 0.526298
v 0.09919284 0.01484428 -0.55373597 0.607085 0.599457 0.595839
v -0.10134141 0.00893806 -0.55292106 0.597104 0.590923 0.588017
v 0.13701984 0.16236319 -0.78923547 0.773398 0.658243 0.595615
v -0.14437746 0.14960909 -0.79839242 0.826907 0.701337 0.633044
v 0.23101056 -0.00043141 -0.63712800 0.665403 0.640363 0.627276
v -0.23953611 0.02118190 -0.61829478 0.634869 0.614961 0.604569
v -0.19018078 0.29829216 -0.19978170 0.531924 0.529266 0.528009
v -0.20680732 0.23265052 -0.12130813 0.525102 0.524002 0.523474
v -0.23172525 0.35406226 -0.26217696 0.540921 0.537004 0.535155
v -0.24393496 0.26554191 -0.22442406 0.535779 0.533858 0.532936
v -0.24158287 0.21453851 -0.12733847 0.531574 0.530343 0.529761
v 0.18789172 0.30939418 -0.18759118 0.507544 0.507089 0.506875
v 0.20466554 0.24235320 -0.11531906 0.524007 0.523139 0.522720
v 0.21320009 0.35178822 -0.24510586 0.525625 0.523414 0.522375
v 0.23257422 0.27193344 -0.20972407 0.534576 0.532884 0.532071
v 0.23474014 0.22627801 -0.12162139 0.531153 0.529890 0.529292
v -0.32516810 -0.72602916 0.00083146 0.547723 0.545741 0.544839
v -0.32874316 -0.62596136 0.08252786 0.553122 0.549321 0.547393
v -0.42283607 -0.75195336 -0.09839053 0.583402 0.579497 0.577664
v -0.41736361 -0.58823466 -0.05489323 0.600528 0.590487 0.585743
v -0.37939799 -0.55776983 0.05207737 0.562757 0.555194 0.551537
v 0.31879240 -0.71619523 0.00360430 0.561676 0.558166 0.556513
v 0.32101983 -0.62498546 0.10126591 0.560096 0.555808 0.553605
v 0.42439625 -0.74998093 -0.10369125 0.624056 0.617137 0.613915
v 0.41788483 -0.58447206 -0.05342607 0.609009 0.598493 0.593532
v 0.37437421 -0.55865961 0.06881312 0.566640 0.558420 0.554446
v -0.08684011 -0.63161480 0.83342946 0.735194 0.719234 0.711716
v 0.04289852 -0.60452163 0.81843030 0.642947 0.632780 0.627995
v -0.00930999 -0.41693994 0.88206470 0.642333 0.624643 0.616318
v 0.09427428 -0.48591739 0.85778308 0.646808 0.628595 0.620025
v -0.12555921 -0.50798148 0.85614705 0.653770 0.634635 0.625640
v -0.03355176 0.14281851 0.41622302 0.530617 0.530149 0.529910
v 0.03512526 0.14336717 0.41439986 0.530201 0.529718 0.529470
v -0.00004432 0.14043766 0.54691750 0.546667 0.545653 0.545178
v 0.05892164 0.13690457 0.49018189 0.546681 0.545944 0.545579
v -0.05796356 0.13549703 0.49221104 0.548940 0.548318 0.548010
v -0.02317344 -0.32994476 -0.45111686 0.598605 0.588037 0.583062
v 0.03444351 -0.32896623 -0.44832200 0.597218 0.587122 0.582367
v 0.00246618 -0.17520469 -0.47785318 0.647280 0.632731 0.625883
v 0.04672449 -0.23192710 -0.46455574 0.641758 0.627462 0.620735
v -0.03848280 -0.23593949 -0.47008514 0.649319 0.634869 0.628069
v -0.06027042 0.62599635 -0.80043799 0.477965 0.467782 0.462599
v 0.07251750 0.62919974 -0.80262297 0.632324 0.615577 0.606978
v -0.00071187 0.43575746 -0.83625638 0.703588 0.616562 0.569605
v 0.09331070 0.50667685 -0.83446085 0.625381 0.604301 0.593962
v -0.08701865 0.50327045 -0.83712608 0.549851 0.534408 0.526636
v 0.34354484 0.09058516 -0.30676109 0.565266 0.559825 0.557151
v 0.33670908 0.02197744 -0.24305597 0.560064 0.556190 0.554348
v 0.32510892 0.04720668 -0.32606858 0.587113 0.582447 0.580193
v 0.33739528 0.08805054 -0.37940696 0.575018 0.568286 0.564957
v 0.34683508 0.04631188 -0.23148480 0.559099 0.554905 0.552875
v 0.37256703 -0.03056303 0.27590245 0.539885 0.537193 0.535861
v 0.39872190 -0.09216938 0.31292745 0.526841 0.525404 0.524726
v 0.38672939 -0.08490963 0.37772319 0.536903 0.535179 0.534363
v 0.37066817 -0.04283500 0.35248581 0.545779 0.541811 0.539839
v 0.38886887 -0.05653727 0.25260180 0.535025 0.533322 0.532501
v -0.34334582 0.08616529 -0.29218695 0.551709 0.547158 0.544921
v -0.33561867 0.00945157 -0.23913878 0.544697 0.542423 0.541319
v -0.32215866 0.03732069 -0.31610817 0.565912 0.562159 0.560335
v -0.33420131 0.08261825 -0.36228225 0.560707 0.554030 0.550715
v -0.34263355 0.03945125 -0.22119249 0.548350 0.545033 0.543393
v -0.37307087 -0.03118464 0.28600815 0.552268 0.548433 0.546579
v -0.39942843 -0.09276119 0.31669480 0.555432 0.550839 0.548677
v -0.38745731 -0.08713451 0.38110873 0.572905 0.567667 0.565202
v -0.37085202 -0.04405653 0.36007783 0.557095 0.552089 0.549639
v -0.38938379 -0.05567990 0.26179013 0.557122 0.553172 0.551268
v -0.08119076 0.38896275 -0.16163872 0.563686 0.557821 0.555056
v 0.09066449 0.38446057 -0.16867726 0.506884 0.505728 0.505182
v -0.03079451 0.28324449 -0.12443289 0.512381 0.511470 0.511037
v -0.05182293 0.54094529 -0.18616232 0.541307 0.539081 0.538033
v 0.04543507 0.28241938 -0.12867546 0.507756 0.507280 0.507053
v 0.06182471 0.53589028 -0.18891904 0.552430 0.547295 0.544884
v -0.18406184 0.20699286 0.08053023 0.534682 0.533121 0.532391
v -0.11817341 0.17011535 0.26310652 0.529145 0.528173 0.527716
v -0.13128471 0.24157774 0.08842602 0.600745 0.599313 0.598637
v -0.21654515 0.16119981 0.16984880 0.541081 0.539343 0.538524
v -0.08502042 0.20994633 0.17862165 0.536770 0.535550 0.534975
v -0.18784313 0.14930826 0.26078051 0.542388 0.540955 0.540274
v -0.30371991 0.69629169 -0.44394898 0.599467 0.587562 0.581880
v -0.21869901 0.81212890 -0.63037562 0.847028 0.769561 0.728057
v -0.18429154 0.75979704 -0.42154983 0.617724 0.600935 0.592207
v -0.47172874 0.68587136 -0.56760585 1.000000 1.000000 0.999217
v -0.16377215 1.00346577 -0.51009595 1.000000 1.000000 1.000000
v -0.29484177 0.68376291 -0.62089372 0.636456 0.621751 0.614768
v -0.27396700 0.24888059 -0.25892219 0.564184 0.561109 0.559659
v -0.32761919 0.17474152 -0.28946453 0.573731 0.569433 0.567409
v -0.29280442 0.36376709 -0.36089423 0.595050 0.588060 0.584772
v -0.30997741 0.15939969 -0.17290227 0.553750 0.551514 0.550459
v -0.32030687 0.27411956 -0.38132322 0.617999 0.609917 0.606115
v -0.32887518 0.13630760 -0.19055274 0.564406 0.561826 0.560609
v -0.31025636 0.10791376 0.04652372 0.540383 0.538956 0.538244
v -0.34508607 0.03573391 0.18201956 0.575777 0.573492 0.572417
v -0.31042597 0.09282702 0.14638494 0.554140 0.551918 0.550838
v -0.33321595 0.08110085 0.02602811 0.548263 0.546768 0.546058
v -0.32687610 0.05977193 0.21288034 0.566315 0.563888 0.562740
v -0.34763324 0.04601744 0.09280241 0.559431 0.557362 0.556390
v 0.19373569 0.21246636 0.07692599 0.538423 0.536585 0.535715
v 0.12512606 0.17225236 0.25903392 0.530667 0.529853 0.529468
v 0.13601524 0.24016756 0.08385140 0.575417 0.574148 0.573541
v 0.08888341 0.21017206 0.17321104 0.537347 0.536064 0.535462
v 0.21910487 0.16717577 0.16138083 0.540266 0.538507 0.537680
v 0.18917672 0.15260744 0.25187474 0.537502 0.536221 0.535600
v 0.24757588 0.67158961 -0.43962443 0.560059 0.553004 0.549646
v 0.20864397 0.79679400 -0.63970333 0.723256 0.670326 0.641229
v 0.19431214 0.81628466 -0.45294559 0.746834 0.702630 0.678571
v 0.16560006 0.97838712 -0.54958141 0.995177 0.964409 0.947607
v 0.41750693 0.76522899 -0.49054614 0.874058 0.852894 0.842647
v 0.28840598 0.72754914 -0.57825285 0.647895 0.631383 0.623528
v 0.28507984 0.23972452 -0.25681034 0.580759 0.576942 0.575143
v 0.32356989 0.17157194 -0.29508537 0.579673 0.574637 0.572262
v 0.30264211 0.32455230 -0.33849022 0.610124 0.602953 0.599578
v 0.30907863 0.15907741 -0.17859310 0.573280 0.569736 0.568067
v 0.31337345 0.26994008 -0.37511370 0.608538 0.600772 0.597117
v 0.32556307 0.13418898 -0.19833821 0.582605 0.579022 0.577334
v 0.29863808 0.11689183 0.03293711 0.552521 0.549962 0.548752
v 0.34054488 0.03703505 0.16763178 0.559945 0.558406 0.557681
v 0.29971755 0.09953916 0.13001092 0.551127 0.548785 0.547665
v 0.32334656 0.08742630 0.01175296 0.559256 0.556533 0.555245
v 0.32092237 0.06132928 0.19836289 0.551064 0.549305 0.548468
v 0.34144473 0.04888508 0.07786717 0.558645 0.556617 0.555660
v -0.11113629 -0.71445090 0.00182062 0.501870 0.501870 0.501870
v 0.10248296 -0.71370113 0.00547404 0.501614 0.501614 0.501614
v -0.06067997 -0.70055914 0.12948295 0.500301 0.500301 0.500301
v -0.06282918 -0.68259466 -0.11100516 0.504036 0.504033 0.504031
v 0.04531443 -0.70128727 0.13675310 0.500052 0.500052 0.500052
v 0.05552810 -0.68499249 -0.11193717 0.503217 0.503217 0.503217
v -0.24771892 -0.63010216 0.33135810 0.543216 0.537117 0.533894
v -0.27416137 -0.92752469 0.60636407 0.886185 0.885825 0.885656
v -0.16536289 -0.68728763 0.37208819 0.526647 0.526538 0.526481
v -0.30360913 -0.59191394 0.42134386 0.590255 0.581091 0.576580
v -0.13542534 -0.74705666 0.49670172 0.631595 0.631505 0.631463
v -0.35073918 -0.73123181 0.56717008 0.712989 0.694937 0.686429
v -0.25355476 -0.71368992 -0.37192866 0.678770 0.655713 0.645001
v -0.11952805 -0.46152717 -0.38608932 0.621024 0.605571 0.598292
v -0.14093396 -0.69078624 -0.32394987 0.634715 0.620806 0.614199
v -0.28529751 -0.51055181 -0.36551386 0.753421 0.722083 0.707336
v -0.08856877 -0.56374925 -0.34791851 0.577273 0.567667 0.563137
v -0.20648023 -0.42396045 -0.38345420 0.671908 0.651166 0.641407
v -0.44546607 -0.34363008 -0.13176784 0.602516 0.591044 0.585647
v -0.38680488 -0.13602799 -0.17412621 0.516818 0.515609 0.515037
v -0.40798420 -0.31890285 -0.22992124 0.643233 0.630102 0.623919
v -0.44393036 -0.24829724 -0.05925056 0.559728 0.553557 0.550664
v -0.39006862 -0.19721925 -0.23691553 0.530102 0.527829 0.526746
v -0.41487426 -0.15967540 -0.09251426 0.507656 0.506273 0.505621
v -0.39996099 -0.37475550 0.17967810 0.579288 0.569681 0.565148
v -0.41384932 -0.21105289 0.27393752 0.580355 0.571741 0.567689
v -0.38765526 -0.38502410 0.29088628 0.591638 0.581209 0.576285
v -0.41977626 -0.28197533 0.13164766 0.519061 0.515445 0.513724
v -0.40566516 -0.29667896 0.33748746 0.595741 0.584778 0.579620
v -0.41882998 -0.20539935 0.17900616 0.518681 0.515646 0.514208
v 0.23440221 -0.67855573 0.42041710 0.555642 0.553679 0.552723
v 0.17262921 -0.93750882 0.71346873 0.683866 0.683432 0.683227
v 0.15198855 -0.72309577 0.44352525 0.578435 0.577504 0.577069
v 0.09931521 -0.78384191 0.56229645 0.631024 0.630740 0.630607
v 0.30923736 -0.67014939 0.50407839 0.766590 0.748312 0.739640
v 0.37392518 -0.89410532 0.62788969 0.724931 0.721840 0.720381
v 0.25387254 -0.70352566 -0.36383954 0.789048 0.755055 0.739009
v 0.12180763 -0.45975757 -0.38447869 0.619763 0.604850 0.597828
v 0.14239576 -0.68330580 -0.32118073 0.658629 0.642686 0.635169
v 0.08816350 -0.56134057 -0.34875423 0.577807 0.568322 0.563843
v 0.28000528 -0.50277650 -0.35780197 0.737484 0.708533 0.694907
v 0.20410675 -0.41887948 -0.37933177 0.665249 0.645734 0.636551
v 0.43952817 -0.33618021 -0.13626784 0.599043 0.587624 0.582249
v 0.37935576 -0.12517941 -0.17586228 0.543390 0.539391 0.537569
v 0.40373343 -0.30805439 -0.23605271 0.644474 0.631556 0.625477
v 0.44292742 -0.24169755 -0.06459968 0.600631 0.590688 0.586010
v 0.37830055 -0.18708003 -0.24034731 0.618115 0.607798 0.602926
v 0.42006311 -0.14526437 -0.09709027 0.587217 0.578705 0.574701
v 0.39499676 -0.38280842 0.20420377 0.583649 0.573178 0.568231
v 0.41019535 -0.21505882 0.28485072 0.503628 0.502056 0.501315
v 0.38641509 -0.40055686 0.32819912 0.597424 0.585439 0.579783
v 0.41506147 -0.28420031 0.14108390 0.523341 0.518935 0.516866
v 0.40228966 -0.30737406 0.36502349 0.555170 0.547778 0.544256
v 0.41460153 -0.20744170 0.18373303 0.508412 0.506089 0.504993
v -0.00690832 -0.09839355 0.93340182 0.819426 0.795859 0.784817
v -0.00066284 0.09168091 0.73236829 0.671337 0.665647 0.662973
v 0.12408953 -0.04032915 0.84185761 0.657469 0.640383 0.632346
v -0.13008808 -0.04945829 0.84733093 0.569776 0.560449 0.556039
v 0.10982589 0.05131942 0.75938964 0.628330 0.621430 0.618176
v -0.11173996 0.04774168 0.76345432 0.605213 0.599651 0.597016
v 0.33229703 -0.32805645 0.77854717 0.681967 0.664576 0.656392
v 0.38761842 -0.17206159 0.56120360 0.542728 0.537811 0.535482
v 0.38196605 -0.39767182 0.69159824 0.631821 0.616841 0.609794
v 0.39434195 -0.28820696 0.57735169 0.614944 0.602140 0.596115
v 0.32783669 -0.17288886 0.75138855 0.666862 0.650256 0.642443
v 0.35988939 -0.12126102 0.63931412 0.613064 0.601540 0.596113
v -0.34240836 -0.35939893 0.76524591 0.506069 0.504048 0.503112
v -0.38911259 -0.17811213 0.55650234 0.585177 0.575855 0.571472
v -0.38996363 -0.41475549 0.65677840 0.675505 0.654598 0.644762
v -0.39459455 -0.29211521 0.55510807 0.617013 0.603178 0.596698
v -0.33087665 -0.19065478 0.76046419 0.674926 0.656861 0.648359
v -0.36032513 -0.13033511 0.64538658 0.628704 0.614955 0.608485
v 0.20334409 0.09329852 0.49411896 0.574347 0.571337 0.569919
v 0.31220061 0.01719949 0.43888623 0.582200 0.578360 0.576536
v 0.24065697 0.08925587 0.40450400 0.564057 0.561395 0.560137
v 0.29216412 0.05472681 0.38107583 0.575803 0.573162 0.571911
v 0.23246497 0.05899721 0.57005584 0.597929 0.593207 0.590984
v 0.29083741 0.01267815 0.53562587 0.591624 0.585401 0.582440
v -0.20535582 0.09187019 0.50240684 0.581213 0.578310 0.576944
v -0.31414041 0.01535811 0.44879627 0.598551 0.594238 0.592182
v -0.24322189 0.08797944 0.41451615 0.566078 0.563773 0.562684
v -0.29453489 0.05443957 0.39237568 0.587772 0.584822 0.583422
v -0.23299406 0.05659439 0.57796383 0.595071 0.591620 0.590002
v -0.29238617 0.00918652 0.54484361 0.592442 0.586923 0.584292
v -0.00115187 0.02394781 -0.57122242 0.614669 0.602743 0.596934
v -0.00274676 0.17950737 -0.78005272 0.764797 0.643836 0.578049
v 0.05116207 0.05405200 -0.62164450 0.625840 0.607852 0.598555
v -0.05562986 0.05006549 -0.62266195 0.623301 0.604615 0.594871
v 0.05705044 0.12994803 -0.73227954 0.690016 0.602720 0.555240
v -0.06568963 0.12540954 -0.73382795 0.695915 0.609444 0.562410
v 0.15301649 -0.11750805 -0.43617523 0.673005 0.655197 0.646817
v 0.25517121 -0.01123261 -0.38073871 0.619070 0.611501 0.607927
v 0.21491200 -0.17121080 -0.39872372 0.665554 0.648063 0.639832
v 0.26359648 -0.10620359 -0.35630044 0.601452 0.591435 0.586757
v 0.14497335 -0.01643641 -0.46966961 0.622090 0.613794 0.609893
v 0.21006945 0.00100169 -0.48799559 0.644881 0.637590 0.634136
v -0.14790140 -0.11994606 -0.43413472 0.671118 0.653299 0.644914
v -0.25694203 -0.01762107 -0.37554967 0.588532 0.582868 0.580195
v -0.21635887 -0.17877722 -0.40456954 0.671957 0.654473 0.646241
v -0.26775286 -0.11627102 -0.35920662 0.527687 0.523996 0.522277
v -0.14456137 -0.01694022 -0.46258292 0.598029 0.591006 0.587707
v -0.21398821 0.00025463 -0.47651872 0.622589 0.616571 0.613722
v 0.25041240 0.38166007 -0.91414785 0.833214 0.759663 0.719997
v 0.41567856 0.16239345 -0.70163852 0.690154 0.651507 0.630959
v 0.32970732 0.41810945 -0.77592510 0.708299 0.689150 0.680125
v 0.35642534 0.28241146 -0.67257226 0.680771 0.663045 0.654615
v 0.23921955 0.18789896 -0.89485782 0.926842 0.773900 0.690721
v 0.28802744 0.05517924 -0.82510114 0.775329 0.701822 0.661950
v -0.26139903 0.33552215 -0.90209335 0.855066 0.780748 0.740706
v -0.36423290 0.14940295 -0.65427947 0.650621 0.627569 0.615781
v -0.34384924 0.39509261 -0.77553594 0.691569 0.673431 0.664892
v -0.37842846 0.27813518 -0.65870631 0.648881 0.633834 0.626744
v -0.25052458 0.16478254 -0.89167160 0.968418 0.827295 0.750545
v -0.29234418 0.06215107 -0.78742254 0.700292 0.642954 0.611892
v 0.37308818 -0.00137619 -0.07801837 0.554497 0.549859 0.547596
v 0.38704985 -0.03982434 0.08884615 0.542494 0.539707 0.538366
v 0.36576587 0.02525097 -0.05766895 0.565838 0.561370 0.559208
v 0.37101096 0.00416788 0.02783680 0.555422 0.551172 0.549066
v 0.39173239 -0.05624035 -0.02090162 0.559008 0.555234 0.553462
v 0.39938474 -0.07508093 0.06282425 0.547263 0.544265 0.542861
v -0.37011671 -0.00283571 -0.06665628 0.536559 0.533793 0.532423
v -0.38657105 -0.03813902 0.10065395 0.558361 0.554297 0.552332
v -0.36527354 0.02659873 -0.04468844 0.545038 0.542328 0.541003
v -0.37114108 0.00591502 0.04109333 0.547882 0.544502 0.542820
v -0.39215171 -0.05728626 -0.01093390 0.534381 0.532925 0.532241
v -0.39933592 -0.07370985 0.07307862 0.558199 0.555049 0.553567
v -0.16092367 0.25281388 -0.12162589 0.519111 0.518336 0.517967
v -0.19763334 0.43208042 -0.25479153 0.560046 0.553849 0.550935
v -0.10273156 0.27486587 -0.11833619 0.515812 0.514922 0.514500
v -0.14923358 0.50048542 -0.20587337 0.555856 0.551555 0.549540
v -0.23764434 0.18910617 -0.02992649 0.520111 0.519216 0.518774
v -0.14133292 0.24165791 -0.01934737 0.527636 0.527061 0.526787
v -0.23024255 0.17240298 0.07030016 0.519838 0.519166 0.518843
v -0.30369863 0.37653515 -0.33536020 0.556600 0.552261 0.550209
v -0.20073761 0.59017867 -0.33199084 0.568999 0.560504 0.556499
v -0.40156266 0.60059947 -0.43462977 0.822501 0.801518 0.791612
v -0.27126366 0.19949049 -0.14224067 0.537350 0.535788 0.535041
v -0.24773484 0.44070056 -0.32614258 0.623364 0.611511 0.605926
v -0.29204839 0.17993373 -0.15695126 0.548202 0.546158 0.545171
v -0.27485043 0.13892621 0.06102902 0.528217 0.527457 0.527080
v -0.30404040 0.13528636 -0.05444707 0.535188 0.533971 0.533377
v 0.16659924 0.25950128 -0.11938517 0.513294 0.512879 0.512683
v 0.18762593 0.43037790 -0.24798164 0.538601 0.534308 0.532283
v 0.11356255 0.27223682 -0.12624185 0.508240 0.507985 0.507861
v 0.14484048 0.49520865 -0.22483061 0.594957 0.587191 0.583531
v 0.23386014 0.19756877 -0.03214158 0.527257 0.525262 0.524297
v 0.14960888 0.24408007 -0.02211899 0.527263 0.526700 0.526433
v 0.23066363 0.18047333 0.06384793 0.531176 0.529253 0.528344
v 0.24173498 0.36709371 -0.30192921 0.555438 0.551178 0.549166
v 0.18851759 0.59500825 -0.32840919 0.559347 0.551880 0.548358
v 0.28668690 0.51329827 -0.41549614 0.571617 0.564139 0.560592
v 0.26265806 0.20887035 -0.13974711 0.544127 0.541683 0.540508
v 0.28055346 0.35824814 -0.33597267 0.585370 0.579785 0.577151
v 0.28829467 0.18636456 -0.15990089 0.564122 0.560891 0.559370
v 0.26666254 0.14880723 0.04988971 0.540908 0.538493 0.537334
v 0.29420698 0.14519408 -0.06321312 0.552469 0.549644 0.548313
v -0.25561443 -0.66271234 0.09266362 0.517389 0.517181 0.517077
v -0.30411124 -0.92830890 -0.07165476 0.873845 0.873845 0.873844
v -0.16215943 -0.68984461 0.11150780 0.505613 0.505612 0.505611
v -0.14271045 -0.81459576 -0.10817344 0.618305 0.618305 0.618305
v -0.34427238 -0.54707378 0.15998977 0.559835 0.552816 0.549444
v -0.20917787 -0.67014623 0.22598775 0.532647 0.531290 0.530554
v -0.31619024 -0.55500108 0.28189290 0.560404 0.553150 0.549655
v -0.46006459 -0.62703758 -0.19627497 0.679056 0.661327 0.652986
v -0.20295498 -0.91961759 -0.29895726 0.842758 0.842757 0.842757
v -0.40764409 -0.60793281 -0.33232838 0.900298 0.870116 0.855912
v -0.41621050 -0.46727604 0.00991729 0.583725 0.573868 0.569215
v -0.43528515 -0.45935732 -0.22133726 0.668371 0.652732 0.645372
v -0.44584754 -0.35649419 -0.02755947 0.590484 0.580058 0.575149
v -0.36563411 -0.46811545 0.23069580 0.577236 0.568610 0.564541
v -0.41914937 -0.36744401 0.07459018 0.585262 0.575691 0.571178
v 0.24438104 -0.67281902 0.11659826 0.518672 0.518548 0.518485
v 0.30989972 -0.91813684 -0.07919584 0.888444 0.888438 0.888436
v 0.14932850 -0.69508386 0.13073194 0.508253 0.508253 0.508253
v 0.14233351 -0.82065523 -0.10894039 0.613829 0.613829 0.613829
v 0.33681098 -0.55876148 0.19765103 0.566245 0.558396 0.554627
v 0.19068918 -0.69606847 0.27981508 0.546621 0.546508 0.546445
v 0.31100643 -0.58833361 0.34688759 0.585015 0.574800 0.569748
v 0.44860017 -0.62049282 -0.20490502 0.688021 0.669609 0.660950
v 0.20147386 -0.90924186 -0.29145673 0.828920 0.829065 0.829133
v 0.38061035 -0.59390426 -0.34674901 0.874829 0.842608 0.827443
v 0.41464359 -0.46634847 0.02002760 0.586377 0.576132 0.571301
v 0.43755376 -0.44765112 -0.23213010 0.673324 0.657810 0.650510
v 0.44196701 -0.35265368 -0.02693017 0.594885 0.583988 0.578852
v 0.36182556 -0.48593941 0.27313796 0.579530 0.569659 0.565012
v 0.41514421 -0.36978409 0.08645467 0.589167 0.578970 0.574151
v -0.02299531 -0.65740997 0.73231137 0.566862 0.566399 0.566186
v -0.25514635 -0.66154438 0.85555488 0.803327 0.769368 0.753395
v -0.07865182 -0.78669715 0.62658393 0.583807 0.583619 0.583530
v -0.32137451 -0.87226498 0.80449754 0.739529 0.733596 0.730816
v 0.19290340 -0.59970045 0.83723867 0.727456 0.699879 0.686901
v 0.06525685 -0.71650499 0.66605693 0.527960 0.527602 0.527430
v 0.31346041 -0.79398334 0.83889931 0.748381 0.736272 0.730570
v 0.12122456 -0.34048140 0.88684767 0.683390 0.663288 0.653830
v -0.13419630 -0.35696235 0.88535893 0.538194 0.530668 0.527110
v 0.13302781 -0.17995839 0.89893913 0.665957 0.644309 0.634119
v -0.13713592 -0.19912501 0.89159304 0.661157 0.639832 0.629803
v 0.34068826 -0.52560532 0.80834961 0.737744 0.720330 0.712135
v 0.26038322 -0.24819176 0.85878301 0.728494 0.708059 0.698441
v -0.38338077 -0.57209998 0.77716261 0.879897 0.852353 0.839391
v -0.24873255 -0.27839562 0.84261376 0.534381 0.529966 0.527858
v 0.00153637 0.15499479 0.34025148 0.521474 0.521246 0.521133
v -0.10476907 0.13352394 0.42152372 0.549209 0.548869 0.548704
v -0.03860107 0.17877805 0.26014867 0.527821 0.526953 0.526543
v -0.14745197 0.13839966 0.34253314 0.543836 0.542999 0.542597
v 0.10571060 0.13553882 0.41737047 0.544864 0.544514 0.544348
v 0.04286269 0.17990160 0.25850412 0.527831 0.526955 0.526542
v 0.14948303 0.14135408 0.33736101 0.536364 0.535584 0.535204
v 0.07687865 0.12826315 0.57825923 0.589418 0.588339 0.587828
v -0.07666363 0.12946941 0.58062917 0.590423 0.589451 0.588996
v 0.09287207 0.10420312 0.66795838 0.645967 0.642287 0.640554
v -0.09444141 0.10516316 0.67283702 0.635637 0.632440 0.630937
v 0.17631836 0.11754456 0.41587833 0.558976 0.557341 0.556546
v 0.15944883 0.10053752 0.58728504 0.594381 0.591705 0.590446
v -0.17678465 0.11538419 0.42272070 0.563159 0.561979 0.561406
v -0.15891409 0.09983994 0.59110028 0.606593 0.603486 0.602030
v 0.00463279 -0.40079242 -0.41880932 0.583444 0.573487 0.568789
v -0.08605643 -0.30009314 -0.45361966 0.635875 0.621658 0.614967
v -0.03660608 -0.47684398 -0.38313758 0.587555 0.576225 0.570884
v -0.14221834 -0.35629779 -0.41895592 0.630227 0.615193 0.608117
v 0.09467859 -0.30243638 -0.45137355 0.646068 0.631793 0.625075
v 0.04203616 -0.47569403 -0.38326496 0.591300 0.580137 0.574878
v 0.14478184 -0.35281399 -0.41237539 0.622913 0.608510 0.601731
v 0.04850174 -0.12089594 -0.48203561 0.674773 0.656842 0.648403
v -0.04360690 -0.12227596 -0.48229316 0.672130 0.654381 0.646029
v 0.04651868 -0.01077166 -0.51905966 0.640244 0.628460 0.622911
v -0.04717965 -0.01442997 -0.51994532 0.634059 0.622567 0.617155
v 0.15478390 -0.23945341 -0.42889503 0.663488 0.645418 0.636914
v 0.09494753 -0.06267907 -0.47361922 0.671336 0.653529 0.645148
v -0.15286267 -0.24471584 -0.43910688 0.657200 0.638761 0.630085
v -0.09082270 -0.06360540 -0.47066951 0.669968 0.652661 0.644517
v 0.00432915 0.74407226 -0.74427646 0.742988 0.712530 0.697844
v -0.17097795 0.58575231 -0.80324513 0.682406 0.657727 0.645519
v -0.08649682 0.83142757 -0.64073634 0.587608 0.583430 0.581166
v -0.26949826 0.67470688 -0.74494547 0.791433 0.772385 0.763427
v 0.18577814 0.59538221 -0.80402631 0.652044 0.629353 0.617853
v 0.08223136 0.82285869 -0.65117013 0.585607 0.581053 0.578567
v 0.26002914 0.67743778 -0.71780759 0.667576 0.651009 0.643222
v 0.08326923 0.37330377 -0.83273137 0.717101 0.610360 0.552293
v -0.08640724 0.36774677 -0.83871543 0.723226 0.613925 0.554439
v 0.07179041 0.23998316 -0.80818260 0.772952 0.641840 0.570526
v -0.07922944 0.23476098 -0.81129038 0.792466 0.653581 0.578055
v 0.28484878 0.53571963 -0.81081074 0.748549 0.725606 0.714828
v 0.16177036 0.29917094 -0.84853852 0.666499 0.549987 0.486674
v -0.27722931 0.51304549 -0.81211829 0.770960 0.746852 0.735492
v -0.17011851 0.28486669 -0.86197174 0.721576 0.590722 0.519648
v 0.34634197 0.14007142 -0.40619722 0.588868 0.581833 0.578430
v 0.34939420 0.07518184 -0.22598188 0.562016 0.556466 0.553766
v 0.33360818 0.20264223 -0.40340245 0.600393 0.593527 0.590271
v 0.34066981 0.10575192 -0.21547520 0.579228 0.575031 0.573037
v 0.32141832 -0.00838876 -0.27094874 0.589622 0.585005 0.582813
v 0.35752034 -0.00740809 -0.17531237 0.559086 0.555612 0.553960
v 0.34042424 -0.09183246 -0.24742317 0.543098 0.540951 0.539939
v 0.38222939 -0.07415566 -0.13284460 0.574874 0.569070 0.566338
v 0.31757671 0.06387964 -0.44154191 0.611418 0.602023 0.597391
v 0.29938662 -0.05237682 -0.31281146 0.569733 0.565930 0.564141
v 0.27089152 0.03084607 -0.48223194 0.626102 0.616243 0.611423
v 0.36628652 0.20579748 -0.53685379 0.626387 0.616090 0.611194
v 0.31590852 0.06344268 -0.59976047 0.646574 0.624840 0.613561
v 0.35765409 0.05055984 -0.14266843 0.561470 0.556256 0.553726
v 0.37779582 -0.03404991 -0.10160670 0.556560 0.552643 0.550792
v 0.35319588 -0.00573395 0.30973008 0.555205 0.552636 0.551426
v 0.37478536 -0.02191508 0.19734502 0.544908 0.542426 0.541221
v 0.33588964 0.02869421 0.25692001 0.557426 0.555836 0.555087
v 0.35828102 0.01298589 0.13930990 0.555429 0.552959 0.551763
v 0.40169558 -0.13943496 0.38745379 0.507987 0.507381 0.507096
v 0.40209234 -0.09179571 0.23531181 0.524861 0.523437 0.522771
v 0.40514624 -0.21774994 0.38293254 0.499266 0.497878 0.497224
v 0.41131061 -0.14105704 0.21423176 0.513794 0.512186 0.511432
v 0.36585310 -0.06403084 0.43519542 0.567167 0.561867 0.559331
v 0.39860514 -0.20545641 0.47563446 0.495733 0.494581 0.494042
v 0.36185819 -0.09119245 0.53054333 0.577961 0.571089 0.567853
v 0.32683298 0.02231321 0.34671614 0.573403 0.570627 0.569322
v 0.33539820 -0.02971169 0.48906037 0.578412 0.572593 0.569852
v 0.37355268 -0.01136491 0.11351228 0.546865 0.543897 0.542458
v 0.40175039 -0.08657946 0.14998597 0.527852 0.526321 0.525602
v -0.34259379 0.13493946 -0.38923100 0.576949 0.571108 0.568293
v -0.34883356 0.07163745 -0.21323304 0.544663 0.541030 0.539244
v -0.33680254 0.19899735 -0.39433819 0.598454 0.592199 0.589231
v -0.34343016 0.10613236 -0.20433119 0.560693 0.557754 0.556350
v -0.32204685 -0.01888457 -0.26598102 0.549548 0.547999 0.547270
v -0.34867513 -0.01391252 -0.16339943 0.533495 0.532277 0.531683
v -0.34645876 -0.10415368 -0.24669856 0.528421 0.527276 0.526737
v -0.38078791 -0.08219351 -0.12551059 0.521806 0.520858 0.520411
v -0.31540880 0.06083608 -0.42200905 0.588462 0.580330 0.576293
v -0.30251485 -0.06386681 -0.31148338 0.538190 0.536263 0.535353
v -0.27574912 0.02852024 -0.46483132 0.604611 0.596771 0.592947
v -0.35237309 0.19476172 -0.51269436 0.613341 0.604311 0.600046
v -0.31830916 0.06680742 -0.57272625 0.611826 0.595581 0.587273
v -0.35640717 0.04997214 -0.13005805 0.544338 0.541140 0.539555
v -0.37417459 -0.03816861 -0.09053378 0.525976 0.524896 0.524371
v -0.35490093 -0.00694661 0.32087916 0.573459 0.570131 0.568561
v -0.37467295 -0.02146135 0.20897093 0.553505 0.550143 0.548526
v -0.34005913 0.02766094 0.27064049 0.577466 0.574778 0.573512
v -0.36024535 0.01303813 0.15339796 0.563361 0.560628 0.559323
v -0.40134811 -0.14219233 0.38295144 0.568611 0.562182 0.559146
v -0.40460914 -0.08886592 0.24230723 0.561174 0.556587 0.554429
v -0.40760431 -0.21422102 0.36799383 0.531914 0.527363 0.525216
v -0.41520613 -0.13765272 0.21636572 0.565277 0.559312 0.556501
v -0.36807397 -0.06579961 0.44137257 0.574747 0.568515 0.565542
v -0.40038675 -0.20624770 0.46230838 0.507037 0.504680 0.503574
v -0.36575791 -0.09390844 0.53598881 0.596315 0.587447 0.583273
v -0.32985461 0.02149075 0.35845077 0.591703 0.588787 0.587412
v -0.33736888 -0.03290672 0.49757969 0.583885 0.577761 0.574881
v -0.37405986 -0.00994170 0.12672539 0.551314 0.547401 0.545501
v -0.40319419 -0.08369201 0.15853149 0.558684 0.554598 0.552677
v 0.00527908 0.25782776 -0.02440712 0.509935 0.509458 0.509229
v -0.03953624 0.23776025 0.08033007 0.522606 0.521891 0.521553
v 0.00251145 0.68978024 -0.27271914 0.684747 0.674070 0.668798
v -0.06416463 0.78716540 -0.40657154 0.583086 0.578675 0.576315
v 0.04651349 0.23753077 0.07808569 0.520862 0.520234 0.519933
v 0.07982508 0.81731832 -0.40814802 0.594422 0.588667 0.585512
v -0.24810123 0.11979324 0.25314286 0.550634 0.549055 0.548310
v -0.29938725 0.08767399 0.24060783 0.563673 0.561405 0.560319
v -0.27590743 0.08714762 0.32899907 0.566119 0.564016 0.563025
v -0.35562223 0.56128913 -0.56068218 0.612725 0.603428 0.599036
v -0.33264285 0.41643313 -0.47315615 0.649855 0.636462 0.630158
v -0.34724548 0.41345146 -0.60753298 0.655289 0.640294 0.633238
v -0.33802742 0.09702688 -0.09364114 0.560535 0.558887 0.558104
v -0.34528410 0.06614050 0.00076421 0.565102 0.563337 0.562505
v -0.35567051 0.04922757 -0.02302400 0.562102 0.559995 0.558976
v 0.24382460 0.12418181 0.24044779 0.545258 0.543670 0.542921
v 0.29174128 0.09132496 0.22507676 0.548554 0.546663 0.545755
v 0.27186221 0.08933648 0.31631950 0.557220 0.555181 0.554218
v 0.38386160 0.62477046 -0.49946570 0.646399 0.631853 0.625081
v 0.31283596 0.42646658 -0.44484827 0.612916 0.603037 0.598385
v 0.34931463 0.44442990 -0.59512299 0.695447 0.677582 0.669176
v 0.33388418 0.09583712 -0.10448750 0.577649 0.574695 0.573299
v 0.34034330 0.06547493 -0.01242855 0.571241 0.568565 0.567302
v 0.35381693 0.04738499 -0.03616686 0.571344 0.567958 0.566329
v -0.00820786 -0.70492196 0.26886144 0.500354 0.500354 0.500354
v -0.06207940 -0.70757395 0.39421529 0.501427 0.501417 0.501412
v -0.00160131 -0.64419490 -0.21151958 0.503279 0.503234 0.503212
v -0.05087886 -0.63359976 -0.29366899 0.600028 0.597815 0.596770
v 0.05010052 -0.71773577 0.41748005 0.508585 0.508568 0.508561
v 0.04845859 -0.63164008 -0.29418302 0.591738 0.589555 0.588528
v -0.36875793 -0.53209698 0.48700064 0.632225 0.617557 0.610614
v -0.38488719 -0.40220416 0.40916505 0.606472 0.594007 0.588113
v -0.39007354 -0.42088595 0.53256363 0.640192 0.623576 0.615745
v -0.29427299 -0.35678169 -0.36204100 0.692866 0.670843 0.660478
v -0.36012217 -0.27530575 -0.31330401 0.673723 0.657916 0.650506
v -0.29076657 -0.22898474 -0.36941808 0.613534 0.600924 0.594970
v -0.43500870 -0.17199069 -0.00247856 0.508635 0.507112 0.506398
v -0.42632949 -0.19339740 0.08607314 0.514495 0.512630 0.511754
v -0.41678095 -0.11670284 0.03954912 0.527549 0.525705 0.524841
v 0.36203092 -0.57204199 0.57094973 0.714116 0.688465 0.676391
v 0.38949767 -0.41879970 0.45818019 0.624384 0.609276 0.602156
v 0.39616445 -0.42739952 0.58035374 0.639526 0.622723 0.614812
v 0.28714138 -0.34888065 -0.35945958 0.685727 0.664646 0.654726
v 0.36191872 -0.26020637 -0.31562936 0.683678 0.666687 0.658692
v 0.28390512 -0.21953365 -0.36125007 0.675553 0.657320 0.648742
v 0.43510422 -0.16513437 -0.00830779 0.583700 0.575420 0.571524
v 0.42331025 -0.19204420 0.08451089 0.578027 0.570191 0.566503
v 0.41356730 -0.11628455 0.03244978 0.568238 0.562341 0.559565
v 0.21574593 -0.00019817 0.74954516 0.507145 0.506736 0.506540
v 0.30127883 -0.06127767 0.70648384 0.636022 0.624031 0.618397
v -0.21865849 -0.01011146 0.76019764 0.507389 0.507171 0.507070
v -0.30300516 -0.07270753 0.71794218 0.547316 0.543101 0.541172
v 0.26720077 0.01264589 0.64431107 0.585326 0.578215 0.574841
v -0.26731491 0.00567335 0.65301573 0.532579 0.530621 0.529679
v 0.11245215 0.07023824 -0.67737985 0.795800 0.754742 0.732913
v 0.16197580 0.01652953 -0.59768307 0.681003 0.672836 0.668882
v -0.11970760 0.05905859 -0.68415415 0.774268 0.732421 0.710066
v -0.16782027 0.00430451 -0.60083199 0.665715 0.659141 0.655985
v 0.18569778 0.05862292 -0.75775731 0.841184 0.770851 0.732771
v -0.19386643 0.01868023 -0.78029370 0.837350 0.783732 0.754792
v -0.20608723 0.27635193 -0.20075528 0.524454 0.522921 0.522197
v -0.21360350 0.24398184 -0.16516505 0.524336 0.523467 0.523053
v -0.22080028 0.29657251 -0.22613415 0.528664 0.526536 0.525534
v -0.23000458 0.26372033 -0.20818764 0.527071 0.525622 0.524933
v -0.22846135 0.23832047 -0.16635261 0.525101 0.524141 0.523688
v 0.20162022 0.28876299 -0.18546562 0.513705 0.513108 0.512825
v 0.20838523 0.25728625 -0.15273173 0.517915 0.517295 0.517001
v 0.21105376 0.30343121 -0.21061079 0.514930 0.514164 0.513804
v 0.22092789 0.27433348 -0.19389133 0.524598 0.523527 0.523019
v 0.22093898 0.25057292 -0.15595257 0.523688 0.522934 0.522579
v -0.36003733 -0.68842822 -0.00058830 0.569596 0.564977 0.562810
v -0.35464078 -0.63916671 0.03522326 0.562847 0.559174 0.557392
v -0.39297634 -0.68957490 -0.04090596 0.578507 0.571261 0.567845
v -0.39780462 -0.62796533 -0.02548632 0.577573 0.570535 0.567191
v -0.37713122 -0.60645223 0.02172201 0.555593 0.549891 0.547111
v 0.35347420 -0.67962754 0.00151796 0.581988 0.576653 0.574149
v 0.34807408 -0.63332725 0.04486000 0.570450 0.566257 0.564192
v 0.39214206 -0.68404901 -0.04127305 0.593804 0.584904 0.580720
v 0.39607644 -0.62408483 -0.02241121 0.582296 0.574673 0.571053
v 0.37297255 -0.60387367 0.03236559 0.561266 0.555052 0.552011
v -0.04915822 -0.57085162 0.83874375 0.649520 0.637472 0.631766
v 0.00998642 -0.56166309 0.83520097 0.585238 0.573979 0.568586
v -0.01234641 -0.47945911 0.86306638 0.615602 0.601117 0.594301
v 0.03239533 -0.50852597 0.85306156 0.610875 0.596610 0.589888
v -0.06423967 -0.51999301 0.85368377 0.636337 0.620347 0.612819
v -0.01473253 0.14126348 0.44801533 0.530299 0.529779 0.529515
v 0.01612602 0.14130232 0.44794968 0.529243 0.528563 0.528210
v 0.00037159 0.13989103 0.50578380 0.539030 0.538638 0.538453
v 0.02616097 0.13984761 0.48210970 0.535653 0.534781 0.534323
v -0.02523264 0.13948724 0.48300439 0.539616 0.538954 0.538612
v -0.00710573 -0.29425511 -0.45974705 0.601598 0.591201 0.586299
v 0.01713827 -0.29371747 -0.45763052 0.598401 0.588690 0.584111
v 0.00341549 -0.22506092 -0.46945947 0.608709 0.597453 0.592137
v 0.02290893 -0.25068182 -0.46448818 0.601723 0.591262 0.586322
v -0.01491302 -0.25175574 -0.46687359 0.602898 0.591992 0.586841
v -0.02767293 0.58187872 -0.82268059 0.671725 0.650620 0.640392
v 0.03145682 0.58217633 -0.82106298 0.698588 0.675103 0.663979
v 0.00028123 0.49671376 -0.83773345 0.682493 0.656983 0.644930
v 0.04881281 0.53211874 -0.83728266 0.692329 0.667994 0.656518
v -0.04524297 0.52968544 -0.83914578 0.661250 0.639707 0.629194
v 0.34076279 0.07395998 -0.30132562 0.556578 0.552203 0.550062
v 0.33578449 0.04573964 -0.26894993 0.557253 0.553614 0.551873
v 0.33241263 0.05643841 -0.30850014 0.554587 0.550987 0.549251
v 0.33636540 0.07345305 -0.33024240 0.554174 0.549428 0.547114
v 0.34117281 0.05562008 -0.26589292 0.558678 0.554869 0.553028
v 0.37978747 -0.04611660 0.29799813 0.532758 0.530912 0.530018
v 0.39145327 -0.07342254 0.31469256 0.531160 0.529671 0.528972
v 0.38627723 -0.07067008 0.34239364 0.535681 0.534047 0.533284
v 0.37903124 -0.05307400 0.33142072 0.537756 0.535735 0.534763
v 0.38719538 -0.05861624 0.28741837 0.531706 0.530276 0.529602
v -0.33923018 0.06760705 -0.28806576 0.540087 0.535908 0.533833
v -0.33407503 0.03479871 -0.26255855 0.546078 0.543157 0.541754
v -0.33032042 0.04635245 -0.29836673 0.551183 0.547783 0.546135
v -0.33457342 0.06645124 -0.31644562 0.546001 0.541097 0.538661
v -0.33860415 0.04708011 -0.25601971 0.541719 0.538288 0.536607
v -0.38004255 -0.04721531 0.30650192 0.542257 0.539137 0.537638
v -0.39145705 -0.07480389 0.32000878 0.548196 0.544846 0.543268
v -0.38674730 -0.07212137 0.34760427 0.554411 0.550668 0.548906
v -0.37955809 -0.05395124 0.33904204 0.546869 0.543425 0.541777
v -0.38764632 -0.05880531 0.29537651 0.544151 0.541127 0.539690
v -0.03911856 0.39807326 -0.15951163 0.566334 0.560311 0.557465
v 0.05063276 0.39593202 -0.16216654 0.510255 0.508586 0.507792
v -0.01410702 0.33952343 -0.14407186 0.527876 0.525302 0.524058
v -0.01981848 0.46746075 -0.17560080 0.562286 0.557933 0.555874
v 0.02655826 0.33793139 -0.14740857 0.509116 0.508106 0.507623
v 0.03112095 0.46643007 -0.17500758 0.552310 0.546781 0.544175
v -0.17915593 0.20335245 0.13402569 0.552103 0.549884 0.548832
v -0.14153130 0.18234390 0.22308081 0.539982 0.538530 0.537845
v -0.15906367 0.22209477 0.14362898 0.619741 0.617106 0.615863
v -0.19173750 0.17842299 0.17629620 0.545455 0.543605 0.542733
v -0.12970391 0.20621037 0.18394789 0.553828 0.552287 0.551560
v -0.17507893 0.17040581 0.22133559 0.541472 0.539861 0.539095
v -0.28200462 0.77046841 -0.49342576 0.636099 0.630005 0.626754
v -0.26006213 0.84394133 -0.57758516 0.650637 0.576339 0.535840
v -0.22957291 0.81830168 -0.47511905 0.685137 0.641734 0.618025
v -0.31014127 0.75397480 -0.55522341 0.669588 0.664095 0.661369
v -0.25609052 0.99068552 -0.50549376 1.000000 1.000000 1.000000
v -0.26036522 0.74433821 -0.58052349 0.586843 0.577228 0.572116
v -0.28440160 0.23496130 -0.26590633 0.574098 0.570479 0.568776
v -0.31617057 0.19622196 -0.28220448 0.581610 0.577339 0.575323
v -0.28934830 0.27762309 -0.31809852 0.593871 0.588166 0.585482
v -0.30329394 0.18614194 -0.22316693 0.565949 0.562862 0.561408
v -0.30704868 0.24705225 -0.32622761 0.598922 0.592745 0.589838
v -0.31535077 0.17253903 -0.23190035 0.570005 0.566831 0.565335
v -0.32571924 0.08307782 0.08674966 0.555744 0.553926 0.553042
v -0.33883828 0.05137622 0.15166153 0.573670 0.571604 0.570633
v -0.32311422 0.07872742 0.13418593 0.558412 0.556243 0.555213
v -0.33407566 0.07224768 0.07379967 0.557100 0.555567 0.554841
v -0.33055091 0.06272632 0.16705784 0.566554 0.564352 0.563316
v -0.34074104 0.05648750 0.10630774 0.570171 0.568301 0.567419
v 0.18896775 0.20753604 0.12830594 0.556704 0.554471 0.553418
v 0.14568155 0.18472719 0.21588627 0.535514 0.534265 0.533675
v 0.15781032 0.22188109 0.13197258 0.605930 0.603311 0.602075
v 0.13200836 0.20663333 0.17464766 0.550330 0.548828 0.548119
v 0.19743539 0.18340623 0.16844127 0.542741 0.541061 0.540265
v 0.17881796 0.17376971 0.21283537 0.537692 0.536264 0.535581
v 0.24530791 0.76824349 -0.50299054 0.573645 0.566177 0.562212
v 0.24231127 0.82177186 -0.59964925 0.672627 0.603063 0.565044
v 0.19290167 0.88189280 -0.54994923 0.670050 0.612628 0.581093
v 0.24457197 0.94106179 -0.59872514 1.000000 1.000000 1.000000
v 0.28065938 0.74535507 -0.49397165 0.608904 0.605132 0.603137
v 0.25630659 0.77482486 -0.56554431 0.586098 0.574657 0.568407
v 0.29417980 0.22326115 -0.26425922 0.591355 0.587055 0.585031
v 0.31234181 0.18865660 -0.28407934 0.583535 0.579008 0.576874
v 0.29674175 0.25923210 -0.30973777 0.598686 0.593086 0.590452
v 0.30545306 0.18276793 -0.22618067 0.581448 0.577574 0.575748
v 0.30466628 0.23704383 -0.32176575 0.590519 0.584648 0.581885
v 0.31395936 0.16779593 -0.23590441 0.589053 0.585064 0.583187
v 0.31441915 0.09045580 0.07110909 0.558814 0.556335 0.555163
v 0.33248454 0.05394495 0.13707948 0.558893 0.557303 0.556551
v 0.31451753 0.08350855 0.11889574 0.554305 0.551971 0.550855
v 0.32495600 0.07775983 0.05887291 0.562109 0.559719 0.558592
v 0.32351035 0.06543568 0.15196285 0.555023 0.553252 0.552413
v 0.33329028 0.05978739 0.09135228 0.562520 0.560644 0.559761
v -0.05890084 -0.70091891 0.00522096 0.500460 0.500460 0.500460
v 0.04858770 -0.70064944 0.00728810 0.500234 0.500234 0.500234
v -0.03320689 -0.69969380 0.06846226 0.500302 0.500302 0.500302
v -0.03204834 -0.69014263 -0.05287205 0.500448 0.500448 0.500448
v 0.02023457 -0.69992387 0.07046210 0.500036 0.500036 0.500036
v 0.02318996 -0.69143903 -0.05260012 0.500320 0.500320 0.500320
v -0.23113649 -0.64581406 0.40533566 0.538156 0.536048 0.534999
v -0.25526792 -0.80176544 0.53919786 0.606812 0.605490 0.604877
v -0.18597099 -0.67263520 0.43151557 0.533239 0.531806 0.531130
v -0.26796120 -0.64095390 0.45076227 0.616560 0.608607 0.604766
v -0.18734157 -0.73246944 0.48749349 0.592183 0.588766 0.587164
v -0.30026940 -0.73468375 0.51844877 0.651938 0.641577 0.636691
v -0.21461864 -0.62825674 -0.36011589 0.743319 0.711945 0.697205
v -0.14920613 -0.50618017 -0.37190369 0.651055 0.632381 0.623592
v -0.16328134 -0.62998533 -0.34661001 0.692546 0.670752 0.660500
v -0.23133782 -0.54274046 -0.36569107 0.727089 0.698178 0.684576
v -0.13410211 -0.56553757 -0.35455203 0.654555 0.637249 0.629050
v -0.19517423 -0.49005359 -0.37282541 0.681262 0.658035 0.647105
v -0.43152452 -0.28601584 -0.14271553 0.602655 0.591752 0.586603
v -0.40250623 -0.18306962 -0.16427891 0.513340 0.511739 0.510975
v -0.41360140 -0.27416986 -0.18961023 0.606665 0.595873 0.590795
v -0.43143252 -0.24269503 -0.10749708 0.551713 0.545776 0.542869
v -0.40381384 -0.21778941 -0.19683997 0.535938 0.532396 0.530706
v -0.41600657 -0.19501373 -0.12151580 0.505378 0.503587 0.502720
v -0.40569848 -0.33165824 0.20792615 0.582341 0.572375 0.567681
v -0.41277629 -0.24976596 0.25479722 0.586166 0.576662 0.572190
v -0.40056130 -0.33647382 0.26113474 0.586585 0.576318 0.571481
v -0.41431442 -0.28649276 0.18175831 0.558118 0.550662 0.547139
v -0.40730664 -0.29335642 0.28454053 0.591394 0.580944 0.576022
v -0.41568249 -0.24671438 0.20535244 0.555715 0.548803 0.545549
v 0.22834675 -0.73022032 0.48530820 0.615072 0.612354 0.611036
v 0.19625549 -0.96218878 0.59934175 0.813516 0.813270 0.813154
v 0.18007407 -0.75833261 0.49892494 0.578829 0.578009 0.577617
v 0.14690822 -0.82824892 0.55686969 0.668396 0.667719 0.667403
v 0.27499503 -0.75341737 0.52890754 0.625580 0.622391 0.620892
v 0.27794498 -0.85528809 0.59558868 0.769579 0.769758 0.769844
v 0.21381241 -0.62080753 -0.35730898 0.736693 0.706247 0.691910
v 0.14881979 -0.50333011 -0.37098938 0.641873 0.623723 0.615183
v 0.15985976 -0.62498498 -0.34803027 0.697407 0.675560 0.665271
v 0.13201344 -0.56253964 -0.35580704 0.647277 0.630336 0.622296
v 0.22887044 -0.53646672 -0.36227173 0.712714 0.685941 0.673342
v 0.19335718 -0.48569268 -0.37115121 0.671533 0.649802 0.639576
v 0.43046919 -0.27558404 -0.14647843 0.601099 0.590182 0.585046
v 0.39691460 -0.17241162 -0.16794257 0.592364 0.583420 0.579230
v 0.41358048 -0.26291090 -0.19556525 0.615286 0.603972 0.598648
v 0.43195799 -0.23259255 -0.11168579 0.600745 0.590474 0.585639
v 0.39651203 -0.20729592 -0.20180340 0.611627 0.601032 0.596050
v 0.41623911 -0.18361104 -0.12508616 0.595072 0.585535 0.581044
v 0.40073258 -0.33963412 0.22954170 0.561605 0.553171 0.549204
v 0.40837011 -0.25631297 0.26985797 0.499574 0.497491 0.496514
v 0.39716411 -0.34757626 0.28872466 0.589502 0.578596 0.573464
v 0.40919799 -0.29118133 0.19574705 0.499233 0.496691 0.495493
v 0.40367752 -0.30293670 0.30827278 0.554873 0.547708 0.544322
v 0.41060299 -0.25144726 0.21660629 0.497467 0.495534 0.494625
v -0.00444717 -0.03720292 0.87110019 0.717324 0.698463 0.689587
v -0.00172940 0.06102891 0.78020102 0.677742 0.667854 0.663201
v 0.06053429 -0.00652988 0.84082150 0.687191 0.671338 0.663878
v -0.06829415 -0.01018491 0.84464586 0.674493 0.659790 0.652880
v 0.05764845 0.04091323 0.79757774 0.660462 0.648934 0.643514
v -0.06110559 0.03569238 0.79823256 0.655686 0.644649 0.639463
v 0.36190566 -0.28071535 0.72623438 0.688961 0.672816 0.665219
v 0.39115581 -0.19866648 0.61587840 0.609941 0.598387 0.592946
v 0.37938908 -0.31419075 0.68102962 0.638889 0.623830 0.616744
v 0.38947010 -0.26644260 0.62533128 0.623451 0.610218 0.603990
v 0.36081216 -0.20567614 0.71245182 0.672708 0.657058 0.649696
v 0.37838781 -0.17083815 0.65767187 0.625625 0.612349 0.606100
v -0.36693782 -0.30140564 0.72101587 0.657819 0.643020 0.636042
v -0.38730583 -0.21023121 0.60968852 0.619222 0.605785 0.599470
v -0.38261488 -0.33078232 0.66155314 0.658942 0.640551 0.631909
v -0.38933507 -0.27654755 0.60961556 0.635549 0.620189 0.612966
v -0.36606729 -0.22172233 0.72002858 0.700231 0.682333 0.673909
v -0.37312877 -0.18611029 0.65901554 0.638163 0.622756 0.615513
v 0.23538375 0.07454175 0.48509404 0.580566 0.577025 0.575356
v 0.29010209 0.03553149 0.45717034 0.582301 0.578815 0.577165
v 0.25245917 0.07283109 0.43949479 0.575509 0.572653 0.571310
v 0.27920505 0.05443776 0.42670107 0.577069 0.574183 0.572824
v 0.24920879 0.05646102 0.52056694 0.590992 0.586736 0.584732
v 0.27723306 0.03516094 0.50486410 0.590783 0.586236 0.584090
v -0.23766492 0.07355222 0.49415460 0.587588 0.584293 0.582742
v -0.29283834 0.03465904 0.46751302 0.601331 0.597264 0.595339
v -0.25506556 0.07223830 0.44918144 0.583592 0.580822 0.579516
v -0.28182277 0.05416980 0.43716729 0.592364 0.589125 0.587597
v -0.25068423 0.05486684 0.52928716 0.597167 0.593267 0.591431
v -0.27931082 0.03345080 0.51435399 0.597519 0.593071 0.590966
v -0.00223878 0.05665225 -0.62402272 0.614988 0.594988 0.584547
v -0.00331584 0.13221678 -0.73172808 0.692820 0.605818 0.558500
v 0.02509789 0.07359143 -0.65059996 0.621743 0.591368 0.575125
v -0.03044456 0.07178316 -0.65132058 0.624778 0.594358 0.578064
v 0.02597580 0.11143962 -0.70529866 0.648031 0.582431 0.546751
v -0.03228548 0.10997248 -0.70528519 0.649553 0.584174 0.548618
v 0.17905632 -0.08615342 -0.42216638 0.666912 0.650175 0.642296
v 0.22836390 -0.02958649 -0.38896462 0.620452 0.610471 0.605770
v 0.20958373 -0.11205962 -0.39981663 0.658175 0.641432 0.633548
v 0.23325247 -0.08161977 -0.37989148 0.637032 0.623232 0.616753
v 0.17451456 -0.03172521 -0.43212411 0.637534 0.626312 0.621032
v 0.20231557 -0.01460540 -0.42887831 0.619672 0.611846 0.608158
v -0.17695093 -0.08976510 -0.41882685 0.659376 0.643280 0.635707
v -0.23182622 -0.03610320 -0.38689613 0.609751 0.601214 0.597187
v -0.21036109 -0.11931670 -0.40161988 0.647478 0.631976 0.624724
v -0.23593599 -0.09043264 -0.38130277 0.603743 0.593478 0.588678
v -0.17272335 -0.03318943 -0.42539558 0.621554 0.610979 0.606007
v -0.20338413 -0.01676673 -0.42093596 0.607590 0.600746 0.597526
v 0.28128970 0.30402824 -0.96382064 0.865416 0.772502 0.722080
v 0.37206459 0.20322627 -0.79837513 0.761562 0.689736 0.650897
v 0.34305364 0.34316516 -0.85317594 0.764320 0.716778 0.691834
v 0.39248759 0.28833610 -0.79664296 0.730437 0.683878 0.659421
v 0.27319387 0.19948345 -0.94237000 0.928565 0.796552 0.724756
v 0.33620059 0.14208412 -0.89164996 0.879581 0.773095 0.715185
v -0.31560609 0.27173975 -0.93785775 0.826778 0.739523 0.692277
v -0.37990472 0.16627485 -0.77011329 0.706948 0.660892 0.636363
v -0.37108442 0.31427521 -0.83675355 0.723516 0.687780 0.669438
v -0.38293749 0.24513736 -0.75956243 0.693730 0.664557 0.649731
v -0.32648394 0.17950097 -0.96101767 0.862071 0.748728 0.687079
v -0.34060627 0.12838098 -0.85929239 0.768477 0.691575 0.649789
v 0.37819320 -0.01299140 -0.03723766 0.552768 0.548938 0.547067
v 0.38536000 -0.03228838 0.04631822 0.551461 0.548118 0.546517
v 0.37426382 0.00117741 -0.02611968 0.549347 0.545488 0.543603
v 0.37717420 -0.00901721 0.01593206 0.549618 0.545627 0.543678
v 0.38673639 -0.03894448 -0.00791502 0.552827 0.549882 0.548489
v 0.39091533 -0.04831994 0.03356252 0.549184 0.546510 0.545249
v -0.37660587 -0.01323636 -0.02530997 0.545565 0.542430 0.540870
v -0.38436949 -0.03121402 0.05872884 0.557802 0.554171 0.552418
v -0.37304211 0.00180222 -0.01347233 0.543737 0.540413 0.538772
v -0.37624240 -0.00780685 0.02842319 0.542076 0.538549 0.536810
v -0.38650191 -0.03930497 0.00292110 0.548010 0.545880 0.544864
v -0.39031494 -0.04769202 0.04507460 0.555117 0.552500 0.551256
v -0.17043711 0.32493734 -0.19176704 0.544433 0.540433 0.538547
v -0.11908980 0.37147921 -0.16748185 0.558185 0.552743 0.550183
v -0.15035804 0.28411818 -0.16104287 0.529779 0.527712 0.526737
v -0.17294341 0.39282078 -0.21228865 0.554936 0.549417 0.546819
v -0.12357682 0.30558860 -0.15187016 0.538101 0.535241 0.533895
v -0.15701093 0.42274344 -0.18462548 0.624200 0.616036 0.612191
v -0.20029855 0.22336876 -0.07375377 0.525690 0.524549 0.524003
v -0.18873721 0.21033049 0.02781039 0.524574 0.523573 0.523101
v -0.17677060 0.23458916 -0.07243307 0.525866 0.524885 0.524424
v -0.21700945 0.20222855 -0.02676523 0.519629 0.518681 0.518218
v -0.16920996 0.22934192 -0.02107105 0.531296 0.530453 0.530058
v -0.21233922 0.19484144 0.02377257 0.516144 0.515525 0.515230
v -0.24464221 0.42352524 -0.30507022 0.550248 0.544849 0.542303
v -0.29112053 0.59930861 -0.39772192 0.567077 0.558385 0.554280
v -0.22724885 0.46930939 -0.30121750 0.561722 0.554788 0.551523
v -0.28102833 0.44748318 -0.35286024 0.545057 0.540597 0.538490
v -0.23878315 0.55059993 -0.34369850 0.567504 0.559066 0.555091
v -0.31933823 0.55025089 -0.39781442 0.550263 0.544208 0.541337
v -0.25892439 0.26248875 -0.24177089 0.546612 0.544407 0.543353
v -0.27477375 0.25515464 -0.25136375 0.574743 0.570466 0.568431
v -0.27803442 0.31600583 -0.29430607 0.571473 0.567337 0.565375
v -0.27111480 0.22655216 -0.19371569 0.548784 0.546651 0.545640
v -0.28419918 0.33103931 -0.28235990 0.621035 0.613131 0.609401
v -0.27999926 0.21923587 -0.20053762 0.555867 0.553116 0.551792
v -0.25678241 0.18968254 -0.08443136 0.525036 0.524044 0.523574
v -0.29185158 0.13505381 0.00331965 0.527938 0.526869 0.526336
v -0.25633267 0.17582524 -0.03479968 0.523179 0.522493 0.522168
v -0.27249295 0.17871511 -0.09104148 0.528478 0.527372 0.526843
v -0.27449864 0.15005618 0.01000892 0.526644 0.525961 0.525640
v -0.28972602 0.14916271 -0.04716222 0.529671 0.528578 0.528041
v 0.17167939 0.33179086 -0.18564521 0.506082 0.505564 0.505318
v 0.12541267 0.36853999 -0.17776975 0.517482 0.516705 0.516335
v 0.15559046 0.29331470 -0.15868875 0.508108 0.507740 0.507566
v 0.17256284 0.39406365 -0.20995092 0.516538 0.514420 0.513411
v 0.13076678 0.30399781 -0.16107163 0.508373 0.508099 0.507968
v 0.16359845 0.42051238 -0.18951431 0.562946 0.558647 0.556612
v 0.20109028 0.23086333 -0.07168090 0.525927 0.524840 0.524319
v 0.19470961 0.21607906 0.02477473 0.532176 0.530644 0.529922
v 0.18061472 0.24075723 -0.07120265 0.523464 0.522608 0.522202
v 0.21664500 0.20999938 -0.02780995 0.527125 0.525364 0.524521
v 0.17535236 0.23384786 -0.02268153 0.531409 0.530438 0.529982
v 0.21414688 0.20196122 0.02021337 0.529190 0.527501 0.526707
v 0.21843633 0.41393536 -0.28529310 0.540362 0.535946 0.533861
v 0.23762500 0.57432890 -0.38206318 0.554979 0.548144 0.544914
v 0.20506996 0.46213707 -0.28874946 0.544033 0.539004 0.536634
v 0.23673099 0.42848057 -0.32127601 0.552108 0.546968 0.544540
v 0.21006073 0.54411685 -0.33368650 0.550662 0.544225 0.541182
v 0.25223196 0.50541878 -0.37351188 0.554562 0.548319 0.545373
v 0.24559098 0.26774892 -0.22451395 0.546527 0.544386 0.543365
v 0.27297068 0.25207856 -0.24846663 0.568155 0.564970 0.563472
v 0.24836984 0.30987561 -0.27359143 0.554586 0.551265 0.549700
v 0.26075333 0.23309979 -0.18794432 0.549497 0.547307 0.546264
v 0.26309586 0.30333060 -0.28802288 0.568620 0.564732 0.562897
v 0.27384126 0.22310072 -0.19871324 0.560724 0.557964 0.556666
v 0.24990681 0.19933963 -0.08451002 0.534292 0.532412 0.531522
v 0.28233710 0.14453614 -0.00614156 0.546481 0.544018 0.542853
v 0.25065112 0.18484205 -0.03799254 0.536017 0.534101 0.533196
v 0.26399380 0.18883449 -0.09246706 0.539567 0.537191 0.536053
v 0.26693982 0.15919149 0.00189772 0.541443 0.539283 0.538265
v 0.28050330 0.15944749 -0.05407088 0.546756 0.544094 0.542827
v -0.27606502 -0.74876124 0.00486968 0.559947 0.559513 0.559304
v -0.16322973 -0.72866273 -0.00285416 0.545203 0.545199 0.545199
v -0.23963675 -0.69052279 0.03943411 0.521980 0.521551 0.521349
v -0.25294456 -0.84184682 -0.01584867 0.752937 0.752940 0.752941
v -0.18824574 -0.69465065 0.04440547 0.519638 0.519605 0.519592
v -0.18339986 -0.79874158 -0.04260921 0.609825 0.609824 0.609825
v -0.30551654 -0.61680353 0.13603321 0.545128 0.540690 0.538379
v -0.26499647 -0.61916924 0.26112735 0.538864 0.530808 0.526578
v -0.26990455 -0.64168227 0.14699501 0.534629 0.532536 0.531421
v -0.31645954 -0.58335507 0.17880182 0.550774 0.545072 0.542258
v -0.24752545 -0.64268214 0.21115190 0.533450 0.528444 0.525745
v -0.29874021 -0.58586794 0.24074897 0.546562 0.540117 0.536957
v -0.42873061 -0.82313442 -0.19339682 0.593457 0.593550 0.593585
v -0.32476553 -0.78737992 -0.36007553 0.633063 0.632228 0.631834
v -0.38810444 -0.92441154 -0.20408964 0.912204 0.912198 0.912196
v -0.43370384 -0.72636205 -0.24518244 0.675366 0.664143 0.658815
v -0.32067740 -0.92093229 -0.32209194 0.891793 0.891815 0.891824
v -0.40237546 -0.72513711 -0.33378533 0.809727 0.791209 0.782509
v -0.43238485 -0.53449070 -0.08201051 0.606527 0.594533 0.588844
v -0.44804850 -0.40677035 -0.11873911 0.609843 0.597922 0.592310
v -0.44690636 -0.54155016 -0.14671013 0.624794 0.610421 0.603649
v -0.43127379 -0.47026411 -0.04547605 0.593873 0.582924 0.577756
v -0.44741571 -0.46912706 -0.16272749 0.626567 0.612658 0.606109
v -0.44619161 -0.41045183 -0.06350090 0.595629 0.584287 0.578942
v -0.38328147 -0.50968277 0.08482826 0.571365 0.563428 0.559676
v -0.39490554 -0.41755864 0.14924332 0.579508 0.570058 0.565587
v -0.36810786 -0.50681591 0.13910200 0.572769 0.565016 0.561353
v -0.40207434 -0.46444184 0.06395415 0.579101 0.570013 0.565721
v -0.37604514 -0.46396360 0.17280963 0.575870 0.567260 0.563199
v -0.40561688 -0.41609758 0.09558612 0.584081 0.574695 0.570260
v 0.27276456 -0.74464726 0.01177715 0.566451 0.565372 0.564875
v 0.15824062 -0.72760659 0.00302545 0.542068 0.542068 0.542066
v 0.23311013 -0.68852806 0.05074396 0.521838 0.521353 0.521119
v 0.26233882 -0.83795494 -0.00847081 0.755061 0.755070 0.755072
v 0.18086395 -0.69633138 0.05445046 0.517958 0.517925 0.517908
v 0.18570469 -0.80157089 -0.03986594 0.608281 0.608282 0.608281
v 0.29525369 -0.62614274 0.16842441 0.549357 0.543232 0.539975
v 0.25223181 -0.65170717 0.32787788 0.551494 0.546222 0.543418
v 0.25795346 -0.65509140 0.18268949 0.539843 0.537465 0.536202
v 0.30703947 -0.59908348 0.22177529 0.554263 0.545711 0.541376
v 0.23373921 -0.66723120 0.26287225 0.546767 0.544239 0.542877
v 0.28976566 -0.61240858 0.29958192 0.553582 0.544941 0.540532
v 0.43806782 -0.81850773 -0.19622143 0.616032 0.615103 0.614630
v 0.31617522 -0.79368281 -0.36857802 0.679671 0.668571 0.663285
v 0.39713365 -0.92767382 -0.20599754 0.921389 0.921426 0.921444
v 0.44195801 -0.73226219 -0.27003622 0.766368 0.748672 0.740296
v 0.30966300 -0.92525351 -0.31868657 0.877158 0.877842 0.878166
v 0.39031070 -0.71638560 -0.35325366 0.894194 0.863914 0.849672
v 0.43360692 -0.52964681 -0.08169068 0.608256 0.595633 0.589640
v 0.44664988 -0.39927280 -0.12244474 0.609613 0.597411 0.591663
v 0.45067731 -0.53364289 -0.15147555 0.637562 0.622346 0.615185
v 0.43023571 -0.46702909 -0.04162482 0.597211 0.585897 0.580562
v 0.45021600 -0.45978370 -0.17022704 0.632884 0.618645 0.611944
v 0.44049537 -0.40668589 -0.06365719 0.598608 0.586716 0.581105
v 0.37853211 -0.51368350 0.10641596 0.573383 0.564552 0.560368
v 0.38944098 -0.42668784 0.17504698 0.588757 0.578436 0.573575
v 0.36216030 -0.51632297 0.17073810 0.575471 0.566769 0.562651
v 0.39882654 -0.46721202 0.08111294 0.581207 0.571524 0.566958
v 0.37124565 -0.47559592 0.20623815 0.580000 0.570434 0.565927
v 0.40134767 -0.42086321 0.11414000 0.587940 0.577942 0.573232
v -0.11521415 -0.72642660 0.85537493 0.670584 0.659836 0.654812
v -0.22889851 -0.97834212 0.72584295 0.907115 0.906619 0.906386
v -0.10221992 -0.73653090 0.76228911 0.600471 0.599174 0.598581
v -0.22953954 -0.77629220 0.86655891 0.711023 0.699411 0.693995
v -0.08705471 -0.89045107 0.72703189 0.702724 0.702438 0.702304
v -0.27185813 -0.90285975 0.82435101 0.873289 0.873622 0.873775
v 0.07806882 -0.65857464 0.80504531 0.641425 0.628310 0.622132
v 0.08241104 -0.88425058 0.82723254 0.540873 0.538579 0.537495
v 0.04159121 -0.68096042 0.76213741 0.592510 0.588603 0.586758
v 0.15685181 -0.68198162 0.82788599 0.644869 0.625622 0.616556
v 0.06836011 -0.74919629 0.74784017 0.563979 0.560715 0.559186
v 0.19915961 -0.79475784 0.84405994 0.593975 0.588616 0.586094
v -0.00645861 -0.34801188 0.90277344 0.670002 0.649823 0.640328
v 0.00279108 -0.20206417 1.01959145 1.000000 1.000000 0.989294
v 0.06033646 -0.30626726 0.90756571 0.680567 0.660877 0.651611
v -0.06926270 -0.31508806 0.90677321 0.682089 0.662697 0.653562
v 0.06734519 -0.22739241 0.93338972 0.709026 0.688141 0.678334
v -0.06935885 -0.23827446 0.92572409 0.721303 0.700219 0.690327
v 0.16177000 -0.45785195 0.85659957 0.687405 0.666178 0.656190
v 0.29091918 -0.37517953 0.82308573 0.736036 0.715605 0.705990
v 0.21536921 -0.51090181 0.84495425 0.743613 0.716640 0.703947
v 0.17778401 -0.37844604 0.86796308 0.693878 0.672743 0.662797
v 0.29017630 -0.46902382 0.83227718 0.767582 0.744501 0.733640
v 0.24243927 -0.33457893 0.85117966 0.708616 0.687650 0.677783
v -0.19433780 -0.48871458 0.85484123 0.515028 0.509261 0.506568
v -0.30990189 -0.41088620 0.80944949 0.512923 0.512731 0.512642
v -0.26907128 -0.55371833 0.84412873 0.637668 0.618871 0.610057
v -0.19529551 -0.40355986 0.86123013 0.452372 0.452109 0.451986
v -0.31933028 -0.51522386 0.80343562 0.655298 0.641805 0.635385
v -0.25339085 -0.36391926 0.84279048 0.472882 0.472882 0.472883
v -0.05345649 0.14590704 0.38002825 0.531668 0.531404 0.531277
v -0.09561914 0.15988624 0.30254513 0.526829 0.526298 0.526048
v -0.03642511 0.15369606 0.34151042 0.523121 0.522888 0.522773
v -0.09028463 0.14145762 0.38179681 0.537070 0.536601 0.536377
v -0.05726369 0.16343534 0.30184004 0.521217 0.520894 0.520742
v -0.11157805 0.14613336 0.34289750 0.533861 0.533259 0.532975
v 0.05548715 0.14685541 0.37773323 0.528345 0.528134 0.528032
v 0.10073129 0.16252768 0.29952458 0.526446 0.526012 0.525808
v 0.03953122 0.15489751 0.33962804 0.521497 0.521335 0.521259
v 0.09174241 0.14377061 0.37793940 0.530816 0.530403 0.530209
v 0.06127301 0.16503632 0.30011711 0.521609 0.521243 0.521071
v 0.11452471 0.14918560 0.33924055 0.528276 0.527676 0.527392
v -0.00007065 0.13775925 0.59242642 0.580848 0.579279 0.578544
v -0.00032457 0.11128260 0.68269050 0.630048 0.627587 0.626430
v 0.04112604 0.13048710 0.60960901 0.595439 0.593567 0.592689
v -0.04084795 0.13046628 0.61088806 0.592548 0.591026 0.590312
v 0.04550996 0.11853008 0.65566087 0.618369 0.616088 0.615016
v -0.04597567 0.11965266 0.65847933 0.619794 0.617725 0.616754
v 0.09576313 0.13225693 0.49817020 0.559460 0.558907 0.558646
v 0.16881716 0.10897031 0.49923673 0.579060 0.577213 0.576345
v 0.11911187 0.12919849 0.45817253 0.558819 0.558213 0.557920
v 0.10714088 0.12532154 0.54181701 0.585080 0.584305 0.583936
v 0.15510903 0.11951146 0.45848784 0.571561 0.570097 0.569388
v 0.14617766 0.11314064 0.54486120 0.588844 0.587196 0.586422
v -0.09393454 0.12877595 0.49910522 0.566225 0.565727 0.565487
v -0.16938575 0.10721385 0.50523698 0.585452 0.583472 0.582537
v -0.11828651 0.12652802 0.46191162 0.565499 0.564933 0.564659
v -0.10579778 0.12377647 0.54280120 0.593022 0.592228 0.591849
v -0.15490170 0.11653769 0.46330038 0.574091 0.572797 0.572173
v -0.14555344 0.11171499 0.54763198 0.598569 0.596601 0.595673
v -0.04386342 -0.35995713 -0.43742892 0.591216 0.580909 0.576057
v -0.09258994 -0.42285728 -0.40281326 0.604839 0.591676 0.585480
v -0.03106855 -0.39810133 -0.41956726 0.583310 0.573057 0.568225
v -0.07835759 -0.34560102 -0.43746004 0.608739 0.596840 0.591240
v -0.05340026 -0.43251413 -0.40190673 0.587369 0.576035 0.570703
v -0.10441324 -0.37498721 -0.41961426 0.612218 0.599190 0.593060
v 0.05380862 -0.35857895 -0.43524349 0.590129 0.580207 0.575535
v 0.09693018 -0.42207322 -0.40103558 0.602419 0.589723 0.583747
v 0.03969993 -0.39814368 -0.41871127 0.586236 0.576181 0.571445
v 0.08593909 -0.34776789 -0.43657777 0.614552 0.603040 0.597622
v 0.05938969 -0.43230638 -0.40138909 0.590971 0.579722 0.574427
v 0.10962343 -0.37498507 -0.41725963 0.609000 0.596733 0.590961
v 0.00191160 -0.12062399 -0.48888484 0.679610 0.662385 0.654280
v -0.00020706 -0.01099062 -0.52520657 0.646742 0.633170 0.626778
v 0.02469032 -0.09292561 -0.49345270 0.680074 0.661672 0.653012
v -0.02142705 -0.09359464 -0.49430561 0.677883 0.659610 0.651011
v 0.02348393 -0.03703184 -0.51059556 0.678722 0.661766 0.653788
v -0.02293883 -0.03898495 -0.51115322 0.677352 0.660555 0.652651
v 0.07329901 -0.20887649 -0.46358246 0.657907 0.641055 0.633125
v 0.12593916 -0.14973584 -0.44808596 0.673587 0.654716 0.645834
v 0.10005206 -0.24570897 -0.45924073 0.673891 0.656053 0.647657
v 0.07326309 -0.15074268 -0.46976632 0.669383 0.651210 0.642657
v 0.12709095 -0.21203399 -0.44562411 0.665543 0.646998 0.638264
v 0.09843279 -0.12134370 -0.46370021 0.673869 0.654806 0.645834
v -0.06488155 -0.21122466 -0.46718800 0.656308 0.639712 0.631903
v -0.12030564 -0.15255249 -0.44994766 0.665846 0.647058 0.638217
v -0.09110679 -0.24457663 -0.46127123 0.657530 0.640481 0.632457
v -0.06651999 -0.15219581 -0.47027352 0.665708 0.647930 0.639566
v -0.12182382 -0.21462578 -0.45085168 0.663176 0.644419 0.635589
v -0.09202309 -0.12206078 -0.46340472 0.671409 0.652838 0.644104
v -0.09698021 0.67616856 -0.77104491 0.492195 0.485397 0.481731
v -0.18583204 0.78128153 -0.69755125 0.623741 0.592615 0.575806
v -0.07133637 0.74092603 -0.74109435 0.701030 0.676750 0.665070
v -0.15899871 0.65928525 -0.77000654 0.703127 0.679786 0.668433
v -0.11667376 0.78945673 -0.69693518 0.662334 0.631503 0.615044
v -0.20578639 0.71731114 -0.74119371 0.835934 0.812984 0.801894
v 0.11448286 0.68302745 -0.77818447 0.522418 0.514791 0.510541
v 0.18124215 0.76946712 -0.69525671 0.645803 0.617549 0.602377
v 0.08517603 0.74488223 -0.74985284 0.719715 0.694534 0.682470
v 0.17658946 0.66742772 -0.77527732 0.639488 0.618574 0.608056
v 0.12043332 0.79214162 -0.70813191 0.659498 0.629799 0.613972
v 0.22089794 0.72166640 -0.74308550 0.860588 0.836390 0.824534
v -0.00163902 0.37045667 -0.83071738 0.711227 0.602333 0.543105
v -0.00234009 0.23775330 -0.81398916 0.780362 0.648208 0.576338
v 0.03926928 0.33870536 -0.82592386 0.714148 0.597093 0.533471
v -0.04359036 0.33607632 -0.82928109 0.720078 0.602598 0.538707
v 0.03625461 0.27263865 -0.81599087 0.741372 0.610707 0.539668
v -0.04233219 0.26992738 -0.81780106 0.755673 0.623663 0.551918
v 0.13616936 0.47935331 -0.83644801 0.687484 0.655355 0.639208
v 0.21265656 0.42121640 -0.87597293 0.779995 0.719151 0.686907
v 0.18287960 0.52254665 -0.82849503 0.711752 0.685772 0.673152
v 0.12894437 0.41047257 -0.84148932 0.713322 0.616678 0.564217
v 0.22405830 0.49571303 -0.84369713 0.777034 0.751954 0.740286
v 0.16801207 0.37657350 -0.85604012 0.713821 0.614363 0.560261
v -0.13094875 0.47387108 -0.84113753 0.703173 0.671508 0.655723
v -0.21718603 0.38884351 -0.86819506 0.781576 0.724081 0.693697
v -0.17548218 0.51331168 -0.83122349 0.732758 0.704873 0.691631
v -0.13029639 0.40088820 -0.84733826 0.719038 0.622494 0.570199
v -0.22416008 0.47333750 -0.83875346 0.791437 0.765417 0.753258
v -0.17174482 0.35921681 -0.86430299 0.766664 0.661042 0.603609
v 0.34352249 0.11028390 -0.30909795 0.571211 0.565403 0.562588
v 0.33232212 0.15161526 -0.30403048 0.576371 0.571112 0.568622
v 0.34179363 0.13814288 -0.35674423 0.581054 0.574848 0.571866
v 0.34473234 0.10183894 -0.26547557 0.567308 0.561707 0.559001
v 0.33549234 0.16358010 -0.35469067 0.584265 0.578221 0.575352
v 0.33885765 0.11936766 -0.26122779 0.570110 0.565109 0.562723
v 0.34115076 -0.00681496 -0.21926753 0.567931 0.563465 0.561358
v 0.36349177 -0.08302782 -0.18767105 0.548405 0.544732 0.542998
v 0.33526069 -0.02387814 -0.23337466 0.568118 0.563764 0.561718
v 0.35561824 -0.02372338 -0.18726701 0.570281 0.565643 0.563456
v 0.34533098 -0.06617478 -0.22186801 0.547330 0.544425 0.543051
v 0.36702156 -0.05993178 -0.16881916 0.571572 0.566370 0.563918
v 0.31416723 0.03605997 -0.34303617 0.605245 0.599328 0.596483
v 0.27989426 0.00523826 -0.37301674 0.621723 0.614662 0.611306
v 0.31060302 0.00735526 -0.31277487 0.606626 0.600984 0.598301
v 0.30583343 0.04448312 -0.40029821 0.611272 0.604703 0.601548
v 0.29643130 -0.01224916 -0.33151016 0.608350 0.602484 0.599704
v 0.28604266 0.02898213 -0.41720858 0.615749 0.608436 0.604911
v 0.34194556 0.10284919 -0.43896738 0.594098 0.584963 0.580417
v 0.38481730 0.13102780 -0.59685552 0.646073 0.627826 0.618524
v 0.35146719 0.13331909 -0.45835662 0.599886 0.591547 0.587481
v 0.33460531 0.08688629 -0.47952706 0.605939 0.593507 0.587247
v 0.36707520 0.15818757 -0.53117013 0.618991 0.608395 0.603247
v 0.34572354 0.09407359 -0.55958349 0.625295 0.608307 0.599649
v 0.35341924 0.03515425 -0.19520301 0.558443 0.554083 0.551968
v 0.36713654 0.01046315 -0.11824313 0.555603 0.550974 0.548732
v 0.35483187 0.04987713 -0.18932244 0.557398 0.552044 0.549424
v 0.35861969 0.00919606 -0.16427124 0.555012 0.551650 0.550041
v 0.35992777 0.03735367 -0.14984250 0.554565 0.549210 0.546593
v 0.36771423 -0.00478444 -0.12786363 0.556088 0.552402 0.550647
v 0.36580753 -0.01362224 0.25175279 0.548169 0.545465 0.544141
v 0.34888196 0.01979494 0.19712518 0.559331 0.557653 0.556863
v 0.35532227 -0.00103432 0.26745528 0.553306 0.551176 0.550171
v 0.36605120 -0.00932468 0.21042924 0.549673 0.546928 0.545580
v 0.34679401 0.01580298 0.24053985 0.553787 0.552204 0.551458
v 0.35783935 0.00791457 0.18241759 0.555426 0.553205 0.552134
v 0.40490109 -0.11489116 0.30977666 0.517333 0.516149 0.515592
v 0.41054326 -0.17701633 0.29606700 0.506273 0.504945 0.504322
v 0.40602574 -0.14273126 0.34698284 0.507808 0.506984 0.506594
v 0.40731981 -0.11452961 0.26866511 0.515593 0.514294 0.513683
v 0.40779471 -0.17806202 0.34225258 0.505566 0.504452 0.503930
v 0.41110852 -0.14203662 0.25978884 0.507350 0.506139 0.505570
v 0.38707063 -0.10258058 0.41794273 0.528888 0.527265 0.526499
v 0.38674092 -0.14665014 0.50981033 0.503668 0.502393 0.501799
v 0.39553943 -0.13309753 0.42562079 0.510354 0.509491 0.509087
v 0.37623587 -0.09199567 0.45007774 0.546104 0.542564 0.540914
v 0.39531940 -0.15999317 0.47091269 0.498792 0.497922 0.497515
v 0.37544599 -0.10956648 0.49685597 0.533598 0.530253 0.528690
v 0.35923606 -0.03085475 0.37400529 0.553787 0.549773 0.547852
v 0.33036044 -0.00047792 0.41808805 0.578223 0.574043 0.572070
v 0.34986240 -0.01086634 0.35245842 0.560271 0.556767 0.555118
v 0.35603297 -0.03886381 0.41727361 0.560127 0.555421 0.553186
v 0.33592060 0.00370392 0.37252557 0.573224 0.569847 0.568258
v 0.34050146 -0.02301508 0.44141293 0.572918 0.567859 0.565474
v 0.39003992 -0.05349434 0.21415664 0.535379 0.533383 0.532397
v 0.38843715 -0.04555722 0.13149571 0.538103 0.535361 0.534024
v 0.38189381 -0.03537364 0.18489254 0.538616 0.536134 0.534923
v 0.39615393 -0.07057374 0.20396538 0.537415 0.535713 0.534916
v 0.38135660 -0.03058436 0.14331476 0.537983 0.534625 0.532954
v 0.39574909 -0.06718288 0.16232103 0.536390 0.534564 0.533707
v -0.34366274 0.10632843 -0.29555637 0.561085 0.556570 0.554381
v -0.33653027 0.15221368 -0.29416078 0.568565 0.564293 0.562273
v -0.34238183 0.13467923 -0.34260672 0.570122 0.565219 0.562866
v -0.34520310 0.09932057 -0.25251347 0.554886 0.550930 0.549020
v -0.33874318 0.16195616 -0.34350574 0.577950 0.572958 0.570589
v -0.34206265 0.11888635 -0.24969278 0.558379 0.554911 0.553256
v -0.34163761 -0.02066229 -0.21752790 0.539103 0.537862 0.537272
v -0.36789668 -0.09458555 -0.18509591 0.524448 0.523345 0.522824
v -0.33849302 -0.03768709 -0.23341230 0.538550 0.537440 0.536915
v -0.35156262 -0.03300129 -0.17921560 0.530119 0.529329 0.528955
v -0.35017613 -0.07843478 -0.22070777 0.531403 0.530327 0.529818
v -0.36654973 -0.06978880 -0.16338931 0.524833 0.523815 0.523335
v -0.31227267 0.02677577 -0.33424002 0.578177 0.573663 0.571471
v -0.28086820 -0.00045779 -0.36426571 0.594648 0.589773 0.587472
v -0.31093916 -0.00277884 -0.30769965 0.568279 0.565362 0.563978
v -0.30568901 0.03845019 -0.38587305 0.593866 0.587892 0.585002
v -0.29767317 -0.02108520 -0.32625881 0.567609 0.564607 0.563180
v -0.28904471 0.02558941 -0.40180326 0.595339 0.589129 0.586129
v -0.33465528 0.09865816 -0.41875213 0.564147 0.556480 0.552667
v -0.35174119 0.12878343 -0.56275749 0.608200 0.594990 0.588415
v -0.34148091 0.12821352 -0.43690771 0.577539 0.570075 0.566440
v -0.32799739 0.08410826 -0.45687383 0.579108 0.568943 0.563816
v -0.34858277 0.15102494 -0.50426650 0.595692 0.586584 0.582191
v -0.33628836 0.09138184 -0.53153753 0.604519 0.590474 0.583356
v -0.34730107 0.02981485 -0.18339431 0.543114 0.540079 0.538578
v -0.36146080 0.00818578 -0.10604801 0.537731 0.535039 0.533697
v -0.35049009 0.04630212 -0.17780778 0.538599 0.534946 0.533133
v -0.34880674 0.00415689 -0.15150529 0.537138 0.535406 0.534557
v -0.35574532 0.03485944 -0.13786379 0.537586 0.533849 0.531981
v -0.36130315 -0.00826217 -0.11581348 0.534195 0.532618 0.531848
v -0.36596957 -0.01426910 0.26319396 0.568485 0.565066 0.563433
v -0.35251266 0.01899037 0.21113832 0.576587 0.574006 0.572794
v -0.35814244 -0.00215092 0.28019348 0.575852 0.572790 0.571347
v -0.36744767 -0.00961028 0.22267799 0.567066 0.563738 0.562137
v -0.35039029 0.01474717 0.25414485 0.578925 0.576018 0.574649
v -0.36026871 0.00772080 0.19584769 0.573490 0.570868 0.569622
v -0.40657401 -0.11427598 0.31117845 0.560893 0.555287 0.552646
v -0.41361541 -0.17397183 0.29022068 0.573054 0.565491 0.561931
v -0.40653023 -0.14357454 0.34317118 0.563893 0.557737 0.554839
v -0.41026691 -0.11164588 0.27224183 0.560920 0.555530 0.552994
v -0.40992993 -0.17631079 0.33409631 0.562528 0.556101 0.553071
v -0.41435605 -0.13900566 0.26022711 0.567295 0.560894 0.557883
v -0.38748518 -0.10593539 0.41915715 0.582694 0.575943 0.572764
v -0.38873830 -0.15068997 0.50686884 0.583168 0.574432 0.570303
v -0.39521560 -0.13677703 0.42211199 0.580169 0.572841 0.569386
v -0.37842643 -0.09443454 0.45325780 0.579889 0.573022 0.569790
v -0.39510414 -0.16436507 0.46388227 0.555026 0.548961 0.546094
v -0.37828854 -0.11261285 0.49906802 0.591743 0.582940 0.578794
v -0.36033022 -0.03225856 0.38245544 0.572100 0.567175 0.564832
v -0.33262709 -0.00216138 0.42803264 0.594405 0.590064 0.588019
v -0.35169539 -0.01224954 0.36256149 0.575130 0.571316 0.569524
v -0.35825992 -0.04036164 0.42551735 0.574981 0.569198 0.566462
v -0.33849701 0.00250354 0.38329321 0.593189 0.589661 0.588000
v -0.34277099 -0.02518813 0.45031813 0.583014 0.577465 0.574854
v -0.38987505 -0.05259758 0.22378600 0.559777 0.555356 0.553204
v -0.38829136 -0.04433839 0.14234826 0.552090 0.548120 0.546180
v -0.38270646 -0.03452247 0.19627604 0.548934 0.544840 0.542852
v -0.39730465 -0.06807545 0.21300516 0.562768 0.558980 0.557197
v -0.38143075 -0.02962132 0.15522942 0.546667 0.542135 0.539891
v -0.39635777 -0.06506610 0.17183609 0.559945 0.556310 0.554603
v -0.05068353 0.26676333 -0.07300481 0.510284 0.509723 0.509455
v -0.09907843 0.24707246 0.03268811 0.541570 0.541230 0.541067
v -0.08744387 0.26407617 -0.07044636 0.512402 0.511808 0.511524
v -0.10973214 0.25123143 -0.01881418 0.528112 0.527722 0.527535
v -0.03408937 0.25685942 -0.02265066 0.509362 0.508928 0.508721
v -0.05749954 0.24798310 0.03046927 0.510391 0.510083 0.509933
v -0.07977129 0.59516734 -0.24021046 0.552502 0.547280 0.544825
v -0.14301443 0.70036137 -0.36360005 0.579305 0.570983 0.567018
v -0.13183868 0.57671499 -0.24563596 0.541955 0.537447 0.535320
v -0.15778168 0.62219071 -0.31488934 0.570886 0.563111 0.559450
v -0.05416757 0.67021000 -0.28816187 0.583478 0.576566 0.573281
v -0.08747920 0.72261864 -0.35076502 0.572826 0.564310 0.560126
v 0.06288302 0.26688004 -0.07650304 0.506980 0.506599 0.506415
v 0.10659100 0.24753433 0.02979660 0.534041 0.533504 0.533249
v 0.09871691 0.26202452 -0.07577871 0.508718 0.508346 0.508168
v 0.11833910 0.25100148 -0.02261782 0.525465 0.524991 0.524763
v 0.04465226 0.25729829 -0.02438837 0.508997 0.508468 0.508217
v 0.06612618 0.24749935 0.02778870 0.510545 0.510183 0.510012
v 0.08535771 0.60084152 -0.24406768 0.548775 0.544363 0.542294
v 0.16061455 0.73762989 -0.36156479 0.602069 0.591136 0.585741
v 0.13200544 0.57790935 -0.25575098 0.578619 0.571548 0.568215
v 0.16068745 0.63738739 -0.31416604 0.572441 0.564651 0.560979
v 0.06212907 0.68065000 -0.28831166 0.565933 0.559811 0.556883
v 0.09875570 0.76276505 -0.34292635 0.605137 0.594990 0.589853
v -0.24190652 0.14407861 0.16468871 0.541585 0.539843 0.539016
v -0.29037884 0.10959810 0.15407707 0.549929 0.547872 0.546868
v -0.24846372 0.14942884 0.11576849 0.531045 0.529692 0.529028
v -0.27129129 0.13253397 0.11034793 0.535412 0.533970 0.533257
v -0.25902143 0.12299889 0.20731959 0.549911 0.548003 0.547092
v -0.28493890 0.10556537 0.20236975 0.552765 0.550525 0.549427
v -0.04099919 0.21061546 0.17492679 0.533345 0.532355 0.531888
v 0.04548776 0.21115237 0.17219916 0.532790 0.531741 0.531247
v -0.01875001 0.19474858 0.21839702 0.527009 0.526047 0.525592
v 0.02313557 0.19544065 0.21642259 0.525886 0.524946 0.524502
v -0.01885615 0.22548264 0.12849423 0.519784 0.518999 0.518625
v 0.02500101 0.22559857 0.12713194 0.519156 0.518373 0.518000
v -0.20126231 0.13112521 0.29987109 0.544067 0.542426 0.541621
v -0.22978002 0.10205361 0.37733018 0.557994 0.555971 0.554994
v -0.18195258 0.12857872 0.34135926 0.548083 0.546912 0.546343
v -0.19612962 0.11534682 0.38043913 0.556256 0.555119 0.554573
v -0.23232140 0.11765945 0.29610184 0.551705 0.550126 0.549372
v -0.24735743 0.10189751 0.33518067 0.559736 0.557879 0.556999
v -0.45510742 0.66069686 -0.48223656 0.917416 0.885940 0.871173
v -0.30912244 0.47272077 -0.39728686 0.591041 0.585112 0.582322
v -0.52240169 0.66074407 -0.39554211 0.980866 0.954082 0.941425
v -0.30676925 0.54858607 -0.37390909 0.630563 0.612950 0.604656
v -0.37678543 0.57563144 -0.49504340 0.705533 0.693965 0.688507
v -0.33367386 0.49473867 -0.45383671 0.642943 0.632231 0.627186
v -0.08227591 0.86648613 -0.52228081 0.729170 0.725694 0.723809
v 0.09279909 0.87467057 -0.52801037 0.685872 0.681720 0.679436
v -0.04606145 0.84911859 -0.58109361 0.522473 0.521165 0.520486
v 0.04405211 0.84720075 -0.58839172 0.512065 0.511163 0.510697
v -0.03414070 0.83069050 -0.46611950 0.555255 0.554323 0.553812
v 0.04664912 0.84327918 -0.46841937 0.558892 0.557356 0.556508
v -0.30916983 0.61487544 -0.65506208 0.654187 0.637537 0.629736
v -0.32639533 0.46734166 -0.72580969 0.660580 0.643349 0.635238
v -0.29501268 0.60701650 -0.71686983 0.645633 0.628071 0.619809
v -0.30295926 0.53088176 -0.75349140 0.673832 0.655393 0.646718
v -0.33403575 0.55107617 -0.62273425 0.629025 0.615476 0.609098
v -0.33705008 0.47745025 -0.65297532 0.644438 0.628018 0.620289
v -0.31755424 0.13325030 -0.12231423 0.554200 0.552637 0.551897
v -0.33019143 0.09411168 -0.02250962 0.550820 0.549183 0.548399
v -0.30927777 0.14202946 -0.11333452 0.548815 0.547303 0.546582
v -0.31599122 0.12119111 -0.06225797 0.544018 0.542495 0.541759
v -0.33123273 0.10476309 -0.08313482 0.558781 0.557357 0.556683
v -0.33664852 0.08673403 -0.03439159 0.560321 0.558728 0.557976
v -0.33219600 0.28995198 -0.43938899 0.621106 0.611793 0.607410
v -0.35844862 0.29106385 -0.57458395 0.631668 0.619076 0.613152
v -0.33967614 0.24351805 -0.44728741 0.614667 0.606411 0.602505
v -0.35103184 0.24265903 -0.51139635 0.621764 0.612052 0.607479
v -0.33713555 0.35177687 -0.48959950 0.637151 0.625069 0.619382
v -0.34837532 0.35235381 -0.55737525 0.638433 0.625089 0.618808
v -0.34073311 0.10447910 -0.15043209 0.559855 0.557513 0.556400
v -0.35808426 0.05107155 -0.07814209 0.553910 0.551523 0.550374
v -0.34653652 0.09191756 -0.15860395 0.560021 0.557590 0.556438
v -0.35415173 0.06440057 -0.12200547 0.553053 0.550569 0.549372
v -0.34399426 0.08817482 -0.10409341 0.561059 0.558911 0.557890
v -0.35332829 0.06261215 -0.06813098 0.558172 0.555904 0.554811
v -0.32206869 0.05754808 0.25868422 0.567557 0.564834 0.563532
v -0.30595753 0.05515409 0.34826979 0.584857 0.581902 0.580487
v -0.32848662 0.04149246 0.28730655 0.573451 0.570726 0.569441
v -0.32230204 0.03924564 0.33199406 0.585193 0.582198 0.580777
v -0.30843085 0.07192600 0.27374473 0.569153 0.566470 0.565191
v -0.29854009 0.07150576 0.31846145 0.575179 0.572613 0.571394
v -0.35347223 0.03684035 0.07906561 0.563547 0.561028 0.559835
v -0.36575568 0.01731378 0.05388077 0.554518 0.551818 0.550511
v -0.36030215 0.01985186 0.10951228 0.563607 0.560564 0.559108
v -0.36679065 0.00907326 0.09682757 0.557697 0.554348 0.552733
v -0.35254550 0.04627067 0.03420638 0.566644 0.564586 0.563613
v -0.35816115 0.03728834 0.02211287 0.564451 0.562289 0.561254
v 0.23980463 0.15097779 0.15369302 0.539621 0.537782 0.536914
v 0.28160551 0.11686343 0.13886040 0.546824 0.544587 0.543516
v 0.24571648 0.15738493 0.10536897 0.537294 0.535245 0.534272
v 0.26456845 0.14089370 0.09797731 0.542486 0.540225 0.539138
v 0.25431097 0.12871778 0.19404465 0.542752 0.540902 0.540020
v 0.27708289 0.11168003 0.18676084 0.544062 0.541992 0.540980
v 0.20128240 0.13446778 0.29107651 0.539796 0.538353 0.537657
v 0.22804610 0.10437149 0.36790782 0.552821 0.550337 0.549131
v 0.18278770 0.13112453 0.33432359 0.543459 0.542352 0.541822
v 0.19665232 0.11725348 0.37339801 0.554417 0.552924 0.552213
v 0.23087420 0.12025326 0.28612429 0.545911 0.544313 0.543556
v 0.24445257 0.10492963 0.32410672 0.551978 0.550077 0.549177
v 0.48217875 0.63513386 -0.45515180 1.000000 1.000000 1.000000
v 0.32845563 0.39768809 -0.35547325 0.668420 0.656519 0.650915
v 0.32380545 0.54180837 -0.42814130 0.714114 0.701248 0.695201
v 0.30881789 0.42795667 -0.38130546 0.620779 0.612998 0.609330
v 0.39448640 0.60895032 -0.44340038 0.958882 0.926077 0.910556
v 0.28219065 0.49554527 -0.40837225 0.721898 0.705234 0.697393
v 0.31369331 0.65391898 -0.61460119 0.683363 0.664454 0.655464
v 0.32208925 0.49829796 -0.71361321 0.663798 0.646032 0.637672
v 0.29257366 0.63162172 -0.69030190 0.634255 0.617099 0.609026
v 0.30083388 0.55749446 -0.73934102 0.648180 0.630649 0.622400
v 0.34533185 0.59777743 -0.58044749 0.621193 0.613725 0.610208
v 0.33870971 0.51432103 -0.62934971 0.662802 0.644435 0.635795
v 0.31340128 0.13631743 -0.13100328 0.577170 0.573827 0.572250
v 0.32090610 0.10033646 -0.03547017 0.566989 0.564061 0.562679
v 0.30288821 0.15078819 -0.12133618 0.569290 0.565955 0.564382
v 0.30647552 0.13109654 -0.07302825 0.563908 0.560839 0.559394
v 0.32660902 0.10435382 -0.09365842 0.580122 0.577133 0.575725
v 0.32985145 0.08835486 -0.04676699 0.574676 0.571722 0.570326
v 0.32541499 0.29493994 -0.43586922 0.620676 0.610460 0.605652
v 0.36611590 0.30617967 -0.58703607 0.648926 0.634502 0.627712
v 0.33734652 0.25108427 -0.45446250 0.617973 0.608911 0.604632
v 0.36000940 0.25538620 -0.52757752 0.629795 0.618848 0.613689
v 0.32765439 0.36563283 -0.47767687 0.640145 0.626390 0.619917
v 0.35097367 0.37455979 -0.55384743 0.664466 0.648592 0.641122
v 0.33616436 0.10349363 -0.16133036 0.578574 0.574978 0.573274
v 0.35640836 0.05014341 -0.09131244 0.574129 0.570039 0.568079
v 0.34325445 0.09086180 -0.17024103 0.578115 0.574080 0.572159
v 0.35287887 0.06353103 -0.13463211 0.575654 0.571376 0.569332
v 0.34010053 0.08656053 -0.11542384 0.574040 0.570792 0.569249
v 0.35057563 0.06088035 -0.08070675 0.571405 0.567968 0.566326
v 0.31709531 0.05808717 0.24474236 0.550147 0.548177 0.547237
v 0.30268973 0.05552322 0.33568349 0.569300 0.566794 0.565592
v 0.32410675 0.04207742 0.27371943 0.557666 0.555609 0.554635
v 0.31825352 0.03991568 0.31900826 0.566928 0.564392 0.563186
v 0.30294722 0.07334757 0.25942007 0.552998 0.550954 0.549980
v 0.29436073 0.07234034 0.30509648 0.560629 0.558477 0.557458
v 0.34977162 0.03766295 0.06500071 0.556562 0.554328 0.553267
v 0.36423916 0.01597728 0.03976532 0.560570 0.557168 0.555519
v 0.35814297 0.01895903 0.09611288 0.554550 0.551997 0.550761
v 0.36534423 0.00785606 0.08306506 0.555841 0.552882 0.551458
v 0.34921080 0.04602754 0.02026153 0.565358 0.562566 0.561237
v 0.35586900 0.03633638 0.00806547 0.569318 0.566003 0.564410
v -0.08810560 -0.70055705 0.19076189 0.500287 0.500287 0.500287
v -0.14679159 -0.70748687 0.31536523 0.532097 0.532083 0.532075
v -0.14030111 -0.69643712 0.18051313 0.503780 0.503780 0.503779
v -0.17219232 -0.70219672 0.23924480 0.590938 0.590824 0.590760
v -0.06201862 -0.70369494 0.26094165 0.500614 0.500614 0.500614
v -0.08986100 -0.70529145 0.32343742 0.500673 0.500671 0.500671
v -0.09491902 -0.69322300 -0.16804883 0.529946 0.529811 0.529745
v -0.12331748 -0.72171307 -0.27913541 0.579142 0.574788 0.572755
v -0.11813323 -0.77942991 -0.17510581 0.595602 0.595543 0.595512
v -0.12693147 -0.81762743 -0.25353691 0.627408 0.627406 0.627408
v -0.06628556 -0.65979517 -0.21320871 0.518787 0.518611 0.518529
v -0.08518453 -0.66176200 -0.25911939 0.568348 0.566389 0.565464
v 0.07064277 -0.70308256 0.20619082 0.500745 0.500745 0.500745
v 0.12277407 -0.71163785 0.35813761 0.507382 0.507336 0.507314
v 0.12152491 -0.70003265 0.20580435 0.511063 0.511063 0.511063
v 0.14524317 -0.70183915 0.28108063 0.530857 0.530857 0.530857
v 0.04543782 -0.70623314 0.27551654 0.500501 0.500501 0.500501
v 0.07290961 -0.71187091 0.35154364 0.502958 0.502957 0.502957
v 0.09184662 -0.69293398 -0.16661106 0.526901 0.526866 0.526850
v 0.13131300 -0.71483111 -0.27485555 0.588393 0.583762 0.581572
v 0.11921865 -0.78217655 -0.18112011 0.590073 0.590062 0.590056
v 0.12325064 -0.82073218 -0.26460811 0.607941 0.607965 0.607979
v 0.06378552 -0.65214550 -0.21022463 0.514293 0.514218 0.514183
v 0.07836403 -0.66653895 -0.26219088 0.568445 0.566860 0.566111
v -0.33213761 -0.54090500 0.38709253 0.582351 0.573875 0.569845
v -0.37175912 -0.43537003 0.32190269 0.596612 0.586665 0.581948
v -0.33470809 -0.52364606 0.32022938 0.582399 0.574582 0.570881
v -0.35711932 -0.47554564 0.29054555 0.587395 0.578823 0.574780
v -0.35572118 -0.50515199 0.41995540 0.596382 0.585696 0.580649
v -0.37013245 -0.44684675 0.38408938 0.598321 0.587598 0.582536
v -0.07016034 -0.72979581 0.51392084 0.604322 0.604288 0.604273
v 0.06659005 -0.72651005 0.55375385 0.523260 0.523133 0.523073
v -0.03732553 -0.72704208 0.57605439 0.530823 0.530721 0.530673
v 0.04502232 -0.69677305 0.59876418 0.512016 0.511871 0.511803
v -0.03308435 -0.71391845 0.46304724 0.512564 0.512554 0.512549
v 0.02728536 -0.71833181 0.47776946 0.504057 0.504012 0.503989
v -0.38582814 -0.67066932 0.61646754 0.780103 0.754599 0.742581
v -0.39715904 -0.50117111 0.64916474 0.703499 0.679616 0.668381
v -0.37602279 -0.71160024 0.71110028 0.801770 0.774528 0.761697
v -0.40281838 -0.60123527 0.70861757 0.785299 0.757079 0.743802
v -0.38557291 -0.56205446 0.56058294 0.696542 0.676466 0.667020
v -0.39298326 -0.49464741 0.58221340 0.678584 0.658142 0.648522
v -0.34282702 -0.46574631 -0.34601104 0.787550 0.758483 0.744805
v -0.39959002 -0.36504036 -0.27292597 0.679898 0.664676 0.657514
v -0.40760329 -0.49791610 -0.32781613 0.827973 0.801427 0.788934
v -0.41344208 -0.44071513 -0.27365896 0.696383 0.679154 0.671046
v -0.33879584 -0.38536921 -0.34055722 0.721186 0.697299 0.686060
v -0.37793061 -0.33503023 -0.31429583 0.764674 0.744593 0.735143
v -0.04370599 -0.56046504 -0.34355891 0.570025 0.560781 0.556201
v 0.04450417 -0.55868834 -0.34418222 0.567429 0.558392 0.553925
v -0.01874643 -0.51884270 -0.36441320 0.582345 0.571804 0.566773
v 0.02228518 -0.51841629 -0.36426184 0.581995 0.571584 0.566624
v -0.02355674 -0.59644425 -0.31903023 0.597535 0.594214 0.592571
v 0.02305608 -0.59568042 -0.31983644 0.591797 0.588433 0.586764
v -0.21483798 -0.36023083 -0.39360651 0.662480 0.643302 0.634279
v -0.22126962 -0.23941904 -0.40920103 0.690572 0.671643 0.662735
v -0.18070179 -0.33070278 -0.41309893 0.648091 0.630843 0.622727
v -0.18502796 -0.27295318 -0.42313352 0.658886 0.640768 0.632240
v -0.25611460 -0.32781690 -0.38420540 0.681471 0.661814 0.652565
v -0.25923344 -0.26478213 -0.39257294 0.674013 0.655726 0.647120
v -0.44569972 -0.25608036 -0.01116242 0.543603 0.537997 0.535365
v -0.42799497 -0.27525198 0.08304771 0.520767 0.517752 0.516300
v -0.44232929 -0.30905938 0.00586493 0.583273 0.573765 0.569301
v -0.43022054 -0.31723157 0.05456614 0.576522 0.568219 0.564292
v -0.44039288 -0.21658063 0.01746354 0.506735 0.504649 0.503653
v -0.43170083 -0.22843753 0.06209469 0.509674 0.507525 0.506504
v -0.35980031 -0.18202734 -0.27538490 0.517815 0.516091 0.515281
v -0.29960111 -0.14013845 -0.33520806 0.518327 0.516423 0.515522
v -0.34129286 -0.13188368 -0.27665576 0.518287 0.516943 0.516307
v -0.31499565 -0.11153081 -0.30755883 0.526937 0.525328 0.524566
v -0.34948161 -0.21616399 -0.31298766 0.555437 0.550674 0.548441
v -0.31545419 -0.19474548 -0.34042409 0.532502 0.529080 0.527438
v -0.41270083 -0.12634814 -0.06595026 0.514347 0.513006 0.512371
v -0.39909005 -0.07722336 -0.02625762 0.523217 0.522073 0.521534
v -0.39411092 -0.09273992 -0.08625719 0.519387 0.518384 0.517910
v -0.38904697 -0.06901756 -0.06728712 0.521856 0.520937 0.520503
v -0.42511588 -0.13144228 -0.02235355 0.514688 0.513216 0.512520
v -0.41450763 -0.10785738 -0.00298584 0.523916 0.522453 0.521757
v -0.40091926 -0.30156174 0.39070976 0.582059 0.571987 0.567243
v -0.39594963 -0.30110270 0.49964902 0.574820 0.565490 0.561108
v -0.40367401 -0.25607169 0.40490946 0.519523 0.515422 0.513501
v -0.40015635 -0.25372452 0.45557871 0.508543 0.505479 0.504040
v -0.39284164 -0.35379684 0.42944780 0.604786 0.592127 0.586162
v -0.39246625 -0.35785529 0.48723188 0.621058 0.607126 0.600575
v -0.41870117 -0.16650125 0.15343103 0.522600 0.520073 0.518890
v -0.40771919 -0.10135025 0.10035518 0.551643 0.547942 0.546197
v -0.41500431 -0.13571677 0.17173958 0.554246 0.549444 0.547187
v -0.40888762 -0.10638933 0.14377795 0.555118 0.550899 0.548904
v -0.42083657 -0.16081636 0.10789894 0.518598 0.516694 0.515792
v -0.41541374 -0.12580875 0.08288132 0.532589 0.530105 0.528933
v 0.33308917 -0.58994794 0.46181542 0.700991 0.682727 0.673939
v 0.37265813 -0.45782465 0.37054652 0.609537 0.596964 0.591026
v 0.33381391 -0.55933040 0.38382602 0.592335 0.581637 0.576505
v 0.35632429 -0.50094730 0.34255338 0.592942 0.582301 0.577293
v 0.35722709 -0.54498267 0.49188954 0.688670 0.668790 0.659403
v 0.37407067 -0.47273508 0.44026604 0.624569 0.609226 0.601978
v 0.41427946 -0.73017335 0.70735264 0.767459 0.738953 0.725533
v 0.39261788 -0.49168223 0.70250022 0.619572 0.605608 0.599036
v 0.37067977 -0.71023124 0.78115404 0.833124 0.804019 0.790317
v 0.37880561 -0.57261032 0.77699673 0.791133 0.768883 0.758413
v 0.38228694 -0.59695935 0.64424270 0.699350 0.676875 0.666300
v 0.39490604 -0.50505203 0.64206254 0.652909 0.635458 0.627245
v 0.33029288 -0.45560101 -0.34786940 0.751274 0.723555 0.710510
v 0.39947140 -0.35180354 -0.28386402 0.698014 0.682241 0.674817
v 0.38270068 -0.48673534 -0.34082741 0.810954 0.783918 0.771195
v 0.41298440 -0.42732823 -0.28838038 0.709273 0.691325 0.682880
v 0.32992181 -0.37685862 -0.34294945 0.710566 0.687765 0.677036
v 0.36956453 -0.32879895 -0.32034791 0.728211 0.708241 0.698843
v 0.21121973 -0.35481492 -0.38729957 0.657656 0.639426 0.630848
v 0.21729483 -0.23069715 -0.39702445 0.668020 0.650272 0.641920
v 0.18016824 -0.32474416 -0.40412033 0.639112 0.622656 0.614911
v 0.18433009 -0.26580840 -0.41098201 0.650157 0.632857 0.624717
v 0.25010449 -0.32024899 -0.37616193 0.674344 0.655205 0.646199
v 0.25175041 -0.25677523 -0.38113916 0.668541 0.650508 0.642023
v 0.44165486 -0.25289333 -0.01532521 0.589413 0.579573 0.574930
v 0.42359173 -0.27530801 0.08768664 0.583504 0.574554 0.570350
v 0.43916523 -0.30589134 0.00613176 0.588236 0.578116 0.573337
v 0.42608118 -0.31676590 0.06023699 0.591787 0.581883 0.577203
v 0.43737513 -0.21266904 0.01286099 0.585873 0.576643 0.572286
v 0.42895272 -0.22580492 0.06168330 0.586894 0.578048 0.573877
v 0.35398504 -0.16968176 -0.27661180 0.617227 0.607286 0.602585
v 0.29590297 -0.12863037 -0.33330789 0.584179 0.576873 0.573453
v 0.33573782 -0.11955702 -0.27646068 0.546796 0.543590 0.542065
v 0.31173366 -0.09942618 -0.30850902 0.548764 0.545771 0.544365
v 0.34987488 -0.19937110 -0.31021893 0.669353 0.654643 0.647721
v 0.31004447 -0.18221235 -0.33528563 0.669575 0.654269 0.647063
v 0.41237706 -0.11922275 -0.07362399 0.578519 0.571253 0.567834
v 0.39746392 -0.07491110 -0.03582200 0.566411 0.561507 0.559201
v 0.39478171 -0.08531049 -0.09410590 0.572507 0.566423 0.563562
v 0.39024371 -0.06439646 -0.07694154 0.564353 0.559529 0.557260
v 0.42192864 -0.12720688 -0.03038889 0.577982 0.570808 0.567430
v 0.41035914 -0.10626698 -0.01113970 0.574064 0.567960 0.565085
v 0.40087271 -0.30992198 0.42049497 0.562554 0.554217 0.550284
v 0.39822415 -0.30144414 0.52746832 0.602343 0.590525 0.584975
v 0.40253392 -0.26065931 0.42718893 0.502331 0.499907 0.498764
v 0.39981025 -0.25550345 0.47683156 0.509444 0.506360 0.504923
v 0.39673150 -0.36389863 0.46857542 0.617516 0.603482 0.596875
v 0.39712596 -0.36331806 0.52545571 0.623387 0.608833 0.601986
v 0.41490006 -0.16851631 0.15208828 0.534091 0.530342 0.528588
v 0.40737766 -0.10266317 0.09214255 0.549571 0.545556 0.543668
v 0.41209358 -0.13782433 0.16804096 0.520559 0.518515 0.517559
v 0.40787554 -0.10817602 0.13670671 0.531499 0.529083 0.527941
v 0.41728789 -0.16226514 0.10440220 0.566993 0.560364 0.557254
v 0.41327095 -0.12653352 0.07632423 0.564457 0.558779 0.556104
v 0.18726794 -0.06979735 0.83562177 0.682065 0.664625 0.656416
v 0.28692490 -0.13871723 0.78522825 0.666503 0.648785 0.640447
v 0.19923767 -0.13322978 0.86632919 0.680872 0.660306 0.650629
v 0.24642971 -0.17457575 0.83393443 0.732168 0.711616 0.701944
v 0.23095271 -0.04501110 0.78564340 0.588347 0.579022 0.574615
v 0.27700812 -0.07883924 0.76229984 0.652856 0.638505 0.631759
v -0.18976557 -0.08679335 0.84128451 0.571007 0.562989 0.559204
v -0.29134640 -0.15555787 0.79772472 0.681169 0.662238 0.653325
v -0.19363780 -0.15921342 0.85956311 0.684322 0.663352 0.653483
v -0.24936776 -0.19475117 0.84217006 0.727839 0.707127 0.697367
v -0.23255831 -0.06033464 0.79536653 0.493216 0.492926 0.492794
v -0.27991569 -0.09286635 0.77449250 0.569490 0.562069 0.558592
v 0.15286030 0.06079884 0.71772963 0.605880 0.601699 0.599729
v 0.21198535 0.06185113 0.62063313 0.603261 0.597755 0.595164
v 0.14184687 0.08761162 0.67501318 0.627946 0.623094 0.620807
v 0.17226666 0.08481814 0.62860525 0.603584 0.599663 0.597818
v 0.20076475 0.03530551 0.71114707 0.540884 0.539091 0.538249
v 0.22933689 0.03907166 0.66101867 0.587896 0.582557 0.580055
v -0.15499121 0.05776146 0.72472942 0.602882 0.600082 0.598783
v -0.21299765 0.05908014 0.62822181 0.586182 0.583342 0.582000
v -0.14318803 0.08613377 0.68071479 0.634901 0.630317 0.628173
v -0.17291588 0.08303171 0.63469112 0.603597 0.600014 0.598318
v -0.20380357 0.03066296 0.72107810 0.540286 0.539199 0.538687
v -0.23134622 0.03504357 0.67034894 0.554399 0.552693 0.551888
v 0.34006953 -0.08009391 0.61718106 0.605986 0.595963 0.591253
v 0.30607161 -0.01320828 0.56504226 0.592521 0.585322 0.581922
v 0.34432149 -0.06904763 0.56252140 0.594776 0.586636 0.582804
v 0.32887688 -0.03693540 0.53909492 0.586187 0.579336 0.576110
v 0.31555611 -0.05016924 0.64934933 0.610961 0.600986 0.596292
v 0.29766059 -0.01557203 0.62032026 0.591202 0.583371 0.579681
v -0.34131005 -0.08758642 0.62474197 0.561907 0.555139 0.551967
v -0.30699229 -0.01864928 0.57366812 0.560905 0.556547 0.554495
v -0.34710938 -0.07356812 0.56975335 0.575166 0.568148 0.564860
v -0.33054513 -0.04166488 0.54718816 0.576156 0.569959 0.567046
v -0.31557471 -0.06001717 0.65830469 0.506500 0.505412 0.504903
v -0.29733539 -0.02373568 0.62899733 0.523487 0.521763 0.520947
v 0.07565413 0.03358402 -0.58965218 0.622029 0.612211 0.607414
v 0.12066379 -0.00029486 -0.51178038 0.606186 0.598825 0.595360
v 0.07092550 0.00614059 -0.53410208 0.619585 0.610854 0.606736
v 0.09339046 -0.01253529 -0.50018024 0.616846 0.607028 0.602406
v 0.10583445 0.04038834 -0.61429805 0.629799 0.621975 0.618075
v 0.12922755 0.01903619 -0.57478768 0.637786 0.630925 0.627655
v -0.07964101 0.02821305 -0.59079015 0.615974 0.606781 0.602277
v -0.12122799 -0.00388451 -0.50719666 0.579133 0.573565 0.570954
v -0.07268453 0.00132158 -0.53460187 0.614965 0.606668 0.602753
v -0.09363215 -0.01691474 -0.49810818 0.612227 0.603228 0.598993
v -0.11038363 0.03134558 -0.61754978 0.622109 0.614615 0.610858
v -0.13324131 0.01043728 -0.57564807 0.621707 0.616402 0.613895
v 0.09234735 0.14720456 -0.75968933 0.759092 0.652377 0.594337
v 0.18446219 0.17469111 -0.83216017 0.838442 0.704247 0.631259
v 0.10527907 0.20386769 -0.79900241 0.801764 0.673067 0.603063
v 0.15178353 0.22611754 -0.82691717 0.791949 0.663572 0.593733
v 0.12359756 0.11004879 -0.73724198 0.727955 0.638355 0.589621
v 0.16553639 0.11303861 -0.77724296 0.787476 0.682825 0.625902
v -0.10189455 0.13918447 -0.76494026 0.786708 0.672665 0.610643
v -0.19277337 0.15782699 -0.83781248 0.864438 0.727633 0.653228
v -0.11292386 0.19561630 -0.80771458 0.840377 0.700231 0.624004
v -0.15899369 0.21348323 -0.83785373 0.834705 0.691788 0.614059
v -0.13110296 0.09732694 -0.74624538 0.775856 0.683253 0.632903
v -0.17273730 0.09469141 -0.78718394 0.795629 0.697769 0.644546
v 0.21902564 0.00558150 -0.55637646 0.653118 0.642212 0.636795
v 0.24015298 0.01877353 -0.72309744 0.710329 0.663163 0.637859
v 0.25442913 0.01907705 -0.55581427 0.638474 0.623177 0.615479
v 0.27457458 0.02606317 -0.62565500 0.642676 0.616210 0.602303
v 0.19470480 0.00320127 -0.62257648 0.704071 0.689055 0.681412
v 0.20173562 0.00634633 -0.71035534 0.759452 0.721588 0.701440
v -0.22652292 0.01051323 -0.54401320 0.638971 0.629352 0.624602
v -0.25431654 0.03555582 -0.70206821 0.647805 0.611349 0.591811
v -0.25936782 0.02725425 -0.53743696 0.620565 0.608721 0.602787
v -0.28084892 0.04440251 -0.60335696 0.614915 0.595321 0.585118
v -0.20428839 0.00575659 -0.61889488 0.674904 0.661204 0.654223
v -0.21590775 0.01715003 -0.70638341 0.687467 0.654841 0.637439
v -0.19495940 0.25450003 -0.16765890 0.520107 0.518983 0.518446
v -0.20949964 0.33003604 -0.22969866 0.537498 0.534128 0.532542
v -0.17369586 0.26778352 -0.16674158 0.522792 0.521200 0.520440
v -0.19275723 0.36188120 -0.22568429 0.545194 0.540647 0.538507
v -0.22538015 0.22346491 -0.12233136 0.529061 0.527980 0.527466
v -0.18541385 0.24297178 -0.12164953 0.524012 0.523018 0.522540
v -0.22134852 0.21159911 -0.07569852 0.524528 0.523240 0.522609
v -0.23948434 0.30927521 -0.25021228 0.533187 0.530527 0.529262
v -0.21725239 0.39493299 -0.26309863 0.548578 0.543383 0.540939
v -0.25991672 0.36980060 -0.29828775 0.541337 0.537557 0.535765
v -0.24234882 0.23533016 -0.17475888 0.533715 0.532286 0.531607
v -0.25643367 0.31136194 -0.28044039 0.541909 0.539116 0.537787
v -0.25657228 0.23184335 -0.18587892 0.539373 0.537572 0.536712
v -0.23991856 0.20041752 -0.07931443 0.525426 0.524450 0.523987
v -0.25680697 0.20773900 -0.13427545 0.533825 0.532419 0.531753
v 0.19405684 0.26873529 -0.15427259 0.516081 0.515392 0.515060
v 0.20021082 0.33313292 -0.21685666 0.509270 0.508607 0.508293
v 0.17626344 0.28293800 -0.15590477 0.512464 0.511942 0.511697
v 0.18706968 0.36411661 -0.21675912 0.509246 0.508046 0.507480
v 0.22039104 0.23413110 -0.11624736 0.526345 0.525366 0.524902
v 0.18739992 0.25136393 -0.11656550 0.518886 0.518182 0.517842
v 0.21848795 0.21987432 -0.07367642 0.527298 0.525799 0.525075
v 0.22228205 0.31027800 -0.23239744 0.527875 0.526140 0.525323
v 0.20164388 0.39103425 -0.25064826 0.530067 0.526821 0.525291
v 0.22693133 0.36271393 -0.27411026 0.541716 0.538098 0.536388
v 0.23398855 0.24599576 -0.16511941 0.531604 0.530327 0.529716
v 0.23492429 0.31196395 -0.25394952 0.542306 0.539655 0.538404
v 0.24729151 0.24062222 -0.17636450 0.540486 0.538752 0.537921
v 0.23478016 0.20975274 -0.07810859 0.529626 0.528060 0.527321
v 0.24875399 0.21765870 -0.13014820 0.536564 0.534709 0.533820
v -0.32573575 -0.66913366 0.04106827 0.558007 0.555390 0.554150
v -0.37836528 -0.75583905 -0.04171488 0.539836 0.538547 0.537953
v -0.28705582 -0.68407702 0.03878196 0.530219 0.528893 0.528268
v -0.32326606 -0.81002122 -0.03651757 0.540629 0.540651 0.540661
v -0.35694563 -0.59445536 0.06996384 0.559307 0.553183 0.550118
v -0.29561388 -0.64995843 0.08938983 0.547695 0.545736 0.544728
v -0.33566958 -0.58635390 0.12176578 0.549916 0.543368 0.540070
v -0.42109978 -0.66226250 -0.08130014 0.626345 0.614350 0.608709
v -0.40417448 -0.85517794 -0.09948918 0.601817 0.601911 0.601956
v -0.44783193 -0.70412904 -0.15611146 0.660262 0.646757 0.640384
v -0.39830816 -0.57002008 0.00019998 0.569476 0.560519 0.556173
v -0.43828130 -0.60992444 -0.11949162 0.634968 0.621245 0.614778
v -0.41579702 -0.52408618 -0.02319467 0.584550 0.574493 0.569727
v -0.36134028 -0.55015963 0.10459339 0.561181 0.554120 0.550716
v -0.39936438 -0.51576412 0.03126507 0.573345 0.564543 0.560375
v 0.31889024 -0.65356326 0.04529596 0.559714 0.557335 0.556192
v 0.37146771 -0.74750239 -0.04486711 0.563512 0.560229 0.558709
v 0.27796918 -0.67370987 0.04711609 0.529697 0.528442 0.527864
v 0.32546827 -0.80208534 -0.03463521 0.547758 0.547749 0.547742
v 0.34968880 -0.59454274 0.08840026 0.566361 0.559215 0.555594
v 0.28590363 -0.65063101 0.10917406 0.547332 0.545158 0.544015
v 0.32712376 -0.59314859 0.15165135 0.560212 0.552595 0.548724
v 0.42248243 -0.65859449 -0.08541271 0.635082 0.622201 0.616140
v 0.40907040 -0.85484231 -0.09570502 0.631715 0.631916 0.632011
v 0.46016648 -0.70307064 -0.16849861 0.696765 0.679804 0.671796
v 0.39570493 -0.56793505 0.00856691 0.576219 0.566876 0.562360
v 0.43932205 -0.60478842 -0.12416852 0.638510 0.623825 0.616903
v 0.41516519 -0.52183139 -0.01669494 0.591180 0.580662 0.575683
v 0.35452664 -0.55531514 0.13097577 0.566530 0.558603 0.554769
v 0.39637086 -0.51606834 0.04490695 0.577200 0.567712 0.563210
v -0.02322516 -0.61101604 0.81580710 0.627280 0.619980 0.616543
v -0.11315389 -0.57658046 0.84726363 0.703865 0.683508 0.673925
v -0.06241951 -0.65843356 0.78849739 0.665347 0.658773 0.655694
v -0.16391821 -0.65749073 0.85001183 0.738668 0.711338 0.698481
v 0.07259706 -0.54997104 0.83965182 0.634001 0.618378 0.611026
v 0.00800270 -0.64331043 0.78533334 0.654408 0.649706 0.647481
v 0.11410108 -0.60466969 0.82890445 0.654230 0.635031 0.625995
v 0.04500382 -0.44781229 0.87142920 0.637260 0.620340 0.612377
v -0.06934086 -0.45816612 0.86946249 0.639382 0.622125 0.614004
v 0.05278296 -0.37913829 0.88852471 0.662165 0.642887 0.633816
v -0.07072385 -0.38942483 0.89077109 0.662546 0.643872 0.635086
v 0.14198828 -0.53482348 0.84494931 0.675130 0.652481 0.641823
v 0.10924134 -0.41585255 0.87300503 0.667243 0.648233 0.639287
v -0.18833973 -0.57298762 0.85379547 0.706373 0.680868 0.668880
v -0.13206543 -0.43466839 0.87115282 0.573124 0.562666 0.557802
v 0.00113803 0.14393952 0.41423184 0.526343 0.526011 0.525848
v -0.04698208 0.13868231 0.45309961 0.537088 0.536474 0.536160
v -0.01673755 0.14809692 0.37856135 0.522801 0.522579 0.522470
v -0.06868215 0.13928443 0.41924584 0.536257 0.535913 0.535743
v 0.04826874 0.13991061 0.45097762 0.535957 0.535156 0.534737
v 0.01935444 0.14819413 0.37789223 0.523265 0.523056 0.522953
v 0.07005168 0.14084315 0.41581985 0.534734 0.534404 0.534247
v 0.03165747 0.13883290 0.52054465 0.550450 0.549677 0.549310
v -0.03120852 0.13839239 0.52210426 0.551429 0.550715 0.550376
v 0.03657699 0.13699846 0.56470710 0.564969 0.563775 0.563212
v -0.03654324 0.13821097 0.56716770 0.562280 0.561232 0.560740
v 0.08302166 0.13600415 0.45553851 0.546449 0.546034 0.545841
v 0.06802586 0.13366249 0.53272736 0.561158 0.560292 0.559883
v -0.08185934 0.13392198 0.45813298 0.551490 0.551163 0.551008
v -0.06718458 0.13274536 0.53445935 0.565244 0.564587 0.564275
v 0.00645153 -0.33763838 -0.45073614 0.606697 0.595998 0.590957
v -0.03308427 -0.28521669 -0.46348053 0.611926 0.600070 0.594492
v -0.01061611 -0.36707020 -0.43645629 0.587920 0.578167 0.573557
v -0.05424332 -0.31785876 -0.45375156 0.614287 0.602210 0.596526
v 0.04233801 -0.28271183 -0.45758727 0.607318 0.596001 0.590675
v 0.02142433 -0.36610013 -0.43559086 0.586984 0.577361 0.572814
v 0.06356484 -0.31659427 -0.44897315 0.611304 0.599712 0.594258
v 0.02470331 -0.20208329 -0.47131848 0.636765 0.622877 0.616340
v -0.01807920 -0.20301518 -0.47349817 0.639880 0.625607 0.618890
v 0.02504047 -0.14845651 -0.48070550 0.662418 0.646128 0.638463
v -0.02001698 -0.14884320 -0.48173350 0.662572 0.646168 0.638447
v 0.07025598 -0.26540458 -0.45822769 0.639672 0.625565 0.618928
v 0.04838286 -0.17727089 -0.47188863 0.659790 0.643536 0.635886
v -0.06106568 -0.27171677 -0.46851900 0.644874 0.630253 0.623370
v -0.04158050 -0.17930862 -0.47362307 0.661196 0.644923 0.637265
v 0.00351997 0.63467091 -0.80513936 0.744144 0.717143 0.704417
v -0.07961576 0.56572104 -0.82410693 0.360571 0.357462 0.355625
v -0.03122322 0.68392968 -0.77450526 0.710034 0.684242 0.671805
v -0.11831030 0.60911226 -0.79855883 0.437702 0.435115 0.433561
v 0.08923779 0.56876934 -0.82174003 0.467585 0.457590 0.452115
v 0.04259162 0.68706048 -0.77757788 0.754541 0.726423 0.712872
v 0.13975494 0.61751002 -0.80453074 0.356257 0.355359 0.354864
v 0.04545388 0.46965817 -0.83662629 0.707822 0.659626 0.634987
v -0.04519587 0.46859026 -0.84118760 0.708870 0.661583 0.637501
v 0.04227363 0.40499994 -0.83343697 0.708563 0.605174 0.548920
v -0.04445430 0.40265757 -0.83619559 0.710389 0.606092 0.549346
v 0.14607026 0.54484624 -0.82905102 0.355123 0.351301 0.348945
v 0.08825952 0.44078857 -0.83622932 0.715662 0.635414 0.592471
v -0.13168977 0.54240376 -0.82604641 0.426113 0.418110 0.413732
v -0.08769241 0.43697259 -0.84130520 0.715476 0.637232 0.595451
v 0.34051067 0.09228668 -0.34457392 0.567868 0.562259 0.559504
v 0.34495556 0.06906141 -0.26648158 0.559106 0.554236 0.551847
v 0.34363338 0.11409709 -0.35318410 0.578911 0.572596 0.569514
v 0.34638947 0.08462510 -0.26690543 0.564090 0.558626 0.555958
v 0.32980415 0.03509613 -0.28107700 0.563562 0.559636 0.557751
v 0.34219956 0.03416842 -0.23496072 0.560653 0.557037 0.555315
v 0.32962787 0.00839466 -0.25512439 0.574041 0.569613 0.567514
v 0.34586459 0.00854553 -0.20807277 0.562326 0.558569 0.556784
v 0.33020234 0.06791503 -0.35504889 0.575977 0.570402 0.567666
v 0.32118350 0.02311268 -0.29563302 0.594396 0.589432 0.587059
v 0.32058120 0.05727635 -0.37863553 0.611766 0.604287 0.600627
v 0.34398994 0.11223316 -0.39641410 0.588677 0.581730 0.578324
v 0.33026326 0.07849102 -0.41155344 0.594592 0.585204 0.580504
v 0.34983701 0.06037507 -0.22861019 0.560513 0.555282 0.552723
v 0.35041922 0.02167210 -0.20042810 0.554755 0.551706 0.550246
v 0.37164655 -0.03581762 0.31390879 0.544476 0.541388 0.539863
v 0.38080090 -0.04280524 0.26279312 0.535322 0.533457 0.532560
v 0.36393261 -0.01853062 0.29231569 0.548740 0.545979 0.544643
v 0.37386936 -0.02620900 0.23717189 0.541460 0.538944 0.537711
v 0.39386722 -0.08993351 0.34698433 0.532102 0.530795 0.530181
v 0.39460969 -0.07357020 0.28126973 0.530695 0.529067 0.528304
v 0.40104562 -0.11349288 0.34829935 0.518302 0.517438 0.517030
v 0.40132388 -0.09258510 0.27538052 0.522230 0.520712 0.519999
v 0.37841371 -0.06339011 0.36742309 0.546814 0.544235 0.543006
v 0.39523402 -0.10963291 0.38428396 0.519649 0.518832 0.518445
v 0.37733570 -0.07651761 0.40689674 0.551634 0.548593 0.547150
v 0.36203727 -0.02385652 0.33275285 0.550826 0.547351 0.545675
v 0.36867130 -0.05236235 0.39244136 0.550813 0.546347 0.544144
v 0.38179582 -0.03951799 0.22480559 0.537089 0.535034 0.534041
v 0.39613438 -0.07241497 0.24387854 0.530326 0.528844 0.528150
v -0.33923757 0.08717056 -0.32859516 0.554539 0.549290 0.546691
v -0.34294218 0.06284697 -0.25430867 0.547471 0.543049 0.540858
v -0.34222499 0.10945477 -0.33743691 0.563370 0.558415 0.555998
v -0.34550309 0.08023731 -0.25420791 0.553010 0.548585 0.546424
v -0.32868695 0.02254046 -0.27660918 0.555013 0.551922 0.550429
v -0.33839214 0.02497188 -0.22685781 0.544372 0.541864 0.540648
v -0.33067429 -0.00515802 -0.25354245 0.547180 0.545412 0.544567
v -0.34064794 -0.00096616 -0.19961281 0.537961 0.536436 0.535697
v -0.32767373 0.05980372 -0.34135887 0.564642 0.559231 0.556557
v -0.32000950 0.01093134 -0.29139870 0.565454 0.562485 0.561054
v -0.31832713 0.05030522 -0.36481985 0.579591 0.574039 0.571324
v -0.33918890 0.10759844 -0.37840545 0.567520 0.561134 0.557986
v -0.32647207 0.07323170 -0.39373103 0.565010 0.557234 0.553332
v -0.34649318 0.05547102 -0.21684808 0.545797 0.541581 0.539494
v -0.34275591 0.01530075 -0.18963528 0.545030 0.543061 0.542101
v -0.37215549 -0.03665067 0.32292151 0.547672 0.543989 0.542195
v -0.38154823 -0.04277966 0.27248171 0.550666 0.546852 0.545030
v -0.36470756 -0.01951353 0.30286676 0.563962 0.560693 0.559130
v -0.37436849 -0.02600339 0.24828714 0.556514 0.552627 0.550753
v -0.39457226 -0.09182750 0.34998560 0.561433 0.556728 0.554508
v -0.39483961 -0.07393149 0.28794837 0.550526 0.546893 0.545186
v -0.40115559 -0.11565701 0.34828991 0.561479 0.556131 0.553610
v -0.40326071 -0.09078720 0.28109366 0.557153 0.552338 0.550073
v -0.37972483 -0.06457610 0.37327737 0.564515 0.560019 0.557890
v -0.39481890 -0.11312556 0.38411576 0.575758 0.569538 0.566604
v -0.37928364 -0.07813185 0.41162500 0.575199 0.569704 0.567118
v -0.36252886 -0.02538864 0.34210575 0.562046 0.558291 0.556482
v -0.37020728 -0.05390648 0.39963242 0.567332 0.561190 0.558207
v -0.38212097 -0.03855905 0.23556201 0.553209 0.549132 0.547176
v -0.39674395 -0.07128198 0.25164089 0.561337 0.557419 0.555577
v -0.05439268 0.33451116 -0.14222480 0.543436 0.539489 0.537622
v -0.06980576 0.46025175 -0.17490418 0.553346 0.549535 0.547734
v -0.09174027 0.32535154 -0.14354664 0.542767 0.539073 0.537328
v -0.11318139 0.44369853 -0.18185380 0.551266 0.546362 0.544055
v 0.06598555 0.32860166 -0.15451641 0.501299 0.500743 0.500473
v 0.08268984 0.45848393 -0.16657470 0.554626 0.548983 0.546322
v 0.10058402 0.31607240 -0.16083607 0.505145 0.504841 0.504692
v 0.11902867 0.44139594 -0.18898456 0.610921 0.604438 0.601391
v 0.00778717 0.28430241 -0.12758955 0.509167 0.508536 0.508238
v -0.06827749 0.27975279 -0.12022604 0.514734 0.513758 0.513296
v -0.01284076 0.26931554 -0.07502249 0.510227 0.509703 0.509453
v 0.00510556 0.53933048 -0.19755164 0.523996 0.521765 0.520721
v -0.10449944 0.52210116 -0.19548106 0.509350 0.507966 0.507315
v -0.02500274 0.61236227 -0.22939777 0.631984 0.625803 0.622896
v 0.08126422 0.27781719 -0.12802823 0.507088 0.506739 0.506567
v 0.02546662 0.26910084 -0.07668766 0.508637 0.508196 0.507983
v 0.10368434 0.52012241 -0.21066287 0.601293 0.593121 0.589278
v 0.03265375 0.61341095 -0.23131891 0.536742 0.534305 0.533146
v -0.16152687 0.22603613 0.08630729 0.550132 0.548683 0.547997
v -0.20153691 0.18442857 0.12675980 0.539420 0.537496 0.536590
v -0.16322897 0.22609937 0.03111649 0.535084 0.534117 0.533657
v -0.20772693 0.18922377 0.07568082 0.521078 0.520263 0.519885
v -0.10245680 0.18967903 0.22175735 0.534739 0.533426 0.532807
v -0.15402983 0.16131252 0.26239505 0.538721 0.537459 0.536859
v -0.07893507 0.17587447 0.26160640 0.528443 0.527518 0.527083
v -0.13330659 0.15232748 0.30332261 0.535200 0.534323 0.533907
v -0.11031651 0.22642517 0.13610741 0.542318 0.541220 0.540702
v -0.13564703 0.24015766 0.03365520 0.531360 0.530779 0.530500
v -0.08357900 0.23847079 0.08343017 0.529561 0.528842 0.528504
v -0.20372394 0.15555489 0.21649486 0.545029 0.543355 0.542567
v -0.22451812 0.16665900 0.12072906 0.532061 0.530618 0.529937
v -0.23201978 0.13935179 0.21208990 0.543556 0.542032 0.541317
v -0.06074030 0.19318658 0.21931085 0.529543 0.528583 0.528131
v -0.06341306 0.22553611 0.13106057 0.526662 0.525748 0.525315
v -0.16792722 0.14320695 0.30196428 0.541850 0.540740 0.540210
v -0.21777831 0.13553745 0.25662071 0.545635 0.544185 0.543501
v -0.23721671 0.72744501 -0.43699425 0.584966 0.576432 0.572319
v -0.38768756 0.78832090 -0.50008899 0.915017 0.901942 0.895337
v -0.24442074 0.63930380 -0.39005649 0.575035 0.565532 0.561050
v -0.37424284 0.66262043 -0.44339460 0.612829 0.597108 0.589690
v -0.23387557 0.97580051 -0.58470106 1.000000 1.000000 1.000000
v -0.24716505 0.75096834 -0.62898588 0.587308 0.567706 0.557333
v -0.17194445 0.83610862 -0.63124108 0.685870 0.625491 0.592832
v -0.23690178 0.74505681 -0.69302851 0.650451 0.633755 0.625211
v -0.17579868 0.86249268 -0.46224254 0.729151 0.673637 0.643106
v -0.19336985 0.67378485 -0.37754485 0.579295 0.570440 0.566265
v -0.12806264 0.77888536 -0.41227618 0.631344 0.617442 0.610073
v -0.34251809 0.68704140 -0.57724267 0.797414 0.768039 0.754007
v -0.54655594 0.75654578 -0.46220565 1.000000 1.000000 1.000000
v -0.39339575 0.63890576 -0.54800683 0.698853 0.679264 0.670233
v -0.13737938 0.88347924 -0.56642842 0.614682 0.584168 0.567596
v -0.11661675 0.84341383 -0.46911481 0.725188 0.710038 0.701700
v -0.27580464 0.67999113 -0.67811251 0.612755 0.599379 0.593060
v -0.33821484 0.62298048 -0.59726638 0.662564 0.649123 0.642850
v -0.27257982 0.30497551 -0.30896878 0.570967 0.567086 0.565255
v -0.29151475 0.19899020 -0.21555933 0.559755 0.557064 0.555798
v -0.26800424 0.32405466 -0.29755580 0.569346 0.564968 0.562899
v -0.28328207 0.20851606 -0.20852765 0.557019 0.554301 0.553003
v -0.32013768 0.21816994 -0.33461359 0.591691 0.585856 0.583106
v -0.32673532 0.15647961 -0.23938546 0.572394 0.569304 0.567849
v -0.33153570 0.19008282 -0.34113574 0.583647 0.578412 0.575945
v -0.33592045 0.13834181 -0.24577785 0.563346 0.560197 0.558713
v -0.30800793 0.31725794 -0.37129173 0.619506 0.610682 0.606531
v -0.27657411 0.40889081 -0.34540722 0.564668 0.560478 0.558497
v -0.31463724 0.40116936 -0.41476473 0.634562 0.623224 0.617888
v -0.31996626 0.14828238 -0.18136364 0.562184 0.559624 0.558414
v -0.30024183 0.16922837 -0.16493128 0.552763 0.550851 0.549942
v -0.32570380 0.12524423 -0.13222288 0.557640 0.555740 0.554843
v -0.32866064 0.23503679 -0.38932925 0.605981 0.599305 0.596161
v -0.32444790 0.34158921 -0.42823279 0.631557 0.620536 0.615350
v -0.33723521 0.12207824 -0.19821911 0.564379 0.561741 0.560494
v -0.33333468 0.11653095 -0.14181729 0.558936 0.556675 0.555605
v -0.31219161 0.09796232 0.09742025 0.548263 0.546801 0.546098
v -0.32443517 0.09128368 0.03776364 0.544099 0.542743 0.542081
v -0.29333055 0.12403572 0.05416879 0.536745 0.535950 0.535574
v -0.30776617 0.11982331 -0.00374267 0.535251 0.534018 0.533406
v -0.33673060 0.04730532 0.19713731 0.574090 0.571796 0.570716
v -0.34669995 0.04042542 0.13728963 0.573571 0.571524 0.570559
v -0.34349626 0.03150517 0.22633897 0.578009 0.575478 0.574286
v -0.35281831 0.02427810 0.16721515 0.574895 0.572722 0.571696
v -0.32075426 0.07497495 0.18174657 0.560812 0.558128 0.556830
v -0.29254964 0.11568224 0.10445195 0.541621 0.540354 0.539741
v -0.30634439 0.08950570 0.19418418 0.557018 0.554532 0.553320
v -0.34046990 0.06371155 0.06001331 0.554947 0.553178 0.552346
v -0.32197022 0.10354295 -0.01139791 0.541885 0.540534 0.539878
v -0.33954495 0.07376325 0.01324951 0.557486 0.555720 0.554885
v -0.33342496 0.04397693 0.24280146 0.571441 0.569117 0.568021
v -0.31575859 0.07288611 0.22821406 0.564056 0.561392 0.560100
v -0.35348022 0.02956674 0.12349026 0.563977 0.561499 0.560326
v -0.34645605 0.05461216 0.04715227 0.561924 0.559916 0.558971
v 0.17097500 0.22777760 0.08215991 0.554085 0.552699 0.552038
v 0.20969699 0.19147694 0.12143016 0.538927 0.536911 0.535960
v 0.17235175 0.22915894 0.02836657 0.536704 0.535583 0.535052
v 0.21213035 0.19619483 0.07028112 0.532434 0.530510 0.529603
v 0.10757117 0.19358891 0.21688583 0.532405 0.531276 0.530745
v 0.15836440 0.16477555 0.25607705 0.533427 0.532465 0.532003
v 0.08434868 0.17860651 0.25878614 0.531287 0.530430 0.530030
v 0.13678636 0.15677440 0.29802343 0.529295 0.528623 0.528303
v 0.11295771 0.22454762 0.12910619 0.536340 0.535113 0.534538
v 0.14279391 0.24062997 0.03019330 0.529872 0.529329 0.529069
v 0.08975976 0.23819959 0.07958695 0.527808 0.527170 0.526870
v 0.06554775 0.19565713 0.21610704 0.528704 0.527665 0.527178
v 0.06898600 0.22587669 0.12743974 0.523816 0.522943 0.522531
v 0.20551603 0.16005915 0.20697454 0.539884 0.538325 0.537585
v 0.22718579 0.17395657 0.11314997 0.536384 0.534434 0.533517
v 0.23025885 0.14467460 0.20093620 0.540411 0.538843 0.538105
v 0.17007583 0.14715493 0.29530174 0.535704 0.534766 0.534312
v 0.21779707 0.13781786 0.24729046 0.543492 0.542029 0.541333
v 0.21366362 0.74595213 -0.45078120 0.586737 0.574267 0.567892
v 0.29872751 0.70392174 -0.48403847 0.592789 0.584484 0.580459
v 0.21456376 0.63838953 -0.38578016 0.559752 0.552119 0.548507
v 0.27752978 0.59761488 -0.42830944 0.562819 0.555164 0.551530
v 0.18141916 0.86744452 -0.59293664 0.876502 0.781233 0.728878
v 0.24776663 0.75985986 -0.61543548 0.588468 0.569862 0.560045
v 0.14955533 0.81431037 -0.65061820 0.642614 0.601643 0.579026
v 0.23112911 0.73982924 -0.67747468 0.610706 0.596679 0.589691
v 0.24302405 0.99093890 -0.51910156 1.000000 1.000000 1.000000
v 0.19073020 0.69599706 -0.38150948 0.592714 0.583139 0.578560
v 0.15586253 0.84237170 -0.41895798 0.770738 0.739047 0.721704
v 0.12620626 0.85320890 -0.58737379 0.591518 0.564764 0.550003
v 0.13162161 0.89876014 -0.47636780 0.655017 0.644765 0.639117
v 0.34944230 0.73686272 -0.51724446 0.984968 0.964193 0.953932
v 0.35053453 0.62171602 -0.46034497 0.604464 0.591838 0.585827
v 0.52635026 0.73580861 -0.46911693 1.000000 1.000000 1.000000
v 0.27186728 0.69819403 -0.64705068 0.616183 0.602023 0.595352
v 0.36522809 0.68965417 -0.53169930 0.771768 0.735581 0.718644
v 0.29032579 0.27524406 -0.30057657 0.604800 0.599473 0.596965
v 0.29634178 0.19672555 -0.21712381 0.574462 0.570679 0.568897
v 0.27970803 0.29118076 -0.29562369 0.587249 0.582700 0.580555
v 0.28592327 0.21135810 -0.20859903 0.566649 0.563297 0.561721
v 0.31517729 0.21213084 -0.33558398 0.588657 0.582549 0.579668
v 0.32286590 0.15245752 -0.24573499 0.584949 0.580960 0.579078
v 0.32606760 0.18906438 -0.34735936 0.587663 0.581804 0.579039
v 0.33186054 0.13663024 -0.25462359 0.574269 0.569888 0.567816
v 0.30219305 0.30092964 -0.35547632 0.601261 0.593989 0.590567
v 0.30239525 0.34122902 -0.33277792 0.615502 0.608643 0.605411
v 0.29305208 0.38016427 -0.37908858 0.609637 0.601015 0.596958
v 0.31765074 0.14689875 -0.18837459 0.580419 0.576851 0.575171
v 0.29965150 0.17190403 -0.16928959 0.569338 0.565908 0.564294
v 0.32171148 0.12529004 -0.14126827 0.577486 0.574121 0.572534
v 0.32434821 0.23641895 -0.39184904 0.607788 0.600574 0.597173
v 0.31186199 0.33967292 -0.41141206 0.613787 0.604007 0.599404
v 0.33363044 0.12062174 -0.20767486 0.580167 0.576340 0.574527
v 0.32921916 0.11552918 -0.15179549 0.576988 0.573660 0.572091
v 0.30002007 0.10666683 0.08154130 0.553213 0.550745 0.549584
v 0.31250498 0.10064587 0.02298981 0.557419 0.554775 0.553527
v 0.28321037 0.13302255 0.04167953 0.547103 0.544808 0.543725
v 0.29682425 0.12930995 -0.01509972 0.551622 0.548919 0.547644
v 0.33113945 0.04899001 0.18280788 0.557057 0.555476 0.554729
v 0.34162796 0.04216266 0.12274182 0.560164 0.558507 0.557726
v 0.33882555 0.03219277 0.21239017 0.556537 0.555020 0.554304
v 0.34982961 0.02499914 0.15323830 0.559918 0.558130 0.557282
v 0.31221375 0.07898933 0.16599414 0.548904 0.547035 0.546142
v 0.28335351 0.12372422 0.09024598 0.546061 0.543615 0.542442
v 0.29714832 0.09452721 0.17796978 0.549512 0.547602 0.546687
v 0.33303732 0.06721371 0.04548489 0.560429 0.558061 0.556944
v 0.31004322 0.11388659 -0.02477046 0.556694 0.553849 0.552506
v 0.33188182 0.07653123 -0.00051011 0.565882 0.563254 0.562014
v 0.32866463 0.04491705 0.22853032 0.556395 0.554710 0.553910
v 0.30847073 0.07547373 0.21285108 0.548303 0.546453 0.545562
v 0.35060948 0.03032446 0.10921174 0.556814 0.554760 0.553784
v 0.34116971 0.05627015 0.03296818 0.562552 0.560218 0.559116
v -0.08628543 -0.70208102 0.06348816 0.500555 0.500555 0.500555
v -0.08480486 -0.70976943 -0.05448765 0.501033 0.501033 0.501033
v -0.13716435 -0.70193636 0.05596989 0.508988 0.508988 0.508988
v -0.13520844 -0.74616826 -0.05586523 0.513266 0.513266 0.513266
v 0.07345282 -0.70305061 0.06956952 0.500301 0.500301 0.500301
v 0.07787265 -0.70882428 -0.05446570 0.501107 0.501107 0.501107
v 0.12710486 -0.70410836 0.06454276 0.505857 0.505857 0.505857
v 0.13288458 -0.74707538 -0.05308384 0.518259 0.518259 0.518259
v -0.00773094 -0.70105231 0.13426121 0.500587 0.500587 0.500587
v -0.11271344 -0.69876844 0.12217013 0.500549 0.500549 0.500549
v -0.03508114 -0.70215398 0.19775617 0.500545 0.500545 0.500545
v -0.00527430 -0.67203355 -0.11055978 0.501070 0.501070 0.501070
v -0.11024005 -0.73276627 -0.11353466 0.539051 0.539033 0.539024
v -0.03534236 -0.66032064 -0.16481766 0.504639 0.504637 0.504637
v 0.09817858 -0.70094287 0.13544014 0.501616 0.501616 0.501616
v 0.01829360 -0.70290697 0.20307428 0.500125 0.500125 0.500125
v 0.10892152 -0.73075300 -0.11403528 0.537409 0.537407 0.537405
v 0.02881590 -0.65964872 -0.16436040 0.503514 0.503514 0.503514
v -0.20747250 -0.66095537 0.35329992 0.532151 0.530553 0.529696
v -0.27160466 -0.60950005 0.37890708 0.560663 0.554569 0.551464
v -0.22723001 -0.64942485 0.28023338 0.531053 0.525782 0.522938
v -0.28423083 -0.59405243 0.30784547 0.549325 0.542371 0.538911
v -0.19806246 -0.82976842 0.52515543 0.698581 0.698245 0.698090
v -0.34531426 -0.90315020 0.61737126 0.633739 0.633182 0.632922
v -0.20403443 -0.94705504 0.57176590 0.702693 0.702450 0.702338
v -0.34017324 -0.95565999 0.69998455 0.875691 0.875656 0.875639
v -0.14401203 -0.69403744 0.44679305 0.527558 0.527200 0.527032
v -0.18840680 -0.67971301 0.29789534 0.536062 0.535180 0.534703
v -0.11721460 -0.70222348 0.38468766 0.507635 0.507619 0.507611
v -0.32286054 -0.64763367 0.48873395 0.667415 0.651285 0.643520
v -0.30699500 -0.56877923 0.34953815 0.567029 0.559402 0.555697
v -0.34197995 -0.57009643 0.45549712 0.613709 0.601617 0.595841
v -0.12080421 -0.79037720 0.55169487 0.685974 0.685872 0.685825
v -0.09265330 -0.70766234 0.45428765 0.528315 0.528307 0.528304
v -0.38755566 -0.82043457 0.67049366 0.678041 0.671424 0.668279
v -0.37014920 -0.61359686 0.52608067 0.686658 0.667408 0.658294
v -0.19473293 -0.71586299 -0.34925044 0.616680 0.601593 0.594524
v -0.27233809 -0.60496110 -0.36716214 0.786611 0.748942 0.731212
v -0.24415255 -0.82507712 -0.36153033 0.554185 0.555155 0.555623
v -0.33345687 -0.67002469 -0.37250245 0.887737 0.850426 0.832853
v -0.10434182 -0.51373219 -0.36918998 0.611753 0.597008 0.590046
v -0.16260464 -0.44592181 -0.38600698 0.649487 0.631441 0.622949
v -0.07810992 -0.47077474 -0.38513321 0.596082 0.582967 0.576797
v -0.13258131 -0.40813231 -0.40250418 0.621571 0.606686 0.599680
v -0.11584538 -0.61877292 -0.33200395 0.621555 0.608782 0.602762
v -0.16815996 -0.79019433 -0.31792924 0.520495 0.519774 0.519407
v -0.09757104 -0.65519845 -0.30210778 0.609064 0.601854 0.598459
v -0.24314171 -0.46490568 -0.37044430 0.707461 0.681779 0.669693
v -0.33997145 -0.55989730 -0.35785621 0.853700 0.816844 0.799502
v -0.29247326 -0.42925906 -0.36024234 0.722403 0.696003 0.683577
v -0.06126630 -0.51782566 -0.36562464 0.577286 0.565877 0.560495
v -0.07031214 -0.60498834 -0.32233310 0.573728 0.568348 0.565795
v -0.17263755 -0.38804960 -0.39999688 0.647026 0.630201 0.622285
v -0.25167942 -0.39362460 -0.37622455 0.690996 0.668550 0.657987
v -0.42649558 -0.33433318 -0.18158081 0.618917 0.606525 0.600695
v -0.44667277 -0.29370654 -0.09458272 0.601804 0.591342 0.586417
v -0.44119948 -0.39835402 -0.17326379 0.621332 0.608398 0.602311
v -0.45110294 -0.35074595 -0.08012760 0.608045 0.596638 0.591269
v -0.38494241 -0.16760442 -0.20364304 0.524774 0.523297 0.522601
v -0.40105489 -0.15025137 -0.13530484 0.511637 0.510398 0.509814
v -0.36656427 -0.12188286 -0.21177644 0.527530 0.526214 0.525594
v -0.38393345 -0.10865763 -0.14898586 0.519076 0.517971 0.517453
v -0.39625910 -0.25622159 -0.23283438 0.607985 0.598713 0.594282
v -0.42057669 -0.38586944 -0.22528610 0.642292 0.628328 0.621756
v -0.38685957 -0.29798469 -0.27364349 0.662939 0.648611 0.641867
v -0.43036985 -0.20198956 -0.07534915 0.507886 0.506033 0.505144
v -0.45728266 -0.29731786 -0.04151697 0.609950 0.599197 0.594141
v -0.44328833 -0.20589209 -0.02796105 0.509054 0.507005 0.506034
v -0.36601758 -0.15016952 -0.24176423 0.524941 0.523567 0.522918
v -0.37471429 -0.23751721 -0.27454978 0.573223 0.565831 0.562367
v -0.39795220 -0.11974844 -0.10894975 0.513292 0.512134 0.511585
v -0.42704514 -0.16594285 -0.04779926 0.509978 0.508456 0.507736
v -0.39253327 -0.37932819 0.23457262 0.581608 0.571771 0.567137
v -0.41164699 -0.32781443 0.15542264 0.576350 0.567163 0.562829
v -0.38451046 -0.42194527 0.20468009 0.580173 0.570789 0.566347
v -0.40880048 -0.37087893 0.12620027 0.583314 0.573738 0.569217
v -0.41062173 -0.25197640 0.30464309 0.587369 0.577505 0.572861
v -0.41573980 -0.20923179 0.22615606 0.566269 0.558948 0.555492
v -0.41120639 -0.21280630 0.32122594 0.575457 0.567049 0.563097
v -0.41545913 -0.17264672 0.24472086 0.570591 0.563477 0.560126
v -0.39794049 -0.34087878 0.31607601 0.598178 0.586983 0.581698
v -0.37646127 -0.42704564 0.26229197 0.584973 0.575267 0.570675
v -0.38456643 -0.39266956 0.34918311 0.603271 0.592020 0.586699
v -0.41949615 -0.24277799 0.15673035 0.510845 0.508199 0.506947
v -0.41964939 -0.32340583 0.10419630 0.568893 0.560816 0.556982
v -0.42460555 -0.23703863 0.10859895 0.511936 0.509860 0.508879
v -0.40724176 -0.25498042 0.35463086 0.575206 0.566330 0.562162
v -0.39541715 -0.34781951 0.37201330 0.602186 0.590269 0.584647
v -0.41689906 -0.17071010 0.19886065 0.547021 0.541912 0.539509
v -0.42166010 -0.20082557 0.13210049 0.512080 0.510139 0.509226
v 0.19490457 -0.71294498 0.43505213 0.539735 0.538954 0.538562
v 0.27466220 -0.67891788 0.46341574 0.634509 0.626079 0.622098
v 0.21213202 -0.68664175 0.34933117 0.537226 0.536627 0.536312
v 0.27572423 -0.63443947 0.38740560 0.559141 0.554650 0.552385
v 0.07587480 -0.90230489 0.62721121 0.694504 0.694270 0.694159
v 0.29003653 -0.99394178 0.68480831 0.890578 0.890957 0.891135
v 0.09161071 -0.82831740 0.71350777 0.556137 0.555538 0.555257
v 0.24458697 -0.93118840 0.80668402 0.802270 0.802414 0.802477
v 0.13044162 -0.75455874 0.50174475 0.661038 0.659288 0.658469
v 0.16959530 -0.70521700 0.35788247 0.527089 0.526978 0.526924
v 0.10174222 -0.72277677 0.43237919 0.516292 0.516251 0.516233
v 0.08858147 -0.76530921 0.62689233 0.557230 0.556958 0.556828
v 0.08154605 -0.73429543 0.49370456 0.528097 0.527967 0.527907
v 0.33269206 -0.75448424 0.57425016 0.768297 0.759871 0.755888
v 0.30627537 -0.61908174 0.42595297 0.641859 0.628678 0.622134
v 0.33423537 -0.63394910 0.54406780 0.826994 0.798260 0.784714
v 0.35381413 -0.88002568 0.77410412 0.680611 0.672279 0.668353
v 0.32994413 -0.67785084 0.64521205 0.773354 0.741225 0.726097
v 0.19276664 -0.70816177 -0.34716490 0.696216 0.672292 0.661044
v 0.27000192 -0.59567875 -0.35920525 0.766301 0.731792 0.715549
v 0.24118376 -0.80796117 -0.33924842 0.566762 0.565181 0.564484
v 0.31805232 -0.66164309 -0.36060145 0.864441 0.823974 0.804919
v 0.10583217 -0.51299202 -0.36877972 0.608904 0.594503 0.587706
v 0.16218224 -0.44283623 -0.38331303 0.644432 0.627182 0.619063
v 0.08137746 -0.47012597 -0.38405049 0.596328 0.583602 0.577612
v 0.13494468 -0.40610597 -0.39877361 0.620624 0.606256 0.599494
v 0.11439638 -0.61472416 -0.33395448 0.616261 0.603948 0.598147
v 0.16284224 -0.78447992 -0.31876519 0.541683 0.539318 0.538203
v 0.09728945 -0.65203053 -0.30199015 0.605192 0.598328 0.595093
v 0.06383999 -0.51697934 -0.36588290 0.580459 0.569225 0.563936
v 0.06902793 -0.60246849 -0.32412571 0.567466 0.562502 0.560141
v 0.23908494 -0.45847818 -0.36635125 0.692788 0.669068 0.657904
v 0.32603139 -0.54942924 -0.35235384 0.811110 0.776977 0.760908
v 0.28473002 -0.42134070 -0.35809582 0.709473 0.684989 0.673467
v 0.17266154 -0.38366494 -0.39465848 0.642540 0.626329 0.618701
v 0.24648963 -0.38738146 -0.37132072 0.676905 0.655875 0.645977
v 0.42542291 -0.32395589 -0.18787457 0.618829 0.606618 0.600872
v 0.44581303 -0.28484565 -0.09784085 0.603641 0.592948 0.587915
v 0.43888304 -0.39049053 -0.18107751 0.624582 0.611723 0.605669
v 0.44587335 -0.34471563 -0.08272487 0.607263 0.595728 0.590293
v 0.37755504 -0.15706152 -0.20675233 0.560152 0.554805 0.552339
v 0.39829123 -0.13935676 -0.13866921 0.583678 0.575763 0.572051
v 0.36008599 -0.11028123 -0.21345572 0.536178 0.533608 0.532400
v 0.38099974 -0.09864904 -0.15270774 0.567440 0.561655 0.558950
v 0.39091673 -0.24515668 -0.23729400 0.633788 0.621704 0.616015
v 0.41913280 -0.37552172 -0.23510084 0.647350 0.633507 0.626990
v 0.38705906 -0.28416052 -0.28013757 0.668928 0.653858 0.646766
v 0.43415877 -0.19101080 -0.08102703 0.594346 0.584835 0.580359
v 0.45334214 -0.29323030 -0.04670349 0.611285 0.600087 0.594818
v 0.44091266 -0.20089409 -0.03511973 0.589306 0.580211 0.575927
v 0.35715899 -0.13923439 -0.24276353 0.549998 0.546300 0.544549
v 0.37088916 -0.22465569 -0.27726698 0.648143 0.634271 0.627741
v 0.39813095 -0.11047192 -0.11487187 0.580890 0.573864 0.570558
v 0.43116260 -0.15593220 -0.05473083 0.586819 0.578492 0.574573
v 0.38935530 -0.39097500 0.26526561 0.587417 0.576442 0.571271
v 0.40648997 -0.33298355 0.17162360 0.539328 0.532962 0.529923
v 0.38056424 -0.43404481 0.23806062 0.582883 0.572593 0.567746
v 0.40401077 -0.37612480 0.14423284 0.587983 0.577663 0.572775
v 0.40708780 -0.25969559 0.32332093 0.503839 0.501519 0.500423
v 0.41200712 -0.21202701 0.23434994 0.499573 0.497829 0.497009
v 0.40791246 -0.21776301 0.33438122 0.501942 0.500223 0.499413
v 0.41247532 -0.17470092 0.24852377 0.504338 0.502856 0.502159
v 0.39641756 -0.35374919 0.34927976 0.600487 0.588663 0.583089
v 0.37486917 -0.44444096 0.30297089 0.588331 0.577259 0.572042
v 0.38595948 -0.41041183 0.39285618 0.614801 0.601626 0.595415
v 0.41483152 -0.24500930 0.16395895 0.506830 0.504296 0.503098
v 0.41510445 -0.32546967 0.11507300 0.577439 0.568325 0.564035
v 0.42108008 -0.23675446 0.11219708 0.563506 0.556332 0.552952
v 0.40461880 -0.26197767 0.37570521 0.502407 0.500071 0.498967
v 0.39674568 -0.35975176 0.40994528 0.610170 0.597343 0.591301
v 0.41324067 -0.17293318 0.20028755 0.510060 0.507963 0.506977
v 0.41786614 -0.20175022 0.13347518 0.552932 0.547002 0.544212
v 0.06424399 -0.07021515 0.88437867 0.711773 0.692374 0.683246
v -0.07247771 -0.07630920 0.88424861 0.713255 0.693496 0.684191
v 0.07538431 -0.13887131 0.93907112 0.783817 0.758297 0.746319
v -0.07108283 -0.15506017 0.91974157 0.786052 0.759584 0.747168
v 0.05308387 0.07285354 0.74936509 0.647554 0.640192 0.636727
v -0.05492404 0.06998298 0.75007844 0.638587 0.631505 0.628173
v 0.04927589 0.09952595 0.70227993 0.627009 0.622943 0.621028
v -0.05025110 0.09759369 0.70329362 0.626233 0.622191 0.620292
v 0.11854529 0.01338742 0.80178577 0.586297 0.578545 0.574900
v 0.13071015 -0.10483395 0.87816799 0.671386 0.650857 0.641197
v 0.17749032 -0.01415835 0.79838163 0.591641 0.584868 0.581661
v -0.11991328 0.00380259 0.80525947 0.526709 0.523315 0.521726
v -0.13540390 -0.11975479 0.87650114 0.671295 0.650702 0.641013
v -0.17767709 -0.02816940 0.80481315 0.513811 0.513598 0.513496
v 0.10163459 0.08320791 0.71513200 0.648160 0.641934 0.639003
v 0.16420570 0.02657383 0.75852191 0.546065 0.545024 0.544535
v -0.10342447 0.08083621 0.71860880 0.653821 0.647623 0.644712
v -0.16802832 0.02228764 0.76928675 0.552645 0.551887 0.551529
v 0.36320218 -0.36483419 0.73851758 0.682392 0.666423 0.658909
v 0.33042139 -0.24682638 0.76637167 0.668378 0.650924 0.642710
v 0.33442301 -0.41950679 0.79197377 0.708029 0.690572 0.682356
v 0.29425895 -0.28867269 0.81649989 0.689509 0.669817 0.660551
v 0.39251882 -0.22643487 0.57089841 0.576703 0.568272 0.564279
v 0.38049513 -0.14620398 0.60193664 0.598070 0.588182 0.583519
v 0.39370951 -0.19173849 0.51922512 0.494534 0.493436 0.492922
v 0.37600306 -0.12827611 0.54736173 0.557500 0.551696 0.548979
v 0.38882655 -0.34039092 0.63211572 0.630228 0.615861 0.609098
v 0.37101936 -0.45648441 0.75598395 0.692092 0.676789 0.669588
v 0.39199564 -0.41973650 0.63801026 0.638501 0.623058 0.615791
v 0.39658740 -0.24423701 0.52503830 0.527326 0.522637 0.520435
v 0.39568326 -0.35615832 0.58012384 0.626491 0.612076 0.605293
v 0.35311407 -0.14060217 0.69670022 0.651121 0.636676 0.629879
v 0.29432809 -0.20900311 0.80486238 0.672263 0.653244 0.644293
v 0.31805220 -0.11071782 0.73209059 0.661066 0.646098 0.639053
v 0.36075634 -0.10588180 0.58325279 0.593339 0.584561 0.580431
v 0.33432105 -0.09171800 0.67508262 0.627110 0.614708 0.608874
v -0.37442949 -0.39224002 0.71540451 0.671719 0.654010 0.645715
v -0.33485854 -0.27032456 0.76617032 0.628925 0.614479 0.607726
v -0.35950857 -0.45888382 0.76667964 0.720859 0.703418 0.695202
v -0.29701525 -0.31908908 0.80548853 0.501979 0.500444 0.499716
v -0.39228815 -0.23295368 0.55783486 0.567735 0.559100 0.555047
v -0.38008285 -0.15473142 0.60306698 0.613729 0.601554 0.595821
v -0.39479914 -0.19560626 0.50935060 0.512049 0.508961 0.507504
v -0.38024619 -0.13139114 0.54953980 0.605402 0.594858 0.589894
v -0.39065430 -0.34799820 0.60415643 0.646699 0.629666 0.621651
v -0.39041007 -0.49131143 0.71443313 0.742551 0.717611 0.705876
v -0.39308491 -0.42246056 0.59481108 0.662467 0.643154 0.634068
v -0.39660645 -0.24652588 0.50680369 0.512720 0.509023 0.507312
v -0.39264828 -0.35610914 0.54611129 0.636538 0.620660 0.613189
v -0.35410517 -0.15325673 0.70616782 0.670996 0.654593 0.646875
v -0.29264998 -0.23402050 0.80431539 0.663223 0.645759 0.637535
v -0.32198218 -0.12153879 0.74573481 0.676580 0.660368 0.652744
v -0.36506468 -0.10989998 0.58918965 0.608959 0.597989 0.592827
v -0.33458716 -0.10254097 0.68416023 0.617501 0.605745 0.600207
v 0.22259746 0.09074584 0.44888270 0.566871 0.563842 0.562415
v 0.21688715 0.07701714 0.53199208 0.589435 0.585756 0.584023
v 0.18957114 0.10621008 0.45512104 0.568718 0.566534 0.565505
v 0.18284267 0.09685503 0.54066169 0.587991 0.585215 0.583909
v 0.30152228 0.03668338 0.41068068 0.579370 0.576232 0.574736
v 0.30194867 0.01467013 0.48616970 0.588808 0.583825 0.581443
v 0.32068899 0.01967712 0.39253730 0.582480 0.579257 0.577735
v 0.32309976 -0.00475623 0.46497083 0.579729 0.574795 0.572467
v 0.26839879 0.07185453 0.39467585 0.569384 0.566963 0.565823
v 0.20986690 0.10475555 0.41161081 0.559935 0.557650 0.556571
v 0.25749558 0.08898005 0.36086512 0.559103 0.556816 0.555739
v 0.31126240 0.03815809 0.36498842 0.576017 0.573245 0.571923
v 0.28298151 0.07168281 0.35019314 0.565894 0.563594 0.562509
v 0.26326680 0.03559592 0.55465913 0.594991 0.589737 0.587261
v 0.19622603 0.08030556 0.58009005 0.598772 0.594900 0.593077
v 0.24827738 0.03725810 0.60728371 0.597769 0.591119 0.587985
v 0.31471959 -0.00927070 0.51362568 0.586049 0.580057 0.577230
v 0.27959961 0.01195741 0.58830607 0.588340 0.581016 0.577540
v -0.22478749 0.08932978 0.45786104 0.570080 0.567571 0.566389
v -0.21890242 0.07613294 0.54047847 0.602131 0.598477 0.596757
v -0.19055538 0.10400763 0.46195963 0.571299 0.569436 0.568557
v -0.18365675 0.09537043 0.54684174 0.598417 0.595350 0.593905
v -0.30417636 0.03595579 0.42159310 0.594849 0.591246 0.589529
v -0.30397817 0.01224418 0.49587533 0.602320 0.597033 0.594500
v -0.32268542 0.01853064 0.40311295 0.598623 0.595286 0.593710
v -0.32488063 -0.00750282 0.47398257 0.593815 0.588806 0.586446
v -0.27084985 0.07162681 0.40508869 0.581169 0.578642 0.577451
v -0.21069565 0.10258868 0.41966066 0.560611 0.558948 0.558160
v -0.26028666 0.08745730 0.37161767 0.568453 0.566153 0.565070
v -0.31380492 0.03749767 0.37628666 0.593153 0.590137 0.588698
v -0.28542903 0.07133785 0.36176834 0.577093 0.574607 0.573434
v -0.26448441 0.03271633 0.56340343 0.588666 0.584708 0.582838
v -0.19784854 0.07971635 0.58766741 0.607014 0.603345 0.601618
v -0.24919577 0.03345507 0.61573219 0.564207 0.561453 0.560155
v -0.31628940 -0.01308852 0.52238542 0.592631 0.586792 0.584045
v -0.28015321 0.00683648 0.59699249 0.554736 0.551190 0.549489
v 0.02412068 0.03981181 -0.59635317 0.617942 0.603685 0.596515
v -0.02740809 0.03831428 -0.59672928 0.617310 0.602937 0.595678
v 0.02314088 0.00879516 -0.54403794 0.629505 0.618652 0.613511
v -0.02478462 0.00686622 -0.54489988 0.624596 0.614232 0.609322
v 0.02752778 0.15505475 -0.75831902 0.743045 0.634022 0.574729
v -0.03533319 0.15302265 -0.75708306 0.727762 0.625002 0.569113
v 0.03210901 0.20878820 -0.80093956 0.778151 0.649950 0.580228
v -0.03947705 0.20692557 -0.79795343 0.783474 0.655508 0.585911
v 0.05390000 0.08891316 -0.67757213 0.632819 0.583858 0.557340
v 0.04826037 0.02224272 -0.56728351 0.619915 0.609746 0.604849
v 0.08071726 0.06450101 -0.64786988 0.687056 0.660228 0.646107
v -0.06046759 0.08449985 -0.67944390 0.630271 0.583697 0.558453
v -0.05101876 0.01918666 -0.56721747 0.614999 0.605300 0.600626
v -0.08653104 0.05765557 -0.65073812 0.643860 0.617744 0.603845
v 0.06137984 0.18039347 -0.78110600 0.758339 0.640486 0.576392
v 0.08544439 0.10059309 -0.70624208 0.716233 0.641352 0.600682
v -0.07199144 0.17481120 -0.78211331 0.776981 0.654014 0.587138
v -0.09367666 0.09316880 -0.71077681 0.708911 0.635947 0.596310
v 0.18324879 -0.14468291 -0.41711944 0.666970 0.649448 0.641203
v 0.14854273 -0.05806229 -0.44257960 0.662783 0.646934 0.639476
v 0.15538894 -0.17859030 -0.43249550 0.672389 0.654195 0.645633
v 0.12346441 -0.09008177 -0.45468399 0.674391 0.656035 0.647395
v 0.25533533 -0.05184272 -0.35716301 0.609396 0.600352 0.596098
v 0.23254663 -0.00118127 -0.43003234 0.619407 0.612021 0.608537
v 0.27638742 -0.03064984 -0.34340411 0.602178 0.595698 0.592636
v 0.26137358 0.01451060 -0.42677572 0.623096 0.615323 0.611607
v 0.24056154 -0.13779512 -0.37864015 0.654010 0.637560 0.629813
v 0.18523738 -0.20552620 -0.41462079 0.663093 0.645167 0.636732
v 0.24805886 -0.19607776 -0.38028273 0.663500 0.645834 0.637521
v 0.28336757 -0.07796872 -0.33495906 0.563527 0.558907 0.556758
v 0.27380314 -0.16127923 -0.35729426 0.656138 0.640259 0.632779
v 0.17713273 -0.00810945 -0.48002583 0.620749 0.614515 0.611580
v 0.11887698 -0.03375642 -0.46804616 0.635797 0.623124 0.617161
v 0.15297826 0.00277139 -0.52971596 0.637054 0.630478 0.627379
v 0.24097654 0.01314992 -0.48909715 0.633566 0.624563 0.620216
v 0.18598127 0.00314245 -0.54554588 0.671490 0.663998 0.660431
v -0.18126599 -0.14993986 -0.41964361 0.670821 0.653240 0.644966
v -0.14482626 -0.06114559 -0.43896490 0.654469 0.638997 0.631719
v -0.15140365 -0.18275633 -0.43603644 0.667483 0.648955 0.640237
v -0.11799546 -0.09155318 -0.45207590 0.666973 0.649248 0.640909
v -0.25810477 -0.06301181 -0.35971606 0.572740 0.566642 0.563773
v -0.23578089 -0.00299753 -0.41895044 0.605045 0.599228 0.596477
v -0.27767482 -0.03973636 -0.33995488 0.566499 0.562526 0.560652
v -0.26556194 0.01185505 -0.41277450 0.594589 0.589143 0.586546
v -0.24445418 -0.14664745 -0.38282570 0.569932 0.561440 0.557438
v -0.18472058 -0.21150723 -0.42119747 0.666029 0.647627 0.638965
v -0.25345054 -0.20475417 -0.38843760 0.622035 0.608225 0.601698
v -0.28592375 -0.08717799 -0.33194366 0.533951 0.531603 0.530508
v -0.27999806 -0.17148751 -0.36312309 0.519305 0.515412 0.513598
v -0.17846611 -0.00765398 -0.46986058 0.596987 0.592114 0.589824
v -0.11592585 -0.03501953 -0.46277079 0.628058 0.615858 0.610120
v -0.15624031 -0.00193942 -0.52554417 0.608803 0.603466 0.600956
v -0.24648497 0.01193902 -0.47516641 0.621602 0.614456 0.611022
v -0.19115674 0.00159681 -0.53918970 0.645659 0.639329 0.636319
v 0.29167306 0.39808214 -0.85859197 0.771179 0.738691 0.722221
v 0.24776503 0.27408987 -0.91276318 0.872631 0.744422 0.674705
v 0.26318026 0.45734745 -0.85758358 0.781281 0.757997 0.746922
v 0.20782107 0.33394784 -0.87985510 0.750097 0.640727 0.581241
v 0.39108986 0.23164590 -0.70210958 0.686922 0.656850 0.641332
v 0.34270263 0.11827690 -0.76202965 0.736904 0.672874 0.638255
v 0.38508517 0.19089651 -0.61615688 0.649903 0.634834 0.627415
v 0.36148354 0.10182637 -0.65704095 0.667053 0.634372 0.617094
v 0.35212928 0.35273197 -0.73734564 0.699255 0.678916 0.669232
v 0.30005494 0.47914597 -0.79282749 0.700342 0.681366 0.672455
v 0.34652525 0.43440673 -0.68118507 0.683747 0.665737 0.657261
v 0.38051742 0.24783140 -0.61271679 0.652044 0.638551 0.632173
v 0.37088561 0.36919218 -0.64132941 0.676711 0.660052 0.652213
v 0.27787906 0.08648126 -0.93935901 0.906903 0.788143 0.723547
v 0.20207113 0.24935678 -0.86634701 0.763053 0.627041 0.553109
v 0.21030523 0.11011101 -0.83429635 0.892019 0.765796 0.697142
v 0.30197451 0.05912480 -0.69947159 0.682689 0.638599 0.614980
v 0.22124152 0.02419301 -0.82565236 0.898316 0.818630 0.775435
v -0.29651597 0.37266546 -0.87160730 0.762377 0.730801 0.714871
v -0.26351058 0.24103916 -0.94424021 0.934482 0.804781 0.734219
v -0.27347308 0.43175367 -0.86301160 0.791649 0.768068 0.756824
v -0.21720952 0.30846459 -0.89691538 0.799791 0.685481 0.623338
v -0.38156062 0.20788798 -0.66890931 0.647180 0.629269 0.620519
v -0.34341517 0.11058197 -0.72901475 0.690972 0.644103 0.618965
v -0.36061051 0.17715842 -0.58072072 0.631151 0.619512 0.613932
v -0.36057973 0.08958235 -0.62177205 0.641919 0.618592 0.606485
v -0.37053347 0.33404422 -0.72314829 0.671131 0.653719 0.645509
v -0.30423048 0.45168671 -0.80014986 0.715089 0.695771 0.686691
v -0.34995252 0.40653723 -0.68610328 0.663518 0.647285 0.639647
v -0.36446291 0.23206410 -0.58474660 0.638081 0.626458 0.620982
v -0.36120164 0.34672657 -0.63414764 0.649906 0.635190 0.628266
v -0.27485919 0.09117763 -0.87708092 0.838810 0.746142 0.695737
v -0.20968670 0.22832216 -0.87879622 0.848024 0.702422 0.623288
v -0.22053073 0.09555336 -0.82900935 0.899066 0.794448 0.737554
v -0.32177556 0.06529663 -0.67235190 0.640453 0.608831 0.592008
v -0.23740497 0.03298014 -0.80419534 0.774204 0.716268 0.684869
v 0.36972946 0.01283002 -0.06800316 0.554671 0.549797 0.547415
v 0.38186598 -0.02854682 -0.04896299 0.555550 0.552030 0.550359
v 0.36502397 0.02473319 -0.10952067 0.556639 0.551093 0.548370
v 0.37548721 -0.01718620 -0.08941558 0.553415 0.549785 0.548060
v 0.37901157 -0.01739109 0.05876158 0.543293 0.539158 0.537109
v 0.39357877 -0.05641053 0.07638240 0.542071 0.539571 0.538396
v 0.38086331 -0.02486131 0.10117525 0.536902 0.532968 0.530996
v 0.39484811 -0.06255041 0.11924899 0.535461 0.533553 0.532659
v 0.36940527 0.01407438 -0.01507984 0.561691 0.557474 0.555406
v 0.36152089 0.03779944 -0.10049435 0.564609 0.559743 0.557399
v 0.36011094 0.03655687 -0.04707058 0.570509 0.566449 0.564479
v 0.37253106 -0.00416058 0.07053345 0.549985 0.546225 0.544374
v 0.36255336 0.02580614 -0.00366575 0.566363 0.562321 0.560338
v 0.39605176 -0.06634253 0.02063696 0.553629 0.550522 0.549063
v 0.38564724 -0.04554852 -0.06209536 0.555970 0.552219 0.550449
v 0.40270841 -0.08549661 0.00573751 0.562805 0.558240 0.556093
v 0.40143734 -0.08148465 0.10637435 0.539093 0.536451 0.535211
v 0.40552557 -0.09518959 0.04827619 0.558055 0.553668 0.551608
v -0.36816406 0.01252498 -0.05605428 0.539058 0.535514 0.533744
v -0.38096952 -0.02941904 -0.03770149 0.536360 0.534671 0.533861
v -0.36226380 0.02361031 -0.09723597 0.535634 0.532042 0.530235
v -0.37213320 -0.01965293 -0.07801078 0.532374 0.530958 0.530272
v -0.37893707 -0.01621845 0.07154395 0.550153 0.545709 0.543508
v -0.39250475 -0.05476100 0.08735925 0.559223 0.555963 0.554427
v -0.38055766 -0.02333470 0.11391841 0.550387 0.545235 0.542674
v -0.39480215 -0.06054125 0.12954344 0.557215 0.553708 0.552058
v -0.36873466 0.01548774 -0.00197371 0.545778 0.542568 0.540973
v -0.36100554 0.03839085 -0.08776859 0.540947 0.538235 0.536901
v -0.36134201 0.03881106 -0.03385592 0.553368 0.550596 0.549223
v -0.37304837 -0.00276564 0.08433738 0.548652 0.544637 0.542649
v -0.36344439 0.02716878 0.00986789 0.553782 0.551121 0.549811
v -0.39669794 -0.06625828 0.03040172 0.550410 0.548087 0.546995
v -0.38496995 -0.04796876 -0.05128203 0.527762 0.526621 0.526075
v -0.40410322 -0.08600918 0.01490912 0.534064 0.532347 0.531539
v -0.40160006 -0.07910533 0.11611512 0.552445 0.548937 0.547287
v -0.40665060 -0.09421331 0.05713045 0.547259 0.544532 0.543252
v -0.13327837 0.26410872 -0.11997816 0.517537 0.516772 0.516410
v -0.15049995 0.24654180 -0.07097664 0.525885 0.525161 0.524819
v -0.17476276 0.46654260 -0.23659642 0.556630 0.550270 0.547280
v -0.20140484 0.50859523 -0.28964141 0.561329 0.554005 0.550557
v -0.12085457 0.25673920 -0.06958295 0.522863 0.522286 0.522013
v -0.16928460 0.54404616 -0.27103701 0.549464 0.543445 0.540621
v -0.23447874 0.17974019 0.01972491 0.515583 0.514899 0.514558
v -0.25586611 0.16428709 0.01557314 0.521788 0.520931 0.520506
v -0.25295073 0.15596843 0.06580591 0.523026 0.522039 0.521537
v -0.32633919 0.48242453 -0.39024734 0.630760 0.622702 0.618884
v -0.31682268 0.39948940 -0.34003741 0.635631 0.625706 0.621020
v -0.33970010 0.50587744 -0.42322609 0.781432 0.766904 0.760055
v -0.28382260 0.19074270 -0.14959958 0.543799 0.542076 0.541255
v -0.28671950 0.16749513 -0.09841228 0.533827 0.532614 0.532034
v -0.29887313 0.15503228 -0.10575004 0.542954 0.541519 0.540831
v 0.14191113 0.26646453 -0.12319654 0.510177 0.509922 0.509800
v 0.15705699 0.25056219 -0.07201383 0.522262 0.521649 0.521357
v 0.17038903 0.46567759 -0.23825157 0.548629 0.543224 0.540677
v 0.18797112 0.50738400 -0.28513575 0.549669 0.543808 0.541044
v 0.12993596 0.25779104 -0.07345019 0.517519 0.517134 0.516951
v 0.16475114 0.54656041 -0.27357435 0.558094 0.551472 0.548352
v 0.23246136 0.18809074 0.01495978 0.529276 0.527147 0.526125
v 0.24997655 0.17378891 0.00885768 0.533213 0.530930 0.529834
v 0.24845025 0.16485739 0.05688834 0.533196 0.530963 0.529888
v 0.25660115 0.43424007 -0.35681659 0.566202 0.560313 0.557532
v 0.25823000 0.36522251 -0.32579195 0.570709 0.565877 0.563596
v 0.28165466 0.43189865 -0.38207659 0.586080 0.579457 0.576324
v 0.27588177 0.19827479 -0.14991102 0.552385 0.549592 0.548270
v 0.27823275 0.17736778 -0.10186224 0.548744 0.545996 0.544688
v 0.29120043 0.16457769 -0.11142604 0.559064 0.555990 0.554539
v -0.20951250 -0.67582685 0.09957300 0.511006 0.510994 0.510988
v -0.23029801 -0.66277677 0.15736836 0.521492 0.520864 0.520533
v -0.19196495 -0.91885746 -0.07672206 0.676150 0.676150 0.676150
v -0.24537830 -0.98919868 -0.18707846 0.722861 0.722861 0.722861
v -0.18741193 -0.68249202 0.16887744 0.533024 0.532980 0.532955
v -0.13162833 -0.91157210 -0.18729274 0.780261 0.780262 0.780262
v -0.32871592 -0.54892385 0.21929166 0.561759 0.554778 0.551422
v -0.35468134 -0.50765836 0.19621810 0.573484 0.565693 0.562012
v -0.34297001 -0.51299417 0.25691655 0.576553 0.568789 0.565120
v -0.43420580 -0.62723327 -0.27018234 0.766830 0.745356 0.735249
v -0.45387003 -0.54063940 -0.21515204 0.666895 0.650049 0.642120
v -0.42505544 -0.52850819 -0.27329484 0.733391 0.713595 0.704281
v -0.43246785 -0.41378459 -0.00973439 0.590548 0.580281 0.575441
v -0.41861033 -0.41509715 0.04308965 0.583353 0.573673 0.569106
v -0.43181866 -0.36304092 0.02358847 0.587517 0.577689 0.573056
v 0.19887501 -0.68567133 0.12447865 0.518474 0.518457 0.518448
v 0.21614267 -0.67880589 0.19522473 0.526373 0.526146 0.526023
v 0.19831836 -0.93496120 -0.06831608 0.697494 0.697494 0.697494
v 0.25537950 -0.99029368 -0.19158286 0.730583 0.730578 0.730575
v 0.17074338 -0.69411218 0.20282461 0.530758 0.530756 0.530755
v 0.14064696 -0.91929412 -0.19984566 0.776756 0.776755 0.776754
v 0.32203066 -0.56926531 0.26922020 0.570562 0.562421 0.558520
v 0.34895366 -0.52362537 0.23768711 0.574189 0.565405 0.561254
v 0.33906776 -0.53755510 0.30910566 0.579587 0.570559 0.566288
v 0.44080636 -0.61768597 -0.29169002 0.813948 0.790381 0.779291
v 0.44965115 -0.52811944 -0.22275199 0.680769 0.663498 0.655376
v 0.42378521 -0.51459181 -0.29136246 0.741550 0.720497 0.710592
v 0.42864063 -0.41186413 -0.00447943 0.595032 0.584465 0.579484
v 0.41480330 -0.41614506 0.05483996 0.587712 0.577618 0.572864
v 0.42777035 -0.36198947 0.02943816 0.592728 0.582529 0.577713
v -0.04194591 -0.71463794 0.68822062 0.553103 0.552828 0.552701
v 0.02645888 -0.67053115 0.69219851 0.533338 0.532996 0.532835
v -0.29898390 -0.77378702 0.82605976 0.857546 0.837313 0.827785
v -0.33489981 -0.62972987 0.80855995 0.892305 0.859956 0.844736
v 0.00138130 -0.68585873 0.63357526 0.530428 0.530247 0.530163
v -0.37335068 -0.71119350 0.77270889 0.926822 0.897456 0.883640
v 0.24952143 -0.69042116 0.83637500 0.701823 0.683919 0.675491
v 0.27179602 -0.57612908 0.83280730 0.753331 0.729424 0.718174
v 0.33419427 -0.66043985 0.82564002 0.858843 0.834051 0.822381
v 0.12820566 -0.26091588 0.89665437 0.671034 0.649823 0.639842
v 0.18812793 -0.29563481 0.87353337 0.690652 0.668932 0.658710
v -0.13365729 -0.27835360 0.89176601 0.534448 0.525293 0.521001
v -0.19472639 -0.31995809 0.86751980 0.446689 0.446782 0.446825
v 0.19363950 -0.21501510 0.87325323 0.673822 0.652147 0.641948
v -0.19376326 -0.23813172 0.86809212 0.575202 0.562929 0.557120
v -0.01778103 0.16527390 0.30075052 0.520608 0.520191 0.519991
v 0.02169067 0.16625953 0.30006692 0.520888 0.520452 0.520243
v -0.12705524 0.13495636 0.38357365 0.545877 0.545328 0.545066
v -0.14112663 0.12557825 0.42316687 0.558468 0.557382 0.556837
v 0.00229246 0.17995512 0.25899422 0.526772 0.525850 0.525416
v -0.16221890 0.12630486 0.38279271 0.548836 0.547567 0.546945
v 0.12807274 0.13736308 0.37823018 0.538121 0.537516 0.537224
v 0.14163238 0.12798578 0.41788837 0.552228 0.550920 0.550257
v 0.16294399 0.12837744 0.37657434 0.545189 0.543803 0.543110
v 0.08575390 0.11994109 0.62485838 0.622004 0.620096 0.619196
v 0.11898310 0.11522867 0.58711302 0.614433 0.612644 0.611798
v -0.08556180 0.12098187 0.62684035 0.616663 0.615168 0.614465
v -0.11900040 0.11887246 0.59005409 0.626947 0.625023 0.624118
v 0.12984273 0.10435902 0.63043505 0.617919 0.615041 0.613683
v -0.13073768 0.10540271 0.63517547 0.627268 0.624286 0.622886
v -0.01497824 -0.43733904 -0.40128958 0.586777 0.576089 0.571051
v 0.02227691 -0.43719321 -0.40066588 0.589013 0.578441 0.573458
v -0.11314791 -0.32827345 -0.43699121 0.625568 0.611587 0.605009
v -0.11946626 -0.27687985 -0.45063850 0.645428 0.628912 0.621138
v 0.00267020 -0.47780403 -0.38265231 0.586901 0.575910 0.570723
v -0.14902383 -0.30387470 -0.43324211 0.638943 0.622486 0.614741
v 0.11817797 -0.32795915 -0.43369180 0.624183 0.610805 0.604508
v 0.12529835 -0.27464736 -0.44425544 0.645337 0.629160 0.621546
v 0.15160188 -0.29934421 -0.42408982 0.636813 0.620840 0.613321
v 0.04767494 -0.06475535 -0.49628183 0.688477 0.670032 0.661352
v 0.07231419 -0.09243411 -0.48015392 0.677051 0.658276 0.649439
v -0.04520217 -0.06663451 -0.49670106 0.679699 0.661656 0.653166
v -0.06744914 -0.09375006 -0.47873014 0.671914 0.653486 0.644815
v 0.07014783 -0.03537168 -0.49563774 0.659146 0.644459 0.637549
v -0.06846374 -0.03888254 -0.49550760 0.655537 0.641296 0.634592
v -0.04518920 0.81030452 -0.71331835 0.778950 0.743088 0.723967
v 0.04895622 0.80263406 -0.71597999 0.791653 0.755326 0.735949
v -0.21796578 0.63103360 -0.77562600 0.819172 0.790913 0.777629
v -0.22564545 0.55531049 -0.80919445 0.808236 0.778803 0.764961
v -0.00086291 0.83522409 -0.65726990 0.548771 0.547128 0.546256
v -0.28721318 0.59890848 -0.78037238 0.826069 0.798204 0.785119
v 0.23994039 0.65138882 -0.77827054 0.883884 0.855103 0.841586
v 0.23233674 0.56892210 -0.81024361 0.827300 0.797814 0.783968
v 0.28764638 0.61232948 -0.76308334 0.735115 0.711263 0.700048
v 0.07811601 0.30564460 -0.82339650 0.700419 0.576262 0.508763
v 0.12239496 0.33943474 -0.83775502 0.699578 0.589854 0.530182
v -0.08398987 0.30002826 -0.82969022 0.690451 0.560926 0.490531
v -0.12765330 0.32939276 -0.84659386 0.708848 0.589644 0.524808
v 0.11562571 0.26924750 -0.82426286 0.691954 0.564637 0.495400
v -0.12250714 0.25983170 -0.83293623 0.719099 0.577978 0.501334
v 0.34325638 0.17071295 -0.40866041 0.592035 0.585207 0.581958
v 0.35373008 0.16973916 -0.46747345 0.602599 0.594173 0.590132
v 0.34643912 0.09061280 -0.22169665 0.571362 0.566277 0.563826
v 0.35297704 0.06373799 -0.18423884 0.563810 0.558333 0.555674
v 0.34879658 0.20933104 -0.46566629 0.606866 0.598442 0.594448
v 0.34913433 0.07749599 -0.17792420 0.575736 0.571129 0.568921
v 0.32718432 -0.04763509 -0.25591969 0.558818 0.556126 0.554859
v 0.31302500 -0.02676339 -0.28974563 0.578800 0.574903 0.573060
v 0.36865336 -0.03981520 -0.15329742 0.568812 0.564320 0.562209
v 0.36800933 -0.02170235 -0.13956974 0.558664 0.555028 0.553313
v 0.32169604 -0.07275811 -0.28147843 0.550704 0.548303 0.547173
v 0.38047767 -0.05268328 -0.11620870 0.566903 0.562020 0.559724
v 0.29750445 0.04789769 -0.46582013 0.618142 0.609353 0.605049
v 0.31655282 0.06689818 -0.51445681 0.619084 0.605536 0.598715
v 0.28847960 0.04250630 -0.54048908 0.633790 0.619097 0.611678
v 0.34411472 0.01185787 0.28402534 0.557549 0.555698 0.554825
v 0.34081662 0.00801124 0.32807067 0.562119 0.559270 0.557931
v 0.36639833 -0.00440712 0.16876033 0.549740 0.547004 0.545661
v 0.37422687 -0.01724401 0.15577455 0.546857 0.544355 0.543149
v 0.33187336 0.02549970 0.30161661 0.560497 0.558226 0.557153
v 0.36618900 0.00163016 0.12597902 0.552292 0.549525 0.548180
v 0.40485549 -0.17592695 0.38711634 0.501150 0.500424 0.500081
v 0.40081075 -0.17005923 0.43000793 0.499649 0.498968 0.498648
v 0.40787804 -0.11358251 0.22579536 0.519086 0.517593 0.516893
v 0.40247267 -0.08944987 0.19328645 0.530939 0.529450 0.528750
v 0.40237454 -0.21337004 0.43035671 0.497384 0.496135 0.495547
v 0.40775144 -0.11186074 0.18150298 0.522120 0.520572 0.519842
v 0.36371520 -0.07690947 0.48128548 0.570105 0.564287 0.561547
v 0.35266697 -0.04775789 0.46303746 0.572580 0.566842 0.564130
v 0.34907940 -0.05793379 0.51142532 0.579408 0.573047 0.570050
v -0.34212902 0.16602132 -0.39420259 0.587852 0.582002 0.579222
v -0.34501055 0.16267914 -0.44757360 0.589700 0.582397 0.578922
v -0.34757853 0.08871917 -0.20903960 0.551811 0.548416 0.546761
v -0.35175490 0.06144179 -0.17194197 0.541998 0.538459 0.536702
v -0.34430170 0.20139048 -0.45069510 0.605224 0.597499 0.593841
v -0.35100466 0.07700540 -0.16505548 0.555069 0.552154 0.550741
v -0.33069193 -0.05723548 -0.25116172 0.538425 0.537194 0.536614
v -0.31524053 -0.04121661 -0.29062524 0.545659 0.543973 0.543175
v -0.36399376 -0.04707356 -0.14384592 0.523959 0.523227 0.522882
v -0.36192465 -0.02623063 -0.12772666 0.529027 0.528090 0.527631
v -0.32534572 -0.08486752 -0.28041074 0.529246 0.527753 0.527048
v -0.37708753 -0.05902459 -0.10620956 0.522457 0.521731 0.521387
v -0.29925200 0.04468003 -0.44693598 0.596819 0.589189 0.585460
v -0.31453881 0.06588825 -0.49105433 0.597932 0.586195 0.580307
v -0.29107255 0.04660020 -0.51940107 0.606185 0.594532 0.588710
v -0.34715649 0.01083940 0.29666585 0.580477 0.577302 0.575810
v -0.34387320 0.00668822 0.33996910 0.573088 0.569982 0.568521
v -0.36752093 -0.00383902 0.18135794 0.561824 0.558830 0.557382
v -0.37492174 -0.01622261 0.16834162 0.552212 0.548823 0.547198
v -0.33546600 0.02481589 0.31411090 0.574930 0.572037 0.570674
v -0.36728179 0.00194100 0.13958688 0.559869 0.556516 0.554902
v -0.40567607 -0.17632249 0.37766111 0.538562 0.534131 0.532052
v -0.40106896 -0.17235470 0.42092144 0.538800 0.534384 0.532307
v -0.41132045 -0.10988803 0.23089799 0.562746 0.557573 0.555136
v -0.40385985 -0.08705492 0.20065272 0.567743 0.563205 0.561069
v -0.40417740 -0.21239820 0.41503996 0.509751 0.507240 0.506063
v -0.41038984 -0.10914659 0.18752848 0.563351 0.558446 0.556133
v -0.36634842 -0.07971674 0.48644808 0.579713 0.572656 0.569334
v -0.35428503 -0.05079816 0.47003317 0.575581 0.569335 0.566391
v -0.35069668 -0.06178825 0.51813775 0.586214 0.579101 0.575759
v -0.01587680 0.24836868 0.02779320 0.509158 0.508783 0.508599
v 0.02526868 0.24890381 0.02705380 0.508887 0.508483 0.508290
v 0.00353659 0.23746157 0.07845390 0.515328 0.514474 0.514069
v -0.02623459 0.74964321 -0.33602747 0.623897 0.612743 0.606915
v 0.03715342 0.75056469 -0.34146988 0.608387 0.598083 0.592701
v 0.00612206 0.79672074 -0.40408397 0.552605 0.550984 0.550097
v -0.27623811 0.10291827 0.24868858 0.556191 0.554016 0.552966
v -0.26322588 0.10233474 0.29254913 0.558415 0.556628 0.555787
v -0.28953561 0.08694586 0.28577605 0.567874 0.565558 0.564455
v -0.34686175 0.49290776 -0.51677817 0.666871 0.652163 0.645227
v -0.34411484 0.48574769 -0.58269554 0.646263 0.631537 0.624599
v -0.34274641 0.41775489 -0.53771162 0.655351 0.641000 0.634245
v -0.34256786 0.07958040 -0.04593770 0.562831 0.561314 0.560594
v -0.34710634 0.07217705 -0.05738718 0.560952 0.559223 0.558400
v -0.35038066 0.05816263 -0.01121020 0.567283 0.565400 0.564505
v 0.26946792 0.10824874 0.23368943 0.545061 0.543055 0.542083
v 0.25901806 0.10629091 0.27981979 0.548006 0.546184 0.545321
v 0.28344807 0.09012529 0.27123642 0.553236 0.551082 0.550038
v 0.33549321 0.53030294 -0.47443181 0.613811 0.604604 0.600265
v 0.34786862 0.52668703 -0.54876167 0.651988 0.639949 0.634274
v 0.33619249 0.44582534 -0.51564932 0.669058 0.652082 0.644090
v 0.33740371 0.07961917 -0.05840980 0.577247 0.574476 0.573168
v 0.34422725 0.07056004 -0.06992930 0.572737 0.569758 0.568340
v 0.34729266 0.05714473 -0.02463048 0.572983 0.569937 0.568486
v -0.03441201 -0.70654559 0.33288416 0.501014 0.501014 0.501014
v 0.02019536 -0.70937055 0.34209293 0.501583 0.501583 0.501583
v -0.00508758 -0.71115512 0.40557775 0.502899 0.502893 0.502890
v -0.03084363 -0.64131343 -0.25546247 0.537787 0.537504 0.537370
v 0.02674767 -0.64163136 -0.25520182 0.538072 0.537818 0.537698
v -0.00069954 -0.62437022 -0.29189649 0.598464 0.597197 0.596598
v -0.37457713 -0.46306339 0.44744238 0.608746 0.595605 0.589372
v -0.38337180 -0.48083770 0.51325643 0.634866 0.618386 0.610588
v -0.38576776 -0.41287765 0.47006103 0.618938 0.604540 0.597741
v -0.33232832 -0.31558013 -0.34062052 0.702743 0.682536 0.673026
v -0.29569948 -0.28980625 -0.36839285 0.682538 0.663197 0.654091
v -0.32690406 -0.25215879 -0.34542871 0.646348 0.632296 0.625635
v -0.43267480 -0.18262985 0.04146050 0.510441 0.508750 0.507955
v -0.43308991 -0.13658391 0.02121523 0.518476 0.516947 0.516228
v -0.42465895 -0.15217613 0.06342224 0.518415 0.516603 0.515747
v 0.38057360 -0.48623562 0.51180303 0.648225 0.629079 0.620019
v 0.39444998 -0.49695134 0.57833922 0.663834 0.643373 0.633725
v 0.39345980 -0.42546695 0.52074277 0.632410 0.615867 0.608075
v 0.32542747 -0.30638078 -0.33967441 0.705641 0.685800 0.676460
v 0.28770268 -0.28152484 -0.36304334 0.678263 0.659178 0.650197
v 0.31931782 -0.24166515 -0.33789811 0.688318 0.670468 0.662068
v 0.43032944 -0.17906372 0.03717837 0.582697 0.574519 0.570669
v 0.42290080 -0.13951656 0.01354122 0.579567 0.572341 0.568938
v 0.42043340 -0.15222743 0.05816453 0.574417 0.567273 0.563908
v 0.26090854 -0.03136668 0.73111713 0.549806 0.546457 0.544901
v 0.24426647 0.00711528 0.69667011 0.533269 0.531896 0.531242
v 0.28333488 -0.02101913 0.67629486 0.582407 0.575620 0.572424
v -0.26424652 -0.04229139 0.74333018 0.518566 0.518506 0.518482
v -0.24811032 0.00114330 0.70859820 0.533453 0.532852 0.532567
v -0.28496435 -0.03009702 0.68696791 0.509856 0.509462 0.509275
v 0.13817106 0.04082071 -0.64181602 0.730937 0.719025 0.713008
v 0.14869106 0.06937517 -0.71254015 0.814354 0.759741 0.730332
v 0.17181437 0.03176665 -0.67300940 0.710008 0.684959 0.671824
v -0.14310721 0.02459468 -0.65104520 0.754381 0.742388 0.736346
v -0.15486221 0.04835600 -0.72659564 0.789821 0.742350 0.716807
v -0.17886196 -0.00053645 -0.69632739 0.748291 0.727585 0.716765
f 1 647 644
f 1 644 643
f 1 643 645
f 1 645 646
f 1 646 647
f 2 649 652
f 6 672 670
f 12 702 699
f 11 696 695
f 8 679 681
f 4 662 659
f 4 659 658
f 4 658 660
f 4 660 661
f 4 661 662
f 5 666 665
f 3 654 657
f 7 673 677
f 9 685 686
f 10 692 688
f 12 701 698
f 6 669 668
f 2 650 648
f 8 682 678
f 11 697 693
f 6 671 669
f 12 700 701
f 11 694 697
f 8 680 682
f 2 651 650
f 10 690 689
f 5 663 664
f 3 655 653
f 7 676 674
f 9 687 684
f 10 691 690
f 5 667 663
f 3 656 655
f 7 675 676
f 9 683 687
f 6 668 672
f 2 648 649
f 8 678 679
f 11 693 696
f 12 698 702
f 10 688 691
f 5 665 667
f 3 657 656
f 7 677 675
f 9 686 683
f 5 664 666
f 3 653 654
f 7 674 673
f 9 684 685
f 10 689 692
f 6 670 671
f 12 699 700
f 11 695 694
f 8 681 680
f 2 652 651
f 35 837 838
f 18 735 736
f 19 742 741
f 40 868 867
f 42 880 879
f 34 832 831
f 33 827 828
f 25 778 780
f 36 844 846
f 20 749 747
f 32 819 820
f 23 765 767
f 24 773 771
f 37 850 849
f 41 876 875
f 34 833 834
f 33 826 825
f 25 779 777
f 36 845 843
f 20 748 750
f 17 729 727
f 14 711 709
f 13 706 703
f 15 718 715
f 16 724 721
f 18 737 733
f 35 839 835
f 42 882 878
f 40 870 866
f 19 744 740
f 30 807 805
f 27 789 787
f 22 762 758
f 28 797 793
f 29 802 799
f 32 821 817
f 23 766 763
f 24 774 770
f 37 852 848
f 41 874 872
f 35 838 836
f 18 736 734
f 19 741 739
f 40 867 865
f 42 879 877
f 34 831 829
f 33 828 824
f 25 780 776
f 36 846 842
f 20 747 745
f 32 820 818
f 23 767 764
f 24 771 769
f 37 849 847
f 41 875 871
f 34 834 830
f 33 825 823
f 25 777 775
f 36 843 841
f 20 750 746
f 14 714 710
f 13 707 704
f 15 719 716
f 16 725 722
f 17 732 728
f 21 755 752
f 31 814 811
f 26 784 781
f 38 857 853
f 39 862 860
f 27 792 788
f 22 759 757
f 28 796 794
f 29 803 800
f 30 810 806
f 31 815 812
f 26 785 782
f 38 856 854
f 39 863 859
f 21 754 751
f 14 712 714
f 13 705 707
f 15 717 719
f 16 723 725
f 17 730 732
f 21 753 755
f 31 816 814
f 26 786 784
f 38 858 857
f 39 861 862
f 27 791 792
f 22 761 759
f 28 795 796
f 29 801 803
f 30 808 810
f 31 813 815
f 26 783 785
f 38 855 856
f 39 864 863
f 21 756 754
f 14 709 712
f 13 703 705
f 15 715 717
f 16 721 723
f 17 727 730
f 21 751 753
f 31 812 816
f 26 782 786
f 38 854 858
f 39 859 861
f 27 787 791
f 22 758 761
f 28 793 795
f 29 799 801
f 30 805 808
f 31 811 813
f 26 781 783
f 38 853 855
f 39 860 864
f 21 752 756
f 17 728 731
f 14 710 713
f 13 704 708
f 15 716 720
f 16 722 726
f 18 734 738
f 35 836 840
f 42 877 881
f 40 865 869
f 19 739 743
f 30 806 809
f 27 788 790
f 22 757 760
f 28 794 798
f 29 800 804
f 32 818 822
f 23 764 768
f 24 769 772
f 37 847 851
f 41 871 873
f 35 835 837
f 18 733 735
f 19 740 742
f 40 866 868
f 42 878 880
f 34 830 832
f 33 823 827
f 25 775 778
f 36 841 844
f 20 746 749
f 32 817 819
f 23 763 765
f 24 770 773
f 37 848 850
f 41 872 876
f 34 829 833
f 33 824 826
f 25 776 779
f 36 842 845
f 20 745 748
f 17 731 729
f 14 713 711
f 13 708 706
f 15 720 718
f 16 726 724
f 18 738 737
f 35 840 839
f 42 881 882
f 40 869 870
f 19 743 744
f 30 809 807
f 27 790 789
f 22 760 762
f 28 798 797
f 29 804 802
f 32 822 821
f 23 768 766
f 24 772 774
f 37 851 852
f 41 873 874
f 107 1269 1270
f 103 1245 1246
f 104 1252 1251
f 110 1288 1287
f 113 1306 1305
f 118 1336 1335
f 154 1551 1552
f 141 1473 1474
f 162 1599 1600
f 121 1354 1353
f 142 1479 1480
f 129 1401 1402
f 130 1408 1407
f 144 1492 1491
f 146 1504 1503
f 151 1533 1534
f 131 1414 1413
f 136 1444 1443
f 161 1594 1593
f 126 1383 1384
f 116 1323 1324
f 108 1275 1276
f 106 1263 1264
f 112 1299 1300
f 115 1317 1318
f 119 1341 1342
f 156 1564 1563
f 139 1462 1461
f 160 1588 1587
f 120 1347 1348
f 149 1521 1522
f 132 1420 1419
f 128 1395 1396
f 145 1497 1498
f 148 1515 1516
f 155 1557 1558
f 133 1425 1426
f 134 1431 1432
f 157 1570 1569
f 124 1372 1371
f 109 1282 1281
f 105 1258 1257
f 111 1294 1293
f 114 1312 1311
f 117 1330 1329
f 125 1378 1377
f 152 1540 1539
f 137 1449 1450
f 158 1575 1576
f 123 1365 1366
f 143 1486 1485
f 127 1390 1389
f 135 1437 1438
f 147 1510 1509
f 150 1528 1527
f 153 1546 1545
f 140 1468 1467
f 138 1455 1456
f 159 1581 1582
f 122 1359 1360
f 107 1272 1271
f 103 1248 1247
f 104 1253 1254
f 110 1289 1290
f 113 1307 1308
f 118 1337 1338
f 154 1554 1553
f 141 1476 1475
f 162 1602 1601
f 121 1355 1356
f 142 1482 1481
f 129 1404 1403
f 130 1409 1410
f 144 1493 1494
f 146 1505 1506
f 151 1536 1535
f 131 1415 1416
f 136 1445 1446
f 161 1595 1596
f 126 1386 1385
f 47 909 907
f 44 891 889
f 43 886 883
f 45 898 895
f 46 904 901
f 49 922 919
f 72 1060 1057
f 102 1240 1237
f 96 1204 1201
f 79 1102 1099
f 62 999 997
f 59 981 979
f 58 976 973
f 60 988 985
f 61 994 991
f 66 1024 1021
f 54 952 949
f 73 1066 1063
f 85 1138 1135
f 92 1179 1177
f 101 1233 1231
f 69 1041 1039
f 50 927 925
f 82 1119 1117
f 97 1209 1207
f 71 1053 1051
f 100 1228 1225
f 94 1192 1189
f 80 1108 1105
f 51 933 931
f 90 1167 1165
f 63 1005 1003
f 55 957 955
f 76 1083 1081
f 87 1150 1147
f 91 1174 1171
f 67 1029 1027
f 56 963 961
f 75 1077 1075
f 83 1126 1123
f 68 1036 1033
f 48 915 913
f 78 1095 1093
f 93 1185 1183
f 98 1216 1213
f 88 1155 1153
f 65 1018 1015
f 57 970 967
f 77 1090 1087
f 86 1143 1141
f 64 1012 1009
f 53 945 943
f 74 1071 1069
f 84 1131 1129
f 89 1162 1159
f 70 1047 1045
f 99 1221 1219
f 95 1197 1195
f 81 1114 1111
f 52 940 937
f 109 1284 1280
f 105 1260 1256
f 111 1296 1292
f 114 1314 1310
f 117 1332 1328
f 125 1380 1376
f 152 1542 1538
f 137 1451 1447
f 158 1577 1573
f 123 1367 1363
f 143 1488 1484
f 127 1392 1388
f 135 1439 1435
f 147 1512 1508
f 150 1530 1526
f 153 1548 1544
f 140 1470 1466
f 138 1457 1453
f 159 1583 1579
f 122 1361 1357
f 107 1270 1268
f 103 1246 1244
f 104 1251 1249
f 110 1287 1285
f 113 1305 1303
f 118 1335 1333
f 154 1552 1550
f 141 1474 1472
f 162 1600 1598
f 121 1353 1351
f 142 1480 1478
f 129 1402 1400
f 130 1407 1405
f 144 1491 1489
f 146 1503 1501
f 151 1534 1532
f 131 1413 1411
f 136 1443 1441
f 161 1593 1591
f 126 1384 1382
f 116 1324 1322
f 108 1276 1274
f 106 1264 1262
f 112 1300 1298
f 115 1318 1316
f 119 1342 1340
f 156 1563 1561
f 139 1461 1459
f 160 1587 1585
f 120 1348 1346
f 149 1522 1520
f 132 1419 1417
f 128 1396 1394
f 145 1498 1496
f 148 1516 1514
f 155 1558 1556
f 133 1426 1424
f 134 1432 1430
f 157 1569 1567
f 124 1371 1369
f 109 1281 1279
f 105 1257 1255
f 111 1293 1291
f 114 1311 1309
f 117 1329 1327
f 125 1377 1375
f 152 1539 1537
f 137 1450 1448
f 158 1576 1574
f 123 1366 1364
f 143 1485 1483
f 127 1389 1387
f 135 1438 1436
f 147 1509 1507
f 150 1527 1525
f 153 1545 1543
f 140 1467 1465
f 138 1456 1454
f 159 1582 1580
f 122 1360 1358
f 107 1271 1267
f 103 1247 1243
f 104 1254 1250
f 110 1290 1286
f 113 1308 1304
f 118 1338 1334
f 154 1553 1549
f 141 1475 1471
f 162 1601 1597
f 121 1356 1352
f 142 1481 1477
f 129 1403 1399
f 130 1410 1406
f 144 1494 1490
f 146 1506 1502
f 151 1535 1531
f 131 1416 1412
f 136 1446 1442
f 161 1596 1592
f 126 1385 1381
f 44 894 890
f 43 887 884
f 45 899 896
f 46 905 902
f 47 912 908
f 52 941 938
f 70 1050 1046
f 99 1224 1220
f 95 1200 1196
f 81 1115 1112
f 59 984 980
f 58 977 974
f 60 989 986
f 61 995 992
f 62 1002 998
f 65 1019 1016
f 57 971 968
f 77 1091 1088
f 86 1146 1142
f 88 1158 1154
f 98 1217 1214
f 68 1037 1034
f 48 918 914
f 78 1098 1094
f 93 1188 1184
f 69 1044 1040
f 101 1236 1232
f 97 1212 1208
f 82 1122 1118
f 50 930 926
f 89 1163 1160
f 64 1013 1010
f 53 948 944
f 74 1074 1070
f 84 1134 1130
f 90 1170 1166
f 63 1008 1004
f 55 960 956
f 76 1086 1082
f 87 1151 1148
f 72 1061 1058
f 49 923 920
f 79 1103 1100
f 96 1205 1202
f 102 1241 1238
f 91 1175 1172
f 67 1032 1028
f 56 966 962
f 75 1080 1076
f 83 1127 1124
f 66 1025 1022
f 54 953 950
f 73 1067 1064
f 85 1139 1136
f 92 1182 1178
f 71 1056 1052
f 100 1229 1226
f 94 1193 1190
f 80 1109 1106
f 51 936 932
f 116 1325 1321
f 108 1277 1273
f 106 1265 1261
f 112 1301 1297
f 115 1319 1315
f 119 1343 1339
f 156 1566 1562
f 139 1464 1460
f 160 1590 1586
f 120 1349 1345
f 149 1523 1519
f 132 1422 1418
f 128 1397 1393
f 145 1499 1495
f 148 1517 1513
f 155 1559 1555
f 133 1427 1423
f 134 1433 1429
f 157 1572 1568
f 124 1374 1370
f 44 892 894
f 43 885 887
f 45 897 899
f 46 903 905
f 47 910 912
f 52 939 941
f 70 1048 1050
f 99 1222 1224
f 95 1198 1200
f 81 1113 1115
f 59 982 984
f 58 975 977
f 60 987 989
f 61 993 995
f 62 1000 1002
f 65 1017 1019
f 57 969 971
f 77 1089 1091
f 86 1144 1146
f 88 1156 1158
f 98 1215 1217
f 68 1035 1037
f 48 916 918
f 78 1096 1098
f 93 1186 1188
f 69 1042 1044
f 101 1234 1236
f 97 1210 1212
f 82 1120 1122
f 50 928 930
f 89 1161 1163
f 64 1011 1013
f 53 946 948
f 74 1072 1074
f 84 1132 1134
f 90 1168 1170
f 63 1006 1008
f 55 958 960
f 76 1084 1086
f 87 1149 1151
f 72 1059 1061
f 49 921 923
f 79 1101 1103
f 96 1203 1205
f 102 1239 1241
f 91 1173 1175
f 67 1030 1032
f 56 964 966
f 75 1078 1080
f 83 1125 1127
f 66 1023 1025
f 54 951 953
f 73 1065 1067
f 85 1137 1139
f 92 1180 1182
f 71 1054 1056
f 100 1227 1229
f 94 1191 1193
f 80 1107 1109
f 51 934 936
f 116 1326 1325
f 108 1278 1277
f 106 1266 1265
f 112 1302 1301
f 115 1320 1319
f 119 1344 1343
f 156 1565 1566
f 139 1463 1464
f 160 1589 1590
f 120 1350 1349
f 149 1524 1523
f 132 1421 1422
f 128 1398 1397
f 145 1500 1499
f 148 1518 1517
f 155 1560 1559
f 133 1428 1427
f 134 1434 1433
f 157 1571 1572
f 124 1373 1374
f 44 889 892
f 43 883 885
f 45 895 897
f 46 901 903
f 47 907 910
f 52 937 939
f 70 1045 1048
f 99 1219 1222
f 95 1195 1198
f 81 1111 1113
f 59 979 982
f 58 973 975
f 60 985 987
f 61 991 993
f 62 997 1000
f 65 1015 1017
f 57 967 969
f 77 1087 1089
f 86 1141 1144
f 88 1153 1156
f 98 1213 1215
f 68 1033 1035
f 48 913 916
f 78 1093 1096
f 93 1183 1186
f 69 1039 1042
f 101 1231 1234
f 97 1207 1210
f 82 1117 1120
f 50 925 928
f 89 1159 1161
f 64 1009 1011
f 53 943 946
f 74 1069 1072
f 84 1129 1132
f 90 1165 1168
f 63 1003 1006
f 55 955 958
f 76 1081 1084
f 87 1147 1149
f 72 1057 1059
f 49 919 921
f 79 1099 1101
f 96 1201 1203
f 102 1237 1239
f 91 1171 1173
f 67 1027 1030
f 56 961 964
f 75 1075 1078
f 83 1123 1125
f 66 1021 1023
f 54 949 951
f 73 1063 1065
f 85 1135 1137
f 92 1177 1180
f 71 1051 1054
f 100 1225 1227
f 94 1189 1191
f 80 1105 1107
f 51 931 934
f 116 1322 1326
f 108 1274 1278
f 106 1262 1266
f 112 1298 1302
f 115 1316 1320
f 119 1340 1344
f 156 1561 1565
f 139 1459 1463
f 160 1585 1589
f 120 1346 1350
f 149 1520 1524
f 132 1417 1421
f 128 1394 1398
f 145 1496 1500
f 148 1514 1518
f 155 1556 1560
f 133 1424 1428
f 134 1430 1434
f 157 1567 1571
f 124 1369 1373
f 47 908 911
f 44 890 893
f 43 884 888
f 45 896 900
f 46 902 906
f 49 920 924
f 72 1058 1062
f 102 1238 1242
f 96 1202 1206
f 79 1100 1104
f 62 998 1001
f 59 980 983
f 58 974 978
f 60 986 990
f 61 992 996
f 66 1022 1026
f 54 950 954
f 73 1064 1068
f 85 1136 1140
f 92 1178 1181
f 101 1232 1235
f 69 1040 1043
f 50 926 929
f 82 1118 1121
f 97 1208 1211
f 71 1052 1055
f 100 1226 1230
f 94 1190 1194
f 80 1106 1110
f 51 932 935
f 90 1166 1169
f 63 1004 1007
f 55 956 959
f 76 1082 1085
f 87 1148 1152
f 91 1172 1176
f 67 1028 1031
f 56 962 965
f 75 1076 1079
f 83 1124 1128
f 68 1034 1038
f 48 914 917
f 78 1094 1097
f 93 1184 1187
f 98 1214 1218
f 88 1154 1157
f 65 1016 1020
f 57 968 972
f 77 1088 1092
f 86 1142 1145
f 64 1010 1014
f 53 944 947
f 74 1070 1073
f 84 1130 1133
f 89 1160 1164
f 70 1046 1049
f 99 1220 1223
f 95 1196 1199
f 81 1112 1116
f 52 938 942
f 109 1279 1283
f 105 1255 1259
f 111 1291 1295
f 114 1309 1313
f 117 1327 1331
f 125 1375 1379
f 152 1537 1541
f 137 1448 1452
f 158 1574 1578
f 123 1364 1368
f 143 1483 1487
f 127 1387 1391
f 135 1436 1440
f 147 1507 1511
f 150 1525 1529
f 153 1543 1547
f 140 1465 1469
f 138 1454 1458
f 159 1580 1584
f 122 1358 1362
f 107 1267 1269
f 103 1243 1245
f 104 1250 1252
f 110 1286 1288
f 113 1304 1306
f 118 1334 1336
f 154 1549 1551
f 141 1471 1473
f 162 1597 1599
f 121 1352 1354
f 142 1477 1479
f 129 1399 1401
f 130 1406 1408
f 144 1490 1492
f 146 1502 1504
f 151 1531 1533
f 131 1412 1414
f 136 1442 1444
f 161 1592 1594
f 126 1381 1383
f 116 1321 1323
f 108 1273 1275
f 106 1261 1263
f 112 1297 1299
f 115 1315 1317
f 119 1339 1341
f 156 1562 1564
f 139 1460 1462
f 160 1586 1588
f 120 1345 1347
f 149 1519 1521
f 132 1418 1420
f 128 1393 1395
f 145 1495 1497
f 148 1513 1515
f 155 1555 1557
f 133 1423 1425
f 134 1429 1431
f 157 1568 1570
f 124 1370 1372
f 109 1280 1282
f 105 1256 1258
f 111 1292 1294
f 114 1310 1312
f 117 1328 1330
f 125 1376 1378
f 152 1538 1540
f 137 1447 1449
f 158 1573 1575
f 123 1363 1365
f 143 1484 1486
f 127 1388 1390
f 135 1435 1437
f 147 1508 1510
f 150 1526 1528
f 153 1544 1546
f 140 1466 1468
f 138 1453 1455
f 159 1579 1581
f 122 1357 1359
f 107 1268 1272
f 103 1244 1248
f 104 1249 1253
f 110 1285 1289
f 113 1303 1307
f 118 1333 1337
f 154 1550 1554
f 141 1472 1476
f 162 1598 1602
f 121 1351 1355
f 142 1478 1482
f 129 1400 1404
f 130 1405 1409
f 144 1489 1493
f 146 1501 1505
f 151 1532 1536
f 131 1411 1415
f 136 1441 1445
f 161 1591 1595
f 126 1382 1386
f 47 911 909
f 44 893 891
f 43 888 886
f 45 900 898
f 46 906 904
f 49 924 922
f 72 1062 1060
f 102 1242 1240
f 96 1206 1204
f 79 1104 1102
f 62 1001 999
f 59 983 981
f 58 978 976
f 60 990 988
f 61 996 994
f 66 1026 1024
f 54 954 952
f 73 1068 1066
f 85 1140 1138
f 92 1181 1179
f 101 1235 1233
f 69 1043 1041
f 50 929 927
f 82 1121 1119
f 97 1211 1209
f 71 1055 1053
f 100 1230 1228
f 94 1194 1192
f 80 1110 1108
f 51 935 933
f 90 1169 1167
f 63 1007 1005
f 55 959 957
f 76 1085 1083
f 87 1152 1150
f 91 1176 1174
f 67 1031 1029
f 56 965 963
f 75 1079 1077
f 83 1128 1126
f 68 1038 1036
f 48 917 915
f 78 1097 1095
f 93 1187 1185
f 98 1218 1216
f 88 1157 1155
f 65 1020 1018
f 57 972 970
f 77 1092 1090
f 86 1145 1143
f 64 1014 1012
f 53 947 945
f 74 1073 1071
f 84 1133 1131
f 89 1164 1162
f 70 1049 1047
f 99 1223 1221
f 95 1199 1197
f 81 1116 1114
f 52 942 940
f 109 1283 1284
f 105 1259 1260
f 111 1295 1296
f 114 1313 1314
f 117 1331 1332
f 125 1379 1380
f 152 1541 1542
f 137 1452 1451
f 158 1578 1577
f 123 1368 1367
f 143 1487 1488
f 127 1391 1392
f 135 1440 1439
f 147 1511 1512
f 150 1529 1530
f 153 1547 1548
f 140 1469 1470
f 138 1458 1457
f 159 1584 1583
f 122 1362 1361
f 407 1609 1616
f 403 1605 1608
f 404 1611 1606
f 410 1614 1612
f 413 1617 1615
f 422 1631 1624
f 486 1688 1692
f 573 1775 1782
f 561 1763 1765
f 512 1719 1714
f 452 1654 1661
f 448 1650 1653
f 449 1656 1651
f 455 1659 1657
f 458 1662 1660
f 470 1672 1675
f 437 1646 1639
f 494 1706 1696
f 531 1735 1733
f 539 1741 1751
f 568 1770 1779
f 478 1680 1683
f 419 1621 1626
f 509 1711 1721
f 554 1756 1766
f 482 1684 1689
f 576 1780 1778
f 558 1767 1760
f 516 1722 1718
f 425 1627 1629
f 542 1744 1747
f 463 1668 1665
f 434 1636 1641
f 497 1699 1704
f 528 1730 1737
f 546 1748 1750
f 464 1666 1676
f 440 1642 1644
f 500 1705 1702
f 524 1736 1726
f 479 1691 1681
f 418 1623 1620
f 508 1713 1710
f 553 1764 1755
f 569 1781 1771
f 538 1749 1740
f 471 1677 1673
f 443 1645 1647
f 501 1703 1707
f 523 1725 1734
f 467 1674 1669
f 433 1638 1635
f 493 1695 1698
f 527 1732 1729
f 543 1752 1745
f 485 1690 1687
f 572 1777 1774
f 557 1759 1762
f 515 1717 1720
f 428 1630 1632
f 591 2191 2189
f 587 1885 1883
f 588 1901 1903
f 594 2279 2281
f 597 2315 2317
f 600 2171 2173
f 634 2160 2158
f 619 2016 2012
f 639 2214 2210
f 602 1919 1924
f 624 2137 2135
f 608 1978 1973
f 610 1991 1996
f 627 2225 2227
f 630 2302 2304
f 635 2178 2176
f 615 2153 2155
f 617 2009 2014
f 637 2207 2212
f 604 1926 1922
f 416 1857 1864
f 408 1803 1810
f 406 1786 1795
f 412 1822 1831
f 415 1840 1849
f 424 1876 1887
f 492 2182 2193
f 582 2312 2321
f 565 2276 2285
f 514 1898 1907
f 461 2091 2098
f 453 2037 2044
f 451 1952 1961
f 457 2056 2067
f 460 2074 2083
f 475 2128 2139
f 439 1966 1975
f 496 1988 1997
f 533 2222 2231
f 551 2293 2298
f 579 2185 2190
f 483 1879 1884
f 426 1893 1900
f 521 2271 2278
f 566 2307 2314
f 489 2163 2170
f 578 2150 2159
f 560 2006 2015
f 518 2204 2213
f 429 1911 1918
f 547 2131 2136
f 465 1969 1977
f 441 1983 1990
f 504 2217 2224
f 537 2290 2301
f 550 2168 2177
f 476 2145 2152
f 444 2001 2008
f 502 2199 2206
f 526 1916 1925
f 481 1808 1817
f 420 1789 1797
f 510 1825 1833
f 555 1843 1851
f 571 1862 1871
f 540 1933 1941
f 473 2110 2119
f 447 2020 2029
f 507 2236 2247
f 534 2257 2262
f 469 2042 2051
f 435 1947 1954
f 498 2059 2064
f 529 2077 2085
f 545 2096 2105
f 487 2113 2121
f 574 2023 2031
f 562 2239 2244
f 520 2254 2265
f 432 1930 1939
f 589 1818 1814
f 583 1798 1793
f 586 1834 1829
f 593 1852 1847
f 596 1872 1868
f 599 1942 1937
f 633 2120 2124
f 620 2030 2034
f 640 2248 2250
f 603 2263 2261
f 622 2052 2050
f 607 1955 1960
f 612 2065 2063
f 626 2086 2081
f 629 2106 2102
f 631 2122 2117
f 614 2032 2027
f 618 2245 2243
f 641 2266 2268
f 605 1940 1944
f 409 1813 1804
f 405 1792 1785
f 411 1828 1821
f 414 1846 1839
f 417 1867 1858
f 431 1936 1929
f 488 2123 2114
f 575 2033 2024
f 563 2249 2240
f 519 2260 2253
f 454 2049 2038
f 450 1959 1951
f 456 2062 2055
f 459 2080 2073
f 462 2101 2092
f 472 2116 2109
f 446 2026 2019
f 506 2242 2235
f 535 2267 2258
f 541 1943 1934
f 570 1869 1861
f 480 1815 1807
f 421 1799 1790
f 511 1835 1826
f 556 1853 1844
f 484 1889 1880
f 580 2195 2186
f 567 2319 2308
f 522 2283 2272
f 427 1905 1894
f 544 2103 2095
f 468 2046 2041
f 436 1957 1948
f 499 2069 2060
f 530 2087 2078
f 548 2141 2132
f 466 1979 1970
f 442 1993 1984
f 505 2229 2218
f 536 2296 2289
f 491 2188 2181
f 423 1882 1875
f 513 1902 1897
f 564 2280 2275
f 581 2316 2311
f 549 2172 2167
f 477 2157 2146
f 445 2011 2002
f 503 2209 2200
f 525 1923 1915
f 474 2134 2127
f 438 1972 1965
f 495 1995 1987
f 532 2226 2221
f 552 2303 2294
f 490 2175 2164
f 577 2154 2149
f 559 2013 2005
f 517 2211 2203
f 430 1921 1912
f 590 1865 1870
f 584 1811 1816
f 585 1796 1800
f 592 1832 1836
f 595 1850 1854
f 598 1888 1890
f 636 2194 2196
f 621 2322 2320
f 642 2286 2284
f 601 1908 1906
f 623 2099 2104
f 611 2045 2047
f 609 1962 1958
f 625 2068 2070
f 628 2084 2088
f 632 2140 2142
f 613 1976 1980
f 616 1998 1994
f 638 2232 2230
f 606 2299 2297
f 407 2330 2329
f 403 2324 2323
f 404 2325 2326
f 410 2332 2333
f 413 2335 2336
f 422 2344 2345
f 486 2410 2409
f 573 2497 2496
f 561 2486 2485
f 512 2434 2435
f 452 2375 2374
f 448 2369 2368
f 449 2370 2371
f 455 2377 2378
f 458 2380 2381
f 470 2393 2392
f 437 2359 2360
f 494 2415 2416
f 531 2455 2456
f 539 2461 2460
f 568 2489 2488
f 478 2399 2398
f 419 2341 2340
f 509 2431 2430
f 554 2476 2475
f 482 2405 2404
f 576 2500 2501
f 558 2481 2482
f 516 2439 2440
f 425 2348 2347
f 542 2465 2464
f 463 2383 2384
f 434 2356 2355
f 497 2420 2419
f 528 2452 2451
f 546 2471 2470
f 464 2386 2385
f 440 2363 2362
f 500 2422 2423
f 524 2445 2446
f 479 2400 2401
f 418 2338 2339
f 508 2428 2429
f 553 2473 2474
f 569 2490 2491
f 538 2458 2459
f 471 2394 2395
f 443 2366 2365
f 501 2425 2424
f 523 2444 2443
f 467 2389 2390
f 433 2353 2354
f 493 2414 2413
f 527 2449 2450
f 543 2466 2467
f 485 2407 2408
f 572 2494 2495
f 557 2480 2479
f 515 2438 2437
f 428 2351 2350
f 591 2510 2511
f 587 2504 2505
f 588 2508 2507
f 594 2514 2513
f 597 2517 2516
f 600 2520 2519
f 634 2554 2556
f 619 2539 2540
f 639 2560 2561
f 602 2523 2521
f 624 2543 2544
f 608 2527 2529
f 610 2532 2530
f 627 2547 2546
f 630 2550 2549
f 635 2552 2553
f 615 2535 2534
f 617 2538 2536
f 637 2558 2557
f 604 2524 2525
f 167 1607 647
f 164 1603 644
f 163 1604 643
f 165 1610 645
f 166 1613 646
f 169 1622 649
f 192 1686 672
f 222 1773 702
f 216 1761 696
f 199 1712 679
f 182 1652 662
f 179 1648 659
f 178 1649 658
f 180 1655 660
f 181 1658 661
f 186 1670 666
f 174 1637 654
f 193 1694 673
f 205 1731 685
f 212 1739 692
f 221 1768 701
f 189 1678 669
f 170 1619 650
f 202 1709 682
f 217 1754 697
f 191 1682 671
f 220 1776 700
f 214 1758 694
f 200 1716 680
f 171 1625 651
f 210 1742 690
f 183 1663 663
f 175 1634 655
f 196 1697 676
f 207 1728 687
f 211 1746 691
f 187 1664 667
f 176 1640 656
f 195 1700 675
f 203 1724 683
f 188 1679 668
f 168 1618 648
f 198 1708 678
f 213 1753 693
f 218 1769 698
f 208 1738 688
f 185 1671 665
f 177 1643 657
f 197 1701 677
f 206 1723 686
f 184 1667 664
f 173 1633 653
f 194 1693 674
f 204 1727 684
f 209 1743 689
f 190 1685 670
f 219 1772 699
f 215 1757 695
f 201 1715 681
f 172 1628 652
f 357 2187 837
f 255 1881 735
f 262 1899 742
f 388 2277 868
f 400 2313 880
f 352 2169 832
f 347 2156 827
f 298 2010 778
f 364 2208 844
f 269 1917 749
f 339 2133 819
f 285 1971 765
f 293 1989 773
f 370 2223 850
f 396 2300 876
f 353 2174 833
f 346 2151 826
f 299 2007 779
f 365 2205 845
f 268 1920 748
f 249 1855 729
f 231 1801 711
f 226 1784 706
f 238 1820 718
f 244 1838 724
f 257 1874 737
f 359 2180 839
f 402 2310 882
f 390 2274 870
f 264 1896 744
f 327 2089 807
f 309 2035 789
f 282 1950 762
f 317 2054 797
f 322 2072 802
f 341 2126 821
f 286 1964 766
f 294 1986 774
f 372 2220 852
f 394 2291 874
f 358 2183 838
f 256 1877 736
f 261 1891 741
f 387 2269 867
f 399 2305 879
f 351 2161 831
f 348 2148 828
f 300 2004 780
f 366 2202 846
f 267 1909 747
f 340 2129 820
f 287 1967 767
f 291 1981 771
f 369 2215 849
f 395 2288 875
f 354 2166 834
f 345 2143 825
f 297 1999 777
f 363 2197 843
f 270 1914 750
f 234 1806 714
f 227 1787 707
f 239 1823 719
f 245 1841 725
f 252 1860 732
f 275 1931 755
f 334 2108 814
f 304 2018 784
f 377 2234 857
f 382 2255 862
f 312 2040 792
f 279 1945 759
f 316 2057 796
f 323 2075 803
f 330 2094 810
f 335 2111 815
f 305 2021 785
f 376 2237 856
f 383 2252 863
f 274 1928 754
f 232 1812 712
f 225 1791 705
f 237 1827 717
f 243 1845 723
f 250 1866 730
f 273 1935 753
f 336 2118 816
f 306 2028 786
f 378 2246 858
f 381 2259 861
f 311 2048 791
f 281 1953 761
f 315 2061 795
f 321 2079 801
f 328 2100 808
f 333 2115 813
f 303 2025 783
f 375 2241 855
f 384 2264 864
f 276 1938 756
f 229 1802 709
f 223 1783 703
f 235 1819 715
f 241 1837 721
f 247 1856 727
f 271 1927 751
f 332 2112 812
f 302 2022 782
f 374 2238 854
f 379 2251 859
f 307 2036 787
f 278 1949 758
f 313 2053 793
f 319 2071 799
f 325 2090 805
f 331 2107 811
f 301 2017 781
f 373 2233 853
f 380 2256 860
f 272 1932 752
f 248 1859 728
f 230 1805 710
f 224 1788 704
f 236 1824 716
f 242 1842 722
f 254 1878 734
f 356 2184 836
f 397 2306 877
f 385 2270 865
f 259 1892 739
f 326 2093 806
f 308 2039 788
f 277 1946 757
f 314 2058 794
f 320 2076 800
f 338 2130 818
f 284 1968 764
f 289 1982 769
f 367 2216 847
f 391 2287 871
f 355 2179 835
f 253 1873 733
f 260 1895 740
f 386 2273 866
f 398 2309 878
f 350 2165 830
f 343 2144 823
f 295 2000 775
f 361 2198 841
f 266 1913 746
f 337 2125 817
f 283 1963 763
f 290 1985 770
f 368 2219 848
f 392 2292 872
f 349 2162 829
f 344 2147 824
f 296 2003 776
f 362 2201 842
f 265 1910 745
f 251 1863 731
f 233 1809 713
f 228 1794 708
f 240 1830 720
f 246 1848 726
f 258 1886 738
f 360 2192 840
f 401 2318 881
f 389 2282 869
f 263 1904 743
f 329 2097 809
f 310 2043 790
f 280 1956 760
f 318 2066 798
f 324 2082 804
f 342 2138 822
f 288 1974 768
f 292 1992 772
f 371 2228 851
f 393 2295 873
f 409 2331 1269
f 405 2327 1245
f 411 2328 1252
f 414 2334 1288
f 417 2337 1306
f 431 2346 1336
f 488 2412 1551
f 575 2499 1473
f 563 2487 1599
f 519 2436 1354
f 454 2376 1479
f 450 2372 1401
f 456 2373 1408
f 459 2379 1492
f 462 2382 1504
f 472 2396 1533
f 446 2361 1414
f 506 2418 1444
f 535 2457 1594
f 541 2463 1383
f 570 2492 1323
f 480 2402 1275
f 421 2343 1263
f 511 2433 1299
f 556 2478 1317
f 484 2406 1341
f 580 2502 1564
f 567 2484 1462
f 522 2442 1588
f 427 2349 1347
f 544 2468 1521
f 468 2387 1420
f 436 2358 1395
f 499 2421 1497
f 530 2454 1515
f 548 2472 1557
f 466 2388 1425
f 442 2364 1431
f 505 2426 1570
f 536 2448 1372
f 491 2403 1282
f 423 2342 1258
f 513 2432 1294
f 564 2477 1312
f 581 2493 1330
f 549 2462 1378
f 477 2397 1540
f 445 2367 1449
f 503 2427 1575
f 525 2447 1365
f 474 2391 1486
f 438 2357 1390
f 495 2417 1437
f 532 2453 1510
f 552 2469 1528
f 490 2411 1546
f 577 2498 1468
f 559 2483 1455
f 517 2441 1581
f 430 2352 1359
f 590 2509 1272
f 584 2503 1248
f 585 2506 1253
f 592 2512 1289
f 595 2515 1307
f 598 2518 1337
f 636 2555 1554
f 621 2541 1476
f 642 2562 1602
f 601 2522 1355
f 623 2542 1482
f 611 2528 1404
f 609 2531 1409
f 625 2545 1493
f 628 2548 1505
f 632 2551 1536
f 613 2533 1415
f 616 2537 1445
f 638 2559 1595
f 606 2526 1386
f 407 1616 909
f 403 1608 891
f 404 1606 886
f 410 1612 898
f 413 1615 904
f 422 1624 922
f 486 1692 1060
f 573 1782 1240
f 561 1765 1204
f 512 1714 1102
f 452 1661 999
f 448 1653 981
f 449 1651 976
f 455 1657 988
f 458 1660 994
f 470 1675 1024
f 437 1639 952
f 494 1696 1066
f 531 1733 1138
f 539 1751 1179
f 568 1779 1233
f 478 1683 1041
f 419 1626 927
f 509 1721 1119
f 554 1766 1209
f 482 1689 1053
f 576 1778 1228
f 558 1760 1192
f 516 1718 1108
f 425 1629 933
f 542 1747 1167
f 463 1665 1005
f 434 1641 957
f 497 1704 1083
f 528 1737 1150
f 546 1750 1174
f 464 1676 1029
f 440 1644 963
f 500 1702 1077
f 524 1726 1126
f 479 1681 1036
f 418 1620 915
f 508 1710 1095
f 553 1755 1185
f 569 1771 1216
f 538 1740 1155
f 471 1673 1018
f 443 1647 970
f 501 1707 1090
f 523 1734 1143
f 467 1669 1012
f 433 1635 945
f 493 1698 1071
f 527 1729 1131
f 543 1745 1162
f 485 1687 1047
f 572 1774 1221
f 557 1762 1197
f 515 1720 1114
f 428 1632 940
f 591 2189 1284
f 587 1883 1260
f 588 1903 1296
f 594 2281 1314
f 597 2317 1332
f 600 2173 1380
f 634 2158 1542
f 619 2012 1451
f 639 2210 1577
f 602 1924 1367
f 624 2135 1488
f 608 1973 1392
f 610 1996 1439
f 627 2227 1512
f 630 2304 1530
f 635 2176 1548
f 615 2155 1470
f 617 2014 1457
f 637 2212 1583
f 604 1922 1361
f 416 1864 1270
f 408 1810 1246
f 406 1795 1251
f 412 1831 1287
f 415 1849 1305
f 424 1887 1335
f 492 2193 1552
f 582 2321 1474
f 565 2285 1600
f 514 1907 1353
f 461 2098 1480
f 453 2044 1402
f 451 1961 1407
f 457 2067 1491
f 460 2083 1503
f 475 2139 1534
f 439 1975 1413
f 496 1997 1443
f 533 2231 1593
f 551 2298 1384
f 579 2190 1324
f 483 1884 1276
f 426 1900 1264
f 521 2278 1300
f 566 2314 1318
f 489 2170 1342
f 578 2159 1563
f 560 2015 1461
f 518 2213 1587
f 429 1918 1348
f 547 2136 1522
f 465 1977 1419
f 441 1990 1396
f 504 2224 1498
f 537 2301 1516
f 550 2177 1558
f 476 2152 1426
f 444 2008 1432
f 502 2206 1569
f 526 1925 1371
f 481 1817 1281
f 420 1797 1257
f 510 1833 1293
f 555 1851 1311
f 571 1871 1329
f 540 1941 1377
f 473 2119 1539
f 447 2029 1450
f 507 2247 1576
f 534 2262 1366
f 469 2051 1485
f 435 1954 1389
f 498 2064 1438
f 529 2085 1509
f 545 2105 1527
f 487 2121 1545
f 574 2031 1467
f 562 2244 1456
f 520 2265 1582
f 432 1939 1360
f 589 1814 1271
f 583 1793 1247
f 586 1829 1254
f 593 1847 1290
f 596 1868 1308
f 599 1937 1338
f 633 2124 1553
f 620 2034 1475
f 640 2250 1601
f 603 2261 1356
f 622 2050 1481
f 607 1960 1403
f 612 2063 1410
f 626 2081 1494
f 629 2102 1506
f 631 2117 1535
f 614 2027 1416
f 618 2243 1446
f 641 2268 1596
f 605 1944 1385
f 409 1804 894
f 405 1785 887
f 411 1821 899
f 414 1839 905
f 417 1858 912
f 431 1929 941
f 488 2114 1050
f 575 2024 1224
f 563 2240 1200
f 519 2253 1115
f 454 2038 984
f 450 1951 977
f 456 2055 989
f 459 2073 995
f 462 2092 1002
f 472 2109 1019
f 446 2019 971
f 506 2235 1091
f 535 2258 1146
f 541 1934 1158
f 570 1861 1217
f 480 1807 1037
f 421 1790 918
f 511 1826 1098
f 556 1844 1188
f 484 1880 1044
f 580 2186 1236
f 567 2308 1212
f 522 2272 1122
f 427 1894 930
f 544 2095 1163
f 468 2041 1013
f 436 1948 948
f 499 2060 1074
f 530 2078 1134
f 548 2132 1170
f 466 1970 1008
f 442 1984 960
f 505 2218 1086
f 536 2289 1151
f 491 2181 1061
f 423 1875 923
f 513 1897 1103
f 564 2275 1205
f 581 2311 1241
f 549 2167 1175
f 477 2146 1032
f 445 2002 966
f 503 2200 1080
f 525 1915 1127
f 474 2127 1025
f 438 1965 953
f 495 1987 1067
f 532 2221 1139
f 552 2294 1182
f 490 2164 1056
f 577 2149 1229
f 559 2005 1193
f 517 2203 1109
f 430 1912 936
f 590 1870 1325
f 584 1816 1277
f 585 1800 1265
f 592 1836 1301
f 595 1854 1319
f 598 1890 1343
f 636 2196 1566
f 621 2320 1464
f 642 2284 1590
f 601 1906 1349
f 623 2104 1523
f 611 2047 1422
f 609 1958 1397
f 625 2070 1499
f 628 2088 1517
f 632 2142 1559
f 613 1980 1427
f 616 1994 1433
f 638 2230 1572
f 606 2297 1374
f 407 2329 892
f 403 2323 885
f 404 2326 897
f 410 2333 903
f 413 2336 910
f 422 2345 939
f 486 2409 1048
f 573 2496 1222
f 561 2485 1198
f 512 2435 1113
f 452 2374 982
f 448 2368 975
f 449 2371 987
f 455 2378 993
f 458 2381 1000
f 470 2392 1017
f 437 2360 969
f 494 2416 1089
f 531 2456 1144
f 539 2460 1156
f 568 2488 1215
f 478 2398 1035
f 419 2340 916
f 509 2430 1096
f 554 2475 1186
f 482 2404 1042
f 576 2501 1234
f 558 2482 1210
f 516 2440 1120
f 425 2347 928
f 542 2464 1161
f 463 2384 1011
f 434 2355 946
f 497 2419 1072
f 528 2451 1132
f 546 2470 1168
f 464 2385 1006
f 440 2362 958
f 500 2423 1084
f 524 2446 1149
f 479 2401 1059
f 418 2339 921
f 508 2429 1101
f 553 2474 1203
f 569 2491 1239
f 538 2459 1173
f 471 2395 1030
f 443 2365 964
f 501 2424 1078
f 523 2443 1125
f 467 2390 1023
f 433 2354 951
f 493 2413 1065
f 527 2450 1137
f 543 2467 1180
f 485 2408 1054
f 572 2495 1227
f 557 2479 1191
f 515 2437 1107
f 428 2350 934
f 591 2511 1326
f 587 2505 1278
f 588 2507 1266
f 594 2513 1302
f 597 2516 1320
f 600 2519 1344
f 634 2556 1565
f 619 2540 1463
f 639 2561 1589
f 602 2521 1350
f 624 2544 1524
f 608 2529 1421
f 610 2530 1398
f 627 2546 1500
f 630 2549 1518
f 635 2553 1560
f 615 2534 1428
f 617 2536 1434
f 637 2557 1571
f 604 2525 1373
f 164 1609 889
f 163 1605 883
f 165 1611 895
f 166 1614 901
f 167 1617 907
f 172 1631 937
f 190 1688 1045
f 219 1775 1219
f 215 1763 1195
f 201 1719 1111
f 179 1654 979
f 178 1650 973
f 180 1656 985
f 181 1659 991
f 182 1662 997
f 185 1672 1015
f 177 1646 967
f 197 1706 1087
f 206 1735 1141
f 208 1741 1153
f 218 1770 1213
f 188 1680 1033
f 168 1621 913
f 198 1711 1093
f 213 1756 1183
f 189 1684 1039
f 221 1780 1231
f 217 1767 1207
f 202 1722 1117
f 170 1627 925
f 209 1744 1159
f 184 1668 1009
f 173 1636 943
f 194 1699 1069
f 204 1730 1129
f 210 1748 1165
f 183 1666 1003
f 175 1642 955
f 196 1705 1081
f 207 1736 1147
f 192 1691 1057
f 169 1623 919
f 199 1713 1099
f 216 1764 1201
f 222 1781 1237
f 211 1749 1171
f 187 1677 1027
f 176 1645 961
f 195 1703 1075
f 203 1725 1123
f 186 1674 1021
f 174 1638 949
f 193 1695 1063
f 205 1732 1135
f 212 1752 1177
f 191 1690 1051
f 220 1777 1225
f 214 1759 1189
f 200 1717 1105
f 171 1630 931
f 358 2191 1322
f 256 1885 1274
f 261 1901 1262
f 387 2279 1298
f 399 2315 1316
f 351 2171 1340
f 348 2160 1561
f 300 2016 1459
f 366 2214 1585
f 267 1919 1346
f 340 2137 1520
f 287 1978 1417
f 291 1991 1394
f 369 2225 1496
f 395 2302 1514
f 354 2178 1556
f 345 2153 1424
f 297 2009 1430
f 363 2207 1567
f 270 1926 1369
f 247 1857 908
f 229 1803 890
f 223 1786 884
f 235 1822 896
f 241 1840 902
f 253 1876 920
f 355 2182 1058
f 398 2312 1238
f 386 2276 1202
f 260 1898 1100
f 325 2091 998
f 307 2037 980
f 278 1952 974
f 313 2056 986
f 319 2074 992
f 337 2128 1022
f 283 1966 950
f 290 1988 1064
f 368 2222 1136
f 392 2293 1178
f 356 2185 1232
f 254 1879 1040
f 259 1893 926
f 385 2271 1118
f 397 2307 1208
f 349 2163 1052
f 344 2150 1226
f 296 2006 1190
f 362 2204 1106
f 265 1911 932
f 338 2131 1166
f 284 1969 1004
f 289 1983 956
f 367 2217 1082
f 391 2290 1148
f 350 2168 1172
f 343 2145 1028
f 295 2001 962
f 361 2199 1076
f 266 1916 1124
f 230 1808 1034
f 224 1789 914
f 236 1825 1094
f 242 1843 1184
f 248 1862 1214
f 272 1933 1154
f 331 2110 1016
f 301 2020 968
f 373 2236 1088
f 380 2257 1142
f 308 2042 1010
f 277 1947 944
f 314 2059 1070
f 320 2077 1130
f 326 2096 1160
f 332 2113 1046
f 302 2023 1220
f 374 2239 1196
f 379 2254 1112
f 271 1930 938
f 234 1818 1279
f 227 1798 1255
f 239 1834 1291
f 245 1852 1309
f 252 1872 1327
f 275 1942 1375
f 334 2120 1537
f 304 2030 1448
f 377 2248 1574
f 382 2263 1364
f 312 2052 1483
f 279 1955 1387
f 316 2065 1436
f 323 2086 1507
f 330 2106 1525
f 335 2122 1543
f 305 2032 1465
f 376 2245 1454
f 383 2266 1580
f 274 1940 1358
f 232 1813 1267
f 225 1792 1243
f 237 1828 1250
f 243 1846 1286
f 250 1867 1304
f 273 1936 1334
f 336 2123 1549
f 306 2033 1471
f 378 2249 1597
f 381 2260 1352
f 311 2049 1477
f 281 1959 1399
f 315 2062 1406
f 321 2080 1490
f 328 2101 1502
f 333 2116 1531
f 303 2026 1412
f 375 2242 1442
f 384 2267 1592
f 276 1943 1381
f 251 1869 1321
f 233 1815 1273
f 228 1799 1261
f 240 1835 1297
f 246 1853 1315
f 258 1889 1339
f 360 2195 1562
f 401 2319 1460
f 389 2283 1586
f 263 1905 1345
f 329 2103 1519
f 310 2046 1418
f 280 1957 1393
f 318 2069 1495
f 324 2087 1513
f 342 2141 1555
f 288 1979 1423
f 292 1993 1429
f 371 2229 1568
f 393 2296 1370
f 357 2188 1280
f 255 1882 1256
f 262 1902 1292
f 388 2280 1310
f 400 2316 1328
f 352 2172 1376
f 347 2157 1538
f 298 2011 1447
f 364 2209 1573
f 269 1923 1363
f 339 2134 1484
f 285 1972 1388
f 293 1995 1435
f 370 2226 1508
f 396 2303 1526
f 353 2175 1544
f 346 2154 1466
f 299 2013 1453
f 365 2211 1579
f 268 1921 1357
f 249 1865 1268
f 231 1811 1244
f 226 1796 1249
f 238 1832 1285
f 244 1850 1303
f 257 1888 1333
f 359 2194 1550
f 402 2322 1472
f 390 2286 1598
f 264 1908 1351
f 327 2099 1478
f 309 2045 1400
f 282 1962 1405
f 317 2068 1489
f 322 2084 1501
f 341 2140 1532
f 286 1976 1411
f 294 1998 1441
f 372 2232 1591
f 394 2299 1382
f 416 2330 911
f 408 2324 893
f 406 2325 888
f 412 2332 900
f 415 2335 906
f 424 2344 924
f 492 2410 1062
f 582 2497 1242
f 565 2486 1206
f 514 2434 1104
f 461 2375 1001
f 453 2369 983
f 451 2370 978
f 457 2377 990
f 460 2380 996
f 475 2393 1026
f 439 2359 954
f 496 2415 1068
f 533 2455 1140
f 551 2461 1181
f 579 2489 1235
f 483 2399 1043
f 426 2341 929
f 521 2431 1121
f 566 2476 1211
f 489 2405 1055
f 578 2500 1230
f 560 2481 1194
f 518 2439 1110
f 429 2348 935
f 547 2465 1169
f 465 2383 1007
f 441 2356 959
f 504 2420 1085
f 537 2452 1152
f 550 2471 1176
f 476 2386 1031
f 444 2363 965
f 502 2422 1079
f 526 2445 1128
f 481 2400 1038
f 420 2338 917
f 510 2428 1097
f 555 2473 1187
f 571 2490 1218
f 540 2458 1157
f 473 2394 1020
f 447 2366 972
f 507 2425 1092
f 534 2444 1145
f 469 2389 1014
f 435 2353 947
f 498 2414 1073
f 529 2449 1133
f 545 2466 1164
f 487 2407 1049
f 574 2494 1223
f 562 2480 1199
f 520 2438 1116
f 432 2351 942
f 589 2510 1283
f 583 2504 1259
f 586 2508 1295
f 593 2514 1313
f 596 2517 1331
f 599 2520 1379
f 633 2554 1541
f 620 2539 1452
f 640 2560 1578
f 603 2523 1368
f 622 2543 1487
f 607 2527 1391
f 612 2532 1440
f 626 2547 1511
f 629 2550 1529
f 631 2552 1547
f 614 2535 1469
f 618 2538 1458
f 641 2558 1584
f 605 2524 1362
f 164 1607 1609
f 163 1603 1605
f 165 1604 1611
f 166 1610 1614
f 167 1613 1617
f 172 1622 1631
f 190 1686 1688
f 219 1773 1775
f 215 1761 1763
f 201 1712 1719
f 179 1652 1654
f 178 1648 1650
f 180 1649 1656
f 181 1655 1659
f 182 1658 1662
f 185 1670 1672
f 177 1637 1646
f 197 1694 1706
f 206 1731 1735
f 208 1739 1741
f 218 1768 1770
f 188 1678 1680
f 168 1619 1621
f 198 1709 1711
f 213 1754 1756
f 189 1682 1684
f 221 1776 1780
f 217 1758 1767
f 202 1716 1722
f 170 1625 1627
f 209 1742 1744
f 184 1663 1668
f 173 1634 1636
f 194 1697 1699
f 204 1728 1730
f 210 1746 1748
f 183 1664 1666
f 175 1640 1642
f 196 1700 1705
f 207 1724 1736
f 192 1679 1691
f 169 1618 1623
f 199 1708 1713
f 216 1753 1764
f 222 1769 1781
f 211 1738 1749
f 187 1671 1677
f 176 1643 1645
f 195 1701 1703
f 203 1723 1725
f 186 1667 1674
f 174 1633 1638
f 193 1693 1695
f 205 1727 1732
f 212 1743 1752
f 191 1685 1690
f 220 1772 1777
f 214 1757 1759
f 200 1715 1717
f 171 1628 1630
f 358 2187 2191
f 256 1881 1885
f 261 1899 1901
f 387 2277 2279
f 399 2313 2315
f 351 2169 2171
f 348 2156 2160
f 300 2010 2016
f 366 2208 2214
f 267 1917 1919
f 340 2133 2137
f 287 1971 1978
f 291 1989 1991
f 369 2223 2225
f 395 2300 2302
f 354 2174 2178
f 345 2151 2153
f 297 2007 2009
f 363 2205 2207
f 270 1920 1926
f 247 1855 1857
f 229 1801 1803
f 223 1784 1786
f 235 1820 1822
f 241 1838 1840
f 253 1874 1876
f 355 2180 2182
f 398 2310 2312
f 386 2274 2276
f 260 1896 1898
f 325 2089 2091
f 307 2035 2037
f 278 1950 1952
f 313 2054 2056
f 319 2072 2074
f 337 2126 2128
f 283 1964 1966
f 290 1986 1988
f 368 2220 2222
f 392 2291 2293
f 356 2183 2185
f 254 1877 1879
f 259 1891 1893
f 385 2269 2271
f 397 2305 2307
f 349 2161 2163
f 344 2148 2150
f 296 2004 2006
f 362 2202 2204
f 265 1909 1911
f 338 2129 2131
f 284 1967 1969
f 289 1981 1983
f 367 2215 2217
f 391 2288 2290
f 350 2166 2168
f 343 2143 2145
f 295 1999 2001
f 361 2197 2199
f 266 1914 1916
f 230 1806 1808
f 224 1787 1789
f 236 1823 1825
f 242 1841 1843
f 248 1860 1862
f 272 1931 1933
f 331 2108 2110
f 301 2018 2020
f 373 2234 2236
f 380 2255 2257
f 308 2040 2042
f 277 1945 1947
f 314 2057 2059
f 320 2075 2077
f 326 2094 2096
f 332 2111 2113
f 302 2021 2023
f 374 2237 2239
f 379 2252 2254
f 271 1928 1930
f 234 1812 1818
f 227 1791 1798
f 239 1827 1834
f 245 1845 1852
f 252 1866 1872
f 275 1935 1942
f 334 2118 2120
f 304 2028 2030
f 377 2246 2248
f 382 2259 2263
f 312 2048 2052
f 279 1953 1955
f 316 2061 2065
f 323 2079 2086
f 330 2100 2106
f 335 2115 2122
f 305 2025 2032
f 376 2241 2245
f 383 2264 2266
f 274 1938 1940
f 232 1802 1813
f 225 1783 1792
f 237 1819 1828
f 243 1837 1846
f 250 1856 1867
f 273 1927 1936
f 336 2112 2123
f 306 2022 2033
f 378 2238 2249
f 381 2251 2260
f 311 2036 2049
f 281 1949 1959
f 315 2053 2062
f 321 2071 2080
f 328 2090 2101
f 333 2107 2116
f 303 2017 2026
f 375 2233 2242
f 384 2256 2267
f 276 1932 1943
f 251 1859 1869
f 233 1805 1815
f 228 1788 1799
f 240 1824 1835
f 246 1842 1853
f 258 1878 1889
f 360 2184 2195
f 401 2306 2319
f 389 2270 2283
f 263 1892 1905
f 329 2093 2103
f 310 2039 2046
f 280 1946 1957
f 318 2058 2069
f 324 2076 2087
f 342 2130 2141
f 288 1968 1979
f 292 1982 1993
f 371 2216 2229
f 393 2287 2296
f 357 2179 2188
f 255 1873 1882
f 262 1895 1902
f 388 2273 2280
f 400 2309 2316
f 352 2165 2172
f 347 2144 2157
f 298 2000 2011
f 364 2198 2209
f 269 1913 1923
f 339 2125 2134
f 285 1963 1972
f 293 1985 1995
f 370 2219 2226
f 396 2292 2303
f 353 2162 2175
f 346 2147 2154
f 299 2003 2013
f 365 2201 2211
f 268 1910 1921
f 249 1863 1865
f 231 1809 1811
f 226 1794 1796
f 238 1830 1832
f 244 1848 1850
f 257 1886 1888
f 359 2192 2194
f 402 2318 2322
f 390 2282 2286
f 264 1904 1908
f 327 2097 2099
f 309 2043 2045
f 282 1956 1962
f 317 2066 2068
f 322 2082 2084
f 341 2138 2140
f 286 1974 1976
f 294 1992 1998
f 372 2228 2232
f 394 2295 2299
f 416 2331 2330
f 408 2327 2324
f 406 2328 2325
f 412 2334 2332
f 415 2337 2335
f 424 2346 2344
f 492 2412 2410
f 582 2499 2497
f 565 2487 2486
f 514 2436 2434
f 461 2376 2375
f 453 2372 2369
f 451 2373 2370
f 457 2379 2377
f 460 2382 2380
f 475 2396 2393
f 439 2361 2359
f 496 2418 2415
f 533 2457 2455
f 551 2463 2461
f 579 2492 2489
f 483 2402 2399
f 426 2343 2341
f 521 2433 2431
f 566 2478 2476
f 489 2406 2405
f 578 2502 2500
f 560 2484 2481
f 518 2442 2439
f 429 2349 2348
f 547 2468 2465
f 465 2387 2383
f 441 2358 2356
f 504 2421 2420
f 537 2454 2452
f 550 2472 2471
f 476 2388 2386
f 444 2364 2363
f 502 2426 2422
f 526 2448 2445
f 481 2403 2400
f 420 2342 2338
f 510 2432 2428
f 555 2477 2473
f 571 2493 2490
f 540 2462 2458
f 473 2397 2394
f 447 2367 2366
f 507 2427 2425
f 534 2447 2444
f 469 2391 2389
f 435 2357 2353
f 498 2417 2414
f 529 2453 2449
f 545 2469 2466
f 487 2411 2407
f 574 2498 2494
f 562 2483 2480
f 520 2441 2438
f 432 2352 2351
f 589 2509 2510
f 583 2503 2504
f 586 2506 2508
f 593 2512 2514
f 596 2515 2517
f 599 2518 2520
f 633 2555 2554
f 620 2541 2539
f 640 2562 2560
f 603 2522 2523
f 622 2542 2543
f 607 2528 2527
f 612 2531 2532
f 626 2545 2547
f 629 2548 2550
f 631 2551 2552
f 614 2533 2535
f 618 2537 2538
f 641 2559 2558
f 605 2526 2524
f 164 644 1607
f 163 643 1603
f 165 645 1604
f 166 646 1610
f 167 647 1613
f 172 652 1622
f 190 670 1686
f 219 699 1773
f 215 695 1761
f 201 681 1712
f 179 659 1652
f 178 658 1648
f 180 660 1649
f 181 661 1655
f 182 662 1658
f 185 665 1670
f 177 657 1637
f 197 677 1694
f 206 686 1731
f 208 688 1739
f 218 698 1768
f 188 668 1678
f 168 648 1619
f 198 678 1709
f 213 693 1754
f 189 669 1682
f 221 701 1776
f 217 697 1758
f 202 682 1716
f 170 650 1625
f 209 689 1742
f 184 664 1663
f 173 653 1634
f 194 674 1697
f 204 684 1728
f 210 690 1746
f 183 663 1664
f 175 655 1640
f 196 676 1700
f 207 687 1724
f 192 672 1679
f 169 649 1618
f 199 679 1708
f 216 696 1753
f 222 702 1769
f 211 691 1738
f 187 667 1671
f 176 656 1643
f 195 675 1701
f 203 683 1723
f 186 666 1667
f 174 654 1633
f 193 673 1693
f 205 685 1727
f 212 692 1743
f 191 671 1685
f 220 700 1772
f 214 694 1757
f 200 680 1715
f 171 651 1628
f 358 838 2187
f 256 736 1881
f 261 741 1899
f 387 867 2277
f 399 879 2313
f 351 831 2169
f 348 828 2156
f 300 780 2010
f 366 846 2208
f 267 747 1917
f 340 820 2133
f 287 767 1971
f 291 771 1989
f 369 849 2223
f 395 875 2300
f 354 834 2174
f 345 825 2151
f 297 777 2007
f 363 843 2205
f 270 750 1920
f 247 727 1855
f 229 709 1801
f 223 703 1784
f 235 715 1820
f 241 721 1838
f 253 733 1874
f 355 835 2180
f 398 878 2310
f 386 866 2274
f 260 740 1896
f 325 805 2089
f 307 787 2035
f 278 758 1950
f 313 793 2054
f 319 799 2072
f 337 817 2126
f 283 763 1964
f 290 770 1986
f 368 848 2220
f 392 872 2291
f 356 836 2183
f 254 734 1877
f 259 739 1891
f 385 865 2269
f 397 877 2305
f 349 829 2161
f 344 824 2148
f 296 776 2004
f 362 842 2202
f 265 745 1909
f 338 818 2129
f 284 764 1967
f 289 769 1981
f 367 847 2215
f 391 871 2288
f 350 830 2166
f 343 823 2143
f 295 775 1999
f 361 841 2197
f 266 746 1914
f 230 710 1806
f 224 704 1787
f 236 716 1823
f 242 722 1841
f 248 728 1860
f 272 752 1931
f 331 811 2108
f 301 781 2018
f 373 853 2234
f 380 860 2255
f 308 788 2040
f 277 757 1945
f 314 794 2057
f 320 800 2075
f 326 806 2094
f 332 812 2111
f 302 782 2021
f 374 854 2237
f 379 859 2252
f 271 751 1928
f 234 714 1812
f 227 707 1791
f 239 719 1827
f 245 725 1845
f 252 732 1866
f 275 755 1935
f 334 814 2118
f 304 784 2028
f 377 857 2246
f 382 862 2259
f 312 792 2048
f 279 759 1953
f 316 796 2061
f 323 803 2079
f 330 810 2100
f 335 815 2115
f 305 785 2025
f 376 856 2241
f 383 863 2264
f 274 754 1938
f 232 712 1802
f 225 705 1783
f 237 717 1819
f 243 723 1837
f 250 730 1856
f 273 753 1927
f 336 816 2112
f 306 786 2022
f 378 858 2238
f 381 861 2251
f 311 791 2036
f 281 761 1949
f 315 795 2053
f 321 801 2071
f 328 808 2090
f 333 813 2107
f 303 783 2017
f 375 855 2233
f 384 864 2256
f 276 756 1932
f 251 731 1859
f 233 713 1805
f 228 708 1788
f 240 720 1824
f 246 726 1842
f 258 738 1878
f 360 840 2184
f 401 881 2306
f 389 869 2270
f 263 743 1892
f 329 809 2093
f 310 790 2039
f 280 760 1946
f 318 798 2058
f 324 804 2076
f 342 822 2130
f 288 768 1968
f 292 772 1982
f 371 851 2216
f 393 873 2287
f 357 837 2179
f 255 735 1873
f 262 742 1895
f 388 868 2273
f 400 880 2309
f 352 832 2165
f 347 827 2144
f 298 778 2000
f 364 844 2198
f 269 749 1913
f 339 819 2125
f 285 765 1963
f 293 773 1985
f 370 850 2219
f 396 876 2292
f 353 833 2162
f 346 826 2147
f 299 779 2003
f 365 845 2201
f 268 748 1910
f 249 729 1863
f 231 711 1809
f 226 706 1794
f 238 718 1830
f 244 724 1848
f 257 737 1886
f 359 839 2192
f 402 882 2318
f 390 870 2282
f 264 744 1904
f 327 807 2097
f 309 789 2043
f 282 762 1956
f 317 797 2066
f 322 802 2082
f 341 821 2138
f 286 766 1974
f 294 774 1992
f 372 852 2228
f 394 874 2295
f 416 1270 2331
f 408 1246 2327
f 406 1251 2328
f 412 1287 2334
f 415 1305 2337
f 424 1335 2346
f 492 1552 2412
f 582 1474 2499
f 565 1600 2487
f 514 1353 2436
f 461 1480 2376
f 453 1402 2372
f 451 1407 2373
f 457 1491 2379
f 460 1503 2382
f 475 1534 2396
f 439 1413 2361
f 496 1443 2418
f 533 1593 2457
f 551 1384 2463
f 579 1324 2492
f 483 1276 2402
f 426 1264 2343
f 521 1300 2433
f 566 1318 2478
f 489 1342 2406
f 578 1563 2502
f 560 1461 2484
f 518 1587 2442
f 429 1348 2349
f 547 1522 2468
f 465 1419 2387
f 441 1396 2358
f 504 1498 2421
f 537 1516 2454
f 550 1558 2472
f 476 1426 2388
f 444 1432 2364
f 502 1569 2426
f 526 1371 2448
f 481 1281 2403
f 420 1257 2342
f 510 1293 2432
f 555 1311 2477
f 571 1329 2493
f 540 1377 2462
f 473 1539 2397
f 447 1450 2367
f 507 1576 2427
f 534 1366 2447
f 469 1485 2391
f 435 1389 2357
f 498 1438 2417
f 529 1509 2453
f 545 1527 2469
f 487 1545 2411
f 574 1467 2498
f 562 1456 2483
f 520 1582 2441
f 432 1360 2352
f 589 1271 2509
f 583 1247 2503
f 586 1254 2506
f 593 1290 2512
f 596 1308 2515
f 599 1338 2518
f 633 1553 2555
f 620 1475 2541
f 640 1601 2562
f 603 1356 2522
f 622 1481 2542
f 607 1403 2528
f 612 1410 2531
f 626 1494 2545
f 629 1506 2548
f 631 1535 2551
f 614 1416 2533
f 618 1446 2537
f 641 1596 2559
f 605 1385 2526
f 167 907 1616
f 164 889 1608
f 163 883 1606
f 165 895 1612
f 166 901 1615
f 169 919 1624
f 192 1057 1692
f 222 1237 1782
f 216 1201 1765
f 199 1099 1714
f 182 997 1661
f 179 979 1653
f 178 973 1651
f 180 985 1657
f 181 991 1660
f 186 1021 1675
f 174 949 1639
f 193 1063 1696
f 205 1135 1733
f 212 1177 1751
f 221 1231 1779
f 189 1039 1683
f 170 925 1626
f 202 1117 1721
f 217 1207 1766
f 191 1051 1689
f 220 1225 1778
f 214 1189 1760
f 200 1105 1718
f 171 931 1629
f 210 1165 1747
f 183 1003 1665
f 175 955 1641
f 196 1081 1704
f 207 1147 1737
f 211 1171 1750
f 187 1027 1676
f 176 961 1644
f 195 1075 1702
f 203 1123 1726
f 188 1033 1681
f 168 913 1620
f 198 1093 1710
f 213 1183 1755
f 218 1213 1771
f 208 1153 1740
f 185 1015 1673
f 177 967 1647
f 197 1087 1707
f 206 1141 1734
f 184 1009 1669
f 173 943 1635
f 194 1069 1698
f 204 1129 1729
f 209 1159 1745
f 190 1045 1687
f 219 1219 1774
f 215 1195 1762
f 201 1111 1720
f 172 937 1632
f 357 1280 2189
f 255 1256 1883
f 262 1292 1903
f 388 1310 2281
f 400 1328 2317
f 352 1376 2173
f 347 1538 2158
f 298 1447 2012
f 364 1573 2210
f 269 1363 1924
f 339 1484 2135
f 285 1388 1973
f 293 1435 1996
f 370 1508 2227
f 396 1526 2304
f 353 1544 2176
f 346 1466 2155
f 299 1453 2014
f 365 1579 2212
f 268 1357 1922
f 249 1268 1864
f 231 1244 1810
f 226 1249 1795
f 238 1285 1831
f 244 1303 1849
f 257 1333 1887
f 359 1550 2193
f 402 1472 2321
f 390 1598 2285
f 264 1351 1907
f 327 1478 2098
f 309 1400 2044
f 282 1405 1961
f 317 1489 2067
f 322 1501 2083
f 341 1532 2139
f 286 1411 1975
f 294 1441 1997
f 372 1591 2231
f 394 1382 2298
f 358 1322 2190
f 256 1274 1884
f 261 1262 1900
f 387 1298 2278
f 399 1316 2314
f 351 1340 2170
f 348 1561 2159
f 300 1459 2015
f 366 1585 2213
f 267 1346 1918
f 340 1520 2136
f 287 1417 1977
f 291 1394 1990
f 369 1496 2224
f 395 1514 2301
f 354 1556 2177
f 345 1424 2152
f 297 1430 2008
f 363 1567 2206
f 270 1369 1925
f 234 1279 1817
f 227 1255 1797
f 239 1291 1833
f 245 1309 1851
f 252 1327 1871
f 275 1375 1941
f 334 1537 2119
f 304 1448 2029
f 377 1574 2247
f 382 1364 2262
f 312 1483 2051
f 279 1387 1954
f 316 1436 2064
f 323 1507 2085
f 330 1525 2105
f 335 1543 2121
f 305 1465 2031
f 376 1454 2244
f 383 1580 2265
f 274 1358 1939
f 232 1267 1814
f 225 1243 1793
f 237 1250 1829
f 243 1286 1847
f 250 1304 1868
f 273 1334 1937
f 336 1549 2124
f 306 1471 2034
f 378 1597 2250
f 381 1352 2261
f 311 1477 2050
f 281 1399 1960
f 315 1406 2063
f 321 1490 2081
f 328 1502 2102
f 333 1531 2117
f 303 1412 2027
f 375 1442 2243
f 384 1592 2268
f 276 1381 1944
f 229 890 1804
f 223 884 1785
f 235 896 1821
f 241 902 1839
f 247 908 1858
f 271 938 1929
f 332 1046 2114
f 302 1220 2024
f 374 1196 2240
f 379 1112 2253
f 307 980 2038
f 278 974 1951
f 313 986 2055
f 319 992 2073
f 325 998 2092
f 331 1016 2109
f 301 968 2019
f 373 1088 2235
f 380 1142 2258
f 272 1154 1934
f 248 1214 1861
f 230 1034 1807
f 224 914 1790
f 236 1094 1826
f 242 1184 1844
f 254 1040 1880
f 356 1232 2186
f 397 1208 2308
f 385 1118 2272
f 259 926 1894
f 326 1160 2095
f 308 1010 2041
f 277 944 1948
f 314 1070 2060
f 320 1130 2078
f 338 1166 2132
f 284 1004 1970
f 289 956 1984
f 367 1082 2218
f 391 1148 2289
f 355 1058 2181
f 253 920 1875
f 260 1100 1897
f 386 1202 2275
f 398 1238 2311
f 350 1172 2167
f 343 1028 2146
f 295 962 2002
f 361 1076 2200
f 266 1124 1915
f 337 1022 2127
f 283 950 1965
f 290 1064 1987
f 368 1136 2221
f 392 1178 2294
f 349 1052 2164
f 344 1226 2149
f 296 1190 2005
f 362 1106 2203
f 265 932 1912
f 251 1321 1870
f 233 1273 1816
f 228 1261 1800
f 240 1297 1836
f 246 1315 1854
f 258 1339 1890
f 360 1562 2196
f 401 1460 2320
f 389 1586 2284
f 263 1345 1906
f 329 1519 2104
f 310 1418 2047
f 280 1393 1958
f 318 1495 2070
f 324 1513 2088
f 342 1555 2142
f 288 1423 1980
f 292 1429 1994
f 371 1568 2230
f 393 1370 2297
f 409 894 2329
f 405 887 2323
f 411 899 2326
f 414 905 2333
f 417 912 2336
f 431 941 2345
f 488 1050 2409
f 575 1224 2496
f 563 1200 2485
f 519 1115 2435
f 454 984 2374
f 450 977 2368
f 456 989 2371
f 459 995 2378
f 462 1002 2381
f 472 1019 2392
f 446 971 2360
f 506 1091 2416
f 535 1146 2456
f 541 1158 2460
f 570 1217 2488
f 480 1037 2398
f 421 918 2340
f 511 1098 2430
f 556 1188 2475
f 484 1044 2404
f 580 1236 2501
f 567 1212 2482
f 522 1122 2440
f 427 930 2347
f 544 1163 2464
f 468 1013 2384
f 436 948 2355
f 499 1074 2419
f 530 1134 2451
f 548 1170 2470
f 466 1008 2385
f 442 960 2362
f 505 1086 2423
f 536 1151 2446
f 491 1061 2401
f 423 923 2339
f 513 1103 2429
f 564 1205 2474
f 581 1241 2491
f 549 1175 2459
f 477 1032 2395
f 445 966 2365
f 503 1080 2424
f 525 1127 2443
f 474 1025 2390
f 438 953 2354
f 495 1067 2413
f 532 1139 2450
f 552 1182 2467
f 490 1056 2408
f 577 1229 2495
f 559 1193 2479
f 517 1109 2437
f 430 936 2350
f 590 1325 2511
f 584 1277 2505
f 585 1265 2507
f 592 1301 2513
f 595 1319 2516
f 598 1343 2519
f 636 1566 2556
f 621 1464 2540
f 642 1590 2561
f 601 1349 2521
f 623 1523 2544
f 611 1422 2529
f 609 1397 2530
f 625 1499 2546
f 628 1517 2549
f 632 1559 2553
f 613 1427 2534
f 616 1433 2536
f 638 1572 2557
f 606 1374 2525
f 407 892 1609
f 403 885 1605
f 404 897 1611
f 410 903 1614
f 413 910 1617
f 422 939 1631
f 486 1048 1688
f 573 1222 1775
f 561 1198 1763
f 512 1113 1719
f 452 982 1654
f 448 975 1650
f 449 987 1656
f 455 993 1659
f 458 1000 1662
f 470 1017 1672
f 437 969 1646
f 494 1089 1706
f 531 1144 1735
f 539 1156 1741
f 568 1215 1770
f 478 1035 1680
f 419 916 1621
f 509 1096 1711
f 554 1186 1756
f 482 1042 1684
f 576 1234 1780
f 558 1210 1767
f 516 1120 1722
f 425 928 1627
f 542 1161 1744
f 463 1011 1668
f 434 946 1636
f 497 1072 1699
f 528 1132 1730
f 546 1168 1748
f 464 1006 1666
f 440 958 1642
f 500 1084 1705
f 524 1149 1736
f 479 1059 1691
f 418 921 1623
f 508 1101 1713
f 553 1203 1764
f 569 1239 1781
f 538 1173 1749
f 471 1030 1677
f 443 964 1645
f 501 1078 1703
f 523 1125 1725
f 467 1023 1674
f 433 951 1638
f 493 1065 1695
f 527 1137 1732
f 543 1180 1752
f 485 1054 1690
f 572 1227 1777
f 557 1191 1759
f 515 1107 1717
f 428 934 1630
f 591 1326 2191
f 587 1278 1885
f 588 1266 1901
f 594 1302 2279
f 597 1320 2315
f 600 1344 2171
f 634 1565 2160
f 619 1463 2016
f 639 1589 2214
f 602 1350 1919
f 624 1524 2137
f 608 1421 1978
f 610 1398 1991
f 627 1500 2225
f 630 1518 2302
f 635 1560 2178
f 615 1428 2153
f 617 1434 2009
f 637 1571 2207
f 604 1373 1926
f 416 911 1857
f 408 893 1803
f 406 888 1786
f 412 900 1822
f 415 906 1840
f 424 924 1876
f 492 1062 2182
f 582 1242 2312
f 565 1206 2276
f 514 1104 1898
f 461 1001 2091
f 453 983 2037
f 451 978 1952
f 457 990 2056
f 460 996 2074
f 475 1026 2128
f 439 954 1966
f 496 1068 1988
f 533 1140 2222
f 551 1181 2293
f 579 1235 2185
f 483 1043 1879
f 426 929 1893
f 521 1121 2271
f 566 1211 2307
f 489 1055 2163
f 578 1230 2150
f 560 1194 2006
f 518 1110 2204
f 429 935 1911
f 547 1169 2131
f 465 1007 1969
f 441 959 1983
f 504 1085 2217
f 537 1152 2290
f 550 1176 2168
f 476 1031 2145
f 444 965 2001
f 502 1079 2199
f 526 1128 1916
f 481 1038 1808
f 420 917 1789
f 510 1097 1825
f 555 1187 1843
f 571 1218 1862
f 540 1157 1933
f 473 1020 2110
f 447 972 2020
f 507 1092 2236
f 534 1145 2257
f 469 1014 2042
f 435 947 1947
f 498 1073 2059
f 529 1133 2077
f 545 1164 2096
f 487 1049 2113
f 574 1223 2023
f 562 1199 2239
f 520 1116 2254
f 432 942 1930
f 589 1283 1818
f 583 1259 1798
f 586 1295 1834
f 593 1313 1852
f 596 1331 1872
f 599 1379 1942
f 633 1541 2120
f 620 1452 2030
f 640 1578 2248
f 603 1368 2263
f 622 1487 2052
f 607 1391 1955
f 612 1440 2065
f 626 1511 2086
f 629 1529 2106
f 631 1547 2122
f 614 1469 2032
f 618 1458 2245
f 641 1584 2266
f 605 1362 1940
f 409 1269 1813
f 405 1245 1792
f 411 1252 1828
f 414 1288 1846
f 417 1306 1867
f 431 1336 1936
f 488 1551 2123
f 575 1473 2033
f 563 1599 2249
f 519 1354 2260
f 454 1479 2049
f 450 1401 1959
f 456 1408 2062
f 459 1492 2080
f 462 1504 2101
f 472 1533 2116
f 446 1414 2026
f 506 1444 2242
f 535 1594 2267
f 541 1383 1943
f 570 1323 1869
f 480 1275 1815
f 421 1263 1799
f 511 1299 1835
f 556 1317 1853
f 484 1341 1889
f 580 1564 2195
f 567 1462 2319
f 522 1588 2283
f 427 1347 1905
f 544 1521 2103
f 468 1420 2046
f 436 1395 1957
f 499 1497 2069
f 530 1515 2087
f 548 1557 2141
f 466 1425 1979
f 442 1431 1993
f 505 1570 2229
f 536 1372 2296
f 491 1282 2188
f 423 1258 1882
f 513 1294 1902
f 564 1312 2280
f 581 1330 2316
f 549 1378 2172
f 477 1540 2157
f 445 1449 2011
f 503 1575 2209
f 525 1365 1923
f 474 1486 2134
f 438 1390 1972
f 495 1437 1995
f 532 1510 2226
f 552 1528 2303
f 490 1546 2175
f 577 1468 2154
f 559 1455 2013
f 517 1581 2211
f 430 1359 1921
f 590 1272 1865
f 584 1248 1811
f 585 1253 1796
f 592 1289 1832
f 595 1307 1850
f 598 1337 1888
f 636 1554 2194
f 621 1476 2322
f 642 1602 2286
f 601 1355 1908
f 623 1482 2099
f 611 1404 2045
f 609 1409 1962
f 625 1493 2068
f 628 1505 2084
f 632 1536 2140
f 613 1415 1976
f 616 1445 1998
f 638 1595 2232
f 606 1386 2299
f 407 909 2330
f 403 891 2324
f 404 886 2325
f 410 898 2332
f 413 904 2335
f 422 922 2344
f 486 1060 2410
f 573 1240 2497
f 561 1204 2486
f 512 1102 2434
f 452 999 2375
f 448 981 2369
f 449 976 2370
f 455 988 2377
f 458 994 2380
f 470 1024 2393
f 437 952 2359
f 494 1066 2415
f 531 1138 2455
f 539 1179 2461
f 568 1233 2489
f 478 1041 2399
f 419 927 2341
f 509 1119 2431
f 554 1209 2476
f 482 1053 2405
f 576 1228 2500
f 558 1192 2481
f 516 1108 2439
f 425 933 2348
f 542 1167 2465
f 463 1005 2383
f 434 957 2356
f 497 1083 2420
f 528 1150 2452
f 546 1174 2471
f 464 1029 2386
f 440 963 2363
f 500 1077 2422
f 524 1126 2445
f 479 1036 2400
f 418 915 2338
f 508 1095 2428
f 553 1185 2473
f 569 1216 2490
f 538 1155 2458
f 471 1018 2394
f 443 970 2366
f 501 1090 2425
f 523 1143 2444
f 467 1012 2389
f 433 945 2353
f 493 1071 2414
f 527 1131 2449
f 543 1162 2466
f 485 1047 2407
f 572 1221 2494
f 557 1197 2480
f 515 1114 2438
f 428 940 2351
f 591 1284 2510
f 587 1260 2504
f 588 1296 2508
f 594 1314 2514
f 597 1332 2517
f 600 1380 2520
f 634 1542 2554
f 619 1451 2539
f 639 1577 2560
f 602 1367 2523
f 624 1488 2543
f 608 1392 2527
f 610 1439 2532
f 627 1512 2547
f 630 1530 2550
f 635 1548 2552
f 615 1470 2535
f 617 1457 2538
f 637 1583 2558
f 604 1361 2524
f 167 1616 1607
f 164 1608 1603
f 163 1606 1604
f 165 1612 1610
f 166 1615 1613
f 169 1624 1622
f 192 1692 1686
f 222 1782 1773
f 216 1765 1761
f 199 1714 1712
f 182 1661 1652
f 179 1653 1648
f 178 1651 1649
f 180 1657 1655
f 181 1660 1658
f 186 1675 1670
f 174 1639 1637
f 193 1696 1694
f 205 1733 1731
f 212 1751 1739
f 221 1779 1768
f 189 1683 1678
f 170 1626 1619
f 202 1721 1709
f 217 1766 1754
f 191 1689 1682
f 220 1778 1776
f 214 1760 1758
f 200 1718 1716
f 171 1629 1625
f 210 1747 1742
f 183 1665 1663
f 175 1641 1634
f 196 1704 1697
f 207 1737 1728
f 211 1750 1746
f 187 1676 1664
f 176 1644 1640
f 195 1702 1700
f 203 1726 1724
f 188 1681 1679
f 168 1620 1618
f 198 1710 1708
f 213 1755 1753
f 218 1771 1769
f 208 1740 1738
f 185 1673 1671
f 177 1647 1643
f 197 1707 1701
f 206 1734 1723
f 184 1669 1667
f 173 1635 1633
f 194 1698 1693
f 204 1729 1727
f 209 1745 1743
f 190 1687 1685
f 219 1774 1772
f 215 1762 1757
f 201 1720 1715
f 172 1632 1628
f 357 2189 2187
f 255 1883 1881
f 262 1903 1899
f 388 2281 2277
f 400 2317 2313
f 352 2173 2169
f 347 2158 2156
f 298 2012 2010
f 364 2210 2208
f 269 1924 1917
f 339 2135 2133
f 285 1973 1971
f 293 1996 1989
f 370 2227 2223
f 396 2304 2300
f 353 2176 2174
f 346 2155 2151
f 299 2014 2007
f 365 2212 2205
f 268 1922 1920
f 249 1864 1855
f 231 1810 1801
f 226 1795 1784
f 238 1831 1820
f 244 1849 1838
f 257 1887 1874
f 359 2193 2180
f 402 2321 2310
f 390 2285 2274
f 264 1907 1896
f 327 2098 2089
f 309 2044 2035
f 282 1961 1950
f 317 2067 2054
f 322 2083 2072
f 341 2139 2126
f 286 1975 1964
f 294 1997 1986
f 372 2231 2220
f 394 2298 2291
f 358 2190 2183
f 256 1884 1877
f 261 1900 1891
f 387 2278 2269
f 399 2314 2305
f 351 2170 2161
f 348 2159 2148
f 300 2015 2004
f 366 2213 2202
f 267 1918 1909
f 340 2136 2129
f 287 1977 1967
f 291 1990 1981
f 369 2224 2215
f 395 2301 2288
f 354 2177 2166
f 345 2152 2143
f 297 2008 1999
f 363 2206 2197
f 270 1925 1914
f 234 1817 1806
f 227 1797 1787
f 239 1833 1823
f 245 1851 1841
f 252 1871 1860
f 275 1941 1931
f 334 2119 2108
f 304 2029 2018
f 377 2247 2234
f 382 2262 2255
f 312 2051 2040
f 279 1954 1945
f 316 2064 2057
f 323 2085 2075
f 330 2105 2094
f 335 2121 2111
f 305 2031 2021
f 376 2244 2237
f 383 2265 2252
f 274 1939 1928
f 232 1814 1812
f 225 1793 1791
f 237 1829 1827
f 243 1847 1845
f 250 1868 1866
f 273 1937 1935
f 336 2124 2118
f 306 2034 2028
f 378 2250 2246
f 381 2261 2259
f 311 2050 2048
f 281 1960 1953
f 315 2063 2061
f 321 2081 2079
f 328 2102 2100
f 333 2117 2115
f 303 2027 2025
f 375 2243 2241
f 384 2268 2264
f 276 1944 1938
f 229 1804 1802
f 223 1785 1783
f 235 1821 1819
f 241 1839 1837
f 247 1858 1856
f 271 1929 1927
f 332 2114 2112
f 302 2024 2022
f 374 2240 2238
f 379 2253 2251
f 307 2038 2036
f 278 1951 1949
f 313 2055 2053
f 319 2073 2071
f 325 2092 2090
f 331 2109 2107
f 301 2019 2017
f 373 2235 2233
f 380 2258 2256
f 272 1934 1932
f 248 1861 1859
f 230 1807 1805
f 224 1790 1788
f 236 1826 1824
f 242 1844 1842
f 254 1880 1878
f 356 2186 2184
f 397 2308 2306
f 385 2272 2270
f 259 1894 1892
f 326 2095 2093
f 308 2041 2039
f 277 1948 1946
f 314 2060 2058
f 320 2078 2076
f 338 2132 2130
f 284 1970 1968
f 289 1984 1982
f 367 2218 2216
f 391 2289 2287
f 355 2181 2179
f 253 1875 1873
f 260 1897 1895
f 386 2275 2273
f 398 2311 2309
f 350 2167 2165
f 343 2146 2144
f 295 2002 2000
f 361 2200 2198
f 266 1915 1913
f 337 2127 2125
f 283 1965 1963
f 290 1987 1985
f 368 2221 2219
f 392 2294 2292
f 349 2164 2162
f 344 2149 2147
f 296 2005 2003
f 362 2203 2201
f 265 1912 1910
f 251 1870 1863
f 233 1816 1809
f 228 1800 1794
f 240 1836 1830
f 246 1854 1848
f 258 1890 1886
f 360 2196 2192
f 401 2320 2318
f 389 2284 2282
f 263 1906 1904
f 329 2104 2097
f 310 2047 2043
f 280 1958 1956
f 318 2070 2066
f 324 2088 2082
f 342 2142 2138
f 288 1980 1974
f 292 1994 1992
f 371 2230 2228
f 393 2297 2295
f 409 2329 2331
f 405 2323 2327
f 411 2326 2328
f 414 2333 2334
f 417 2336 2337
f 431 2345 2346
f 488 2409 2412
f 575 2496 2499
f 563 2485 2487
f 519 2435 2436
f 454 2374 2376
f 450 2368 2372
f 456 2371 2373
f 459 2378 2379
f 462 2381 2382
f 472 2392 2396
f 446 2360 2361
f 506 2416 2418
f 535 2456 2457
f 541 2460 2463
f 570 2488 2492
f 480 2398 2402
f 421 2340 2343
f 511 2430 2433
f 556 2475 2478
f 484 2404 2406
f 580 2501 2502
f 567 2482 2484
f 522 2440 2442
f 427 2347 2349
f 544 2464 2468
f 468 2384 2387
f 436 2355 2358
f 499 2419 2421
f 530 2451 2454
f 548 2470 2472
f 466 2385 2388
f 442 2362 2364
f 505 2423 2426
f 536 2446 2448
f 491 2401 2403
f 423 2339 2342
f 513 2429 2432
f 564 2474 2477
f 581 2491 2493
f 549 2459 2462
f 477 2395 2397
f 445 2365 2367
f 503 2424 2427
f 525 2443 2447
f 474 2390 2391
f 438 2354 2357
f 495 2413 2417
f 532 2450 2453
f 552 2467 2469
f 490 2408 2411
f 577 2495 2498
f 559 2479 2483
f 517 2437 2441
f 430 2350 2352
f 590 2511 2509
f 584 2505 2503
f 585 2507 2506
f 592 2513 2512
f 595 2516 2515
f 598 2519 2518
f 636 2556 2555
f 621 2540 2541
f 642 2561 2562
f 601 2521 2522
f 623 2544 2542
f 611 2529 2528
f 609 2530 2531
f 625 2546 2545
f 628 2549 2548
f 632 2553 2551
f 613 2534 2533
f 616 2536 2537
f 638 2557 2559
f 606 2525 2526
f 1607 644 647
f 1603 643 644
f 1604 645 643
f 1610 646 645
f 1613 647 646
f 1622 652 649
f 1686 670 672
f 1773 699 702
f 1761 695 696
f 1712 681 679
f 1652 659 662
f 1648 658 659
f 1649 660 658
f 1655 661 660
f 1658 662 661
f 1670 665 666
f 1637 657 654
f 1694 677 673
f 1731 686 685
f 1739 688 692
f 1768 698 701
f 1678 668 669
f 1619 648 650
f 1709 678 682
f 1754 693 697
f 1682 669 671
f 1776 701 700
f 1758 697 694
f 1716 682 680
f 1625 650 651
f 1742 689 690
f 1663 664 663
f 1634 653 655
f 1697 674 676
f 1728 684 687
f 1746 690 691
f 1664 663 667
f 1640 655 656
f 1700 676 675
f 1724 687 683
f 1679 672 668
f 1618 649 648
f 1708 679 678
f 1753 696 693
f 1769 702 698
f 1738 691 688
f 1671 667 665
f 1643 656 657
f 1701 675 677
f 1723 683 686
f 1667 666 664
f 1633 654 653
f 1693 673 674
f 1727 685 684
f 1743 692 689
f 1685 671 670
f 1772 700 699
f 1757 694 695
f 1715 680 681
f 1628 651 652
f 2187 838 837
f 1881 736 735
f 1899 741 742
f 2277 867 868
f 2313 879 880
f 2169 831 832
f 2156 828 827
f 2010 780 778
f 2208 846 844
f 1917 747 749
f 2133 820 819
f 1971 767 765
f 1989 771 773
f 2223 849 850
f 2300 875 876
f 2174 834 833
f 2151 825 826
f 2007 777 779
f 2205 843 845
f 1920 750 748
f 1855 727 729
f 1801 709 711
f 1784 703 706
f 1820 715 718
f 1838 721 724
f 1874 733 737
f 2180 835 839
f 2310 878 882
f 2274 866 870
f 1896 740 744
f 2089 805 807
f 2035 787 789
f 1950 758 762
f 2054 793 797
f 2072 799 802
f 2126 817 821
f 1964 763 766
f 1986 770 774
f 2220 848 852
f 2291 872 874
f 2183 836 838
f 1877 734 736
f 1891 739 741
f 2269 865 867
f 2305 877 879
f 2161 829 831
f 2148 824 828
f 2004 776 780
f 2202 842 846
f 1909 745 747
f 2129 818 820
f 1967 764 767
f 1981 769 771
f 2215 847 849
f 2288 871 875
f 2166 830 834
f 2143 823 825
f 1999 775 777
f 2197 841 843
f 1914 746 750
f 1806 710 714
f 1787 704 707
f 1823 716 719
f 1841 722 725
f 1860 728 732
f 1931 752 755
f 2108 811 814
f 2018 781 784
f 2234 853 857
f 2255 860 862
f 2040 788 792
f 1945 757 759
f 2057 794 796
f 2075 800 803
f 2094 806 810
f 2111 812 815
f 2021 782 785
f 2237 854 856
f 2252 859 863
f 1928 751 754
f 1812 714 712
f 1791 707 705
f 1827 719 717
f 1845 725 723
f 1866 732 730
f 1935 755 753
f 2118 814 816
f 2028 784 786
f 2246 857 858
f 2259 862 861
f 2048 792 791
f 1953 759 761
f 2061 796 795
f 2079 803 801
f 2100 810 808
f 2115 815 813
f 2025 785 783
f 2241 856 855
f 2264 863 864
f 1938 754 756
f 1802 712 709
f 1783 705 703
f 1819 717 715
f 1837 723 721
f 1856 730 727
f 1927 753 751
f 2112 816 812
f 2022 786 782
f 2238 858 854
f 2251 861 859
f 2036 791 787
f 1949 761 758
f 2053 795 793
f 2071 801 799
f 2090 808 805
f 2107 813 811
f 2017 783 781
f 2233 855 853
f 2256 864 860
f 1932 756 752
f 1859 731 728
f 1805 713 710
f 1788 708 704
f 1824 720 716
f 1842 726 722
f 1878 738 734
f 2184 840 836
f 2306 881 877
f 2270 869 865
f 1892 743 739
f 2093 809 806
f 2039 790 788
f 1946 760 757
f 2058 798 794
f 2076 804 800
f 2130 822 818
f 1968 768 764
f 1982 772 769
f 2216 851 847
f 2287 873 871
f 2179 837 835
f 1873 735 733
f 1895 742 740
f 2273 868 866
f 2309 880 878
f 2165 832 830
f 2144 827 823
f 2000 778 775
f 2198 844 841
f 1913 749 746
f 2125 819 817
f 1963 765 763
f 1985 773 770
f 2219 850 848
f 2292 876 872
f 2162 833 829
f 2147 826 824
f 2003 779 776
f 2201 845 842
f 1910 748 745
f 1863 729 731
f 1809 711 713
f 1794 706 708
f 1830 718 720
f 1848 724 726
f 1886 737 738
f 2192 839 840
f 2318 882 881
f 2282 870 869
f 1904 744 743
f 2097 807 809
f 2043 789 790
f 1956 762 760
f 2066 797 798
f 2082 802 804
f 2138 821 822
f 1974 766 768
f 1992 774 772
f 2228 852 851
f 2295 874 873
f 2331 1270 1269
f 2327 1246 1245
f 2328 1251 1252
f 2334 1287 1288
f 2337 1305 1306
f 2346 1335 1336
f 2412 1552 1551
f 2499 1474 1473
f 2487 1600 1599
f 2436 1353 1354
f 2376 1480 1479
f 2372 1402 1401
f 2373 1407 1408
f 2379 1491 1492
f 2382 1503 1504
f 2396 1534 1533
f 2361 1413 1414
f 2418 1443 1444
f 2457 1593 1594
f 2463 1384 1383
f 2492 1324 1323
f 2402 1276 1275
f 2343 1264 1263
f 2433 1300 1299
f 2478 1318 1317
f 2406 1342 1341
f 2502 1563 1564
f 2484 1461 1462
f 2442 1587 1588
f 2349 1348 1347
f 2468 1522 1521
f 2387 1419 1420
f 2358 1396 1395
f 2421 1498 1497
f 2454 1516 1515
f 2472 1558 1557
f 2388 1426 1425
f 2364 1432 1431
f 2426 1569 1570
f 2448 1371 1372
f 2403 1281 1282
f 2342 1257 1258
f 2432 1293 1294
f 2477 1311 1312
f 2493 1329 1330
f 2462 1377 1378
f 2397 1539 1540
f 2367 1450 1449
f 2427 1576 1575
f 2447 1366 1365
f 2391 1485 1486
f 2357 1389 1390
f 2417 1438 1437
f 2453 1509 1510
f 2469 1527 1528
f 2411 1545 1546
f 2498 1467 1468
f 2483 1456 1455
f 2441 1582 1581
f 2352 1360 1359
f 2509 1271 1272
f 2503 1247 1248
f 2506 1254 1253
f 2512 1290 1289
f 2515 1308 1307
f 2518 1338 1337
f 2555 1553 1554
f 2541 1475 1476
f 2562 1601 1602
f 2522 1356 1355
f 2542 1481 1482
f 2528 1403 1404
f 2531 1410 1409
f 2545 1494 1493
f 2548 1506 1505
f 2551 1535 1536
f 2533 1416 1415
f 2537 1446 1445
f 2559 1596 1595
f 2526 1385 1386
f 1616 907 909
f 1608 889 891
f 1606 883 886
f 1612 895 898
f 1615 901 904
f 1624 919 922
f 1692 1057 1060
f 1782 1237 1240
f 1765 1201 1204
f 1714 1099 1102
f 1661 997 999
f 1653 979 981
f 1651 973 976
f 1657 985 988
f 1660 991 994
f 1675 1021 1024
f 1639 949 952
f 1696 1063 1066
f 1733 1135 1138
f 1751 1177 1179
f 1779 1231 1233
f 1683 1039 1041
f 1626 925 927
f 1721 1117 1119
f 1766 1207 1209
f 1689 1051 1053
f 1778 1225 1228
f 1760 1189 1192
f 1718 1105 1108
f 1629 931 933
f 1747 1165 1167
f 1665 1003 1005
f 1641 955 957
f 1704 1081 1083
f 1737 1147 1150
f 1750 1171 1174
f 1676 1027 1029
f 1644 961 963
f 1702 1075 1077
f 1726 1123 1126
f 1681 1033 1036
f 1620 913 915
f 1710 1093 1095
f 1755 1183 1185
f 1771 1213 1216
f 1740 1153 1155
f 1673 1015 1018
f 1647 967 970
f 1707 1087 1090
f 1734 1141 1143
f 1669 1009 1012
f 1635 943 945
f 1698 1069 1071
f 1729 1129 1131
f 1745 1159 1162
f 1687 1045 1047
f 1774 1219 1221
f 1762 1195 1197
f 1720 1111 1114
f 1632 937 940
f 2189 1280 1284
f 1883 1256 1260
f 1903 1292 1296
f 2281 1310 1314
f 2317 1328 1332
f 2173 1376 1380
f 2158 1538 1542
f 2012 1447 1451
f 2210 1573 1577
f 1924 1363 1367
f 2135 1484 1488
f 1973 1388 1392
f 1996 1435 1439
f 2227 1508 1512
f 2304 1526 1530
f 2176 1544 1548
f 2155 1466 1470
f 2014 1453 1457
f 2212 1579 1583
f 1922 1357 1361
f 1864 1268 1270
f 1810 1244 1246
f 1795 1249 1251
f 1831 1285 1287
f 1849 1303 1305
f 1887 1333 1335
f 2193 1550 1552
f 2321 1472 1474
f 2285 1598 1600
f 1907 1351 1353
f 2098 1478 1480
f 2044 1400 1402
f 1961 1405 1407
f 2067 1489 1491
f 2083 1501 1503
f 2139 1532 1534
f 1975 1411 1413
f 1997 1441 1443
f 2231 1591 1593
f 2298 1382 1384
f 2190 1322 1324
f 1884 1274 1276
f 1900 1262 1264
f 2278 1298 1300
f 2314 1316 1318
f 2170 1340 1342
f 2159 1561 1563
f 2015 1459 1461
f 2213 1585 1587
f 1918 1346 1348
f 2136 1520 1522
f 1977 1417 1419
f 1990 1394 1396
f 2224 1496 1498
f 2301 1514 1516
f 2177 1556 1558
f 2152 1424 1426
f 2008 1430 1432
f 2206 1567 1569
f 1925 1369 1371
f 1817 1279 1281
f 1797 1255 1257
f 1833 1291 1293
f 1851 1309 1311
f 1871 1327 1329
f 1941 1375 1377
f 2119 1537 1539
f 2029 1448 1450
f 2247 1574 1576
f 2262 1364 1366
f 2051 1483 1485
f 1954 1387 1389
f 2064 1436 1438
f 2085 1507 1509
f 2105 1525 1527
f 2121 1543 1545
f 2031 1465 1467
f 2244 1454 1456
f 2265 1580 1582
f 1939 1358 1360
f 1814 1267 1271
f 1793 1243 1247
f 1829 1250 1254
f 1847 1286 1290
f 1868 1304 1308
f 1937 1334 1338
f 2124 1549 1553
f 2034 1471 1475
f 2250 1597 1601
f 2261 1352 1356
f 2050 1477 1481
f 1960 1399 1403
f 2063 1406 1410
f 2081 1490 1494
f 2102 1502 1506
f 2117 1531 1535
f 2027 1412 1416
f 2243 1442 1446
f 2268 1592 1596
f 1944 1381 1385
f 1804 890 894
f 1785 884 887
f 1821 896 899
f 1839 902 905
f 1858 908 912
f 1929 938 941
f 2114 1046 1050
f 2024 1220 1224
f 2240 1196 1200
f 2253 1112 1115
f 2038 980 984
f 1951 974 977
f 2055 986 989
f 2073 992 995
f 2092 998 1002
f 2109 1016 1019
f 2019 968 971
f 2235 1088 1091
f 2258 1142 1146
f 1934 1154 1158
f 1861 1214 1217
f 1807 1034 1037
f 1790 914 918
f 1826 1094 1098
f 1844 1184 1188
f 1880 1040 1044
f 2186 1232 1236
f 2308 1208 1212
f 2272 1118 1122
f 1894 926 930
f 2095 1160 1163
f 2041 1010 1013
f 1948 944 948
f 2060 1070 1074
f 2078 1130 1134
f 2132 1166 1170
f 1970 1004 1008
f 1984 956 960
f 2218 1082 1086
f 2289 1148 1151
f 2181 1058 1061
f 1875 920 923
f 1897 1100 1103
f 2275 1202 1205
f 2311 1238 1241
f 2167 1172 1175
f 2146 1028 1032
f 2002 962 966
f 2200 1076 1080
f 1915 1124 1127
f 2127 1022 1025
f 1965 950 953
f 1987 1064 1067
f 2221 1136 1139
f 2294 1178 1182
f 2164 1052 1056
f 2149 1226 1229
f 2005 1190 1193
f 2203 1106 1109
f 1912 932 936
f 1870 1321 1325
f 1816 1273 1277
f 1800 1261 1265
f 1836 1297 1301
f 1854 1315 1319
f 1890 1339 1343
f 2196 1562 1566
f 2320 1460 1464
f 2284 1586 1590
f 1906 1345 1349
f 2104 1519 1523
f 2047 1418 1422
f 1958 1393 1397
f 2070 1495 1499
f 2088 1513 1517
f 2142 1555 1559
f 1980 1423 1427
f 1994 1429 1433
f 2230 1568 1572
f 2297 1370 1374
f 2329 894 892
f 2323 887 885
f 2326 899 897
f 2333 905 903
f 2336 912 910
f 2345 941 939
f 2409 1050 1048
f 2496 1224 1222
f 2485 1200 1198
f 2435 1115 1113
f 2374 984 982
f 2368 977 975
f 2371 989 987
f 2378 995 993
f 2381 1002 1000
f 2392 1019 1017
f 2360 971 969
f 2416 1091 1089
f 2456 1146 1144
f 2460 1158 1156
f 2488 1217 1215
f 2398 1037 1035
f 2340 918 916
f 2430 1098 1096
f 2475 1188 1186
f 2404 1044 1042
f 2501 1236 1234
f 2482 1212 1210
f 2440 1122 1120
f 2347 930 928
f 2464 1163 1161
f 2384 1013 1011
f 2355 948 946
f 2419 1074 1072
f 2451 1134 1132
f 2470 1170 1168
f 2385 1008 1006
f 2362 960 958
f 2423 1086 1084
f 2446 1151 1149
f 2401 1061 1059
f 2339 923 921
f 2429 1103 1101
f 2474 1205 1203
f 2491 1241 1239
f 2459 1175 1173
f 2395 1032 1030
f 2365 966 964
f 2424 1080 1078
f 2443 1127 1125
f 2390 1025 1023
f 2354 953 951
f 2413 1067 1065
f 2450 1139 1137
f 2467 1182 1180
f 2408 1056 1054
f 2495 1229 1227
f 2479 1193 1191
f 2437 1109 1107
f 2350 936 934
f 2511 1325 1326
f 2505 1277 1278
f 2507 1265 1266
f 2513 1301 1302
f 2516 1319 1320
f 2519 1343 1344
f 2556 1566 1565
f 2540 1464 1463
f 2561 1590 1589
f 2521 1349 1350
f 2544 1523 1524
f 2529 1422 1421
f 2530 1397 1398
f 2546 1499 1500
f 2549 1517 1518
f 2553 1559 1560
f 2534 1427 1428
f 2536 1433 1434
f 2557 1572 1571
f 2525 1374 1373
f 1609 892 889
f 1605 885 883
f 1611 897 895
f 1614 903 901
f 1617 910 907
f 1631 939 937
f 1688 1048 1045
f 1775 1222 1219
f 1763 1198 1195
f 1719 1113 1111
f 1654 982 979
f 1650 975 973
f 1656 987 985
f 1659 993 991
f 1662 1000 997
f 1672 1017 1015
f 1646 969 967
f 1706 1089 1087
f 1735 1144 1141
f 1741 1156 1153
f 1770 1215 1213
f 1680 1035 1033
f 1621 916 913
f 1711 1096 1093
f 1756 1186 1183
f 1684 1042 1039
f 1780 1234 1231
f 1767 1210 1207
f 1722 1120 1117
f 1627 928 925
f 1744 1161 1159
f 1668 1011 1009
f 1636 946 943
f 1699 1072 1069
f 1730 1132 1129
f 1748 1168 1165
f 1666 1006 1003
f 1642 958 955
f 1705 1084 1081
f 1736 1149 1147
f 1691 1059 1057
f 1623 921 919
f 1713 1101 1099
f 1764 1203 1201
f 1781 1239 1237
f 1749 1173 1171
f 1677 1030 1027
f 1645 964 961
f 1703 1078 1075
f 1725 1125 1123
f 1674 1023 1021
f 1638 951 949
f 1695 1065 1063
f 1732 1137 1135
f 1752 1180 1177
f 1690 1054 1051
f 1777 1227 1225
f 1759 1191 1189
f 1717 1107 1105
f 1630 934 931
f 2191 1326 1322
f 1885 1278 1274
f 1901 1266 1262
f 2279 1302 1298
f 2315 1320 1316
f 2171 1344 1340
f 2160 1565 1561
f 2016 1463 1459
f 2214 1589 1585
f 1919 1350 1346
f 2137 1524 1520
f 1978 1421 1417
f 1991 1398 1394
f 2225 1500 1496
f 2302 1518 1514
f 2178 1560 1556
f 2153 1428 1424
f 2009 1434 1430
f 2207 1571 1567
f 1926 1373 1369
f 1857 911 908
f 1803 893 890
f 1786 888 884
f 1822 900 896
f 1840 906 902
f 1876 924 920
f 2182 1062 1058
f 2312 1242 1238
f 2276 1206 1202
f 1898 1104 1100
f 2091 1001 998
f 2037 983 980
f 1952 978 974
f 2056 990 986
f 2074 996 992
f 2128 1026 1022
f 1966 954 950
f 1988 1068 1064
f 2222 1140 1136
f 2293 1181 1178
f 2185 1235 1232
f 1879 1043 1040
f 1893 929 926
f 2271 1121 1118
f 2307 1211 1208
f 2163 1055 1052
f 2150 1230 1226
f 2006 1194 1190
f 2204 1110 1106
f 1911 935 932
f 2131 1169 1166
f 1969 1007 1004
f 1983 959 956
f 2217 1085 1082
f 2290 1152 1148
f 2168 1176 1172
f 2145 1031 1028
f 2001 965 962
f 2199 1079 1076
f 1916 1128 1124
f 1808 1038 1034
f 1789 917 914
f 1825 1097 1094
f 1843 1187 1184
f 1862 1218 1214
f 1933 1157 1154
f 2110 1020 1016
f 2020 972 968
f 2236 1092 1088
f 2257 1145 1142
f 2042 1014 1010
f 1947 947 944
f 2059 1073 1070
f 2077 1133 1130
f 2096 1164 1160
f 2113 1049 1046
f 2023 1223 1220
f 2239 1199 1196
f 2254 1116 1112
f 1930 942 938
f 1818 1283 1279
f 1798 1259 1255
f 1834 1295 1291
f 1852 1313 1309
f 1872 1331 1327
f 1942 1379 1375
f 2120 1541 1537
f 2030 1452 1448
f 2248 1578 1574
f 2263 1368 1364
f 2052 1487 1483
f 1955 1391 1387
f 2065 1440 1436
f 2086 1511 1507
f 2106 1529 1525
f 2122 1547 1543
f 2032 1469 1465
f 2245 1458 1454
f 2266 1584 1580
f 1940 1362 1358
f 1813 1269 1267
f 1792 1245 1243
f 1828 1252 1250
f 1846 1288 1286
f 1867 1306 1304
f 1936 1336 1334
f 2123 1551 1549
f 2033 1473 1471
f 2249 1599 1597
f 2260 1354 1352
f 2049 1479 1477
f 1959 1401 1399
f 2062 1408 1406
f 2080 1492 1490
f 2101 1504 1502
f 2116 1533 1531
f 2026 1414 1412
f 2242 1444 1442
f 2267 1594 1592
f 1943 1383 1381
f 1869 1323 1321
f 1815 1275 1273
f 1799 1263 1261
f 1835 1299 1297
f 1853 1317 1315
f 1889 1341 1339
f 2195 1564 1562
f 2319 1462 1460
f 2283 1588 1586
f 1905 1347 1345
f 2103 1521 1519
f 2046 1420 1418
f 1957 1395 1393
f 2069 1497 1495
f 2087 1515 1513
f 2141 1557 1555
f 1979 1425 1423
f 1993 1431 1429
f 2229 1570 1568
f 2296 1372 1370
f 2188 1282 1280
f 1882 1258 1256
f 1902 1294 1292
f 2280 1312 1310
f 2316 1330 1328
f 2172 1378 1376
f 2157 1540 1538
f 2011 1449 1447
f 2209 1575 1573
f 1923 1365 1363
f 2134 1486 1484
f 1972 1390 1388
f 1995 1437 1435
f 2226 1510 1508
f 2303 1528 1526
f 2175 1546 1544
f 2154 1468 1466
f 2013 1455 1453
f 2211 1581 1579
f 1921 1359 1357
f 1865 1272 1268
f 1811 1248 1244
f 1796 1253 1249
f 1832 1289 1285
f 1850 1307 1303
f 1888 1337 1333
f 2194 1554 1550
f 2322 1476 1472
f 2286 1602 1598
f 1908 1355 1351
f 2099 1482 1478
f 2045 1404 1400
f 1962 1409 1405
f 2068 1493 1489
f 2084 1505 1501
f 2140 1536 1532
f 1976 1415 1411
f 1998 1445 1441
f 2232 1595 1591
f 2299 1386 1382
f 2330 909 911
f 2324 891 893
f 2325 886 888
f 2332 898 900
f 2335 904 906
f 2344 922 924
f 2410 1060 1062
f 2497 1240 1242
f 2486 1204 1206
f 2434 1102 1104
f 2375 999 1001
f 2369 981 983
f 2370 976 978
f 2377 988 990
f 2380 994 996
f 2393 1024 1026
f 2359 952 954
f 2415 1066 1068
f 2455 1138 1140
f 2461 1179 1181
f 2489 1233 1235
f 2399 1041 1043
f 2341 927 929
f 2431 1119 1121
f 2476 1209 1211
f 2405 1053 1055
f 2500 1228 1230
f 2481 1192 1194
f 2439 1108 1110
f 2348 933 935
f 2465 1167 1169
f 2383 1005 1007
f 2356 957 959
f 2420 1083 1085
f 2452 1150 1152
f 2471 1174 1176
f 2386 1029 1031
f 2363 963 965
f 2422 1077 1079
f 2445 1126 1128
f 2400 1036 1038
f 2338 915 917
f 2428 1095 1097
f 2473 1185 1187
f 2490 1216 1218
f 2458 1155 1157
f 2394 1018 1020
f 2366 970 972
f 2425 1090 1092
f 2444 1143 1145
f 2389 1012 1014
f 2353 945 947
f 2414 1071 1073
f 2449 1131 1133
f 2466 1162 1164
f 2407 1047 1049
f 2494 1221 1223
f 2480 1197 1199
f 2438 1114 1116
f 2351 940 942
f 2510 1284 1283
f 2504 1260 1259
f 2508 1296 1295
f 2514 1314 1313
f 2517 1332 1331
f 2520 1380 1379
f 2554 1542 1541
f 2539 1451 1452
f 2560 1577 1578
f 2523 1367 1368
f 2543 1488 1487
f 2527 1392 1391
f 2532 1439 1440
f 2547 1512 1511
f 2550 1530 1529
f 2552 1548 1547
f 2535 1470 1469
f 2538 1457 1458
f 2558 1583 1584
f 2524 1361 1362
f 1607 1616 1609
f 1603 1608 1605
f 1604 1606 1611
f 1610 1612 1614
f 1613 1615 1617
f 1622 1624 1631
f 1686 1692 1688
f 1773 1782 1775
f 1761 1765 1763
f 1712 1714 1719
f 1652 1661 1654
f 1648 1653 1650
f 1649 1651 1656
f 1655 1657 1659
f 1658 1660 1662
f 1670 1675 1672
f 1637 1639 1646
f 1694 1696 1706
f 1731 1733 1735
f 1739 1751 1741
f 1768 1779 1770
f 1678 1683 1680
f 1619 1626 1621
f 1709 1721 1711
f 1754 1766 1756
f 1682 1689 1684
f 1776 1778 1780
f 1758 1760 1767
f 1716 1718 1722
f 1625 1629 1627
f 1742 1747 1744
f 1663 1665 1668
f 1634 1641 1636
f 1697 1704 1699
f 1728 1737 1730
f 1746 1750 1748
f 1664 1676 1666
f 1640 1644 1642
f 1700 1702 1705
f 1724 1726 1736
f 1679 1681 1691
f 1618 1620 1623
f 1708 1710 1713
f 1753 1755 1764
f 1769 1771 1781
f 1738 1740 1749
f 1671 1673 1677
f 1643 1647 1645
f 1701 1707 1703
f 1723 1734 1725
f 1667 1669 1674
f 1633 1635 1638
f 1693 1698 1695
f 1727 1729 1732
f 1743 1745 1752
f 1685 1687 1690
f 1772 1774 1777
f 1757 1762 1759
f 1715 1720 1717
f 1628 1632 1630
f 2187 2189 2191
f 1881 1883 1885
f 1899 1903 1901
f 2277 2281 2279
f 2313 2317 2315
f 2169 2173 2171
f 2156 2158 2160
f 2010 2012 2016
f 2208 2210 2214
f 1917 1924 1919
f 2133 2135 2137
f 1971 1973 1978
f 1989 1996 1991
f 2223 2227 2225
f 2300 2304 2302
f 2174 2176 2178
f 2151 2155 2153
f 2007 2014 2009
f 2205 2212 2207
f 1920 1922 1926
f 1855 1864 1857
f 1801 1810 1803
f 1784 1795 1786
f 1820 1831 1822
f 1838 1849 1840
f 1874 1887 1876
f 2180 2193 2182
f 2310 2321 2312
f 2274 2285 2276
f 1896 1907 1898
f 2089 2098 2091
f 2035 2044 2037
f 1950 1961 1952
f 2054 2067 2056
f 2072 2083 2074
f 2126 2139 2128
f 1964 1975 1966
f 1986 1997 1988
f 2220 2231 2222
f 2291 2298 2293
f 2183 2190 2185
f 1877 1884 1879
f 1891 1900 1893
f 2269 2278 2271
f 2305 2314 2307
f 2161 2170 2163
f 2148 2159 2150
f 2004 2015 2006
f 2202 2213 2204
f 1909 1918 1911
f 2129 2136 2131
f 1967 1977 1969
f 1981 1990 1983
f 2215 2224 2217
f 2288 2301 2290
f 2166 2177 2168
f 2143 2152 2145
f 1999 2008 2001
f 2197 2206 2199
f 1914 1925 1916
f 1806 1817 1808
f 1787 1797 1789
f 1823 1833 1825
f 1841 1851 1843
f 1860 1871 1862
f 1931 1941 1933
f 2108 2119 2110
f 2018 2029 2020
f 2234 2247 2236
f 2255 2262 2257
f 2040 2051 2042
f 1945 1954 1947
f 2057 2064 2059
f 2075 2085 2077
f 2094 2105 2096
f 2111 2121 2113
f 2021 2031 2023
f 2237 2244 2239
f 2252 2265 2254
f 1928 1939 1930
f 1812 1814 1818
f 1791 1793 1798
f 1827 1829 1834
f 1845 1847 1852
f 1866 1868 1872
f 1935 1937 1942
f 2118 2124 2120
f 2028 2034 2030
f 2246 2250 2248
f 2259 2261 2263
f 2048 2050 2052
f 1953 1960 1955
f 2061 2063 2065
f 2079 2081 2086
f 2100 2102 2106
f 2115 2117 2122
f 2025 2027 2032
f 2241 2243 2245
f 2264 2268 2266
f 1938 1944 1940
f 1802 1804 1813
f 1783 1785 1792
f 1819 1821 1828
f 1837 1839 1846
f 1856 1858 1867
f 1927 1929 1936
f 2112 2114 2123
f 2022 2024 2033
f 2238 2240 2249
f 2251 2253 2260
f 2036 2038 2049
f 1949 1951 1959
f 2053 2055 2062
f 2071 2073 2080
f 2090 2092 2101
f 2107 2109 2116
f 2017 2019 2026
f 2233 2235 2242
f 2256 2258 2267
f 1932 1934 1943
f 1859 1861 1869
f 1805 1807 1815
f 1788 1790 1799
f 1824 1826 1835
f 1842 1844 1853
f 1878 1880 1889
f 2184 2186 2195
f 2306 2308 2319
f 2270 2272 2283
f 1892 1894 1905
f 2093 2095 2103
f 2039 2041 2046
f 1946 1948 1957
f 2058 2060 2069
f 2076 2078 2087
f 2130 2132 2141
f 1968 1970 1979
f 1982 1984 1993
f 2216 2218 2229
f 2287 2289 2296
f 2179 2181 2188
f 1873 1875 1882
f 1895 1897 1902
f 2273 2275 2280
f 2309 2311 2316
f 2165 2167 2172
f 2144 2146 2157
f 2000 2002 2011
f 2198 2200 2209
f 1913 1915 1923
f 2125 2127 2134
f 1963 1965 1972
f 1985 1987 1995
f 2219 2221 2226
f 2292 2294 2303
f 2162 2164 2175
f 2147 2149 2154
f 2003 2005 2013
f 2201 2203 2211
f 1910 1912 1921
f 1863 1870 1865
f 1809 1816 1811
f 1794 1800 1796
f 1830 1836 1832
f 1848 1854 1850
f 1886 1890 1888
f 2192 2196 2194
f 2318 2320 2322
f 2282 2284 2286
f 1904 1906 1908
f 2097 2104 2099
f 2043 2047 2045
f 1956 1958 1962
f 2066 2070 2068
f 2082 2088 2084
f 2138 2142 2140
f 1974 1980 1976
f 1992 1994 1998
f 2228 2230 2232
f 2295 2297 2299
f 2331 2329 2330
f 2327 2323 2324
f 2328 2326 2325
f 2334 2333 2332
f 2337 2336 2335
f 2346 2345 2344
f 2412 2409 2410
f 2499 2496 2497
f 2487 2485 2486
f 2436 2435 2434
f 2376 2374 2375
f 2372 2368 2369
f 2373 2371 2370
f 2379 2378 2377
f 2382 2381 2380
f 2396 2392 2393
f 2361 2360 2359
f 2418 2416 2415
f 2457 2456 2455
f 2463 2460 2461
f 2492 2488 2489
f 2402 2398 2399
f 2343 2340 2341
f 2433 2430 2431
f 2478 2475 2476
f 2406 2404 2405
f 2502 2501 2500
f 2484 2482 2481
f 2442 2440 2439
f 2349 2347 2348
f 2468 2464 2465
f 2387 2384 2383
f 2358 2355 2356
f 2421 2419 2420
f 2454 2451 2452
f 2472 2470 2471
f 2388 2385 2386
f 2364 2362 2363
f 2426 2423 2422
f 2448 2446 2445
f 2403 2401 2400
f 2342 2339 2338
f 2432 2429 2428
f 2477 2474 2473
f 2493 2491 2490
f 2462 2459 2458
f 2397 2395 2394
f 2367 2365 2366
f 2427 2424 2425
f 2447 2443 2444
f 2391 2390 2389
f 2357 2354 2353
f 2417 2413 2414
f 2453 2450 2449
f 2469 2467 2466
f 2411 2408 2407
f 2498 2495 2494
f 2483 2479 2480
f 2441 2437 2438
f 2352 2350 2351
f 2509 2511 2510
f 2503 2505 2504
f 2506 2507 2508
f 2512 2513 2514
f 2515 2516 2517
f 2518 2519 2520
f 2555 2556 2554
f 2541 2540 2539
f 2562 2561 2560
f 2522 2521 2523
f 2542 2544 2543
f 2528 2529 2527
f 2531 2530 2532
f 2545 2546 2547
f 2548 2549 2550
f 2551 2553 2552
f 2533 2534 2535
f 2537 2536 2538
f 2559 2557 2558
f 2526 2525 2524
