v -0.21864966 0.27329153 -0.17533632 0.513222 0.512727 0.512492
v 0.21816483 0.27701503 -0.18372720 0.511626 0.511319 0.511175
v -0.38588396 -0.65766603 -0.01581787 0.524022 0.522403 0.521640
v 0.39068460 -0.65884697 -0.01403484 0.527052 0.525243 0.524390
v -0.01328503 -0.54016101 0.84434885 0.553365 0.546573 0.543323
v -0.00117670 0.14077994 0.49675530 0.524514 0.524266 0.524148
v 0.00734215 -0.29897121 -0.45993814 0.546731 0.542588 0.540614
v 0.00043140 0.54075611 -0.84148568 0.583746 0.573815 0.569137
v 0.41756657 0.06410585 -0.29657638 0.537186 0.534911 0.533811
v 0.42946547 -0.02713839 0.30596954 0.524617 0.523659 0.523208
v -0.39605278 0.06689468 -0.28501499 0.527467 0.525383 0.524348
v -0.42794579 -0.01817118 0.31642628 0.528324 0.526687 0.525916
v 0.01236244 0.43918616 -0.15213069 0.522933 0.521046 0.520150
v -0.16292515 0.17999172 0.20903543 0.523983 0.523210 0.522838
v -0.26238796 0.80734795 -0.53179860 0.603063 0.590181 0.583068
v -0.34368566 0.19040295 -0.25887063 0.568592 0.566203 0.565079
v -0.40555993 0.06227678 0.14518058 0.561073 0.559973 0.559454
v 0.16767187 0.18547654 0.20235547 0.520420 0.519785 0.519481
v 0.25506070 0.83333027 -0.55613691 0.603579 0.589998 0.582498
v 0.33419096 0.18477708 -0.27178019 0.573169 0.570767 0.569636
v 0.39786324 0.07328838 0.13139082 0.552903 0.551759 0.551219
v -0.00464472 -0.70886445 -0.00685687 0.500265 0.500265 0.500265
v -0.25643775 -0.72144270 0.50750655 0.550594 0.546839 0.545065
v -0.20089543 -0.58662659 -0.35605961 0.614648 0.600582 0.593963
v -0.42288518 -0.25072807 -0.15763426 0.544661 0.540419 0.538402
v -0.41830665 -0.28986967 0.23767161 0.556493 0.550316 0.547405
v 0.23242545 -0.87293923 0.63172352 0.545116 0.544923 0.544830
v 0.19951046 -0.57932842 -0.35779172 0.605532 0.592404 0.586224
v 0.42075589 -0.24478558 -0.16429137 0.561574 0.555948 0.553298
v 0.41823858 -0.29654837 0.24511606 0.526756 0.523092 0.521380
v -0.00225191 0.01553801 0.82721645 0.607637 0.599057 0.595020
v 0.37684646 -0.24708201 0.67726552 0.584665 0.576092 0.572058
v -0.37811369 -0.25610241 0.67400879 0.593890 0.583779 0.579026
v 0.27329984 0.04879540 0.47311169 0.574463 0.572473 0.571537
v -0.28136748 0.05269223 0.48292378 0.581006 0.579193 0.578338
v -0.00403786 0.06751205 -0.72230506 0.593851 0.560150 0.541893
v 0.24177912 -0.06673244 -0.38477796 0.606426 0.598554 0.594854
v -0.23092705 -0.07139501 -0.40110704 0.594712 0.588008 0.584866
v 0.38123107 0.27564722 -0.80449331 0.643884 0.610798 0.593038
v -0.38131243 0.26136893 -0.76089454 0.615301 0.591547 0.579002
v 0.45607787 0.02204369 0.01153812 0.542814 0.540418 0.539249
v -0.45400095 0.03388767 0.02958187 0.543773 0.541362 0.540167
v -0.13907970 0.37148452 -0.17855686 0.521742 0.519875 0.518996
v -0.20197116 0.21491408 -0.00655553 0.516957 0.516423 0.516171
v -0.25544477 0.51332915 -0.33453485 0.534650 0.531015 0.529293
v -0.27081847 0.26303625 -0.22568196 0.539926 0.538425 0.537697
v -0.30493993 0.16081858 -0.01970020 0.526618 0.525925 0.525587
v 0.15154393 0.36926478 -0.17870502 0.507880 0.507393 0.507158
v 0.20512560 0.21971250 -0.01491195 0.517248 0.516687 0.516422
v 0.23234957 0.50580674 -0.31946445 0.524337 0.521676 0.520415
v 0.26427233 0.26626772 -0.23652309 0.541660 0.540338 0.539713
v 0.29827297 0.17003548 -0.02928881 0.531719 0.530752 0.530286
v -0.23080973 -0.78670073 -0.01493565 0.537946 0.537914 0.537898
v -0.29925722 -0.61795139 0.20879777 0.517903 0.515103 0.513609
v -0.40852955 -0.82154596 -0.29204115 0.584939 0.585087 0.585157
v -0.44213668 -0.49718121 -0.10798715 0.554093 0.547709 0.544690
v -0.40048617 -0.47303087 0.12349634 0.550068 0.545195 0.542886
v 0.23365843 -0.78240752 -0.01057582 0.536797 0.536672 0.536604
v 0.28609824 -0.63433897 0.25963631 0.525795 0.522367 0.520532
v 0.40252167 -0.82337683 -0.31153730 0.605610 0.605182 0.604982
v 0.44656810 -0.49567235 -0.12241255 0.552963 0.546692 0.543734
v 0.39909041 -0.48147747 0.13431567 0.549092 0.544035 0.541646
v -0.15488233 -0.89607733 0.82150114 0.680179 0.679629 0.679371
v 0.17300470 -0.73023987 0.77746558 0.554433 0.547208 0.543805
v -0.00237451 -0.27907386 0.93256980 0.636382 0.625305 0.620093
v 0.24798301 -0.42671138 0.84316170 0.626823 0.613451 0.607159
v -0.25055736 -0.44818467 0.84240425 0.471863 0.471482 0.471300
v -0.07998545 0.14204139 0.38412562 0.521259 0.521081 0.520997
v 0.07885191 0.14353788 0.37738153 0.520120 0.519920 0.519826
v -0.00147463 0.12812600 0.63654089 0.578084 0.576886 0.576325
v 0.13461664 0.12099043 0.51210690 0.559032 0.558443 0.558166
v -0.13613756 0.11630160 0.51505017 0.566881 0.566203 0.565884
v -0.07584397 -0.41722220 -0.40772000 0.553580 0.547560 0.544726
v 0.08371589 -0.41508299 -0.40720761 0.555448 0.549622 0.546879
v 0.00463818 -0.07913704 -0.50175679 0.635570 0.622683 0.616617
v 0.12002851 -0.20707218 -0.45340231 0.605625 0.594972 0.589957
v -0.10946862 -0.20866188 -0.45602119 0.601814 0.591506 0.586654
v -0.14470789 0.74282610 -0.75307244 0.660197 0.643103 0.634773
v 0.15789811 0.73475647 -0.74506474 0.651148 0.635336 0.627652
v -0.01007061 0.29578930 -0.85943460 0.673290 0.579537 0.528568
v 0.19541988 0.43972230 -0.85473114 0.652688 0.625286 0.611327
v -0.20087406 0.45030108 -0.87915581 0.663809 0.641142 0.629854
v 0.41490105 0.09737465 -0.30143887 0.559893 0.555812 0.553854
v 0.38106528 -0.02136157 -0.20024198 0.552302 0.549185 0.547716
v 0.35209471 0.02100252 -0.35661933 0.590640 0.586912 0.585152
v 0.38784087 0.12781712 -0.48117441 0.583933 0.576191 0.572274
v 0.44292873 0.04680222 -0.15598911 0.549613 0.546393 0.544839
v 0.43238661 0.02132230 0.23498718 0.555360 0.553387 0.552448
v 0.42797658 -0.11781459 0.29123980 0.518549 0.517331 0.516759
v 0.40311578 -0.11543550 0.45394450 0.521172 0.519921 0.519337
v 0.37779883 -0.01160352 0.39268935 0.554794 0.551989 0.550669
v 0.44677901 0.00374228 0.17161751 0.540160 0.537598 0.536332
v -0.40734920 0.11313784 -0.28773636 0.554340 0.551142 0.549603
v -0.38588169 -0.03567570 -0.19727515 0.534429 0.533286 0.532748
v -0.33936232 0.01821759 -0.35226041 0.570264 0.567995 0.566919
v -0.38469195 0.13262112 -0.46456492 0.555702 0.549332 0.546108
v -0.42993152 0.05294418 -0.14072648 0.540065 0.537611 0.536404
v -0.42277172 0.02371712 0.24489252 0.569017 0.566835 0.565805
v -0.42679593 -0.11871001 0.29817557 0.544937 0.541002 0.539151
v -0.40522015 -0.11421788 0.45841879 0.561298 0.556160 0.553740
v -0.38557759 -0.00208500 0.40280104 0.574363 0.570997 0.569414
v -0.43761408 0.00751986 0.18755177 0.545400 0.542150 0.540546
v -0.06915417 0.25554365 -0.01301053 0.509363 0.508996 0.508821
v -0.10200277 0.67440569 -0.30703267 0.531572 0.528195 0.526595
v 0.08312801 0.25555044 -0.01583058 0.508861 0.508504 0.508333
v 0.11157664 0.68535054 -0.31818339 0.530445 0.527374 0.525911
v -0.30496258 0.11487764 0.18815231 0.531702 0.530688 0.530172
v 0.00289011 0.19999659 0.20656940 0.516297 0.515800 0.515564
v -0.23085155 0.10699126 0.35986736 0.541729 0.540512 0.539885
v -0.34943300 0.57902396 -0.41059980 0.671211 0.661541 0.656983
v 0.01342543 0.85444552 -0.54146278 0.511044 0.510816 0.510709
v -0.31702891 0.55178821 -0.66344815 0.584412 0.574773 0.570238
v -0.38807726 0.10394934 -0.05057575 0.553833 0.552644 0.552086
v -0.35828251 0.28979021 -0.47732550 0.585366 0.579531 0.576785
v -0.44531864 0.06763597 -0.09378994 0.557611 0.555553 0.554572
v -0.36067706 0.05684206 0.31210402 0.567036 0.565276 0.564441
v -0.44448233 0.04121965 0.08624808 0.559632 0.557637 0.556680
v 0.29199088 0.11955142 0.17327133 0.527183 0.526306 0.525875
v 0.22535396 0.10978928 0.35073647 0.536763 0.535783 0.535293
v 0.35093725 0.51555920 -0.43200710 0.701634 0.691070 0.686107
v 0.32418409 0.57024288 -0.64523739 0.581693 0.572045 0.567499
v 0.37946311 0.10910779 -0.06426610 0.561153 0.559670 0.558970
v 0.34429625 0.29569155 -0.48428383 0.586606 0.580297 0.577327
v 0.44805729 0.05944771 -0.10960953 0.567761 0.564940 0.563594
v 0.34671763 0.05496484 0.29896638 0.553774 0.552217 0.551477
v 0.45230547 0.03824107 0.07422993 0.558211 0.555761 0.554580
v -0.13075936 -0.70276350 0.27434397 0.500225 0.500225 0.500225
v -0.11886007 -0.74114859 -0.25210217 0.529066 0.528803 0.528681
v 0.09410679 -0.70649427 0.31853867 0.501592 0.501592 0.501592
v 0.11939598 -0.74025226 -0.24433509 0.528376 0.528194 0.528113
v -0.36511874 -0.49721730 0.37181681 0.562633 0.557680 0.555338
v -0.02418631 -0.73617435 0.54235649 0.508542 0.508376 0.508297
v -0.40787870 -0.58262366 0.65038025 0.649739 0.635135 0.628263
v -0.39382082 -0.46101344 -0.31537750 0.653400 0.641399 0.635753
v 0.00155945 -0.57995409 -0.34308612 0.566697 0.562842 0.560890
v -0.23454584 -0.33047533 -0.38959709 0.598503 0.588949 0.584453
v -0.43963623 -0.27474752 0.03231364 0.535266 0.531624 0.529903
v -0.33639699 -0.18162085 -0.29981035 0.542141 0.540262 0.539377
v -0.42608130 -0.06483924 -0.04176527 0.524342 0.523133 0.522563
v -0.40482327 -0.30394050 0.45261294 0.552346 0.546309 0.543467
v -0.43472821 -0.09328036 0.12815532 0.539201 0.536757 0.535598
v 0.36726612 -0.53710490 0.44437218 0.573897 0.566550 0.563052
v 0.32491526 -0.55165619 0.77903736 0.584546 0.575610 0.571406
v 0.38858271 -0.45119888 -0.32551998 0.639938 0.628364 0.622917
v 0.23963219 -0.32727242 -0.38771981 0.597780 0.588721 0.584458
v 0.43958908 -0.27364495 0.02488159 0.557825 0.552283 0.549656
v 0.34276605 -0.17726678 -0.30380598 0.591522 0.585547 0.582738
v 0.43117064 -0.06139968 -0.05450483 0.552080 0.548328 0.546562
v 0.40176409 -0.31048733 0.47893137 0.562852 0.556017 0.552793
v 0.43845773 -0.09077786 0.11459238 0.537191 0.534501 0.533232
v 0.24261713 -0.11453559 0.82550323 0.621474 0.610168 0.604849
v -0.24475807 -0.12382393 0.83788633 0.598633 0.589286 0.584873
v 0.18667737 0.06197013 0.67223835 0.587555 0.584000 0.582329
v -0.18763268 0.06050574 0.67525506 0.573472 0.571611 0.570739
v 0.33003432 -0.05048443 0.59201032 0.578403 0.573136 0.570657
v -0.33302924 -0.04812063 0.60022277 0.537006 0.534758 0.533701
v 0.12908861 0.00137946 -0.56385517 0.594788 0.588326 0.585286
v -0.12509023 -0.00001362 -0.56207061 0.583618 0.578465 0.576054
v 0.17591888 0.14475077 -0.85497528 0.704261 0.622664 0.578285
v -0.21870838 0.12999883 -0.87097311 0.760222 0.671190 0.622769
v 0.29982328 0.05970356 -0.62792486 0.607845 0.592756 0.584915
v -0.30386734 0.05901787 -0.60235345 0.593309 0.581971 0.576100
v -0.18421462 0.31481969 -0.18671039 0.515683 0.514557 0.514023
v -0.21114537 0.23712909 -0.10501885 0.516312 0.515633 0.515303
v -0.21842095 0.36242706 -0.24471685 0.522715 0.521066 0.520285
v -0.24294963 0.27191538 -0.20284341 0.525244 0.524132 0.523589
v -0.25364846 0.21880054 -0.10750332 0.524813 0.524170 0.523867
v 0.18848367 0.31436598 -0.19376010 0.505922 0.505656 0.505530
v 0.21323723 0.24385726 -0.11403875 0.514090 0.513608 0.513371
v 0.21719438 0.36480123 -0.24415030 0.516823 0.515752 0.515244
v 0.23960933 0.27771616 -0.20901439 0.522989 0.522100 0.521663
v 0.25143790 0.22703332 -0.11597279 0.520848 0.520315 0.520061
v -0.34043869 -0.73829627 -0.01849955 0.525000 0.524107 0.523706
v -0.34242421 -0.62683624 0.07653705 0.529295 0.527649 0.526815
v -0.42729807 -0.75330567 -0.12116562 0.538624 0.536717 0.535823
v -0.42148709 -0.60087812 -0.06340852 0.553652 0.548981 0.546773
v -0.39124808 -0.56777889 0.05121864 0.537156 0.533253 0.531338
v 0.34822765 -0.73825502 -0.01554983 0.532000 0.530241 0.529409
v 0.34069356 -0.63236523 0.09591357 0.533385 0.531549 0.530605
v 0.43686825 -0.75325966 -0.13185351 0.557429 0.554207 0.552707
v 0.42593449 -0.60059786 -0.07169702 0.558037 0.553269 0.551021
v 0.39101705 -0.57153213 0.05581655 0.537436 0.533383 0.531392
v -0.09633689 -0.66173577 0.83279508 0.660440 0.650211 0.645393
v 0.05501052 -0.61478049 0.80464840 0.589129 0.583037 0.580168
v -0.00421714 -0.42318827 0.87929523 0.585515 0.575000 0.570051
v 0.11033908 -0.49253914 0.84980154 0.586131 0.575539 0.570554
v -0.12624732 -0.51486468 0.85676444 0.596322 0.584609 0.579101
v -0.03603150 0.13937646 0.44606707 0.526781 0.526317 0.526079
v 0.03490065 0.14027697 0.44567215 0.526256 0.525778 0.525532
v -0.00155083 0.14128610 0.55765307 0.542481 0.541485 0.541018
v 0.05879721 0.13737765 0.50930703 0.542666 0.541990 0.541654
v -0.06103743 0.13480470 0.50970161 0.544997 0.544432 0.544155
v -0.02812154 -0.36067414 -0.44221571 0.558438 0.553182 0.550706
v 0.04058827 -0.35973042 -0.44179153 0.557912 0.552793 0.550381
v 0.00667300 -0.20201716 -0.47790852 0.594066 0.585216 0.581051
v 0.06035012 -0.27078480 -0.47552252 0.585308 0.577238 0.573441
v -0.04535326 -0.26686430 -0.46485934 0.588684 0.580795 0.577084
v -0.05763339 0.62692362 -0.80986816 0.480897 0.475184 0.472287
v 0.06645915 0.62536418 -0.80709231 0.577850 0.567652 0.562449
v -0.00481925 0.43359011 -0.85960698 0.637088 0.582993 0.553873
v 0.09231240 0.50192541 -0.84860688 0.572300 0.559519 0.553183
v -0.09193857 0.50387084 -0.84845233 0.528826 0.519279 0.514395
v 0.42821091 0.07797818 -0.30365288 0.554329 0.550209 0.548167
v 0.39994663 0.03571428 -0.24946381 0.549035 0.546538 0.545357
v 0.39304802 0.05115275 -0.32589453 0.574848 0.571911 0.570491
v 0.41219217 0.08562986 -0.36957550 0.562769 0.557786 0.555294
v 0.42627436 0.05771341 -0.23433453 0.550413 0.547308 0.545799
v 0.43475750 -0.00085998 0.27452013 0.539119 0.536700 0.535497
v 0.43076774 -0.05518081 0.29998481 0.530201 0.528846 0.528208
v 0.41734898 -0.06329888 0.36710936 0.538394 0.536904 0.536202
v 0.41170922 -0.02446585 0.34605470 0.539617 0.536432 0.534828
v 0.44004235 -0.01005459 0.24588515 0.535138 0.533587 0.532839
v -0.40667072 0.09184133 -0.28953952 0.543154 0.539714 0.538007
v -0.38963300 0.02947070 -0.24160105 0.541324 0.539841 0.539130
v -0.37592819 0.04794143 -0.31895888 0.553612 0.551702 0.550774
v -0.39347297 0.09389981 -0.35765150 0.549711 0.544653 0.542110
v -0.41047871 0.06118755 -0.22098467 0.544385 0.541787 0.540496
v -0.42602041 0.00552732 0.28517556 0.546237 0.543144 0.541640
v -0.43014905 -0.05043508 0.31072104 0.543691 0.540563 0.539091
v -0.42072242 -0.05480947 0.37534106 0.560120 0.556361 0.554592
v -0.41598040 -0.01386046 0.35558936 0.547951 0.543954 0.541977
v -0.43301877 -0.00423309 0.25880593 0.549470 0.546356 0.544846
v -0.07117596 0.41560858 -0.16853674 0.525620 0.523436 0.522405
v 0.08854190 0.41302776 -0.17051427 0.510552 0.509473 0.508963
v -0.02545444 0.29548162 -0.13156074 0.508864 0.508221 0.507916
v -0.03972044 0.57213891 -0.20979491 0.520848 0.519643 0.519077
v 0.04759731 0.29613435 -0.13161367 0.506649 0.506233 0.506032
v 0.05500657 0.56881988 -0.21484724 0.520556 0.518861 0.518065
v -0.18717900 0.19770467 0.10205376 0.519493 0.518760 0.518415
v -0.12358628 0.15196288 0.30216673 0.518135 0.517739 0.517552
v -0.12279718 0.23651558 0.11430699 0.542056 0.541367 0.541043
v -0.23341069 0.14866048 0.19790325 0.526472 0.525800 0.525483
v -0.08363083 0.19803119 0.21140033 0.520543 0.520004 0.519751
v -0.19994111 0.13671100 0.29147175 0.529278 0.528672 0.528379
v -0.30719459 0.70239520 -0.43860087 0.553037 0.547389 0.544672
v -0.21807474 0.81913167 -0.63432139 0.711137 0.667141 0.642895
v -0.18543002 0.77185136 -0.41843858 0.565539 0.556417 0.551595
v -0.40783411 0.73443526 -0.51817352 0.831441 0.814477 0.806018
v -0.17919628 0.98360956 -0.50070947 0.874843 0.860878 0.853168
v -0.29236633 0.69828838 -0.60282367 0.584071 0.575463 0.571337
v -0.29908082 0.23620021 -0.24119781 0.555548 0.553459 0.552473
v -0.38498124 0.14478335 -0.27674684 0.565401 0.562497 0.561128
v -0.29991037 0.33864784 -0.34270185 0.572521 0.568771 0.567008
v -0.36512378 0.14104751 -0.15373102 0.552787 0.551149 0.550376
v -0.34389082 0.24960394 -0.36570376 0.583889 0.579629 0.577625
v -0.40402463 0.10727531 -0.17215002 0.562514 0.560527 0.559591
v -0.36239100 0.10287136 0.06940039 0.541013 0.539919 0.539365
v -0.42002052 0.03764570 0.20037852 0.569862 0.568372 0.567670
v -0.36268988 0.08821476 0.16867246 0.545765 0.544650 0.544099
v -0.40348998 0.07617560 0.05046572 0.548974 0.547820 0.547275
v -0.39187780 0.05793905 0.23123553 0.557658 0.556325 0.555694
v -0.43287686 0.04384229 0.11781754 0.555588 0.554105 0.553408
v 0.19597487 0.20597625 0.09791303 0.520623 0.519892 0.519546
v 0.12305743 0.15938604 0.29305968 0.519979 0.519665 0.519517
v 0.13294694 0.23679614 0.10832343 0.530897 0.530230 0.529911
v 0.08865625 0.19775820 0.20653918 0.519975 0.519359 0.519069
v 0.23012042 0.15454829 0.18741465 0.525104 0.524473 0.524177
v 0.19832459 0.14102399 0.28396091 0.525330 0.524730 0.524430
v 0.25511762 0.67825931 -0.43238610 0.533672 0.530042 0.528291
v 0.21606813 0.80372703 -0.65537500 0.668866 0.630116 0.608786
v 0.19754806 0.81733090 -0.44649640 0.649790 0.629884 0.619005
v 0.16918339 0.99124408 -0.54033995 0.786876 0.767796 0.757260
v 0.39635530 0.73732984 -0.50227946 0.729224 0.722273 0.718719
v 0.26685044 0.72280121 -0.56860191 0.594353 0.583934 0.578961
v 0.29761904 0.23721847 -0.25583062 0.559535 0.557564 0.556634
v 0.37608334 0.12881351 -0.28922749 0.567197 0.563897 0.562341
v 0.30172679 0.33875483 -0.35144353 0.575234 0.571339 0.569505
v 0.35600939 0.13548669 -0.16816390 0.559785 0.558042 0.557221
v 0.32564691 0.24625292 -0.37374529 0.576772 0.572620 0.570666
v 0.39612335 0.09890160 -0.18883577 0.572505 0.570218 0.569141
v 0.35086507 0.11465481 0.05662391 0.539748 0.538676 0.538166
v 0.42693397 0.04329529 0.19015825 0.560551 0.559199 0.558561
v 0.34915662 0.09604222 0.15428199 0.539740 0.538684 0.538172
v 0.39465311 0.08784917 0.03648384 0.548952 0.547624 0.546999
v 0.38476551 0.06266233 0.21915142 0.549563 0.548275 0.547667
v 0.43989086 0.04982921 0.10773775 0.557172 0.555518 0.554739
v -0.12069041 -0.73052257 -0.01837667 0.501789 0.501789 0.501789
v 0.11828410 -0.73240411 -0.01194344 0.501545 0.501545 0.501545
v -0.06727434 -0.70479208 0.13141768 0.500301 0.500301 0.500301
v -0.07438900 -0.69378704 -0.14256828 0.502950 0.502949 0.502948
v 0.04790179 -0.70585304 0.14328915 0.500052 0.500052 0.500052
v 0.07339030 -0.70033753 -0.13503662 0.502364 0.502363 0.502363
v -0.26464716 -0.63447148 0.36510652 0.527105 0.524975 0.523843
v -0.27078539 -0.92582357 0.58767116 0.699574 0.699016 0.698754
v -0.18128732 -0.68403745 0.41544545 0.513991 0.513935 0.513907
v -0.31845966 -0.60444403 0.45143893 0.562499 0.557498 0.555026
v -0.16180119 -0.75952810 0.52712655 0.624972 0.624878 0.624834
v -0.34391400 -0.74109781 0.57627422 0.619444 0.609579 0.604919
v -0.28846234 -0.72405952 -0.35460427 0.597659 0.586980 0.581981
v -0.13196754 -0.49075159 -0.37727979 0.569794 0.561507 0.557601
v -0.16494045 -0.70473623 -0.32400960 0.555896 0.550464 0.547865
v -0.30440173 -0.54721165 -0.35458857 0.643053 0.625907 0.617838
v -0.09870703 -0.58777124 -0.34769136 0.548805 0.543681 0.541265
v -0.22306484 -0.45707232 -0.37374014 0.597226 0.586168 0.580965
v -0.44552550 -0.37501493 -0.13658154 0.558907 0.552749 0.549851
v -0.40047300 -0.13416103 -0.17480652 0.526325 0.525021 0.524406
v -0.41941825 -0.35590059 -0.23416393 0.582631 0.575566 0.572239
v -0.45011705 -0.26528245 -0.06437587 0.546114 0.541708 0.539642
v -0.39030424 -0.22142600 -0.23964623 0.540799 0.538260 0.537053
v -0.42501405 -0.15546075 -0.09456190 0.519334 0.517861 0.517167
v -0.41083774 -0.38122562 0.18734911 0.549572 0.543881 0.541190
v -0.42353794 -0.20063804 0.27417421 0.555643 0.550244 0.547705
v -0.39710286 -0.39141175 0.30189878 0.561992 0.555635 0.552625
v -0.42783222 -0.28204086 0.13357466 0.530523 0.527099 0.525473
v -0.41039455 -0.29899949 0.34435996 0.566181 0.559217 0.555939
v -0.42944938 -0.19073720 0.17950340 0.528078 0.525255 0.523924
v 0.24208871 -0.67751843 0.45472664 0.534559 0.533598 0.533140
v 0.25092283 -0.98926675 0.73238325 0.527742 0.527177 0.526909
v 0.12931457 -0.71709996 0.53609991 0.574766 0.573825 0.573383
v 0.12061717 -0.78118485 0.63033438 0.613584 0.613297 0.613164
v 0.35470212 -0.71908247 0.54898173 0.656986 0.649410 0.645836
v 0.27294490 -0.81538343 0.73421156 0.672606 0.670304 0.669222
v 0.28434095 -0.70810157 -0.35629842 0.673125 0.655256 0.646792
v 0.13538113 -0.48686683 -0.37750781 0.570108 0.562044 0.558245
v 0.16365685 -0.69715822 -0.32252985 0.575457 0.567704 0.564049
v 0.10045290 -0.58330905 -0.34597942 0.549991 0.544927 0.542534
v 0.30166334 -0.53437811 -0.36061743 0.628883 0.613483 0.606234
v 0.22466718 -0.45183000 -0.37537661 0.594295 0.584011 0.579172
v 0.44451073 -0.37184346 -0.15068969 0.554269 0.548305 0.545498
v 0.39378583 -0.12647462 -0.17711687 0.545803 0.542466 0.540919
v 0.41328630 -0.34890202 -0.24212718 0.581404 0.574608 0.571409
v 0.44998366 -0.26087880 -0.07738920 0.555946 0.550559 0.548024
v 0.38373801 -0.21579769 -0.23996176 0.579243 0.573057 0.570138
v 0.42506197 -0.14808272 -0.10289985 0.557959 0.553018 0.550695
v 0.40991887 -0.39072904 0.19910792 0.550306 0.544294 0.541448
v 0.42458603 -0.20222874 0.27451462 0.514745 0.513082 0.512299
v 0.39879343 -0.40969557 0.33245954 0.560489 0.553479 0.550164
v 0.42799780 -0.28394729 0.13245761 0.530720 0.526994 0.525242
v 0.41141155 -0.30897635 0.36231020 0.550744 0.545180 0.542543
v 0.43162659 -0.18933211 0.17414987 0.520714 0.518376 0.517276
v -0.00352248 -0.11572235 0.92821097 0.685791 0.672322 0.665984
v -0.00163017 0.09226042 0.72987068 0.612679 0.609350 0.607786
v 0.12345526 -0.04595710 0.84892106 0.602279 0.591768 0.586822
v -0.12700818 -0.04968921 0.85059386 0.560346 0.553452 0.550193
v 0.10927608 0.05270510 0.76229262 0.593105 0.588592 0.586464
v -0.11042674 0.04994881 0.76366353 0.582090 0.578430 0.576698
v 0.33246559 -0.33344442 0.77893984 0.608496 0.598416 0.593673
v 0.38780463 -0.17820409 0.55914748 0.532743 0.529718 0.528286
v 0.37026161 -0.38620847 0.70805120 0.578355 0.569700 0.565627
v 0.38855171 -0.29090863 0.58406675 0.575344 0.567584 0.563931
v 0.33373451 -0.18554011 0.76179969 0.602367 0.592220 0.587446
v 0.36124915 -0.13216639 0.64202976 0.578288 0.571098 0.567711
v -0.33654711 -0.35178697 0.77633506 0.503316 0.502294 0.501820
v -0.39077222 -0.18032232 0.55834234 0.558657 0.552856 0.550128
v -0.38437438 -0.40654141 0.66927296 0.607989 0.595533 0.589673
v -0.39547235 -0.29404509 0.56169188 0.581335 0.572589 0.568486
v -0.32864261 -0.19723314 0.76862800 0.607640 0.596585 0.591383
v -0.36271438 -0.13477364 0.64959019 0.588162 0.579479 0.575392
v 0.20634237 0.08637825 0.49890113 0.561925 0.560251 0.559462
v 0.33112073 0.01441024 0.43645298 0.571052 0.568794 0.567715
v 0.25008395 0.08059111 0.41262183 0.554107 0.552683 0.552010
v 0.31003109 0.04971892 0.38343921 0.566272 0.565018 0.564424
v 0.23431340 0.05277741 0.57008839 0.581907 0.579158 0.577864
v 0.30058673 0.00805880 0.53434211 0.577173 0.573074 0.571112
v -0.21166854 0.08649415 0.50603163 0.571393 0.569697 0.568899
v -0.34037513 0.02160068 0.44706243 0.587817 0.585130 0.583839
v -0.25720936 0.08113313 0.42207506 0.557515 0.556366 0.555822
v -0.32086897 0.05350792 0.39484137 0.577858 0.576384 0.575685
v -0.23948683 0.05610171 0.57710183 0.591284 0.588799 0.587630
v -0.30764502 0.01353431 0.54383212 0.585387 0.581450 0.579560
v 0.00217899 0.01052758 -0.58291733 0.603160 0.594564 0.590507
v -0.00841076 0.15160379 -0.84051859 0.699107 0.606760 0.556535
v 0.06999545 0.03034920 -0.65354490 0.610844 0.600816 0.595864
v -0.07069471 0.02980910 -0.65137017 0.607360 0.597290 0.592246
v 0.07783925 0.09918925 -0.79397100 0.644606 0.577629 0.541201
v -0.09402180 0.09983034 -0.78692174 0.650324 0.584550 0.548776
v 0.17404225 -0.13563193 -0.41002735 0.616698 0.606550 0.601774
v 0.30161092 -0.01352111 -0.37014067 0.593714 0.589161 0.587013
v 0.24258439 -0.19692481 -0.38849801 0.607943 0.598767 0.594450
v 0.29637495 -0.12701362 -0.35019705 0.580488 0.574508 0.571697
v 0.18166813 -0.01796529 -0.45432839 0.609755 0.602682 0.599356
v 0.26127684 0.01011042 -0.47854906 0.614915 0.609776 0.607347
v -0.17288885 -0.13966899 -0.43387797 0.611493 0.601291 0.596490
v -0.28518814 -0.01473665 -0.36944783 0.568558 0.565536 0.564112
v -0.23705263 -0.20188275 -0.39956021 0.608608 0.599295 0.594908
v -0.28774491 -0.13084535 -0.35777813 0.541972 0.539084 0.537727
v -0.17618236 -0.01518577 -0.45545638 0.584060 0.578439 0.575801
v -0.25257546 0.01060082 -0.47142917 0.598121 0.594017 0.592076
v 0.30016419 0.38085222 -0.89439768 0.696418 0.657438 0.636514
v 0.37970448 0.19044593 -0.63010806 0.611665 0.599249 0.592845
v 0.34353089 0.42099577 -0.73350221 0.609686 0.599868 0.595250
v 0.36427090 0.30458602 -0.62263590 0.598500 0.590760 0.587112
v 0.30142975 0.20967858 -0.98296285 0.793346 0.701631 0.651749
v 0.36195797 0.13742059 -0.78011000 0.644994 0.609639 0.590498
v -0.30819619 0.35982376 -0.87191212 0.675941 0.645468 0.629307
v -0.38534060 0.18717770 -0.60138381 0.601608 0.590981 0.585621
v -0.35172459 0.40548036 -0.72290987 0.602569 0.592944 0.588415
v -0.37025875 0.29342020 -0.60562527 0.589021 0.581230 0.577562
v -0.32734507 0.19524008 -0.90315914 0.771255 0.703218 0.666215
v -0.37728941 0.13238943 -0.72171926 0.600862 0.574444 0.560152
v 0.45727700 0.03639537 -0.07099009 0.546547 0.542983 0.541242
v 0.45270991 0.01440045 0.09296465 0.540768 0.538418 0.537282
v 0.46072990 0.04115568 -0.04454599 0.559455 0.555901 0.554185
v 0.45801932 0.03106550 0.04122477 0.551683 0.548105 0.546324
v 0.44630027 0.00515005 -0.01680879 0.546448 0.543952 0.542781
v 0.44666779 -0.01588352 0.06299820 0.537534 0.535724 0.534876
v -0.44941616 0.04708426 -0.05427812 0.537883 0.535385 0.534152
v -0.44698399 0.01918377 0.11048229 0.551686 0.548532 0.547000
v -0.45509666 0.05261963 -0.02819318 0.545988 0.543564 0.542385
v -0.45216197 0.03800243 0.05690450 0.544738 0.541947 0.540547
v -0.44319600 0.00543381 -0.00103344 0.533908 0.532781 0.532251
v -0.44341862 -0.01126553 0.08076117 0.548604 0.546702 0.545806
v -0.15829447 0.25789893 -0.11636567 0.512426 0.511899 0.511647
v -0.18708025 0.44961631 -0.24783731 0.531021 0.528389 0.527151
v -0.09574401 0.27793676 -0.12804900 0.511436 0.510791 0.510485
v -0.12674418 0.52372539 -0.22458549 0.504750 0.503847 0.503423
v -0.25692984 0.18629777 -0.00945599 0.521077 0.520395 0.520052
v -0.13924018 0.23964834 -0.00826970 0.515039 0.514603 0.514394
v -0.25199386 0.16460294 0.09436011 0.521032 0.520528 0.520285
v -0.26469558 0.38771895 -0.29510808 0.534003 0.531917 0.530925
v -0.19374612 0.60527265 -0.32781750 0.531469 0.527857 0.526150
v -0.40343064 0.58344245 -0.42457458 0.622916 0.613201 0.608576
v -0.29047969 0.20185190 -0.12151402 0.534077 0.533167 0.532730
v -0.27217010 0.40966383 -0.32638466 0.566353 0.562060 0.560031
v -0.32653734 0.17740047 -0.13741669 0.546705 0.545317 0.544641
v -0.31304690 0.13045633 0.08547877 0.530048 0.529399 0.529074
v -0.34719110 0.13439241 -0.03409820 0.538235 0.537224 0.536727
v 0.16739501 0.26159400 -0.12374972 0.508964 0.508668 0.508527
v 0.18843162 0.44794616 -0.24462523 0.518985 0.517175 0.516322
v 0.11272868 0.28206688 -0.13090466 0.506648 0.506401 0.506280
v 0.14484708 0.52599049 -0.21436340 0.527536 0.524959 0.523741
v 0.25365928 0.19436169 -0.01920138 0.518050 0.517096 0.516624
v 0.15030265 0.24275184 -0.01384810 0.513874 0.513540 0.513380
v 0.24773353 0.17043787 0.08410826 0.520872 0.520115 0.519755
v 0.25385085 0.38906583 -0.28837565 0.536734 0.534701 0.533736
v 0.18686855 0.61171281 -0.32905120 0.525537 0.522500 0.521061
v 0.30007032 0.53983688 -0.38840777 0.553968 0.549030 0.546678
v 0.28500429 0.20871669 -0.13086206 0.532440 0.531273 0.530699
v 0.28886700 0.38617820 -0.32592824 0.558305 0.555238 0.553788
v 0.31871846 0.17945990 -0.15012825 0.550330 0.548924 0.548262
v 0.30249971 0.13984799 0.07330972 0.528642 0.527584 0.527063
v 0.33863342 0.14256081 -0.04595466 0.539877 0.538647 0.538065
v -0.27407014 -0.65711290 0.08811890 0.507711 0.507643 0.507609
v -0.34621575 -0.94645071 -0.14100705 0.697314 0.697314 0.697314
v -0.17817011 -0.68519390 0.10406776 0.502635 0.502634 0.502634
v -0.12925327 -0.89889604 -0.15046385 0.574182 0.574182 0.574182
v -0.35889500 -0.55479044 0.16904399 0.536716 0.532848 0.530956
v -0.22460833 -0.66933846 0.24365363 0.516311 0.516055 0.515917
v -0.33096737 -0.56343865 0.30355093 0.537064 0.532969 0.530956
v -0.44709241 -0.64129126 -0.20066175 0.588130 0.579459 0.575379
v -0.23447302 -0.91657251 -0.33303332 0.713827 0.713827 0.713826
v -0.40143177 -0.63048244 -0.32070547 0.709703 0.694851 0.687860
v -0.42394412 -0.48293877 0.00866126 0.548988 0.543717 0.541221
v -0.44117802 -0.49711198 -0.22530280 0.588881 0.580833 0.577045
v -0.44348806 -0.37896812 -0.03195763 0.553857 0.548209 0.545549
v -0.37901053 -0.47614387 0.24434395 0.549879 0.545019 0.542722
v -0.42650744 -0.37865078 0.07601701 0.553555 0.548082 0.545498
v 0.26392940 -0.65781033 0.11391661 0.509292 0.509238 0.509212
v 0.35253382 -0.93754119 -0.15678428 0.723056 0.723051 0.723048
v 0.15946616 -0.68083942 0.13612598 0.506505 0.506505 0.506505
v 0.14593075 -0.91695946 -0.12916733 0.571976 0.571976 0.571976
v 0.35325450 -0.56703311 0.19945203 0.538168 0.534045 0.532025
v 0.19983619 -0.69213247 0.30819339 0.515383 0.515370 0.515363
v 0.32121617 -0.59343481 0.37477601 0.553927 0.548527 0.545813
v 0.45096755 -0.63940948 -0.21210988 0.590901 0.582241 0.578166
v 0.22560471 -0.90529609 -0.34134305 0.729619 0.729644 0.729655
v 0.39828515 -0.61991745 -0.33020571 0.701136 0.685644 0.678353
v 0.42375445 -0.48502687 0.00342031 0.548115 0.542920 0.540463
v 0.44488057 -0.49314442 -0.24256687 0.591492 0.583628 0.579926
v 0.44564956 -0.37819862 -0.04175476 0.554898 0.549254 0.546589
v 0.37633112 -0.49584869 0.28030890 0.545450 0.540201 0.537728
v 0.42598417 -0.38188529 0.07567909 0.554387 0.548732 0.546050
v -0.05315980 -0.68322766 0.72212499 0.551162 0.550914 0.550799
v -0.24674506 -0.66010791 0.83338833 0.674345 0.654749 0.645532
v -0.10762543 -0.82328171 0.61029816 0.563715 0.563531 0.563445
v -0.37998652 -0.82566988 0.76974291 0.648413 0.641201 0.637817
v 0.24735290 -0.59497964 0.82437813 0.625937 0.611180 0.604236
v 0.05370811 -0.72139221 0.63517123 0.511620 0.511340 0.511207
v 0.37995720 -0.76455730 0.82220972 0.644671 0.634503 0.629708
v 0.12852919 -0.34889475 0.88914841 0.608185 0.596649 0.591221
v -0.12900020 -0.35741264 0.88247466 0.531974 0.526913 0.524521
v 0.13172591 -0.19028611 0.90032148 0.599292 0.586797 0.580916
v -0.13254902 -0.19697504 0.90081388 0.595394 0.583089 0.577302
v 0.36953041 -0.48539448 0.79728949 0.624577 0.615337 0.610988
v 0.24893136 -0.26556274 0.84987938 0.624757 0.613031 0.607512
v -0.36677769 -0.53649986 0.79703087 0.702787 0.687287 0.679992
v -0.24608997 -0.28097850 0.84846610 0.512143 0.510181 0.509241
v 0.00010350 0.14615202 0.38181832 0.519916 0.519691 0.519580
v -0.10993565 0.12901664 0.44656715 0.541124 0.540860 0.540734
v -0.04117307 0.16382778 0.30240685 0.516589 0.516334 0.516212
v -0.15727770 0.12958843 0.37532413 0.532670 0.532176 0.531935
v 0.10833570 0.13176718 0.44284078 0.537498 0.537232 0.537105
v 0.04256778 0.16973048 0.30039415 0.516908 0.516610 0.516468
v 0.15461197 0.13167936 0.36731705 0.527543 0.526977 0.526697
v 0.07712053 0.13249707 0.58281100 0.570986 0.570259 0.569916
v -0.07839121 0.12821117 0.58451569 0.571140 0.570573 0.570307
v 0.09248354 0.10765077 0.66833806 0.602610 0.600601 0.599654
v -0.09445966 0.10628355 0.67049432 0.599079 0.597442 0.596673
v 0.18138604 0.11065674 0.43258342 0.547050 0.546056 0.545564
v 0.15875107 0.10041779 0.58731401 0.576257 0.575092 0.574543
v -0.18490008 0.10807610 0.43870035 0.554867 0.554009 0.553589
v -0.16161257 0.09890957 0.59220570 0.588926 0.587333 0.586584
v 0.00397569 -0.42788282 -0.40738159 0.549666 0.544528 0.542100
v -0.10014179 -0.32846928 -0.44148031 0.581189 0.573561 0.569972
v -0.04223453 -0.50205499 -0.37541354 0.552538 0.546607 0.543803
v -0.15670319 -0.38551825 -0.40470925 0.575632 0.567577 0.563786
v 0.11136611 -0.32447940 -0.44058716 0.585028 0.577352 0.573739
v 0.04624747 -0.50187504 -0.37533692 0.557020 0.551206 0.548462
v 0.16413681 -0.38334692 -0.40489888 0.571735 0.563952 0.560289
v 0.06142737 -0.14070673 -0.47741961 0.616739 0.605641 0.600419
v -0.05099042 -0.14187950 -0.48002368 0.616000 0.605064 0.599918
v 0.06071518 -0.01799417 -0.51235199 0.620877 0.611080 0.606469
v -0.05355775 -0.01896465 -0.51249230 0.613865 0.604444 0.600009
v 0.17910157 -0.26672804 -0.42162907 0.598283 0.588500 0.583896
v 0.11589621 -0.06985295 -0.45421946 0.624129 0.612326 0.606771
v -0.17136049 -0.27222583 -0.42791280 0.591889 0.582281 0.577760
v -0.11110792 -0.07482469 -0.46832135 0.620103 0.608884 0.603605
v 0.00843035 0.74821907 -0.75743127 0.644856 0.626551 0.617736
v -0.17633823 0.59220922 -0.80962121 0.640636 0.623571 0.615301
v -0.08178835 0.82686198 -0.64520460 0.548729 0.546061 0.544630
v -0.26182523 0.68653446 -0.73658115 0.671801 0.660209 0.654753
v 0.19220507 0.58842766 -0.80241776 0.622541 0.606795 0.598964
v 0.09050179 0.82047188 -0.65497524 0.547871 0.544386 0.542491
v 0.26387089 0.67084026 -0.71273327 0.600155 0.589835 0.584980
v 0.09294377 0.36480117 -0.86535943 0.653801 0.581227 0.541759
v -0.10901177 0.36873475 -0.86964202 0.657532 0.582807 0.542151
v 0.08683591 0.22408983 -0.85605550 0.699993 0.598129 0.542721
v -0.11229526 0.22375892 -0.85770708 0.717598 0.607899 0.548248
v 0.29071754 0.52117056 -0.80157298 0.635147 0.622517 0.616580
v 0.18964675 0.29208344 -0.88738120 0.633014 0.555456 0.513310
v -0.27904904 0.51774299 -0.79108953 0.646613 0.633379 0.627141
v -0.21575508 0.28922942 -0.91388285 0.701692 0.616715 0.570547
v 0.40796632 0.11900199 -0.39119592 0.569221 0.564453 0.562122
v 0.43732333 0.06817210 -0.22366540 0.550696 0.546390 0.544285
v 0.36933795 0.16734257 -0.39049518 0.578100 0.574170 0.572314
v 0.42989126 0.07748154 -0.20819759 0.568090 0.565062 0.563619
v 0.36613521 -0.00491031 -0.27473074 0.573196 0.570457 0.569165
v 0.41364938 0.02845816 -0.17471315 0.546548 0.544538 0.543587
v 0.36187235 -0.09667000 -0.24436870 0.553406 0.551166 0.550111
v 0.40910369 -0.04366931 -0.13179599 0.553317 0.550028 0.548479
v 0.37931412 0.07528338 -0.42556685 0.594126 0.587662 0.584457
v 0.33527428 -0.06091155 -0.31057388 0.571092 0.568461 0.567226
v 0.32890034 0.04633002 -0.46806163 0.602019 0.596361 0.593643
v 0.37571013 0.19722030 -0.50037330 0.590398 0.584895 0.582257
v 0.35940650 0.10611243 -0.56966841 0.608827 0.597547 0.591756
v 0.45505327 0.05425714 -0.13547753 0.552348 0.548236 0.546238
v 0.43040377 0.01772538 -0.09602961 0.545268 0.542713 0.541511
v 0.40560189 0.00606447 0.31057516 0.551281 0.549297 0.548361
v 0.44524899 0.01432090 0.20176381 0.546562 0.544192 0.543039
v 0.39785418 0.03188673 0.26791865 0.556033 0.554789 0.554203
v 0.44736135 0.03184535 0.15730739 0.556392 0.554065 0.552937
v 0.41908771 -0.12417278 0.37561238 0.517172 0.516548 0.516256
v 0.43739432 -0.03239065 0.22373058 0.529263 0.527930 0.527305
v 0.41733810 -0.20851627 0.37438309 0.513790 0.512353 0.511674
v 0.43408480 -0.10404979 0.20319082 0.523522 0.521901 0.521142
v 0.39309695 -0.05462044 0.42884749 0.554244 0.550548 0.548765
v 0.40510905 -0.20270608 0.47043449 0.509686 0.508564 0.508038
v 0.37434411 -0.09192610 0.52715433 0.558173 0.553950 0.551960
v 0.36266550 0.02204394 0.34808135 0.565898 0.564083 0.563229
v 0.35714969 -0.02871245 0.48653498 0.563224 0.559463 0.557690
v 0.45226490 0.02406625 0.12355443 0.548061 0.545266 0.543914
v 0.44344020 -0.02437686 0.14425646 0.530170 0.528901 0.528305
v -0.39827529 0.13157240 -0.37891418 0.561922 0.557926 0.555983
v -0.42296636 0.07964819 -0.20785418 0.540033 0.537103 0.535657
v -0.37976968 0.18341753 -0.38005596 0.580460 0.576797 0.575067
v -0.42427477 0.08959183 -0.19175601 0.555859 0.553558 0.552452
v -0.36396658 -0.01097406 -0.27279490 0.547773 0.546721 0.546225
v -0.40947694 0.01832706 -0.16601728 0.535161 0.534173 0.533703
v -0.36616829 -0.10397531 -0.24594644 0.538270 0.537047 0.536470
v -0.41291255 -0.05416340 -0.12423876 0.529668 0.528715 0.528266
v -0.36639237 0.07566591 -0.41483852 0.572725 0.567233 0.564472
v -0.32571888 -0.06210518 -0.30688760 0.548013 0.546455 0.545721
v -0.31862089 0.04317380 -0.45791966 0.581325 0.577193 0.575205
v -0.38139024 0.20151484 -0.48621553 0.583448 0.578364 0.575956
v -0.36139110 0.10470346 -0.54473376 0.583314 0.573665 0.568727
v -0.44337940 0.06663000 -0.11799006 0.543681 0.540842 0.539435
v -0.42828041 0.01708563 -0.08330855 0.529389 0.528454 0.528004
v -0.41150507 0.01504566 0.32154995 0.565286 0.562930 0.561817
v -0.43250272 0.01614328 0.21374692 0.547950 0.545318 0.544043
v -0.40573236 0.03593749 0.28020048 0.569545 0.567810 0.566992
v -0.43334094 0.03120397 0.16728742 0.557785 0.555774 0.554808
v -0.42008901 -0.12215317 0.37982348 0.550337 0.546298 0.544393
v -0.43350559 -0.03591613 0.23864254 0.548453 0.545524 0.544145
v -0.41668445 -0.20654632 0.36959246 0.537406 0.533550 0.531732
v -0.43120685 -0.10764153 0.21365131 0.547919 0.544379 0.542712
v -0.39697841 -0.04793407 0.43702418 0.560303 0.555856 0.553722
v -0.40712810 -0.20241004 0.46409798 0.520398 0.517996 0.516865
v -0.37745106 -0.08974819 0.53353989 0.573016 0.567196 0.564456
v -0.37439990 0.03070456 0.36023301 0.581663 0.579923 0.579103
v -0.35989454 -0.02370342 0.49454635 0.568916 0.564884 0.562984
v -0.44208002 0.02643846 0.13761935 0.546086 0.542899 0.541344
v -0.43695283 -0.02239248 0.16156843 0.546929 0.544422 0.543243
v 0.00793879 0.25748658 -0.01761547 0.508559 0.508152 0.507954
v -0.03721536 0.23426086 0.10278800 0.514598 0.514150 0.513938
v 0.00359130 0.71876848 -0.29434758 0.584964 0.579831 0.577260
v -0.06353822 0.80651206 -0.41149035 0.540878 0.538866 0.537772
v 0.04754570 0.23376346 0.10123092 0.513610 0.513145 0.512922
v 0.07680783 0.81963867 -0.43134552 0.539404 0.537464 0.536399
v -0.27354819 0.10979706 0.27793437 0.538608 0.538043 0.537775
v -0.33793256 0.08292678 0.25623900 0.554080 0.553023 0.552512
v -0.29938048 0.08104005 0.33873135 0.558812 0.557796 0.557316
v -0.33629245 0.56237251 -0.53812051 0.567918 0.563046 0.560742
v -0.33141780 0.40262631 -0.45146808 0.597930 0.591324 0.588214
v -0.34341764 0.41656828 -0.57556278 0.599274 0.590808 0.586823
v -0.42569733 0.07529205 -0.06961083 0.561510 0.560085 0.559411
v -0.44130698 0.05631348 0.02964978 0.565720 0.564176 0.563448
v -0.45282978 0.05315572 -0.00018195 0.562771 0.560875 0.559959
v 0.26324877 0.11445975 0.26415020 0.533285 0.532672 0.532383
v 0.32902232 0.08654511 0.24500081 0.542724 0.541605 0.541061
v 0.29005343 0.08134592 0.32759491 0.548629 0.547721 0.547292
v 0.41511619 0.63310510 -0.48543054 0.600743 0.591967 0.587849
v 0.30869925 0.44568127 -0.44685131 0.577366 0.572735 0.570553
v 0.34632602 0.44769508 -0.56963825 0.612391 0.603296 0.599016
v 0.41751298 0.07634181 -0.08563493 0.569126 0.567278 0.566405
v 0.43809816 0.05602345 0.01771366 0.564744 0.562977 0.562145
v 0.45506334 0.04541062 -0.01397224 0.565923 0.563309 0.562049
v -0.01769245 -0.70553690 0.29514262 0.500354 0.500354 0.500354
v -0.08067386 -0.70393866 0.42797387 0.501430 0.501420 0.501416
v -0.00067630 -0.66490811 -0.23122089 0.502475 0.502454 0.502444
v -0.05732293 -0.65074444 -0.30247885 0.556699 0.555565 0.555029
v 0.02999820 -0.71828586 0.47448546 0.508585 0.508568 0.508561
v 0.05757230 -0.64808762 -0.29884490 0.551168 0.550088 0.549582
v -0.37039211 -0.54182208 0.50405765 0.591226 0.583110 0.579263
v -0.39200887 -0.40792030 0.42119703 0.569561 0.561788 0.558100
v -0.39417142 -0.42165738 0.54440820 0.589134 0.578925 0.574105
v -0.30931327 -0.39568716 -0.35746235 0.611107 0.599667 0.594284
v -0.36935747 -0.31428140 -0.30807775 0.616161 0.607055 0.602775
v -0.30221903 -0.25982013 -0.35952491 0.596993 0.588374 0.584304
v -0.43618056 -0.16954465 -0.00669507 0.521537 0.519960 0.519218
v -0.43476731 -0.18052824 0.08537374 0.526184 0.524215 0.523289
v -0.43623221 -0.07885791 0.04197646 0.534713 0.533016 0.532219
v 0.35820997 -0.58709103 0.62097621 0.636399 0.620819 0.613481
v 0.39348277 -0.43072176 0.47491673 0.577525 0.568386 0.564075
v 0.37616014 -0.42612952 0.60952413 0.587378 0.577404 0.572707
v 0.30828291 -0.39042366 -0.35863984 0.606313 0.595650 0.590633
v 0.36687285 -0.30797133 -0.31324983 0.609136 0.600569 0.596537
v 0.30352581 -0.25644758 -0.35436830 0.609674 0.600376 0.596001
v 0.43910784 -0.16305791 -0.01735266 0.555762 0.550961 0.548702
v 0.43677866 -0.17855744 0.07626471 0.553707 0.549174 0.547041
v 0.44030136 -0.07821207 0.02812633 0.549194 0.545717 0.544082
v 0.21508364 -0.00586239 0.75530255 0.508579 0.508005 0.507731
v 0.30324835 -0.07130910 0.71203911 0.587852 0.580255 0.576685
v -0.21689659 -0.00831915 0.76278919 0.512958 0.512705 0.512587
v -0.30267385 -0.07491835 0.72097313 0.537137 0.533915 0.532432
v 0.26706621 0.00464892 0.64372075 0.561446 0.556906 0.554742
v -0.27046677 0.00653255 0.65070450 0.538978 0.537064 0.536142
v 0.15269640 0.00276222 -0.75706434 0.690626 0.668012 0.656071
v 0.21260756 0.01307922 -0.62041175 0.643782 0.637251 0.634105
v -0.15347862 0.01601209 -0.74854040 0.686154 0.663834 0.651972
v -0.21543537 0.01255073 -0.60956323 0.618676 0.613297 0.610710
v 0.25990683 0.04610272 -0.83671218 0.706562 0.664651 0.641954
v -0.28200734 0.05538151 -0.79816175 0.651543 0.618925 0.601257
v -0.20302528 0.29027855 -0.18284710 0.514080 0.513395 0.513072
v -0.21503180 0.25359517 -0.14605831 0.517376 0.516875 0.516637
v -0.21450245 0.30623221 -0.20873941 0.517053 0.516150 0.515724
v -0.22961953 0.27346498 -0.18835755 0.518085 0.517338 0.516980
v -0.23232979 0.24524921 -0.14763035 0.517465 0.516974 0.516741
v 0.20406318 0.29212016 -0.19089310 0.509166 0.508900 0.508773
v 0.21516836 0.25823742 -0.15653065 0.511539 0.511214 0.511059
v 0.21453273 0.31002539 -0.21337509 0.510800 0.510409 0.510225
v 0.22843555 0.27868259 -0.19526187 0.515858 0.515362 0.515123
v 0.23191279 0.25286984 -0.15532358 0.515917 0.515556 0.515385
v -0.36976132 -0.69369060 -0.02108691 0.532525 0.530360 0.529345
v -0.36432400 -0.64231151 0.02271320 0.533133 0.531630 0.530910
v -0.40461022 -0.69894892 -0.05813706 0.537221 0.533919 0.532362
v -0.40523976 -0.63769042 -0.03730234 0.540527 0.537324 0.535810
v -0.38770014 -0.61566031 0.01470692 0.531264 0.528863 0.527702
v 0.37725157 -0.69628799 -0.01603295 0.539620 0.536970 0.535727
v 0.36801159 -0.64637703 0.03291659 0.536125 0.534376 0.533528
v 0.40788656 -0.69710869 -0.06343242 0.545349 0.541201 0.539251
v 0.40883261 -0.63751811 -0.04148879 0.541549 0.538101 0.536472
v 0.38995308 -0.61685258 0.01770866 0.533825 0.531254 0.530007
v -0.05021272 -0.58852792 0.83620405 0.614800 0.607150 0.603535
v 0.01622242 -0.57503581 0.82840300 0.556494 0.549827 0.546650
v -0.00878926 -0.48820579 0.85903645 0.571172 0.562358 0.558210
v 0.04125006 -0.51866800 0.84581178 0.566756 0.558172 0.554124
v -0.06382486 -0.53082782 0.85139501 0.590966 0.580768 0.575965
v -0.01679116 0.14062721 0.47491384 0.527328 0.526809 0.526544
v 0.01489609 0.14102793 0.47525865 0.527151 0.526471 0.526118
v -0.00150132 0.14155588 0.52373940 0.537775 0.537383 0.537198
v 0.02513625 0.14120620 0.50496268 0.531333 0.530463 0.530006
v -0.02717236 0.13917527 0.50324088 0.534749 0.534089 0.533749
v -0.00756890 -0.33086056 -0.45201540 0.564231 0.558861 0.556325
v 0.02200240 -0.32892749 -0.45140576 0.561297 0.556340 0.553997
v 0.00721202 -0.25802666 -0.46749905 0.566809 0.560450 0.557437
v 0.03097965 -0.28821200 -0.46476758 0.561704 0.556042 0.553360
v -0.01564323 -0.28739506 -0.46273565 0.562025 0.556216 0.553463
v -0.02463135 0.57893080 -0.82981312 0.595846 0.583718 0.577826
v 0.02910232 0.57808203 -0.82977843 0.615434 0.601600 0.595033
v -0.00177959 0.49393111 -0.85265577 0.614617 0.599407 0.592215
v 0.04193164 0.52549958 -0.84636778 0.613422 0.599268 0.592565
v -0.04209919 0.52703738 -0.84595573 0.589858 0.577691 0.571714
v 0.42497152 0.07261936 -0.30096775 0.548364 0.545053 0.543419
v 0.41109675 0.05423617 -0.27490604 0.549292 0.546685 0.545438
v 0.40792909 0.05990664 -0.30995819 0.546116 0.543703 0.542538
v 0.41859457 0.07306734 -0.32782134 0.545398 0.541842 0.540096
v 0.42120007 0.06163402 -0.26897520 0.551273 0.548416 0.547032
v 0.43206000 -0.01365991 0.29161516 0.531889 0.530316 0.529550
v 0.43127719 -0.03669758 0.30346984 0.531912 0.530621 0.530016
v 0.42481577 -0.04110816 0.33190024 0.534728 0.533462 0.532869
v 0.42322260 -0.02602251 0.32396126 0.535106 0.533556 0.532805
v 0.43565437 -0.01875342 0.27921826 0.531971 0.530734 0.530151
v -0.40200469 0.07904939 -0.28762126 0.532835 0.529641 0.528038
v -0.39306507 0.05208398 -0.26496398 0.540024 0.538045 0.537094
v -0.38752699 0.05968570 -0.30043823 0.542732 0.540584 0.539538
v -0.39379135 0.07835486 -0.31588879 0.537411 0.533706 0.531845
v -0.40231550 0.06405734 -0.25683716 0.536224 0.533628 0.532347
v -0.42721245 -0.00576207 0.30256346 0.536392 0.533992 0.532831
v -0.43044657 -0.02729890 0.31382591 0.539796 0.537416 0.536296
v -0.42606065 -0.03146641 0.34141931 0.545902 0.543174 0.541889
v -0.42390636 -0.01625555 0.33384544 0.539777 0.537179 0.535929
v -0.43089664 -0.01114504 0.29072160 0.537773 0.535515 0.534438
v -0.03078053 0.42941779 -0.16133124 0.533067 0.530646 0.529502
v 0.05057250 0.42721093 -0.16539730 0.514178 0.512830 0.512191
v -0.00768353 0.36259460 -0.14767449 0.515989 0.514709 0.514090
v -0.01305880 0.50853676 -0.17063238 0.521315 0.520182 0.519645
v 0.02988330 0.36271775 -0.14737011 0.507310 0.506649 0.506330
v 0.03216082 0.50394022 -0.18045656 0.525458 0.523226 0.522175
v -0.17730102 0.19074100 0.15736765 0.522233 0.521412 0.521017
v -0.14382350 0.16642559 0.25576490 0.520888 0.520315 0.520045
v -0.14803514 0.21258742 0.16936231 0.542003 0.540985 0.540503
v -0.19884346 0.16410547 0.20431125 0.526025 0.525263 0.524901
v -0.12590417 0.19216150 0.21343714 0.525322 0.524688 0.524387
v -0.18247798 0.15521824 0.25241885 0.525670 0.524985 0.524655
v -0.29388332 0.76486468 -0.48602438 0.565066 0.561604 0.559742
v -0.25506440 0.84645593 -0.58405274 0.603709 0.564519 0.542882
v -0.22876535 0.81786340 -0.47940415 0.602784 0.578751 0.565513
v -0.32430774 0.76181400 -0.52573079 0.580762 0.578999 0.578092
v -0.27125329 0.98558593 -0.52552760 0.928370 0.887457 0.864863
v -0.26613414 0.76215905 -0.55799812 0.549209 0.545518 0.543524
v -0.31974575 0.21298444 -0.24972172 0.562881 0.560637 0.559580
v -0.36613664 0.16776228 -0.26817894 0.570900 0.568314 0.567093
v -0.31426421 0.25121468 -0.30218482 0.570170 0.567169 0.565756
v -0.35315201 0.16553634 -0.20619556 0.561081 0.559045 0.558086
v -0.33941251 0.21877822 -0.31216249 0.573288 0.569967 0.568404
v -0.37404504 0.14550361 -0.21532132 0.564974 0.562872 0.561882
v -0.38603044 0.08029792 0.10917065 0.552418 0.551280 0.550721
v -0.41594616 0.04740566 0.17502309 0.567875 0.566610 0.566016
v -0.38497794 0.07566097 0.15673321 0.551093 0.549954 0.549413
v -0.40702069 0.06576583 0.09943961 0.554609 0.553620 0.553153
v -0.39930236 0.06077486 0.18853584 0.559271 0.558004 0.557408
v -0.42361623 0.04768118 0.13371569 0.564874 0.563707 0.563157
v 0.18616490 0.19950384 0.15346259 0.520504 0.519774 0.519429
v 0.14563835 0.17180210 0.24870118 0.519082 0.518621 0.518401
v 0.15836269 0.21262431 0.16295055 0.530533 0.529590 0.529143
v 0.13042733 0.19418186 0.20617333 0.523723 0.523087 0.522787
v 0.19988416 0.17219114 0.19561982 0.522691 0.522073 0.521778
v 0.18166801 0.16146487 0.24309915 0.522109 0.521506 0.521211
v 0.25568476 0.76852274 -0.50292301 0.540483 0.536560 0.534472
v 0.24013598 0.83636373 -0.60459912 0.590766 0.554652 0.534709
v 0.25918555 0.87915367 -0.52240831 0.575516 0.547873 0.532622
v 0.26563022 0.96567357 -0.58273935 0.870807 0.834914 0.815093
v 0.26592031 0.77221000 -0.54014057 0.571849 0.570397 0.569609
v 0.24801782 0.78376842 -0.57218760 0.561325 0.558075 0.556301
v 0.31755954 0.21476802 -0.26352501 0.570439 0.568219 0.567174
v 0.35409218 0.15498069 -0.28097165 0.569859 0.567228 0.565988
v 0.31366670 0.25427261 -0.31330144 0.572347 0.569248 0.567791
v 0.34377116 0.15712097 -0.22033559 0.568335 0.566303 0.565344
v 0.32813561 0.21547756 -0.32328206 0.569422 0.566077 0.564503
v 0.36445042 0.13447344 -0.22993594 0.576687 0.574407 0.573336
v 0.37625346 0.09154001 0.09627064 0.547289 0.546184 0.545662
v 0.41688094 0.05778003 0.16369431 0.558407 0.557154 0.556562
v 0.37501931 0.08400872 0.14352883 0.545543 0.544433 0.543910
v 0.39824343 0.07983580 0.08491135 0.553312 0.552074 0.551492
v 0.39544445 0.06737101 0.17724426 0.552332 0.551099 0.550518
v 0.42033613 0.06171420 0.11968903 0.560147 0.558797 0.558163
v -0.06631992 -0.71206909 -0.01223591 0.500460 0.500460 0.500460
v 0.05755743 -0.71628529 -0.00634275 0.500234 0.500234 0.500234
v -0.03639995 -0.70727408 0.06178533 0.500302 0.500302 0.500302
v -0.03626943 -0.70386720 -0.07551287 0.500293 0.500293 0.500293
v 0.02312418 -0.70864469 0.06584110 0.500036 0.500036 0.500036
v 0.03043642 -0.70812869 -0.07182674 0.500313 0.500313 0.500313
v -0.25028151 -0.65193927 0.45579231 0.525129 0.523973 0.523411
v -0.28224960 -0.82720852 0.53935069 0.554093 0.553343 0.552992
v -0.21586078 -0.68598294 0.47064012 0.524426 0.523159 0.522564
v -0.28841385 -0.66493475 0.48920095 0.577395 0.572512 0.570184
v -0.21834411 -0.75762963 0.51359665 0.578757 0.575798 0.574413
v -0.29281843 -0.74728173 0.55370992 0.592664 0.587210 0.584649
v -0.24101952 -0.64904815 -0.35130501 0.640000 0.622315 0.614030
v -0.16498859 -0.53498149 -0.36523163 0.589873 0.579850 0.575132
v -0.18420184 -0.64988226 -0.34420383 0.604415 0.592496 0.586898
v -0.25297135 -0.57353216 -0.35764945 0.630930 0.614534 0.606821
v -0.14869270 -0.59027898 -0.35253435 0.594097 0.584604 0.580122
v -0.21368924 -0.52170312 -0.36554635 0.605693 0.592841 0.586794
v -0.43804905 -0.31238794 -0.14769585 0.561065 0.555004 0.552151
v -0.41017655 -0.19085300 -0.16616574 0.524067 0.522301 0.521459
v -0.42242086 -0.30210942 -0.19408965 0.568904 0.562625 0.559671
v -0.43781945 -0.25930533 -0.11242231 0.546338 0.541913 0.539781
v -0.40702081 -0.23801658 -0.19998579 0.543969 0.540553 0.538929
v -0.42358780 -0.20143093 -0.12376161 0.519433 0.517482 0.516540
v -0.41448867 -0.33541229 0.21421000 0.553619 0.547540 0.544674
v -0.42121276 -0.24463648 0.25780824 0.557661 0.551681 0.548867
v -0.40902865 -0.34018543 0.26920038 0.556940 0.550626 0.547648
v -0.42389631 -0.28528869 0.18578015 0.547009 0.541736 0.539246
v -0.41364884 -0.29463601 0.29051104 0.560895 0.554324 0.551226
v -0.42468801 -0.24024075 0.20780307 0.543035 0.538360 0.536156
v 0.23902191 -0.76739234 0.54571944 0.572528 0.571190 0.570553
v 0.20680526 -0.98636556 0.69645822 0.675268 0.674983 0.674848
v 0.16177203 -0.77738249 0.59756702 0.545971 0.545099 0.544688
v 0.14505726 -0.85064358 0.65302026 0.645234 0.644512 0.644174
v 0.33430707 -0.92219377 0.51558572 0.564023 0.562854 0.562303
v 0.26608843 -0.97418523 0.65020591 0.606059 0.605888 0.605809
v 0.23797959 -0.63744974 -0.35326642 0.636902 0.619620 0.611479
v 0.16592963 -0.52964485 -0.36627328 0.583243 0.573378 0.568736
v 0.18292391 -0.64111102 -0.34332788 0.611470 0.598719 0.592720
v 0.14956418 -0.58442295 -0.35150164 0.587782 0.578318 0.573844
v 0.25036591 -0.56359613 -0.36127412 0.617923 0.603443 0.596628
v 0.21369486 -0.51484948 -0.36746928 0.598870 0.587118 0.581587
v 0.43680638 -0.30750304 -0.15872611 0.556882 0.551150 0.548454
v 0.40641680 -0.18398967 -0.16986050 0.563049 0.557735 0.555239
v 0.41764763 -0.29636261 -0.20166758 0.568514 0.562508 0.559683
v 0.43832836 -0.25456592 -0.12256120 0.557426 0.551872 0.549258
v 0.40243632 -0.23194721 -0.20357081 0.571057 0.565098 0.562295
v 0.42326683 -0.19537996 -0.13181481 0.561389 0.556002 0.553462
v 0.41414160 -0.34413412 0.22449264 0.544632 0.539208 0.536648
v 0.42161062 -0.24920930 0.26178575 0.514704 0.512486 0.511446
v 0.40942135 -0.35207286 0.28642514 0.555838 0.549389 0.546350
v 0.42285144 -0.28991294 0.18811081 0.515831 0.513149 0.511883
v 0.41463700 -0.30335003 0.30329102 0.546130 0.540987 0.538561
v 0.42554095 -0.24241966 0.20782804 0.512057 0.509974 0.508995
v -0.00318055 -0.04129788 0.87291855 0.629415 0.618323 0.613103
v -0.00133148 0.05970994 0.77909839 0.612113 0.606119 0.603299
v 0.06052724 -0.01063189 0.84643769 0.616916 0.607430 0.602965
v -0.06555657 -0.01347450 0.84504932 0.608546 0.599554 0.595326
v 0.05694645 0.03736413 0.79839855 0.603219 0.596246 0.592967
v -0.05934575 0.03516072 0.79844403 0.597489 0.590779 0.587627
v 0.36343336 -0.28713036 0.73395514 0.603969 0.594469 0.589998
v 0.38168043 -0.21183716 0.61726904 0.570805 0.563897 0.560644
v 0.37319398 -0.31527963 0.69026488 0.584902 0.576098 0.571954
v 0.38200527 -0.27242407 0.63101816 0.581189 0.573149 0.569367
v 0.36092329 -0.21844143 0.72086310 0.602032 0.592589 0.588146
v 0.37313533 -0.18519115 0.66185588 0.581003 0.572987 0.569215
v -0.36103249 -0.30220059 0.72742260 0.575621 0.567633 0.563868
v -0.38448080 -0.21679649 0.61428970 0.579163 0.570909 0.567033
v -0.38036653 -0.32815927 0.67320919 0.597989 0.587079 0.581955
v -0.38783479 -0.27919924 0.61724257 0.589652 0.580173 0.575716
v -0.36219805 -0.22715156 0.72803199 0.612091 0.601270 0.596178
v -0.37278110 -0.19153573 0.66598314 0.590163 0.580656 0.576186
v 0.24095291 0.06745189 0.48766133 0.568346 0.566322 0.565368
v 0.30320421 0.03090854 0.45599675 0.571860 0.569963 0.569060
v 0.26130992 0.06557718 0.44267127 0.565190 0.563665 0.562948
v 0.29153702 0.04854107 0.42759830 0.567127 0.565724 0.565063
v 0.25414559 0.05021933 0.52061945 0.577233 0.574769 0.573609
v 0.28655693 0.02981538 0.50400805 0.578569 0.575826 0.574528
v -0.24801043 0.06980753 0.49646527 0.575128 0.573390 0.572570
v -0.31242692 0.03645074 0.46641558 0.590251 0.587847 0.586704
v -0.26965219 0.06772631 0.45282230 0.571962 0.570664 0.570053
v -0.30174714 0.05280283 0.43830925 0.581960 0.580298 0.579512
v -0.26121429 0.05398269 0.52938938 0.584161 0.581991 0.580969
v -0.29456902 0.03532623 0.51373106 0.586585 0.583920 0.582656
v -0.00063026 0.03744127 -0.65243733 0.600314 0.588129 0.581952
v -0.00689018 0.10374665 -0.78902018 0.647202 0.579597 0.542829
v 0.03513372 0.05018647 -0.68922663 0.601284 0.581076 0.570374
v -0.03974508 0.04961139 -0.68675405 0.603608 0.583816 0.573315
v 0.03556514 0.08328199 -0.75865304 0.612513 0.562364 0.535091
v -0.04701984 0.08332379 -0.75504059 0.613673 0.564047 0.537059
v 0.20974509 -0.09891313 -0.40102309 0.616078 0.606722 0.602318
v 0.27245930 -0.03926185 -0.37826318 0.590368 0.584478 0.581706
v 0.24246168 -0.13103977 -0.38707471 0.607265 0.598260 0.594021
v 0.26987994 -0.09731531 -0.36735931 0.593042 0.585742 0.582309
v 0.21139953 -0.03745176 -0.41094959 0.610616 0.603080 0.599536
v 0.24823064 -0.01670876 -0.41367134 0.599685 0.594034 0.591371
v -0.20362233 -0.10537140 -0.41995001 0.604954 0.596165 0.592033
v -0.25476968 -0.03878227 -0.37714738 0.580829 0.576257 0.574099
v -0.23467842 -0.13662893 -0.40074134 0.597520 0.589552 0.585823
v -0.25994149 -0.10177493 -0.37923461 0.572842 0.567856 0.565513
v -0.20486879 -0.03876799 -0.42421919 0.591671 0.585136 0.582068
v -0.23348120 -0.01479177 -0.41335016 0.587886 0.583328 0.581185
v 0.34077445 0.32530794 -0.85703772 0.689694 0.648459 0.626222
v 0.38264540 0.22964588 -0.71685755 0.620326 0.598687 0.587214
v 0.36218637 0.34872863 -0.77153701 0.620912 0.606717 0.599675
v 0.37460515 0.29426607 -0.70778060 0.607826 0.596392 0.590785
v 0.35736185 0.24995019 -0.90222198 0.710100 0.651376 0.619461
v 0.38534760 0.20468649 -0.81474262 0.671714 0.629644 0.606802
v -0.36633739 0.30945763 -0.83680791 0.639539 0.609094 0.592859
v -0.39013502 0.21988487 -0.68228257 0.609640 0.594807 0.587187
v -0.37107623 0.33558810 -0.74658501 0.605728 0.594885 0.589717
v -0.37985057 0.28226933 -0.68110937 0.600218 0.590839 0.586376
v -0.36901295 0.22980152 -0.84200519 0.646074 0.598878 0.573233
v -0.38401896 0.19102117 -0.75254852 0.623612 0.591591 0.574252
v 0.45754904 0.02807375 -0.02960288 0.545233 0.542358 0.540946
v 0.45505631 0.01755644 0.05236583 0.546494 0.543881 0.542627
v 0.45998764 0.03313900 -0.01536427 0.542851 0.539910 0.538474
v 0.45895439 0.02796041 0.02631970 0.544616 0.541405 0.539834
v 0.45208347 0.01408567 -0.00273424 0.543791 0.541814 0.540879
v 0.45216215 0.00889404 0.03793627 0.541679 0.539923 0.539092
v -0.45337480 0.04048239 -0.01192863 0.545633 0.542807 0.541403
v -0.45133537 0.02617094 0.07039747 0.552056 0.549282 0.547935
v -0.45551854 0.04432879 0.00145652 0.543804 0.540848 0.539394
v -0.45365852 0.03622650 0.04292032 0.539244 0.536340 0.534900
v -0.44990778 0.02335787 0.01498748 0.546567 0.544841 0.544017
v -0.45040059 0.01822684 0.05650048 0.549577 0.547794 0.546946
v -0.16400811 0.34428704 -0.18426470 0.519867 0.518224 0.517447
v -0.10816838 0.39601976 -0.17355075 0.520952 0.518993 0.518070
v -0.14474608 0.30413121 -0.15896443 0.515854 0.514817 0.514328
v -0.16307098 0.41366613 -0.20747882 0.525515 0.523255 0.522190
v -0.11390492 0.32215780 -0.16516605 0.518926 0.517606 0.516984
v -0.14178273 0.44887441 -0.18248840 0.523432 0.521176 0.520110
v -0.20707673 0.22532320 -0.05715844 0.516480 0.515831 0.515516
v -0.19523975 0.20569974 0.04740772 0.517041 0.516495 0.516237
v -0.17894135 0.23676527 -0.05992295 0.515263 0.514729 0.514478
v -0.23013300 0.20121360 -0.00697665 0.518471 0.517796 0.517461
v -0.17154260 0.22777432 -0.00646335 0.516715 0.516195 0.515950
v -0.22643679 0.19057602 0.04491588 0.517037 0.516573 0.516352
v -0.23117405 0.43203422 -0.28588852 0.529735 0.527151 0.525929
v -0.28822881 0.60593754 -0.38735232 0.539095 0.534393 0.532164
v -0.21685542 0.48162284 -0.29004046 0.530506 0.527560 0.526171
v -0.25642711 0.45207292 -0.32023343 0.534104 0.531235 0.529874
v -0.23065825 0.56315506 -0.33495736 0.532615 0.528813 0.527019
v -0.31470847 0.54817832 -0.38119322 0.537494 0.533232 0.531207
v -0.25759256 0.26854867 -0.21498734 0.533004 0.531719 0.531098
v -0.28292862 0.25314632 -0.23352520 0.549632 0.547725 0.546804
v -0.26251918 0.32241237 -0.26509744 0.537723 0.535949 0.535097
v -0.28099573 0.22734341 -0.17263708 0.537733 0.536607 0.536070
v -0.27207828 0.32109091 -0.27873704 0.547246 0.545108 0.544088
v -0.29686815 0.21695864 -0.18095981 0.545999 0.544386 0.543597
v -0.27853221 0.19010276 -0.06436848 0.525081 0.524411 0.524091
v -0.33381605 0.13107663 0.02543019 0.530622 0.529729 0.529278
v -0.28173709 0.17318976 -0.01371181 0.525335 0.524830 0.524589
v -0.29873094 0.17999721 -0.07034194 0.529144 0.528385 0.528019
v -0.31042424 0.14414459 0.03261459 0.528802 0.528332 0.528111
v -0.32648817 0.14857185 -0.02651086 0.532681 0.531766 0.531313
v 0.17130926 0.34182608 -0.18859543 0.505312 0.504944 0.504769
v 0.12423994 0.39351338 -0.17287342 0.509322 0.508640 0.508315
v 0.15441491 0.30122429 -0.16484100 0.505763 0.505483 0.505350
v 0.17145465 0.41088027 -0.20683321 0.513086 0.511816 0.511211
v 0.12863955 0.32152486 -0.16255999 0.506006 0.505767 0.505653
v 0.15958688 0.44578230 -0.17715093 0.528046 0.525964 0.524980
v 0.20962295 0.23041964 -0.06630000 0.515074 0.514521 0.514253
v 0.20019329 0.21124285 0.03981826 0.518278 0.517654 0.517360
v 0.18520325 0.24112892 -0.06782185 0.512791 0.512354 0.512145
v 0.23001754 0.20643854 -0.01660833 0.517436 0.516639 0.516248
v 0.17903998 0.23202991 -0.01356214 0.515644 0.515219 0.515022
v 0.22613931 0.19626057 0.03567052 0.519371 0.518711 0.518400
v 0.22308236 0.43064374 -0.27802965 0.521547 0.519563 0.518621
v 0.24413268 0.58892846 -0.37092832 0.528750 0.525451 0.523883
v 0.20787394 0.47948551 -0.28326592 0.520650 0.518535 0.517536
v 0.24560058 0.44856891 -0.30582377 0.530739 0.528313 0.527164
v 0.21292865 0.56040800 -0.32767490 0.522686 0.519936 0.518628
v 0.26253116 0.52572501 -0.35362142 0.532330 0.529098 0.527569
v 0.25166211 0.27391958 -0.22294611 0.532657 0.531558 0.531028
v 0.27765775 0.25379986 -0.24802564 0.549912 0.548260 0.547482
v 0.25678876 0.32700673 -0.26633701 0.537032 0.535484 0.534753
v 0.27527919 0.23440233 -0.18273970 0.536282 0.535206 0.534686
v 0.27087095 0.32134756 -0.28139734 0.546906 0.544900 0.543950
v 0.29022467 0.22179931 -0.19357996 0.546080 0.544820 0.544228
v 0.27377892 0.19877988 -0.07286512 0.524803 0.524049 0.523688
v 0.32459617 0.14147097 0.01438020 0.534629 0.533567 0.533061
v 0.27652040 0.18191510 -0.02356002 0.526633 0.525860 0.525492
v 0.29264355 0.18725735 -0.08012635 0.528439 0.527378 0.526859
v 0.30192551 0.15340120 0.02190275 0.530428 0.529584 0.529185
v 0.31860659 0.15707862 -0.03715494 0.534831 0.533670 0.533110
v -0.30255648 -0.78942955 0.00873837 0.535364 0.535219 0.535149
v -0.17350096 -0.75631374 -0.02173540 0.533289 0.533288 0.533288
v -0.25665784 -0.70139086 0.03065122 0.513724 0.513501 0.513394
v -0.27671772 -0.92692572 -0.03502072 0.661324 0.661325 0.661325
v -0.20306367 -0.70207721 0.03303431 0.512169 0.512153 0.512146
v -0.18614072 -0.86537522 -0.06466684 0.581943 0.581943 0.581943
v -0.31981868 -0.61872190 0.13951945 0.522911 0.521208 0.520318
v -0.28104725 -0.62334132 0.28362378 0.520650 0.517061 0.515154
v -0.28561774 -0.64040899 0.15150793 0.517073 0.516453 0.516123
v -0.33120856 -0.58837712 0.18985981 0.528123 0.525219 0.523740
v -0.26354635 -0.64360160 0.22641541 0.519174 0.517641 0.516815
v -0.31471676 -0.59195852 0.25922897 0.524467 0.521073 0.519355
v -0.43605709 -0.80809432 -0.20540000 0.546630 0.546508 0.546446
v -0.34517109 -0.81221825 -0.37757567 0.601943 0.601643 0.601504
v -0.40087849 -0.91373342 -0.23414652 0.691309 0.691311 0.691312
v -0.44335508 -0.72940367 -0.24971557 0.581440 0.575949 0.573336
v -0.35540634 -0.89374149 -0.31885251 0.708804 0.708814 0.708818
v -0.41493300 -0.72858310 -0.32509530 0.657843 0.649873 0.646129
v -0.43393496 -0.55291623 -0.08757634 0.555772 0.549824 0.546997
v -0.44525757 -0.43659902 -0.12395674 0.557323 0.551055 0.548103
v -0.44269931 -0.56416696 -0.15154739 0.563904 0.556867 0.553549
v -0.43457708 -0.49042034 -0.04895869 0.551111 0.545246 0.542469
v -0.44393808 -0.49935344 -0.16742724 0.564929 0.557878 0.554556
v -0.44317266 -0.43605578 -0.06799886 0.554253 0.548232 0.545388
v -0.39567265 -0.52030098 0.08794701 0.544308 0.540071 0.538058
v -0.40529612 -0.42702228 0.15701222 0.550215 0.544658 0.542017
v -0.38118860 -0.51601189 0.14704506 0.547069 0.542845 0.540841
v -0.41182929 -0.47688681 0.06570790 0.548367 0.543467 0.541146
v -0.38867235 -0.47311133 0.18267582 0.548890 0.543977 0.541653
v -0.41493714 -0.42707372 0.09963161 0.552212 0.546894 0.544373
v 0.29761246 -0.77592701 -0.00827776 0.539166 0.538696 0.538483
v 0.17663169 -0.75372362 -0.01718491 0.530546 0.530546 0.530545
v 0.25349367 -0.68808281 0.03564978 0.513630 0.513303 0.513146
v 0.27371421 -0.91096306 -0.04568981 0.660886 0.660888 0.660889
v 0.19995123 -0.69437093 0.04083963 0.511053 0.511027 0.511012
v 0.19755986 -0.86304581 -0.06729756 0.580068 0.580068 0.580068
v 0.31353226 -0.62820292 0.17213725 0.527243 0.524929 0.523703
v 0.26033813 -0.64721578 0.35670501 0.530804 0.529284 0.528484
v 0.27425778 -0.65071166 0.19073018 0.519047 0.518298 0.517901
v 0.32280445 -0.60312611 0.23086676 0.529968 0.525460 0.523116
v 0.24389213 -0.66228813 0.28589892 0.522625 0.522092 0.521807
v 0.30094782 -0.61340916 0.32164377 0.529954 0.525594 0.523323
v 0.43311191 -0.80620629 -0.21547955 0.554824 0.554200 0.553890
v 0.34465095 -0.79636979 -0.37403581 0.609188 0.603655 0.601040
v 0.38156733 -0.93305588 -0.24350020 0.689299 0.689313 0.689319
v 0.43855819 -0.72796762 -0.26047680 0.621139 0.612693 0.608689
v 0.31901559 -0.90190035 -0.33529878 0.695963 0.696092 0.696154
v 0.40417027 -0.72161567 -0.33410284 0.717734 0.703858 0.697333
v 0.43739045 -0.55193138 -0.09912771 0.554647 0.548607 0.545736
v 0.44947755 -0.43490210 -0.13930586 0.556174 0.549944 0.547005
v 0.44840482 -0.56279737 -0.16655792 0.566643 0.559452 0.556068
v 0.43637389 -0.49027425 -0.05937231 0.551562 0.545807 0.543087
v 0.45900384 -0.49858987 -0.18857627 0.565953 0.558932 0.555626
v 0.44513270 -0.43473563 -0.08037489 0.553233 0.547148 0.544269
v 0.39432135 -0.52651936 0.09584151 0.541481 0.536980 0.534830
v 0.40431246 -0.43647084 0.16929625 0.555017 0.549229 0.546500
v 0.37941930 -0.52599323 0.16642411 0.544980 0.540430 0.538265
v 0.41130158 -0.48170787 0.06779180 0.546281 0.541342 0.539007
v 0.38709742 -0.48513213 0.20460902 0.547231 0.542121 0.539710
v 0.41420588 -0.43321872 0.10399166 0.552285 0.546932 0.544407
v -0.12681809 -0.78580570 0.86118120 0.606886 0.600584 0.597645
v -0.22691914 -1.00045288 0.71088231 0.722958 0.722352 0.722068
v -0.11276236 -0.79278713 0.76642770 0.576697 0.576028 0.575716
v -0.20976001 -0.78378904 0.80404645 0.660383 0.651052 0.646685
v -0.09796250 -0.90927732 0.72225493 0.654191 0.653869 0.653718
v -0.27578738 -0.88362050 0.75885701 0.684078 0.682724 0.682086
v 0.11104579 -0.66140479 0.78325683 0.567222 0.560413 0.557206
v 0.22801101 -0.83882594 0.76804984 0.514417 0.511662 0.510359
v 0.06117158 -0.68752372 0.72957104 0.559987 0.557701 0.556623
v 0.22109951 -0.67575717 0.81169033 0.561776 0.553448 0.549529
v 0.11260154 -0.74804074 0.70994526 0.521103 0.519161 0.518248
v 0.27775562 -0.76958227 0.83631831 0.536106 0.531325 0.529074
v -0.00197861 -0.35128546 0.89983481 0.600586 0.588691 0.583094
v -0.01022463 -0.21782543 1.00824177 0.820426 0.803292 0.795231
v 0.06393882 -0.31205207 0.90571016 0.608238 0.596804 0.591424
v -0.06680360 -0.31708103 0.90561736 0.607609 0.596204 0.590833
v 0.06555362 -0.23563164 0.92964953 0.629455 0.617505 0.611881
v -0.07065866 -0.24034216 0.93492627 0.634956 0.622855 0.617162
v 0.18285753 -0.46343294 0.85231668 0.608354 0.596105 0.590341
v 0.29852465 -0.38066882 0.81836206 0.637713 0.625986 0.620467
v 0.25445595 -0.51193488 0.84031516 0.641994 0.626637 0.619411
v 0.18826956 -0.38683626 0.86598688 0.611530 0.599432 0.593738
v 0.31278142 -0.46613023 0.82216245 0.654577 0.641732 0.635686
v 0.24716282 -0.34550038 0.84939086 0.619363 0.607215 0.601498
v -0.19023378 -0.48753023 0.85347259 0.513917 0.510191 0.508453
v -0.29999292 -0.40126160 0.81736618 0.507199 0.507042 0.506970
v -0.24964476 -0.54681951 0.83719116 0.573055 0.562823 0.558027
v -0.19258356 -0.40186298 0.86587495 0.474262 0.473950 0.473804
v -0.30864152 -0.49434805 0.82357699 0.573024 0.566285 0.563071
v -0.24687162 -0.36182919 0.84458649 0.483765 0.483716 0.483693
v -0.05732156 0.13987130 0.41526106 0.526396 0.526181 0.526078
v -0.10205320 0.14518219 0.34513500 0.519570 0.519308 0.519185
v -0.03993244 0.14454687 0.38330364 0.520230 0.520007 0.519896
v -0.09557504 0.13549381 0.41513053 0.530989 0.530781 0.530683
v -0.06170277 0.14859366 0.34686834 0.515674 0.515505 0.515426
v -0.11882231 0.13733095 0.37994954 0.527511 0.527256 0.527136
v 0.05611850 0.14080912 0.41220567 0.523674 0.523493 0.523406
v 0.10121912 0.14845991 0.33744261 0.520024 0.519798 0.519692
v 0.03964849 0.14570820 0.37953153 0.519323 0.519176 0.519105
v 0.09372505 0.13719341 0.40919790 0.524733 0.524506 0.524400
v 0.06144701 0.15325797 0.34029004 0.515842 0.515665 0.515582
v 0.11662094 0.13895947 0.37185135 0.522051 0.521734 0.521584
v -0.00147462 0.13850898 0.59555703 0.558284 0.556997 0.556392
v -0.00215210 0.11535662 0.68238056 0.597750 0.596160 0.595412
v 0.03967524 0.13027173 0.61108911 0.574168 0.572874 0.572266
v -0.04262939 0.13234088 0.61329013 0.571264 0.570289 0.569832
v 0.04382082 0.12273540 0.65627199 0.585802 0.584326 0.583633
v -0.04706286 0.12111898 0.65726590 0.586405 0.585218 0.584660
v 0.09631450 0.13126776 0.51228452 0.548939 0.548467 0.548244
v 0.17134228 0.10484639 0.50724316 0.563612 0.562635 0.562176
v 0.12119625 0.12613639 0.47620380 0.547204 0.546707 0.546465
v 0.11008348 0.13116705 0.55208564 0.562200 0.561664 0.561409
v 0.15809675 0.11458868 0.47233346 0.554866 0.553930 0.553471
v 0.14778075 0.11419174 0.54972196 0.569266 0.568477 0.568108
v -0.09793776 0.12703216 0.51396179 0.555797 0.555360 0.555152
v -0.17424372 0.10245350 0.51221102 0.571915 0.570707 0.570138
v -0.12315710 0.12234473 0.47967216 0.553362 0.552911 0.552692
v -0.11031009 0.12433353 0.55306780 0.570794 0.570287 0.570044
v -0.16079339 0.11112049 0.47692186 0.558678 0.557845 0.557439
v -0.14970672 0.11029947 0.55361110 0.578731 0.577707 0.577223
v -0.05100779 -0.38683060 -0.42502466 0.552772 0.547407 0.544881
v -0.10291019 -0.45188972 -0.39149106 0.559780 0.552751 0.549442
v -0.03570531 -0.42503351 -0.40732890 0.547961 0.542702 0.540220
v -0.08949520 -0.37454504 -0.42447016 0.563352 0.557009 0.554025
v -0.06004635 -0.46027267 -0.39064106 0.549915 0.544057 0.541300
v -0.11634732 -0.40432864 -0.40741119 0.565525 0.558530 0.555238
v 0.06118711 -0.38547203 -0.42432782 0.553221 0.548053 0.545618
v 0.10818555 -0.44884908 -0.39113900 0.558882 0.552103 0.548913
v 0.04357348 -0.42406809 -0.40625724 0.551025 0.545878 0.543451
v 0.09910837 -0.37111768 -0.42408544 0.565663 0.559639 0.556803
v 0.06544607 -0.45922244 -0.38942727 0.553208 0.547354 0.544598
v 0.12391819 -0.40134287 -0.40685630 0.564372 0.557814 0.554729
v 0.00593890 -0.14278170 -0.49361518 0.618638 0.607446 0.602180
v 0.00430997 -0.01847385 -0.52081954 0.623944 0.612900 0.607702
v 0.03317858 -0.10997884 -0.49036640 0.625628 0.613558 0.607878
v -0.02293693 -0.11079368 -0.49314779 0.623666 0.611741 0.606129
v 0.03214682 -0.04720156 -0.50489831 0.636967 0.624538 0.618689
v -0.02376274 -0.04772560 -0.50742185 0.634829 0.622633 0.616895
v 0.09083506 -0.23943956 -0.46620643 0.595884 0.586399 0.581936
v 0.14794688 -0.17082718 -0.43513522 0.612677 0.601796 0.596675
v 0.12101920 -0.27519637 -0.45953557 0.591760 0.582699 0.578434
v 0.08954185 -0.17258258 -0.46385902 0.610202 0.599416 0.594339
v 0.14934914 -0.23979738 -0.43874913 0.600094 0.590058 0.585329
v 0.11711587 -0.13781336 -0.45005229 0.616175 0.604627 0.599194
v -0.07715357 -0.23965959 -0.46128890 0.595204 0.585988 0.581651
v -0.14122693 -0.17470916 -0.44613159 0.605674 0.594976 0.589940
v -0.10788909 -0.27743849 -0.45754567 0.590163 0.581285 0.577106
v -0.07954584 -0.17433453 -0.46696326 0.608383 0.597881 0.592939
v -0.14022557 -0.24451296 -0.44517368 0.596937 0.586899 0.582173
v -0.11006656 -0.14143111 -0.45927501 0.614203 0.602965 0.597679
v -0.09720033 0.68081963 -0.78462094 0.506896 0.502226 0.499766
v -0.17567502 0.77015394 -0.68692350 0.580864 0.562684 0.552890
v -0.06932037 0.74366385 -0.75340271 0.613492 0.598985 0.591987
v -0.16080408 0.66615301 -0.78319806 0.641670 0.625911 0.618298
v -0.11398353 0.78754628 -0.69934708 0.600955 0.581369 0.570937
v -0.20261759 0.71435487 -0.74402714 0.700828 0.687927 0.681706
v 0.10968855 0.67675298 -0.77597392 0.519068 0.513856 0.510996
v 0.19425422 0.77413428 -0.69747722 0.593074 0.575265 0.565699
v 0.08348151 0.73855579 -0.74732792 0.636422 0.620677 0.613090
v 0.17857608 0.66167498 -0.77058971 0.603836 0.590045 0.583154
v 0.12679195 0.78418708 -0.70451188 0.594787 0.576797 0.567194
v 0.22691658 0.71550232 -0.72877032 0.725109 0.710049 0.702688
v -0.00759340 0.36658028 -0.86287558 0.655399 0.579680 0.538495
v -0.01058676 0.22458473 -0.85071498 0.710481 0.609085 0.553944
v 0.04147304 0.33035693 -0.86212713 0.669469 0.585169 0.539337
v -0.06087834 0.33260244 -0.86346197 0.667550 0.583110 0.537181
v 0.03935517 0.25981164 -0.85657364 0.688065 0.588634 0.534571
v -0.06247397 0.26074329 -0.85854608 0.695187 0.594499 0.539768
v 0.14494309 0.47215798 -0.84928757 0.627823 0.608152 0.598386
v 0.24399951 0.40715691 -0.86964899 0.687003 0.653719 0.636166
v 0.19420770 0.51233542 -0.82763159 0.650709 0.633328 0.625014
v 0.14420167 0.40078780 -0.86378360 0.645356 0.585445 0.552990
v 0.24607860 0.48226306 -0.83735019 0.672760 0.656880 0.649434
v 0.19267732 0.36590943 -0.87704623 0.648813 0.587618 0.554362
v -0.14573024 0.47766286 -0.85761285 0.636782 0.617964 0.608786
v -0.25279859 0.40855077 -0.88759774 0.675721 0.650653 0.637687
v -0.18922056 0.51962525 -0.83978140 0.657378 0.639519 0.631103
v -0.15578070 0.40897608 -0.88081026 0.648582 0.590109 0.558552
v -0.24247414 0.48465851 -0.84254479 0.677561 0.661859 0.654494
v -0.20882413 0.38250998 -0.92791891 0.687999 0.628089 0.595559
v 0.42743367 0.08570292 -0.30432099 0.557674 0.553354 0.551246
v 0.39726985 0.11001006 -0.29608721 0.563527 0.559816 0.558056
v 0.41044024 0.10956661 -0.34646600 0.564574 0.560195 0.558075
v 0.42942083 0.08018950 -0.26124340 0.555142 0.550851 0.548769
v 0.39234006 0.12734275 -0.34460038 0.567865 0.563799 0.561863
v 0.42124823 0.08697632 -0.25539312 0.558055 0.554373 0.552609
v 0.38796327 0.01120575 -0.22351925 0.551782 0.549112 0.547858
v 0.38512740 -0.06963268 -0.18558408 0.547054 0.544083 0.542684
v 0.37252724 -0.01383431 -0.23682818 0.556760 0.553900 0.552558
v 0.39543521 0.00829478 -0.18594061 0.552280 0.549500 0.548188
v 0.37239322 -0.05949652 -0.22149765 0.550530 0.547857 0.546599
v 0.39475372 -0.03438576 -0.16731137 0.551590 0.548633 0.547240
v 0.37411621 0.03795371 -0.34199756 0.589137 0.585611 0.583928
v 0.32886636 0.00580294 -0.36433229 0.598399 0.594204 0.592223
v 0.35975078 0.00717460 -0.31400129 0.584301 0.581179 0.579704
v 0.36666173 0.05006173 -0.39125410 0.594577 0.590646 0.588774
v 0.33947378 -0.01182379 -0.32407013 0.586235 0.582978 0.581444
v 0.34314266 0.03575027 -0.40591669 0.596283 0.592107 0.590127
v 0.40080732 0.10357601 -0.42055559 0.577587 0.570912 0.567544
v 0.37969002 0.15702900 -0.55041289 0.602914 0.593837 0.589219
v 0.39917001 0.12696953 -0.43573928 0.578815 0.573368 0.570683
v 0.38538745 0.09998421 -0.45712730 0.585600 0.576659 0.572103
v 0.38500652 0.16027056 -0.49537408 0.589237 0.583057 0.580018
v 0.37570566 0.12090522 -0.52646554 0.594534 0.584368 0.579176
v 0.43385136 0.05184029 -0.19622523 0.548914 0.545773 0.544247
v 0.44851196 0.04052565 -0.11347202 0.546894 0.543428 0.541749
v 0.44274592 0.05814736 -0.18834196 0.547049 0.542939 0.540920
v 0.42903638 0.04003202 -0.16473559 0.544912 0.542838 0.541854
v 0.45047057 0.05161364 -0.14556125 0.545010 0.540835 0.538789
v 0.43534470 0.03443176 -0.12466075 0.546796 0.544326 0.543161
v 0.43451530 0.01094177 0.25512064 0.547218 0.544745 0.543531
v 0.43227565 0.03028667 0.21356565 0.559932 0.558427 0.557718
v 0.42122790 0.01430793 0.27275988 0.551785 0.549988 0.549140
v 0.44120786 0.01792531 0.21804795 0.550644 0.548042 0.546762
v 0.41802835 0.02516171 0.25169313 0.553534 0.552211 0.551587
v 0.44181874 0.02741817 0.19684012 0.556679 0.554585 0.553576
v 0.42914349 -0.08399088 0.29650950 0.523079 0.521877 0.521312
v 0.42656937 -0.15752277 0.28401190 0.516352 0.514957 0.514303
v 0.42404029 -0.12301692 0.33424497 0.516809 0.515946 0.515541
v 0.43273905 -0.07405312 0.25567028 0.521796 0.520490 0.519875
v 0.42301521 -0.16222437 0.33061755 0.514877 0.513709 0.513161
v 0.43121114 -0.10957256 0.24719675 0.516682 0.515423 0.514831
v 0.41055602 -0.08809208 0.40816668 0.533139 0.531708 0.531035
v 0.39533815 -0.14600720 0.50443256 0.514093 0.513042 0.512552
v 0.41249946 -0.12165740 0.41539329 0.518876 0.518116 0.517760
v 0.39834642 -0.08257543 0.44273895 0.544882 0.542106 0.540805
v 0.40572369 -0.15552683 0.46278971 0.510627 0.509883 0.509534
v 0.39031458 -0.10592911 0.49152654 0.533530 0.531110 0.529978
v 0.39622265 -0.01969192 0.36945033 0.544872 0.541910 0.540486
v 0.35604990 0.00035740 0.41520667 0.566032 0.563317 0.562037
v 0.39144236 -0.00269240 0.35064745 0.552310 0.549739 0.548528
v 0.38526633 -0.03139156 0.41217458 0.547595 0.544369 0.542833
v 0.37043130 0.00632429 0.37126777 0.563566 0.561315 0.560256
v 0.36589947 -0.02033180 0.43785468 0.559112 0.555707 0.554102
v 0.44313270 -0.00314219 0.20960499 0.537414 0.535523 0.534585
v 0.45015872 0.00966537 0.13253582 0.539513 0.536930 0.535667
v 0.44663858 0.00897635 0.18622144 0.540335 0.537954 0.536792
v 0.44216245 -0.01040143 0.19655260 0.540111 0.538502 0.537748
v 0.45013100 0.01519756 0.14754456 0.538775 0.535546 0.533938
v 0.44543326 -0.00707487 0.15788949 0.538959 0.537256 0.536456
v -0.40814275 0.10301351 -0.28978568 0.551336 0.547961 0.546315
v -0.40035999 0.12456711 -0.28342599 0.559533 0.556495 0.555054
v -0.40203261 0.12336794 -0.33381873 0.557655 0.554255 0.552608
v -0.41584215 0.09483941 -0.24602517 0.547947 0.544878 0.543388
v -0.39426517 0.14245616 -0.33274209 0.564558 0.561280 0.559720
v -0.41472366 0.10126348 -0.24042441 0.551789 0.549201 0.547960
v -0.38733041 -0.00001702 -0.21863630 0.539301 0.538247 0.537750
v -0.39188522 -0.08217533 -0.18472674 0.530828 0.529655 0.529103
v -0.37348631 -0.02375163 -0.23430106 0.540927 0.539876 0.539380
v -0.39779517 -0.00865468 -0.18128175 0.532916 0.532154 0.531795
v -0.37575907 -0.06770736 -0.21929160 0.535899 0.534763 0.534225
v -0.39896339 -0.04770106 -0.16224483 0.530432 0.529371 0.528872
v -0.35992011 0.03378934 -0.33696368 0.561619 0.559484 0.558454
v -0.31333625 0.00261091 -0.36186069 0.573601 0.571094 0.569915
v -0.35182968 0.00432365 -0.30984929 0.555854 0.554382 0.553684
v -0.35248014 0.04739501 -0.38371825 0.576912 0.573707 0.572168
v -0.33018070 -0.01441656 -0.32298970 0.558720 0.557125 0.556369
v -0.32825074 0.03133892 -0.40090886 0.575327 0.572216 0.570732
v -0.39085549 0.11108296 -0.40787041 0.549028 0.543617 0.540883
v -0.38287875 0.15810187 -0.52892232 0.575382 0.567078 0.562876
v -0.39279327 0.13545866 -0.42259520 0.559291 0.554216 0.551713
v -0.37839404 0.10344718 -0.44249955 0.561982 0.554530 0.550705
v -0.38610113 0.16484272 -0.47958839 0.569815 0.564234 0.561511
v -0.37581420 0.12206359 -0.50618804 0.580835 0.571010 0.565956
v -0.42030704 0.05687432 -0.18211983 0.541842 0.539302 0.538046
v -0.44076395 0.05016355 -0.09775143 0.538839 0.536464 0.535293
v -0.42767888 0.06616460 -0.17293732 0.536530 0.533369 0.531797
v -0.42068857 0.04070681 -0.15195572 0.538455 0.537061 0.536391
v -0.43892002 0.06171944 -0.12946236 0.537243 0.533903 0.532237
v -0.43019527 0.03950061 -0.11027324 0.536625 0.535261 0.534606
v -0.42444018 0.01477487 0.26564652 0.561597 0.558968 0.557707
v -0.42130226 0.03135782 0.22301044 0.570784 0.568966 0.568112
v -0.41807070 0.02002707 0.28323376 0.568835 0.566617 0.565573
v -0.42842963 0.01981314 0.22879146 0.561251 0.558639 0.557375
v -0.41572240 0.02919352 0.26237810 0.571958 0.569915 0.568953
v -0.42790365 0.02706653 0.20652002 0.567875 0.565992 0.565094
v -0.42850453 -0.08239918 0.30567005 0.544361 0.540757 0.539057
v -0.42548516 -0.15824823 0.28777051 0.550761 0.546083 0.543882
v -0.42401955 -0.12137005 0.33940011 0.544966 0.541210 0.539442
v -0.43051612 -0.07737777 0.26702154 0.542571 0.539273 0.537720
v -0.42222127 -0.16127634 0.33225492 0.543494 0.539461 0.537561
v -0.42941877 -0.11338262 0.25626683 0.546797 0.542922 0.541101
v -0.41357547 -0.08335690 0.41459143 0.566583 0.561886 0.559674
v -0.39759696 -0.14633794 0.50636393 0.559863 0.554457 0.551901
v -0.41412899 -0.11979362 0.41946718 0.561826 0.557015 0.554746
v -0.40197566 -0.07787935 0.44924879 0.563207 0.558526 0.556324
v -0.40696591 -0.15596449 0.46361035 0.542179 0.538282 0.536443
v -0.39363202 -0.10390007 0.49668607 0.570262 0.564347 0.561561
v -0.40288180 -0.00948171 0.37926087 0.561874 0.558132 0.556347
v -0.36449969 0.00832902 0.42556792 0.582569 0.579763 0.578440
v -0.39899755 0.00729303 0.36101446 0.564990 0.562288 0.561018
v -0.39237258 -0.02257336 0.42140204 0.562509 0.558255 0.556238
v -0.37993109 0.01552871 0.38222131 0.582188 0.579921 0.578852
v -0.37214258 -0.01267955 0.44709867 0.569606 0.565746 0.563928
v -0.43511206 0.00258720 0.22420084 0.553105 0.549556 0.547815
v -0.44159788 0.01203259 0.14947797 0.545052 0.541993 0.540483
v -0.43593699 0.01263985 0.20004353 0.543011 0.539700 0.538080
v -0.43577719 -0.00603497 0.21268196 0.554343 0.551687 0.550437
v -0.44018465 0.01747982 0.16239521 0.539924 0.536202 0.534341
v -0.43804336 -0.00173669 0.17523912 0.551636 0.549126 0.547947
v -0.04596622 0.26560569 -0.07646769 0.508325 0.507944 0.507762
v -0.09492601 0.24852931 0.04995602 0.520787 0.520486 0.520341
v -0.08250480 0.26180691 -0.07228287 0.509250 0.508813 0.508603
v -0.10543732 0.24950457 -0.00974599 0.514447 0.514102 0.513935
v -0.03075789 0.25737798 -0.01591229 0.508495 0.508114 0.507931
v -0.05481575 0.24902368 0.04666439 0.509632 0.509332 0.509186
v -0.06742264 0.62484860 -0.25989136 0.527699 0.525091 0.523862
v -0.14171761 0.72217822 -0.36049172 0.537760 0.533881 0.532004
v -0.11486273 0.60130906 -0.26051891 0.519958 0.517631 0.516530
v -0.15014023 0.64278144 -0.31638375 0.532317 0.528989 0.527420
v -0.05032121 0.70002383 -0.29986918 0.540785 0.537773 0.536335
v -0.08685861 0.75155294 -0.34790152 0.533853 0.529580 0.527429
v 0.06339411 0.26534176 -0.07850638 0.507019 0.506672 0.506504
v 0.10586973 0.24890077 0.04709557 0.517146 0.516776 0.516598
v 0.09752762 0.26203769 -0.07686998 0.507407 0.507082 0.506926
v 0.11845211 0.25090587 -0.01461819 0.512444 0.512101 0.511934
v 0.04633298 0.25701153 -0.01729724 0.507594 0.507195 0.507006
v 0.06660144 0.24732953 0.04451534 0.509697 0.509365 0.509207
v 0.08246197 0.63078856 -0.25979918 0.515159 0.513610 0.512881
v 0.14737853 0.74286968 -0.38304040 0.542890 0.538330 0.536051
v 0.13055447 0.60910499 -0.26219782 0.525691 0.523096 0.521868
v 0.15490645 0.65494049 -0.32449344 0.529838 0.526747 0.525281
v 0.05956066 0.70241058 -0.30937353 0.529656 0.526860 0.525512
v 0.09532779 0.76002872 -0.37439090 0.537204 0.533269 0.531260
v -0.26910377 0.13151348 0.19302109 0.528476 0.527791 0.527463
v -0.33547246 0.10124868 0.17908198 0.539698 0.538759 0.538284
v -0.27871394 0.13784832 0.14283980 0.525647 0.524889 0.524511
v -0.31266841 0.12090951 0.13849331 0.531520 0.530630 0.530175
v -0.29118845 0.11194098 0.23421502 0.536320 0.535547 0.535167
v -0.32341358 0.09762889 0.22446573 0.541026 0.539939 0.539387
v -0.04033646 0.19908917 0.20846984 0.518185 0.517700 0.517472
v 0.04605302 0.19980723 0.20581266 0.517659 0.517114 0.516856
v -0.01958797 0.18179947 0.25600874 0.518113 0.517523 0.517243
v 0.02298901 0.18375629 0.25409904 0.516845 0.516283 0.516017
v -0.01771008 0.21711975 0.15629202 0.514210 0.513739 0.513511
v 0.02560995 0.21700561 0.15486544 0.513662 0.513183 0.512954
v -0.21704128 0.12079269 0.32824874 0.533841 0.532952 0.532500
v -0.24454956 0.09402296 0.39136666 0.550837 0.549650 0.549065
v -0.19419757 0.11896521 0.36766541 0.537602 0.536943 0.536616
v -0.20857538 0.10644472 0.40014830 0.548212 0.547475 0.547118
v -0.25269818 0.10821217 0.31935394 0.540813 0.540112 0.539771
v -0.26640329 0.09391704 0.35069734 0.551481 0.550569 0.550132
v -0.42524096 0.66464639 -0.46964204 0.901065 0.878605 0.867890
v -0.29765674 0.44867647 -0.38107359 0.577667 0.573883 0.572102
v -0.53736120 0.64657658 -0.40930015 0.759494 0.744479 0.737408
v -0.28656787 0.52132201 -0.37654650 0.570852 0.565607 0.563129
v -0.35020280 0.57036644 -0.48116159 0.681649 0.670697 0.665543
v -0.32541683 0.47694892 -0.43481952 0.603348 0.598202 0.595777
v -0.07826238 0.87707043 -0.53706861 0.633116 0.630978 0.629806
v 0.09809165 0.87158149 -0.54230160 0.608839 0.605232 0.603249
v -0.03510837 0.85228831 -0.59494585 0.516244 0.515199 0.514664
v 0.05166835 0.84605497 -0.59852862 0.509724 0.508867 0.508424
v -0.02742467 0.84057409 -0.48142940 0.526834 0.526538 0.526378
v 0.05228556 0.84759253 -0.48911613 0.528569 0.528127 0.527884
v -0.30552304 0.62626433 -0.63495630 0.603629 0.593569 0.588871
v -0.33042789 0.47720724 -0.69180804 0.592858 0.582988 0.578340
v -0.29757467 0.62183243 -0.70123059 0.587984 0.577505 0.572577
v -0.30856445 0.54422301 -0.73273683 0.595824 0.585362 0.580438
v -0.32468611 0.55653375 -0.59809446 0.578691 0.572233 0.569202
v -0.33273351 0.48326862 -0.62122601 0.590608 0.581217 0.576796
v -0.37738281 0.12113550 -0.10192212 0.555492 0.554300 0.553736
v -0.39701992 0.08810246 0.00063293 0.553029 0.551631 0.550965
v -0.35727453 0.13940454 -0.09370302 0.550225 0.549080 0.548534
v -0.36751923 0.12020850 -0.04232183 0.546442 0.545145 0.544515
v -0.41011795 0.08277306 -0.05792630 0.560510 0.559328 0.558770
v -0.41781104 0.07446083 -0.00847184 0.561833 0.560444 0.559790
v -0.35181385 0.27490383 -0.41995272 0.585091 0.580140 0.577809
v -0.36380425 0.29560107 -0.53902328 0.588809 0.582103 0.578948
v -0.36785549 0.23301733 -0.42845485 0.582285 0.577709 0.575555
v -0.37155503 0.24330491 -0.48498884 0.586127 0.580838 0.578348
v -0.34451413 0.34220514 -0.46548206 0.588541 0.582261 0.579305
v -0.35116565 0.35108170 -0.52691078 0.591748 0.584547 0.581156
v -0.43226257 0.07934323 -0.13082848 0.558958 0.557010 0.556085
v -0.45159310 0.06026818 -0.05984037 0.554380 0.552227 0.551192
v -0.43632549 0.07686915 -0.14233261 0.557578 0.555576 0.554624
v -0.44472480 0.06789638 -0.10644716 0.552381 0.550229 0.549194
v -0.43990389 0.06954110 -0.08120026 0.561119 0.559218 0.558316
v -0.45128429 0.05985467 -0.04612152 0.558877 0.556797 0.555794
v -0.37801838 0.05805597 0.27172020 0.558172 0.556762 0.556094
v -0.34087822 0.05500665 0.35277957 0.575296 0.573831 0.573135
v -0.38551956 0.04594094 0.29658908 0.564267 0.562617 0.561840
v -0.36785585 0.04396757 0.33686742 0.575738 0.573952 0.573107
v -0.35077843 0.06948727 0.28539920 0.559488 0.558184 0.557563
v -0.33233437 0.06790513 0.32666403 0.566380 0.565101 0.564492
v -0.43921378 0.04267594 0.10167625 0.559907 0.557945 0.557016
v -0.44871730 0.03974102 0.07100437 0.551581 0.549414 0.548359
v -0.43884158 0.03590657 0.12745732 0.558712 0.556318 0.555171
v -0.44351929 0.03365736 0.11201127 0.552886 0.550240 0.548962
v -0.44567147 0.04759714 0.05978201 0.565533 0.563807 0.562989
v -0.44993484 0.04659717 0.04398087 0.563711 0.561867 0.560983
v 0.26227805 0.13496065 0.18195298 0.525995 0.525320 0.525000
v 0.32084200 0.10750473 0.16390420 0.534112 0.533151 0.532680
v 0.27028298 0.14296329 0.13081467 0.525185 0.524366 0.523972
v 0.30069065 0.12645566 0.12532134 0.530193 0.529189 0.528692
v 0.27872449 0.11727196 0.21879452 0.530100 0.529320 0.528942
v 0.31050870 0.10247022 0.21016994 0.534108 0.533011 0.532461
v 0.21325922 0.12490237 0.31927183 0.529586 0.528826 0.528449
v 0.23762444 0.09493959 0.38182756 0.542645 0.541268 0.540582
v 0.19048756 0.12207320 0.35931519 0.533082 0.532432 0.532116
v 0.20347731 0.10908490 0.39178869 0.541963 0.541185 0.540809
v 0.24555914 0.11178488 0.30843732 0.533430 0.532774 0.532462
v 0.25841680 0.09569287 0.34001309 0.541970 0.541140 0.540744
v 0.50862223 0.60802943 -0.48472914 0.964536 0.944038 0.934092
v 0.30539170 0.43577319 -0.39086100 0.587021 0.582591 0.580508
v 0.33035260 0.54875028 -0.42483425 0.648404 0.639404 0.635159
v 0.31172749 0.45648530 -0.37974256 0.577463 0.573213 0.571207
v 0.49801499 0.66715682 -0.37837523 0.872637 0.851999 0.842180
v 0.30176854 0.53102553 -0.42947841 0.670324 0.661902 0.657937
v 0.31114405 0.64865541 -0.60747588 0.605053 0.594021 0.588781
v 0.33059460 0.49295425 -0.68772733 0.594130 0.584525 0.580005
v 0.29512396 0.62247425 -0.68134218 0.581052 0.570826 0.566014
v 0.30915865 0.54680604 -0.72444856 0.584321 0.574477 0.569844
v 0.35093436 0.59734678 -0.56864828 0.574689 0.569825 0.567536
v 0.34247190 0.51315552 -0.60803694 0.594765 0.585269 0.580799
v 0.36870578 0.12178060 -0.11602306 0.563379 0.561827 0.561094
v 0.38854176 0.09745541 -0.01318680 0.555695 0.554261 0.553585
v 0.34887046 0.14186502 -0.10661279 0.555020 0.553536 0.552834
v 0.35896677 0.12690693 -0.05522347 0.550910 0.549522 0.548869
v 0.39945894 0.09122694 -0.07433383 0.568972 0.567422 0.566693
v 0.41018978 0.08020672 -0.02251377 0.564500 0.562917 0.562172
v 0.33227822 0.27505165 -0.42701897 0.580775 0.575628 0.573207
v 0.35532275 0.30588534 -0.54865193 0.594306 0.587345 0.584066
v 0.35084364 0.21972711 -0.43824178 0.580181 0.575314 0.573018
v 0.36082354 0.24166000 -0.49634966 0.587469 0.581949 0.579344
v 0.32841203 0.36315650 -0.46636683 0.586408 0.579948 0.576908
v 0.34325054 0.37298551 -0.52842510 0.597027 0.589223 0.585549
v 0.42402536 0.07618865 -0.14842233 0.570127 0.567551 0.566326
v 0.45933378 0.04771908 -0.07503328 0.567114 0.563934 0.562409
v 0.43743733 0.06945258 -0.15967414 0.568924 0.565937 0.564512
v 0.45315725 0.05742341 -0.12283603 0.567014 0.563751 0.562194
v 0.43500823 0.06503889 -0.09710059 0.566681 0.564372 0.563276
v 0.45679128 0.05131015 -0.05987827 0.564930 0.562356 0.561124
v 0.36597735 0.05858535 0.25880399 0.547935 0.546579 0.545939
v 0.32811838 0.05144301 0.34032872 0.562215 0.560946 0.560342
v 0.37377438 0.04277709 0.28373453 0.554883 0.553341 0.552613
v 0.35514122 0.03751650 0.32408312 0.561706 0.560076 0.559305
v 0.33869570 0.07021075 0.27271974 0.549431 0.548153 0.547548
v 0.31880283 0.06743512 0.31365198 0.554701 0.553541 0.552991
v 0.44835004 0.04271770 0.09197817 0.555362 0.553503 0.552617
v 0.45582694 0.03455219 0.05723757 0.557894 0.555023 0.553628
v 0.45036736 0.03536023 0.11637229 0.555030 0.552686 0.551552
v 0.45296192 0.03119563 0.09916344 0.556000 0.553310 0.552016
v 0.44994625 0.04453218 0.04876090 0.561429 0.559257 0.558223
v 0.45435989 0.04124212 0.03087466 0.564929 0.562306 0.561047
v -0.09880964 -0.70298070 0.20183465 0.500287 0.500287 0.500287
v -0.15739295 -0.69219697 0.34869063 0.510038 0.510035 0.510033
v -0.15550782 -0.69978088 0.18942502 0.501839 0.501839 0.501839
v -0.18589935 -0.70197940 0.26155138 0.536081 0.536068 0.536061
v -0.07382122 -0.70370096 0.28358454 0.500614 0.500614 0.500614
v -0.10430543 -0.70065033 0.35412782 0.500673 0.500671 0.500670
v -0.10142703 -0.71393615 -0.20165330 0.521191 0.521160 0.521143
v -0.14095536 -0.73621464 -0.29467848 0.531831 0.530599 0.530025
v -0.13468708 -0.81458253 -0.21320470 0.567744 0.567740 0.567738
v -0.16269323 -0.82663536 -0.28361499 0.615773 0.615776 0.615778
v -0.06900759 -0.67619824 -0.24028599 0.512682 0.512607 0.512571
v -0.09271114 -0.68490326 -0.28062195 0.533711 0.532820 0.532400
v 0.07186200 -0.70435309 0.22685005 0.500745 0.500745 0.500745
v 0.11130461 -0.70335227 0.42280585 0.506543 0.506498 0.506475
v 0.12827036 -0.70207751 0.22795151 0.509929 0.509929 0.509929
v 0.15354621 -0.71419382 0.32136649 0.520118 0.520118 0.520119
v 0.03806574 -0.70686722 0.30792502 0.500501 0.500501 0.500501
v 0.05818430 -0.70971024 0.40561277 0.502957 0.502956 0.502956
v 0.09621061 -0.72274923 -0.19241354 0.519861 0.519847 0.519841
v 0.14394684 -0.73240435 -0.29126090 0.539482 0.537911 0.537166
v 0.13223198 -0.82286710 -0.20645218 0.565678 0.565678 0.565677
v 0.16762987 -0.82099205 -0.27928972 0.593592 0.593606 0.593613
v 0.06676209 -0.67825162 -0.23203935 0.508463 0.508433 0.508419
v 0.09348620 -0.68271881 -0.27069288 0.532989 0.532294 0.531968
v -0.34405774 -0.55191386 0.40937689 0.556504 0.551743 0.549457
v -0.38317299 -0.44324136 0.33647138 0.567175 0.561347 0.558564
v -0.34865686 -0.53229976 0.34087673 0.556817 0.552576 0.550556
v -0.37066382 -0.48385471 0.30749497 0.559982 0.555249 0.553012
v -0.36453110 -0.51645380 0.43705231 0.564105 0.558066 0.555202
v -0.37994123 -0.45558286 0.39853209 0.566024 0.559789 0.556836
v -0.09359980 -0.75469381 0.52737594 0.604378 0.604343 0.604328
v 0.04783574 -0.73816276 0.57559109 0.522780 0.522653 0.522593
v -0.06507833 -0.76237810 0.56939894 0.530374 0.530274 0.530228
v 0.01704154 -0.72035813 0.58852398 0.510761 0.510616 0.510549
v -0.05562865 -0.72582644 0.48807275 0.512578 0.512568 0.512564
v 0.00628054 -0.72657883 0.51618481 0.504057 0.504012 0.503989
v -0.38290271 -0.67380321 0.61723149 0.649507 0.635711 0.629213
v -0.39274886 -0.49148080 0.66230983 0.623139 0.609375 0.602900
v -0.38889337 -0.69188768 0.70513254 0.683258 0.667065 0.659442
v -0.39089337 -0.57424510 0.72464424 0.656493 0.640596 0.633117
v -0.38534969 -0.56726909 0.57364106 0.626443 0.615285 0.610033
v -0.39543012 -0.49400014 0.59523749 0.612146 0.600160 0.594518
v -0.35429978 -0.50819266 -0.34504306 0.669650 0.654455 0.647306
v -0.41236818 -0.41020995 -0.27505648 0.604501 0.596437 0.592642
v -0.39849395 -0.54032314 -0.31884080 0.665339 0.651982 0.645696
v -0.41923869 -0.48387438 -0.27408111 0.607703 0.598661 0.594405
v -0.35383958 -0.43002552 -0.34297663 0.625464 0.613230 0.607474
v -0.38620347 -0.38493454 -0.31308338 0.651116 0.640568 0.635604
v -0.04938518 -0.58325553 -0.34487128 0.547941 0.543874 0.541859
v 0.05155063 -0.58016866 -0.34291857 0.546279 0.542296 0.540323
v -0.02219398 -0.54254383 -0.36040208 0.552588 0.547022 0.544327
v 0.02525026 -0.54147989 -0.35987329 0.552284 0.546804 0.544160
v -0.02604228 -0.61572891 -0.32288253 0.558490 0.557293 0.556725
v 0.02771259 -0.61432481 -0.32186455 0.554608 0.553434 0.552877
v -0.22980131 -0.39273107 -0.38121960 0.593870 0.583869 0.579163
v -0.23826441 -0.26888767 -0.39730266 0.612417 0.602397 0.597683
v -0.19616640 -0.36018953 -0.39842921 0.586487 0.577443 0.573189
v -0.20201212 -0.30064812 -0.40812770 0.594644 0.585029 0.580503
v -0.26951450 -0.36196935 -0.37208310 0.604471 0.594150 0.589293
v -0.27055335 -0.29679209 -0.37672791 0.603973 0.594465 0.589992
v -0.44848388 -0.26980406 -0.01679242 0.542785 0.538573 0.536583
v -0.43342587 -0.27878255 0.08231600 0.531336 0.528285 0.526829
v -0.44282532 -0.32542589 0.00135968 0.554460 0.548912 0.546300
v -0.43459818 -0.32760853 0.05339062 0.553400 0.548160 0.545685
v -0.43965992 -0.22204763 0.01229158 0.522601 0.520389 0.519332
v -0.43643147 -0.22645649 0.06012067 0.522456 0.520161 0.519071
v -0.36564791 -0.20226853 -0.27279210 0.537571 0.535577 0.534640
v -0.31342447 -0.15728888 -0.33087090 0.538647 0.536513 0.535507
v -0.35466984 -0.14133011 -0.27284849 0.537953 0.536515 0.535834
v -0.32886630 -0.11958958 -0.30149761 0.541646 0.540047 0.539289
v -0.35289833 -0.24639347 -0.30474955 0.570432 0.565536 0.563245
v -0.32508862 -0.22036952 -0.33548298 0.556031 0.552134 0.550275
v -0.42519417 -0.11038439 -0.06731687 0.523434 0.522104 0.521474
v -0.43369401 -0.02761541 -0.02052595 0.526156 0.525206 0.524757
v -0.42155558 -0.06093855 -0.08401316 0.526689 0.525724 0.525269
v -0.42724067 -0.02169262 -0.06196761 0.526430 0.525614 0.525229
v -0.43043280 -0.11679837 -0.02454466 0.522574 0.521185 0.520530
v -0.43265963 -0.07344465 -0.00047334 0.530512 0.529148 0.528499
v -0.40817136 -0.30214483 0.39907500 0.562749 0.555822 0.552561
v -0.40067643 -0.30184376 0.50674450 0.564973 0.557935 0.554630
v -0.41086698 -0.25354791 0.40982583 0.534184 0.530149 0.528255
v -0.40704629 -0.25180081 0.46076763 0.526038 0.522743 0.521195
v -0.40029323 -0.35660756 0.43952629 0.571535 0.563417 0.559591
v -0.39857084 -0.35932663 0.49726617 0.583388 0.574579 0.570435
v -0.43235791 -0.14181012 0.15292042 0.531268 0.528973 0.527897
v -0.43715012 -0.04539658 0.10477935 0.542011 0.539774 0.538721
v -0.43278164 -0.10054290 0.17091611 0.543562 0.540648 0.539279
v -0.43563920 -0.05356036 0.14585644 0.540724 0.538447 0.537370
v -0.43422514 -0.13593873 0.10783222 0.530623 0.528712 0.527809
v -0.43604863 -0.08579175 0.08503574 0.538031 0.535937 0.534950
v 0.35084015 -0.61292887 0.50537622 0.634795 0.625142 0.620467
v 0.38416910 -0.47072285 0.38576868 0.570576 0.563366 0.559947
v 0.34608620 -0.57190067 0.41469109 0.558162 0.552443 0.549658
v 0.36937937 -0.51266444 0.36033127 0.556655 0.551001 0.548337
v 0.36710352 -0.56547713 0.53075355 0.630335 0.618610 0.613059
v 0.38252193 -0.48747486 0.46424782 0.576954 0.567918 0.563634
v 0.26984090 -0.66909730 0.79322934 0.700673 0.677489 0.666573
v 0.35773575 -0.46125701 0.73303252 0.567788 0.560178 0.556597
v 0.28969187 -0.62892187 0.86755735 0.739696 0.719523 0.710027
v 0.34150553 -0.52034968 0.77867758 0.654714 0.642379 0.636575
v 0.33566606 -0.58388156 0.70552415 0.615748 0.603234 0.597346
v 0.35693049 -0.48918611 0.68782109 0.588369 0.578862 0.574386
v 0.34857333 -0.49577641 -0.34995249 0.643877 0.629807 0.623184
v 0.40851191 -0.40350914 -0.28618416 0.610985 0.602897 0.599090
v 0.39960384 -0.52985531 -0.33055651 0.656363 0.643263 0.637098
v 0.41902173 -0.47563070 -0.28743210 0.605817 0.596858 0.592642
v 0.34552935 -0.42134139 -0.34260571 0.622617 0.611157 0.605765
v 0.38031244 -0.37915140 -0.32066104 0.626538 0.616446 0.611696
v 0.23297703 -0.38954234 -0.38210019 0.593261 0.583834 0.579399
v 0.24260671 -0.26318350 -0.38964862 0.604746 0.595603 0.591301
v 0.20284994 -0.36013484 -0.39913467 0.582975 0.574286 0.570198
v 0.21055017 -0.29790881 -0.40726516 0.590418 0.581262 0.576954
v 0.27232507 -0.35840589 -0.37250608 0.602595 0.592640 0.587957
v 0.27433479 -0.29325837 -0.37374267 0.604168 0.594789 0.590377
v 0.44584054 -0.26786059 -0.02700607 0.555039 0.549618 0.547054
v 0.43351904 -0.27875060 0.07802662 0.555375 0.550066 0.547558
v 0.44365582 -0.32448986 -0.00638611 0.553790 0.548274 0.545661
v 0.43452761 -0.32821333 0.04934251 0.556097 0.550520 0.547875
v 0.44064221 -0.21852982 0.00263586 0.556450 0.551138 0.548625
v 0.43741372 -0.22526360 0.05231715 0.556633 0.551469 0.549031
v 0.36460066 -0.19745326 -0.27405202 0.591010 0.584855 0.581952
v 0.31977832 -0.15401009 -0.32830137 0.586059 0.580438 0.577798
v 0.35411528 -0.13682333 -0.27425176 0.563166 0.560065 0.558598
v 0.33610103 -0.11695266 -0.30405286 0.565088 0.562154 0.560774
v 0.35009292 -0.24180230 -0.30552757 0.603670 0.596109 0.592550
v 0.32524216 -0.21764997 -0.32996905 0.606368 0.598528 0.594839
v 0.42751482 -0.10287668 -0.07744691 0.554703 0.550340 0.548287
v 0.43739992 -0.02511424 -0.03422172 0.549191 0.546125 0.544683
v 0.42175925 -0.04983480 -0.09376951 0.552645 0.549025 0.547322
v 0.42665732 -0.01123245 -0.07198729 0.548016 0.545017 0.543608
v 0.43490696 -0.11140881 -0.03613168 0.554490 0.550088 0.548015
v 0.43728203 -0.06951749 -0.01374137 0.552921 0.549199 0.547448
v 0.40724513 -0.31205839 0.42117730 0.555672 0.549559 0.546672
v 0.39500126 -0.30366740 0.53332359 0.571137 0.563693 0.560194
v 0.41005388 -0.25821638 0.42376748 0.519941 0.517413 0.516220
v 0.40380630 -0.25436670 0.47576028 0.523942 0.521030 0.519668
v 0.39840382 -0.37035713 0.47906446 0.576823 0.568316 0.564312
v 0.39089578 -0.36653310 0.54067308 0.579885 0.571098 0.566964
v 0.43509451 -0.14007309 0.14325149 0.534611 0.531824 0.530512
v 0.44133919 -0.04715171 0.08815757 0.538268 0.535915 0.534807
v 0.43630973 -0.09690697 0.15880874 0.528040 0.526245 0.525401
v 0.43965340 -0.05213286 0.13019192 0.530561 0.528842 0.528033
v 0.43737730 -0.13407999 0.09696716 0.547859 0.544025 0.542224
v 0.43997186 -0.08475438 0.07104737 0.547348 0.544075 0.542535
v 0.18598200 -0.07944600 0.84250993 0.609872 0.599129 0.594073
v 0.29096997 -0.15100431 0.79601598 0.606896 0.595962 0.590817
v 0.18855655 -0.15205330 0.86228526 0.608943 0.596762 0.591030
v 0.24851094 -0.18724534 0.84289438 0.630322 0.618235 0.612547
v 0.22940750 -0.05449122 0.79326439 0.574274 0.566960 0.563509
v 0.27835205 -0.08905458 0.77117342 0.599955 0.590466 0.586003
v -0.18354020 -0.08948745 0.84356064 0.559685 0.553372 0.550396
v -0.28983214 -0.16252616 0.80651033 0.615511 0.603868 0.598387
v -0.19129811 -0.16075614 0.86848402 0.610115 0.597684 0.591835
v -0.24873345 -0.20181331 0.85326582 0.633788 0.621691 0.615988
v -0.22945344 -0.06168856 0.80157095 0.505647 0.505091 0.504832
v -0.27756891 -0.09578638 0.78102964 0.551890 0.546647 0.544180
v 0.15195301 0.05982443 0.71952373 0.577104 0.574229 0.572874
v 0.21194957 0.05672695 0.62029040 0.583324 0.579976 0.578401
v 0.14054224 0.08770682 0.67466044 0.590109 0.587552 0.586347
v 0.17047651 0.08164632 0.62733614 0.581351 0.579300 0.578335
v 0.20030081 0.03167296 0.71396101 0.537160 0.535539 0.534778
v 0.23162889 0.03611203 0.66354483 0.565546 0.561817 0.560066
v -0.15398063 0.05959573 0.72296947 0.576620 0.574537 0.573569
v -0.21564429 0.05871354 0.62612820 0.585908 0.583378 0.582183
v -0.14293328 0.08765120 0.67807168 0.596641 0.594075 0.592874
v -0.17395854 0.08246380 0.63261878 0.590640 0.588389 0.587325
v -0.20214254 0.03101435 0.71908474 0.539520 0.538464 0.537967
v -0.23172289 0.03481701 0.66698754 0.552698 0.550946 0.550119
v 0.34595045 -0.08783416 0.61834836 0.578957 0.572582 0.569586
v 0.31582654 -0.01790469 0.56430948 0.574444 0.569772 0.567561
v 0.35449213 -0.07318041 0.56101066 0.573242 0.567976 0.565495
v 0.34258980 -0.03978518 0.53749573 0.568593 0.564192 0.562118
v 0.31735340 -0.06089692 0.65020829 0.577234 0.571009 0.568080
v 0.30040205 -0.02444799 0.61966109 0.568202 0.563430 0.561180
v -0.34676027 -0.08851635 0.62592286 0.550705 0.546261 0.544178
v -0.32057637 -0.01394629 0.57292604 0.562384 0.558926 0.557291
v -0.35810649 -0.07048935 0.56865126 0.556159 0.551881 0.549877
v -0.34592187 -0.03607194 0.54522371 0.562274 0.558250 0.556358
v -0.31918484 -0.06074984 0.65893847 0.514496 0.513483 0.513007
v -0.30397797 -0.02195236 0.62799168 0.534037 0.532405 0.531631
v 0.10059673 0.01227548 -0.61342525 0.608177 0.601389 0.598193
v 0.15461867 -0.00416127 -0.50871468 0.598866 0.591998 0.588767
v 0.09270699 -0.00204796 -0.53353608 0.609522 0.601742 0.598083
v 0.11792965 -0.01693289 -0.48894110 0.606256 0.597560 0.593467
v 0.14039153 0.00779372 -0.65293503 0.608428 0.603607 0.601335
v 0.16915505 0.00317883 -0.59480137 0.603040 0.597993 0.595616
v -0.09899373 0.01192970 -0.61107087 0.601196 0.595130 0.592276
v -0.14983289 -0.00628622 -0.50539410 0.572033 0.566899 0.564492
v -0.08636215 -0.00517817 -0.53273773 0.604168 0.596787 0.593313
v -0.11323246 -0.01744746 -0.49073690 0.599498 0.591703 0.588035
v -0.14039293 0.00948266 -0.64932019 0.599805 0.595582 0.593584
v -0.16822448 0.00182080 -0.59048587 0.591488 0.587237 0.585236
v 0.12443139 0.12087454 -0.81984711 0.706543 0.625355 0.581200
v 0.23586774 0.17230287 -0.90287119 0.756476 0.665972 0.616750
v 0.13148870 0.18699671 -0.85333031 0.735958 0.636069 0.581734
v 0.18440604 0.21785708 -0.88075715 0.718057 0.626427 0.576587
v 0.16519466 0.07509917 -0.80908394 0.672299 0.614366 0.582864
v 0.21948397 0.09790275 -0.85595518 0.723601 0.657828 0.622056
v -0.15021524 0.11651876 -0.82157773 0.735220 0.647572 0.599907
v -0.29671115 0.12098063 -0.97271258 0.758775 0.678131 0.634270
v -0.16268679 0.18167242 -0.86187571 0.774720 0.664613 0.604725
v -0.22538826 0.20628041 -0.90781373 0.756722 0.655519 0.600487
v -0.18827231 0.06769951 -0.81302130 0.723432 0.663295 0.630611
v -0.26582098 0.04202124 -0.89362806 0.715366 0.659879 0.629702
v 0.27835158 0.03429846 -0.55077130 0.614198 0.607414 0.604077
v 0.32836920 0.09242880 -0.70952272 0.611794 0.586643 0.573200
v 0.31405833 0.05540472 -0.54174411 0.605168 0.596437 0.592119
v 0.33477613 0.08488293 -0.60568249 0.601318 0.587314 0.580044
v 0.25792977 0.03352403 -0.63333583 0.629513 0.618674 0.613138
v 0.28493476 0.05589762 -0.72866046 0.630418 0.605301 0.591903
v -0.27605656 0.03340065 -0.53659391 0.605290 0.599496 0.596667
v -0.34101635 0.09017353 -0.66687161 0.586988 0.568007 0.557870
v -0.31090152 0.05276936 -0.52442575 0.592745 0.586175 0.582928
v -0.33840400 0.08272910 -0.57819253 0.579475 0.568888 0.563418
v -0.26176357 0.03475609 -0.61390030 0.618300 0.608985 0.604241
v -0.29452568 0.06204472 -0.69295681 0.606238 0.585728 0.574788
v -0.19386140 0.26816899 -0.15005472 0.512396 0.511735 0.511416
v -0.20159118 0.34345067 -0.21491906 0.518764 0.517464 0.516852
v -0.17089275 0.28513891 -0.15504627 0.512764 0.511866 0.511433
v -0.18409936 0.37893802 -0.21505612 0.521114 0.519295 0.518440
v -0.23352656 0.22734499 -0.10411356 0.521252 0.520683 0.520410
v -0.18665668 0.24916404 -0.10845688 0.513466 0.512848 0.512549
v -0.23233616 0.21258348 -0.05720434 0.520265 0.519415 0.518990
v -0.22784841 0.31390095 -0.23101062 0.521455 0.520136 0.519499
v -0.20621008 0.40851983 -0.24968408 0.524443 0.522352 0.521367
v -0.23610497 0.37520209 -0.27220356 0.529215 0.527161 0.526181
v -0.24815986 0.24047941 -0.15525778 0.523797 0.523026 0.522655
v -0.24376562 0.31925377 -0.24994886 0.529304 0.527699 0.526930
v -0.26432642 0.23444802 -0.16433832 0.529460 0.528443 0.527951
v -0.25635731 0.20051736 -0.05991986 0.523558 0.522976 0.522698
v -0.27248743 0.21041250 -0.11383066 0.528163 0.527412 0.527055
v 0.19642991 0.26922268 -0.16074684 0.509950 0.509558 0.509364
v 0.20176961 0.34392834 -0.21878326 0.509616 0.509146 0.508923
v 0.17668799 0.28377360 -0.16411103 0.507898 0.507593 0.507446
v 0.18735681 0.37722629 -0.21744876 0.509643 0.508852 0.508479
v 0.23287046 0.23456413 -0.11328428 0.516742 0.516278 0.516057
v 0.19138983 0.25278884 -0.11859748 0.511167 0.510738 0.510527
v 0.23254514 0.21979713 -0.06658630 0.517661 0.516891 0.516510
v 0.22738820 0.32090324 -0.23257843 0.518275 0.517449 0.517054
v 0.20407826 0.40732211 -0.24764767 0.516766 0.515291 0.514596
v 0.23335165 0.37963060 -0.26779711 0.525052 0.523405 0.522621
v 0.24651408 0.24914497 -0.16147585 0.520681 0.520069 0.519770
v 0.24158135 0.32624450 -0.25051260 0.527432 0.526240 0.525673
v 0.26097289 0.24286699 -0.17163752 0.526756 0.525896 0.525477
v 0.25351217 0.20970410 -0.06843008 0.520918 0.520279 0.519975
v 0.26853940 0.21884942 -0.12199856 0.525539 0.524693 0.524278
v -0.33368587 -0.66057950 0.01589760 0.527493 0.526354 0.525818
v -0.38743490 -0.76372355 -0.07276344 0.514086 0.513499 0.513226
v -0.30111432 -0.68251073 0.02171473 0.516615 0.515917 0.515589
v -0.34538734 -0.83863145 -0.06900381 0.525535 0.525540 0.525542
v -0.36944461 -0.60154551 0.06777462 0.534694 0.532050 0.530721
v -0.30962113 -0.64670289 0.08209369 0.520374 0.519780 0.519479
v -0.35035390 -0.59233803 0.12564278 0.528618 0.525636 0.524111
v -0.42307812 -0.67021716 -0.09570914 0.561794 0.556388 0.553846
v -0.41472352 -0.85558426 -0.14619318 0.537092 0.537111 0.537121
v -0.43960789 -0.70588654 -0.16816190 0.574374 0.567932 0.564889
v -0.40681034 -0.58214265 -0.00471644 0.538105 0.533884 0.531835
v -0.43624777 -0.62327743 -0.12811407 0.566826 0.560303 0.557231
v -0.42215031 -0.53986335 -0.02738224 0.547038 0.541870 0.539407
v -0.37501270 -0.55858165 0.10849243 0.537375 0.533607 0.531754
v -0.41003823 -0.52842057 0.03067538 0.542202 0.537644 0.535473
v 0.33963454 -0.66797239 0.03457949 0.528044 0.526917 0.526379
v 0.39916295 -0.76600695 -0.07166304 0.528494 0.526974 0.526274
v 0.30338472 -0.67868304 0.03320993 0.518502 0.517742 0.517393
v 0.37149647 -0.84468400 -0.06545176 0.526069 0.526057 0.526050
v 0.36890763 -0.60561913 0.07941811 0.538504 0.535449 0.533899
v 0.30789787 -0.64699757 0.10556747 0.520196 0.519502 0.519141
v 0.34579438 -0.60029167 0.15053426 0.532832 0.529151 0.527252
v 0.42932752 -0.66945136 -0.10523031 0.564789 0.558940 0.556188
v 0.41872320 -0.84994584 -0.14906478 0.563564 0.563600 0.563618
v 0.45312524 -0.70726830 -0.18227707 0.587959 0.580117 0.576414
v 0.40842837 -0.58288479 -0.00766597 0.541551 0.537328 0.535287
v 0.44113386 -0.62195182 -0.13943754 0.565668 0.558784 0.555542
v 0.42412189 -0.54019547 -0.03446757 0.550031 0.544839 0.542366
v 0.37264550 -0.56584597 0.12409620 0.539237 0.535098 0.533049
v 0.40881827 -0.53146732 0.02953954 0.542403 0.537629 0.535343
v -0.02608445 -0.63104570 0.80995983 0.594821 0.589831 0.587483
v -0.11604190 -0.59264755 0.84651655 0.639446 0.626136 0.619870
v -0.08118501 -0.69063264 0.78759706 0.608936 0.604892 0.603002
v -0.17235216 -0.68149209 0.85051262 0.658557 0.641805 0.633926
v 0.09052164 -0.55768931 0.82919604 0.577564 0.568604 0.564388
v 0.00277735 -0.65561759 0.77102321 0.596020 0.593170 0.591821
v 0.14972928 -0.60723895 0.81409967 0.580945 0.570730 0.565923
v 0.05364861 -0.45416433 0.86639547 0.581770 0.571761 0.567050
v -0.06738178 -0.46330118 0.86659878 0.585367 0.574863 0.569920
v 0.06311939 -0.38631138 0.88905364 0.596848 0.585555 0.580241
v -0.06632368 -0.39153659 0.88585460 0.594714 0.583604 0.578377
v 0.17256127 -0.53784251 0.83466047 0.598777 0.585923 0.579874
v 0.12120873 -0.42206651 0.86918843 0.598715 0.587669 0.582471
v -0.18611850 -0.57969016 0.84753942 0.625123 0.610023 0.602927
v -0.12927692 -0.43552113 0.86955112 0.549754 0.543029 0.539895
v -0.00053143 0.14134696 0.44565523 0.524756 0.524424 0.524261
v -0.05021494 0.13672093 0.47691265 0.534865 0.534261 0.533953
v -0.01929754 0.14223057 0.41461101 0.520481 0.520260 0.520152
v -0.07261510 0.13541427 0.44732070 0.533322 0.533061 0.532936
v 0.04802341 0.13895011 0.47669369 0.532172 0.531394 0.530986
v 0.01857752 0.14265770 0.41366896 0.521837 0.521629 0.521527
v 0.07091582 0.13687456 0.44489932 0.530688 0.530467 0.530361
v 0.03091349 0.14003360 0.53624821 0.542466 0.541710 0.541351
v -0.03353894 0.13976872 0.53700036 0.543928 0.543223 0.542889
v 0.03545741 0.13635884 0.57119966 0.555517 0.554409 0.553887
v -0.03814396 0.13607289 0.57236695 0.553312 0.552355 0.551905
v 0.08402728 0.13408488 0.47740057 0.540683 0.540375 0.540231
v 0.06823760 0.13578331 0.54458344 0.553037 0.552296 0.551947
v -0.08582765 0.13097411 0.47900677 0.545365 0.545055 0.544909
v -0.07020190 0.13275418 0.54592979 0.556308 0.555770 0.555517
v 0.00624429 -0.36462671 -0.44171548 0.562995 0.557949 0.555569
v -0.03868219 -0.31982204 -0.45395643 0.565182 0.558903 0.555949
v -0.01379713 -0.39498812 -0.42567486 0.553006 0.548016 0.545645
v -0.06341141 -0.34708047 -0.44149038 0.566503 0.560025 0.556975
v 0.05281972 -0.31732458 -0.45489535 0.563130 0.557023 0.554147
v 0.02396564 -0.39432675 -0.42572337 0.552811 0.547849 0.545493
v 0.07581899 -0.34628308 -0.44117102 0.566596 0.560322 0.557371
v 0.03341548 -0.23337737 -0.47325638 0.585947 0.577854 0.574043
v -0.01954340 -0.23192261 -0.47045681 0.587953 0.579675 0.575776
v 0.03403097 -0.17256793 -0.48104802 0.606346 0.596251 0.591502
v -0.02188075 -0.17241131 -0.48084533 0.606657 0.596448 0.591643
v 0.08614939 -0.29787695 -0.45719165 0.584765 0.576954 0.573280
v 0.06155541 -0.20522813 -0.47340843 0.600712 0.591189 0.586707
v -0.07233170 -0.29916707 -0.45501924 0.581634 0.573895 0.570252
v -0.04909515 -0.20482779 -0.47067583 0.601702 0.592237 0.587783
v 0.00469837 0.63118774 -0.81011003 0.638491 0.622197 0.614512
v -0.07782092 0.56611055 -0.82977843 0.412461 0.410529 0.409429
v -0.02861278 0.68626195 -0.78288120 0.618562 0.603235 0.595816
v -0.11782183 0.61339754 -0.80981010 0.476658 0.473565 0.471802
v 0.08277091 0.56413400 -0.82794905 0.477439 0.471481 0.468238
v 0.04041502 0.68492347 -0.78077960 0.650231 0.632885 0.624514
v 0.12933983 0.61053711 -0.80242890 0.417485 0.416099 0.415344
v 0.04454191 0.46530554 -0.85549331 0.634248 0.605838 0.591382
v -0.05130133 0.46994016 -0.85855085 0.633694 0.605942 0.591890
v 0.04386827 0.40029469 -0.86247343 0.644555 0.576603 0.539661
v -0.05608053 0.40223897 -0.86258978 0.645830 0.576886 0.539406
v 0.14055982 0.54218763 -0.82864636 0.442033 0.437649 0.435157
v 0.09424411 0.43465617 -0.85815519 0.644020 0.595281 0.569297
v -0.13345009 0.54520410 -0.83237976 0.498716 0.490807 0.486679
v -0.10123185 0.43843642 -0.86225557 0.643831 0.596564 0.571421
v 0.42601708 0.08303586 -0.33913159 0.556639 0.552554 0.550530
v 0.42792091 0.06783688 -0.26704684 0.549996 0.546242 0.544386
v 0.42664796 0.09072141 -0.34426844 0.563388 0.558878 0.556656
v 0.43122134 0.07377427 -0.26503187 0.553033 0.548821 0.546751
v 0.39542300 0.04100265 -0.28686985 0.553265 0.550747 0.549540
v 0.41619539 0.05096743 -0.23998390 0.551805 0.549290 0.548095
v 0.38294980 0.01685394 -0.26138651 0.559152 0.556557 0.555334
v 0.40552858 0.03213565 -0.21237595 0.549951 0.547688 0.546621
v 0.40761527 0.07137332 -0.34898037 0.564698 0.560715 0.558740
v 0.37843508 0.02571610 -0.30047143 0.577847 0.574975 0.573608
v 0.39133611 0.06436524 -0.36974937 0.597722 0.592564 0.590034
v 0.41598651 0.10040359 -0.38318574 0.573137 0.568234 0.565806
v 0.39762667 0.08349444 -0.39822251 0.580072 0.572960 0.569356
v 0.43384069 0.06285261 -0.22936107 0.550709 0.546652 0.544655
v 0.42069697 0.04503246 -0.20349826 0.544774 0.542940 0.542067
v 0.42317495 -0.01142900 0.30963582 0.541168 0.538556 0.537253
v 0.43966809 -0.00342898 0.25882453 0.535579 0.533906 0.533098
v 0.42324007 0.00198708 0.29232565 0.545972 0.543637 0.542503
v 0.44097528 0.00798097 0.23860399 0.542134 0.539785 0.538629
v 0.42550972 -0.06020261 0.33454096 0.535071 0.533895 0.533342
v 0.43624139 -0.02761878 0.27023685 0.532542 0.531065 0.530371
v 0.42473692 -0.08902071 0.33550030 0.524631 0.523768 0.523362
v 0.43426448 -0.04712922 0.26302966 0.526730 0.525287 0.524610
v 0.41422838 -0.04234451 0.35897422 0.541693 0.539891 0.539027
v 0.41919148 -0.08974859 0.37238336 0.525904 0.525136 0.524772
v 0.40625724 -0.06135154 0.39833090 0.547116 0.544903 0.543858
v 0.40937480 -0.00844479 0.32972416 0.545547 0.542766 0.541413
v 0.40124461 -0.03888145 0.38578019 0.541174 0.537892 0.536248
v 0.44342756 0.00360256 0.22341542 0.538439 0.536511 0.535577
v 0.43952468 -0.01642362 0.23383833 0.532305 0.530944 0.530305
v -0.39959130 0.09412659 -0.32551605 0.544659 0.540706 0.538725
v -0.41010547 0.07608338 -0.25320131 0.541230 0.537709 0.535950
v -0.40232486 0.10939417 -0.33144647 0.551805 0.548243 0.546487
v -0.41435310 0.08628258 -0.25021830 0.546269 0.542751 0.541022
v -0.38165179 0.03734460 -0.27920452 0.546187 0.544391 0.543527
v -0.40117052 0.04755345 -0.22969066 0.540563 0.538797 0.537944
v -0.37717691 0.00981326 -0.25643626 0.543656 0.542517 0.541979
v -0.39960235 0.02342689 -0.20437640 0.538386 0.537277 0.536750
v -0.38522074 0.07305604 -0.33981416 0.553680 0.549907 0.548017
v -0.36837155 0.02114280 -0.29502979 0.554154 0.552696 0.552001
v -0.37138742 0.06166712 -0.36318094 0.565419 0.562108 0.560480
v -0.39877617 0.11240484 -0.37084031 0.554970 0.550317 0.547994
v -0.38322783 0.08750933 -0.38745531 0.551345 0.545713 0.542842
v -0.41809237 0.07131670 -0.21446019 0.541696 0.538191 0.536447
v -0.41121048 0.04403760 -0.19172350 0.544142 0.542656 0.541941
v -0.42174873 -0.00283607 0.31988412 0.540109 0.537256 0.535853
v -0.43010348 0.00121589 0.27045658 0.544872 0.541784 0.540305
v -0.42044371 0.00965950 0.30253232 0.556596 0.554174 0.553011
v -0.42948005 0.01106007 0.24981841 0.550843 0.547681 0.546148
v -0.42708871 -0.05307131 0.34369451 0.549470 0.546176 0.544621
v -0.43315652 -0.02018066 0.28270042 0.542462 0.539863 0.538641
v -0.42531565 -0.08530413 0.34312305 0.545915 0.542528 0.540928
v -0.43213439 -0.04480544 0.27557695 0.545255 0.542009 0.540482
v -0.41887701 -0.03141759 0.36765102 0.554472 0.551145 0.549566
v -0.42095026 -0.08560327 0.37926537 0.560300 0.556037 0.554024
v -0.41049933 -0.05355415 0.40649381 0.561543 0.557686 0.555869
v -0.41330940 0.00153503 0.33993104 0.553429 0.550647 0.549295
v -0.40755233 -0.02882883 0.39452651 0.555597 0.550795 0.548440
v -0.43251327 0.00711721 0.23615503 0.547357 0.544029 0.542426
v -0.43441364 -0.01235455 0.24868926 0.552562 0.549751 0.548429
v -0.04540152 0.35367477 -0.15599471 0.521272 0.519489 0.518643
v -0.05920269 0.49834520 -0.17446867 0.515688 0.514814 0.514399
v -0.08065823 0.33869720 -0.16559565 0.520663 0.518974 0.518173
v -0.10103074 0.47633117 -0.18315676 0.509531 0.508321 0.507752
v 0.06608857 0.35389227 -0.15336932 0.504068 0.503601 0.503372
v 0.07372168 0.48907715 -0.18951252 0.532215 0.529398 0.528071
v 0.09981088 0.34136844 -0.15735939 0.505481 0.505185 0.505039
v 0.11556734 0.47073048 -0.18905334 0.532077 0.529513 0.528306
v 0.01167209 0.29751486 -0.13181791 0.507524 0.507047 0.506821
v -0.06183559 0.28930491 -0.12982152 0.510696 0.510014 0.509690
v -0.00882184 0.26980096 -0.07802773 0.507860 0.507526 0.507366
v 0.00789601 0.57586896 -0.21112709 0.514320 0.513475 0.513077
v -0.08339234 0.55399406 -0.22503725 0.504965 0.504269 0.503940
v -0.01835062 0.64635730 -0.24957791 0.568234 0.565196 0.563762
v 0.08133870 0.29063290 -0.13187580 0.505937 0.505608 0.505445
v 0.02784673 0.26909536 -0.07971206 0.507678 0.507337 0.507174
v 0.10027763 0.55062592 -0.21990186 0.527363 0.524800 0.523595
v 0.03101084 0.64780128 -0.24953935 0.526959 0.525567 0.524899
v -0.15535612 0.21608466 0.10794595 0.521640 0.520990 0.520680
v -0.21041945 0.17287630 0.15138075 0.523237 0.522487 0.522131
v -0.16327505 0.22051609 0.04881093 0.518780 0.518204 0.517929
v -0.21990773 0.18156111 0.09807059 0.518653 0.518139 0.517900
v -0.10443573 0.17411071 0.25806263 0.521224 0.520594 0.520297
v -0.16188098 0.14653081 0.29659507 0.525717 0.525143 0.524868
v -0.08300266 0.15710545 0.30397370 0.516126 0.515836 0.515699
v -0.14110573 0.14014572 0.34029189 0.525262 0.524888 0.524710
v -0.10644239 0.22281688 0.16609418 0.525916 0.525330 0.525054
v -0.13020620 0.23501146 0.05063072 0.517358 0.516888 0.516662
v -0.08053885 0.23864776 0.10828331 0.519010 0.518538 0.518315
v -0.21810633 0.14269149 0.24587235 0.527712 0.527096 0.526803
v -0.24454695 0.15613794 0.14692995 0.523782 0.523119 0.522806
v -0.25482437 0.12767822 0.24038675 0.530900 0.530372 0.530124
v -0.06239110 0.17884386 0.25767577 0.518957 0.518471 0.518241
v -0.06147477 0.21900642 0.16052088 0.518882 0.518401 0.518173
v -0.17886943 0.13200569 0.33366996 0.531074 0.530553 0.530299
v -0.23746523 0.12417078 0.28577602 0.532285 0.531749 0.531494
v -0.24188910 0.73269689 -0.42971191 0.544430 0.540108 0.537980
v -0.39499438 0.77573550 -0.49929827 0.681209 0.673899 0.670148
v -0.24196097 0.65000439 -0.38235262 0.536842 0.532494 0.530435
v -0.37985313 0.66172504 -0.44152269 0.570078 0.561181 0.556946
v -0.22458094 0.98449767 -0.57564735 0.907661 0.848829 0.816337
v -0.25513467 0.76410770 -0.62396294 0.550718 0.540505 0.535068
v -0.15710835 0.82666349 -0.61546528 0.613998 0.578827 0.559427
v -0.23209611 0.76014292 -0.69359499 0.589551 0.580468 0.575808
v -0.18301687 0.86812121 -0.46344164 0.645171 0.616529 0.600715
v -0.19247270 0.68755603 -0.37231952 0.539545 0.535572 0.533689
v -0.13065135 0.79885584 -0.40703088 0.569324 0.562503 0.558838
v -0.32818115 0.70637470 -0.55322289 0.729198 0.711161 0.702291
v -0.54324210 0.72518718 -0.42876518 0.866816 0.847962 0.838621
v -0.36270773 0.64593858 -0.52297515 0.681139 0.662946 0.654346
v -0.13576691 0.88328314 -0.58463627 0.572324 0.553069 0.542455
v -0.10851567 0.86066276 -0.46880633 0.612468 0.605441 0.601563
v -0.27827886 0.69676709 -0.66914469 0.570553 0.562825 0.559165
v -0.32413477 0.63258106 -0.57517785 0.624566 0.613865 0.608818
v -0.29199269 0.28589764 -0.29241115 0.559699 0.557129 0.555916
v -0.33234811 0.18472701 -0.19743726 0.555379 0.553564 0.552709
v -0.27910018 0.31135082 -0.28420210 0.557632 0.554797 0.553453
v -0.31352806 0.20298612 -0.18908742 0.550927 0.549202 0.548372
v -0.36216393 0.19033131 -0.32145941 0.574283 0.570789 0.569141
v -0.39271182 0.12534824 -0.22453988 0.567299 0.565190 0.564196
v -0.38059440 0.16442432 -0.32858196 0.570699 0.567372 0.565804
v -0.40757513 0.11057720 -0.23337090 0.557559 0.555311 0.554248
v -0.32018927 0.29052937 -0.35458970 0.581338 0.577022 0.574991
v -0.28343180 0.38551000 -0.33229101 0.554635 0.551909 0.550617
v -0.31511584 0.37890244 -0.39541426 0.590855 0.585439 0.582891
v -0.38538101 0.12380064 -0.16270845 0.560731 0.558807 0.557901
v -0.34558326 0.16057277 -0.14543864 0.551938 0.550607 0.549974
v -0.39792144 0.10018548 -0.11001374 0.558225 0.556714 0.556002
v -0.36342341 0.21320742 -0.37507066 0.582612 0.578787 0.576985
v -0.33441862 0.32309604 -0.40863287 0.588341 0.582857 0.580276
v -0.41743726 0.09619693 -0.18243600 0.560702 0.558679 0.557720
v -0.41825512 0.08577031 -0.11933825 0.558772 0.556879 0.555984
v -0.36554334 0.09370774 0.12032637 0.544701 0.543901 0.543517
v -0.38220608 0.08963525 0.05956116 0.544759 0.543770 0.543285
v -0.33997571 0.11647099 0.07821859 0.538059 0.537510 0.537249
v -0.35519591 0.11724424 0.01741147 0.537842 0.536813 0.536297
v -0.40821227 0.04694369 0.21599025 0.567347 0.565933 0.565267
v -0.42559657 0.04112074 0.15892945 0.568253 0.566916 0.566286
v -0.41296437 0.03751221 0.24037462 0.570889 0.569219 0.568432
v -0.42698812 0.03457680 0.18324563 0.569587 0.568110 0.567412
v -0.37875268 0.07209426 0.20172632 0.552436 0.550983 0.550276
v -0.34088871 0.10724783 0.13003294 0.538298 0.537583 0.537233
v -0.35245427 0.08495981 0.21334583 0.546806 0.545574 0.544957
v -0.42918888 0.05238044 0.09040811 0.553123 0.551817 0.551203
v -0.37578011 0.10341424 0.00884904 0.544573 0.543434 0.542880
v -0.42412111 0.06249982 0.04154038 0.558096 0.556622 0.555928
v -0.40102911 0.04651153 0.25728303 0.563232 0.561903 0.561276
v -0.36592162 0.07070461 0.24369889 0.554917 0.553523 0.552841
v -0.43307060 0.03790706 0.14297640 0.559145 0.557338 0.556483
v -0.43781510 0.04919514 0.07487428 0.560737 0.559098 0.558326
v 0.16546775 0.22162312 0.10298309 0.519645 0.519009 0.518706
v 0.21275565 0.18066609 0.14378029 0.521936 0.521262 0.520944
v 0.17293328 0.22652596 0.04365540 0.517471 0.516910 0.516642
v 0.22070776 0.18793714 0.08960885 0.519828 0.519089 0.518741
v 0.10688290 0.17725730 0.25295648 0.518067 0.517538 0.517289
v 0.16148648 0.15213031 0.28901279 0.522869 0.522429 0.522215
v 0.08351382 0.16329807 0.29714319 0.517273 0.517002 0.516873
v 0.13986224 0.14367801 0.33270139 0.521525 0.521161 0.520987
v 0.11236773 0.21661425 0.15871549 0.521663 0.521077 0.520802
v 0.14125116 0.23855263 0.04605770 0.514520 0.514085 0.513875
v 0.09013997 0.23653585 0.10515448 0.519696 0.519218 0.518993
v 0.06511480 0.18213218 0.25305173 0.517579 0.517037 0.516783
v 0.06864130 0.21728486 0.15595943 0.515197 0.514733 0.514514
v 0.21614933 0.14799058 0.23749441 0.522746 0.522191 0.521923
v 0.24081431 0.16209543 0.13640502 0.523008 0.522312 0.521984
v 0.24742486 0.13251382 0.22811690 0.526919 0.526373 0.526116
v 0.17716894 0.13603717 0.32667372 0.527178 0.526628 0.526356
v 0.23172657 0.12846756 0.27485451 0.530388 0.529795 0.529508
v 0.22706276 0.74998724 -0.44754127 0.542236 0.536553 0.533630
v 0.30284688 0.70093489 -0.47542736 0.566683 0.561981 0.559651
v 0.21842496 0.64950430 -0.38221550 0.528366 0.524896 0.523238
v 0.28649780 0.61037105 -0.41268188 0.539956 0.535494 0.533360
v 0.19715667 0.87781823 -0.62896371 0.832430 0.773231 0.740535
v 0.24562603 0.76419210 -0.61947477 0.554055 0.544635 0.539641
v 0.15971078 0.81485307 -0.65462798 0.596498 0.562538 0.543793
v 0.23508582 0.73815376 -0.67493558 0.567527 0.558727 0.554312
v 0.22151202 0.98069638 -0.50231642 0.832705 0.813519 0.802920
v 0.18855755 0.70497322 -0.38599306 0.543589 0.539480 0.537491
v 0.14253786 0.83798093 -0.44185862 0.614064 0.602731 0.596498
v 0.13664943 0.84494007 -0.59041631 0.554285 0.533180 0.521536
v 0.12631290 0.89638889 -0.49651408 0.580305 0.576810 0.574881
v 0.26857331 0.79557961 -0.52570778 0.765450 0.752110 0.745496
v 0.35247830 0.62632310 -0.45095888 0.581002 0.572756 0.568790
v 0.55766547 0.75767159 -0.48219287 0.956885 0.926755 0.912015
v 0.26954055 0.69548804 -0.64305383 0.568308 0.560056 0.556168
v 0.35618776 0.68369544 -0.53521472 0.677941 0.656385 0.646258
v 0.29923603 0.28197414 -0.30474481 0.570369 0.567525 0.566186
v 0.32455993 0.18235084 -0.21164799 0.560420 0.558548 0.557664
v 0.28498253 0.30509403 -0.29404476 0.558946 0.556474 0.555309
v 0.30649087 0.20438781 -0.20337375 0.552010 0.550419 0.549671
v 0.34803349 0.17842565 -0.33236063 0.570268 0.566631 0.564917
v 0.38582417 0.11313054 -0.23930067 0.573592 0.571092 0.569913
v 0.37040117 0.14814062 -0.33938023 0.572076 0.568337 0.566571
v 0.40567070 0.09646721 -0.24777818 0.563321 0.560254 0.558801
v 0.31068492 0.29707193 -0.36190382 0.575747 0.571543 0.569565
v 0.29757637 0.36793190 -0.34187600 0.570279 0.566873 0.565266
v 0.29181367 0.39749402 -0.39758095 0.591953 0.586079 0.583316
v 0.37562156 0.11602372 -0.17870636 0.568421 0.566437 0.565504
v 0.33685574 0.15831232 -0.15871084 0.555517 0.553956 0.553221
v 0.38759521 0.10289100 -0.12662867 0.565500 0.563698 0.562848
v 0.34675941 0.20148613 -0.38395214 0.580727 0.576672 0.574761
v 0.31201082 0.33660346 -0.41128075 0.575923 0.571265 0.569072
v 0.41564462 0.08508384 -0.19851506 0.570572 0.567903 0.566636
v 0.40710828 0.08570901 -0.13753909 0.567857 0.565705 0.564689
v 0.35282302 0.10318285 0.10692011 0.540391 0.539349 0.538858
v 0.37268081 0.10204324 0.04642318 0.545720 0.544519 0.543952
v 0.32864407 0.12658566 0.06665526 0.534467 0.533592 0.533178
v 0.34593469 0.12782267 0.00556828 0.539191 0.538020 0.537465
v 0.40868363 0.05230570 0.20535740 0.556648 0.555363 0.554758
v 0.43601352 0.04733309 0.15001202 0.560849 0.559415 0.558740
v 0.41594532 0.03789192 0.22976963 0.556629 0.555368 0.554773
v 0.44166446 0.03652644 0.17463775 0.560916 0.559279 0.558503
v 0.36904165 0.07940114 0.18889549 0.544475 0.543341 0.542800
v 0.32776445 0.11507624 0.11658530 0.532900 0.531821 0.531291
v 0.34163848 0.09058920 0.20071915 0.541072 0.540089 0.539611
v 0.42041603 0.06565931 0.07449499 0.554678 0.553153 0.552435
v 0.36721867 0.11286539 -0.00345388 0.544599 0.543340 0.542747
v 0.41771483 0.07085368 0.02768680 0.557854 0.556334 0.555619
v 0.39202341 0.04652989 0.24437709 0.555474 0.554158 0.553537
v 0.35553321 0.07447845 0.23136124 0.545215 0.544054 0.543499
v 0.44596079 0.04014978 0.13386501 0.557628 0.555768 0.554884
v 0.44133624 0.05148578 0.06459977 0.558031 0.556380 0.555602
v -0.09446944 -0.70923126 0.05407279 0.500557 0.500557 0.500557
v -0.09891353 -0.72205710 -0.08477389 0.500714 0.500714 0.500714
v -0.14975867 -0.70571041 0.04202194 0.506303 0.506303 0.506303
v -0.13737388 -0.79065382 -0.08201028 0.508660 0.508660 0.508660
v 0.08242305 -0.71092558 0.06425776 0.500301 0.500301 0.500301
v 0.09234575 -0.73367321 -0.07425237 0.500883 0.500883 0.500883
v 0.14211760 -0.70435762 0.05411966 0.504835 0.504835 0.504835
v 0.14194535 -0.79810095 -0.07348865 0.513145 0.513145 0.513145
v -0.01003778 -0.70576346 0.13925558 0.500587 0.500587 0.500587
v -0.12386551 -0.70088983 0.12038002 0.500530 0.500530 0.500530
v -0.04189800 -0.70433807 0.21242169 0.500545 0.500545 0.500545
v -0.00113592 -0.68829799 -0.13289414 0.501070 0.501070 0.501070
v -0.11265777 -0.77164042 -0.14594616 0.524742 0.524738 0.524736
v -0.03712257 -0.67170411 -0.18871516 0.504146 0.504144 0.504144
v 0.10593332 -0.70002657 0.14178024 0.501555 0.501555 0.501555
v 0.01471587 -0.70521176 0.22039257 0.500125 0.500125 0.500125
v 0.11375529 -0.78349680 -0.13488594 0.524552 0.524551 0.524551
v 0.03655549 -0.67418587 -0.18493290 0.503251 0.503251 0.503251
v -0.22618943 -0.66313767 0.39083213 0.516767 0.516552 0.516441
v -0.28891301 -0.61988640 0.41556334 0.540210 0.537332 0.535854
v -0.24386689 -0.65190983 0.30633333 0.518006 0.516759 0.516088
v -0.30048704 -0.60145468 0.33481413 0.527902 0.523960 0.521938
v -0.22034349 -0.83775866 0.55207413 0.655665 0.655280 0.655100
v -0.25964078 -0.84010565 0.64293194 0.597593 0.596847 0.596496
v -0.16495535 -0.94600958 0.63113314 0.600852 0.600562 0.600427
v -0.37287986 -0.94007611 0.70224392 0.641676 0.640974 0.640643
v -0.17216407 -0.71425462 0.47405985 0.523396 0.523045 0.522880
v -0.20340481 -0.67695737 0.32811311 0.518424 0.518322 0.518267
v -0.13370308 -0.69675350 0.42516688 0.505155 0.505138 0.505131
v -0.32592741 -0.66131622 0.51551610 0.603239 0.594452 0.590272
v -0.32186800 -0.57796621 0.37608722 0.544060 0.539644 0.537450
v -0.34694976 -0.58332580 0.47782943 0.581228 0.574595 0.571412
v -0.13761960 -0.81801927 0.56807047 0.670445 0.670338 0.670288
v -0.11606649 -0.72477782 0.47927552 0.528766 0.528758 0.528754
v -0.35907683 -0.81468982 0.65180212 0.595058 0.588790 0.585824
v -0.35833558 -0.62760562 0.54532605 0.617529 0.607176 0.602288
v -0.22357234 -0.72374094 -0.33937517 0.546741 0.541177 0.538619
v -0.29757050 -0.63348556 -0.35503346 0.670362 0.648830 0.638692
v -0.27550107 -0.81051612 -0.34092605 0.575730 0.575939 0.576040
v -0.34887904 -0.70567548 -0.36059195 0.739700 0.721303 0.712642
v -0.11636790 -0.54099166 -0.36346677 0.564937 0.557111 0.553406
v -0.17778222 -0.47731709 -0.37669861 0.584621 0.575029 0.570516
v -0.08710889 -0.49807438 -0.37623382 0.553955 0.546958 0.543665
v -0.14552322 -0.43861008 -0.39063904 0.567921 0.559985 0.556249
v -0.13149045 -0.63911760 -0.33443767 0.576323 0.569200 0.565839
v -0.19565457 -0.78923684 -0.32217979 0.526158 0.526049 0.525990
v -0.11165850 -0.67387164 -0.31072253 0.559612 0.555903 0.554154
v -0.26199937 -0.49989855 -0.36292630 0.617524 0.603534 0.596950
v -0.35107535 -0.59890139 -0.35136342 0.718531 0.698494 0.689065
v -0.30867094 -0.46852562 -0.35509279 0.625290 0.611374 0.604824
v -0.06954650 -0.54304820 -0.36209476 0.542535 0.536812 0.534101
v -0.07933779 -0.62515622 -0.32665700 0.549060 0.546259 0.544940
v -0.18811642 -0.41884705 -0.38785228 0.583894 0.575077 0.570929
v -0.26726192 -0.42928836 -0.36710793 0.607349 0.595473 0.589884
v -0.43462268 -0.36716378 -0.18752992 0.566798 0.560194 0.557087
v -0.45037037 -0.31856024 -0.09940676 0.558102 0.552343 0.549635
v -0.44264919 -0.43377918 -0.17868005 0.565179 0.558396 0.555204
v -0.44968116 -0.37860763 -0.08425581 0.558708 0.552745 0.549938
v -0.39343560 -0.17778306 -0.20492950 0.531311 0.529680 0.528911
v -0.41314307 -0.14620192 -0.13614322 0.521562 0.520230 0.519603
v -0.38266897 -0.12124401 -0.21205243 0.535415 0.534005 0.533339
v -0.40520161 -0.09476121 -0.14785066 0.527574 0.526404 0.525855
v -0.40501288 -0.28744444 -0.23697802 0.580415 0.574221 0.571286
v -0.43072397 -0.42500746 -0.22947733 0.580443 0.573116 0.569668
v -0.39577472 -0.33631355 -0.27387953 0.600159 0.592471 0.588853
v -0.43583405 -0.20928071 -0.07974416 0.519862 0.517862 0.516908
v -0.45295030 -0.32273334 -0.04924733 0.558272 0.552622 0.549963
v -0.44064805 -0.21599142 -0.03441850 0.521362 0.519286 0.518303
v -0.37695956 -0.15974179 -0.24237296 0.537152 0.535636 0.534920
v -0.38038474 -0.26781577 -0.27415529 0.576441 0.570486 0.567687
v -0.41684562 -0.10366249 -0.10891192 0.524385 0.523178 0.522606
v -0.43224618 -0.16242971 -0.05100749 0.519823 0.518292 0.517567
v -0.40306014 -0.38522246 0.24420127 0.552445 0.546563 0.543788
v -0.42056113 -0.33180779 0.15985325 0.552049 0.546345 0.543653
v -0.39632416 -0.42931333 0.21551120 0.551832 0.546291 0.543655
v -0.41776559 -0.37906134 0.13111167 0.552618 0.546975 0.544305
v -0.41736338 -0.24910650 0.30810156 0.561149 0.554857 0.551893
v -0.42640805 -0.19618641 0.22669965 0.545943 0.541351 0.539183
v -0.42003921 -0.20448522 0.32209665 0.554301 0.548931 0.546406
v -0.42794749 -0.15355951 0.24301085 0.548138 0.543821 0.541785
v -0.40480903 -0.34558487 0.32531688 0.565650 0.558608 0.555276
v -0.38851926 -0.43488008 0.27508456 0.556331 0.550567 0.547828
v -0.39344144 -0.39901340 0.36129993 0.571012 0.564068 0.560771
v -0.42865676 -0.23590642 0.15805705 0.524116 0.521374 0.520082
v -0.42703065 -0.32954907 0.10595546 0.551088 0.545807 0.543310
v -0.43228450 -0.23123527 0.10862438 0.525330 0.523111 0.522062
v -0.41426060 -0.25195903 0.35933125 0.557568 0.551604 0.548801
v -0.40250969 -0.35159606 0.38217294 0.569374 0.561740 0.558134
v -0.43023667 -0.14799780 0.19784856 0.539395 0.535942 0.534319
v -0.43206003 -0.18577473 0.13230170 0.524839 0.522809 0.521854
v 0.18901783 -0.70662594 0.49759281 0.526928 0.526262 0.525935
v 0.29953939 -0.72237962 0.48984843 0.573091 0.569417 0.567686
v 0.21269211 -0.67029738 0.39039519 0.517421 0.517229 0.517132
v 0.27966112 -0.62899512 0.42563555 0.531657 0.529922 0.529052
v 0.09654745 -0.92849684 0.65444839 0.599452 0.599175 0.599045
v 0.21212667 -0.94578230 0.72166902 0.707899 0.707934 0.707950
v 0.14458552 -0.82814056 0.69254911 0.502998 0.502381 0.502091
v 0.23329604 -0.89752734 0.82649124 0.624101 0.622981 0.622448
v 0.07561833 -0.73950440 0.69547927 0.647251 0.645484 0.644656
v 0.16360131 -0.68933022 0.41729382 0.515927 0.515816 0.515763
v 0.07212948 -0.71824640 0.52506375 0.516526 0.516483 0.516463
v 0.08591922 -0.77993935 0.62251574 0.536248 0.535979 0.535852
v 0.06219475 -0.73310673 0.57412899 0.528040 0.527909 0.527849
v 0.39262107 -0.82462811 0.64027727 0.684485 0.681803 0.680540
v 0.31538180 -0.62790942 0.47359669 0.581789 0.575901 0.572989
v 0.36108506 -0.66712356 0.60005581 0.711246 0.694952 0.687268
v 0.17046592 -0.75927722 0.86358953 0.630231 0.622699 0.619152
v 0.33187568 -0.69915456 0.70414972 0.652102 0.631165 0.621307
v 0.22107358 -0.71364003 -0.33934408 0.597073 0.584998 0.579336
v 0.29457581 -0.61672020 -0.35816294 0.652128 0.633120 0.624172
v 0.26417527 -0.80108398 -0.34400105 0.577758 0.576696 0.576205
v 0.34475842 -0.67866719 -0.35523403 0.708538 0.687618 0.677768
v 0.11878526 -0.53730655 -0.36316943 0.564396 0.556668 0.553011
v 0.18027151 -0.47293255 -0.37784001 0.581936 0.572696 0.568347
v 0.09062328 -0.49624792 -0.37643850 0.555307 0.548547 0.545366
v 0.15102267 -0.43501574 -0.39117709 0.569661 0.561859 0.558185
v 0.13130853 -0.63334060 -0.33260047 0.573023 0.565698 0.562246
v 0.19691008 -0.78437775 -0.31925282 0.523298 0.522402 0.521985
v 0.11308220 -0.66853708 -0.30556071 0.559749 0.556072 0.554335
v 0.07241040 -0.54048860 -0.36158055 0.546476 0.540813 0.538141
v 0.08037243 -0.62153053 -0.32418102 0.546070 0.543400 0.542142
v 0.26061505 -0.49223453 -0.36644566 0.606340 0.593858 0.587984
v 0.34915972 -0.57879901 -0.36040616 0.685227 0.667046 0.658486
v 0.30566472 -0.45992583 -0.35860455 0.613162 0.600625 0.594725
v 0.19270879 -0.41545630 -0.38857895 0.583212 0.574618 0.570573
v 0.26742661 -0.42404541 -0.36897618 0.598981 0.588146 0.583047
v 0.43106666 -0.36322844 -0.19891253 0.565986 0.559687 0.556722
v 0.45205954 -0.31454104 -0.11253982 0.555901 0.550273 0.547624
v 0.44214121 -0.43058187 -0.19407111 0.565677 0.559138 0.556059
v 0.45291439 -0.37593752 -0.09892100 0.555452 0.549621 0.546869
v 0.38821080 -0.17080054 -0.20637779 0.558025 0.553616 0.551554
v 0.41061968 -0.13797948 -0.14195870 0.558118 0.553524 0.551370
v 0.37606165 -0.11200860 -0.20996618 0.544703 0.541988 0.540712
v 0.40035498 -0.08360505 -0.15220624 0.550141 0.546726 0.545127
v 0.39790270 -0.28143480 -0.24113859 0.578681 0.572254 0.569227
v 0.42674574 -0.41937381 -0.24228963 0.578932 0.571871 0.568548
v 0.39209211 -0.33065611 -0.28117341 0.601407 0.593687 0.590053
v 0.43671909 -0.20365831 -0.09005989 0.555300 0.550005 0.547514
v 0.45528445 -0.32006001 -0.06091942 0.556435 0.550712 0.548018
v 0.44199523 -0.21121101 -0.04524173 0.554621 0.549519 0.547112
v 0.37163273 -0.15416780 -0.23994273 0.559506 0.555941 0.554258
v 0.37703118 -0.26206511 -0.27668267 0.594297 0.587066 0.583661
v 0.41420549 -0.09320076 -0.11594003 0.556214 0.552199 0.550311
v 0.43425846 -0.15670228 -0.06146070 0.555147 0.550289 0.548003
v 0.40284452 -0.39916503 0.26477090 0.552650 0.546348 0.543374
v 0.42023638 -0.33746147 0.16445963 0.538697 0.533864 0.531564
v 0.39535552 -0.44343469 0.23752664 0.548426 0.542780 0.540116
v 0.41705173 -0.38522607 0.13636607 0.553836 0.547934 0.545135
v 0.41888243 -0.25400430 0.31593803 0.519547 0.517102 0.515947
v 0.42769295 -0.19664837 0.22414783 0.513338 0.511490 0.510621
v 0.42240161 -0.20541045 0.32436740 0.515454 0.513770 0.512977
v 0.42953232 -0.15208216 0.23713061 0.515805 0.514246 0.513513
v 0.40597740 -0.36046487 0.35012066 0.562672 0.555620 0.552297
v 0.38864547 -0.45517969 0.30966973 0.552177 0.546008 0.543099
v 0.39645907 -0.42149878 0.40266654 0.572989 0.565162 0.561465
v 0.42957661 -0.23630431 0.15508628 0.519964 0.517464 0.516284
v 0.42712313 -0.33221436 0.10620591 0.553036 0.547478 0.544852
v 0.43339851 -0.23114453 0.10320276 0.546534 0.542116 0.540036
v 0.41534799 -0.25764087 0.36997163 0.520184 0.517688 0.516509
v 0.40353096 -0.36750993 0.41465995 0.571915 0.564080 0.560391
v 0.43240258 -0.14609462 0.19016439 0.521252 0.519155 0.518169
v 0.43398944 -0.18486860 0.12479296 0.540580 0.536900 0.535167
v 0.06418452 -0.07689776 0.88849366 0.627342 0.616013 0.610681
v -0.06857215 -0.08025348 0.88669491 0.627416 0.615885 0.610457
v 0.07446348 -0.14488909 0.94702411 0.670990 0.656160 0.649182
v -0.08174359 -0.14429760 0.94602531 0.671654 0.656265 0.649024
v 0.05226714 0.07303956 0.74873149 0.605334 0.600770 0.598623
v -0.05444824 0.07176729 0.74944091 0.598663 0.594412 0.592413
v 0.04758219 0.09950469 0.70016241 0.591707 0.589285 0.588145
v -0.05057032 0.10005121 0.70186615 0.591306 0.589066 0.588013
v 0.11682583 0.01020553 0.80778497 0.566757 0.561142 0.558503
v 0.12863129 -0.11411613 0.88238066 0.604165 0.592068 0.586375
v 0.17429820 -0.02212987 0.80480933 0.571537 0.565813 0.563108
v -0.11851099 0.00524649 0.80821633 0.530094 0.527483 0.526260
v -0.13126713 -0.11981662 0.88283163 0.606605 0.594214 0.588383
v -0.17494367 -0.02862046 0.80795664 0.515359 0.514921 0.514714
v 0.10049959 0.08383157 0.71471703 0.607346 0.603653 0.601915
v 0.16394226 0.02554574 0.76426399 0.537568 0.536517 0.536022
v -0.10234572 0.08265726 0.71667027 0.611538 0.607998 0.606335
v -0.16515078 0.02210073 0.76769549 0.542483 0.541733 0.541379
v 0.35774848 -0.36168277 0.74219680 0.603031 0.593718 0.589336
v 0.33259121 -0.25793743 0.77152461 0.604599 0.594236 0.589359
v 0.34215036 -0.41058728 0.78685427 0.616532 0.606548 0.601850
v 0.29291800 -0.30143261 0.81377238 0.614835 0.603392 0.598006
v 0.38980085 -0.23183239 0.57180655 0.553969 0.548645 0.546130
v 0.37678397 -0.15772176 0.60136962 0.564284 0.558402 0.555625
v 0.39719599 -0.19314398 0.51551831 0.508986 0.507982 0.507511
v 0.38218457 -0.13168843 0.54440856 0.541989 0.538566 0.536958
v 0.37840080 -0.33823168 0.64568824 0.581540 0.572985 0.568958
v 0.36069399 -0.43686134 0.75750214 0.605598 0.596862 0.592752
v 0.37081808 -0.40938878 0.66353381 0.582801 0.573840 0.569623
v 0.39759505 -0.24533673 0.52514184 0.531694 0.528049 0.526337
v 0.38361830 -0.35564876 0.59628326 0.580714 0.572085 0.568024
v 0.35505512 -0.15488404 0.70442432 0.591751 0.582979 0.578852
v 0.29207662 -0.22485551 0.80676025 0.606200 0.594958 0.589666
v 0.32293063 -0.12196501 0.74168599 0.599311 0.589946 0.585538
v 0.36630470 -0.11212374 0.58244979 0.567121 0.561694 0.559139
v 0.33821729 -0.10251148 0.67987788 0.583846 0.576120 0.572485
v -0.36517370 -0.38251728 0.72689474 0.595710 0.585413 0.580589
v -0.33342832 -0.27222529 0.77557909 0.570428 0.562708 0.559103
v -0.34814835 -0.43668208 0.78444242 0.620136 0.610664 0.606200
v -0.29298189 -0.31792924 0.81381583 0.502527 0.502028 0.501788
v -0.39382076 -0.23489039 0.56278008 0.555626 0.549554 0.546703
v -0.37816596 -0.16087954 0.60458523 0.577566 0.569959 0.566378
v -0.39998892 -0.19424166 0.51133382 0.520398 0.518040 0.516929
v -0.38516936 -0.13180342 0.54827029 0.577312 0.570409 0.567160
v -0.39057139 -0.34674889 0.61505038 0.595289 0.584818 0.579890
v -0.37517697 -0.47128844 0.72785157 0.637652 0.623363 0.616640
v -0.39283365 -0.41940913 0.60733902 0.601450 0.590004 0.584618
v -0.40104300 -0.24640132 0.51139879 0.527021 0.523560 0.521953
v -0.39674854 -0.35643247 0.55625898 0.587395 0.577729 0.573181
v -0.35396719 -0.16035224 0.71368015 0.602991 0.592835 0.588057
v -0.29405096 -0.23926306 0.81570643 0.593449 0.583791 0.579242
v -0.31970599 -0.12890820 0.75154293 0.607958 0.597691 0.592860
v -0.36870852 -0.11232457 0.58867168 0.579704 0.572561 0.569201
v -0.33668780 -0.10590658 0.68860096 0.580305 0.572629 0.569015
v 0.22817394 0.08270195 0.45499098 0.556465 0.554726 0.553906
v 0.22073065 0.07125537 0.53420478 0.574819 0.572900 0.571996
v 0.19370510 0.09933197 0.46537045 0.556061 0.554895 0.554345
v 0.18391995 0.09248061 0.54309058 0.573280 0.571994 0.571389
v 0.31994081 0.03301361 0.41007394 0.568999 0.567339 0.566543
v 0.31643701 0.01112139 0.48423964 0.576655 0.573467 0.571929
v 0.34624037 0.01818120 0.39115524 0.571707 0.569773 0.568859
v 0.34323451 -0.00619993 0.46189341 0.566793 0.563649 0.562165
v 0.28131697 0.06496897 0.39881954 0.559873 0.558790 0.558281
v 0.21604149 0.09627983 0.42327607 0.549606 0.548442 0.547889
v 0.26990038 0.08024758 0.36961895 0.549756 0.548706 0.548212
v 0.33706793 0.03511116 0.36626020 0.567740 0.566216 0.565492
v 0.30062401 0.06525964 0.35598844 0.557600 0.556527 0.556020
v 0.26866201 0.03004429 0.55403674 0.578819 0.575667 0.574180
v 0.19683900 0.07610148 0.58045179 0.580596 0.578544 0.577578
v 0.25023386 0.03171514 0.60700703 0.577020 0.572813 0.570828
v 0.32965380 -0.01226503 0.51156205 0.570974 0.567114 0.565289
v 0.28429317 0.00558652 0.58755505 0.570558 0.565799 0.563529
v -0.23507287 0.08306974 0.46389091 0.562012 0.560600 0.559934
v -0.22579466 0.07352546 0.54161626 0.588072 0.586115 0.585194
v -0.19847144 0.09768805 0.47196814 0.562742 0.561591 0.561049
v -0.18770170 0.09185316 0.54917276 0.585529 0.583931 0.583178
v -0.33061111 0.03867921 0.42133239 0.585234 0.583122 0.582106
v -0.32429361 0.01726869 0.49418381 0.590177 0.586728 0.585060
v -0.35717312 0.02625659 0.40257969 0.587810 0.585829 0.584891
v -0.34941563 0.00072116 0.47147354 0.581174 0.577999 0.576499
v -0.29023606 0.06708434 0.40948039 0.571273 0.570141 0.569608
v -0.22248036 0.09489423 0.43244505 0.555856 0.554888 0.554428
v -0.27859178 0.08058068 0.38022041 0.560088 0.558954 0.558419
v -0.34926236 0.04141346 0.37819543 0.583424 0.581756 0.580959
v -0.31113437 0.06715286 0.36747721 0.568370 0.567196 0.566642
v -0.27554518 0.03474189 0.56286132 0.585375 0.582395 0.580989
v -0.20101814 0.07725537 0.58674955 0.593149 0.590996 0.589982
v -0.25466108 0.03457105 0.61381263 0.570089 0.567500 0.566279
v -0.33528697 -0.00663717 0.52065575 0.579267 0.575471 0.573680
v -0.28958571 0.00979521 0.59579968 0.562600 0.559321 0.557742
v 0.03402730 0.02302665 -0.61704856 0.606350 0.597388 0.593089
v -0.03288586 0.02230579 -0.61598057 0.605508 0.596698 0.592454
v 0.03294604 0.00018659 -0.54590034 0.616721 0.607474 0.603121
v -0.02626823 -0.00109181 -0.54454124 0.610826 0.602132 0.598038
v 0.03602587 0.12264352 -0.82412630 0.686111 0.601864 0.556046
v -0.05393289 0.12578946 -0.81656849 0.674567 0.594915 0.551594
v 0.03801946 0.18916623 -0.84598488 0.708648 0.609360 0.555361
v -0.05973237 0.18990465 -0.84493482 0.716032 0.616037 0.561654
v 0.07403316 0.05913452 -0.72713196 0.604623 0.569193 0.550043
v 0.06533181 0.00844277 -0.57922339 0.608619 0.600759 0.597056
v 0.10933744 0.02902591 -0.69569027 0.664612 0.649213 0.641322
v -0.08179712 0.05906470 -0.72316134 0.600876 0.568417 0.550859
v -0.06101035 0.00688663 -0.57768035 0.602478 0.595188 0.591751
v -0.11078750 0.03092260 -0.69235760 0.620027 0.606241 0.599063
v 0.08250183 0.15667515 -0.83507591 0.700241 0.608108 0.558001
v 0.11712774 0.06336720 -0.76779771 0.673650 0.621863 0.593761
v -0.10486910 0.15621638 -0.83205932 0.720916 0.623150 0.569980
v -0.12973970 0.06473161 -0.76466483 0.666716 0.616546 0.589313
v 0.21063481 -0.16638678 -0.40240872 0.610060 0.600536 0.596053
v 0.17488854 -0.06629649 -0.41620758 0.619859 0.610037 0.605414
v 0.17936461 -0.20221543 -0.42018044 0.608304 0.598222 0.593478
v 0.14503254 -0.10288209 -0.43330169 0.621799 0.610501 0.605184
v 0.29447693 -0.06657438 -0.35265011 0.579292 0.574490 0.572232
v 0.28373078 0.00253820 -0.41648307 0.598373 0.593261 0.590855
v 0.31756273 -0.03622232 -0.33662918 0.582762 0.579182 0.577498
v 0.31648263 0.02114178 -0.41326505 0.600977 0.596159 0.593881
v 0.27176148 -0.16182843 -0.36971855 0.603338 0.594510 0.590354
v 0.21372703 -0.23286188 -0.40914097 0.601041 0.591411 0.586881
v 0.27345353 -0.22731951 -0.37303624 0.604881 0.595606 0.591241
v 0.31674153 -0.09364833 -0.33028349 0.566918 0.563632 0.562099
v 0.29981944 -0.19064730 -0.35138509 0.603811 0.595286 0.591273
v 0.22236677 -0.00440016 -0.46715111 0.605999 0.600812 0.598369
v 0.14502931 -0.03764170 -0.44694316 0.613809 0.603954 0.599317
v 0.19588652 0.00099644 -0.53153741 0.612774 0.607283 0.604697
v 0.29788625 0.02890152 -0.47768551 0.604730 0.599097 0.596412
v 0.23817861 0.01491931 -0.54696518 0.631199 0.625668 0.623032
v -0.20458461 -0.17114764 -0.41706052 0.609445 0.599725 0.595150
v -0.17355335 -0.07369295 -0.43979296 0.607247 0.598035 0.593702
v -0.17264007 -0.20689088 -0.43096137 0.602713 0.592530 0.587739
v -0.14163792 -0.10640223 -0.44945976 0.613392 0.602632 0.597569
v -0.28318533 -0.07005481 -0.35875332 0.559617 0.556231 0.554643
v -0.26833117 0.00133558 -0.41238564 0.585293 0.581593 0.579840
v -0.30615819 -0.03862631 -0.33845502 0.559592 0.557299 0.556221
v -0.30039743 0.01502448 -0.41150972 0.574073 0.571211 0.569855
v -0.26589927 -0.16575305 -0.38133529 0.564189 0.559196 0.556833
v -0.20503989 -0.23727976 -0.41452196 0.601786 0.591763 0.587045
v -0.26970440 -0.23096913 -0.38037631 0.595851 0.587414 0.583433
v -0.30589119 -0.09649776 -0.33087540 0.546422 0.544399 0.543450
v -0.29551217 -0.19470514 -0.35949710 0.549345 0.545417 0.543577
v -0.21378788 -0.00114942 -0.46308464 0.584822 0.580814 0.578930
v -0.14215197 -0.03806250 -0.45763633 0.602782 0.593711 0.589445
v -0.19227785 0.00370602 -0.52561295 0.586832 0.582351 0.580245
v -0.28819162 0.02608912 -0.46871111 0.594482 0.590175 0.588124
v -0.23543331 0.01645064 -0.53688681 0.611544 0.607007 0.604853
v 0.32606095 0.39847034 -0.81025225 0.640811 0.626615 0.619621
v 0.30821362 0.30833903 -0.95607662 0.755141 0.683363 0.644336
v 0.29058313 0.44484878 -0.83718991 0.667949 0.654682 0.648356
v 0.24216421 0.33018175 -0.90625131 0.708200 0.640560 0.603773
v 0.37426317 0.24427128 -0.63314760 0.598288 0.589719 0.585570
v 0.38964128 0.16857363 -0.70934403 0.626083 0.601946 0.589005
v 0.37730417 0.19939461 -0.56179225 0.598906 0.592246 0.589000
v 0.37419969 0.14438897 -0.60847807 0.607737 0.594613 0.587791
v 0.35854334 0.36396635 -0.68347532 0.603660 0.594618 0.590364
v 0.31633395 0.47083262 -0.76630455 0.611033 0.600624 0.595729
v 0.34583122 0.43480048 -0.64727396 0.605482 0.596455 0.592207
v 0.36862031 0.24847183 -0.56106901 0.596569 0.590270 0.587291
v 0.35200012 0.37155291 -0.60014993 0.602229 0.594108 0.590287
v 0.35087880 0.16257295 -0.89722264 0.699775 0.639118 0.606131
v 0.24194163 0.25422210 -0.91613841 0.725294 0.635779 0.587113
v 0.28859666 0.10983571 -0.92798871 0.773997 0.698699 0.657747
v 0.36027634 0.12256161 -0.66498357 0.609449 0.590218 0.580006
v 0.32114536 0.09204138 -0.83502257 0.668960 0.625309 0.601677
v -0.33955377 0.38689694 -0.79927087 0.626345 0.615192 0.609892
v -0.31987196 0.27684757 -0.90745586 0.721480 0.665851 0.635598
v -0.29502407 0.43910789 -0.83027756 0.663588 0.651857 0.646352
v -0.26066476 0.33961815 -0.96524680 0.727377 0.667184 0.634454
v -0.38110155 0.23751277 -0.61012161 0.591500 0.583417 0.579551
v -0.38947654 0.16581622 -0.66284752 0.617663 0.597750 0.587213
v -0.38222143 0.19889039 -0.54202771 0.588930 0.582442 0.579302
v -0.38068336 0.14334804 -0.57951540 0.603959 0.590648 0.583747
v -0.36277258 0.34732300 -0.66568536 0.595810 0.586980 0.582826
v -0.32016656 0.46219528 -0.76331300 0.610541 0.599989 0.595025
v -0.34652242 0.41419017 -0.64560336 0.599154 0.590215 0.586009
v -0.37521267 0.24478805 -0.54478079 0.592490 0.586359 0.583465
v -0.35670066 0.35265553 -0.59317136 0.593441 0.585471 0.581721
v -0.36857674 0.15846144 -0.81713563 0.631632 0.587142 0.562944
v -0.28838593 0.24599914 -1.00197506 0.774038 0.689804 0.643996
v -0.31508505 0.12146136 -0.86098230 0.704867 0.650122 0.620349
v -0.36894080 0.11850004 -0.62625682 0.585651 0.571413 0.563908
v -0.33398172 0.10083218 -0.76871073 0.616535 0.583209 0.565137
v 0.45985776 0.03929886 -0.05839647 0.547717 0.543826 0.541921
v 0.45046890 0.02081460 -0.04336117 0.546113 0.543653 0.542489
v 0.45841122 0.04602967 -0.10165271 0.548357 0.543902 0.541709
v 0.44365323 0.02881145 -0.08371790 0.544328 0.541849 0.540678
v 0.45590878 0.02316517 0.06717882 0.540300 0.536712 0.534924
v 0.44993025 0.00445370 0.07825020 0.537160 0.535407 0.534582
v 0.45307970 0.01984675 0.10782482 0.537416 0.533733 0.531882
v 0.44860858 -0.00153676 0.11828940 0.535096 0.533521 0.532778
v 0.46082968 0.03559651 -0.00080743 0.556373 0.552990 0.551329
v 0.45915455 0.04761294 -0.08927187 0.556983 0.553118 0.551257
v 0.46050692 0.04235704 -0.02942218 0.564698 0.561492 0.559934
v 0.45499730 0.02747019 0.08262853 0.548826 0.545438 0.543763
v 0.45816225 0.03817047 0.01429483 0.561887 0.558593 0.556974
v 0.44751149 -0.00753871 0.02260899 0.542324 0.540490 0.539632
v 0.43988442 0.01034987 -0.05652001 0.543771 0.541331 0.540181
v 0.44229263 -0.03372170 0.00573943 0.546432 0.543700 0.542416
v 0.44500345 -0.02229175 0.10371327 0.534645 0.532822 0.531967
v 0.44309038 -0.03954957 0.04655685 0.543320 0.540786 0.539598
v -0.45382172 0.05121579 -0.04139744 0.540045 0.536791 0.535170
v -0.44775945 0.03266755 -0.02592146 0.536880 0.535410 0.534709
v -0.44833243 0.05691395 -0.08506834 0.536381 0.533103 0.531458
v -0.43970096 0.03635086 -0.06827615 0.533873 0.532642 0.532053
v -0.44953912 0.02920286 0.08373825 0.544850 0.541173 0.539339
v -0.44734097 0.00980965 0.09666968 0.551174 0.548983 0.547950
v -0.44500685 0.02327561 0.12375902 0.544310 0.539976 0.537804
v -0.44236338 0.00249561 0.13634239 0.548985 0.546583 0.545454
v -0.45511425 0.04541617 0.01501282 0.545621 0.542782 0.541370
v -0.45091277 0.05961566 -0.07260858 0.541511 0.539065 0.537866
v -0.45458829 0.05318172 -0.01443411 0.554177 0.551648 0.550397
v -0.44703466 0.03206721 0.09773159 0.543959 0.540645 0.538991
v -0.45327532 0.04607892 0.02923703 0.553407 0.551080 0.549932
v -0.44457424 -0.00286745 0.03988415 0.546340 0.544710 0.543943
v -0.43701404 0.01254062 -0.04212954 0.529227 0.528255 0.527793
v -0.43836260 -0.03330944 0.02105316 0.535181 0.533855 0.533230
v -0.44069993 -0.01766228 0.12144602 0.541211 0.539199 0.538252
v -0.43855339 -0.03883959 0.06325033 0.544608 0.542734 0.541853
v -0.12798357 0.26863879 -0.12324375 0.511893 0.511326 0.511057
v -0.14871892 0.24696201 -0.06352532 0.514440 0.513971 0.513750
v -0.16191296 0.48824379 -0.23660968 0.521627 0.519319 0.518234
v -0.19117615 0.52526355 -0.28547546 0.526328 0.523383 0.521995
v -0.11666386 0.25654894 -0.06801485 0.512814 0.512384 0.512180
v -0.15672506 0.56444418 -0.27504069 0.520434 0.518109 0.517016
v -0.25555399 0.17443210 0.04158080 0.518269 0.517672 0.517373
v -0.28360036 0.15927994 0.03779036 0.523690 0.523019 0.522681
v -0.28297722 0.14691061 0.09065607 0.524897 0.524034 0.523590
v -0.31456658 0.47018111 -0.35641009 0.557654 0.553864 0.552051
v -0.29898962 0.38213962 -0.31820580 0.551515 0.548563 0.547155
v -0.34548071 0.48229966 -0.39642543 0.597443 0.591586 0.588808
v -0.30867597 0.19069490 -0.12941173 0.541414 0.540379 0.539884
v -0.31838715 0.16854063 -0.07796994 0.535489 0.534617 0.534198
v -0.33780530 0.15517923 -0.08583273 0.544047 0.543015 0.542517
v 0.14124493 0.27170366 -0.12773043 0.507215 0.506984 0.506874
v 0.15863599 0.25098860 -0.07003096 0.512267 0.511876 0.511688
v 0.16937399 0.48783526 -0.23349911 0.521271 0.519113 0.518094
v 0.18849336 0.52645540 -0.28157759 0.521655 0.519257 0.518121
v 0.12960500 0.25726962 -0.07421090 0.510140 0.509844 0.509702
v 0.16377904 0.56961441 -0.27351403 0.523541 0.521002 0.519802
v 0.25191531 0.18140203 0.03191619 0.519147 0.518205 0.517741
v 0.27747139 0.16729379 0.02738772 0.522287 0.521270 0.520769
v 0.27561954 0.15414125 0.07915625 0.522553 0.521543 0.521043
v 0.27199209 0.46048164 -0.33310354 0.544520 0.541322 0.539808
v 0.27328658 0.39208841 -0.30776271 0.547243 0.544773 0.543604
v 0.29743677 0.46730444 -0.35510480 0.562388 0.558333 0.556407
v 0.30129531 0.19573349 -0.14054967 0.540180 0.538962 0.538382
v 0.31088084 0.17460597 -0.08871758 0.536665 0.535430 0.534834
v 0.32959244 0.15929610 -0.09757385 0.545912 0.544539 0.543889
v -0.22761099 -0.67105836 0.09456061 0.506637 0.506635 0.506633
v -0.24659801 -0.66022348 0.16352364 0.509425 0.509304 0.509241
v -0.22961167 -0.96589851 -0.14576718 0.572097 0.572097 0.572097
v -0.29146937 -0.93667305 -0.24399480 0.641977 0.641977 0.641977
v -0.20348296 -0.68115366 0.17619650 0.513775 0.513769 0.513764
v -0.18988594 -0.93676943 -0.24573384 0.626799 0.626799 0.626799
v -0.34386683 -0.55601460 0.23417692 0.538742 0.534892 0.533005
v -0.36829895 -0.51620948 0.20846684 0.548122 0.543820 0.541780
v -0.35713893 -0.52142042 0.27320111 0.551048 0.546817 0.544809
v -0.44547427 -0.64843798 -0.27112347 0.625087 0.614590 0.609648
v -0.44666183 -0.57001770 -0.21622157 0.580927 0.572565 0.568630
v -0.43500224 -0.56445158 -0.27504301 0.622867 0.613055 0.608438
v -0.43548805 -0.43250310 -0.01249822 0.551067 0.545474 0.542832
v -0.42565224 -0.42936599 0.04330210 0.550299 0.544934 0.542397
v -0.43510863 -0.37875724 0.02160061 0.551650 0.546097 0.543474
v 0.21112353 -0.66465724 0.12688302 0.509093 0.509087 0.509084
v 0.23011048 -0.67319727 0.20771022 0.512070 0.512023 0.511997
v 0.23505989 -0.99046731 -0.14567439 0.584257 0.584257 0.584257
v 0.28650755 -0.95955563 -0.25453639 0.632560 0.632559 0.632559
v 0.18456554 -0.70309955 0.22367331 0.514414 0.514413 0.514413
v 0.17839767 -0.93247277 -0.25917476 0.633100 0.633100 0.633100
v 0.33600098 -0.57567531 0.28267753 0.541882 0.537612 0.535524
v 0.36417663 -0.53295237 0.24320833 0.543276 0.538695 0.536519
v 0.35222653 -0.54674298 0.32580155 0.547741 0.543070 0.540846
v 0.43296480 -0.64040273 -0.27928323 0.644063 0.632827 0.627540
v 0.44688401 -0.56650060 -0.23126832 0.583717 0.575517 0.571661
v 0.42628211 -0.55451959 -0.28544274 0.617630 0.607644 0.602947
v 0.43569329 -0.43330830 -0.02021204 0.553056 0.547619 0.545053
v 0.42505130 -0.43245649 0.04111449 0.550780 0.545511 0.543027
v 0.43541229 -0.37971109 0.01633806 0.554046 0.548570 0.545974
v -0.07211855 -0.76052928 0.68354869 0.537002 0.536799 0.536705
v 0.00080166 -0.69050670 0.66676950 0.523905 0.523669 0.523560
v -0.30937842 -0.75428617 0.83477896 0.734731 0.718576 0.710975
v -0.31233871 -0.60919887 0.82040006 0.711926 0.693999 0.685564
v -0.03612449 -0.72746611 0.61813283 0.526716 0.526536 0.526451
v -0.38345152 -0.67015874 0.79827535 0.725461 0.707990 0.699770
v 0.31727985 -0.66835856 0.81332469 0.545599 0.539455 0.536563
v 0.32544357 -0.56695908 0.81304038 0.634437 0.622128 0.616336
v 0.37507999 -0.60448283 0.79201412 0.654472 0.642754 0.637240
v 0.12860413 -0.27075723 0.89485228 0.602266 0.590157 0.584459
v 0.19001874 -0.30875522 0.87384820 0.609992 0.597613 0.591787
v -0.12984242 -0.27865821 0.89512056 0.528835 0.523003 0.520267
v -0.18918768 -0.31994542 0.86943293 0.471994 0.471820 0.471739
v 0.19029933 -0.22908258 0.87196928 0.601370 0.588998 0.583176
v -0.19022426 -0.23973402 0.87317663 0.536454 0.530016 0.526970
v -0.02024727 0.15155298 0.34734997 0.516116 0.515903 0.515800
v 0.02092699 0.15475088 0.34259027 0.516721 0.516505 0.516400
v -0.13391331 0.12827089 0.41222623 0.536896 0.536541 0.536369
v -0.14751630 0.11943579 0.44359136 0.547006 0.546234 0.545839
v 0.00109096 0.16741973 0.30072188 0.516835 0.516544 0.516405
v -0.17108054 0.11843544 0.40653628 0.539326 0.538521 0.538119
v 0.13112810 0.13030750 0.40493092 0.530778 0.530323 0.530102
v 0.14489622 0.12255907 0.43846461 0.541120 0.540107 0.539583
v 0.16784388 0.12096086 0.39923698 0.535003 0.533987 0.533467
v 0.08439925 0.12283334 0.62373638 0.589840 0.588662 0.588106
v 0.12207679 0.12907304 0.59145021 0.579054 0.578174 0.577755
v -0.08604173 0.11925082 0.62560356 0.584158 0.583439 0.583100
v -0.12181251 0.11858284 0.59334099 0.586342 0.585531 0.585148
v 0.12897328 0.10673186 0.62982452 0.584646 0.583323 0.582697
v -0.13178456 0.10601737 0.63394505 0.594361 0.592804 0.592072
v -0.01808273 -0.46370941 -0.39006081 0.552296 0.546714 0.544077
v 0.02373885 -0.46410996 -0.38881254 0.554770 0.549290 0.546703
v -0.12753849 -0.35521233 -0.42256403 0.573271 0.565814 0.562305
v -0.13651873 -0.30494413 -0.43893650 0.585317 0.576596 0.572491
v 0.00208741 -0.50319105 -0.37511790 0.553523 0.547740 0.545002
v -0.16539980 -0.33084172 -0.41767743 0.581912 0.573049 0.568875
v 0.13752052 -0.35325205 -0.42327654 0.573713 0.566577 0.563216
v 0.14645249 -0.29939672 -0.43499810 0.585034 0.576450 0.572406
v 0.17483383 -0.32881856 -0.41733125 0.580083 0.571434 0.567363
v 0.06055631 -0.07750228 -0.48875338 0.632723 0.620479 0.614717
v 0.08881649 -0.10724995 -0.46822110 0.622645 0.610856 0.605307
v -0.05225229 -0.07811770 -0.49269360 0.626062 0.614214 0.608639
v -0.08080247 -0.10887600 -0.47560725 0.618958 0.607478 0.602077
v 0.08723862 -0.04355904 -0.48253456 0.626392 0.615527 0.610415
v -0.08193623 -0.04331082 -0.48940089 0.621461 0.611133 0.606271
v -0.03445690 0.79533029 -0.71098524 0.656261 0.635769 0.624914
v 0.05411251 0.79931849 -0.71785104 0.669463 0.649978 0.639663
v -0.22449067 0.64697981 -0.78611368 0.696125 0.678761 0.670595
v -0.23388872 0.56357843 -0.81031597 0.695769 0.677631 0.669098
v 0.00689054 0.82708102 -0.66094053 0.531035 0.529739 0.529060
v -0.27607539 0.60552782 -0.76420850 0.686091 0.670123 0.662628
v 0.25514740 0.64453912 -0.77806121 0.743439 0.724912 0.716203
v 0.24963447 0.55905873 -0.80812204 0.708683 0.690028 0.681266
v 0.28993344 0.59891838 -0.76250410 0.631339 0.617684 0.611265
v 0.09091355 0.29432571 -0.86475307 0.648184 0.556253 0.506267
v 0.14117032 0.32867572 -0.87310624 0.638532 0.563364 0.522499
v -0.11592464 0.29808059 -0.86842746 0.630993 0.534258 0.481695
v -0.16271406 0.33498457 -0.88842678 0.652103 0.570243 0.525735
v 0.13654834 0.25724885 -0.87013233 0.624900 0.530295 0.478871
v -0.16504654 0.25535658 -0.88310593 0.656439 0.549632 0.491644
v 0.39026207 0.14337899 -0.39314443 0.570632 0.566306 0.564235
v 0.38880628 0.15446925 -0.44308573 0.576751 0.571540 0.569016
v 0.43664184 0.07110925 -0.21681193 0.559847 0.555980 0.554106
v 0.44578576 0.06148997 -0.18027034 0.553443 0.549136 0.547039
v 0.37246513 0.18287319 -0.44355118 0.576373 0.571629 0.569379
v 0.44487807 0.06431851 -0.17080233 0.565720 0.562193 0.560497
v 0.35903287 -0.04403524 -0.25361246 0.560851 0.558551 0.557468
v 0.35004362 -0.03079058 -0.29052278 0.569192 0.566657 0.565468
v 0.40673053 0.00026540 -0.15013500 0.552523 0.549898 0.548665
v 0.42308897 0.02575171 -0.13519190 0.547059 0.544813 0.543762
v 0.34807116 -0.08076344 -0.27897710 0.560240 0.558046 0.557015
v 0.41699314 -0.00393300 -0.11126684 0.551413 0.548400 0.546984
v 0.35571617 0.06222432 -0.45016217 0.597991 0.592944 0.590494
v 0.36711875 0.08960660 -0.49113429 0.595399 0.586755 0.582393
v 0.34386474 0.07442590 -0.52093381 0.605926 0.597280 0.592956
v 0.40147185 0.01847419 0.28963035 0.554456 0.553079 0.552429
v 0.38561210 0.01204441 0.32945314 0.555934 0.553871 0.552901
v 0.44651935 0.02317262 0.17961363 0.551371 0.548749 0.547460
v 0.44897732 0.01927477 0.16318133 0.548633 0.546249 0.545101
v 0.38003534 0.02686068 0.30729353 0.556549 0.554881 0.554092
v 0.45046887 0.02787873 0.14012435 0.553700 0.551086 0.549815
v 0.41872162 -0.16359183 0.37623075 0.512745 0.511978 0.511618
v 0.41340598 -0.16099313 0.42018366 0.511689 0.511002 0.510679
v 0.43568662 -0.06591563 0.21426401 0.526221 0.524784 0.524111
v 0.43978494 -0.02690770 0.18448508 0.534306 0.532933 0.532289
v 0.41213313 -0.20732050 0.42299956 0.512348 0.511045 0.510430
v 0.43863714 -0.05780898 0.17213574 0.528014 0.526636 0.525986
v 0.38365760 -0.07260903 0.47607443 0.556027 0.552189 0.550379
v 0.37640387 -0.04426179 0.45815939 0.557036 0.553305 0.551538
v 0.36659640 -0.05779332 0.50797200 0.562083 0.558062 0.556166
v -0.39155263 0.15524119 -0.38183761 0.571276 0.567544 0.565765
v -0.38899812 0.16369970 -0.43047214 0.568767 0.564202 0.562021
v -0.42490503 0.08581991 -0.20035800 0.547078 0.544326 0.542972
v -0.43340409 0.07253505 -0.16346487 0.539980 0.536898 0.535361
v -0.38038588 0.19643301 -0.43233156 0.580360 0.575886 0.573773
v -0.43493211 0.07674488 -0.15367621 0.552574 0.550106 0.548904
v -0.36251426 -0.05276448 -0.25587264 0.543359 0.542241 0.541712
v -0.34804040 -0.03377515 -0.28950006 0.547997 0.546716 0.546109
v -0.40950626 -0.01470463 -0.14344838 0.529191 0.528491 0.528161
v -0.41916168 0.01672903 -0.12542686 0.532406 0.531620 0.531242
v -0.34836233 -0.08430028 -0.27801383 0.541614 0.540270 0.539635
v -0.42011744 -0.01382825 -0.10207611 0.528009 0.527325 0.527000
v -0.34496292 0.05989849 -0.43924019 0.577874 0.573652 0.571598
v -0.36110601 0.08974732 -0.47504508 0.577961 0.569918 0.565845
v -0.33955735 0.07218015 -0.50325322 0.581889 0.574939 0.571476
v -0.40895408 0.02573243 0.30162954 0.571586 0.569384 0.568349
v -0.39564416 0.02183630 0.34115049 0.563839 0.561800 0.560839
v -0.43317631 0.02492940 0.19064485 0.556790 0.554478 0.553350
v -0.43714988 0.02155635 0.17623216 0.546935 0.544276 0.542995
v -0.39198115 0.03425360 0.31967235 0.565970 0.564127 0.563259
v -0.43845266 0.02887899 0.15196933 0.554864 0.552205 0.550920
v -0.41847500 -0.16288558 0.37660062 0.537034 0.533665 0.532080
v -0.41362345 -0.16122018 0.42026603 0.537773 0.534494 0.532947
v -0.43225643 -0.07077911 0.22725773 0.546319 0.543298 0.541878
v -0.43462974 -0.02833389 0.20047325 0.554460 0.551566 0.550203
v -0.41300786 -0.20568505 0.41731215 0.525278 0.522599 0.521341
v -0.43413872 -0.06289215 0.18673708 0.547641 0.544845 0.543527
v -0.38767678 -0.06776112 0.48314422 0.561657 0.556964 0.554754
v -0.37979165 -0.03787268 0.46643203 0.559952 0.555718 0.553719
v -0.36905324 -0.05369377 0.51546645 0.568088 0.563451 0.561272
v -0.01379164 0.24677116 0.04360220 0.508740 0.508376 0.508198
v 0.02669360 0.24611562 0.04266739 0.508276 0.507909 0.507732
v 0.00491477 0.23259717 0.10059148 0.511276 0.510767 0.510524
v -0.03080869 0.78177500 -0.33941659 0.556489 0.551731 0.549215
v 0.03531844 0.77005690 -0.36218822 0.548184 0.543702 0.541331
v 0.00727906 0.81003314 -0.42000437 0.525281 0.524657 0.524315
v -0.30739036 0.09565049 0.26801905 0.544163 0.543158 0.542658
v -0.28682673 0.09492579 0.30902922 0.549943 0.549160 0.548790
v -0.31919235 0.08192286 0.29743427 0.558677 0.557602 0.557083
v -0.33210415 0.48313606 -0.49296826 0.602771 0.595321 0.591801
v -0.33490226 0.48556694 -0.55606598 0.586998 0.579160 0.575464
v -0.33918267 0.41349339 -0.51126903 0.599141 0.591358 0.587693
v -0.43443382 0.06551027 -0.01978717 0.564263 0.562894 0.562247
v -0.44693369 0.06079736 -0.03237491 0.561998 0.560429 0.559681
v -0.44842514 0.05420238 0.01454414 0.567840 0.566161 0.565361
v 0.29484764 0.09990519 0.25377935 0.535869 0.534756 0.534201
v 0.27757317 0.09725302 0.29716662 0.538317 0.537529 0.537152
v 0.30948138 0.08334130 0.28601101 0.545772 0.544569 0.543975
v 0.34696072 0.56627411 -0.46287909 0.585634 0.580707 0.578378
v 0.35652342 0.53557229 -0.53251648 0.588486 0.581848 0.578718
v 0.33761901 0.45480835 -0.50045896 0.595912 0.587817 0.584007
v 0.42980391 0.06391507 -0.03291421 0.569434 0.567670 0.566839
v 0.44497442 0.05503362 -0.04600414 0.566023 0.563899 0.562886
v 0.45145491 0.04619563 0.00399480 0.567303 0.565040 0.563961
v -0.04936919 -0.70484161 0.36448857 0.501014 0.501014 0.501014
v 0.00526931 -0.70902210 0.38138312 0.501583 0.501583 0.501583
v -0.02411041 -0.71458030 0.44200516 0.502899 0.502893 0.502890
v -0.03139084 -0.66017026 -0.26995164 0.515711 0.515575 0.515510
v 0.03225797 -0.65814078 -0.26746190 0.515833 0.515720 0.515666
v 0.00070297 -0.64105976 -0.29814401 0.554971 0.554149 0.553759
v -0.38114446 -0.47044379 0.46195713 0.568838 0.560928 0.557154
v -0.38670889 -0.48532873 0.52685839 0.586640 0.576812 0.572140
v -0.39238384 -0.41671264 0.48211101 0.577517 0.568541 0.564292
v -0.35075951 -0.35852653 -0.34589666 0.614308 0.603892 0.598990
v -0.30603474 -0.32719755 -0.35790318 0.607785 0.597779 0.593069
v -0.33741084 -0.28794649 -0.33757019 0.606825 0.597998 0.593841
v -0.43634680 -0.17503265 0.03880236 0.522659 0.520871 0.520029
v -0.43480259 -0.12375343 0.01895474 0.528144 0.526618 0.525900
v -0.43527633 -0.12979284 0.06308158 0.530123 0.528306 0.527447
v 0.37554330 -0.50143605 0.54253757 0.593658 0.581911 0.576326
v 0.36523777 -0.50338924 0.61980230 0.600649 0.588627 0.582946
v 0.38433492 -0.43335062 0.54476762 0.584235 0.574154 0.569401
v 0.34175867 -0.35137558 -0.33990973 0.620681 0.610770 0.606105
v 0.31006655 -0.32336566 -0.36117595 0.607585 0.598006 0.593498
v 0.33289513 -0.28351703 -0.33522898 0.608981 0.600300 0.596215
v 0.43926656 -0.17117174 0.02875575 0.556321 0.551473 0.549190
v 0.43881387 -0.11842401 0.00715245 0.556436 0.552061 0.550000
v 0.43910211 -0.12663577 0.05149414 0.553426 0.549191 0.547196
v 0.26169273 -0.03814213 0.73741305 0.538165 0.535414 0.534131
v 0.24749088 0.00434122 0.70259035 0.524991 0.523895 0.523374
v 0.28314546 -0.03062912 0.67786843 0.554965 0.550967 0.549085
v -0.26353419 -0.04110802 0.74694908 0.513083 0.512918 0.512843
v -0.24773774 0.00173838 0.70765108 0.526557 0.525891 0.525575
v -0.28630194 -0.02985723 0.68671846 0.516110 0.515634 0.515409
v 0.18257795 0.00087735 -0.69147319 0.654951 0.647382 0.643630
v 0.19968846 0.02194373 -0.79665375 0.699131 0.665780 0.647817
v 0.23325571 0.02456128 -0.72454971 0.646182 0.628447 0.619151
v -0.18931225 -0.00303006 -0.68865687 0.674503 0.667079 0.663388
v -0.22758424 -0.00188866 -0.79783839 0.680508 0.652706 0.637704
v -0.24536824 0.02354475 -0.70277405 0.630575 0.614441 0.605940
f 1 647 644
f 1 644 643
f 1 643 645
f 1 645 646
f 1 646 647
f 2 649 652
f 6 672 670
f 12 702 699
f 11 696 695
f 8 679 681
f 4 662 659
f 4 659 658
f 4 658 660
f 4 660 661
f 4 661 662
f 5 666 665
f 3 654 657
f 7 673 677
f 9 685 686
f 10 692 688
f 12 701 698
f 6 669 668
f 2 650 648
f 8 682 678
f 11 697 693
f 6 671 669
f 12 700 701
f 11 694 697
f 8 680 682
f 2 651 650
f 10 690 689
f 5 663 664
f 3 655 653
f 7 676 674
f 9 687 684
f 10 691 690
f 5 667 663
f 3 656 655
f 7 675 676
f 9 683 687
f 6 668 672
f 2 648 649
f 8 678 679
f 11 693 696
f 12 698 702
f 10 688 691
f 5 665 667
f 3 657 656
f 7 677 675
f 9 686 683
f 5 664 666
f 3 653 654
f 7 674 673
f 9 684 685
f 10 689 692
f 6 670 671
f 12 699 700
f 11 695 694
f 8 681 680
f 2 652 651
f 35 837 838
f 18 735 736
f 19 742 741
f 40 868 867
f 42 880 879
f 34 832 831
f 33 827 828
f 25 778 780
f 36 844 846
f 20 749 747
f 32 819 820
f 23 765 767
f 24 773 771
f 37 850 849
f 41 876 875
f 34 833 834
f 33 826 825
f 25 779 777
f 36 845 843
f 20 748 750
f 17 729 727
f 14 711 709
f 13 706 703
f 15 718 715
f 16 724 721
f 18 737 733
f 35 839 835
f 42 882 878
f 40 870 866
f 19 744 740
f 30 807 805
f 27 789 787
f 22 762 758
f 28 797 793
f 29 802 799
f 32 821 817
f 23 766 763
f 24 774 770
f 37 852 848
f 41 874 872
f 35 838 836
f 18 736 734
f 19 741 739
f 40 867 865
f 42 879 877
f 34 831 829
f 33 828 824
f 25 780 776
f 36 846 842
f 20 747 745
f 32 820 818
f 23 767 764
f 24 771 769
f 37 849 847
f 41 875 871
f 34 834 830
f 33 825 823
f 25 777 775
f 36 843 841
f 20 750 746
f 14 714 710
f 13 707 704
f 15 719 716
f 16 725 722
f 17 732 728
f 21 755 752
f 31 814 811
f 26 784 781
f 38 857 853
f 39 862 860
f 27 792 788
f 22 759 757
f 28 796 794
f 29 803 800
f 30 810 806
f 31 815 812
f 26 785 782
f 38 856 854
f 39 863 859
f 21 754 751
f 14 712 714
f 13 705 707
f 15 717 719
f 16 723 725
f 17 730 732
f 21 753 755
f 31 816 814
f 26 786 784
f 38 858 857
f 39 861 862
f 27 791 792
f 22 761 759
f 28 795 796
f 29 801 803
f 30 808 810
f 31 813 815
f 26 783 785
f 38 855 856
f 39 864 863
f 21 756 754
f 14 709 712
f 13 703 705
f 15 715 717
f 16 721 723
f 17 727 730
f 21 751 753
f 31 812 816
f 26 782 786
f 38 854 858
f 39 859 861
f 27 787 791
f 22 758 761
f 28 793 795
f 29 799 801
f 30 805 808
f 31 811 813
f 26 781 783
f 38 853 855
f 39 860 864
f 21 752 756
f 17 728 731
f 14 710 713
f 13 704 708
f 15 716 720
f 16 722 726
f 18 734 738
f 35 836 840
f 42 877 881
f 40 865 869
f 19 739 743
f 30 806 809
f 27 788 790
f 22 757 760
f 28 794 798
f 29 800 804
f 32 818 822
f 23 764 768
f 24 769 772
f 37 847 851
f 41 871 873
f 35 835 837
f 18 733 735
f 19 740 742
f 40 866 868
f 42 878 880
f 34 830 832
f 33 823 827
f 25 775 778
f 36 841 844
f 20 746 749
f 32 817 819
f 23 763 765
f 24 770 773
f 37 848 850
f 41 872 876
f 34 829 833
f 33 824 826
f 25 776 779
f 36 842 845
f 20 745 748
f 17 731 729
f 14 713 711
f 13 708 706
f 15 720 718
f 16 726 724
f 18 738 737
f 35 840 839
f 42 881 882
f 40 869 870
f 19 743 744
f 30 809 807
f 27 790 789
f 22 760 762
f 28 798 797
f 29 804 802
f 32 822 821
f 23 768 766
f 24 772 774
f 37 851 852
f 41 873 874
f 107 1269 1270
f 103 1245 1246
f 104 1252 1251
f 110 1288 1287
f 113 1306 1305
f 118 1336 1335
f 154 1551 1552
f 141 1473 1474
f 162 1599 1600
f 121 1354 1353
f 142 1479 1480
f 129 1401 1402
f 130 1408 1407
f 144 1492 1491
f 146 1504 1503
f 151 1533 1534
f 131 1414 1413
f 136 1444 1443
f 161 1594 1593
f 126 1383 1384
f 116 1323 1324
f 108 1275 1276
f 106 1263 1264
f 112 1299 1300
f 115 1317 1318
f 119 1341 1342
f 156 1564 1563
f 139 1462 1461
f 160 1588 1587
f 120 1347 1348
f 149 1521 1522
f 132 1420 1419
f 128 1395 1396
f 145 1497 1498
f 148 1515 1516
f 155 1557 1558
f 133 1425 1426
f 134 1431 1432
f 157 1570 1569
f 124 1372 1371
f 109 1282 1281
f 105 1258 1257
f 111 1294 1293
f 114 1312 1311
f 117 1330 1329
f 125 1378 1377
f 152 1540 1539
f 137 1449 1450
f 158 1575 1576
f 123 1365 1366
f 143 1486 1485
f 127 1390 1389
f 135 1437 1438
f 147 1510 1509
f 150 1528 1527
f 153 1546 1545
f 140 1468 1467
f 138 1455 1456
f 159 1581 1582
f 122 1359 1360
f 107 1272 1271
f 103 1248 1247
f 104 1253 1254
f 110 1289 1290
f 113 1307 1308
f 118 1337 1338
f 154 1554 1553
f 141 1476 1475
f 162 1602 1601
f 121 1355 1356
f 142 1482 1481
f 129 1404 1403
f 130 1409 1410
f 144 1493 1494
f 146 1505 1506
f 151 1536 1535
f 131 1415 1416
f 136 1445 1446
f 161 1595 1596
f 126 1386 1385
f 47 909 907
f 44 891 889
f 43 886 883
f 45 898 895
f 46 904 901
f 49 922 919
f 72 1060 1057
f 102 1240 1237
f 96 1204 1201
f 79 1102 1099
f 62 999 997
f 59 981 979
f 58 976 973
f 60 988 985
f 61 994 991
f 66 1024 1021
f 54 952 949
f 73 1066 1063
f 85 1138 1135
f 92 1179 1177
f 101 1233 1231
f 69 1041 1039
f 50 927 925
f 82 1119 1117
f 97 1209 1207
f 71 1053 1051
f 100 1228 1225
f 94 1192 1189
f 80 1108 1105
f 51 933 931
f 90 1167 1165
f 63 1005 1003
f 55 957 955
f 76 1083 1081
f 87 1150 1147
f 91 1174 1171
f 67 1029 1027
f 56 963 961
f 75 1077 1075
f 83 1126 1123
f 68 1036 1033
f 48 915 913
f 78 1095 1093
f 93 1185 1183
f 98 1216 1213
f 88 1155 1153
f 65 1018 1015
f 57 970 967
f 77 1090 1087
f 86 1143 1141
f 64 1012 1009
f 53 945 943
f 74 1071 1069
f 84 1131 1129
f 89 1162 1159
f 70 1047 1045
f 99 1221 1219
f 95 1197 1195
f 81 1114 1111
f 52 940 937
f 109 1284 1280
f 105 1260 1256
f 111 1296 1292
f 114 1314 1310
f 117 1332 1328
f 125 1380 1376
f 152 1542 1538
f 137 1451 1447
f 158 1577 1573
f 123 1367 1363
f 143 1488 1484
f 127 1392 1388
f 135 1439 1435
f 147 1512 1508
f 150 1530 1526
f 153 1548 1544
f 140 1470 1466
f 138 1457 1453
f 159 1583 1579
f 122 1361 1357
f 107 1270 1268
f 103 1246 1244
f 104 1251 1249
f 110 1287 1285
f 113 1305 1303
f 118 1335 1333
f 154 1552 1550
f 141 1474 1472
f 162 1600 1598
f 121 1353 1351
f 142 1480 1478
f 129 1402 1400
f 130 1407 1405
f 144 1491 1489
f 146 1503 1501
f 151 1534 1532
f 131 1413 1411
f 136 1443 1441
f 161 1593 1591
f 126 1384 1382
f 116 1324 1322
f 108 1276 1274
f 106 1264 1262
f 112 1300 1298
f 115 1318 1316
f 119 1342 1340
f 156 1563 1561
f 139 1461 1459
f 160 1587 1585
f 120 1348 1346
f 149 1522 1520
f 132 1419 1417
f 128 1396 1394
f 145 1498 1496
f 148 1516 1514
f 155 1558 1556
f 133 1426 1424
f 134 1432 1430
f 157 1569 1567
f 124 1371 1369
f 109 1281 1279
f 105 1257 1255
f 111 1293 1291
f 114 1311 1309
f 117 1329 1327
f 125 1377 1375
f 152 1539 1537
f 137 1450 1448
f 158 1576 1574
f 123 1366 1364
f 143 1485 1483
f 127 1389 1387
f 135 1438 1436
f 147 1509 1507
f 150 1527 1525
f 153 1545 1543
f 140 1467 1465
f 138 1456 1454
f 159 1582 1580
f 122 1360 1358
f 107 1271 1267
f 103 1247 1243
f 104 1254 1250
f 110 1290 1286
f 113 1308 1304
f 118 1338 1334
f 154 1553 1549
f 141 1475 1471
f 162 1601 1597
f 121 1356 1352
f 142 1481 1477
f 129 1403 1399
f 130 1410 1406
f 144 1494 1490
f 146 1506 1502
f 151 1535 1531
f 131 1416 1412
f 136 1446 1442
f 161 1596 1592
f 126 1385 1381
f 44 894 890
f 43 887 884
f 45 899 896
f 46 905 902
f 47 912 908
f 52 941 938
f 70 1050 1046
f 99 1224 1220
f 95 1200 1196
f 81 1115 1112
f 59 984 980
f 58 977 974
f 60 989 986
f 61 995 992
f 62 1002 998
f 65 1019 1016
f 57 971 968
f 77 1091 1088
f 86 1146 1142
f 88 1158 1154
f 98 1217 1214
f 68 1037 1034
f 48 918 914
f 78 1098 1094
f 93 1188 1184
f 69 1044 1040
f 101 1236 1232
f 97 1212 1208
f 82 1122 1118
f 50 930 926
f 89 1163 1160
f 64 1013 1010
f 53 948 944
f 74 1074 1070
f 84 1134 1130
f 90 1170 1166
f 63 1008 1004
f 55 960 956
f 76 1086 1082
f 87 1151 1148
f 72 1061 1058
f 49 923 920
f 79 1103 1100
f 96 1205 1202
f 102 1241 1238
f 91 1175 1172
f 67 1032 1028
f 56 966 962
f 75 1080 1076
f 83 1127 1124
f 66 1025 1022
f 54 953 950
f 73 1067 1064
f 85 1139 1136
f 92 1182 1178
f 71 1056 1052
f 100 1229 1226
f 94 1193 1190
f 80 1109 1106
f 51 936 932
f 116 1325 1321
f 108 1277 1273
f 106 1265 1261
f 112 1301 1297
f 115 1319 1315
f 119 1343 1339
f 156 1566 1562
f 139 1464 1460
f 160 1590 1586
f 120 1349 1345
f 149 1523 1519
f 132 1422 1418
f 128 1397 1393
f 145 1499 1495
f 148 1517 1513
f 155 1559 1555
f 133 1427 1423
f 134 1433 1429
f 157 1572 1568
f 124 1374 1370
f 44 892 894
f 43 885 887
f 45 897 899
f 46 903 905
f 47 910 912
f 52 939 941
f 70 1048 1050
f 99 1222 1224
f 95 1198 1200
f 81 1113 1115
f 59 982 984
f 58 975 977
f 60 987 989
f 61 993 995
f 62 1000 1002
f 65 1017 1019
f 57 969 971
f 77 1089 1091
f 86 1144 1146
f 88 1156 1158
f 98 1215 1217
f 68 1035 1037
f 48 916 918
f 78 1096 1098
f 93 1186 1188
f 69 1042 1044
f 101 1234 1236
f 97 1210 1212
f 82 1120 1122
f 50 928 930
f 89 1161 1163
f 64 1011 1013
f 53 946 948
f 74 1072 1074
f 84 1132 1134
f 90 1168 1170
f 63 1006 1008
f 55 958 960
f 76 1084 1086
f 87 1149 1151
f 72 1059 1061
f 49 921 923
f 79 1101 1103
f 96 1203 1205
f 102 1239 1241
f 91 1173 1175
f 67 1030 1032
f 56 964 966
f 75 1078 1080
f 83 1125 1127
f 66 1023 1025
f 54 951 953
f 73 1065 1067
f 85 1137 1139
f 92 1180 1182
f 71 1054 1056
f 100 1227 1229
f 94 1191 1193
f 80 1107 1109
f 51 934 936
f 116 1326 1325
f 108 1278 1277
f 106 1266 1265
f 112 1302 1301
f 115 1320 1319
f 119 1344 1343
f 156 1565 1566
f 139 1463 1464
f 160 1589 1590
f 120 1350 1349
f 149 1524 1523
f 132 1421 1422
f 128 1398 1397
f 145 1500 1499
f 148 1518 1517
f 155 1560 1559
f 133 1428 1427
f 134 1434 1433
f 157 1571 1572
f 124 1373 1374
f 44 889 892
f 43 883 885
f 45 895 897
f 46 901 903
f 47 907 910
f 52 937 939
f 70 1045 1048
f 99 1219 1222
f 95 1195 1198
f 81 1111 1113
f 59 979 982
f 58 973 975
f 60 985 987
f 61 991 993
f 62 997 1000
f 65 1015 1017
f 57 967 969
f 77 1087 1089
f 86 1141 1144
f 88 1153 1156
f 98 1213 1215
f 68 1033 1035
f 48 913 916
f 78 1093 1096
f 93 1183 1186
f 69 1039 1042
f 101 1231 1234
f 97 1207 1210
f 82 1117 1120
f 50 925 928
f 89 1159 1161
f 64 1009 1011
f 53 943 946
f 74 1069 1072
f 84 1129 1132
f 90 1165 1168
f 63 1003 1006
f 55 955 958
f 76 1081 1084
f 87 1147 1149
f 72 1057 1059
f 49 919 921
f 79 1099 1101
f 96 1201 1203
f 102 1237 1239
f 91 1171 1173
f 67 1027 1030
f 56 961 964
f 75 1075 1078
f 83 1123 1125
f 66 1021 1023
f 54 949 951
f 73 1063 1065
f 85 1135 1137
f 92 1177 1180
f 71 1051 1054
f 100 1225 1227
f 94 1189 1191
f 80 1105 1107
f 51 931 934
f 116 1322 1326
f 108 1274 1278
f 106 1262 1266
f 112 1298 1302
f 115 1316 1320
f 119 1340 1344
f 156 1561 1565
f 139 1459 1463
f 160 1585 1589
f 120 1346 1350
f 149 1520 1524
f 132 1417 1421
f 128 1394 1398
f 145 1496 1500
f 148 1514 1518
f 155 1556 1560
f 133 1424 1428
f 134 1430 1434
f 157 1567 1571
f 124 1369 1373
f 47 908 911
f 44 890 893
f 43 884 888
f 45 896 900
f 46 902 906
f 49 920 924
f 72 1058 1062
f 102 1238 1242
f 96 1202 1206
f 79 1100 1104
f 62 998 1001
f 59 980 983
f 58 974 978
f 60 986 990
f 61 992 996
f 66 1022 1026
f 54 950 954
f 73 1064 1068
f 85 1136 1140
f 92 1178 1181
f 101 1232 1235
f 69 1040 1043
f 50 926 929
f 82 1118 1121
f 97 1208 1211
f 71 1052 1055
f 100 1226 1230
f 94 1190 1194
f 80 1106 1110
f 51 932 935
f 90 1166 1169
f 63 1004 1007
f 55 956 959
f 76 1082 1085
f 87 1148 1152
f 91 1172 1176
f 67 1028 1031
f 56 962 965
f 75 1076 1079
f 83 1124 1128
f 68 1034 1038
f 48 914 917
f 78 1094 1097
f 93 1184 1187
f 98 1214 1218
f 88 1154 1157
f 65 1016 1020
f 57 968 972
f 77 1088 1092
f 86 1142 1145
f 64 1010 1014
f 53 944 947
f 74 1070 1073
f 84 1130 1133
f 89 1160 1164
f 70 1046 1049
f 99 1220 1223
f 95 1196 1199
f 81 1112 1116
f 52 938 942
f 109 1279 1283
f 105 1255 1259
f 111 1291 1295
f 114 1309 1313
f 117 1327 1331
f 125 1375 1379
f 152 1537 1541
f 137 1448 1452
f 158 1574 1578
f 123 1364 1368
f 143 1483 1487
f 127 1387 1391
f 135 1436 1440
f 147 1507 1511
f 150 1525 1529
f 153 1543 1547
f 140 1465 1469
f 138 1454 1458
f 159 1580 1584
f 122 1358 1362
f 107 1267 1269
f 103 1243 1245
f 104 1250 1252
f 110 1286 1288
f 113 1304 1306
f 118 1334 1336
f 154 1549 1551
f 141 1471 1473
f 162 1597 1599
f 121 1352 1354
f 142 1477 1479
f 129 1399 1401
f 130 1406 1408
f 144 1490 1492
f 146 1502 1504
f 151 1531 1533
f 131 1412 1414
f 136 1442 1444
f 161 1592 1594
f 126 1381 1383
f 116 1321 1323
f 108 1273 1275
f 106 1261 1263
f 112 1297 1299
f 115 1315 1317
f 119 1339 1341
f 156 1562 1564
f 139 1460 1462
f 160 1586 1588
f 120 1345 1347
f 149 1519 1521
f 132 1418 1420
f 128 1393 1395
f 145 1495 1497
f 148 1513 1515
f 155 1555 1557
f 133 1423 1425
f 134 1429 1431
f 157 1568 1570
f 124 1370 1372
f 109 1280 1282
f 105 1256 1258
f 111 1292 1294
f 114 1310 1312
f 117 1328 1330
f 125 1376 1378
f 152 1538 1540
f 137 1447 1449
f 158 1573 1575
f 123 1363 1365
f 143 1484 1486
f 127 1388 1390
f 135 1435 1437
f 147 1508 1510
f 150 1526 1528
f 153 1544 1546
f 140 1466 1468
f 138 1453 1455
f 159 1579 1581
f 122 1357 1359
f 107 1268 1272
f 103 1244 1248
f 104 1249 1253
f 110 1285 1289
f 113 1303 1307
f 118 1333 1337
f 154 1550 1554
f 141 1472 1476
f 162 1598 1602
f 121 1351 1355
f 142 1478 1482
f 129 1400 1404
f 130 1405 1409
f 144 1489 1493
f 146 1501 1505
f 151 1532 1536
f 131 1411 1415
f 136 1441 1445
f 161 1591 1595
f 126 1382 1386
f 47 911 909
f 44 893 891
f 43 888 886
f 45 900 898
f 46 906 904
f 49 924 922
f 72 1062 1060
f 102 1242 1240
f 96 1206 1204
f 79 1104 1102
f 62 1001 999
f 59 983 981
f 58 978 976
f 60 990 988
f 61 996 994
f 66 1026 1024
f 54 954 952
f 73 1068 1066
f 85 1140 1138
f 92 1181 1179
f 101 1235 1233
f 69 1043 1041
f 50 929 927
f 82 1121 1119
f 97 1211 1209
f 71 1055 1053
f 100 1230 1228
f 94 1194 1192
f 80 1110 1108
f 51 935 933
f 90 1169 1167
f 63 1007 1005
f 55 959 957
f 76 1085 1083
f 87 1152 1150
f 91 1176 1174
f 67 1031 1029
f 56 965 963
f 75 1079 1077
f 83 1128 1126
f 68 1038 1036
f 48 917 915
f 78 1097 1095
f 93 1187 1185
f 98 1218 1216
f 88 1157 1155
f 65 1020 1018
f 57 972 970
f 77 1092 1090
f 86 1145 1143
f 64 1014 1012
f 53 947 945
f 74 1073 1071
f 84 1133 1131
f 89 1164 1162
f 70 1049 1047
f 99 1223 1221
f 95 1199 1197
f 81 1116 1114
f 52 942 940
f 109 1283 1284
f 105 1259 1260
f 111 1295 1296
f 114 1313 1314
f 117 1331 1332
f 125 1379 1380
f 152 1541 1542
f 137 1452 1451
f 158 1578 1577
f 123 1368 1367
f 143 1487 1488
f 127 1391 1392
f 135 1440 1439
f 147 1511 1512
f 150 1529 1530
f 153 1547 1548
f 140 1469 1470
f 138 1458 1457
f 159 1584 1583
f 122 1362 1361
f 407 1609 1616
f 403 1605 1608
f 404 1611 1606
f 410 1614 1612
f 413 1617 1615
f 422 1631 1624
f 486 1688 1692
f 573 1775 1782
f 561 1763 1765
f 512 1719 1714
f 452 1654 1661
f 448 1650 1653
f 449 1656 1651
f 455 1659 1657
f 458 1662 1660
f 470 1672 1675
f 437 1646 1639
f 494 1706 1696
f 531 1735 1733
f 539 1741 1751
f 568 1770 1779
f 478 1680 1683
f 419 1621 1626
f 509 1711 1721
f 554 1756 1766
f 482 1684 1689
f 576 1780 1778
f 558 1767 1760
f 516 1722 1718
f 425 1627 1629
f 542 1744 1747
f 463 1668 1665
f 434 1636 1641
f 497 1699 1704
f 528 1730 1737
f 546 1748 1750
f 464 1666 1676
f 440 1642 1644
f 500 1705 1702
f 524 1736 1726
f 479 1691 1681
f 418 1623 1620
f 508 1713 1710
f 553 1764 1755
f 569 1781 1771
f 538 1749 1740
f 471 1677 1673
f 443 1645 1647
f 501 1703 1707
f 523 1725 1734
f 467 1674 1669
f 433 1638 1635
f 493 1695 1698
f 527 1732 1729
f 543 1752 1745
f 485 1690 1687
f 572 1777 1774
f 557 1759 1762
f 515 1717 1720
f 428 1630 1632
f 591 2191 2189
f 587 1885 1883
f 588 1901 1903
f 594 2279 2281
f 597 2315 2317
f 600 2171 2173
f 634 2160 2158
f 619 2016 2012
f 639 2214 2210
f 602 1919 1924
f 624 2137 2135
f 608 1978 1973
f 610 1991 1996
f 627 2225 2227
f 630 2302 2304
f 635 2178 2176
f 615 2153 2155
f 617 2009 2014
f 637 2207 2212
f 604 1926 1922
f 416 1857 1864
f 408 1803 1810
f 406 1786 1795
f 412 1822 1831
f 415 1840 1849
f 424 1876 1887
f 492 2182 2193
f 582 2312 2321
f 565 2276 2285
f 514 1898 1907
f 461 2091 2098
f 453 2037 2044
f 451 1952 1961
f 457 2056 2067
f 460 2074 2083
f 475 2128 2139
f 439 1966 1975
f 496 1988 1997
f 533 2222 2231
f 551 2293 2298
f 579 2185 2190
f 483 1879 1884
f 426 1893 1900
f 521 2271 2278
f 566 2307 2314
f 489 2163 2170
f 578 2150 2159
f 560 2006 2015
f 518 2204 2213
f 429 1911 1918
f 547 2131 2136
f 465 1969 1977
f 441 1983 1990
f 504 2217 2224
f 537 2290 2301
f 550 2168 2177
f 476 2145 2152
f 444 2001 2008
f 502 2199 2206
f 526 1916 1925
f 481 1808 1817
f 420 1789 1797
f 510 1825 1833
f 555 1843 1851
f 571 1862 1871
f 540 1933 1941
f 473 2110 2119
f 447 2020 2029
f 507 2236 2247
f 534 2257 2262
f 469 2042 2051
f 435 1947 1954
f 498 2059 2064
f 529 2077 2085
f 545 2096 2105
f 487 2113 2121
f 574 2023 2031
f 562 2239 2244
f 520 2254 2265
f 432 1930 1939
f 589 1818 1814
f 583 1798 1793
f 586 1834 1829
f 593 1852 1847
f 596 1872 1868
f 599 1942 1937
f 633 2120 2124
f 620 2030 2034
f 640 2248 2250
f 603 2263 2261
f 622 2052 2050
f 607 1955 1960
f 612 2065 2063
f 626 2086 2081
f 629 2106 2102
f 631 2122 2117
f 614 2032 2027
f 618 2245 2243
f 641 2266 2268
f 605 1940 1944
f 409 1813 1804
f 405 1792 1785
f 411 1828 1821
f 414 1846 1839
f 417 1867 1858
f 431 1936 1929
f 488 2123 2114
f 575 2033 2024
f 563 2249 2240
f 519 2260 2253
f 454 2049 2038
f 450 1959 1951
f 456 2062 2055
f 459 2080 2073
f 462 2101 2092
f 472 2116 2109
f 446 2026 2019
f 506 2242 2235
f 535 2267 2258
f 541 1943 1934
f 570 1869 1861
f 480 1815 1807
f 421 1799 1790
f 511 1835 1826
f 556 1853 1844
f 484 1889 1880
f 580 2195 2186
f 567 2319 2308
f 522 2283 2272
f 427 1905 1894
f 544 2103 2095
f 468 2046 2041
f 436 1957 1948
f 499 2069 2060
f 530 2087 2078
f 548 2141 2132
f 466 1979 1970
f 442 1993 1984
f 505 2229 2218
f 536 2296 2289
f 491 2188 2181
f 423 1882 1875
f 513 1902 1897
f 564 2280 2275
f 581 2316 2311
f 549 2172 2167
f 477 2157 2146
f 445 2011 2002
f 503 2209 2200
f 525 1923 1915
f 474 2134 2127
f 438 1972 1965
f 495 1995 1987
f 532 2226 2221
f 552 2303 2294
f 490 2175 2164
f 577 2154 2149
f 559 2013 2005
f 517 2211 2203
f 430 1921 1912
f 590 1865 1870
f 584 1811 1816
f 585 1796 1800
f 592 1832 1836
f 595 1850 1854
f 598 1888 1890
f 636 2194 2196
f 621 2322 2320
f 642 2286 2284
f 601 1908 1906
f 623 2099 2104
f 611 2045 2047
f 609 1962 1958
f 625 2068 2070
f 628 2084 2088
f 632 2140 2142
f 613 1976 1980
f 616 1998 1994
f 638 2232 2230
f 606 2299 2297
f 407 2330 2329
f 403 2324 2323
f 404 2325 2326
f 410 2332 2333
f 413 2335 2336
f 422 2344 2345
f 486 2410 2409
f 573 2497 2496
f 561 2486 2485
f 512 2434 2435
f 452 2375 2374
f 448 2369 2368
f 449 2370 2371
f 455 2377 2378
f 458 2380 2381
f 470 2393 2392
f 437 2359 2360
f 494 2415 2416
f 531 2455 2456
f 539 2461 2460
f 568 2489 2488
f 478 2399 2398
f 419 2341 2340
f 509 2431 2430
f 554 2476 2475
f 482 2405 2404
f 576 2500 2501
f 558 2481 2482
f 516 2439 2440
f 425 2348 2347
f 542 2465 2464
f 463 2383 2384
f 434 2356 2355
f 497 2420 2419
f 528 2452 2451
f 546 2471 2470
f 464 2386 2385
f 440 2363 2362
f 500 2422 2423
f 524 2445 2446
f 479 2400 2401
f 418 2338 2339
f 508 2428 2429
f 553 2473 2474
f 569 2490 2491
f 538 2458 2459
f 471 2394 2395
f 443 2366 2365
f 501 2425 2424
f 523 2444 2443
f 467 2389 2390
f 433 2353 2354
f 493 2414 2413
f 527 2449 2450
f 543 2466 2467
f 485 2407 2408
f 572 2494 2495
f 557 2480 2479
f 515 2438 2437
f 428 2351 2350
f 591 2510 2511
f 587 2504 2505
f 588 2508 2507
f 594 2514 2513
f 597 2517 2516
f 600 2520 2519
f 634 2554 2556
f 619 2539 2540
f 639 2560 2561
f 602 2523 2521
f 624 2543 2544
f 608 2527 2529
f 610 2532 2530
f 627 2547 2546
f 630 2550 2549
f 635 2552 2553
f 615 2535 2534
f 617 2538 2536
f 637 2558 2557
f 604 2524 2525
f 167 1607 647
f 164 1603 644
f 163 1604 643
f 165 1610 645
f 166 1613 646
f 169 1622 649
f 192 1686 672
f 222 1773 702
f 216 1761 696
f 199 1712 679
f 182 1652 662
f 179 1648 659
f 178 1649 658
f 180 1655 660
f 181 1658 661
f 186 1670 666
f 174 1637 654
f 193 1694 673
f 205 1731 685
f 212 1739 692
f 221 1768 701
f 189 1678 669
f 170 1619 650
f 202 1709 682
f 217 1754 697
f 191 1682 671
f 220 1776 700
f 214 1758 694
f 200 1716 680
f 171 1625 651
f 210 1742 690
f 183 1663 663
f 175 1634 655
f 196 1697 676
f 207 1728 687
f 211 1746 691
f 187 1664 667
f 176 1640 656
f 195 1700 675
f 203 1724 683
f 188 1679 668
f 168 1618 648
f 198 1708 678
f 213 1753 693
f 218 1769 698
f 208 1738 688
f 185 1671 665
f 177 1643 657
f 197 1701 677
f 206 1723 686
f 184 1667 664
f 173 1633 653
f 194 1693 674
f 204 1727 684
f 209 1743 689
f 190 1685 670
f 219 1772 699
f 215 1757 695
f 201 1715 681
f 172 1628 652
f 357 2187 837
f 255 1881 735
f 262 1899 742
f 388 2277 868
f 400 2313 880
f 352 2169 832
f 347 2156 827
f 298 2010 778
f 364 2208 844
f 269 1917 749
f 339 2133 819
f 285 1971 765
f 293 1989 773
f 370 2223 850
f 396 2300 876
f 353 2174 833
f 346 2151 826
f 299 2007 779
f 365 2205 845
f 268 1920 748
f 249 1855 729
f 231 1801 711
f 226 1784 706
f 238 1820 718
f 244 1838 724
f 257 1874 737
f 359 2180 839
f 402 2310 882
f 390 2274 870
f 264 1896 744
f 327 2089 807
f 309 2035 789
f 282 1950 762
f 317 2054 797
f 322 2072 802
f 341 2126 821
f 286 1964 766
f 294 1986 774
f 372 2220 852
f 394 2291 874
f 358 2183 838
f 256 1877 736
f 261 1891 741
f 387 2269 867
f 399 2305 879
f 351 2161 831
f 348 2148 828
f 300 2004 780
f 366 2202 846
f 267 1909 747
f 340 2129 820
f 287 1967 767
f 291 1981 771
f 369 2215 849
f 395 2288 875
f 354 2166 834
f 345 2143 825
f 297 1999 777
f 363 2197 843
f 270 1914 750
f 234 1806 714
f 227 1787 707
f 239 1823 719
f 245 1841 725
f 252 1860 732
f 275 1931 755
f 334 2108 814
f 304 2018 784
f 377 2234 857
f 382 2255 862
f 312 2040 792
f 279 1945 759
f 316 2057 796
f 323 2075 803
f 330 2094 810
f 335 2111 815
f 305 2021 785
f 376 2237 856
f 383 2252 863
f 274 1928 754
f 232 1812 712
f 225 1791 705
f 237 1827 717
f 243 1845 723
f 250 1866 730
f 273 1935 753
f 336 2118 816
f 306 2028 786
f 378 2246 858
f 381 2259 861
f 311 2048 791
f 281 1953 761
f 315 2061 795
f 321 2079 801
f 328 2100 808
f 333 2115 813
f 303 2025 783
f 375 2241 855
f 384 2264 864
f 276 1938 756
f 229 1802 709
f 223 1783 703
f 235 1819 715
f 241 1837 721
f 247 1856 727
f 271 1927 751
f 332 2112 812
f 302 2022 782
f 374 2238 854
f 379 2251 859
f 307 2036 787
f 278 1949 758
f 313 2053 793
f 319 2071 799
f 325 2090 805
f 331 2107 811
f 301 2017 781
f 373 2233 853
f 380 2256 860
f 272 1932 752
f 248 1859 728
f 230 1805 710
f 224 1788 704
f 236 1824 716
f 242 1842 722
f 254 1878 734
f 356 2184 836
f 397 2306 877
f 385 2270 865
f 259 1892 739
f 326 2093 806
f 308 2039 788
f 277 1946 757
f 314 2058 794
f 320 2076 800
f 338 2130 818
f 284 1968 764
f 289 1982 769
f 367 2216 847
f 391 2287 871
f 355 2179 835
f 253 1873 733
f 260 1895 740
f 386 2273 866
f 398 2309 878
f 350 2165 830
f 343 2144 823
f 295 2000 775
f 361 2198 841
f 266 1913 746
f 337 2125 817
f 283 1963 763
f 290 1985 770
f 368 2219 848
f 392 2292 872
f 349 2162 829
f 344 2147 824
f 296 2003 776
f 362 2201 842
f 265 1910 745
f 251 1863 731
f 233 1809 713
f 228 1794 708
f 240 1830 720
f 246 1848 726
f 258 1886 738
f 360 2192 840
f 401 2318 881
f 389 2282 869
f 263 1904 743
f 329 2097 809
f 310 2043 790
f 280 1956 760
f 318 2066 798
f 324 2082 804
f 342 2138 822
f 288 1974 768
f 292 1992 772
f 371 2228 851
f 393 2295 873
f 409 2331 1269
f 405 2327 1245
f 411 2328 1252
f 414 2334 1288
f 417 2337 1306
f 431 2346 1336
f 488 2412 1551
f 575 2499 1473
f 563 2487 1599
f 519 2436 1354
f 454 2376 1479
f 450 2372 1401
f 456 2373 1408
f 459 2379 1492
f 462 2382 1504
f 472 2396 1533
f 446 2361 1414
f 506 2418 1444
f 535 2457 1594
f 541 2463 1383
f 570 2492 1323
f 480 2402 1275
f 421 2343 1263
f 511 2433 1299
f 556 2478 1317
f 484 2406 1341
f 580 2502 1564
f 567 2484 1462
f 522 2442 1588
f 427 2349 1347
f 544 2468 1521
f 468 2387 1420
f 436 2358 1395
f 499 2421 1497
f 530 2454 1515
f 548 2472 1557
f 466 2388 1425
f 442 2364 1431
f 505 2426 1570
f 536 2448 1372
f 491 2403 1282
f 423 2342 1258
f 513 2432 1294
f 564 2477 1312
f 581 2493 1330
f 549 2462 1378
f 477 2397 1540
f 445 2367 1449
f 503 2427 1575
f 525 2447 1365
f 474 2391 1486
f 438 2357 1390
f 495 2417 1437
f 532 2453 1510
f 552 2469 1528
f 490 2411 1546
f 577 2498 1468
f 559 2483 1455
f 517 2441 1581
f 430 2352 1359
f 590 2509 1272
f 584 2503 1248
f 585 2506 1253
f 592 2512 1289
f 595 2515 1307
f 598 2518 1337
f 636 2555 1554
f 621 2541 1476
f 642 2562 1602
f 601 2522 1355
f 623 2542 1482
f 611 2528 1404
f 609 2531 1409
f 625 2545 1493
f 628 2548 1505
f 632 2551 1536
f 613 2533 1415
f 616 2537 1445
f 638 2559 1595
f 606 2526 1386
f 407 1616 909
f 403 1608 891
f 404 1606 886
f 410 1612 898
f 413 1615 904
f 422 1624 922
f 486 1692 1060
f 573 1782 1240
f 561 1765 1204
f 512 1714 1102
f 452 1661 999
f 448 1653 981
f 449 1651 976
f 455 1657 988
f 458 1660 994
f 470 1675 1024
f 437 1639 952
f 494 1696 1066
f 531 1733 1138
f 539 1751 1179
f 568 1779 1233
f 478 1683 1041
f 419 1626 927
f 509 1721 1119
f 554 1766 1209
f 482 1689 1053
f 576 1778 1228
f 558 1760 1192
f 516 1718 1108
f 425 1629 933
f 542 1747 1167
f 463 1665 1005
f 434 1641 957
f 497 1704 1083
f 528 1737 1150
f 546 1750 1174
f 464 1676 1029
f 440 1644 963
f 500 1702 1077
f 524 1726 1126
f 479 1681 1036
f 418 1620 915
f 508 1710 1095
f 553 1755 1185
f 569 1771 1216
f 538 1740 1155
f 471 1673 1018
f 443 1647 970
f 501 1707 1090
f 523 1734 1143
f 467 1669 1012
f 433 1635 945
f 493 1698 1071
f 527 1729 1131
f 543 1745 1162
f 485 1687 1047
f 572 1774 1221
f 557 1762 1197
f 515 1720 1114
f 428 1632 940
f 591 2189 1284
f 587 1883 1260
f 588 1903 1296
f 594 2281 1314
f 597 2317 1332
f 600 2173 1380
f 634 2158 1542
f 619 2012 1451
f 639 2210 1577
f 602 1924 1367
f 624 2135 1488
f 608 1973 1392
f 610 1996 1439
f 627 2227 1512
f 630 2304 1530
f 635 2176 1548
f 615 2155 1470
f 617 2014 1457
f 637 2212 1583
f 604 1922 1361
f 416 1864 1270
f 408 1810 1246
f 406 1795 1251
f 412 1831 1287
f 415 1849 1305
f 424 1887 1335
f 492 2193 1552
f 582 2321 1474
f 565 2285 1600
f 514 1907 1353
f 461 2098 1480
f 453 2044 1402
f 451 1961 1407
f 457 2067 1491
f 460 2083 1503
f 475 2139 1534
f 439 1975 1413
f 496 1997 1443
f 533 2231 1593
f 551 2298 1384
f 579 2190 1324
f 483 1884 1276
f 426 1900 1264
f 521 2278 1300
f 566 2314 1318
f 489 2170 1342
f 578 2159 1563
f 560 2015 1461
f 518 2213 1587
f 429 1918 1348
f 547 2136 1522
f 465 1977 1419
f 441 1990 1396
f 504 2224 1498
f 537 2301 1516
f 550 2177 1558
f 476 2152 1426
f 444 2008 1432
f 502 2206 1569
f 526 1925 1371
f 481 1817 1281
f 420 1797 1257
f 510 1833 1293
f 555 1851 1311
f 571 1871 1329
f 540 1941 1377
f 473 2119 1539
f 447 2029 1450
f 507 2247 1576
f 534 2262 1366
f 469 2051 1485
f 435 1954 1389
f 498 2064 1438
f 529 2085 1509
f 545 2105 1527
f 487 2121 1545
f 574 2031 1467
f 562 2244 1456
f 520 2265 1582
f 432 1939 1360
f 589 1814 1271
f 583 1793 1247
f 586 1829 1254
f 593 1847 1290
f 596 1868 1308
f 599 1937 1338
f 633 2124 1553
f 620 2034 1475
f 640 2250 1601
f 603 2261 1356
f 622 2050 1481
f 607 1960 1403
f 612 2063 1410
f 626 2081 1494
f 629 2102 1506
f 631 2117 1535
f 614 2027 1416
f 618 2243 1446
f 641 2268 1596
f 605 1944 1385
f 409 1804 894
f 405 1785 887
f 411 1821 899
f 414 1839 905
f 417 1858 912
f 431 1929 941
f 488 2114 1050
f 575 2024 1224
f 563 2240 1200
f 519 2253 1115
f 454 2038 984
f 450 1951 977
f 456 2055 989
f 459 2073 995
f 462 2092 1002
f 472 2109 1019
f 446 2019 971
f 506 2235 1091
f 535 2258 1146
f 541 1934 1158
f 570 1861 1217
f 480 1807 1037
f 421 1790 918
f 511 1826 1098
f 556 1844 1188
f 484 1880 1044
f 580 2186 1236
f 567 2308 1212
f 522 2272 1122
f 427 1894 930
f 544 2095 1163
f 468 2041 1013
f 436 1948 948
f 499 2060 1074
f 530 2078 1134
f 548 2132 1170
f 466 1970 1008
f 442 1984 960
f 505 2218 1086
f 536 2289 1151
f 491 2181 1061
f 423 1875 923
f 513 1897 1103
f 564 2275 1205
f 581 2311 1241
f 549 2167 1175
f 477 2146 1032
f 445 2002 966
f 503 2200 1080
f 525 1915 1127
f 474 2127 1025
f 438 1965 953
f 495 1987 1067
f 532 2221 1139
f 552 2294 1182
f 490 2164 1056
f 577 2149 1229
f 559 2005 1193
f 517 2203 1109
f 430 1912 936
f 590 1870 1325
f 584 1816 1277
f 585 1800 1265
f 592 1836 1301
f 595 1854 1319
f 598 1890 1343
f 636 2196 1566
f 621 2320 1464
f 642 2284 1590
f 601 1906 1349
f 623 2104 1523
f 611 2047 1422
f 609 1958 1397
f 625 2070 1499
f 628 2088 1517
f 632 2142 1559
f 613 1980 1427
f 616 1994 1433
f 638 2230 1572
f 606 2297 1374
f 407 2329 892
f 403 2323 885
f 404 2326 897
f 410 2333 903
f 413 2336 910
f 422 2345 939
f 486 2409 1048
f 573 2496 1222
f 561 2485 1198
f 512 2435 1113
f 452 2374 982
f 448 2368 975
f 449 2371 987
f 455 2378 993
f 458 2381 1000
f 470 2392 1017
f 437 2360 969
f 494 2416 1089
f 531 2456 1144
f 539 2460 1156
f 568 2488 1215
f 478 2398 1035
f 419 2340 916
f 509 2430 1096
f 554 2475 1186
f 482 2404 1042
f 576 2501 1234
f 558 2482 1210
f 516 2440 1120
f 425 2347 928
f 542 2464 1161
f 463 2384 1011
f 434 2355 946
f 497 2419 1072
f 528 2451 1132
f 546 2470 1168
f 464 2385 1006
f 440 2362 958
f 500 2423 1084
f 524 2446 1149
f 479 2401 1059
f 418 2339 921
f 508 2429 1101
f 553 2474 1203
f 569 2491 1239
f 538 2459 1173
f 471 2395 1030
f 443 2365 964
f 501 2424 1078
f 523 2443 1125
f 467 2390 1023
f 433 2354 951
f 493 2413 1065
f 527 2450 1137
f 543 2467 1180
f 485 2408 1054
f 572 2495 1227
f 557 2479 1191
f 515 2437 1107
f 428 2350 934
f 591 2511 1326
f 587 2505 1278
f 588 2507 1266
f 594 2513 1302
f 597 2516 1320
f 600 2519 1344
f 634 2556 1565
f 619 2540 1463
f 639 2561 1589
f 602 2521 1350
f 624 2544 1524
f 608 2529 1421
f 610 2530 1398
f 627 2546 1500
f 630 2549 1518
f 635 2553 1560
f 615 2534 1428
f 617 2536 1434
f 637 2557 1571
f 604 2525 1373
f 164 1609 889
f 163 1605 883
f 165 1611 895
f 166 1614 901
f 167 1617 907
f 172 1631 937
f 190 1688 1045
f 219 1775 1219
f 215 1763 1195
f 201 1719 1111
f 179 1654 979
f 178 1650 973
f 180 1656 985
f 181 1659 991
f 182 1662 997
f 185 1672 1015
f 177 1646 967
f 197 1706 1087
f 206 1735 1141
f 208 1741 1153
f 218 1770 1213
f 188 1680 1033
f 168 1621 913
f 198 1711 1093
f 213 1756 1183
f 189 1684 1039
f 221 1780 1231
f 217 1767 1207
f 202 1722 1117
f 170 1627 925
f 209 1744 1159
f 184 1668 1009
f 173 1636 943
f 194 1699 1069
f 204 1730 1129
f 210 1748 1165
f 183 1666 1003
f 175 1642 955
f 196 1705 1081
f 207 1736 1147
f 192 1691 1057
f 169 1623 919
f 199 1713 1099
f 216 1764 1201
f 222 1781 1237
f 211 1749 1171
f 187 1677 1027
f 176 1645 961
f 195 1703 1075
f 203 1725 1123
f 186 1674 1021
f 174 1638 949
f 193 1695 1063
f 205 1732 1135
f 212 1752 1177
f 191 1690 1051
f 220 1777 1225
f 214 1759 1189
f 200 1717 1105
f 171 1630 931
f 358 2191 1322
f 256 1885 1274
f 261 1901 1262
f 387 2279 1298
f 399 2315 1316
f 351 2171 1340
f 348 2160 1561
f 300 2016 1459
f 366 2214 1585
f 267 1919 1346
f 340 2137 1520
f 287 1978 1417
f 291 1991 1394
f 369 2225 1496
f 395 2302 1514
f 354 2178 1556
f 345 2153 1424
f 297 2009 1430
f 363 2207 1567
f 270 1926 1369
f 247 1857 908
f 229 1803 890
f 223 1786 884
f 235 1822 896
f 241 1840 902
f 253 1876 920
f 355 2182 1058
f 398 2312 1238
f 386 2276 1202
f 260 1898 1100
f 325 2091 998
f 307 2037 980
f 278 1952 974
f 313 2056 986
f 319 2074 992
f 337 2128 1022
f 283 1966 950
f 290 1988 1064
f 368 2222 1136
f 392 2293 1178
f 356 2185 1232
f 254 1879 1040
f 259 1893 926
f 385 2271 1118
f 397 2307 1208
f 349 2163 1052
f 344 2150 1226
f 296 2006 1190
f 362 2204 1106
f 265 1911 932
f 338 2131 1166
f 284 1969 1004
f 289 1983 956
f 367 2217 1082
f 391 2290 1148
f 350 2168 1172
f 343 2145 1028
f 295 2001 962
f 361 2199 1076
f 266 1916 1124
f 230 1808 1034
f 224 1789 914
f 236 1825 1094
f 242 1843 1184
f 248 1862 1214
f 272 1933 1154
f 331 2110 1016
f 301 2020 968
f 373 2236 1088
f 380 2257 1142
f 308 2042 1010
f 277 1947 944
f 314 2059 1070
f 320 2077 1130
f 326 2096 1160
f 332 2113 1046
f 302 2023 1220
f 374 2239 1196
f 379 2254 1112
f 271 1930 938
f 234 1818 1279
f 227 1798 1255
f 239 1834 1291
f 245 1852 1309
f 252 1872 1327
f 275 1942 1375
f 334 2120 1537
f 304 2030 1448
f 377 2248 1574
f 382 2263 1364
f 312 2052 1483
f 279 1955 1387
f 316 2065 1436
f 323 2086 1507
f 330 2106 1525
f 335 2122 1543
f 305 2032 1465
f 376 2245 1454
f 383 2266 1580
f 274 1940 1358
f 232 1813 1267
f 225 1792 1243
f 237 1828 1250
f 243 1846 1286
f 250 1867 1304
f 273 1936 1334
f 336 2123 1549
f 306 2033 1471
f 378 2249 1597
f 381 2260 1352
f 311 2049 1477
f 281 1959 1399
f 315 2062 1406
f 321 2080 1490
f 328 2101 1502
f 333 2116 1531
f 303 2026 1412
f 375 2242 1442
f 384 2267 1592
f 276 1943 1381
f 251 1869 1321
f 233 1815 1273
f 228 1799 1261
f 240 1835 1297
f 246 1853 1315
f 258 1889 1339
f 360 2195 1562
f 401 2319 1460
f 389 2283 1586
f 263 1905 1345
f 329 2103 1519
f 310 2046 1418
f 280 1957 1393
f 318 2069 1495
f 324 2087 1513
f 342 2141 1555
f 288 1979 1423
f 292 1993 1429
f 371 2229 1568
f 393 2296 1370
f 357 2188 1280
f 255 1882 1256
f 262 1902 1292
f 388 2280 1310
f 400 2316 1328
f 352 2172 1376
f 347 2157 1538
f 298 2011 1447
f 364 2209 1573
f 269 1923 1363
f 339 2134 1484
f 285 1972 1388
f 293 1995 1435
f 370 2226 1508
f 396 2303 1526
f 353 2175 1544
f 346 2154 1466
f 299 2013 1453
f 365 2211 1579
f 268 1921 1357
f 249 1865 1268
f 231 1811 1244
f 226 1796 1249
f 238 1832 1285
f 244 1850 1303
f 257 1888 1333
f 359 2194 1550
f 402 2322 1472
f 390 2286 1598
f 264 1908 1351
f 327 2099 1478
f 309 2045 1400
f 282 1962 1405
f 317 2068 1489
f 322 2084 1501
f 341 2140 1532
f 286 1976 1411
f 294 1998 1441
f 372 2232 1591
f 394 2299 1382
f 416 2330 911
f 408 2324 893
f 406 2325 888
f 412 2332 900
f 415 2335 906
f 424 2344 924
f 492 2410 1062
f 582 2497 1242
f 565 2486 1206
f 514 2434 1104
f 461 2375 1001
f 453 2369 983
f 451 2370 978
f 457 2377 990
f 460 2380 996
f 475 2393 1026
f 439 2359 954
f 496 2415 1068
f 533 2455 1140
f 551 2461 1181
f 579 2489 1235
f 483 2399 1043
f 426 2341 929
f 521 2431 1121
f 566 2476 1211
f 489 2405 1055
f 578 2500 1230
f 560 2481 1194
f 518 2439 1110
f 429 2348 935
f 547 2465 1169
f 465 2383 1007
f 441 2356 959
f 504 2420 1085
f 537 2452 1152
f 550 2471 1176
f 476 2386 1031
f 444 2363 965
f 502 2422 1079
f 526 2445 1128
f 481 2400 1038
f 420 2338 917
f 510 2428 1097
f 555 2473 1187
f 571 2490 1218
f 540 2458 1157
f 473 2394 1020
f 447 2366 972
f 507 2425 1092
f 534 2444 1145
f 469 2389 1014
f 435 2353 947
f 498 2414 1073
f 529 2449 1133
f 545 2466 1164
f 487 2407 1049
f 574 2494 1223
f 562 2480 1199
f 520 2438 1116
f 432 2351 942
f 589 2510 1283
f 583 2504 1259
f 586 2508 1295
f 593 2514 1313
f 596 2517 1331
f 599 2520 1379
f 633 2554 1541
f 620 2539 1452
f 640 2560 1578
f 603 2523 1368
f 622 2543 1487
f 607 2527 1391
f 612 2532 1440
f 626 2547 1511
f 629 2550 1529
f 631 2552 1547
f 614 2535 1469
f 618 2538 1458
f 641 2558 1584
f 605 2524 1362
f 164 1607 1609
f 163 1603 1605
f 165 1604 1611
f 166 1610 1614
f 167 1613 1617
f 172 1622 1631
f 190 1686 1688
f 219 1773 1775
f 215 1761 1763
f 201 1712 1719
f 179 1652 1654
f 178 1648 1650
f 180 1649 1656
f 181 1655 1659
f 182 1658 1662
f 185 1670 1672
f 177 1637 1646
f 197 1694 1706
f 206 1731 1735
f 208 1739 1741
f 218 1768 1770
f 188 1678 1680
f 168 1619 1621
f 198 1709 1711
f 213 1754 1756
f 189 1682 1684
f 221 1776 1780
f 217 1758 1767
f 202 1716 1722
f 170 1625 1627
f 209 1742 1744
f 184 1663 1668
f 173 1634 1636
f 194 1697 1699
f 204 1728 1730
f 210 1746 1748
f 183 1664 1666
f 175 1640 1642
f 196 1700 1705
f 207 1724 1736
f 192 1679 1691
f 169 1618 1623
f 199 1708 1713
f 216 1753 1764
f 222 1769 1781
f 211 1738 1749
f 187 1671 1677
f 176 1643 1645
f 195 1701 1703
f 203 1723 1725
f 186 1667 1674
f 174 1633 1638
f 193 1693 1695
f 205 1727 1732
f 212 1743 1752
f 191 1685 1690
f 220 1772 1777
f 214 1757 1759
f 200 1715 1717
f 171 1628 1630
f 358 2187 2191
f 256 1881 1885
f 261 1899 1901
f 387 2277 2279
f 399 2313 2315
f 351 2169 2171
f 348 2156 2160
f 300 2010 2016
f 366 2208 2214
f 267 1917 1919
f 340 2133 2137
f 287 1971 1978
f 291 1989 1991
f 369 2223 2225
f 395 2300 2302
f 354 2174 2178
f 345 2151 2153
f 297 2007 2009
f 363 2205 2207
f 270 1920 1926
f 247 1855 1857
f 229 1801 1803
f 223 1784 1786
f 235 1820 1822
f 241 1838 1840
f 253 1874 1876
f 355 2180 2182
f 398 2310 2312
f 386 2274 2276
f 260 1896 1898
f 325 2089 2091
f 307 2035 2037
f 278 1950 1952
f 313 2054 2056
f 319 2072 2074
f 337 2126 2128
f 283 1964 1966
f 290 1986 1988
f 368 2220 2222
f 392 2291 2293
f 356 2183 2185
f 254 1877 1879
f 259 1891 1893
f 385 2269 2271
f 397 2305 2307
f 349 2161 2163
f 344 2148 2150
f 296 2004 2006
f 362 2202 2204
f 265 1909 1911
f 338 2129 2131
f 284 1967 1969
f 289 1981 1983
f 367 2215 2217
f 391 2288 2290
f 350 2166 2168
f 343 2143 2145
f 295 1999 2001
f 361 2197 2199
f 266 1914 1916
f 230 1806 1808
f 224 1787 1789
f 236 1823 1825
f 242 1841 1843
f 248 1860 1862
f 272 1931 1933
f 331 2108 2110
f 301 2018 2020
f 373 2234 2236
f 380 2255 2257
f 308 2040 2042
f 277 1945 1947
f 314 2057 2059
f 320 2075 2077
f 326 2094 2096
f 332 2111 2113
f 302 2021 2023
f 374 2237 2239
f 379 2252 2254
f 271 1928 1930
f 234 1812 1818
f 227 1791 1798
f 239 1827 1834
f 245 1845 1852
f 252 1866 1872
f 275 1935 1942
f 334 2118 2120
f 304 2028 2030
f 377 2246 2248
f 382 2259 2263
f 312 2048 2052
f 279 1953 1955
f 316 2061 2065
f 323 2079 2086
f 330 2100 2106
f 335 2115 2122
f 305 2025 2032
f 376 2241 2245
f 383 2264 2266
f 274 1938 1940
f 232 1802 1813
f 225 1783 1792
f 237 1819 1828
f 243 1837 1846
f 250 1856 1867
f 273 1927 1936
f 336 2112 2123
f 306 2022 2033
f 378 2238 2249
f 381 2251 2260
f 311 2036 2049
f 281 1949 1959
f 315 2053 2062
f 321 2071 2080
f 328 2090 2101
f 333 2107 2116
f 303 2017 2026
f 375 2233 2242
f 384 2256 2267
f 276 1932 1943
f 251 1859 1869
f 233 1805 1815
f 228 1788 1799
f 240 1824 1835
f 246 1842 1853
f 258 1878 1889
f 360 2184 2195
f 401 2306 2319
f 389 2270 2283
f 263 1892 1905
f 329 2093 2103
f 310 2039 2046
f 280 1946 1957
f 318 2058 2069
f 324 2076 2087
f 342 2130 2141
f 288 1968 1979
f 292 1982 1993
f 371 2216 2229
f 393 2287 2296
f 357 2179 2188
f 255 1873 1882
f 262 1895 1902
f 388 2273 2280
f 400 2309 2316
f 352 2165 2172
f 347 2144 2157
f 298 2000 2011
f 364 2198 2209
f 269 1913 1923
f 339 2125 2134
f 285 1963 1972
f 293 1985 1995
f 370 2219 2226
f 396 2292 2303
f 353 2162 2175
f 346 2147 2154
f 299 2003 2013
f 365 2201 2211
f 268 1910 1921
f 249 1863 1865
f 231 1809 1811
f 226 1794 1796
f 238 1830 1832
f 244 1848 1850
f 257 1886 1888
f 359 2192 2194
f 402 2318 2322
f 390 2282 2286
f 264 1904 1908
f 327 2097 2099
f 309 2043 2045
f 282 1956 1962
f 317 2066 2068
f 322 2082 2084
f 341 2138 2140
f 286 1974 1976
f 294 1992 1998
f 372 2228 2232
f 394 2295 2299
f 416 2331 2330
f 408 2327 2324
f 406 2328 2325
f 412 2334 2332
f 415 2337 2335
f 424 2346 2344
f 492 2412 2410
f 582 2499 2497
f 565 2487 2486
f 514 2436 2434
f 461 2376 2375
f 453 2372 2369
f 451 2373 2370
f 457 2379 2377
f 460 2382 2380
f 475 2396 2393
f 439 2361 2359
f 496 2418 2415
f 533 2457 2455
f 551 2463 2461
f 579 2492 2489
f 483 2402 2399
f 426 2343 2341
f 521 2433 2431
f 566 2478 2476
f 489 2406 2405
f 578 2502 2500
f 560 2484 2481
f 518 2442 2439
f 429 2349 2348
f 547 2468 2465
f 465 2387 2383
f 441 2358 2356
f 504 2421 2420
f 537 2454 2452
f 550 2472 2471
f 476 2388 2386
f 444 2364 2363
f 502 2426 2422
f 526 2448 2445
f 481 2403 2400
f 420 2342 2338
f 510 2432 2428
f 555 2477 2473
f 571 2493 2490
f 540 2462 2458
f 473 2397 2394
f 447 2367 2366
f 507 2427 2425
f 534 2447 2444
f 469 2391 2389
f 435 2357 2353
f 498 2417 2414
f 529 2453 2449
f 545 2469 2466
f 487 2411 2407
f 574 2498 2494
f 562 2483 2480
f 520 2441 2438
f 432 2352 2351
f 589 2509 2510
f 583 2503 2504
f 586 2506 2508
f 593 2512 2514
f 596 2515 2517
f 599 2518 2520
f 633 2555 2554
f 620 2541 2539
f 640 2562 2560
f 603 2522 2523
f 622 2542 2543
f 607 2528 2527
f 612 2531 2532
f 626 2545 2547
f 629 2548 2550
f 631 2551 2552
f 614 2533 2535
f 618 2537 2538
f 641 2559 2558
f 605 2526 2524
f 164 644 1607
f 163 643 1603
f 165 645 1604
f 166 646 1610
f 167 647 1613
f 172 652 1622
f 190 670 1686
f 219 699 1773
f 215 695 1761
f 201 681 1712
f 179 659 1652
f 178 658 1648
f 180 660 1649
f 181 661 1655
f 182 662 1658
f 185 665 1670
f 177 657 1637
f 197 677 1694
f 206 686 1731
f 208 688 1739
f 218 698 1768
f 188 668 1678
f 168 648 1619
f 198 678 1709
f 213 693 1754
f 189 669 1682
f 221 701 1776
f 217 697 1758
f 202 682 1716
f 170 650 1625
f 209 689 1742
f 184 664 1663
f 173 653 1634
f 194 674 1697
f 204 684 1728
f 210 690 1746
f 183 663 1664
f 175 655 1640
f 196 676 1700
f 207 687 1724
f 192 672 1679
f 169 649 1618
f 199 679 1708
f 216 696 1753
f 222 702 1769
f 211 691 1738
f 187 667 1671
f 176 656 1643
f 195 675 1701
f 203 683 1723
f 186 666 1667
f 174 654 1633
f 193 673 1693
f 205 685 1727
f 212 692 1743
f 191 671 1685
f 220 700 1772
f 214 694 1757
f 200 680 1715
f 171 651 1628
f 358 838 2187
f 256 736 1881
f 261 741 1899
f 387 867 2277
f 399 879 2313
f 351 831 2169
f 348 828 2156
f 300 780 2010
f 366 846 2208
f 267 747 1917
f 340 820 2133
f 287 767 1971
f 291 771 1989
f 369 849 2223
f 395 875 2300
f 354 834 2174
f 345 825 2151
f 297 777 2007
f 363 843 2205
f 270 750 1920
f 247 727 1855
f 229 709 1801
f 223 703 1784
f 235 715 1820
f 241 721 1838
f 253 733 1874
f 355 835 2180
f 398 878 2310
f 386 866 2274
f 260 740 1896
f 325 805 2089
f 307 787 2035
f 278 758 1950
f 313 793 2054
f 319 799 2072
f 337 817 2126
f 283 763 1964
f 290 770 1986
f 368 848 2220
f 392 872 2291
f 356 836 2183
f 254 734 1877
f 259 739 1891
f 385 865 2269
f 397 877 2305
f 349 829 2161
f 344 824 2148
f 296 776 2004
f 362 842 2202
f 265 745 1909
f 338 818 2129
f 284 764 1967
f 289 769 1981
f 367 847 2215
f 391 871 2288
f 350 830 2166
f 343 823 2143
f 295 775 1999
f 361 841 2197
f 266 746 1914
f 230 710 1806
f 224 704 1787
f 236 716 1823
f 242 722 1841
f 248 728 1860
f 272 752 1931
f 331 811 2108
f 301 781 2018
f 373 853 2234
f 380 860 2255
f 308 788 2040
f 277 757 1945
f 314 794 2057
f 320 800 2075
f 326 806 2094
f 332 812 2111
f 302 782 2021
f 374 854 2237
f 379 859 2252
f 271 751 1928
f 234 714 1812
f 227 707 1791
f 239 719 1827
f 245 725 1845
f 252 732 1866
f 275 755 1935
f 334 814 2118
f 304 784 2028
f 377 857 2246
f 382 862 2259
f 312 792 2048
f 279 759 1953
f 316 796 2061
f 323 803 2079
f 330 810 2100
f 335 815 2115
f 305 785 2025
f 376 856 2241
f 383 863 2264
f 274 754 1938
f 232 712 1802
f 225 705 1783
f 237 717 1819
f 243 723 1837
f 250 730 1856
f 273 753 1927
f 336 816 2112
f 306 786 2022
f 378 858 2238
f 381 861 2251
f 311 791 2036
f 281 761 1949
f 315 795 2053
f 321 801 2071
f 328 808 2090
f 333 813 2107
f 303 783 2017
f 375 855 2233
f 384 864 2256
f 276 756 1932
f 251 731 1859
f 233 713 1805
f 228 708 1788
f 240 720 1824
f 246 726 1842
f 258 738 1878
f 360 840 2184
f 401 881 2306
f 389 869 2270
f 263 743 1892
f 329 809 2093
f 310 790 2039
f 280 760 1946
f 318 798 2058
f 324 804 2076
f 342 822 2130
f 288 768 1968
f 292 772 1982
f 371 851 2216
f 393 873 2287
f 357 837 2179
f 255 735 1873
f 262 742 1895
f 388 868 2273
f 400 880 2309
f 352 832 2165
f 347 827 2144
f 298 778 2000
f 364 844 2198
f 269 749 1913
f 339 819 2125
f 285 765 1963
f 293 773 1985
f 370 850 2219
f 396 876 2292
f 353 833 2162
f 346 826 2147
f 299 779 2003
f 365 845 2201
f 268 748 1910
f 249 729 1863
f 231 711 1809
f 226 706 1794
f 238 718 1830
f 244 724 1848
f 257 737 1886
f 359 839 2192
f 402 882 2318
f 390 870 2282
f 264 744 1904
f 327 807 2097
f 309 789 2043
f 282 762 1956
f 317 797 2066
f 322 802 2082
f 341 821 2138
f 286 766 1974
f 294 774 1992
f 372 852 2228
f 394 874 2295
f 416 1270 2331
f 408 1246 2327
f 406 1251 2328
f 412 1287 2334
f 415 1305 2337
f 424 1335 2346
f 492 1552 2412
f 582 1474 2499
f 565 1600 2487
f 514 1353 2436
f 461 1480 2376
f 453 1402 2372
f 451 1407 2373
f 457 1491 2379
f 460 1503 2382
f 475 1534 2396
f 439 1413 2361
f 496 1443 2418
f 533 1593 2457
f 551 1384 2463
f 579 1324 2492
f 483 1276 2402
f 426 1264 2343
f 521 1300 2433
f 566 1318 2478
f 489 1342 2406
f 578 1563 2502
f 560 1461 2484
f 518 1587 2442
f 429 1348 2349
f 547 1522 2468
f 465 1419 2387
f 441 1396 2358
f 504 1498 2421
f 537 1516 2454
f 550 1558 2472
f 476 1426 2388
f 444 1432 2364
f 502 1569 2426
f 526 1371 2448
f 481 1281 2403
f 420 1257 2342
f 510 1293 2432
f 555 1311 2477
f 571 1329 2493
f 540 1377 2462
f 473 1539 2397
f 447 1450 2367
f 507 1576 2427
f 534 1366 2447
f 469 1485 2391
f 435 1389 2357
f 498 1438 2417
f 529 1509 2453
f 545 1527 2469
f 487 1545 2411
f 574 1467 2498
f 562 1456 2483
f 520 1582 2441
f 432 1360 2352
f 589 1271 2509
f 583 1247 2503
f 586 1254 2506
f 593 1290 2512
f 596 1308 2515
f 599 1338 2518
f 633 1553 2555
f 620 1475 2541
f 640 1601 2562
f 603 1356 2522
f 622 1481 2542
f 607 1403 2528
f 612 1410 2531
f 626 1494 2545
f 629 1506 2548
f 631 1535 2551
f 614 1416 2533
f 618 1446 2537
f 641 1596 2559
f 605 1385 2526
f 167 907 1616
f 164 889 1608
f 163 883 1606
f 165 895 1612
f 166 901 1615
f 169 919 1624
f 192 1057 1692
f 222 1237 1782
f 216 1201 1765
f 199 1099 1714
f 182 997 1661
f 179 979 1653
f 178 973 1651
f 180 985 1657
f 181 991 1660
f 186 1021 1675
f 174 949 1639
f 193 1063 1696
f 205 1135 1733
f 212 1177 1751
f 221 1231 1779
f 189 1039 1683
f 170 925 1626
f 202 1117 1721
f 217 1207 1766
f 191 1051 1689
f 220 1225 1778
f 214 1189 1760
f 200 1105 1718
f 171 931 1629
f 210 1165 1747
f 183 1003 1665
f 175 955 1641
f 196 1081 1704
f 207 1147 1737
f 211 1171 1750
f 187 1027 1676
f 176 961 1644
f 195 1075 1702
f 203 1123 1726
f 188 1033 1681
f 168 913 1620
f 198 1093 1710
f 213 1183 1755
f 218 1213 1771
f 208 1153 1740
f 185 1015 1673
f 177 967 1647
f 197 1087 1707
f 206 1141 1734
f 184 1009 1669
f 173 943 1635
f 194 1069 1698
f 204 1129 1729
f 209 1159 1745
f 190 1045 1687
f 219 1219 1774
f 215 1195 1762
f 201 1111 1720
f 172 937 1632
f 357 1280 2189
f 255 1256 1883
f 262 1292 1903
f 388 1310 2281
f 400 1328 2317
f 352 1376 2173
f 347 1538 2158
f 298 1447 2012
f 364 1573 2210
f 269 1363 1924
f 339 1484 2135
f 285 1388 1973
f 293 1435 1996
f 370 1508 2227
f 396 1526 2304
f 353 1544 2176
f 346 1466 2155
f 299 1453 2014
f 365 1579 2212
f 268 1357 1922
f 249 1268 1864
f 231 1244 1810
f 226 1249 1795
f 238 1285 1831
f 244 1303 1849
f 257 1333 1887
f 359 1550 2193
f 402 1472 2321
f 390 1598 2285
f 264 1351 1907
f 327 1478 2098
f 309 1400 2044
f 282 1405 1961
f 317 1489 2067
f 322 1501 2083
f 341 1532 2139
f 286 1411 1975
f 294 1441 1997
f 372 1591 2231
f 394 1382 2298
f 358 1322 2190
f 256 1274 1884
f 261 1262 1900
f 387 1298 2278
f 399 1316 2314
f 351 1340 2170
f 348 1561 2159
f 300 1459 2015
f 366 1585 2213
f 267 1346 1918
f 340 1520 2136
f 287 1417 1977
f 291 1394 1990
f 369 1496 2224
f 395 1514 2301
f 354 1556 2177
f 345 1424 2152
f 297 1430 2008
f 363 1567 2206
f 270 1369 1925
f 234 1279 1817
f 227 1255 1797
f 239 1291 1833
f 245 1309 1851
f 252 1327 1871
f 275 1375 1941
f 334 1537 2119
f 304 1448 2029
f 377 1574 2247
f 382 1364 2262
f 312 1483 2051
f 279 1387 1954
f 316 1436 2064
f 323 1507 2085
f 330 1525 2105
f 335 1543 2121
f 305 1465 2031
f 376 1454 2244
f 383 1580 2265
f 274 1358 1939
f 232 1267 1814
f 225 1243 1793
f 237 1250 1829
f 243 1286 1847
f 250 1304 1868
f 273 1334 1937
f 336 1549 2124
f 306 1471 2034
f 378 1597 2250
f 381 1352 2261
f 311 1477 2050
f 281 1399 1960
f 315 1406 2063
f 321 1490 2081
f 328 1502 2102
f 333 1531 2117
f 303 1412 2027
f 375 1442 2243
f 384 1592 2268
f 276 1381 1944
f 229 890 1804
f 223 884 1785
f 235 896 1821
f 241 902 1839
f 247 908 1858
f 271 938 1929
f 332 1046 2114
f 302 1220 2024
f 374 1196 2240
f 379 1112 2253
f 307 980 2038
f 278 974 1951
f 313 986 2055
f 319 992 2073
f 325 998 2092
f 331 1016 2109
f 301 968 2019
f 373 1088 2235
f 380 1142 2258
f 272 1154 1934
f 248 1214 1861
f 230 1034 1807
f 224 914 1790
f 236 1094 1826
f 242 1184 1844
f 254 1040 1880
f 356 1232 2186
f 397 1208 2308
f 385 1118 2272
f 259 926 1894
f 326 1160 2095
f 308 1010 2041
f 277 944 1948
f 314 1070 2060
f 320 1130 2078
f 338 1166 2132
f 284 1004 1970
f 289 956 1984
f 367 1082 2218
f 391 1148 2289
f 355 1058 2181
f 253 920 1875
f 260 1100 1897
f 386 1202 2275
f 398 1238 2311
f 350 1172 2167
f 343 1028 2146
f 295 962 2002
f 361 1076 2200
f 266 1124 1915
f 337 1022 2127
f 283 950 1965
f 290 1064 1987
f 368 1136 2221
f 392 1178 2294
f 349 1052 2164
f 344 1226 2149
f 296 1190 2005
f 362 1106 2203
f 265 932 1912
f 251 1321 1870
f 233 1273 1816
f 228 1261 1800
f 240 1297 1836
f 246 1315 1854
f 258 1339 1890
f 360 1562 2196
f 401 1460 2320
f 389 1586 2284
f 263 1345 1906
f 329 1519 2104
f 310 1418 2047
f 280 1393 1958
f 318 1495 2070
f 324 1513 2088
f 342 1555 2142
f 288 1423 1980
f 292 1429 1994
f 371 1568 2230
f 393 1370 2297
f 409 894 2329
f 405 887 2323
f 411 899 2326
f 414 905 2333
f 417 912 2336
f 431 941 2345
f 488 1050 2409
f 575 1224 2496
f 563 1200 2485
f 519 1115 2435
f 454 984 2374
f 450 977 2368
f 456 989 2371
f 459 995 2378
f 462 1002 2381
f 472 1019 2392
f 446 971 2360
f 506 1091 2416
f 535 1146 2456
f 541 1158 2460
f 570 1217 2488
f 480 1037 2398
f 421 918 2340
f 511 1098 2430
f 556 1188 2475
f 484 1044 2404
f 580 1236 2501
f 567 1212 2482
f 522 1122 2440
f 427 930 2347
f 544 1163 2464
f 468 1013 2384
f 436 948 2355
f 499 1074 2419
f 530 1134 2451
f 548 1170 2470
f 466 1008 2385
f 442 960 2362
f 505 1086 2423
f 536 1151 2446
f 491 1061 2401
f 423 923 2339
f 513 1103 2429
f 564 1205 2474
f 581 1241 2491
f 549 1175 2459
f 477 1032 2395
f 445 966 2365
f 503 1080 2424
f 525 1127 2443
f 474 1025 2390
f 438 953 2354
f 495 1067 2413
f 532 1139 2450
f 552 1182 2467
f 490 1056 2408
f 577 1229 2495
f 559 1193 2479
f 517 1109 2437
f 430 936 2350
f 590 1325 2511
f 584 1277 2505
f 585 1265 2507
f 592 1301 2513
f 595 1319 2516
f 598 1343 2519
f 636 1566 2556
f 621 1464 2540
f 642 1590 2561
f 601 1349 2521
f 623 1523 2544
f 611 1422 2529
f 609 1397 2530
f 625 1499 2546
f 628 1517 2549
f 632 1559 2553
f 613 1427 2534
f 616 1433 2536
f 638 1572 2557
f 606 1374 2525
f 407 892 1609
f 403 885 1605
f 404 897 1611
f 410 903 1614
f 413 910 1617
f 422 939 1631
f 486 1048 1688
f 573 1222 1775
f 561 1198 1763
f 512 1113 1719
f 452 982 1654
f 448 975 1650
f 449 987 1656
f 455 993 1659
f 458 1000 1662
f 470 1017 1672
f 437 969 1646
f 494 1089 1706
f 531 1144 1735
f 539 1156 1741
f 568 1215 1770
f 478 1035 1680
f 419 916 1621
f 509 1096 1711
f 554 1186 1756
f 482 1042 1684
f 576 1234 1780
f 558 1210 1767
f 516 1120 1722
f 425 928 1627
f 542 1161 1744
f 463 1011 1668
f 434 946 1636
f 497 1072 1699
f 528 1132 1730
f 546 1168 1748
f 464 1006 1666
f 440 958 1642
f 500 1084 1705
f 524 1149 1736
f 479 1059 1691
f 418 921 1623
f 508 1101 1713
f 553 1203 1764
f 569 1239 1781
f 538 1173 1749
f 471 1030 1677
f 443 964 1645
f 501 1078 1703
f 523 1125 1725
f 467 1023 1674
f 433 951 1638
f 493 1065 1695
f 527 1137 1732
f 543 1180 1752
f 485 1054 1690
f 572 1227 1777
f 557 1191 1759
f 515 1107 1717
f 428 934 1630
f 591 1326 2191
f 587 1278 1885
f 588 1266 1901
f 594 1302 2279
f 597 1320 2315
f 600 1344 2171
f 634 1565 2160
f 619 1463 2016
f 639 1589 2214
f 602 1350 1919
f 624 1524 2137
f 608 1421 1978
f 610 1398 1991
f 627 1500 2225
f 630 1518 2302
f 635 1560 2178
f 615 1428 2153
f 617 1434 2009
f 637 1571 2207
f 604 1373 1926
f 416 911 1857
f 408 893 1803
f 406 888 1786
f 412 900 1822
f 415 906 1840
f 424 924 1876
f 492 1062 2182
f 582 1242 2312
f 565 1206 2276
f 514 1104 1898
f 461 1001 2091
f 453 983 2037
f 451 978 1952
f 457 990 2056
f 460 996 2074
f 475 1026 2128
f 439 954 1966
f 496 1068 1988
f 533 1140 2222
f 551 1181 2293
f 579 1235 2185
f 483 1043 1879
f 426 929 1893
f 521 1121 2271
f 566 1211 2307
f 489 1055 2163
f 578 1230 2150
f 560 1194 2006
f 518 1110 2204
f 429 935 1911
f 547 1169 2131
f 465 1007 1969
f 441 959 1983
f 504 1085 2217
f 537 1152 2290
f 550 1176 2168
f 476 1031 2145
f 444 965 2001
f 502 1079 2199
f 526 1128 1916
f 481 1038 1808
f 420 917 1789
f 510 1097 1825
f 555 1187 1843
f 571 1218 1862
f 540 1157 1933
f 473 1020 2110
f 447 972 2020
f 507 1092 2236
f 534 1145 2257
f 469 1014 2042
f 435 947 1947
f 498 1073 2059
f 529 1133 2077
f 545 1164 2096
f 487 1049 2113
f 574 1223 2023
f 562 1199 2239
f 520 1116 2254
f 432 942 1930
f 589 1283 1818
f 583 1259 1798
f 586 1295 1834
f 593 1313 1852
f 596 1331 1872
f 599 1379 1942
f 633 1541 2120
f 620 1452 2030
f 640 1578 2248
f 603 1368 2263
f 622 1487 2052
f 607 1391 1955
f 612 1440 2065
f 626 1511 2086
f 629 1529 2106
f 631 1547 2122
f 614 1469 2032
f 618 1458 2245
f 641 1584 2266
f 605 1362 1940
f 409 1269 1813
f 405 1245 1792
f 411 1252 1828
f 414 1288 1846
f 417 1306 1867
f 431 1336 1936
f 488 1551 2123
f 575 1473 2033
f 563 1599 2249
f 519 1354 2260
f 454 1479 2049
f 450 1401 1959
f 456 1408 2062
f 459 1492 2080
f 462 1504 2101
f 472 1533 2116
f 446 1414 2026
f 506 1444 2242
f 535 1594 2267
f 541 1383 1943
f 570 1323 1869
f 480 1275 1815
f 421 1263 1799
f 511 1299 1835
f 556 1317 1853
f 484 1341 1889
f 580 1564 2195
f 567 1462 2319
f 522 1588 2283
f 427 1347 1905
f 544 1521 2103
f 468 1420 2046
f 436 1395 1957
f 499 1497 2069
f 530 1515 2087
f 548 1557 2141
f 466 1425 1979
f 442 1431 1993
f 505 1570 2229
f 536 1372 2296
f 491 1282 2188
f 423 1258 1882
f 513 1294 1902
f 564 1312 2280
f 581 1330 2316
f 549 1378 2172
f 477 1540 2157
f 445 1449 2011
f 503 1575 2209
f 525 1365 1923
f 474 1486 2134
f 438 1390 1972
f 495 1437 1995
f 532 1510 2226
f 552 1528 2303
f 490 1546 2175
f 577 1468 2154
f 559 1455 2013
f 517 1581 2211
f 430 1359 1921
f 590 1272 1865
f 584 1248 1811
f 585 1253 1796
f 592 1289 1832
f 595 1307 1850
f 598 1337 1888
f 636 1554 2194
f 621 1476 2322
f 642 1602 2286
f 601 1355 1908
f 623 1482 2099
f 611 1404 2045
f 609 1409 1962
f 625 1493 2068
f 628 1505 2084
f 632 1536 2140
f 613 1415 1976
f 616 1445 1998
f 638 1595 2232
f 606 1386 2299
f 407 909 2330
f 403 891 2324
f 404 886 2325
f 410 898 2332
f 413 904 2335
f 422 922 2344
f 486 1060 2410
f 573 1240 2497
f 561 1204 2486
f 512 1102 2434
f 452 999 2375
f 448 981 2369
f 449 976 2370
f 455 988 2377
f 458 994 2380
f 470 1024 2393
f 437 952 2359
f 494 1066 2415
f 531 1138 2455
f 539 1179 2461
f 568 1233 2489
f 478 1041 2399
f 419 927 2341
f 509 1119 2431
f 554 1209 2476
f 482 1053 2405
f 576 1228 2500
f 558 1192 2481
f 516 1108 2439
f 425 933 2348
f 542 1167 2465
f 463 1005 2383
f 434 957 2356
f 497 1083 2420
f 528 1150 2452
f 546 1174 2471
f 464 1029 2386
f 440 963 2363
f 500 1077 2422
f 524 1126 2445
f 479 1036 2400
f 418 915 2338
f 508 1095 2428
f 553 1185 2473
f 569 1216 2490
f 538 1155 2458
f 471 1018 2394
f 443 970 2366
f 501 1090 2425
f 523 1143 2444
f 467 1012 2389
f 433 945 2353
f 493 1071 2414
f 527 1131 2449
f 543 1162 2466
f 485 1047 2407
f 572 1221 2494
f 557 1197 2480
f 515 1114 2438
f 428 940 2351
f 591 1284 2510
f 587 1260 2504
f 588 1296 2508
f 594 1314 2514
f 597 1332 2517
f 600 1380 2520
f 634 1542 2554
f 619 1451 2539
f 639 1577 2560
f 602 1367 2523
f 624 1488 2543
f 608 1392 2527
f 610 1439 2532
f 627 1512 2547
f 630 1530 2550
f 635 1548 2552
f 615 1470 2535
f 617 1457 2538
f 637 1583 2558
f 604 1361 2524
f 167 1616 1607
f 164 1608 1603
f 163 1606 1604
f 165 1612 1610
f 166 1615 1613
f 169 1624 1622
f 192 1692 1686
f 222 1782 1773
f 216 1765 1761
f 199 1714 1712
f 182 1661 1652
f 179 1653 1648
f 178 1651 1649
f 180 1657 1655
f 181 1660 1658
f 186 1675 1670
f 174 1639 1637
f 193 1696 1694
f 205 1733 1731
f 212 1751 1739
f 221 1779 1768
f 189 1683 1678
f 170 1626 1619
f 202 1721 1709
f 217 1766 1754
f 191 1689 1682
f 220 1778 1776
f 214 1760 1758
f 200 1718 1716
f 171 1629 1625
f 210 1747 1742
f 183 1665 1663
f 175 1641 1634
f 196 1704 1697
f 207 1737 1728
f 211 1750 1746
f 187 1676 1664
f 176 1644 1640
f 195 1702 1700
f 203 1726 1724
f 188 1681 1679
f 168 1620 1618
f 198 1710 1708
f 213 1755 1753
f 218 1771 1769
f 208 1740 1738
f 185 1673 1671
f 177 1647 1643
f 197 1707 1701
f 206 1734 1723
f 184 1669 1667
f 173 1635 1633
f 194 1698 1693
f 204 1729 1727
f 209 1745 1743
f 190 1687 1685
f 219 1774 1772
f 215 1762 1757
f 201 1720 1715
f 172 1632 1628
f 357 2189 2187
f 255 1883 1881
f 262 1903 1899
f 388 2281 2277
f 400 2317 2313
f 352 2173 2169
f 347 2158 2156
f 298 2012 2010
f 364 2210 2208
f 269 1924 1917
f 339 2135 2133
f 285 1973 1971
f 293 1996 1989
f 370 2227 2223
f 396 2304 2300
f 353 2176 2174
f 346 2155 2151
f 299 2014 2007
f 365 2212 2205
f 268 1922 1920
f 249 1864 1855
f 231 1810 1801
f 226 1795 1784
f 238 1831 1820
f 244 1849 1838
f 257 1887 1874
f 359 2193 2180
f 402 2321 2310
f 390 2285 2274
f 264 1907 1896
f 327 2098 2089
f 309 2044 2035
f 282 1961 1950
f 317 2067 2054
f 322 2083 2072
f 341 2139 2126
f 286 1975 1964
f 294 1997 1986
f 372 2231 2220
f 394 2298 2291
f 358 2190 2183
f 256 1884 1877
f 261 1900 1891
f 387 2278 2269
f 399 2314 2305
f 351 2170 2161
f 348 2159 2148
f 300 2015 2004
f 366 2213 2202
f 267 1918 1909
f 340 2136 2129
f 287 1977 1967
f 291 1990 1981
f 369 2224 2215
f 395 2301 2288
f 354 2177 2166
f 345 2152 2143
f 297 2008 1999
f 363 2206 2197
f 270 1925 1914
f 234 1817 1806
f 227 1797 1787
f 239 1833 1823
f 245 1851 1841
f 252 1871 1860
f 275 1941 1931
f 334 2119 2108
f 304 2029 2018
f 377 2247 2234
f 382 2262 2255
f 312 2051 2040
f 279 1954 1945
f 316 2064 2057
f 323 2085 2075
f 330 2105 2094
f 335 2121 2111
f 305 2031 2021
f 376 2244 2237
f 383 2265 2252
f 274 1939 1928
f 232 1814 1812
f 225 1793 1791
f 237 1829 1827
f 243 1847 1845
f 250 1868 1866
f 273 1937 1935
f 336 2124 2118
f 306 2034 2028
f 378 2250 2246
f 381 2261 2259
f 311 2050 2048
f 281 1960 1953
f 315 2063 2061
f 321 2081 2079
f 328 2102 2100
f 333 2117 2115
f 303 2027 2025
f 375 2243 2241
f 384 2268 2264
f 276 1944 1938
f 229 1804 1802
f 223 1785 1783
f 235 1821 1819
f 241 1839 1837
f 247 1858 1856
f 271 1929 1927
f 332 2114 2112
f 302 2024 2022
f 374 2240 2238
f 379 2253 2251
f 307 2038 2036
f 278 1951 1949
f 313 2055 2053
f 319 2073 2071
f 325 2092 2090
f 331 2109 2107
f 301 2019 2017
f 373 2235 2233
f 380 2258 2256
f 272 1934 1932
f 248 1861 1859
f 230 1807 1805
f 224 1790 1788
f 236 1826 1824
f 242 1844 1842
f 254 1880 1878
f 356 2186 2184
f 397 2308 2306
f 385 2272 2270
f 259 1894 1892
f 326 2095 2093
f 308 2041 2039
f 277 1948 1946
f 314 2060 2058
f 320 2078 2076
f 338 2132 2130
f 284 1970 1968
f 289 1984 1982
f 367 2218 2216
f 391 2289 2287
f 355 2181 2179
f 253 1875 1873
f 260 1897 1895
f 386 2275 2273
f 398 2311 2309
f 350 2167 2165
f 343 2146 2144
f 295 2002 2000
f 361 2200 2198
f 266 1915 1913
f 337 2127 2125
f 283 1965 1963
f 290 1987 1985
f 368 2221 2219
f 392 2294 2292
f 349 2164 2162
f 344 2149 2147
f 296 2005 2003
f 362 2203 2201
f 265 1912 1910
f 251 1870 1863
f 233 1816 1809
f 228 1800 1794
f 240 1836 1830
f 246 1854 1848
f 258 1890 1886
f 360 2196 2192
f 401 2320 2318
f 389 2284 2282
f 263 1906 1904
f 329 2104 2097
f 310 2047 2043
f 280 1958 1956
f 318 2070 2066
f 324 2088 2082
f 342 2142 2138
f 288 1980 1974
f 292 1994 1992
f 371 2230 2228
f 393 2297 2295
f 409 2329 2331
f 405 2323 2327
f 411 2326 2328
f 414 2333 2334
f 417 2336 2337
f 431 2345 2346
f 488 2409 2412
f 575 2496 2499
f 563 2485 2487
f 519 2435 2436
f 454 2374 2376
f 450 2368 2372
f 456 2371 2373
f 459 2378 2379
f 462 2381 2382
f 472 2392 2396
f 446 2360 2361
f 506 2416 2418
f 535 2456 2457
f 541 2460 2463
f 570 2488 2492
f 480 2398 2402
f 421 2340 2343
f 511 2430 2433
f 556 2475 2478
f 484 2404 2406
f 580 2501 2502
f 567 2482 2484
f 522 2440 2442
f 427 2347 2349
f 544 2464 2468
f 468 2384 2387
f 436 2355 2358
f 499 2419 2421
f 530 2451 2454
f 548 2470 2472
f 466 2385 2388
f 442 2362 2364
f 505 2423 2426
f 536 2446 2448
f 491 2401 2403
f 423 2339 2342
f 513 2429 2432
f 564 2474 2477
f 581 2491 2493
f 549 2459 2462
f 477 2395 2397
f 445 2365 2367
f 503 2424 2427
f 525 2443 2447
f 474 2390 2391
f 438 2354 2357
f 495 2413 2417
f 532 2450 2453
f 552 2467 2469
f 490 2408 2411
f 577 2495 2498
f 559 2479 2483
f 517 2437 2441
f 430 2350 2352
f 590 2511 2509
f 584 2505 2503
f 585 2507 2506
f 592 2513 2512
f 595 2516 2515
f 598 2519 2518
f 636 2556 2555
f 621 2540 2541
f 642 2561 2562
f 601 2521 2522
f 623 2544 2542
f 611 2529 2528
f 609 2530 2531
f 625 2546 2545
f 628 2549 2548
f 632 2553 2551
f 613 2534 2533
f 616 2536 2537
f 638 2557 2559
f 606 2525 2526
f 1607 644 647
f 1603 643 644
f 1604 645 643
f 1610 646 645
f 1613 647 646
f 1622 652 649
f 1686 670 672
f 1773 699 702
f 1761 695 696
f 1712 681 679
f 1652 659 662
f 1648 658 659
f 1649 660 658
f 1655 661 660
f 1658 662 661
f 1670 665 666
f 1637 657 654
f 1694 677 673
f 1731 686 685
f 1739 688 692
f 1768 698 701
f 1678 668 669
f 1619 648 650
f 1709 678 682
f 1754 693 697
f 1682 669 671
f 1776 701 700
f 1758 697 694
f 1716 682 680
f 1625 650 651
f 1742 689 690
f 1663 664 663
f 1634 653 655
f 1697 674 676
f 1728 684 687
f 1746 690 691
f 1664 663 667
f 1640 655 656
f 1700 676 675
f 1724 687 683
f 1679 672 668
f 1618 649 648
f 1708 679 678
f 1753 696 693
f 1769 702 698
f 1738 691 688
f 1671 667 665
f 1643 656 657
f 1701 675 677
f 1723 683 686
f 1667 666 664
f 1633 654 653
f 1693 673 674
f 1727 685 684
f 1743 692 689
f 1685 671 670
f 1772 700 699
f 1757 694 695
f 1715 680 681
f 1628 651 652
f 2187 838 837
f 1881 736 735
f 1899 741 742
f 2277 867 868
f 2313 879 880
f 2169 831 832
f 2156 828 827
f 2010 780 778
f 2208 846 844
f 1917 747 749
f 2133 820 819
f 1971 767 765
f 1989 771 773
f 2223 849 850
f 2300 875 876
f 2174 834 833
f 2151 825 826
f 2007 777 779
f 2205 843 845
f 1920 750 748
f 1855 727 729
f 1801 709 711
f 1784 703 706
f 1820 715 718
f 1838 721 724
f 1874 733 737
f 2180 835 839
f 2310 878 882
f 2274 866 870
f 1896 740 744
f 2089 805 807
f 2035 787 789
f 1950 758 762
f 2054 793 797
f 2072 799 802
f 2126 817 821
f 1964 763 766
f 1986 770 774
f 2220 848 852
f 2291 872 874
f 2183 836 838
f 1877 734 736
f 1891 739 741
f 2269 865 867
f 2305 877 879
f 2161 829 831
f 2148 824 828
f 2004 776 780
f 2202 842 846
f 1909 745 747
f 2129 818 820
f 1967 764 767
f 1981 769 771
f 2215 847 849
f 2288 871 875
f 2166 830 834
f 2143 823 825
f 1999 775 777
f 2197 841 843
f 1914 746 750
f 1806 710 714
f 1787 704 707
f 1823 716 719
f 1841 722 725
f 1860 728 732
f 1931 752 755
f 2108 811 814
f 2018 781 784
f 2234 853 857
f 2255 860 862
f 2040 788 792
f 1945 757 759
f 2057 794 796
f 2075 800 803
f 2094 806 810
f 2111 812 815
f 2021 782 785
f 2237 854 856
f 2252 859 863
f 1928 751 754
f 1812 714 712
f 1791 707 705
f 1827 719 717
f 1845 725 723
f 1866 732 730
f 1935 755 753
f 2118 814 816
f 2028 784 786
f 2246 857 858
f 2259 862 861
f 2048 792 791
f 1953 759 761
f 2061 796 795
f 2079 803 801
f 2100 810 808
f 2115 815 813
f 2025 785 783
f 2241 856 855
f 2264 863 864
f 1938 754 756
f 1802 712 709
f 1783 705 703
f 1819 717 715
f 1837 723 721
f 1856 730 727
f 1927 753 751
f 2112 816 812
f 2022 786 782
f 2238 858 854
f 2251 861 859
f 2036 791 787
f 1949 761 758
f 2053 795 793
f 2071 801 799
f 2090 808 805
f 2107 813 811
f 2017 783 781
f 2233 855 853
f 2256 864 860
f 1932 756 752
f 1859 731 728
f 1805 713 710
f 1788 708 704
f 1824 720 716
f 1842 726 722
f 1878 738 734
f 2184 840 836
f 2306 881 877
f 2270 869 865
f 1892 743 739
f 2093 809 806
f 2039 790 788
f 1946 760 757
f 2058 798 794
f 2076 804 800
f 2130 822 818
f 1968 768 764
f 1982 772 769
f 2216 851 847
f 2287 873 871
f 2179 837 835
f 1873 735 733
f 1895 742 740
f 2273 868 866
f 2309 880 878
f 2165 832 830
f 2144 827 823
f 2000 778 775
f 2198 844 841
f 1913 749 746
f 2125 819 817
f 1963 765 763
f 1985 773 770
f 2219 850 848
f 2292 876 872
f 2162 833 829
f 2147 826 824
f 2003 779 776
f 2201 845 842
f 1910 748 745
f 1863 729 731
f 1809 711 713
f 1794 706 708
f 1830 718 720
f 1848 724 726
f 1886 737 738
f 2192 839 840
f 2318 882 881
f 2282 870 869
f 1904 744 743
f 2097 807 809
f 2043 789 790
f 1956 762 760
f 2066 797 798
f 2082 802 804
f 2138 821 822
f 1974 766 768
f 1992 774 772
f 2228 852 851
f 2295 874 873
f 2331 1270 1269
f 2327 1246 1245
f 2328 1251 1252
f 2334 1287 1288
f 2337 1305 1306
f 2346 1335 1336
f 2412 1552 1551
f 2499 1474 1473
f 2487 1600 1599
f 2436 1353 1354
f 2376 1480 1479
f 2372 1402 1401
f 2373 1407 1408
f 2379 1491 1492
f 2382 1503 1504
f 2396 1534 1533
f 2361 1413 1414
f 2418 1443 1444
f 2457 1593 1594
f 2463 1384 1383
f 2492 1324 1323
f 2402 1276 1275
f 2343 1264 1263
f 2433 1300 1299
f 2478 1318 1317
f 2406 1342 1341
f 2502 1563 1564
f 2484 1461 1462
f 2442 1587 1588
f 2349 1348 1347
f 2468 1522 1521
f 2387 1419 1420
f 2358 1396 1395
f 2421 1498 1497
f 2454 1516 1515
f 2472 1558 1557
f 2388 1426 1425
f 2364 1432 1431
f 2426 1569 1570
f 2448 1371 1372
f 2403 1281 1282
f 2342 1257 1258
f 2432 1293 1294
f 2477 1311 1312
f 2493 1329 1330
f 2462 1377 1378
f 2397 1539 1540
f 2367 1450 1449
f 2427 1576 1575
f 2447 1366 1365
f 2391 1485 1486
f 2357 1389 1390
f 2417 1438 1437
f 2453 1509 1510
f 2469 1527 1528
f 2411 1545 1546
f 2498 1467 1468
f 2483 1456 1455
f 2441 1582 1581
f 2352 1360 1359
f 2509 1271 1272
f 2503 1247 1248
f 2506 1254 1253
f 2512 1290 1289
f 2515 1308 1307
f 2518 1338 1337
f 2555 1553 1554
f 2541 1475 1476
f 2562 1601 1602
f 2522 1356 1355
f 2542 1481 1482
f 2528 1403 1404
f 2531 1410 1409
f 2545 1494 1493
f 2548 1506 1505
f 2551 1535 1536
f 2533 1416 1415
f 2537 1446 1445
f 2559 1596 1595
f 2526 1385 1386
f 1616 907 909
f 1608 889 891
f 1606 883 886
f 1612 895 898
f 1615 901 904
f 1624 919 922
f 1692 1057 1060
f 1782 1237 1240
f 1765 1201 1204
f 1714 1099 1102
f 1661 997 999
f 1653 979 981
f 1651 973 976
f 1657 985 988
f 1660 991 994
f 1675 1021 1024
f 1639 949 952
f 1696 1063 1066
f 1733 1135 1138
f 1751 1177 1179
f 1779 1231 1233
f 1683 1039 1041
f 1626 925 927
f 1721 1117 1119
f 1766 1207 1209
f 1689 1051 1053
f 1778 1225 1228
f 1760 1189 1192
f 1718 1105 1108
f 1629 931 933
f 1747 1165 1167
f 1665 1003 1005
f 1641 955 957
f 1704 1081 1083
f 1737 1147 1150
f 1750 1171 1174
f 1676 1027 1029
f 1644 961 963
f 1702 1075 1077
f 1726 1123 1126
f 1681 1033 1036
f 1620 913 915
f 1710 1093 1095
f 1755 1183 1185
f 1771 1213 1216
f 1740 1153 1155
f 1673 1015 1018
f 1647 967 970
f 1707 1087 1090
f 1734 1141 1143
f 1669 1009 1012
f 1635 943 945
f 1698 1069 1071
f 1729 1129 1131
f 1745 1159 1162
f 1687 1045 1047
f 1774 1219 1221
f 1762 1195 1197
f 1720 1111 1114
f 1632 937 940
f 2189 1280 1284
f 1883 1256 1260
f 1903 1292 1296
f 2281 1310 1314
f 2317 1328 1332
f 2173 1376 1380
f 2158 1538 1542
f 2012 1447 1451
f 2210 1573 1577
f 1924 1363 1367
f 2135 1484 1488
f 1973 1388 1392
f 1996 1435 1439
f 2227 1508 1512
f 2304 1526 1530
f 2176 1544 1548
f 2155 1466 1470
f 2014 1453 1457
f 2212 1579 1583
f 1922 1357 1361
f 1864 1268 1270
f 1810 1244 1246
f 1795 1249 1251
f 1831 1285 1287
f 1849 1303 1305
f 1887 1333 1335
f 2193 1550 1552
f 2321 1472 1474
f 2285 1598 1600
f 1907 1351 1353
f 2098 1478 1480
f 2044 1400 1402
f 1961 1405 1407
f 2067 1489 1491
f 2083 1501 1503
f 2139 1532 1534
f 1975 1411 1413
f 1997 1441 1443
f 2231 1591 1593
f 2298 1382 1384
f 2190 1322 1324
f 1884 1274 1276
f 1900 1262 1264
f 2278 1298 1300
f 2314 1316 1318
f 2170 1340 1342
f 2159 1561 1563
f 2015 1459 1461
f 2213 1585 1587
f 1918 1346 1348
f 2136 1520 1522
f 1977 1417 1419
f 1990 1394 1396
f 2224 1496 1498
f 2301 1514 1516
f 2177 1556 1558
f 2152 1424 1426
f 2008 1430 1432
f 2206 1567 1569
f 1925 1369 1371
f 1817 1279 1281
f 1797 1255 1257
f 1833 1291 1293
f 1851 1309 1311
f 1871 1327 1329
f 1941 1375 1377
f 2119 1537 1539
f 2029 1448 1450
f 2247 1574 1576
f 2262 1364 1366
f 2051 1483 1485
f 1954 1387 1389
f 2064 1436 1438
f 2085 1507 1509
f 2105 1525 1527
f 2121 1543 1545
f 2031 1465 1467
f 2244 1454 1456
f 2265 1580 1582
f 1939 1358 1360
f 1814 1267 1271
f 1793 1243 1247
f 1829 1250 1254
f 1847 1286 1290
f 1868 1304 1308
f 1937 1334 1338
f 2124 1549 1553
f 2034 1471 1475
f 2250 1597 1601
f 2261 1352 1356
f 2050 1477 1481
f 1960 1399 1403
f 2063 1406 1410
f 2081 1490 1494
f 2102 1502 1506
f 2117 1531 1535
f 2027 1412 1416
f 2243 1442 1446
f 2268 1592 1596
f 1944 1381 1385
f 1804 890 894
f 1785 884 887
f 1821 896 899
f 1839 902 905
f 1858 908 912
f 1929 938 941
f 2114 1046 1050
f 2024 1220 1224
f 2240 1196 1200
f 2253 1112 1115
f 2038 980 984
f 1951 974 977
f 2055 986 989
f 2073 992 995
f 2092 998 1002
f 2109 1016 1019
f 2019 968 971
f 2235 1088 1091
f 2258 1142 1146
f 1934 1154 1158
f 1861 1214 1217
f 1807 1034 1037
f 1790 914 918
f 1826 1094 1098
f 1844 1184 1188
f 1880 1040 1044
f 2186 1232 1236
f 2308 1208 1212
f 2272 1118 1122
f 1894 926 930
f 2095 1160 1163
f 2041 1010 1013
f 1948 944 948
f 2060 1070 1074
f 2078 1130 1134
f 2132 1166 1170
f 1970 1004 1008
f 1984 956 960
f 2218 1082 1086
f 2289 1148 1151
f 2181 1058 1061
f 1875 920 923
f 1897 1100 1103
f 2275 1202 1205
f 2311 1238 1241
f 2167 1172 1175
f 2146 1028 1032
f 2002 962 966
f 2200 1076 1080
f 1915 1124 1127
f 2127 1022 1025
f 1965 950 953
f 1987 1064 1067
f 2221 1136 1139
f 2294 1178 1182
f 2164 1052 1056
f 2149 1226 1229
f 2005 1190 1193
f 2203 1106 1109
f 1912 932 936
f 1870 1321 1325
f 1816 1273 1277
f 1800 1261 1265
f 1836 1297 1301
f 1854 1315 1319
f 1890 1339 1343
f 2196 1562 1566
f 2320 1460 1464
f 2284 1586 1590
f 1906 1345 1349
f 2104 1519 1523
f 2047 1418 1422
f 1958 1393 1397
f 2070 1495 1499
f 2088 1513 1517
f 2142 1555 1559
f 1980 1423 1427
f 1994 1429 1433
f 2230 1568 1572
f 2297 1370 1374
f 2329 894 892
f 2323 887 885
f 2326 899 897
f 2333 905 903
f 2336 912 910
f 2345 941 939
f 2409 1050 1048
f 2496 1224 1222
f 2485 1200 1198
f 2435 1115 1113
f 2374 984 982
f 2368 977 975
f 2371 989 987
f 2378 995 993
f 2381 1002 1000
f 2392 1019 1017
f 2360 971 969
f 2416 1091 1089
f 2456 1146 1144
f 2460 1158 1156
f 2488 1217 1215
f 2398 1037 1035
f 2340 918 916
f 2430 1098 1096
f 2475 1188 1186
f 2404 1044 1042
f 2501 1236 1234
f 2482 1212 1210
f 2440 1122 1120
f 2347 930 928
f 2464 1163 1161
f 2384 1013 1011
f 2355 948 946
f 2419 1074 1072
f 2451 1134 1132
f 2470 1170 1168
f 2385 1008 1006
f 2362 960 958
f 2423 1086 1084
f 2446 1151 1149
f 2401 1061 1059
f 2339 923 921
f 2429 1103 1101
f 2474 1205 1203
f 2491 1241 1239
f 2459 1175 1173
f 2395 1032 1030
f 2365 966 964
f 2424 1080 1078
f 2443 1127 1125
f 2390 1025 1023
f 2354 953 951
f 2413 1067 1065
f 2450 1139 1137
f 2467 1182 1180
f 2408 1056 1054
f 2495 1229 1227
f 2479 1193 1191
f 2437 1109 1107
f 2350 936 934
f 2511 1325 1326
f 2505 1277 1278
f 2507 1265 1266
f 2513 1301 1302
f 2516 1319 1320
f 2519 1343 1344
f 2556 1566 1565
f 2540 1464 1463
f 2561 1590 1589
f 2521 1349 1350
f 2544 1523 1524
f 2529 1422 1421
f 2530 1397 1398
f 2546 1499 1500
f 2549 1517 1518
f 2553 1559 1560
f 2534 1427 1428
f 2536 1433 1434
f 2557 1572 1571
f 2525 1374 1373
f 1609 892 889
f 1605 885 883
f 1611 897 895
f 1614 903 901
f 1617 910 907
f 1631 939 937
f 1688 1048 1045
f 1775 1222 1219
f 1763 1198 1195
f 1719 1113 1111
f 1654 982 979
f 1650 975 973
f 1656 987 985
f 1659 993 991
f 1662 1000 997
f 1672 1017 1015
f 1646 969 967
f 1706 1089 1087
f 1735 1144 1141
f 1741 1156 1153
f 1770 1215 1213
f 1680 1035 1033
f 1621 916 913
f 1711 1096 1093
f 1756 1186 1183
f 1684 1042 1039
f 1780 1234 1231
f 1767 1210 1207
f 1722 1120 1117
f 1627 928 925
f 1744 1161 1159
f 1668 1011 1009
f 1636 946 943
f 1699 1072 1069
f 1730 1132 1129
f 1748 1168 1165
f 1666 1006 1003
f 1642 958 955
f 1705 1084 1081
f 1736 1149 1147
f 1691 1059 1057
f 1623 921 919
f 1713 1101 1099
f 1764 1203 1201
f 1781 1239 1237
f 1749 1173 1171
f 1677 1030 1027
f 1645 964 961
f 1703 1078 1075
f 1725 1125 1123
f 1674 1023 1021
f 1638 951 949
f 1695 1065 1063
f 1732 1137 1135
f 1752 1180 1177
f 1690 1054 1051
f 1777 1227 1225
f 1759 1191 1189
f 1717 1107 1105
f 1630 934 931
f 2191 1326 1322
f 1885 1278 1274
f 1901 1266 1262
f 2279 1302 1298
f 2315 1320 1316
f 2171 1344 1340
f 2160 1565 1561
f 2016 1463 1459
f 2214 1589 1585
f 1919 1350 1346
f 2137 1524 1520
f 1978 1421 1417
f 1991 1398 1394
f 2225 1500 1496
f 2302 1518 1514
f 2178 1560 1556
f 2153 1428 1424
f 2009 1434 1430
f 2207 1571 1567
f 1926 1373 1369
f 1857 911 908
f 1803 893 890
f 1786 888 884
f 1822 900 896
f 1840 906 902
f 1876 924 920
f 2182 1062 1058
f 2312 1242 1238
f 2276 1206 1202
f 1898 1104 1100
f 2091 1001 998
f 2037 983 980
f 1952 978 974
f 2056 990 986
f 2074 996 992
f 2128 1026 1022
f 1966 954 950
f 1988 1068 1064
f 2222 1140 1136
f 2293 1181 1178
f 2185 1235 1232
f 1879 1043 1040
f 1893 929 926
f 2271 1121 1118
f 2307 1211 1208
f 2163 1055 1052
f 2150 1230 1226
f 2006 1194 1190
f 2204 1110 1106
f 1911 935 932
f 2131 1169 1166
f 1969 1007 1004
f 1983 959 956
f 2217 1085 1082
f 2290 1152 1148
f 2168 1176 1172
f 2145 1031 1028
f 2001 965 962
f 2199 1079 1076
f 1916 1128 1124
f 1808 1038 1034
f 1789 917 914
f 1825 1097 1094
f 1843 1187 1184
f 1862 1218 1214
f 1933 1157 1154
f 2110 1020 1016
f 2020 972 968
f 2236 1092 1088
f 2257 1145 1142
f 2042 1014 1010
f 1947 947 944
f 2059 1073 1070
f 2077 1133 1130
f 2096 1164 1160
f 2113 1049 1046
f 2023 1223 1220
f 2239 1199 1196
f 2254 1116 1112
f 1930 942 938
f 1818 1283 1279
f 1798 1259 1255
f 1834 1295 1291
f 1852 1313 1309
f 1872 1331 1327
f 1942 1379 1375
f 2120 1541 1537
f 2030 1452 1448
f 2248 1578 1574
f 2263 1368 1364
f 2052 1487 1483
f 1955 1391 1387
f 2065 1440 1436
f 2086 1511 1507
f 2106 1529 1525
f 2122 1547 1543
f 2032 1469 1465
f 2245 1458 1454
f 2266 1584 1580
f 1940 1362 1358
f 1813 1269 1267
f 1792 1245 1243
f 1828 1252 1250
f 1846 1288 1286
f 1867 1306 1304
f 1936 1336 1334
f 2123 1551 1549
f 2033 1473 1471
f 2249 1599 1597
f 2260 1354 1352
f 2049 1479 1477
f 1959 1401 1399
f 2062 1408 1406
f 2080 1492 1490
f 2101 1504 1502
f 2116 1533 1531
f 2026 1414 1412
f 2242 1444 1442
f 2267 1594 1592
f 1943 1383 1381
f 1869 1323 1321
f 1815 1275 1273
f 1799 1263 1261
f 1835 1299 1297
f 1853 1317 1315
f 1889 1341 1339
f 2195 1564 1562
f 2319 1462 1460
f 2283 1588 1586
f 1905 1347 1345
f 2103 1521 1519
f 2046 1420 1418
f 1957 1395 1393
f 2069 1497 1495
f 2087 1515 1513
f 2141 1557 1555
f 1979 1425 1423
f 1993 1431 1429
f 2229 1570 1568
f 2296 1372 1370
f 2188 1282 1280
f 1882 1258 1256
f 1902 1294 1292
f 2280 1312 1310
f 2316 1330 1328
f 2172 1378 1376
f 2157 1540 1538
f 2011 1449 1447
f 2209 1575 1573
f 1923 1365 1363
f 2134 1486 1484
f 1972 1390 1388
f 1995 1437 1435
f 2226 1510 1508
f 2303 1528 1526
f 2175 1546 1544
f 2154 1468 1466
f 2013 1455 1453
f 2211 1581 1579
f 1921 1359 1357
f 1865 1272 1268
f 1811 1248 1244
f 1796 1253 1249
f 1832 1289 1285
f 1850 1307 1303
f 1888 1337 1333
f 2194 1554 1550
f 2322 1476 1472
f 2286 1602 1598
f 1908 1355 1351
f 2099 1482 1478
f 2045 1404 1400
f 1962 1409 1405
f 2068 1493 1489
f 2084 1505 1501
f 2140 1536 1532
f 1976 1415 1411
f 1998 1445 1441
f 2232 1595 1591
f 2299 1386 1382
f 2330 909 911
f 2324 891 893
f 2325 886 888
f 2332 898 900
f 2335 904 906
f 2344 922 924
f 2410 1060 1062
f 2497 1240 1242
f 2486 1204 1206
f 2434 1102 1104
f 2375 999 1001
f 2369 981 983
f 2370 976 978
f 2377 988 990
f 2380 994 996
f 2393 1024 1026
f 2359 952 954
f 2415 1066 1068
f 2455 1138 1140
f 2461 1179 1181
f 2489 1233 1235
f 2399 1041 1043
f 2341 927 929
f 2431 1119 1121
f 2476 1209 1211
f 2405 1053 1055
f 2500 1228 1230
f 2481 1192 1194
f 2439 1108 1110
f 2348 933 935
f 2465 1167 1169
f 2383 1005 1007
f 2356 957 959
f 2420 1083 1085
f 2452 1150 1152
f 2471 1174 1176
f 2386 1029 1031
f 2363 963 965
f 2422 1077 1079
f 2445 1126 1128
f 2400 1036 1038
f 2338 915 917
f 2428 1095 1097
f 2473 1185 1187
f 2490 1216 1218
f 2458 1155 1157
f 2394 1018 1020
f 2366 970 972
f 2425 1090 1092
f 2444 1143 1145
f 2389 1012 1014
f 2353 945 947
f 2414 1071 1073
f 2449 1131 1133
f 2466 1162 1164
f 2407 1047 1049
f 2494 1221 1223
f 2480 1197 1199
f 2438 1114 1116
f 2351 940 942
f 2510 1284 1283
f 2504 1260 1259
f 2508 1296 1295
f 2514 1314 1313
f 2517 1332 1331
f 2520 1380 1379
f 2554 1542 1541
f 2539 1451 1452
f 2560 1577 1578
f 2523 1367 1368
f 2543 1488 1487
f 2527 1392 1391
f 2532 1439 1440
f 2547 1512 1511
f 2550 1530 1529
f 2552 1548 1547
f 2535 1470 1469
f 2538 1457 1458
f 2558 1583 1584
f 2524 1361 1362
f 1607 1616 1609
f 1603 1608 1605
f 1604 1606 1611
f 1610 1612 1614
f 1613 1615 1617
f 1622 1624 1631
f 1686 1692 1688
f 1773 1782 1775
f 1761 1765 1763
f 1712 1714 1719
f 1652 1661 1654
f 1648 1653 1650
f 1649 1651 1656
f 1655 1657 1659
f 1658 1660 1662
f 1670 1675 1672
f 1637 1639 1646
f 1694 1696 1706
f 1731 1733 1735
f 1739 1751 1741
f 1768 1779 1770
f 1678 1683 1680
f 1619 1626 1621
f 1709 1721 1711
f 1754 1766 1756
f 1682 1689 1684
f 1776 1778 1780
f 1758 1760 1767
f 1716 1718 1722
f 1625 1629 1627
f 1742 1747 1744
f 1663 1665 1668
f 1634 1641 1636
f 1697 1704 1699
f 1728 1737 1730
f 1746 1750 1748
f 1664 1676 1666
f 1640 1644 1642
f 1700 1702 1705
f 1724 1726 1736
f 1679 1681 1691
f 1618 1620 1623
f 1708 1710 1713
f 1753 1755 1764
f 1769 1771 1781
f 1738 1740 1749
f 1671 1673 1677
f 1643 1647 1645
f 1701 1707 1703
f 1723 1734 1725
f 1667 1669 1674
f 1633 1635 1638
f 1693 1698 1695
f 1727 1729 1732
f 1743 1745 1752
f 1685 1687 1690
f 1772 1774 1777
f 1757 1762 1759
f 1715 1720 1717
f 1628 1632 1630
f 2187 2189 2191
f 1881 1883 1885
f 1899 1903 1901
f 2277 2281 2279
f 2313 2317 2315
f 2169 2173 2171
f 2156 2158 2160
f 2010 2012 2016
f 2208 2210 2214
f 1917 1924 1919
f 2133 2135 2137
f 1971 1973 1978
f 1989 1996 1991
f 2223 2227 2225
f 2300 2304 2302
f 2174 2176 2178
f 2151 2155 2153
f 2007 2014 2009
f 2205 2212 2207
f 1920 1922 1926
f 1855 1864 1857
f 1801 1810 1803
f 1784 1795 1786
f 1820 1831 1822
f 1838 1849 1840
f 1874 1887 1876
f 2180 2193 2182
f 2310 2321 2312
f 2274 2285 2276
f 1896 1907 1898
f 2089 2098 2091
f 2035 2044 2037
f 1950 1961 1952
f 2054 2067 2056
f 2072 2083 2074
f 2126 2139 2128
f 1964 1975 1966
f 1986 1997 1988
f 2220 2231 2222
f 2291 2298 2293
f 2183 2190 2185
f 1877 1884 1879
f 1891 1900 1893
f 2269 2278 2271
f 2305 2314 2307
f 2161 2170 2163
f 2148 2159 2150
f 2004 2015 2006
f 2202 2213 2204
f 1909 1918 1911
f 2129 2136 2131
f 1967 1977 1969
f 1981 1990 1983
f 2215 2224 2217
f 2288 2301 2290
f 2166 2177 2168
f 2143 2152 2145
f 1999 2008 2001
f 2197 2206 2199
f 1914 1925 1916
f 1806 1817 1808
f 1787 1797 1789
f 1823 1833 1825
f 1841 1851 1843
f 1860 1871 1862
f 1931 1941 1933
f 2108 2119 2110
f 2018 2029 2020
f 2234 2247 2236
f 2255 2262 2257
f 2040 2051 2042
f 1945 1954 1947
f 2057 2064 2059
f 2075 2085 2077
f 2094 2105 2096
f 2111 2121 2113
f 2021 2031 2023
f 2237 2244 2239
f 2252 2265 2254
f 1928 1939 1930
f 1812 1814 1818
f 1791 1793 1798
f 1827 1829 1834
f 1845 1847 1852
f 1866 1868 1872
f 1935 1937 1942
f 2118 2124 2120
f 2028 2034 2030
f 2246 2250 2248
f 2259 2261 2263
f 2048 2050 2052
f 1953 1960 1955
f 2061 2063 2065
f 2079 2081 2086
f 2100 2102 2106
f 2115 2117 2122
f 2025 2027 2032
f 2241 2243 2245
f 2264 2268 2266
f 1938 1944 1940
f 1802 1804 1813
f 1783 1785 1792
f 1819 1821 1828
f 1837 1839 1846
f 1856 1858 1867
f 1927 1929 1936
f 2112 2114 2123
f 2022 2024 2033
f 2238 2240 2249
f 2251 2253 2260
f 2036 2038 2049
f 1949 1951 1959
f 2053 2055 2062
f 2071 2073 2080
f 2090 2092 2101
f 2107 2109 2116
f 2017 2019 2026
f 2233 2235 2242
f 2256 2258 2267
f 1932 1934 1943
f 1859 1861 1869
f 1805 1807 1815
f 1788 1790 1799
f 1824 1826 1835
f 1842 1844 1853
f 1878 1880 1889
f 2184 2186 2195
f 2306 2308 2319
f 2270 2272 2283
f 1892 1894 1905
f 2093 2095 2103
f 2039 2041 2046
f 1946 1948 1957
f 2058 2060 2069
f 2076 2078 2087
f 2130 2132 2141
f 1968 1970 1979
f 1982 1984 1993
f 2216 2218 2229
f 2287 2289 2296
f 2179 2181 2188
f 1873 1875 1882
f 1895 1897 1902
f 2273 2275 2280
f 2309 2311 2316
f 2165 2167 2172
f 2144 2146 2157
f 2000 2002 2011
f 2198 2200 2209
f 1913 1915 1923
f 2125 2127 2134
f 1963 1965 1972
f 1985 1987 1995
f 2219 2221 2226
f 2292 2294 2303
f 2162 2164 2175
f 2147 2149 2154
f 2003 2005 2013
f 2201 2203 2211
f 1910 1912 1921
f 1863 1870 1865
f 1809 1816 1811
f 1794 1800 1796
f 1830 1836 1832
f 1848 1854 1850
f 1886 1890 1888
f 2192 2196 2194
f 2318 2320 2322
f 2282 2284 2286
f 1904 1906 1908
f 2097 2104 2099
f 2043 2047 2045
f 1956 1958 1962
f 2066 2070 2068
f 2082 2088 2084
f 2138 2142 2140
f 1974 1980 1976
f 1992 1994 1998
f 2228 2230 2232
f 2295 2297 2299
f 2331 2329 2330
f 2327 2323 2324
f 2328 2326 2325
f 2334 2333 2332
f 2337 2336 2335
f 2346 2345 2344
f 2412 2409 2410
f 2499 2496 2497
f 2487 2485 2486
f 2436 2435 2434
f 2376 2374 2375
f 2372 2368 2369
f 2373 2371 2370
f 2379 2378 2377
f 2382 2381 2380
f 2396 2392 2393
f 2361 2360 2359
f 2418 2416 2415
f 2457 2456 2455
f 2463 2460 2461
f 2492 2488 2489
f 2402 2398 2399
f 2343 2340 2341
f 2433 2430 2431
f 2478 2475 2476
f 2406 2404 2405
f 2502 2501 2500
f 2484 2482 2481
f 2442 2440 2439
f 2349 2347 2348
f 2468 2464 2465
f 2387 2384 2383
f 2358 2355 2356
f 2421 2419 2420
f 2454 2451 2452
f 2472 2470 2471
f 2388 2385 2386
f 2364 2362 2363
f 2426 2423 2422
f 2448 2446 2445
f 2403 2401 2400
f 2342 2339 2338
f 2432 2429 2428
f 2477 2474 2473
f 2493 2491 2490
f 2462 2459 2458
f 2397 2395 2394
f 2367 2365 2366
f 2427 2424 2425
f 2447 2443 2444
f 2391 2390 2389
f 2357 2354 2353
f 2417 2413 2414
f 2453 2450 2449
f 2469 2467 2466
f 2411 2408 2407
f 2498 2495 2494
f 2483 2479 2480
f 2441 2437 2438
f 2352 2350 2351
f 2509 2511 2510
f 2503 2505 2504
f 2506 2507 2508
f 2512 2513 2514
f 2515 2516 2517
f 2518 2519 2520
f 2555 2556 2554
f 2541 2540 2539
f 2562 2561 2560
f 2522 2521 2523
f 2542 2544 2543
f 2528 2529 2527
f 2531 2530 2532
f 2545 2546 2547
f 2548 2549 2550
f 2551 2553 2552
f 2533 2534 2535
f 2537 2536 2538
f 2559 2557 2558
f 2526 2525 2524
