v -0.30020952 0.41157827 -0.08958080 0.507572 0.507456 0.507400
v 0.31090075 0.42364204 -0.09340265 0.507919 0.507798 0.507741
v -0.39977723 -0.66533661 -0.01563608 0.508230 0.507877 0.507711
v 0.40364891 -0.66595501 -0.01954647 0.509702 0.509315 0.509132
v -0.00491786 -0.54477823 0.84815282 0.530122 0.526430 0.524659
v -0.00027806 0.23050952 0.53867513 0.523114 0.522887 0.522779
v 0.00627062 -0.30311432 -0.49147859 0.528648 0.526710 0.525772
v -0.00030992 0.53663033 -0.85109550 0.541909 0.537015 0.534710
v 0.56340450 0.01494204 -0.35810620 0.530553 0.528989 0.528239
v 0.58669710 -0.01209400 0.35196269 0.521770 0.521105 0.520792
v -0.54729855 0.01475530 -0.34002259 0.521832 0.520429 0.519733
v -0.56586373 -0.00662155 0.34701914 0.522176 0.521104 0.520601
v 0.01012908 0.51617682 -0.13969386 0.501926 0.501819 0.501765
v -0.18498081 0.29886687 0.26546413 0.511688 0.511396 0.511250
v -0.24755536 0.80610079 -0.52542895 0.547753 0.542133 0.539030
v -0.48453605 0.30770874 -0.22219545 0.549558 0.548495 0.547995
v -0.49370629 0.22110265 0.18468910 0.553087 0.552334 0.551979
v 0.19122382 0.29623848 0.25668263 0.509842 0.509644 0.509547
v 0.23836967 0.80130571 -0.51772583 0.547268 0.542140 0.539308
v 0.48305032 0.30809611 -0.23435175 0.550700 0.549856 0.549459
v 0.49263188 0.23825207 0.18055896 0.542021 0.541471 0.541212
v 0.00224875 -0.72783995 -0.00273621 0.500265 0.500265 0.500265
v -0.31278872 -0.75532222 0.52626771 0.521695 0.520249 0.519568
v -0.22282740 -0.61778247 -0.36762649 0.546472 0.541320 0.538898
v -0.44788262 -0.27403665 -0.16727370 0.531835 0.529574 0.528502
v -0.48605093 -0.31522262 0.23876254 0.532652 0.529558 0.528098
v 0.28322706 -0.80247939 0.67493266 0.556217 0.556022 0.555930
v 0.22237049 -0.60239065 -0.36294761 0.541317 0.536728 0.534568
v 0.45512393 -0.27470326 -0.18444848 0.530307 0.528307 0.527364
v 0.49278745 -0.31882977 0.23265010 0.525517 0.523064 0.521910
v -0.00432017 0.00001878 0.84403640 0.555685 0.551471 0.549487
v 0.37865862 -0.26632610 0.67432564 0.547841 0.543778 0.541867
v -0.37712508 -0.27146563 0.67575717 0.549311 0.544656 0.542468
v 0.31372446 0.14955194 0.50752491 0.560438 0.559463 0.559004
v -0.31607664 0.14595604 0.51252341 0.569382 0.568528 0.568124
v 0.00039731 0.04492625 -0.77481377 0.567645 0.545816 0.534021
v 0.28691316 -0.13758497 -0.45813349 0.575023 0.571283 0.569523
v -0.27826035 -0.14180394 -0.47070643 0.566270 0.563238 0.561812
v 0.38493094 0.27460018 -0.73414838 0.570568 0.563233 0.559394
v -0.38561222 0.27197516 -0.71825743 0.554699 0.546783 0.542671
v 0.65579045 -0.00311042 0.00713849 0.534389 0.532751 0.531956
v -0.64736259 0.00811084 0.01986839 0.537303 0.535505 0.534612
v -0.16904946 0.48215440 -0.12278943 0.503842 0.503702 0.503634
v -0.26022282 0.35624057 0.06798503 0.510401 0.510199 0.510102
v -0.27677482 0.56168979 -0.29181179 0.510737 0.510018 0.509667
v -0.37454599 0.38360402 -0.16097303 0.527417 0.526727 0.526382
v -0.40196422 0.31527323 0.04994229 0.523168 0.522695 0.522463
v 0.18704939 0.48293239 -0.12937886 0.503007 0.502847 0.502768
v 0.26972559 0.36550310 0.06201120 0.508969 0.508786 0.508699
v 0.28434369 0.57182926 -0.28577846 0.506954 0.506446 0.506198
v 0.38834596 0.40841535 -0.15851787 0.528097 0.527572 0.527321
v 0.39769843 0.33533949 0.04272098 0.524423 0.524015 0.523812
v -0.24121651 -0.80616975 -0.01493704 0.515634 0.515632 0.515631
v -0.31833649 -0.63333666 0.21179047 0.505508 0.505442 0.505406
v -0.41820669 -0.81993222 -0.25356165 0.525765 0.525770 0.525773
v -0.44504756 -0.51167881 -0.10112076 0.523081 0.520859 0.519800
v -0.44041911 -0.50057006 0.12366374 0.527005 0.525279 0.524449
v 0.24172843 -0.78498614 -0.02030385 0.513688 0.513676 0.513668
v 0.31267634 -0.63640434 0.25564384 0.508635 0.508447 0.508347
v 0.41657233 -0.82750434 -0.28824219 0.535773 0.535644 0.535581
v 0.44584477 -0.51277286 -0.11379874 0.520095 0.518177 0.517268
v 0.44059959 -0.50301564 0.12082772 0.522655 0.521085 0.520336
v -0.21326974 -0.84445131 0.83807349 0.584928 0.583879 0.583386
v 0.15511981 -0.71405190 0.74751890 0.514305 0.512459 0.511590
v -0.00268668 -0.27106830 0.91872936 0.562998 0.557702 0.555211
v 0.24987878 -0.43871909 0.84182793 0.562372 0.555667 0.552512
v -0.24042022 -0.45257437 0.84056216 0.487590 0.487343 0.487225
v -0.08576567 0.25033909 0.46116352 0.518513 0.518366 0.518297
v 0.09492555 0.24890271 0.45772970 0.517823 0.517669 0.517597
v -0.00504446 0.15230057 0.61132634 0.563707 0.562754 0.562307
v 0.13724586 0.21431148 0.52659869 0.547354 0.546932 0.546734
v -0.14267865 0.22270305 0.54183912 0.556191 0.555690 0.555454
v -0.07600583 -0.42336303 -0.42674398 0.525576 0.523402 0.522378
v 0.08527035 -0.41444066 -0.42272979 0.526618 0.524639 0.523707
v 0.00588559 -0.16203475 -0.53927982 0.584497 0.577300 0.573913
v 0.12617166 -0.25084510 -0.47631177 0.563684 0.558614 0.556227
v -0.11058158 -0.25473306 -0.48540747 0.560013 0.555136 0.552841
v -0.15286799 0.73343974 -0.74286991 0.581986 0.572572 0.567965
v 0.15404736 0.72869945 -0.74454099 0.581385 0.573111 0.569076
v -0.01129917 0.29555804 -0.90188432 0.611946 0.556584 0.526479
v 0.22963473 0.43903512 -0.87304014 0.579269 0.567604 0.561758
v -0.23457527 0.44070911 -0.87966692 0.574610 0.563484 0.557948
v 0.53986102 0.12068370 -0.31375274 0.543812 0.541452 0.540313
v 0.53342485 -0.08971795 -0.28413749 0.541696 0.539522 0.538501
v 0.45716417 -0.03617764 -0.42876673 0.569436 0.567434 0.566496
v 0.49582228 0.11238034 -0.50575715 0.558528 0.553396 0.550755
v 0.60710233 0.00076393 -0.19774857 0.539957 0.537808 0.536774
v 0.54987365 0.10016057 0.27892792 0.550144 0.548788 0.548140
v 0.56059527 -0.13138023 0.30238533 0.523160 0.522100 0.521602
v 0.49130312 -0.10716558 0.47761840 0.523655 0.522658 0.522189
v 0.47574127 0.05758591 0.43768689 0.545874 0.543982 0.543093
v 0.64148569 -0.00821696 0.20681010 0.534379 0.532209 0.531130
v -0.53556484 0.13265292 -0.29363447 0.543916 0.541869 0.540876
v -0.51538146 -0.08773166 -0.26078293 0.533984 0.532932 0.532435
v -0.44809425 -0.04364878 -0.42699587 0.552676 0.551673 0.551202
v -0.49339467 0.10017440 -0.50937462 0.534699 0.530643 0.528548
v -0.59887505 0.00695066 -0.17359501 0.537013 0.535147 0.534233
v -0.54346418 0.09830303 0.27959490 0.561723 0.560258 0.559563
v -0.54585189 -0.12820294 0.30533999 0.529101 0.527156 0.526242
v -0.47775638 -0.10655980 0.47867209 0.538429 0.535748 0.534483
v -0.46665207 0.05519447 0.43652108 0.560561 0.558437 0.557438
v -0.62435681 0.00153059 0.20452343 0.537560 0.535049 0.533795
v -0.08411689 0.39724720 0.06686105 0.505629 0.505410 0.505303
v -0.10004203 0.68768907 -0.31713000 0.507184 0.506565 0.506264
v 0.10055954 0.38793850 0.06134915 0.504488 0.504275 0.504172
v 0.11221905 0.69949567 -0.32355767 0.507850 0.507242 0.506941
v -0.36468333 0.27210775 0.24434507 0.527494 0.526820 0.526465
v 0.00714795 0.31168324 0.26615152 0.507279 0.507054 0.506946
v -0.27316651 0.24161878 0.42783755 0.536762 0.535767 0.535244
v -0.41596860 0.58208787 -0.42158198 0.611442 0.607005 0.604905
v 0.00295759 0.85085714 -0.54704940 0.509212 0.508983 0.508875
v -0.33420712 0.56632632 -0.64460170 0.541513 0.537283 0.535297
v -0.51373887 0.25628683 -0.00767952 0.546047 0.545202 0.544806
v -0.42676520 0.32424545 -0.45952976 0.554369 0.551917 0.550763
v -0.59337121 0.13200976 -0.08104698 0.550234 0.548812 0.548143
v -0.43097812 0.19809777 0.36117202 0.556779 0.555660 0.555134
v -0.59184313 0.12379035 0.10795078 0.554754 0.553353 0.552690
v 0.35904539 0.28594103 0.23294179 0.521904 0.521425 0.521182
v 0.26703665 0.24425343 0.41876876 0.530912 0.530201 0.529838
v 0.42816323 0.58378899 -0.39649662 0.591763 0.588116 0.586401
v 0.33361620 0.56010330 -0.64050162 0.533476 0.530018 0.528387
v 0.51256746 0.27192369 -0.01162998 0.546589 0.545996 0.545717
v 0.43205106 0.32302159 -0.46901304 0.552368 0.549937 0.548792
v 0.59176564 0.12304328 -0.09883327 0.552912 0.551378 0.550648
v 0.42473921 0.20672251 0.35815841 0.544686 0.543757 0.543320
v 0.59776735 0.12049665 0.10124931 0.549430 0.548042 0.547384
v -0.12384181 -0.70278561 0.28389016 0.500159 0.500159 0.500159
v -0.13139617 -0.80074430 -0.25422087 0.517114 0.517113 0.517113
v 0.10010530 -0.71584189 0.34840038 0.501435 0.501435 0.501435
v 0.13102685 -0.79032242 -0.25629717 0.513872 0.513872 0.513872
v -0.40805751 -0.52329701 0.39073020 0.538475 0.536915 0.536169
v -0.05572722 -0.79084182 0.54829371 0.508696 0.508529 0.508451
v -0.41493478 -0.58959818 0.67724985 0.573650 0.567498 0.564603
v -0.40937859 -0.48216188 -0.31096050 0.549065 0.545234 0.543432
v 0.00159335 -0.59922612 -0.35120136 0.534270 0.533528 0.533173
v -0.23819429 -0.36411655 -0.39618626 0.549135 0.545953 0.544457
v -0.48471427 -0.29747725 0.02906988 0.533012 0.530486 0.529275
v -0.37104028 -0.22447236 -0.32556945 0.550723 0.548719 0.547776
v -0.55940878 -0.10168254 -0.06969626 0.528066 0.526989 0.526481
v -0.45315742 -0.32267076 0.46159932 0.543885 0.539730 0.537775
v -0.58005190 -0.12637892 0.12143037 0.532129 0.530787 0.530155
v 0.38938349 -0.54892159 0.43468782 0.539145 0.536671 0.535478
v 0.35883671 -0.57103324 0.75489205 0.548635 0.544535 0.542607
v 0.40886742 -0.47734696 -0.32296574 0.546600 0.543329 0.541790
v 0.24467701 -0.35405624 -0.39193842 0.551292 0.548550 0.547260
v 0.49034902 -0.29918063 0.01673808 0.531055 0.528748 0.527642
v 0.38232782 -0.22137353 -0.33526179 0.558704 0.556517 0.555487
v 0.57088363 -0.10499263 -0.08851971 0.534106 0.532259 0.531391
v 0.45725048 -0.32748747 0.46862578 0.540573 0.537080 0.535435
v 0.59230304 -0.12710997 0.11321406 0.528436 0.526912 0.526195
v 0.24105248 -0.13483071 0.84163272 0.556599 0.551246 0.548727
v -0.23515385 -0.13647225 0.84060216 0.551368 0.546457 0.544140
v 0.17919835 0.07466675 0.66635364 0.565735 0.563922 0.563069
v -0.18469954 0.07391836 0.67160201 0.569930 0.568518 0.567855
v 0.36669868 -0.02733110 0.61706901 0.556857 0.554274 0.553059
v -0.35921162 -0.03190483 0.61760336 0.536913 0.535584 0.534959
v 0.17287256 -0.02023213 -0.58419359 0.585720 0.579677 0.576836
v -0.16449144 -0.03202458 -0.60407269 0.573288 0.568644 0.566474
v 0.25899318 0.13412897 -0.91143054 0.635227 0.588204 0.562629
v -0.29696572 0.12335190 -0.93476677 0.593514 0.556169 0.535858
v 0.35848355 0.05539372 -0.61922336 0.579536 0.573005 0.569693
v -0.35051256 0.05228963 -0.61871827 0.568956 0.564042 0.561550
v -0.24451667 0.44358680 -0.10886965 0.504024 0.503850 0.503763
v -0.28350881 0.38802853 -0.01944438 0.509398 0.509063 0.508895
v -0.28107285 0.46639642 -0.17852287 0.507930 0.507729 0.507630
v -0.33492425 0.40417200 -0.12447137 0.515607 0.515153 0.514921
v -0.34462869 0.36606258 -0.02629814 0.516813 0.516564 0.516445
v 0.26012754 0.45095485 -0.11467994 0.503334 0.503237 0.503190
v 0.29632422 0.39687783 -0.02489416 0.508549 0.508274 0.508135
v 0.29145819 0.47368684 -0.18064336 0.507390 0.507235 0.507159
v 0.34509227 0.41978243 -0.12398663 0.515115 0.514668 0.514437
v 0.34990621 0.37983447 -0.03135110 0.513854 0.513633 0.513525
v -0.34906852 -0.74418694 -0.02236691 0.507780 0.507611 0.507536
v -0.36231598 -0.64168155 0.06924260 0.508220 0.508076 0.508007
v -0.42353112 -0.74735641 -0.10488747 0.514494 0.514069 0.513871
v -0.43343288 -0.61111003 -0.05764429 0.520479 0.519234 0.518645
v -0.41684639 -0.58523077 0.04832553 0.518214 0.517255 0.516777
v 0.35488832 -0.74175262 -0.02051514 0.509203 0.508914 0.508775
v 0.36372602 -0.63488108 0.06982626 0.510824 0.510663 0.510583
v 0.43641499 -0.75800991 -0.11656886 0.512883 0.512165 0.511835
v 0.43590385 -0.61293674 -0.06816673 0.521114 0.519970 0.519431
v 0.41761214 -0.58591759 0.04321574 0.516705 0.515876 0.515461
v -0.09461828 -0.65933955 0.83306241 0.593470 0.588886 0.586726
v 0.06112079 -0.62451530 0.80934912 0.544515 0.541555 0.540161
v -0.00193998 -0.42722312 0.87811995 0.542585 0.537235 0.534718
v 0.11239690 -0.49804273 0.84730685 0.544090 0.538548 0.535940
v -0.11932150 -0.51423371 0.85796052 0.551997 0.545782 0.542860
v -0.03604703 0.23703095 0.52584910 0.524644 0.524193 0.523961
v 0.04197221 0.23700052 0.51752269 0.524460 0.524012 0.523781
v -0.00442404 0.21457559 0.55451488 0.538760 0.537815 0.537372
v 0.05909865 0.22789150 0.53233218 0.539445 0.538815 0.538500
v -0.06314322 0.22890824 0.54544657 0.541209 0.540685 0.540427
v -0.02594466 -0.35024557 -0.46731257 0.533321 0.531214 0.530219
v 0.03736882 -0.33944950 -0.46712288 0.532869 0.530846 0.529890
v 0.00650229 -0.26190156 -0.50887436 0.553819 0.549339 0.547229
v 0.05724283 -0.28507358 -0.48673946 0.544522 0.540829 0.539092
v -0.04195058 -0.29089934 -0.49204147 0.544416 0.540776 0.539064
v -0.06498183 0.62193918 -0.81246406 0.484933 0.482426 0.481168
v 0.06870786 0.62226540 -0.81243217 0.535492 0.530567 0.528077
v -0.00447137 0.43167821 -0.89120406 0.573334 0.546759 0.532467
v 0.10540970 0.50079709 -0.86305285 0.533234 0.526939 0.523792
v -0.10617698 0.49900267 -0.86307722 0.520397 0.515085 0.512356
v 0.56377560 0.05095949 -0.34535009 0.543501 0.540623 0.539188
v 0.55912930 -0.02900022 -0.32593885 0.536148 0.534644 0.533942
v 0.53064120 -0.00393631 -0.39836144 0.556905 0.555532 0.554884
v 0.54051173 0.05040544 -0.42324999 0.547406 0.544026 0.542329
v 0.58357179 0.00472219 -0.29000837 0.541938 0.539775 0.538726
v 0.57477450 0.03433936 0.32138887 0.535394 0.533614 0.532732
v 0.58426940 -0.05622324 0.33118951 0.527690 0.526688 0.526216
v 0.55568612 -0.04502486 0.40503067 0.533570 0.532764 0.532386
v 0.54459733 0.01691004 0.39376450 0.532548 0.530161 0.528939
v 0.61462152 -0.01113178 0.28896070 0.530488 0.529303 0.528730
v -0.55108833 0.05838095 -0.32325402 0.534971 0.532557 0.531349
v -0.54226905 -0.02887905 -0.30674499 0.532989 0.532146 0.531750
v -0.51151776 -0.00641203 -0.38510078 0.540500 0.539880 0.539587
v -0.52683812 0.04980632 -0.40778184 0.537454 0.533874 0.532060
v -0.56930101 0.00734243 -0.26655349 0.538912 0.537063 0.536146
v -0.56369901 0.03760559 0.31940383 0.538570 0.536361 0.535287
v -0.56163490 -0.05134787 0.32904693 0.531085 0.529249 0.528384
v -0.53296238 -0.04252087 0.40308964 0.546355 0.543990 0.542877
v -0.53539091 0.01757129 0.39241892 0.537928 0.534901 0.533384
v -0.59198821 -0.00345683 0.28316075 0.540168 0.537853 0.536724
v -0.08277808 0.51140535 -0.13142294 0.502917 0.502778 0.502712
v 0.10216067 0.50199902 -0.14104791 0.502308 0.502149 0.502072
v -0.03652101 0.45107722 -0.03676383 0.502993 0.502806 0.502718
v -0.04025527 0.60293210 -0.22627559 0.503333 0.503099 0.502986
v 0.05519389 0.44555497 -0.03967726 0.503489 0.503264 0.503153
v 0.05718626 0.60395837 -0.22924860 0.502177 0.502029 0.501958
v -0.22666086 0.32561338 0.16389556 0.511206 0.511005 0.510908
v -0.13795049 0.27434886 0.36701271 0.512402 0.512210 0.512119
v -0.13526720 0.34655023 0.16774561 0.508110 0.507933 0.507849
v -0.28040594 0.28109914 0.25920522 0.519659 0.519492 0.519412
v -0.08828291 0.31301659 0.26994070 0.509064 0.508883 0.508797
v -0.23512787 0.26241332 0.35796097 0.522514 0.522211 0.522061
v -0.29664400 0.69823086 -0.40384519 0.513034 0.511912 0.511347
v -0.21047328 0.78896511 -0.57978433 0.598281 0.577132 0.565488
v -0.17839898 0.77940059 -0.41384953 0.522397 0.519651 0.518170
v -0.51682860 0.75706404 -0.50502670 0.608367 0.604904 0.603113
v -0.16477512 1.01872957 -0.51271546 0.667220 0.660042 0.656081
v -0.30939627 0.71366668 -0.59556574 0.544254 0.540040 0.537996
v -0.42319340 0.35582367 -0.19099113 0.538508 0.537567 0.537122
v -0.51075560 0.22001781 -0.25699103 0.548770 0.547211 0.546476
v -0.40662867 0.41320145 -0.31701601 0.550631 0.549302 0.548677
v -0.50171018 0.27971554 -0.11002816 0.542645 0.541685 0.541234
v -0.46058989 0.32474953 -0.33780962 0.554662 0.552874 0.552032
v -0.54366004 0.21217294 -0.14388172 0.552812 0.551536 0.550936
v -0.45271748 0.26894632 0.12189326 0.536329 0.535456 0.535008
v -0.52112269 0.16296645 0.23515372 0.562767 0.561729 0.561241
v -0.43553057 0.25366804 0.21880370 0.538449 0.537722 0.537360
v -0.51032358 0.23736951 0.09043866 0.542093 0.541193 0.540768
v -0.46723089 0.20819572 0.27565253 0.547523 0.546671 0.546267
v -0.54662281 0.17926100 0.14755085 0.548975 0.547899 0.547393
v 0.23340495 0.32980120 0.15679586 0.509489 0.509291 0.509196
v 0.14507121 0.26794547 0.36020464 0.515622 0.515420 0.515324
v 0.14687738 0.33846098 0.16077000 0.507489 0.507277 0.507171
v 0.10042424 0.30461985 0.26257744 0.509012 0.508816 0.508724
v 0.27881283 0.29213995 0.24816239 0.517773 0.517590 0.517504
v 0.23425439 0.26472828 0.34891230 0.519579 0.519213 0.519023
v 0.29106238 0.70124650 -0.39982837 0.512359 0.511245 0.510676
v 0.23080605 0.80920869 -0.62374914 0.584312 0.566302 0.556389
v 0.17834017 0.81439018 -0.43434307 0.556528 0.549889 0.546240
v 0.22111620 0.98976046 -0.54514599 0.634505 0.625075 0.619869
v 0.46483600 0.77260810 -0.48385483 0.585370 0.582995 0.581736
v 0.31147662 0.70912737 -0.58749259 0.548081 0.542906 0.540425
v 0.43665713 0.37657392 -0.19286487 0.541000 0.540245 0.539889
v 0.51175797 0.21421631 -0.27486840 0.545405 0.543846 0.543112
v 0.41900170 0.42186236 -0.31271243 0.547885 0.546693 0.546131
v 0.50543392 0.28971171 -0.11638042 0.543049 0.542452 0.542171
v 0.45632905 0.32186297 -0.35139567 0.548847 0.547061 0.546220
v 0.54361749 0.21064575 -0.16014674 0.554674 0.553716 0.553265
v 0.44666803 0.28923386 0.11603734 0.531070 0.530589 0.530361
v 0.52206129 0.17059222 0.23223434 0.552218 0.551456 0.551097
v 0.42771539 0.26807711 0.21021681 0.531723 0.531148 0.530865
v 0.50914508 0.25706017 0.08746285 0.537341 0.536705 0.536406
v 0.46252519 0.22010085 0.27081138 0.539387 0.538620 0.538259
v 0.54941046 0.18653688 0.14263242 0.546353 0.545444 0.545016
v -0.12158317 -0.75388521 -0.02145996 0.501086 0.501086 0.501086
v 0.12365790 -0.74179804 -0.01909800 0.501312 0.501312 0.501312
v -0.05857959 -0.71588278 0.13304429 0.500301 0.500301 0.500301
v -0.07944093 -0.73189700 -0.12094459 0.500720 0.500720 0.500720
v 0.05529954 -0.71214479 0.14367391 0.500052 0.500052 0.500052
v 0.08774888 -0.72858489 -0.12293043 0.501103 0.501103 0.501103
v -0.28397900 -0.65120995 0.39215121 0.508847 0.508798 0.508774
v -0.34384829 -0.90158468 0.67878765 0.563552 0.562862 0.562539
v -0.19623493 -0.69492912 0.44640595 0.506659 0.506630 0.506615
v -0.34802037 -0.62587190 0.48807091 0.533991 0.532675 0.532023
v -0.22264399 -0.82249796 0.55531430 0.600956 0.600852 0.600803
v -0.32572082 -0.73236758 0.66031307 0.550122 0.546400 0.544639
v -0.32532802 -0.74881160 -0.35520861 0.535942 0.532937 0.531515
v -0.14115781 -0.50918734 -0.39054006 0.528670 0.525829 0.524485
v -0.19685906 -0.74526501 -0.33796924 0.511207 0.510833 0.510649
v -0.32460529 -0.57117879 -0.35432383 0.559672 0.553418 0.550474
v -0.11244418 -0.61174184 -0.35823593 0.524691 0.522784 0.521886
v -0.23198715 -0.48387137 -0.38024020 0.540938 0.537298 0.535587
v -0.44258577 -0.39286718 -0.13410980 0.526460 0.524245 0.523202
v -0.47717875 -0.17303555 -0.21035953 0.533623 0.532246 0.531596
v -0.42139229 -0.37600192 -0.23136321 0.537003 0.534507 0.533330
v -0.46537378 -0.28630412 -0.06993380 0.530351 0.528252 0.527266
v -0.41586152 -0.25249445 -0.25132492 0.543923 0.541799 0.540797
v -0.49791795 -0.18081309 -0.11726893 0.529096 0.527582 0.526867
v -0.46052206 -0.40947568 0.18837008 0.524101 0.521693 0.520545
v -0.51851320 -0.22062877 0.27688310 0.537780 0.534782 0.533370
v -0.44886005 -0.41897449 0.30965674 0.536262 0.533312 0.531905
v -0.49416271 -0.30763775 0.13139045 0.531247 0.528673 0.527457
v -0.47356126 -0.32248625 0.35035169 0.540574 0.536876 0.535134
v -0.53198463 -0.21637745 0.17698401 0.532373 0.530065 0.528978
v 0.28411540 -0.67943919 0.49731117 0.523066 0.522583 0.522356
v 0.26822326 -0.88829762 0.70335251 0.503775 0.503146 0.502849
v 0.14861709 -0.75444436 0.64698613 0.574431 0.573572 0.573170
v 0.17077078 -0.94023824 0.55825996 0.544136 0.543914 0.543811
v 0.35308969 -0.71589261 0.55990726 0.549968 0.547065 0.545693
v 0.23790684 -0.86069101 0.82600838 0.620666 0.618719 0.617804
v 0.32058707 -0.73822141 -0.36610082 0.561246 0.555833 0.553259
v 0.14598355 -0.49848822 -0.38536000 0.529973 0.527230 0.525935
v 0.18799043 -0.73604858 -0.34623185 0.514617 0.513296 0.512675
v 0.11439700 -0.60518008 -0.35780334 0.526138 0.524056 0.523073
v 0.32384843 -0.55905521 -0.35447484 0.549026 0.544075 0.541743
v 0.23620822 -0.47161639 -0.37514478 0.539594 0.536566 0.535141
v 0.43416864 -0.39169738 -0.14624566 0.523263 0.521204 0.520233
v 0.48842567 -0.17297675 -0.23078577 0.541068 0.538774 0.537693
v 0.42026326 -0.37493554 -0.24383895 0.534698 0.532535 0.531516
v 0.47147802 -0.28720447 -0.08452791 0.527104 0.525091 0.524144
v 0.42921731 -0.25538486 -0.27040198 0.545270 0.542866 0.541730
v 0.50558984 -0.18293056 -0.13451491 0.534903 0.532748 0.531734
v 0.46401519 -0.41463253 0.18593743 0.521448 0.519217 0.518152
v 0.52786255 -0.22228858 0.26992303 0.524181 0.522559 0.521796
v 0.44626018 -0.42930272 0.31883606 0.529265 0.526401 0.525035
v 0.50108027 -0.31072190 0.12124459 0.525391 0.523136 0.522067
v 0.47839475 -0.32709748 0.34995300 0.534873 0.531841 0.530413
v 0.54004943 -0.21721023 0.16742784 0.523816 0.522007 0.521156
v -0.00312875 -0.14079235 0.94488025 0.585057 0.578674 0.575670
v -0.00353109 0.09040291 0.72193313 0.566377 0.564629 0.563808
v 0.11823887 -0.06906812 0.86624801 0.552865 0.547815 0.545438
v -0.12244734 -0.06558630 0.86327660 0.541445 0.537519 0.535664
v 0.10283054 0.04934346 0.77113128 0.556512 0.554133 0.553012
v -0.10776425 0.04573383 0.76888585 0.553989 0.552074 0.551168
v 0.33246505 -0.35477144 0.77769405 0.554526 0.549628 0.547323
v 0.43033308 -0.18239599 0.56877357 0.526808 0.525328 0.524628
v 0.38124996 -0.40826121 0.69842941 0.542750 0.538468 0.536453
v 0.41913712 -0.30624345 0.57976437 0.545172 0.541509 0.539783
v 0.32346874 -0.20832771 0.76470137 0.550625 0.545804 0.543536
v 0.37887225 -0.13785633 0.65466899 0.547896 0.544568 0.542999
v -0.32980645 -0.36435327 0.78337520 0.504358 0.503753 0.503470
v -0.42442352 -0.18417659 0.57096553 0.537936 0.535176 0.533880
v -0.38625446 -0.42080599 0.68166351 0.554533 0.548814 0.546123
v -0.42111194 -0.30791870 0.57093495 0.550170 0.545798 0.543744
v -0.32045424 -0.21097697 0.77206242 0.555786 0.550563 0.548105
v -0.37377882 -0.14006284 0.65783787 0.553797 0.549499 0.547475
v 0.22431572 0.18605430 0.52099621 0.550581 0.549468 0.548944
v 0.39857092 0.10621458 0.47861743 0.560291 0.559300 0.558831
v 0.28964946 0.21422940 0.46084648 0.544841 0.543935 0.543504
v 0.37381160 0.18716802 0.43592015 0.554992 0.554469 0.554221
v 0.24872488 0.11015764 0.58136576 0.566567 0.565173 0.564516
v 0.34178460 0.06742020 0.56309253 0.561305 0.558960 0.557825
v -0.23091361 0.18539098 0.53181636 0.560435 0.559297 0.558760
v -0.39446843 0.10035828 0.47860017 0.574295 0.573248 0.572751
v -0.29639834 0.21093166 0.47038162 0.549150 0.548467 0.548142
v -0.37644356 0.17680499 0.43820047 0.568077 0.567390 0.567066
v -0.25317943 0.11075513 0.58891118 0.578669 0.577463 0.576896
v -0.33702344 0.06264981 0.56331885 0.573115 0.570831 0.569724
v 0.00677501 -0.02878453 -0.62047166 0.590448 0.583181 0.579761
v -0.00866993 0.13973112 -0.89045578 0.621317 0.564845 0.534133
v 0.10335910 0.00508369 -0.69405937 0.592071 0.585479 0.582352
v -0.09513911 0.00394752 -0.69281185 0.588665 0.583142 0.580526
v 0.12696476 0.07721002 -0.85796440 0.590147 0.548872 0.526422
v -0.13471203 0.08830928 -0.85277283 0.594770 0.554936 0.533271
v 0.20440330 -0.19842510 -0.46824148 0.571637 0.567074 0.564926
v 0.37133098 -0.08166359 -0.44761327 0.576751 0.573829 0.572455
v 0.26003197 -0.24644914 -0.41896814 0.562996 0.559756 0.558231
v 0.33701754 -0.18333575 -0.39861891 0.564227 0.561111 0.559644
v 0.23465405 -0.08239740 -0.51572025 0.588695 0.583731 0.581397
v 0.32405347 -0.03089648 -0.52165854 0.589469 0.586436 0.585009
v -0.19316570 -0.19981189 -0.48036587 0.566344 0.561527 0.559260
v -0.36283129 -0.08745095 -0.45205221 0.554405 0.552758 0.551980
v -0.25022578 -0.25169778 -0.42374057 0.562417 0.558890 0.557229
v -0.32839066 -0.18857293 -0.40047136 0.552498 0.549985 0.548803
v -0.22313225 -0.08708274 -0.53654003 0.564181 0.560461 0.558716
v -0.31440878 -0.04140438 -0.53773177 0.575959 0.573535 0.572394
v 0.28511092 0.33816922 -0.87106246 0.575255 0.564918 0.559497
v 0.43075031 0.19008598 -0.60079116 0.573319 0.567294 0.564153
v 0.35359573 0.40881306 -0.69364899 0.553746 0.550270 0.548634
v 0.40651765 0.30666876 -0.58919489 0.554029 0.551221 0.549893
v 0.35088527 0.20517857 -0.90253484 0.570459 0.545593 0.532070
v 0.38503549 0.15079440 -0.70508999 0.584452 0.572745 0.566418
v -0.33088338 0.36220801 -0.83853567 0.574733 0.564635 0.559368
v -0.43531883 0.17999321 -0.60967273 0.567993 0.561756 0.558533
v -0.35669929 0.41147256 -0.68605828 0.553561 0.549453 0.547519
v -0.40727231 0.30458990 -0.58716381 0.550468 0.546995 0.545360
v -0.37008592 0.20882939 -0.86943549 0.624824 0.596805 0.581567
v -0.37846893 0.15387277 -0.69057077 0.564452 0.553872 0.548172
v 0.63003087 0.00443843 -0.09211425 0.535659 0.533292 0.532137
v 0.65041256 -0.00552697 0.10935908 0.535737 0.533823 0.532900
v 0.64001858 0.05404204 -0.04721017 0.546124 0.543692 0.542518
v 0.63670981 0.05530218 0.05554500 0.544332 0.541503 0.540082
v 0.62978816 -0.04574630 -0.04098535 0.535720 0.534207 0.533497
v 0.63845819 -0.05757929 0.06095976 0.528155 0.527084 0.526582
v -0.62889421 0.00978878 -0.07119784 0.534079 0.532136 0.531177
v -0.63903785 0.00516178 0.11574787 0.544663 0.542220 0.541034
v -0.62613040 0.06359679 -0.02767580 0.539448 0.537587 0.536678
v -0.62865508 0.06350189 0.06662217 0.540043 0.537829 0.536711
v -0.61805910 -0.03738089 -0.02339377 0.528810 0.528308 0.528073
v -0.62772608 -0.05076601 0.06928683 0.537074 0.536197 0.535785
v -0.21123105 0.41171890 -0.02690728 0.506281 0.506085 0.505989
v -0.21631685 0.52347678 -0.20957068 0.505418 0.505199 0.505096
v -0.12710515 0.43917567 -0.03102325 0.504610 0.504431 0.504343
v -0.13387385 0.57205939 -0.22164920 0.503228 0.502997 0.502887
v -0.33607173 0.33934274 0.06496111 0.517455 0.517014 0.516784
v -0.17562087 0.37895048 0.06760839 0.506486 0.506278 0.506175
v -0.31234777 0.30991721 0.15870033 0.518190 0.517923 0.517791
v -0.31823775 0.46979019 -0.24608780 0.519047 0.518492 0.518220
v -0.19712578 0.63398361 -0.31194061 0.506712 0.506140 0.505863
v -0.37816060 0.60395718 -0.36707637 0.531950 0.529293 0.527977
v -0.39344704 0.34228072 -0.05166184 0.525761 0.525319 0.525104
v -0.34509099 0.45414534 -0.29415321 0.533201 0.532192 0.531708
v -0.44323185 0.31211779 -0.08054746 0.536731 0.535889 0.535470
v -0.39034456 0.29428241 0.14661765 0.526504 0.526049 0.525816
v -0.45652664 0.28745574 0.02276001 0.532735 0.532001 0.531637
v 0.22620374 0.41392791 -0.03207837 0.505846 0.505654 0.505561
v 0.23214638 0.53375518 -0.21178779 0.503767 0.503606 0.503528
v 0.14403033 0.42958736 -0.03806593 0.503397 0.503235 0.503154
v 0.15050909 0.57762063 -0.22727591 0.503465 0.503215 0.503091
v 0.33880234 0.35006627 0.05804604 0.512426 0.511955 0.511710
v 0.18835458 0.37447679 0.06107618 0.506047 0.505892 0.505818
v 0.31357312 0.32309482 0.14975908 0.514106 0.513872 0.513758
v 0.33158255 0.48388109 -0.23373583 0.519367 0.518948 0.518743
v 0.21262652 0.65033162 -0.31528670 0.504675 0.504137 0.503873
v 0.36234099 0.59733224 -0.35120043 0.528052 0.526422 0.525626
v 0.39875567 0.36660925 -0.05339449 0.523331 0.522691 0.522364
v 0.37648115 0.47513977 -0.27697945 0.534456 0.533676 0.533301
v 0.45229089 0.34279993 -0.07808152 0.537509 0.536959 0.536701
v 0.38271168 0.30862406 0.13604610 0.521924 0.521368 0.521083
v 0.45480484 0.31422561 0.02127768 0.530361 0.529817 0.529558
v -0.27665290 -0.67401630 0.07479273 0.502496 0.502490 0.502487
v -0.35401532 -0.92827493 -0.11622842 0.559791 0.559791 0.559791
v -0.16496918 -0.69784719 0.09414845 0.500648 0.500648 0.500648
v -0.15711336 -0.95115530 -0.14410543 0.511816 0.511816 0.511816
v -0.40116131 -0.58073425 0.17069295 0.518498 0.517210 0.516549
v -0.22515814 -0.67596090 0.25044033 0.503895 0.503894 0.503894
v -0.36569682 -0.58754456 0.31847665 0.518100 0.516686 0.515944
v -0.44535667 -0.64767706 -0.17868772 0.531287 0.528509 0.527201
v -0.28053272 -0.92797995 -0.29720229 0.612617 0.612617 0.612617
v -0.42739028 -0.64119452 -0.30938831 0.577757 0.572469 0.569980
v -0.44593534 -0.50292230 0.00921003 0.522153 0.520247 0.519332
v -0.44296801 -0.51474375 -0.21478370 0.531651 0.529013 0.527771
v -0.45463887 -0.39866108 -0.02998175 0.527407 0.525355 0.524387
v -0.42702115 -0.50782770 0.25162596 0.526844 0.525136 0.524322
v -0.46489015 -0.40438271 0.07514968 0.527145 0.524984 0.523958
v 0.27385181 -0.65765572 0.08387893 0.503824 0.503817 0.503813
v 0.35695645 -0.93342948 -0.13206491 0.577871 0.577871 0.577871
v 0.16741247 -0.68713796 0.11576176 0.501624 0.501624 0.501624
v 0.15463480 -0.94532382 -0.13980530 0.527710 0.527710 0.527710
v 0.39246142 -0.58049893 0.18370819 0.516754 0.515387 0.514679
v 0.21361217 -0.68391043 0.32430580 0.504572 0.504572 0.504572
v 0.35591149 -0.60301912 0.36884671 0.526415 0.525003 0.524280
v 0.45210969 -0.64702022 -0.19342311 0.526924 0.524380 0.523185
v 0.26792797 -0.91866904 -0.31886101 0.625803 0.625804 0.625804
v 0.41242838 -0.63320297 -0.31294283 0.571745 0.566755 0.564405
v 0.44773793 -0.50496709 -0.00108798 0.520616 0.518978 0.518192
v 0.43778813 -0.50951403 -0.22579557 0.529878 0.527510 0.526395
v 0.45756766 -0.40110630 -0.04292871 0.526298 0.524438 0.523551
v 0.42221403 -0.51563156 0.26396948 0.518718 0.517077 0.516302
v 0.47014973 -0.40731263 0.06565889 0.527121 0.525020 0.524008
v -0.07245993 -0.70793182 0.73685229 0.527533 0.527418 0.527364
v -0.25358665 -0.64063054 0.85122097 0.581517 0.572403 0.568118
v -0.17140454 -0.89297003 0.66866320 0.537904 0.537781 0.537723
v -0.38389650 -0.76425391 0.79892623 0.562233 0.558003 0.556015
v 0.23253930 -0.59165680 0.81302297 0.580037 0.571543 0.567546
v 0.03059005 -0.76664168 0.63589931 0.508479 0.508208 0.508080
v 0.36788714 -0.70257550 0.77223122 0.517479 0.515148 0.514050
v 0.12581310 -0.35727367 0.88381004 0.552457 0.546788 0.544120
v -0.12441643 -0.36008272 0.88266814 0.517585 0.514929 0.513674
v 0.12777607 -0.21427795 0.91544729 0.547469 0.541672 0.538944
v -0.13005503 -0.20772180 0.90888619 0.547342 0.541474 0.538715
v 0.35129395 -0.51757115 0.79018831 0.559034 0.554262 0.552015
v 0.24457699 -0.28381202 0.84999090 0.557440 0.551858 0.549230
v -0.34161419 -0.54800820 0.79128277 0.575549 0.568881 0.565742
v -0.23679850 -0.28630567 0.85088652 0.504589 0.503746 0.503342
v 0.00624698 0.25043893 0.46272355 0.518332 0.518111 0.518000
v -0.12052509 0.23770118 0.51407313 0.536404 0.536201 0.536105
v -0.04031870 0.27781111 0.36741096 0.511583 0.511426 0.511351
v -0.18180996 0.25010684 0.45283064 0.527767 0.527407 0.527228
v 0.12063455 0.23577210 0.50052202 0.533301 0.533076 0.532968
v 0.05360735 0.27384835 0.36581773 0.510945 0.510779 0.510699
v 0.18173228 0.24602896 0.44263926 0.522933 0.522480 0.522254
v 0.06918563 0.18741094 0.56543404 0.558980 0.558496 0.558268
v -0.07757308 0.18807581 0.57953727 0.559949 0.559644 0.559500
v 0.08227830 0.12001800 0.64768124 0.573941 0.572885 0.572386
v -0.09020188 0.11835713 0.65510833 0.574735 0.574062 0.573745
v 0.20345630 0.22839487 0.48227948 0.539647 0.538860 0.538465
v 0.15570688 0.15302235 0.57869440 0.561443 0.561002 0.560794
v -0.20973903 0.23181123 0.49511254 0.547497 0.546851 0.546530
v -0.16265404 0.15427613 0.58896434 0.574662 0.573852 0.573471
v 0.00475407 -0.42378530 -0.43009853 0.525855 0.524192 0.523397
v -0.09530466 -0.33909261 -0.45637640 0.545610 0.542271 0.540700
v -0.04461106 -0.51203233 -0.39117670 0.526808 0.524929 0.524031
v -0.15725020 -0.40532240 -0.41549274 0.535921 0.532809 0.531342
v 0.10760143 -0.32935423 -0.45027053 0.545399 0.542383 0.540963
v 0.05203049 -0.50827491 -0.39015681 0.531161 0.529385 0.528541
v 0.16557582 -0.39405468 -0.40884161 0.533183 0.530311 0.528960
v 0.06704387 -0.21603078 -0.50537062 0.570539 0.565002 0.562396
v -0.05390892 -0.21704286 -0.51719159 0.569473 0.563978 0.561392
v 0.08219045 -0.08679657 -0.55910397 0.596298 0.589049 0.585637
v -0.07181664 -0.09347068 -0.57240140 0.588555 0.581847 0.578688
v 0.18374161 -0.29686493 -0.43580022 0.555155 0.551094 0.549184
v 0.14497899 -0.14818920 -0.50943482 0.580530 0.574051 0.571003
v -0.17131002 -0.30448943 -0.44220039 0.550548 0.546492 0.544584
v -0.13436700 -0.14804608 -0.52572381 0.577206 0.571084 0.568201
v 0.00297224 0.74381638 -0.75872660 0.566674 0.558404 0.554446
v -0.19414110 0.58714968 -0.80674475 0.580105 0.570754 0.566288
v -0.08969329 0.83176017 -0.65415829 0.522424 0.520764 0.519887
v -0.26861507 0.67649621 -0.72621644 0.570878 0.564996 0.562225
v 0.20308550 0.58626682 -0.81378984 0.576550 0.568028 0.563853
v 0.09807475 0.83356202 -0.65049165 0.520639 0.518731 0.517707
v 0.26641893 0.66101933 -0.70841867 0.546769 0.541536 0.539074
v 0.12100883 0.36794755 -0.90684873 0.587731 0.549998 0.529482
v -0.13946226 0.36716291 -0.91115057 0.587487 0.548813 0.527778
v 0.13341475 0.22400665 -0.88774347 0.623667 0.557442 0.521419
v -0.17339784 0.22161339 -0.89658350 0.635493 0.564722 0.526247
v 0.29639509 0.50721818 -0.77347219 0.547473 0.542578 0.540277
v 0.23479806 0.28426993 -0.91667348 0.605975 0.566417 0.544908
v -0.30410492 0.51792443 -0.77583671 0.557479 0.551828 0.549164
v -0.27077255 0.28634313 -0.94767755 0.600587 0.564076 0.544221
v 0.51664305 0.11562752 -0.41478801 0.552816 0.549925 0.548495
v 0.58572054 0.05105552 -0.25109521 0.538694 0.535767 0.534331
v 0.48265859 0.21031217 -0.38612252 0.554199 0.552350 0.551475
v 0.56533813 0.12437752 -0.20644897 0.549893 0.548344 0.547606
v 0.50053281 -0.06887121 -0.35839725 0.557865 0.556162 0.555361
v 0.58392608 -0.03766042 -0.24473776 0.534152 0.533081 0.532574
v 0.46029863 -0.15351132 -0.31065109 0.554237 0.552225 0.551277
v 0.55003285 -0.09761798 -0.19167916 0.537557 0.535835 0.535025
v 0.49325398 0.03692404 -0.47959545 0.571406 0.567245 0.565167
v 0.41746864 -0.12214383 -0.37882900 0.565813 0.563681 0.562677
v 0.40958446 0.00813172 -0.51173294 0.577567 0.574783 0.573463
v 0.46031263 0.20489940 -0.49537843 0.559008 0.556262 0.554930
v 0.43314373 0.09441487 -0.57186854 0.584201 0.577748 0.574398
v 0.61047059 0.05125360 -0.14754736 0.537909 0.535256 0.533963
v 0.60514945 -0.04303760 -0.14519900 0.534502 0.532909 0.532159
v 0.51970708 0.08444527 0.36026019 0.545983 0.544589 0.543930
v 0.60591900 0.04259672 0.24319531 0.542402 0.540756 0.539973
v 0.49005836 0.15606581 0.31862289 0.547668 0.546988 0.546667
v 0.57893384 0.11140394 0.19372045 0.549746 0.548222 0.547482
v 0.52742338 -0.12610462 0.39028147 0.521762 0.521234 0.520985
v 0.61549783 -0.05853461 0.25149906 0.525635 0.524626 0.524152
v 0.50522470 -0.22179183 0.37154126 0.523374 0.521924 0.521240
v 0.58217442 -0.13108215 0.21064152 0.525372 0.524090 0.523489
v 0.49993175 -0.01926500 0.46893996 0.540687 0.538361 0.537223
v 0.46947482 -0.20911565 0.47032422 0.518747 0.517713 0.517229
v 0.44391948 -0.07153283 0.55756640 0.539420 0.537533 0.536642
v 0.44930771 0.13498218 0.39928305 0.556640 0.555559 0.555051
v 0.42460960 0.02089709 0.52228373 0.544985 0.542993 0.542054
v 0.62963712 0.04913221 0.15593541 0.541523 0.539454 0.538458
v 0.62872779 -0.06126103 0.16012833 0.525826 0.525017 0.524637
v -0.51500022 0.12329384 -0.40039408 0.548277 0.545944 0.544799
v -0.57277346 0.06113829 -0.22723757 0.534653 0.532512 0.531447
v -0.48365748 0.21897833 -0.37226939 0.558988 0.557232 0.556401
v -0.56172025 0.13366280 -0.18577026 0.546993 0.545481 0.544754
v -0.48280275 -0.07094166 -0.34276497 0.541403 0.540762 0.540459
v -0.56983948 -0.03453114 -0.22133918 0.531461 0.530785 0.530467
v -0.44343933 -0.15292871 -0.29312983 0.543682 0.542427 0.541835
v -0.53938031 -0.09943610 -0.16881056 0.530822 0.529933 0.529514
v -0.48777193 0.02684341 -0.47988075 0.551058 0.548138 0.546655
v -0.40640610 -0.12683791 -0.37341100 0.547436 0.546128 0.545509
v -0.40531573 -0.00238351 -0.51966453 0.560882 0.558993 0.558101
v -0.45932859 0.20410877 -0.49088264 0.554918 0.552415 0.551224
v -0.43860394 0.07838299 -0.58573318 0.564902 0.558485 0.555157
v -0.59856260 0.06306966 -0.12576847 0.537986 0.535748 0.534633
v -0.59173393 -0.03816944 -0.12263861 0.527674 0.527054 0.526759
v -0.51220679 0.08273371 0.35953280 0.555873 0.554382 0.553677
v -0.59335327 0.04657673 0.24192974 0.541022 0.539323 0.538511
v -0.48932004 0.15087569 0.31980610 0.559882 0.558788 0.558273
v -0.57180023 0.11148626 0.19564132 0.552194 0.550757 0.550066
v -0.51127321 -0.12042987 0.39211917 0.532102 0.530203 0.529306
v -0.59508276 -0.05296770 0.24959436 0.535392 0.533820 0.533080
v -0.49466830 -0.22029887 0.37709063 0.535791 0.532925 0.531575
v -0.57053161 -0.12640393 0.21433198 0.534265 0.532508 0.531682
v -0.48707491 -0.01973349 0.46860915 0.542025 0.539303 0.537977
v -0.46376783 -0.21018979 0.47516465 0.529036 0.526711 0.525617
v -0.43312591 -0.07364757 0.55879599 0.550042 0.546939 0.545478
v -0.44768637 0.13173345 0.39859617 0.571479 0.570525 0.570077
v -0.41523993 0.01550836 0.52158499 0.549915 0.547634 0.546558
v -0.61928666 0.05503991 0.15847448 0.539936 0.537519 0.536341
v -0.61642611 -0.04935216 0.16294150 0.535142 0.533910 0.533331
v 0.00864831 0.39823520 0.06371953 0.504527 0.504305 0.504197
v -0.03919331 0.35445386 0.16735953 0.506912 0.506696 0.506595
v 0.00527995 0.72524112 -0.30438599 0.512535 0.511652 0.511205
v -0.05974700 0.80439579 -0.42792699 0.512129 0.511549 0.511232
v 0.05513505 0.34962279 0.16438168 0.506276 0.506047 0.505937
v 0.06876425 0.81817466 -0.43713939 0.510905 0.510486 0.510254
v -0.32659146 0.25336477 0.34038967 0.533305 0.533066 0.532952
v -0.40655422 0.24256703 0.31412646 0.546937 0.546300 0.545987
v -0.35783455 0.22641507 0.39858344 0.550547 0.549982 0.549714
v -0.39394528 0.60675859 -0.52377599 0.543576 0.539807 0.538029
v -0.38458666 0.45913106 -0.42752996 0.560564 0.558505 0.557537
v -0.37122071 0.44727057 -0.54865646 0.554691 0.551139 0.549468
v -0.56706274 0.20732059 -0.04184542 0.554665 0.553622 0.553131
v -0.56598973 0.19581114 0.05666585 0.559719 0.558513 0.557945
v -0.60079402 0.13147533 0.01411168 0.558554 0.557186 0.556532
v 0.31907001 0.26106757 0.32965854 0.527602 0.527324 0.527193
v 0.39828423 0.25137296 0.30570555 0.536173 0.535473 0.535126
v 0.34884214 0.23394066 0.38988835 0.541742 0.541249 0.541015
v 0.41061580 0.61583853 -0.52459645 0.562736 0.557843 0.555538
v 0.39793128 0.45922619 -0.43253273 0.555341 0.553178 0.552158
v 0.37364686 0.44379944 -0.55255258 0.551829 0.548925 0.547560
v 0.56213462 0.20489039 -0.05268487 0.554826 0.554076 0.553723
v 0.56046951 0.19674410 0.04714922 0.552647 0.551763 0.551348
v 0.60498166 0.12601785 0.00160301 0.554841 0.553393 0.552697
v -0.01321531 -0.71864009 0.31509385 0.500354 0.500354 0.500354
v -0.09312388 -0.72377080 0.46106300 0.501491 0.501481 0.501476
v 0.00390524 -0.68037438 -0.21582128 0.501834 0.501834 0.501834
v -0.06632111 -0.67923772 -0.30442759 0.517248 0.517134 0.517080
v 0.02164439 -0.74737602 0.52623898 0.508363 0.508347 0.508340
v 0.06869029 -0.67547303 -0.30611432 0.515765 0.515618 0.515549
v -0.40094233 -0.55837494 0.53764200 0.554480 0.551264 0.549724
v -0.43955010 -0.43307024 0.43511111 0.540166 0.536307 0.534458
v -0.42299372 -0.43958899 0.56092834 0.550145 0.545112 0.542727
v -0.31504250 -0.42450374 -0.35268125 0.547241 0.543638 0.541942
v -0.37809747 -0.34262422 -0.30870184 0.549996 0.547309 0.546043
v -0.31107333 -0.30024016 -0.36598778 0.552623 0.549621 0.548207
v -0.51749027 -0.19022490 -0.01880593 0.530802 0.529170 0.528403
v -0.53123379 -0.20619175 0.07836540 0.533593 0.531602 0.530666
v -0.57651013 -0.11108315 0.02703959 0.534488 0.533283 0.532715
v 0.34998110 -0.59408504 0.63066006 0.556880 0.551890 0.549533
v 0.42311871 -0.44654822 0.46405947 0.538013 0.534225 0.532431
v 0.39831299 -0.44247782 0.60126793 0.544734 0.540566 0.538602
v 0.31596231 -0.41706610 -0.35393807 0.545159 0.542204 0.540814
v 0.37639385 -0.33972111 -0.31434155 0.552925 0.550609 0.549518
v 0.31460622 -0.29512376 -0.36573943 0.553467 0.550821 0.549577
v 0.52371013 -0.19477497 -0.03310171 0.532872 0.530796 0.529819
v 0.54001391 -0.20889691 0.06666762 0.532168 0.530160 0.529215
v 0.58946228 -0.11627884 0.01391952 0.532398 0.530723 0.529935
v 0.20805964 -0.01844864 0.76276034 0.512451 0.511831 0.511536
v 0.30715644 -0.07965451 0.72648394 0.547701 0.544075 0.542373
v -0.21151423 -0.01600031 0.76773429 0.517133 0.516854 0.516722
v -0.30397606 -0.08104091 0.72917730 0.529902 0.528076 0.527233
v 0.27689227 0.02284493 0.65499663 0.543485 0.540814 0.539531
v -0.27752918 0.02177149 0.65856016 0.544813 0.542998 0.542122
v 0.21988808 0.01709431 -0.77987653 0.584234 0.572958 0.567006
v 0.27398717 0.00778680 -0.62804383 0.603752 0.599593 0.597625
v -0.21369764 0.02927510 -0.76075023 0.561133 0.550670 0.545085
v -0.26141649 0.00844776 -0.63186115 0.585389 0.581917 0.580278
v 0.32648158 0.08257760 -0.78421265 0.569984 0.553884 0.545206
v -0.31225836 0.09957258 -0.75310159 0.572855 0.557691 0.549489
v -0.27554566 0.42669445 -0.09872247 0.506091 0.505975 0.505920
v -0.29294646 0.40116110 -0.05863919 0.511584 0.511390 0.511295
v -0.29066628 0.43430570 -0.12847486 0.507734 0.507593 0.507524
v -0.31567317 0.40935639 -0.10516380 0.510654 0.510423 0.510308
v -0.31936866 0.39057773 -0.06135004 0.511412 0.511237 0.511153
v 0.28961584 0.43583557 -0.10349422 0.506066 0.505969 0.505922
v 0.30694965 0.41101950 -0.06323655 0.507815 0.507659 0.507582
v 0.30200142 0.44470719 -0.13121131 0.506596 0.506493 0.506445
v 0.32703575 0.42346367 -0.10672730 0.510342 0.510140 0.510040
v 0.32922685 0.40484926 -0.06563056 0.511285 0.511128 0.511053
v -0.38090593 -0.70051050 -0.02064949 0.509130 0.508694 0.508489
v -0.38400513 -0.65485078 0.01881353 0.510890 0.510619 0.510492
v -0.40642285 -0.69853145 -0.05498153 0.511714 0.511032 0.510710
v -0.41803384 -0.64548308 -0.03460864 0.515799 0.515086 0.514751
v -0.40643042 -0.62726659 0.01229129 0.512229 0.511782 0.511569
v 0.38643241 -0.70048493 -0.02149453 0.511421 0.510894 0.510648
v 0.38625029 -0.65165395 0.01778353 0.511812 0.511537 0.511408
v 0.41542479 -0.70251107 -0.06064901 0.512724 0.511879 0.511482
v 0.42109817 -0.64726245 -0.04158320 0.514558 0.513842 0.513504
v 0.40868869 -0.62709886 0.00757034 0.512688 0.512270 0.512071
v -0.04302335 -0.59205341 0.83985460 0.580863 0.576808 0.574896
v 0.02379107 -0.58234096 0.83246791 0.534333 0.531036 0.529472
v -0.00371323 -0.49176109 0.86016637 0.536893 0.532215 0.530013
v 0.04732584 -0.52308619 0.84710848 0.534602 0.530114 0.527995
v -0.05571207 -0.53271908 0.85690713 0.552608 0.546843 0.544123
v -0.01568582 0.23264757 0.53426051 0.525384 0.524882 0.524626
v 0.01792892 0.23328939 0.53069967 0.525446 0.524788 0.524444
v -0.00206761 0.22585048 0.54543042 0.535265 0.534905 0.534736
v 0.02576847 0.22979018 0.53650165 0.529201 0.528356 0.527911
v -0.02798381 0.22906315 0.54229677 0.532442 0.531806 0.531476
v -0.00652497 -0.32081059 -0.48561183 0.536896 0.534749 0.533729
v 0.01982989 -0.31772351 -0.48517337 0.537411 0.535293 0.534286
v 0.00654233 -0.28523099 -0.49960467 0.539363 0.536135 0.534595
v 0.02844784 -0.29592422 -0.49031308 0.536068 0.533347 0.532049
v -0.01466850 -0.29907638 -0.49306196 0.535888 0.533144 0.531834
v -0.02897448 0.57431042 -0.83567011 0.544271 0.538419 0.535571
v 0.02992893 0.57447547 -0.83518612 0.556205 0.549454 0.546238
v -0.00154495 0.49050081 -0.86861485 0.559273 0.551692 0.548093
v 0.04671884 0.52219981 -0.85621911 0.555199 0.548321 0.545050
v -0.04781749 0.52203089 -0.85763609 0.542842 0.536884 0.533964
v 0.56558013 0.03109112 -0.35411143 0.539489 0.537142 0.535982
v 0.56316197 -0.00463604 -0.34363431 0.539315 0.537624 0.536826
v 0.55000865 0.00718031 -0.37734795 0.535433 0.534083 0.533442
v 0.55404866 0.02982437 -0.38630790 0.535424 0.532944 0.531731
v 0.57491720 0.00909409 -0.32922119 0.542563 0.540567 0.539605
v 0.58389384 0.00773412 0.33949214 0.528283 0.527200 0.526676
v 0.59076977 -0.02983755 0.34418100 0.528113 0.527223 0.526806
v 0.57709813 -0.02471826 0.37590599 0.530489 0.529694 0.529321
v 0.57326335 -0.00086499 0.37257308 0.530813 0.529778 0.529275
v 0.60135573 -0.01273770 0.32482347 0.527976 0.527087 0.526668
v -0.55066669 0.03266815 -0.33358473 0.525966 0.523636 0.522460
v -0.54743725 -0.00501037 -0.32556254 0.531935 0.530766 0.530214
v -0.53379428 0.00638944 -0.36140108 0.533043 0.531938 0.531409
v -0.53940618 0.02975950 -0.36916012 0.528185 0.525568 0.524248
v -0.55673164 0.01109061 -0.30752444 0.529660 0.527858 0.526971
v -0.56777883 0.01213682 0.33559507 0.529314 0.527768 0.527027
v -0.56738079 -0.02387526 0.34014320 0.530149 0.528608 0.527884
v -0.55448997 -0.02014000 0.37194586 0.535973 0.534139 0.533275
v -0.55557752 0.00415624 0.36826435 0.531573 0.529841 0.529011
v -0.57795143 -0.00505258 0.31868440 0.529556 0.528030 0.527304
v -0.03667686 0.51720989 -0.13538107 0.501863 0.501739 0.501678
v 0.05695727 0.50798786 -0.14362060 0.501708 0.501586 0.501527
v -0.01344619 0.48152435 -0.08874127 0.503179 0.503050 0.502988
v -0.01352802 0.55894160 -0.18654901 0.501668 0.501565 0.501516
v 0.03271426 0.47685087 -0.09169927 0.503117 0.502913 0.502812
v 0.03378937 0.55704880 -0.18727067 0.501872 0.501748 0.501686
v -0.20679028 0.31231064 0.21477029 0.511878 0.511628 0.511503
v -0.16159874 0.28686321 0.31617501 0.512514 0.512286 0.512178
v -0.16007894 0.32209110 0.21714696 0.510957 0.510713 0.510596
v -0.23338398 0.28982300 0.26303846 0.516695 0.516473 0.516362
v -0.13684985 0.30685568 0.26783186 0.510249 0.510065 0.509977
v -0.21100850 0.27885887 0.31350705 0.517998 0.517712 0.517569
v -0.28339231 0.75512838 -0.46131757 0.511493 0.510689 0.510252
v -0.24506527 0.84375381 -0.58521086 0.553314 0.535892 0.526273
v -0.21603554 0.81623220 -0.46490335 0.541873 0.532748 0.527713
v -0.34079725 0.77718544 -0.51133639 0.524704 0.524271 0.524035
v -0.27067521 0.96556497 -0.57265323 0.700393 0.680891 0.670121
v -0.25103801 0.75686640 -0.55759871 0.523705 0.522493 0.521832
v -0.45335048 0.33568314 -0.20618959 0.545205 0.544161 0.543669
v -0.50023609 0.26468086 -0.23899162 0.551222 0.550001 0.549426
v -0.44565126 0.35604340 -0.26675197 0.549227 0.548043 0.547486
v -0.49339566 0.29384917 -0.16417825 0.546818 0.545739 0.545232
v -0.47369346 0.31786752 -0.28107011 0.549688 0.548209 0.547513
v -0.51642084 0.25937742 -0.18166219 0.550035 0.548920 0.548396
v -0.47575054 0.24492183 0.15513571 0.545435 0.544560 0.544126
v -0.50748599 0.19248056 0.21019429 0.560081 0.559218 0.558812
v -0.46601000 0.23861811 0.20270540 0.543453 0.542671 0.542301
v -0.50353950 0.22827139 0.13820621 0.547099 0.546377 0.546036
v -0.48106590 0.21445483 0.23060322 0.550000 0.549164 0.548771
v -0.52023172 0.20054448 0.16572163 0.556989 0.556175 0.555791
v 0.21315768 0.31323022 0.20664027 0.509867 0.509639 0.509529
v 0.16871287 0.27885818 0.30802861 0.512723 0.512517 0.512419
v 0.16977888 0.31669259 0.20931503 0.507377 0.507164 0.507061
v 0.14603689 0.29968601 0.25970498 0.511150 0.510955 0.510863
v 0.23509187 0.29440168 0.25282201 0.514480 0.514286 0.514190
v 0.21324651 0.27875876 0.30396265 0.515706 0.515384 0.515221
v 0.27905154 0.76383859 -0.46125257 0.512127 0.510896 0.510222
v 0.24825424 0.83621669 -0.56230235 0.540300 0.526114 0.518281
v 0.22186702 0.84255308 -0.47729984 0.532369 0.522600 0.517208
v 0.26656222 0.96551442 -0.51309562 0.675486 0.658256 0.648742
v 0.33048123 0.76796854 -0.50435573 0.525152 0.524900 0.524764
v 0.25904721 0.75203776 -0.55109930 0.533865 0.532922 0.532412
v 0.46061024 0.34609634 -0.21275529 0.549147 0.548351 0.547977
v 0.49944857 0.26243809 -0.25471488 0.547468 0.546449 0.545969
v 0.45025793 0.36104932 -0.27254933 0.548099 0.547018 0.546510
v 0.49409807 0.29802895 -0.17516437 0.547998 0.547260 0.546912
v 0.46911862 0.31598884 -0.29262441 0.545537 0.544198 0.543567
v 0.51493347 0.25804815 -0.19620687 0.554099 0.553223 0.552811
v 0.47020796 0.26495108 0.14901507 0.537421 0.536883 0.536629
v 0.50845069 0.20581047 0.20762418 0.548368 0.547740 0.547443
v 0.46013108 0.25481188 0.19614166 0.535771 0.535178 0.534900
v 0.50336367 0.24866125 0.13528916 0.541855 0.541238 0.540948
v 0.47919729 0.22925949 0.22683619 0.542041 0.541381 0.541070
v 0.52178538 0.21470727 0.16265519 0.549198 0.548517 0.548197
v -0.06092215 -0.73789537 -0.00689917 0.500460 0.500460 0.500460
v 0.06517011 -0.72893602 -0.00798907 0.500234 0.500234 0.500234
v -0.02906971 -0.72387612 0.06325664 0.500302 0.500302 0.500302
v -0.03164925 -0.73008931 -0.06387724 0.500231 0.500231 0.500231
v 0.03085284 -0.71950191 0.06488254 0.500036 0.500036 0.500036
v 0.03878425 -0.72789729 -0.06415991 0.500262 0.500262 0.500262
v -0.27955118 -0.67873746 0.48533195 0.509168 0.508857 0.508710
v -0.38194656 -0.85889781 0.55955756 0.524414 0.523703 0.523371
v -0.24450839 -0.71723312 0.50547791 0.511383 0.510788 0.510507
v -0.32783285 -0.68741089 0.52093029 0.534503 0.532722 0.531885
v -0.27364627 -0.79834294 0.55892390 0.553287 0.550604 0.549343
v -0.38188365 -0.77689254 0.55767453 0.539050 0.537055 0.536118
v -0.27141240 -0.68621725 -0.36574996 0.553035 0.546574 0.543563
v -0.17949966 -0.56004381 -0.37638426 0.539717 0.536300 0.534691
v -0.21399792 -0.68661702 -0.35866150 0.532969 0.529396 0.527729
v -0.27416542 -0.60521293 -0.36490628 0.554132 0.547851 0.544897
v -0.16861323 -0.61879569 -0.36440730 0.542179 0.538805 0.537216
v -0.22856438 -0.54925233 -0.37329879 0.544037 0.539515 0.537387
v -0.43792793 -0.33084804 -0.14766932 0.528207 0.525991 0.524948
v -0.46090189 -0.22076567 -0.18757820 0.532263 0.530430 0.529561
v -0.42954570 -0.32372743 -0.19651796 0.533523 0.531169 0.530061
v -0.45722666 -0.28097188 -0.11930463 0.529180 0.526972 0.525927
v -0.43562156 -0.26525235 -0.21189545 0.538798 0.536558 0.535502
v -0.47055435 -0.22558254 -0.14156261 0.528810 0.526858 0.525923
v -0.47247738 -0.36238533 0.21531218 0.528478 0.525627 0.524278
v -0.50245279 -0.26794106 0.25921345 0.536810 0.533613 0.532109
v -0.46683919 -0.36684129 0.27323475 0.531839 0.528814 0.527383
v -0.49128732 -0.31202674 0.18421631 0.531614 0.528629 0.527214
v -0.48081115 -0.31924772 0.29432306 0.536833 0.533445 0.531845
v -0.50860906 -0.26516393 0.20678452 0.533189 0.530347 0.529011
v 0.28189474 -0.74574769 0.62433362 0.568571 0.567700 0.567292
v 0.31268194 -1.00760293 0.70138365 0.529229 0.528839 0.528656
v 0.21107423 -0.81490082 0.65928298 0.551630 0.551372 0.551250
v 0.18410528 -0.95829803 0.67432714 0.557106 0.556858 0.556741
v 0.45296830 -0.88799006 0.55149275 0.531686 0.530923 0.530563
v 0.31856635 -0.91529810 0.70773494 0.540441 0.540160 0.540029
v 0.26748377 -0.66492414 -0.35973054 0.554627 0.548213 0.545186
v 0.18252730 -0.54753655 -0.37181509 0.536766 0.533339 0.531727
v 0.20825553 -0.67087358 -0.35617018 0.542642 0.537869 0.535627
v 0.16882052 -0.60722220 -0.36166579 0.537808 0.534152 0.532430
v 0.27468920 -0.58657789 -0.36101350 0.544585 0.539578 0.537220
v 0.23089871 -0.53509003 -0.36903417 0.539003 0.535252 0.533485
v 0.44159937 -0.33136356 -0.16397412 0.525698 0.523742 0.522823
v 0.46849862 -0.22063254 -0.20591031 0.535524 0.533321 0.532283
v 0.43671077 -0.32438594 -0.21283478 0.530326 0.528331 0.527392
v 0.46305722 -0.28085363 -0.13573027 0.527236 0.525191 0.524228
v 0.44404310 -0.26638374 -0.22983971 0.536721 0.534460 0.533397
v 0.47625333 -0.22496009 -0.15802285 0.533589 0.531479 0.530481
v 0.47755980 -0.36766499 0.21180898 0.524223 0.521690 0.520492
v 0.50931144 -0.26915804 0.25099412 0.525350 0.523221 0.522221
v 0.46985540 -0.37309176 0.27308148 0.526893 0.524218 0.522953
v 0.49845609 -0.31501538 0.17627138 0.523425 0.521103 0.520006
v 0.48544425 -0.32308370 0.29070443 0.531306 0.528604 0.527333
v 0.51585495 -0.26712072 0.19843701 0.522309 0.520310 0.519370
v -0.00434991 -0.06708501 0.88656521 0.559766 0.554419 0.551902
v -0.00334233 0.05268911 0.78750348 0.563587 0.560520 0.559078
v 0.05602806 -0.03334987 0.86114299 0.557851 0.553212 0.551029
v -0.06372322 -0.03115774 0.86091006 0.555830 0.551461 0.549406
v 0.05284757 0.02713316 0.81243551 0.556157 0.552740 0.551134
v -0.05883501 0.02384425 0.80884784 0.553317 0.550066 0.548539
v 0.35621825 -0.30977851 0.72787964 0.549266 0.544674 0.542513
v 0.40372080 -0.22412169 0.62087381 0.541850 0.538764 0.537310
v 0.38115484 -0.33489901 0.68451965 0.546743 0.542483 0.540477
v 0.40121514 -0.28839761 0.62889147 0.547424 0.543636 0.541853
v 0.35211414 -0.23954910 0.71924722 0.549600 0.545169 0.543086
v 0.37834021 -0.20038529 0.66533077 0.545849 0.542189 0.540467
v -0.35428542 -0.31759974 0.73154551 0.534109 0.530665 0.529043
v -0.40032667 -0.22675499 0.62177676 0.546498 0.542584 0.540747
v -0.37996969 -0.34372348 0.67904204 0.550884 0.545882 0.543532
v -0.40097493 -0.29273579 0.62403202 0.551574 0.546996 0.544843
v -0.35039604 -0.24422775 0.72433031 0.552934 0.548031 0.545725
v -0.37574649 -0.20357122 0.66884583 0.549979 0.545492 0.543382
v 0.26954216 0.17081505 0.51530170 0.556285 0.555004 0.554400
v 0.35692555 0.12880687 0.49481717 0.559614 0.558944 0.558624
v 0.30171558 0.18727057 0.48375291 0.553057 0.552221 0.551829
v 0.34480241 0.16988941 0.47210008 0.555485 0.554964 0.554719
v 0.28138018 0.12962605 0.54275495 0.564215 0.562870 0.562236
v 0.32733464 0.11029243 0.53428638 0.563946 0.562625 0.561998
v -0.27451128 0.16592784 0.52484524 0.563146 0.562166 0.561703
v -0.35651022 0.12500207 0.49677908 0.578697 0.577642 0.577142
v -0.30636090 0.18412438 0.49124023 0.560267 0.559654 0.559365
v -0.34668204 0.16259860 0.47560522 0.570762 0.570037 0.569695
v -0.28552827 0.12936762 0.55000180 0.571434 0.570462 0.570003
v -0.32645217 0.10597779 0.53673899 0.573650 0.572489 0.571934
v 0.00352189 0.00909915 -0.69595599 0.585204 0.578248 0.574888
v -0.00287410 0.08201507 -0.85555410 0.584480 0.544759 0.523155
v 0.05617657 0.02482919 -0.73608184 0.582624 0.570872 0.564773
v -0.05158120 0.02558022 -0.73453730 0.584583 0.573666 0.567997
v 0.06031082 0.06215302 -0.81486946 0.571272 0.539442 0.522134
v -0.06339200 0.06476622 -0.81115884 0.572490 0.541149 0.524108
v 0.24568230 -0.16854967 -0.46335110 0.576408 0.572442 0.570576
v 0.32883513 -0.10806280 -0.45298520 0.572880 0.569469 0.567863
v 0.27159154 -0.19281468 -0.43681630 0.567809 0.564191 0.562488
v 0.31201965 -0.16133773 -0.42835405 0.567696 0.564209 0.562569
v 0.26140329 -0.11188202 -0.48724058 0.582176 0.578081 0.576154
v 0.30443448 -0.08354527 -0.48607895 0.580163 0.576664 0.575015
v -0.23551112 -0.17085615 -0.47651672 0.566587 0.562607 0.560735
v -0.31992364 -0.11304773 -0.46126989 0.564460 0.562032 0.560887
v -0.26261288 -0.19565737 -0.44490415 0.565326 0.561929 0.560331
v -0.30376244 -0.16583958 -0.43581283 0.564238 0.561522 0.560243
v -0.25146246 -0.11604315 -0.50504696 0.564355 0.560952 0.559355
v -0.29570231 -0.08903793 -0.50106072 0.568741 0.566090 0.564843
v 0.35845870 0.32285234 -0.81557196 0.577122 0.567664 0.562683
v 0.40494192 0.23063765 -0.66152602 0.561922 0.555058 0.551480
v 0.37296867 0.34102938 -0.71977037 0.556616 0.552897 0.551121
v 0.39539051 0.29198045 -0.65537691 0.551502 0.547907 0.546177
v 0.37599102 0.24901952 -0.82123786 0.568609 0.554513 0.546885
v 0.38856748 0.20975363 -0.72890836 0.592806 0.580202 0.573389
v -0.36308762 0.31758085 -0.78161657 0.556457 0.546351 0.541054
v -0.40755728 0.22742905 -0.65877128 0.560272 0.553879 0.550604
v -0.37590122 0.33997267 -0.70862406 0.551980 0.547757 0.545761
v -0.40328020 0.28800714 -0.65574628 0.554299 0.550227 0.548287
v -0.37537104 0.24706179 -0.78850102 0.563110 0.545415 0.535817
v -0.38823062 0.20944047 -0.71278203 0.562309 0.550694 0.544434
v 0.64727098 0.00080008 -0.04277725 0.534860 0.533016 0.532113
v 0.65752357 -0.00500894 0.05854424 0.539234 0.537238 0.536286
v 0.65370566 0.02370709 -0.02028233 0.533461 0.531401 0.530400
v 0.65201622 0.02379486 0.03145945 0.536461 0.533968 0.532749
v 0.64889646 -0.02523379 -0.01762410 0.534150 0.532935 0.532367
v 0.65312791 -0.02938245 0.03373392 0.532900 0.531743 0.531199
v -0.64496553 0.00929416 -0.02630179 0.539489 0.537326 0.536251
v -0.64471817 0.00678648 0.06775337 0.545226 0.543152 0.542148
v -0.64048457 0.03399473 -0.00291776 0.537931 0.535560 0.534392
v -0.63920331 0.03488862 0.04357153 0.533662 0.531317 0.530150
v -0.63694578 -0.01618157 -0.00220520 0.539572 0.538478 0.537963
v -0.63870120 -0.02046172 0.04470976 0.540958 0.539879 0.539371
v -0.20768021 0.46241200 -0.11782274 0.503312 0.503155 0.503077
v -0.12696454 0.49899897 -0.12731510 0.502947 0.502828 0.502770
v -0.18899772 0.44521558 -0.07383756 0.505024 0.504864 0.504786
v -0.19144857 0.50316978 -0.16720131 0.503799 0.503617 0.503530
v -0.14771794 0.46084803 -0.07811662 0.504899 0.504761 0.504695
v -0.15103528 0.52401352 -0.17296350 0.503193 0.502963 0.502849
v -0.27247179 0.37285531 0.02290843 0.509366 0.509069 0.508921
v -0.24588232 0.33911145 0.11519822 0.510466 0.510271 0.510179
v -0.23448646 0.38332397 0.02127786 0.507543 0.507362 0.507276
v -0.29879603 0.34815386 0.06722221 0.513249 0.512861 0.512661
v -0.21863455 0.36678994 0.06745748 0.507636 0.507426 0.507325
v -0.28621656 0.33230042 0.11388248 0.513382 0.513166 0.513062
v -0.27485526 0.50775445 -0.23465335 0.508216 0.507841 0.507658
v -0.28915226 0.62855929 -0.34693208 0.511681 0.510648 0.510144
v -0.24429159 0.54384971 -0.24985421 0.507989 0.507614 0.507435
v -0.29711729 0.51456845 -0.27666396 0.513154 0.512543 0.512244
v -0.24172029 0.60086870 -0.30411023 0.507756 0.507164 0.506878
v -0.32042867 0.58184105 -0.33206552 0.513779 0.512611 0.512041
v -0.35449535 0.39546770 -0.14415582 0.521925 0.521394 0.521128
v -0.39757565 0.37166968 -0.17640088 0.533304 0.532418 0.531978
v -0.34336403 0.42460716 -0.20621292 0.523778 0.523164 0.522858
v -0.38578582 0.35966566 -0.10390788 0.527466 0.526944 0.526691
v -0.36134800 0.41500214 -0.22561006 0.529872 0.529075 0.528685
v -0.40867183 0.34683195 -0.11977123 0.533808 0.532912 0.532460
v -0.37230372 0.34119165 0.01163831 0.519810 0.519477 0.519319
v -0.42740601 0.29230219 0.08593214 0.527151 0.526432 0.526063
v -0.36924511 0.32891476 0.05858620 0.522101 0.521826 0.521694
v -0.39870897 0.32790694 -0.00059220 0.523703 0.523267 0.523053
v -0.39805689 0.30538067 0.09800206 0.525517 0.525237 0.525104
v -0.42838988 0.30250397 0.03662694 0.528667 0.527978 0.527630
v 0.22623990 0.46843034 -0.12249851 0.502984 0.502846 0.502779
v 0.14500579 0.49386349 -0.13566913 0.502557 0.502414 0.502343
v 0.20637447 0.44525939 -0.08032041 0.503801 0.503648 0.503574
v 0.20935546 0.50957751 -0.17129527 0.503011 0.502859 0.502782
v 0.16531619 0.45521456 -0.08485491 0.503856 0.503732 0.503673
v 0.16914518 0.52605498 -0.18011579 0.503151 0.502973 0.502885
v 0.28487000 0.38137171 0.01700953 0.508627 0.508378 0.508253
v 0.25255436 0.34761620 0.10852963 0.509354 0.509192 0.509115
v 0.24719623 0.38825762 0.01552492 0.506893 0.506695 0.506600
v 0.30599841 0.35869142 0.06069385 0.510608 0.510244 0.510055
v 0.23057316 0.36904061 0.06156655 0.506682 0.506515 0.506437
v 0.29175627 0.34340540 0.10638559 0.511735 0.511561 0.511478
v 0.28499970 0.51563692 -0.23295610 0.506293 0.505972 0.505812
v 0.28877047 0.63482827 -0.34052965 0.509885 0.509076 0.508680
v 0.25684869 0.55462527 -0.24880224 0.504819 0.504567 0.504444
v 0.30715066 0.52368581 -0.26644716 0.513134 0.512686 0.512468
v 0.25157401 0.61394757 -0.30174464 0.504808 0.504307 0.504056
v 0.31947526 0.58597517 -0.31950396 0.512374 0.511668 0.511327
v 0.36595935 0.41620886 -0.14131972 0.522646 0.522174 0.521938
v 0.41231066 0.39636129 -0.17522115 0.534477 0.533810 0.533495
v 0.35848555 0.44462362 -0.19708957 0.523455 0.523086 0.522909
v 0.39450863 0.38387731 -0.10439407 0.525898 0.525363 0.525097
v 0.38154855 0.43785146 -0.21670291 0.529562 0.528997 0.528726
v 0.41953406 0.37483743 -0.11912857 0.533031 0.532477 0.532216
v 0.37274504 0.35738194 0.00559290 0.517893 0.517593 0.517446
v 0.42212030 0.31308532 0.07979216 0.526916 0.526456 0.526233
v 0.36873940 0.34322667 0.05182132 0.520483 0.520231 0.520109
v 0.40066755 0.35088670 -0.00380872 0.520947 0.520402 0.520124
v 0.39176974 0.32074100 0.09018773 0.523508 0.523200 0.523054
v 0.42567495 0.32583413 0.03280397 0.526585 0.526036 0.525765
v -0.30257350 -0.78824955 -0.01669602 0.511224 0.511208 0.511200
v -0.18040884 -0.78164554 -0.02605835 0.512517 0.512517 0.512517
v -0.25891203 -0.72875369 0.02367794 0.505058 0.505030 0.505016
v -0.29684609 -0.91088068 -0.04184803 0.557806 0.557806 0.557806
v -0.19856288 -0.72721756 0.01935743 0.504780 0.504778 0.504777
v -0.21027282 -0.90127027 -0.04900862 0.530027 0.530027 0.530027
v -0.34014267 -0.63425624 0.13491440 0.505259 0.505198 0.505167
v -0.29974830 -0.63960510 0.29690298 0.507076 0.506987 0.506940
v -0.29599375 -0.65268087 0.14618310 0.502943 0.502935 0.502931
v -0.36058864 -0.60893947 0.19157657 0.509939 0.509615 0.509443
v -0.27342260 -0.65539581 0.23087427 0.504169 0.504166 0.504165
v -0.34232801 -0.61220419 0.26926318 0.509390 0.508858 0.508575
v -0.43862349 -0.79940671 -0.17487754 0.514237 0.514182 0.514156
v -0.37859324 -0.81049252 -0.32230306 0.552481 0.552367 0.552315
v -0.40164140 -0.89506608 -0.19842631 0.568413 0.568413 0.568413
v -0.44878250 -0.73541337 -0.22305158 0.527175 0.525297 0.524403
v -0.37189585 -0.89785099 -0.28931588 0.583953 0.583954 0.583954
v -0.42916954 -0.73073173 -0.29101396 0.555850 0.553227 0.551993
v -0.44034913 -0.56490409 -0.08090644 0.522763 0.520923 0.520045
v -0.44551823 -0.45380360 -0.11882995 0.523285 0.521067 0.520019
v -0.44430712 -0.57543933 -0.13945152 0.525453 0.523259 0.522221
v -0.44524029 -0.50722384 -0.04543594 0.522307 0.520246 0.519259
v -0.44540852 -0.51506460 -0.15897071 0.524093 0.521761 0.520660
v -0.44885775 -0.45395702 -0.06462144 0.525192 0.523074 0.522068
v -0.42936224 -0.54358220 0.08638494 0.523240 0.521875 0.521213
v -0.45063677 -0.45615926 0.15790823 0.525580 0.523328 0.522241
v -0.42884767 -0.54599476 0.14775726 0.525974 0.524638 0.523993
v -0.44329551 -0.50032449 0.06518420 0.524478 0.522767 0.521947
v -0.43608642 -0.50392687 0.18633565 0.525092 0.523378 0.522560
v -0.45374188 -0.45396131 0.09906282 0.527129 0.525084 0.524103
v 0.30625364 -0.77784163 -0.01515156 0.514739 0.514683 0.514658
v 0.17819174 -0.77230442 -0.01734373 0.510158 0.510159 0.510158
v 0.25823048 -0.70152771 0.02251605 0.505783 0.505727 0.505700
v 0.29983631 -0.90708005 -0.04503454 0.546817 0.546817 0.546817
v 0.20212868 -0.70574403 0.02703446 0.505200 0.505196 0.505193
v 0.20491695 -0.88079464 -0.05557385 0.535472 0.535472 0.535472
v 0.33698332 -0.63089216 0.15487526 0.508350 0.508215 0.508145
v 0.29180536 -0.64789951 0.37178743 0.510158 0.510078 0.510037
v 0.29291850 -0.65032250 0.17672066 0.502994 0.502985 0.502981
v 0.35403639 -0.61032599 0.21963143 0.512792 0.512048 0.511649
v 0.26553160 -0.66043139 0.29168406 0.504646 0.504641 0.504639
v 0.33442459 -0.61994570 0.32010442 0.512886 0.512200 0.511836
v 0.42823213 -0.79864484 -0.19264984 0.515911 0.515696 0.515591
v 0.36594135 -0.78386253 -0.33154961 0.545455 0.544206 0.543625
v 0.39681464 -0.89660197 -0.22232157 0.552178 0.552179 0.552179
v 0.44061089 -0.73064798 -0.23740372 0.533049 0.530648 0.529503
v 0.35514873 -0.89971775 -0.31266308 0.588557 0.588565 0.588569
v 0.42762992 -0.72759145 -0.31205615 0.581307 0.577270 0.575368
v 0.44384572 -0.56699157 -0.09289341 0.521216 0.519577 0.518798
v 0.44041824 -0.45384014 -0.13095057 0.521197 0.519126 0.518143
v 0.44876283 -0.57661086 -0.15312062 0.522045 0.519983 0.519013
v 0.44772303 -0.50912678 -0.05748892 0.521886 0.520128 0.519288
v 0.44318008 -0.51453471 -0.17055669 0.522037 0.519903 0.518899
v 0.45034647 -0.45574558 -0.07774305 0.522298 0.520266 0.519292
v 0.43005550 -0.54573888 0.08085760 0.518714 0.517292 0.516591
v 0.45146793 -0.45977330 0.15616445 0.523717 0.521803 0.520898
v 0.42611176 -0.54623437 0.14862071 0.521706 0.520318 0.519640
v 0.44495955 -0.50304246 0.05764842 0.521012 0.519453 0.518707
v 0.43256843 -0.50683737 0.18993314 0.521134 0.519525 0.518760
v 0.45713148 -0.45714092 0.09236878 0.525261 0.523453 0.522596
v -0.15708962 -0.74766701 0.83594698 0.567765 0.564546 0.563044
v -0.28421134 -0.93398345 0.78066498 0.580002 0.579278 0.578939
v -0.10876843 -0.80154222 0.80412596 0.547485 0.546880 0.546596
v -0.25778395 -0.74949205 0.85535228 0.579295 0.573612 0.570948
v -0.15286444 -0.94031346 0.80650985 0.545313 0.544944 0.544770
v -0.35666686 -0.84624219 0.85117233 0.565530 0.563433 0.562445
v 0.10506190 -0.66654313 0.77970988 0.525575 0.523007 0.521798
v 0.21581806 -0.78461397 0.72130358 0.509637 0.508321 0.507702
v 0.04686798 -0.70939606 0.73927975 0.525937 0.524898 0.524409
v 0.19978504 -0.65747929 0.78418869 0.517720 0.515386 0.514288
v 0.09874149 -0.74740088 0.69833583 0.507931 0.507188 0.506840
v 0.26404151 -0.71978956 0.76168114 0.509243 0.508001 0.507417
v -0.00159892 -0.35743672 0.90266842 0.548699 0.542830 0.540069
v -0.01281558 -0.19392011 0.97434312 0.648999 0.640791 0.636928
v 0.06254215 -0.31851187 0.90550828 0.551813 0.546189 0.543542
v -0.06578361 -0.31922227 0.90714151 0.551759 0.546187 0.543562
v 0.06296258 -0.24790931 0.94070482 0.559620 0.553985 0.551332
v -0.07116044 -0.24535738 0.93902862 0.562304 0.556633 0.553965
v 0.18310359 -0.47052428 0.84817255 0.556529 0.550162 0.547166
v 0.30034214 -0.39992824 0.81799912 0.567556 0.561795 0.559083
v 0.25157464 -0.51969528 0.83573735 0.575601 0.567466 0.563638
v 0.18932423 -0.39636028 0.86383384 0.554131 0.548131 0.545308
v 0.31230846 -0.48299780 0.82180017 0.580354 0.573880 0.570832
v 0.24886647 -0.36096966 0.84889036 0.557324 0.551377 0.548579
v -0.18316802 -0.48682341 0.85363489 0.506552 0.504735 0.503888
v -0.29160643 -0.41084224 0.81995267 0.502027 0.501901 0.501842
v -0.24758770 -0.54381490 0.84338671 0.530011 0.525645 0.523595
v -0.18170381 -0.40438950 0.85978252 0.488229 0.488035 0.487944
v -0.30175453 -0.50320655 0.82275891 0.527680 0.524981 0.523690
v -0.23758537 -0.36697236 0.84490991 0.494210 0.494159 0.494136
v -0.05946269 0.24204123 0.50374258 0.523878 0.523680 0.523586
v -0.11218479 0.26260194 0.41606945 0.514802 0.514634 0.514556
v -0.03904929 0.24984202 0.46261287 0.518314 0.518094 0.517985
v -0.10517903 0.24181360 0.49668014 0.528387 0.528221 0.528144
v -0.06376841 0.26281658 0.41519797 0.512077 0.511939 0.511875
v -0.13396841 0.25080168 0.45987636 0.524623 0.524432 0.524342
v 0.06855804 0.23873642 0.49689502 0.522141 0.521987 0.521913
v 0.12040727 0.25940958 0.41038918 0.517022 0.516877 0.516809
v 0.05067084 0.24943274 0.46015394 0.517720 0.517581 0.517515
v 0.11033040 0.24233440 0.48837784 0.521700 0.521524 0.521441
v 0.07541679 0.26044872 0.41358495 0.512981 0.512844 0.512780
v 0.13911852 0.24859515 0.45240179 0.519329 0.519089 0.518976
v -0.00492345 0.18666738 0.57751477 0.548957 0.547810 0.547270
v -0.00443682 0.12068827 0.66190916 0.569269 0.568203 0.567703
v 0.03319261 0.17107728 0.58537304 0.560519 0.559514 0.559041
v -0.04296767 0.17081200 0.59555387 0.557802 0.557117 0.556795
v 0.03676925 0.13615482 0.62810421 0.567997 0.566908 0.566395
v -0.04596975 0.13644645 0.63608527 0.566226 0.565513 0.565180
v 0.09710716 0.22066052 0.52916932 0.543269 0.542864 0.542672
v 0.17982912 0.20389754 0.52362120 0.551426 0.550799 0.550503
v 0.12948701 0.22650009 0.51208657 0.541285 0.540862 0.540655
v 0.10369799 0.20346545 0.54526979 0.550128 0.549792 0.549633
v 0.17049988 0.22066736 0.50542355 0.545275 0.544521 0.544147
v 0.14625940 0.18883324 0.54793930 0.555379 0.554952 0.554753
v -0.10161835 0.22807567 0.54588258 0.549035 0.548684 0.548517
v -0.18621078 0.20603780 0.53478575 0.559524 0.558712 0.558331
v -0.13272667 0.23407176 0.52822441 0.545613 0.545273 0.545107
v -0.11025229 0.20702213 0.56044245 0.558486 0.558191 0.558051
v -0.17643182 0.22589150 0.52019358 0.548789 0.548151 0.547835
v -0.15265991 0.19020735 0.56012154 0.564732 0.564150 0.563875
v -0.04938535 -0.38518262 -0.44671303 0.526586 0.524530 0.523559
v -0.10619406 -0.46433204 -0.40750888 0.526352 0.523864 0.522692
v -0.03545109 -0.42518362 -0.42967945 0.522895 0.521222 0.520426
v -0.08610698 -0.38043413 -0.44206643 0.533248 0.530619 0.529382
v -0.06211314 -0.46769279 -0.40988174 0.523163 0.521283 0.520397
v -0.11651643 -0.41725007 -0.42240191 0.531963 0.529304 0.528054
v 0.05973369 -0.37619051 -0.44407123 0.526619 0.524805 0.523948
v 0.11365150 -0.45400444 -0.40265280 0.526563 0.524234 0.523137
v 0.04501949 -0.41974223 -0.42748725 0.525756 0.524146 0.523383
v 0.09713468 -0.37014499 -0.43758726 0.535161 0.532840 0.531746
v 0.07056051 -0.46044296 -0.40731943 0.525312 0.523460 0.522586
v 0.12519304 -0.40607861 -0.41634369 0.530944 0.528604 0.527502
v 0.00571692 -0.23113137 -0.51694191 0.569842 0.563826 0.560995
v 0.00611332 -0.09495062 -0.57242978 0.594422 0.586652 0.582994
v 0.03789979 -0.19188824 -0.52335155 0.577559 0.571121 0.568092
v -0.02571823 -0.19513252 -0.52929854 0.575305 0.568935 0.565937
v 0.04232305 -0.12512235 -0.55160725 0.591297 0.583951 0.580495
v -0.03051288 -0.12715352 -0.55581772 0.588847 0.581815 0.578506
v 0.09092070 -0.27013457 -0.48177791 0.554470 0.550166 0.548140
v 0.16371498 -0.22780152 -0.47242656 0.567142 0.561936 0.559486
v 0.11758414 -0.29051435 -0.46339291 0.551529 0.547658 0.545837
v 0.09747586 -0.23206049 -0.49326685 0.565418 0.560193 0.557733
v 0.15432809 -0.27231425 -0.45748088 0.557270 0.552780 0.550659
v 0.13406861 -0.20669365 -0.48953292 0.571518 0.565671 0.562921
v -0.07408447 -0.27653748 -0.48864028 0.554436 0.550198 0.548204
v -0.15118173 -0.22799136 -0.48294768 0.562270 0.557146 0.554734
v -0.10106093 -0.29898942 -0.47120366 0.551197 0.547222 0.545350
v -0.08159517 -0.23593982 -0.50315475 0.563987 0.558828 0.556400
v -0.13840246 -0.27894056 -0.46429583 0.554751 0.550269 0.548155
v -0.12167118 -0.20474020 -0.50367498 0.569959 0.564276 0.561601
v -0.10511035 0.67521769 -0.77962554 0.509843 0.507284 0.505966
v -0.19431905 0.77964598 -0.68798482 0.541846 0.533737 0.529398
v -0.07604172 0.74237293 -0.75193036 0.551160 0.544305 0.540990
v -0.17460288 0.66226137 -0.77709246 0.579546 0.570870 0.566695
v -0.13025683 0.79997253 -0.70689309 0.556092 0.545168 0.539374
v -0.23198706 0.73472160 -0.75661373 0.589442 0.583304 0.580333
v 0.11117145 0.67408735 -0.78213465 0.511257 0.508600 0.507142
v 0.19433591 0.77639997 -0.68614304 0.548391 0.539096 0.534107
v 0.08539978 0.74251002 -0.75826746 0.564816 0.557390 0.553804
v 0.18133709 0.65849900 -0.78245169 0.560710 0.553516 0.549943
v 0.13059424 0.79514712 -0.70307463 0.548199 0.538659 0.533571
v 0.22229490 0.71390378 -0.74541223 0.603089 0.595826 0.592283
v -0.00679669 0.36580700 -0.91133344 0.586846 0.546476 0.524519
v -0.01094078 0.22120173 -0.88650578 0.630823 0.568239 0.534203
v 0.06022554 0.33495909 -0.91253829 0.605806 0.557913 0.531865
v -0.07942702 0.33345842 -0.90849924 0.600172 0.552628 0.526769
v 0.05946879 0.25946376 -0.89704162 0.622292 0.561167 0.527928
v -0.08945231 0.25991136 -0.89397210 0.621964 0.560552 0.527169
v 0.16892006 0.47380036 -0.87251914 0.570524 0.560905 0.556199
v 0.27738380 0.39978433 -0.87816846 0.575536 0.563780 0.557691
v 0.21554300 0.51353377 -0.84340990 0.581831 0.572889 0.568658
v 0.17889619 0.40527961 -0.89526385 0.578660 0.550638 0.535505
v 0.26964766 0.47726053 -0.83270448 0.578544 0.571216 0.567773
v 0.22821932 0.36221662 -0.89228165 0.585501 0.557284 0.541966
v -0.17032880 0.47245061 -0.87073040 0.573626 0.563936 0.559258
v -0.28579879 0.40502727 -0.87082446 0.580555 0.569496 0.563835
v -0.21199605 0.51282686 -0.83773702 0.579176 0.569820 0.565419
v -0.19560260 0.40301117 -0.90797216 0.578442 0.550935 0.536121
v -0.26806352 0.48019111 -0.82976347 0.586478 0.578681 0.575016
v -0.25635648 0.37177712 -0.92583674 0.578396 0.551619 0.537089
v 0.55424696 0.08115311 -0.33125883 0.543296 0.540575 0.539238
v 0.52594405 0.16581754 -0.29484025 0.544700 0.542709 0.541763
v 0.52794325 0.11827137 -0.36557376 0.549415 0.546849 0.545598
v 0.56680405 0.08297670 -0.28095418 0.539857 0.537175 0.535868
v 0.51226366 0.16287677 -0.34903902 0.550236 0.548126 0.547118
v 0.55238962 0.12271947 -0.26025954 0.540967 0.538844 0.537823
v 0.55015010 -0.05639817 -0.30673623 0.538603 0.536879 0.536071
v 0.51122832 -0.12773930 -0.25911680 0.542855 0.540554 0.539470
v 0.51862144 -0.08118111 -0.32282463 0.546005 0.544029 0.543103
v 0.56030214 -0.06237851 -0.26460427 0.539386 0.537637 0.536813
v 0.49935701 -0.12062354 -0.29943579 0.547789 0.545530 0.544468
v 0.54133284 -0.09456219 -0.23940435 0.539812 0.538019 0.537175
v 0.49678728 -0.01736713 -0.41522527 0.567919 0.566233 0.565443
v 0.41452605 -0.05780433 -0.43998450 0.577080 0.574492 0.573276
v 0.47861543 -0.05450822 -0.39247108 0.565503 0.563784 0.562976
v 0.47546428 0.00172883 -0.45458072 0.572710 0.570853 0.569977
v 0.43799171 -0.07746181 -0.40382501 0.569305 0.567198 0.566207
v 0.43337977 -0.01523843 -0.46805009 0.572365 0.570373 0.569436
v 0.52151108 0.07723708 -0.46401390 0.556127 0.551814 0.549624
v 0.46442929 0.15148538 -0.55048358 0.572435 0.566876 0.563984
v 0.50643212 0.11323348 -0.46179539 0.556912 0.553620 0.551980
v 0.51115972 0.07135222 -0.50398576 0.560110 0.553923 0.550733
v 0.47828025 0.15454723 -0.50321239 0.561701 0.558330 0.556645
v 0.48314384 0.10978539 -0.54852498 0.566489 0.559709 0.556193
v 0.59449768 0.00364099 -0.24551529 0.540459 0.538326 0.537291
v 0.61911559 0.00333864 -0.14585622 0.536327 0.534017 0.532896
v 0.59755492 0.02722580 -0.22304112 0.537019 0.534096 0.532654
v 0.59908158 -0.02011865 -0.22171220 0.535536 0.534295 0.533708
v 0.61218381 0.02698714 -0.17298105 0.533326 0.530472 0.529064
v 0.61435390 -0.02106637 -0.17269787 0.537363 0.535750 0.534993
v 0.56305385 0.06606482 0.30113947 0.543173 0.541247 0.540298
v 0.53557730 0.13535494 0.25595173 0.552980 0.552088 0.551669
v 0.53504896 0.09382014 0.32063806 0.546609 0.545390 0.544814
v 0.57845712 0.07116710 0.26060039 0.546347 0.544433 0.543496
v 0.52084994 0.12874869 0.29826212 0.547088 0.546372 0.546035
v 0.56453264 0.10609066 0.23696256 0.550885 0.549476 0.548796
v 0.57383835 -0.09121668 0.31721580 0.524269 0.523271 0.522803
v 0.54485703 -0.17603089 0.28686577 0.523960 0.522680 0.522078
v 0.54444849 -0.12969729 0.34643352 0.521385 0.520670 0.520334
v 0.59066153 -0.09065918 0.27473411 0.521971 0.520899 0.520393
v 0.53191090 -0.17440629 0.33371669 0.521865 0.520782 0.520275
v 0.57404482 -0.13160402 0.25730866 0.520594 0.519527 0.519025
v 0.52377129 -0.07417102 0.43915212 0.532042 0.531093 0.530649
v 0.46055537 -0.14289981 0.52110398 0.519467 0.518726 0.518379
v 0.50991237 -0.11855766 0.43453830 0.524065 0.523363 0.523035
v 0.50429446 -0.06005919 0.47794968 0.535897 0.534217 0.533425
v 0.47770643 -0.15582839 0.47358987 0.516857 0.516170 0.515849
v 0.47226679 -0.09014824 0.51969111 0.527583 0.526230 0.525595
v 0.51475763 0.03680293 0.41635263 0.536768 0.534661 0.533639
v 0.43704617 0.08047738 0.45833737 0.554874 0.553248 0.552483
v 0.50021452 0.07292076 0.39871928 0.544853 0.543074 0.542237
v 0.48949796 0.01962677 0.45520788 0.536666 0.534557 0.533545
v 0.46246302 0.09637652 0.41910380 0.554776 0.553400 0.552754
v 0.45070946 0.04026095 0.47848511 0.546199 0.544047 0.543034
v 0.62848085 -0.00991559 0.24945387 0.532079 0.530559 0.529800
v 0.64712751 -0.00646072 0.15970562 0.533982 0.531812 0.530745
v 0.62691879 0.01733046 0.22559151 0.535145 0.533263 0.532346
v 0.63342690 -0.03247189 0.22985135 0.535248 0.533994 0.533406
v 0.64020753 0.01899506 0.18226096 0.532597 0.529902 0.528552
v 0.64001620 -0.03260405 0.18423745 0.534357 0.533019 0.532391
v -0.54524863 0.09244676 -0.30936384 0.541826 0.539636 0.538562
v -0.52272725 0.17563939 -0.27575707 0.547162 0.545308 0.544425
v -0.52521688 0.12804316 -0.34666985 0.547866 0.545774 0.544754
v -0.55665159 0.09424615 -0.25849485 0.539616 0.537515 0.536486
v -0.50996524 0.17407475 -0.33136839 0.551690 0.549821 0.548926
v -0.54818678 0.13441439 -0.24008723 0.543397 0.541603 0.540739
v -0.53295946 -0.05572778 -0.28585690 0.534161 0.533416 0.533062
v -0.49508801 -0.12842949 -0.23443098 0.534765 0.533574 0.533012
v -0.49950594 -0.07924406 -0.30212146 0.538158 0.537330 0.536938
v -0.54488730 -0.06171872 -0.24139889 0.529635 0.529021 0.528732
v -0.47969714 -0.11962545 -0.27670246 0.537765 0.536641 0.536109
v -0.52922207 -0.09494404 -0.21657869 0.531136 0.530138 0.529667
v -0.48233065 -0.02357581 -0.40732008 0.546459 0.545742 0.545405
v -0.40559125 -0.06516095 -0.44109482 0.555146 0.553940 0.553372
v -0.46585628 -0.05902596 -0.38384283 0.543553 0.542864 0.542540
v -0.46640265 -0.00664841 -0.45296186 0.559476 0.558048 0.557374
v -0.42638934 -0.08361390 -0.39958930 0.546857 0.545977 0.545562
v -0.42803603 -0.02480921 -0.47223899 0.555395 0.554023 0.553379
v -0.51485276 0.07265964 -0.45531362 0.533938 0.530332 0.528485
v -0.46880639 0.13493377 -0.56415164 0.546542 0.541435 0.538785
v -0.50462794 0.11376616 -0.45439050 0.542027 0.538936 0.537397
v -0.50999415 0.05831860 -0.50356430 0.538352 0.533759 0.531368
v -0.47561270 0.15037224 -0.50240767 0.546980 0.543891 0.542363
v -0.48316902 0.07724135 -0.56836891 0.550267 0.544078 0.540843
v -0.58390546 0.00543966 -0.22132868 0.537189 0.535363 0.534461
v -0.61129713 0.00804656 -0.12335734 0.535795 0.533986 0.533092
v -0.58657348 0.03325640 -0.19948351 0.531481 0.529093 0.527896
v -0.58718741 -0.01562210 -0.19786209 0.535317 0.534374 0.533929
v -0.60104710 0.03319414 -0.14956766 0.533508 0.530812 0.529462
v -0.59841353 -0.01550504 -0.14860260 0.533556 0.532634 0.532198
v -0.55345821 0.06625514 0.29953331 0.554045 0.552161 0.551251
v -0.53267109 0.13091134 0.25785252 0.563379 0.562169 0.561600
v -0.52909160 0.09123667 0.31980902 0.560712 0.559280 0.558604
v -0.56791294 0.07274058 0.25959295 0.554425 0.552587 0.551694
v -0.51733851 0.12355880 0.29953152 0.564247 0.562891 0.562252
v -0.55841327 0.10509181 0.23822300 0.561065 0.559831 0.559240
v -0.55595070 -0.08744135 0.31768551 0.529856 0.527976 0.527090
v -0.53344280 -0.17305358 0.29228523 0.535569 0.532980 0.531761
v -0.52869904 -0.12569034 0.34862494 0.527911 0.526202 0.525398
v -0.57436049 -0.08686779 0.27511930 0.527697 0.526090 0.525334
v -0.52017623 -0.17264037 0.33892965 0.529683 0.527533 0.526520
v -0.56190157 -0.12813056 0.26047525 0.531686 0.529747 0.528836
v -0.50574672 -0.07260346 0.43865278 0.548327 0.545583 0.544289
v -0.44928244 -0.14418373 0.52234370 0.537053 0.534424 0.533182
v -0.49558818 -0.11577016 0.43632534 0.540528 0.538027 0.536847
v -0.48609871 -0.05983293 0.47671938 0.542618 0.540011 0.538784
v -0.46928561 -0.15659072 0.47801319 0.527302 0.525350 0.524432
v -0.45704263 -0.09271199 0.51953733 0.546579 0.543282 0.541729
v -0.50115508 0.03484435 0.41444525 0.549743 0.547102 0.545835
v -0.43092981 0.07672948 0.45820171 0.567541 0.566082 0.565395
v -0.49118888 0.07091519 0.39774299 0.554697 0.552944 0.552120
v -0.47721153 0.01744906 0.45407975 0.546761 0.543949 0.542608
v -0.45630145 0.09341200 0.41784126 0.570860 0.569630 0.569051
v -0.44152737 0.03652550 0.47805890 0.552948 0.550579 0.549463
v -0.60823882 -0.00109455 0.24468848 0.544599 0.541811 0.540432
v -0.63585788 0.00361161 0.16246131 0.537243 0.534938 0.533791
v -0.61237228 0.02080744 0.22269878 0.535988 0.533470 0.532236
v -0.61599576 -0.02337585 0.22661328 0.544162 0.542463 0.541662
v -0.62478238 0.02677173 0.18165518 0.532843 0.529854 0.528347
v -0.62392080 -0.02287815 0.18385239 0.541900 0.540345 0.539615
v -0.06006406 0.42312133 0.01514314 0.504394 0.504207 0.504115
v -0.10912118 0.37164569 0.11756970 0.507597 0.507403 0.507309
v -0.10575330 0.41782689 0.01715599 0.504657 0.504455 0.504355
v -0.13041376 0.38958108 0.06788312 0.505929 0.505749 0.505662
v -0.03818567 0.39989221 0.06479067 0.505063 0.504850 0.504747
v -0.06236991 0.37669712 0.11754782 0.506082 0.505857 0.505747
v -0.06835300 0.64598262 -0.26945987 0.505511 0.505096 0.504894
v -0.13659911 0.73097706 -0.36654299 0.510123 0.509033 0.508476
v -0.11688948 0.62715602 -0.26874220 0.504812 0.504407 0.504210
v -0.14993440 0.66414833 -0.31587720 0.507641 0.507104 0.506848
v -0.04731350 0.70732284 -0.31447890 0.506723 0.506206 0.505954
v -0.08095736 0.74982798 -0.36919883 0.508583 0.507440 0.506842
v 0.07784835 0.41530889 0.01076837 0.504074 0.503841 0.503726
v 0.12378083 0.36208957 0.11132406 0.505241 0.505032 0.504931
v 0.12273078 0.40753192 0.01055442 0.504130 0.503909 0.503801
v 0.14525691 0.37989837 0.06080537 0.505015 0.504781 0.504666
v 0.05503551 0.39367998 0.06188633 0.504049 0.503836 0.503733
v 0.07817988 0.36862761 0.11282316 0.504527 0.504317 0.504217
v 0.08291494 0.65162134 -0.27363342 0.504288 0.503968 0.503814
v 0.14376801 0.75186306 -0.37852314 0.511632 0.510407 0.509768
v 0.13225043 0.63582540 -0.27443463 0.504855 0.504448 0.504248
v 0.16330528 0.67845726 -0.32250398 0.506408 0.505843 0.505565
v 0.05901062 0.71378952 -0.31698227 0.506945 0.506364 0.506075
v 0.08998375 0.76497322 -0.37657440 0.510010 0.509044 0.508535
v -0.32332933 0.27545175 0.25217041 0.523139 0.522868 0.522735
v -0.40202689 0.26511952 0.23281927 0.534559 0.533935 0.533609
v -0.33990222 0.28900874 0.20323238 0.521665 0.521213 0.520980
v -0.37838846 0.28299838 0.19505802 0.527579 0.526950 0.526617
v -0.34668729 0.26142836 0.29220700 0.531603 0.531160 0.530935
v -0.38710797 0.25742674 0.28125316 0.535767 0.535025 0.534636
v -0.04046991 0.31298286 0.26756328 0.508501 0.508310 0.508220
v 0.05438940 0.30843973 0.26439011 0.508193 0.508016 0.507932
v -0.01668705 0.29377335 0.31694219 0.510053 0.509824 0.509714
v 0.03023866 0.29147321 0.31527302 0.509486 0.509276 0.509176
v -0.01580999 0.33283246 0.21694261 0.507168 0.506861 0.506710
v 0.03126164 0.33035302 0.21521086 0.506287 0.506014 0.505882
v -0.25623667 0.25097442 0.39679784 0.529323 0.528654 0.528305
v -0.28608990 0.22955173 0.45061937 0.544584 0.543704 0.543263
v -0.22819987 0.24583942 0.44032291 0.532941 0.532443 0.532193
v -0.24260253 0.23766097 0.46523023 0.542944 0.542432 0.542180
v -0.30264002 0.24735168 0.38738289 0.536184 0.535771 0.535565
v -0.31914479 0.23394045 0.41720325 0.544770 0.544206 0.543933
v -0.57882690 0.70272440 -0.47843045 0.716270 0.707486 0.703168
v -0.37331846 0.48746097 -0.37157878 0.556934 0.555284 0.554507
v -0.42901641 0.60616589 -0.39323387 0.569719 0.565355 0.563262
v -0.35520366 0.50942981 -0.36205578 0.544060 0.542282 0.541435
v -0.48844817 0.58941174 -0.49707115 0.653827 0.644500 0.640112
v -0.35423881 0.54264921 -0.42178696 0.583304 0.580618 0.579352
v -0.09630550 0.84725159 -0.53662533 0.560733 0.559783 0.559267
v 0.09858397 0.87650865 -0.54716122 0.552019 0.550036 0.548951
v -0.04675235 0.84843004 -0.60004830 0.512543 0.511677 0.511241
v 0.05222352 0.85541481 -0.59667480 0.507919 0.507231 0.506882
v -0.03423590 0.83402270 -0.49068272 0.512598 0.512488 0.512430
v 0.04685950 0.84343529 -0.49980950 0.512987 0.512862 0.512794
v -0.32818717 0.64501286 -0.62465340 0.560185 0.554700 0.552140
v -0.34084165 0.48681739 -0.66344941 0.546390 0.541943 0.539847
v -0.30774018 0.62566096 -0.68817014 0.542724 0.537556 0.535131
v -0.31774324 0.54370266 -0.71019638 0.540245 0.535552 0.533343
v -0.35773072 0.58733946 -0.58240050 0.538889 0.536658 0.535611
v -0.35585749 0.50794554 -0.59820187 0.546840 0.542832 0.540944
v -0.50976610 0.26669461 -0.05773233 0.546678 0.545928 0.545576
v -0.51436406 0.24593717 0.04245963 0.546115 0.545005 0.544474
v -0.48062268 0.28319344 -0.04266968 0.541522 0.540782 0.540430
v -0.48501635 0.27053684 0.00795560 0.539046 0.538088 0.537618
v -0.54506779 0.23802517 -0.02286665 0.552335 0.551500 0.551107
v -0.54484111 0.22865456 0.02646248 0.554370 0.553299 0.552794
v -0.44174036 0.32686365 -0.39904398 0.555763 0.553726 0.552767
v -0.41517115 0.31639734 -0.52198315 0.554803 0.552003 0.550686
v -0.45687139 0.26919767 -0.41541651 0.555413 0.553336 0.552357
v -0.44541499 0.26353756 -0.47667223 0.555873 0.553440 0.552295
v -0.40819141 0.38947159 -0.44193062 0.554218 0.551917 0.550834
v -0.39666894 0.38393968 -0.50302643 0.555465 0.552619 0.551278
v -0.57039881 0.16837060 -0.10965175 0.552443 0.551033 0.550370
v -0.61077267 0.09596928 -0.05196285 0.547488 0.545988 0.545270
v -0.57627749 0.13237071 -0.13250667 0.551416 0.549965 0.549277
v -0.59482229 0.09520645 -0.10203514 0.545118 0.543586 0.542851
v -0.58721834 0.17074843 -0.06069190 0.555121 0.553711 0.553048
v -0.60065889 0.13234435 -0.03297587 0.553152 0.551676 0.550971
v -0.45030084 0.20329799 0.31921113 0.548409 0.547533 0.547119
v -0.40505862 0.18870595 0.40046710 0.566217 0.565448 0.565087
v -0.46129578 0.17562577 0.34017715 0.554021 0.552979 0.552489
v -0.43890443 0.16747294 0.38035554 0.565368 0.564241 0.563710
v -0.42122066 0.22278228 0.34049058 0.550234 0.549466 0.549103
v -0.39656234 0.21702111 0.38111058 0.557521 0.556780 0.556428
v -0.57040954 0.15275700 0.12877649 0.553887 0.552357 0.551633
v -0.61100781 0.09332357 0.08717868 0.547664 0.546149 0.545418
v -0.58283472 0.11738122 0.15244134 0.552525 0.550772 0.549934
v -0.60454839 0.08914983 0.13270955 0.547652 0.545771 0.544870
v -0.57806736 0.15850268 0.08248892 0.559861 0.558550 0.557931
v -0.59814733 0.12852623 0.06118473 0.559360 0.558107 0.557513
v 0.31940460 0.29025942 0.24109969 0.519474 0.519217 0.519095
v 0.39429307 0.27944291 0.22231607 0.527642 0.527136 0.526879
v 0.33603454 0.30359992 0.19176796 0.518864 0.518529 0.518362
v 0.37148833 0.29652241 0.18325613 0.523886 0.523332 0.523046
v 0.33939290 0.27249640 0.28039461 0.524579 0.524161 0.523954
v 0.37772158 0.26718712 0.26932329 0.527830 0.527120 0.526753
v 0.25256976 0.25139228 0.38930762 0.524581 0.524098 0.523850
v 0.27879333 0.23340046 0.44107059 0.535892 0.534907 0.534405
v 0.22525997 0.24548888 0.43335736 0.528179 0.527723 0.527496
v 0.23646732 0.23579574 0.45404321 0.535739 0.535211 0.534952
v 0.29425845 0.25107044 0.37547898 0.528445 0.528101 0.527935
v 0.30853868 0.24184781 0.40378356 0.535616 0.535148 0.534923
v 0.56193823 0.70884520 -0.42770109 0.688037 0.680210 0.676347
v 0.38804632 0.49562699 -0.35222095 0.551580 0.550120 0.549434
v 0.41374719 0.60434240 -0.37696046 0.567450 0.564510 0.563108
v 0.38002753 0.52286571 -0.33861610 0.542901 0.541697 0.541126
v 0.50214303 0.61189222 -0.47357193 0.641936 0.634177 0.630541
v 0.37465745 0.54014212 -0.41623279 0.565888 0.563610 0.562540
v 0.32941794 0.63789970 -0.61484057 0.548723 0.543628 0.541219
v 0.34055114 0.48238370 -0.66576958 0.544005 0.540424 0.538739
v 0.30382085 0.61119294 -0.67544174 0.539747 0.534890 0.532606
v 0.31579894 0.53394479 -0.70565838 0.535436 0.531501 0.529650
v 0.35916740 0.58599073 -0.57936132 0.536653 0.534116 0.532920
v 0.34855902 0.50279421 -0.59561574 0.543270 0.540101 0.538609
v 0.51158249 0.28125662 -0.06253198 0.547223 0.546680 0.546424
v 0.51277119 0.26457095 0.03878838 0.543066 0.542401 0.542088
v 0.48399314 0.30819941 -0.04333573 0.541107 0.540537 0.540270
v 0.48480996 0.29781732 0.00702287 0.538801 0.538174 0.537879
v 0.53894615 0.24080907 -0.03104808 0.553026 0.552447 0.552175
v 0.53968596 0.23530629 0.01995864 0.550099 0.549428 0.549112
v 0.44331178 0.32428500 -0.40988389 0.550485 0.548411 0.547434
v 0.41836107 0.31728092 -0.52759612 0.556260 0.553776 0.552606
v 0.45793319 0.26536715 -0.42684996 0.550774 0.548568 0.547528
v 0.44623780 0.26202953 -0.48366785 0.554470 0.552032 0.550877
v 0.41403592 0.38793772 -0.45068395 0.551700 0.549421 0.548348
v 0.40154046 0.38286591 -0.51025891 0.554420 0.551844 0.550632
v 0.56792223 0.16670391 -0.12882011 0.554951 0.553703 0.553114
v 0.61809969 0.08582217 -0.07231663 0.552225 0.550342 0.549438
v 0.57871497 0.12341347 -0.15188959 0.551742 0.550214 0.549487
v 0.60303140 0.08051345 -0.12152807 0.550326 0.548423 0.547512
v 0.58032012 0.16580595 -0.07554823 0.553101 0.551987 0.551462
v 0.60218638 0.12573895 -0.04860220 0.551801 0.550428 0.549775
v 0.44562772 0.21572833 0.31610829 0.538443 0.537625 0.537241
v 0.39900559 0.19678438 0.39551437 0.552395 0.551797 0.551516
v 0.45801783 0.18266267 0.33829135 0.544875 0.543918 0.543466
v 0.43593177 0.17265685 0.37834495 0.552166 0.551191 0.550733
v 0.41185454 0.23209733 0.33370510 0.541220 0.540426 0.540050
v 0.38868010 0.22495332 0.37577701 0.545851 0.545209 0.544906
v 0.57539964 0.15399872 0.12267061 0.545238 0.544206 0.543715
v 0.61829394 0.08747387 0.07882872 0.551012 0.549071 0.548131
v 0.59137928 0.11627774 0.14874768 0.546333 0.544958 0.544300
v 0.61369109 0.08368974 0.12814973 0.548441 0.546714 0.545897
v 0.57996452 0.15844244 0.07409936 0.550514 0.549305 0.548734
v 0.60146022 0.12416789 0.05153891 0.555216 0.553764 0.553075
v -0.08998051 -0.70829475 0.20701331 0.500287 0.500287 0.500287
v -0.15924875 -0.69699103 0.36384171 0.501745 0.501743 0.501741
v -0.14318864 -0.69898725 0.18972911 0.500508 0.500508 0.500508
v -0.17584747 -0.69396675 0.26725265 0.503253 0.503253 0.503253
v -0.06903168 -0.71166259 0.29884657 0.500614 0.500614 0.500614
v -0.10612578 -0.70847028 0.37638250 0.500485 0.500483 0.500483
v -0.12501334 -0.75810623 -0.18184905 0.511448 0.511448 0.511448
v -0.17115200 -0.79233885 -0.30872685 0.510565 0.510556 0.510552
v -0.12795578 -0.89231908 -0.21587245 0.543818 0.543818 0.543818
v -0.18013898 -0.91480613 -0.30357435 0.584121 0.584121 0.584121
v -0.08227897 -0.70944405 -0.22276810 0.507072 0.507072 0.507072
v -0.10808155 -0.72274625 -0.27943838 0.509689 0.509666 0.509655
v 0.07830904 -0.71091640 0.23745838 0.500745 0.500745 0.500745
v 0.12124990 -0.72522306 0.48434579 0.505936 0.505895 0.505875
v 0.13443054 -0.70069623 0.23307590 0.502210 0.502210 0.502210
v 0.15732303 -0.70390308 0.34590131 0.503347 0.503347 0.503347
v 0.04340243 -0.72090298 0.33363974 0.500501 0.500501 0.500501
v 0.06036064 -0.73462439 0.45364833 0.502851 0.502850 0.502850
v 0.11373087 -0.76410496 -0.18617740 0.510303 0.510303 0.510303
v 0.16088521 -0.77757114 -0.31173453 0.509552 0.509527 0.509515
v 0.12687872 -0.88802516 -0.21507406 0.537569 0.537569 0.537569
v 0.17436971 -0.88311017 -0.30331010 0.560984 0.560984 0.560984
v 0.08977853 -0.70659232 -0.22537936 0.504505 0.504505 0.504505
v 0.10750084 -0.72007281 -0.28366649 0.509957 0.509931 0.509919
v -0.37928057 -0.57469571 0.43705904 0.534054 0.532536 0.531785
v -0.43092334 -0.47198308 0.34843731 0.542122 0.539750 0.538592
v -0.38777018 -0.55845547 0.35872427 0.535572 0.534299 0.533674
v -0.41580820 -0.51277971 0.31938484 0.536879 0.535369 0.534647
v -0.40307912 -0.53880411 0.46400893 0.536705 0.534501 0.533444
v -0.42604834 -0.48116291 0.41570067 0.538096 0.535624 0.534440
v -0.14461739 -0.80623204 0.53831589 0.595918 0.595882 0.595866
v 0.04435116 -0.80711406 0.56686318 0.517799 0.517668 0.517607
v -0.11651441 -0.82490993 0.58073235 0.527955 0.527865 0.527824
v -0.01755434 -0.79328775 0.58357376 0.509160 0.509020 0.508954
v -0.08237739 -0.76296479 0.51277775 0.512539 0.512529 0.512524
v -0.00677199 -0.76140839 0.54190791 0.504002 0.503957 0.503934
v -0.36674890 -0.66150934 0.67056966 0.562762 0.557280 0.554699
v -0.39684826 -0.50260890 0.68128067 0.560430 0.554325 0.551453
v -0.37167951 -0.67219311 0.72880685 0.575416 0.568774 0.565647
v -0.38589212 -0.57615906 0.74320042 0.566412 0.559847 0.556758
v -0.40397280 -0.57677329 0.61094660 0.571536 0.566917 0.564742
v -0.41398555 -0.50798523 0.61740226 0.562855 0.557526 0.555015
v -0.36942139 -0.52852869 -0.33618516 0.563987 0.558694 0.556203
v -0.41440079 -0.42816508 -0.26972097 0.541317 0.538508 0.537185
v -0.41919845 -0.55643666 -0.31867191 0.555332 0.550765 0.548615
v -0.42457283 -0.50058222 -0.26626831 0.541384 0.538215 0.536722
v -0.36031803 -0.45371389 -0.33218014 0.553418 0.549480 0.547628
v -0.39740294 -0.40769786 -0.31048375 0.550077 0.546979 0.545521
v -0.05598760 -0.60327286 -0.35308155 0.527620 0.526798 0.526408
v 0.05852126 -0.60052341 -0.35295224 0.530460 0.529604 0.529197
v -0.02367928 -0.55642629 -0.37202567 0.530792 0.529024 0.528144
v 0.02924967 -0.55474335 -0.37178636 0.531856 0.530114 0.529249
v -0.02980598 -0.64040017 -0.32915521 0.524319 0.524026 0.523887
v 0.03220299 -0.63858926 -0.32898945 0.523799 0.523492 0.523348
v -0.23432809 -0.42309421 -0.38674411 0.543525 0.540266 0.538733
v -0.24309172 -0.30716991 -0.40809402 0.556490 0.553037 0.551413
v -0.19764623 -0.38840899 -0.40697253 0.543253 0.539977 0.538436
v -0.20407531 -0.33323449 -0.41930646 0.551349 0.547643 0.545898
v -0.27548867 -0.39487278 -0.37414613 0.548236 0.544899 0.543329
v -0.27665877 -0.33445817 -0.38237041 0.552058 0.548830 0.547312
v -0.47545734 -0.29157254 -0.02054305 0.532162 0.529883 0.528797
v -0.49182814 -0.30320245 0.07904581 0.534658 0.532226 0.531069
v -0.46515691 -0.34676769 0.00226557 0.529423 0.527207 0.526162
v -0.47457689 -0.35144460 0.05200397 0.530484 0.528258 0.527207
v -0.49909967 -0.24305230 0.00575563 0.531793 0.529574 0.528513
v -0.50701076 -0.25017059 0.05464710 0.532361 0.530033 0.528927
v -0.39014691 -0.23805171 -0.28627479 0.548648 0.546723 0.545815
v -0.35206372 -0.20842136 -0.36433238 0.549796 0.547589 0.546549
v -0.40625086 -0.18631135 -0.30865267 0.548523 0.546998 0.546277
v -0.38777584 -0.17421594 -0.34907022 0.549050 0.547424 0.546653
v -0.36819819 -0.28179264 -0.31236726 0.553167 0.550728 0.549581
v -0.34023252 -0.26370049 -0.34494352 0.552046 0.549388 0.548135
v -0.52893758 -0.13995497 -0.09366061 0.530164 0.528864 0.528250
v -0.59028012 -0.06932236 -0.04688703 0.524924 0.524408 0.524164
v -0.55034232 -0.10061440 -0.11973798 0.530104 0.529196 0.528767
v -0.57883173 -0.06913167 -0.09630092 0.526215 0.525618 0.525336
v -0.53834522 -0.14228350 -0.04429007 0.529889 0.528527 0.527884
v -0.56833470 -0.10287273 -0.02043823 0.532993 0.531891 0.531367
v -0.46444923 -0.32414865 0.40558678 0.541587 0.537580 0.535695
v -0.43834448 -0.31795827 0.51671606 0.548100 0.543895 0.541917
v -0.47321767 -0.27083713 0.41745538 0.538200 0.534724 0.533088
v -0.45843446 -0.26585805 0.46996307 0.536624 0.533449 0.531955
v -0.44729391 -0.37943769 0.44998655 0.541194 0.536968 0.534974
v -0.43651325 -0.37892437 0.50951648 0.548762 0.544263 0.542145
v -0.55650675 -0.17050576 0.14834037 0.533312 0.531525 0.530684
v -0.60634327 -0.08580278 0.09470724 0.530053 0.529126 0.528689
v -0.57606310 -0.12827381 0.16836518 0.533021 0.531601 0.530935
v -0.60055900 -0.08726125 0.14171605 0.527790 0.526996 0.526619
v -0.55614418 -0.16553031 0.10042846 0.535081 0.533366 0.532558
v -0.58023489 -0.11909290 0.07427669 0.534534 0.533185 0.532550
v 0.35847086 -0.61831361 0.50220042 0.556676 0.553876 0.552527
v 0.42028266 -0.48803514 0.37157395 0.536919 0.534226 0.532931
v 0.37447348 -0.58233666 0.40568522 0.530447 0.528598 0.527671
v 0.40509886 -0.52898794 0.34681916 0.528502 0.526713 0.525866
v 0.37136513 -0.57437783 0.52881950 0.557949 0.554058 0.552201
v 0.40515858 -0.50182712 0.45427746 0.535553 0.532143 0.530504
v 0.31880152 -0.65529674 0.85589731 0.649654 0.636046 0.629640
v 0.37616628 -0.48655838 0.71878070 0.538444 0.534716 0.532962
v 0.37136048 -0.64153528 0.78832078 0.582830 0.575978 0.572753
v 0.37447771 -0.54486811 0.77250981 0.543885 0.539352 0.537220
v 0.33911020 -0.59069020 0.72056270 0.559683 0.555054 0.552876
v 0.37347522 -0.50595295 0.67834485 0.544998 0.541481 0.539825
v 0.36765754 -0.52108932 -0.34180945 0.550605 0.546461 0.544510
v 0.41161403 -0.42602170 -0.28059974 0.541236 0.538823 0.537685
v 0.41210991 -0.55231023 -0.32042125 0.551586 0.547608 0.545736
v 0.42384869 -0.49665996 -0.27692658 0.536557 0.533884 0.532627
v 0.35810471 -0.44741148 -0.33732122 0.550868 0.547735 0.546261
v 0.38626838 -0.40446830 -0.31425974 0.547985 0.545271 0.543993
v 0.23985088 -0.41140854 -0.38226098 0.545124 0.542275 0.540934
v 0.25181180 -0.29921913 -0.40459397 0.558161 0.555220 0.553836
v 0.20519987 -0.37724426 -0.40037990 0.540823 0.537933 0.536573
v 0.21364363 -0.32426715 -0.41390705 0.548133 0.544884 0.543355
v 0.27738968 -0.38624913 -0.37100023 0.547046 0.544036 0.542620
v 0.28153485 -0.32672986 -0.38062906 0.553298 0.550332 0.548937
v 0.48151439 -0.29325554 -0.03345037 0.527998 0.525853 0.524830
v 0.49828058 -0.30532974 0.06805115 0.529621 0.527435 0.526393
v 0.47213155 -0.34909943 -0.01218029 0.526758 0.524721 0.523743
v 0.48079666 -0.35408640 0.04064664 0.528298 0.526170 0.525147
v 0.50369173 -0.24449961 -0.00651062 0.530337 0.528006 0.526896
v 0.51366425 -0.25232053 0.04268444 0.532604 0.530363 0.529300
v 0.40819791 -0.23983552 -0.30477047 0.555811 0.553732 0.552748
v 0.36086667 -0.20350425 -0.36796510 0.562625 0.560160 0.558999
v 0.42207345 -0.18684098 -0.32309294 0.558161 0.556138 0.555185
v 0.39966908 -0.17045289 -0.35646847 0.562797 0.560597 0.559563
v 0.37400955 -0.27900743 -0.32070372 0.556306 0.554149 0.553134
v 0.34839812 -0.25911942 -0.34986308 0.558942 0.556546 0.555420
v 0.53523743 -0.14182714 -0.11108216 0.535545 0.533475 0.532500
v 0.60119152 -0.07402649 -0.06485021 0.535348 0.533655 0.532860
v 0.55901742 -0.10135199 -0.14042659 0.535524 0.533700 0.532843
v 0.58965945 -0.07203962 -0.11682654 0.534743 0.533054 0.532260
v 0.54497683 -0.14661607 -0.05989853 0.533910 0.531876 0.530918
v 0.58192760 -0.10963376 -0.03664110 0.534974 0.533152 0.532295
v 0.46913335 -0.32888460 0.40955493 0.537828 0.534531 0.532978
v 0.43655616 -0.31914645 0.52742147 0.543322 0.539784 0.538118
v 0.48258775 -0.27265272 0.41471493 0.529667 0.527339 0.526240
v 0.46247101 -0.26719165 0.47078121 0.531488 0.529086 0.527957
v 0.44049579 -0.38706532 0.46863765 0.540583 0.536809 0.535033
v 0.42618877 -0.38291684 0.53181809 0.543414 0.539540 0.537716
v 0.56523651 -0.17139994 0.13973626 0.528244 0.526604 0.525828
v 0.61659795 -0.08963142 0.08735584 0.528080 0.526749 0.526122
v 0.58728272 -0.13121164 0.16250676 0.525290 0.524165 0.523635
v 0.61332041 -0.09242292 0.13676432 0.524308 0.523325 0.522860
v 0.56656182 -0.16704884 0.08998287 0.531683 0.529793 0.528904
v 0.59360516 -0.12230125 0.06391868 0.532558 0.530895 0.530113
v 0.17993250 -0.10100122 0.85836053 0.555048 0.549827 0.547370
v 0.28970933 -0.17268047 0.80955791 0.550469 0.545304 0.542874
v 0.18559778 -0.17398225 0.87699807 0.554423 0.548620 0.545890
v 0.24567777 -0.20763233 0.85230517 0.559524 0.553825 0.551144
v 0.22495355 -0.07264587 0.80759090 0.544111 0.540039 0.538121
v 0.27778462 -0.10571690 0.78716117 0.548831 0.544125 0.541911
v -0.18138424 -0.09882282 0.85861087 0.538089 0.534212 0.532385
v -0.28234693 -0.17457807 0.81256038 0.559192 0.553588 0.550950
v -0.18365048 -0.17186072 0.87456346 0.551852 0.545927 0.543138
v -0.23943508 -0.21002135 0.85763127 0.558813 0.553221 0.550584
v -0.22645076 -0.07087594 0.81171477 0.511849 0.511210 0.510910
v -0.27339110 -0.10721841 0.78804934 0.533579 0.530579 0.529164
v 0.14252172 0.06020276 0.71579587 0.556173 0.554495 0.553705
v 0.21475500 0.09210686 0.62200975 0.565551 0.563835 0.563027
v 0.13050833 0.09824590 0.66107410 0.567519 0.566479 0.565988
v 0.16696486 0.11422017 0.61938584 0.564262 0.563467 0.563093
v 0.19334728 0.03178694 0.71529990 0.535723 0.534259 0.533570
v 0.22889531 0.04907992 0.66420966 0.552298 0.549803 0.548628
v -0.14748065 0.05787263 0.71834910 0.561608 0.560232 0.559590
v -0.21911827 0.09128512 0.62874460 0.577329 0.575783 0.575053
v -0.13668092 0.09717028 0.66697848 0.577481 0.576302 0.575750
v -0.17315021 0.11445513 0.62820268 0.578008 0.576845 0.576296
v -0.19689339 0.03070199 0.71871245 0.542146 0.541134 0.540659
v -0.23135217 0.04809603 0.66831839 0.556000 0.554273 0.553458
v 0.37796617 -0.07877961 0.64125329 0.553201 0.550135 0.548694
v 0.35530913 0.02185421 0.59124112 0.557149 0.554542 0.553302
v 0.40778118 -0.04969541 0.58997059 0.550570 0.548044 0.546852
v 0.39698443 -0.00166789 0.56850356 0.548390 0.546252 0.545243
v 0.33764976 -0.05295004 0.67051512 0.548777 0.545902 0.544549
v 0.32334065 -0.00295875 0.63949716 0.546520 0.544312 0.543267
v -0.36992347 -0.08269283 0.64195001 0.538710 0.536461 0.535407
v -0.34812117 0.01662028 0.59068632 0.556344 0.554182 0.553152
v -0.39706251 -0.05518037 0.58964896 0.538584 0.536721 0.535849
v -0.38704675 -0.00770197 0.56787914 0.546463 0.544359 0.543369
v -0.33205229 -0.05664402 0.67151976 0.523620 0.522784 0.522390
v -0.31993425 -0.00598674 0.64113593 0.540179 0.538847 0.538215
v 0.14254470 -0.01048899 -0.64408553 0.593135 0.586937 0.584026
v 0.20470148 -0.04933567 -0.54168385 0.587480 0.581543 0.578750
v 0.12606633 -0.04957381 -0.57049048 0.596854 0.589969 0.586731
v 0.15777791 -0.08247244 -0.53752613 0.588516 0.581746 0.578559
v 0.19512522 -0.00171890 -0.67596769 0.569170 0.565224 0.563366
v 0.22520599 -0.01008838 -0.61098671 0.575331 0.571324 0.569439
v -0.13239428 -0.01730429 -0.65048790 0.586710 0.581524 0.579092
v -0.19400638 -0.05791418 -0.56805646 0.561376 0.557092 0.555086
v -0.11743279 -0.06048514 -0.58663344 0.589007 0.582733 0.579780
v -0.14835548 -0.08739510 -0.55741262 0.580546 0.574649 0.571875
v -0.18523072 -0.00095028 -0.67582190 0.563484 0.560108 0.558520
v -0.21283793 -0.01272798 -0.62284923 0.561693 0.558186 0.556535
v 0.20252031 0.09998669 -0.89410031 0.646134 0.595492 0.567950
v 0.29292870 0.16524015 -0.95256591 0.624406 0.584262 0.562428
v 0.19621246 0.17773318 -0.90169966 0.665723 0.598994 0.562695
v 0.24575065 0.20055339 -0.92882031 0.651322 0.597644 0.568454
v 0.25011301 0.06047626 -0.86720300 0.593162 0.564337 0.548664
v 0.30760556 0.09743889 -0.88700074 0.599325 0.568846 0.552270
v -0.21921827 0.13069491 -0.91361964 0.660989 0.611180 0.584094
v -0.33141333 0.17045410 -0.91659391 0.585471 0.549956 0.530640
v -0.23863684 0.18585743 -0.93747956 0.684099 0.618993 0.583582
v -0.28696823 0.20505075 -0.95465732 0.605660 0.563450 0.540495
v -0.25692490 0.04339524 -0.86545718 0.574602 0.547430 0.532657
v -0.30584443 0.11033610 -0.85133117 0.569477 0.541901 0.526903
v 0.34236550 0.01448485 -0.56806409 0.584498 0.581779 0.580486
v 0.37353355 0.09969623 -0.66654164 0.572978 0.563145 0.557943
v 0.38359472 0.03277740 -0.56037450 0.581034 0.576721 0.574636
v 0.39629120 0.07749839 -0.59864438 0.575518 0.568686 0.565158
v 0.31818575 0.03326251 -0.62922871 0.593774 0.589458 0.587336
v 0.33838820 0.07303393 -0.69306767 0.576649 0.566461 0.561108
v -0.33321768 0.00518874 -0.57784754 0.578282 0.575667 0.574430
v -0.36513969 0.10138607 -0.65749538 0.558145 0.550097 0.545826
v -0.37730777 0.02356528 -0.56684482 0.571393 0.568373 0.566917
v -0.39344788 0.06918380 -0.60303283 0.559970 0.554140 0.551125
v -0.30690813 0.03091427 -0.62954104 0.587989 0.584240 0.582406
v -0.32556036 0.08014347 -0.67739379 0.570315 0.561566 0.556953
v -0.26196620 0.41434115 -0.06297319 0.505608 0.505359 0.505234
v -0.26182860 0.45699114 -0.14500135 0.505037 0.504924 0.504871
v -0.22688231 0.42874137 -0.06902802 0.504320 0.504025 0.503875
v -0.22871934 0.47997266 -0.15811393 0.503378 0.503255 0.503197
v -0.31558895 0.37709889 -0.02022668 0.513685 0.513451 0.513339
v -0.24836685 0.39945057 -0.02247094 0.506871 0.506587 0.506445
v -0.30843049 0.36294991 0.02271697 0.514001 0.513506 0.513248
v -0.30810255 0.43577850 -0.15476568 0.509849 0.509513 0.509340
v -0.25115916 0.49575412 -0.19612980 0.505737 0.505555 0.505470
v -0.30018225 0.46953690 -0.21189372 0.511987 0.511556 0.511339
v -0.34208587 0.38252968 -0.07357520 0.515864 0.515524 0.515356
v -0.32593018 0.43184853 -0.18166700 0.516634 0.516164 0.515928
v -0.36368448 0.37265423 -0.08896743 0.519897 0.519427 0.519193
v -0.34219187 0.35293162 0.01912685 0.518234 0.517995 0.517880
v -0.37018681 0.35420674 -0.03679252 0.520233 0.519924 0.519774
v 0.27793965 0.42202777 -0.06890539 0.506157 0.505926 0.505809
v 0.27554864 0.46646598 -0.14842907 0.505262 0.505166 0.505119
v 0.24386477 0.43329117 -0.07581969 0.505003 0.504840 0.504759
v 0.24491319 0.48878291 -0.16127113 0.503223 0.503124 0.503077
v 0.32634100 0.38738263 -0.02453882 0.511012 0.510804 0.510702
v 0.26305076 0.40590551 -0.02827518 0.506781 0.506503 0.506363
v 0.31816232 0.37295577 0.01732054 0.511345 0.510943 0.510734
v 0.31846815 0.44748336 -0.15487540 0.510597 0.510353 0.510229
v 0.26435834 0.50481135 -0.19758046 0.504064 0.503909 0.503835
v 0.31056392 0.48031580 -0.20823321 0.511568 0.511243 0.511081
v 0.34965825 0.39902985 -0.07619449 0.513824 0.513512 0.513354
v 0.33807382 0.44747701 -0.17688398 0.516327 0.516024 0.515873
v 0.37126189 0.39232582 -0.08989523 0.518197 0.517764 0.517545
v 0.34666526 0.36420363 0.01366214 0.514792 0.514563 0.514452
v 0.37433547 0.37460136 -0.04147125 0.517750 0.517292 0.517059
v -0.35258502 -0.67935264 0.01548698 0.506872 0.506652 0.506549
v -0.38746434 -0.76046163 -0.06403054 0.504017 0.503904 0.503852
v -0.31275594 -0.70457423 0.01650866 0.506095 0.505958 0.505893
v -0.35348499 -0.83250892 -0.06337801 0.508982 0.508982 0.508982
v -0.39381433 -0.61674851 0.06178246 0.514123 0.513724 0.513527
v -0.32478511 -0.65847951 0.06953228 0.503636 0.503607 0.503592
v -0.37888491 -0.61034280 0.12216391 0.512519 0.512212 0.512054
v -0.42763513 -0.67332542 -0.08606799 0.521616 0.520272 0.519641
v -0.40644512 -0.83913052 -0.11418866 0.510509 0.510510 0.510510
v -0.43809903 -0.70550132 -0.14715536 0.524117 0.522303 0.521445
v -0.42496341 -0.59546232 -0.00458222 0.515822 0.514815 0.514326
v -0.43828714 -0.62928474 -0.11524288 0.525007 0.523088 0.522186
v -0.43860728 -0.55498344 -0.02506942 0.519065 0.517346 0.516513
v -0.41170621 -0.58162302 0.10430314 0.519040 0.518019 0.517499
v -0.43461043 -0.54746449 0.02940143 0.519401 0.517914 0.517190
v 0.35372400 -0.67430651 0.02161025 0.507030 0.506828 0.506731
v 0.40281337 -0.76630700 -0.06798958 0.507224 0.506980 0.506869
v 0.30993462 -0.69554889 0.02115258 0.506856 0.506689 0.506612
v 0.36711097 -0.83203822 -0.06475927 0.507257 0.507255 0.507254
v 0.39384475 -0.61496705 0.06233094 0.515999 0.515640 0.515463
v 0.32389647 -0.64631164 0.07610378 0.503520 0.503500 0.503491
v 0.37497446 -0.60868073 0.13253626 0.514596 0.514193 0.513983
v 0.43380696 -0.67709231 -0.09601357 0.519553 0.518142 0.517478
v 0.43817583 -0.86193120 -0.13014500 0.515490 0.515490 0.515490
v 0.44233721 -0.70946974 -0.16102141 0.524935 0.522842 0.521856
v 0.42773470 -0.59703434 -0.01224420 0.517326 0.516508 0.516115
v 0.44409350 -0.63201559 -0.12767987 0.521564 0.519760 0.518912
v 0.44046479 -0.55656087 -0.03527553 0.519699 0.518143 0.517385
v 0.40831101 -0.58080000 0.10600980 0.519239 0.518151 0.517587
v 0.43525410 -0.54867393 0.02186868 0.517953 0.516452 0.515708
v -0.01643869 -0.64414454 0.81783938 0.550268 0.548037 0.546987
v -0.11173106 -0.58868259 0.84828615 0.584660 0.577089 0.573523
v -0.07481336 -0.70912790 0.80205721 0.554063 0.552482 0.551745
v -0.17629318 -0.66028601 0.84712863 0.587326 0.579034 0.575134
v 0.09377430 -0.56301975 0.82961792 0.539457 0.535056 0.532985
v 0.01514391 -0.68285841 0.78654718 0.544063 0.542839 0.542260
v 0.14483365 -0.60776359 0.80820072 0.538597 0.533779 0.531512
v 0.05620452 -0.46011761 0.86410964 0.541535 0.536362 0.533927
v -0.06094211 -0.46647948 0.86791384 0.544664 0.539138 0.536539
v 0.06142075 -0.39299694 0.88666791 0.547571 0.541910 0.539245
v -0.06232553 -0.39543894 0.88631445 0.547776 0.542157 0.539513
v 0.16997807 -0.54158473 0.83060789 0.555904 0.548790 0.545442
v 0.12119473 -0.42930931 0.86594111 0.550365 0.544713 0.542054
v -0.18246675 -0.57298166 0.85099334 0.564599 0.557199 0.553720
v -0.12201962 -0.43750197 0.86754870 0.526147 0.522604 0.520952
v 0.00344609 0.23367611 0.52438968 0.523632 0.523317 0.523161
v -0.05197168 0.23422775 0.53712833 0.532343 0.531758 0.531460
v -0.01625618 0.24087673 0.50255805 0.519458 0.519246 0.519141
v -0.07740302 0.23940071 0.52053297 0.530724 0.530486 0.530371
v 0.05268638 0.23485401 0.52628613 0.529761 0.529018 0.528626
v 0.02652895 0.23978180 0.50318342 0.520873 0.520674 0.520575
v 0.08105746 0.23759294 0.51022589 0.528176 0.528003 0.527920
v 0.02809875 0.22170460 0.54291236 0.539146 0.538427 0.538084
v -0.03487154 0.22248556 0.55183387 0.539815 0.539160 0.538849
v 0.03054814 0.20045573 0.55982661 0.548128 0.547119 0.546643
v -0.03919163 0.20164268 0.56952453 0.545192 0.544348 0.543950
v 0.09010366 0.23175648 0.51863742 0.536752 0.536506 0.536390
v 0.06285495 0.21780327 0.54042470 0.547824 0.547167 0.546857
v -0.09115650 0.23526722 0.53350830 0.540667 0.540403 0.540279
v -0.07123478 0.21505675 0.55907172 0.549717 0.549289 0.549087
v 0.00623987 -0.34498620 -0.47119352 0.537707 0.535831 0.534942
v -0.03522079 -0.32023799 -0.48103240 0.535275 0.532346 0.530966
v -0.01273398 -0.38444272 -0.45046431 0.529822 0.527998 0.527118
v -0.05972528 -0.34760195 -0.46242470 0.536678 0.533695 0.532290
v 0.04922207 -0.31205517 -0.47627193 0.535063 0.532172 0.530810
v 0.02342837 -0.38107058 -0.44905806 0.528475 0.526700 0.525843
v 0.07121231 -0.33669767 -0.45841360 0.537309 0.534488 0.533160
v 0.03278145 -0.27176273 -0.49927273 0.547225 0.543372 0.541556
v -0.01838750 -0.27562338 -0.50435704 0.545477 0.541602 0.539775
v 0.03486716 -0.24316581 -0.51012778 0.561131 0.556057 0.553670
v -0.02093102 -0.24859589 -0.51369762 0.560241 0.555072 0.552639
v 0.08258867 -0.30345821 -0.46943656 0.549126 0.545545 0.543859
v 0.06314240 -0.25379536 -0.49690884 0.556363 0.551964 0.549892
v -0.06753103 -0.31224436 -0.47544178 0.546186 0.542571 0.540870
v -0.04770480 -0.25896066 -0.50455654 0.556442 0.552044 0.549973
v 0.00165815 0.62673479 -0.81162870 0.566291 0.558352 0.554604
v -0.08774843 0.56107330 -0.83881974 0.455341 0.454335 0.453777
v -0.03388420 0.68355364 -0.78548950 0.551024 0.544012 0.540596
v -0.12908489 0.60772437 -0.80842364 0.493551 0.491206 0.489895
v 0.09103286 0.56255299 -0.83916485 0.484036 0.481293 0.479803
v 0.03924795 0.68297392 -0.78583390 0.571323 0.563008 0.558989
v 0.13621444 0.60792911 -0.81253040 0.462126 0.460980 0.460357
v 0.05430634 0.46501258 -0.87660193 0.569275 0.555465 0.548443
v -0.05883704 0.46384275 -0.88088346 0.567985 0.554300 0.547366
v 0.05705776 0.39968738 -0.89884233 0.577729 0.543816 0.525388
v -0.06923104 0.40112561 -0.90318429 0.578378 0.543582 0.524677
v 0.15336667 0.54026663 -0.84088981 0.490209 0.486856 0.485022
v 0.11541761 0.43631732 -0.88655943 0.573924 0.550940 0.538718
v -0.14989929 0.53954834 -0.83734107 0.518993 0.513665 0.510942
v -0.12355603 0.43464407 -0.89209586 0.574719 0.551793 0.539620
v 0.55141258 0.05176998 -0.38623446 0.545187 0.542407 0.541026
v 0.57636261 0.02898071 -0.31535971 0.540803 0.538098 0.536757
v 0.54261434 0.07987750 -0.37909517 0.549770 0.546809 0.545339
v 0.57521272 0.05004464 -0.29998267 0.541085 0.538195 0.536766
v 0.54764223 -0.01724342 -0.36194974 0.539434 0.538100 0.537472
v 0.57756144 -0.01250957 -0.30855823 0.541626 0.540022 0.539271
v 0.53544748 -0.04749879 -0.34391207 0.543466 0.541931 0.541212
v 0.57342243 -0.03508499 -0.28797710 0.537641 0.536298 0.535667
v 0.53962541 0.02385147 -0.41380590 0.549982 0.547558 0.546361
v 0.51933450 -0.03347361 -0.37984797 0.558880 0.557376 0.556667
v 0.51414156 0.01442835 -0.43741882 0.571857 0.569324 0.568111
v 0.53046417 0.07849786 -0.42313665 0.555315 0.552203 0.550654
v 0.53198266 0.04569269 -0.45784864 0.558784 0.554041 0.551624
v 0.58616102 0.02759830 -0.27122092 0.541458 0.538495 0.537031
v 0.58744001 -0.01738144 -0.26734787 0.534552 0.533622 0.533186
v 0.56034458 0.02804070 0.35800534 0.537083 0.535078 0.534073
v 0.59852415 0.01145663 0.30490375 0.531877 0.530715 0.530162
v 0.54796064 0.05948851 0.34010214 0.541646 0.539850 0.538970
v 0.59035283 0.03844169 0.28345162 0.538678 0.537000 0.536187
v 0.56884789 -0.05310426 0.36850947 0.532556 0.531831 0.531491
v 0.60615957 -0.03134082 0.30971295 0.528029 0.526910 0.526383
v 0.55686444 -0.08900873 0.35840231 0.526294 0.525629 0.525319
v 0.60036087 -0.05834765 0.29258388 0.523089 0.521991 0.521474
v 0.55605811 -0.01401719 0.40394187 0.533961 0.532970 0.532488
v 0.54133809 -0.08337434 0.39894825 0.527444 0.526925 0.526681
v 0.53288984 -0.03450097 0.43920895 0.538073 0.536922 0.536378
v 0.53449100 0.05025280 0.37921354 0.540028 0.537864 0.536802
v 0.52692258 0.00122838 0.43054771 0.532238 0.529921 0.528731
v 0.61128235 0.01454889 0.26594302 0.533943 0.532543 0.531875
v 0.62060666 -0.03217523 0.27128196 0.527034 0.526036 0.525567
v -0.54069924 0.05536021 -0.36751455 0.533996 0.531282 0.529909
v -0.56193602 0.03262001 -0.29270512 0.534275 0.531672 0.530365
v -0.53529161 0.08837081 -0.35918853 0.541843 0.539547 0.538405
v -0.56204784 0.05856503 -0.27591228 0.538625 0.536140 0.534911
v -0.52803087 -0.01884741 -0.34570336 0.535825 0.534979 0.534582
v -0.55859661 -0.01069281 -0.28626886 0.533734 0.532695 0.532206
v -0.51777941 -0.04846247 -0.32663077 0.535414 0.534800 0.534511
v -0.55558920 -0.03357723 -0.26543590 0.532252 0.531592 0.531281
v -0.52184844 0.02110224 -0.40035674 0.540482 0.538177 0.537016
v -0.50357890 -0.03717609 -0.36685780 0.541732 0.541200 0.540952
v -0.49823365 0.00887804 -0.42892432 0.547971 0.546569 0.545887
v -0.52633047 0.08178674 -0.40808994 0.540972 0.537980 0.536474
v -0.51505387 0.04045238 -0.44727361 0.535373 0.531642 0.529713
v -0.57312655 0.03038776 -0.24688374 0.536445 0.533720 0.532359
v -0.57196230 -0.01337114 -0.24371843 0.538860 0.537978 0.537563
v -0.55063319 0.02869559 0.35626405 0.531897 0.529976 0.529025
v -0.58008456 0.01662866 0.30030021 0.537228 0.535026 0.533981
v -0.54084927 0.05887292 0.33962017 0.547857 0.546278 0.545512
v -0.57720292 0.04236865 0.28087053 0.544056 0.541773 0.540675
v -0.54638100 -0.04929864 0.36688852 0.536611 0.534613 0.533668
v -0.58064187 -0.02507423 0.30455762 0.531704 0.530029 0.529241
v -0.53775239 -0.08395369 0.35859981 0.530185 0.528524 0.527739
v -0.58011723 -0.05135567 0.28991726 0.532070 0.530164 0.529268
v -0.54140371 -0.01092059 0.40203178 0.542637 0.540430 0.539377
v -0.52141106 -0.08053046 0.39928848 0.543482 0.541043 0.539889
v -0.51660639 -0.03200467 0.43792015 0.545761 0.543516 0.542457
v -0.52266908 0.04884512 0.37677634 0.543781 0.541897 0.540968
v -0.51161706 0.00102916 0.42868239 0.541598 0.538112 0.536375
v -0.59534812 0.01986722 0.26248658 0.540199 0.537743 0.536569
v -0.59707785 -0.02516003 0.26656336 0.541729 0.539887 0.539021
v -0.05933405 0.48051924 -0.08485587 0.502418 0.502265 0.502189
v -0.06136407 0.55358440 -0.18058184 0.502864 0.502723 0.502654
v -0.10467176 0.47335905 -0.08122243 0.503828 0.503618 0.503512
v -0.10725930 0.54160279 -0.17654324 0.502736 0.502575 0.502497
v 0.07829238 0.47209936 -0.09091124 0.502728 0.502481 0.502355
v 0.08073914 0.55091625 -0.18692605 0.501909 0.501794 0.501739
v 0.12264746 0.46400350 -0.08879310 0.503132 0.502956 0.502868
v 0.12557448 0.53994787 -0.18534417 0.502818 0.502655 0.502575
v 0.00923987 0.44961655 -0.03883828 0.503173 0.503001 0.502919
v -0.08258574 0.44859028 -0.03372265 0.503366 0.503194 0.503111
v -0.01414013 0.42403007 0.01326722 0.504183 0.504017 0.503938
v 0.00895815 0.60805905 -0.22864953 0.502412 0.502255 0.502180
v -0.08775149 0.59042156 -0.22462501 0.503731 0.503475 0.503353
v -0.01815084 0.66217631 -0.26534852 0.505699 0.505304 0.505114
v 0.10076410 0.43791384 -0.03988199 0.502820 0.502611 0.502506
v 0.03204585 0.42080951 0.01158457 0.504276 0.504071 0.503973
v 0.10414463 0.59291005 -0.22946416 0.502581 0.502411 0.502329
v 0.03253846 0.66266632 -0.26808351 0.505516 0.505176 0.505009
v -0.18123911 0.33696187 0.16608237 0.509113 0.508919 0.508824
v -0.25251248 0.30304387 0.21193902 0.515333 0.515157 0.515072
v -0.20120659 0.35131240 0.11594900 0.509788 0.509576 0.509472
v -0.27088559 0.31711042 0.16181931 0.513895 0.513715 0.513631
v -0.11310291 0.29206544 0.31811070 0.510538 0.510323 0.510221
v -0.18637204 0.26956600 0.36337596 0.519196 0.518909 0.518770
v -0.08867639 0.27697226 0.36730272 0.511121 0.510957 0.510880
v -0.16070220 0.26038134 0.41293153 0.521142 0.520919 0.520811
v -0.11218434 0.32951736 0.21876091 0.509279 0.509068 0.508968
v -0.15605122 0.36292946 0.11713935 0.507487 0.507261 0.507149
v -0.08702078 0.35241431 0.16826724 0.507796 0.507604 0.507514
v -0.26049262 0.26858094 0.31033134 0.520818 0.520622 0.520527
v -0.29672322 0.29563132 0.20793559 0.518096 0.517891 0.517794
v -0.30424246 0.26403713 0.30158865 0.525729 0.525551 0.525466
v -0.06448946 0.29422927 0.31804419 0.509425 0.509248 0.509164
v -0.06375271 0.33270693 0.21815802 0.507821 0.507606 0.507502
v -0.20967700 0.25375411 0.40682253 0.524901 0.524580 0.524421
v -0.28145438 0.25756794 0.34965849 0.527347 0.527110 0.526994
v -0.23447880 0.73529863 -0.41016084 0.512095 0.510917 0.510306
v -0.38216311 0.75572127 -0.45447618 0.531025 0.529595 0.528834
v -0.24108705 0.66593462 -0.35680041 0.509762 0.508943 0.508544
v -0.35978907 0.66480267 -0.39040196 0.519637 0.517564 0.516541
v -0.21670949 0.87657452 -0.58379012 0.701404 0.668270 0.649975
v -0.25824592 0.75830936 -0.60200268 0.526296 0.522352 0.520245
v -0.16844927 0.82034838 -0.63323998 0.556032 0.538040 0.528130
v -0.24394631 0.74520522 -0.67047942 0.537790 0.534040 0.532124
v -0.16965730 0.89038342 -0.46319458 0.554078 0.543557 0.537747
v -0.18908042 0.70093590 -0.36244017 0.510640 0.509871 0.509497
v -0.12171008 0.80280125 -0.42079201 0.520965 0.518906 0.517782
v -0.36614516 0.75922096 -0.56732452 0.592401 0.586785 0.584016
v -0.49742058 0.72596061 -0.43259451 0.572163 0.566288 0.563270
v -0.44417274 0.67857033 -0.51345164 0.638939 0.628174 0.623018
v -0.14027616 0.86402845 -0.59529370 0.540057 0.528442 0.522047
v -0.10866242 0.86222684 -0.48384175 0.547283 0.544772 0.543386
v -0.28825921 0.69689471 -0.65358549 0.539453 0.535700 0.533917
v -0.36626774 0.66570622 -0.56791514 0.585683 0.577536 0.573669
v -0.41205448 0.38240606 -0.25165758 0.542991 0.541920 0.541413
v -0.46286032 0.31533894 -0.14890561 0.541454 0.540522 0.540083
v -0.38566324 0.40307140 -0.24056159 0.536231 0.535283 0.534827
v -0.43388662 0.33230227 -0.13454357 0.537075 0.536159 0.535708
v -0.48563933 0.26950699 -0.29702917 0.549480 0.547771 0.546966
v -0.52671862 0.21667179 -0.20041235 0.553780 0.552637 0.552100
v -0.49568820 0.21959347 -0.31279552 0.552200 0.550448 0.549621
v -0.53763407 0.17468008 -0.21977997 0.548068 0.546666 0.546004
v -0.43761501 0.37541065 -0.32594270 0.553895 0.552277 0.551516
v -0.37788823 0.43922189 -0.30759808 0.541301 0.540104 0.539531
v -0.39686793 0.44477570 -0.37387139 0.562356 0.560436 0.559533
v -0.53065896 0.25421983 -0.12647387 0.549837 0.548621 0.548050
v -0.47259271 0.29875979 -0.09525315 0.541485 0.540774 0.540437
v -0.54031265 0.24610646 -0.07377395 0.548339 0.547320 0.546840
v -0.47061786 0.27117243 -0.35538888 0.557025 0.555286 0.554467
v -0.42538577 0.38511783 -0.38354725 0.556855 0.554908 0.553991
v -0.55307055 0.17174020 -0.16429898 0.552641 0.551344 0.550733
v -0.56079471 0.21057069 -0.09131614 0.551076 0.549714 0.549073
v -0.44791907 0.26067886 0.17200258 0.538698 0.538159 0.537901
v -0.48084536 0.25319931 0.10599650 0.539312 0.538525 0.538136
v -0.42486358 0.28229636 0.13669819 0.533513 0.533153 0.532980
v -0.45563531 0.27676219 0.07263748 0.533666 0.532821 0.532392
v -0.49415261 0.18660229 0.25503847 0.558298 0.557389 0.556961
v -0.53472704 0.17065606 0.19167461 0.561037 0.560120 0.559687
v -0.50600135 0.15634675 0.27761143 0.562141 0.561031 0.560508
v -0.54685897 0.13761614 0.21530132 0.563165 0.562169 0.561698
v -0.45347425 0.23331761 0.24969758 0.543764 0.542715 0.542200
v -0.41641790 0.27399120 0.18547469 0.533262 0.532788 0.532552
v -0.42363906 0.24790019 0.26762286 0.539629 0.538766 0.538324
v -0.53155327 0.20987637 0.12058834 0.546275 0.545268 0.544794
v -0.48396850 0.26202571 0.05714042 0.538486 0.537589 0.537150
v -0.54284018 0.22115153 0.07581627 0.550943 0.549786 0.549242
v -0.47823143 0.18093717 0.29840034 0.553368 0.552593 0.552228
v -0.43876609 0.22700626 0.29575789 0.545807 0.544866 0.544400
v -0.56015098 0.14550428 0.17234001 0.552129 0.550835 0.550224
v -0.55953300 0.18787059 0.10346739 0.553995 0.552714 0.552110
v 0.19108169 0.33247346 0.15878704 0.507481 0.507262 0.507155
v 0.25580791 0.31010875 0.20283458 0.513142 0.512969 0.512886
v 0.21076488 0.35135531 0.10943717 0.507331 0.507107 0.506999
v 0.27477688 0.32728368 0.15411621 0.511607 0.511415 0.511325
v 0.12342125 0.28404456 0.31147474 0.509932 0.509755 0.509671
v 0.19030136 0.26668629 0.35566902 0.518191 0.517919 0.517785
v 0.09957974 0.27118593 0.36351490 0.512807 0.512642 0.512565
v 0.16528717 0.25743005 0.40507779 0.518127 0.517861 0.517734
v 0.12374213 0.32138270 0.21128453 0.506071 0.505910 0.505835
v 0.16796958 0.35533762 0.11004172 0.505188 0.504976 0.504873
v 0.10110793 0.34454918 0.16275933 0.506698 0.506552 0.506482
v 0.07697430 0.28804028 0.31363243 0.509491 0.509315 0.509231
v 0.07827081 0.32650959 0.21376984 0.506698 0.506497 0.506402
v 0.25779372 0.27750590 0.29893264 0.516555 0.516325 0.516211
v 0.29657799 0.30781755 0.19804323 0.515739 0.515546 0.515453
v 0.29950970 0.27608991 0.29064474 0.521129 0.520924 0.520827
v 0.20934837 0.25398248 0.39807078 0.522743 0.522362 0.522170
v 0.27657801 0.26360998 0.33954844 0.525265 0.524974 0.524830
v 0.23446608 0.75025970 -0.41854468 0.511194 0.509492 0.508582
v 0.35658953 0.72588336 -0.44286823 0.532012 0.530371 0.529509
v 0.24571532 0.67820966 -0.35849425 0.507512 0.506661 0.506234
v 0.34060761 0.65570396 -0.37770051 0.517587 0.516134 0.515414
v 0.25618899 0.92599136 -0.59590960 0.675819 0.644759 0.627607
v 0.25044391 0.75346154 -0.60328043 0.527085 0.523951 0.522298
v 0.17856762 0.83581394 -0.63633281 0.545627 0.529554 0.520686
v 0.24509747 0.73698008 -0.67342281 0.532222 0.528311 0.526345
v 0.17584714 0.96478844 -0.51019794 0.626030 0.619115 0.615296
v 0.19591126 0.72065711 -0.37148023 0.512082 0.511123 0.510638
v 0.12478585 0.83545965 -0.44180092 0.533732 0.530758 0.529119
v 0.16663398 0.87218481 -0.57416081 0.529476 0.517814 0.511385
v 0.10703580 0.88759291 -0.50894821 0.532089 0.530810 0.530105
v 0.37661403 0.75867438 -0.55407745 0.614269 0.607271 0.603783
v 0.41649961 0.67929476 -0.41141146 0.543606 0.540505 0.538964
v 0.52747548 0.72739077 -0.53801930 0.690722 0.676531 0.669624
v 0.28683275 0.68944967 -0.64502227 0.533894 0.530000 0.528165
v 0.38244802 0.67054659 -0.56376171 0.585056 0.575221 0.570592
v 0.42779285 0.39818981 -0.25228366 0.546119 0.545289 0.544898
v 0.47063389 0.33267462 -0.15410885 0.543026 0.542306 0.541966
v 0.40508530 0.42316169 -0.23446079 0.537850 0.537157 0.536829
v 0.44541660 0.35874060 -0.13378239 0.537004 0.536357 0.536053
v 0.48336107 0.26566744 -0.31219479 0.545215 0.543532 0.542740
v 0.52655995 0.21281201 -0.21773791 0.553517 0.552526 0.552059
v 0.49725059 0.21402808 -0.33097574 0.548097 0.546304 0.545458
v 0.53910565 0.16772769 -0.23946406 0.544708 0.543195 0.542479
v 0.43940437 0.37508720 -0.33214843 0.547620 0.546079 0.545355
v 0.39690962 0.45548332 -0.29403603 0.543158 0.542275 0.541856
v 0.40778634 0.44626772 -0.37284562 0.552479 0.550701 0.549865
v 0.52949238 0.25284809 -0.13708875 0.548838 0.548114 0.547773
v 0.47938332 0.32021344 -0.09665965 0.540795 0.540249 0.539992
v 0.53651178 0.24734679 -0.08252209 0.548713 0.548018 0.547691
v 0.47094274 0.26687688 -0.36994353 0.551636 0.549835 0.548986
v 0.42830986 0.38495028 -0.39139098 0.551176 0.549260 0.548358
v 0.55313677 0.16711682 -0.18356219 0.553249 0.552054 0.551490
v 0.55713570 0.20842664 -0.10378836 0.552056 0.551125 0.550686
v 0.43818763 0.27746072 0.16247314 0.531759 0.531239 0.530994
v 0.47741121 0.27509779 0.10205081 0.535770 0.535215 0.534954
v 0.41498461 0.29945201 0.12703612 0.527251 0.526872 0.526691
v 0.45238376 0.30194932 0.06872750 0.530486 0.529949 0.529693
v 0.49319252 0.19786583 0.25231731 0.546275 0.545588 0.545266
v 0.53651989 0.17805029 0.18764202 0.551611 0.550831 0.550464
v 0.50637174 0.16336255 0.27594763 0.547838 0.547149 0.546824
v 0.55120015 0.14210665 0.21285006 0.553460 0.552470 0.552001
v 0.44672072 0.24636421 0.24265806 0.535065 0.534465 0.534179
v 0.40545759 0.28791416 0.17389262 0.525710 0.525114 0.524812
v 0.41469195 0.25981438 0.25802207 0.533702 0.533161 0.532895
v 0.53117245 0.22273916 0.11675576 0.542468 0.541662 0.541282
v 0.48257768 0.28637311 0.05494248 0.534192 0.533625 0.533357
v 0.53745931 0.22962108 0.06905435 0.544507 0.543792 0.543456
v 0.47731084 0.19116844 0.29699200 0.545734 0.544962 0.544599
v 0.43109643 0.23863825 0.28911567 0.536671 0.536019 0.535709
v 0.56481916 0.14813562 0.16842484 0.548189 0.547048 0.546505
v 0.55625558 0.19161285 0.09574398 0.546471 0.545621 0.545220
v -0.08771892 -0.72789943 0.05275263 0.500570 0.500570 0.500570
v -0.09772926 -0.76220715 -0.07055134 0.500408 0.500408 0.500408
v -0.14429471 -0.72671497 0.03225619 0.502548 0.502548 0.502548
v -0.15174849 -0.82466733 -0.07861726 0.503060 0.503060 0.503060
v 0.09168428 -0.71054137 0.05061474 0.500302 0.500302 0.500302
v 0.10177792 -0.75420702 -0.07034173 0.500491 0.500491 0.500491
v 0.14789161 -0.70376182 0.03496493 0.502110 0.502110 0.502110
v 0.14924723 -0.81720746 -0.07324512 0.505885 0.505885 0.505885
v -0.00209926 -0.71634173 0.14252275 0.500587 0.500587 0.500587
v -0.11237645 -0.70877022 0.11587797 0.500466 0.500466 0.500466
v -0.03496135 -0.71402919 0.22104181 0.500545 0.500545 0.500545
v 0.00478868 -0.70810562 -0.11616972 0.501070 0.501070 0.501070
v -0.12531756 -0.81936371 -0.13438654 0.504097 0.504097 0.504097
v -0.04320484 -0.69757122 -0.16825753 0.502073 0.502073 0.502073
v 0.11250140 -0.70074618 0.13524863 0.501042 0.501042 0.501042
v 0.02191972 -0.71491617 0.23163292 0.500125 0.500125 0.500125
v 0.12372418 -0.81505787 -0.13287221 0.510079 0.510079 0.510079
v 0.05652415 -0.69157052 -0.16729611 0.501997 0.501997 0.501997
v -0.23447362 -0.67438549 0.42995209 0.505999 0.505972 0.505960
v -0.31296542 -0.63788766 0.45229521 0.515255 0.514924 0.514761
v -0.25392309 -0.66583419 0.32407212 0.503743 0.503738 0.503735
v -0.32631168 -0.62140679 0.35506445 0.510697 0.510056 0.509718
v -0.28261012 -0.89331561 0.60554498 0.562984 0.562478 0.562241
v -0.34884244 -0.83380222 0.65534091 0.548863 0.548021 0.547624
v -0.23960333 -0.99333227 0.67593580 0.525274 0.524958 0.524811
v -0.36582044 -0.85988152 0.75602001 0.538599 0.537517 0.537008
v -0.20809165 -0.74935853 0.51323533 0.517638 0.517434 0.517337
v -0.20589618 -0.68261391 0.34744304 0.505442 0.505440 0.505439
v -0.15211846 -0.71273935 0.45542306 0.504006 0.503991 0.503984
v -0.35808462 -0.67656523 0.56436592 0.544492 0.541525 0.540127
v -0.35328317 -0.60091293 0.40183440 0.523494 0.522180 0.521496
v -0.37545440 -0.60065979 0.51747894 0.547316 0.545252 0.544258
v -0.22824854 -0.93377829 0.54410571 0.622531 0.622412 0.622356
v -0.15326408 -0.75238520 0.51634598 0.527854 0.527847 0.527843
v -0.35143039 -0.76083404 0.71150821 0.547856 0.544257 0.542559
v -0.37137455 -0.63462377 0.59485209 0.558861 0.555178 0.553441
v -0.26215214 -0.76457912 -0.35350332 0.509936 0.509347 0.509090
v -0.32712251 -0.65961492 -0.35814783 0.573837 0.565331 0.561324
v -0.31240845 -0.84112102 -0.33402315 0.557513 0.557538 0.557549
v -0.38207906 -0.71287203 -0.33373839 0.604930 0.598349 0.595253
v -0.12863004 -0.56205213 -0.37625057 0.528500 0.525869 0.524628
v -0.18740013 -0.50054848 -0.38702440 0.535404 0.532299 0.530837
v -0.09309512 -0.51222038 -0.39076158 0.522741 0.520398 0.519295
v -0.15010029 -0.45699990 -0.40344876 0.528193 0.525481 0.524204
v -0.15313993 -0.67187238 -0.34726450 0.531474 0.529450 0.528490
v -0.24081951 -0.83812410 -0.32823437 0.530560 0.530564 0.530565
v -0.13359907 -0.71146417 -0.32068732 0.514963 0.514485 0.514259
v -0.27464241 -0.52733576 -0.36561155 0.548781 0.543759 0.541396
v -0.38134626 -0.61180276 -0.34817216 0.585349 0.577886 0.574374
v -0.31958938 -0.49384379 -0.35141906 0.552142 0.547494 0.545306
v -0.07680915 -0.55967563 -0.37349975 0.519517 0.517874 0.517089
v -0.09197745 -0.65418243 -0.33655962 0.524868 0.524106 0.523748
v -0.19301142 -0.44308138 -0.39650989 0.535695 0.532751 0.531368
v -0.27466905 -0.45780650 -0.36863962 0.545087 0.541146 0.539293
v -0.43492058 -0.38643199 -0.18442522 0.528490 0.526143 0.525040
v -0.44419295 -0.33731526 -0.09656361 0.526442 0.524292 0.523281
v -0.44144905 -0.45133144 -0.17221786 0.525673 0.523378 0.522298
v -0.44766757 -0.39661375 -0.08155033 0.526357 0.524203 0.523188
v -0.44651136 -0.21232460 -0.23068930 0.537545 0.535814 0.534998
v -0.48903999 -0.17852533 -0.16516902 0.528549 0.527147 0.526486
v -0.46169049 -0.16411644 -0.25279486 0.539612 0.538128 0.537429
v -0.50825548 -0.13464388 -0.19004107 0.531507 0.530317 0.529756
v -0.41753334 -0.31247878 -0.24099082 0.542861 0.540478 0.539356
v -0.42992410 -0.44277799 -0.22294827 0.532970 0.530444 0.529255
v -0.40575570 -0.36075270 -0.27525604 0.544245 0.541805 0.540656
v -0.47999474 -0.23079021 -0.09305829 0.529133 0.527206 0.526296
v -0.45237249 -0.34189388 -0.04749081 0.530012 0.527925 0.526943
v -0.48961470 -0.23614395 -0.04352133 0.529866 0.527905 0.526975
v -0.42722929 -0.20077370 -0.27046877 0.544205 0.542587 0.541824
v -0.39486399 -0.29808021 -0.27890360 0.546002 0.543748 0.542686
v -0.51905048 -0.13734882 -0.14278503 0.530889 0.529705 0.529145
v -0.50892222 -0.18496187 -0.06843773 0.528837 0.527275 0.526536
v -0.45466149 -0.41380662 0.24817348 0.527083 0.524513 0.523296
v -0.47702551 -0.35880131 0.15876690 0.527485 0.524887 0.523657
v -0.44429433 -0.45969498 0.21948427 0.527204 0.524958 0.523872
v -0.46487367 -0.40679127 0.13070095 0.527078 0.524711 0.523581
v -0.49415132 -0.27039009 0.31220865 0.539133 0.535744 0.534148
v -0.52605295 -0.21870299 0.22671582 0.533931 0.531248 0.529985
v -0.50754547 -0.22118658 0.32698014 0.537548 0.534464 0.533014
v -0.54479945 -0.17125662 0.24394436 0.534529 0.532173 0.531063
v -0.46163663 -0.37178111 0.33162910 0.539646 0.536003 0.534271
v -0.43676382 -0.46417594 0.28290930 0.531757 0.529316 0.528139
v -0.44414902 -0.42576090 0.37179404 0.544149 0.540806 0.539202
v -0.51231837 -0.26144087 0.15503412 0.531510 0.529023 0.527851
v -0.47776321 -0.35550261 0.10444915 0.529367 0.526959 0.525819
v -0.51173300 -0.25611830 0.10441054 0.534115 0.531900 0.530853
v -0.48444387 -0.27134699 0.36507249 0.540259 0.536751 0.535100
v -0.45537096 -0.37618554 0.39084589 0.541987 0.537951 0.536037
v -0.55168164 -0.17170058 0.19608581 0.533589 0.531422 0.530403
v -0.53384018 -0.21251068 0.12736171 0.532736 0.530786 0.529868
v 0.22235107 -0.72391260 0.56306893 0.521716 0.521316 0.521123
v 0.34523198 -0.70577371 0.52951574 0.546355 0.544627 0.543814
v 0.24209562 -0.67853773 0.42317140 0.507405 0.507368 0.507349
v 0.32095915 -0.63636929 0.43147519 0.515897 0.515551 0.515383
v 0.20341519 -0.92172599 0.64574462 0.503563 0.503248 0.503100
v 0.27760860 -0.95900154 0.76530331 0.529409 0.528868 0.528613
v 0.15068476 -0.81994480 0.66611969 0.503954 0.503408 0.503151
v 0.34768742 -0.81933010 0.74887854 0.509411 0.507999 0.507331
v 0.14623572 -0.83737057 0.77113348 0.591147 0.591020 0.590961
v 0.18344837 -0.70567417 0.46909481 0.508740 0.508685 0.508659
v 0.07098813 -0.76379764 0.60480982 0.515825 0.515787 0.515770
v 0.08757168 -0.84208083 0.59715950 0.507425 0.507154 0.507025
v 0.09140915 -0.71393031 0.63075066 0.522005 0.521932 0.521899
v 0.30012637 -0.79724193 0.68898743 0.592188 0.590561 0.589793
v 0.34691757 -0.63378716 0.46817955 0.530531 0.529418 0.528866
v 0.33645591 -0.66713524 0.61253303 0.573368 0.567868 0.565275
v 0.36091736 -0.77765882 0.78165972 0.562198 0.558437 0.556663
v 0.28735274 -0.70402586 0.76561040 0.591185 0.579506 0.574005
v 0.25341764 -0.74861097 -0.35839972 0.526682 0.524134 0.522936
v 0.32335955 -0.64154828 -0.35678825 0.561525 0.554678 0.551452
v 0.29321468 -0.82643569 -0.35272574 0.549170 0.549125 0.549102
v 0.37609273 -0.69545090 -0.34930524 0.581887 0.575081 0.571882
v 0.13216858 -0.55310190 -0.37291735 0.529016 0.526316 0.525040
v 0.19179931 -0.48791283 -0.38140881 0.534512 0.531551 0.530157
v 0.09950475 -0.50451648 -0.38829833 0.524775 0.522530 0.521474
v 0.15664977 -0.44580677 -0.39740062 0.529577 0.526892 0.525625
v 0.15039659 -0.66433382 -0.34892789 0.530615 0.527842 0.526532
v 0.23279983 -0.82591146 -0.33897594 0.519893 0.519896 0.519900
v 0.12866694 -0.70672381 -0.32529163 0.517085 0.516261 0.515870
v 0.08082514 -0.55464387 -0.37264007 0.523667 0.522040 0.521268
v 0.09290683 -0.64946634 -0.33717301 0.525541 0.524580 0.524126
v 0.27760488 -0.51479083 -0.36290842 0.541327 0.537391 0.535539
v 0.37628454 -0.60364199 -0.34995767 0.569997 0.564274 0.561580
v 0.32051331 -0.48442376 -0.35319000 0.542882 0.539292 0.537602
v 0.19881642 -0.43176064 -0.38984033 0.536507 0.533750 0.532453
v 0.27785349 -0.44769192 -0.36619115 0.539984 0.536854 0.535380
v 0.42969510 -0.38536960 -0.19809638 0.526106 0.524116 0.523178
v 0.45280015 -0.33848101 -0.11482140 0.524717 0.522716 0.521774
v 0.43335065 -0.44990996 -0.18434751 0.524317 0.522243 0.521266
v 0.44701302 -0.39776373 -0.09501247 0.522484 0.520418 0.519437
v 0.45806777 -0.21342200 -0.24995439 0.541247 0.538806 0.537657
v 0.49696741 -0.17846315 -0.18399347 0.537180 0.535136 0.534175
v 0.47781894 -0.16545814 -0.27344459 0.545483 0.543020 0.541861
v 0.51725537 -0.13136485 -0.21225524 0.539754 0.537783 0.536855
v 0.42238000 -0.31309566 -0.25539094 0.536803 0.534680 0.533678
v 0.42606789 -0.44038424 -0.23472711 0.529953 0.527766 0.526735
v 0.40188572 -0.35961431 -0.28360033 0.544510 0.542347 0.541329
v 0.48389992 -0.23121208 -0.10804491 0.529841 0.527702 0.526695
v 0.45964938 -0.34350419 -0.06259726 0.525648 0.523702 0.522784
v 0.49235770 -0.23698638 -0.05658305 0.530524 0.528383 0.527371
v 0.44263297 -0.20254403 -0.28885141 0.550629 0.548318 0.547230
v 0.40080371 -0.29716855 -0.29131460 0.549366 0.547351 0.546401
v 0.52715242 -0.13810800 -0.16239713 0.537590 0.535666 0.534761
v 0.51466513 -0.18650654 -0.08339298 0.532407 0.530265 0.529257
v 0.45583937 -0.42071456 0.25080347 0.522587 0.520165 0.519015
v 0.48322353 -0.36251605 0.15159304 0.522836 0.520473 0.519350
v 0.44332340 -0.46572202 0.22340149 0.520061 0.518188 0.517300
v 0.46883830 -0.41003111 0.12462988 0.523912 0.521655 0.520572
v 0.50210476 -0.27273569 0.30692333 0.529264 0.526926 0.525824
v 0.53476989 -0.22008008 0.21860588 0.521750 0.520037 0.519232
v 0.51813340 -0.22302724 0.32106835 0.525852 0.524151 0.523351
v 0.55455261 -0.17519315 0.23844822 0.522030 0.520659 0.520013
v 0.46154773 -0.37945670 0.33587125 0.531499 0.528541 0.527144
v 0.43312979 -0.47521001 0.29546633 0.522702 0.520510 0.519471
v 0.43520069 -0.43862128 0.39055109 0.538214 0.535057 0.533556
v 0.51997691 -0.26374513 0.14489511 0.524077 0.522094 0.521159
v 0.48442671 -0.35830754 0.09528382 0.525877 0.523672 0.522619
v 0.52007675 -0.25893641 0.09290815 0.528357 0.526337 0.525385
v 0.49327448 -0.27334183 0.36093044 0.531134 0.528734 0.527601
v 0.45259270 -0.38518801 0.40162426 0.537249 0.533855 0.532258
v 0.56069756 -0.17319001 0.18941329 0.524309 0.522658 0.521881
v 0.54274404 -0.21446829 0.11658737 0.527633 0.525821 0.524969
v 0.05948585 -0.10764199 0.90467250 0.558811 0.553352 0.550784
v -0.06752809 -0.09868240 0.90403664 0.560794 0.555306 0.552724
v 0.06302716 -0.19290653 0.95520425 0.575649 0.568676 0.565394
v -0.07780327 -0.16798922 0.95127243 0.580332 0.573100 0.569696
v 0.04817593 0.07651094 0.75407541 0.567006 0.564576 0.563432
v -0.05315380 0.06659380 0.74729657 0.565711 0.563548 0.562532
v 0.04181568 0.10727230 0.68646026 0.567932 0.566487 0.565807
v -0.04917159 0.10236671 0.68828177 0.568313 0.567092 0.566519
v 0.11153302 -0.00413541 0.82252538 0.542005 0.538817 0.537319
v 0.12511022 -0.14175387 0.90416759 0.550989 0.545341 0.542683
v 0.16978435 -0.03764914 0.82279909 0.544288 0.540789 0.539138
v -0.11509449 -0.00587171 0.81937593 0.525112 0.523461 0.522686
v -0.12824935 -0.13376664 0.89582342 0.556038 0.549991 0.547146
v -0.17156261 -0.03731055 0.82107687 0.514231 0.513686 0.513429
v 0.09140071 0.08677363 0.70621860 0.570854 0.569060 0.568216
v 0.15732422 0.01833013 0.77507067 0.524814 0.523890 0.523455
v -0.09764887 0.08160414 0.70773220 0.574464 0.572829 0.572061
v -0.16057964 0.01691534 0.77447373 0.530110 0.529424 0.529101
v 0.36239779 -0.38350719 0.73798555 0.548614 0.543961 0.541771
v 0.32582721 -0.28014722 0.77175808 0.551900 0.546967 0.544646
v 0.34016374 -0.43345615 0.78274810 0.557900 0.552847 0.550470
v 0.29409495 -0.32158303 0.81762868 0.556473 0.550943 0.548341
v 0.42478240 -0.24277547 0.57356381 0.536770 0.534147 0.532908
v 0.40714014 -0.16231118 0.61316359 0.538879 0.536419 0.535255
v 0.45109588 -0.19854316 0.52186918 0.518643 0.517776 0.517369
v 0.43920773 -0.12517218 0.56506079 0.531048 0.529519 0.528799
v 0.39739490 -0.35694101 0.63944906 0.545100 0.541093 0.539207
v 0.37503600 -0.46042228 0.75314218 0.544976 0.540537 0.538449
v 0.39022928 -0.42902300 0.65431070 0.544406 0.540387 0.538496
v 0.44362092 -0.25709811 0.52323008 0.532127 0.529714 0.528582
v 0.41159007 -0.37334669 0.58908749 0.545652 0.541745 0.539907
v 0.35022461 -0.17273979 0.70841390 0.548658 0.544535 0.542595
v 0.29092920 -0.24644421 0.81623328 0.551793 0.546447 0.543931
v 0.31850880 -0.14066195 0.75106663 0.551376 0.546887 0.544774
v 0.41124737 -0.10356447 0.60461313 0.544005 0.541632 0.540515
v 0.34623039 -0.10984161 0.69303429 0.549633 0.545927 0.544184
v -0.36070046 -0.39717680 0.73617506 0.546612 0.541835 0.539596
v -0.32354736 -0.28530785 0.77869856 0.531991 0.528703 0.527169
v -0.34216788 -0.45136380 0.79512721 0.547089 0.542902 0.540929
v -0.28915569 -0.32538569 0.82194215 0.499508 0.499300 0.499202
v -0.42238349 -0.24461840 0.57206261 0.540882 0.537550 0.535987
v -0.40096250 -0.16415066 0.61554390 0.548191 0.544538 0.542817
v -0.44518983 -0.19975828 0.52335310 0.526069 0.524207 0.523331
v -0.42918342 -0.12612683 0.56655914 0.552131 0.548476 0.546757
v -0.40245229 -0.36209249 0.62449735 0.552201 0.547194 0.544838
v -0.36941171 -0.48429608 0.74343932 0.562558 0.556385 0.553479
v -0.40746945 -0.43450290 0.62189698 0.553680 0.548303 0.545773
v -0.44164076 -0.25727761 0.52166414 0.535691 0.532720 0.531330
v -0.42129523 -0.37346560 0.56721467 0.550489 0.545759 0.543533
v -0.34770489 -0.17449558 0.71493930 0.554635 0.549765 0.547474
v -0.28438979 -0.24867144 0.81887341 0.543855 0.539557 0.537533
v -0.31675389 -0.14097610 0.75822985 0.557893 0.552902 0.550552
v -0.40156636 -0.10651277 0.60572416 0.552832 0.549209 0.547507
v -0.34361112 -0.11091428 0.69898367 0.549986 0.546087 0.544251
v 0.25743169 0.20091434 0.49186108 0.546853 0.545649 0.545081
v 0.23619008 0.15055305 0.54890627 0.561774 0.560762 0.560284
v 0.21349230 0.21181425 0.49873248 0.546467 0.545654 0.545270
v 0.19064355 0.17160931 0.54922140 0.560197 0.559593 0.559309
v 0.38524109 0.14579961 0.45653975 0.558532 0.557867 0.557548
v 0.37034902 0.08690374 0.51976836 0.561286 0.559821 0.559116
v 0.42462671 0.12107509 0.43883771 0.560787 0.559841 0.559394
v 0.41194457 0.06339099 0.50095516 0.552762 0.550962 0.550113
v 0.33260795 0.20271930 0.44966611 0.549514 0.549061 0.548849
v 0.24642028 0.22233659 0.47194666 0.541615 0.540858 0.540496
v 0.32001942 0.22520041 0.42642814 0.541226 0.540650 0.540378
v 0.41099441 0.16080624 0.41697985 0.557561 0.556872 0.556548
v 0.36175954 0.21652760 0.41444224 0.548200 0.547703 0.547467
v 0.29561323 0.08906499 0.57503295 0.564025 0.562382 0.561606
v 0.20185833 0.13174453 0.58279145 0.566676 0.565739 0.565297
v 0.26262772 0.06828728 0.61776567 0.557798 0.555444 0.554330
v 0.38458580 0.04396463 0.54547632 0.552298 0.550250 0.549279
v 0.30948526 0.04452953 0.60723317 0.552724 0.549920 0.548570
v -0.26442549 0.20204805 0.50234115 0.552189 0.551245 0.550801
v -0.24173006 0.14966728 0.55817401 0.573859 0.572834 0.572351
v -0.22039504 0.21398184 0.51178956 0.553214 0.552432 0.552063
v -0.19698741 0.16952804 0.56080228 0.572488 0.571598 0.571179
v -0.38502041 0.13948381 0.45783499 0.574642 0.573706 0.573257
v -0.36608639 0.08181629 0.51990074 0.575927 0.574404 0.573669
v -0.42147911 0.11598536 0.43826473 0.575754 0.574874 0.574459
v -0.40437579 0.05826919 0.50014132 0.564069 0.562444 0.561677
v -0.33812687 0.20102876 0.45605189 0.559735 0.559282 0.559069
v -0.25417471 0.22556388 0.48420188 0.548917 0.548267 0.547956
v -0.32843143 0.22011477 0.43661726 0.551890 0.551222 0.550907
v -0.41292942 0.15438724 0.41904655 0.573525 0.572717 0.572335
v -0.36841068 0.20894872 0.41959298 0.558864 0.558271 0.557991
v -0.29599446 0.08729216 0.57838172 0.573679 0.572144 0.571419
v -0.20801747 0.13208066 0.59204638 0.578073 0.577028 0.576535
v -0.26432830 0.06734262 0.62239128 0.567618 0.565649 0.564719
v -0.37634590 0.03773256 0.54384148 0.562438 0.560351 0.559366
v -0.30721715 0.04157937 0.60883939 0.561264 0.558737 0.557513
v 0.05289033 -0.00624468 -0.65611410 0.592114 0.585262 0.582036
v -0.04214026 -0.01141195 -0.65785623 0.591193 0.584844 0.581853
v 0.04764184 -0.05737364 -0.58850563 0.599432 0.591717 0.588085
v -0.03531516 -0.06332374 -0.59420162 0.594086 0.586997 0.583658
v 0.06248995 0.11256254 -0.87978941 0.615048 0.563375 0.535271
v -0.07738038 0.11092798 -0.87485600 0.607027 0.557984 0.531311
v 0.06138838 0.18360732 -0.88828748 0.630193 0.568020 0.534206
v -0.08704175 0.18371105 -0.88869226 0.634063 0.571471 0.537429
v 0.11659864 0.03462663 -0.78105557 0.571853 0.551175 0.540049
v 0.09282482 -0.02518383 -0.61330593 0.597268 0.590312 0.587039
v 0.16027388 0.01201368 -0.73692739 0.592301 0.584868 0.581181
v -0.11414434 0.03701198 -0.77570796 0.569649 0.551914 0.542370
v -0.08244389 -0.03438952 -0.61875832 0.591184 0.584969 0.582043
v -0.15532565 -0.00029900 -0.73421246 0.586296 0.580696 0.577931
v 0.13097377 0.14555317 -0.88633430 0.631376 0.571478 0.538901
v 0.18508925 0.02981012 -0.84080118 0.601610 0.573163 0.557732
v -0.15529644 0.15560037 -0.89696062 0.646317 0.583220 0.548905
v -0.18582253 0.02360386 -0.83365452 0.611554 0.585430 0.571265
v 0.23168015 -0.22435176 -0.44379777 0.566542 0.562846 0.561106
v 0.21841800 -0.14270823 -0.48853791 0.581368 0.576501 0.574211
v 0.19359262 -0.24930269 -0.45145148 0.561519 0.557209 0.555180
v 0.17569400 -0.17501567 -0.48935679 0.576735 0.570974 0.568263
v 0.35228950 -0.13014907 -0.41961664 0.570256 0.567229 0.565805
v 0.34828901 -0.05714057 -0.48295423 0.578578 0.575275 0.573723
v 0.39478800 -0.10274486 -0.41272911 0.570747 0.568313 0.567170
v 0.39064091 -0.03515565 -0.47787586 0.577541 0.574686 0.573340
v 0.29823828 -0.21537702 -0.40888727 0.564268 0.560895 0.559307
v 0.22215301 -0.27394280 -0.42849293 0.556727 0.553092 0.551382
v 0.28827664 -0.27012032 -0.39304030 0.559472 0.556323 0.554842
v 0.37636840 -0.15164216 -0.38846272 0.565725 0.563277 0.562126
v 0.32411954 -0.23777853 -0.38041893 0.559711 0.556700 0.555284
v 0.27964970 -0.05565700 -0.52023965 0.590163 0.586364 0.584573
v 0.18950397 -0.11332986 -0.51345742 0.583948 0.577811 0.574923
v 0.25513917 -0.02737373 -0.55547071 0.589994 0.585785 0.583805
v 0.36745235 -0.01039264 -0.52000093 0.577524 0.574407 0.572940
v 0.29980990 -0.00582819 -0.56654358 0.600896 0.597563 0.595989
v -0.22175063 -0.22542755 -0.45334926 0.563365 0.559212 0.557258
v -0.20791307 -0.14370354 -0.50575948 0.568645 0.564076 0.561928
v -0.17999029 -0.25388402 -0.45925581 0.558211 0.553712 0.551594
v -0.16396628 -0.17353953 -0.50488079 0.570046 0.564443 0.561805
v -0.34338900 -0.13648732 -0.42390284 0.554418 0.552251 0.551229
v -0.33953378 -0.06590396 -0.49450314 0.567849 0.565684 0.564659
v -0.38562712 -0.10942788 -0.41309246 0.551709 0.550245 0.549554
v -0.38327080 -0.04446855 -0.48511887 0.553316 0.552073 0.551485
v -0.28966206 -0.22016752 -0.41234037 0.565008 0.561875 0.560399
v -0.21136351 -0.27989540 -0.43473941 0.555247 0.551302 0.549445
v -0.27945396 -0.27640176 -0.39388919 0.560224 0.556876 0.555300
v -0.36721033 -0.15722983 -0.38719559 0.551213 0.549432 0.548594
v -0.31486031 -0.24297729 -0.37919575 0.556680 0.553712 0.552313
v -0.26906338 -0.06347978 -0.54029292 0.570336 0.567487 0.566149
v -0.17801176 -0.11582384 -0.53116429 0.572205 0.566772 0.564219
v -0.24112886 -0.03575242 -0.57943565 0.566523 0.563070 0.561447
v -0.35931370 -0.02044681 -0.53046560 0.569864 0.567561 0.566475
v -0.28809392 -0.01567473 -0.58290589 0.586276 0.583505 0.582201
v 0.33626616 0.38435626 -0.77660441 0.559535 0.555434 0.553491
v 0.30486292 0.29928213 -0.93230510 0.575691 0.554948 0.543685
v 0.30751950 0.43436703 -0.81839716 0.568343 0.563632 0.561413
v 0.27078626 0.32055551 -0.90988940 0.587317 0.560975 0.546662
v 0.41991538 0.24586071 -0.59913826 0.555485 0.551976 0.550262
v 0.40879464 0.17434394 -0.65347397 0.573153 0.564544 0.559968
v 0.44774294 0.20055698 -0.54792464 0.563444 0.560253 0.558666
v 0.43711853 0.14000313 -0.59216583 0.574343 0.567488 0.563897
v 0.38028494 0.35800356 -0.64111257 0.549978 0.546763 0.545249
v 0.32575896 0.45886740 -0.73912930 0.548697 0.544708 0.542830
v 0.36364692 0.42766821 -0.61899298 0.551032 0.547887 0.546408
v 0.43310469 0.25632763 -0.54033291 0.558914 0.556411 0.555219
v 0.39056066 0.37289158 -0.57302082 0.553726 0.551015 0.549739
v 0.37423480 0.17615113 -0.79721707 0.573472 0.557917 0.549462
v 0.29478663 0.23758066 -0.97217655 0.618516 0.580844 0.560355
v 0.37615258 0.12396587 -0.86754304 0.568612 0.544878 0.531976
v 0.40561002 0.12359200 -0.63169175 0.576338 0.568567 0.564454
v 0.36271676 0.11737027 -0.75321341 0.569618 0.555464 0.547855
v -0.34528691 0.38896087 -0.75910234 0.555882 0.551269 0.549091
v -0.35710070 0.28788900 -0.87184203 0.594204 0.573676 0.562523
v -0.31118912 0.43704319 -0.80261737 0.571723 0.566704 0.564344
v -0.30486789 0.32936200 -0.91589630 0.586391 0.561559 0.548069
v -0.42182803 0.24031585 -0.60100132 0.554028 0.550096 0.548195
v -0.41381294 0.17199485 -0.65463483 0.575735 0.565866 0.560643
v -0.44655666 0.19137886 -0.55194181 0.557263 0.553929 0.552283
v -0.45788312 0.12311647 -0.62000704 0.572465 0.563774 0.559202
v -0.38284478 0.35773963 -0.63720334 0.550739 0.546930 0.545138
v -0.32974607 0.46466383 -0.73317271 0.551506 0.546806 0.544594
v -0.36305213 0.42909616 -0.61586285 0.553350 0.549455 0.547622
v -0.43337464 0.25342652 -0.53843319 0.557388 0.554694 0.553419
v -0.38907906 0.37248355 -0.56873894 0.552464 0.549084 0.547494
v -0.36856171 0.18223424 -0.76819617 0.566198 0.548704 0.539191
v -0.30623215 0.24089065 -0.94722724 0.600826 0.566361 0.547617
v -0.34647334 0.14657408 -0.81831968 0.583908 0.559078 0.545574
v -0.40482888 0.11892895 -0.63433141 0.562364 0.555339 0.551645
v -0.34782121 0.12788549 -0.72558892 0.558406 0.544855 0.537505
v 0.64174676 0.02670830 -0.06988290 0.535543 0.532828 0.531498
v 0.63580012 -0.02162635 -0.06751295 0.536311 0.534752 0.534019
v 0.62586737 0.02898361 -0.12082232 0.535809 0.532766 0.531266
v 0.62390250 -0.02027325 -0.11962042 0.534802 0.533245 0.532513
v 0.64969563 0.02209725 0.08367302 0.534612 0.531570 0.530050
v 0.64916015 -0.03169694 0.08490640 0.530159 0.528899 0.528305
v 0.64441335 0.02164176 0.13349518 0.532182 0.528982 0.527365
v 0.64393413 -0.03266289 0.13522252 0.530130 0.528962 0.528411
v 0.64049977 0.05521797 0.00428293 0.546076 0.543588 0.542359
v 0.62756979 0.05115069 -0.09693995 0.541484 0.538962 0.537748
v 0.62318158 0.08862159 -0.02236528 0.552171 0.550142 0.549148
v 0.63366604 0.05255918 0.10634221 0.543093 0.540336 0.538971
v 0.62164128 0.08943602 0.02857387 0.552147 0.549934 0.548838
v 0.63950920 -0.05201474 0.00980942 0.530980 0.530034 0.529590
v 0.61865366 -0.04449888 -0.09346400 0.533287 0.531806 0.531109
v 0.61304379 -0.07789740 -0.01311788 0.532512 0.531174 0.530546
v 0.63509607 -0.05930960 0.11110205 0.527437 0.526252 0.525696
v 0.62018836 -0.08370494 0.03731676 0.530261 0.529005 0.528415
v -0.62682569 0.02626915 -0.04565725 0.534113 0.531498 0.530192
v -0.62815213 -0.01373737 -0.04883559 0.533469 0.532501 0.532046
v -0.61358464 0.03284787 -0.09800693 0.531966 0.529323 0.527990
v -0.61282045 -0.01474831 -0.09804131 0.531261 0.530495 0.530136
v -0.63677990 0.03346704 0.09085999 0.538879 0.535846 0.534322
v -0.63677442 -0.02227633 0.09185115 0.542133 0.540701 0.540029
v -0.63280582 0.03097342 0.13770427 0.537723 0.534075 0.532233
v -0.63010365 -0.02288025 0.13873281 0.539740 0.538221 0.537507
v -0.63281572 0.06506614 0.01933402 0.540070 0.537811 0.536681
v -0.61443853 0.06156426 -0.07484167 0.535165 0.533342 0.532443
v -0.61549407 0.09735574 -0.00635550 0.549565 0.547598 0.546621
v -0.62381065 0.06007370 0.11307742 0.538431 0.535817 0.534506
v -0.61641169 0.09643263 0.04090468 0.549333 0.547621 0.546776
v -0.62845725 -0.04556493 0.02269668 0.536990 0.536171 0.535787
v -0.60426128 -0.03870459 -0.07261340 0.526829 0.526264 0.525999
v -0.60115188 -0.07238121 0.00152637 0.529995 0.529456 0.529202
v -0.62217271 -0.05182597 0.11643280 0.529637 0.528801 0.528407
v -0.60536057 -0.08100325 0.04812941 0.534901 0.534139 0.533781
v -0.17026360 0.42652589 -0.02870980 0.505299 0.505123 0.505038
v -0.19491743 0.39455980 0.01931860 0.506923 0.506739 0.506652
v -0.17677546 0.54953861 -0.21642268 0.503325 0.503094 0.502985
v -0.20584780 0.57484245 -0.26108021 0.505246 0.504851 0.504662
v -0.15090626 0.40783137 0.01836777 0.505706 0.505532 0.505450
v -0.16276732 0.60314620 -0.26660019 0.505206 0.504816 0.504630
v -0.32579210 0.32456365 0.11130813 0.515440 0.515055 0.514855
v -0.36290139 0.31655949 0.10603088 0.520918 0.520457 0.520218
v -0.35222673 0.30287147 0.15404928 0.522113 0.521459 0.521113
v -0.32196704 0.52324498 -0.31648797 0.525190 0.524030 0.523454
v -0.33314145 0.46531373 -0.27501303 0.527712 0.526771 0.526309
v -0.34415400 0.52065998 -0.34668925 0.533623 0.531960 0.531152
v -0.41831732 0.32788849 -0.06584270 0.532649 0.532102 0.531838
v -0.42465416 0.31430551 -0.01419614 0.529160 0.528619 0.528356
v -0.45171130 0.29908556 -0.02861765 0.536434 0.535782 0.535466
v 0.18649834 0.42123425 -0.03536640 0.504256 0.504105 0.504033
v 0.20891169 0.39224195 0.01323745 0.506353 0.506133 0.506026
v 0.19483994 0.55849743 -0.22229552 0.503405 0.503212 0.503118
v 0.22227438 0.58820021 -0.26338774 0.503973 0.503663 0.503510
v 0.16583523 0.40049839 0.01193239 0.504976 0.504778 0.504682
v 0.17948765 0.61518943 -0.27081025 0.503963 0.503657 0.503509
v 0.32892624 0.33716330 0.10308504 0.512440 0.512008 0.511784
v 0.36057019 0.32890040 0.09739807 0.516564 0.516060 0.515801
v 0.35093361 0.31631747 0.14400046 0.516174 0.515659 0.515392
v 0.33247173 0.53133166 -0.29439485 0.521165 0.520443 0.520093
v 0.35119474 0.48046857 -0.25909412 0.526874 0.526278 0.525990
v 0.35820323 0.53215718 -0.32059932 0.533312 0.532177 0.531624
v 0.42489547 0.35590145 -0.06598253 0.529773 0.529224 0.528958
v 0.42723286 0.34150165 -0.01490706 0.527233 0.526644 0.526352
v 0.45511681 0.32694945 -0.02886869 0.534670 0.534045 0.533747
v -0.22104007 -0.68576849 0.07961917 0.502483 0.502483 0.502483
v -0.24734831 -0.66793221 0.15829082 0.502657 0.502657 0.502657
v -0.25892571 -0.96724963 -0.12195538 0.528693 0.528693 0.528693
v -0.32121703 -0.95802206 -0.20823422 0.560857 0.560857 0.560857
v -0.19537182 -0.68422508 0.17307888 0.501683 0.501683 0.501683
v -0.23183165 -0.96843839 -0.22300057 0.516629 0.516629 0.516629
v -0.38277811 -0.58188319 0.24185120 0.519954 0.518585 0.517872
v -0.42463648 -0.55158263 0.21554524 0.526718 0.525324 0.524651
v -0.40134442 -0.54988521 0.28425506 0.530391 0.529009 0.528341
v -0.44158232 -0.65358216 -0.24370401 0.540354 0.536673 0.534940
v -0.45027176 -0.58343315 -0.20296815 0.527672 0.524919 0.523623
v -0.43688646 -0.57918733 -0.26210901 0.544223 0.540801 0.539191
v -0.45232806 -0.45319921 -0.01065652 0.524610 0.522557 0.521581
v -0.45536852 -0.45325714 0.04331954 0.523784 0.521786 0.520834
v -0.46110296 -0.40149102 0.02183089 0.525827 0.523679 0.522659
v 0.21934655 -0.67105889 0.09676673 0.502992 0.502992 0.502991
v 0.24318314 -0.66883445 0.19788641 0.502605 0.502605 0.502605
v 0.25065836 -0.98038703 -0.14813007 0.527777 0.527777 0.527777
v 0.27756736 -0.93169397 -0.20787199 0.559384 0.559384 0.559384
v 0.18971208 -0.68674695 0.21756864 0.504891 0.504891 0.504891
v 0.22195545 -0.91816914 -0.21730912 0.532381 0.532381 0.532381
v 0.37280411 -0.58737600 0.27235180 0.521193 0.519850 0.519159
v 0.40952238 -0.54999292 0.22729751 0.519451 0.518065 0.517393
v 0.38990074 -0.56100452 0.31421536 0.524009 0.522588 0.521893
v 0.44253758 -0.64953554 -0.25841418 0.542427 0.539105 0.537542
v 0.44998646 -0.58087969 -0.21344243 0.525252 0.522788 0.521629
v 0.43218732 -0.57133269 -0.26990440 0.540675 0.537648 0.536224
v 0.45618230 -0.45571119 -0.02314813 0.525644 0.523929 0.523113
v 0.45893767 -0.45657450 0.03257136 0.523729 0.522044 0.521246
v 0.46679649 -0.40487954 0.01035149 0.526343 0.524444 0.523530
v -0.08993194 -0.81338924 0.72041792 0.516666 0.516556 0.516505
v -0.01611541 -0.74523139 0.69461018 0.514238 0.514057 0.513972
v -0.32326373 -0.70975053 0.84389293 0.604901 0.596378 0.592368
v -0.32117379 -0.60771281 0.83657122 0.588427 0.580761 0.577153
v -0.08226798 -0.78633386 0.64400661 0.520231 0.520061 0.519982
v -0.35506967 -0.65310645 0.79668158 0.576232 0.569504 0.566339
v 0.29358837 -0.64246809 0.79210424 0.514452 0.512591 0.511715
v 0.32761210 -0.57560706 0.82277322 0.583782 0.576931 0.573707
v 0.35665894 -0.60363686 0.79158080 0.537087 0.533825 0.532290
v 0.12730852 -0.28465766 0.90100795 0.549235 0.543471 0.540759
v 0.18865924 -0.32109913 0.87272668 0.553461 0.547489 0.544678
v -0.12812375 -0.28239882 0.90118098 0.517236 0.514286 0.512899
v -0.18245265 -0.32385463 0.87199986 0.486559 0.486403 0.486330
v 0.18785578 -0.24688630 0.87935656 0.549149 0.543255 0.540481
v -0.18369165 -0.24693462 0.87820780 0.516111 0.513244 0.511889
v -0.01656155 0.26328450 0.41522214 0.512571 0.512381 0.512288
v 0.02965802 0.26285458 0.41590622 0.513805 0.513624 0.513536
v -0.15113485 0.23994711 0.48714080 0.532027 0.531770 0.531644
v -0.16495955 0.23536807 0.50529170 0.539290 0.538657 0.538329
v 0.00671336 0.27667218 0.36617109 0.511922 0.511748 0.511664
v -0.19696608 0.24100789 0.47656381 0.534140 0.533519 0.533202
v 0.15157738 0.23953336 0.47733447 0.526902 0.526500 0.526303
v 0.16150850 0.23132327 0.49104917 0.534838 0.533925 0.533447
v 0.19330297 0.23674834 0.46396634 0.529688 0.528817 0.528365
v 0.07440752 0.15465911 0.59486330 0.569548 0.568738 0.568355
v 0.11078137 0.17377751 0.56939673 0.560212 0.559720 0.559484
v -0.08391246 0.15556289 0.61051005 0.568138 0.567761 0.567583
v -0.11870182 0.17310970 0.58503658 0.568357 0.567976 0.567797
v 0.11988923 0.13550442 0.61094928 0.565214 0.564718 0.564481
v -0.12741074 0.13624416 0.62150204 0.577204 0.576439 0.576077
v -0.01744949 -0.46724761 -0.41141275 0.526164 0.524364 0.523507
v 0.02684654 -0.46555248 -0.41027194 0.529425 0.527677 0.526844
v -0.12524860 -0.37050289 -0.43595499 0.539360 0.536303 0.534864
v -0.13227122 -0.32466915 -0.45003220 0.547742 0.544001 0.542238
v 0.00408101 -0.51020944 -0.39089200 0.528515 0.526649 0.525752
v -0.16449606 -0.35453218 -0.42844537 0.543391 0.539727 0.538000
v 0.13564676 -0.35985959 -0.42948505 0.540243 0.537535 0.536259
v 0.14479460 -0.31518567 -0.44278601 0.546860 0.543345 0.541687
v 0.17385682 -0.34469163 -0.42147315 0.541736 0.538351 0.536758
v 0.07432431 -0.15508984 -0.52849633 0.585541 0.578950 0.575849
v 0.10431939 -0.18301013 -0.50731003 0.577898 0.571806 0.568939
v -0.06309741 -0.15619785 -0.54039574 0.580036 0.573683 0.570693
v -0.09299569 -0.18111812 -0.52259070 0.575059 0.569128 0.566337
v 0.11439212 -0.11855452 -0.53358209 0.589275 0.582587 0.579441
v -0.10452974 -0.12100470 -0.54880279 0.583004 0.576799 0.573877
v -0.04308561 0.80579239 -0.71822947 0.570157 0.561787 0.557431
v 0.04861784 0.79109645 -0.71472991 0.569112 0.562308 0.558807
v -0.24501613 0.64241427 -0.77830988 0.595102 0.586403 0.582311
v -0.25528535 0.55937034 -0.80065739 0.597679 0.588569 0.584282
v 0.00169728 0.83420002 -0.65718615 0.518282 0.517370 0.516904
v -0.29753461 0.59956390 -0.75647527 0.570382 0.563423 0.560157
v 0.24207830 0.62517691 -0.76320809 0.610833 0.601803 0.597556
v 0.25581372 0.54982376 -0.79753029 0.593580 0.584843 0.580739
v 0.29002911 0.58206564 -0.73769724 0.547664 0.541902 0.539192
v 0.12675317 0.29871091 -0.90745115 0.592241 0.536820 0.506681
v 0.18035762 0.32895547 -0.90545267 0.587551 0.546729 0.524544
v -0.15427040 0.29552197 -0.91122723 0.573876 0.516470 0.485276
v -0.21241641 0.33134630 -0.92861652 0.594165 0.552346 0.529615
v 0.18850343 0.25522852 -0.90702200 0.572092 0.512567 0.480237
v -0.22757669 0.25578582 -0.93164659 0.603625 0.542252 0.508942
v 0.50091469 0.15749480 -0.40272668 0.552749 0.550499 0.549412
v 0.48986503 0.15359473 -0.45376635 0.555426 0.552520 0.551094
v 0.57683045 0.08529446 -0.22888663 0.543932 0.541630 0.540509
v 0.59696198 0.05181227 -0.20009184 0.540411 0.537572 0.536182
v 0.47117049 0.20642638 -0.44146007 0.551371 0.548983 0.547843
v 0.58920145 0.08564442 -0.17598054 0.548558 0.546501 0.545509
v 0.48157805 -0.10899036 -0.33476490 0.555805 0.553958 0.553089
v 0.45990217 -0.09445585 -0.36899054 0.559328 0.557487 0.556621
v 0.56840467 -0.06525168 -0.21830675 0.538548 0.537106 0.536431
v 0.59373736 -0.04231661 -0.19623525 0.536340 0.534996 0.534371
v 0.44018185 -0.13896222 -0.34530973 0.558827 0.556894 0.555985
v 0.57774115 -0.07012022 -0.16822574 0.537194 0.535494 0.534694
v 0.45234296 0.02489011 -0.49715611 0.576728 0.574341 0.573181
v 0.46752906 0.06572638 -0.52451015 0.572808 0.567042 0.564089
v 0.42569321 0.05140135 -0.54406905 0.584133 0.579199 0.576721
v 0.50413203 0.12022205 0.33971703 0.547757 0.546991 0.546631
v 0.48470381 0.10923345 0.37932560 0.548273 0.546912 0.546271
v 0.59352756 0.07602637 0.21888080 0.546494 0.544718 0.543854
v 0.62167048 0.04606944 0.20160550 0.543126 0.541467 0.540684
v 0.47127053 0.14637467 0.35935813 0.547852 0.546798 0.546300
v 0.60646927 0.08053490 0.17511965 0.547228 0.545568 0.544775
v 0.51538944 -0.17055142 0.37926629 0.520124 0.519406 0.519067
v 0.49711043 -0.16512062 0.42645866 0.518924 0.518247 0.517929
v 0.60345328 -0.09053314 0.23167324 0.526394 0.525253 0.524719
v 0.62388790 -0.06044852 0.20739242 0.531210 0.530180 0.529695
v 0.48839721 -0.21748415 0.42138398 0.522103 0.520809 0.520199
v 0.60790855 -0.09333399 0.18501490 0.525787 0.524899 0.524482
v 0.47235692 -0.04384127 0.51153207 0.539174 0.537135 0.536174
v 0.46335042 -0.00033449 0.49678129 0.541560 0.539379 0.538342
v 0.43620330 -0.02351347 0.54135245 0.541548 0.539750 0.538900
v -0.49850515 0.16927183 -0.38744396 0.556368 0.554371 0.553411
v -0.48700151 0.16249089 -0.44444299 0.551118 0.548593 0.547381
v -0.56732965 0.09633092 -0.20697930 0.539625 0.537621 0.536623
v -0.58511269 0.06317159 -0.17707494 0.533928 0.531614 0.530448
v -0.47228310 0.21363595 -0.43115872 0.557212 0.554972 0.553911
v -0.58084488 0.09718757 -0.15493986 0.544987 0.543169 0.542277
v -0.46281943 -0.10747394 -0.31724030 0.542685 0.541716 0.541259
v -0.44508281 -0.09757558 -0.35872561 0.544078 0.543093 0.542627
v -0.55707729 -0.06600079 -0.19520813 0.527641 0.527052 0.526775
v -0.58131087 -0.03584075 -0.17301692 0.530097 0.529592 0.529353
v -0.42503831 -0.14013413 -0.33295956 0.545443 0.544201 0.543615
v -0.56828666 -0.06822397 -0.14634770 0.527557 0.527002 0.526739
v -0.44843504 0.01245764 -0.50332928 0.559821 0.557784 0.556802
v -0.46690571 0.04723164 -0.53362066 0.557554 0.552278 0.549574
v -0.42230797 0.03799386 -0.55262542 0.565476 0.561164 0.559006
v -0.49981532 0.11641812 0.33933875 0.562158 0.560742 0.560076
v -0.48041162 0.10688592 0.37858340 0.554198 0.552990 0.552421
v -0.58269310 0.07834320 0.21850461 0.550343 0.548820 0.548080
v -0.60649329 0.05138841 0.20081218 0.540362 0.538598 0.537759
v -0.46971881 0.14171638 0.35968447 0.555767 0.554648 0.554120
v -0.59739327 0.08285281 0.17740025 0.548967 0.547119 0.546236
v -0.50402880 -0.16955602 0.38584530 0.529714 0.527678 0.526720
v -0.48711216 -0.16522503 0.43258223 0.529640 0.527660 0.526728
v -0.58614415 -0.08704180 0.23237285 0.531657 0.530312 0.529679
v -0.61203480 -0.04658239 0.20746785 0.541537 0.539988 0.539257
v -0.47965252 -0.21672031 0.42615837 0.531532 0.529061 0.527900
v -0.59492636 -0.08627639 0.18801513 0.533993 0.532786 0.532219
v -0.46107942 -0.04520269 0.51208127 0.540350 0.537795 0.536591
v -0.45257109 -0.00378224 0.49653891 0.541321 0.538856 0.537688
v -0.42494529 -0.02815282 0.54126042 0.546915 0.544411 0.543233
v -0.01505302 0.37624586 0.11580460 0.505234 0.504963 0.504830
v 0.03232669 0.37312919 0.11372417 0.504886 0.504632 0.504510
v 0.00890083 0.35332263 0.16618861 0.506147 0.505912 0.505798
v -0.02263721 0.76669788 -0.36583924 0.508246 0.507726 0.507455
v 0.03530869 0.77490407 -0.36299154 0.511182 0.510242 0.509741
v 0.00592875 0.80689353 -0.43110383 0.509055 0.508917 0.508841
v -0.36811477 0.24846217 0.32805443 0.538507 0.537863 0.537534
v -0.34509629 0.24024159 0.37346381 0.543742 0.543323 0.543125
v -0.38444880 0.23507079 0.35760999 0.550641 0.549998 0.549684
v -0.37966514 0.54206419 -0.47296268 0.566136 0.563144 0.561725
v -0.36906761 0.52958381 -0.53382313 0.541577 0.539025 0.537818
v -0.37366381 0.45947379 -0.47886813 0.556271 0.553446 0.552116
v -0.56684315 0.20172347 0.00706945 0.558956 0.557892 0.557391
v -0.58567411 0.16846047 -0.01303513 0.557539 0.556399 0.555862
v -0.58418179 0.16444702 0.03503979 0.563040 0.561787 0.561195
v 0.35889941 0.25633782 0.31739306 0.530058 0.529308 0.528922
v 0.33669728 0.24926040 0.36434823 0.532910 0.532483 0.532277
v 0.37504330 0.24253151 0.34923244 0.538893 0.538104 0.537705
v 0.37845480 0.54067951 -0.47468245 0.555480 0.553227 0.552160
v 0.36357480 0.52471590 -0.53331143 0.544484 0.541958 0.540765
v 0.38240278 0.45592946 -0.49049884 0.553500 0.550886 0.549655
v 0.56233466 0.20131582 -0.00271739 0.556885 0.556126 0.555768
v 0.58348000 0.16443036 -0.02521711 0.554650 0.553666 0.553202
v 0.58333707 0.16256081 0.02464058 0.556633 0.555451 0.554893
v -0.05138431 -0.72235453 0.39108837 0.501014 0.501014 0.501014
v 0.00369810 -0.73183548 0.41595364 0.501582 0.501582 0.501582
v -0.03645126 -0.74482834 0.47464624 0.502902 0.502896 0.502894
v -0.03730886 -0.68287593 -0.26152858 0.504209 0.504207 0.504206
v 0.04572521 -0.67545599 -0.26267767 0.504547 0.504546 0.504546
v 0.00212077 -0.66275638 -0.29757118 0.515268 0.515109 0.515032
v -0.42288092 -0.49255031 0.48352444 0.536999 0.533403 0.531656
v -0.42275339 -0.50417101 0.55181175 0.545845 0.541248 0.539034
v -0.43348834 -0.43870783 0.49826321 0.542312 0.537792 0.535639
v -0.35150734 -0.38567954 -0.33320099 0.549602 0.546430 0.544937
v -0.31240243 -0.36062706 -0.35751557 0.547375 0.544355 0.542933
v -0.34434992 -0.32226452 -0.33718511 0.551510 0.548745 0.547443
v -0.52494466 -0.19697194 0.03058327 0.531997 0.530160 0.529294
v -0.54684722 -0.14835609 0.00469483 0.534524 0.533038 0.532339
v -0.55277658 -0.15791354 0.05261254 0.535685 0.533952 0.533134
v 0.38980860 -0.51378369 0.53753412 0.542926 0.538101 0.535769
v 0.37699878 -0.51582301 0.61752880 0.545719 0.541245 0.539115
v 0.41028816 -0.44878781 0.53620052 0.541743 0.537451 0.535422
v 0.34891570 -0.38067037 -0.33616695 0.553633 0.550988 0.549742
v 0.31329054 -0.35404611 -0.35831183 0.548786 0.546179 0.544952
v 0.34574014 -0.31843656 -0.34101284 0.551869 0.549559 0.548471
v 0.53313756 -0.20166717 0.01684430 0.533505 0.531327 0.530303
v 0.55547369 -0.15308359 -0.00929935 0.535598 0.533527 0.532551
v 0.56302464 -0.16036026 0.04027605 0.533987 0.531948 0.530988
v 0.25894439 -0.05041216 0.74747699 0.523902 0.522174 0.521365
v 0.24325842 0.00155906 0.70632124 0.522844 0.521883 0.521427
v 0.29147565 -0.02682661 0.69100857 0.533201 0.531469 0.530652
v -0.25941986 -0.04939121 0.75243360 0.514029 0.513807 0.513703
v -0.24454907 0.00141053 0.71001571 0.528611 0.527899 0.527561
v -0.29041523 -0.02788115 0.69456369 0.525295 0.524767 0.524517
v 0.24861650 0.01529438 -0.70030737 0.597085 0.592336 0.590001
v 0.27740219 0.04515634 -0.79635197 0.588474 0.572389 0.563710
v 0.29727182 0.04282850 -0.70532990 0.589629 0.581344 0.577069
v -0.23648500 0.02464334 -0.69046813 0.576722 0.572386 0.570227
v -0.26651663 0.06356048 -0.76686919 0.572369 0.557308 0.549155
v -0.28344390 0.05479989 -0.68967140 0.584372 0.577166 0.573425
f 1 647 644
f 1 644 643
f 1 643 645
f 1 645 646
f 1 646 647
f 2 649 652
f 6 672 670
f 12 702 699
f 11 696 695
f 8 679 681
f 4 662 659
f 4 659 658
f 4 658 660
f 4 660 661
f 4 661 662
f 5 666 665
f 3 654 657
f 7 673 677
f 9 685 686
f 10 692 688
f 12 701 698
f 6 669 668
f 2 650 648
f 8 682 678
f 11 697 693
f 6 671 669
f 12 700 701
f 11 694 697
f 8 680 682
f 2 651 650
f 10 690 689
f 5 663 664
f 3 655 653
f 7 676 674
f 9 687 684
f 10 691 690
f 5 667 663
f 3 656 655
f 7 675 676
f 9 683 687
f 6 668 672
f 2 648 649
f 8 678 679
f 11 693 696
f 12 698 702
f 10 688 691
f 5 665 667
f 3 657 656
f 7 677 675
f 9 686 683
f 5 664 666
f 3 653 654
f 7 674 673
f 9 684 685
f 10 689 692
f 6 670 671
f 12 699 700
f 11 695 694
f 8 681 680
f 2 652 651
f 35 837 838
f 18 735 736
f 19 742 741
f 40 868 867
f 42 880 879
f 34 832 831
f 33 827 828
f 25 778 780
f 36 844 846
f 20 749 747
f 32 819 820
f 23 765 767
f 24 773 771
f 37 850 849
f 41 876 875
f 34 833 834
f 33 826 825
f 25 779 777
f 36 845 843
f 20 748 750
f 17 729 727
f 14 711 709
f 13 706 703
f 15 718 715
f 16 724 721
f 18 737 733
f 35 839 835
f 42 882 878
f 40 870 866
f 19 744 740
f 30 807 805
f 27 789 787
f 22 762 758
f 28 797 793
f 29 802 799
f 32 821 817
f 23 766 763
f 24 774 770
f 37 852 848
f 41 874 872
f 35 838 836
f 18 736 734
f 19 741 739
f 40 867 865
f 42 879 877
f 34 831 829
f 33 828 824
f 25 780 776
f 36 846 842
f 20 747 745
f 32 820 818
f 23 767 764
f 24 771 769
f 37 849 847
f 41 875 871
f 34 834 830
f 33 825 823
f 25 777 775
f 36 843 841
f 20 750 746
f 14 714 710
f 13 707 704
f 15 719 716
f 16 725 722
f 17 732 728
f 21 755 752
f 31 814 811
f 26 784 781
f 38 857 853
f 39 862 860
f 27 792 788
f 22 759 757
f 28 796 794
f 29 803 800
f 30 810 806
f 31 815 812
f 26 785 782
f 38 856 854
f 39 863 859
f 21 754 751
f 14 712 714
f 13 705 707
f 15 717 719
f 16 723 725
f 17 730 732
f 21 753 755
f 31 816 814
f 26 786 784
f 38 858 857
f 39 861 862
f 27 791 792
f 22 761 759
f 28 795 796
f 29 801 803
f 30 808 810
f 31 813 815
f 26 783 785
f 38 855 856
f 39 864 863
f 21 756 754
f 14 709 712
f 13 703 705
f 15 715 717
f 16 721 723
f 17 727 730
f 21 751 753
f 31 812 816
f 26 782 786
f 38 854 858
f 39 859 861
f 27 787 791
f 22 758 761
f 28 793 795
f 29 799 801
f 30 805 808
f 31 811 813
f 26 781 783
f 38 853 855
f 39 860 864
f 21 752 756
f 17 728 731
f 14 710 713
f 13 704 708
f 15 716 720
f 16 722 726
f 18 734 738
f 35 836 840
f 42 877 881
f 40 865 869
f 19 739 743
f 30 806 809
f 27 788 790
f 22 757 760
f 28 794 798
f 29 800 804
f 32 818 822
f 23 764 768
f 24 769 772
f 37 847 851
f 41 871 873
f 35 835 837
f 18 733 735
f 19 740 742
f 40 866 868
f 42 878 880
f 34 830 832
f 33 823 827
f 25 775 778
f 36 841 844
f 20 746 749
f 32 817 819
f 23 763 765
f 24 770 773
f 37 848 850
f 41 872 876
f 34 829 833
f 33 824 826
f 25 776 779
f 36 842 845
f 20 745 748
f 17 731 729
f 14 713 711
f 13 708 706
f 15 720 718
f 16 726 724
f 18 738 737
f 35 840 839
f 42 881 882
f 40 869 870
f 19 743 744
f 30 809 807
f 27 790 789
f 22 760 762
f 28 798 797
f 29 804 802
f 32 822 821
f 23 768 766
f 24 772 774
f 37 851 852
f 41 873 874
f 107 1269 1270
f 103 1245 1246
f 104 1252 1251
f 110 1288 1287
f 113 1306 1305
f 118 1336 1335
f 154 1551 1552
f 141 1473 1474
f 162 1599 1600
f 121 1354 1353
f 142 1479 1480
f 129 1401 1402
f 130 1408 1407
f 144 1492 1491
f 146 1504 1503
f 151 1533 1534
f 131 1414 1413
f 136 1444 1443
f 161 1594 1593
f 126 1383 1384
f 116 1323 1324
f 108 1275 1276
f 106 1263 1264
f 112 1299 1300
f 115 1317 1318
f 119 1341 1342
f 156 1564 1563
f 139 1462 1461
f 160 1588 1587
f 120 1347 1348
f 149 1521 1522
f 132 1420 1419
f 128 1395 1396
f 145 1497 1498
f 148 1515 1516
f 155 1557 1558
f 133 1425 1426
f 134 1431 1432
f 157 1570 1569
f 124 1372 1371
f 109 1282 1281
f 105 1258 1257
f 111 1294 1293
f 114 1312 1311
f 117 1330 1329
f 125 1378 1377
f 152 1540 1539
f 137 1449 1450
f 158 1575 1576
f 123 1365 1366
f 143 1486 1485
f 127 1390 1389
f 135 1437 1438
f 147 1510 1509
f 150 1528 1527
f 153 1546 1545
f 140 1468 1467
f 138 1455 1456
f 159 1581 1582
f 122 1359 1360
f 107 1272 1271
f 103 1248 1247
f 104 1253 1254
f 110 1289 1290
f 113 1307 1308
f 118 1337 1338
f 154 1554 1553
f 141 1476 1475
f 162 1602 1601
f 121 1355 1356
f 142 1482 1481
f 129 1404 1403
f 130 1409 1410
f 144 1493 1494
f 146 1505 1506
f 151 1536 1535
f 131 1415 1416
f 136 1445 1446
f 161 1595 1596
f 126 1386 1385
f 47 909 907
f 44 891 889
f 43 886 883
f 45 898 895
f 46 904 901
f 49 922 919
f 72 1060 1057
f 102 1240 1237
f 96 1204 1201
f 79 1102 1099
f 62 999 997
f 59 981 979
f 58 976 973
f 60 988 985
f 61 994 991
f 66 1024 1021
f 54 952 949
f 73 1066 1063
f 85 1138 1135
f 92 1179 1177
f 101 1233 1231
f 69 1041 1039
f 50 927 925
f 82 1119 1117
f 97 1209 1207
f 71 1053 1051
f 100 1228 1225
f 94 1192 1189
f 80 1108 1105
f 51 933 931
f 90 1167 1165
f 63 1005 1003
f 55 957 955
f 76 1083 1081
f 87 1150 1147
f 91 1174 1171
f 67 1029 1027
f 56 963 961
f 75 1077 1075
f 83 1126 1123
f 68 1036 1033
f 48 915 913
f 78 1095 1093
f 93 1185 1183
f 98 1216 1213
f 88 1155 1153
f 65 1018 1015
f 57 970 967
f 77 1090 1087
f 86 1143 1141
f 64 1012 1009
f 53 945 943
f 74 1071 1069
f 84 1131 1129
f 89 1162 1159
f 70 1047 1045
f 99 1221 1219
f 95 1197 1195
f 81 1114 1111
f 52 940 937
f 109 1284 1280
f 105 1260 1256
f 111 1296 1292
f 114 1314 1310
f 117 1332 1328
f 125 1380 1376
f 152 1542 1538
f 137 1451 1447
f 158 1577 1573
f 123 1367 1363
f 143 1488 1484
f 127 1392 1388
f 135 1439 1435
f 147 1512 1508
f 150 1530 1526
f 153 1548 1544
f 140 1470 1466
f 138 1457 1453
f 159 1583 1579
f 122 1361 1357
f 107 1270 1268
f 103 1246 1244
f 104 1251 1249
f 110 1287 1285
f 113 1305 1303
f 118 1335 1333
f 154 1552 1550
f 141 1474 1472
f 162 1600 1598
f 121 1353 1351
f 142 1480 1478
f 129 1402 1400
f 130 1407 1405
f 144 1491 1489
f 146 1503 1501
f 151 1534 1532
f 131 1413 1411
f 136 1443 1441
f 161 1593 1591
f 126 1384 1382
f 116 1324 1322
f 108 1276 1274
f 106 1264 1262
f 112 1300 1298
f 115 1318 1316
f 119 1342 1340
f 156 1563 1561
f 139 1461 1459
f 160 1587 1585
f 120 1348 1346
f 149 1522 1520
f 132 1419 1417
f 128 1396 1394
f 145 1498 1496
f 148 1516 1514
f 155 1558 1556
f 133 1426 1424
f 134 1432 1430
f 157 1569 1567
f 124 1371 1369
f 109 1281 1279
f 105 1257 1255
f 111 1293 1291
f 114 1311 1309
f 117 1329 1327
f 125 1377 1375
f 152 1539 1537
f 137 1450 1448
f 158 1576 1574
f 123 1366 1364
f 143 1485 1483
f 127 1389 1387
f 135 1438 1436
f 147 1509 1507
f 150 1527 1525
f 153 1545 1543
f 140 1467 1465
f 138 1456 1454
f 159 1582 1580
f 122 1360 1358
f 107 1271 1267
f 103 1247 1243
f 104 1254 1250
f 110 1290 1286
f 113 1308 1304
f 118 1338 1334
f 154 1553 1549
f 141 1475 1471
f 162 1601 1597
f 121 1356 1352
f 142 1481 1477
f 129 1403 1399
f 130 1410 1406
f 144 1494 1490
f 146 1506 1502
f 151 1535 1531
f 131 1416 1412
f 136 1446 1442
f 161 1596 1592
f 126 1385 1381
f 44 894 890
f 43 887 884
f 45 899 896
f 46 905 902
f 47 912 908
f 52 941 938
f 70 1050 1046
f 99 1224 1220
f 95 1200 1196
f 81 1115 1112
f 59 984 980
f 58 977 974
f 60 989 986
f 61 995 992
f 62 1002 998
f 65 1019 1016
f 57 971 968
f 77 1091 1088
f 86 1146 1142
f 88 1158 1154
f 98 1217 1214
f 68 1037 1034
f 48 918 914
f 78 1098 1094
f 93 1188 1184
f 69 1044 1040
f 101 1236 1232
f 97 1212 1208
f 82 1122 1118
f 50 930 926
f 89 1163 1160
f 64 1013 1010
f 53 948 944
f 74 1074 1070
f 84 1134 1130
f 90 1170 1166
f 63 1008 1004
f 55 960 956
f 76 1086 1082
f 87 1151 1148
f 72 1061 1058
f 49 923 920
f 79 1103 1100
f 96 1205 1202
f 102 1241 1238
f 91 1175 1172
f 67 1032 1028
f 56 966 962
f 75 1080 1076
f 83 1127 1124
f 66 1025 1022
f 54 953 950
f 73 1067 1064
f 85 1139 1136
f 92 1182 1178
f 71 1056 1052
f 100 1229 1226
f 94 1193 1190
f 80 1109 1106
f 51 936 932
f 116 1325 1321
f 108 1277 1273
f 106 1265 1261
f 112 1301 1297
f 115 1319 1315
f 119 1343 1339
f 156 1566 1562
f 139 1464 1460
f 160 1590 1586
f 120 1349 1345
f 149 1523 1519
f 132 1422 1418
f 128 1397 1393
f 145 1499 1495
f 148 1517 1513
f 155 1559 1555
f 133 1427 1423
f 134 1433 1429
f 157 1572 1568
f 124 1374 1370
f 44 892 894
f 43 885 887
f 45 897 899
f 46 903 905
f 47 910 912
f 52 939 941
f 70 1048 1050
f 99 1222 1224
f 95 1198 1200
f 81 1113 1115
f 59 982 984
f 58 975 977
f 60 987 989
f 61 993 995
f 62 1000 1002
f 65 1017 1019
f 57 969 971
f 77 1089 1091
f 86 1144 1146
f 88 1156 1158
f 98 1215 1217
f 68 1035 1037
f 48 916 918
f 78 1096 1098
f 93 1186 1188
f 69 1042 1044
f 101 1234 1236
f 97 1210 1212
f 82 1120 1122
f 50 928 930
f 89 1161 1163
f 64 1011 1013
f 53 946 948
f 74 1072 1074
f 84 1132 1134
f 90 1168 1170
f 63 1006 1008
f 55 958 960
f 76 1084 1086
f 87 1149 1151
f 72 1059 1061
f 49 921 923
f 79 1101 1103
f 96 1203 1205
f 102 1239 1241
f 91 1173 1175
f 67 1030 1032
f 56 964 966
f 75 1078 1080
f 83 1125 1127
f 66 1023 1025
f 54 951 953
f 73 1065 1067
f 85 1137 1139
f 92 1180 1182
f 71 1054 1056
f 100 1227 1229
f 94 1191 1193
f 80 1107 1109
f 51 934 936
f 116 1326 1325
f 108 1278 1277
f 106 1266 1265
f 112 1302 1301
f 115 1320 1319
f 119 1344 1343
f 156 1565 1566
f 139 1463 1464
f 160 1589 1590
f 120 1350 1349
f 149 1524 1523
f 132 1421 1422
f 128 1398 1397
f 145 1500 1499
f 148 1518 1517
f 155 1560 1559
f 133 1428 1427
f 134 1434 1433
f 157 1571 1572
f 124 1373 1374
f 44 889 892
f 43 883 885
f 45 895 897
f 46 901 903
f 47 907 910
f 52 937 939
f 70 1045 1048
f 99 1219 1222
f 95 1195 1198
f 81 1111 1113
f 59 979 982
f 58 973 975
f 60 985 987
f 61 991 993
f 62 997 1000
f 65 1015 1017
f 57 967 969
f 77 1087 1089
f 86 1141 1144
f 88 1153 1156
f 98 1213 1215
f 68 1033 1035
f 48 913 916
f 78 1093 1096
f 93 1183 1186
f 69 1039 1042
f 101 1231 1234
f 97 1207 1210
f 82 1117 1120
f 50 925 928
f 89 1159 1161
f 64 1009 1011
f 53 943 946
f 74 1069 1072
f 84 1129 1132
f 90 1165 1168
f 63 1003 1006
f 55 955 958
f 76 1081 1084
f 87 1147 1149
f 72 1057 1059
f 49 919 921
f 79 1099 1101
f 96 1201 1203
f 102 1237 1239
f 91 1171 1173
f 67 1027 1030
f 56 961 964
f 75 1075 1078
f 83 1123 1125
f 66 1021 1023
f 54 949 951
f 73 1063 1065
f 85 1135 1137
f 92 1177 1180
f 71 1051 1054
f 100 1225 1227
f 94 1189 1191
f 80 1105 1107
f 51 931 934
f 116 1322 1326
f 108 1274 1278
f 106 1262 1266
f 112 1298 1302
f 115 1316 1320
f 119 1340 1344
f 156 1561 1565
f 139 1459 1463
f 160 1585 1589
f 120 1346 1350
f 149 1520 1524
f 132 1417 1421
f 128 1394 1398
f 145 1496 1500
f 148 1514 1518
f 155 1556 1560
f 133 1424 1428
f 134 1430 1434
f 157 1567 1571
f 124 1369 1373
f 47 908 911
f 44 890 893
f 43 884 888
f 45 896 900
f 46 902 906
f 49 920 924
f 72 1058 1062
f 102 1238 1242
f 96 1202 1206
f 79 1100 1104
f 62 998 1001
f 59 980 983
f 58 974 978
f 60 986 990
f 61 992 996
f 66 1022 1026
f 54 950 954
f 73 1064 1068
f 85 1136 1140
f 92 1178 1181
f 101 1232 1235
f 69 1040 1043
f 50 926 929
f 82 1118 1121
f 97 1208 1211
f 71 1052 1055
f 100 1226 1230
f 94 1190 1194
f 80 1106 1110
f 51 932 935
f 90 1166 1169
f 63 1004 1007
f 55 956 959
f 76 1082 1085
f 87 1148 1152
f 91 1172 1176
f 67 1028 1031
f 56 962 965
f 75 1076 1079
f 83 1124 1128
f 68 1034 1038
f 48 914 917
f 78 1094 1097
f 93 1184 1187
f 98 1214 1218
f 88 1154 1157
f 65 1016 1020
f 57 968 972
f 77 1088 1092
f 86 1142 1145
f 64 1010 1014
f 53 944 947
f 74 1070 1073
f 84 1130 1133
f 89 1160 1164
f 70 1046 1049
f 99 1220 1223
f 95 1196 1199
f 81 1112 1116
f 52 938 942
f 109 1279 1283
f 105 1255 1259
f 111 1291 1295
f 114 1309 1313
f 117 1327 1331
f 125 1375 1379
f 152 1537 1541
f 137 1448 1452
f 158 1574 1578
f 123 1364 1368
f 143 1483 1487
f 127 1387 1391
f 135 1436 1440
f 147 1507 1511
f 150 1525 1529
f 153 1543 1547
f 140 1465 1469
f 138 1454 1458
f 159 1580 1584
f 122 1358 1362
f 107 1267 1269
f 103 1243 1245
f 104 1250 1252
f 110 1286 1288
f 113 1304 1306
f 118 1334 1336
f 154 1549 1551
f 141 1471 1473
f 162 1597 1599
f 121 1352 1354
f 142 1477 1479
f 129 1399 1401
f 130 1406 1408
f 144 1490 1492
f 146 1502 1504
f 151 1531 1533
f 131 1412 1414
f 136 1442 1444
f 161 1592 1594
f 126 1381 1383
f 116 1321 1323
f 108 1273 1275
f 106 1261 1263
f 112 1297 1299
f 115 1315 1317
f 119 1339 1341
f 156 1562 1564
f 139 1460 1462
f 160 1586 1588
f 120 1345 1347
f 149 1519 1521
f 132 1418 1420
f 128 1393 1395
f 145 1495 1497
f 148 1513 1515
f 155 1555 1557
f 133 1423 1425
f 134 1429 1431
f 157 1568 1570
f 124 1370 1372
f 109 1280 1282
f 105 1256 1258
f 111 1292 1294
f 114 1310 1312
f 117 1328 1330
f 125 1376 1378
f 152 1538 1540
f 137 1447 1449
f 158 1573 1575
f 123 1363 1365
f 143 1484 1486
f 127 1388 1390
f 135 1435 1437
f 147 1508 1510
f 150 1526 1528
f 153 1544 1546
f 140 1466 1468
f 138 1453 1455
f 159 1579 1581
f 122 1357 1359
f 107 1268 1272
f 103 1244 1248
f 104 1249 1253
f 110 1285 1289
f 113 1303 1307
f 118 1333 1337
f 154 1550 1554
f 141 1472 1476
f 162 1598 1602
f 121 1351 1355
f 142 1478 1482
f 129 1400 1404
f 130 1405 1409
f 144 1489 1493
f 146 1501 1505
f 151 1532 1536
f 131 1411 1415
f 136 1441 1445
f 161 1591 1595
f 126 1382 1386
f 47 911 909
f 44 893 891
f 43 888 886
f 45 900 898
f 46 906 904
f 49 924 922
f 72 1062 1060
f 102 1242 1240
f 96 1206 1204
f 79 1104 1102
f 62 1001 999
f 59 983 981
f 58 978 976
f 60 990 988
f 61 996 994
f 66 1026 1024
f 54 954 952
f 73 1068 1066
f 85 1140 1138
f 92 1181 1179
f 101 1235 1233
f 69 1043 1041
f 50 929 927
f 82 1121 1119
f 97 1211 1209
f 71 1055 1053
f 100 1230 1228
f 94 1194 1192
f 80 1110 1108
f 51 935 933
f 90 1169 1167
f 63 1007 1005
f 55 959 957
f 76 1085 1083
f 87 1152 1150
f 91 1176 1174
f 67 1031 1029
f 56 965 963
f 75 1079 1077
f 83 1128 1126
f 68 1038 1036
f 48 917 915
f 78 1097 1095
f 93 1187 1185
f 98 1218 1216
f 88 1157 1155
f 65 1020 1018
f 57 972 970
f 77 1092 1090
f 86 1145 1143
f 64 1014 1012
f 53 947 945
f 74 1073 1071
f 84 1133 1131
f 89 1164 1162
f 70 1049 1047
f 99 1223 1221
f 95 1199 1197
f 81 1116 1114
f 52 942 940
f 109 1283 1284
f 105 1259 1260
f 111 1295 1296
f 114 1313 1314
f 117 1331 1332
f 125 1379 1380
f 152 1541 1542
f 137 1452 1451
f 158 1578 1577
f 123 1368 1367
f 143 1487 1488
f 127 1391 1392
f 135 1440 1439
f 147 1511 1512
f 150 1529 1530
f 153 1547 1548
f 140 1469 1470
f 138 1458 1457
f 159 1584 1583
f 122 1362 1361
f 407 1609 1616
f 403 1605 1608
f 404 1611 1606
f 410 1614 1612
f 413 1617 1615
f 422 1631 1624
f 486 1688 1692
f 573 1775 1782
f 561 1763 1765
f 512 1719 1714
f 452 1654 1661
f 448 1650 1653
f 449 1656 1651
f 455 1659 1657
f 458 1662 1660
f 470 1672 1675
f 437 1646 1639
f 494 1706 1696
f 531 1735 1733
f 539 1741 1751
f 568 1770 1779
f 478 1680 1683
f 419 1621 1626
f 509 1711 1721
f 554 1756 1766
f 482 1684 1689
f 576 1780 1778
f 558 1767 1760
f 516 1722 1718
f 425 1627 1629
f 542 1744 1747
f 463 1668 1665
f 434 1636 1641
f 497 1699 1704
f 528 1730 1737
f 546 1748 1750
f 464 1666 1676
f 440 1642 1644
f 500 1705 1702
f 524 1736 1726
f 479 1691 1681
f 418 1623 1620
f 508 1713 1710
f 553 1764 1755
f 569 1781 1771
f 538 1749 1740
f 471 1677 1673
f 443 1645 1647
f 501 1703 1707
f 523 1725 1734
f 467 1674 1669
f 433 1638 1635
f 493 1695 1698
f 527 1732 1729
f 543 1752 1745
f 485 1690 1687
f 572 1777 1774
f 557 1759 1762
f 515 1717 1720
f 428 1630 1632
f 591 2191 2189
f 587 1885 1883
f 588 1901 1903
f 594 2279 2281
f 597 2315 2317
f 600 2171 2173
f 634 2160 2158
f 619 2016 2012
f 639 2214 2210
f 602 1919 1924
f 624 2137 2135
f 608 1978 1973
f 610 1991 1996
f 627 2225 2227
f 630 2302 2304
f 635 2178 2176
f 615 2153 2155
f 617 2009 2014
f 637 2207 2212
f 604 1926 1922
f 416 1857 1864
f 408 1803 1810
f 406 1786 1795
f 412 1822 1831
f 415 1840 1849
f 424 1876 1887
f 492 2182 2193
f 582 2312 2321
f 565 2276 2285
f 514 1898 1907
f 461 2091 2098
f 453 2037 2044
f 451 1952 1961
f 457 2056 2067
f 460 2074 2083
f 475 2128 2139
f 439 1966 1975
f 496 1988 1997
f 533 2222 2231
f 551 2293 2298
f 579 2185 2190
f 483 1879 1884
f 426 1893 1900
f 521 2271 2278
f 566 2307 2314
f 489 2163 2170
f 578 2150 2159
f 560 2006 2015
f 518 2204 2213
f 429 1911 1918
f 547 2131 2136
f 465 1969 1977
f 441 1983 1990
f 504 2217 2224
f 537 2290 2301
f 550 2168 2177
f 476 2145 2152
f 444 2001 2008
f 502 2199 2206
f 526 1916 1925
f 481 1808 1817
f 420 1789 1797
f 510 1825 1833
f 555 1843 1851
f 571 1862 1871
f 540 1933 1941
f 473 2110 2119
f 447 2020 2029
f 507 2236 2247
f 534 2257 2262
f 469 2042 2051
f 435 1947 1954
f 498 2059 2064
f 529 2077 2085
f 545 2096 2105
f 487 2113 2121
f 574 2023 2031
f 562 2239 2244
f 520 2254 2265
f 432 1930 1939
f 589 1818 1814
f 583 1798 1793
f 586 1834 1829
f 593 1852 1847
f 596 1872 1868
f 599 1942 1937
f 633 2120 2124
f 620 2030 2034
f 640 2248 2250
f 603 2263 2261
f 622 2052 2050
f 607 1955 1960
f 612 2065 2063
f 626 2086 2081
f 629 2106 2102
f 631 2122 2117
f 614 2032 2027
f 618 2245 2243
f 641 2266 2268
f 605 1940 1944
f 409 1813 1804
f 405 1792 1785
f 411 1828 1821
f 414 1846 1839
f 417 1867 1858
f 431 1936 1929
f 488 2123 2114
f 575 2033 2024
f 563 2249 2240
f 519 2260 2253
f 454 2049 2038
f 450 1959 1951
f 456 2062 2055
f 459 2080 2073
f 462 2101 2092
f 472 2116 2109
f 446 2026 2019
f 506 2242 2235
f 535 2267 2258
f 541 1943 1934
f 570 1869 1861
f 480 1815 1807
f 421 1799 1790
f 511 1835 1826
f 556 1853 1844
f 484 1889 1880
f 580 2195 2186
f 567 2319 2308
f 522 2283 2272
f 427 1905 1894
f 544 2103 2095
f 468 2046 2041
f 436 1957 1948
f 499 2069 2060
f 530 2087 2078
f 548 2141 2132
f 466 1979 1970
f 442 1993 1984
f 505 2229 2218
f 536 2296 2289
f 491 2188 2181
f 423 1882 1875
f 513 1902 1897
f 564 2280 2275
f 581 2316 2311
f 549 2172 2167
f 477 2157 2146
f 445 2011 2002
f 503 2209 2200
f 525 1923 1915
f 474 2134 2127
f 438 1972 1965
f 495 1995 1987
f 532 2226 2221
f 552 2303 2294
f 490 2175 2164
f 577 2154 2149
f 559 2013 2005
f 517 2211 2203
f 430 1921 1912
f 590 1865 1870
f 584 1811 1816
f 585 1796 1800
f 592 1832 1836
f 595 1850 1854
f 598 1888 1890
f 636 2194 2196
f 621 2322 2320
f 642 2286 2284
f 601 1908 1906
f 623 2099 2104
f 611 2045 2047
f 609 1962 1958
f 625 2068 2070
f 628 2084 2088
f 632 2140 2142
f 613 1976 1980
f 616 1998 1994
f 638 2232 2230
f 606 2299 2297
f 407 2330 2329
f 403 2324 2323
f 404 2325 2326
f 410 2332 2333
f 413 2335 2336
f 422 2344 2345
f 486 2410 2409
f 573 2497 2496
f 561 2486 2485
f 512 2434 2435
f 452 2375 2374
f 448 2369 2368
f 449 2370 2371
f 455 2377 2378
f 458 2380 2381
f 470 2393 2392
f 437 2359 2360
f 494 2415 2416
f 531 2455 2456
f 539 2461 2460
f 568 2489 2488
f 478 2399 2398
f 419 2341 2340
f 509 2431 2430
f 554 2476 2475
f 482 2405 2404
f 576 2500 2501
f 558 2481 2482
f 516 2439 2440
f 425 2348 2347
f 542 2465 2464
f 463 2383 2384
f 434 2356 2355
f 497 2420 2419
f 528 2452 2451
f 546 2471 2470
f 464 2386 2385
f 440 2363 2362
f 500 2422 2423
f 524 2445 2446
f 479 2400 2401
f 418 2338 2339
f 508 2428 2429
f 553 2473 2474
f 569 2490 2491
f 538 2458 2459
f 471 2394 2395
f 443 2366 2365
f 501 2425 2424
f 523 2444 2443
f 467 2389 2390
f 433 2353 2354
f 493 2414 2413
f 527 2449 2450
f 543 2466 2467
f 485 2407 2408
f 572 2494 2495
f 557 2480 2479
f 515 2438 2437
f 428 2351 2350
f 591 2510 2511
f 587 2504 2505
f 588 2508 2507
f 594 2514 2513
f 597 2517 2516
f 600 2520 2519
f 634 2554 2556
f 619 2539 2540
f 639 2560 2561
f 602 2523 2521
f 624 2543 2544
f 608 2527 2529
f 610 2532 2530
f 627 2547 2546
f 630 2550 2549
f 635 2552 2553
f 615 2535 2534
f 617 2538 2536
f 637 2558 2557
f 604 2524 2525
f 167 1607 647
f 164 1603 644
f 163 1604 643
f 165 1610 645
f 166 1613 646
f 169 1622 649
f 192 1686 672
f 222 1773 702
f 216 1761 696
f 199 1712 679
f 182 1652 662
f 179 1648 659
f 178 1649 658
f 180 1655 660
f 181 1658 661
f 186 1670 666
f 174 1637 654
f 193 1694 673
f 205 1731 685
f 212 1739 692
f 221 1768 701
f 189 1678 669
f 170 1619 650
f 202 1709 682
f 217 1754 697
f 191 1682 671
f 220 1776 700
f 214 1758 694
f 200 1716 680
f 171 1625 651
f 210 1742 690
f 183 1663 663
f 175 1634 655
f 196 1697 676
f 207 1728 687
f 211 1746 691
f 187 1664 667
f 176 1640 656
f 195 1700 675
f 203 1724 683
f 188 1679 668
f 168 1618 648
f 198 1708 678
f 213 1753 693
f 218 1769 698
f 208 1738 688
f 185 1671 665
f 177 1643 657
f 197 1701 677
f 206 1723 686
f 184 1667 664
f 173 1633 653
f 194 1693 674
f 204 1727 684
f 209 1743 689
f 190 1685 670
f 219 1772 699
f 215 1757 695
f 201 1715 681
f 172 1628 652
f 357 2187 837
f 255 1881 735
f 262 1899 742
f 388 2277 868
f 400 2313 880
f 352 2169 832
f 347 2156 827
f 298 2010 778
f 364 2208 844
f 269 1917 749
f 339 2133 819
f 285 1971 765
f 293 1989 773
f 370 2223 850
f 396 2300 876
f 353 2174 833
f 346 2151 826
f 299 2007 779
f 365 2205 845
f 268 1920 748
f 249 1855 729
f 231 1801 711
f 226 1784 706
f 238 1820 718
f 244 1838 724
f 257 1874 737
f 359 2180 839
f 402 2310 882
f 390 2274 870
f 264 1896 744
f 327 2089 807
f 309 2035 789
f 282 1950 762
f 317 2054 797
f 322 2072 802
f 341 2126 821
f 286 1964 766
f 294 1986 774
f 372 2220 852
f 394 2291 874
f 358 2183 838
f 256 1877 736
f 261 1891 741
f 387 2269 867
f 399 2305 879
f 351 2161 831
f 348 2148 828
f 300 2004 780
f 366 2202 846
f 267 1909 747
f 340 2129 820
f 287 1967 767
f 291 1981 771
f 369 2215 849
f 395 2288 875
f 354 2166 834
f 345 2143 825
f 297 1999 777
f 363 2197 843
f 270 1914 750
f 234 1806 714
f 227 1787 707
f 239 1823 719
f 245 1841 725
f 252 1860 732
f 275 1931 755
f 334 2108 814
f 304 2018 784
f 377 2234 857
f 382 2255 862
f 312 2040 792
f 279 1945 759
f 316 2057 796
f 323 2075 803
f 330 2094 810
f 335 2111 815
f 305 2021 785
f 376 2237 856
f 383 2252 863
f 274 1928 754
f 232 1812 712
f 225 1791 705
f 237 1827 717
f 243 1845 723
f 250 1866 730
f 273 1935 753
f 336 2118 816
f 306 2028 786
f 378 2246 858
f 381 2259 861
f 311 2048 791
f 281 1953 761
f 315 2061 795
f 321 2079 801
f 328 2100 808
f 333 2115 813
f 303 2025 783
f 375 2241 855
f 384 2264 864
f 276 1938 756
f 229 1802 709
f 223 1783 703
f 235 1819 715
f 241 1837 721
f 247 1856 727
f 271 1927 751
f 332 2112 812
f 302 2022 782
f 374 2238 854
f 379 2251 859
f 307 2036 787
f 278 1949 758
f 313 2053 793
f 319 2071 799
f 325 2090 805
f 331 2107 811
f 301 2017 781
f 373 2233 853
f 380 2256 860
f 272 1932 752
f 248 1859 728
f 230 1805 710
f 224 1788 704
f 236 1824 716
f 242 1842 722
f 254 1878 734
f 356 2184 836
f 397 2306 877
f 385 2270 865
f 259 1892 739
f 326 2093 806
f 308 2039 788
f 277 1946 757
f 314 2058 794
f 320 2076 800
f 338 2130 818
f 284 1968 764
f 289 1982 769
f 367 2216 847
f 391 2287 871
f 355 2179 835
f 253 1873 733
f 260 1895 740
f 386 2273 866
f 398 2309 878
f 350 2165 830
f 343 2144 823
f 295 2000 775
f 361 2198 841
f 266 1913 746
f 337 2125 817
f 283 1963 763
f 290 1985 770
f 368 2219 848
f 392 2292 872
f 349 2162 829
f 344 2147 824
f 296 2003 776
f 362 2201 842
f 265 1910 745
f 251 1863 731
f 233 1809 713
f 228 1794 708
f 240 1830 720
f 246 1848 726
f 258 1886 738
f 360 2192 840
f 401 2318 881
f 389 2282 869
f 263 1904 743
f 329 2097 809
f 310 2043 790
f 280 1956 760
f 318 2066 798
f 324 2082 804
f 342 2138 822
f 288 1974 768
f 292 1992 772
f 371 2228 851
f 393 2295 873
f 409 2331 1269
f 405 2327 1245
f 411 2328 1252
f 414 2334 1288
f 417 2337 1306
f 431 2346 1336
f 488 2412 1551
f 575 2499 1473
f 563 2487 1599
f 519 2436 1354
f 454 2376 1479
f 450 2372 1401
f 456 2373 1408
f 459 2379 1492
f 462 2382 1504
f 472 2396 1533
f 446 2361 1414
f 506 2418 1444
f 535 2457 1594
f 541 2463 1383
f 570 2492 1323
f 480 2402 1275
f 421 2343 1263
f 511 2433 1299
f 556 2478 1317
f 484 2406 1341
f 580 2502 1564
f 567 2484 1462
f 522 2442 1588
f 427 2349 1347
f 544 2468 1521
f 468 2387 1420
f 436 2358 1395
f 499 2421 1497
f 530 2454 1515
f 548 2472 1557
f 466 2388 1425
f 442 2364 1431
f 505 2426 1570
f 536 2448 1372
f 491 2403 1282
f 423 2342 1258
f 513 2432 1294
f 564 2477 1312
f 581 2493 1330
f 549 2462 1378
f 477 2397 1540
f 445 2367 1449
f 503 2427 1575
f 525 2447 1365
f 474 2391 1486
f 438 2357 1390
f 495 2417 1437
f 532 2453 1510
f 552 2469 1528
f 490 2411 1546
f 577 2498 1468
f 559 2483 1455
f 517 2441 1581
f 430 2352 1359
f 590 2509 1272
f 584 2503 1248
f 585 2506 1253
f 592 2512 1289
f 595 2515 1307
f 598 2518 1337
f 636 2555 1554
f 621 2541 1476
f 642 2562 1602
f 601 2522 1355
f 623 2542 1482
f 611 2528 1404
f 609 2531 1409
f 625 2545 1493
f 628 2548 1505
f 632 2551 1536
f 613 2533 1415
f 616 2537 1445
f 638 2559 1595
f 606 2526 1386
f 407 1616 909
f 403 1608 891
f 404 1606 886
f 410 1612 898
f 413 1615 904
f 422 1624 922
f 486 1692 1060
f 573 1782 1240
f 561 1765 1204
f 512 1714 1102
f 452 1661 999
f 448 1653 981
f 449 1651 976
f 455 1657 988
f 458 1660 994
f 470 1675 1024
f 437 1639 952
f 494 1696 1066
f 531 1733 1138
f 539 1751 1179
f 568 1779 1233
f 478 1683 1041
f 419 1626 927
f 509 1721 1119
f 554 1766 1209
f 482 1689 1053
f 576 1778 1228
f 558 1760 1192
f 516 1718 1108
f 425 1629 933
f 542 1747 1167
f 463 1665 1005
f 434 1641 957
f 497 1704 1083
f 528 1737 1150
f 546 1750 1174
f 464 1676 1029
f 440 1644 963
f 500 1702 1077
f 524 1726 1126
f 479 1681 1036
f 418 1620 915
f 508 1710 1095
f 553 1755 1185
f 569 1771 1216
f 538 1740 1155
f 471 1673 1018
f 443 1647 970
f 501 1707 1090
f 523 1734 1143
f 467 1669 1012
f 433 1635 945
f 493 1698 1071
f 527 1729 1131
f 543 1745 1162
f 485 1687 1047
f 572 1774 1221
f 557 1762 1197
f 515 1720 1114
f 428 1632 940
f 591 2189 1284
f 587 1883 1260
f 588 1903 1296
f 594 2281 1314
f 597 2317 1332
f 600 2173 1380
f 634 2158 1542
f 619 2012 1451
f 639 2210 1577
f 602 1924 1367
f 624 2135 1488
f 608 1973 1392
f 610 1996 1439
f 627 2227 1512
f 630 2304 1530
f 635 2176 1548
f 615 2155 1470
f 617 2014 1457
f 637 2212 1583
f 604 1922 1361
f 416 1864 1270
f 408 1810 1246
f 406 1795 1251
f 412 1831 1287
f 415 1849 1305
f 424 1887 1335
f 492 2193 1552
f 582 2321 1474
f 565 2285 1600
f 514 1907 1353
f 461 2098 1480
f 453 2044 1402
f 451 1961 1407
f 457 2067 1491
f 460 2083 1503
f 475 2139 1534
f 439 1975 1413
f 496 1997 1443
f 533 2231 1593
f 551 2298 1384
f 579 2190 1324
f 483 1884 1276
f 426 1900 1264
f 521 2278 1300
f 566 2314 1318
f 489 2170 1342
f 578 2159 1563
f 560 2015 1461
f 518 2213 1587
f 429 1918 1348
f 547 2136 1522
f 465 1977 1419
f 441 1990 1396
f 504 2224 1498
f 537 2301 1516
f 550 2177 1558
f 476 2152 1426
f 444 2008 1432
f 502 2206 1569
f 526 1925 1371
f 481 1817 1281
f 420 1797 1257
f 510 1833 1293
f 555 1851 1311
f 571 1871 1329
f 540 1941 1377
f 473 2119 1539
f 447 2029 1450
f 507 2247 1576
f 534 2262 1366
f 469 2051 1485
f 435 1954 1389
f 498 2064 1438
f 529 2085 1509
f 545 2105 1527
f 487 2121 1545
f 574 2031 1467
f 562 2244 1456
f 520 2265 1582
f 432 1939 1360
f 589 1814 1271
f 583 1793 1247
f 586 1829 1254
f 593 1847 1290
f 596 1868 1308
f 599 1937 1338
f 633 2124 1553
f 620 2034 1475
f 640 2250 1601
f 603 2261 1356
f 622 2050 1481
f 607 1960 1403
f 612 2063 1410
f 626 2081 1494
f 629 2102 1506
f 631 2117 1535
f 614 2027 1416
f 618 2243 1446
f 641 2268 1596
f 605 1944 1385
f 409 1804 894
f 405 1785 887
f 411 1821 899
f 414 1839 905
f 417 1858 912
f 431 1929 941
f 488 2114 1050
f 575 2024 1224
f 563 2240 1200
f 519 2253 1115
f 454 2038 984
f 450 1951 977
f 456 2055 989
f 459 2073 995
f 462 2092 1002
f 472 2109 1019
f 446 2019 971
f 506 2235 1091
f 535 2258 1146
f 541 1934 1158
f 570 1861 1217
f 480 1807 1037
f 421 1790 918
f 511 1826 1098
f 556 1844 1188
f 484 1880 1044
f 580 2186 1236
f 567 2308 1212
f 522 2272 1122
f 427 1894 930
f 544 2095 1163
f 468 2041 1013
f 436 1948 948
f 499 2060 1074
f 530 2078 1134
f 548 2132 1170
f 466 1970 1008
f 442 1984 960
f 505 2218 1086
f 536 2289 1151
f 491 2181 1061
f 423 1875 923
f 513 1897 1103
f 564 2275 1205
f 581 2311 1241
f 549 2167 1175
f 477 2146 1032
f 445 2002 966
f 503 2200 1080
f 525 1915 1127
f 474 2127 1025
f 438 1965 953
f 495 1987 1067
f 532 2221 1139
f 552 2294 1182
f 490 2164 1056
f 577 2149 1229
f 559 2005 1193
f 517 2203 1109
f 430 1912 936
f 590 1870 1325
f 584 1816 1277
f 585 1800 1265
f 592 1836 1301
f 595 1854 1319
f 598 1890 1343
f 636 2196 1566
f 621 2320 1464
f 642 2284 1590
f 601 1906 1349
f 623 2104 1523
f 611 2047 1422
f 609 1958 1397
f 625 2070 1499
f 628 2088 1517
f 632 2142 1559
f 613 1980 1427
f 616 1994 1433
f 638 2230 1572
f 606 2297 1374
f 407 2329 892
f 403 2323 885
f 404 2326 897
f 410 2333 903
f 413 2336 910
f 422 2345 939
f 486 2409 1048
f 573 2496 1222
f 561 2485 1198
f 512 2435 1113
f 452 2374 982
f 448 2368 975
f 449 2371 987
f 455 2378 993
f 458 2381 1000
f 470 2392 1017
f 437 2360 969
f 494 2416 1089
f 531 2456 1144
f 539 2460 1156
f 568 2488 1215
f 478 2398 1035
f 419 2340 916
f 509 2430 1096
f 554 2475 1186
f 482 2404 1042
f 576 2501 1234
f 558 2482 1210
f 516 2440 1120
f 425 2347 928
f 542 2464 1161
f 463 2384 1011
f 434 2355 946
f 497 2419 1072
f 528 2451 1132
f 546 2470 1168
f 464 2385 1006
f 440 2362 958
f 500 2423 1084
f 524 2446 1149
f 479 2401 1059
f 418 2339 921
f 508 2429 1101
f 553 2474 1203
f 569 2491 1239
f 538 2459 1173
f 471 2395 1030
f 443 2365 964
f 501 2424 1078
f 523 2443 1125
f 467 2390 1023
f 433 2354 951
f 493 2413 1065
f 527 2450 1137
f 543 2467 1180
f 485 2408 1054
f 572 2495 1227
f 557 2479 1191
f 515 2437 1107
f 428 2350 934
f 591 2511 1326
f 587 2505 1278
f 588 2507 1266
f 594 2513 1302
f 597 2516 1320
f 600 2519 1344
f 634 2556 1565
f 619 2540 1463
f 639 2561 1589
f 602 2521 1350
f 624 2544 1524
f 608 2529 1421
f 610 2530 1398
f 627 2546 1500
f 630 2549 1518
f 635 2553 1560
f 615 2534 1428
f 617 2536 1434
f 637 2557 1571
f 604 2525 1373
f 164 1609 889
f 163 1605 883
f 165 1611 895
f 166 1614 901
f 167 1617 907
f 172 1631 937
f 190 1688 1045
f 219 1775 1219
f 215 1763 1195
f 201 1719 1111
f 179 1654 979
f 178 1650 973
f 180 1656 985
f 181 1659 991
f 182 1662 997
f 185 1672 1015
f 177 1646 967
f 197 1706 1087
f 206 1735 1141
f 208 1741 1153
f 218 1770 1213
f 188 1680 1033
f 168 1621 913
f 198 1711 1093
f 213 1756 1183
f 189 1684 1039
f 221 1780 1231
f 217 1767 1207
f 202 1722 1117
f 170 1627 925
f 209 1744 1159
f 184 1668 1009
f 173 1636 943
f 194 1699 1069
f 204 1730 1129
f 210 1748 1165
f 183 1666 1003
f 175 1642 955
f 196 1705 1081
f 207 1736 1147
f 192 1691 1057
f 169 1623 919
f 199 1713 1099
f 216 1764 1201
f 222 1781 1237
f 211 1749 1171
f 187 1677 1027
f 176 1645 961
f 195 1703 1075
f 203 1725 1123
f 186 1674 1021
f 174 1638 949
f 193 1695 1063
f 205 1732 1135
f 212 1752 1177
f 191 1690 1051
f 220 1777 1225
f 214 1759 1189
f 200 1717 1105
f 171 1630 931
f 358 2191 1322
f 256 1885 1274
f 261 1901 1262
f 387 2279 1298
f 399 2315 1316
f 351 2171 1340
f 348 2160 1561
f 300 2016 1459
f 366 2214 1585
f 267 1919 1346
f 340 2137 1520
f 287 1978 1417
f 291 1991 1394
f 369 2225 1496
f 395 2302 1514
f 354 2178 1556
f 345 2153 1424
f 297 2009 1430
f 363 2207 1567
f 270 1926 1369
f 247 1857 908
f 229 1803 890
f 223 1786 884
f 235 1822 896
f 241 1840 902
f 253 1876 920
f 355 2182 1058
f 398 2312 1238
f 386 2276 1202
f 260 1898 1100
f 325 2091 998
f 307 2037 980
f 278 1952 974
f 313 2056 986
f 319 2074 992
f 337 2128 1022
f 283 1966 950
f 290 1988 1064
f 368 2222 1136
f 392 2293 1178
f 356 2185 1232
f 254 1879 1040
f 259 1893 926
f 385 2271 1118
f 397 2307 1208
f 349 2163 1052
f 344 2150 1226
f 296 2006 1190
f 362 2204 1106
f 265 1911 932
f 338 2131 1166
f 284 1969 1004
f 289 1983 956
f 367 2217 1082
f 391 2290 1148
f 350 2168 1172
f 343 2145 1028
f 295 2001 962
f 361 2199 1076
f 266 1916 1124
f 230 1808 1034
f 224 1789 914
f 236 1825 1094
f 242 1843 1184
f 248 1862 1214
f 272 1933 1154
f 331 2110 1016
f 301 2020 968
f 373 2236 1088
f 380 2257 1142
f 308 2042 1010
f 277 1947 944
f 314 2059 1070
f 320 2077 1130
f 326 2096 1160
f 332 2113 1046
f 302 2023 1220
f 374 2239 1196
f 379 2254 1112
f 271 1930 938
f 234 1818 1279
f 227 1798 1255
f 239 1834 1291
f 245 1852 1309
f 252 1872 1327
f 275 1942 1375
f 334 2120 1537
f 304 2030 1448
f 377 2248 1574
f 382 2263 1364
f 312 2052 1483
f 279 1955 1387
f 316 2065 1436
f 323 2086 1507
f 330 2106 1525
f 335 2122 1543
f 305 2032 1465
f 376 2245 1454
f 383 2266 1580
f 274 1940 1358
f 232 1813 1267
f 225 1792 1243
f 237 1828 1250
f 243 1846 1286
f 250 1867 1304
f 273 1936 1334
f 336 2123 1549
f 306 2033 1471
f 378 2249 1597
f 381 2260 1352
f 311 2049 1477
f 281 1959 1399
f 315 2062 1406
f 321 2080 1490
f 328 2101 1502
f 333 2116 1531
f 303 2026 1412
f 375 2242 1442
f 384 2267 1592
f 276 1943 1381
f 251 1869 1321
f 233 1815 1273
f 228 1799 1261
f 240 1835 1297
f 246 1853 1315
f 258 1889 1339
f 360 2195 1562
f 401 2319 1460
f 389 2283 1586
f 263 1905 1345
f 329 2103 1519
f 310 2046 1418
f 280 1957 1393
f 318 2069 1495
f 324 2087 1513
f 342 2141 1555
f 288 1979 1423
f 292 1993 1429
f 371 2229 1568
f 393 2296 1370
f 357 2188 1280
f 255 1882 1256
f 262 1902 1292
f 388 2280 1310
f 400 2316 1328
f 352 2172 1376
f 347 2157 1538
f 298 2011 1447
f 364 2209 1573
f 269 1923 1363
f 339 2134 1484
f 285 1972 1388
f 293 1995 1435
f 370 2226 1508
f 396 2303 1526
f 353 2175 1544
f 346 2154 1466
f 299 2013 1453
f 365 2211 1579
f 268 1921 1357
f 249 1865 1268
f 231 1811 1244
f 226 1796 1249
f 238 1832 1285
f 244 1850 1303
f 257 1888 1333
f 359 2194 1550
f 402 2322 1472
f 390 2286 1598
f 264 1908 1351
f 327 2099 1478
f 309 2045 1400
f 282 1962 1405
f 317 2068 1489
f 322 2084 1501
f 341 2140 1532
f 286 1976 1411
f 294 1998 1441
f 372 2232 1591
f 394 2299 1382
f 416 2330 911
f 408 2324 893
f 406 2325 888
f 412 2332 900
f 415 2335 906
f 424 2344 924
f 492 2410 1062
f 582 2497 1242
f 565 2486 1206
f 514 2434 1104
f 461 2375 1001
f 453 2369 983
f 451 2370 978
f 457 2377 990
f 460 2380 996
f 475 2393 1026
f 439 2359 954
f 496 2415 1068
f 533 2455 1140
f 551 2461 1181
f 579 2489 1235
f 483 2399 1043
f 426 2341 929
f 521 2431 1121
f 566 2476 1211
f 489 2405 1055
f 578 2500 1230
f 560 2481 1194
f 518 2439 1110
f 429 2348 935
f 547 2465 1169
f 465 2383 1007
f 441 2356 959
f 504 2420 1085
f 537 2452 1152
f 550 2471 1176
f 476 2386 1031
f 444 2363 965
f 502 2422 1079
f 526 2445 1128
f 481 2400 1038
f 420 2338 917
f 510 2428 1097
f 555 2473 1187
f 571 2490 1218
f 540 2458 1157
f 473 2394 1020
f 447 2366 972
f 507 2425 1092
f 534 2444 1145
f 469 2389 1014
f 435 2353 947
f 498 2414 1073
f 529 2449 1133
f 545 2466 1164
f 487 2407 1049
f 574 2494 1223
f 562 2480 1199
f 520 2438 1116
f 432 2351 942
f 589 2510 1283
f 583 2504 1259
f 586 2508 1295
f 593 2514 1313
f 596 2517 1331
f 599 2520 1379
f 633 2554 1541
f 620 2539 1452
f 640 2560 1578
f 603 2523 1368
f 622 2543 1487
f 607 2527 1391
f 612 2532 1440
f 626 2547 1511
f 629 2550 1529
f 631 2552 1547
f 614 2535 1469
f 618 2538 1458
f 641 2558 1584
f 605 2524 1362
f 164 1607 1609
f 163 1603 1605
f 165 1604 1611
f 166 1610 1614
f 167 1613 1617
f 172 1622 1631
f 190 1686 1688
f 219 1773 1775
f 215 1761 1763
f 201 1712 1719
f 179 1652 1654
f 178 1648 1650
f 180 1649 1656
f 181 1655 1659
f 182 1658 1662
f 185 1670 1672
f 177 1637 1646
f 197 1694 1706
f 206 1731 1735
f 208 1739 1741
f 218 1768 1770
f 188 1678 1680
f 168 1619 1621
f 198 1709 1711
f 213 1754 1756
f 189 1682 1684
f 221 1776 1780
f 217 1758 1767
f 202 1716 1722
f 170 1625 1627
f 209 1742 1744
f 184 1663 1668
f 173 1634 1636
f 194 1697 1699
f 204 1728 1730
f 210 1746 1748
f 183 1664 1666
f 175 1640 1642
f 196 1700 1705
f 207 1724 1736
f 192 1679 1691
f 169 1618 1623
f 199 1708 1713
f 216 1753 1764
f 222 1769 1781
f 211 1738 1749
f 187 1671 1677
f 176 1643 1645
f 195 1701 1703
f 203 1723 1725
f 186 1667 1674
f 174 1633 1638
f 193 1693 1695
f 205 1727 1732
f 212 1743 1752
f 191 1685 1690
f 220 1772 1777
f 214 1757 1759
f 200 1715 1717
f 171 1628 1630
f 358 2187 2191
f 256 1881 1885
f 261 1899 1901
f 387 2277 2279
f 399 2313 2315
f 351 2169 2171
f 348 2156 2160
f 300 2010 2016
f 366 2208 2214
f 267 1917 1919
f 340 2133 2137
f 287 1971 1978
f 291 1989 1991
f 369 2223 2225
f 395 2300 2302
f 354 2174 2178
f 345 2151 2153
f 297 2007 2009
f 363 2205 2207
f 270 1920 1926
f 247 1855 1857
f 229 1801 1803
f 223 1784 1786
f 235 1820 1822
f 241 1838 1840
f 253 1874 1876
f 355 2180 2182
f 398 2310 2312
f 386 2274 2276
f 260 1896 1898
f 325 2089 2091
f 307 2035 2037
f 278 1950 1952
f 313 2054 2056
f 319 2072 2074
f 337 2126 2128
f 283 1964 1966
f 290 1986 1988
f 368 2220 2222
f 392 2291 2293
f 356 2183 2185
f 254 1877 1879
f 259 1891 1893
f 385 2269 2271
f 397 2305 2307
f 349 2161 2163
f 344 2148 2150
f 296 2004 2006
f 362 2202 2204
f 265 1909 1911
f 338 2129 2131
f 284 1967 1969
f 289 1981 1983
f 367 2215 2217
f 391 2288 2290
f 350 2166 2168
f 343 2143 2145
f 295 1999 2001
f 361 2197 2199
f 266 1914 1916
f 230 1806 1808
f 224 1787 1789
f 236 1823 1825
f 242 1841 1843
f 248 1860 1862
f 272 1931 1933
f 331 2108 2110
f 301 2018 2020
f 373 2234 2236
f 380 2255 2257
f 308 2040 2042
f 277 1945 1947
f 314 2057 2059
f 320 2075 2077
f 326 2094 2096
f 332 2111 2113
f 302 2021 2023
f 374 2237 2239
f 379 2252 2254
f 271 1928 1930
f 234 1812 1818
f 227 1791 1798
f 239 1827 1834
f 245 1845 1852
f 252 1866 1872
f 275 1935 1942
f 334 2118 2120
f 304 2028 2030
f 377 2246 2248
f 382 2259 2263
f 312 2048 2052
f 279 1953 1955
f 316 2061 2065
f 323 2079 2086
f 330 2100 2106
f 335 2115 2122
f 305 2025 2032
f 376 2241 2245
f 383 2264 2266
f 274 1938 1940
f 232 1802 1813
f 225 1783 1792
f 237 1819 1828
f 243 1837 1846
f 250 1856 1867
f 273 1927 1936
f 336 2112 2123
f 306 2022 2033
f 378 2238 2249
f 381 2251 2260
f 311 2036 2049
f 281 1949 1959
f 315 2053 2062
f 321 2071 2080
f 328 2090 2101
f 333 2107 2116
f 303 2017 2026
f 375 2233 2242
f 384 2256 2267
f 276 1932 1943
f 251 1859 1869
f 233 1805 1815
f 228 1788 1799
f 240 1824 1835
f 246 1842 1853
f 258 1878 1889
f 360 2184 2195
f 401 2306 2319
f 389 2270 2283
f 263 1892 1905
f 329 2093 2103
f 310 2039 2046
f 280 1946 1957
f 318 2058 2069
f 324 2076 2087
f 342 2130 2141
f 288 1968 1979
f 292 1982 1993
f 371 2216 2229
f 393 2287 2296
f 357 2179 2188
f 255 1873 1882
f 262 1895 1902
f 388 2273 2280
f 400 2309 2316
f 352 2165 2172
f 347 2144 2157
f 298 2000 2011
f 364 2198 2209
f 269 1913 1923
f 339 2125 2134
f 285 1963 1972
f 293 1985 1995
f 370 2219 2226
f 396 2292 2303
f 353 2162 2175
f 346 2147 2154
f 299 2003 2013
f 365 2201 2211
f 268 1910 1921
f 249 1863 1865
f 231 1809 1811
f 226 1794 1796
f 238 1830 1832
f 244 1848 1850
f 257 1886 1888
f 359 2192 2194
f 402 2318 2322
f 390 2282 2286
f 264 1904 1908
f 327 2097 2099
f 309 2043 2045
f 282 1956 1962
f 317 2066 2068
f 322 2082 2084
f 341 2138 2140
f 286 1974 1976
f 294 1992 1998
f 372 2228 2232
f 394 2295 2299
f 416 2331 2330
f 408 2327 2324
f 406 2328 2325
f 412 2334 2332
f 415 2337 2335
f 424 2346 2344
f 492 2412 2410
f 582 2499 2497
f 565 2487 2486
f 514 2436 2434
f 461 2376 2375
f 453 2372 2369
f 451 2373 2370
f 457 2379 2377
f 460 2382 2380
f 475 2396 2393
f 439 2361 2359
f 496 2418 2415
f 533 2457 2455
f 551 2463 2461
f 579 2492 2489
f 483 2402 2399
f 426 2343 2341
f 521 2433 2431
f 566 2478 2476
f 489 2406 2405
f 578 2502 2500
f 560 2484 2481
f 518 2442 2439
f 429 2349 2348
f 547 2468 2465
f 465 2387 2383
f 441 2358 2356
f 504 2421 2420
f 537 2454 2452
f 550 2472 2471
f 476 2388 2386
f 444 2364 2363
f 502 2426 2422
f 526 2448 2445
f 481 2403 2400
f 420 2342 2338
f 510 2432 2428
f 555 2477 2473
f 571 2493 2490
f 540 2462 2458
f 473 2397 2394
f 447 2367 2366
f 507 2427 2425
f 534 2447 2444
f 469 2391 2389
f 435 2357 2353
f 498 2417 2414
f 529 2453 2449
f 545 2469 2466
f 487 2411 2407
f 574 2498 2494
f 562 2483 2480
f 520 2441 2438
f 432 2352 2351
f 589 2509 2510
f 583 2503 2504
f 586 2506 2508
f 593 2512 2514
f 596 2515 2517
f 599 2518 2520
f 633 2555 2554
f 620 2541 2539
f 640 2562 2560
f 603 2522 2523
f 622 2542 2543
f 607 2528 2527
f 612 2531 2532
f 626 2545 2547
f 629 2548 2550
f 631 2551 2552
f 614 2533 2535
f 618 2537 2538
f 641 2559 2558
f 605 2526 2524
f 164 644 1607
f 163 643 1603
f 165 645 1604
f 166 646 1610
f 167 647 1613
f 172 652 1622
f 190 670 1686
f 219 699 1773
f 215 695 1761
f 201 681 1712
f 179 659 1652
f 178 658 1648
f 180 660 1649
f 181 661 1655
f 182 662 1658
f 185 665 1670
f 177 657 1637
f 197 677 1694
f 206 686 1731
f 208 688 1739
f 218 698 1768
f 188 668 1678
f 168 648 1619
f 198 678 1709
f 213 693 1754
f 189 669 1682
f 221 701 1776
f 217 697 1758
f 202 682 1716
f 170 650 1625
f 209 689 1742
f 184 664 1663
f 173 653 1634
f 194 674 1697
f 204 684 1728
f 210 690 1746
f 183 663 1664
f 175 655 1640
f 196 676 1700
f 207 687 1724
f 192 672 1679
f 169 649 1618
f 199 679 1708
f 216 696 1753
f 222 702 1769
f 211 691 1738
f 187 667 1671
f 176 656 1643
f 195 675 1701
f 203 683 1723
f 186 666 1667
f 174 654 1633
f 193 673 1693
f 205 685 1727
f 212 692 1743
f 191 671 1685
f 220 700 1772
f 214 694 1757
f 200 680 1715
f 171 651 1628
f 358 838 2187
f 256 736 1881
f 261 741 1899
f 387 867 2277
f 399 879 2313
f 351 831 2169
f 348 828 2156
f 300 780 2010
f 366 846 2208
f 267 747 1917
f 340 820 2133
f 287 767 1971
f 291 771 1989
f 369 849 2223
f 395 875 2300
f 354 834 2174
f 345 825 2151
f 297 777 2007
f 363 843 2205
f 270 750 1920
f 247 727 1855
f 229 709 1801
f 223 703 1784
f 235 715 1820
f 241 721 1838
f 253 733 1874
f 355 835 2180
f 398 878 2310
f 386 866 2274
f 260 740 1896
f 325 805 2089
f 307 787 2035
f 278 758 1950
f 313 793 2054
f 319 799 2072
f 337 817 2126
f 283 763 1964
f 290 770 1986
f 368 848 2220
f 392 872 2291
f 356 836 2183
f 254 734 1877
f 259 739 1891
f 385 865 2269
f 397 877 2305
f 349 829 2161
f 344 824 2148
f 296 776 2004
f 362 842 2202
f 265 745 1909
f 338 818 2129
f 284 764 1967
f 289 769 1981
f 367 847 2215
f 391 871 2288
f 350 830 2166
f 343 823 2143
f 295 775 1999
f 361 841 2197
f 266 746 1914
f 230 710 1806
f 224 704 1787
f 236 716 1823
f 242 722 1841
f 248 728 1860
f 272 752 1931
f 331 811 2108
f 301 781 2018
f 373 853 2234
f 380 860 2255
f 308 788 2040
f 277 757 1945
f 314 794 2057
f 320 800 2075
f 326 806 2094
f 332 812 2111
f 302 782 2021
f 374 854 2237
f 379 859 2252
f 271 751 1928
f 234 714 1812
f 227 707 1791
f 239 719 1827
f 245 725 1845
f 252 732 1866
f 275 755 1935
f 334 814 2118
f 304 784 2028
f 377 857 2246
f 382 862 2259
f 312 792 2048
f 279 759 1953
f 316 796 2061
f 323 803 2079
f 330 810 2100
f 335 815 2115
f 305 785 2025
f 376 856 2241
f 383 863 2264
f 274 754 1938
f 232 712 1802
f 225 705 1783
f 237 717 1819
f 243 723 1837
f 250 730 1856
f 273 753 1927
f 336 816 2112
f 306 786 2022
f 378 858 2238
f 381 861 2251
f 311 791 2036
f 281 761 1949
f 315 795 2053
f 321 801 2071
f 328 808 2090
f 333 813 2107
f 303 783 2017
f 375 855 2233
f 384 864 2256
f 276 756 1932
f 251 731 1859
f 233 713 1805
f 228 708 1788
f 240 720 1824
f 246 726 1842
f 258 738 1878
f 360 840 2184
f 401 881 2306
f 389 869 2270
f 263 743 1892
f 329 809 2093
f 310 790 2039
f 280 760 1946
f 318 798 2058
f 324 804 2076
f 342 822 2130
f 288 768 1968
f 292 772 1982
f 371 851 2216
f 393 873 2287
f 357 837 2179
f 255 735 1873
f 262 742 1895
f 388 868 2273
f 400 880 2309
f 352 832 2165
f 347 827 2144
f 298 778 2000
f 364 844 2198
f 269 749 1913
f 339 819 2125
f 285 765 1963
f 293 773 1985
f 370 850 2219
f 396 876 2292
f 353 833 2162
f 346 826 2147
f 299 779 2003
f 365 845 2201
f 268 748 1910
f 249 729 1863
f 231 711 1809
f 226 706 1794
f 238 718 1830
f 244 724 1848
f 257 737 1886
f 359 839 2192
f 402 882 2318
f 390 870 2282
f 264 744 1904
f 327 807 2097
f 309 789 2043
f 282 762 1956
f 317 797 2066
f 322 802 2082
f 341 821 2138
f 286 766 1974
f 294 774 1992
f 372 852 2228
f 394 874 2295
f 416 1270 2331
f 408 1246 2327
f 406 1251 2328
f 412 1287 2334
f 415 1305 2337
f 424 1335 2346
f 492 1552 2412
f 582 1474 2499
f 565 1600 2487
f 514 1353 2436
f 461 1480 2376
f 453 1402 2372
f 451 1407 2373
f 457 1491 2379
f 460 1503 2382
f 475 1534 2396
f 439 1413 2361
f 496 1443 2418
f 533 1593 2457
f 551 1384 2463
f 579 1324 2492
f 483 1276 2402
f 426 1264 2343
f 521 1300 2433
f 566 1318 2478
f 489 1342 2406
f 578 1563 2502
f 560 1461 2484
f 518 1587 2442
f 429 1348 2349
f 547 1522 2468
f 465 1419 2387
f 441 1396 2358
f 504 1498 2421
f 537 1516 2454
f 550 1558 2472
f 476 1426 2388
f 444 1432 2364
f 502 1569 2426
f 526 1371 2448
f 481 1281 2403
f 420 1257 2342
f 510 1293 2432
f 555 1311 2477
f 571 1329 2493
f 540 1377 2462
f 473 1539 2397
f 447 1450 2367
f 507 1576 2427
f 534 1366 2447
f 469 1485 2391
f 435 1389 2357
f 498 1438 2417
f 529 1509 2453
f 545 1527 2469
f 487 1545 2411
f 574 1467 2498
f 562 1456 2483
f 520 1582 2441
f 432 1360 2352
f 589 1271 2509
f 583 1247 2503
f 586 1254 2506
f 593 1290 2512
f 596 1308 2515
f 599 1338 2518
f 633 1553 2555
f 620 1475 2541
f 640 1601 2562
f 603 1356 2522
f 622 1481 2542
f 607 1403 2528
f 612 1410 2531
f 626 1494 2545
f 629 1506 2548
f 631 1535 2551
f 614 1416 2533
f 618 1446 2537
f 641 1596 2559
f 605 1385 2526
f 167 907 1616
f 164 889 1608
f 163 883 1606
f 165 895 1612
f 166 901 1615
f 169 919 1624
f 192 1057 1692
f 222 1237 1782
f 216 1201 1765
f 199 1099 1714
f 182 997 1661
f 179 979 1653
f 178 973 1651
f 180 985 1657
f 181 991 1660
f 186 1021 1675
f 174 949 1639
f 193 1063 1696
f 205 1135 1733
f 212 1177 1751
f 221 1231 1779
f 189 1039 1683
f 170 925 1626
f 202 1117 1721
f 217 1207 1766
f 191 1051 1689
f 220 1225 1778
f 214 1189 1760
f 200 1105 1718
f 171 931 1629
f 210 1165 1747
f 183 1003 1665
f 175 955 1641
f 196 1081 1704
f 207 1147 1737
f 211 1171 1750
f 187 1027 1676
f 176 961 1644
f 195 1075 1702
f 203 1123 1726
f 188 1033 1681
f 168 913 1620
f 198 1093 1710
f 213 1183 1755
f 218 1213 1771
f 208 1153 1740
f 185 1015 1673
f 177 967 1647
f 197 1087 1707
f 206 1141 1734
f 184 1009 1669
f 173 943 1635
f 194 1069 1698
f 204 1129 1729
f 209 1159 1745
f 190 1045 1687
f 219 1219 1774
f 215 1195 1762
f 201 1111 1720
f 172 937 1632
f 357 1280 2189
f 255 1256 1883
f 262 1292 1903
f 388 1310 2281
f 400 1328 2317
f 352 1376 2173
f 347 1538 2158
f 298 1447 2012
f 364 1573 2210
f 269 1363 1924
f 339 1484 2135
f 285 1388 1973
f 293 1435 1996
f 370 1508 2227
f 396 1526 2304
f 353 1544 2176
f 346 1466 2155
f 299 1453 2014
f 365 1579 2212
f 268 1357 1922
f 249 1268 1864
f 231 1244 1810
f 226 1249 1795
f 238 1285 1831
f 244 1303 1849
f 257 1333 1887
f 359 1550 2193
f 402 1472 2321
f 390 1598 2285
f 264 1351 1907
f 327 1478 2098
f 309 1400 2044
f 282 1405 1961
f 317 1489 2067
f 322 1501 2083
f 341 1532 2139
f 286 1411 1975
f 294 1441 1997
f 372 1591 2231
f 394 1382 2298
f 358 1322 2190
f 256 1274 1884
f 261 1262 1900
f 387 1298 2278
f 399 1316 2314
f 351 1340 2170
f 348 1561 2159
f 300 1459 2015
f 366 1585 2213
f 267 1346 1918
f 340 1520 2136
f 287 1417 1977
f 291 1394 1990
f 369 1496 2224
f 395 1514 2301
f 354 1556 2177
f 345 1424 2152
f 297 1430 2008
f 363 1567 2206
f 270 1369 1925
f 234 1279 1817
f 227 1255 1797
f 239 1291 1833
f 245 1309 1851
f 252 1327 1871
f 275 1375 1941
f 334 1537 2119
f 304 1448 2029
f 377 1574 2247
f 382 1364 2262
f 312 1483 2051
f 279 1387 1954
f 316 1436 2064
f 323 1507 2085
f 330 1525 2105
f 335 1543 2121
f 305 1465 2031
f 376 1454 2244
f 383 1580 2265
f 274 1358 1939
f 232 1267 1814
f 225 1243 1793
f 237 1250 1829
f 243 1286 1847
f 250 1304 1868
f 273 1334 1937
f 336 1549 2124
f 306 1471 2034
f 378 1597 2250
f 381 1352 2261
f 311 1477 2050
f 281 1399 1960
f 315 1406 2063
f 321 1490 2081
f 328 1502 2102
f 333 1531 2117
f 303 1412 2027
f 375 1442 2243
f 384 1592 2268
f 276 1381 1944
f 229 890 1804
f 223 884 1785
f 235 896 1821
f 241 902 1839
f 247 908 1858
f 271 938 1929
f 332 1046 2114
f 302 1220 2024
f 374 1196 2240
f 379 1112 2253
f 307 980 2038
f 278 974 1951
f 313 986 2055
f 319 992 2073
f 325 998 2092
f 331 1016 2109
f 301 968 2019
f 373 1088 2235
f 380 1142 2258
f 272 1154 1934
f 248 1214 1861
f 230 1034 1807
f 224 914 1790
f 236 1094 1826
f 242 1184 1844
f 254 1040 1880
f 356 1232 2186
f 397 1208 2308
f 385 1118 2272
f 259 926 1894
f 326 1160 2095
f 308 1010 2041
f 277 944 1948
f 314 1070 2060
f 320 1130 2078
f 338 1166 2132
f 284 1004 1970
f 289 956 1984
f 367 1082 2218
f 391 1148 2289
f 355 1058 2181
f 253 920 1875
f 260 1100 1897
f 386 1202 2275
f 398 1238 2311
f 350 1172 2167
f 343 1028 2146
f 295 962 2002
f 361 1076 2200
f 266 1124 1915
f 337 1022 2127
f 283 950 1965
f 290 1064 1987
f 368 1136 2221
f 392 1178 2294
f 349 1052 2164
f 344 1226 2149
f 296 1190 2005
f 362 1106 2203
f 265 932 1912
f 251 1321 1870
f 233 1273 1816
f 228 1261 1800
f 240 1297 1836
f 246 1315 1854
f 258 1339 1890
f 360 1562 2196
f 401 1460 2320
f 389 1586 2284
f 263 1345 1906
f 329 1519 2104
f 310 1418 2047
f 280 1393 1958
f 318 1495 2070
f 324 1513 2088
f 342 1555 2142
f 288 1423 1980
f 292 1429 1994
f 371 1568 2230
f 393 1370 2297
f 409 894 2329
f 405 887 2323
f 411 899 2326
f 414 905 2333
f 417 912 2336
f 431 941 2345
f 488 1050 2409
f 575 1224 2496
f 563 1200 2485
f 519 1115 2435
f 454 984 2374
f 450 977 2368
f 456 989 2371
f 459 995 2378
f 462 1002 2381
f 472 1019 2392
f 446 971 2360
f 506 1091 2416
f 535 1146 2456
f 541 1158 2460
f 570 1217 2488
f 480 1037 2398
f 421 918 2340
f 511 1098 2430
f 556 1188 2475
f 484 1044 2404
f 580 1236 2501
f 567 1212 2482
f 522 1122 2440
f 427 930 2347
f 544 1163 2464
f 468 1013 2384
f 436 948 2355
f 499 1074 2419
f 530 1134 2451
f 548 1170 2470
f 466 1008 2385
f 442 960 2362
f 505 1086 2423
f 536 1151 2446
f 491 1061 2401
f 423 923 2339
f 513 1103 2429
f 564 1205 2474
f 581 1241 2491
f 549 1175 2459
f 477 1032 2395
f 445 966 2365
f 503 1080 2424
f 525 1127 2443
f 474 1025 2390
f 438 953 2354
f 495 1067 2413
f 532 1139 2450
f 552 1182 2467
f 490 1056 2408
f 577 1229 2495
f 559 1193 2479
f 517 1109 2437
f 430 936 2350
f 590 1325 2511
f 584 1277 2505
f 585 1265 2507
f 592 1301 2513
f 595 1319 2516
f 598 1343 2519
f 636 1566 2556
f 621 1464 2540
f 642 1590 2561
f 601 1349 2521
f 623 1523 2544
f 611 1422 2529
f 609 1397 2530
f 625 1499 2546
f 628 1517 2549
f 632 1559 2553
f 613 1427 2534
f 616 1433 2536
f 638 1572 2557
f 606 1374 2525
f 407 892 1609
f 403 885 1605
f 404 897 1611
f 410 903 1614
f 413 910 1617
f 422 939 1631
f 486 1048 1688
f 573 1222 1775
f 561 1198 1763
f 512 1113 1719
f 452 982 1654
f 448 975 1650
f 449 987 1656
f 455 993 1659
f 458 1000 1662
f 470 1017 1672
f 437 969 1646
f 494 1089 1706
f 531 1144 1735
f 539 1156 1741
f 568 1215 1770
f 478 1035 1680
f 419 916 1621
f 509 1096 1711
f 554 1186 1756
f 482 1042 1684
f 576 1234 1780
f 558 1210 1767
f 516 1120 1722
f 425 928 1627
f 542 1161 1744
f 463 1011 1668
f 434 946 1636
f 497 1072 1699
f 528 1132 1730
f 546 1168 1748
f 464 1006 1666
f 440 958 1642
f 500 1084 1705
f 524 1149 1736
f 479 1059 1691
f 418 921 1623
f 508 1101 1713
f 553 1203 1764
f 569 1239 1781
f 538 1173 1749
f 471 1030 1677
f 443 964 1645
f 501 1078 1703
f 523 1125 1725
f 467 1023 1674
f 433 951 1638
f 493 1065 1695
f 527 1137 1732
f 543 1180 1752
f 485 1054 1690
f 572 1227 1777
f 557 1191 1759
f 515 1107 1717
f 428 934 1630
f 591 1326 2191
f 587 1278 1885
f 588 1266 1901
f 594 1302 2279
f 597 1320 2315
f 600 1344 2171
f 634 1565 2160
f 619 1463 2016
f 639 1589 2214
f 602 1350 1919
f 624 1524 2137
f 608 1421 1978
f 610 1398 1991
f 627 1500 2225
f 630 1518 2302
f 635 1560 2178
f 615 1428 2153
f 617 1434 2009
f 637 1571 2207
f 604 1373 1926
f 416 911 1857
f 408 893 1803
f 406 888 1786
f 412 900 1822
f 415 906 1840
f 424 924 1876
f 492 1062 2182
f 582 1242 2312
f 565 1206 2276
f 514 1104 1898
f 461 1001 2091
f 453 983 2037
f 451 978 1952
f 457 990 2056
f 460 996 2074
f 475 1026 2128
f 439 954 1966
f 496 1068 1988
f 533 1140 2222
f 551 1181 2293
f 579 1235 2185
f 483 1043 1879
f 426 929 1893
f 521 1121 2271
f 566 1211 2307
f 489 1055 2163
f 578 1230 2150
f 560 1194 2006
f 518 1110 2204
f 429 935 1911
f 547 1169 2131
f 465 1007 1969
f 441 959 1983
f 504 1085 2217
f 537 1152 2290
f 550 1176 2168
f 476 1031 2145
f 444 965 2001
f 502 1079 2199
f 526 1128 1916
f 481 1038 1808
f 420 917 1789
f 510 1097 1825
f 555 1187 1843
f 571 1218 1862
f 540 1157 1933
f 473 1020 2110
f 447 972 2020
f 507 1092 2236
f 534 1145 2257
f 469 1014 2042
f 435 947 1947
f 498 1073 2059
f 529 1133 2077
f 545 1164 2096
f 487 1049 2113
f 574 1223 2023
f 562 1199 2239
f 520 1116 2254
f 432 942 1930
f 589 1283 1818
f 583 1259 1798
f 586 1295 1834
f 593 1313 1852
f 596 1331 1872
f 599 1379 1942
f 633 1541 2120
f 620 1452 2030
f 640 1578 2248
f 603 1368 2263
f 622 1487 2052
f 607 1391 1955
f 612 1440 2065
f 626 1511 2086
f 629 1529 2106
f 631 1547 2122
f 614 1469 2032
f 618 1458 2245
f 641 1584 2266
f 605 1362 1940
f 409 1269 1813
f 405 1245 1792
f 411 1252 1828
f 414 1288 1846
f 417 1306 1867
f 431 1336 1936
f 488 1551 2123
f 575 1473 2033
f 563 1599 2249
f 519 1354 2260
f 454 1479 2049
f 450 1401 1959
f 456 1408 2062
f 459 1492 2080
f 462 1504 2101
f 472 1533 2116
f 446 1414 2026
f 506 1444 2242
f 535 1594 2267
f 541 1383 1943
f 570 1323 1869
f 480 1275 1815
f 421 1263 1799
f 511 1299 1835
f 556 1317 1853
f 484 1341 1889
f 580 1564 2195
f 567 1462 2319
f 522 1588 2283
f 427 1347 1905
f 544 1521 2103
f 468 1420 2046
f 436 1395 1957
f 499 1497 2069
f 530 1515 2087
f 548 1557 2141
f 466 1425 1979
f 442 1431 1993
f 505 1570 2229
f 536 1372 2296
f 491 1282 2188
f 423 1258 1882
f 513 1294 1902
f 564 1312 2280
f 581 1330 2316
f 549 1378 2172
f 477 1540 2157
f 445 1449 2011
f 503 1575 2209
f 525 1365 1923
f 474 1486 2134
f 438 1390 1972
f 495 1437 1995
f 532 1510 2226
f 552 1528 2303
f 490 1546 2175
f 577 1468 2154
f 559 1455 2013
f 517 1581 2211
f 430 1359 1921
f 590 1272 1865
f 584 1248 1811
f 585 1253 1796
f 592 1289 1832
f 595 1307 1850
f 598 1337 1888
f 636 1554 2194
f 621 1476 2322
f 642 1602 2286
f 601 1355 1908
f 623 1482 2099
f 611 1404 2045
f 609 1409 1962
f 625 1493 2068
f 628 1505 2084
f 632 1536 2140
f 613 1415 1976
f 616 1445 1998
f 638 1595 2232
f 606 1386 2299
f 407 909 2330
f 403 891 2324
f 404 886 2325
f 410 898 2332
f 413 904 2335
f 422 922 2344
f 486 1060 2410
f 573 1240 2497
f 561 1204 2486
f 512 1102 2434
f 452 999 2375
f 448 981 2369
f 449 976 2370
f 455 988 2377
f 458 994 2380
f 470 1024 2393
f 437 952 2359
f 494 1066 2415
f 531 1138 2455
f 539 1179 2461
f 568 1233 2489
f 478 1041 2399
f 419 927 2341
f 509 1119 2431
f 554 1209 2476
f 482 1053 2405
f 576 1228 2500
f 558 1192 2481
f 516 1108 2439
f 425 933 2348
f 542 1167 2465
f 463 1005 2383
f 434 957 2356
f 497 1083 2420
f 528 1150 2452
f 546 1174 2471
f 464 1029 2386
f 440 963 2363
f 500 1077 2422
f 524 1126 2445
f 479 1036 2400
f 418 915 2338
f 508 1095 2428
f 553 1185 2473
f 569 1216 2490
f 538 1155 2458
f 471 1018 2394
f 443 970 2366
f 501 1090 2425
f 523 1143 2444
f 467 1012 2389
f 433 945 2353
f 493 1071 2414
f 527 1131 2449
f 543 1162 2466
f 485 1047 2407
f 572 1221 2494
f 557 1197 2480
f 515 1114 2438
f 428 940 2351
f 591 1284 2510
f 587 1260 2504
f 588 1296 2508
f 594 1314 2514
f 597 1332 2517
f 600 1380 2520
f 634 1542 2554
f 619 1451 2539
f 639 1577 2560
f 602 1367 2523
f 624 1488 2543
f 608 1392 2527
f 610 1439 2532
f 627 1512 2547
f 630 1530 2550
f 635 1548 2552
f 615 1470 2535
f 617 1457 2538
f 637 1583 2558
f 604 1361 2524
f 167 1616 1607
f 164 1608 1603
f 163 1606 1604
f 165 1612 1610
f 166 1615 1613
f 169 1624 1622
f 192 1692 1686
f 222 1782 1773
f 216 1765 1761
f 199 1714 1712
f 182 1661 1652
f 179 1653 1648
f 178 1651 1649
f 180 1657 1655
f 181 1660 1658
f 186 1675 1670
f 174 1639 1637
f 193 1696 1694
f 205 1733 1731
f 212 1751 1739
f 221 1779 1768
f 189 1683 1678
f 170 1626 1619
f 202 1721 1709
f 217 1766 1754
f 191 1689 1682
f 220 1778 1776
f 214 1760 1758
f 200 1718 1716
f 171 1629 1625
f 210 1747 1742
f 183 1665 1663
f 175 1641 1634
f 196 1704 1697
f 207 1737 1728
f 211 1750 1746
f 187 1676 1664
f 176 1644 1640
f 195 1702 1700
f 203 1726 1724
f 188 1681 1679
f 168 1620 1618
f 198 1710 1708
f 213 1755 1753
f 218 1771 1769
f 208 1740 1738
f 185 1673 1671
f 177 1647 1643
f 197 1707 1701
f 206 1734 1723
f 184 1669 1667
f 173 1635 1633
f 194 1698 1693
f 204 1729 1727
f 209 1745 1743
f 190 1687 1685
f 219 1774 1772
f 215 1762 1757
f 201 1720 1715
f 172 1632 1628
f 357 2189 2187
f 255 1883 1881
f 262 1903 1899
f 388 2281 2277
f 400 2317 2313
f 352 2173 2169
f 347 2158 2156
f 298 2012 2010
f 364 2210 2208
f 269 1924 1917
f 339 2135 2133
f 285 1973 1971
f 293 1996 1989
f 370 2227 2223
f 396 2304 2300
f 353 2176 2174
f 346 2155 2151
f 299 2014 2007
f 365 2212 2205
f 268 1922 1920
f 249 1864 1855
f 231 1810 1801
f 226 1795 1784
f 238 1831 1820
f 244 1849 1838
f 257 1887 1874
f 359 2193 2180
f 402 2321 2310
f 390 2285 2274
f 264 1907 1896
f 327 2098 2089
f 309 2044 2035
f 282 1961 1950
f 317 2067 2054
f 322 2083 2072
f 341 2139 2126
f 286 1975 1964
f 294 1997 1986
f 372 2231 2220
f 394 2298 2291
f 358 2190 2183
f 256 1884 1877
f 261 1900 1891
f 387 2278 2269
f 399 2314 2305
f 351 2170 2161
f 348 2159 2148
f 300 2015 2004
f 366 2213 2202
f 267 1918 1909
f 340 2136 2129
f 287 1977 1967
f 291 1990 1981
f 369 2224 2215
f 395 2301 2288
f 354 2177 2166
f 345 2152 2143
f 297 2008 1999
f 363 2206 2197
f 270 1925 1914
f 234 1817 1806
f 227 1797 1787
f 239 1833 1823
f 245 1851 1841
f 252 1871 1860
f 275 1941 1931
f 334 2119 2108
f 304 2029 2018
f 377 2247 2234
f 382 2262 2255
f 312 2051 2040
f 279 1954 1945
f 316 2064 2057
f 323 2085 2075
f 330 2105 2094
f 335 2121 2111
f 305 2031 2021
f 376 2244 2237
f 383 2265 2252
f 274 1939 1928
f 232 1814 1812
f 225 1793 1791
f 237 1829 1827
f 243 1847 1845
f 250 1868 1866
f 273 1937 1935
f 336 2124 2118
f 306 2034 2028
f 378 2250 2246
f 381 2261 2259
f 311 2050 2048
f 281 1960 1953
f 315 2063 2061
f 321 2081 2079
f 328 2102 2100
f 333 2117 2115
f 303 2027 2025
f 375 2243 2241
f 384 2268 2264
f 276 1944 1938
f 229 1804 1802
f 223 1785 1783
f 235 1821 1819
f 241 1839 1837
f 247 1858 1856
f 271 1929 1927
f 332 2114 2112
f 302 2024 2022
f 374 2240 2238
f 379 2253 2251
f 307 2038 2036
f 278 1951 1949
f 313 2055 2053
f 319 2073 2071
f 325 2092 2090
f 331 2109 2107
f 301 2019 2017
f 373 2235 2233
f 380 2258 2256
f 272 1934 1932
f 248 1861 1859
f 230 1807 1805
f 224 1790 1788
f 236 1826 1824
f 242 1844 1842
f 254 1880 1878
f 356 2186 2184
f 397 2308 2306
f 385 2272 2270
f 259 1894 1892
f 326 2095 2093
f 308 2041 2039
f 277 1948 1946
f 314 2060 2058
f 320 2078 2076
f 338 2132 2130
f 284 1970 1968
f 289 1984 1982
f 367 2218 2216
f 391 2289 2287
f 355 2181 2179
f 253 1875 1873
f 260 1897 1895
f 386 2275 2273
f 398 2311 2309
f 350 2167 2165
f 343 2146 2144
f 295 2002 2000
f 361 2200 2198
f 266 1915 1913
f 337 2127 2125
f 283 1965 1963
f 290 1987 1985
f 368 2221 2219
f 392 2294 2292
f 349 2164 2162
f 344 2149 2147
f 296 2005 2003
f 362 2203 2201
f 265 1912 1910
f 251 1870 1863
f 233 1816 1809
f 228 1800 1794
f 240 1836 1830
f 246 1854 1848
f 258 1890 1886
f 360 2196 2192
f 401 2320 2318
f 389 2284 2282
f 263 1906 1904
f 329 2104 2097
f 310 2047 2043
f 280 1958 1956
f 318 2070 2066
f 324 2088 2082
f 342 2142 2138
f 288 1980 1974
f 292 1994 1992
f 371 2230 2228
f 393 2297 2295
f 409 2329 2331
f 405 2323 2327
f 411 2326 2328
f 414 2333 2334
f 417 2336 2337
f 431 2345 2346
f 488 2409 2412
f 575 2496 2499
f 563 2485 2487
f 519 2435 2436
f 454 2374 2376
f 450 2368 2372
f 456 2371 2373
f 459 2378 2379
f 462 2381 2382
f 472 2392 2396
f 446 2360 2361
f 506 2416 2418
f 535 2456 2457
f 541 2460 2463
f 570 2488 2492
f 480 2398 2402
f 421 2340 2343
f 511 2430 2433
f 556 2475 2478
f 484 2404 2406
f 580 2501 2502
f 567 2482 2484
f 522 2440 2442
f 427 2347 2349
f 544 2464 2468
f 468 2384 2387
f 436 2355 2358
f 499 2419 2421
f 530 2451 2454
f 548 2470 2472
f 466 2385 2388
f 442 2362 2364
f 505 2423 2426
f 536 2446 2448
f 491 2401 2403
f 423 2339 2342
f 513 2429 2432
f 564 2474 2477
f 581 2491 2493
f 549 2459 2462
f 477 2395 2397
f 445 2365 2367
f 503 2424 2427
f 525 2443 2447
f 474 2390 2391
f 438 2354 2357
f 495 2413 2417
f 532 2450 2453
f 552 2467 2469
f 490 2408 2411
f 577 2495 2498
f 559 2479 2483
f 517 2437 2441
f 430 2350 2352
f 590 2511 2509
f 584 2505 2503
f 585 2507 2506
f 592 2513 2512
f 595 2516 2515
f 598 2519 2518
f 636 2556 2555
f 621 2540 2541
f 642 2561 2562
f 601 2521 2522
f 623 2544 2542
f 611 2529 2528
f 609 2530 2531
f 625 2546 2545
f 628 2549 2548
f 632 2553 2551
f 613 2534 2533
f 616 2536 2537
f 638 2557 2559
f 606 2525 2526
f 1607 644 647
f 1603 643 644
f 1604 645 643
f 1610 646 645
f 1613 647 646
f 1622 652 649
f 1686 670 672
f 1773 699 702
f 1761 695 696
f 1712 681 679
f 1652 659 662
f 1648 658 659
f 1649 660 658
f 1655 661 660
f 1658 662 661
f 1670 665 666
f 1637 657 654
f 1694 677 673
f 1731 686 685
f 1739 688 692
f 1768 698 701
f 1678 668 669
f 1619 648 650
f 1709 678 682
f 1754 693 697
f 1682 669 671
f 1776 701 700
f 1758 697 694
f 1716 682 680
f 1625 650 651
f 1742 689 690
f 1663 664 663
f 1634 653 655
f 1697 674 676
f 1728 684 687
f 1746 690 691
f 1664 663 667
f 1640 655 656
f 1700 676 675
f 1724 687 683
f 1679 672 668
f 1618 649 648
f 1708 679 678
f 1753 696 693
f 1769 702 698
f 1738 691 688
f 1671 667 665
f 1643 656 657
f 1701 675 677
f 1723 683 686
f 1667 666 664
f 1633 654 653
f 1693 673 674
f 1727 685 684
f 1743 692 689
f 1685 671 670
f 1772 700 699
f 1757 694 695
f 1715 680 681
f 1628 651 652
f 2187 838 837
f 1881 736 735
f 1899 741 742
f 2277 867 868
f 2313 879 880
f 2169 831 832
f 2156 828 827
f 2010 780 778
f 2208 846 844
f 1917 747 749
f 2133 820 819
f 1971 767 765
f 1989 771 773
f 2223 849 850
f 2300 875 876
f 2174 834 833
f 2151 825 826
f 2007 777 779
f 2205 843 845
f 1920 750 748
f 1855 727 729
f 1801 709 711
f 1784 703 706
f 1820 715 718
f 1838 721 724
f 1874 733 737
f 2180 835 839
f 2310 878 882
f 2274 866 870
f 1896 740 744
f 2089 805 807
f 2035 787 789
f 1950 758 762
f 2054 793 797
f 2072 799 802
f 2126 817 821
f 1964 763 766
f 1986 770 774
f 2220 848 852
f 2291 872 874
f 2183 836 838
f 1877 734 736
f 1891 739 741
f 2269 865 867
f 2305 877 879
f 2161 829 831
f 2148 824 828
f 2004 776 780
f 2202 842 846
f 1909 745 747
f 2129 818 820
f 1967 764 767
f 1981 769 771
f 2215 847 849
f 2288 871 875
f 2166 830 834
f 2143 823 825
f 1999 775 777
f 2197 841 843
f 1914 746 750
f 1806 710 714
f 1787 704 707
f 1823 716 719
f 1841 722 725
f 1860 728 732
f 1931 752 755
f 2108 811 814
f 2018 781 784
f 2234 853 857
f 2255 860 862
f 2040 788 792
f 1945 757 759
f 2057 794 796
f 2075 800 803
f 2094 806 810
f 2111 812 815
f 2021 782 785
f 2237 854 856
f 2252 859 863
f 1928 751 754
f 1812 714 712
f 1791 707 705
f 1827 719 717
f 1845 725 723
f 1866 732 730
f 1935 755 753
f 2118 814 816
f 2028 784 786
f 2246 857 858
f 2259 862 861
f 2048 792 791
f 1953 759 761
f 2061 796 795
f 2079 803 801
f 2100 810 808
f 2115 815 813
f 2025 785 783
f 2241 856 855
f 2264 863 864
f 1938 754 756
f 1802 712 709
f 1783 705 703
f 1819 717 715
f 1837 723 721
f 1856 730 727
f 1927 753 751
f 2112 816 812
f 2022 786 782
f 2238 858 854
f 2251 861 859
f 2036 791 787
f 1949 761 758
f 2053 795 793
f 2071 801 799
f 2090 808 805
f 2107 813 811
f 2017 783 781
f 2233 855 853
f 2256 864 860
f 1932 756 752
f 1859 731 728
f 1805 713 710
f 1788 708 704
f 1824 720 716
f 1842 726 722
f 1878 738 734
f 2184 840 836
f 2306 881 877
f 2270 869 865
f 1892 743 739
f 2093 809 806
f 2039 790 788
f 1946 760 757
f 2058 798 794
f 2076 804 800
f 2130 822 818
f 1968 768 764
f 1982 772 769
f 2216 851 847
f 2287 873 871
f 2179 837 835
f 1873 735 733
f 1895 742 740
f 2273 868 866
f 2309 880 878
f 2165 832 830
f 2144 827 823
f 2000 778 775
f 2198 844 841
f 1913 749 746
f 2125 819 817
f 1963 765 763
f 1985 773 770
f 2219 850 848
f 2292 876 872
f 2162 833 829
f 2147 826 824
f 2003 779 776
f 2201 845 842
f 1910 748 745
f 1863 729 731
f 1809 711 713
f 1794 706 708
f 1830 718 720
f 1848 724 726
f 1886 737 738
f 2192 839 840
f 2318 882 881
f 2282 870 869
f 1904 744 743
f 2097 807 809
f 2043 789 790
f 1956 762 760
f 2066 797 798
f 2082 802 804
f 2138 821 822
f 1974 766 768
f 1992 774 772
f 2228 852 851
f 2295 874 873
f 2331 1270 1269
f 2327 1246 1245
f 2328 1251 1252
f 2334 1287 1288
f 2337 1305 1306
f 2346 1335 1336
f 2412 1552 1551
f 2499 1474 1473
f 2487 1600 1599
f 2436 1353 1354
f 2376 1480 1479
f 2372 1402 1401
f 2373 1407 1408
f 2379 1491 1492
f 2382 1503 1504
f 2396 1534 1533
f 2361 1413 1414
f 2418 1443 1444
f 2457 1593 1594
f 2463 1384 1383
f 2492 1324 1323
f 2402 1276 1275
f 2343 1264 1263
f 2433 1300 1299
f 2478 1318 1317
f 2406 1342 1341
f 2502 1563 1564
f 2484 1461 1462
f 2442 1587 1588
f 2349 1348 1347
f 2468 1522 1521
f 2387 1419 1420
f 2358 1396 1395
f 2421 1498 1497
f 2454 1516 1515
f 2472 1558 1557
f 2388 1426 1425
f 2364 1432 1431
f 2426 1569 1570
f 2448 1371 1372
f 2403 1281 1282
f 2342 1257 1258
f 2432 1293 1294
f 2477 1311 1312
f 2493 1329 1330
f 2462 1377 1378
f 2397 1539 1540
f 2367 1450 1449
f 2427 1576 1575
f 2447 1366 1365
f 2391 1485 1486
f 2357 1389 1390
f 2417 1438 1437
f 2453 1509 1510
f 2469 1527 1528
f 2411 1545 1546
f 2498 1467 1468
f 2483 1456 1455
f 2441 1582 1581
f 2352 1360 1359
f 2509 1271 1272
f 2503 1247 1248
f 2506 1254 1253
f 2512 1290 1289
f 2515 1308 1307
f 2518 1338 1337
f 2555 1553 1554
f 2541 1475 1476
f 2562 1601 1602
f 2522 1356 1355
f 2542 1481 1482
f 2528 1403 1404
f 2531 1410 1409
f 2545 1494 1493
f 2548 1506 1505
f 2551 1535 1536
f 2533 1416 1415
f 2537 1446 1445
f 2559 1596 1595
f 2526 1385 1386
f 1616 907 909
f 1608 889 891
f 1606 883 886
f 1612 895 898
f 1615 901 904
f 1624 919 922
f 1692 1057 1060
f 1782 1237 1240
f 1765 1201 1204
f 1714 1099 1102
f 1661 997 999
f 1653 979 981
f 1651 973 976
f 1657 985 988
f 1660 991 994
f 1675 1021 1024
f 1639 949 952
f 1696 1063 1066
f 1733 1135 1138
f 1751 1177 1179
f 1779 1231 1233
f 1683 1039 1041
f 1626 925 927
f 1721 1117 1119
f 1766 1207 1209
f 1689 1051 1053
f 1778 1225 1228
f 1760 1189 1192
f 1718 1105 1108
f 1629 931 933
f 1747 1165 1167
f 1665 1003 1005
f 1641 955 957
f 1704 1081 1083
f 1737 1147 1150
f 1750 1171 1174
f 1676 1027 1029
f 1644 961 963
f 1702 1075 1077
f 1726 1123 1126
f 1681 1033 1036
f 1620 913 915
f 1710 1093 1095
f 1755 1183 1185
f 1771 1213 1216
f 1740 1153 1155
f 1673 1015 1018
f 1647 967 970
f 1707 1087 1090
f 1734 1141 1143
f 1669 1009 1012
f 1635 943 945
f 1698 1069 1071
f 1729 1129 1131
f 1745 1159 1162
f 1687 1045 1047
f 1774 1219 1221
f 1762 1195 1197
f 1720 1111 1114
f 1632 937 940
f 2189 1280 1284
f 1883 1256 1260
f 1903 1292 1296
f 2281 1310 1314
f 2317 1328 1332
f 2173 1376 1380
f 2158 1538 1542
f 2012 1447 1451
f 2210 1573 1577
f 1924 1363 1367
f 2135 1484 1488
f 1973 1388 1392
f 1996 1435 1439
f 2227 1508 1512
f 2304 1526 1530
f 2176 1544 1548
f 2155 1466 1470
f 2014 1453 1457
f 2212 1579 1583
f 1922 1357 1361
f 1864 1268 1270
f 1810 1244 1246
f 1795 1249 1251
f 1831 1285 1287
f 1849 1303 1305
f 1887 1333 1335
f 2193 1550 1552
f 2321 1472 1474
f 2285 1598 1600
f 1907 1351 1353
f 2098 1478 1480
f 2044 1400 1402
f 1961 1405 1407
f 2067 1489 1491
f 2083 1501 1503
f 2139 1532 1534
f 1975 1411 1413
f 1997 1441 1443
f 2231 1591 1593
f 2298 1382 1384
f 2190 1322 1324
f 1884 1274 1276
f 1900 1262 1264
f 2278 1298 1300
f 2314 1316 1318
f 2170 1340 1342
f 2159 1561 1563
f 2015 1459 1461
f 2213 1585 1587
f 1918 1346 1348
f 2136 1520 1522
f 1977 1417 1419
f 1990 1394 1396
f 2224 1496 1498
f 2301 1514 1516
f 2177 1556 1558
f 2152 1424 1426
f 2008 1430 1432
f 2206 1567 1569
f 1925 1369 1371
f 1817 1279 1281
f 1797 1255 1257
f 1833 1291 1293
f 1851 1309 1311
f 1871 1327 1329
f 1941 1375 1377
f 2119 1537 1539
f 2029 1448 1450
f 2247 1574 1576
f 2262 1364 1366
f 2051 1483 1485
f 1954 1387 1389
f 2064 1436 1438
f 2085 1507 1509
f 2105 1525 1527
f 2121 1543 1545
f 2031 1465 1467
f 2244 1454 1456
f 2265 1580 1582
f 1939 1358 1360
f 1814 1267 1271
f 1793 1243 1247
f 1829 1250 1254
f 1847 1286 1290
f 1868 1304 1308
f 1937 1334 1338
f 2124 1549 1553
f 2034 1471 1475
f 2250 1597 1601
f 2261 1352 1356
f 2050 1477 1481
f 1960 1399 1403
f 2063 1406 1410
f 2081 1490 1494
f 2102 1502 1506
f 2117 1531 1535
f 2027 1412 1416
f 2243 1442 1446
f 2268 1592 1596
f 1944 1381 1385
f 1804 890 894
f 1785 884 887
f 1821 896 899
f 1839 902 905
f 1858 908 912
f 1929 938 941
f 2114 1046 1050
f 2024 1220 1224
f 2240 1196 1200
f 2253 1112 1115
f 2038 980 984
f 1951 974 977
f 2055 986 989
f 2073 992 995
f 2092 998 1002
f 2109 1016 1019
f 2019 968 971
f 2235 1088 1091
f 2258 1142 1146
f 1934 1154 1158
f 1861 1214 1217
f 1807 1034 1037
f 1790 914 918
f 1826 1094 1098
f 1844 1184 1188
f 1880 1040 1044
f 2186 1232 1236
f 2308 1208 1212
f 2272 1118 1122
f 1894 926 930
f 2095 1160 1163
f 2041 1010 1013
f 1948 944 948
f 2060 1070 1074
f 2078 1130 1134
f 2132 1166 1170
f 1970 1004 1008
f 1984 956 960
f 2218 1082 1086
f 2289 1148 1151
f 2181 1058 1061
f 1875 920 923
f 1897 1100 1103
f 2275 1202 1205
f 2311 1238 1241
f 2167 1172 1175
f 2146 1028 1032
f 2002 962 966
f 2200 1076 1080
f 1915 1124 1127
f 2127 1022 1025
f 1965 950 953
f 1987 1064 1067
f 2221 1136 1139
f 2294 1178 1182
f 2164 1052 1056
f 2149 1226 1229
f 2005 1190 1193
f 2203 1106 1109
f 1912 932 936
f 1870 1321 1325
f 1816 1273 1277
f 1800 1261 1265
f 1836 1297 1301
f 1854 1315 1319
f 1890 1339 1343
f 2196 1562 1566
f 2320 1460 1464
f 2284 1586 1590
f 1906 1345 1349
f 2104 1519 1523
f 2047 1418 1422
f 1958 1393 1397
f 2070 1495 1499
f 2088 1513 1517
f 2142 1555 1559
f 1980 1423 1427
f 1994 1429 1433
f 2230 1568 1572
f 2297 1370 1374
f 2329 894 892
f 2323 887 885
f 2326 899 897
f 2333 905 903
f 2336 912 910
f 2345 941 939
f 2409 1050 1048
f 2496 1224 1222
f 2485 1200 1198
f 2435 1115 1113
f 2374 984 982
f 2368 977 975
f 2371 989 987
f 2378 995 993
f 2381 1002 1000
f 2392 1019 1017
f 2360 971 969
f 2416 1091 1089
f 2456 1146 1144
f 2460 1158 1156
f 2488 1217 1215
f 2398 1037 1035
f 2340 918 916
f 2430 1098 1096
f 2475 1188 1186
f 2404 1044 1042
f 2501 1236 1234
f 2482 1212 1210
f 2440 1122 1120
f 2347 930 928
f 2464 1163 1161
f 2384 1013 1011
f 2355 948 946
f 2419 1074 1072
f 2451 1134 1132
f 2470 1170 1168
f 2385 1008 1006
f 2362 960 958
f 2423 1086 1084
f 2446 1151 1149
f 2401 1061 1059
f 2339 923 921
f 2429 1103 1101
f 2474 1205 1203
f 2491 1241 1239
f 2459 1175 1173
f 2395 1032 1030
f 2365 966 964
f 2424 1080 1078
f 2443 1127 1125
f 2390 1025 1023
f 2354 953 951
f 2413 1067 1065
f 2450 1139 1137
f 2467 1182 1180
f 2408 1056 1054
f 2495 1229 1227
f 2479 1193 1191
f 2437 1109 1107
f 2350 936 934
f 2511 1325 1326
f 2505 1277 1278
f 2507 1265 1266
f 2513 1301 1302
f 2516 1319 1320
f 2519 1343 1344
f 2556 1566 1565
f 2540 1464 1463
f 2561 1590 1589
f 2521 1349 1350
f 2544 1523 1524
f 2529 1422 1421
f 2530 1397 1398
f 2546 1499 1500
f 2549 1517 1518
f 2553 1559 1560
f 2534 1427 1428
f 2536 1433 1434
f 2557 1572 1571
f 2525 1374 1373
f 1609 892 889
f 1605 885 883
f 1611 897 895
f 1614 903 901
f 1617 910 907
f 1631 939 937
f 1688 1048 1045
f 1775 1222 1219
f 1763 1198 1195
f 1719 1113 1111
f 1654 982 979
f 1650 975 973
f 1656 987 985
f 1659 993 991
f 1662 1000 997
f 1672 1017 1015
f 1646 969 967
f 1706 1089 1087
f 1735 1144 1141
f 1741 1156 1153
f 1770 1215 1213
f 1680 1035 1033
f 1621 916 913
f 1711 1096 1093
f 1756 1186 1183
f 1684 1042 1039
f 1780 1234 1231
f 1767 1210 1207
f 1722 1120 1117
f 1627 928 925
f 1744 1161 1159
f 1668 1011 1009
f 1636 946 943
f 1699 1072 1069
f 1730 1132 1129
f 1748 1168 1165
f 1666 1006 1003
f 1642 958 955
f 1705 1084 1081
f 1736 1149 1147
f 1691 1059 1057
f 1623 921 919
f 1713 1101 1099
f 1764 1203 1201
f 1781 1239 1237
f 1749 1173 1171
f 1677 1030 1027
f 1645 964 961
f 1703 1078 1075
f 1725 1125 1123
f 1674 1023 1021
f 1638 951 949
f 1695 1065 1063
f 1732 1137 1135
f 1752 1180 1177
f 1690 1054 1051
f 1777 1227 1225
f 1759 1191 1189
f 1717 1107 1105
f 1630 934 931
f 2191 1326 1322
f 1885 1278 1274
f 1901 1266 1262
f 2279 1302 1298
f 2315 1320 1316
f 2171 1344 1340
f 2160 1565 1561
f 2016 1463 1459
f 2214 1589 1585
f 1919 1350 1346
f 2137 1524 1520
f 1978 1421 1417
f 1991 1398 1394
f 2225 1500 1496
f 2302 1518 1514
f 2178 1560 1556
f 2153 1428 1424
f 2009 1434 1430
f 2207 1571 1567
f 1926 1373 1369
f 1857 911 908
f 1803 893 890
f 1786 888 884
f 1822 900 896
f 1840 906 902
f 1876 924 920
f 2182 1062 1058
f 2312 1242 1238
f 2276 1206 1202
f 1898 1104 1100
f 2091 1001 998
f 2037 983 980
f 1952 978 974
f 2056 990 986
f 2074 996 992
f 2128 1026 1022
f 1966 954 950
f 1988 1068 1064
f 2222 1140 1136
f 2293 1181 1178
f 2185 1235 1232
f 1879 1043 1040
f 1893 929 926
f 2271 1121 1118
f 2307 1211 1208
f 2163 1055 1052
f 2150 1230 1226
f 2006 1194 1190
f 2204 1110 1106
f 1911 935 932
f 2131 1169 1166
f 1969 1007 1004
f 1983 959 956
f 2217 1085 1082
f 2290 1152 1148
f 2168 1176 1172
f 2145 1031 1028
f 2001 965 962
f 2199 1079 1076
f 1916 1128 1124
f 1808 1038 1034
f 1789 917 914
f 1825 1097 1094
f 1843 1187 1184
f 1862 1218 1214
f 1933 1157 1154
f 2110 1020 1016
f 2020 972 968
f 2236 1092 1088
f 2257 1145 1142
f 2042 1014 1010
f 1947 947 944
f 2059 1073 1070
f 2077 1133 1130
f 2096 1164 1160
f 2113 1049 1046
f 2023 1223 1220
f 2239 1199 1196
f 2254 1116 1112
f 1930 942 938
f 1818 1283 1279
f 1798 1259 1255
f 1834 1295 1291
f 1852 1313 1309
f 1872 1331 1327
f 1942 1379 1375
f 2120 1541 1537
f 2030 1452 1448
f 2248 1578 1574
f 2263 1368 1364
f 2052 1487 1483
f 1955 1391 1387
f 2065 1440 1436
f 2086 1511 1507
f 2106 1529 1525
f 2122 1547 1543
f 2032 1469 1465
f 2245 1458 1454
f 2266 1584 1580
f 1940 1362 1358
f 1813 1269 1267
f 1792 1245 1243
f 1828 1252 1250
f 1846 1288 1286
f 1867 1306 1304
f 1936 1336 1334
f 2123 1551 1549
f 2033 1473 1471
f 2249 1599 1597
f 2260 1354 1352
f 2049 1479 1477
f 1959 1401 1399
f 2062 1408 1406
f 2080 1492 1490
f 2101 1504 1502
f 2116 1533 1531
f 2026 1414 1412
f 2242 1444 1442
f 2267 1594 1592
f 1943 1383 1381
f 1869 1323 1321
f 1815 1275 1273
f 1799 1263 1261
f 1835 1299 1297
f 1853 1317 1315
f 1889 1341 1339
f 2195 1564 1562
f 2319 1462 1460
f 2283 1588 1586
f 1905 1347 1345
f 2103 1521 1519
f 2046 1420 1418
f 1957 1395 1393
f 2069 1497 1495
f 2087 1515 1513
f 2141 1557 1555
f 1979 1425 1423
f 1993 1431 1429
f 2229 1570 1568
f 2296 1372 1370
f 2188 1282 1280
f 1882 1258 1256
f 1902 1294 1292
f 2280 1312 1310
f 2316 1330 1328
f 2172 1378 1376
f 2157 1540 1538
f 2011 1449 1447
f 2209 1575 1573
f 1923 1365 1363
f 2134 1486 1484
f 1972 1390 1388
f 1995 1437 1435
f 2226 1510 1508
f 2303 1528 1526
f 2175 1546 1544
f 2154 1468 1466
f 2013 1455 1453
f 2211 1581 1579
f 1921 1359 1357
f 1865 1272 1268
f 1811 1248 1244
f 1796 1253 1249
f 1832 1289 1285
f 1850 1307 1303
f 1888 1337 1333
f 2194 1554 1550
f 2322 1476 1472
f 2286 1602 1598
f 1908 1355 1351
f 2099 1482 1478
f 2045 1404 1400
f 1962 1409 1405
f 2068 1493 1489
f 2084 1505 1501
f 2140 1536 1532
f 1976 1415 1411
f 1998 1445 1441
f 2232 1595 1591
f 2299 1386 1382
f 2330 909 911
f 2324 891 893
f 2325 886 888
f 2332 898 900
f 2335 904 906
f 2344 922 924
f 2410 1060 1062
f 2497 1240 1242
f 2486 1204 1206
f 2434 1102 1104
f 2375 999 1001
f 2369 981 983
f 2370 976 978
f 2377 988 990
f 2380 994 996
f 2393 1024 1026
f 2359 952 954
f 2415 1066 1068
f 2455 1138 1140
f 2461 1179 1181
f 2489 1233 1235
f 2399 1041 1043
f 2341 927 929
f 2431 1119 1121
f 2476 1209 1211
f 2405 1053 1055
f 2500 1228 1230
f 2481 1192 1194
f 2439 1108 1110
f 2348 933 935
f 2465 1167 1169
f 2383 1005 1007
f 2356 957 959
f 2420 1083 1085
f 2452 1150 1152
f 2471 1174 1176
f 2386 1029 1031
f 2363 963 965
f 2422 1077 1079
f 2445 1126 1128
f 2400 1036 1038
f 2338 915 917
f 2428 1095 1097
f 2473 1185 1187
f 2490 1216 1218
f 2458 1155 1157
f 2394 1018 1020
f 2366 970 972
f 2425 1090 1092
f 2444 1143 1145
f 2389 1012 1014
f 2353 945 947
f 2414 1071 1073
f 2449 1131 1133
f 2466 1162 1164
f 2407 1047 1049
f 2494 1221 1223
f 2480 1197 1199
f 2438 1114 1116
f 2351 940 942
f 2510 1284 1283
f 2504 1260 1259
f 2508 1296 1295
f 2514 1314 1313
f 2517 1332 1331
f 2520 1380 1379
f 2554 1542 1541
f 2539 1451 1452
f 2560 1577 1578
f 2523 1367 1368
f 2543 1488 1487
f 2527 1392 1391
f 2532 1439 1440
f 2547 1512 1511
f 2550 1530 1529
f 2552 1548 1547
f 2535 1470 1469
f 2538 1457 1458
f 2558 1583 1584
f 2524 1361 1362
f 1607 1616 1609
f 1603 1608 1605
f 1604 1606 1611
f 1610 1612 1614
f 1613 1615 1617
f 1622 1624 1631
f 1686 1692 1688
f 1773 1782 1775
f 1761 1765 1763
f 1712 1714 1719
f 1652 1661 1654
f 1648 1653 1650
f 1649 1651 1656
f 1655 1657 1659
f 1658 1660 1662
f 1670 1675 1672
f 1637 1639 1646
f 1694 1696 1706
f 1731 1733 1735
f 1739 1751 1741
f 1768 1779 1770
f 1678 1683 1680
f 1619 1626 1621
f 1709 1721 1711
f 1754 1766 1756
f 1682 1689 1684
f 1776 1778 1780
f 1758 1760 1767
f 1716 1718 1722
f 1625 1629 1627
f 1742 1747 1744
f 1663 1665 1668
f 1634 1641 1636
f 1697 1704 1699
f 1728 1737 1730
f 1746 1750 1748
f 1664 1676 1666
f 1640 1644 1642
f 1700 1702 1705
f 1724 1726 1736
f 1679 1681 1691
f 1618 1620 1623
f 1708 1710 1713
f 1753 1755 1764
f 1769 1771 1781
f 1738 1740 1749
f 1671 1673 1677
f 1643 1647 1645
f 1701 1707 1703
f 1723 1734 1725
f 1667 1669 1674
f 1633 1635 1638
f 1693 1698 1695
f 1727 1729 1732
f 1743 1745 1752
f 1685 1687 1690
f 1772 1774 1777
f 1757 1762 1759
f 1715 1720 1717
f 1628 1632 1630
f 2187 2189 2191
f 1881 1883 1885
f 1899 1903 1901
f 2277 2281 2279
f 2313 2317 2315
f 2169 2173 2171
f 2156 2158 2160
f 2010 2012 2016
f 2208 2210 2214
f 1917 1924 1919
f 2133 2135 2137
f 1971 1973 1978
f 1989 1996 1991
f 2223 2227 2225
f 2300 2304 2302
f 2174 2176 2178
f 2151 2155 2153
f 2007 2014 2009
f 2205 2212 2207
f 1920 1922 1926
f 1855 1864 1857
f 1801 1810 1803
f 1784 1795 1786
f 1820 1831 1822
f 1838 1849 1840
f 1874 1887 1876
f 2180 2193 2182
f 2310 2321 2312
f 2274 2285 2276
f 1896 1907 1898
f 2089 2098 2091
f 2035 2044 2037
f 1950 1961 1952
f 2054 2067 2056
f 2072 2083 2074
f 2126 2139 2128
f 1964 1975 1966
f 1986 1997 1988
f 2220 2231 2222
f 2291 2298 2293
f 2183 2190 2185
f 1877 1884 1879
f 1891 1900 1893
f 2269 2278 2271
f 2305 2314 2307
f 2161 2170 2163
f 2148 2159 2150
f 2004 2015 2006
f 2202 2213 2204
f 1909 1918 1911
f 2129 2136 2131
f 1967 1977 1969
f 1981 1990 1983
f 2215 2224 2217
f 2288 2301 2290
f 2166 2177 2168
f 2143 2152 2145
f 1999 2008 2001
f 2197 2206 2199
f 1914 1925 1916
f 1806 1817 1808
f 1787 1797 1789
f 1823 1833 1825
f 1841 1851 1843
f 1860 1871 1862
f 1931 1941 1933
f 2108 2119 2110
f 2018 2029 2020
f 2234 2247 2236
f 2255 2262 2257
f 2040 2051 2042
f 1945 1954 1947
f 2057 2064 2059
f 2075 2085 2077
f 2094 2105 2096
f 2111 2121 2113
f 2021 2031 2023
f 2237 2244 2239
f 2252 2265 2254
f 1928 1939 1930
f 1812 1814 1818
f 1791 1793 1798
f 1827 1829 1834
f 1845 1847 1852
f 1866 1868 1872
f 1935 1937 1942
f 2118 2124 2120
f 2028 2034 2030
f 2246 2250 2248
f 2259 2261 2263
f 2048 2050 2052
f 1953 1960 1955
f 2061 2063 2065
f 2079 2081 2086
f 2100 2102 2106
f 2115 2117 2122
f 2025 2027 2032
f 2241 2243 2245
f 2264 2268 2266
f 1938 1944 1940
f 1802 1804 1813
f 1783 1785 1792
f 1819 1821 1828
f 1837 1839 1846
f 1856 1858 1867
f 1927 1929 1936
f 2112 2114 2123
f 2022 2024 2033
f 2238 2240 2249
f 2251 2253 2260
f 2036 2038 2049
f 1949 1951 1959
f 2053 2055 2062
f 2071 2073 2080
f 2090 2092 2101
f 2107 2109 2116
f 2017 2019 2026
f 2233 2235 2242
f 2256 2258 2267
f 1932 1934 1943
f 1859 1861 1869
f 1805 1807 1815
f 1788 1790 1799
f 1824 1826 1835
f 1842 1844 1853
f 1878 1880 1889
f 2184 2186 2195
f 2306 2308 2319
f 2270 2272 2283
f 1892 1894 1905
f 2093 2095 2103
f 2039 2041 2046
f 1946 1948 1957
f 2058 2060 2069
f 2076 2078 2087
f 2130 2132 2141
f 1968 1970 1979
f 1982 1984 1993
f 2216 2218 2229
f 2287 2289 2296
f 2179 2181 2188
f 1873 1875 1882
f 1895 1897 1902
f 2273 2275 2280
f 2309 2311 2316
f 2165 2167 2172
f 2144 2146 2157
f 2000 2002 2011
f 2198 2200 2209
f 1913 1915 1923
f 2125 2127 2134
f 1963 1965 1972
f 1985 1987 1995
f 2219 2221 2226
f 2292 2294 2303
f 2162 2164 2175
f 2147 2149 2154
f 2003 2005 2013
f 2201 2203 2211
f 1910 1912 1921
f 1863 1870 1865
f 1809 1816 1811
f 1794 1800 1796
f 1830 1836 1832
f 1848 1854 1850
f 1886 1890 1888
f 2192 2196 2194
f 2318 2320 2322
f 2282 2284 2286
f 1904 1906 1908
f 2097 2104 2099
f 2043 2047 2045
f 1956 1958 1962
f 2066 2070 2068
f 2082 2088 2084
f 2138 2142 2140
f 1974 1980 1976
f 1992 1994 1998
f 2228 2230 2232
f 2295 2297 2299
f 2331 2329 2330
f 2327 2323 2324
f 2328 2326 2325
f 2334 2333 2332
f 2337 2336 2335
f 2346 2345 2344
f 2412 2409 2410
f 2499 2496 2497
f 2487 2485 2486
f 2436 2435 2434
f 2376 2374 2375
f 2372 2368 2369
f 2373 2371 2370
f 2379 2378 2377
f 2382 2381 2380
f 2396 2392 2393
f 2361 2360 2359
f 2418 2416 2415
f 2457 2456 2455
f 2463 2460 2461
f 2492 2488 2489
f 2402 2398 2399
f 2343 2340 2341
f 2433 2430 2431
f 2478 2475 2476
f 2406 2404 2405
f 2502 2501 2500
f 2484 2482 2481
f 2442 2440 2439
f 2349 2347 2348
f 2468 2464 2465
f 2387 2384 2383
f 2358 2355 2356
f 2421 2419 2420
f 2454 2451 2452
f 2472 2470 2471
f 2388 2385 2386
f 2364 2362 2363
f 2426 2423 2422
f 2448 2446 2445
f 2403 2401 2400
f 2342 2339 2338
f 2432 2429 2428
f 2477 2474 2473
f 2493 2491 2490
f 2462 2459 2458
f 2397 2395 2394
f 2367 2365 2366
f 2427 2424 2425
f 2447 2443 2444
f 2391 2390 2389
f 2357 2354 2353
f 2417 2413 2414
f 2453 2450 2449
f 2469 2467 2466
f 2411 2408 2407
f 2498 2495 2494
f 2483 2479 2480
f 2441 2437 2438
f 2352 2350 2351
f 2509 2511 2510
f 2503 2505 2504
f 2506 2507 2508
f 2512 2513 2514
f 2515 2516 2517
f 2518 2519 2520
f 2555 2556 2554
f 2541 2540 2539
f 2562 2561 2560
f 2522 2521 2523
f 2542 2544 2543
f 2528 2529 2527
f 2531 2530 2532
f 2545 2546 2547
f 2548 2549 2550
f 2551 2553 2552
f 2533 2534 2535
f 2537 2536 2538
f 2559 2557 2558
f 2526 2525 2524
