v -0.45859906 0.72120774 -0.00095476 0.501295 0.501294 0.501293
v 0.46220168 0.74359047 -0.00512028 0.501973 0.501972 0.501972
v -0.46671185 -0.74813998 -0.00279941 0.501538 0.501538 0.501538
v 0.47371817 -0.76866102 -0.00283747 0.501562 0.501562 0.501562
v 0.02460331 -0.58776611 0.86212087 0.510516 0.509439 0.508928
v 0.00008556 0.47882938 0.77739757 0.511141 0.511113 0.511098
v -0.00080980 -0.48506570 -0.77932775 0.511469 0.510966 0.510726
v 0.00017065 0.52670211 -0.85147035 0.508188 0.507208 0.506745
v 0.82497507 -0.00307882 -0.50051075 0.510672 0.510099 0.509827
v 0.80286729 0.00020365 0.49717337 0.508057 0.507929 0.507869
v -0.75589782 -0.00297756 -0.45909339 0.507237 0.506811 0.506604
v -0.77906185 -0.00051326 0.48060277 0.507966 0.507664 0.507522
v 0.02673947 0.87079501 -0.03207432 0.500478 0.500478 0.500478
v -0.25981531 0.65444082 0.42491385 0.503991 0.503990 0.503989
v -0.26081109 0.79615015 -0.50022554 0.506930 0.506265 0.505897
v -0.71209902 0.44042689 -0.26730749 0.513515 0.513393 0.513335
v -0.73153543 0.44898516 0.27217180 0.517302 0.517086 0.516984
v 0.26081401 0.65897119 0.42662308 0.503017 0.503017 0.503016
v 0.26758948 0.80299610 -0.50652856 0.509217 0.508633 0.508310
v 0.73176873 0.45245743 -0.29340842 0.513512 0.513414 0.513367
v 0.70963538 0.43735838 0.27574295 0.508823 0.508776 0.508754
v 0.01543797 -0.91134280 0.01333920 0.500237 0.500237 0.500237
v -0.32554427 -0.78110868 0.58816457 0.509926 0.509771 0.509699
v -0.27271327 -0.71031082 -0.43182188 0.502795 0.502787 0.502784
v -0.71124637 -0.43488622 -0.26757237 0.508964 0.508508 0.508285
v -0.73248386 -0.45775154 0.27340963 0.509612 0.508962 0.508652
v 0.33297586 -0.86368722 0.52863461 0.502018 0.501861 0.501786
v 0.27633980 -0.71156549 -0.44073159 0.502252 0.502246 0.502243
v 0.73159868 -0.45518911 -0.29277924 0.507844 0.507435 0.507240
v 0.71252209 -0.44045785 0.27709776 0.505088 0.504740 0.504577
v -0.00363576 -0.00606812 0.92395610 0.513244 0.512430 0.512047
v 0.44050714 -0.27985668 0.72423440 0.512659 0.512213 0.512003
v -0.45136267 -0.28332403 0.74101901 0.512395 0.511665 0.511321
v 0.44082937 0.27444917 0.72436869 0.513289 0.513137 0.513065
v -0.45248595 0.27973792 0.74297851 0.520745 0.520508 0.520395
v -0.00416634 0.01254637 -0.87099290 0.522445 0.518417 0.516255
v 0.46210065 -0.28123406 -0.74636251 0.522180 0.520859 0.520237
v -0.44421175 -0.27177036 -0.72574878 0.519637 0.518952 0.518629
v 0.47410169 0.29660287 -0.79630965 0.524364 0.522872 0.522100
v -0.44929892 0.28030229 -0.75648355 0.514698 0.513630 0.513076
v 0.91254187 0.00009047 -0.00299114 0.506896 0.506618 0.506483
v -0.89504761 0.00069764 0.00503115 0.514461 0.513703 0.513318
v -0.22151023 0.79833609 -0.01010992 0.500602 0.500602 0.500602
v -0.37078777 0.70342231 0.20034008 0.502665 0.502665 0.502665
v -0.39629644 0.76651305 -0.23296273 0.500919 0.500914 0.500912
v -0.60254312 0.61408782 -0.14304879 0.507232 0.506967 0.506823
v -0.60331416 0.60431379 0.12784852 0.508241 0.508129 0.508068
v 0.23289308 0.81913662 -0.01421063 0.500460 0.500460 0.500460
v 0.37127325 0.72220200 0.20077841 0.501647 0.501647 0.501647
v 0.40164065 0.76992041 -0.22915402 0.501163 0.501162 0.501162
v 0.60922396 0.63201737 -0.14195105 0.506736 0.506702 0.506684
v 0.60218555 0.62374574 0.13136649 0.505879 0.505831 0.505804
v -0.25590158 -0.87380493 -0.01371408 0.500823 0.500823 0.500823
v -0.40118739 -0.76941699 0.22598112 0.501272 0.501272 0.501272
v -0.42056882 -0.82672262 -0.24215800 0.501621 0.501621 0.501621
v -0.59621000 -0.61061382 -0.12726489 0.504212 0.504165 0.504143
v -0.60839331 -0.61876863 0.14180350 0.507428 0.507421 0.507417
v 0.25882471 -0.88625896 -0.01021536 0.500544 0.500544 0.500544
v 0.40656090 -0.79677451 0.23607294 0.501444 0.501444 0.501444
v 0.41968364 -0.83048540 -0.24287820 0.502445 0.502445 0.502445
v 0.61086434 -0.62595147 -0.14192598 0.502845 0.502774 0.502741
v 0.61355776 -0.64039946 0.13570182 0.505012 0.505000 0.504995
v -0.19722383 -0.81008613 0.82005376 0.509822 0.508786 0.508300
v 0.15840648 -0.70156163 0.72883725 0.502200 0.501908 0.501770
v -0.00113477 -0.27030501 0.92932945 0.509682 0.508695 0.508231
v 0.24419962 -0.43742526 0.84810573 0.509317 0.508270 0.507777
v -0.24034445 -0.42723408 0.84360629 0.497571 0.497521 0.497497
v -0.12914541 0.58113736 0.63226879 0.510389 0.510389 0.510389
v 0.12977487 0.57179201 0.62084377 0.510323 0.510323 0.510323
v 0.00039494 0.26536378 0.88262367 0.522878 0.522694 0.522608
v 0.21961181 0.39903381 0.78117919 0.512907 0.512646 0.512523
v -0.22483952 0.39770764 0.79437757 0.520380 0.520211 0.520131
v -0.13077487 -0.60757732 -0.64396977 0.504599 0.504547 0.504522
v 0.13970329 -0.62201703 -0.65190411 0.505348 0.505313 0.505297
v -0.00246644 -0.25966081 -0.86788815 0.522912 0.521219 0.520422
v 0.22747692 -0.40438223 -0.78418559 0.516931 0.515459 0.514766
v -0.21843234 -0.39862400 -0.78161919 0.518939 0.517974 0.517519
v -0.18738493 0.73302734 -0.75107926 0.512742 0.511335 0.510636
v 0.15658805 0.72908795 -0.74403334 0.513986 0.512487 0.511752
v 0.00142405 0.29719150 -0.97072440 0.520784 0.511327 0.506184
v 0.24000874 0.43633348 -0.85937315 0.515583 0.512972 0.511654
v -0.24084952 0.43959320 -0.86152238 0.513689 0.511604 0.510557
v 0.79672980 0.22481458 -0.41195273 0.515628 0.515169 0.514951
v 0.79670459 -0.22234514 -0.41057807 0.514040 0.513189 0.512789
v 0.66591132 -0.14506216 -0.63584757 0.522575 0.522034 0.521780
v 0.66938710 0.14413689 -0.64455259 0.520461 0.519021 0.518260
v 0.90156168 0.00045392 -0.27967301 0.514055 0.513503 0.513242
v 0.78344399 0.21877196 0.40825310 0.514082 0.514021 0.513993
v 0.78278458 -0.22088973 0.40644401 0.507954 0.507679 0.507550
v 0.63960481 -0.12967387 0.60587168 0.511669 0.511392 0.511261
v 0.64035273 0.12969051 0.60661674 0.513473 0.513142 0.512987
v 0.86508673 -0.00077442 0.26005879 0.506830 0.506441 0.506252
v -0.78051102 0.21966389 -0.38970497 0.514085 0.513559 0.513301
v -0.77557874 -0.21858118 -0.39047921 0.513472 0.512782 0.512457
v -0.63295257 -0.13534328 -0.60879332 0.516855 0.516541 0.516394
v -0.63240772 0.13663332 -0.61401695 0.510901 0.509844 0.509290
v -0.85154742 0.00121228 -0.24977252 0.513032 0.512724 0.512576
v -0.78290856 0.21579108 0.39578179 0.522411 0.522106 0.521962
v -0.78074586 -0.21630931 0.39611518 0.511840 0.511078 0.510720
v -0.65257859 -0.13601044 0.62757224 0.509614 0.509129 0.508901
v -0.65540135 0.13730468 0.62860972 0.522277 0.521732 0.521475
v -0.88292807 0.00009929 0.26180923 0.509783 0.509350 0.509129
v -0.11336528 0.76683867 0.20211056 0.500968 0.500968 0.500968
v -0.11783044 0.86368442 -0.25856662 0.500236 0.500236 0.500236
v 0.13004382 0.77519155 0.19764765 0.500511 0.500511 0.500511
v 0.12483124 0.87586784 -0.25526583 0.500325 0.500325 0.500325
v -0.51324672 0.57836032 0.37319526 0.511065 0.510718 0.510527
v 0.01206530 0.68748015 0.43462330 0.502418 0.502418 0.502418
v -0.38047695 0.51530015 0.60880369 0.514831 0.514289 0.513991
v -0.54303497 0.64662045 -0.42109808 0.517964 0.517560 0.517360
v 0.00183362 0.84088093 -0.51898164 0.507625 0.507403 0.507298
v -0.39256784 0.57513469 -0.65020096 0.509895 0.509268 0.508975
v -0.74815279 0.44816267 0.00203337 0.513974 0.513743 0.513635
v -0.60444093 0.38568872 -0.52168441 0.512467 0.512072 0.511887
v -0.84313101 0.23369868 -0.13382621 0.518125 0.517730 0.517544
v -0.61628413 0.39085022 0.53041238 0.519136 0.518779 0.518611
v -0.87112862 0.24140339 0.14080459 0.519734 0.519270 0.519051
v 0.52083910 0.59404558 0.38439614 0.505748 0.505587 0.505499
v 0.36934003 0.50458854 0.59151304 0.510480 0.510185 0.510023
v 0.54699326 0.64547014 -0.42739502 0.511710 0.511488 0.511383
v 0.41281244 0.57661438 -0.66375726 0.507592 0.507102 0.506870
v 0.75142676 0.45317170 -0.00504646 0.511797 0.511740 0.511713
v 0.63507503 0.40420893 -0.54865682 0.518335 0.517987 0.517823
v 0.85648191 0.23601389 -0.14721376 0.514608 0.514460 0.514390
v 0.61163855 0.38255575 0.51609361 0.511850 0.511609 0.511495
v 0.84655803 0.23184833 0.13233918 0.512629 0.512536 0.512493
v -0.11592288 -0.86302263 0.25289002 0.500151 0.500151 0.500151
v -0.15196224 -0.89121383 -0.24757774 0.503025 0.503025 0.503025
v 0.12915576 -0.89497375 0.30790994 0.500254 0.500254 0.500254
v 0.15092559 -0.88136750 -0.24288774 0.502441 0.502441 0.502441
v -0.54625064 -0.65931976 0.43177029 0.511961 0.511936 0.511925
v -0.01078732 -0.90428734 0.57018554 0.503443 0.503307 0.503242
v -0.43687361 -0.60214692 0.71187741 0.517000 0.516202 0.515827
v -0.50412881 -0.58064318 -0.36937562 0.507121 0.506959 0.506884
v 0.00410384 -0.74882138 -0.45938268 0.502396 0.502396 0.502396
v -0.37686282 -0.51235628 -0.60138190 0.513494 0.513158 0.513001
v -0.74748063 -0.44723669 0.00532280 0.510569 0.509844 0.509482
v -0.59417677 -0.37563574 -0.51130986 0.515125 0.514699 0.514498
v -0.84336710 -0.23350400 -0.13703446 0.514971 0.514359 0.514071
v -0.61404824 -0.39887416 0.53101677 0.511364 0.510414 0.509967
v -0.87147355 -0.24086529 0.14157337 0.514872 0.514171 0.513841
v 0.53373265 -0.64013439 0.41882363 0.505556 0.505495 0.505465
v 0.42573869 -0.59506541 0.69571579 0.511944 0.511626 0.511476
v 0.52507979 -0.59126765 -0.39100915 0.508187 0.508121 0.508090
v 0.39959174 -0.53729713 -0.62465262 0.517286 0.516804 0.516577
v 0.75489861 -0.45766103 -0.00335642 0.507855 0.507339 0.507076
v 0.62874657 -0.40029740 -0.54088026 0.518220 0.517743 0.517518
v 0.85689378 -0.23678434 -0.14490500 0.509328 0.508788 0.508534
v 0.61417705 -0.40150705 0.52482259 0.509440 0.509009 0.508807
v 0.84473777 -0.23461942 0.13326779 0.506360 0.506023 0.505863
v 0.24127446 -0.14183013 0.87563407 0.512716 0.511778 0.511336
v -0.24503452 -0.14197296 0.88798004 0.515903 0.514723 0.514168
v 0.24393192 0.13638206 0.87267047 0.519751 0.519332 0.519134
v -0.24842124 0.13993162 0.88291758 0.529821 0.529535 0.529401
v 0.46577889 -0.00099874 0.77471650 0.518563 0.518165 0.517978
v -0.47010517 0.00016830 0.79241836 0.512605 0.512154 0.511942
v 0.25513861 -0.14599766 -0.86783928 0.526691 0.525125 0.524387
v -0.23790993 -0.14530076 -0.86102247 0.522679 0.521959 0.521621
v 0.25957885 0.15256824 -0.91850996 0.523566 0.513008 0.507267
v -0.25215441 0.15611392 -0.90669370 0.521549 0.512453 0.507506
v 0.47234145 0.00007873 -0.77927977 0.522880 0.521401 0.520685
v -0.45563447 0.00516640 -0.75994200 0.517458 0.516640 0.516220
v -0.35880119 0.75817955 -0.00649629 0.500553 0.500553 0.500553
v -0.42125779 0.71566296 0.08944456 0.502131 0.502120 0.502114
v -0.43134588 0.73896676 -0.10620163 0.501549 0.501546 0.501545
v -0.52857995 0.66873169 -0.06810513 0.504135 0.504093 0.504070
v -0.52435720 0.66415715 0.05509452 0.505108 0.505103 0.505100
v 0.36263692 0.77972090 -0.00804471 0.500937 0.500937 0.500937
v 0.42247242 0.73807985 0.08582276 0.501838 0.501838 0.501838
v 0.43456310 0.75604075 -0.10225911 0.502118 0.502112 0.502109
v 0.53142756 0.69804984 -0.06590584 0.503934 0.503906 0.503891
v 0.52774251 0.69237751 0.05580839 0.503443 0.503432 0.503426
v -0.37822634 -0.81417549 -0.00798666 0.500857 0.500857 0.500857
v -0.44537365 -0.76655734 0.09728586 0.501392 0.501392 0.501392
v -0.43688217 -0.77979934 -0.10517415 0.503765 0.503765 0.503765
v -0.52748883 -0.68861634 -0.05786765 0.503466 0.503464 0.503463
v -0.54035008 -0.69526953 0.06420165 0.503750 0.503750 0.503749
v 0.38243085 -0.82957661 -0.00763355 0.501420 0.501420 0.501420
v 0.45275667 -0.79236722 0.09931038 0.502036 0.502036 0.502036
v 0.44186923 -0.79134285 -0.10809964 0.501073 0.501073 0.501073
v 0.53784484 -0.70670009 -0.06371076 0.503128 0.503127 0.503126
v 0.54503512 -0.71607006 0.06130442 0.502574 0.502574 0.502574
v -0.05852545 -0.77326471 0.89353096 0.536337 0.535452 0.535036
v 0.07916617 -0.62429732 0.84225929 0.506288 0.505931 0.505763
v -0.00322353 -0.41075587 0.87953109 0.507674 0.506672 0.506200
v 0.11527671 -0.49305275 0.85392320 0.508038 0.506997 0.506507
v -0.12161406 -0.50888276 0.86468250 0.510077 0.508876 0.508312
v -0.05986037 0.53060675 0.71783680 0.514089 0.514002 0.513955
v 0.06210630 0.52467406 0.70989269 0.514291 0.514089 0.513978
v 0.00081599 0.38888365 0.83294708 0.514216 0.513790 0.513590
v 0.10163746 0.44969830 0.79060572 0.515870 0.515491 0.515295
v -0.10544564 0.45006275 0.79489827 0.517559 0.517324 0.517202
v -0.05944626 -0.55324769 -0.73555630 0.511067 0.510666 0.510477
v 0.06631079 -0.56158930 -0.73272496 0.511926 0.511471 0.511257
v -0.00306598 -0.38452587 -0.82005972 0.518207 0.516804 0.516144
v 0.09978565 -0.45015380 -0.78335047 0.514633 0.513566 0.513064
v -0.10156795 -0.45126677 -0.79151660 0.514342 0.513382 0.512931
v -0.07207214 0.61229950 -0.79987895 0.496528 0.496169 0.495988
v 0.06938825 0.61326957 -0.80168736 0.503717 0.503012 0.502657
v 0.00013072 0.42337880 -0.91326934 0.514000 0.508547 0.505603
v 0.11073240 0.49003297 -0.86577088 0.506891 0.505570 0.504910
v -0.11098497 0.49527794 -0.86516142 0.506242 0.505008 0.504376
v 0.81297749 0.09846130 -0.45823407 0.517947 0.517264 0.516925
v 0.81299269 -0.10272785 -0.45855263 0.512404 0.511730 0.511414
v 0.73859036 -0.06633798 -0.55171049 0.519434 0.519050 0.518868
v 0.74954933 0.06256121 -0.56006634 0.517010 0.515973 0.515439
v 0.85166901 -0.00227739 -0.38615987 0.518478 0.517801 0.517471
v 0.80554849 0.10103405 0.46402693 0.512553 0.512394 0.512319
v 0.80556321 -0.10356778 0.46402505 0.509780 0.509637 0.509570
v 0.73494518 -0.06012437 0.54824549 0.512550 0.512452 0.512405
v 0.73501086 0.06035317 0.54799861 0.512533 0.512121 0.511906
v 0.83295339 -0.00108927 0.39409202 0.510963 0.510788 0.510702
v -0.77532542 0.10201068 -0.43037331 0.511327 0.510705 0.510393
v -0.77489859 -0.10670651 -0.43202055 0.510867 0.510383 0.510155
v -0.68815190 -0.06741907 -0.51803261 0.514130 0.514040 0.513998
v -0.70229602 0.06391332 -0.53258348 0.514079 0.513019 0.512484
v -0.81023312 -0.00248790 -0.36487785 0.513797 0.513214 0.512928
v -0.79197419 0.09763120 0.44681388 0.517361 0.516726 0.516427
v -0.78719777 -0.09776697 0.44608158 0.511430 0.510942 0.510711
v -0.72985774 -0.06171419 0.55728894 0.517304 0.516562 0.516213
v -0.73119974 0.06171063 0.55605245 0.514856 0.513949 0.513490
v -0.83365273 0.00040182 0.38035581 0.519252 0.518344 0.517893
v -0.09206188 0.84074950 -0.01992049 0.500608 0.500608 0.500608
v 0.11970478 0.85768515 -0.03005838 0.500198 0.500198 0.500198
v -0.03780396 0.82026398 0.08056693 0.500652 0.500652 0.500652
v -0.02870029 0.86905378 -0.13257073 0.500210 0.500210 0.500210
v 0.07627422 0.83203053 0.06881312 0.500655 0.500655 0.500655
v 0.07147747 0.89517492 -0.12785822 0.500164 0.500164 0.500164
v -0.31710136 0.68217969 0.31099403 0.503774 0.503774 0.503774
v -0.19740707 0.62012184 0.53639519 0.504930 0.504930 0.504930
v -0.19084707 0.71346736 0.31752917 0.501755 0.501755 0.501755
v -0.38643447 0.62078130 0.40566713 0.508626 0.508626 0.508626
v -0.12606794 0.67496926 0.43027610 0.502836 0.502836 0.502836
v -0.32362092 0.59227586 0.52123159 0.510635 0.510612 0.510599
v -0.35300675 0.79088056 -0.37185743 0.500655 0.500649 0.500646
v -0.21394199 0.73766553 -0.61727971 0.512007 0.509858 0.508683
v -0.20129773 0.85755157 -0.39050189 0.500384 0.500384 0.500384
v -0.46925899 0.75412428 -0.50666142 0.506376 0.506115 0.505982
v -0.20106526 0.99896950 -0.52733094 0.517019 0.515254 0.514282
v -0.36102083 0.73193610 -0.60783982 0.506963 0.506311 0.505974
v -0.65026402 0.53472394 -0.20367871 0.511444 0.511259 0.511169
v -0.75911546 0.32795653 -0.33277801 0.512410 0.512071 0.511911
v -0.62306798 0.53443110 -0.33375785 0.515234 0.515106 0.515047
v -0.73414344 0.44671190 -0.13675372 0.513862 0.513643 0.513540
v -0.67160022 0.42067099 -0.39809629 0.513848 0.513544 0.513401
v -0.78735512 0.34003514 -0.20279452 0.516907 0.516630 0.516500
v -0.68535072 0.55253023 0.20385978 0.512772 0.512314 0.512063
v -0.76384723 0.33636615 0.33875424 0.519830 0.519583 0.519467
v -0.63331628 0.52498406 0.32924548 0.515573 0.515304 0.515160
v -0.75741303 0.45696104 0.13985687 0.514789 0.514511 0.514378
v -0.67544013 0.42193767 0.40176982 0.515115 0.514691 0.514488
v -0.81185198 0.35140607 0.20649076 0.513249 0.512980 0.512854
v 0.31671387 0.69767433 0.31889349 0.502427 0.502427 0.502427
v 0.19681625 0.62120897 0.52624905 0.508275 0.508275 0.508275
v 0.19684163 0.72116780 0.32215059 0.501358 0.501358 0.501358
v 0.14399016 0.67652172 0.43264878 0.503026 0.503026 0.503026
v 0.38296714 0.63504004 0.41081709 0.505482 0.505482 0.505482
v 0.31538671 0.59667313 0.51424891 0.507921 0.507874 0.507848
v 0.35322198 0.78049028 -0.37182990 0.501112 0.501112 0.501112
v 0.23261520 0.80462921 -0.64142132 0.507514 0.504946 0.503535
v 0.18519109 0.84693235 -0.40041623 0.500521 0.500521 0.500521
v 0.20749252 0.99316752 -0.56598139 0.519860 0.516960 0.515361
v 0.46338639 0.73533970 -0.49583155 0.506052 0.505707 0.505532
v 0.36834982 0.70679331 -0.60415292 0.510155 0.509370 0.508989
v 0.67732000 0.55122697 -0.22033127 0.508868 0.508802 0.508771
v 0.77048576 0.33901638 -0.35803556 0.513454 0.513092 0.512921
v 0.63667923 0.53536952 -0.34967440 0.513791 0.513720 0.513687
v 0.74657077 0.45509353 -0.14875981 0.510952 0.510868 0.510828
v 0.68236327 0.42289558 -0.41491410 0.514695 0.514381 0.514233
v 0.80008209 0.34932393 -0.22350921 0.513693 0.513564 0.513502
v 0.65791023 0.53481311 0.20224199 0.506968 0.506923 0.506901
v 0.75257814 0.33130080 0.34425229 0.512115 0.512063 0.512038
v 0.62912881 0.52996629 0.34287372 0.509474 0.509374 0.509319
v 0.73735619 0.44612515 0.13468267 0.508592 0.508542 0.508518
v 0.68258953 0.43043140 0.41550937 0.510087 0.509924 0.509847
v 0.78478730 0.34043616 0.20443651 0.510060 0.509968 0.509925
v -0.12257877 -0.89688015 -0.00188583 0.500292 0.500292 0.500292
v 0.13089174 -0.91075861 0.00581423 0.500092 0.500092 0.500092
v -0.04371785 -0.90826637 0.12219590 0.500080 0.500080 0.500080
v -0.07392803 -0.88032025 -0.10125937 0.500208 0.500208 0.500208
v 0.06822482 -0.92215347 0.12045199 0.500011 0.500011 0.500011
v 0.07829881 -0.88771576 -0.10011098 0.500112 0.500112 0.500112
v -0.34096414 -0.75836515 0.37142840 0.502110 0.502110 0.502110
v -0.25132456 -0.81054837 0.65861291 0.504552 0.503933 0.503642
v -0.20619296 -0.82310438 0.40783826 0.500901 0.500898 0.500896
v -0.39167482 -0.70669907 0.49803266 0.516100 0.515987 0.515934
v -0.37167069 -0.94427758 0.67839807 0.537157 0.537083 0.537049
v -0.38245893 -0.72968787 0.63852137 0.505528 0.505171 0.505003
v -0.35250247 -0.78304195 -0.34484059 0.503414 0.503409 0.503407
v -0.20093872 -0.65368438 -0.53885585 0.503125 0.503115 0.503110
v -0.22369854 -0.81803954 -0.35354954 0.501725 0.501725 0.501725
v -0.38450965 -0.64156014 -0.40064538 0.504957 0.504874 0.504834
v -0.14032747 -0.73782611 -0.44662869 0.503289 0.503289 0.503289
v -0.32744631 -0.60771120 -0.51841295 0.505781 0.505695 0.505655
v -0.65440756 -0.52410173 -0.20097680 0.507362 0.507148 0.507048
v -0.75172496 -0.32801160 -0.33208179 0.511784 0.511214 0.510945
v -0.62011951 -0.51317084 -0.32304144 0.509675 0.509337 0.509179
v -0.73189533 -0.44031307 -0.13707975 0.510813 0.510499 0.510351
v -0.66545713 -0.41344649 -0.39123857 0.513562 0.513005 0.512743
v -0.78581113 -0.33912244 -0.20726678 0.514224 0.513730 0.513498
v -0.67721391 -0.54938716 0.21015631 0.505312 0.505193 0.505135
v -0.76095605 -0.33771014 0.33665282 0.512129 0.511339 0.510967
v -0.64739442 -0.55403972 0.34073719 0.513088 0.512797 0.512657
v -0.74993557 -0.45657262 0.14581645 0.510907 0.510433 0.510205
v -0.67565960 -0.43188843 0.40328893 0.511725 0.510945 0.510574
v -0.81018108 -0.35698584 0.20834431 0.513548 0.512897 0.512591
v 0.35348120 -0.82477278 0.40678594 0.503321 0.503318 0.503317
v 0.23572622 -0.75539762 0.61245185 0.502130 0.501846 0.501712
v 0.16224408 -0.94701016 0.62186813 0.517096 0.517078 0.517069
v 0.16735123 -0.89137906 0.52737725 0.501435 0.501247 0.501158
v 0.40411946 -0.77443647 0.53442800 0.510221 0.510214 0.510211
v 0.38961563 -0.75258756 0.66167843 0.506068 0.505791 0.505661
v 0.35101393 -0.78457755 -0.34762883 0.502737 0.502728 0.502724
v 0.20985731 -0.66984904 -0.55275267 0.504987 0.504970 0.504962
v 0.21914619 -0.81022835 -0.35108268 0.502539 0.502539 0.502539
v 0.14321023 -0.73974055 -0.45451567 0.504348 0.504348 0.504348
v 0.40160340 -0.65491706 -0.42095733 0.503763 0.503711 0.503687
v 0.34178382 -0.62369889 -0.53725713 0.508615 0.508485 0.508422
v 0.67914373 -0.54704559 -0.22062461 0.504965 0.504712 0.504593
v 0.76725894 -0.33826983 -0.35294077 0.511823 0.511179 0.510876
v 0.63689411 -0.52611136 -0.34650964 0.510046 0.509735 0.509590
v 0.74894798 -0.45585576 -0.14882003 0.506704 0.506364 0.506204
v 0.68176931 -0.42771825 -0.41231498 0.514954 0.514366 0.514084
v 0.80162126 -0.35070628 -0.22167492 0.509523 0.509058 0.508839
v 0.66449541 -0.54393506 0.20735078 0.503337 0.503215 0.503154
v 0.75211948 -0.33375457 0.34330440 0.507373 0.507008 0.506836
v 0.63075256 -0.53813720 0.34954068 0.507816 0.507540 0.507405
v 0.73938119 -0.44812775 0.13577038 0.504735 0.504417 0.504262
v 0.68257815 -0.43485907 0.41777945 0.508372 0.508044 0.507889
v 0.78229910 -0.34182715 0.20401040 0.505989 0.505615 0.505438
v -0.00239025 -0.15232144 0.95117790 0.513501 0.512298 0.511732
v -0.00128041 0.13302198 0.91891247 0.524214 0.523922 0.523786
v 0.12028293 -0.07357847 0.91382217 0.514644 0.513640 0.513167
v -0.12452078 -0.07647043 0.91602796 0.513122 0.512271 0.511870
v 0.12135836 0.06368977 0.90993923 0.520654 0.520079 0.519809
v -0.12536119 0.06655601 0.91203493 0.526102 0.525655 0.525444
v 0.34220669 -0.35814038 0.78872740 0.510689 0.509985 0.509654
v 0.54340273 -0.20234525 0.66776931 0.508468 0.508274 0.508183
v 0.42425397 -0.42824742 0.68804878 0.510739 0.510186 0.509926
v 0.52298224 -0.34242347 0.62369019 0.510978 0.510545 0.510341
v 0.35648516 -0.21301097 0.81963277 0.511534 0.510779 0.510424
v 0.46073776 -0.13922535 0.76396275 0.514819 0.514416 0.514226
v -0.34678248 -0.35686868 0.79390860 0.506059 0.505820 0.505707
v -0.55607522 -0.20917942 0.68625265 0.512275 0.511480 0.511107
v -0.44043383 -0.43345201 0.71025574 0.513688 0.512723 0.512269
v -0.53812897 -0.34914961 0.64350271 0.513125 0.512187 0.511746
v -0.35888341 -0.21431954 0.83143228 0.514906 0.513960 0.513516
v -0.46710724 -0.14335382 0.78199083 0.517048 0.516049 0.515579
v 0.33420169 0.33908948 0.76203233 0.510853 0.510339 0.510097
v 0.54605341 0.20099229 0.66996312 0.512087 0.511985 0.511936
v 0.41183227 0.39277291 0.66245556 0.509771 0.509383 0.509196
v 0.52366596 0.32884777 0.62108791 0.512175 0.511936 0.511824
v 0.35689503 0.21008143 0.81105101 0.518841 0.518498 0.518337
v 0.46028498 0.13786271 0.76195198 0.517874 0.517585 0.517449
v -0.34153554 0.34600124 0.78470367 0.519363 0.518894 0.518673
v -0.56023008 0.21011023 0.68878174 0.523500 0.523162 0.523003
v -0.42347354 0.40556148 0.68091810 0.516075 0.515797 0.515663
v -0.53780180 0.33987179 0.63814342 0.520534 0.520306 0.520199
v -0.36159313 0.21641825 0.83458489 0.528948 0.528758 0.528669
v -0.46882510 0.14347149 0.78340375 0.525877 0.525499 0.525321
v -0.00089162 -0.13503055 -0.88231468 0.522458 0.521361 0.520846
v 0.00006768 0.15154295 -0.94925392 0.523396 0.512545 0.506644
v 0.12503724 -0.06533620 -0.87885845 0.526526 0.524780 0.523958
v -0.12592471 -0.06845720 -0.86622584 0.525795 0.524408 0.523756
v 0.12767686 0.07985008 -0.91497397 0.520562 0.510706 0.505346
v -0.12620546 0.08038594 -0.91592503 0.520463 0.511544 0.506693
v 0.34768054 -0.34475282 -0.77018440 0.523115 0.521798 0.521179
v 0.57604539 -0.21522158 -0.71030515 0.524202 0.523274 0.522837
v 0.43635920 -0.41292620 -0.68741798 0.520068 0.519185 0.518770
v 0.55258167 -0.34880292 -0.65825212 0.520218 0.519150 0.518647
v 0.37028781 -0.21450800 -0.82295293 0.529217 0.527626 0.526877
v 0.47531837 -0.15012322 -0.77574819 0.524859 0.523469 0.522817
v -0.33062389 -0.33546346 -0.75506270 0.518441 0.517691 0.517337
v -0.53966582 -0.20346642 -0.67161804 0.517304 0.516739 0.516472
v -0.41470227 -0.40016797 -0.66949832 0.516821 0.516253 0.515986
v -0.51951879 -0.32773572 -0.62448621 0.516036 0.515321 0.514984
v -0.35142201 -0.20600209 -0.80605501 0.524836 0.523961 0.523549
v -0.45493966 -0.14422001 -0.75535047 0.518923 0.518550 0.518375
v 0.36406577 0.37172389 -0.83507431 0.514529 0.512783 0.511899
v 0.57490754 0.22295988 -0.72075969 0.520954 0.519630 0.518931
v 0.44912228 0.43307981 -0.73053676 0.516818 0.516137 0.515816
v 0.55805945 0.35523999 -0.67497605 0.518735 0.518258 0.518032
v 0.37661397 0.22901636 -0.86557364 0.516659 0.511474 0.508656
v 0.48257804 0.15871836 -0.80788279 0.525748 0.522885 0.521339
v -0.35428327 0.36093900 -0.82986474 0.512713 0.511652 0.511117
v -0.54668093 0.20774911 -0.68899190 0.514177 0.513058 0.512472
v -0.42108810 0.41898668 -0.70269597 0.511666 0.511147 0.510902
v -0.52585602 0.33402494 -0.64007825 0.511863 0.511365 0.511130
v -0.38690925 0.22293831 -0.90821522 0.519198 0.515064 0.512817
v -0.46754566 0.15526101 -0.78801054 0.521153 0.519017 0.517865
v 0.90507364 0.00060251 -0.14077738 0.507854 0.507357 0.507118
v 0.89336151 -0.00129479 0.12856965 0.508250 0.507856 0.507669
v 0.89540434 0.11842342 -0.07396671 0.513133 0.512781 0.512615
v 0.89457017 0.11867571 0.06242143 0.513053 0.512727 0.512565
v 0.89470130 -0.11880338 -0.07162499 0.508296 0.507908 0.507726
v 0.89457053 -0.12170661 0.06350149 0.506109 0.505962 0.505893
v -0.87515771 0.00106391 -0.12764977 0.511890 0.511235 0.510909
v -0.90963101 0.00117678 0.13716947 0.516509 0.515758 0.515404
v -0.87749940 0.11988987 -0.06267068 0.515543 0.515009 0.514755
v -0.89711481 0.12123691 0.07214934 0.518553 0.518110 0.517896
v -0.88046098 -0.11955526 -0.06431192 0.509690 0.509596 0.509551
v -0.89763921 -0.12003119 0.07187012 0.517051 0.516789 0.516666
v -0.29575139 0.75498605 0.09862374 0.500872 0.500872 0.500872
v -0.30736127 0.78790098 -0.12156127 0.500508 0.500508 0.500508
v -0.16323480 0.79093504 0.09509397 0.500554 0.500554 0.500554
v -0.16882417 0.83403814 -0.12995689 0.500256 0.500256 0.500256
v -0.50006878 0.66811782 0.17714417 0.505878 0.505854 0.505841
v -0.24243088 0.73845959 0.20781860 0.501094 0.501094 0.501094
v -0.44463280 0.65024459 0.28971681 0.506749 0.506699 0.506671
v -0.51162791 0.69617337 -0.20133674 0.504470 0.504440 0.504423
v -0.25904199 0.82261348 -0.24968165 0.500136 0.500136 0.500136
v -0.48991740 0.72467595 -0.35138741 0.507408 0.507277 0.507206
v -0.60725141 0.59923589 -0.00583149 0.509398 0.509369 0.509352
v -0.57319874 0.62768298 -0.27723742 0.509312 0.509192 0.509127
v -0.67904001 0.53520781 -0.07237357 0.510266 0.509922 0.509737
v -0.57195216 0.60306299 0.25258163 0.510387 0.510347 0.510325
v -0.68367708 0.53522933 0.06739822 0.511823 0.511579 0.511446
v 0.29755560 0.77430528 0.09305495 0.500879 0.500879 0.500879
v 0.31469706 0.80968863 -0.11502716 0.500412 0.500412 0.500412
v 0.17589623 0.80562353 0.08413447 0.500202 0.500202 0.500202
v 0.17634523 0.85434985 -0.12263915 0.500064 0.500064 0.500064
v 0.49838436 0.68336481 0.17771676 0.503186 0.503184 0.503182
v 0.24515592 0.75249779 0.20523036 0.501347 0.501347 0.501347
v 0.44848245 0.66759765 0.30045331 0.503157 0.503150 0.503146
v 0.51567692 0.70828152 -0.19829351 0.505729 0.505697 0.505680
v 0.26393911 0.82383639 -0.24159996 0.500156 0.500156 0.500156
v 0.49123156 0.71599394 -0.34560937 0.509433 0.509326 0.509267
v 0.61488694 0.62698495 -0.00472270 0.505092 0.505001 0.504951
v 0.58578032 0.64046502 -0.28488922 0.507701 0.507620 0.507576
v 0.68798238 0.54915112 -0.07617963 0.508386 0.508339 0.508317
v 0.56957805 0.61512226 0.26424021 0.506041 0.506034 0.506031
v 0.68661022 0.54745400 0.06400278 0.507001 0.506942 0.506912
v -0.32021254 -0.81621134 0.10750346 0.500804 0.500804 0.500804
v -0.35212013 -0.92093682 -0.12647031 0.506560 0.506560 0.506560
v -0.18328661 -0.86210263 0.11363011 0.500249 0.500249 0.500249
v -0.21195853 -0.94986516 -0.12902774 0.500039 0.500039 0.500039
v -0.52307397 -0.71528953 0.19446753 0.504836 0.504836 0.504836
v -0.26081359 -0.81473267 0.24300447 0.500236 0.500236 0.500236
v -0.48950788 -0.72263640 0.34027755 0.505626 0.505626 0.505626
v -0.48858285 -0.68758643 -0.18039662 0.502011 0.501999 0.501994
v -0.30984670 -0.93570131 -0.27463579 0.512121 0.512121 0.512121
v -0.44486135 -0.67857486 -0.29855382 0.501929 0.501889 0.501870
v -0.61066687 -0.61497307 0.00718636 0.505809 0.505783 0.505770
v -0.55705720 -0.59299254 -0.25089163 0.504872 0.504819 0.504793
v -0.67430389 -0.53380221 -0.06409614 0.509433 0.509318 0.509264
v -0.59546107 -0.64790720 0.27942511 0.507159 0.507159 0.507158
v -0.68031806 -0.53850347 0.07713924 0.508711 0.508594 0.508537
v 0.32214564 -0.83441806 0.11632187 0.500781 0.500781 0.500781
v 0.35368773 -0.92267054 -0.13225506 0.502172 0.502172 0.502172
v 0.18193938 -0.88116664 0.12504186 0.500153 0.500153 0.500153
v 0.21783786 -0.94537932 -0.13275947 0.500002 0.500002 0.500002
v 0.52809089 -0.73291409 0.19516151 0.503386 0.503386 0.503386
v 0.26189408 -0.84221977 0.28334248 0.501224 0.501224 0.501224
v 0.47815406 -0.73521823 0.33699226 0.504694 0.504694 0.504694
v 0.50615609 -0.70638764 -0.18945730 0.501903 0.501891 0.501886
v 0.30499253 -0.93591690 -0.27616689 0.513093 0.513093 0.513093
v 0.45606941 -0.68624252 -0.30759102 0.502472 0.502443 0.502429
v 0.62403995 -0.63258839 -0.00119043 0.504240 0.504214 0.504202
v 0.57364547 -0.61030918 -0.27196467 0.504383 0.504312 0.504279
v 0.68958092 -0.55090046 -0.07519801 0.506966 0.506863 0.506814
v 0.58071738 -0.63856727 0.27606615 0.503654 0.503651 0.503649
v 0.68824023 -0.55017978 0.06739429 0.507422 0.507359 0.507329
v -0.04956375 -0.71358979 0.75167763 0.505450 0.505400 0.505377
v -0.22451541 -0.58923572 0.83254814 0.507191 0.506211 0.505752
v -0.09293059 -0.86257565 0.72470319 0.503611 0.503519 0.503475
v -0.30130789 -0.66329843 0.71308279 0.505398 0.504679 0.504340
v 0.24648350 -0.68615961 0.82900089 0.519109 0.517405 0.516603
v 0.07675239 -0.79095465 0.62524712 0.502486 0.502330 0.502256
v 0.30631876 -0.66176701 0.71829045 0.503163 0.502741 0.502543
v 0.12050255 -0.34436306 0.88328034 0.509259 0.508290 0.507834
v -0.12416388 -0.34664282 0.88776934 0.502654 0.502193 0.501975
v 0.12104618 -0.20633736 0.91565293 0.510126 0.509073 0.508578
v -0.12911884 -0.20935141 0.93158352 0.510228 0.509104 0.508575
v 0.34357274 -0.52050453 0.77540714 0.506931 0.506187 0.505837
v 0.24111533 -0.28281507 0.86198962 0.509208 0.508337 0.507927
v -0.33538461 -0.50841600 0.76642394 0.511185 0.510118 0.509615
v -0.24111988 -0.28127214 0.86356997 0.500934 0.500837 0.500792
v 0.00445984 0.58701503 0.62852293 0.511430 0.511424 0.511420
v -0.18483713 0.50206500 0.71657443 0.518255 0.518246 0.518242
v -0.05982156 0.63608599 0.53849739 0.504919 0.504919 0.504919
v -0.25549707 0.55255657 0.62445879 0.513490 0.513454 0.513434
v 0.17994662 0.50595015 0.71055275 0.514679 0.514663 0.514656
v 0.07449717 0.62892413 0.53183872 0.504708 0.504708 0.504708
v 0.24658835 0.54643381 0.61053395 0.510199 0.510087 0.510025
v 0.11955062 0.33274207 0.84945101 0.515974 0.515887 0.515846
v -0.12750788 0.33295053 0.85571533 0.521456 0.521299 0.521226
v 0.12468031 0.20064488 0.89267534 0.520843 0.520480 0.520308
v -0.13005877 0.20630465 0.90000600 0.524310 0.524291 0.524282
v 0.29978514 0.45795396 0.69763261 0.513219 0.512898 0.512723
v 0.23904136 0.27301019 0.83601081 0.515599 0.515344 0.515224
v -0.30497375 0.46343794 0.71101701 0.519264 0.519064 0.518954
v -0.24505895 0.27439198 0.85120136 0.524656 0.524486 0.524406
v 0.00614640 -0.63651234 -0.65750593 0.505828 0.505827 0.505826
v -0.19105807 -0.51913118 -0.72592098 0.514529 0.514018 0.513778
v -0.06566660 -0.69265759 -0.55761266 0.503745 0.503745 0.503745
v -0.26448360 -0.56654578 -0.62902057 0.508129 0.507843 0.507708
v 0.19514203 -0.52830875 -0.72879589 0.514712 0.514069 0.513766
v 0.07323015 -0.69676000 -0.56236136 0.507003 0.507003 0.507003
v 0.27337182 -0.58213890 -0.63944846 0.506406 0.506090 0.505942
v 0.11655806 -0.32862473 -0.83119738 0.520868 0.519599 0.519002
v -0.11689847 -0.32918945 -0.83692038 0.520646 0.519619 0.519136
v 0.12526956 -0.20316344 -0.87804830 0.524951 0.523422 0.522702
v -0.12249031 -0.20575668 -0.88432157 0.524059 0.522814 0.522228
v 0.31843686 -0.47358426 -0.70999312 0.516884 0.515752 0.515219
v 0.24525183 -0.27401283 -0.83314586 0.521912 0.520214 0.519415
v -0.30403116 -0.46020165 -0.69803041 0.513325 0.512576 0.512223
v -0.23738314 -0.27304313 -0.83589113 0.522344 0.521102 0.520517
v -0.00148233 0.72661573 -0.73443705 0.506766 0.505939 0.505545
v -0.20829287 0.58202875 -0.78920186 0.517906 0.516239 0.515451
v -0.08626217 0.81282914 -0.63787735 0.503672 0.503195 0.502964
v -0.28830782 0.67017215 -0.71234566 0.513492 0.512205 0.511596
v 0.21444818 0.58543807 -0.80992883 0.517375 0.515492 0.514587
v 0.08789738 0.81351733 -0.64250511 0.502027 0.501763 0.501634
v 0.29678023 0.67208511 -0.72467607 0.509714 0.508534 0.507979
v 0.13333973 0.35666475 -0.93640035 0.518825 0.511685 0.507802
v -0.13373008 0.36441240 -0.94492799 0.519218 0.512003 0.508080
v 0.14354844 0.23081614 -0.97529638 0.526657 0.514040 0.507178
v -0.13942659 0.22647123 -0.97421825 0.525042 0.512411 0.505548
v 0.33489221 0.51618528 -0.77400720 0.509279 0.508242 0.507754
v 0.25627500 0.29826605 -0.91334921 0.516483 0.508585 0.504289
v -0.32135046 0.51332432 -0.76323646 0.509435 0.508635 0.508258
v -0.26490480 0.30267021 -0.92832124 0.513900 0.507368 0.503818
v 0.75272036 0.19676593 -0.53626972 0.520760 0.520243 0.519990
v 0.85655206 0.11191273 -0.34215313 0.514902 0.514283 0.513983
v 0.72928774 0.31869018 -0.48341027 0.518283 0.517914 0.517740
v 0.84019530 0.23758319 -0.29014343 0.515687 0.515527 0.515450
v 0.75123304 -0.19791991 -0.53454375 0.519456 0.519004 0.518792
v 0.85959095 -0.11411542 -0.34267303 0.514444 0.514157 0.514020
v 0.72846562 -0.31480843 -0.47749072 0.517990 0.517563 0.517362
v 0.84045333 -0.23821488 -0.28629249 0.512956 0.512534 0.512335
v 0.66080737 -0.00231786 -0.64167881 0.521668 0.520497 0.519906
v 0.65948594 -0.27521333 -0.60293102 0.520042 0.519496 0.519239
v 0.56855935 -0.07451178 -0.71413738 0.520970 0.520402 0.520133
v 0.66295546 0.27686790 -0.60860419 0.520245 0.519791 0.519573
v 0.56975394 0.07876447 -0.71819764 0.521189 0.519377 0.518438
v 0.88743967 0.11815231 -0.21410778 0.510252 0.509617 0.509308
v 0.88817132 -0.11792183 -0.21249563 0.510109 0.509580 0.509332
v 0.73272884 0.18945666 0.52158332 0.514135 0.514055 0.514017
v 0.83718157 0.11227569 0.33039278 0.511887 0.511730 0.511656
v 0.72247773 0.32089409 0.48047078 0.512620 0.512557 0.512527
v 0.81498063 0.22651675 0.27021760 0.511235 0.511150 0.511110
v 0.72999769 -0.18796054 0.51991558 0.511340 0.511264 0.511228
v 0.83568811 -0.11520240 0.33115819 0.506621 0.506361 0.506239
v 0.72122389 -0.32166305 0.47709972 0.509645 0.509382 0.509258
v 0.81306386 -0.22869381 0.26989797 0.506273 0.505956 0.505807
v 0.64685059 -0.00004325 0.62538993 0.514134 0.513650 0.513400
v 0.62804621 -0.26317149 0.56826985 0.511433 0.511089 0.510927
v 0.55978930 -0.06755500 0.70076931 0.509807 0.509632 0.509550
v 0.63102764 0.26007375 0.57010251 0.513736 0.513491 0.513376
v 0.55933607 0.06745185 0.70129871 0.513108 0.512736 0.512560
v 0.86905658 0.11546190 0.19721413 0.510947 0.510694 0.510570
v 0.86799109 -0.11847162 0.19756259 0.503737 0.503642 0.503598
v -0.71311754 0.18705164 -0.50854653 0.516405 0.515887 0.515633
v -0.82807124 0.11769909 -0.31402090 0.513985 0.513305 0.512963
v -0.70714760 0.30673534 -0.46130165 0.515632 0.515292 0.515133
v -0.82988352 0.23473604 -0.26582417 0.517134 0.516756 0.516568
v -0.70849019 -0.18672661 -0.50534254 0.515375 0.515104 0.514974
v -0.83385652 -0.11710260 -0.31856033 0.509249 0.509242 0.509239
v -0.69581479 -0.30253884 -0.45325887 0.515757 0.515351 0.515161
v -0.81981349 -0.23242633 -0.26600522 0.515033 0.514556 0.514331
v -0.62813151 0.00091440 -0.61436814 0.514501 0.513782 0.513411
v -0.61837757 -0.25743094 -0.56701422 0.516511 0.516038 0.515815
v -0.53429836 -0.06727000 -0.67647219 0.516845 0.516478 0.516305
v -0.62767953 0.25850651 -0.58101320 0.512747 0.512233 0.511988
v -0.54364920 0.07433964 -0.69229901 0.517892 0.516243 0.515370
v -0.85554188 0.12056279 -0.19150247 0.511970 0.511224 0.510831
v -0.85767233 -0.11846480 -0.19486570 0.511685 0.511459 0.511353
v -0.72417998 0.18614762 0.52107704 0.521319 0.520896 0.520695
v -0.84819490 0.11528657 0.32543778 0.515007 0.514699 0.514554
v -0.70664132 0.30766761 0.46687591 0.518076 0.517942 0.517878
v -0.84012306 0.23590091 0.26886410 0.516845 0.516426 0.516229
v -0.72136843 -0.18632494 0.52055055 0.511579 0.511231 0.511067
v -0.84676385 -0.11557021 0.32646957 0.513350 0.513085 0.512960
v -0.70294005 -0.30712813 0.46409091 0.513170 0.512421 0.512068
v -0.83840275 -0.23739079 0.27058160 0.514796 0.514201 0.513921
v -0.65735877 0.00047540 0.64377850 0.513452 0.512647 0.512240
v -0.63895869 -0.26764733 0.58428222 0.513104 0.512206 0.511783
v -0.56846499 -0.06955834 0.71741456 0.514797 0.513922 0.513511
v -0.64334577 0.27102521 0.58774447 0.522207 0.521865 0.521704
v -0.57103729 0.07216064 0.72069490 0.514279 0.513743 0.513491
v -0.89343143 0.12285270 0.20031650 0.515881 0.514983 0.514527
v -0.89125812 -0.12321725 0.20023540 0.510373 0.510131 0.510016
v 0.01443657 0.77820325 0.19062974 0.500811 0.500811 0.500811
v -0.05703929 0.72972339 0.31619769 0.502192 0.502192 0.502192
v 0.00523433 0.90424186 -0.25827685 0.500000 0.500000 0.500000
v -0.06697789 0.90447241 -0.40515894 0.500094 0.500093 0.500093
v 0.07614586 0.73181701 0.31732836 0.501827 0.501827 0.501827
v 0.07122972 0.90466410 -0.42306873 0.500450 0.500446 0.500444
v -0.45004320 0.55027157 0.49468216 0.514443 0.514432 0.514426
v -0.57305914 0.49716201 0.45732003 0.517691 0.517444 0.517316
v -0.50281543 0.45696002 0.57379651 0.518250 0.518018 0.517906
v -0.47933859 0.63421685 -0.53883249 0.508772 0.508027 0.507674
v -0.57216692 0.51845497 -0.46297887 0.513287 0.513050 0.512938
v -0.49580407 0.47311059 -0.57969666 0.511999 0.511603 0.511417
v -0.80229765 0.34401721 -0.06636044 0.515687 0.515418 0.515291
v -0.81353551 0.34695727 0.07332575 0.521268 0.520954 0.520806
v -0.85404909 0.23340768 0.00452896 0.521066 0.520717 0.520553
v 0.44825470 0.55542272 0.49056175 0.509972 0.509962 0.509958
v 0.57807553 0.49684387 0.45329949 0.510094 0.509850 0.509717
v 0.49341458 0.44626772 0.55823016 0.510860 0.510663 0.510568
v 0.49385676 0.63507974 -0.54645371 0.511451 0.510396 0.509899
v 0.58878994 0.52133280 -0.47688273 0.515525 0.515349 0.515265
v 0.52383476 0.48875859 -0.60678327 0.514113 0.513754 0.513585
v 0.80979031 0.34919631 -0.07492172 0.513450 0.513335 0.513281
v 0.80908489 0.34929404 0.06687807 0.513137 0.513063 0.513028
v 0.86257118 0.23482494 -0.00291767 0.516111 0.516053 0.516025
v 0.01873381 -0.91286409 0.27440405 0.500241 0.500241 0.500241
v -0.05812745 -0.90058726 0.40841952 0.500334 0.500324 0.500320
v -0.00053149 -0.83194083 -0.21552546 0.500968 0.500968 0.500968
v -0.07599216 -0.79430801 -0.33920068 0.501755 0.501755 0.501755
v 0.07663947 -0.97143382 0.56072730 0.504114 0.504098 0.504091
v 0.07787467 -0.78801942 -0.33808035 0.500522 0.500522 0.500522
v -0.43779936 -0.63307565 0.57557130 0.520795 0.520401 0.520216
v -0.57695085 -0.53335869 0.48133624 0.511719 0.511060 0.510732
v -0.51257676 -0.49997681 0.60678899 0.513446 0.512299 0.511744
v -0.44486958 -0.55518794 -0.49008653 0.508645 0.508411 0.508301
v -0.55732095 -0.48641822 -0.44449633 0.512312 0.511973 0.511814
v -0.48678604 -0.44825923 -0.56139040 0.512856 0.512350 0.512111
v -0.80201274 -0.34260812 -0.06858885 0.513351 0.512791 0.512527
v -0.81089675 -0.34730703 0.07481331 0.514168 0.513351 0.512967
v -0.85531491 -0.23491526 0.00324306 0.516771 0.516157 0.515868
v 0.47362357 -0.64126170 0.60638618 0.510050 0.509769 0.509637
v 0.59804755 -0.53525996 0.48753494 0.506236 0.505871 0.505694
v 0.51546270 -0.49433365 0.60041869 0.512294 0.511781 0.511537
v 0.46889099 -0.56950581 -0.51716071 0.511046 0.510613 0.510409
v 0.59148455 -0.50660312 -0.47071478 0.515867 0.515535 0.515379
v 0.51879871 -0.48039383 -0.59668797 0.515169 0.514506 0.514194
v 0.81002957 -0.34983069 -0.07485510 0.508092 0.507624 0.507403
v 0.80635953 -0.34920281 0.06747837 0.507644 0.507196 0.506986
v 0.86385125 -0.23795748 -0.00171961 0.507573 0.507227 0.507063
v 0.24228585 -0.00292980 0.88005519 0.509867 0.509585 0.509451
v 0.36250356 -0.07339182 0.84143865 0.511837 0.511189 0.510884
v -0.24278402 -0.00268254 0.88573074 0.514899 0.514649 0.514532
v -0.36431992 -0.07334115 0.85277653 0.513492 0.512883 0.512600
v 0.36603266 0.07070550 0.84168684 0.516076 0.515207 0.514775
v -0.36703861 0.07359140 0.85389382 0.522495 0.521791 0.521445
v 0.25315627 0.00532982 -0.86214840 0.529110 0.525951 0.524290
v 0.37190524 -0.08075958 -0.82866848 0.530162 0.528315 0.527446
v -0.23321138 0.00557991 -0.86401629 0.525874 0.523971 0.522967
v -0.35028195 -0.07211654 -0.81364226 0.524491 0.523627 0.523222
v 0.37002799 0.08168725 -0.84321356 0.522812 0.518682 0.516480
v -0.35791922 0.08319499 -0.83756167 0.521631 0.518543 0.516886
v -0.41565222 0.73618960 -0.00359111 0.501357 0.501357 0.501357
v -0.44525754 0.71997905 0.04162309 0.503211 0.503208 0.503207
v -0.44613609 0.72912103 -0.04744872 0.501766 0.501763 0.501761
v -0.49005565 0.69948137 -0.03192950 0.502924 0.502909 0.502900
v -0.48847282 0.69672358 0.02299060 0.503183 0.503181 0.503180
v 0.42047733 0.76073611 -0.00628920 0.501695 0.501695 0.501695
v 0.44391534 0.74107116 0.03559164 0.501818 0.501818 0.501818
v 0.45086253 0.75027925 -0.04861936 0.501943 0.501941 0.501940
v 0.49632722 0.72919768 -0.03206219 0.502604 0.502596 0.502591
v 0.49226475 0.72481000 0.02296827 0.502718 0.502712 0.502709
v -0.42797425 -0.77803284 -0.00533563 0.501369 0.501369 0.501369
v -0.45861566 -0.75716031 0.04136740 0.502069 0.502069 0.502069
v -0.45285514 -0.75975358 -0.04905187 0.501942 0.501942 0.501942
v -0.49430093 -0.72238052 -0.02796994 0.503283 0.503283 0.503283
v -0.49984726 -0.72359687 0.02762922 0.502427 0.502427 0.502427
v 0.43399414 -0.79733407 -0.00491976 0.501161 0.501161 0.501161
v 0.46494967 -0.77943826 0.04188009 0.501550 0.501550 0.501550
v 0.45865005 -0.77642918 -0.04914634 0.501217 0.501217 0.501217
v 0.50296122 -0.74194854 -0.02976605 0.501635 0.501635 0.501635
v 0.50864369 -0.74764109 0.02683999 0.501848 0.501848 0.501848
v 0.06158778 -0.71537048 0.89030266 0.541103 0.539599 0.538889
v 0.05840625 -0.61711705 0.86798495 0.509978 0.509155 0.508764
v -0.00200866 -0.48412049 0.85749948 0.507919 0.506888 0.506403
v 0.05165982 -0.51256818 0.85368448 0.506948 0.506035 0.505605
v -0.03872630 -0.56955379 0.85901988 0.517410 0.515707 0.514904
v -0.02773658 0.50067157 0.74937332 0.512942 0.512740 0.512628
v 0.02813834 0.50228697 0.75072026 0.512542 0.512191 0.511996
v 0.00066865 0.44244757 0.80348521 0.516215 0.516170 0.516147
v 0.04602759 0.47048080 0.78944349 0.513049 0.512494 0.512190
v -0.04654225 0.46884835 0.78656024 0.513933 0.513579 0.513384
v -0.02642059 -0.51844835 -0.76273739 0.514735 0.514159 0.513889
v 0.02841291 -0.51847059 -0.75894856 0.514414 0.513830 0.513555
v -0.00224403 -0.44140586 -0.79809064 0.514384 0.513262 0.512715
v 0.04315405 -0.47017238 -0.78182214 0.513223 0.512422 0.512038
v -0.04520081 -0.47170317 -0.78675574 0.513003 0.512228 0.511857
v -0.03143900 0.56425720 -0.82924098 0.507060 0.506038 0.505529
v 0.03072549 0.56368047 -0.82980913 0.510090 0.508834 0.508230
v 0.00042389 0.48089749 -0.87913436 0.511867 0.510196 0.509389
v 0.05007813 0.51086998 -0.85936481 0.510992 0.509591 0.508920
v -0.04903752 0.51351798 -0.85849637 0.507130 0.506022 0.505474
v 0.82656145 0.04531547 -0.48233366 0.516564 0.515938 0.515630
v 0.82508504 -0.04800456 -0.48333779 0.512864 0.512193 0.511877
v 0.78523582 -0.03102500 -0.52212453 0.512305 0.511940 0.511768
v 0.78762496 0.02634428 -0.52373910 0.513483 0.512704 0.512327
v 0.83470231 -0.00267661 -0.44182318 0.517388 0.516727 0.516408
v 0.80640960 0.04535281 0.48432094 0.510508 0.510333 0.510251
v 0.80590481 -0.04648631 0.48488098 0.510160 0.510014 0.509945
v 0.77366668 -0.02856845 0.52110410 0.511477 0.511335 0.511269
v 0.77355266 0.02760885 0.52164298 0.511588 0.511445 0.511377
v 0.82041961 -0.00049051 0.45488274 0.510232 0.510084 0.510014
v -0.75952274 0.04358784 -0.44500652 0.508996 0.508415 0.508121
v -0.76179177 -0.04835768 -0.44415855 0.511198 0.510670 0.510421
v -0.73209804 -0.03033255 -0.49036503 0.512091 0.511701 0.511517
v -0.72953451 0.02570031 -0.48967433 0.510232 0.509467 0.509089
v -0.77151722 -0.00401338 -0.41348097 0.510124 0.509588 0.509326
v -0.78681242 0.04222369 0.46781784 0.511776 0.511289 0.511059
v -0.78628069 -0.04359997 0.46777520 0.510861 0.510428 0.510224
v -0.75826764 -0.02763573 0.51623183 0.513539 0.512943 0.512662
v -0.75879461 0.02650494 0.51572305 0.512133 0.511662 0.511441
v -0.80522764 -0.00038592 0.43732134 0.512876 0.512288 0.512003
v -0.03003546 0.85622472 -0.02621282 0.500220 0.500220 0.500220
v 0.07430188 0.86918306 -0.03159235 0.500332 0.500332 0.500332
v -0.00085773 0.84335101 0.01783690 0.500769 0.500769 0.500769
v -0.00275968 0.88002300 -0.07786893 0.500071 0.500071 0.500071
v 0.05318617 0.85554564 0.01202344 0.501025 0.501025 0.501025
v 0.05010720 0.89634567 -0.07881151 0.500202 0.500202 0.500202
v -0.28963727 0.66822660 0.36756292 0.504479 0.504479 0.504478
v -0.22794305 0.63802075 0.47970051 0.504537 0.504536 0.504536
v -0.22533320 0.68597639 0.37252221 0.503395 0.503395 0.503395
v -0.32301879 0.63813883 0.41612214 0.507329 0.507329 0.507328
v -0.19402027 0.66855669 0.42847687 0.503437 0.503437 0.503437
v -0.29201540 0.62425798 0.47271627 0.508676 0.508674 0.508673
v -0.30918977 0.78922707 -0.43713796 0.500797 0.500789 0.500784
v -0.24883866 0.80133474 -0.57330281 0.511516 0.508964 0.507556
v -0.23231247 0.83997226 -0.45340031 0.505479 0.505217 0.505072
v -0.36223671 0.76744819 -0.49730700 0.503511 0.503444 0.503408
v -0.26864010 0.96090496 -0.55556428 0.525564 0.523145 0.521810
v -0.31747121 0.75798208 -0.55588728 0.502881 0.502683 0.502574
v -0.68277323 0.49345291 -0.23636311 0.512318 0.512140 0.512055
v -0.73693246 0.38396841 -0.29933879 0.513873 0.513727 0.513658
v -0.66648233 0.48777553 -0.29889497 0.513625 0.513506 0.513450
v -0.72369409 0.44264483 -0.20405358 0.513682 0.513487 0.513395
v -0.69302136 0.43178129 -0.33103299 0.513352 0.513185 0.513106
v -0.75207239 0.39034465 -0.23621123 0.514791 0.514592 0.514499
v -0.70806372 0.50155163 0.23834224 0.515120 0.514720 0.514509
v -0.75063455 0.39329568 0.30616188 0.519246 0.519020 0.518913
v -0.68514335 0.49084049 0.30270177 0.514846 0.514575 0.514445
v -0.75066900 0.45584890 0.20712955 0.516829 0.516629 0.516533
v -0.70429885 0.43580481 0.33732179 0.516145 0.515846 0.515705
v -0.77598405 0.40224627 0.24069127 0.518430 0.518212 0.518108
v 0.29079372 0.68012226 0.37337416 0.502567 0.502567 0.502567
v 0.22847697 0.63802660 0.47636455 0.505357 0.505357 0.505356
v 0.23073938 0.68986511 0.37714654 0.502081 0.502081 0.502081
v 0.20295036 0.67098296 0.43002984 0.504196 0.504196 0.504196
v 0.32081407 0.64828539 0.42073739 0.504786 0.504785 0.504785
v 0.28844658 0.62646514 0.46971428 0.506179 0.506169 0.506164
v 0.31574047 0.78909385 -0.44206566 0.501070 0.501061 0.501056
v 0.26746091 0.82017326 -0.57875031 0.511967 0.509191 0.507658
v 0.23199199 0.84304380 -0.45108044 0.504109 0.503873 0.503742
v 0.30661553 0.95523500 -0.50290823 0.529862 0.526283 0.524306
v 0.36891934 0.76418626 -0.50160754 0.502926 0.502853 0.502813
v 0.31714681 0.75124860 -0.56473130 0.508085 0.507840 0.507706
v 0.70705968 0.50395554 -0.25804254 0.512201 0.512113 0.512072
v 0.75204468 0.39414045 -0.32449538 0.514209 0.514060 0.513991
v 0.68507600 0.49411967 -0.32028061 0.513878 0.513801 0.513766
v 0.74235278 0.45531571 -0.22319856 0.511744 0.511649 0.511603
v 0.70998800 0.43817919 -0.35214257 0.513888 0.513756 0.513695
v 0.76804376 0.40248871 -0.25944471 0.514592 0.514476 0.514422
v 0.68495834 0.48675609 0.23938516 0.508445 0.508399 0.508377
v 0.73352569 0.38625038 0.31047341 0.510460 0.510411 0.510388
v 0.67051083 0.48326752 0.30962119 0.508726 0.508664 0.508634
v 0.72599393 0.44212261 0.20534831 0.509160 0.509117 0.509096
v 0.69454569 0.43357107 0.34672219 0.510447 0.510365 0.510326
v 0.74963039 0.39036494 0.24085149 0.510261 0.510208 0.510184
v -0.05238953 -0.90392643 0.00763859 0.500391 0.500391 0.500391
v 0.07251053 -0.91364634 0.01228601 0.500212 0.500212 0.500212
v -0.01009971 -0.91488916 0.06493743 0.500082 0.500082 0.500082
v -0.02520326 -0.89283401 -0.03844348 0.500125 0.500125 0.500125
v 0.04278164 -0.92225224 0.06753775 0.500034 0.500034 0.500034
v 0.04524193 -0.89593256 -0.03555505 0.500206 0.500206 0.500206
v -0.31469899 -0.75509137 0.47256735 0.502149 0.502138 0.502132
v -0.37418553 -0.87216645 0.62978226 0.505545 0.505141 0.504952
v -0.28914759 -0.78763044 0.52826965 0.502081 0.502054 0.502041
v -0.34759572 -0.73314595 0.52846003 0.506639 0.506503 0.506439
v -0.43440977 -0.68840808 0.79843503 0.538261 0.537731 0.537482
v -0.35116968 -0.76342982 0.59997624 0.505577 0.505341 0.505230
v -0.30908251 -0.74030745 -0.38221180 0.502274 0.502260 0.502254
v -0.23710348 -0.67965555 -0.48372683 0.502752 0.502744 0.502740
v -0.24735485 -0.75928998 -0.38624018 0.501755 0.501755 0.501755
v -0.32965666 -0.67522532 -0.41483748 0.503262 0.503210 0.503186
v -0.20828962 -0.72652012 -0.43911058 0.502861 0.502861 0.502861
v -0.29846537 -0.65554917 -0.47267699 0.504242 0.504198 0.504179
v -0.68493217 -0.48249239 -0.23520160 0.508295 0.508023 0.507895
v -0.73108047 -0.38116670 -0.29944032 0.510411 0.509878 0.509623
v -0.66564214 -0.47433722 -0.29500380 0.509172 0.508793 0.508615
v -0.72384447 -0.43804622 -0.20618014 0.509426 0.509004 0.508799
v -0.68864912 -0.42447099 -0.32918274 0.511084 0.510559 0.510312
v -0.75058252 -0.38772771 -0.23828241 0.510573 0.510020 0.509750
v -0.71272647 -0.51124942 0.24319088 0.508172 0.507685 0.507451
v -0.74742532 -0.39833418 0.30548105 0.511513 0.510754 0.510397
v -0.68943089 -0.50424641 0.30673495 0.509554 0.509085 0.508859
v -0.75042081 -0.46317685 0.21145122 0.510617 0.509889 0.509537
v -0.70578671 -0.44608718 0.33793181 0.510766 0.510062 0.509724
v -0.77601755 -0.40950590 0.24115768 0.511648 0.510923 0.510582
v 0.34947288 -0.87897277 0.49240917 0.507805 0.507767 0.507749
v 0.28751367 -0.81081438 0.56587279 0.502304 0.501997 0.501853
v 0.29357693 -0.91599071 0.51138264 0.505069 0.504973 0.504928
v 0.25474945 -0.88073206 0.51988202 0.501549 0.501333 0.501231
v 0.37762839 -0.87030619 0.56220788 0.511129 0.511041 0.510999
v 0.36994702 -0.81472796 0.59855759 0.504066 0.503825 0.503712
v 0.31032202 -0.74388540 -0.38875103 0.501657 0.501647 0.501642
v 0.24295063 -0.68921781 -0.49709955 0.503482 0.503475 0.503471
v 0.24675536 -0.75689173 -0.39102286 0.501648 0.501648 0.501648
v 0.21160482 -0.72980124 -0.44820330 0.503388 0.503388 0.503388
v 0.33825144 -0.68561846 -0.43094063 0.502398 0.502377 0.502367
v 0.30725098 -0.66513163 -0.48808876 0.504152 0.504119 0.504102
v 0.70803380 -0.50568902 -0.25927025 0.505963 0.505672 0.505535
v 0.74904019 -0.39580101 -0.32192740 0.510126 0.509542 0.509265
v 0.68568486 -0.49452621 -0.32146764 0.507975 0.507644 0.507488
v 0.74350375 -0.45682818 -0.22319536 0.506579 0.506185 0.506000
v 0.70634639 -0.44081518 -0.35168239 0.510709 0.510123 0.509846
v 0.76812029 -0.40491366 -0.25954697 0.509867 0.509389 0.509159
v 0.68999785 -0.49316698 0.24299258 0.504642 0.504291 0.504120
v 0.73314881 -0.38824686 0.31070477 0.505945 0.505592 0.505426
v 0.67481321 -0.49072585 0.31481203 0.505877 0.505517 0.505342
v 0.72634625 -0.44419119 0.20620701 0.504787 0.504413 0.504237
v 0.69645798 -0.43756366 0.34813756 0.507307 0.506964 0.506802
v 0.74815446 -0.39162081 0.23997067 0.505494 0.505116 0.504939
v -0.00274602 -0.07876146 0.93188584 0.512903 0.511761 0.511223
v -0.00080048 0.06350054 0.92639506 0.519883 0.519259 0.518966
v 0.05831610 -0.04126129 0.92145562 0.514601 0.513628 0.513170
v -0.06461427 -0.04211643 0.92531109 0.513752 0.512928 0.512541
v 0.06138685 0.02889966 0.92553914 0.516155 0.515507 0.515203
v -0.06573237 0.02992691 0.92599732 0.516063 0.515512 0.515254
v 0.38918364 -0.31840509 0.75309205 0.510601 0.509943 0.509634
v 0.49295104 -0.24046662 0.69627035 0.511019 0.510667 0.510500
v 0.43062836 -0.35189593 0.70419115 0.511597 0.511111 0.510882
v 0.48053443 -0.31127426 0.67282617 0.511542 0.511112 0.510909
v 0.39789656 -0.24601927 0.77155209 0.511809 0.511195 0.510906
v 0.45199424 -0.20873250 0.74729246 0.513335 0.512910 0.512710
v -0.39786187 -0.31999034 0.76678044 0.508735 0.508222 0.507983
v -0.50406635 -0.24577695 0.71477556 0.512346 0.511610 0.511265
v -0.44389692 -0.35543287 0.72247839 0.513059 0.512219 0.511823
v -0.49575371 -0.31655174 0.69357991 0.513261 0.512399 0.511994
v -0.40510318 -0.24923961 0.78658491 0.513396 0.512585 0.512204
v -0.45971584 -0.21258077 0.76280534 0.515265 0.514358 0.513931
v 0.38787398 0.30672169 0.74299085 0.513789 0.513491 0.513350
v 0.49493086 0.23835613 0.69872111 0.511655 0.511614 0.511594
v 0.42812645 0.33420423 0.69345278 0.510484 0.510300 0.510213
v 0.48201755 0.30084226 0.67229980 0.512766 0.512551 0.512451
v 0.39971921 0.24132743 0.76593816 0.518186 0.517926 0.517804
v 0.45248184 0.20928262 0.74779332 0.514523 0.514384 0.514318
v -0.39647603 0.31337410 0.76415926 0.521051 0.520662 0.520479
v -0.50826281 0.24634090 0.71769214 0.523288 0.522959 0.522805
v -0.43854344 0.34302929 0.71266317 0.517679 0.517481 0.517388
v -0.49494255 0.31005526 0.68986750 0.519969 0.519820 0.519749
v -0.40890181 0.24883318 0.79300302 0.522962 0.522853 0.522800
v -0.46240002 0.21303216 0.76588637 0.521967 0.521816 0.521745
v -0.00177048 -0.06377249 -0.87900370 0.525987 0.525085 0.524660
v -0.00182396 0.08040397 -0.91794240 0.519001 0.509721 0.504673
v 0.05998490 -0.02630367 -0.87890136 0.525517 0.523799 0.522949
v -0.06541185 -0.02645054 -0.87606120 0.527774 0.526267 0.525523
v 0.06164265 0.04445859 -0.89876622 0.518223 0.510428 0.506194
v -0.06514324 0.04622025 -0.89863259 0.520228 0.512994 0.509065
v 0.40478393 -0.31290913 -0.75928080 0.522821 0.521497 0.520874
v 0.51851082 -0.24979675 -0.72740859 0.521365 0.520162 0.519596
v 0.45038983 -0.34631175 -0.71830320 0.521013 0.519815 0.519252
v 0.50821972 -0.31520063 -0.70264322 0.521245 0.520085 0.519540
v 0.41531011 -0.24774453 -0.78623426 0.524853 0.523384 0.522693
v 0.47060788 -0.21686129 -0.76645601 0.523591 0.522201 0.521547
v -0.38739479 -0.30372429 -0.74142730 0.519558 0.518854 0.518522
v -0.49315879 -0.23592897 -0.70074236 0.519830 0.519218 0.518930
v -0.43105432 -0.33598515 -0.69924659 0.518434 0.517799 0.517501
v -0.48290965 -0.29951185 -0.67907906 0.518974 0.518341 0.518043
v -0.39880216 -0.24079686 -0.76572186 0.521894 0.521105 0.520733
v -0.45514476 -0.21022224 -0.74645340 0.519702 0.519076 0.518782
v 0.43063319 0.33720762 -0.82992589 0.518848 0.517653 0.517051
v 0.52467179 0.26115751 -0.76721591 0.518434 0.516798 0.515951
v 0.46368155 0.36040008 -0.76483649 0.520950 0.520175 0.519804
v 0.51716101 0.32662734 -0.73771685 0.516582 0.515684 0.515248
v 0.43241173 0.26690823 -0.84190571 0.520045 0.517570 0.516247
v 0.49358568 0.23762757 -0.83674026 0.528416 0.525596 0.524083
v -0.40345934 0.32191980 -0.79663402 0.515908 0.514789 0.514218
v -0.49891511 0.24361658 -0.72224510 0.513459 0.512251 0.511623
v -0.43682441 0.34906745 -0.73100919 0.512464 0.511937 0.511687
v -0.48746520 0.30811554 -0.69813567 0.512028 0.511403 0.511104
v -0.41969773 0.25575879 -0.82825768 0.520466 0.517952 0.516600
v -0.46239296 0.21607372 -0.77915460 0.518496 0.516527 0.515469
v 0.90852082 0.00017026 -0.07214305 0.505582 0.505339 0.505219
v 0.90953124 -0.00062475 0.06221352 0.509421 0.508962 0.508746
v 0.90502089 0.05925051 -0.03770538 0.507794 0.507433 0.507261
v 0.90719229 0.05928491 0.02964202 0.509923 0.509456 0.509236
v 0.90719289 -0.05963463 -0.03632130 0.506118 0.505961 0.505887
v 0.90736765 -0.06044012 0.03021169 0.506784 0.506634 0.506563
v -0.88399094 -0.00023145 -0.06132474 0.513059 0.512262 0.511854
v -0.90192246 0.00147107 0.06985666 0.518022 0.517327 0.516989
v -0.88705087 0.06058882 -0.02864208 0.512770 0.511948 0.511539
v -0.90105212 0.06184947 0.03867881 0.512990 0.512370 0.512074
v -0.88900816 -0.06042036 -0.02924007 0.514645 0.514288 0.514120
v -0.89923954 -0.05946865 0.03915597 0.517626 0.517295 0.517139
v -0.29352540 0.77837962 -0.00951330 0.500317 0.500317 0.500317
v -0.15788840 0.82011777 -0.01507491 0.500400 0.500400 0.500400
v -0.25849703 0.77712381 0.04399480 0.500456 0.500456 0.500456
v -0.26382929 0.79448503 -0.06553217 0.500730 0.500730 0.500730
v -0.18971066 0.79565096 0.04289602 0.500835 0.500835 0.500835
v -0.19539775 0.81633496 -0.06938338 0.500505 0.500505 0.500505
v -0.39659047 0.70950735 0.14334144 0.502270 0.502265 0.502262
v -0.34503886 0.69397950 0.25731900 0.503180 0.503180 0.503180
v -0.33279938 0.72813612 0.15025227 0.501154 0.501154 0.501154
v -0.43502462 0.68561518 0.18951541 0.504178 0.504153 0.504140
v -0.30729315 0.72146058 0.20552137 0.501153 0.501153 0.501153
v -0.40845263 0.67853761 0.24767233 0.504002 0.503995 0.503992
v -0.41445658 0.75139326 -0.16826302 0.500912 0.500911 0.500910
v -0.37560290 0.77944839 -0.30253878 0.501237 0.501196 0.501174
v -0.35238758 0.77819347 -0.17765360 0.500783 0.500783 0.500783
v -0.45811436 0.73529601 -0.22012678 0.501983 0.501963 0.501952
v -0.32924330 0.79501110 -0.24336874 0.500334 0.500334 0.500334
v -0.44318181 0.74944240 -0.29143289 0.501439 0.501411 0.501395
v -0.56721866 0.63932014 -0.10689464 0.506062 0.505995 0.505958
v -0.62999350 0.57936531 -0.17423187 0.509620 0.509296 0.509120
v -0.56343055 0.65346414 -0.17588721 0.505893 0.505735 0.505648
v -0.60602224 0.60429418 -0.07425725 0.509299 0.509227 0.509187
v -0.58957279 0.61997825 -0.20982608 0.507100 0.506910 0.506807
v -0.64117706 0.57378781 -0.10851140 0.508920 0.508528 0.508313
v -0.56516200 0.63141406 0.09218078 0.506766 0.506741 0.506727
v -0.64203638 0.57581216 0.16513556 0.510135 0.509775 0.509577
v -0.55840451 0.63649940 0.15722384 0.506911 0.506908 0.506907
v -0.60795671 0.60036039 0.06172548 0.509008 0.508918 0.508868
v -0.59408206 0.60724384 0.19332147 0.509167 0.509158 0.509153
v -0.64935666 0.57201988 0.09852166 0.511297 0.511017 0.510863
v 0.29792735 0.80035329 -0.01051828 0.500602 0.500602 0.500602
v 0.17126435 0.84307730 -0.02140991 0.500157 0.500157 0.500157
v 0.26284227 0.79702473 0.03917605 0.500572 0.500572 0.500572
v 0.27348951 0.82183254 -0.06259515 0.500512 0.500512 0.500512
v 0.20126823 0.81744361 0.03549398 0.500551 0.500551 0.500551
v 0.20624958 0.83930939 -0.06931379 0.500376 0.500376 0.500376
v 0.39820975 0.73055762 0.14141214 0.501718 0.501718 0.501717
v 0.34232277 0.71181917 0.26296413 0.501450 0.501450 0.501450
v 0.33330694 0.74840838 0.14672238 0.500893 0.500893 0.500893
v 0.43640786 0.70303977 0.19128048 0.502075 0.502072 0.502070
v 0.30741277 0.74050093 0.20542568 0.500995 0.500995 0.500995
v 0.40951857 0.69649303 0.25276822 0.502057 0.502056 0.502056
v 0.41810188 0.76293880 -0.16306326 0.501636 0.501636 0.501636
v 0.38179529 0.77661246 -0.29978234 0.501502 0.501502 0.501502
v 0.35761213 0.79146773 -0.17004277 0.500851 0.500851 0.500851
v 0.46304742 0.74165356 -0.21651052 0.504263 0.504243 0.504231
v 0.33581772 0.79787457 -0.23657055 0.500313 0.500313 0.500313
v 0.44982183 0.74546331 -0.28967234 0.503750 0.503732 0.503721
v 0.57222384 0.66706109 -0.10369772 0.505348 0.505336 0.505329
v 0.64234853 0.59156048 -0.18062106 0.507818 0.507787 0.507772
v 0.56387544 0.67301250 -0.17274094 0.505709 0.505683 0.505669
v 0.61781752 0.63235790 -0.07208218 0.506431 0.506411 0.506400
v 0.59869748 0.63531238 -0.21292236 0.506433 0.506381 0.506353
v 0.64991307 0.58900827 -0.11015107 0.507413 0.507387 0.507374
v 0.56694376 0.66079473 0.09446823 0.504227 0.504203 0.504189
v 0.63164026 0.58143222 0.16678080 0.506230 0.506173 0.506142
v 0.55761909 0.65901655 0.16101922 0.505432 0.505430 0.505430
v 0.61082208 0.62495601 0.06334351 0.504734 0.504660 0.504619
v 0.58598709 0.61928701 0.19630587 0.505488 0.505486 0.505485
v 0.64708126 0.58715105 0.09874256 0.506217 0.506117 0.506062
v -0.31911504 -0.84763825 -0.01076633 0.500688 0.500688 0.500688
v -0.18927646 -0.88327676 -0.01313136 0.500613 0.500613 0.500613
v -0.28526330 -0.84188318 0.04631284 0.500269 0.500269 0.500269
v -0.30467802 -0.90935761 -0.06106887 0.502273 0.502273 0.502273
v -0.21717852 -0.86276436 0.04579598 0.500299 0.500299 0.500299
v -0.23815559 -0.92811662 -0.06392083 0.501229 0.501229 0.501229
v -0.42488834 -0.77063191 0.15897715 0.501127 0.501127 0.501127
v -0.37336719 -0.76632202 0.29602206 0.501434 0.501434 0.501434
v -0.35978696 -0.79353887 0.16732374 0.500588 0.500588 0.500588
v -0.47034669 -0.75306666 0.21366733 0.502939 0.502939 0.502939
v -0.33129781 -0.79160511 0.23496944 0.500813 0.500813 0.500813
v -0.44508266 -0.74574167 0.28372175 0.502565 0.502565 0.502565
v -0.42642683 -0.80544776 -0.16942206 0.502138 0.502138 0.502138
v -0.39913014 -0.81943828 -0.30628654 0.503925 0.503925 0.503925
v -0.39908537 -0.90045178 -0.19565716 0.508214 0.508214 0.508214
v -0.44730765 -0.74701637 -0.20746432 0.501243 0.501238 0.501236
v -0.37908810 -0.89748424 -0.26674601 0.506661 0.506661 0.506661
v -0.43186700 -0.74900103 -0.27070814 0.502029 0.502014 0.502007
v -0.56283796 -0.64983666 -0.09015951 0.503771 0.503753 0.503744
v -0.62584096 -0.56643164 -0.16591401 0.504992 0.504896 0.504850
v -0.54253036 -0.64575559 -0.15333425 0.502617 0.502602 0.502595
v -0.60445303 -0.61219257 -0.05996688 0.505169 0.505135 0.505119
v -0.57636666 -0.60170281 -0.18995082 0.503890 0.503847 0.503826
v -0.63589793 -0.57360834 -0.09625877 0.507147 0.507075 0.507042
v -0.57395262 -0.65983278 0.10348892 0.504145 0.504142 0.504141
v -0.64177960 -0.58625370 0.17689958 0.505726 0.505712 0.505706
v -0.56675905 -0.66838616 0.16913351 0.506572 0.506572 0.506572
v -0.60999304 -0.61671501 0.07501325 0.506415 0.506400 0.506393
v -0.60151911 -0.63386011 0.20832424 0.506536 0.506536 0.506535
v -0.64427954 -0.57890278 0.11027490 0.507437 0.507414 0.507403
v 0.32374322 -0.85808039 -0.01129584 0.501042 0.501042 0.501042
v 0.19452085 -0.90426898 -0.00219841 0.500170 0.500170 0.500170
v 0.28832445 -0.85723281 0.05298948 0.500722 0.500722 0.500722
v 0.30713719 -0.91105199 -0.06764752 0.502177 0.502177 0.502177
v 0.22025931 -0.87953794 0.05780876 0.500299 0.500299 0.500299
v 0.24013954 -0.92266202 -0.06733988 0.500546 0.500546 0.500546
v 0.43110955 -0.79312962 0.16400033 0.501732 0.501732 0.501732
v 0.37847266 -0.80419010 0.31985524 0.501513 0.501512 0.501512
v 0.36255002 -0.81510228 0.17811084 0.500938 0.500938 0.500938
v 0.47513279 -0.77234828 0.21635112 0.502986 0.502986 0.502986
v 0.33442011 -0.81896180 0.25750747 0.501010 0.501010 0.501010
v 0.45010567 -0.77372050 0.28928077 0.502718 0.502718 0.502718
v 0.43002176 -0.81322938 -0.17184393 0.502051 0.502051 0.502051
v 0.39537188 -0.82097989 -0.30644193 0.502874 0.502873 0.502872
v 0.39746800 -0.89863968 -0.19884537 0.505676 0.505676 0.505676
v 0.45579767 -0.75837475 -0.21208344 0.501327 0.501325 0.501324
v 0.38235366 -0.91006708 -0.27575448 0.509788 0.509788 0.509788
v 0.43565306 -0.75506955 -0.27340907 0.502269 0.502261 0.502257
v 0.57509190 -0.66720992 -0.10123919 0.503055 0.503038 0.503030
v 0.64422929 -0.58627105 -0.17977698 0.504038 0.503889 0.503820
v 0.55919224 -0.66455096 -0.16651857 0.502099 0.502069 0.502055
v 0.61809683 -0.63016772 -0.07105622 0.504655 0.504612 0.504592
v 0.59428912 -0.62154841 -0.20656307 0.503059 0.502984 0.502948
v 0.65329987 -0.58906358 -0.10934973 0.505052 0.504934 0.504879
v 0.58281356 -0.68121970 0.09840489 0.503376 0.503376 0.503376
v 0.64089328 -0.59306246 0.17216827 0.504818 0.504772 0.504750
v 0.57313699 -0.68616414 0.16856597 0.504699 0.504699 0.504699
v 0.62469643 -0.63759756 0.06663683 0.504205 0.504192 0.504186
v 0.59894907 -0.63947207 0.20642507 0.504642 0.504637 0.504635
v 0.65373290 -0.59536326 0.10208863 0.505791 0.505739 0.505714
v -0.20247257 -0.80144387 0.89529848 0.522544 0.521520 0.521039
v -0.20544109 -0.81123930 0.72026956 0.505094 0.504405 0.504082
v -0.19272101 -0.64938825 0.69330752 0.530713 0.530157 0.529897
v -0.21170616 -0.67932028 0.82266712 0.507769 0.506748 0.506268
v -0.14577186 -0.90807652 0.76770765 0.507180 0.506802 0.506624
v -0.23684183 -0.71055663 0.74166936 0.506299 0.505459 0.505064
v 0.11584353 -0.67000604 0.78847235 0.503581 0.503185 0.502999
v 0.19555962 -0.72241360 0.66843605 0.501977 0.501714 0.501590
v 0.06352586 -0.71190035 0.74055648 0.503378 0.503153 0.503047
v 0.20589119 -0.67521638 0.77933478 0.502785 0.502420 0.502249
v 0.11528228 -0.74114901 0.67376202 0.501799 0.501589 0.501490
v 0.23681840 -0.68671590 0.72300923 0.501862 0.501613 0.501497
v -0.00254342 -0.34108192 0.90288746 0.508174 0.507145 0.506661
v 0.00315793 -0.20486718 1.00440395 0.518166 0.516885 0.516282
v 0.05943288 -0.30598226 0.90637934 0.508852 0.507869 0.507406
v -0.06301747 -0.30769476 0.90916705 0.508695 0.507663 0.507176
v 0.06150348 -0.23772375 0.93464261 0.508568 0.507569 0.507099
v -0.06317435 -0.23981321 0.93774712 0.509529 0.508467 0.507967
v 0.18186435 -0.47201237 0.85423648 0.510478 0.509344 0.508810
v 0.29603311 -0.39806184 0.82445556 0.509855 0.509031 0.508643
v 0.25016496 -0.53365922 0.84882283 0.513847 0.512474 0.511828
v 0.18193331 -0.39048210 0.86454785 0.509329 0.508332 0.507862
v 0.30476147 -0.48108843 0.81984890 0.509489 0.508545 0.508101
v 0.24205309 -0.35779434 0.85579193 0.508934 0.508005 0.507568
v -0.18464585 -0.46339822 0.85558027 0.499134 0.498984 0.498916
v -0.29408222 -0.39274636 0.82043016 0.500490 0.500423 0.500392
v -0.23777379 -0.50559020 0.83903515 0.498283 0.498089 0.497996
v -0.18326399 -0.38708621 0.86509985 0.498630 0.498587 0.498568
v -0.28980723 -0.46795315 0.81000715 0.500210 0.499920 0.499780
v -0.24005279 -0.35361192 0.85084015 0.499323 0.499288 0.499271
v -0.09481176 0.55776072 0.67686969 0.514268 0.514267 0.514266
v -0.16359635 0.60113412 0.58582979 0.506724 0.506724 0.506724
v -0.06198737 0.58715886 0.63012826 0.510672 0.510669 0.510668
v -0.15946230 0.54533142 0.67761737 0.515879 0.515879 0.515879
v -0.09632823 0.60946494 0.58422464 0.505331 0.505330 0.505330
v -0.19407828 0.56926787 0.62908006 0.513504 0.513504 0.513503
v 0.09522314 0.54764265 0.66556215 0.513191 0.513187 0.513185
v 0.16178009 0.59470963 0.57272995 0.509259 0.509259 0.509259
v 0.06915787 0.57760662 0.62268364 0.510922 0.510920 0.510918
v 0.15524070 0.53890419 0.66488904 0.512416 0.512416 0.512416
v 0.10233558 0.60080308 0.57536924 0.506571 0.506571 0.506571
v 0.18761593 0.56009585 0.61567003 0.510659 0.510657 0.510656
v 0.00003956 0.32889491 0.85794002 0.516071 0.515575 0.515341
v -0.00025993 0.20094967 0.90557748 0.524213 0.524027 0.523939
v 0.06265206 0.29688889 0.86803353 0.518298 0.517958 0.517798
v -0.06407681 0.29938769 0.87199217 0.521131 0.520861 0.520734
v 0.06485045 0.23166433 0.89242727 0.520789 0.520416 0.520240
v -0.06675608 0.23593734 0.89749402 0.522619 0.522512 0.522462
v 0.15959080 0.42561617 0.78730601 0.514045 0.513833 0.513734
v 0.28154677 0.37147775 0.77785093 0.512566 0.512173 0.511987
v 0.20526952 0.45961800 0.75188917 0.513229 0.513011 0.512900
v 0.17082022 0.36623004 0.81744671 0.513997 0.513882 0.513829
v 0.26306149 0.43183860 0.74645007 0.512632 0.512204 0.511983
v 0.23165460 0.33693001 0.81018960 0.514796 0.514480 0.514332
v -0.16358784 0.42420119 0.79506433 0.521011 0.520869 0.520803
v -0.28342968 0.37212986 0.79107803 0.519531 0.519211 0.519060
v -0.20507847 0.45167297 0.75528449 0.519527 0.519405 0.519341
v -0.17746842 0.36544895 0.82745904 0.521999 0.521900 0.521853
v -0.26538643 0.42934370 0.75276417 0.518640 0.518354 0.518204
v -0.23549190 0.33753878 0.82438636 0.521908 0.521787 0.521730
v -0.09492110 -0.58324826 -0.69393736 0.505822 0.505681 0.505615
v -0.16572663 -0.63067567 -0.59280789 0.503319 0.503294 0.503283
v -0.06288652 -0.62403381 -0.65152055 0.504619 0.504614 0.504611
v -0.16098528 -0.56332219 -0.68456584 0.508616 0.508357 0.508235
v -0.09785507 -0.64840150 -0.60041660 0.503620 0.503618 0.503618
v -0.19686878 -0.58732295 -0.63573068 0.506875 0.506758 0.506704
v 0.10415041 -0.59736228 -0.69618982 0.506783 0.506611 0.506528
v 0.17506352 -0.64740205 -0.60510141 0.504226 0.504206 0.504196
v 0.07282952 -0.63188422 -0.65424019 0.505729 0.505724 0.505721
v 0.16968210 -0.57818830 -0.69202399 0.511554 0.511228 0.511073
v 0.10614883 -0.66141325 -0.60783988 0.504942 0.504941 0.504940
v 0.20710990 -0.60299993 -0.64562410 0.507040 0.506926 0.506873
v -0.00278870 -0.32324022 -0.84455264 0.520979 0.519365 0.518605
v -0.00196614 -0.20031483 -0.88030040 0.524488 0.522940 0.522210
v 0.05802814 -0.29378974 -0.85012257 0.521072 0.519583 0.518883
v -0.06092977 -0.29348907 -0.85365671 0.520457 0.519132 0.518508
v 0.05990880 -0.23051675 -0.87276107 0.523579 0.522075 0.521367
v -0.06173506 -0.23026161 -0.87560654 0.523422 0.522156 0.521560
v 0.16283172 -0.42829829 -0.78474993 0.517177 0.516093 0.515583
v 0.29224196 -0.37746605 -0.78132999 0.519181 0.517582 0.516829
v 0.21331412 -0.46770748 -0.75678313 0.513312 0.512394 0.511962
v 0.17415720 -0.36490917 -0.81007457 0.519724 0.518409 0.517790
v 0.27818263 -0.44329458 -0.75143027 0.515085 0.513740 0.513100
v 0.23894650 -0.33881295 -0.81063026 0.519856 0.518180 0.517392
v -0.16221085 -0.42705616 -0.79241103 0.517929 0.517123 0.516745
v -0.27386057 -0.36667585 -0.76863945 0.516992 0.516008 0.515544
v -0.20587878 -0.46024898 -0.75406045 0.515070 0.514438 0.514141
v -0.17139058 -0.36501274 -0.81850553 0.519468 0.518464 0.517992
v -0.26226339 -0.42959157 -0.74055994 0.514097 0.513255 0.512855
v -0.22922723 -0.33457848 -0.80936438 0.521267 0.520103 0.519555
v -0.11918561 0.66436321 -0.76868486 0.504456 0.503973 0.503724
v -0.18678588 0.73491442 -0.66086859 0.510737 0.509564 0.508940
v -0.08566815 0.72603989 -0.73541790 0.505053 0.504265 0.503874
v -0.18796243 0.64505720 -0.75089937 0.518368 0.516787 0.516031
v -0.12580381 0.78511882 -0.69363660 0.506317 0.505573 0.505208
v -0.21354353 0.67853540 -0.67799240 0.517007 0.515984 0.515470
v 0.11133943 0.67095435 -0.77392447 0.501314 0.500973 0.500780
v 0.19807659 0.78027916 -0.69711697 0.512079 0.510156 0.509138
v 0.07750588 0.72762799 -0.73569989 0.507068 0.506119 0.505652
v 0.19268119 0.66848886 -0.78788126 0.513955 0.512402 0.511638
v 0.11948954 0.78268737 -0.69302082 0.509226 0.508009 0.507389
v 0.22674768 0.70612949 -0.73512435 0.513578 0.512434 0.511892
v 0.00036632 0.36117563 -0.94901150 0.516016 0.508812 0.504893
v 0.00141784 0.22455442 -0.96491301 0.525213 0.513954 0.507831
v 0.07073658 0.32874456 -0.96425867 0.517919 0.509952 0.505619
v -0.07147127 0.33007333 -0.97466618 0.517801 0.509663 0.505237
v 0.07300872 0.26155612 -0.96898860 0.523739 0.513097 0.507310
v -0.06983148 0.26116982 -0.97278965 0.523111 0.512617 0.506911
v 0.17532946 0.46536925 -0.86683762 0.515514 0.513379 0.512331
v 0.30193797 0.40633690 -0.84907746 0.514884 0.512500 0.511275
v 0.22724064 0.50843042 -0.83163476 0.516014 0.514165 0.513294
v 0.18651368 0.39680132 -0.89804202 0.515364 0.509768 0.506741
v 0.28850210 0.47662485 -0.81750327 0.513997 0.512613 0.511961
v 0.24971625 0.36724767 -0.88889700 0.514670 0.508550 0.505226
v -0.17567280 0.47084290 -0.86518347 0.515217 0.513343 0.512437
v -0.29890409 0.40069434 -0.84938109 0.513347 0.511735 0.510916
v -0.22807235 0.51338154 -0.82681167 0.514323 0.512753 0.512014
v -0.18751636 0.40121138 -0.90190005 0.513618 0.508902 0.506356
v -0.28425512 0.47465098 -0.81448585 0.512599 0.511485 0.510961
v -0.25390568 0.36966446 -0.89799899 0.512652 0.507686 0.504990
v 0.80777806 0.16180232 -0.43572348 0.517943 0.517422 0.517172
v 0.78548187 0.28355736 -0.38563171 0.514657 0.514232 0.514030
v 0.77664328 0.21566391 -0.47398773 0.519524 0.519076 0.518864
v 0.83145165 0.16872753 -0.37666470 0.514786 0.514248 0.513989
v 0.76346368 0.27585268 -0.44882280 0.517510 0.517106 0.516916
v 0.81762475 0.23077345 -0.35151055 0.512640 0.512203 0.511990
v 0.80743396 -0.16159099 -0.43806064 0.513543 0.512747 0.512372
v 0.78466761 -0.28135613 -0.38388032 0.513746 0.512986 0.512628
v 0.77387470 -0.21279688 -0.47302800 0.516200 0.515482 0.515145
v 0.83061135 -0.17063457 -0.37865090 0.516122 0.515473 0.515168
v 0.75893646 -0.27091652 -0.44528770 0.515899 0.515209 0.514885
v 0.81918180 -0.23261055 -0.34876949 0.515573 0.515007 0.514741
v 0.70808113 -0.10823170 -0.60160315 0.521981 0.521425 0.521165
v 0.62219131 -0.18485600 -0.67543995 0.527312 0.526572 0.526224
v 0.71934885 -0.17543134 -0.59696776 0.521243 0.520700 0.520445
v 0.65888190 -0.07773374 -0.63806754 0.520306 0.520052 0.519932
v 0.66983408 -0.21393254 -0.62989318 0.520673 0.520084 0.519806
v 0.61457992 -0.11322609 -0.67281669 0.523007 0.522626 0.522449
v 0.71154892 0.10274148 -0.60329145 0.519288 0.517937 0.517228
v 0.62441647 0.18519469 -0.68371439 0.523683 0.522440 0.521775
v 0.71445507 0.17117594 -0.59301162 0.521024 0.520360 0.520025
v 0.66159481 0.07284644 -0.64389694 0.517988 0.516136 0.515173
v 0.66861695 0.21159171 -0.62935340 0.521254 0.520564 0.520213
v 0.61973447 0.11370845 -0.68566483 0.519806 0.517976 0.517026
v 0.88569713 -0.00056110 -0.34235260 0.514803 0.514287 0.514034
v 0.90193588 0.00065865 -0.21060869 0.511636 0.511003 0.510703
v 0.88095093 0.05481781 -0.31008479 0.514450 0.513745 0.513405
v 0.88661307 -0.05331558 -0.31097943 0.511100 0.510966 0.510902
v 0.89270675 0.05801312 -0.24585946 0.510779 0.510071 0.509727
v 0.89760649 -0.05774360 -0.24578451 0.511145 0.510651 0.510419
v 0.79539144 0.15880473 0.43570700 0.514520 0.514423 0.514378
v 0.76921374 0.27513081 0.37704709 0.513169 0.513110 0.513082
v 0.76819456 0.21188188 0.47568610 0.513484 0.513456 0.513443
v 0.81048471 0.16525054 0.36937493 0.513668 0.513569 0.513523
v 0.75474811 0.27091324 0.44880748 0.512987 0.512949 0.512931
v 0.79916602 0.22256373 0.33937734 0.512495 0.512435 0.512407
v 0.79481983 -0.16019586 0.43510365 0.508560 0.508357 0.508261
v 0.76675773 -0.27654859 0.37519315 0.508059 0.507697 0.507527
v 0.76890957 -0.21339223 0.47456005 0.509343 0.509175 0.509097
v 0.80842513 -0.16699032 0.36832777 0.506866 0.506602 0.506478
v 0.75229079 -0.27126601 0.44353843 0.509126 0.508813 0.508665
v 0.79718411 -0.22455995 0.33869109 0.505876 0.505592 0.505458
v 0.68737686 -0.09490094 0.57598084 0.514049 0.513962 0.513921
v 0.59141231 -0.16502969 0.63637179 0.508389 0.508222 0.508142
v 0.68506843 -0.15921605 0.56180328 0.513055 0.512980 0.512944
v 0.64438540 -0.06505251 0.61822701 0.513266 0.513017 0.512899
v 0.63298482 -0.19579682 0.58767903 0.510596 0.510331 0.510206
v 0.59895623 -0.09878796 0.65176964 0.509401 0.509138 0.509015
v 0.68824196 0.09487280 0.57611573 0.512702 0.512183 0.511920
v 0.59289145 0.16565782 0.63751245 0.513799 0.513521 0.513390
v 0.68610066 0.15980563 0.56354743 0.513161 0.512862 0.512720
v 0.64465702 0.06505690 0.61900592 0.512096 0.511600 0.511355
v 0.63585746 0.19543916 0.59019935 0.514009 0.513747 0.513624
v 0.59911042 0.09878124 0.65270919 0.512503 0.512134 0.511960
v 0.84943384 -0.00095884 0.32757291 0.508345 0.508074 0.507940
v 0.87920934 -0.00111516 0.19536990 0.507083 0.506698 0.506514
v 0.85191602 0.05557360 0.29550362 0.509796 0.509494 0.509347
v 0.85095221 -0.05824941 0.29560617 0.506969 0.506653 0.506505
v 0.86768186 0.05673870 0.22808895 0.508697 0.508302 0.508105
v 0.86584550 -0.05952676 0.22915632 0.506747 0.506446 0.506305
v -0.77997440 0.16183437 -0.41140157 0.515657 0.515072 0.514785
v -0.77494538 0.27528825 -0.36475152 0.513197 0.512774 0.512572
v -0.75144565 0.20927443 -0.45161581 0.516888 0.516440 0.516224
v -0.80391955 0.17101073 -0.34895867 0.514346 0.513749 0.513455
v -0.74438763 0.26442045 -0.42523712 0.516072 0.515671 0.515480
v -0.80653560 0.22832565 -0.32649052 0.513625 0.513129 0.512888
v -0.78102082 -0.15976954 -0.41590983 0.511783 0.511322 0.511103
v -0.76510721 -0.27298516 -0.36146304 0.513434 0.512773 0.512461
v -0.74572039 -0.20305203 -0.45065033 0.515207 0.514564 0.514260
v -0.80592275 -0.16897728 -0.35364547 0.509531 0.509278 0.509158
v -0.73929900 -0.26272714 -0.42344612 0.514896 0.514286 0.513998
v -0.80131114 -0.22589447 -0.32822424 0.513361 0.512773 0.512496
v -0.66153932 -0.10244076 -0.56137902 0.516178 0.516027 0.515956
v -0.58678317 -0.16813718 -0.64324045 0.517920 0.517569 0.517403
v -0.66601646 -0.16342215 -0.55380994 0.515472 0.515279 0.515187
v -0.62971467 -0.06810393 -0.61541051 0.518706 0.518394 0.518246
v -0.62746829 -0.19737689 -0.59166151 0.516294 0.515890 0.515699
v -0.58568764 -0.10349222 -0.64986622 0.517674 0.517335 0.517176
v -0.67162406 0.09986058 -0.57192683 0.511625 0.510666 0.510171
v -0.59070742 0.17276387 -0.65303224 0.514286 0.513120 0.512505
v -0.67341065 0.16186778 -0.56270230 0.513710 0.512991 0.512635
v -0.62922519 0.06924820 -0.61487770 0.510489 0.509265 0.508615
v -0.63039511 0.19845629 -0.60065532 0.513336 0.512696 0.512380
v -0.58918059 0.10983790 -0.66067183 0.512010 0.510664 0.509950
v -0.83963853 0.00001660 -0.30714142 0.512787 0.512359 0.512148
v -0.86444449 0.00028902 -0.18838154 0.510882 0.510436 0.510217
v -0.84281904 0.05984598 -0.27948800 0.510895 0.510297 0.509994
v -0.84249604 -0.05985387 -0.28055832 0.512130 0.511989 0.511922
v -0.85702372 0.06179009 -0.21955208 0.509902 0.509144 0.508749
v -0.86269426 -0.06100016 -0.22229233 0.513148 0.512886 0.512763
v -0.78829455 0.15572602 0.42176712 0.522461 0.522064 0.521876
v -0.77650547 0.27898419 0.36842638 0.521255 0.520979 0.520849
v -0.75307626 0.20229973 0.45794800 0.522543 0.522221 0.522069
v -0.81829810 0.16711265 0.36002347 0.522015 0.521661 0.521494
v -0.74808913 0.26501721 0.43210554 0.521464 0.521164 0.521023
v -0.81317413 0.22756799 0.33296826 0.522638 0.522364 0.522235
v -0.78684545 -0.15705225 0.42265239 0.510702 0.510158 0.509901
v -0.77393150 -0.27858305 0.36801401 0.512695 0.511861 0.511469
v -0.75129229 -0.20263307 0.45844489 0.511330 0.510795 0.510545
v -0.81640953 -0.16759390 0.36108789 0.511047 0.510577 0.510355
v -0.74542874 -0.26431358 0.43146852 0.512483 0.511717 0.511357
v -0.81152344 -0.22872332 0.33342800 0.513434 0.512692 0.512343
v -0.69615173 -0.10002746 0.59797263 0.517913 0.517187 0.516844
v -0.60627705 -0.17297579 0.65854812 0.508714 0.508187 0.507940
v -0.69235355 -0.16693942 0.58116198 0.513816 0.513335 0.513109
v -0.65844095 -0.06807981 0.64333963 0.512931 0.512332 0.512050
v -0.64626902 -0.20299779 0.60795599 0.509976 0.509395 0.509122
v -0.61310709 -0.10389616 0.67385465 0.511089 0.510344 0.509993
v -0.69629264 0.09948714 0.59640926 0.518639 0.517806 0.517399
v -0.60910767 0.17432241 0.65875632 0.524258 0.523877 0.523698
v -0.69338232 0.16502854 0.58063704 0.518842 0.518417 0.518216
v -0.65975851 0.06883278 0.64217907 0.515797 0.514841 0.514381
v -0.65106952 0.20553653 0.61007190 0.523272 0.522958 0.522811
v -0.61533117 0.10473201 0.67675352 0.518304 0.517612 0.517287
v -0.85675251 0.00020903 0.32271609 0.515890 0.515011 0.514568
v -0.90517461 0.00014715 0.19834834 0.511078 0.510682 0.510490
v -0.86655599 0.05857169 0.29318514 0.511643 0.510953 0.510597
v -0.86674798 -0.05938502 0.29340053 0.512640 0.512320 0.512169
v -0.88965088 0.06041221 0.23114683 0.510309 0.509409 0.508936
v -0.88871849 -0.06047288 0.23133111 0.511331 0.510998 0.510842
v -0.07481652 0.79413933 0.14171535 0.501109 0.501109 0.501109
v -0.15133730 0.73872948 0.25986162 0.501515 0.501515 0.501515
v -0.13624918 0.78153634 0.14788103 0.500715 0.500715 0.500715
v -0.17716096 0.75354171 0.20625043 0.500763 0.500763 0.500763
v -0.04978014 0.77561331 0.19628656 0.501031 0.501031 0.501031
v -0.08625606 0.74524379 0.25577578 0.501390 0.501390 0.501390
v -0.07618627 0.86909384 -0.19359061 0.500585 0.500585 0.500585
v -0.16003738 0.86036158 -0.32506225 0.500396 0.500394 0.500393
v -0.14410596 0.85222727 -0.19186200 0.500326 0.500326 0.500326
v -0.18842857 0.84727418 -0.25464815 0.500210 0.500210 0.500210
v -0.05333685 0.88761997 -0.25930703 0.500163 0.500163 0.500163
v -0.09286467 0.88416857 -0.33049729 0.500252 0.500241 0.500236
v 0.10027503 0.80064785 0.13368797 0.500693 0.500693 0.500693
v 0.16248123 0.74694777 0.26193547 0.500925 0.500925 0.500925
v 0.15281340 0.79109877 0.13930799 0.500446 0.500446 0.500446
v 0.18653807 0.76595646 0.20301074 0.500889 0.500889 0.500889
v 0.07390438 0.78100491 0.19318169 0.500560 0.500560 0.500560
v 0.10381503 0.75528044 0.25859082 0.500496 0.500496 0.500496
v 0.09395152 0.89397895 -0.18091461 0.500058 0.500058 0.500058
v 0.15597063 0.85668486 -0.32966635 0.500386 0.500386 0.500386
v 0.15320945 0.86886054 -0.17860651 0.500066 0.500066 0.500066
v 0.19130117 0.85111094 -0.24954782 0.500476 0.500476 0.500476
v 0.06406268 0.89637923 -0.25806373 0.500006 0.500006 0.500006
v 0.08880176 0.87921274 -0.33630079 0.500330 0.500330 0.500330
v -0.44972241 0.60185391 0.39120805 0.509481 0.509434 0.509407
v -0.57445079 0.55291170 0.35278076 0.514066 0.513841 0.513717
v -0.47932923 0.61613345 0.33152068 0.507657 0.507482 0.507385
v -0.54266071 0.59146690 0.31242669 0.511226 0.511013 0.510896
v -0.48216128 0.56468749 0.43459463 0.513315 0.513157 0.513070
v -0.54353231 0.53778362 0.41528153 0.514519 0.514107 0.513880
v -0.05736896 0.68279451 0.43301210 0.502778 0.502778 0.502778
v 0.07851645 0.68119627 0.43242994 0.502469 0.502469 0.502469
v -0.02375073 0.65885502 0.48652384 0.503904 0.503904 0.503904
v 0.04383872 0.65781158 0.48500431 0.503415 0.503415 0.503415
v -0.02268830 0.70673203 0.37550721 0.502034 0.502034 0.502034
v 0.04473050 0.71111679 0.37824908 0.501625 0.501625 0.501625
v -0.35440379 0.55862457 0.56726605 0.513824 0.513531 0.513370
v -0.40425667 0.46424916 0.64737755 0.516778 0.516337 0.516104
v -0.32018673 0.53994024 0.62175578 0.515221 0.515136 0.515088
v -0.34382248 0.49347296 0.66216934 0.518035 0.517923 0.517862
v -0.41670528 0.53557307 0.55330527 0.516172 0.516066 0.516007
v -0.44158527 0.48589656 0.59200943 0.517637 0.517433 0.517331
v -0.54230523 0.72886825 -0.49740618 0.515615 0.515091 0.514837
v -0.58006662 0.58621055 -0.37556937 0.515557 0.515414 0.515346
v -0.52584624 0.69590431 -0.39352304 0.507145 0.506955 0.506853
v -0.55937195 0.63754547 -0.34874061 0.509326 0.509164 0.509077
v -0.52039683 0.64460897 -0.48832086 0.511012 0.510246 0.509886
v -0.55466592 0.58220404 -0.44019952 0.514001 0.513595 0.513404
v -0.09518955 0.89079368 -0.51956463 0.509677 0.509242 0.509009
v 0.09095854 0.87758541 -0.54364395 0.509457 0.509036 0.508812
v -0.04491828 0.83231765 -0.58011824 0.505103 0.504528 0.504253
v 0.05245671 0.82298529 -0.58340198 0.502927 0.502546 0.502364
v -0.03717543 0.90982533 -0.47121632 0.503088 0.503069 0.503060
v 0.05088975 0.90907890 -0.48229548 0.503265 0.503221 0.503198
v -0.38178238 0.65827852 -0.63212460 0.519416 0.517943 0.517247
v -0.40551674 0.49559593 -0.67335522 0.508677 0.508130 0.507872
v -0.34177420 0.63021851 -0.69013667 0.509013 0.507993 0.507517
v -0.35611206 0.54749155 -0.70899093 0.507414 0.506757 0.506447
v -0.43409327 0.60626638 -0.59079957 0.509349 0.508742 0.508456
v -0.44264105 0.52335846 -0.61162293 0.509283 0.508846 0.508641
v -0.74337631 0.44655624 -0.06887333 0.513933 0.513736 0.513642
v -0.75312984 0.45178258 0.07207199 0.515288 0.514841 0.514623
v -0.71252906 0.49474132 -0.03484229 0.512097 0.511887 0.511785
v -0.71716225 0.49373263 0.03505118 0.512206 0.511829 0.511632
v -0.77740067 0.39836323 -0.03268986 0.515867 0.515637 0.515528
v -0.78195459 0.39926344 0.03824772 0.517601 0.517323 0.517192
v -0.64327389 0.40745082 -0.46185881 0.513993 0.513723 0.513595
v -0.56505853 0.35997030 -0.58094293 0.512351 0.511912 0.511706
v -0.65723294 0.34513628 -0.49180448 0.513641 0.513295 0.513132
v -0.61769694 0.32103080 -0.55192214 0.512231 0.511771 0.511555
v -0.58792233 0.45139787 -0.49078739 0.513213 0.512982 0.512873
v -0.54981744 0.42809215 -0.55056262 0.512271 0.511858 0.511663
v -0.81845951 0.28809482 -0.16939844 0.518276 0.517938 0.517778
v -0.86250627 0.17727320 -0.09831026 0.518291 0.517857 0.517652
v -0.83662522 0.23487630 -0.20053872 0.520159 0.519838 0.519686
v -0.85473114 0.17765194 -0.16461819 0.517860 0.517437 0.517232
v -0.82623369 0.28872466 -0.10071754 0.516816 0.516421 0.516236
v -0.84863853 0.23386408 -0.06471198 0.518395 0.517955 0.517747
v -0.64389175 0.40570095 0.46469215 0.516291 0.515947 0.515784
v -0.57843256 0.36637220 0.58490580 0.520804 0.520493 0.520347
v -0.66160667 0.34915274 0.49772817 0.515850 0.515549 0.515407
v -0.63086522 0.33165619 0.56005901 0.519073 0.518579 0.518347
v -0.59559983 0.44552818 0.49483824 0.519354 0.519153 0.519057
v -0.56212842 0.42556345 0.55455494 0.520425 0.520169 0.520046
v -0.84499449 0.29793969 0.17263757 0.516616 0.516148 0.515928
v -0.88247710 0.17974731 0.10699624 0.521608 0.521073 0.520811
v -0.85859871 0.23962371 0.20395766 0.516762 0.516180 0.515905
v -0.89007109 0.18405636 0.17143233 0.517889 0.517187 0.516845
v -0.84091794 0.29248464 0.10856635 0.521222 0.520854 0.520681
v -0.85846943 0.23533380 0.07316528 0.523940 0.523581 0.523412
v 0.45731294 0.62356293 0.40228489 0.505679 0.505666 0.505658
v 0.58251125 0.56646097 0.36733669 0.508568 0.508467 0.508411
v 0.48805171 0.63488984 0.34666458 0.505406 0.505366 0.505344
v 0.54821867 0.60876065 0.32699487 0.507425 0.507360 0.507324
v 0.48775873 0.57778782 0.43739036 0.507691 0.507584 0.507525
v 0.55357671 0.54858756 0.42077076 0.507474 0.507134 0.506947
v 0.34543270 0.55487984 0.55319345 0.509792 0.509704 0.509655
v 0.39178938 0.44900957 0.62742054 0.509958 0.509427 0.509141
v 0.30653942 0.53075445 0.60356236 0.511421 0.511319 0.511262
v 0.33254817 0.47988003 0.64321291 0.512491 0.512381 0.512321
v 0.40872338 0.52983809 0.54091823 0.510817 0.510782 0.510763
v 0.43199492 0.47657481 0.57710910 0.511074 0.510951 0.510888
v 0.54131430 0.72529024 -0.48538125 0.512156 0.511605 0.511335
v 0.58846235 0.58715487 -0.38618514 0.512481 0.512381 0.512333
v 0.52444082 0.68955714 -0.39502028 0.511067 0.510859 0.510748
v 0.56705666 0.64241332 -0.35542786 0.510656 0.510565 0.510519
v 0.53016198 0.65030420 -0.49508822 0.511162 0.510472 0.510148
v 0.56670338 0.58469325 -0.45148575 0.513517 0.513222 0.513083
v 0.39405695 0.64576238 -0.63364768 0.511729 0.510465 0.509869
v 0.43114564 0.50513822 -0.69593066 0.510493 0.509948 0.509692
v 0.35375038 0.61996520 -0.69112712 0.510227 0.509074 0.508532
v 0.37357199 0.54780787 -0.72107071 0.508013 0.507283 0.506940
v 0.45314926 0.60457915 -0.60498822 0.510221 0.509348 0.508934
v 0.46963564 0.53321445 -0.63528383 0.508759 0.508394 0.508221
v 0.75039917 0.45544076 -0.07517878 0.511735 0.511694 0.511675
v 0.74676490 0.45074499 0.06494895 0.510201 0.510125 0.510089
v 0.72129250 0.50339401 -0.04119842 0.509519 0.509463 0.509436
v 0.71671993 0.49925900 0.02979032 0.508859 0.508789 0.508755
v 0.78092521 0.40263033 -0.04027913 0.513121 0.513076 0.513055
v 0.78058410 0.40156087 0.03026690 0.513190 0.513135 0.513109
v 0.66536117 0.41791049 -0.48203456 0.517139 0.516889 0.516771
v 0.59690356 0.38089386 -0.61166137 0.519952 0.519585 0.519412
v 0.68866682 0.36192906 -0.51913083 0.518471 0.518119 0.517954
v 0.65011919 0.34044927 -0.57926661 0.519442 0.519045 0.518858
v 0.61828160 0.46616787 -0.51350033 0.516598 0.516444 0.516372
v 0.58006561 0.44614896 -0.57821512 0.517934 0.517622 0.517475
v 0.82991248 0.29363436 -0.18572642 0.514440 0.514296 0.514228
v 0.87791210 0.17732704 -0.10995473 0.514933 0.514756 0.514673
v 0.85068041 0.23707820 -0.22004177 0.514796 0.514647 0.514577
v 0.87415743 0.17783284 -0.18148033 0.514387 0.514162 0.514055
v 0.83556563 0.29400080 -0.11176792 0.513635 0.513505 0.513444
v 0.85941482 0.23511767 -0.07492431 0.513796 0.513720 0.513685
v 0.65321201 0.40913895 0.46473563 0.509051 0.508858 0.508767
v 0.56778240 0.35601389 0.56947500 0.511954 0.511708 0.511592
v 0.66603678 0.35165879 0.49551547 0.510169 0.510011 0.509937
v 0.62393630 0.32410455 0.54660839 0.512938 0.512693 0.512578
v 0.59546256 0.44054157 0.48521301 0.511705 0.511544 0.511465
v 0.55309021 0.41462547 0.53848755 0.511533 0.511324 0.511226
v 0.81676853 0.28825599 0.16730206 0.511118 0.511037 0.510999
v 0.87142247 0.17560236 0.09764948 0.513418 0.513210 0.513106
v 0.83079433 0.22963794 0.20071931 0.510973 0.510913 0.510885
v 0.85840732 0.17416556 0.16533273 0.512382 0.512247 0.512184
v 0.83002037 0.29199240 0.09981737 0.512764 0.512665 0.512618
v 0.85933119 0.23459247 0.06592548 0.515550 0.515451 0.515403
v -0.07786535 -0.88706702 0.18653473 0.500114 0.500114 0.500114
v -0.15948977 -0.84309518 0.32588521 0.500559 0.500556 0.500554
v -0.15012385 -0.86209178 0.18262002 0.500488 0.500488 0.500488
v -0.18884543 -0.83682746 0.24872069 0.500314 0.500314 0.500314
v -0.04460070 -0.89041251 0.25891221 0.500283 0.500283 0.500283
v -0.08517259 -0.87421840 0.32846081 0.500089 0.500087 0.500087
v -0.11921714 -0.87952739 -0.17001942 0.500815 0.500815 0.500815
v -0.19149764 -0.85974979 -0.30511263 0.503074 0.503074 0.503074
v -0.18805960 -0.94783169 -0.20292683 0.501777 0.501777 0.501777
v -0.22644077 -0.91988456 -0.26534641 0.511020 0.511020 0.511020
v -0.08578839 -0.83733356 -0.21920221 0.501518 0.501518 0.501518
v -0.12198663 -0.82851768 -0.28610960 0.501688 0.501688 0.501688
v 0.09462371 -0.90778160 0.20756084 0.500021 0.500021 0.500021
v 0.16732374 -0.88789868 0.42575458 0.501748 0.501746 0.501745
v 0.15093097 -0.89019805 0.20684162 0.500446 0.500446 0.500446
v 0.19159117 -0.87242323 0.30717221 0.500593 0.500593 0.500593
v 0.07283503 -0.92073292 0.29512694 0.500000 0.500000 0.500000
v 0.10756618 -0.91014940 0.40674683 0.500503 0.500502 0.500502
v 0.12008955 -0.88437241 -0.17087808 0.500749 0.500749 0.500749
v 0.18694665 -0.85182256 -0.30084625 0.502720 0.502720 0.502720
v 0.18431745 -0.94927400 -0.20434621 0.501593 0.501593 0.501593
v 0.21896142 -0.93324625 -0.27620408 0.511527 0.511527 0.511527
v 0.08316547 -0.84030700 -0.21983725 0.500834 0.500834 0.500834
v 0.11796182 -0.82274836 -0.28386781 0.500974 0.500974 0.500974
v -0.46671098 -0.68625569 0.46915087 0.513608 0.513601 0.513598
v -0.60092121 -0.60850167 0.38409775 0.511903 0.511840 0.511810
v -0.52956992 -0.70216984 0.39738214 0.510835 0.510834 0.510833
v -0.58058292 -0.66208214 0.35336381 0.509337 0.509331 0.509327
v -0.48243269 -0.64247936 0.50488293 0.514968 0.514831 0.514767
v -0.56029493 -0.59885502 0.45846105 0.513685 0.513549 0.513484
v -0.12944758 -0.95213342 0.62878358 0.506621 0.506586 0.506571
v 0.07951707 -0.89900404 0.54396218 0.501569 0.501469 0.501422
v -0.04620551 -0.87786680 0.64984292 0.504468 0.504407 0.504379
v 0.03789050 -0.84184098 0.58683431 0.502818 0.502719 0.502672
v -0.02935805 -0.93958944 0.50581670 0.501826 0.501820 0.501816
v 0.04605645 -0.94440663 0.51889455 0.502566 0.502526 0.502506
v -0.42482129 -0.69159299 0.68447238 0.510172 0.509579 0.509300
v -0.43939576 -0.51551849 0.70622486 0.514595 0.513685 0.513257
v -0.36925203 -0.63260508 0.70822370 0.506465 0.505636 0.505245
v -0.38551843 -0.55165356 0.72995323 0.508601 0.507690 0.507262
v -0.44753644 -0.63288891 0.63926983 0.527264 0.526503 0.526145
v -0.46726936 -0.55303538 0.65147221 0.521482 0.520627 0.520223
v -0.44474870 -0.61240417 -0.38737720 0.505852 0.505762 0.505719
v -0.56465441 -0.54815745 -0.34894440 0.507496 0.507243 0.507125
v -0.47372413 -0.62547034 -0.33139580 0.502989 0.502941 0.502919
v -0.53002638 -0.58555627 -0.30968940 0.504833 0.504725 0.504673
v -0.47652769 -0.57038385 -0.42955604 0.509015 0.508803 0.508704
v -0.53639716 -0.53971434 -0.41013354 0.509916 0.509641 0.509511
v -0.06901143 -0.74475068 -0.45227832 0.502712 0.502712 0.502712
v 0.07381983 -0.74510217 -0.45635450 0.503777 0.503777 0.503777
v -0.03065038 -0.72858053 -0.51117420 0.503238 0.503238 0.503238
v 0.03808299 -0.73543060 -0.51816744 0.504551 0.504551 0.504551
v -0.03449588 -0.76848328 -0.39714172 0.502248 0.502248 0.502248
v 0.03901364 -0.76542670 -0.39887589 0.501845 0.501845 0.501845
v -0.35384139 -0.56121695 -0.56250858 0.509701 0.509467 0.509357
v -0.39539140 -0.46273053 -0.63753241 0.515979 0.515536 0.515328
v -0.32046986 -0.53859884 -0.61575133 0.510805 0.510411 0.510227
v -0.34394953 -0.49275488 -0.65486830 0.513345 0.512868 0.512644
v -0.40980342 -0.53607666 -0.54850239 0.511645 0.511291 0.511125
v -0.43160743 -0.48275262 -0.58329129 0.514193 0.513674 0.513430
v -0.73894113 -0.44279912 -0.06717108 0.513038 0.512579 0.512350
v -0.74629295 -0.44943017 0.07671506 0.511762 0.511209 0.510937
v -0.71113729 -0.49144012 -0.03011457 0.510190 0.509896 0.509757
v -0.71302617 -0.49303272 0.04242401 0.509781 0.509465 0.509314
v -0.77358121 -0.39492574 -0.03160083 0.511710 0.510987 0.510632
v -0.77839172 -0.39746100 0.04043387 0.510954 0.510101 0.509688
v -0.63125843 -0.39509678 -0.45078573 0.514524 0.514138 0.513955
v -0.55717909 -0.35330692 -0.56941426 0.514480 0.513962 0.513718
v -0.64682549 -0.34020445 -0.48443401 0.515322 0.514918 0.514728
v -0.60760653 -0.31698963 -0.54067904 0.515961 0.515505 0.515290
v -0.57757968 -0.43336850 -0.48024964 0.514078 0.513684 0.513498
v -0.54075098 -0.41095731 -0.53721219 0.513317 0.512849 0.512628
v -0.81649876 -0.28792879 -0.17299631 0.515944 0.515357 0.515081
v -0.86407143 -0.17699613 -0.10072833 0.509993 0.509842 0.509770
v -0.83109641 -0.23322448 -0.20213132 0.516408 0.515865 0.515610
v -0.85582817 -0.17775340 -0.16778912 0.513012 0.512672 0.512511
v -0.82437879 -0.28875643 -0.10377906 0.514162 0.513557 0.513272
v -0.85095412 -0.23466814 -0.06748087 0.514768 0.514219 0.513960
v -0.64446586 -0.41686797 0.46842846 0.511240 0.510379 0.509974
v -0.57880038 -0.37665206 0.58990443 0.513295 0.512344 0.511896
v -0.66021818 -0.35247564 0.49749470 0.511792 0.510951 0.510555
v -0.62780976 -0.33315384 0.55774969 0.513215 0.512287 0.511850
v -0.59578395 -0.46637270 0.50522894 0.510119 0.509193 0.508751
v -0.56669879 -0.44836438 0.56708813 0.512654 0.511654 0.511184
v -0.84208280 -0.29961109 0.17427991 0.514273 0.513571 0.513241
v -0.88169223 -0.17947049 0.10642213 0.512960 0.512546 0.512351
v -0.85864741 -0.24229069 0.20458356 0.514509 0.513853 0.513544
v -0.88712609 -0.18402398 0.17161715 0.509872 0.509616 0.509495
v -0.83888131 -0.29426017 0.10797166 0.515803 0.515016 0.514645
v -0.85874760 -0.23613310 0.07221388 0.518277 0.517499 0.517133
v 0.47678009 -0.69467294 0.45449099 0.506896 0.506878 0.506870
v 0.58372295 -0.58828986 0.38433477 0.507605 0.507479 0.507419
v 0.50479156 -0.68905777 0.37841356 0.504160 0.504155 0.504153
v 0.55703992 -0.63827771 0.34582517 0.504034 0.504006 0.503994
v 0.50998092 -0.64429510 0.49919590 0.505289 0.505153 0.505089
v 0.56381249 -0.58874977 0.45662889 0.505700 0.505548 0.505476
v 0.41157350 -0.67740422 0.70263892 0.508825 0.508524 0.508382
v 0.42761606 -0.51108670 0.68747497 0.511227 0.510744 0.510517
v 0.36815727 -0.63065618 0.71184826 0.504320 0.503788 0.503537
v 0.38185927 -0.55599159 0.72673500 0.505879 0.505262 0.504972
v 0.44334093 -0.62133217 0.70525706 0.523490 0.523016 0.522793
v 0.47501817 -0.54825068 0.65480459 0.517601 0.517210 0.517025
v 0.46369773 -0.62494403 -0.40897113 0.505672 0.505623 0.505600
v 0.58339423 -0.55661100 -0.37089789 0.511160 0.510951 0.510852
v 0.48999161 -0.63731098 -0.34884220 0.503756 0.503727 0.503713
v 0.55019492 -0.59921527 -0.33115244 0.505893 0.505821 0.505786
v 0.49951577 -0.58255059 -0.45527521 0.510717 0.510512 0.510416
v 0.55822331 -0.54880548 -0.43197203 0.513551 0.513306 0.513189
v 0.37434414 -0.58168858 -0.58474231 0.513467 0.513111 0.512943
v 0.42034066 -0.47782707 -0.65604806 0.520019 0.519403 0.519113
v 0.33921421 -0.56240332 -0.63606179 0.510562 0.510085 0.509861
v 0.35999751 -0.50574350 -0.66689432 0.514659 0.514008 0.513702
v 0.43446979 -0.55702406 -0.57395524 0.513230 0.512576 0.512269
v 0.45883766 -0.50797153 -0.61131042 0.516998 0.516189 0.515808
v 0.75289494 -0.45687258 -0.07530481 0.508398 0.507995 0.507792
v 0.74995345 -0.45373189 0.06681636 0.506222 0.505829 0.505632
v 0.72271734 -0.50698757 -0.03956984 0.507678 0.507463 0.507354
v 0.72138107 -0.50363427 0.03115406 0.507574 0.507312 0.507178
v 0.78224933 -0.40440035 -0.03973686 0.507309 0.506735 0.506452
v 0.78181100 -0.40385860 0.03147540 0.508016 0.507504 0.507254
v 0.66493344 -0.41922620 -0.47779319 0.518429 0.518044 0.517858
v 0.58757633 -0.37507883 -0.59863007 0.520568 0.519907 0.519596
v 0.68543810 -0.35982022 -0.51198214 0.518100 0.517653 0.517442
v 0.64515495 -0.33790416 -0.57240224 0.519118 0.518600 0.518356
v 0.61442155 -0.46075580 -0.50929469 0.517034 0.516627 0.516436
v 0.57303530 -0.43768686 -0.56740254 0.518355 0.517800 0.517539
v 0.83020437 -0.29426372 -0.18318269 0.509452 0.508935 0.508691
v 0.87741250 -0.17798303 -0.10764396 0.509365 0.508849 0.508606
v 0.85124874 -0.23810527 -0.21660313 0.510498 0.509993 0.509755
v 0.87423187 -0.17781122 -0.17794858 0.509899 0.509367 0.509116
v 0.83484763 -0.29446384 -0.11021540 0.508386 0.507877 0.507637
v 0.86136615 -0.23693652 -0.07205401 0.508568 0.508074 0.507842
v 0.66513258 -0.42763454 0.48002744 0.508678 0.508332 0.508169
v 0.56506771 -0.37134013 0.57125211 0.510905 0.510483 0.510283
v 0.66579992 -0.35913965 0.49771965 0.509659 0.509355 0.509212
v 0.62080979 -0.33151382 0.54677916 0.511268 0.510880 0.510697
v 0.61387348 -0.47159952 0.50660670 0.508060 0.507596 0.507378
v 0.56219459 -0.44567028 0.55349177 0.510364 0.509900 0.509681
v 0.81419277 -0.28980881 0.16835414 0.506822 0.506429 0.506243
v 0.86923802 -0.17826933 0.09875144 0.505419 0.505217 0.505121
v 0.82991564 -0.23194742 0.20150897 0.505565 0.505297 0.505171
v 0.85650694 -0.17672941 0.16591446 0.503515 0.503406 0.503354
v 0.82854271 -0.29273134 0.10054346 0.507706 0.507255 0.507042
v 0.85963660 -0.23827586 0.06558389 0.508709 0.508281 0.508080
v 0.18201359 -0.10725980 0.89923668 0.513813 0.512789 0.512307
v 0.29997206 -0.17829065 0.85124767 0.512306 0.511479 0.511091
v 0.18227684 -0.17458610 0.89622325 0.512143 0.511164 0.510704
v 0.24141544 -0.21156061 0.87077963 0.510204 0.509300 0.508875
v 0.24186641 -0.07357849 0.88251078 0.513809 0.512994 0.512610
v 0.30235529 -0.10892402 0.86302686 0.513910 0.513027 0.512611
v -0.18434452 -0.10832530 0.90233731 0.513767 0.512691 0.512186
v -0.30637753 -0.17853075 0.86824006 0.517214 0.516138 0.515631
v -0.18968007 -0.17450286 0.91677904 0.513276 0.512044 0.511464
v -0.24458991 -0.21094920 0.88151324 0.511286 0.510342 0.509896
v -0.24254476 -0.07351239 0.88360739 0.514148 0.513694 0.513480
v -0.30387330 -0.10815762 0.87037408 0.516432 0.515551 0.515134
v 0.18466274 0.10076490 0.89902514 0.520640 0.520166 0.519944
v 0.30343363 0.17462748 0.84323931 0.518010 0.517646 0.517474
v 0.18460169 0.16960552 0.88499033 0.518529 0.518328 0.518232
v 0.24349448 0.20641124 0.85811704 0.514998 0.514932 0.514901
v 0.24396752 0.06728818 0.88040185 0.515203 0.514534 0.514219
v 0.30451134 0.10409256 0.85501885 0.516208 0.515514 0.515187
v -0.18461198 0.10319647 0.88973570 0.528359 0.527983 0.527808
v -0.30788466 0.17797038 0.86684901 0.530414 0.530145 0.530019
v -0.19243474 0.17455097 0.90057009 0.528380 0.528175 0.528077
v -0.24898720 0.20866705 0.87313306 0.527608 0.527365 0.527251
v -0.24556454 0.06956168 0.88516831 0.523753 0.523221 0.522971
v -0.30702630 0.10703191 0.87056488 0.526010 0.525490 0.525245
v 0.46615678 -0.07057294 0.77525377 0.517336 0.516921 0.516725
v 0.46524900 0.06902348 0.77259380 0.518048 0.517669 0.517491
v 0.51676828 -0.03447938 0.74494636 0.511752 0.511510 0.511394
v 0.51675338 0.03316680 0.74456739 0.511329 0.511127 0.511031
v 0.42022693 -0.03728372 0.81565106 0.517754 0.517324 0.517121
v 0.41789490 0.03294073 0.81223166 0.518740 0.518340 0.518151
v -0.46867615 -0.07185397 0.78679371 0.513967 0.513335 0.513039
v -0.46908468 0.07167491 0.78644025 0.520832 0.520174 0.519864
v -0.52013355 -0.03500228 0.75555134 0.510375 0.509904 0.509683
v -0.52076858 0.03623524 0.75570226 0.512967 0.512348 0.512056
v -0.41755769 -0.03593853 0.82275903 0.512276 0.512073 0.511978
v -0.41687876 0.03582267 0.81998718 0.518838 0.518426 0.518233
v 0.19005813 -0.10641196 -0.87625939 0.528344 0.526652 0.525857
v 0.31658021 -0.18328461 -0.85103023 0.525986 0.524343 0.523570
v 0.19000439 -0.17509350 -0.87554777 0.526716 0.525093 0.524329
v 0.25156152 -0.21045305 -0.85430521 0.523951 0.522325 0.521560
v 0.25369912 -0.07262946 -0.86429965 0.525483 0.524301 0.523744
v 0.31768310 -0.12009414 -0.85555643 0.529233 0.527684 0.526957
v -0.18014064 -0.10902376 -0.88201392 0.523910 0.522825 0.522318
v -0.29721606 -0.17929919 -0.84183514 0.523112 0.522137 0.521679
v -0.18236363 -0.17594300 -0.88506794 0.524902 0.523716 0.523158
v -0.24028596 -0.21044934 -0.85569209 0.522968 0.521841 0.521310
v -0.23584552 -0.07156917 -0.86452055 0.524138 0.523441 0.523113
v -0.29557911 -0.11114890 -0.84034085 0.527319 0.526442 0.526029
v 0.19566067 0.11566385 -0.92746943 0.524731 0.513964 0.508108
v 0.31845745 0.19071527 -0.89301962 0.520155 0.511096 0.506168
v 0.21073268 0.18522276 -0.99197084 0.527703 0.515758 0.509258
v 0.26094228 0.22527012 -0.92866695 0.522069 0.512212 0.506852
v 0.25436059 0.07902350 -0.88737071 0.523226 0.514778 0.510184
v 0.31784868 0.11883146 -0.88215446 0.522492 0.514509 0.510167
v -0.18773536 0.11733189 -0.91624528 0.522976 0.513315 0.508061
v -0.32188469 0.19388762 -0.90243667 0.518812 0.510968 0.506702
v -0.19631235 0.19074097 -0.94558775 0.523634 0.513036 0.507270
v -0.26323560 0.23148482 -0.92823303 0.519044 0.510431 0.505748
v -0.24195626 0.08133622 -0.88111389 0.522507 0.515916 0.512331
v -0.30681741 0.11828100 -0.87214971 0.521641 0.515317 0.511877
v 0.47648346 -0.07939993 -0.77570373 0.521246 0.520238 0.519764
v 0.47671139 0.08136979 -0.79002589 0.523170 0.520835 0.519609
v 0.52209467 -0.03898336 -0.74818277 0.519975 0.518850 0.518318
v 0.52229697 0.04121131 -0.75242984 0.521503 0.519935 0.519134
v 0.42073587 -0.03962382 -0.80150121 0.524958 0.523765 0.523200
v 0.42338881 0.04199918 -0.81414926 0.523918 0.521248 0.519877
v -0.45707679 -0.07054605 -0.75973135 0.519312 0.518946 0.518773
v -0.45872688 0.07992970 -0.77144438 0.517622 0.515814 0.514847
v -0.49779099 -0.03447673 -0.71574306 0.519321 0.518838 0.518608
v -0.50071257 0.04045599 -0.72664922 0.518320 0.516845 0.516067
v -0.40403104 -0.03309271 -0.78755522 0.521019 0.520474 0.520212
v -0.40692487 0.04603140 -0.79799068 0.516645 0.514869 0.513937
v -0.38831553 0.73661381 0.04425186 0.501146 0.501145 0.501145
v -0.39175570 0.75240159 -0.05654024 0.501026 0.501026 0.501026
v -0.32511950 0.75807226 0.04488833 0.500395 0.500395 0.500395
v -0.33182025 0.77111822 -0.06240386 0.500143 0.500143 0.500143
v -0.47810939 0.69838703 0.07791837 0.503335 0.503332 0.503330
v -0.35979861 0.73423338 0.09591934 0.501156 0.501156 0.501155
v -0.45883346 0.69039702 0.13395789 0.503993 0.503970 0.503957
v -0.48193356 0.70645505 -0.09042583 0.501963 0.501942 0.501930
v -0.37168905 0.76387405 -0.11506882 0.500859 0.500859 0.500859
v -0.47182989 0.72153163 -0.15462935 0.502133 0.502123 0.502118
v -0.52912551 0.66388130 -0.00524937 0.504727 0.504706 0.504694
v -0.52220541 0.67940718 -0.13321273 0.503750 0.503722 0.503706
v -0.56814057 0.63092339 -0.03958097 0.505684 0.505641 0.505617
v -0.51515800 0.66581231 0.11616559 0.505365 0.505361 0.505359
v -0.56970274 0.62629789 0.02621938 0.507942 0.507918 0.507904
v 0.38993654 0.75908840 0.04043769 0.501316 0.501316 0.501316
v 0.39965999 0.77358377 -0.05514105 0.501800 0.501800 0.501800
v 0.32952386 0.78087711 0.04137339 0.501048 0.501048 0.501048
v 0.33749172 0.79584455 -0.05984214 0.500676 0.500676 0.500676
v 0.47825328 0.71757185 0.07533628 0.502839 0.502839 0.502839
v 0.36205903 0.75513244 0.09184329 0.500824 0.500824 0.500824
v 0.45986930 0.71117932 0.13171396 0.502941 0.502937 0.502935
v 0.48893166 0.73174715 -0.08913766 0.503346 0.503329 0.503320
v 0.37703940 0.78160453 -0.11035469 0.500685 0.500685 0.500685
v 0.47483504 0.73445809 -0.15066083 0.503738 0.503728 0.503723
v 0.53248042 0.69564515 -0.00465268 0.503390 0.503362 0.503346
v 0.52454859 0.70284992 -0.13008355 0.505087 0.505071 0.505062
v 0.57468003 0.66429842 -0.03698855 0.503889 0.503851 0.503830
v 0.51882762 0.68940902 0.11856341 0.503730 0.503729 0.503729
v 0.57216722 0.66088670 0.02789070 0.503908 0.503855 0.503825
v -0.40776056 -0.78786457 0.04611005 0.500646 0.500646 0.500646
v -0.40875590 -0.80486929 -0.05994005 0.500769 0.500769 0.500769
v -0.34789360 -0.81514597 0.04616392 0.500767 0.500767 0.500767
v -0.36018568 -0.85584599 -0.06497085 0.501219 0.501219 0.501219
v -0.49963704 -0.73434681 0.08423170 0.502925 0.502925 0.502925
v -0.38400221 -0.79181391 0.10396056 0.500638 0.500638 0.500638
v -0.48710454 -0.74616462 0.14687252 0.503455 0.503455 0.503455
v -0.48192015 -0.73101711 -0.08499209 0.502614 0.502614 0.502614
v -0.39806730 -0.84380025 -0.12134166 0.500838 0.500838 0.500838
v -0.46036315 -0.73625600 -0.14517480 0.502212 0.502211 0.502211
v -0.53603119 -0.68715960 0.00294725 0.503675 0.503674 0.503674
v -0.51150566 -0.69058275 -0.11926381 0.502301 0.502297 0.502295
v -0.57291508 -0.65015829 -0.02529375 0.503765 0.503751 0.503745
v -0.53461468 -0.70274776 0.12764394 0.503746 0.503746 0.503746
v -0.57666832 -0.65422827 0.03773345 0.504356 0.504349 0.504345
v 0.41355804 -0.80811363 0.04734415 0.501310 0.501310 0.501310
v 0.41118425 -0.81755000 -0.06020895 0.501436 0.501436 0.501436
v 0.35302764 -0.83209765 0.05025125 0.501208 0.501208 0.501208
v 0.36210680 -0.86416411 -0.06635471 0.501412 0.501412 0.501412
v 0.50412506 -0.76077074 0.08477620 0.502333 0.502333 0.502333
v 0.38836342 -0.81089103 0.10916963 0.501368 0.501368 0.501368
v 0.49456203 -0.77067745 0.14859179 0.502842 0.502842 0.502842
v 0.48970678 -0.74420351 -0.08874990 0.501665 0.501665 0.501665
v 0.39978024 -0.85096061 -0.12278341 0.500824 0.500824 0.500824
v 0.47345540 -0.75187767 -0.14870460 0.501528 0.501527 0.501527
v 0.54822582 -0.70805430 -0.00074683 0.502472 0.502472 0.502472
v 0.52404541 -0.70425439 -0.12745915 0.501631 0.501626 0.501624
v 0.58354378 -0.66999435 -0.03362060 0.503070 0.503063 0.503060
v 0.53886932 -0.72580725 0.12668478 0.502987 0.502987 0.502987
v 0.58658254 -0.67299837 0.03178126 0.503139 0.503138 0.503137
v 0.01515214 -0.69147408 0.90453005 0.506679 0.506422 0.506301
v -0.07867570 -0.65053272 0.87889946 0.528488 0.526339 0.525327
v -0.11005557 -0.69221210 0.86584914 0.513513 0.513326 0.513238
v -0.16474874 -0.66860509 0.88565075 0.518264 0.516837 0.516165
v 0.10811190 -0.56524837 0.85101032 0.506144 0.505404 0.505055
v 0.01358375 -0.68019408 0.82376647 0.506768 0.506630 0.506565
v 0.15467572 -0.62955809 0.81961310 0.506915 0.506035 0.505620
v 0.05525320 -0.44475168 0.86549586 0.507624 0.506627 0.506157
v -0.06112335 -0.45762450 0.86641628 0.509439 0.508293 0.507754
v 0.05791591 -0.37682405 0.88492352 0.508127 0.507116 0.506640
v -0.06357730 -0.37820143 0.89447153 0.508482 0.507436 0.506944
v 0.17654578 -0.55996650 0.84080875 0.511342 0.509929 0.509265
v 0.11908400 -0.41866276 0.86707890 0.508777 0.507764 0.507287
v -0.18312109 -0.55365813 0.84606206 0.508896 0.507782 0.507260
v -0.12460519 -0.41952264 0.87312108 0.503556 0.502982 0.502713
v 0.00196507 0.53188908 0.71246421 0.514188 0.514153 0.514134
v -0.08639836 0.49290958 0.75582159 0.515122 0.514864 0.514721
v -0.02978791 0.55781043 0.67026663 0.512481 0.512475 0.512471
v -0.12519932 0.51905531 0.71860707 0.516251 0.516248 0.516247
v 0.08512516 0.49625242 0.75383878 0.514221 0.513754 0.513497
v 0.03577447 0.55610418 0.66753471 0.513585 0.513564 0.513552
v 0.12189403 0.51802510 0.71086216 0.514707 0.514697 0.514691
v 0.05413869 0.41894475 0.81470346 0.515609 0.515284 0.515127
v -0.05559764 0.41948363 0.81757033 0.515628 0.515347 0.515211
v 0.06091474 0.35982066 0.84304166 0.514915 0.514454 0.514236
v -0.06127587 0.36081493 0.84495497 0.515869 0.515403 0.515184
v 0.14419284 0.47995204 0.75522798 0.515355 0.515302 0.515277
v 0.11098827 0.39314440 0.81968945 0.516191 0.515873 0.515723
v -0.14723253 0.47561890 0.75793874 0.519343 0.519331 0.519326
v -0.12041056 0.39459607 0.82859010 0.517887 0.517653 0.517543
v 0.00401598 -0.56558734 -0.73754585 0.513253 0.512903 0.512739
v -0.08451217 -0.50587434 -0.76565015 0.511999 0.511183 0.510800
v -0.02899937 -0.59970921 -0.70106822 0.506429 0.506390 0.506372
v -0.12294014 -0.53607941 -0.72950792 0.510584 0.509983 0.509701
v 0.08598331 -0.50636858 -0.75824898 0.512688 0.511784 0.511359
v 0.04086373 -0.60629708 -0.70053333 0.508207 0.508148 0.508121
v 0.12849206 -0.54718518 -0.73233557 0.512033 0.511338 0.511009
v 0.05068865 -0.41534960 -0.80372715 0.515457 0.514230 0.513649
v -0.05519418 -0.41683826 -0.81107289 0.515093 0.513906 0.513344
v 0.05494009 -0.35571373 -0.82649279 0.519001 0.517594 0.516931
v -0.05819329 -0.35613012 -0.83036101 0.518571 0.517260 0.516642
v 0.14765821 -0.48830298 -0.75781596 0.516466 0.515552 0.515122
v 0.10984245 -0.39027518 -0.80765355 0.518380 0.517216 0.516669
v -0.14719769 -0.48684981 -0.76589602 0.515286 0.514586 0.514256
v -0.11140241 -0.39105964 -0.81470793 0.518319 0.517344 0.516884
v -0.00125852 0.61568666 -0.79985434 0.510240 0.508953 0.508343
v -0.09429056 0.55449522 -0.83048868 0.491123 0.490931 0.490824
v -0.04089120 0.66957152 -0.76947707 0.505485 0.504628 0.504204
v -0.14162676 0.60095221 -0.79614913 0.502715 0.501942 0.501538
v 0.09506531 0.55209607 -0.83514112 0.495025 0.494614 0.494389
v 0.03595399 0.67089850 -0.76972365 0.508721 0.507663 0.507148
v 0.14072095 0.60381722 -0.80759972 0.493279 0.492982 0.492819
v 0.05818999 0.45342830 -0.89163166 0.513733 0.510547 0.508902
v -0.05810029 0.45680836 -0.89213210 0.513127 0.510154 0.508626
v 0.06468666 0.39134404 -0.92987132 0.514615 0.508236 0.504768
v -0.06420810 0.39454910 -0.93010032 0.514487 0.508074 0.504590
v 0.16105953 0.53323096 -0.83837301 0.502723 0.501757 0.501241
v 0.12280111 0.42484659 -0.89958394 0.514919 0.510225 0.507717
v -0.16315824 0.54099244 -0.83286464 0.510209 0.508838 0.508163
v -0.12168594 0.43041050 -0.90003204 0.514655 0.510281 0.507953
v 0.78614539 0.08536635 -0.51259220 0.518687 0.518062 0.517754
v 0.83711267 0.04841994 -0.41951507 0.517220 0.516463 0.516088
v 0.78858787 0.15176080 -0.49879175 0.520089 0.519487 0.519189
v 0.83597636 0.10581174 -0.40000269 0.516293 0.515672 0.515370
v 0.78544301 -0.09092092 -0.51141870 0.513170 0.512797 0.512621
v 0.83451468 -0.05271690 -0.41799599 0.517715 0.517103 0.516817
v 0.78706938 -0.15596074 -0.49955657 0.515137 0.514606 0.514356
v 0.83707339 -0.10953422 -0.40210477 0.516338 0.515796 0.515542
v 0.74463081 -0.00235172 -0.55854505 0.516498 0.515906 0.515608
v 0.74735731 -0.13137695 -0.54748082 0.520033 0.519565 0.519344
v 0.70648152 -0.03721640 -0.60499382 0.522387 0.521734 0.521421
v 0.75211298 0.12950347 -0.55128479 0.520411 0.519782 0.519470
v 0.71075875 0.03293456 -0.60832411 0.516544 0.514951 0.514120
v 0.86035216 0.05115782 -0.36629751 0.516354 0.515598 0.515226
v 0.86084807 -0.05579599 -0.36552772 0.514000 0.513883 0.513829
v 0.78664500 0.08757959 0.51884854 0.512990 0.512822 0.512742
v 0.82230115 0.05181604 0.42696381 0.510808 0.510638 0.510558
v 0.77816498 0.14915526 0.49769276 0.514249 0.514155 0.514110
v 0.81831175 0.10718401 0.39838576 0.512322 0.512166 0.512092
v 0.78566724 -0.08791752 0.51811439 0.511294 0.511168 0.511109
v 0.82009846 -0.05284246 0.42656046 0.509907 0.509749 0.509675
v 0.77806598 -0.15031326 0.49727702 0.510658 0.510538 0.510482
v 0.81666237 -0.10929080 0.39768928 0.507106 0.506885 0.506780
v 0.73841357 -0.00016380 0.55869168 0.512538 0.512454 0.512414
v 0.73461932 -0.12351289 0.53855336 0.511993 0.511923 0.511890
v 0.69120735 -0.03116157 0.58596247 0.515082 0.514992 0.514950
v 0.73573321 0.12439048 0.53867978 0.513418 0.513015 0.512806
v 0.69146150 0.03102111 0.58615965 0.513256 0.512726 0.512443
v 0.83657527 0.05330233 0.36283007 0.510548 0.510330 0.510226
v 0.83414036 -0.05600408 0.36211860 0.507507 0.507295 0.507196
v -0.74098980 0.08539786 -0.48460931 0.511692 0.511020 0.510681
v -0.78942508 0.05404893 -0.39268190 0.511160 0.510470 0.510122
v -0.74621826 0.14768696 -0.46987125 0.514604 0.514033 0.513749
v -0.80761671 0.11846463 -0.37125459 0.513338 0.512662 0.512329
v -0.73478520 -0.09084000 -0.48168278 0.513327 0.512930 0.512744
v -0.79555434 -0.05811277 -0.39448443 0.510751 0.510422 0.510269
v -0.74762028 -0.14876027 -0.47207701 0.513131 0.512707 0.512507
v -0.81053394 -0.11553362 -0.37643230 0.508655 0.508584 0.508550
v -0.69697940 -0.00223297 -0.52932644 0.515534 0.514887 0.514567
v -0.70253325 -0.12702994 -0.51685929 0.513443 0.513411 0.513395
v -0.66309196 -0.03607661 -0.56853068 0.516549 0.516216 0.516056
v -0.70985317 0.12409213 -0.52272975 0.514300 0.513547 0.513171
v -0.66552907 0.03256604 -0.57239878 0.511534 0.510456 0.509892
v -0.82153237 0.05782256 -0.33770263 0.514188 0.513357 0.512949
v -0.83170468 -0.06133737 -0.33935213 0.510305 0.510248 0.510222
v -0.76156825 0.08214519 0.50455254 0.513439 0.513107 0.512946
v -0.81522590 0.05014866 0.41191408 0.515860 0.515031 0.514639
v -0.75716656 0.14165635 0.48258433 0.521637 0.521274 0.521099
v -0.82272869 0.10939994 0.38623035 0.517586 0.516988 0.516706
v -0.76036632 -0.08359776 0.50591666 0.512356 0.511876 0.511648
v -0.81415516 -0.05090016 0.41222990 0.514595 0.514080 0.513837
v -0.75489908 -0.14188148 0.48269591 0.509087 0.508848 0.508735
v -0.81958276 -0.10928579 0.38749221 0.512239 0.511739 0.511503
v -0.73012173 -0.00029993 0.56371969 0.517529 0.516822 0.516489
v -0.72421020 -0.12334549 0.54153728 0.513874 0.513366 0.513124
v -0.69864333 -0.03388761 0.60800236 0.518081 0.517420 0.517109
v -0.72799939 0.12274184 0.54251719 0.516977 0.516398 0.516100
v -0.69962382 0.03441072 0.60754317 0.516218 0.514963 0.514330
v -0.84643817 0.05695812 0.35382679 0.514965 0.514219 0.513856
v -0.84324265 -0.05693498 0.35531241 0.517867 0.517347 0.517102
v -0.06244415 0.83281595 0.02899581 0.500667 0.500667 0.500667
v -0.05467891 0.85691822 -0.07725959 0.500692 0.500692 0.500692
v -0.12537178 0.81528795 0.03696680 0.501011 0.501011 0.501011
v -0.12625149 0.83900869 -0.07328309 0.500392 0.500392 0.500392
v 0.09823968 0.84519756 0.01703684 0.500578 0.500578 0.500578
v 0.09745240 0.88320190 -0.07521952 0.500105 0.500105 0.500105
v 0.14595903 0.83274996 0.02481881 0.500428 0.500428 0.500428
v 0.14574336 0.86669004 -0.07505771 0.500038 0.500038 0.500038
v 0.02120659 0.82738721 0.07225944 0.500495 0.500495 0.500495
v -0.10018507 0.80703580 0.08923328 0.500763 0.500763 0.500763
v -0.01242689 0.79994816 0.13476494 0.500857 0.500857 0.500857
v 0.02047492 0.89292133 -0.13292088 0.500203 0.500203 0.500203
v -0.09718879 0.85223567 -0.13225886 0.500226 0.500226 0.500226
v -0.01235075 0.88546908 -0.19188362 0.500258 0.500258 0.500258
v 0.12344480 0.81913954 0.07488231 0.500409 0.500409 0.500409
v 0.04585480 0.80345130 0.13132630 0.500762 0.500762 0.500762
v 0.11203234 0.87606227 -0.12471067 0.500020 0.500020 0.500020
v 0.04270652 0.90654862 -0.18198605 0.500028 0.500028 0.500028
v -0.25429440 0.69880831 0.31619099 0.502242 0.502242 0.502242
v -0.35216573 0.65180051 0.35823351 0.506282 0.506282 0.506282
v -0.28131765 0.71176147 0.26183102 0.502322 0.502322 0.502322
v -0.38083139 0.66522115 0.30351472 0.505077 0.505077 0.505077
v -0.16250363 0.64915544 0.48468232 0.503190 0.503190 0.503190
v -0.25992048 0.60851777 0.53021169 0.509188 0.509185 0.509183
v -0.12913810 0.63078594 0.53766710 0.503968 0.503968 0.503968
v -0.22702175 0.58961582 0.58176941 0.510694 0.510692 0.510691
v -0.15938158 0.69558167 0.37389034 0.502934 0.502934 0.502934
v -0.21657966 0.72801000 0.26225910 0.501703 0.501703 0.501703
v -0.12386370 0.72481358 0.31754214 0.502034 0.502034 0.502034
v -0.35623759 0.60766590 0.46506396 0.509832 0.509831 0.509831
v -0.41572842 0.63434392 0.34675416 0.507472 0.507464 0.507459
v -0.41937906 0.58892417 0.45142972 0.511828 0.511827 0.511827
v -0.09283619 0.65154415 0.48484915 0.503533 0.503533 0.503533
v -0.09175177 0.70221603 0.37471196 0.502270 0.502270 0.502270
v -0.29019257 0.57417387 0.57500368 0.511902 0.511883 0.511872
v -0.38717982 0.57373273 0.50941992 0.513292 0.513277 0.513269
v -0.27219218 0.82098162 -0.38064930 0.500516 0.500516 0.500516
v -0.40507483 0.76987487 -0.43712318 0.502758 0.502718 0.502696
v -0.30498087 0.80975342 -0.31110862 0.500346 0.500346 0.500346
v -0.42637825 0.76106483 -0.36436737 0.501842 0.501715 0.501646
v -0.23626375 0.93482113 -0.61348891 0.523773 0.518167 0.515077
v -0.28144541 0.73901159 -0.61255640 0.505092 0.504553 0.504260
v -0.16475064 0.81144786 -0.63413143 0.505972 0.503439 0.502061
v -0.23661403 0.69678414 -0.64371371 0.507715 0.507070 0.506733
v -0.19070974 0.90784395 -0.46717373 0.502250 0.502124 0.502055
v -0.23122986 0.83678770 -0.31877029 0.500359 0.500359 0.500359
v -0.13287809 0.88031280 -0.40017623 0.500460 0.500459 0.500458
v -0.40961573 0.74402994 -0.55065405 0.504000 0.503615 0.503417
v -0.48794094 0.74544454 -0.42950949 0.507488 0.507273 0.507155
v -0.48407224 0.71340948 -0.53391939 0.506176 0.505487 0.505162
v -0.13755316 0.86856079 -0.58348769 0.506982 0.504388 0.502975
v -0.11707072 0.90610105 -0.47063580 0.503861 0.503779 0.503735
v -0.31447867 0.71026403 -0.67175686 0.510932 0.510268 0.509947
v -0.45142916 0.71815747 -0.59669369 0.512165 0.511045 0.510510
v -0.64294314 0.53875089 -0.27104568 0.511361 0.511183 0.511097
v -0.69285268 0.49104768 -0.17165551 0.512603 0.512416 0.512328
v -0.61200839 0.57766074 -0.23948756 0.510378 0.510207 0.510117
v -0.66780829 0.53893298 -0.14041814 0.510889 0.510558 0.510382
v -0.71512139 0.37416974 -0.36432660 0.512219 0.511898 0.511746
v -0.78053331 0.33683124 -0.26959044 0.515564 0.515396 0.515317
v -0.73396373 0.31936708 -0.39593735 0.514284 0.513924 0.513754
v -0.79358298 0.28181010 -0.29972568 0.514394 0.514069 0.513916
v -0.64658749 0.47869110 -0.36513460 0.514015 0.513826 0.513737
v -0.60223520 0.58776069 -0.30832261 0.511041 0.510840 0.510737
v -0.60130948 0.52847368 -0.40174779 0.514151 0.513919 0.513810
v -0.76657325 0.39560068 -0.17183578 0.515361 0.515108 0.514989
v -0.70534045 0.49342221 -0.10418817 0.512343 0.512153 0.512060
v -0.77274656 0.39781350 -0.10205813 0.514817 0.514573 0.514458
v -0.69618386 0.36386874 -0.43034303 0.515233 0.514908 0.514756
v -0.62284166 0.46907339 -0.43066826 0.513615 0.513378 0.513267
v -0.80888766 0.28540361 -0.23659706 0.517456 0.517196 0.517074
v -0.79579353 0.34224907 -0.13567016 0.515686 0.515350 0.515192
v -0.65988326 0.53894132 0.26509479 0.515223 0.515109 0.515050
v -0.72250676 0.50577354 0.17129695 0.514394 0.514093 0.513932
v -0.63122648 0.57623363 0.22906150 0.513572 0.513536 0.513516
v -0.68620646 0.54233396 0.13559930 0.512418 0.512031 0.511818
v -0.72107732 0.37941098 0.37036228 0.518121 0.517873 0.517756
v -0.78967136 0.34457383 0.27274430 0.519400 0.519154 0.519038
v -0.73486370 0.32188454 0.40151724 0.519226 0.518981 0.518866
v -0.80340159 0.28661042 0.30483127 0.521107 0.520847 0.520724
v -0.65630180 0.47536510 0.36676055 0.514297 0.513787 0.513526
v -0.60298967 0.56520897 0.29045558 0.513859 0.513800 0.513768
v -0.60379195 0.51049870 0.39334050 0.515061 0.514612 0.514369
v -0.78975809 0.40731594 0.17513204 0.515084 0.514764 0.514614
v -0.72115159 0.50043827 0.10347157 0.513676 0.513358 0.513191
v -0.78398311 0.40051106 0.10693764 0.516334 0.515952 0.515772
v -0.69090015 0.36445442 0.43430081 0.515791 0.515603 0.515514
v -0.62719697 0.46212500 0.43118602 0.516327 0.515855 0.515611
v -0.82608217 0.29371148 0.23838688 0.516081 0.515665 0.515469
v -0.81835055 0.35158509 0.14279355 0.516107 0.515779 0.515626
v 0.25675082 0.70995188 0.32117480 0.501714 0.501714 0.501714
v 0.35088083 0.66972417 0.37031662 0.503507 0.503507 0.503507
v 0.27945545 0.72243142 0.26438436 0.501097 0.501097 0.501097
v 0.38084415 0.68316650 0.31100765 0.502474 0.502474 0.502474
v 0.17089365 0.64888710 0.48103392 0.503289 0.503289 0.503289
v 0.25555903 0.60640150 0.51884681 0.508606 0.508584 0.508572
v 0.13693170 0.62416899 0.52924222 0.505904 0.505904 0.505904
v 0.22188823 0.58358669 0.56726581 0.508728 0.508718 0.508712
v 0.17098409 0.69950390 0.37728325 0.500986 0.500986 0.500986
v 0.22135490 0.73760194 0.26282668 0.500673 0.500673 0.500673
v 0.13667712 0.72766411 0.31952685 0.501218 0.501218 0.501218
v 0.10860568 0.65200996 0.48183563 0.503406 0.503406 0.503406
v 0.11106895 0.70568502 0.37729412 0.501649 0.501649 0.501649
v 0.34914291 0.61689293 0.46392411 0.505696 0.505693 0.505690
v 0.41861519 0.65511870 0.35996628 0.504219 0.504218 0.504217
v 0.41879600 0.59948277 0.45315975 0.507144 0.507144 0.507144
v 0.27985969 0.57052106 0.55987471 0.509956 0.509883 0.509842
v 0.38414276 0.58411032 0.50762111 0.509464 0.509443 0.509432
v 0.26914355 0.81421006 -0.38232490 0.500302 0.500302 0.500302
v 0.40086949 0.75081640 -0.43319604 0.502806 0.502791 0.502783
v 0.30884492 0.80061150 -0.30719262 0.500431 0.500431 0.500431
v 0.42960548 0.75183016 -0.36235213 0.504651 0.504641 0.504636
v 0.23060808 0.91138375 -0.60162497 0.513881 0.508661 0.505780
v 0.28702670 0.73915869 -0.62494528 0.507798 0.507219 0.506908
v 0.16788465 0.82728016 -0.64507526 0.505495 0.504074 0.503297
v 0.26497597 0.73700297 -0.68557614 0.507124 0.506243 0.505789
v 0.15901750 0.96191972 -0.48620144 0.502292 0.502255 0.502234
v 0.22918633 0.83194411 -0.31778911 0.500123 0.500123 0.500123
v 0.12684068 0.87906140 -0.42116585 0.500457 0.500457 0.500457
v 0.14486243 0.86950552 -0.59248918 0.504128 0.502862 0.502174
v 0.14696623 0.89728987 -0.48955920 0.505021 0.504898 0.504831
v 0.44576731 0.75702798 -0.56716317 0.513695 0.512770 0.512294
v 0.47655687 0.72984451 -0.42519993 0.510183 0.509998 0.509898
v 0.52790689 0.73910230 -0.55215907 0.509387 0.508450 0.508008
v 0.32814327 0.68743885 -0.66212839 0.509318 0.508409 0.507980
v 0.44558340 0.67660534 -0.58182138 0.515261 0.513634 0.512858
v 0.66320813 0.54817677 -0.28803825 0.511284 0.511202 0.511162
v 0.71468735 0.50477254 -0.18608397 0.509594 0.509509 0.509468
v 0.63293540 0.59427637 -0.25188372 0.508649 0.508584 0.508551
v 0.68584687 0.54995358 -0.14820136 0.508653 0.508619 0.508603
v 0.73141390 0.38396132 -0.38818678 0.512958 0.512630 0.512475
v 0.79338801 0.34930444 -0.29595980 0.514047 0.513896 0.513825
v 0.74960047 0.33100089 -0.41871834 0.515180 0.514808 0.514633
v 0.80690438 0.29376554 -0.32771799 0.513177 0.512855 0.512703
v 0.65870982 0.48042592 -0.38021392 0.514233 0.514069 0.513992
v 0.61573541 0.59414893 -0.31993008 0.510299 0.510215 0.510172
v 0.60963237 0.52436453 -0.41145775 0.514603 0.514385 0.514281
v 0.77540302 0.40388817 -0.18624596 0.512108 0.511990 0.511935
v 0.71915257 0.50398946 -0.11201073 0.510062 0.510019 0.509999
v 0.77832580 0.40308410 -0.11228744 0.512284 0.512190 0.512146
v 0.70688832 0.37265605 -0.45135200 0.516771 0.516412 0.516243
v 0.63931590 0.47241557 -0.44420984 0.515155 0.514952 0.514857
v 0.82274717 0.29480949 -0.25815195 0.515289 0.515151 0.515086
v 0.80488169 0.34860235 -0.14917600 0.512703 0.512567 0.512503
v 0.64297676 0.53122073 0.27224195 0.507483 0.507456 0.507443
v 0.69964844 0.49195534 0.16889963 0.507873 0.507835 0.507818
v 0.61524647 0.57867098 0.23587406 0.507049 0.507045 0.507043
v 0.67261314 0.54045540 0.13278379 0.506901 0.506845 0.506817
v 0.71969944 0.38216284 0.38196385 0.511584 0.511521 0.511491
v 0.76839000 0.33664432 0.27361524 0.510418 0.510365 0.510340
v 0.73822910 0.32736808 0.41471741 0.512633 0.512572 0.512543
v 0.78359729 0.27947807 0.30715290 0.511717 0.511656 0.511627
v 0.65749574 0.48005193 0.37835735 0.509536 0.509401 0.509335
v 0.59778005 0.57320064 0.30305666 0.507277 0.507229 0.507203
v 0.61357802 0.52102107 0.40547535 0.510230 0.510122 0.510064
v 0.76141059 0.39364508 0.16933556 0.509514 0.509443 0.509409
v 0.71218359 0.49841172 0.09861483 0.507890 0.507836 0.507811
v 0.77556056 0.39940023 0.10107520 0.510346 0.510264 0.510226
v 0.70552123 0.37678906 0.45045969 0.511424 0.511317 0.511266
v 0.63676780 0.46735421 0.43368149 0.510112 0.509975 0.509909
v 0.80188948 0.28467909 0.23720078 0.510463 0.510388 0.510352
v 0.79641825 0.34339535 0.13455237 0.510776 0.510674 0.510626
v -0.07689366 -0.90086871 0.05504584 0.500124 0.500124 0.500124
v -0.09902765 -0.89952171 -0.05246203 0.500224 0.500224 0.500224
v -0.14904913 -0.88204402 0.05208213 0.500627 0.500627 0.500627
v -0.16768964 -0.91140759 -0.06450441 0.500075 0.500075 0.500075
v 0.09466502 -0.91879267 0.06634457 0.500089 0.500089 0.500089
v 0.10743868 -0.90664363 -0.04257649 0.500203 0.500203 0.500203
v 0.14933482 -0.89954984 0.05953551 0.500141 0.500141 0.500141
v 0.17190710 -0.92002839 -0.05895658 0.500000 0.500000 0.500000
v 0.02282692 -0.93447685 0.12247851 0.500483 0.500483 0.500483
v -0.11221601 -0.88429439 0.11769388 0.500209 0.500209 0.500209
v -0.01206503 -0.91195434 0.19199571 0.500234 0.500234 0.500234
v 0.00544620 -0.87364078 -0.09682465 0.500683 0.500683 0.500683
v -0.14461230 -0.91108352 -0.12077583 0.500115 0.500115 0.500115
v -0.04142594 -0.85321367 -0.15307879 0.500348 0.500348 0.500348
v 0.11576165 -0.90444148 0.12428089 0.500119 0.500119 0.500119
v 0.04560791 -0.92352045 0.19947435 0.500063 0.500063 0.500063
v 0.14763577 -0.91290957 -0.11790238 0.500143 0.500143 0.500143
v 0.04151184 -0.85975271 -0.15808760 0.500627 0.500627 0.500627
v -0.27417225 -0.78868783 0.39571074 0.500863 0.500862 0.500862
v -0.38412842 -0.72924292 0.43535480 0.503272 0.503271 0.503270
v -0.30167055 -0.79016149 0.30726245 0.500664 0.500664 0.500664
v -0.41450602 -0.73992544 0.35698083 0.502026 0.502026 0.502026
v -0.29193884 -0.85254043 0.72743100 0.502032 0.501756 0.501627
v -0.33825240 -0.76765937 0.62436694 0.503735 0.503249 0.503021
v -0.18105644 -0.87500662 0.72352344 0.502174 0.501866 0.501721
v -0.27323082 -0.73448139 0.66972524 0.504832 0.504188 0.503885
v -0.26141694 -0.86703843 0.53964049 0.504958 0.504935 0.504924
v -0.23002814 -0.81176311 0.31744865 0.500602 0.500600 0.500599
v -0.13883251 -0.86063659 0.40945512 0.500450 0.500439 0.500434
v -0.35868806 -0.70393968 0.57373643 0.510439 0.510288 0.510218
v -0.44762242 -0.71663445 0.41539013 0.507941 0.507941 0.507941
v -0.36121771 -0.66218680 0.54907852 0.521635 0.521532 0.521483
v -0.18331566 -0.93835783 0.80923057 0.518250 0.518122 0.518062
v -0.15262489 -0.92674381 0.52593929 0.500991 0.500990 0.500990
v -0.34790769 -0.70201111 0.67220372 0.504693 0.504075 0.503785
v -0.40535912 -0.70502704 0.65223962 0.516721 0.516421 0.516279
v -0.29530525 -0.81689161 -0.35771364 0.501759 0.501759 0.501759
v -0.36103120 -0.70136070 -0.36392117 0.503580 0.503517 0.503487
v -0.34359038 -0.88175428 -0.32804650 0.510254 0.510254 0.510254
v -0.40197921 -0.73287487 -0.32385230 0.503085 0.503042 0.503021
v -0.17072801 -0.69798648 -0.49274129 0.503153 0.503153 0.503153
v -0.26584858 -0.63230550 -0.52912366 0.503993 0.503951 0.503931
v -0.13434844 -0.67319262 -0.54798859 0.502949 0.502948 0.502948
v -0.23195598 -0.60996044 -0.58426696 0.503917 0.503847 0.503814
v -0.18029799 -0.76999599 -0.39379984 0.502420 0.502420 0.502420
v -0.27174938 -0.89712030 -0.33257475 0.505777 0.505777 0.505777
v -0.15114895 -0.80438703 -0.34364367 0.502057 0.502057 0.502057
v -0.35736620 -0.62542915 -0.45959789 0.504952 0.504859 0.504815
v -0.41463310 -0.66128427 -0.34854966 0.503532 0.503468 0.503438
v -0.41576040 -0.59699070 -0.44564241 0.507171 0.507040 0.506978
v -0.10230102 -0.71399301 -0.50195169 0.502806 0.502806 0.502806
v -0.10833690 -0.76974326 -0.39508045 0.502156 0.502156 0.502156
v -0.29499373 -0.58507878 -0.57408404 0.505948 0.505797 0.505728
v -0.38811529 -0.58095908 -0.50587004 0.506484 0.506301 0.506216
v -0.64156783 -0.52060837 -0.26251510 0.507045 0.506819 0.506713
v -0.69504994 -0.48578966 -0.16974802 0.507596 0.507306 0.507169
v -0.61027157 -0.56029648 -0.22672220 0.505302 0.505179 0.505122
v -0.66773248 -0.53270465 -0.13396415 0.507502 0.507331 0.507251
v -0.70870662 -0.37159464 -0.36136019 0.511155 0.510567 0.510291
v -0.77334923 -0.33482787 -0.27032301 0.511264 0.510784 0.510558
v -0.72720301 -0.31891778 -0.39298043 0.513444 0.512819 0.512525
v -0.79068792 -0.28300437 -0.29967245 0.512976 0.512439 0.512185
v -0.64559644 -0.46594360 -0.35838467 0.512115 0.511659 0.511445
v -0.58949411 -0.55239880 -0.28762203 0.506576 0.506410 0.506332
v -0.59216303 -0.50372952 -0.38482171 0.510373 0.510076 0.509936
v -0.76038206 -0.39055616 -0.17385256 0.512260 0.511770 0.511537
v -0.70319575 -0.48910189 -0.10207628 0.511351 0.511161 0.511072
v -0.76814175 -0.39149979 -0.10281303 0.512649 0.512108 0.511848
v -0.68420106 -0.35908741 -0.42295554 0.515236 0.514751 0.514523
v -0.61261648 -0.44980162 -0.41868860 0.512286 0.511935 0.511769
v -0.80637997 -0.28648338 -0.23977412 0.514478 0.514017 0.513800
v -0.79518449 -0.34102964 -0.13908920 0.513385 0.512832 0.512571
v -0.67161280 -0.55543011 0.27467215 0.507471 0.507268 0.507171
v -0.71585953 -0.50430751 0.18000153 0.507999 0.507634 0.507459
v -0.63805950 -0.59667081 0.24454902 0.508771 0.508761 0.508756
v -0.67954969 -0.54160076 0.14561912 0.506792 0.506684 0.506632
v -0.71961784 -0.38534230 0.36959654 0.511324 0.510575 0.510224
v -0.78860587 -0.34919336 0.27255166 0.512481 0.511720 0.511363
v -0.73272109 -0.32413360 0.40039074 0.511792 0.511005 0.510634
v -0.80094761 -0.28926331 0.30388153 0.513801 0.513025 0.512660
v -0.66070265 -0.49404544 0.37326643 0.513006 0.512264 0.511899
v -0.62586021 -0.60530108 0.31127530 0.510593 0.510542 0.510519
v -0.61409402 -0.54651201 0.41110730 0.513509 0.513024 0.512783
v -0.78692698 -0.41316286 0.17801693 0.512444 0.511784 0.511471
v -0.71465081 -0.49791431 0.11207215 0.509607 0.509325 0.509190
v -0.77710766 -0.40062696 0.11037716 0.512229 0.511535 0.511204
v -0.68991733 -0.36983457 0.43373239 0.511891 0.511145 0.510795
v -0.62883711 -0.48119497 0.43918097 0.511912 0.511012 0.510572
v -0.82502723 -0.29711235 0.23904833 0.514785 0.514122 0.513810
v -0.81388116 -0.35353649 0.14306788 0.513355 0.512652 0.512320
v 0.28311771 -0.86553741 0.45859605 0.509506 0.509499 0.509496
v 0.38607690 -0.80594617 0.46428812 0.504354 0.504353 0.504352
v 0.30158186 -0.82497036 0.35856515 0.501761 0.501759 0.501758
v 0.42053428 -0.78193998 0.37017673 0.502735 0.502735 0.502735
v 0.20207939 -0.81513911 0.56064326 0.501803 0.501562 0.501449
v 0.31829101 -0.74583358 0.61737227 0.502470 0.502143 0.501989
v 0.15732974 -0.77224922 0.61619312 0.501817 0.501578 0.501466
v 0.27251148 -0.70570475 0.66691858 0.502226 0.501929 0.501790
v 0.21926606 -0.95061952 0.51418638 0.501523 0.501447 0.501412
v 0.23040190 -0.85448861 0.41977987 0.505403 0.505402 0.505402
v 0.15991089 -0.90622205 0.46829087 0.509297 0.509277 0.509269
v 0.12066467 -0.82560724 0.56632733 0.501768 0.501579 0.501490
v 0.12653197 -0.96909255 0.51984107 0.501952 0.501896 0.501870
v 0.31433079 -0.89872760 0.80864328 0.520336 0.520198 0.520133
v 0.44696534 -0.74617940 0.42026392 0.503990 0.503990 0.503990
v 0.43777841 -0.71177387 0.55395627 0.511267 0.511155 0.511102
v 0.34858468 -0.69276106 0.67213458 0.503129 0.502719 0.502526
v 0.35772759 -0.72363234 0.85868531 0.518372 0.518088 0.517954
v 0.28860691 -0.81646329 -0.35769507 0.501626 0.501625 0.501625
v 0.36998051 -0.71082449 -0.37728134 0.502348 0.502319 0.502305
v 0.33810294 -0.87911552 -0.32834783 0.508160 0.508160 0.508160
v 0.40069202 -0.73261648 -0.32392570 0.502803 0.502775 0.502762
v 0.17656623 -0.70705283 -0.50501651 0.504895 0.504895 0.504894
v 0.27586204 -0.64763683 -0.54397428 0.504575 0.504513 0.504484
v 0.14180148 -0.68770951 -0.55963230 0.505135 0.505135 0.505135
v 0.24232173 -0.62736732 -0.59663713 0.504102 0.504037 0.504006
v 0.18116324 -0.76695871 -0.39599544 0.502375 0.502375 0.502375
v 0.25931853 -0.87109441 -0.31460512 0.503560 0.503560 0.503560
v 0.15284804 -0.80146009 -0.34358618 0.501576 0.501576 0.501576
v 0.10745822 -0.71860158 -0.50962561 0.505325 0.505325 0.505325
v 0.11165058 -0.76479965 -0.39648259 0.501655 0.501655 0.501655
v 0.37140030 -0.63582706 -0.47740322 0.504877 0.504773 0.504725
v 0.43020204 -0.67439592 -0.36471090 0.503485 0.503446 0.503428
v 0.43508792 -0.60874021 -0.46990684 0.506800 0.506656 0.506588
v 0.30914921 -0.60504031 -0.58969378 0.507558 0.507336 0.507232
v 0.40426692 -0.59565920 -0.52744251 0.507889 0.507584 0.507442
v 0.66264707 -0.54226446 -0.29018697 0.505756 0.505529 0.505423
v 0.71717435 -0.50516123 -0.18674521 0.505256 0.504944 0.504797
v 0.62860519 -0.58074880 -0.24724555 0.505011 0.504847 0.504770
v 0.68735540 -0.54991168 -0.14879577 0.504924 0.504708 0.504606
v 0.72704178 -0.38454100 -0.38417926 0.512267 0.511538 0.511194
v 0.79349720 -0.35030615 -0.29257154 0.510188 0.509747 0.509540
v 0.74578434 -0.32838786 -0.41620225 0.513895 0.513167 0.512825
v 0.80771804 -0.29503277 -0.32367444 0.512971 0.512472 0.512236
v 0.66211343 -0.48003522 -0.38170362 0.509943 0.509598 0.509433
v 0.60634315 -0.56820673 -0.31101865 0.506980 0.506794 0.506707
v 0.61232471 -0.51575577 -0.40863386 0.514499 0.514329 0.514249
v 0.77565068 -0.40478191 -0.18551378 0.507209 0.506761 0.506550
v 0.72044069 -0.50537020 -0.11275695 0.507062 0.506869 0.506777
v 0.77930540 -0.40449679 -0.11158819 0.507806 0.507337 0.507111
v 0.70273340 -0.37024161 -0.44550142 0.516967 0.516408 0.516145
v 0.64124590 -0.47287381 -0.44377303 0.516799 0.516645 0.516571
v 0.82314324 -0.29483598 -0.25476345 0.511874 0.511459 0.511264
v 0.80477023 -0.34979725 -0.14798649 0.507779 0.507302 0.507078
v 0.64769292 -0.54086876 0.27818376 0.504301 0.504061 0.503945
v 0.70364016 -0.49661806 0.17121008 0.503737 0.503475 0.503345
v 0.62392986 -0.59103262 0.24256532 0.503740 0.503705 0.503688
v 0.67946738 -0.54683369 0.13675381 0.504706 0.504622 0.504582
v 0.72047865 -0.38543549 0.38188049 0.507701 0.507361 0.507201
v 0.76663125 -0.33775887 0.27323979 0.505609 0.505228 0.505049
v 0.73713028 -0.32945967 0.41262999 0.508423 0.508076 0.507914
v 0.78324759 -0.28335258 0.30590582 0.506391 0.506003 0.505820
v 0.65812343 -0.48749724 0.38474438 0.507242 0.506896 0.506729
v 0.60385811 -0.58856559 0.31279111 0.504514 0.504405 0.504353
v 0.61324853 -0.53740591 0.42046383 0.508141 0.507834 0.507682
v 0.76148993 -0.39457816 0.17064023 0.505479 0.505105 0.504929
v 0.71556854 -0.50120676 0.10138769 0.505550 0.505343 0.505236
v 0.77367908 -0.39994377 0.10204785 0.505937 0.505546 0.505360
v 0.70611268 -0.38256663 0.45107377 0.508837 0.508536 0.508394
v 0.64661986 -0.48667851 0.45598388 0.508300 0.507954 0.507791
v 0.79911947 -0.28651315 0.23688911 0.506577 0.506200 0.506022
v 0.79722905 -0.34651500 0.13599864 0.506157 0.505757 0.505569
v 0.05929030 -0.11128607 0.93194401 0.512242 0.511086 0.510543
v -0.06514888 -0.11405738 0.93503356 0.512984 0.511800 0.511242
v 0.06210783 -0.17655031 0.94863701 0.510428 0.509247 0.508691
v -0.06473789 -0.17913295 0.95553464 0.511061 0.509768 0.509160
v 0.06230510 0.09782115 0.91989648 0.521707 0.521248 0.521032
v -0.06649332 0.10030846 0.92312419 0.524816 0.524556 0.524434
v 0.06286848 0.16579352 0.90694547 0.521548 0.521152 0.520965
v -0.06742524 0.17028841 0.91576827 0.524448 0.524287 0.524211
v 0.12029858 -0.00474326 0.91091430 0.514566 0.513884 0.513563
v 0.12140344 -0.14199141 0.91837996 0.512521 0.511464 0.510966
v 0.18161038 -0.03805616 0.90075976 0.514421 0.513693 0.513350
v -0.12499195 -0.00540593 0.91428423 0.515479 0.514987 0.514755
v -0.12582073 -0.14444533 0.92495066 0.513967 0.512728 0.512146
v -0.17972068 -0.03946282 0.88796508 0.513840 0.513429 0.513235
v 0.12452189 0.13452867 0.90829527 0.522962 0.522547 0.522352
v 0.18193127 0.03031063 0.90110326 0.514990 0.514563 0.514363
v -0.13065881 0.13783732 0.91676265 0.528086 0.527879 0.527781
v -0.18073158 0.03223033 0.88752925 0.522118 0.521738 0.521560
v 0.38352105 -0.39358330 0.73974931 0.509257 0.508578 0.508258
v 0.34550941 -0.28405201 0.79987299 0.510982 0.510257 0.509916
v 0.34349817 -0.43741879 0.78354591 0.509438 0.508703 0.508358
v 0.29494935 -0.32085225 0.83009225 0.510452 0.509692 0.509334
v 0.53319943 -0.27140242 0.64640689 0.510549 0.510139 0.509946
v 0.50489396 -0.17093453 0.71912241 0.509838 0.509644 0.509552
v 0.58278489 -0.23246229 0.61594796 0.509234 0.508947 0.508812
v 0.55283672 -0.13450569 0.68639171 0.508392 0.508238 0.508166
v 0.47136152 -0.38359991 0.65219432 0.511390 0.510948 0.510741
v 0.38323262 -0.47408888 0.73266208 0.508433 0.507743 0.507418
v 0.47113183 -0.46310499 0.64051670 0.513259 0.512795 0.512577
v 0.57472628 -0.30230901 0.59598303 0.510445 0.510027 0.509831
v 0.51523924 -0.41607603 0.60335881 0.511883 0.511421 0.511204
v 0.40364420 -0.17432557 0.78484696 0.511935 0.511415 0.511171
v 0.29899168 -0.24846171 0.84332144 0.511047 0.510282 0.509922
v 0.35811371 -0.14225438 0.82850075 0.512232 0.511475 0.511119
v 0.51621199 -0.10210360 0.74132502 0.510279 0.510099 0.510013
v 0.41550508 -0.10728744 0.80762565 0.514508 0.513999 0.513760
v -0.39388481 -0.39534166 0.75291115 0.511087 0.510213 0.509804
v -0.34969684 -0.28435624 0.80861288 0.507158 0.506816 0.506655
v -0.34403503 -0.43252891 0.78295088 0.509213 0.508504 0.508169
v -0.29523090 -0.31964087 0.83099103 0.502234 0.502203 0.502188
v -0.54777610 -0.27820534 0.66455740 0.512807 0.511913 0.511493
v -0.51414543 -0.17683019 0.73729151 0.512202 0.511491 0.511158
v -0.59851098 -0.24070771 0.63672799 0.510927 0.510186 0.509838
v -0.56273317 -0.14000188 0.70364928 0.513901 0.513006 0.512586
v -0.48808876 -0.39142743 0.67608196 0.513736 0.512791 0.512347
v -0.39073542 -0.47264680 0.74122071 0.511534 0.510563 0.510106
v -0.48036587 -0.46977520 0.66274321 0.514690 0.513725 0.513271
v -0.58875304 -0.30784288 0.61311126 0.512763 0.511839 0.511404
v -0.52862668 -0.42279664 0.62424749 0.513414 0.512441 0.511983
v -0.41241866 -0.17815252 0.80726469 0.515996 0.514967 0.514484
v -0.29992443 -0.24793698 0.84823000 0.509123 0.508625 0.508391
v -0.36311084 -0.14440727 0.84728009 0.517268 0.516142 0.515613
v -0.51854354 -0.10582816 0.75037503 0.514548 0.513623 0.513188
v -0.41518411 -0.10755201 0.81666541 0.517164 0.516261 0.515835
v 0.37444535 0.36716366 0.71380168 0.510960 0.510536 0.510337
v 0.34776685 0.27628139 0.78981853 0.515615 0.515263 0.515097
v 0.31792504 0.39950669 0.72958803 0.512962 0.512697 0.512572
v 0.29166555 0.31031564 0.80441523 0.514229 0.513811 0.513614
v 0.53626418 0.26671144 0.64827365 0.512467 0.512263 0.512167
v 0.50474852 0.17109203 0.71899754 0.513341 0.513201 0.513135
v 0.58631384 0.23066704 0.61841428 0.513055 0.512810 0.512695
v 0.55368561 0.13520138 0.68932652 0.513783 0.513477 0.513334
v 0.46842939 0.36218339 0.64602375 0.510250 0.510095 0.510023
v 0.35521230 0.42423147 0.67942482 0.513219 0.513028 0.512933
v 0.45092762 0.41840768 0.61080652 0.509261 0.509014 0.508897
v 0.57810497 0.29394606 0.59640270 0.512379 0.512135 0.512021
v 0.50991970 0.38872969 0.59111345 0.511149 0.510928 0.510824
v 0.40565345 0.17404121 0.78238612 0.519584 0.519267 0.519117
v 0.29784927 0.24259955 0.82449430 0.516480 0.516171 0.516025
v 0.35930893 0.14110725 0.82257640 0.517822 0.517235 0.516953
v 0.51624203 0.10318288 0.74062723 0.514527 0.514190 0.514030
v 0.41334912 0.10601470 0.80108315 0.518053 0.517630 0.517423
v -0.38240343 0.37587249 0.73418784 0.517653 0.517239 0.517044
v -0.35201192 0.28306794 0.81101227 0.525169 0.524930 0.524817
v -0.32605979 0.40590170 0.75024968 0.519761 0.519519 0.519405
v -0.29300451 0.30958042 0.81876767 0.522939 0.522651 0.522515
v -0.54911828 0.27568960 0.66468155 0.522376 0.522064 0.521917
v -0.51737577 0.17741571 0.73942029 0.524468 0.524137 0.523981
v -0.60277456 0.24365003 0.63846052 0.523095 0.522779 0.522630
v -0.56605351 0.14144105 0.70624405 0.522682 0.522345 0.522187
v -0.48038599 0.37237436 0.65974855 0.517503 0.517401 0.517352
v -0.36454049 0.43559703 0.69862342 0.519284 0.519125 0.519047
v -0.46284392 0.43197006 0.62648809 0.517904 0.517627 0.517495
v -0.59208328 0.30570874 0.61411142 0.521630 0.521326 0.521182
v -0.52366567 0.40138572 0.60864061 0.519527 0.519278 0.519162
v -0.41700736 0.18065964 0.81403339 0.525547 0.525358 0.525269
v -0.30251753 0.24453875 0.84366691 0.527146 0.526924 0.526820
v -0.36530173 0.14545499 0.84730232 0.528439 0.527976 0.527754
v -0.52051240 0.10734595 0.75162238 0.521084 0.520633 0.520419
v -0.41602084 0.10761174 0.81456649 0.526406 0.525868 0.525612
v 0.06257845 -0.10018843 -0.88035738 0.523945 0.522550 0.521893
v -0.06504144 -0.10455161 -0.87805766 0.526035 0.524772 0.524177
v 0.06238256 -0.16824597 -0.88345218 0.524975 0.523472 0.522763
v -0.06202281 -0.17238633 -0.88145751 0.525739 0.524454 0.523850
v 0.06500421 0.11665350 -0.93462390 0.522778 0.512344 0.506669
v -0.06827029 0.11376274 -0.95223081 0.522724 0.512312 0.506648
v 0.06955556 0.18955295 -0.95991182 0.526037 0.514349 0.507992
v -0.06780475 0.18750180 -0.96265137 0.525903 0.514135 0.507734
v 0.12173467 0.00955566 -0.88055128 0.521284 0.516641 0.514178
v 0.12751144 -0.13917185 -0.89561027 0.526773 0.525097 0.524308
v 0.18865855 -0.03087787 -0.87329304 0.526410 0.524420 0.523451
v -0.12139763 0.01050820 -0.86901820 0.522616 0.519020 0.517114
v -0.12613173 -0.14160883 -0.88320994 0.525792 0.524447 0.523815
v -0.17795998 -0.03005988 -0.87138939 0.524171 0.522877 0.522252
v 0.13464388 0.15200473 -0.96315670 0.527225 0.515350 0.508892
v 0.18868165 0.04329509 -0.88664746 0.520377 0.512847 0.508767
v -0.13414370 0.14868584 -0.97755128 0.525751 0.514416 0.508252
v -0.18005265 0.04452592 -0.88478750 0.521603 0.515811 0.512671
v 0.39211217 -0.37915856 -0.73026520 0.520096 0.518974 0.518446
v 0.36051863 -0.27811673 -0.79922479 0.525364 0.523947 0.523281
v 0.33442920 -0.41082048 -0.74087918 0.519893 0.518673 0.518099
v 0.30197510 -0.30925995 -0.80858463 0.521553 0.519910 0.519137
v 0.56499952 -0.28195119 -0.68613118 0.521600 0.520604 0.520135
v 0.52541059 -0.18313563 -0.74286968 0.522230 0.520938 0.520330
v 0.61891407 -0.24694194 -0.65914637 0.522759 0.522086 0.521769
v 0.57373589 -0.14875653 -0.71535820 0.523672 0.522794 0.522380
v 0.49561244 -0.38156444 -0.67441463 0.520485 0.519352 0.518818
v 0.37700671 -0.44339091 -0.69843179 0.517538 0.516635 0.516210
v 0.47874981 -0.44654670 -0.64250529 0.518982 0.517983 0.517515
v 0.60473621 -0.31091827 -0.63016009 0.521274 0.520602 0.520285
v 0.53558278 -0.41366351 -0.62668180 0.519275 0.518303 0.517846
v 0.42326444 -0.18563446 -0.80404049 0.528573 0.526976 0.526224
v 0.30964658 -0.24473834 -0.83020622 0.523786 0.522150 0.521380
v 0.37221447 -0.14995036 -0.83155286 0.531437 0.529610 0.528749
v 0.52893770 -0.11437660 -0.75964797 0.520225 0.518965 0.518373
v 0.42264989 -0.11855868 -0.80391914 0.529454 0.528077 0.527427
v -0.37480956 -0.36795926 -0.71425474 0.517579 0.516959 0.516668
v -0.34162802 -0.27119431 -0.78237808 0.521474 0.520694 0.520327
v -0.31720772 -0.39860553 -0.72696126 0.514981 0.514221 0.513864
v -0.28433052 -0.30210021 -0.79490626 0.519823 0.518785 0.518296
v -0.53069168 -0.26575059 -0.65279984 0.516901 0.516208 0.515882
v -0.49803016 -0.17429371 -0.71184009 0.518307 0.517891 0.517693
v -0.57982445 -0.23264877 -0.62347037 0.518207 0.517693 0.517451
v -0.53826946 -0.13834165 -0.67795640 0.515441 0.515197 0.515081
v -0.46863621 -0.36453438 -0.64925635 0.518011 0.517316 0.516989
v -0.35970148 -0.43214035 -0.68523902 0.515197 0.514662 0.514411
v -0.45056358 -0.42645174 -0.61775404 0.516056 0.515366 0.515041
v -0.56990463 -0.29318038 -0.59798706 0.516381 0.515851 0.515601
v -0.50369865 -0.38793904 -0.59583849 0.514917 0.514254 0.513943
v -0.40037343 -0.17641170 -0.77628553 0.521893 0.521317 0.521046
v -0.29239565 -0.23979726 -0.82050598 0.522714 0.521647 0.521145
v -0.35016146 -0.14390743 -0.81183553 0.524247 0.523422 0.523036
v -0.49947548 -0.10559347 -0.72107154 0.517031 0.516730 0.516587
v -0.40382439 -0.10871518 -0.78571188 0.521852 0.521443 0.521251
v 0.40923721 0.40421763 -0.78844064 0.516977 0.516199 0.515832
v 0.37201470 0.29977494 -0.85469496 0.514807 0.510913 0.508811
v 0.34940314 0.44271305 -0.80408734 0.513288 0.512235 0.511739
v 0.31028965 0.33410746 -0.87247258 0.513894 0.508186 0.505087
v 0.56876260 0.28938270 -0.70457667 0.517736 0.516916 0.516510
v 0.53033447 0.19429632 -0.77193314 0.520206 0.518344 0.517371
v 0.62074375 0.25140890 -0.66770095 0.521845 0.521230 0.520918
v 0.57463956 0.15177459 -0.72378045 0.520615 0.518936 0.518056
v 0.50398511 0.39313477 -0.70519519 0.515597 0.514931 0.514618
v 0.39324743 0.47746885 -0.75497949 0.511304 0.510512 0.510139
v 0.48670027 0.46238449 -0.66942155 0.513341 0.512858 0.512631
v 0.61049104 0.31556457 -0.64233714 0.520613 0.520207 0.520014
v 0.54187042 0.42136952 -0.64130080 0.518330 0.517947 0.517767
v 0.43150651 0.19695453 -0.84197319 0.523718 0.520554 0.518836
v 0.31572050 0.26239938 -0.88779348 0.516392 0.508729 0.504561
v 0.37573293 0.15790613 -0.86365181 0.520268 0.514700 0.511679
v 0.52632087 0.11778978 -0.76066959 0.521058 0.519341 0.518447
v 0.42664212 0.12043075 -0.82726306 0.521805 0.518254 0.516357
v -0.38594839 0.38979366 -0.76342660 0.513267 0.512673 0.512393
v -0.37210652 0.29562363 -0.86771178 0.514829 0.512307 0.510947
v -0.33422318 0.42968175 -0.79131025 0.512290 0.511566 0.511226
v -0.31787732 0.33255848 -0.89667106 0.514633 0.510372 0.508061
v -0.53868937 0.26946008 -0.66771805 0.512210 0.511518 0.511180
v -0.50628692 0.18060516 -0.73852468 0.515166 0.513419 0.512487
v -0.58619875 0.23377463 -0.63725603 0.514141 0.513477 0.513146
v -0.54862869 0.14339060 -0.69751173 0.515965 0.514400 0.513568
v -0.47335404 0.37523434 -0.67003542 0.511116 0.510591 0.510344
v -0.36902755 0.46448570 -0.73347294 0.510126 0.509465 0.509154
v -0.45706317 0.44375476 -0.63910097 0.511784 0.511260 0.511014
v -0.57749891 0.29492089 -0.61138809 0.513072 0.512583 0.512351
v -0.51082230 0.40163592 -0.60978210 0.512357 0.511915 0.511706
v -0.42725489 0.19075431 -0.83997381 0.520404 0.517642 0.516142
v -0.33563608 0.26924759 -0.92992556 0.516769 0.510102 0.506476
v -0.37262002 0.15524685 -0.86634403 0.519677 0.515305 0.512928
v -0.50463176 0.11290359 -0.73636258 0.516811 0.515090 0.514172
v -0.41471317 0.12083710 -0.81756204 0.515266 0.512782 0.511433
v 0.90483981 0.05941597 -0.10720217 0.508481 0.507938 0.507672
v 0.90406817 -0.05893775 -0.10549003 0.507527 0.507168 0.506999
v 0.90054214 0.05886510 -0.17692193 0.509451 0.508746 0.508401
v 0.90124106 -0.05776048 -0.17485957 0.509155 0.508657 0.508423
v 0.89625442 0.05833660 0.09575443 0.508905 0.508415 0.508180
v 0.89473194 -0.06034014 0.09589300 0.505770 0.505546 0.505440
v 0.88464987 0.05752230 0.16194908 0.507994 0.507511 0.507273
v 0.88393271 -0.06075981 0.16132197 0.505510 0.505287 0.505182
v 0.89753008 0.11890050 -0.00354609 0.514282 0.514045 0.513933
v 0.89357752 0.11768752 -0.14425045 0.510464 0.509937 0.509685
v 0.87989730 0.17660248 -0.03800732 0.515190 0.515066 0.515008
v 0.88297439 0.11763421 0.12977566 0.511344 0.511008 0.510841
v 0.88118058 0.17707062 0.03086388 0.516110 0.515942 0.515859
v 0.89642358 -0.11991514 -0.00305542 0.506170 0.506026 0.505959
v 0.89098120 -0.11822435 -0.14182651 0.508464 0.508019 0.507809
v 0.88001722 -0.17772064 -0.03654861 0.506097 0.505839 0.505718
v 0.88036358 -0.12028696 0.12980044 0.504320 0.504184 0.504121
v 0.87894422 -0.17984170 0.03112789 0.507264 0.507078 0.506991
v -0.87629694 0.06101419 -0.09515145 0.512090 0.510981 0.510410
v -0.87890768 -0.06003988 -0.09557398 0.511106 0.510863 0.510748
v -0.86925471 0.06239100 -0.16052389 0.509962 0.509071 0.508602
v -0.87013501 -0.06009904 -0.16024671 0.510539 0.510304 0.510194
v -0.90566242 0.06194368 0.10379091 0.517070 0.516374 0.516042
v -0.90205485 -0.06084118 0.10368390 0.516985 0.516534 0.516322
v -0.90998036 0.06244471 0.16761856 0.514971 0.513875 0.513326
v -0.90221322 -0.06165903 0.16900383 0.511793 0.511398 0.511212
v -0.88732278 0.12043054 0.00418743 0.517038 0.516667 0.516491
v -0.86710924 0.12055304 -0.12939633 0.511794 0.511139 0.510809
v -0.87149656 0.17751110 -0.02990834 0.519478 0.519067 0.518873
v -0.90935957 0.12310531 0.14070894 0.517178 0.516163 0.515644
v -0.87516743 0.17751457 0.03926194 0.522275 0.521914 0.521742
v -0.88920820 -0.12030651 0.00337509 0.515300 0.514975 0.514823
v -0.87340212 -0.11958664 -0.13168108 0.508480 0.508432 0.508410
v -0.87367415 -0.17784184 -0.03215130 0.512528 0.512258 0.512129
v -0.90439463 -0.12248059 0.13956703 0.508990 0.508873 0.508817
v -0.87644404 -0.17740066 0.03792599 0.518359 0.517912 0.517702
v -0.22927155 0.77244288 0.09777576 0.500495 0.500495 0.500495
v -0.26820201 0.74765390 0.15279910 0.501182 0.501182 0.501182
v -0.23861861 0.81169140 -0.12569590 0.500345 0.500345 0.500345
v -0.28463027 0.80547833 -0.18357687 0.500109 0.500109 0.500109
v -0.20181853 0.76574236 0.15299137 0.500474 0.500474 0.500474
v -0.21380104 0.83261889 -0.18830025 0.500186 0.500186 0.500186
v -0.47360337 0.66014558 0.23255640 0.505480 0.505406 0.505365
v -0.53712994 0.63784540 0.21422988 0.507082 0.507055 0.507040
v -0.50968081 0.62841272 0.27262586 0.507269 0.507126 0.507046
v -0.50103116 0.71281779 -0.27377275 0.506421 0.506263 0.506176
v -0.54929054 0.66688883 -0.24401802 0.505922 0.505746 0.505650
v -0.53311670 0.67833698 -0.31594685 0.506884 0.506754 0.506684
v -0.64476091 0.56917226 -0.03882138 0.510987 0.510907 0.510863
v -0.64584303 0.56854737 0.02992254 0.511106 0.511011 0.510959
v -0.68011272 0.53279555 -0.00266469 0.512299 0.512157 0.512082
v 0.23301071 0.79421389 0.09142179 0.500422 0.500422 0.500422
v 0.27085111 0.76651597 0.14819525 0.500993 0.500993 0.500993
v 0.24788007 0.83434558 -0.11907174 0.500322 0.500322 0.500322
v 0.29297787 0.82156956 -0.17251343 0.500214 0.500214 0.500214
v 0.20651005 0.78247333 0.14593565 0.500753 0.500753 0.500753
v 0.22197811 0.84559608 -0.17653830 0.500143 0.500143 0.500143
v 0.47584569 0.67709309 0.23913421 0.502479 0.502473 0.502470
v 0.53558445 0.65082097 0.22160935 0.504427 0.504425 0.504423
v 0.51456439 0.64574629 0.28517205 0.503978 0.503957 0.503945
v 0.50504410 0.71204782 -0.27045080 0.505368 0.505327 0.505304
v 0.55367088 0.67827332 -0.24424978 0.505683 0.505629 0.505599
v 0.53973264 0.67817938 -0.31757578 0.507803 0.507685 0.507620
v 0.65331471 0.58913255 -0.03963136 0.506780 0.506727 0.506699
v 0.65543866 0.58929271 0.02951334 0.506104 0.506014 0.505964
v 0.68582463 0.54551780 -0.00578145 0.507839 0.507758 0.507717
v -0.25200221 -0.83915317 0.10970990 0.500384 0.500384 0.500384
v -0.29135725 -0.81661618 0.17266326 0.500236 0.500236 0.500236
v -0.28005502 -0.96552515 -0.12502012 0.502920 0.502920 0.502920
v -0.33782306 -0.95501494 -0.20770773 0.507010 0.507010 0.507010
v -0.22153433 -0.84025317 0.17786998 0.500197 0.500197 0.500197
v -0.25768524 -0.97414845 -0.21121384 0.500361 0.500361 0.500361
v -0.51341134 -0.72679377 0.26715916 0.505516 0.505516 0.505516
v -0.55843729 -0.68217796 0.23898868 0.505196 0.505196 0.505196
v -0.54976988 -0.69592631 0.31459680 0.507361 0.507361 0.507361
v -0.46623045 -0.68434131 -0.24108724 0.501952 0.501927 0.501916
v -0.52163559 -0.63942492 -0.21634439 0.502274 0.502260 0.502253
v -0.49777904 -0.63371629 -0.27429119 0.502915 0.502888 0.502876
v -0.64597315 -0.57554388 -0.02667774 0.506701 0.506651 0.506628
v -0.64540559 -0.57591039 0.04414936 0.506828 0.506791 0.506774
v -0.67957556 -0.53560907 0.00802491 0.506927 0.506788 0.506721
v 0.25369078 -0.85878575 0.12327914 0.500405 0.500405 0.500405
v 0.29193574 -0.83809781 0.19037257 0.500542 0.500542 0.500542
v 0.29325363 -0.97195619 -0.13171814 0.502162 0.502162 0.502162
v 0.33671644 -0.95231748 -0.20947257 0.505555 0.505555 0.505555
v 0.21948497 -0.86481011 0.19848371 0.500555 0.500555 0.500555
v 0.26564914 -0.97728890 -0.21826741 0.500477 0.500477 0.500477
v 0.50451326 -0.73034608 0.26278529 0.504211 0.504211 0.504211
v 0.55494571 -0.68593347 0.23674022 0.503996 0.503996 0.503996
v 0.53104287 -0.68547457 0.30584130 0.504012 0.504012 0.504012
v 0.48166037 -0.69934660 -0.24959199 0.502280 0.502261 0.502252
v 0.53918129 -0.65793848 -0.22989224 0.502529 0.502494 0.502477
v 0.51432711 -0.64701653 -0.29004654 0.503042 0.503010 0.502994
v 0.66020775 -0.59482986 -0.03789056 0.506067 0.505988 0.505951
v 0.66205108 -0.59557796 0.03257754 0.505798 0.505742 0.505715
v 0.69157261 -0.55074328 -0.00355426 0.507343 0.507246 0.507200
v -0.06251849 -0.79846990 0.71418005 0.504203 0.504141 0.504112
v 0.02361156 -0.76601225 0.69331408 0.503543 0.503452 0.503409
v -0.26156059 -0.62440974 0.77101707 0.506489 0.505623 0.505216
v -0.27871174 -0.54686362 0.79383385 0.505118 0.504334 0.503965
v -0.00704125 -0.81867123 0.65641475 0.503660 0.503582 0.503545
v -0.32327071 -0.58675468 0.74614978 0.506845 0.505939 0.505513
v 0.27813235 -0.65200216 0.77803129 0.504578 0.504042 0.503790
v 0.31408435 -0.57788211 0.83108777 0.511451 0.510371 0.509862
v 0.33278108 -0.59982103 0.75744975 0.504287 0.503719 0.503451
v 0.12173185 -0.27348402 0.90116483 0.509157 0.508177 0.507717
v 0.18249352 -0.31421861 0.87669134 0.509031 0.508064 0.507609
v -0.12386604 -0.27506864 0.90369284 0.503278 0.502765 0.502524
v -0.18321092 -0.31292856 0.87699026 0.499640 0.499588 0.499564
v 0.18210587 -0.24212679 0.88824946 0.509722 0.508774 0.508328
v -0.18404184 -0.24114384 0.89168847 0.504780 0.504358 0.504158
v -0.02581991 0.61217171 0.58388823 0.505893 0.505891 0.505890
v 0.03929095 0.60612833 0.58009082 0.507087 0.507086 0.507085
v -0.22116657 0.53014612 0.67349845 0.516162 0.516130 0.516112
v -0.24437438 0.48262951 0.71439189 0.516265 0.515895 0.515691
v 0.00885476 0.63451970 0.53552586 0.505345 0.505345 0.505345
v -0.28264150 0.51144207 0.66807890 0.515533 0.515296 0.515166
v 0.21268739 0.52336180 0.65973556 0.512341 0.512246 0.512194
v 0.23879020 0.48338622 0.70523840 0.511183 0.510595 0.510274
v 0.27196118 0.50706297 0.65353966 0.510068 0.509609 0.509356
v 0.12205113 0.26782677 0.87135386 0.519243 0.518945 0.518803
v 0.17918669 0.30353913 0.84636617 0.516696 0.516447 0.516331
v -0.12856747 0.27041978 0.87834418 0.523723 0.523587 0.523523
v -0.18798107 0.30509546 0.85812902 0.522764 0.522703 0.522674
v 0.18436529 0.23653455 0.87068123 0.516371 0.516264 0.516213
v -0.19291994 0.24059035 0.87940264 0.526349 0.526165 0.526078
v -0.02986709 -0.66285831 -0.60733229 0.504136 0.504136 0.504136
v 0.03833877 -0.67022240 -0.61095226 0.504997 0.504997 0.504997
v -0.22617565 -0.54118723 -0.67618078 0.511086 0.510729 0.510562
v -0.24700321 -0.48909611 -0.71186680 0.513525 0.512901 0.512607
v 0.00510591 -0.70445532 -0.56396329 0.504044 0.504044 0.504044
v -0.28661910 -0.51629341 -0.66517931 0.510680 0.510077 0.509792
v 0.23766549 -0.55893272 -0.68909562 0.512870 0.512419 0.512208
v 0.26210982 -0.50742799 -0.72301847 0.512849 0.511953 0.511529
v 0.30081573 -0.53311014 -0.67910433 0.511352 0.510581 0.510219
v 0.12141041 -0.26663986 -0.85351568 0.523040 0.521642 0.520984
v 0.18130344 -0.30140409 -0.83394998 0.522155 0.520766 0.520112
v -0.12008211 -0.26627010 -0.85904151 0.522015 0.520895 0.520367
v -0.17642865 -0.30149895 -0.83851016 0.521960 0.520866 0.520351
v 0.18612611 -0.23846711 -0.85564238 0.524515 0.523043 0.522350
v -0.18008322 -0.23932482 -0.86247838 0.523988 0.522813 0.522259
v -0.04290649 0.77239192 -0.69060373 0.504455 0.503920 0.503667
v 0.04185685 0.77944535 -0.69592893 0.505286 0.504633 0.504323
v -0.25016990 0.62724483 -0.74334633 0.512668 0.511289 0.510639
v -0.27495879 0.55805820 -0.78600752 0.511765 0.510454 0.509836
v 0.00278740 0.80390733 -0.64227778 0.502591 0.502277 0.502129
v -0.30722180 0.60562778 -0.74657661 0.510671 0.509513 0.508969
v 0.25227138 0.62225544 -0.75706816 0.516768 0.515159 0.514402
v 0.27182615 0.54928941 -0.78854781 0.514150 0.512582 0.511846
v 0.31450495 0.58855784 -0.74299270 0.509224 0.507997 0.507420
v 0.14541532 0.29835573 -0.98353910 0.522218 0.511630 0.505873
v 0.19788986 0.33148026 -0.93727744 0.515289 0.507988 0.504021
v -0.14118749 0.29884291 -0.98467040 0.517290 0.507556 0.502265
v -0.19854808 0.33394253 -0.93892431 0.513451 0.507110 0.503664
v 0.20379922 0.26175979 -0.96302140 0.510457 0.500300 0.494783
v -0.20153975 0.26587003 -0.95936829 0.509955 0.500547 0.495440
v 0.74646753 0.26491895 -0.51326877 0.519526 0.519125 0.518935
v 0.71186298 0.23854649 -0.57418579 0.519793 0.519288 0.519042
v 0.84974468 0.17618798 -0.31545743 0.515493 0.515096 0.514899
v 0.87942612 0.11674603 -0.28195393 0.513357 0.512704 0.512385
v 0.70383132 0.30363849 -0.54865080 0.519274 0.518862 0.518668
v 0.86569393 0.17814602 -0.25276914 0.515542 0.515256 0.515116
v 0.74075055 -0.25869924 -0.50563711 0.518691 0.518242 0.518030
v 0.71064019 -0.23793061 -0.57106924 0.519090 0.518590 0.518355
v 0.85221529 -0.17782247 -0.31523234 0.515605 0.515134 0.514913
v 0.88035911 -0.11665636 -0.28095305 0.512812 0.512457 0.512293
v 0.69815511 -0.29898277 -0.54187089 0.518627 0.518153 0.517930
v 0.86606354 -0.17869134 -0.24817756 0.511945 0.511481 0.511263
v 0.60398442 -0.03912042 -0.66378796 0.520702 0.520351 0.520178
v 0.61294490 0.03894229 -0.67689997 0.521370 0.519707 0.518855
v 0.56493908 0.00231441 -0.71233106 0.525437 0.524240 0.523641
v 0.73165983 0.25724971 0.50506890 0.512966 0.512953 0.512946
v 0.68261611 0.22492781 0.54590881 0.512656 0.512461 0.512369
v 0.82849008 0.16921705 0.30129230 0.512501 0.512398 0.512350
v 0.85349596 0.11425692 0.26340616 0.511789 0.511612 0.511527
v 0.67698491 0.28962633 0.52473730 0.512222 0.512089 0.512026
v 0.84358466 0.17126562 0.23328228 0.511767 0.511657 0.511605
v 0.72973543 -0.25550458 0.50174809 0.510441 0.510273 0.510194
v 0.67964679 -0.22492053 0.54281026 0.512120 0.511986 0.511923
v 0.82618284 -0.17147921 0.30070531 0.506295 0.506048 0.505931
v 0.84914464 -0.11590973 0.26397830 0.506106 0.505877 0.505769
v 0.67509866 -0.29243755 0.52230817 0.511234 0.510993 0.510880
v 0.84134495 -0.17378835 0.23368932 0.504601 0.504449 0.504377
v 0.60320842 -0.03327466 0.66127771 0.511883 0.511520 0.511347
v 0.60357952 0.03300182 0.66333234 0.512544 0.512055 0.511816
v 0.56385648 -0.00053775 0.71011692 0.510289 0.510122 0.510043
v -0.71279299 0.24779776 -0.48656875 0.515743 0.515349 0.515163
v -0.67178130 0.22476438 -0.54522300 0.513522 0.512961 0.512691
v -0.82824206 0.17673734 -0.28853384 0.515474 0.514790 0.514437
v -0.84070289 0.11997852 -0.25133565 0.511336 0.510595 0.510203
v -0.66921991 0.28427690 -0.52198046 0.513388 0.512926 0.512708
v -0.84605229 0.17921433 -0.22725862 0.518310 0.517783 0.517510
v -0.70625806 -0.24535257 -0.48315296 0.516303 0.515876 0.515674
v -0.66642159 -0.22345746 -0.53814131 0.516741 0.516309 0.516105
v -0.82658708 -0.17419872 -0.29178542 0.511081 0.510914 0.510834
v -0.84491915 -0.11818011 -0.25638726 0.511546 0.511455 0.511411
v -0.65801996 -0.28150180 -0.51162595 0.516202 0.515776 0.515576
v -0.83991539 -0.17667973 -0.23054576 0.513942 0.513633 0.513485
v -0.58497226 -0.03319378 -0.65173078 0.517177 0.516780 0.516589
v -0.58453101 0.03756332 -0.65278918 0.513925 0.512712 0.512080
v -0.53771502 0.00084169 -0.68235856 0.519420 0.518473 0.517993
v -0.71696651 0.24732332 0.49446943 0.521533 0.521208 0.521055
v -0.68657851 0.22833082 0.55572540 0.517757 0.517433 0.517281
v -0.84981167 0.17650041 0.29804808 0.518804 0.518485 0.518334
v -0.87144768 0.12040930 0.26245463 0.513685 0.513290 0.513099
v -0.67737353 0.29168218 0.53056026 0.518269 0.517879 0.517696
v -0.87085551 0.18072659 0.23413657 0.517223 0.516644 0.516371
v -0.71528500 -0.24584416 0.49420911 0.513884 0.513217 0.512904
v -0.68493450 -0.22825190 0.55513442 0.513768 0.513145 0.512853
v -0.84754544 -0.17764474 0.29930991 0.512507 0.512202 0.512059
v -0.87476194 -0.12156557 0.26284590 0.511824 0.511486 0.511327
v -0.67554498 -0.29143357 0.52848446 0.513936 0.513170 0.512810
v -0.86782104 -0.18240939 0.23505676 0.511019 0.510691 0.510539
v -0.61431754 -0.03431922 0.68108201 0.510457 0.509869 0.509591
v -0.61456174 0.03618617 0.68029642 0.511220 0.510550 0.510227
v -0.56974798 0.00105843 0.72191590 0.513455 0.512783 0.512467
v -0.02160303 0.75575483 0.25516108 0.500807 0.500807 0.500807
v 0.04440850 0.75569940 0.25408110 0.500963 0.500963 0.500963
v 0.01140150 0.73386216 0.31678301 0.501732 0.501732 0.501732
v -0.02946858 0.90821385 -0.33641228 0.500016 0.500014 0.500013
v 0.03003887 0.90163058 -0.33904269 0.500137 0.500137 0.500137
v -0.00140624 0.92217374 -0.41800317 0.500198 0.500198 0.500197
v -0.51294029 0.52489138 0.47827178 0.515042 0.514709 0.514530
v -0.47957963 0.50977874 0.53806901 0.516898 0.516776 0.516717
v -0.53993654 0.47958523 0.51892602 0.517884 0.517583 0.517429
v -0.52263629 0.57182914 -0.49662226 0.510678 0.510233 0.510023
v -0.48284763 0.55005586 -0.55344117 0.509325 0.509019 0.508875
v -0.53538620 0.49858546 -0.51991576 0.511616 0.511375 0.511263
v -0.80894935 0.34486553 0.00185291 0.518948 0.518675 0.518546
v -0.83148700 0.28865397 -0.03097796 0.518590 0.518243 0.518079
v -0.84115660 0.29095286 0.03966584 0.522392 0.522071 0.521920
v 0.51705182 0.52775967 0.47349325 0.509506 0.509110 0.508893
v 0.47435248 0.50250959 0.52535981 0.510653 0.510553 0.510500
v 0.53565192 0.47124061 0.50586402 0.510063 0.509654 0.509435
v 0.53729874 0.57593077 -0.51144141 0.513123 0.512677 0.512466
v 0.50491947 0.55933523 -0.57250082 0.510221 0.509774 0.509560
v 0.55856436 0.50987667 -0.54334247 0.515438 0.515244 0.515152
v 0.80977511 0.34849849 -0.00411106 0.515484 0.515433 0.515408
v 0.83743125 0.29293650 -0.03773965 0.514222 0.514148 0.514114
v 0.83724445 0.29287714 0.03183879 0.516440 0.516383 0.516356
v -0.00942323 -0.90300697 0.33283365 0.500601 0.500601 0.500601
v 0.04815163 -0.92627579 0.38627827 0.500740 0.500740 0.500740
v 0.02137000 -0.93328202 0.42039219 0.502572 0.502566 0.502564
v -0.04037834 -0.80947280 -0.27764079 0.500872 0.500872 0.500872
v 0.04045372 -0.80882514 -0.27633208 0.500677 0.500677 0.500677
v 0.00116868 -0.78655565 -0.33733022 0.500782 0.500782 0.500782
v -0.51730126 -0.58770698 0.52668399 0.510884 0.510598 0.510461
v -0.48483512 -0.57538867 0.58904254 0.511527 0.510816 0.510468
v -0.54438233 -0.51962459 0.54505187 0.509872 0.508866 0.508373
v -0.50165039 -0.52256602 -0.46905851 0.510157 0.509884 0.509756
v -0.46516305 -0.50415516 -0.52790534 0.509872 0.509573 0.509432
v -0.52184111 -0.46737424 -0.50381655 0.511355 0.511027 0.510872
v -0.80647230 -0.34433934 0.00280350 0.513561 0.512877 0.512556
v -0.83064777 -0.28922623 -0.03223980 0.515379 0.514771 0.514485
v -0.83984470 -0.29092196 0.03958230 0.516454 0.515689 0.515329
v 0.54012942 -0.58546352 0.53233922 0.505272 0.505073 0.504977
v 0.51278120 -0.57584774 0.60594571 0.510340 0.509987 0.509815
v 0.55865729 -0.51937842 0.54683977 0.507911 0.507424 0.507188
v 0.52813345 -0.53796709 -0.49527797 0.515765 0.515377 0.515195
v 0.49350569 -0.52513999 -0.55458796 0.514287 0.513728 0.513464
v 0.55440187 -0.49306929 -0.53390408 0.516018 0.515577 0.515369
v 0.80978930 -0.35021684 -0.00359326 0.509026 0.508542 0.508315
v 0.83683968 -0.29429924 -0.03808836 0.508694 0.508199 0.507965
v 0.83606970 -0.29447562 0.03180990 0.509477 0.508966 0.508726
v 0.30300245 -0.03845966 0.86361134 0.511045 0.510462 0.510189
v 0.30540082 0.03272805 0.86570919 0.510133 0.509657 0.509429
v 0.36436555 -0.00210944 0.84248155 0.512722 0.512391 0.512233
v -0.30498186 -0.03740849 0.87016958 0.511790 0.511607 0.511521
v -0.30601412 0.03499192 0.86978018 0.517139 0.516652 0.516420
v -0.36494458 -0.00060869 0.85165280 0.515724 0.515538 0.515449
v 0.31421661 -0.03688338 -0.84496576 0.532216 0.530705 0.529983
v 0.31300515 0.04177006 -0.85750902 0.525270 0.520940 0.518623
v 0.36831677 0.00107664 -0.83026105 0.528254 0.525912 0.524751
v -0.29385656 -0.03294827 -0.83853525 0.531644 0.530778 0.530363
v -0.29541871 0.04420851 -0.84821469 0.527250 0.524228 0.522604
v -0.35004199 0.00644912 -0.81858885 0.525212 0.523681 0.522907
f 1 647 644
f 1 644 643
f 1 643 645
f 1 645 646
f 1 646 647
f 2 649 652
f 6 672 670
f 12 702 699
f 11 696 695
f 8 679 681
f 4 662 659
f 4 659 658
f 4 658 660
f 4 660 661
f 4 661 662
f 5 666 665
f 3 654 657
f 7 673 677
f 9 685 686
f 10 692 688
f 12 701 698
f 6 669 668
f 2 650 648
f 8 682 678
f 11 697 693
f 6 671 669
f 12 700 701
f 11 694 697
f 8 680 682
f 2 651 650
f 10 690 689
f 5 663 664
f 3 655 653
f 7 676 674
f 9 687 684
f 10 691 690
f 5 667 663
f 3 656 655
f 7 675 676
f 9 683 687
f 6 668 672
f 2 648 649
f 8 678 679
f 11 693 696
f 12 698 702
f 10 688 691
f 5 665 667
f 3 657 656
f 7 677 675
f 9 686 683
f 5 664 666
f 3 653 654
f 7 674 673
f 9 684 685
f 10 689 692
f 6 670 671
f 12 699 700
f 11 695 694
f 8 681 680
f 2 652 651
f 35 837 838
f 18 735 736
f 19 742 741
f 40 868 867
f 42 880 879
f 34 832 831
f 33 827 828
f 25 778 780
f 36 844 846
f 20 749 747
f 32 819 820
f 23 765 767
f 24 773 771
f 37 850 849
f 41 876 875
f 34 833 834
f 33 826 825
f 25 779 777
f 36 845 843
f 20 748 750
f 17 729 727
f 14 711 709
f 13 706 703
f 15 718 715
f 16 724 721
f 18 737 733
f 35 839 835
f 42 882 878
f 40 870 866
f 19 744 740
f 30 807 805
f 27 789 787
f 22 762 758
f 28 797 793
f 29 802 799
f 32 821 817
f 23 766 763
f 24 774 770
f 37 852 848
f 41 874 872
f 35 838 836
f 18 736 734
f 19 741 739
f 40 867 865
f 42 879 877
f 34 831 829
f 33 828 824
f 25 780 776
f 36 846 842
f 20 747 745
f 32 820 818
f 23 767 764
f 24 771 769
f 37 849 847
f 41 875 871
f 34 834 830
f 33 825 823
f 25 777 775
f 36 843 841
f 20 750 746
f 14 714 710
f 13 707 704
f 15 719 716
f 16 725 722
f 17 732 728
f 21 755 752
f 31 814 811
f 26 784 781
f 38 857 853
f 39 862 860
f 27 792 788
f 22 759 757
f 28 796 794
f 29 803 800
f 30 810 806
f 31 815 812
f 26 785 782
f 38 856 854
f 39 863 859
f 21 754 751
f 14 712 714
f 13 705 707
f 15 717 719
f 16 723 725
f 17 730 732
f 21 753 755
f 31 816 814
f 26 786 784
f 38 858 857
f 39 861 862
f 27 791 792
f 22 761 759
f 28 795 796
f 29 801 803
f 30 808 810
f 31 813 815
f 26 783 785
f 38 855 856
f 39 864 863
f 21 756 754
f 14 709 712
f 13 703 705
f 15 715 717
f 16 721 723
f 17 727 730
f 21 751 753
f 31 812 816
f 26 782 786
f 38 854 858
f 39 859 861
f 27 787 791
f 22 758 761
f 28 793 795
f 29 799 801
f 30 805 808
f 31 811 813
f 26 781 783
f 38 853 855
f 39 860 864
f 21 752 756
f 17 728 731
f 14 710 713
f 13 704 708
f 15 716 720
f 16 722 726
f 18 734 738
f 35 836 840
f 42 877 881
f 40 865 869
f 19 739 743
f 30 806 809
f 27 788 790
f 22 757 760
f 28 794 798
f 29 800 804
f 32 818 822
f 23 764 768
f 24 769 772
f 37 847 851
f 41 871 873
f 35 835 837
f 18 733 735
f 19 740 742
f 40 866 868
f 42 878 880
f 34 830 832
f 33 823 827
f 25 775 778
f 36 841 844
f 20 746 749
f 32 817 819
f 23 763 765
f 24 770 773
f 37 848 850
f 41 872 876
f 34 829 833
f 33 824 826
f 25 776 779
f 36 842 845
f 20 745 748
f 17 731 729
f 14 713 711
f 13 708 706
f 15 720 718
f 16 726 724
f 18 738 737
f 35 840 839
f 42 881 882
f 40 869 870
f 19 743 744
f 30 809 807
f 27 790 789
f 22 760 762
f 28 798 797
f 29 804 802
f 32 822 821
f 23 768 766
f 24 772 774
f 37 851 852
f 41 873 874
f 107 1269 1270
f 103 1245 1246
f 104 1252 1251
f 110 1288 1287
f 113 1306 1305
f 118 1336 1335
f 154 1551 1552
f 141 1473 1474
f 162 1599 1600
f 121 1354 1353
f 142 1479 1480
f 129 1401 1402
f 130 1408 1407
f 144 1492 1491
f 146 1504 1503
f 151 1533 1534
f 131 1414 1413
f 136 1444 1443
f 161 1594 1593
f 126 1383 1384
f 116 1323 1324
f 108 1275 1276
f 106 1263 1264
f 112 1299 1300
f 115 1317 1318
f 119 1341 1342
f 156 1564 1563
f 139 1462 1461
f 160 1588 1587
f 120 1347 1348
f 149 1521 1522
f 132 1420 1419
f 128 1395 1396
f 145 1497 1498
f 148 1515 1516
f 155 1557 1558
f 133 1425 1426
f 134 1431 1432
f 157 1570 1569
f 124 1372 1371
f 109 1282 1281
f 105 1258 1257
f 111 1294 1293
f 114 1312 1311
f 117 1330 1329
f 125 1378 1377
f 152 1540 1539
f 137 1449 1450
f 158 1575 1576
f 123 1365 1366
f 143 1486 1485
f 127 1390 1389
f 135 1437 1438
f 147 1510 1509
f 150 1528 1527
f 153 1546 1545
f 140 1468 1467
f 138 1455 1456
f 159 1581 1582
f 122 1359 1360
f 107 1272 1271
f 103 1248 1247
f 104 1253 1254
f 110 1289 1290
f 113 1307 1308
f 118 1337 1338
f 154 1554 1553
f 141 1476 1475
f 162 1602 1601
f 121 1355 1356
f 142 1482 1481
f 129 1404 1403
f 130 1409 1410
f 144 1493 1494
f 146 1505 1506
f 151 1536 1535
f 131 1415 1416
f 136 1445 1446
f 161 1595 1596
f 126 1386 1385
f 47 909 907
f 44 891 889
f 43 886 883
f 45 898 895
f 46 904 901
f 49 922 919
f 72 1060 1057
f 102 1240 1237
f 96 1204 1201
f 79 1102 1099
f 62 999 997
f 59 981 979
f 58 976 973
f 60 988 985
f 61 994 991
f 66 1024 1021
f 54 952 949
f 73 1066 1063
f 85 1138 1135
f 92 1179 1177
f 101 1233 1231
f 69 1041 1039
f 50 927 925
f 82 1119 1117
f 97 1209 1207
f 71 1053 1051
f 100 1228 1225
f 94 1192 1189
f 80 1108 1105
f 51 933 931
f 90 1167 1165
f 63 1005 1003
f 55 957 955
f 76 1083 1081
f 87 1150 1147
f 91 1174 1171
f 67 1029 1027
f 56 963 961
f 75 1077 1075
f 83 1126 1123
f 68 1036 1033
f 48 915 913
f 78 1095 1093
f 93 1185 1183
f 98 1216 1213
f 88 1155 1153
f 65 1018 1015
f 57 970 967
f 77 1090 1087
f 86 1143 1141
f 64 1012 1009
f 53 945 943
f 74 1071 1069
f 84 1131 1129
f 89 1162 1159
f 70 1047 1045
f 99 1221 1219
f 95 1197 1195
f 81 1114 1111
f 52 940 937
f 109 1284 1280
f 105 1260 1256
f 111 1296 1292
f 114 1314 1310
f 117 1332 1328
f 125 1380 1376
f 152 1542 1538
f 137 1451 1447
f 158 1577 1573
f 123 1367 1363
f 143 1488 1484
f 127 1392 1388
f 135 1439 1435
f 147 1512 1508
f 150 1530 1526
f 153 1548 1544
f 140 1470 1466
f 138 1457 1453
f 159 1583 1579
f 122 1361 1357
f 107 1270 1268
f 103 1246 1244
f 104 1251 1249
f 110 1287 1285
f 113 1305 1303
f 118 1335 1333
f 154 1552 1550
f 141 1474 1472
f 162 1600 1598
f 121 1353 1351
f 142 1480 1478
f 129 1402 1400
f 130 1407 1405
f 144 1491 1489
f 146 1503 1501
f 151 1534 1532
f 131 1413 1411
f 136 1443 1441
f 161 1593 1591
f 126 1384 1382
f 116 1324 1322
f 108 1276 1274
f 106 1264 1262
f 112 1300 1298
f 115 1318 1316
f 119 1342 1340
f 156 1563 1561
f 139 1461 1459
f 160 1587 1585
f 120 1348 1346
f 149 1522 1520
f 132 1419 1417
f 128 1396 1394
f 145 1498 1496
f 148 1516 1514
f 155 1558 1556
f 133 1426 1424
f 134 1432 1430
f 157 1569 1567
f 124 1371 1369
f 109 1281 1279
f 105 1257 1255
f 111 1293 1291
f 114 1311 1309
f 117 1329 1327
f 125 1377 1375
f 152 1539 1537
f 137 1450 1448
f 158 1576 1574
f 123 1366 1364
f 143 1485 1483
f 127 1389 1387
f 135 1438 1436
f 147 1509 1507
f 150 1527 1525
f 153 1545 1543
f 140 1467 1465
f 138 1456 1454
f 159 1582 1580
f 122 1360 1358
f 107 1271 1267
f 103 1247 1243
f 104 1254 1250
f 110 1290 1286
f 113 1308 1304
f 118 1338 1334
f 154 1553 1549
f 141 1475 1471
f 162 1601 1597
f 121 1356 1352
f 142 1481 1477
f 129 1403 1399
f 130 1410 1406
f 144 1494 1490
f 146 1506 1502
f 151 1535 1531
f 131 1416 1412
f 136 1446 1442
f 161 1596 1592
f 126 1385 1381
f 44 894 890
f 43 887 884
f 45 899 896
f 46 905 902
f 47 912 908
f 52 941 938
f 70 1050 1046
f 99 1224 1220
f 95 1200 1196
f 81 1115 1112
f 59 984 980
f 58 977 974
f 60 989 986
f 61 995 992
f 62 1002 998
f 65 1019 1016
f 57 971 968
f 77 1091 1088
f 86 1146 1142
f 88 1158 1154
f 98 1217 1214
f 68 1037 1034
f 48 918 914
f 78 1098 1094
f 93 1188 1184
f 69 1044 1040
f 101 1236 1232
f 97 1212 1208
f 82 1122 1118
f 50 930 926
f 89 1163 1160
f 64 1013 1010
f 53 948 944
f 74 1074 1070
f 84 1134 1130
f 90 1170 1166
f 63 1008 1004
f 55 960 956
f 76 1086 1082
f 87 1151 1148
f 72 1061 1058
f 49 923 920
f 79 1103 1100
f 96 1205 1202
f 102 1241 1238
f 91 1175 1172
f 67 1032 1028
f 56 966 962
f 75 1080 1076
f 83 1127 1124
f 66 1025 1022
f 54 953 950
f 73 1067 1064
f 85 1139 1136
f 92 1182 1178
f 71 1056 1052
f 100 1229 1226
f 94 1193 1190
f 80 1109 1106
f 51 936 932
f 116 1325 1321
f 108 1277 1273
f 106 1265 1261
f 112 1301 1297
f 115 1319 1315
f 119 1343 1339
f 156 1566 1562
f 139 1464 1460
f 160 1590 1586
f 120 1349 1345
f 149 1523 1519
f 132 1422 1418
f 128 1397 1393
f 145 1499 1495
f 148 1517 1513
f 155 1559 1555
f 133 1427 1423
f 134 1433 1429
f 157 1572 1568
f 124 1374 1370
f 44 892 894
f 43 885 887
f 45 897 899
f 46 903 905
f 47 910 912
f 52 939 941
f 70 1048 1050
f 99 1222 1224
f 95 1198 1200
f 81 1113 1115
f 59 982 984
f 58 975 977
f 60 987 989
f 61 993 995
f 62 1000 1002
f 65 1017 1019
f 57 969 971
f 77 1089 1091
f 86 1144 1146
f 88 1156 1158
f 98 1215 1217
f 68 1035 1037
f 48 916 918
f 78 1096 1098
f 93 1186 1188
f 69 1042 1044
f 101 1234 1236
f 97 1210 1212
f 82 1120 1122
f 50 928 930
f 89 1161 1163
f 64 1011 1013
f 53 946 948
f 74 1072 1074
f 84 1132 1134
f 90 1168 1170
f 63 1006 1008
f 55 958 960
f 76 1084 1086
f 87 1149 1151
f 72 1059 1061
f 49 921 923
f 79 1101 1103
f 96 1203 1205
f 102 1239 1241
f 91 1173 1175
f 67 1030 1032
f 56 964 966
f 75 1078 1080
f 83 1125 1127
f 66 1023 1025
f 54 951 953
f 73 1065 1067
f 85 1137 1139
f 92 1180 1182
f 71 1054 1056
f 100 1227 1229
f 94 1191 1193
f 80 1107 1109
f 51 934 936
f 116 1326 1325
f 108 1278 1277
f 106 1266 1265
f 112 1302 1301
f 115 1320 1319
f 119 1344 1343
f 156 1565 1566
f 139 1463 1464
f 160 1589 1590
f 120 1350 1349
f 149 1524 1523
f 132 1421 1422
f 128 1398 1397
f 145 1500 1499
f 148 1518 1517
f 155 1560 1559
f 133 1428 1427
f 134 1434 1433
f 157 1571 1572
f 124 1373 1374
f 44 889 892
f 43 883 885
f 45 895 897
f 46 901 903
f 47 907 910
f 52 937 939
f 70 1045 1048
f 99 1219 1222
f 95 1195 1198
f 81 1111 1113
f 59 979 982
f 58 973 975
f 60 985 987
f 61 991 993
f 62 997 1000
f 65 1015 1017
f 57 967 969
f 77 1087 1089
f 86 1141 1144
f 88 1153 1156
f 98 1213 1215
f 68 1033 1035
f 48 913 916
f 78 1093 1096
f 93 1183 1186
f 69 1039 1042
f 101 1231 1234
f 97 1207 1210
f 82 1117 1120
f 50 925 928
f 89 1159 1161
f 64 1009 1011
f 53 943 946
f 74 1069 1072
f 84 1129 1132
f 90 1165 1168
f 63 1003 1006
f 55 955 958
f 76 1081 1084
f 87 1147 1149
f 72 1057 1059
f 49 919 921
f 79 1099 1101
f 96 1201 1203
f 102 1237 1239
f 91 1171 1173
f 67 1027 1030
f 56 961 964
f 75 1075 1078
f 83 1123 1125
f 66 1021 1023
f 54 949 951
f 73 1063 1065
f 85 1135 1137
f 92 1177 1180
f 71 1051 1054
f 100 1225 1227
f 94 1189 1191
f 80 1105 1107
f 51 931 934
f 116 1322 1326
f 108 1274 1278
f 106 1262 1266
f 112 1298 1302
f 115 1316 1320
f 119 1340 1344
f 156 1561 1565
f 139 1459 1463
f 160 1585 1589
f 120 1346 1350
f 149 1520 1524
f 132 1417 1421
f 128 1394 1398
f 145 1496 1500
f 148 1514 1518
f 155 1556 1560
f 133 1424 1428
f 134 1430 1434
f 157 1567 1571
f 124 1369 1373
f 47 908 911
f 44 890 893
f 43 884 888
f 45 896 900
f 46 902 906
f 49 920 924
f 72 1058 1062
f 102 1238 1242
f 96 1202 1206
f 79 1100 1104
f 62 998 1001
f 59 980 983
f 58 974 978
f 60 986 990
f 61 992 996
f 66 1022 1026
f 54 950 954
f 73 1064 1068
f 85 1136 1140
f 92 1178 1181
f 101 1232 1235
f 69 1040 1043
f 50 926 929
f 82 1118 1121
f 97 1208 1211
f 71 1052 1055
f 100 1226 1230
f 94 1190 1194
f 80 1106 1110
f 51 932 935
f 90 1166 1169
f 63 1004 1007
f 55 956 959
f 76 1082 1085
f 87 1148 1152
f 91 1172 1176
f 67 1028 1031
f 56 962 965
f 75 1076 1079
f 83 1124 1128
f 68 1034 1038
f 48 914 917
f 78 1094 1097
f 93 1184 1187
f 98 1214 1218
f 88 1154 1157
f 65 1016 1020
f 57 968 972
f 77 1088 1092
f 86 1142 1145
f 64 1010 1014
f 53 944 947
f 74 1070 1073
f 84 1130 1133
f 89 1160 1164
f 70 1046 1049
f 99 1220 1223
f 95 1196 1199
f 81 1112 1116
f 52 938 942
f 109 1279 1283
f 105 1255 1259
f 111 1291 1295
f 114 1309 1313
f 117 1327 1331
f 125 1375 1379
f 152 1537 1541
f 137 1448 1452
f 158 1574 1578
f 123 1364 1368
f 143 1483 1487
f 127 1387 1391
f 135 1436 1440
f 147 1507 1511
f 150 1525 1529
f 153 1543 1547
f 140 1465 1469
f 138 1454 1458
f 159 1580 1584
f 122 1358 1362
f 107 1267 1269
f 103 1243 1245
f 104 1250 1252
f 110 1286 1288
f 113 1304 1306
f 118 1334 1336
f 154 1549 1551
f 141 1471 1473
f 162 1597 1599
f 121 1352 1354
f 142 1477 1479
f 129 1399 1401
f 130 1406 1408
f 144 1490 1492
f 146 1502 1504
f 151 1531 1533
f 131 1412 1414
f 136 1442 1444
f 161 1592 1594
f 126 1381 1383
f 116 1321 1323
f 108 1273 1275
f 106 1261 1263
f 112 1297 1299
f 115 1315 1317
f 119 1339 1341
f 156 1562 1564
f 139 1460 1462
f 160 1586 1588
f 120 1345 1347
f 149 1519 1521
f 132 1418 1420
f 128 1393 1395
f 145 1495 1497
f 148 1513 1515
f 155 1555 1557
f 133 1423 1425
f 134 1429 1431
f 157 1568 1570
f 124 1370 1372
f 109 1280 1282
f 105 1256 1258
f 111 1292 1294
f 114 1310 1312
f 117 1328 1330
f 125 1376 1378
f 152 1538 1540
f 137 1447 1449
f 158 1573 1575
f 123 1363 1365
f 143 1484 1486
f 127 1388 1390
f 135 1435 1437
f 147 1508 1510
f 150 1526 1528
f 153 1544 1546
f 140 1466 1468
f 138 1453 1455
f 159 1579 1581
f 122 1357 1359
f 107 1268 1272
f 103 1244 1248
f 104 1249 1253
f 110 1285 1289
f 113 1303 1307
f 118 1333 1337
f 154 1550 1554
f 141 1472 1476
f 162 1598 1602
f 121 1351 1355
f 142 1478 1482
f 129 1400 1404
f 130 1405 1409
f 144 1489 1493
f 146 1501 1505
f 151 1532 1536
f 131 1411 1415
f 136 1441 1445
f 161 1591 1595
f 126 1382 1386
f 47 911 909
f 44 893 891
f 43 888 886
f 45 900 898
f 46 906 904
f 49 924 922
f 72 1062 1060
f 102 1242 1240
f 96 1206 1204
f 79 1104 1102
f 62 1001 999
f 59 983 981
f 58 978 976
f 60 990 988
f 61 996 994
f 66 1026 1024
f 54 954 952
f 73 1068 1066
f 85 1140 1138
f 92 1181 1179
f 101 1235 1233
f 69 1043 1041
f 50 929 927
f 82 1121 1119
f 97 1211 1209
f 71 1055 1053
f 100 1230 1228
f 94 1194 1192
f 80 1110 1108
f 51 935 933
f 90 1169 1167
f 63 1007 1005
f 55 959 957
f 76 1085 1083
f 87 1152 1150
f 91 1176 1174
f 67 1031 1029
f 56 965 963
f 75 1079 1077
f 83 1128 1126
f 68 1038 1036
f 48 917 915
f 78 1097 1095
f 93 1187 1185
f 98 1218 1216
f 88 1157 1155
f 65 1020 1018
f 57 972 970
f 77 1092 1090
f 86 1145 1143
f 64 1014 1012
f 53 947 945
f 74 1073 1071
f 84 1133 1131
f 89 1164 1162
f 70 1049 1047
f 99 1223 1221
f 95 1199 1197
f 81 1116 1114
f 52 942 940
f 109 1283 1284
f 105 1259 1260
f 111 1295 1296
f 114 1313 1314
f 117 1331 1332
f 125 1379 1380
f 152 1541 1542
f 137 1452 1451
f 158 1578 1577
f 123 1368 1367
f 143 1487 1488
f 127 1391 1392
f 135 1440 1439
f 147 1511 1512
f 150 1529 1530
f 153 1547 1548
f 140 1469 1470
f 138 1458 1457
f 159 1584 1583
f 122 1362 1361
f 407 1609 1616
f 403 1605 1608
f 404 1611 1606
f 410 1614 1612
f 413 1617 1615
f 422 1631 1624
f 486 1688 1692
f 573 1775 1782
f 561 1763 1765
f 512 1719 1714
f 452 1654 1661
f 448 1650 1653
f 449 1656 1651
f 455 1659 1657
f 458 1662 1660
f 470 1672 1675
f 437 1646 1639
f 494 1706 1696
f 531 1735 1733
f 539 1741 1751
f 568 1770 1779
f 478 1680 1683
f 419 1621 1626
f 509 1711 1721
f 554 1756 1766
f 482 1684 1689
f 576 1780 1778
f 558 1767 1760
f 516 1722 1718
f 425 1627 1629
f 542 1744 1747
f 463 1668 1665
f 434 1636 1641
f 497 1699 1704
f 528 1730 1737
f 546 1748 1750
f 464 1666 1676
f 440 1642 1644
f 500 1705 1702
f 524 1736 1726
f 479 1691 1681
f 418 1623 1620
f 508 1713 1710
f 553 1764 1755
f 569 1781 1771
f 538 1749 1740
f 471 1677 1673
f 443 1645 1647
f 501 1703 1707
f 523 1725 1734
f 467 1674 1669
f 433 1638 1635
f 493 1695 1698
f 527 1732 1729
f 543 1752 1745
f 485 1690 1687
f 572 1777 1774
f 557 1759 1762
f 515 1717 1720
f 428 1630 1632
f 591 2191 2189
f 587 1885 1883
f 588 1901 1903
f 594 2279 2281
f 597 2315 2317
f 600 2171 2173
f 634 2160 2158
f 619 2016 2012
f 639 2214 2210
f 602 1919 1924
f 624 2137 2135
f 608 1978 1973
f 610 1991 1996
f 627 2225 2227
f 630 2302 2304
f 635 2178 2176
f 615 2153 2155
f 617 2009 2014
f 637 2207 2212
f 604 1926 1922
f 416 1857 1864
f 408 1803 1810
f 406 1786 1795
f 412 1822 1831
f 415 1840 1849
f 424 1876 1887
f 492 2182 2193
f 582 2312 2321
f 565 2276 2285
f 514 1898 1907
f 461 2091 2098
f 453 2037 2044
f 451 1952 1961
f 457 2056 2067
f 460 2074 2083
f 475 2128 2139
f 439 1966 1975
f 496 1988 1997
f 533 2222 2231
f 551 2293 2298
f 579 2185 2190
f 483 1879 1884
f 426 1893 1900
f 521 2271 2278
f 566 2307 2314
f 489 2163 2170
f 578 2150 2159
f 560 2006 2015
f 518 2204 2213
f 429 1911 1918
f 547 2131 2136
f 465 1969 1977
f 441 1983 1990
f 504 2217 2224
f 537 2290 2301
f 550 2168 2177
f 476 2145 2152
f 444 2001 2008
f 502 2199 2206
f 526 1916 1925
f 481 1808 1817
f 420 1789 1797
f 510 1825 1833
f 555 1843 1851
f 571 1862 1871
f 540 1933 1941
f 473 2110 2119
f 447 2020 2029
f 507 2236 2247
f 534 2257 2262
f 469 2042 2051
f 435 1947 1954
f 498 2059 2064
f 529 2077 2085
f 545 2096 2105
f 487 2113 2121
f 574 2023 2031
f 562 2239 2244
f 520 2254 2265
f 432 1930 1939
f 589 1818 1814
f 583 1798 1793
f 586 1834 1829
f 593 1852 1847
f 596 1872 1868
f 599 1942 1937
f 633 2120 2124
f 620 2030 2034
f 640 2248 2250
f 603 2263 2261
f 622 2052 2050
f 607 1955 1960
f 612 2065 2063
f 626 2086 2081
f 629 2106 2102
f 631 2122 2117
f 614 2032 2027
f 618 2245 2243
f 641 2266 2268
f 605 1940 1944
f 409 1813 1804
f 405 1792 1785
f 411 1828 1821
f 414 1846 1839
f 417 1867 1858
f 431 1936 1929
f 488 2123 2114
f 575 2033 2024
f 563 2249 2240
f 519 2260 2253
f 454 2049 2038
f 450 1959 1951
f 456 2062 2055
f 459 2080 2073
f 462 2101 2092
f 472 2116 2109
f 446 2026 2019
f 506 2242 2235
f 535 2267 2258
f 541 1943 1934
f 570 1869 1861
f 480 1815 1807
f 421 1799 1790
f 511 1835 1826
f 556 1853 1844
f 484 1889 1880
f 580 2195 2186
f 567 2319 2308
f 522 2283 2272
f 427 1905 1894
f 544 2103 2095
f 468 2046 2041
f 436 1957 1948
f 499 2069 2060
f 530 2087 2078
f 548 2141 2132
f 466 1979 1970
f 442 1993 1984
f 505 2229 2218
f 536 2296 2289
f 491 2188 2181
f 423 1882 1875
f 513 1902 1897
f 564 2280 2275
f 581 2316 2311
f 549 2172 2167
f 477 2157 2146
f 445 2011 2002
f 503 2209 2200
f 525 1923 1915
f 474 2134 2127
f 438 1972 1965
f 495 1995 1987
f 532 2226 2221
f 552 2303 2294
f 490 2175 2164
f 577 2154 2149
f 559 2013 2005
f 517 2211 2203
f 430 1921 1912
f 590 1865 1870
f 584 1811 1816
f 585 1796 1800
f 592 1832 1836
f 595 1850 1854
f 598 1888 1890
f 636 2194 2196
f 621 2322 2320
f 642 2286 2284
f 601 1908 1906
f 623 2099 2104
f 611 2045 2047
f 609 1962 1958
f 625 2068 2070
f 628 2084 2088
f 632 2140 2142
f 613 1976 1980
f 616 1998 1994
f 638 2232 2230
f 606 2299 2297
f 407 2330 2329
f 403 2324 2323
f 404 2325 2326
f 410 2332 2333
f 413 2335 2336
f 422 2344 2345
f 486 2410 2409
f 573 2497 2496
f 561 2486 2485
f 512 2434 2435
f 452 2375 2374
f 448 2369 2368
f 449 2370 2371
f 455 2377 2378
f 458 2380 2381
f 470 2393 2392
f 437 2359 2360
f 494 2415 2416
f 531 2455 2456
f 539 2461 2460
f 568 2489 2488
f 478 2399 2398
f 419 2341 2340
f 509 2431 2430
f 554 2476 2475
f 482 2405 2404
f 576 2500 2501
f 558 2481 2482
f 516 2439 2440
f 425 2348 2347
f 542 2465 2464
f 463 2383 2384
f 434 2356 2355
f 497 2420 2419
f 528 2452 2451
f 546 2471 2470
f 464 2386 2385
f 440 2363 2362
f 500 2422 2423
f 524 2445 2446
f 479 2400 2401
f 418 2338 2339
f 508 2428 2429
f 553 2473 2474
f 569 2490 2491
f 538 2458 2459
f 471 2394 2395
f 443 2366 2365
f 501 2425 2424
f 523 2444 2443
f 467 2389 2390
f 433 2353 2354
f 493 2414 2413
f 527 2449 2450
f 543 2466 2467
f 485 2407 2408
f 572 2494 2495
f 557 2480 2479
f 515 2438 2437
f 428 2351 2350
f 591 2510 2511
f 587 2504 2505
f 588 2508 2507
f 594 2514 2513
f 597 2517 2516
f 600 2520 2519
f 634 2554 2556
f 619 2539 2540
f 639 2560 2561
f 602 2523 2521
f 624 2543 2544
f 608 2527 2529
f 610 2532 2530
f 627 2547 2546
f 630 2550 2549
f 635 2552 2553
f 615 2535 2534
f 617 2538 2536
f 637 2558 2557
f 604 2524 2525
f 167 1607 647
f 164 1603 644
f 163 1604 643
f 165 1610 645
f 166 1613 646
f 169 1622 649
f 192 1686 672
f 222 1773 702
f 216 1761 696
f 199 1712 679
f 182 1652 662
f 179 1648 659
f 178 1649 658
f 180 1655 660
f 181 1658 661
f 186 1670 666
f 174 1637 654
f 193 1694 673
f 205 1731 685
f 212 1739 692
f 221 1768 701
f 189 1678 669
f 170 1619 650
f 202 1709 682
f 217 1754 697
f 191 1682 671
f 220 1776 700
f 214 1758 694
f 200 1716 680
f 171 1625 651
f 210 1742 690
f 183 1663 663
f 175 1634 655
f 196 1697 676
f 207 1728 687
f 211 1746 691
f 187 1664 667
f 176 1640 656
f 195 1700 675
f 203 1724 683
f 188 1679 668
f 168 1618 648
f 198 1708 678
f 213 1753 693
f 218 1769 698
f 208 1738 688
f 185 1671 665
f 177 1643 657
f 197 1701 677
f 206 1723 686
f 184 1667 664
f 173 1633 653
f 194 1693 674
f 204 1727 684
f 209 1743 689
f 190 1685 670
f 219 1772 699
f 215 1757 695
f 201 1715 681
f 172 1628 652
f 357 2187 837
f 255 1881 735
f 262 1899 742
f 388 2277 868
f 400 2313 880
f 352 2169 832
f 347 2156 827
f 298 2010 778
f 364 2208 844
f 269 1917 749
f 339 2133 819
f 285 1971 765
f 293 1989 773
f 370 2223 850
f 396 2300 876
f 353 2174 833
f 346 2151 826
f 299 2007 779
f 365 2205 845
f 268 1920 748
f 249 1855 729
f 231 1801 711
f 226 1784 706
f 238 1820 718
f 244 1838 724
f 257 1874 737
f 359 2180 839
f 402 2310 882
f 390 2274 870
f 264 1896 744
f 327 2089 807
f 309 2035 789
f 282 1950 762
f 317 2054 797
f 322 2072 802
f 341 2126 821
f 286 1964 766
f 294 1986 774
f 372 2220 852
f 394 2291 874
f 358 2183 838
f 256 1877 736
f 261 1891 741
f 387 2269 867
f 399 2305 879
f 351 2161 831
f 348 2148 828
f 300 2004 780
f 366 2202 846
f 267 1909 747
f 340 2129 820
f 287 1967 767
f 291 1981 771
f 369 2215 849
f 395 2288 875
f 354 2166 834
f 345 2143 825
f 297 1999 777
f 363 2197 843
f 270 1914 750
f 234 1806 714
f 227 1787 707
f 239 1823 719
f 245 1841 725
f 252 1860 732
f 275 1931 755
f 334 2108 814
f 304 2018 784
f 377 2234 857
f 382 2255 862
f 312 2040 792
f 279 1945 759
f 316 2057 796
f 323 2075 803
f 330 2094 810
f 335 2111 815
f 305 2021 785
f 376 2237 856
f 383 2252 863
f 274 1928 754
f 232 1812 712
f 225 1791 705
f 237 1827 717
f 243 1845 723
f 250 1866 730
f 273 1935 753
f 336 2118 816
f 306 2028 786
f 378 2246 858
f 381 2259 861
f 311 2048 791
f 281 1953 761
f 315 2061 795
f 321 2079 801
f 328 2100 808
f 333 2115 813
f 303 2025 783
f 375 2241 855
f 384 2264 864
f 276 1938 756
f 229 1802 709
f 223 1783 703
f 235 1819 715
f 241 1837 721
f 247 1856 727
f 271 1927 751
f 332 2112 812
f 302 2022 782
f 374 2238 854
f 379 2251 859
f 307 2036 787
f 278 1949 758
f 313 2053 793
f 319 2071 799
f 325 2090 805
f 331 2107 811
f 301 2017 781
f 373 2233 853
f 380 2256 860
f 272 1932 752
f 248 1859 728
f 230 1805 710
f 224 1788 704
f 236 1824 716
f 242 1842 722
f 254 1878 734
f 356 2184 836
f 397 2306 877
f 385 2270 865
f 259 1892 739
f 326 2093 806
f 308 2039 788
f 277 1946 757
f 314 2058 794
f 320 2076 800
f 338 2130 818
f 284 1968 764
f 289 1982 769
f 367 2216 847
f 391 2287 871
f 355 2179 835
f 253 1873 733
f 260 1895 740
f 386 2273 866
f 398 2309 878
f 350 2165 830
f 343 2144 823
f 295 2000 775
f 361 2198 841
f 266 1913 746
f 337 2125 817
f 283 1963 763
f 290 1985 770
f 368 2219 848
f 392 2292 872
f 349 2162 829
f 344 2147 824
f 296 2003 776
f 362 2201 842
f 265 1910 745
f 251 1863 731
f 233 1809 713
f 228 1794 708
f 240 1830 720
f 246 1848 726
f 258 1886 738
f 360 2192 840
f 401 2318 881
f 389 2282 869
f 263 1904 743
f 329 2097 809
f 310 2043 790
f 280 1956 760
f 318 2066 798
f 324 2082 804
f 342 2138 822
f 288 1974 768
f 292 1992 772
f 371 2228 851
f 393 2295 873
f 409 2331 1269
f 405 2327 1245
f 411 2328 1252
f 414 2334 1288
f 417 2337 1306
f 431 2346 1336
f 488 2412 1551
f 575 2499 1473
f 563 2487 1599
f 519 2436 1354
f 454 2376 1479
f 450 2372 1401
f 456 2373 1408
f 459 2379 1492
f 462 2382 1504
f 472 2396 1533
f 446 2361 1414
f 506 2418 1444
f 535 2457 1594
f 541 2463 1383
f 570 2492 1323
f 480 2402 1275
f 421 2343 1263
f 511 2433 1299
f 556 2478 1317
f 484 2406 1341
f 580 2502 1564
f 567 2484 1462
f 522 2442 1588
f 427 2349 1347
f 544 2468 1521
f 468 2387 1420
f 436 2358 1395
f 499 2421 1497
f 530 2454 1515
f 548 2472 1557
f 466 2388 1425
f 442 2364 1431
f 505 2426 1570
f 536 2448 1372
f 491 2403 1282
f 423 2342 1258
f 513 2432 1294
f 564 2477 1312
f 581 2493 1330
f 549 2462 1378
f 477 2397 1540
f 445 2367 1449
f 503 2427 1575
f 525 2447 1365
f 474 2391 1486
f 438 2357 1390
f 495 2417 1437
f 532 2453 1510
f 552 2469 1528
f 490 2411 1546
f 577 2498 1468
f 559 2483 1455
f 517 2441 1581
f 430 2352 1359
f 590 2509 1272
f 584 2503 1248
f 585 2506 1253
f 592 2512 1289
f 595 2515 1307
f 598 2518 1337
f 636 2555 1554
f 621 2541 1476
f 642 2562 1602
f 601 2522 1355
f 623 2542 1482
f 611 2528 1404
f 609 2531 1409
f 625 2545 1493
f 628 2548 1505
f 632 2551 1536
f 613 2533 1415
f 616 2537 1445
f 638 2559 1595
f 606 2526 1386
f 407 1616 909
f 403 1608 891
f 404 1606 886
f 410 1612 898
f 413 1615 904
f 422 1624 922
f 486 1692 1060
f 573 1782 1240
f 561 1765 1204
f 512 1714 1102
f 452 1661 999
f 448 1653 981
f 449 1651 976
f 455 1657 988
f 458 1660 994
f 470 1675 1024
f 437 1639 952
f 494 1696 1066
f 531 1733 1138
f 539 1751 1179
f 568 1779 1233
f 478 1683 1041
f 419 1626 927
f 509 1721 1119
f 554 1766 1209
f 482 1689 1053
f 576 1778 1228
f 558 1760 1192
f 516 1718 1108
f 425 1629 933
f 542 1747 1167
f 463 1665 1005
f 434 1641 957
f 497 1704 1083
f 528 1737 1150
f 546 1750 1174
f 464 1676 1029
f 440 1644 963
f 500 1702 1077
f 524 1726 1126
f 479 1681 1036
f 418 1620 915
f 508 1710 1095
f 553 1755 1185
f 569 1771 1216
f 538 1740 1155
f 471 1673 1018
f 443 1647 970
f 501 1707 1090
f 523 1734 1143
f 467 1669 1012
f 433 1635 945
f 493 1698 1071
f 527 1729 1131
f 543 1745 1162
f 485 1687 1047
f 572 1774 1221
f 557 1762 1197
f 515 1720 1114
f 428 1632 940
f 591 2189 1284
f 587 1883 1260
f 588 1903 1296
f 594 2281 1314
f 597 2317 1332
f 600 2173 1380
f 634 2158 1542
f 619 2012 1451
f 639 2210 1577
f 602 1924 1367
f 624 2135 1488
f 608 1973 1392
f 610 1996 1439
f 627 2227 1512
f 630 2304 1530
f 635 2176 1548
f 615 2155 1470
f 617 2014 1457
f 637 2212 1583
f 604 1922 1361
f 416 1864 1270
f 408 1810 1246
f 406 1795 1251
f 412 1831 1287
f 415 1849 1305
f 424 1887 1335
f 492 2193 1552
f 582 2321 1474
f 565 2285 1600
f 514 1907 1353
f 461 2098 1480
f 453 2044 1402
f 451 1961 1407
f 457 2067 1491
f 460 2083 1503
f 475 2139 1534
f 439 1975 1413
f 496 1997 1443
f 533 2231 1593
f 551 2298 1384
f 579 2190 1324
f 483 1884 1276
f 426 1900 1264
f 521 2278 1300
f 566 2314 1318
f 489 2170 1342
f 578 2159 1563
f 560 2015 1461
f 518 2213 1587
f 429 1918 1348
f 547 2136 1522
f 465 1977 1419
f 441 1990 1396
f 504 2224 1498
f 537 2301 1516
f 550 2177 1558
f 476 2152 1426
f 444 2008 1432
f 502 2206 1569
f 526 1925 1371
f 481 1817 1281
f 420 1797 1257
f 510 1833 1293
f 555 1851 1311
f 571 1871 1329
f 540 1941 1377
f 473 2119 1539
f 447 2029 1450
f 507 2247 1576
f 534 2262 1366
f 469 2051 1485
f 435 1954 1389
f 498 2064 1438
f 529 2085 1509
f 545 2105 1527
f 487 2121 1545
f 574 2031 1467
f 562 2244 1456
f 520 2265 1582
f 432 1939 1360
f 589 1814 1271
f 583 1793 1247
f 586 1829 1254
f 593 1847 1290
f 596 1868 1308
f 599 1937 1338
f 633 2124 1553
f 620 2034 1475
f 640 2250 1601
f 603 2261 1356
f 622 2050 1481
f 607 1960 1403
f 612 2063 1410
f 626 2081 1494
f 629 2102 1506
f 631 2117 1535
f 614 2027 1416
f 618 2243 1446
f 641 2268 1596
f 605 1944 1385
f 409 1804 894
f 405 1785 887
f 411 1821 899
f 414 1839 905
f 417 1858 912
f 431 1929 941
f 488 2114 1050
f 575 2024 1224
f 563 2240 1200
f 519 2253 1115
f 454 2038 984
f 450 1951 977
f 456 2055 989
f 459 2073 995
f 462 2092 1002
f 472 2109 1019
f 446 2019 971
f 506 2235 1091
f 535 2258 1146
f 541 1934 1158
f 570 1861 1217
f 480 1807 1037
f 421 1790 918
f 511 1826 1098
f 556 1844 1188
f 484 1880 1044
f 580 2186 1236
f 567 2308 1212
f 522 2272 1122
f 427 1894 930
f 544 2095 1163
f 468 2041 1013
f 436 1948 948
f 499 2060 1074
f 530 2078 1134
f 548 2132 1170
f 466 1970 1008
f 442 1984 960
f 505 2218 1086
f 536 2289 1151
f 491 2181 1061
f 423 1875 923
f 513 1897 1103
f 564 2275 1205
f 581 2311 1241
f 549 2167 1175
f 477 2146 1032
f 445 2002 966
f 503 2200 1080
f 525 1915 1127
f 474 2127 1025
f 438 1965 953
f 495 1987 1067
f 532 2221 1139
f 552 2294 1182
f 490 2164 1056
f 577 2149 1229
f 559 2005 1193
f 517 2203 1109
f 430 1912 936
f 590 1870 1325
f 584 1816 1277
f 585 1800 1265
f 592 1836 1301
f 595 1854 1319
f 598 1890 1343
f 636 2196 1566
f 621 2320 1464
f 642 2284 1590
f 601 1906 1349
f 623 2104 1523
f 611 2047 1422
f 609 1958 1397
f 625 2070 1499
f 628 2088 1517
f 632 2142 1559
f 613 1980 1427
f 616 1994 1433
f 638 2230 1572
f 606 2297 1374
f 407 2329 892
f 403 2323 885
f 404 2326 897
f 410 2333 903
f 413 2336 910
f 422 2345 939
f 486 2409 1048
f 573 2496 1222
f 561 2485 1198
f 512 2435 1113
f 452 2374 982
f 448 2368 975
f 449 2371 987
f 455 2378 993
f 458 2381 1000
f 470 2392 1017
f 437 2360 969
f 494 2416 1089
f 531 2456 1144
f 539 2460 1156
f 568 2488 1215
f 478 2398 1035
f 419 2340 916
f 509 2430 1096
f 554 2475 1186
f 482 2404 1042
f 576 2501 1234
f 558 2482 1210
f 516 2440 1120
f 425 2347 928
f 542 2464 1161
f 463 2384 1011
f 434 2355 946
f 497 2419 1072
f 528 2451 1132
f 546 2470 1168
f 464 2385 1006
f 440 2362 958
f 500 2423 1084
f 524 2446 1149
f 479 2401 1059
f 418 2339 921
f 508 2429 1101
f 553 2474 1203
f 569 2491 1239
f 538 2459 1173
f 471 2395 1030
f 443 2365 964
f 501 2424 1078
f 523 2443 1125
f 467 2390 1023
f 433 2354 951
f 493 2413 1065
f 527 2450 1137
f 543 2467 1180
f 485 2408 1054
f 572 2495 1227
f 557 2479 1191
f 515 2437 1107
f 428 2350 934
f 591 2511 1326
f 587 2505 1278
f 588 2507 1266
f 594 2513 1302
f 597 2516 1320
f 600 2519 1344
f 634 2556 1565
f 619 2540 1463
f 639 2561 1589
f 602 2521 1350
f 624 2544 1524
f 608 2529 1421
f 610 2530 1398
f 627 2546 1500
f 630 2549 1518
f 635 2553 1560
f 615 2534 1428
f 617 2536 1434
f 637 2557 1571
f 604 2525 1373
f 164 1609 889
f 163 1605 883
f 165 1611 895
f 166 1614 901
f 167 1617 907
f 172 1631 937
f 190 1688 1045
f 219 1775 1219
f 215 1763 1195
f 201 1719 1111
f 179 1654 979
f 178 1650 973
f 180 1656 985
f 181 1659 991
f 182 1662 997
f 185 1672 1015
f 177 1646 967
f 197 1706 1087
f 206 1735 1141
f 208 1741 1153
f 218 1770 1213
f 188 1680 1033
f 168 1621 913
f 198 1711 1093
f 213 1756 1183
f 189 1684 1039
f 221 1780 1231
f 217 1767 1207
f 202 1722 1117
f 170 1627 925
f 209 1744 1159
f 184 1668 1009
f 173 1636 943
f 194 1699 1069
f 204 1730 1129
f 210 1748 1165
f 183 1666 1003
f 175 1642 955
f 196 1705 1081
f 207 1736 1147
f 192 1691 1057
f 169 1623 919
f 199 1713 1099
f 216 1764 1201
f 222 1781 1237
f 211 1749 1171
f 187 1677 1027
f 176 1645 961
f 195 1703 1075
f 203 1725 1123
f 186 1674 1021
f 174 1638 949
f 193 1695 1063
f 205 1732 1135
f 212 1752 1177
f 191 1690 1051
f 220 1777 1225
f 214 1759 1189
f 200 1717 1105
f 171 1630 931
f 358 2191 1322
f 256 1885 1274
f 261 1901 1262
f 387 2279 1298
f 399 2315 1316
f 351 2171 1340
f 348 2160 1561
f 300 2016 1459
f 366 2214 1585
f 267 1919 1346
f 340 2137 1520
f 287 1978 1417
f 291 1991 1394
f 369 2225 1496
f 395 2302 1514
f 354 2178 1556
f 345 2153 1424
f 297 2009 1430
f 363 2207 1567
f 270 1926 1369
f 247 1857 908
f 229 1803 890
f 223 1786 884
f 235 1822 896
f 241 1840 902
f 253 1876 920
f 355 2182 1058
f 398 2312 1238
f 386 2276 1202
f 260 1898 1100
f 325 2091 998
f 307 2037 980
f 278 1952 974
f 313 2056 986
f 319 2074 992
f 337 2128 1022
f 283 1966 950
f 290 1988 1064
f 368 2222 1136
f 392 2293 1178
f 356 2185 1232
f 254 1879 1040
f 259 1893 926
f 385 2271 1118
f 397 2307 1208
f 349 2163 1052
f 344 2150 1226
f 296 2006 1190
f 362 2204 1106
f 265 1911 932
f 338 2131 1166
f 284 1969 1004
f 289 1983 956
f 367 2217 1082
f 391 2290 1148
f 350 2168 1172
f 343 2145 1028
f 295 2001 962
f 361 2199 1076
f 266 1916 1124
f 230 1808 1034
f 224 1789 914
f 236 1825 1094
f 242 1843 1184
f 248 1862 1214
f 272 1933 1154
f 331 2110 1016
f 301 2020 968
f 373 2236 1088
f 380 2257 1142
f 308 2042 1010
f 277 1947 944
f 314 2059 1070
f 320 2077 1130
f 326 2096 1160
f 332 2113 1046
f 302 2023 1220
f 374 2239 1196
f 379 2254 1112
f 271 1930 938
f 234 1818 1279
f 227 1798 1255
f 239 1834 1291
f 245 1852 1309
f 252 1872 1327
f 275 1942 1375
f 334 2120 1537
f 304 2030 1448
f 377 2248 1574
f 382 2263 1364
f 312 2052 1483
f 279 1955 1387
f 316 2065 1436
f 323 2086 1507
f 330 2106 1525
f 335 2122 1543
f 305 2032 1465
f 376 2245 1454
f 383 2266 1580
f 274 1940 1358
f 232 1813 1267
f 225 1792 1243
f 237 1828 1250
f 243 1846 1286
f 250 1867 1304
f 273 1936 1334
f 336 2123 1549
f 306 2033 1471
f 378 2249 1597
f 381 2260 1352
f 311 2049 1477
f 281 1959 1399
f 315 2062 1406
f 321 2080 1490
f 328 2101 1502
f 333 2116 1531
f 303 2026 1412
f 375 2242 1442
f 384 2267 1592
f 276 1943 1381
f 251 1869 1321
f 233 1815 1273
f 228 1799 1261
f 240 1835 1297
f 246 1853 1315
f 258 1889 1339
f 360 2195 1562
f 401 2319 1460
f 389 2283 1586
f 263 1905 1345
f 329 2103 1519
f 310 2046 1418
f 280 1957 1393
f 318 2069 1495
f 324 2087 1513
f 342 2141 1555
f 288 1979 1423
f 292 1993 1429
f 371 2229 1568
f 393 2296 1370
f 357 2188 1280
f 255 1882 1256
f 262 1902 1292
f 388 2280 1310
f 400 2316 1328
f 352 2172 1376
f 347 2157 1538
f 298 2011 1447
f 364 2209 1573
f 269 1923 1363
f 339 2134 1484
f 285 1972 1388
f 293 1995 1435
f 370 2226 1508
f 396 2303 1526
f 353 2175 1544
f 346 2154 1466
f 299 2013 1453
f 365 2211 1579
f 268 1921 1357
f 249 1865 1268
f 231 1811 1244
f 226 1796 1249
f 238 1832 1285
f 244 1850 1303
f 257 1888 1333
f 359 2194 1550
f 402 2322 1472
f 390 2286 1598
f 264 1908 1351
f 327 2099 1478
f 309 2045 1400
f 282 1962 1405
f 317 2068 1489
f 322 2084 1501
f 341 2140 1532
f 286 1976 1411
f 294 1998 1441
f 372 2232 1591
f 394 2299 1382
f 416 2330 911
f 408 2324 893
f 406 2325 888
f 412 2332 900
f 415 2335 906
f 424 2344 924
f 492 2410 1062
f 582 2497 1242
f 565 2486 1206
f 514 2434 1104
f 461 2375 1001
f 453 2369 983
f 451 2370 978
f 457 2377 990
f 460 2380 996
f 475 2393 1026
f 439 2359 954
f 496 2415 1068
f 533 2455 1140
f 551 2461 1181
f 579 2489 1235
f 483 2399 1043
f 426 2341 929
f 521 2431 1121
f 566 2476 1211
f 489 2405 1055
f 578 2500 1230
f 560 2481 1194
f 518 2439 1110
f 429 2348 935
f 547 2465 1169
f 465 2383 1007
f 441 2356 959
f 504 2420 1085
f 537 2452 1152
f 550 2471 1176
f 476 2386 1031
f 444 2363 965
f 502 2422 1079
f 526 2445 1128
f 481 2400 1038
f 420 2338 917
f 510 2428 1097
f 555 2473 1187
f 571 2490 1218
f 540 2458 1157
f 473 2394 1020
f 447 2366 972
f 507 2425 1092
f 534 2444 1145
f 469 2389 1014
f 435 2353 947
f 498 2414 1073
f 529 2449 1133
f 545 2466 1164
f 487 2407 1049
f 574 2494 1223
f 562 2480 1199
f 520 2438 1116
f 432 2351 942
f 589 2510 1283
f 583 2504 1259
f 586 2508 1295
f 593 2514 1313
f 596 2517 1331
f 599 2520 1379
f 633 2554 1541
f 620 2539 1452
f 640 2560 1578
f 603 2523 1368
f 622 2543 1487
f 607 2527 1391
f 612 2532 1440
f 626 2547 1511
f 629 2550 1529
f 631 2552 1547
f 614 2535 1469
f 618 2538 1458
f 641 2558 1584
f 605 2524 1362
f 164 1607 1609
f 163 1603 1605
f 165 1604 1611
f 166 1610 1614
f 167 1613 1617
f 172 1622 1631
f 190 1686 1688
f 219 1773 1775
f 215 1761 1763
f 201 1712 1719
f 179 1652 1654
f 178 1648 1650
f 180 1649 1656
f 181 1655 1659
f 182 1658 1662
f 185 1670 1672
f 177 1637 1646
f 197 1694 1706
f 206 1731 1735
f 208 1739 1741
f 218 1768 1770
f 188 1678 1680
f 168 1619 1621
f 198 1709 1711
f 213 1754 1756
f 189 1682 1684
f 221 1776 1780
f 217 1758 1767
f 202 1716 1722
f 170 1625 1627
f 209 1742 1744
f 184 1663 1668
f 173 1634 1636
f 194 1697 1699
f 204 1728 1730
f 210 1746 1748
f 183 1664 1666
f 175 1640 1642
f 196 1700 1705
f 207 1724 1736
f 192 1679 1691
f 169 1618 1623
f 199 1708 1713
f 216 1753 1764
f 222 1769 1781
f 211 1738 1749
f 187 1671 1677
f 176 1643 1645
f 195 1701 1703
f 203 1723 1725
f 186 1667 1674
f 174 1633 1638
f 193 1693 1695
f 205 1727 1732
f 212 1743 1752
f 191 1685 1690
f 220 1772 1777
f 214 1757 1759
f 200 1715 1717
f 171 1628 1630
f 358 2187 2191
f 256 1881 1885
f 261 1899 1901
f 387 2277 2279
f 399 2313 2315
f 351 2169 2171
f 348 2156 2160
f 300 2010 2016
f 366 2208 2214
f 267 1917 1919
f 340 2133 2137
f 287 1971 1978
f 291 1989 1991
f 369 2223 2225
f 395 2300 2302
f 354 2174 2178
f 345 2151 2153
f 297 2007 2009
f 363 2205 2207
f 270 1920 1926
f 247 1855 1857
f 229 1801 1803
f 223 1784 1786
f 235 1820 1822
f 241 1838 1840
f 253 1874 1876
f 355 2180 2182
f 398 2310 2312
f 386 2274 2276
f 260 1896 1898
f 325 2089 2091
f 307 2035 2037
f 278 1950 1952
f 313 2054 2056
f 319 2072 2074
f 337 2126 2128
f 283 1964 1966
f 290 1986 1988
f 368 2220 2222
f 392 2291 2293
f 356 2183 2185
f 254 1877 1879
f 259 1891 1893
f 385 2269 2271
f 397 2305 2307
f 349 2161 2163
f 344 2148 2150
f 296 2004 2006
f 362 2202 2204
f 265 1909 1911
f 338 2129 2131
f 284 1967 1969
f 289 1981 1983
f 367 2215 2217
f 391 2288 2290
f 350 2166 2168
f 343 2143 2145
f 295 1999 2001
f 361 2197 2199
f 266 1914 1916
f 230 1806 1808
f 224 1787 1789
f 236 1823 1825
f 242 1841 1843
f 248 1860 1862
f 272 1931 1933
f 331 2108 2110
f 301 2018 2020
f 373 2234 2236
f 380 2255 2257
f 308 2040 2042
f 277 1945 1947
f 314 2057 2059
f 320 2075 2077
f 326 2094 2096
f 332 2111 2113
f 302 2021 2023
f 374 2237 2239
f 379 2252 2254
f 271 1928 1930
f 234 1812 1818
f 227 1791 1798
f 239 1827 1834
f 245 1845 1852
f 252 1866 1872
f 275 1935 1942
f 334 2118 2120
f 304 2028 2030
f 377 2246 2248
f 382 2259 2263
f 312 2048 2052
f 279 1953 1955
f 316 2061 2065
f 323 2079 2086
f 330 2100 2106
f 335 2115 2122
f 305 2025 2032
f 376 2241 2245
f 383 2264 2266
f 274 1938 1940
f 232 1802 1813
f 225 1783 1792
f 237 1819 1828
f 243 1837 1846
f 250 1856 1867
f 273 1927 1936
f 336 2112 2123
f 306 2022 2033
f 378 2238 2249
f 381 2251 2260
f 311 2036 2049
f 281 1949 1959
f 315 2053 2062
f 321 2071 2080
f 328 2090 2101
f 333 2107 2116
f 303 2017 2026
f 375 2233 2242
f 384 2256 2267
f 276 1932 1943
f 251 1859 1869
f 233 1805 1815
f 228 1788 1799
f 240 1824 1835
f 246 1842 1853
f 258 1878 1889
f 360 2184 2195
f 401 2306 2319
f 389 2270 2283
f 263 1892 1905
f 329 2093 2103
f 310 2039 2046
f 280 1946 1957
f 318 2058 2069
f 324 2076 2087
f 342 2130 2141
f 288 1968 1979
f 292 1982 1993
f 371 2216 2229
f 393 2287 2296
f 357 2179 2188
f 255 1873 1882
f 262 1895 1902
f 388 2273 2280
f 400 2309 2316
f 352 2165 2172
f 347 2144 2157
f 298 2000 2011
f 364 2198 2209
f 269 1913 1923
f 339 2125 2134
f 285 1963 1972
f 293 1985 1995
f 370 2219 2226
f 396 2292 2303
f 353 2162 2175
f 346 2147 2154
f 299 2003 2013
f 365 2201 2211
f 268 1910 1921
f 249 1863 1865
f 231 1809 1811
f 226 1794 1796
f 238 1830 1832
f 244 1848 1850
f 257 1886 1888
f 359 2192 2194
f 402 2318 2322
f 390 2282 2286
f 264 1904 1908
f 327 2097 2099
f 309 2043 2045
f 282 1956 1962
f 317 2066 2068
f 322 2082 2084
f 341 2138 2140
f 286 1974 1976
f 294 1992 1998
f 372 2228 2232
f 394 2295 2299
f 416 2331 2330
f 408 2327 2324
f 406 2328 2325
f 412 2334 2332
f 415 2337 2335
f 424 2346 2344
f 492 2412 2410
f 582 2499 2497
f 565 2487 2486
f 514 2436 2434
f 461 2376 2375
f 453 2372 2369
f 451 2373 2370
f 457 2379 2377
f 460 2382 2380
f 475 2396 2393
f 439 2361 2359
f 496 2418 2415
f 533 2457 2455
f 551 2463 2461
f 579 2492 2489
f 483 2402 2399
f 426 2343 2341
f 521 2433 2431
f 566 2478 2476
f 489 2406 2405
f 578 2502 2500
f 560 2484 2481
f 518 2442 2439
f 429 2349 2348
f 547 2468 2465
f 465 2387 2383
f 441 2358 2356
f 504 2421 2420
f 537 2454 2452
f 550 2472 2471
f 476 2388 2386
f 444 2364 2363
f 502 2426 2422
f 526 2448 2445
f 481 2403 2400
f 420 2342 2338
f 510 2432 2428
f 555 2477 2473
f 571 2493 2490
f 540 2462 2458
f 473 2397 2394
f 447 2367 2366
f 507 2427 2425
f 534 2447 2444
f 469 2391 2389
f 435 2357 2353
f 498 2417 2414
f 529 2453 2449
f 545 2469 2466
f 487 2411 2407
f 574 2498 2494
f 562 2483 2480
f 520 2441 2438
f 432 2352 2351
f 589 2509 2510
f 583 2503 2504
f 586 2506 2508
f 593 2512 2514
f 596 2515 2517
f 599 2518 2520
f 633 2555 2554
f 620 2541 2539
f 640 2562 2560
f 603 2522 2523
f 622 2542 2543
f 607 2528 2527
f 612 2531 2532
f 626 2545 2547
f 629 2548 2550
f 631 2551 2552
f 614 2533 2535
f 618 2537 2538
f 641 2559 2558
f 605 2526 2524
f 164 644 1607
f 163 643 1603
f 165 645 1604
f 166 646 1610
f 167 647 1613
f 172 652 1622
f 190 670 1686
f 219 699 1773
f 215 695 1761
f 201 681 1712
f 179 659 1652
f 178 658 1648
f 180 660 1649
f 181 661 1655
f 182 662 1658
f 185 665 1670
f 177 657 1637
f 197 677 1694
f 206 686 1731
f 208 688 1739
f 218 698 1768
f 188 668 1678
f 168 648 1619
f 198 678 1709
f 213 693 1754
f 189 669 1682
f 221 701 1776
f 217 697 1758
f 202 682 1716
f 170 650 1625
f 209 689 1742
f 184 664 1663
f 173 653 1634
f 194 674 1697
f 204 684 1728
f 210 690 1746
f 183 663 1664
f 175 655 1640
f 196 676 1700
f 207 687 1724
f 192 672 1679
f 169 649 1618
f 199 679 1708
f 216 696 1753
f 222 702 1769
f 211 691 1738
f 187 667 1671
f 176 656 1643
f 195 675 1701
f 203 683 1723
f 186 666 1667
f 174 654 1633
f 193 673 1693
f 205 685 1727
f 212 692 1743
f 191 671 1685
f 220 700 1772
f 214 694 1757
f 200 680 1715
f 171 651 1628
f 358 838 2187
f 256 736 1881
f 261 741 1899
f 387 867 2277
f 399 879 2313
f 351 831 2169
f 348 828 2156
f 300 780 2010
f 366 846 2208
f 267 747 1917
f 340 820 2133
f 287 767 1971
f 291 771 1989
f 369 849 2223
f 395 875 2300
f 354 834 2174
f 345 825 2151
f 297 777 2007
f 363 843 2205
f 270 750 1920
f 247 727 1855
f 229 709 1801
f 223 703 1784
f 235 715 1820
f 241 721 1838
f 253 733 1874
f 355 835 2180
f 398 878 2310
f 386 866 2274
f 260 740 1896
f 325 805 2089
f 307 787 2035
f 278 758 1950
f 313 793 2054
f 319 799 2072
f 337 817 2126
f 283 763 1964
f 290 770 1986
f 368 848 2220
f 392 872 2291
f 356 836 2183
f 254 734 1877
f 259 739 1891
f 385 865 2269
f 397 877 2305
f 349 829 2161
f 344 824 2148
f 296 776 2004
f 362 842 2202
f 265 745 1909
f 338 818 2129
f 284 764 1967
f 289 769 1981
f 367 847 2215
f 391 871 2288
f 350 830 2166
f 343 823 2143
f 295 775 1999
f 361 841 2197
f 266 746 1914
f 230 710 1806
f 224 704 1787
f 236 716 1823
f 242 722 1841
f 248 728 1860
f 272 752 1931
f 331 811 2108
f 301 781 2018
f 373 853 2234
f 380 860 2255
f 308 788 2040
f 277 757 1945
f 314 794 2057
f 320 800 2075
f 326 806 2094
f 332 812 2111
f 302 782 2021
f 374 854 2237
f 379 859 2252
f 271 751 1928
f 234 714 1812
f 227 707 1791
f 239 719 1827
f 245 725 1845
f 252 732 1866
f 275 755 1935
f 334 814 2118
f 304 784 2028
f 377 857 2246
f 382 862 2259
f 312 792 2048
f 279 759 1953
f 316 796 2061
f 323 803 2079
f 330 810 2100
f 335 815 2115
f 305 785 2025
f 376 856 2241
f 383 863 2264
f 274 754 1938
f 232 712 1802
f 225 705 1783
f 237 717 1819
f 243 723 1837
f 250 730 1856
f 273 753 1927
f 336 816 2112
f 306 786 2022
f 378 858 2238
f 381 861 2251
f 311 791 2036
f 281 761 1949
f 315 795 2053
f 321 801 2071
f 328 808 2090
f 333 813 2107
f 303 783 2017
f 375 855 2233
f 384 864 2256
f 276 756 1932
f 251 731 1859
f 233 713 1805
f 228 708 1788
f 240 720 1824
f 246 726 1842
f 258 738 1878
f 360 840 2184
f 401 881 2306
f 389 869 2270
f 263 743 1892
f 329 809 2093
f 310 790 2039
f 280 760 1946
f 318 798 2058
f 324 804 2076
f 342 822 2130
f 288 768 1968
f 292 772 1982
f 371 851 2216
f 393 873 2287
f 357 837 2179
f 255 735 1873
f 262 742 1895
f 388 868 2273
f 400 880 2309
f 352 832 2165
f 347 827 2144
f 298 778 2000
f 364 844 2198
f 269 749 1913
f 339 819 2125
f 285 765 1963
f 293 773 1985
f 370 850 2219
f 396 876 2292
f 353 833 2162
f 346 826 2147
f 299 779 2003
f 365 845 2201
f 268 748 1910
f 249 729 1863
f 231 711 1809
f 226 706 1794
f 238 718 1830
f 244 724 1848
f 257 737 1886
f 359 839 2192
f 402 882 2318
f 390 870 2282
f 264 744 1904
f 327 807 2097
f 309 789 2043
f 282 762 1956
f 317 797 2066
f 322 802 2082
f 341 821 2138
f 286 766 1974
f 294 774 1992
f 372 852 2228
f 394 874 2295
f 416 1270 2331
f 408 1246 2327
f 406 1251 2328
f 412 1287 2334
f 415 1305 2337
f 424 1335 2346
f 492 1552 2412
f 582 1474 2499
f 565 1600 2487
f 514 1353 2436
f 461 1480 2376
f 453 1402 2372
f 451 1407 2373
f 457 1491 2379
f 460 1503 2382
f 475 1534 2396
f 439 1413 2361
f 496 1443 2418
f 533 1593 2457
f 551 1384 2463
f 579 1324 2492
f 483 1276 2402
f 426 1264 2343
f 521 1300 2433
f 566 1318 2478
f 489 1342 2406
f 578 1563 2502
f 560 1461 2484
f 518 1587 2442
f 429 1348 2349
f 547 1522 2468
f 465 1419 2387
f 441 1396 2358
f 504 1498 2421
f 537 1516 2454
f 550 1558 2472
f 476 1426 2388
f 444 1432 2364
f 502 1569 2426
f 526 1371 2448
f 481 1281 2403
f 420 1257 2342
f 510 1293 2432
f 555 1311 2477
f 571 1329 2493
f 540 1377 2462
f 473 1539 2397
f 447 1450 2367
f 507 1576 2427
f 534 1366 2447
f 469 1485 2391
f 435 1389 2357
f 498 1438 2417
f 529 1509 2453
f 545 1527 2469
f 487 1545 2411
f 574 1467 2498
f 562 1456 2483
f 520 1582 2441
f 432 1360 2352
f 589 1271 2509
f 583 1247 2503
f 586 1254 2506
f 593 1290 2512
f 596 1308 2515
f 599 1338 2518
f 633 1553 2555
f 620 1475 2541
f 640 1601 2562
f 603 1356 2522
f 622 1481 2542
f 607 1403 2528
f 612 1410 2531
f 626 1494 2545
f 629 1506 2548
f 631 1535 2551
f 614 1416 2533
f 618 1446 2537
f 641 1596 2559
f 605 1385 2526
f 167 907 1616
f 164 889 1608
f 163 883 1606
f 165 895 1612
f 166 901 1615
f 169 919 1624
f 192 1057 1692
f 222 1237 1782
f 216 1201 1765
f 199 1099 1714
f 182 997 1661
f 179 979 1653
f 178 973 1651
f 180 985 1657
f 181 991 1660
f 186 1021 1675
f 174 949 1639
f 193 1063 1696
f 205 1135 1733
f 212 1177 1751
f 221 1231 1779
f 189 1039 1683
f 170 925 1626
f 202 1117 1721
f 217 1207 1766
f 191 1051 1689
f 220 1225 1778
f 214 1189 1760
f 200 1105 1718
f 171 931 1629
f 210 1165 1747
f 183 1003 1665
f 175 955 1641
f 196 1081 1704
f 207 1147 1737
f 211 1171 1750
f 187 1027 1676
f 176 961 1644
f 195 1075 1702
f 203 1123 1726
f 188 1033 1681
f 168 913 1620
f 198 1093 1710
f 213 1183 1755
f 218 1213 1771
f 208 1153 1740
f 185 1015 1673
f 177 967 1647
f 197 1087 1707
f 206 1141 1734
f 184 1009 1669
f 173 943 1635
f 194 1069 1698
f 204 1129 1729
f 209 1159 1745
f 190 1045 1687
f 219 1219 1774
f 215 1195 1762
f 201 1111 1720
f 172 937 1632
f 357 1280 2189
f 255 1256 1883
f 262 1292 1903
f 388 1310 2281
f 400 1328 2317
f 352 1376 2173
f 347 1538 2158
f 298 1447 2012
f 364 1573 2210
f 269 1363 1924
f 339 1484 2135
f 285 1388 1973
f 293 1435 1996
f 370 1508 2227
f 396 1526 2304
f 353 1544 2176
f 346 1466 2155
f 299 1453 2014
f 365 1579 2212
f 268 1357 1922
f 249 1268 1864
f 231 1244 1810
f 226 1249 1795
f 238 1285 1831
f 244 1303 1849
f 257 1333 1887
f 359 1550 2193
f 402 1472 2321
f 390 1598 2285
f 264 1351 1907
f 327 1478 2098
f 309 1400 2044
f 282 1405 1961
f 317 1489 2067
f 322 1501 2083
f 341 1532 2139
f 286 1411 1975
f 294 1441 1997
f 372 1591 2231
f 394 1382 2298
f 358 1322 2190
f 256 1274 1884
f 261 1262 1900
f 387 1298 2278
f 399 1316 2314
f 351 1340 2170
f 348 1561 2159
f 300 1459 2015
f 366 1585 2213
f 267 1346 1918
f 340 1520 2136
f 287 1417 1977
f 291 1394 1990
f 369 1496 2224
f 395 1514 2301
f 354 1556 2177
f 345 1424 2152
f 297 1430 2008
f 363 1567 2206
f 270 1369 1925
f 234 1279 1817
f 227 1255 1797
f 239 1291 1833
f 245 1309 1851
f 252 1327 1871
f 275 1375 1941
f 334 1537 2119
f 304 1448 2029
f 377 1574 2247
f 382 1364 2262
f 312 1483 2051
f 279 1387 1954
f 316 1436 2064
f 323 1507 2085
f 330 1525 2105
f 335 1543 2121
f 305 1465 2031
f 376 1454 2244
f 383 1580 2265
f 274 1358 1939
f 232 1267 1814
f 225 1243 1793
f 237 1250 1829
f 243 1286 1847
f 250 1304 1868
f 273 1334 1937
f 336 1549 2124
f 306 1471 2034
f 378 1597 2250
f 381 1352 2261
f 311 1477 2050
f 281 1399 1960
f 315 1406 2063
f 321 1490 2081
f 328 1502 2102
f 333 1531 2117
f 303 1412 2027
f 375 1442 2243
f 384 1592 2268
f 276 1381 1944
f 229 890 1804
f 223 884 1785
f 235 896 1821
f 241 902 1839
f 247 908 1858
f 271 938 1929
f 332 1046 2114
f 302 1220 2024
f 374 1196 2240
f 379 1112 2253
f 307 980 2038
f 278 974 1951
f 313 986 2055
f 319 992 2073
f 325 998 2092
f 331 1016 2109
f 301 968 2019
f 373 1088 2235
f 380 1142 2258
f 272 1154 1934
f 248 1214 1861
f 230 1034 1807
f 224 914 1790
f 236 1094 1826
f 242 1184 1844
f 254 1040 1880
f 356 1232 2186
f 397 1208 2308
f 385 1118 2272
f 259 926 1894
f 326 1160 2095
f 308 1010 2041
f 277 944 1948
f 314 1070 2060
f 320 1130 2078
f 338 1166 2132
f 284 1004 1970
f 289 956 1984
f 367 1082 2218
f 391 1148 2289
f 355 1058 2181
f 253 920 1875
f 260 1100 1897
f 386 1202 2275
f 398 1238 2311
f 350 1172 2167
f 343 1028 2146
f 295 962 2002
f 361 1076 2200
f 266 1124 1915
f 337 1022 2127
f 283 950 1965
f 290 1064 1987
f 368 1136 2221
f 392 1178 2294
f 349 1052 2164
f 344 1226 2149
f 296 1190 2005
f 362 1106 2203
f 265 932 1912
f 251 1321 1870
f 233 1273 1816
f 228 1261 1800
f 240 1297 1836
f 246 1315 1854
f 258 1339 1890
f 360 1562 2196
f 401 1460 2320
f 389 1586 2284
f 263 1345 1906
f 329 1519 2104
f 310 1418 2047
f 280 1393 1958
f 318 1495 2070
f 324 1513 2088
f 342 1555 2142
f 288 1423 1980
f 292 1429 1994
f 371 1568 2230
f 393 1370 2297
f 409 894 2329
f 405 887 2323
f 411 899 2326
f 414 905 2333
f 417 912 2336
f 431 941 2345
f 488 1050 2409
f 575 1224 2496
f 563 1200 2485
f 519 1115 2435
f 454 984 2374
f 450 977 2368
f 456 989 2371
f 459 995 2378
f 462 1002 2381
f 472 1019 2392
f 446 971 2360
f 506 1091 2416
f 535 1146 2456
f 541 1158 2460
f 570 1217 2488
f 480 1037 2398
f 421 918 2340
f 511 1098 2430
f 556 1188 2475
f 484 1044 2404
f 580 1236 2501
f 567 1212 2482
f 522 1122 2440
f 427 930 2347
f 544 1163 2464
f 468 1013 2384
f 436 948 2355
f 499 1074 2419
f 530 1134 2451
f 548 1170 2470
f 466 1008 2385
f 442 960 2362
f 505 1086 2423
f 536 1151 2446
f 491 1061 2401
f 423 923 2339
f 513 1103 2429
f 564 1205 2474
f 581 1241 2491
f 549 1175 2459
f 477 1032 2395
f 445 966 2365
f 503 1080 2424
f 525 1127 2443
f 474 1025 2390
f 438 953 2354
f 495 1067 2413
f 532 1139 2450
f 552 1182 2467
f 490 1056 2408
f 577 1229 2495
f 559 1193 2479
f 517 1109 2437
f 430 936 2350
f 590 1325 2511
f 584 1277 2505
f 585 1265 2507
f 592 1301 2513
f 595 1319 2516
f 598 1343 2519
f 636 1566 2556
f 621 1464 2540
f 642 1590 2561
f 601 1349 2521
f 623 1523 2544
f 611 1422 2529
f 609 1397 2530
f 625 1499 2546
f 628 1517 2549
f 632 1559 2553
f 613 1427 2534
f 616 1433 2536
f 638 1572 2557
f 606 1374 2525
f 407 892 1609
f 403 885 1605
f 404 897 1611
f 410 903 1614
f 413 910 1617
f 422 939 1631
f 486 1048 1688
f 573 1222 1775
f 561 1198 1763
f 512 1113 1719
f 452 982 1654
f 448 975 1650
f 449 987 1656
f 455 993 1659
f 458 1000 1662
f 470 1017 1672
f 437 969 1646
f 494 1089 1706
f 531 1144 1735
f 539 1156 1741
f 568 1215 1770
f 478 1035 1680
f 419 916 1621
f 509 1096 1711
f 554 1186 1756
f 482 1042 1684
f 576 1234 1780
f 558 1210 1767
f 516 1120 1722
f 425 928 1627
f 542 1161 1744
f 463 1011 1668
f 434 946 1636
f 497 1072 1699
f 528 1132 1730
f 546 1168 1748
f 464 1006 1666
f 440 958 1642
f 500 1084 1705
f 524 1149 1736
f 479 1059 1691
f 418 921 1623
f 508 1101 1713
f 553 1203 1764
f 569 1239 1781
f 538 1173 1749
f 471 1030 1677
f 443 964 1645
f 501 1078 1703
f 523 1125 1725
f 467 1023 1674
f 433 951 1638
f 493 1065 1695
f 527 1137 1732
f 543 1180 1752
f 485 1054 1690
f 572 1227 1777
f 557 1191 1759
f 515 1107 1717
f 428 934 1630
f 591 1326 2191
f 587 1278 1885
f 588 1266 1901
f 594 1302 2279
f 597 1320 2315
f 600 1344 2171
f 634 1565 2160
f 619 1463 2016
f 639 1589 2214
f 602 1350 1919
f 624 1524 2137
f 608 1421 1978
f 610 1398 1991
f 627 1500 2225
f 630 1518 2302
f 635 1560 2178
f 615 1428 2153
f 617 1434 2009
f 637 1571 2207
f 604 1373 1926
f 416 911 1857
f 408 893 1803
f 406 888 1786
f 412 900 1822
f 415 906 1840
f 424 924 1876
f 492 1062 2182
f 582 1242 2312
f 565 1206 2276
f 514 1104 1898
f 461 1001 2091
f 453 983 2037
f 451 978 1952
f 457 990 2056
f 460 996 2074
f 475 1026 2128
f 439 954 1966
f 496 1068 1988
f 533 1140 2222
f 551 1181 2293
f 579 1235 2185
f 483 1043 1879
f 426 929 1893
f 521 1121 2271
f 566 1211 2307
f 489 1055 2163
f 578 1230 2150
f 560 1194 2006
f 518 1110 2204
f 429 935 1911
f 547 1169 2131
f 465 1007 1969
f 441 959 1983
f 504 1085 2217
f 537 1152 2290
f 550 1176 2168
f 476 1031 2145
f 444 965 2001
f 502 1079 2199
f 526 1128 1916
f 481 1038 1808
f 420 917 1789
f 510 1097 1825
f 555 1187 1843
f 571 1218 1862
f 540 1157 1933
f 473 1020 2110
f 447 972 2020
f 507 1092 2236
f 534 1145 2257
f 469 1014 2042
f 435 947 1947
f 498 1073 2059
f 529 1133 2077
f 545 1164 2096
f 487 1049 2113
f 574 1223 2023
f 562 1199 2239
f 520 1116 2254
f 432 942 1930
f 589 1283 1818
f 583 1259 1798
f 586 1295 1834
f 593 1313 1852
f 596 1331 1872
f 599 1379 1942
f 633 1541 2120
f 620 1452 2030
f 640 1578 2248
f 603 1368 2263
f 622 1487 2052
f 607 1391 1955
f 612 1440 2065
f 626 1511 2086
f 629 1529 2106
f 631 1547 2122
f 614 1469 2032
f 618 1458 2245
f 641 1584 2266
f 605 1362 1940
f 409 1269 1813
f 405 1245 1792
f 411 1252 1828
f 414 1288 1846
f 417 1306 1867
f 431 1336 1936
f 488 1551 2123
f 575 1473 2033
f 563 1599 2249
f 519 1354 2260
f 454 1479 2049
f 450 1401 1959
f 456 1408 2062
f 459 1492 2080
f 462 1504 2101
f 472 1533 2116
f 446 1414 2026
f 506 1444 2242
f 535 1594 2267
f 541 1383 1943
f 570 1323 1869
f 480 1275 1815
f 421 1263 1799
f 511 1299 1835
f 556 1317 1853
f 484 1341 1889
f 580 1564 2195
f 567 1462 2319
f 522 1588 2283
f 427 1347 1905
f 544 1521 2103
f 468 1420 2046
f 436 1395 1957
f 499 1497 2069
f 530 1515 2087
f 548 1557 2141
f 466 1425 1979
f 442 1431 1993
f 505 1570 2229
f 536 1372 2296
f 491 1282 2188
f 423 1258 1882
f 513 1294 1902
f 564 1312 2280
f 581 1330 2316
f 549 1378 2172
f 477 1540 2157
f 445 1449 2011
f 503 1575 2209
f 525 1365 1923
f 474 1486 2134
f 438 1390 1972
f 495 1437 1995
f 532 1510 2226
f 552 1528 2303
f 490 1546 2175
f 577 1468 2154
f 559 1455 2013
f 517 1581 2211
f 430 1359 1921
f 590 1272 1865
f 584 1248 1811
f 585 1253 1796
f 592 1289 1832
f 595 1307 1850
f 598 1337 1888
f 636 1554 2194
f 621 1476 2322
f 642 1602 2286
f 601 1355 1908
f 623 1482 2099
f 611 1404 2045
f 609 1409 1962
f 625 1493 2068
f 628 1505 2084
f 632 1536 2140
f 613 1415 1976
f 616 1445 1998
f 638 1595 2232
f 606 1386 2299
f 407 909 2330
f 403 891 2324
f 404 886 2325
f 410 898 2332
f 413 904 2335
f 422 922 2344
f 486 1060 2410
f 573 1240 2497
f 561 1204 2486
f 512 1102 2434
f 452 999 2375
f 448 981 2369
f 449 976 2370
f 455 988 2377
f 458 994 2380
f 470 1024 2393
f 437 952 2359
f 494 1066 2415
f 531 1138 2455
f 539 1179 2461
f 568 1233 2489
f 478 1041 2399
f 419 927 2341
f 509 1119 2431
f 554 1209 2476
f 482 1053 2405
f 576 1228 2500
f 558 1192 2481
f 516 1108 2439
f 425 933 2348
f 542 1167 2465
f 463 1005 2383
f 434 957 2356
f 497 1083 2420
f 528 1150 2452
f 546 1174 2471
f 464 1029 2386
f 440 963 2363
f 500 1077 2422
f 524 1126 2445
f 479 1036 2400
f 418 915 2338
f 508 1095 2428
f 553 1185 2473
f 569 1216 2490
f 538 1155 2458
f 471 1018 2394
f 443 970 2366
f 501 1090 2425
f 523 1143 2444
f 467 1012 2389
f 433 945 2353
f 493 1071 2414
f 527 1131 2449
f 543 1162 2466
f 485 1047 2407
f 572 1221 2494
f 557 1197 2480
f 515 1114 2438
f 428 940 2351
f 591 1284 2510
f 587 1260 2504
f 588 1296 2508
f 594 1314 2514
f 597 1332 2517
f 600 1380 2520
f 634 1542 2554
f 619 1451 2539
f 639 1577 2560
f 602 1367 2523
f 624 1488 2543
f 608 1392 2527
f 610 1439 2532
f 627 1512 2547
f 630 1530 2550
f 635 1548 2552
f 615 1470 2535
f 617 1457 2538
f 637 1583 2558
f 604 1361 2524
f 167 1616 1607
f 164 1608 1603
f 163 1606 1604
f 165 1612 1610
f 166 1615 1613
f 169 1624 1622
f 192 1692 1686
f 222 1782 1773
f 216 1765 1761
f 199 1714 1712
f 182 1661 1652
f 179 1653 1648
f 178 1651 1649
f 180 1657 1655
f 181 1660 1658
f 186 1675 1670
f 174 1639 1637
f 193 1696 1694
f 205 1733 1731
f 212 1751 1739
f 221 1779 1768
f 189 1683 1678
f 170 1626 1619
f 202 1721 1709
f 217 1766 1754
f 191 1689 1682
f 220 1778 1776
f 214 1760 1758
f 200 1718 1716
f 171 1629 1625
f 210 1747 1742
f 183 1665 1663
f 175 1641 1634
f 196 1704 1697
f 207 1737 1728
f 211 1750 1746
f 187 1676 1664
f 176 1644 1640
f 195 1702 1700
f 203 1726 1724
f 188 1681 1679
f 168 1620 1618
f 198 1710 1708
f 213 1755 1753
f 218 1771 1769
f 208 1740 1738
f 185 1673 1671
f 177 1647 1643
f 197 1707 1701
f 206 1734 1723
f 184 1669 1667
f 173 1635 1633
f 194 1698 1693
f 204 1729 1727
f 209 1745 1743
f 190 1687 1685
f 219 1774 1772
f 215 1762 1757
f 201 1720 1715
f 172 1632 1628
f 357 2189 2187
f 255 1883 1881
f 262 1903 1899
f 388 2281 2277
f 400 2317 2313
f 352 2173 2169
f 347 2158 2156
f 298 2012 2010
f 364 2210 2208
f 269 1924 1917
f 339 2135 2133
f 285 1973 1971
f 293 1996 1989
f 370 2227 2223
f 396 2304 2300
f 353 2176 2174
f 346 2155 2151
f 299 2014 2007
f 365 2212 2205
f 268 1922 1920
f 249 1864 1855
f 231 1810 1801
f 226 1795 1784
f 238 1831 1820
f 244 1849 1838
f 257 1887 1874
f 359 2193 2180
f 402 2321 2310
f 390 2285 2274
f 264 1907 1896
f 327 2098 2089
f 309 2044 2035
f 282 1961 1950
f 317 2067 2054
f 322 2083 2072
f 341 2139 2126
f 286 1975 1964
f 294 1997 1986
f 372 2231 2220
f 394 2298 2291
f 358 2190 2183
f 256 1884 1877
f 261 1900 1891
f 387 2278 2269
f 399 2314 2305
f 351 2170 2161
f 348 2159 2148
f 300 2015 2004
f 366 2213 2202
f 267 1918 1909
f 340 2136 2129
f 287 1977 1967
f 291 1990 1981
f 369 2224 2215
f 395 2301 2288
f 354 2177 2166
f 345 2152 2143
f 297 2008 1999
f 363 2206 2197
f 270 1925 1914
f 234 1817 1806
f 227 1797 1787
f 239 1833 1823
f 245 1851 1841
f 252 1871 1860
f 275 1941 1931
f 334 2119 2108
f 304 2029 2018
f 377 2247 2234
f 382 2262 2255
f 312 2051 2040
f 279 1954 1945
f 316 2064 2057
f 323 2085 2075
f 330 2105 2094
f 335 2121 2111
f 305 2031 2021
f 376 2244 2237
f 383 2265 2252
f 274 1939 1928
f 232 1814 1812
f 225 1793 1791
f 237 1829 1827
f 243 1847 1845
f 250 1868 1866
f 273 1937 1935
f 336 2124 2118
f 306 2034 2028
f 378 2250 2246
f 381 2261 2259
f 311 2050 2048
f 281 1960 1953
f 315 2063 2061
f 321 2081 2079
f 328 2102 2100
f 333 2117 2115
f 303 2027 2025
f 375 2243 2241
f 384 2268 2264
f 276 1944 1938
f 229 1804 1802
f 223 1785 1783
f 235 1821 1819
f 241 1839 1837
f 247 1858 1856
f 271 1929 1927
f 332 2114 2112
f 302 2024 2022
f 374 2240 2238
f 379 2253 2251
f 307 2038 2036
f 278 1951 1949
f 313 2055 2053
f 319 2073 2071
f 325 2092 2090
f 331 2109 2107
f 301 2019 2017
f 373 2235 2233
f 380 2258 2256
f 272 1934 1932
f 248 1861 1859
f 230 1807 1805
f 224 1790 1788
f 236 1826 1824
f 242 1844 1842
f 254 1880 1878
f 356 2186 2184
f 397 2308 2306
f 385 2272 2270
f 259 1894 1892
f 326 2095 2093
f 308 2041 2039
f 277 1948 1946
f 314 2060 2058
f 320 2078 2076
f 338 2132 2130
f 284 1970 1968
f 289 1984 1982
f 367 2218 2216
f 391 2289 2287
f 355 2181 2179
f 253 1875 1873
f 260 1897 1895
f 386 2275 2273
f 398 2311 2309
f 350 2167 2165
f 343 2146 2144
f 295 2002 2000
f 361 2200 2198
f 266 1915 1913
f 337 2127 2125
f 283 1965 1963
f 290 1987 1985
f 368 2221 2219
f 392 2294 2292
f 349 2164 2162
f 344 2149 2147
f 296 2005 2003
f 362 2203 2201
f 265 1912 1910
f 251 1870 1863
f 233 1816 1809
f 228 1800 1794
f 240 1836 1830
f 246 1854 1848
f 258 1890 1886
f 360 2196 2192
f 401 2320 2318
f 389 2284 2282
f 263 1906 1904
f 329 2104 2097
f 310 2047 2043
f 280 1958 1956
f 318 2070 2066
f 324 2088 2082
f 342 2142 2138
f 288 1980 1974
f 292 1994 1992
f 371 2230 2228
f 393 2297 2295
f 409 2329 2331
f 405 2323 2327
f 411 2326 2328
f 414 2333 2334
f 417 2336 2337
f 431 2345 2346
f 488 2409 2412
f 575 2496 2499
f 563 2485 2487
f 519 2435 2436
f 454 2374 2376
f 450 2368 2372
f 456 2371 2373
f 459 2378 2379
f 462 2381 2382
f 472 2392 2396
f 446 2360 2361
f 506 2416 2418
f 535 2456 2457
f 541 2460 2463
f 570 2488 2492
f 480 2398 2402
f 421 2340 2343
f 511 2430 2433
f 556 2475 2478
f 484 2404 2406
f 580 2501 2502
f 567 2482 2484
f 522 2440 2442
f 427 2347 2349
f 544 2464 2468
f 468 2384 2387
f 436 2355 2358
f 499 2419 2421
f 530 2451 2454
f 548 2470 2472
f 466 2385 2388
f 442 2362 2364
f 505 2423 2426
f 536 2446 2448
f 491 2401 2403
f 423 2339 2342
f 513 2429 2432
f 564 2474 2477
f 581 2491 2493
f 549 2459 2462
f 477 2395 2397
f 445 2365 2367
f 503 2424 2427
f 525 2443 2447
f 474 2390 2391
f 438 2354 2357
f 495 2413 2417
f 532 2450 2453
f 552 2467 2469
f 490 2408 2411
f 577 2495 2498
f 559 2479 2483
f 517 2437 2441
f 430 2350 2352
f 590 2511 2509
f 584 2505 2503
f 585 2507 2506
f 592 2513 2512
f 595 2516 2515
f 598 2519 2518
f 636 2556 2555
f 621 2540 2541
f 642 2561 2562
f 601 2521 2522
f 623 2544 2542
f 611 2529 2528
f 609 2530 2531
f 625 2546 2545
f 628 2549 2548
f 632 2553 2551
f 613 2534 2533
f 616 2536 2537
f 638 2557 2559
f 606 2525 2526
f 1607 644 647
f 1603 643 644
f 1604 645 643
f 1610 646 645
f 1613 647 646
f 1622 652 649
f 1686 670 672
f 1773 699 702
f 1761 695 696
f 1712 681 679
f 1652 659 662
f 1648 658 659
f 1649 660 658
f 1655 661 660
f 1658 662 661
f 1670 665 666
f 1637 657 654
f 1694 677 673
f 1731 686 685
f 1739 688 692
f 1768 698 701
f 1678 668 669
f 1619 648 650
f 1709 678 682
f 1754 693 697
f 1682 669 671
f 1776 701 700
f 1758 697 694
f 1716 682 680
f 1625 650 651
f 1742 689 690
f 1663 664 663
f 1634 653 655
f 1697 674 676
f 1728 684 687
f 1746 690 691
f 1664 663 667
f 1640 655 656
f 1700 676 675
f 1724 687 683
f 1679 672 668
f 1618 649 648
f 1708 679 678
f 1753 696 693
f 1769 702 698
f 1738 691 688
f 1671 667 665
f 1643 656 657
f 1701 675 677
f 1723 683 686
f 1667 666 664
f 1633 654 653
f 1693 673 674
f 1727 685 684
f 1743 692 689
f 1685 671 670
f 1772 700 699
f 1757 694 695
f 1715 680 681
f 1628 651 652
f 2187 838 837
f 1881 736 735
f 1899 741 742
f 2277 867 868
f 2313 879 880
f 2169 831 832
f 2156 828 827
f 2010 780 778
f 2208 846 844
f 1917 747 749
f 2133 820 819
f 1971 767 765
f 1989 771 773
f 2223 849 850
f 2300 875 876
f 2174 834 833
f 2151 825 826
f 2007 777 779
f 2205 843 845
f 1920 750 748
f 1855 727 729
f 1801 709 711
f 1784 703 706
f 1820 715 718
f 1838 721 724
f 1874 733 737
f 2180 835 839
f 2310 878 882
f 2274 866 870
f 1896 740 744
f 2089 805 807
f 2035 787 789
f 1950 758 762
f 2054 793 797
f 2072 799 802
f 2126 817 821
f 1964 763 766
f 1986 770 774
f 2220 848 852
f 2291 872 874
f 2183 836 838
f 1877 734 736
f 1891 739 741
f 2269 865 867
f 2305 877 879
f 2161 829 831
f 2148 824 828
f 2004 776 780
f 2202 842 846
f 1909 745 747
f 2129 818 820
f 1967 764 767
f 1981 769 771
f 2215 847 849
f 2288 871 875
f 2166 830 834
f 2143 823 825
f 1999 775 777
f 2197 841 843
f 1914 746 750
f 1806 710 714
f 1787 704 707
f 1823 716 719
f 1841 722 725
f 1860 728 732
f 1931 752 755
f 2108 811 814
f 2018 781 784
f 2234 853 857
f 2255 860 862
f 2040 788 792
f 1945 757 759
f 2057 794 796
f 2075 800 803
f 2094 806 810
f 2111 812 815
f 2021 782 785
f 2237 854 856
f 2252 859 863
f 1928 751 754
f 1812 714 712
f 1791 707 705
f 1827 719 717
f 1845 725 723
f 1866 732 730
f 1935 755 753
f 2118 814 816
f 2028 784 786
f 2246 857 858
f 2259 862 861
f 2048 792 791
f 1953 759 761
f 2061 796 795
f 2079 803 801
f 2100 810 808
f 2115 815 813
f 2025 785 783
f 2241 856 855
f 2264 863 864
f 1938 754 756
f 1802 712 709
f 1783 705 703
f 1819 717 715
f 1837 723 721
f 1856 730 727
f 1927 753 751
f 2112 816 812
f 2022 786 782
f 2238 858 854
f 2251 861 859
f 2036 791 787
f 1949 761 758
f 2053 795 793
f 2071 801 799
f 2090 808 805
f 2107 813 811
f 2017 783 781
f 2233 855 853
f 2256 864 860
f 1932 756 752
f 1859 731 728
f 1805 713 710
f 1788 708 704
f 1824 720 716
f 1842 726 722
f 1878 738 734
f 2184 840 836
f 2306 881 877
f 2270 869 865
f 1892 743 739
f 2093 809 806
f 2039 790 788
f 1946 760 757
f 2058 798 794
f 2076 804 800
f 2130 822 818
f 1968 768 764
f 1982 772 769
f 2216 851 847
f 2287 873 871
f 2179 837 835
f 1873 735 733
f 1895 742 740
f 2273 868 866
f 2309 880 878
f 2165 832 830
f 2144 827 823
f 2000 778 775
f 2198 844 841
f 1913 749 746
f 2125 819 817
f 1963 765 763
f 1985 773 770
f 2219 850 848
f 2292 876 872
f 2162 833 829
f 2147 826 824
f 2003 779 776
f 2201 845 842
f 1910 748 745
f 1863 729 731
f 1809 711 713
f 1794 706 708
f 1830 718 720
f 1848 724 726
f 1886 737 738
f 2192 839 840
f 2318 882 881
f 2282 870 869
f 1904 744 743
f 2097 807 809
f 2043 789 790
f 1956 762 760
f 2066 797 798
f 2082 802 804
f 2138 821 822
f 1974 766 768
f 1992 774 772
f 2228 852 851
f 2295 874 873
f 2331 1270 1269
f 2327 1246 1245
f 2328 1251 1252
f 2334 1287 1288
f 2337 1305 1306
f 2346 1335 1336
f 2412 1552 1551
f 2499 1474 1473
f 2487 1600 1599
f 2436 1353 1354
f 2376 1480 1479
f 2372 1402 1401
f 2373 1407 1408
f 2379 1491 1492
f 2382 1503 1504
f 2396 1534 1533
f 2361 1413 1414
f 2418 1443 1444
f 2457 1593 1594
f 2463 1384 1383
f 2492 1324 1323
f 2402 1276 1275
f 2343 1264 1263
f 2433 1300 1299
f 2478 1318 1317
f 2406 1342 1341
f 2502 1563 1564
f 2484 1461 1462
f 2442 1587 1588
f 2349 1348 1347
f 2468 1522 1521
f 2387 1419 1420
f 2358 1396 1395
f 2421 1498 1497
f 2454 1516 1515
f 2472 1558 1557
f 2388 1426 1425
f 2364 1432 1431
f 2426 1569 1570
f 2448 1371 1372
f 2403 1281 1282
f 2342 1257 1258
f 2432 1293 1294
f 2477 1311 1312
f 2493 1329 1330
f 2462 1377 1378
f 2397 1539 1540
f 2367 1450 1449
f 2427 1576 1575
f 2447 1366 1365
f 2391 1485 1486
f 2357 1389 1390
f 2417 1438 1437
f 2453 1509 1510
f 2469 1527 1528
f 2411 1545 1546
f 2498 1467 1468
f 2483 1456 1455
f 2441 1582 1581
f 2352 1360 1359
f 2509 1271 1272
f 2503 1247 1248
f 2506 1254 1253
f 2512 1290 1289
f 2515 1308 1307
f 2518 1338 1337
f 2555 1553 1554
f 2541 1475 1476
f 2562 1601 1602
f 2522 1356 1355
f 2542 1481 1482
f 2528 1403 1404
f 2531 1410 1409
f 2545 1494 1493
f 2548 1506 1505
f 2551 1535 1536
f 2533 1416 1415
f 2537 1446 1445
f 2559 1596 1595
f 2526 1385 1386
f 1616 907 909
f 1608 889 891
f 1606 883 886
f 1612 895 898
f 1615 901 904
f 1624 919 922
f 1692 1057 1060
f 1782 1237 1240
f 1765 1201 1204
f 1714 1099 1102
f 1661 997 999
f 1653 979 981
f 1651 973 976
f 1657 985 988
f 1660 991 994
f 1675 1021 1024
f 1639 949 952
f 1696 1063 1066
f 1733 1135 1138
f 1751 1177 1179
f 1779 1231 1233
f 1683 1039 1041
f 1626 925 927
f 1721 1117 1119
f 1766 1207 1209
f 1689 1051 1053
f 1778 1225 1228
f 1760 1189 1192
f 1718 1105 1108
f 1629 931 933
f 1747 1165 1167
f 1665 1003 1005
f 1641 955 957
f 1704 1081 1083
f 1737 1147 1150
f 1750 1171 1174
f 1676 1027 1029
f 1644 961 963
f 1702 1075 1077
f 1726 1123 1126
f 1681 1033 1036
f 1620 913 915
f 1710 1093 1095
f 1755 1183 1185
f 1771 1213 1216
f 1740 1153 1155
f 1673 1015 1018
f 1647 967 970
f 1707 1087 1090
f 1734 1141 1143
f 1669 1009 1012
f 1635 943 945
f 1698 1069 1071
f 1729 1129 1131
f 1745 1159 1162
f 1687 1045 1047
f 1774 1219 1221
f 1762 1195 1197
f 1720 1111 1114
f 1632 937 940
f 2189 1280 1284
f 1883 1256 1260
f 1903 1292 1296
f 2281 1310 1314
f 2317 1328 1332
f 2173 1376 1380
f 2158 1538 1542
f 2012 1447 1451
f 2210 1573 1577
f 1924 1363 1367
f 2135 1484 1488
f 1973 1388 1392
f 1996 1435 1439
f 2227 1508 1512
f 2304 1526 1530
f 2176 1544 1548
f 2155 1466 1470
f 2014 1453 1457
f 2212 1579 1583
f 1922 1357 1361
f 1864 1268 1270
f 1810 1244 1246
f 1795 1249 1251
f 1831 1285 1287
f 1849 1303 1305
f 1887 1333 1335
f 2193 1550 1552
f 2321 1472 1474
f 2285 1598 1600
f 1907 1351 1353
f 2098 1478 1480
f 2044 1400 1402
f 1961 1405 1407
f 2067 1489 1491
f 2083 1501 1503
f 2139 1532 1534
f 1975 1411 1413
f 1997 1441 1443
f 2231 1591 1593
f 2298 1382 1384
f 2190 1322 1324
f 1884 1274 1276
f 1900 1262 1264
f 2278 1298 1300
f 2314 1316 1318
f 2170 1340 1342
f 2159 1561 1563
f 2015 1459 1461
f 2213 1585 1587
f 1918 1346 1348
f 2136 1520 1522
f 1977 1417 1419
f 1990 1394 1396
f 2224 1496 1498
f 2301 1514 1516
f 2177 1556 1558
f 2152 1424 1426
f 2008 1430 1432
f 2206 1567 1569
f 1925 1369 1371
f 1817 1279 1281
f 1797 1255 1257
f 1833 1291 1293
f 1851 1309 1311
f 1871 1327 1329
f 1941 1375 1377
f 2119 1537 1539
f 2029 1448 1450
f 2247 1574 1576
f 2262 1364 1366
f 2051 1483 1485
f 1954 1387 1389
f 2064 1436 1438
f 2085 1507 1509
f 2105 1525 1527
f 2121 1543 1545
f 2031 1465 1467
f 2244 1454 1456
f 2265 1580 1582
f 1939 1358 1360
f 1814 1267 1271
f 1793 1243 1247
f 1829 1250 1254
f 1847 1286 1290
f 1868 1304 1308
f 1937 1334 1338
f 2124 1549 1553
f 2034 1471 1475
f 2250 1597 1601
f 2261 1352 1356
f 2050 1477 1481
f 1960 1399 1403
f 2063 1406 1410
f 2081 1490 1494
f 2102 1502 1506
f 2117 1531 1535
f 2027 1412 1416
f 2243 1442 1446
f 2268 1592 1596
f 1944 1381 1385
f 1804 890 894
f 1785 884 887
f 1821 896 899
f 1839 902 905
f 1858 908 912
f 1929 938 941
f 2114 1046 1050
f 2024 1220 1224
f 2240 1196 1200
f 2253 1112 1115
f 2038 980 984
f 1951 974 977
f 2055 986 989
f 2073 992 995
f 2092 998 1002
f 2109 1016 1019
f 2019 968 971
f 2235 1088 1091
f 2258 1142 1146
f 1934 1154 1158
f 1861 1214 1217
f 1807 1034 1037
f 1790 914 918
f 1826 1094 1098
f 1844 1184 1188
f 1880 1040 1044
f 2186 1232 1236
f 2308 1208 1212
f 2272 1118 1122
f 1894 926 930
f 2095 1160 1163
f 2041 1010 1013
f 1948 944 948
f 2060 1070 1074
f 2078 1130 1134
f 2132 1166 1170
f 1970 1004 1008
f 1984 956 960
f 2218 1082 1086
f 2289 1148 1151
f 2181 1058 1061
f 1875 920 923
f 1897 1100 1103
f 2275 1202 1205
f 2311 1238 1241
f 2167 1172 1175
f 2146 1028 1032
f 2002 962 966
f 2200 1076 1080
f 1915 1124 1127
f 2127 1022 1025
f 1965 950 953
f 1987 1064 1067
f 2221 1136 1139
f 2294 1178 1182
f 2164 1052 1056
f 2149 1226 1229
f 2005 1190 1193
f 2203 1106 1109
f 1912 932 936
f 1870 1321 1325
f 1816 1273 1277
f 1800 1261 1265
f 1836 1297 1301
f 1854 1315 1319
f 1890 1339 1343
f 2196 1562 1566
f 2320 1460 1464
f 2284 1586 1590
f 1906 1345 1349
f 2104 1519 1523
f 2047 1418 1422
f 1958 1393 1397
f 2070 1495 1499
f 2088 1513 1517
f 2142 1555 1559
f 1980 1423 1427
f 1994 1429 1433
f 2230 1568 1572
f 2297 1370 1374
f 2329 894 892
f 2323 887 885
f 2326 899 897
f 2333 905 903
f 2336 912 910
f 2345 941 939
f 2409 1050 1048
f 2496 1224 1222
f 2485 1200 1198
f 2435 1115 1113
f 2374 984 982
f 2368 977 975
f 2371 989 987
f 2378 995 993
f 2381 1002 1000
f 2392 1019 1017
f 2360 971 969
f 2416 1091 1089
f 2456 1146 1144
f 2460 1158 1156
f 2488 1217 1215
f 2398 1037 1035
f 2340 918 916
f 2430 1098 1096
f 2475 1188 1186
f 2404 1044 1042
f 2501 1236 1234
f 2482 1212 1210
f 2440 1122 1120
f 2347 930 928
f 2464 1163 1161
f 2384 1013 1011
f 2355 948 946
f 2419 1074 1072
f 2451 1134 1132
f 2470 1170 1168
f 2385 1008 1006
f 2362 960 958
f 2423 1086 1084
f 2446 1151 1149
f 2401 1061 1059
f 2339 923 921
f 2429 1103 1101
f 2474 1205 1203
f 2491 1241 1239
f 2459 1175 1173
f 2395 1032 1030
f 2365 966 964
f 2424 1080 1078
f 2443 1127 1125
f 2390 1025 1023
f 2354 953 951
f 2413 1067 1065
f 2450 1139 1137
f 2467 1182 1180
f 2408 1056 1054
f 2495 1229 1227
f 2479 1193 1191
f 2437 1109 1107
f 2350 936 934
f 2511 1325 1326
f 2505 1277 1278
f 2507 1265 1266
f 2513 1301 1302
f 2516 1319 1320
f 2519 1343 1344
f 2556 1566 1565
f 2540 1464 1463
f 2561 1590 1589
f 2521 1349 1350
f 2544 1523 1524
f 2529 1422 1421
f 2530 1397 1398
f 2546 1499 1500
f 2549 1517 1518
f 2553 1559 1560
f 2534 1427 1428
f 2536 1433 1434
f 2557 1572 1571
f 2525 1374 1373
f 1609 892 889
f 1605 885 883
f 1611 897 895
f 1614 903 901
f 1617 910 907
f 1631 939 937
f 1688 1048 1045
f 1775 1222 1219
f 1763 1198 1195
f 1719 1113 1111
f 1654 982 979
f 1650 975 973
f 1656 987 985
f 1659 993 991
f 1662 1000 997
f 1672 1017 1015
f 1646 969 967
f 1706 1089 1087
f 1735 1144 1141
f 1741 1156 1153
f 1770 1215 1213
f 1680 1035 1033
f 1621 916 913
f 1711 1096 1093
f 1756 1186 1183
f 1684 1042 1039
f 1780 1234 1231
f 1767 1210 1207
f 1722 1120 1117
f 1627 928 925
f 1744 1161 1159
f 1668 1011 1009
f 1636 946 943
f 1699 1072 1069
f 1730 1132 1129
f 1748 1168 1165
f 1666 1006 1003
f 1642 958 955
f 1705 1084 1081
f 1736 1149 1147
f 1691 1059 1057
f 1623 921 919
f 1713 1101 1099
f 1764 1203 1201
f 1781 1239 1237
f 1749 1173 1171
f 1677 1030 1027
f 1645 964 961
f 1703 1078 1075
f 1725 1125 1123
f 1674 1023 1021
f 1638 951 949
f 1695 1065 1063
f 1732 1137 1135
f 1752 1180 1177
f 1690 1054 1051
f 1777 1227 1225
f 1759 1191 1189
f 1717 1107 1105
f 1630 934 931
f 2191 1326 1322
f 1885 1278 1274
f 1901 1266 1262
f 2279 1302 1298
f 2315 1320 1316
f 2171 1344 1340
f 2160 1565 1561
f 2016 1463 1459
f 2214 1589 1585
f 1919 1350 1346
f 2137 1524 1520
f 1978 1421 1417
f 1991 1398 1394
f 2225 1500 1496
f 2302 1518 1514
f 2178 1560 1556
f 2153 1428 1424
f 2009 1434 1430
f 2207 1571 1567
f 1926 1373 1369
f 1857 911 908
f 1803 893 890
f 1786 888 884
f 1822 900 896
f 1840 906 902
f 1876 924 920
f 2182 1062 1058
f 2312 1242 1238
f 2276 1206 1202
f 1898 1104 1100
f 2091 1001 998
f 2037 983 980
f 1952 978 974
f 2056 990 986
f 2074 996 992
f 2128 1026 1022
f 1966 954 950
f 1988 1068 1064
f 2222 1140 1136
f 2293 1181 1178
f 2185 1235 1232
f 1879 1043 1040
f 1893 929 926
f 2271 1121 1118
f 2307 1211 1208
f 2163 1055 1052
f 2150 1230 1226
f 2006 1194 1190
f 2204 1110 1106
f 1911 935 932
f 2131 1169 1166
f 1969 1007 1004
f 1983 959 956
f 2217 1085 1082
f 2290 1152 1148
f 2168 1176 1172
f 2145 1031 1028
f 2001 965 962
f 2199 1079 1076
f 1916 1128 1124
f 1808 1038 1034
f 1789 917 914
f 1825 1097 1094
f 1843 1187 1184
f 1862 1218 1214
f 1933 1157 1154
f 2110 1020 1016
f 2020 972 968
f 2236 1092 1088
f 2257 1145 1142
f 2042 1014 1010
f 1947 947 944
f 2059 1073 1070
f 2077 1133 1130
f 2096 1164 1160
f 2113 1049 1046
f 2023 1223 1220
f 2239 1199 1196
f 2254 1116 1112
f 1930 942 938
f 1818 1283 1279
f 1798 1259 1255
f 1834 1295 1291
f 1852 1313 1309
f 1872 1331 1327
f 1942 1379 1375
f 2120 1541 1537
f 2030 1452 1448
f 2248 1578 1574
f 2263 1368 1364
f 2052 1487 1483
f 1955 1391 1387
f 2065 1440 1436
f 2086 1511 1507
f 2106 1529 1525
f 2122 1547 1543
f 2032 1469 1465
f 2245 1458 1454
f 2266 1584 1580
f 1940 1362 1358
f 1813 1269 1267
f 1792 1245 1243
f 1828 1252 1250
f 1846 1288 1286
f 1867 1306 1304
f 1936 1336 1334
f 2123 1551 1549
f 2033 1473 1471
f 2249 1599 1597
f 2260 1354 1352
f 2049 1479 1477
f 1959 1401 1399
f 2062 1408 1406
f 2080 1492 1490
f 2101 1504 1502
f 2116 1533 1531
f 2026 1414 1412
f 2242 1444 1442
f 2267 1594 1592
f 1943 1383 1381
f 1869 1323 1321
f 1815 1275 1273
f 1799 1263 1261
f 1835 1299 1297
f 1853 1317 1315
f 1889 1341 1339
f 2195 1564 1562
f 2319 1462 1460
f 2283 1588 1586
f 1905 1347 1345
f 2103 1521 1519
f 2046 1420 1418
f 1957 1395 1393
f 2069 1497 1495
f 2087 1515 1513
f 2141 1557 1555
f 1979 1425 1423
f 1993 1431 1429
f 2229 1570 1568
f 2296 1372 1370
f 2188 1282 1280
f 1882 1258 1256
f 1902 1294 1292
f 2280 1312 1310
f 2316 1330 1328
f 2172 1378 1376
f 2157 1540 1538
f 2011 1449 1447
f 2209 1575 1573
f 1923 1365 1363
f 2134 1486 1484
f 1972 1390 1388
f 1995 1437 1435
f 2226 1510 1508
f 2303 1528 1526
f 2175 1546 1544
f 2154 1468 1466
f 2013 1455 1453
f 2211 1581 1579
f 1921 1359 1357
f 1865 1272 1268
f 1811 1248 1244
f 1796 1253 1249
f 1832 1289 1285
f 1850 1307 1303
f 1888 1337 1333
f 2194 1554 1550
f 2322 1476 1472
f 2286 1602 1598
f 1908 1355 1351
f 2099 1482 1478
f 2045 1404 1400
f 1962 1409 1405
f 2068 1493 1489
f 2084 1505 1501
f 2140 1536 1532
f 1976 1415 1411
f 1998 1445 1441
f 2232 1595 1591
f 2299 1386 1382
f 2330 909 911
f 2324 891 893
f 2325 886 888
f 2332 898 900
f 2335 904 906
f 2344 922 924
f 2410 1060 1062
f 2497 1240 1242
f 2486 1204 1206
f 2434 1102 1104
f 2375 999 1001
f 2369 981 983
f 2370 976 978
f 2377 988 990
f 2380 994 996
f 2393 1024 1026
f 2359 952 954
f 2415 1066 1068
f 2455 1138 1140
f 2461 1179 1181
f 2489 1233 1235
f 2399 1041 1043
f 2341 927 929
f 2431 1119 1121
f 2476 1209 1211
f 2405 1053 1055
f 2500 1228 1230
f 2481 1192 1194
f 2439 1108 1110
f 2348 933 935
f 2465 1167 1169
f 2383 1005 1007
f 2356 957 959
f 2420 1083 1085
f 2452 1150 1152
f 2471 1174 1176
f 2386 1029 1031
f 2363 963 965
f 2422 1077 1079
f 2445 1126 1128
f 2400 1036 1038
f 2338 915 917
f 2428 1095 1097
f 2473 1185 1187
f 2490 1216 1218
f 2458 1155 1157
f 2394 1018 1020
f 2366 970 972
f 2425 1090 1092
f 2444 1143 1145
f 2389 1012 1014
f 2353 945 947
f 2414 1071 1073
f 2449 1131 1133
f 2466 1162 1164
f 2407 1047 1049
f 2494 1221 1223
f 2480 1197 1199
f 2438 1114 1116
f 2351 940 942
f 2510 1284 1283
f 2504 1260 1259
f 2508 1296 1295
f 2514 1314 1313
f 2517 1332 1331
f 2520 1380 1379
f 2554 1542 1541
f 2539 1451 1452
f 2560 1577 1578
f 2523 1367 1368
f 2543 1488 1487
f 2527 1392 1391
f 2532 1439 1440
f 2547 1512 1511
f 2550 1530 1529
f 2552 1548 1547
f 2535 1470 1469
f 2538 1457 1458
f 2558 1583 1584
f 2524 1361 1362
f 1607 1616 1609
f 1603 1608 1605
f 1604 1606 1611
f 1610 1612 1614
f 1613 1615 1617
f 1622 1624 1631
f 1686 1692 1688
f 1773 1782 1775
f 1761 1765 1763
f 1712 1714 1719
f 1652 1661 1654
f 1648 1653 1650
f 1649 1651 1656
f 1655 1657 1659
f 1658 1660 1662
f 1670 1675 1672
f 1637 1639 1646
f 1694 1696 1706
f 1731 1733 1735
f 1739 1751 1741
f 1768 1779 1770
f 1678 1683 1680
f 1619 1626 1621
f 1709 1721 1711
f 1754 1766 1756
f 1682 1689 1684
f 1776 1778 1780
f 1758 1760 1767
f 1716 1718 1722
f 1625 1629 1627
f 1742 1747 1744
f 1663 1665 1668
f 1634 1641 1636
f 1697 1704 1699
f 1728 1737 1730
f 1746 1750 1748
f 1664 1676 1666
f 1640 1644 1642
f 1700 1702 1705
f 1724 1726 1736
f 1679 1681 1691
f 1618 1620 1623
f 1708 1710 1713
f 1753 1755 1764
f 1769 1771 1781
f 1738 1740 1749
f 1671 1673 1677
f 1643 1647 1645
f 1701 1707 1703
f 1723 1734 1725
f 1667 1669 1674
f 1633 1635 1638
f 1693 1698 1695
f 1727 1729 1732
f 1743 1745 1752
f 1685 1687 1690
f 1772 1774 1777
f 1757 1762 1759
f 1715 1720 1717
f 1628 1632 1630
f 2187 2189 2191
f 1881 1883 1885
f 1899 1903 1901
f 2277 2281 2279
f 2313 2317 2315
f 2169 2173 2171
f 2156 2158 2160
f 2010 2012 2016
f 2208 2210 2214
f 1917 1924 1919
f 2133 2135 2137
f 1971 1973 1978
f 1989 1996 1991
f 2223 2227 2225
f 2300 2304 2302
f 2174 2176 2178
f 2151 2155 2153
f 2007 2014 2009
f 2205 2212 2207
f 1920 1922 1926
f 1855 1864 1857
f 1801 1810 1803
f 1784 1795 1786
f 1820 1831 1822
f 1838 1849 1840
f 1874 1887 1876
f 2180 2193 2182
f 2310 2321 2312
f 2274 2285 2276
f 1896 1907 1898
f 2089 2098 2091
f 2035 2044 2037
f 1950 1961 1952
f 2054 2067 2056
f 2072 2083 2074
f 2126 2139 2128
f 1964 1975 1966
f 1986 1997 1988
f 2220 2231 2222
f 2291 2298 2293
f 2183 2190 2185
f 1877 1884 1879
f 1891 1900 1893
f 2269 2278 2271
f 2305 2314 2307
f 2161 2170 2163
f 2148 2159 2150
f 2004 2015 2006
f 2202 2213 2204
f 1909 1918 1911
f 2129 2136 2131
f 1967 1977 1969
f 1981 1990 1983
f 2215 2224 2217
f 2288 2301 2290
f 2166 2177 2168
f 2143 2152 2145
f 1999 2008 2001
f 2197 2206 2199
f 1914 1925 1916
f 1806 1817 1808
f 1787 1797 1789
f 1823 1833 1825
f 1841 1851 1843
f 1860 1871 1862
f 1931 1941 1933
f 2108 2119 2110
f 2018 2029 2020
f 2234 2247 2236
f 2255 2262 2257
f 2040 2051 2042
f 1945 1954 1947
f 2057 2064 2059
f 2075 2085 2077
f 2094 2105 2096
f 2111 2121 2113
f 2021 2031 2023
f 2237 2244 2239
f 2252 2265 2254
f 1928 1939 1930
f 1812 1814 1818
f 1791 1793 1798
f 1827 1829 1834
f 1845 1847 1852
f 1866 1868 1872
f 1935 1937 1942
f 2118 2124 2120
f 2028 2034 2030
f 2246 2250 2248
f 2259 2261 2263
f 2048 2050 2052
f 1953 1960 1955
f 2061 2063 2065
f 2079 2081 2086
f 2100 2102 2106
f 2115 2117 2122
f 2025 2027 2032
f 2241 2243 2245
f 2264 2268 2266
f 1938 1944 1940
f 1802 1804 1813
f 1783 1785 1792
f 1819 1821 1828
f 1837 1839 1846
f 1856 1858 1867
f 1927 1929 1936
f 2112 2114 2123
f 2022 2024 2033
f 2238 2240 2249
f 2251 2253 2260
f 2036 2038 2049
f 1949 1951 1959
f 2053 2055 2062
f 2071 2073 2080
f 2090 2092 2101
f 2107 2109 2116
f 2017 2019 2026
f 2233 2235 2242
f 2256 2258 2267
f 1932 1934 1943
f 1859 1861 1869
f 1805 1807 1815
f 1788 1790 1799
f 1824 1826 1835
f 1842 1844 1853
f 1878 1880 1889
f 2184 2186 2195
f 2306 2308 2319
f 2270 2272 2283
f 1892 1894 1905
f 2093 2095 2103
f 2039 2041 2046
f 1946 1948 1957
f 2058 2060 2069
f 2076 2078 2087
f 2130 2132 2141
f 1968 1970 1979
f 1982 1984 1993
f 2216 2218 2229
f 2287 2289 2296
f 2179 2181 2188
f 1873 1875 1882
f 1895 1897 1902
f 2273 2275 2280
f 2309 2311 2316
f 2165 2167 2172
f 2144 2146 2157
f 2000 2002 2011
f 2198 2200 2209
f 1913 1915 1923
f 2125 2127 2134
f 1963 1965 1972
f 1985 1987 1995
f 2219 2221 2226
f 2292 2294 2303
f 2162 2164 2175
f 2147 2149 2154
f 2003 2005 2013
f 2201 2203 2211
f 1910 1912 1921
f 1863 1870 1865
f 1809 1816 1811
f 1794 1800 1796
f 1830 1836 1832
f 1848 1854 1850
f 1886 1890 1888
f 2192 2196 2194
f 2318 2320 2322
f 2282 2284 2286
f 1904 1906 1908
f 2097 2104 2099
f 2043 2047 2045
f 1956 1958 1962
f 2066 2070 2068
f 2082 2088 2084
f 2138 2142 2140
f 1974 1980 1976
f 1992 1994 1998
f 2228 2230 2232
f 2295 2297 2299
f 2331 2329 2330
f 2327 2323 2324
f 2328 2326 2325
f 2334 2333 2332
f 2337 2336 2335
f 2346 2345 2344
f 2412 2409 2410
f 2499 2496 2497
f 2487 2485 2486
f 2436 2435 2434
f 2376 2374 2375
f 2372 2368 2369
f 2373 2371 2370
f 2379 2378 2377
f 2382 2381 2380
f 2396 2392 2393
f 2361 2360 2359
f 2418 2416 2415
f 2457 2456 2455
f 2463 2460 2461
f 2492 2488 2489
f 2402 2398 2399
f 2343 2340 2341
f 2433 2430 2431
f 2478 2475 2476
f 2406 2404 2405
f 2502 2501 2500
f 2484 2482 2481
f 2442 2440 2439
f 2349 2347 2348
f 2468 2464 2465
f 2387 2384 2383
f 2358 2355 2356
f 2421 2419 2420
f 2454 2451 2452
f 2472 2470 2471
f 2388 2385 2386
f 2364 2362 2363
f 2426 2423 2422
f 2448 2446 2445
f 2403 2401 2400
f 2342 2339 2338
f 2432 2429 2428
f 2477 2474 2473
f 2493 2491 2490
f 2462 2459 2458
f 2397 2395 2394
f 2367 2365 2366
f 2427 2424 2425
f 2447 2443 2444
f 2391 2390 2389
f 2357 2354 2353
f 2417 2413 2414
f 2453 2450 2449
f 2469 2467 2466
f 2411 2408 2407
f 2498 2495 2494
f 2483 2479 2480
f 2441 2437 2438
f 2352 2350 2351
f 2509 2511 2510
f 2503 2505 2504
f 2506 2507 2508
f 2512 2513 2514
f 2515 2516 2517
f 2518 2519 2520
f 2555 2556 2554
f 2541 2540 2539
f 2562 2561 2560
f 2522 2521 2523
f 2542 2544 2543
f 2528 2529 2527
f 2531 2530 2532
f 2545 2546 2547
f 2548 2549 2550
f 2551 2553 2552
f 2533 2534 2535
f 2537 2536 2538
f 2559 2557 2558
f 2526 2525 2524
