v -0.21345535 0.26082116 -0.19039091 0.517433 0.516655 0.516286
v 0.21226463 0.27200413 -0.18211347 0.514830 0.514328 0.514092
v -0.38185418 -0.65626371 -0.00681468 0.537313 0.534570 0.533272
v 0.37761730 -0.65563679 -0.00147556 0.541166 0.538191 0.536784
v -0.00472800 -0.53916740 0.84573150 0.568995 0.560078 0.555816
v -0.00074969 0.14090714 0.48454675 0.524883 0.524636 0.524517
v 0.00666694 -0.27899179 -0.46264592 0.563588 0.557241 0.554229
v -0.00093703 0.54315501 -0.83488876 0.615190 0.601036 0.594375
v 0.35337424 0.06697468 -0.28945681 0.540546 0.537863 0.536570
v 0.38781789 -0.05097878 0.31209719 0.525491 0.524373 0.523847
v -0.35045928 0.05774251 -0.28190219 0.530381 0.527856 0.526608
v -0.38657495 -0.04789201 0.32089317 0.531318 0.529335 0.528402
v 0.00602568 0.40824109 -0.16353542 0.532893 0.529885 0.528453
v -0.16303837 0.19220465 0.18935320 0.537639 0.536296 0.535656
v -0.24474879 0.80247772 -0.53270054 0.650348 0.630148 0.619209
v -0.30509514 0.19384611 -0.26720443 0.576002 0.572572 0.570957
v -0.35197014 0.05469146 0.13133682 0.564314 0.562765 0.562035
v 0.16900484 0.19334936 0.18391296 0.532938 0.531751 0.531188
v 0.20509967 0.83847654 -0.56540012 0.631123 0.606713 0.593241
v 0.31614801 0.18906483 -0.27564982 0.583502 0.579770 0.578013
v 0.35072914 0.06110892 0.11820723 0.556410 0.554796 0.554031
v -0.00548320 -0.69700223 0.00332562 0.500265 0.500265 0.500265
v -0.23926097 -0.70447791 0.48654398 0.567206 0.561978 0.559513
v -0.18762064 -0.57166690 -0.36028022 0.664635 0.643847 0.634064
v -0.42027447 -0.23681387 -0.15322857 0.545552 0.540510 0.538103
v -0.41023347 -0.28843886 0.23399618 0.574313 0.565959 0.562024
v 0.27884626 -0.94536293 0.54738140 0.660257 0.660162 0.660116
v 0.18544585 -0.56546724 -0.36267895 0.652889 0.633336 0.624133
v 0.41680890 -0.23166353 -0.16137938 0.584511 0.576036 0.572046
v 0.40610808 -0.29602766 0.25043389 0.524581 0.520367 0.518406
v -0.00247463 0.01704330 0.82738566 0.640507 0.629114 0.623753
v 0.38197941 -0.23419636 0.67171168 0.614305 0.602485 0.596924
v -0.37826163 -0.25248468 0.66697043 0.625596 0.611778 0.605283
v 0.27418131 0.05567062 0.47678989 0.580199 0.577355 0.576016
v -0.27309537 0.05253896 0.48410019 0.586949 0.584226 0.582940
v -0.00241167 0.07511404 -0.70053965 0.610969 0.569463 0.546957
v 0.21647799 -0.05580023 -0.38878882 0.630881 0.619321 0.613886
v -0.21772856 -0.06444874 -0.40445596 0.622118 0.611420 0.606400
v 0.36089391 0.26444700 -0.90016639 0.750552 0.682110 0.645071
v -0.38479775 0.23951495 -0.81101841 0.693627 0.644158 0.617631
v 0.38533002 -0.01033042 0.00489400 0.545608 0.542830 0.541476
v -0.38386708 -0.01039377 0.01981885 0.545240 0.542507 0.541154
v -0.14348568 0.35408747 -0.17492384 0.545439 0.541797 0.540084
v -0.19644651 0.21343338 -0.01607156 0.519777 0.519052 0.518710
v -0.26802793 0.51976550 -0.35805723 0.547757 0.542283 0.539696
v -0.27189788 0.26316592 -0.23353788 0.556771 0.554309 0.553129
v -0.28096336 0.15446520 -0.03268293 0.525411 0.524621 0.524238
v 0.14710936 0.35543269 -0.18106855 0.512337 0.511757 0.511477
v 0.19715321 0.22005773 -0.02106068 0.524040 0.523031 0.522555
v 0.23154534 0.49402729 -0.32708487 0.538227 0.533854 0.531788
v 0.26165670 0.25799662 -0.23917268 0.552453 0.550395 0.549424
v 0.27738255 0.16675889 -0.03940497 0.538077 0.536359 0.535540
v -0.21724600 -0.76614273 -0.00193256 0.554577 0.554510 0.554479
v -0.29148591 -0.61572921 0.20009056 0.527343 0.522114 0.519347
v -0.39080319 -0.83287919 -0.31082639 0.637980 0.638460 0.638691
v -0.44212982 -0.48225600 -0.10396633 0.580006 0.570156 0.565507
v -0.39342239 -0.46688950 0.11967696 0.566604 0.559468 0.556094
v 0.21463943 -0.76147318 0.00065168 0.553219 0.553037 0.552936
v 0.27749634 -0.63055074 0.25623798 0.537283 0.530640 0.527089
v 0.38059044 -0.83126694 -0.31570882 0.656867 0.656563 0.656429
v 0.44458538 -0.47724199 -0.11387371 0.581127 0.571117 0.566401
v 0.38837624 -0.47458744 0.14182888 0.568318 0.560645 0.557024
v -0.21062623 -0.84379560 0.79356259 0.716497 0.716233 0.716110
v 0.13437951 -0.73602355 0.80162990 0.577703 0.567985 0.563404
v -0.00230790 -0.27541804 0.92554897 0.691389 0.676490 0.669480
v 0.25045115 -0.43439472 0.84501219 0.680760 0.662233 0.653514
v -0.24939150 -0.44564253 0.84145886 0.461833 0.461442 0.461253
v -0.07643268 0.14834404 0.35640144 0.524611 0.524364 0.524247
v 0.07560474 0.14728963 0.35292852 0.523622 0.523365 0.523245
v -0.00069994 0.12663023 0.64101422 0.586061 0.584640 0.583975
v 0.13241467 0.11929789 0.50547123 0.569582 0.568825 0.568469
v -0.13470535 0.12038937 0.51109487 0.577734 0.576847 0.576428
v -0.07015933 -0.40236485 -0.41263747 0.578763 0.569392 0.564982
v 0.07877630 -0.40155861 -0.41299200 0.579545 0.570433 0.566143
v 0.00195372 -0.07046543 -0.50130445 0.672900 0.656315 0.648510
v 0.10557115 -0.19415589 -0.45464921 0.646637 0.630674 0.623160
v -0.09925301 -0.19353491 -0.46101338 0.642598 0.627015 0.619682
v -0.14361602 0.73448509 -0.74516064 0.718418 0.695398 0.684186
v 0.15399449 0.72407919 -0.73714226 0.702339 0.681114 0.670842
v -0.00319300 0.29845661 -0.83465135 0.696489 0.581532 0.519042
v 0.17943373 0.43969080 -0.84170383 0.702797 0.662430 0.641735
v -0.18408543 0.44374204 -0.85682958 0.720563 0.685595 0.668015
v 0.35682523 0.12301952 -0.30236810 0.567636 0.562747 0.560407
v 0.35395634 -0.03719413 -0.19900666 0.562492 0.558201 0.556174
v 0.30900621 0.03115530 -0.34843075 0.603094 0.597743 0.595195
v 0.35568610 0.12928964 -0.49468875 0.597184 0.587492 0.582640
v 0.37030399 0.02872079 -0.15457058 0.554833 0.551004 0.549154
v 0.36926582 0.00583908 0.22982974 0.556189 0.554067 0.553058
v 0.40602109 -0.13320468 0.29716474 0.513855 0.512666 0.512108
v 0.39074126 -0.11762328 0.45951217 0.516605 0.515221 0.514577
v 0.35938752 -0.01058224 0.39840975 0.560874 0.557397 0.555760
v 0.39040393 -0.03635429 0.17046615 0.539412 0.536770 0.535467
v -0.35153747 0.12067023 -0.29091698 0.558740 0.554983 0.553181
v -0.36103809 -0.04754406 -0.19781011 0.531500 0.530380 0.529852
v -0.30910802 0.01792140 -0.34891564 0.581646 0.577940 0.576167
v -0.34993875 0.12644848 -0.47191572 0.568082 0.560075 0.556074
v -0.36740309 0.02496005 -0.14357498 0.540314 0.537673 0.536371
v -0.36865273 0.00677270 0.24138708 0.572131 0.569579 0.568375
v -0.40663627 -0.13257658 0.29943773 0.556859 0.551447 0.548900
v -0.38953847 -0.12127779 0.46007627 0.572511 0.565832 0.562686
v -0.35794953 -0.01166800 0.40733391 0.580935 0.576821 0.574885
v -0.38882262 -0.03283301 0.18419892 0.548432 0.544761 0.542959
v -0.07227343 0.25585443 -0.01437140 0.511003 0.510597 0.510403
v -0.10454011 0.65947711 -0.30047005 0.552250 0.546682 0.544051
v 0.08120072 0.25463516 -0.01797712 0.509827 0.509441 0.509256
v 0.11656210 0.67242330 -0.31022134 0.553715 0.548313 0.545752
v -0.27791819 0.12154210 0.16869161 0.538202 0.536612 0.535826
v 0.00164111 0.20632017 0.18457392 0.524435 0.523712 0.523370
v -0.22106093 0.11234358 0.34579527 0.546325 0.544775 0.543991
v -0.35615557 0.58218116 -0.42760795 0.678644 0.667295 0.661947
v 0.01285287 0.84774423 -0.53025150 0.512880 0.512652 0.512544
v -0.32440811 0.54772335 -0.68757087 0.616893 0.603097 0.596604
v -0.33609921 0.09389600 -0.06493651 0.552854 0.551516 0.550886
v -0.34425408 0.29408836 -0.49188277 0.608967 0.600291 0.596209
v -0.35907936 0.06169237 -0.10802224 0.558431 0.556202 0.555140
v -0.33378112 0.05207539 0.31186020 0.572041 0.569591 0.568425
v -0.36902606 0.02448259 0.07103468 0.561013 0.558760 0.557679
v 0.27195504 0.12939596 0.15513161 0.533986 0.532488 0.531765
v 0.21912277 0.11533114 0.33748895 0.542701 0.541305 0.540619
v 0.35870588 0.50018811 -0.44075188 0.807878 0.791362 0.783684
v 0.32200885 0.57520670 -0.65163076 0.619734 0.605135 0.598258
v 0.33543575 0.10308886 -0.07916596 0.569171 0.566674 0.565496
v 0.34129369 0.31350470 -0.48867720 0.615730 0.605856 0.601208
v 0.36489338 0.06064045 -0.12335969 0.571697 0.568392 0.566814
v 0.33155942 0.05495411 0.29974952 0.556093 0.554064 0.553095
v 0.37106478 0.02315353 0.05674434 0.559202 0.556509 0.555210
v -0.12332277 -0.70672822 0.25785461 0.500259 0.500259 0.500259
v -0.10835011 -0.72582608 -0.23991974 0.541101 0.540386 0.540053
v 0.09599369 -0.71187246 0.29221097 0.501597 0.501597 0.501597
v 0.11239995 -0.71764028 -0.23374003 0.539244 0.538770 0.538552
v -0.35874110 -0.49081814 0.35855907 0.579338 0.572036 0.568590
v -0.01154393 -0.73031008 0.54528069 0.508542 0.508376 0.508297
v -0.38580787 -0.58716977 0.62346077 0.713378 0.692144 0.682151
v -0.39467704 -0.42263415 -0.30975556 0.745654 0.726823 0.717963
v 0.00003994 -0.56525993 -0.34048393 0.587060 0.580260 0.576819
v -0.22727968 -0.31395289 -0.40096122 0.640480 0.625556 0.618532
v -0.43585223 -0.27014166 0.03305371 0.530086 0.526104 0.524232
v -0.33459285 -0.16889429 -0.30650780 0.530941 0.529241 0.528441
v -0.40144789 -0.08795476 -0.04263670 0.519939 0.518654 0.518047
v -0.39943069 -0.30148456 0.44715089 0.549898 0.543183 0.540024
v -0.41273606 -0.11362033 0.12683344 0.542655 0.539442 0.537908
v 0.36371666 -0.52166027 0.43339613 0.600147 0.589013 0.583731
v 0.34728450 -0.55541307 0.76838869 0.598185 0.587215 0.582056
v 0.38277325 -0.41530502 -0.32111266 0.722459 0.704108 0.695472
v 0.22876355 -0.30867594 -0.39429513 0.635909 0.621749 0.615085
v 0.43403402 -0.26897091 0.02924460 0.575883 0.567892 0.564114
v 0.33638898 -0.15839994 -0.30560118 0.604770 0.596827 0.593098
v 0.40245253 -0.08263722 -0.05335469 0.565532 0.560210 0.557705
v 0.39385554 -0.30369467 0.47932056 0.573823 0.565056 0.560922
v 0.41225773 -0.11431527 0.11661480 0.542912 0.539195 0.537443
v 0.24375960 -0.10419365 0.82205158 0.665176 0.650108 0.643018
v -0.24592236 -0.12332565 0.82577467 0.621714 0.609996 0.604458
v 0.18904808 0.06377295 0.67413568 0.605272 0.600409 0.598123
v -0.18748319 0.05843879 0.67851847 0.575621 0.573597 0.572648
v 0.32650411 -0.04432094 0.59290975 0.591407 0.584358 0.581041
v -0.32648420 -0.05060069 0.60036612 0.533191 0.530640 0.529440
v 0.10576096 0.00311340 -0.55869305 0.601989 0.595134 0.591909
v -0.11075191 0.00278425 -0.55828333 0.591264 0.585627 0.582987
v 0.15568152 0.14918363 -0.82309777 0.752919 0.647358 0.589946
v -0.16802344 0.13539556 -0.82453519 0.803371 0.690313 0.628826
v 0.26719847 0.05050305 -0.64409953 0.632968 0.610724 0.599074
v -0.27033320 0.03920249 -0.60723674 0.614602 0.597614 0.588757
v -0.18249390 0.29894918 -0.19740127 0.524326 0.522413 0.521507
v -0.20270795 0.23035824 -0.11628720 0.521275 0.520367 0.519929
v -0.22390211 0.35660499 -0.26585636 0.533546 0.530614 0.529229
v -0.24395055 0.26234782 -0.22429836 0.531449 0.529885 0.529130
v -0.24194610 0.21127987 -0.12112210 0.529487 0.528520 0.528063
v 0.18281484 0.30666745 -0.19321042 0.506648 0.506288 0.506119
v 0.20430470 0.24053109 -0.11469059 0.519634 0.518949 0.518616
v 0.21564195 0.35680693 -0.24438480 0.521425 0.519778 0.519001
v 0.23630017 0.27129692 -0.20841181 0.529386 0.528070 0.527434
v 0.23941585 0.22280896 -0.11983096 0.526569 0.525643 0.525205
v -0.33234078 -0.73623389 -0.00299505 0.536971 0.535492 0.534823
v -0.33569160 -0.62959588 0.08145639 0.542705 0.539808 0.538336
v -0.41961676 -0.75307459 -0.10984706 0.565426 0.562404 0.560986
v -0.41910166 -0.59378922 -0.05770696 0.580301 0.572693 0.569098
v -0.38575020 -0.56234795 0.05151375 0.551905 0.545877 0.542948
v 0.32645032 -0.73109043 -0.00561859 0.549116 0.546404 0.545122
v 0.32545125 -0.62897611 0.10229820 0.548151 0.544989 0.543362
v 0.41938609 -0.75666660 -0.11149916 0.598348 0.593075 0.590617
v 0.41992477 -0.59394509 -0.05938518 0.587222 0.579286 0.575544
v 0.37937206 -0.56566244 0.06667440 0.554131 0.547656 0.544508
v -0.08575130 -0.64037210 0.82601994 0.698969 0.685723 0.679483
v 0.06408869 -0.61889613 0.81795353 0.621177 0.612849 0.608929
v -0.00175489 -0.42381865 0.87825322 0.615390 0.601226 0.594560
v 0.11316356 -0.50192714 0.85492712 0.619191 0.604604 0.597740
v -0.12025096 -0.51158303 0.85472023 0.626691 0.611172 0.603875
v -0.03501182 0.14123219 0.42863208 0.528385 0.527919 0.527681
v 0.03412522 0.14121753 0.42829075 0.528553 0.528072 0.527823
v -0.00071131 0.14029196 0.55563629 0.544497 0.543497 0.543028
v 0.05815841 0.13586310 0.49941573 0.544700 0.543985 0.543629
v -0.05967489 0.13636485 0.50200188 0.547569 0.546958 0.546656
v -0.02390246 -0.34537452 -0.44828048 0.583356 0.574807 0.570781
v 0.03742965 -0.34228641 -0.44426534 0.581704 0.573545 0.569702
v 0.00497060 -0.18618780 -0.47798300 0.628203 0.615695 0.609807
v 0.05278999 -0.25112057 -0.46736792 0.623108 0.611055 0.605384
v -0.04017513 -0.24970357 -0.46897596 0.629432 0.617329 0.611634
v -0.06062795 0.62548143 -0.80674297 0.479212 0.470748 0.466449
v 0.06851846 0.62779766 -0.80571347 0.612266 0.597930 0.590586
v -0.00083736 0.43520343 -0.84112477 0.679623 0.604939 0.564677
v 0.09392442 0.50494444 -0.84349662 0.606452 0.588432 0.579561
v -0.08796307 0.50532079 -0.83850628 0.538924 0.526008 0.519465
v 0.36350822 0.09114862 -0.29891759 0.560059 0.555285 0.552930
v 0.34847385 0.03078370 -0.24049224 0.555554 0.552285 0.550736
v 0.33719036 0.05605328 -0.31885514 0.582111 0.578214 0.576333
v 0.35091451 0.09431241 -0.36889619 0.569497 0.563563 0.560615
v 0.36216748 0.04999376 -0.22873290 0.554823 0.551183 0.549417
v 0.37875047 -0.02303579 0.27586624 0.540179 0.537584 0.536298
v 0.39781103 -0.08203887 0.30720407 0.528381 0.526946 0.526269
v 0.38959277 -0.07758369 0.37425664 0.538078 0.536403 0.535611
v 0.37757477 -0.03516672 0.35159561 0.543185 0.539555 0.537742
v 0.38941157 -0.04487596 0.24922904 0.535184 0.533510 0.532703
v -0.35630900 0.08611627 -0.28948736 0.547883 0.543869 0.541887
v -0.35051394 0.01642120 -0.23819381 0.543435 0.541448 0.540490
v -0.33631581 0.04339395 -0.31419137 0.560903 0.557885 0.556418
v -0.34889466 0.08724796 -0.35711375 0.555611 0.549649 0.546673
v -0.35936248 0.04339404 -0.22054251 0.546726 0.543768 0.542305
v -0.37787265 -0.01999749 0.28704995 0.549387 0.545922 0.544242
v -0.39725718 -0.07767928 0.31452462 0.550718 0.546694 0.544800
v -0.39024475 -0.07533903 0.37996715 0.567571 0.562938 0.560758
v -0.37641931 -0.03420015 0.35998216 0.552992 0.548443 0.546207
v -0.38766849 -0.04010917 0.26052511 0.552970 0.549428 0.547717
v -0.07709782 0.39561874 -0.16049427 0.545458 0.541419 0.539514
v 0.08770542 0.39134872 -0.16739483 0.508893 0.507739 0.507194
v -0.02974495 0.28774160 -0.12258708 0.510938 0.510137 0.509758
v -0.04697094 0.55032462 -0.19012196 0.534570 0.532795 0.531960
v 0.04378206 0.28575969 -0.12496611 0.507611 0.507150 0.506929
v 0.05638808 0.54484457 -0.20863348 0.534256 0.531015 0.529493
v -0.19745851 0.20917535 0.09495321 0.527693 0.526491 0.525928
v -0.11882820 0.16792339 0.27340901 0.523895 0.523241 0.522934
v -0.12837026 0.24282086 0.09977791 0.579317 0.578176 0.577638
v -0.22595428 0.16034955 0.18079334 0.533981 0.532725 0.532133
v -0.08335540 0.20550239 0.18909904 0.528444 0.527553 0.527133
v -0.19249514 0.14672089 0.26996258 0.536112 0.535075 0.534580
v -0.31231546 0.70434082 -0.45129192 0.578788 0.569713 0.565369
v -0.21697254 0.81823820 -0.64595056 0.791177 0.726442 0.691024
v -0.18619600 0.76646948 -0.41879165 0.593984 0.580694 0.573734
v -0.46857888 0.70381063 -0.56947327 0.973236 0.945701 0.932209
v -0.18781134 0.97477311 -0.50192791 1.000000 0.998967 0.989059
v -0.29770744 0.68525970 -0.62123418 0.616993 0.604616 0.598720
v -0.27556276 0.23279607 -0.24197967 0.560349 0.557734 0.556501
v -0.33432955 0.15700826 -0.28261214 0.569276 0.565689 0.563999
v -0.28378260 0.34916997 -0.35171223 0.585981 0.580344 0.577693
v -0.31913620 0.13548023 -0.16422811 0.553316 0.551307 0.550360
v -0.32109717 0.26097095 -0.37430677 0.603326 0.596918 0.593903
v -0.33911306 0.11057597 -0.18345299 0.563413 0.561126 0.560049
v -0.32426551 0.09518993 0.05644768 0.541383 0.540078 0.539424
v -0.36090383 0.03110996 0.18968211 0.572817 0.570942 0.570059
v -0.32932711 0.08028007 0.15808633 0.550437 0.548752 0.547928
v -0.35046789 0.06472430 0.03540209 0.549229 0.547873 0.547233
v -0.34840485 0.05041444 0.22443415 0.562671 0.560754 0.559847
v -0.36177719 0.03853866 0.09970605 0.557621 0.555821 0.554974
v 0.19108509 0.20998049 0.08367562 0.530692 0.529311 0.528657
v 0.11917379 0.16659558 0.26820076 0.524805 0.524322 0.524092
v 0.13489316 0.24094844 0.09546286 0.560778 0.559723 0.559219
v 0.08717395 0.20690757 0.18572685 0.528723 0.527758 0.527305
v 0.22170736 0.16289455 0.16952100 0.533032 0.531799 0.531220
v 0.19013870 0.14734542 0.26100183 0.531412 0.530475 0.530016
v 0.24980153 0.67394507 -0.43690518 0.547566 0.542150 0.539563
v 0.21638331 0.80080235 -0.65327418 0.699827 0.652823 0.626976
v 0.20582490 0.81771946 -0.44631940 0.710102 0.676913 0.658775
v 0.19688079 1.00163651 -0.57335871 0.907453 0.880372 0.865428
v 0.37693888 0.73823166 -0.54208612 0.828437 0.814428 0.807562
v 0.26630220 0.72277766 -0.57581615 0.623511 0.609717 0.603149
v 0.29358265 0.23292586 -0.25776976 0.572560 0.569493 0.568047
v 0.33924174 0.15471712 -0.29273549 0.574048 0.569781 0.567768
v 0.31183329 0.32470357 -0.34474447 0.591581 0.585841 0.583139
v 0.32656759 0.13837188 -0.17778280 0.568316 0.565450 0.564100
v 0.31871161 0.26232576 -0.37198925 0.594890 0.588649 0.585711
v 0.34868443 0.10728356 -0.19772944 0.578111 0.575113 0.573702
v 0.31754223 0.10864821 0.04226975 0.546979 0.545089 0.544195
v 0.35967499 0.03366292 0.17649911 0.561032 0.559530 0.558821
v 0.32055092 0.09193486 0.14137614 0.545991 0.544254 0.543421
v 0.34656554 0.07494634 0.02132188 0.555444 0.553300 0.552290
v 0.34550920 0.05544701 0.21118379 0.551514 0.549910 0.549149
v 0.36171293 0.04125100 0.08630566 0.558074 0.556198 0.555314
v -0.11520915 -0.72093564 -0.00711413 0.501870 0.501870 0.501870
v 0.10259844 -0.72133136 0.00364598 0.501614 0.501614 0.501614
v -0.06323010 -0.70424831 0.12978287 0.500301 0.500301 0.500301
v -0.07280530 -0.68008697 -0.12540229 0.503727 0.503724 0.503723
v 0.04472847 -0.70485806 0.14032680 0.500052 0.500052 0.500052
v 0.06754844 -0.67886567 -0.11585304 0.503072 0.503071 0.503071
v -0.25801337 -0.62908518 0.34152749 0.536851 0.532441 0.530107
v -0.26461655 -0.95280200 0.56756449 0.817315 0.816874 0.816667
v -0.17660445 -0.68795204 0.38133144 0.521363 0.521289 0.521251
v -0.31133214 -0.59799290 0.42946947 0.579138 0.571742 0.568100
v -0.13406855 -0.75316375 0.51320273 0.629918 0.629825 0.629783
v -0.33246279 -0.72986841 0.54977506 0.668578 0.653812 0.646846
v -0.26854122 -0.71390355 -0.36227265 0.647357 0.629237 0.620807
v -0.12401973 -0.47490332 -0.37989926 0.601213 0.588491 0.582498
v -0.14636979 -0.69802177 -0.32804728 0.603774 0.593228 0.588206
v -0.29361564 -0.52250957 -0.36026961 0.712975 0.686863 0.674575
v -0.09072143 -0.57360303 -0.34723297 0.566003 0.558276 0.554631
v -0.21300705 -0.43798178 -0.37915432 0.643947 0.626810 0.618747
v -0.44574320 -0.35611477 -0.13253930 0.584570 0.575283 0.570912
v -0.38956547 -0.13273472 -0.17324637 0.519743 0.518498 0.517909
v -0.41532248 -0.32863259 -0.22819149 0.620429 0.609625 0.604539
v -0.44178244 -0.25556365 -0.06216190 0.555985 0.550278 0.547602
v -0.38038656 -0.20871711 -0.23564020 0.533685 0.531275 0.530127
v -0.42225918 -0.15080048 -0.09159295 0.512000 0.510582 0.509913
v -0.40326402 -0.37585109 0.18223909 0.567226 0.559258 0.555496
v -0.41208917 -0.20485209 0.27302411 0.569742 0.562443 0.559010
v -0.39110234 -0.38565445 0.29477069 0.579506 0.570748 0.566611
v -0.41999519 -0.28084758 0.13142930 0.524190 0.520637 0.518948
v -0.40547913 -0.29493123 0.34057456 0.583322 0.574020 0.569642
v -0.41666564 -0.19797733 0.17785223 0.523139 0.520163 0.518756
v 0.23729733 -0.66533071 0.45508400 0.549015 0.547335 0.546524
v 0.13661176 -0.95969653 0.76600003 0.604519 0.604027 0.603794
v 0.14582351 -0.71481919 0.47122175 0.577449 0.576515 0.576077
v 0.10578803 -0.80199140 0.57608867 0.626526 0.626239 0.626106
v 0.33704874 -0.68425095 0.53210080 0.729934 0.715125 0.708128
v 0.40683171 -0.84567207 0.73477614 0.692184 0.689092 0.687633
v 0.25929070 -0.70509255 -0.36061931 0.747714 0.719526 0.706204
v 0.12734728 -0.47147152 -0.38336450 0.600641 0.588361 0.582579
v 0.15410563 -0.68510628 -0.32143569 0.626308 0.613294 0.607157
v 0.09024990 -0.57032049 -0.34910798 0.567160 0.559430 0.555779
v 0.28496465 -0.51380450 -0.36192277 0.694911 0.671238 0.660096
v 0.21262804 -0.43227881 -0.38064891 0.637556 0.621611 0.614107
v 0.44699019 -0.34893879 -0.14423785 0.579944 0.570820 0.566526
v 0.38181695 -0.12721106 -0.17733403 0.544845 0.541021 0.539268
v 0.41478869 -0.32013226 -0.23683089 0.618148 0.607678 0.602751
v 0.44815773 -0.24964002 -0.07113036 0.582082 0.574002 0.570201
v 0.37634128 -0.20099720 -0.23846687 0.604473 0.595548 0.591336
v 0.41646013 -0.14751872 -0.09887442 0.575239 0.568132 0.564790
v 0.39936426 -0.38510060 0.20557866 0.570271 0.561631 0.557547
v 0.40800142 -0.21003035 0.27989885 0.507151 0.505549 0.504794
v 0.38775462 -0.40099263 0.33498809 0.582606 0.572637 0.567930
v 0.41802213 -0.28370169 0.13721164 0.527766 0.523542 0.521558
v 0.39882851 -0.30521357 0.36621085 0.553639 0.546921 0.543725
v 0.41496480 -0.19990094 0.17818515 0.514228 0.511874 0.510764
v -0.00345669 -0.10790011 0.92693841 0.760047 0.741697 0.733062
v -0.00152201 0.09016140 0.73301792 0.641805 0.637349 0.635254
v 0.12431265 -0.04136697 0.84442961 0.632560 0.618615 0.612055
v -0.12835616 -0.05133615 0.84925699 0.566240 0.557946 0.554025
v 0.10982890 0.05153722 0.76238281 0.613279 0.607568 0.604876
v -0.11170866 0.04773362 0.76593333 0.595781 0.591106 0.588894
v 0.33009422 -0.32987279 0.76880622 0.645756 0.631872 0.625339
v 0.38412088 -0.17280203 0.56046510 0.538066 0.534006 0.532084
v 0.36862820 -0.38315591 0.69761783 0.605796 0.593916 0.588326
v 0.38696733 -0.28281075 0.58148313 0.597133 0.586553 0.581574
v 0.32766426 -0.17467348 0.75432616 0.637106 0.623431 0.616997
v 0.35888880 -0.12435750 0.64021319 0.598086 0.588427 0.583878
v -0.33556759 -0.34757102 0.77155828 0.505348 0.503837 0.503137
v -0.38623810 -0.17943662 0.55618000 0.573800 0.565989 0.562314
v -0.38592583 -0.40283883 0.66236246 0.646039 0.628853 0.620768
v -0.39240533 -0.29123491 0.55639678 0.601257 0.589564 0.584083
v -0.33075964 -0.19367588 0.76033121 0.645026 0.630175 0.623186
v -0.36115730 -0.13358010 0.64560390 0.611552 0.600003 0.594568
v 0.20785221 0.09153056 0.49842966 0.568153 0.565784 0.564668
v 0.32716066 0.02041440 0.44279632 0.577294 0.574167 0.572678
v 0.24822789 0.08788177 0.40987426 0.559140 0.557087 0.556117
v 0.30818325 0.05564776 0.38757795 0.570881 0.568919 0.567989
v 0.23600852 0.05798954 0.57240367 0.590863 0.587042 0.585244
v 0.29886210 0.01314402 0.53800333 0.584791 0.579507 0.576988
v -0.20805806 0.08835500 0.50527775 0.576572 0.574239 0.573139
v -0.32477275 0.01810199 0.45099312 0.593334 0.589818 0.588137
v -0.24806049 0.08361578 0.41743207 0.562046 0.560294 0.559466
v -0.30754054 0.05253872 0.39700812 0.583042 0.580804 0.579740
v -0.23477201 0.05420983 0.57858527 0.593244 0.590260 0.588861
v -0.29783955 0.01006740 0.54541540 0.589184 0.584383 0.582089
v -0.00167735 0.01512226 -0.57708514 0.609931 0.599847 0.595028
v -0.00438922 0.15888393 -0.81464034 0.741778 0.630743 0.570356
v 0.05658277 0.03484626 -0.63839006 0.619911 0.605210 0.597708
v -0.06125458 0.03692374 -0.63685793 0.616666 0.601634 0.593885
v 0.06856318 0.10482953 -0.76261628 0.674839 0.594171 0.550295
v -0.07532383 0.10589769 -0.76275516 0.679782 0.600482 0.557350
v 0.15811665 -0.12344903 -0.42187360 0.651282 0.636377 0.629363
v 0.27091944 -0.00583567 -0.37288275 0.608333 0.602028 0.599051
v 0.22545178 -0.18175137 -0.39069638 0.643267 0.629021 0.622316
v 0.27763030 -0.11089283 -0.34877959 0.590495 0.582492 0.578750
v 0.15347935 -0.01345363 -0.45565814 0.618486 0.610566 0.606842
v 0.22687301 0.01776606 -0.47929731 0.633306 0.626661 0.623513
v -0.15840667 -0.12634942 -0.43502653 0.648858 0.633816 0.626738
v -0.26828671 -0.01612441 -0.37653956 0.580274 0.575657 0.573480
v -0.22443807 -0.18742952 -0.40223819 0.647417 0.633086 0.626339
v -0.27578545 -0.12221804 -0.35954446 0.531826 0.528622 0.527124
v -0.15628842 -0.01193638 -0.45811644 0.593980 0.587358 0.584248
v -0.23011029 0.00954866 -0.47120273 0.612794 0.607376 0.604809
v 0.26441956 0.39169765 -0.90784800 0.795733 0.736357 0.704403
v 0.38212821 0.17285305 -0.67434275 0.645447 0.621429 0.608828
v 0.33713049 0.42204189 -0.75289398 0.659560 0.644457 0.637358
v 0.37083036 0.30812642 -0.65513420 0.639040 0.626446 0.620513
v 0.23545223 0.20911528 -0.91786563 0.901829 0.767464 0.694388
v 0.32249796 0.10119435 -0.82542133 0.715172 0.658080 0.627140
v -0.24904583 0.34359005 -0.88220507 0.779215 0.722905 0.692714
v -0.37020499 0.17169389 -0.62410128 0.626121 0.610620 0.602827
v -0.34716266 0.40262461 -0.75457305 0.651284 0.636548 0.629616
v -0.36837402 0.28715754 -0.63116670 0.620100 0.608428 0.602935
v -0.31081316 0.18978956 -0.98833084 0.925992 0.805146 0.739424
v -0.35369617 0.10016434 -0.74463910 0.652249 0.607392 0.583102
v 0.37805718 0.00778696 -0.07636414 0.550367 0.546305 0.544321
v 0.38957405 -0.02462540 0.08755351 0.541269 0.538726 0.537497
v 0.37529927 0.02529922 -0.05564414 0.562492 0.558506 0.556578
v 0.38000464 0.00810332 0.02965891 0.553149 0.549266 0.547334
v 0.39131457 -0.03599305 -0.01969998 0.553507 0.550333 0.548842
v 0.39901608 -0.05076736 0.06135792 0.542304 0.539918 0.538801
v -0.37592131 0.00571799 -0.06291077 0.538179 0.535488 0.534157
v -0.38812017 -0.02310671 0.10267766 0.554797 0.551186 0.549434
v -0.37171054 0.02542958 -0.04099707 0.546230 0.543623 0.542353
v -0.37655050 0.00915471 0.04444145 0.546115 0.543037 0.541499
v -0.38978267 -0.03755594 -0.00502783 0.535908 0.534470 0.533794
v -0.39921141 -0.04947177 0.07639750 0.555718 0.552990 0.551707
v -0.15628040 0.25250250 -0.11944129 0.515531 0.514872 0.514558
v -0.19087826 0.43748057 -0.25578314 0.547024 0.542484 0.540348
v -0.09910873 0.27595907 -0.11887942 0.514155 0.513356 0.512978
v -0.13942020 0.50978494 -0.20437086 0.524910 0.522646 0.521584
v -0.24184191 0.18407375 -0.02225310 0.520526 0.519727 0.519329
v -0.14197780 0.24171168 -0.01270351 0.522113 0.521597 0.521351
v -0.23940057 0.16899884 0.08064944 0.520918 0.520306 0.520012
v -0.27182192 0.39553839 -0.33959311 0.541334 0.538302 0.536864
v -0.19731882 0.59792650 -0.33033195 0.551671 0.545466 0.542539
v -0.51388478 0.61045307 -0.45941600 0.747421 0.730577 0.722622
v -0.27632824 0.19171131 -0.13639975 0.536325 0.535048 0.534437
v -0.28515956 0.41590622 -0.33348024 0.607551 0.598587 0.594361
v -0.30137286 0.16725463 -0.14791358 0.547551 0.545795 0.544944
v -0.28408778 0.13197035 0.06979106 0.529977 0.529239 0.528873
v -0.31322038 0.12481993 -0.04741481 0.536821 0.535696 0.535146
v 0.16091858 0.25674289 -0.12144534 0.511297 0.510938 0.510768
v 0.18563505 0.43639043 -0.24784929 0.530005 0.526863 0.525381
v 0.10989935 0.27342212 -0.12327959 0.507786 0.507534 0.507411
v 0.14530018 0.50640720 -0.21468817 0.568997 0.563551 0.560983
v 0.24003085 0.19337350 -0.02702740 0.523259 0.521719 0.520970
v 0.14647141 0.24254936 -0.01786023 0.521932 0.521470 0.521250
v 0.23511031 0.17752641 0.07061991 0.526695 0.525286 0.524619
v 0.25068986 0.37575358 -0.29638386 0.548627 0.545292 0.543715
v 0.18892381 0.60097682 -0.33104166 0.543681 0.538309 0.535771
v 0.29488510 0.52129447 -0.40146309 0.568123 0.561202 0.557918
v 0.27120754 0.20354104 -0.13710089 0.539488 0.537594 0.536678
v 0.29022229 0.36812532 -0.33289331 0.580098 0.575162 0.572833
v 0.29993591 0.17628342 -0.15779153 0.558829 0.556317 0.555135
v 0.27927202 0.14331734 0.05835751 0.535672 0.533857 0.532980
v 0.30887872 0.13721275 -0.05781990 0.547408 0.545265 0.544254
v -0.26378021 -0.66208380 0.09211932 0.512829 0.512680 0.512606
v -0.31955832 -0.94011474 -0.09438725 0.799771 0.799771 0.799770
v -0.16550055 -0.68693632 0.10853960 0.504458 0.504457 0.504457
v -0.13498023 -0.83085454 -0.12080425 0.605542 0.605542 0.605542
v -0.35150439 -0.54947174 0.16344717 0.550160 0.544458 0.541704
v -0.21734117 -0.67177457 0.23120755 0.526115 0.525284 0.524834
v -0.32347614 -0.55760074 0.28923506 0.550818 0.544865 0.541980
v -0.44858444 -0.63152540 -0.19611271 0.638070 0.624351 0.617896
v -0.20783669 -0.91599447 -0.30212900 0.800937 0.800936 0.800937
v -0.40608263 -0.61729169 -0.33185753 0.824998 0.800785 0.789389
v -0.41951722 -0.47369230 0.00977171 0.568867 0.560974 0.557245
v -0.45021597 -0.47267437 -0.22019023 0.636638 0.624098 0.618196
v -0.44379064 -0.36682999 -0.02888038 0.574546 0.566131 0.562169
v -0.37098509 -0.47068313 0.23512094 0.565801 0.558749 0.555421
v -0.42108727 -0.37176764 0.07468743 0.572257 0.564376 0.560659
v 0.24676533 -0.66405839 0.11895778 0.514894 0.514803 0.514757
v 0.32709777 -0.94496006 -0.10415593 0.818107 0.818102 0.818099
v 0.14964992 -0.69108367 0.13462774 0.507982 0.507982 0.507982
v 0.13726145 -0.83606064 -0.13396101 0.605929 0.605929 0.605929
v 0.34319007 -0.56134820 0.20336281 0.554473 0.548202 0.545174
v 0.19525337 -0.68583858 0.28981677 0.527981 0.527916 0.527880
v 0.31703883 -0.58417547 0.36709836 0.573403 0.564917 0.560688
v 0.45457253 -0.62629330 -0.21160778 0.644549 0.630440 0.623803
v 0.20278269 -0.88980711 -0.31835493 0.785326 0.785417 0.785460
v 0.39222264 -0.59868824 -0.34961286 0.810847 0.785656 0.773801
v 0.41714743 -0.47472489 0.01359955 0.570100 0.562025 0.558214
v 0.43983746 -0.46262154 -0.23415126 0.639147 0.626855 0.621069
v 0.44235930 -0.36368188 -0.03469102 0.578124 0.569424 0.565322
v 0.36728376 -0.48733717 0.28211424 0.565377 0.557426 0.553681
v 0.41883877 -0.37436098 0.08260453 0.575029 0.566700 0.562760
v -0.02898655 -0.66215861 0.74147069 0.560863 0.560521 0.560363
v -0.26178592 -0.66655165 0.84298056 0.743261 0.716292 0.703607
v -0.08950040 -0.77879924 0.64376587 0.576227 0.576045 0.575959
v -0.30353782 -0.81865662 0.72303611 0.708022 0.701241 0.698062
v 0.24298850 -0.64637113 0.85244107 0.678889 0.657461 0.647377
v 0.06716007 -0.71847111 0.67955196 0.517813 0.517521 0.517381
v 0.32372838 -0.77772361 0.83927464 0.693133 0.681227 0.675617
v 0.12741689 -0.34541333 0.88721848 0.648042 0.632156 0.624681
v -0.13039228 -0.35466683 0.88407546 0.535777 0.529406 0.526394
v 0.13197996 -0.18278849 0.89744866 0.633683 0.616511 0.608428
v -0.13498034 -0.19570899 0.89812183 0.629435 0.612465 0.604484
v 0.33849552 -0.52175325 0.75731766 0.674834 0.661835 0.655719
v 0.24920253 -0.25493115 0.84913409 0.678696 0.662482 0.654850
v -0.37632939 -0.54482728 0.78132588 0.795921 0.773931 0.763582
v -0.25166711 -0.27491128 0.84903949 0.524530 0.521265 0.519707
v -0.00011387 0.14986813 0.35596630 0.521196 0.520971 0.520859
v -0.10656521 0.13252372 0.43104520 0.545783 0.545488 0.545346
v -0.04005175 0.17471534 0.27418992 0.522511 0.521930 0.521655
v -0.15042095 0.13561755 0.35256895 0.539389 0.538721 0.538398
v 0.10525862 0.13286072 0.42771333 0.542289 0.541996 0.541857
v 0.04068262 0.17400473 0.27227283 0.522507 0.521901 0.521613
v 0.14895238 0.13730752 0.34641340 0.532877 0.532213 0.531886
v 0.07620597 0.12887685 0.58340907 0.582136 0.581226 0.580795
v -0.07774478 0.12956271 0.58561814 0.581688 0.580963 0.580624
v 0.09353185 0.10689306 0.67140061 0.625178 0.622371 0.621048
v -0.09455185 0.10388784 0.67417473 0.619259 0.616879 0.615760
v 0.17930911 0.11526108 0.42342898 0.553383 0.552073 0.551432
v 0.15913403 0.09987214 0.58781588 0.586348 0.584369 0.583438
v -0.17930095 0.11216438 0.42849517 0.559077 0.558075 0.557586
v -0.16029967 0.09849745 0.59376335 0.598758 0.596338 0.595201
v 0.00510822 -0.41476762 -0.41297796 0.569993 0.561931 0.558126
v -0.09018645 -0.31161666 -0.44656751 0.614190 0.602558 0.597084
v -0.03939183 -0.48777997 -0.37825412 0.574187 0.564924 0.560555
v -0.14700872 -0.36950651 -0.41003683 0.608892 0.596569 0.590770
v 0.10290326 -0.31355032 -0.44685799 0.617630 0.606072 0.600633
v 0.04308893 -0.48810187 -0.37848759 0.577983 0.568886 0.564598
v 0.15438765 -0.36647516 -0.41199785 0.602746 0.590974 0.585434
v 0.05025556 -0.13009158 -0.47909465 0.653830 0.638345 0.631057
v -0.04585553 -0.12985322 -0.48265144 0.652131 0.636793 0.629577
v 0.04745776 -0.01475288 -0.51589388 0.631305 0.620435 0.615320
v -0.04863620 -0.01180880 -0.51412904 0.624842 0.614248 0.609260
v 0.16592613 -0.25514778 -0.42747343 0.639399 0.624400 0.617342
v 0.09275986 -0.06235929 -0.45533386 0.653505 0.637931 0.630601
v -0.15955038 -0.25460321 -0.43170926 0.631751 0.616781 0.609737
v -0.09899351 -0.06794108 -0.47365588 0.650880 0.635797 0.628700
v 0.00656321 0.74332011 -0.75119323 0.705872 0.680061 0.667619
v -0.17201352 0.59329391 -0.81257904 0.670081 0.648105 0.637310
v -0.07987457 0.83489394 -0.64683485 0.572093 0.568546 0.566629
v -0.26359251 0.67625844 -0.74702162 0.752676 0.736351 0.728668
v 0.18871114 0.59139109 -0.79729229 0.640998 0.621022 0.610960
v 0.08786153 0.81831604 -0.64924616 0.568672 0.564479 0.562193
v 0.26062930 0.67214835 -0.71551675 0.645011 0.630818 0.624144
v 0.08885983 0.36917081 -0.84146351 0.695549 0.600807 0.549275
v -0.09628059 0.36818227 -0.84268713 0.699447 0.602667 0.550001
v 0.08129674 0.22767121 -0.82651854 0.748101 0.626637 0.560570
v -0.09038752 0.22616090 -0.82634479 0.764857 0.636157 0.566170
v 0.27732638 0.52310109 -0.80136192 0.706754 0.687886 0.679022
v 0.17032549 0.29995024 -0.86331940 0.655382 0.551335 0.494802
v -0.26793152 0.51226509 -0.80899036 0.724518 0.704297 0.694768
v -0.18835220 0.28995752 -0.87024301 0.715963 0.600663 0.538040
v 0.35689273 0.14005804 -0.39497709 0.579849 0.573887 0.570989
v 0.36554009 0.07201129 -0.22235207 0.556884 0.551898 0.549465
v 0.34382552 0.19684575 -0.39416337 0.589395 0.583946 0.581368
v 0.36045057 0.09087168 -0.21303698 0.573836 0.570202 0.568472
v 0.32875502 -0.00256720 -0.26508725 0.583536 0.579614 0.577758
v 0.36101043 0.00569855 -0.17005964 0.553356 0.550513 0.549165
v 0.34634471 -0.09366882 -0.24467722 0.547116 0.544932 0.543904
v 0.37775105 -0.06336035 -0.12835628 0.567212 0.562349 0.560058
v 0.33190760 0.07737367 -0.42960441 0.604079 0.595998 0.592013
v 0.31302166 -0.05161566 -0.30934957 0.569611 0.566402 0.564895
v 0.28935587 0.04989401 -0.47116685 0.615687 0.607571 0.603627
v 0.35983542 0.20894904 -0.51637834 0.610106 0.602111 0.598301
v 0.33669099 0.09075295 -0.58997130 0.629203 0.612697 0.604193
v 0.36947352 0.04763921 -0.14026263 0.557072 0.552392 0.550119
v 0.37491977 -0.01595711 -0.09576292 0.551839 0.548521 0.546953
v 0.36587948 -0.00071917 0.31308010 0.553924 0.551623 0.550537
v 0.37989104 -0.01469696 0.19737452 0.546189 0.543728 0.542533
v 0.35450053 0.02892730 0.26468113 0.557684 0.556219 0.555528
v 0.37026292 0.01395428 0.14362685 0.556096 0.553662 0.552483
v 0.40126809 -0.13197982 0.38205445 0.512343 0.511730 0.511441
v 0.40091407 -0.07362869 0.22904390 0.527024 0.525601 0.524934
v 0.40311334 -0.21208502 0.37998068 0.505642 0.504215 0.503543
v 0.40966165 -0.12533647 0.20692465 0.518333 0.516699 0.515933
v 0.37393755 -0.05765485 0.43432888 0.561954 0.557377 0.555178
v 0.39734972 -0.20023084 0.47444111 0.502496 0.501334 0.500791
v 0.36647606 -0.08908880 0.53003806 0.569251 0.563536 0.560846
v 0.34586281 0.02549058 0.35303983 0.569903 0.567599 0.566515
v 0.34518102 -0.02628037 0.49018508 0.571744 0.566812 0.564488
v 0.38049150 -0.00481912 0.11460634 0.547914 0.544979 0.543556
v 0.40141362 -0.06399564 0.14472365 0.528993 0.527571 0.526905
v -0.35475770 0.13446736 -0.38105533 0.570041 0.565098 0.562705
v -0.36063862 0.06949847 -0.21109219 0.542300 0.539036 0.537427
v -0.34405854 0.19195139 -0.38570994 0.589311 0.584375 0.582040
v -0.35284835 0.09224059 -0.19977079 0.558251 0.555642 0.554392
v -0.33367220 -0.01565421 -0.26759499 0.548953 0.547573 0.546923
v -0.36368787 -0.00342788 -0.16334489 0.534231 0.533063 0.532498
v -0.35068008 -0.10329644 -0.24519458 0.531887 0.530710 0.530155
v -0.38518107 -0.06939435 -0.12290475 0.525080 0.524115 0.523660
v -0.32771760 0.06983764 -0.41674915 0.581538 0.574586 0.571124
v -0.31112403 -0.06269300 -0.31094033 0.542337 0.540577 0.539748
v -0.28922191 0.04069471 -0.45907420 0.594769 0.588387 0.585287
v -0.35751829 0.19978568 -0.49791232 0.600213 0.593042 0.589651
v -0.32765907 0.09221731 -0.55373645 0.598668 0.585735 0.579145
v -0.36557734 0.04686607 -0.12687233 0.544596 0.541534 0.540017
v -0.37522912 -0.02044050 -0.08432533 0.527893 0.526825 0.526306
v -0.36472937 -0.00041713 0.32355785 0.570099 0.567220 0.565862
v -0.37840956 -0.01144433 0.21059579 0.550643 0.547664 0.546226
v -0.35569841 0.02749482 0.27739212 0.574148 0.571900 0.570842
v -0.36995500 0.01403001 0.15744290 0.560347 0.557988 0.556859
v -0.40051919 -0.13434392 0.38131374 0.561905 0.556422 0.553834
v -0.39933693 -0.07027243 0.24015868 0.556040 0.552091 0.550232
v -0.40601823 -0.20994189 0.36810428 0.534444 0.530159 0.528137
v -0.41033417 -0.12452769 0.21366099 0.558745 0.553728 0.551364
v -0.37365773 -0.05855069 0.44079736 0.568836 0.563381 0.560772
v -0.39956748 -0.20310757 0.46296942 0.513904 0.511503 0.510375
v -0.36750302 -0.09261008 0.53495014 0.586157 0.578633 0.575091
v -0.34504679 0.02405208 0.36353776 0.587281 0.584904 0.583784
v -0.34351495 -0.02945894 0.49749416 0.577020 0.571841 0.569404
v -0.37871343 -0.00300245 0.12923688 0.548441 0.544913 0.543193
v -0.40145856 -0.06150291 0.15855698 0.554199 0.550731 0.549100
v 0.00499076 0.25788313 -0.01806867 0.509109 0.508666 0.508451
v -0.03853682 0.23509163 0.08911532 0.519563 0.518907 0.518597
v 0.00645433 0.70472783 -0.28315654 0.641944 0.634088 0.630188
v -0.06166452 0.79711437 -0.40668166 0.562567 0.559271 0.557488
v 0.04574083 0.23580843 0.08748537 0.518126 0.517528 0.517241
v 0.08391658 0.81471860 -0.41972041 0.566919 0.562876 0.560656
v -0.25685307 0.11568129 0.26097000 0.545010 0.543902 0.543377
v -0.31549484 0.07971027 0.24929175 0.558553 0.556914 0.556125
v -0.28523692 0.08097953 0.33368775 0.562547 0.560992 0.560258
v -0.35441297 0.55817556 -0.55545115 0.594603 0.587353 0.583926
v -0.33212799 0.40986255 -0.46779841 0.627916 0.617266 0.612253
v -0.34633422 0.41693753 -0.59766454 0.632601 0.620315 0.614533
v -0.35260588 0.06831989 -0.08470508 0.560952 0.559444 0.558731
v -0.35833377 0.05105740 0.00797909 0.565920 0.564222 0.563423
v -0.36530030 0.03937121 -0.01769996 0.562886 0.560832 0.559839
v 0.25176352 0.12004942 0.24868625 0.539407 0.538296 0.537772
v 0.30938703 0.08788505 0.23521152 0.546449 0.544880 0.544123
v 0.28402048 0.08736607 0.32358584 0.552875 0.551422 0.550735
v 0.42534566 0.64060897 -0.49920863 0.620221 0.608216 0.602653
v 0.30417368 0.44899899 -0.42243958 0.595129 0.587833 0.584398
v 0.34981906 0.45815808 -0.57402372 0.661384 0.647104 0.640384
v 0.35696846 0.07012445 -0.10166095 0.573705 0.571269 0.570118
v 0.36057764 0.05201259 -0.00620581 0.568353 0.566090 0.565023
v 0.36947089 0.03813764 -0.03287710 0.568485 0.565477 0.564026
v -0.01295516 -0.71091616 0.27675039 0.500354 0.500354 0.500354
v -0.07030512 -0.71513534 0.40397325 0.501427 0.501417 0.501412
v -0.00281762 -0.64534152 -0.21683054 0.503072 0.503045 0.503032
v -0.05270223 -0.63489699 -0.29514688 0.583371 0.581505 0.580624
v 0.04310123 -0.72568244 0.43128100 0.508585 0.508568 0.508561
v 0.05298753 -0.63074267 -0.29288191 0.576976 0.575112 0.574235
v -0.36321524 -0.53642392 0.48680913 0.615671 0.603724 0.598068
v -0.38731024 -0.40256208 0.41207647 0.591394 0.580898 0.575929
v -0.39333588 -0.41704631 0.53392047 0.619905 0.605980 0.599414
v -0.30208331 -0.36964330 -0.35854542 0.662585 0.644520 0.636019
v -0.36676323 -0.28523752 -0.30812922 0.654855 0.641206 0.634801
v -0.29464310 -0.24096277 -0.36268756 0.611695 0.600230 0.594810
v -0.43094641 -0.16978376 -0.00431096 0.513309 0.511759 0.511031
v -0.42336559 -0.18688445 0.08493040 0.518660 0.516753 0.515857
v -0.41151571 -0.10038805 0.04170335 0.531593 0.529748 0.528883
v 0.38135797 -0.56544030 0.60312164 0.680851 0.659238 0.649064
v 0.38521159 -0.41708767 0.47052908 0.604642 0.591914 0.585914
v 0.37802708 -0.41625932 0.60072047 0.615765 0.601946 0.595439
v 0.29710680 -0.36254391 -0.35859102 0.654142 0.637268 0.629328
v 0.36052844 -0.27877396 -0.31050766 0.652930 0.639429 0.633076
v 0.29525122 -0.23310062 -0.35867256 0.651348 0.636631 0.629706
v 0.43162620 -0.16560256 -0.01397998 0.571512 0.564653 0.561426
v 0.42211151 -0.18668243 0.07963683 0.568703 0.562171 0.559097
v 0.41003227 -0.10168464 0.02931836 0.561659 0.556685 0.554345
v 0.21571459 -0.00200159 0.75334907 0.506302 0.505808 0.505572
v 0.30226490 -0.06309682 0.70879996 0.614233 0.604147 0.599408
v -0.21775264 -0.01090789 0.76047397 0.511135 0.510902 0.510793
v -0.30374676 -0.07532909 0.71742070 0.544200 0.540365 0.538607
v 0.26602721 0.00812206 0.64348626 0.573546 0.567625 0.564811
v -0.26648062 0.00286889 0.65103996 0.535324 0.533408 0.532485
v 0.12949550 0.00331697 -0.73235762 0.783661 0.748225 0.729448
v 0.18208140 0.01202431 -0.61787903 0.668268 0.660895 0.657345
v -0.13162425 0.02115366 -0.71702451 0.763785 0.728839 0.710243
v -0.18676388 0.00531775 -0.60296947 0.643315 0.637083 0.634087
v 0.22332425 0.03256689 -0.82452786 0.813883 0.754084 0.721714
v -0.24675971 0.00079905 -0.80336392 0.768605 0.724031 0.699931
v -0.19914654 0.27644271 -0.19757088 0.519638 0.518517 0.517987
v -0.20673940 0.24247652 -0.16018108 0.521274 0.520571 0.520235
v -0.21453264 0.29557413 -0.22559862 0.523919 0.522348 0.521607
v -0.22700357 0.26265210 -0.20486981 0.523850 0.522711 0.522169
v -0.22467086 0.23568523 -0.16141750 0.522484 0.521734 0.521380
v 0.19896135 0.28578782 -0.18994103 0.511199 0.510765 0.510559
v 0.20778897 0.25451779 -0.15441515 0.514818 0.514340 0.514113
v 0.21187007 0.30523664 -0.21135062 0.512640 0.512069 0.511802
v 0.22300082 0.27268559 -0.19383055 0.520436 0.519641 0.519262
v 0.22345546 0.24804676 -0.15535697 0.520013 0.519452 0.519188
v -0.36465734 -0.69559383 -0.00626641 0.553370 0.549801 0.548127
v -0.36045265 -0.64423323 0.03184878 0.550417 0.547686 0.546368
v -0.39604813 -0.69539881 -0.04743903 0.560881 0.555392 0.552803
v -0.40195650 -0.63342309 -0.03011262 0.561966 0.556634 0.554104
v -0.38341731 -0.61181474 0.01884203 0.545395 0.541130 0.539053
v 0.35999846 -0.69206434 -0.00462287 0.563584 0.559376 0.557401
v 0.35352993 -0.64150840 0.04275554 0.555486 0.552331 0.550782
v 0.39632994 -0.69690096 -0.04700096 0.574249 0.567417 0.564205
v 0.40018287 -0.63475019 -0.02651894 0.565575 0.559763 0.557006
v 0.37803802 -0.61262447 0.02922141 0.549671 0.545024 0.542754
v -0.03995679 -0.58074230 0.83619493 0.634102 0.624099 0.619368
v 0.02555985 -0.57475847 0.83460116 0.571924 0.562895 0.558584
v -0.00325857 -0.48867553 0.85968965 0.594802 0.583060 0.577534
v 0.04714546 -0.52184731 0.85043800 0.590412 0.578829 0.573369
v -0.05650800 -0.52770048 0.85042781 0.615271 0.602059 0.595839
v -0.01628792 0.14088556 0.46029136 0.528795 0.528275 0.528011
v 0.01513436 0.14139992 0.46014342 0.528361 0.527681 0.527328
v -0.00080868 0.14121124 0.51567084 0.538619 0.538228 0.538043
v 0.02505762 0.14009458 0.49271464 0.534099 0.533227 0.532769
v -0.02660033 0.14001155 0.49340981 0.537630 0.536967 0.536625
v -0.00589112 -0.31023517 -0.45750734 0.587065 0.578622 0.574640
v 0.02027376 -0.30902690 -0.45554265 0.583949 0.576093 0.572385
v 0.00610723 -0.23895523 -0.46986863 0.593184 0.583717 0.579243
v 0.02713146 -0.26710361 -0.46462032 0.586515 0.577851 0.573756
v -0.01401458 -0.26716259 -0.46629649 0.587709 0.578702 0.574446
v -0.02569707 0.58010721 -0.82467490 0.641182 0.623667 0.615172
v 0.02768788 0.58099329 -0.82718903 0.666775 0.647125 0.637812
v -0.00157946 0.49737939 -0.84170723 0.656272 0.634724 0.624537
v 0.04156502 0.52749127 -0.83738631 0.662299 0.641935 0.632321
v -0.04360211 0.52855849 -0.83691835 0.632089 0.614370 0.605697
v 0.35798675 0.07763119 -0.29443794 0.552742 0.548914 0.547036
v 0.35211617 0.05064604 -0.26750907 0.553581 0.550445 0.548947
v 0.34719706 0.06331605 -0.30286688 0.550727 0.547727 0.546283
v 0.35202953 0.07938514 -0.32251596 0.550135 0.545984 0.543955
v 0.35765481 0.05931513 -0.26261622 0.555109 0.551793 0.550189
v 0.38349187 -0.03769495 0.29579967 0.532915 0.531164 0.530314
v 0.39220488 -0.06420276 0.31016076 0.531988 0.530539 0.529859
v 0.38886014 -0.06189842 0.33875126 0.535870 0.534336 0.533619
v 0.38382491 -0.04398131 0.32965887 0.537088 0.535244 0.534354
v 0.38852221 -0.04870049 0.28397840 0.532271 0.530890 0.530238
v -0.35384923 0.07012828 -0.28597119 0.536860 0.533140 0.531283
v -0.34970146 0.04130878 -0.26048195 0.543352 0.540818 0.539600
v -0.34496340 0.05354433 -0.29525244 0.547436 0.544576 0.543187
v -0.34919953 0.07074251 -0.31344888 0.542182 0.537855 0.535697
v -0.35460317 0.05155382 -0.25476298 0.539199 0.536146 0.534645
v -0.38230252 -0.03410542 0.30597639 0.539575 0.536792 0.535451
v -0.39150867 -0.06023169 0.31849834 0.544436 0.541501 0.540120
v -0.38837731 -0.05903397 0.34636080 0.550676 0.547369 0.545813
v -0.38248634 -0.04259414 0.33813590 0.543624 0.540564 0.539097
v -0.38747108 -0.04450052 0.29406458 0.541079 0.538420 0.537154
v -0.03592847 0.40609449 -0.16078758 0.552081 0.547757 0.545714
v 0.04810362 0.40311676 -0.16616884 0.513969 0.512377 0.511622
v -0.01272009 0.34434891 -0.14541489 0.522644 0.520666 0.519710
v -0.01786581 0.47684264 -0.17865917 0.549212 0.546510 0.545232
v 0.02655831 0.34295708 -0.14781132 0.509125 0.508249 0.507828
v 0.02882181 0.47527206 -0.18318591 0.539719 0.535810 0.533969
v -0.18432529 0.20352304 0.14521232 0.536271 0.534759 0.534039
v -0.14052108 0.17907768 0.23140958 0.531121 0.530097 0.529615
v -0.15098600 0.22037834 0.14994493 0.586093 0.584218 0.583333
v -0.19646959 0.17744905 0.18574494 0.536086 0.534734 0.534094
v -0.12513649 0.20118338 0.19080508 0.540825 0.539721 0.539199
v -0.17788233 0.16828609 0.23031506 0.534223 0.533041 0.532477
v -0.29115856 0.76691437 -0.49360469 0.605223 0.600113 0.597378
v -0.23249653 0.83744586 -0.58866537 0.630353 0.569593 0.536256
v -0.23594795 0.81195432 -0.47988880 0.642092 0.607681 0.588897
v -0.33426920 0.75000376 -0.54951358 0.635954 0.631875 0.629799
v -0.29292884 0.96926463 -0.53082079 1.000000 1.000000 0.991427
v -0.26491627 0.74684662 -0.58143646 0.572386 0.564805 0.560756
v -0.28711003 0.21286079 -0.25463212 0.569839 0.566737 0.565277
v -0.32064986 0.17430514 -0.27577320 0.576097 0.572620 0.570978
v -0.28736761 0.25744295 -0.30970070 0.584663 0.580075 0.577916
v -0.31000018 0.16253659 -0.21495573 0.563878 0.561192 0.559927
v -0.30867362 0.22879025 -0.32041657 0.587594 0.582665 0.580346
v -0.32323813 0.14843628 -0.22467232 0.567570 0.564869 0.563596
v -0.34443191 0.06895903 0.09792028 0.555077 0.553518 0.552758
v -0.35689840 0.04277706 0.16156161 0.570974 0.569286 0.568492
v -0.34501064 0.06413382 0.14685719 0.555411 0.553722 0.552923
v -0.35175675 0.05911344 0.08359987 0.556615 0.555287 0.554659
v -0.35211995 0.05040330 0.17893711 0.562874 0.561127 0.560306
v -0.35737577 0.04635048 0.11547476 0.567671 0.566127 0.565399
v 0.18649973 0.20501637 0.13785210 0.539878 0.538353 0.537633
v 0.14292377 0.17954403 0.22602871 0.527891 0.527056 0.526660
v 0.15685195 0.22044760 0.14302620 0.571389 0.569703 0.568906
v 0.13050792 0.20363969 0.18622065 0.538366 0.537292 0.536785
v 0.19796503 0.17859977 0.17841431 0.532616 0.531436 0.530875
v 0.17775854 0.16867036 0.22190011 0.530264 0.529228 0.528729
v 0.24334732 0.77329314 -0.50632381 0.560331 0.554150 0.550853
v 0.23472770 0.82332557 -0.59469831 0.637590 0.582852 0.552646
v 0.24502265 0.89102072 -0.55349022 0.631257 0.586232 0.561390
v 0.28158638 0.91250861 -0.56870365 1.000000 0.968341 0.939409
v 0.26128995 0.77770001 -0.54274988 0.593778 0.591076 0.589626
v 0.24911761 0.78871739 -0.57887381 0.576095 0.568127 0.563780
v 0.30613533 0.21191338 -0.26663163 0.583353 0.579842 0.578190
v 0.32760572 0.16926455 -0.28486666 0.578176 0.574377 0.572587
v 0.30730754 0.25131992 -0.31320217 0.588280 0.583629 0.581441
v 0.32087648 0.16086912 -0.22688444 0.576699 0.573498 0.571989
v 0.31414238 0.22362363 -0.32376590 0.582512 0.577577 0.575256
v 0.33264792 0.14464343 -0.23648562 0.584512 0.581168 0.579596
v 0.33941635 0.07923657 0.08351761 0.554267 0.552387 0.551499
v 0.35574999 0.04711843 0.14849935 0.559595 0.558105 0.557401
v 0.33968085 0.07455450 0.13172455 0.550508 0.548738 0.547896
v 0.35062310 0.06584921 0.07067423 0.558668 0.556784 0.555899
v 0.34987703 0.05728236 0.16562864 0.554506 0.552929 0.552181
v 0.35663208 0.05088547 0.10212766 0.561790 0.560125 0.559343
v -0.06194400 -0.70462966 -0.00119605 0.500460 0.500460 0.500460
v 0.05036511 -0.70354450 0.00583957 0.500234 0.500234 0.500234
v -0.03489732 -0.70339096 0.06610406 0.500302 0.500302 0.500302
v -0.03511975 -0.68885118 -0.06218838 0.500447 0.500447 0.500447
v 0.01983453 -0.70270646 0.07053120 0.500036 0.500036 0.500036
v 0.02794952 -0.68704450 -0.05738198 0.500319 0.500319 0.500319
v -0.24487203 -0.64522105 0.42063549 0.531803 0.530135 0.529316
v -0.24745551 -0.81223768 0.50722980 0.584300 0.583274 0.582798
v -0.20448017 -0.67675102 0.44394669 0.530395 0.529014 0.528364
v -0.27924353 -0.65209329 0.46411318 0.600711 0.593888 0.590609
v -0.19298136 -0.74216372 0.49893898 0.588625 0.585294 0.583732
v -0.28396592 -0.73327667 0.51483071 0.629530 0.621165 0.617226
v -0.22316666 -0.63640964 -0.35833925 0.703296 0.677059 0.664744
v -0.15451658 -0.51884949 -0.36815917 0.627709 0.612304 0.605053
v -0.16918460 -0.63872045 -0.34755182 0.659227 0.641194 0.632715
v -0.23942064 -0.55461186 -0.36351424 0.691340 0.667141 0.655756
v -0.13806976 -0.57640040 -0.35401398 0.632069 0.617791 0.611030
v -0.20199987 -0.50343114 -0.36991185 0.653376 0.634003 0.624887
v -0.43435958 -0.29496792 -0.14366059 0.586778 0.577740 0.573478
v -0.40726173 -0.18079510 -0.16326271 0.517313 0.515647 0.514852
v -0.41962200 -0.28203997 -0.18876067 0.594002 0.584790 0.580457
v -0.43310919 -0.24751097 -0.10868429 0.552089 0.546523 0.543815
v -0.40170193 -0.22432396 -0.19569062 0.540065 0.536442 0.534714
v -0.42395371 -0.19126686 -0.12110564 0.510233 0.508371 0.507470
v -0.40733397 -0.33154714 0.20957884 0.570417 0.562076 0.558146
v -0.41181704 -0.24591909 0.25515231 0.574525 0.566458 0.562663
v -0.40237164 -0.33608860 0.26395229 0.574605 0.565974 0.561906
v -0.41520140 -0.28415775 0.18248811 0.553989 0.547412 0.544306
v -0.40736133 -0.29184973 0.28675702 0.578738 0.569898 0.565734
v -0.41528991 -0.24209599 0.20551252 0.550982 0.544981 0.542153
v 0.24092728 -0.75813860 0.51261586 0.601565 0.599403 0.598362
v 0.22532462 -0.98058790 0.66826087 0.744129 0.743863 0.743738
v 0.18289781 -0.79217535 0.52914542 0.566734 0.565893 0.565493
v 0.16127235 -0.90128040 0.56665581 0.661463 0.660770 0.660445
v 0.33873382 -0.81800669 0.52143925 0.609590 0.607686 0.606791
v 0.32719991 -0.90575284 0.63508213 0.737317 0.737335 0.737344
v 0.21911621 -0.62833160 -0.36037391 0.697339 0.671895 0.659913
v 0.15494330 -0.51438844 -0.37167397 0.619033 0.604050 0.596999
v 0.16899315 -0.63137865 -0.34827805 0.663927 0.645409 0.636689
v 0.13802031 -0.57162583 -0.35585970 0.625126 0.611030 0.604350
v 0.23416610 -0.54762316 -0.36614650 0.675820 0.653876 0.643548
v 0.20009254 -0.49809402 -0.37303478 0.643591 0.625693 0.617269
v 0.43421704 -0.28826877 -0.15380667 0.583199 0.574417 0.570285
v 0.39859667 -0.17758369 -0.16890702 0.581897 0.574309 0.570749
v 0.41608015 -0.27594769 -0.19741230 0.596562 0.587406 0.583097
v 0.43748969 -0.24084416 -0.11782525 0.582886 0.574529 0.570595
v 0.39739689 -0.21788901 -0.20192277 0.595738 0.586951 0.582817
v 0.42062229 -0.18738115 -0.12935813 0.581791 0.573884 0.570158
v 0.40324834 -0.34013292 0.22981849 0.554802 0.547603 0.544212
v 0.40807065 -0.25187370 0.26706487 0.505803 0.503663 0.502660
v 0.39818281 -0.34690636 0.29123348 0.576266 0.567179 0.562901
v 0.41125998 -0.29004854 0.19324091 0.506345 0.503751 0.502528
v 0.40203577 -0.30123764 0.30834982 0.551441 0.545058 0.542043
v 0.41177675 -0.24690115 0.21283409 0.504264 0.502270 0.501332
v -0.00265200 -0.03900690 0.87357879 0.675693 0.660769 0.653744
v -0.00203198 0.05933329 0.78148484 0.645110 0.637157 0.633416
v 0.06134250 -0.00868526 0.84345508 0.655271 0.642597 0.636633
v -0.06602191 -0.01210875 0.84608674 0.643922 0.631992 0.626384
v 0.05703500 0.03745757 0.79779112 0.634439 0.625221 0.620886
v -0.06121816 0.03607285 0.80117869 0.628947 0.620050 0.615871
v 0.35987568 -0.27857089 0.72421336 0.646954 0.633955 0.627837
v 0.38377017 -0.20232514 0.61581177 0.591535 0.582054 0.577588
v 0.37728971 -0.30322236 0.68352717 0.613939 0.601861 0.596177
v 0.38478273 -0.26147896 0.62803137 0.604277 0.593383 0.588257
v 0.35388762 -0.20880491 0.71212214 0.641466 0.628656 0.622629
v 0.37119040 -0.17575803 0.65740085 0.605340 0.594410 0.589266
v -0.36520016 -0.29567081 0.72428864 0.620177 0.608573 0.603104
v -0.38319975 -0.21377485 0.60983491 0.602225 0.591002 0.585729
v -0.38028717 -0.32291311 0.66819733 0.632473 0.617408 0.610330
v -0.38628012 -0.27536741 0.61198425 0.616462 0.603619 0.597580
v -0.36746183 -0.22326490 0.72059518 0.661240 0.646565 0.639657
v -0.37373930 -0.18842328 0.65986216 0.618226 0.605381 0.599342
v 0.24309753 0.07457915 0.48970360 0.575025 0.572193 0.570858
v 0.30296350 0.03744550 0.46137160 0.577280 0.574519 0.573211
v 0.26210064 0.07286236 0.44443268 0.570817 0.568587 0.567539
v 0.29163542 0.05591556 0.43143320 0.572537 0.570340 0.569306
v 0.25780371 0.05759577 0.52495921 0.584460 0.581027 0.579411
v 0.28645653 0.03620519 0.50811285 0.584862 0.581128 0.579364
v -0.24136589 0.07035369 0.49590829 0.581676 0.579115 0.577909
v -0.30148798 0.03501672 0.46943140 0.595711 0.592432 0.590878
v -0.26050943 0.06888324 0.45130414 0.577881 0.575810 0.574835
v -0.29075506 0.05257383 0.43984851 0.587459 0.584964 0.583786
v -0.25437117 0.05289023 0.53031325 0.591161 0.588071 0.586616
v -0.28558528 0.03343800 0.51571858 0.592335 0.588720 0.587007
v -0.00193021 0.04351766 -0.63793862 0.608813 0.592148 0.583528
v -0.00296030 0.11224674 -0.76124364 0.676632 0.596455 0.552849
v 0.02827629 0.05577591 -0.67003137 0.613729 0.587356 0.573294
v -0.03303360 0.05722448 -0.66943181 0.616404 0.590195 0.576196
v 0.03071102 0.08980842 -0.73208666 0.635256 0.575171 0.542490
v -0.03642065 0.09214783 -0.73135412 0.636391 0.576756 0.544324
v 0.18568227 -0.08943179 -0.40393400 0.646640 0.632771 0.626243
v 0.24499795 -0.02934821 -0.38102040 0.608917 0.600534 0.596586
v 0.21981111 -0.11813471 -0.38525164 0.638064 0.624344 0.617883
v 0.24788278 -0.08505139 -0.37053943 0.618786 0.607759 0.602581
v 0.18297711 -0.03022337 -0.41404051 0.627710 0.617786 0.613117
v 0.21564922 -0.00635622 -0.41296312 0.612561 0.605510 0.602189
v -0.18839791 -0.09357141 -0.41965321 0.638464 0.625039 0.618725
v -0.24475843 -0.03687342 -0.38870668 0.598543 0.591520 0.588205
v -0.21992230 -0.12526274 -0.40140468 0.628123 0.615534 0.609648
v -0.24646726 -0.09518585 -0.38309214 0.588832 0.580827 0.577078
v -0.18729430 -0.02964170 -0.42393085 0.610864 0.601684 0.597369
v -0.21996734 -0.01222329 -0.41946974 0.600252 0.594229 0.591396
v 0.30629051 0.32144773 -0.91418898 0.788005 0.716227 0.677349
v 0.37799931 0.20809859 -0.79322577 0.697590 0.650737 0.625534
v 0.34868127 0.34656450 -0.82013530 0.690482 0.661832 0.647170
v 0.38521439 0.29021639 -0.76886958 0.668970 0.643434 0.630424
v 0.27863204 0.20926359 -1.00843656 0.849348 0.743494 0.685931
v 0.32450581 0.12720045 -0.92599571 0.795654 0.716101 0.672854
v -0.34339353 0.32200056 -0.91585189 0.755957 0.691995 0.657485
v -0.39581886 0.19680947 -0.71740901 0.660340 0.631482 0.616341
v -0.37276813 0.32579112 -0.79028261 0.667704 0.646054 0.635334
v -0.39223957 0.26998964 -0.71919918 0.646391 0.629590 0.621396
v -0.30520415 0.22688137 -0.88560098 0.765773 0.677298 0.629185
v -0.37563574 0.16249964 -0.79368001 0.701585 0.644453 0.613438
v 0.38163686 -0.00204343 -0.03609229 0.548556 0.545240 0.543615
v 0.38819510 -0.01805772 0.04587662 0.548343 0.545415 0.544008
v 0.37999445 0.00772051 -0.02459706 0.545664 0.542314 0.540677
v 0.38333839 -0.00024059 0.01681968 0.546595 0.543042 0.541305
v 0.38785249 -0.02252488 -0.00756223 0.548068 0.545631 0.544478
v 0.39154375 -0.02998085 0.03321352 0.545197 0.543032 0.542010
v -0.38013273 -0.00214598 -0.02128217 0.546475 0.543427 0.541912
v -0.38661420 -0.01707478 0.06151038 0.554707 0.551507 0.549954
v -0.37781310 0.00778728 -0.00961552 0.544293 0.541114 0.539548
v -0.38036042 0.00008459 0.03212813 0.540514 0.537313 0.535729
v -0.38695604 -0.02273061 0.00741164 0.548522 0.546471 0.545490
v -0.39094096 -0.02883549 0.04891534 0.553219 0.550958 0.549881
v -0.16271192 0.32514775 -0.19088642 0.533448 0.530541 0.529169
v -0.11435057 0.37814713 -0.16354278 0.540297 0.536549 0.534786
v -0.14336669 0.28639460 -0.16060919 0.523248 0.521630 0.520866
v -0.16764213 0.39711398 -0.20827284 0.541888 0.537877 0.535989
v -0.11711535 0.30842692 -0.15373757 0.529295 0.527105 0.526075
v -0.15516667 0.42913121 -0.17140645 0.576713 0.571337 0.568805
v -0.19930416 0.22068745 -0.06772909 0.521619 0.520705 0.520266
v -0.19523898 0.20969802 0.03798226 0.521651 0.520849 0.520471
v -0.17528753 0.23306519 -0.06749670 0.520720 0.519942 0.519577
v -0.22027233 0.19863147 -0.01876217 0.519142 0.518313 0.517905
v -0.17140895 0.22835147 -0.01384169 0.525123 0.524427 0.524099
v -0.21833661 0.19240111 0.03342080 0.516918 0.516362 0.516097
v -0.24122384 0.43303639 -0.31060523 0.542799 0.538478 0.536438
v -0.29949191 0.61181891 -0.40472990 0.556329 0.549214 0.545852
v -0.22357979 0.47764656 -0.30495685 0.548159 0.543032 0.540618
v -0.27627972 0.46715942 -0.36107212 0.540893 0.537062 0.535251
v -0.23739494 0.56117928 -0.34653121 0.552137 0.545773 0.542774
v -0.34038350 0.56993461 -0.41608077 0.546475 0.541002 0.538406
v -0.26366192 0.25864354 -0.23808646 0.540067 0.538296 0.537446
v -0.29595312 0.22979635 -0.24963686 0.564408 0.561179 0.559638
v -0.28034458 0.30768159 -0.29378906 0.555088 0.552149 0.550748
v -0.27612209 0.21725875 -0.18939596 0.544518 0.542849 0.542057
v -0.28011966 0.31335768 -0.29142010 0.593003 0.587779 0.585308
v -0.28556016 0.20981562 -0.19073935 0.551650 0.549427 0.548352
v -0.26095250 0.18328166 -0.07737657 0.525451 0.524596 0.524190
v -0.30222958 0.12506741 0.01214072 0.529584 0.528571 0.528065
v -0.26211891 0.16898519 -0.02706659 0.524333 0.523716 0.523423
v -0.27826309 0.17167693 -0.08416795 0.529044 0.528095 0.527639
v -0.28326467 0.14158410 0.01884860 0.527791 0.527201 0.526924
v -0.29803297 0.14024103 -0.03982367 0.531350 0.530333 0.529833
v 0.16643992 0.33288497 -0.18819128 0.505743 0.505293 0.505079
v 0.12184381 0.37536448 -0.17172451 0.514054 0.513303 0.512945
v 0.14969510 0.29351336 -0.16057312 0.506926 0.506598 0.506442
v 0.16710134 0.39847350 -0.21104363 0.515573 0.513797 0.512952
v 0.12644757 0.30903393 -0.15807548 0.507207 0.506946 0.506820
v 0.15109716 0.42639327 -0.19096065 0.553523 0.550053 0.548412
v 0.20081505 0.22826976 -0.06977022 0.521024 0.520180 0.519775
v 0.19379956 0.21407509 0.03044799 0.526383 0.525249 0.524714
v 0.17846514 0.23820609 -0.07018010 0.518597 0.517931 0.517615
v 0.21877211 0.20725173 -0.02360633 0.522709 0.521384 0.520745
v 0.17356443 0.23169154 -0.01901266 0.524872 0.524160 0.523826
v 0.21641737 0.19948977 0.02564061 0.525040 0.523800 0.523216
v 0.22197725 0.41961205 -0.28260154 0.531829 0.528547 0.526994
v 0.24237879 0.57873559 -0.37824181 0.543539 0.538261 0.535763
v 0.20716891 0.46815056 -0.28719461 0.533599 0.529949 0.528228
v 0.24445793 0.43523121 -0.31457254 0.543019 0.539055 0.537182
v 0.21262690 0.54996026 -0.33264270 0.537846 0.533133 0.530901
v 0.26044738 0.51213866 -0.36484897 0.546418 0.541310 0.538899
v 0.24919206 0.26589718 -0.22445734 0.540883 0.539212 0.538412
v 0.27737004 0.24665588 -0.24983028 0.561402 0.558845 0.557642
v 0.25517923 0.31601319 -0.27047867 0.548622 0.546020 0.544794
v 0.26710749 0.22860914 -0.18695930 0.544174 0.542475 0.541662
v 0.26897433 0.30764982 -0.28750768 0.562452 0.559227 0.557704
v 0.28091902 0.21632227 -0.19835210 0.555201 0.553060 0.552053
v 0.25807175 0.19551891 -0.08036555 0.530226 0.528848 0.528194
v 0.29674453 0.13818008 0.00125742 0.541574 0.539722 0.538845
v 0.25947374 0.18025643 -0.03238383 0.532011 0.530592 0.529920
v 0.27489179 0.18303299 -0.08815993 0.534699 0.532903 0.532038
v 0.27896768 0.15359581 0.00920688 0.536509 0.534933 0.534190
v 0.29369622 0.15261126 -0.04818746 0.541916 0.539911 0.538955
v -0.27914965 -0.76500708 0.00135708 0.552473 0.552201 0.552070
v -0.16731784 -0.74044752 -0.01181086 0.541814 0.541813 0.541813
v -0.24347886 -0.69776630 0.03462620 0.518400 0.518040 0.517871
v -0.25503367 -0.87207496 -0.02069608 0.734085 0.734088 0.734089
v -0.19184637 -0.70226717 0.03985205 0.516885 0.516859 0.516849
v -0.17412817 -0.82799959 -0.05204977 0.596374 0.596374 0.596374
v -0.31241983 -0.61856222 0.13737193 0.534806 0.531551 0.529855
v -0.27367377 -0.61985749 0.26812005 0.530735 0.524515 0.521234
v -0.27699545 -0.64217287 0.14889647 0.526636 0.525170 0.524389
v -0.32382965 -0.58481562 0.18310665 0.541079 0.536546 0.534286
v -0.25574988 -0.64321339 0.21578008 0.528011 0.524506 0.522616
v -0.30703086 -0.58708698 0.24684317 0.537698 0.532463 0.529872
v -0.44370943 -0.82298440 -0.20309180 0.572827 0.572759 0.572721
v -0.32950479 -0.79851007 -0.36397064 0.620270 0.619746 0.619494
v -0.36865568 -0.93239194 -0.23119345 0.820606 0.820607 0.820607
v -0.45284283 -0.73314482 -0.25622132 0.633892 0.625186 0.621049
v -0.31367153 -0.89634013 -0.33656284 0.805667 0.805685 0.805692
v -0.40396172 -0.72661036 -0.33763725 0.745127 0.731103 0.724514
v -0.43215382 -0.54170120 -0.08331858 0.583264 0.573905 0.569461
v -0.44632515 -0.41919649 -0.11932560 0.586292 0.576751 0.572258
v -0.44481212 -0.55026013 -0.14665453 0.596437 0.585275 0.580012
v -0.43180141 -0.47889006 -0.04592939 0.574326 0.565552 0.561407
v -0.45002848 -0.48091426 -0.16353247 0.599680 0.588651 0.583458
v -0.44240007 -0.42199677 -0.06335066 0.577887 0.568780 0.564487
v -0.38914299 -0.51385742 0.08603526 0.559942 0.553566 0.550548
v -0.39799780 -0.42102993 0.15193017 0.567350 0.559510 0.555795
v -0.37423831 -0.51017332 0.14200093 0.562030 0.555751 0.552782
v -0.40743995 -0.46913370 0.06444979 0.565936 0.558639 0.555191
v -0.38109961 -0.46701294 0.17638196 0.564542 0.557485 0.554153
v -0.40893877 -0.42052287 0.09694925 0.570161 0.562448 0.558800
v 0.28027821 -0.75897628 0.00000137 0.555549 0.554789 0.554441
v 0.15469524 -0.74236500 -0.00328332 0.536874 0.536873 0.536872
v 0.23176906 -0.68489587 0.04562058 0.518543 0.518119 0.517915
v 0.27331671 -0.88333929 -0.00890076 0.727021 0.727028 0.727031
v 0.17849468 -0.69440031 0.05345090 0.514409 0.514377 0.514360
v 0.17773703 -0.82333714 -0.05760894 0.593290 0.593291 0.593291
v 0.29983556 -0.62584019 0.17437339 0.539436 0.534967 0.532592
v 0.25706559 -0.64329517 0.34885159 0.543708 0.540173 0.538297
v 0.26216006 -0.65065956 0.18996572 0.530804 0.529134 0.528247
v 0.31295735 -0.59837544 0.23126434 0.543774 0.536843 0.533297
v 0.23799512 -0.65916610 0.27662849 0.537167 0.535576 0.534720
v 0.29546297 -0.60783565 0.31660640 0.543033 0.536258 0.532777
v 0.43992046 -0.82435292 -0.20842707 0.580431 0.579531 0.579079
v 0.31418031 -0.78401268 -0.36178473 0.660055 0.650620 0.646138
v 0.37550953 -0.93383753 -0.23203591 0.815889 0.815917 0.815931
v 0.44043863 -0.72598416 -0.26321602 0.703617 0.689750 0.683186
v 0.28569341 -0.90724421 -0.34814852 0.804909 0.805334 0.805536
v 0.39602911 -0.71923333 -0.34200579 0.829961 0.806392 0.795310
v 0.43561536 -0.53927922 -0.09014872 0.584282 0.574534 0.569903
v 0.45147279 -0.41286850 -0.13176280 0.586103 0.576443 0.571890
v 0.45376837 -0.54346108 -0.16215286 0.607743 0.596029 0.590515
v 0.43277401 -0.47669256 -0.04988308 0.577062 0.568137 0.563927
v 0.44983226 -0.47337931 -0.17758186 0.603715 0.592559 0.587308
v 0.44302377 -0.41813561 -0.07217253 0.579493 0.570064 0.565612
v 0.38345426 -0.51946181 0.10540493 0.559887 0.552887 0.549563
v 0.39395779 -0.43015683 0.17558736 0.574730 0.566286 0.562307
v 0.36798021 -0.51974696 0.17357139 0.562643 0.555688 0.552391
v 0.40224737 -0.47325176 0.07701381 0.566296 0.558639 0.555026
v 0.37651908 -0.47878480 0.21036522 0.566449 0.558726 0.555086
v 0.40527984 -0.42572671 0.11116552 0.572682 0.564607 0.560802
v -0.13373329 -0.72341752 0.81891751 0.636193 0.627710 0.623747
v -0.21446992 -0.98391867 0.68182683 0.814910 0.814369 0.814114
v -0.09653708 -0.74491578 0.76452798 0.587262 0.586463 0.586094
v -0.23594151 -0.81194609 0.84875637 0.692172 0.681455 0.676448
v -0.10284749 -0.85922980 0.71952474 0.674729 0.674433 0.674294
v -0.28549638 -0.91864496 0.81835502 0.793407 0.792977 0.792772
v 0.10411771 -0.66924173 0.80301738 0.603720 0.593443 0.588603
v 0.13465166 -0.82623971 0.80487829 0.531397 0.528850 0.527646
v 0.05976415 -0.68354791 0.75692350 0.580191 0.577057 0.575578
v 0.19445553 -0.69755673 0.82991755 0.600909 0.587152 0.580674
v 0.08570644 -0.74527484 0.74719840 0.542125 0.539689 0.538546
v 0.22689265 -0.78052807 0.86225426 0.558569 0.553340 0.550879
v -0.00114196 -0.35123283 0.90250641 0.637201 0.621145 0.613590
v 0.00231341 -0.21363713 1.00560093 0.942033 0.918706 0.907730
v 0.06329684 -0.30871260 0.90333962 0.646818 0.631267 0.623949
v -0.06718174 -0.31503981 0.90480310 0.646896 0.631475 0.624211
v 0.06679260 -0.23066607 0.92639810 0.673652 0.657276 0.649568
v -0.06938656 -0.23695901 0.92810738 0.681536 0.664998 0.657218
v 0.18258666 -0.47385344 0.85438508 0.650807 0.633832 0.625844
v 0.30101657 -0.38297805 0.81453288 0.687910 0.671783 0.664193
v 0.24819775 -0.53241849 0.84000468 0.699443 0.677748 0.667540
v 0.18930389 -0.38812444 0.86768687 0.655030 0.638243 0.630342
v 0.31494036 -0.48163578 0.81646907 0.710465 0.692578 0.684161
v 0.24937683 -0.34225747 0.85019314 0.667571 0.650911 0.643072
v -0.18605542 -0.48545101 0.85100871 0.515123 0.510302 0.508051
v -0.30314106 -0.39602301 0.82230604 0.512248 0.512084 0.512009
v -0.25267446 -0.54639405 0.83756959 0.604681 0.590210 0.583424
v -0.18861535 -0.39890611 0.85950470 0.463484 0.463142 0.462982
v -0.31686163 -0.49038550 0.83113664 0.612919 0.602725 0.597870
v -0.24836305 -0.35694617 0.84451687 0.478180 0.478146 0.478131
v -0.05520285 0.14351922 0.39362124 0.528928 0.528681 0.528562
v -0.09713464 0.15752214 0.31474560 0.523866 0.523471 0.523285
v -0.03837864 0.14986396 0.35684156 0.522207 0.521978 0.521865
v -0.09202566 0.13958302 0.39352345 0.533642 0.533313 0.533157
v -0.05871190 0.16002876 0.31587678 0.518487 0.518285 0.518189
v -0.11375311 0.14374352 0.35482404 0.530743 0.530332 0.530138
v 0.05438380 0.14220887 0.39199656 0.526174 0.525973 0.525877
v 0.09726135 0.15537524 0.31172335 0.524003 0.523687 0.523538
v 0.03771774 0.14849973 0.35469112 0.520928 0.520775 0.520702
v 0.09085470 0.13978651 0.39011124 0.527026 0.526702 0.526550
v 0.05863914 0.15720588 0.31410706 0.518359 0.518150 0.518051
v 0.11242966 0.14390963 0.34960124 0.525075 0.524633 0.524424
v -0.00073556 0.13488762 0.59798133 0.569010 0.567589 0.566922
v -0.00086218 0.11106142 0.68534458 0.614839 0.612826 0.611878
v 0.04033409 0.12892354 0.61486238 0.585770 0.584223 0.583497
v -0.04142994 0.12907122 0.61563611 0.582530 0.581315 0.580745
v 0.04484514 0.11978725 0.65971208 0.602552 0.600706 0.599838
v -0.04612645 0.11878726 0.66087461 0.603526 0.601951 0.601211
v 0.09433426 0.12887734 0.50373656 0.555231 0.554721 0.554480
v 0.17068440 0.10670438 0.50354946 0.571675 0.570254 0.569586
v 0.11903182 0.12623549 0.46577772 0.554024 0.553465 0.553193
v 0.10693040 0.12489143 0.54699266 0.574756 0.574105 0.573794
v 0.15636753 0.11635667 0.46444163 0.563918 0.562708 0.562119
v 0.14614618 0.11160859 0.54676163 0.579682 0.578443 0.577861
v -0.09688843 0.13055360 0.50845325 0.561709 0.561239 0.561015
v -0.17144881 0.10512647 0.50935400 0.578776 0.577135 0.576361
v -0.12076428 0.12647516 0.47042343 0.560888 0.560372 0.560121
v -0.11006131 0.12879074 0.55191004 0.584004 0.583349 0.583036
v -0.15744254 0.11503473 0.46967596 0.566377 0.565326 0.564817
v -0.14809233 0.11217648 0.55258393 0.589167 0.587651 0.586936
v -0.04576463 -0.37271887 -0.43100804 0.575579 0.567221 0.563287
v -0.09629789 -0.43641147 -0.39555085 0.587616 0.576778 0.571676
v -0.03209158 -0.41122973 -0.41296375 0.569301 0.560991 0.557073
v -0.08132273 -0.35888782 -0.43005326 0.590876 0.581156 0.576582
v -0.05577213 -0.44541037 -0.39519930 0.572810 0.563575 0.559230
v -0.10786758 -0.38822058 -0.41200405 0.593739 0.583014 0.577967
v 0.05710157 -0.37128568 -0.42918509 0.575803 0.567730 0.563928
v 0.10200679 -0.43404308 -0.39744613 0.585535 0.575066 0.570139
v 0.04166100 -0.41224158 -0.41201654 0.572391 0.564253 0.560419
v 0.09221628 -0.35773030 -0.42999381 0.592742 0.583449 0.579074
v 0.06204407 -0.44522184 -0.39585832 0.576369 0.567187 0.562865
v 0.11622120 -0.38686278 -0.41360903 0.591220 0.581143 0.576402
v 0.00305287 -0.12935527 -0.48929870 0.658031 0.642979 0.635895
v -0.00053365 -0.01465231 -0.52421373 0.637584 0.625081 0.619195
v 0.02578495 -0.09974839 -0.49162665 0.660630 0.644444 0.636826
v -0.02180874 -0.09951977 -0.49305978 0.658733 0.642733 0.635204
v 0.02420649 -0.04104939 -0.50962263 0.663598 0.648273 0.641061
v -0.02281459 -0.04064438 -0.50881183 0.662400 0.647257 0.640131
v 0.07920560 -0.22944495 -0.46702722 0.635399 0.621227 0.614559
v 0.13135184 -0.15885004 -0.43936643 0.650982 0.635095 0.627618
v 0.10859324 -0.26155764 -0.45808911 0.636419 0.622134 0.615411
v 0.07660192 -0.16195014 -0.46601880 0.647799 0.632300 0.625005
v 0.13510950 -0.22613159 -0.44204727 0.640907 0.625553 0.618321
v 0.10048944 -0.12795083 -0.45424685 0.651918 0.635634 0.627971
v -0.06925794 -0.22340739 -0.46773687 0.632705 0.618871 0.612362
v -0.12898360 -0.15974186 -0.44925660 0.643686 0.627824 0.620359
v -0.09658450 -0.26213679 -0.46521819 0.632865 0.618811 0.612198
v -0.07154480 -0.16086091 -0.47181562 0.644617 0.629480 0.622357
v -0.12839533 -0.22499716 -0.44802529 0.638858 0.623340 0.616034
v -0.10001579 -0.12960112 -0.46473405 0.650533 0.634568 0.627059
v -0.09752998 0.67679155 -0.77894086 0.498663 0.492565 0.489306
v -0.18822634 0.78860968 -0.70028740 0.606292 0.580316 0.566299
v -0.07121177 0.73948103 -0.74684662 0.667992 0.647399 0.637484
v -0.16072303 0.66387075 -0.78110242 0.680235 0.659734 0.649786
v -0.11669422 0.79139072 -0.69846761 0.638071 0.612331 0.598611
v -0.21086276 0.72545505 -0.75131196 0.780343 0.760802 0.751349
v 0.11156438 0.67529702 -0.77278441 0.524210 0.517302 0.513487
v 0.19836669 0.77423823 -0.70097262 0.623193 0.599218 0.586345
v 0.08780774 0.73963165 -0.74883860 0.689574 0.667966 0.657592
v 0.17905353 0.66158402 -0.76339334 0.625816 0.607734 0.598658
v 0.12434775 0.77818727 -0.69986659 0.635027 0.609487 0.595850
v 0.23854144 0.72109461 -0.73224896 0.808257 0.787953 0.778042
v -0.00129942 0.36917689 -0.83863199 0.693186 0.596183 0.543421
v -0.00398695 0.22851552 -0.82609993 0.755119 0.633622 0.567548
v 0.04306331 0.33426541 -0.83762336 0.700794 0.595253 0.537888
v -0.04826931 0.33359802 -0.83776438 0.703282 0.597517 0.539993
v 0.04017621 0.26308396 -0.83249152 0.723004 0.602949 0.537678
v -0.04760652 0.26277080 -0.83055282 0.734944 0.613803 0.547962
v 0.13871819 0.47640461 -0.84169638 0.665274 0.637886 0.624173
v 0.22471759 0.41424412 -0.86968917 0.751713 0.701900 0.675571
v 0.18724316 0.51804775 -0.83093613 0.690551 0.667787 0.656788
v 0.13455221 0.40510792 -0.84482157 0.689584 0.606152 0.560891
v 0.22957568 0.48474801 -0.83754444 0.738547 0.716841 0.706716
v 0.17634374 0.37174392 -0.85805893 0.691447 0.605348 0.558529
v -0.13552566 0.47750282 -0.84448701 0.679673 0.653489 0.640552
v -0.22786772 0.41067967 -0.88967484 0.746785 0.703467 0.680747
v -0.17849733 0.52206236 -0.83844453 0.708714 0.684439 0.672952
v -0.14200215 0.40518206 -0.85201037 0.694273 0.612160 0.567745
v -0.22397619 0.48144656 -0.84388769 0.749186 0.726866 0.716420
v -0.18996044 0.36884773 -0.87242568 0.745121 0.655412 0.606665
v 0.36260951 0.10647357 -0.30187687 0.564870 0.559765 0.557282
v 0.34913218 0.13966745 -0.29879004 0.570190 0.565678 0.563540
v 0.35734317 0.13410676 -0.34774572 0.573463 0.568103 0.565518
v 0.36229670 0.09525313 -0.26072830 0.561688 0.556688 0.554267
v 0.35003155 0.15604560 -0.34708327 0.576567 0.571480 0.569062
v 0.35702950 0.10829857 -0.25768709 0.564733 0.560351 0.558254
v 0.34929097 0.00002833 -0.21738622 0.561773 0.557977 0.556190
v 0.36616740 -0.08023977 -0.18655056 0.548517 0.544970 0.543297
v 0.33857006 -0.01958367 -0.22966108 0.565110 0.561212 0.559380
v 0.35865879 -0.01455048 -0.18351175 0.562042 0.558126 0.556279
v 0.34722266 -0.06306921 -0.21713617 0.549225 0.546337 0.544972
v 0.36656708 -0.05104136 -0.16484368 0.563244 0.558865 0.556801
v 0.32455498 0.04579844 -0.33378223 0.599262 0.594353 0.592004
v 0.29042262 0.01478577 -0.36040944 0.612697 0.606858 0.604086
v 0.32027268 0.01426649 -0.30516306 0.597938 0.593366 0.591198
v 0.31899709 0.05806042 -0.38688546 0.605056 0.599540 0.596901
v 0.30687302 -0.00458375 -0.32133260 0.598968 0.594291 0.592078
v 0.29877421 0.04603308 -0.40062386 0.608415 0.602339 0.599424
v 0.35221112 0.11111602 -0.42562389 0.586459 0.578512 0.574536
v 0.36550152 0.14888072 -0.57596451 0.624411 0.611641 0.605196
v 0.35705665 0.13874565 -0.44428357 0.590356 0.583434 0.580046
v 0.34470448 0.10064386 -0.46612436 0.596783 0.586024 0.580590
v 0.36147285 0.16513288 -0.51200223 0.604712 0.596342 0.592262
v 0.35167935 0.11215035 -0.54498118 0.610614 0.597243 0.590448
v 0.36605638 0.03988520 -0.19250838 0.553841 0.550117 0.548310
v 0.37381196 0.01830398 -0.11579881 0.551452 0.547427 0.545476
v 0.36812991 0.05015039 -0.18700258 0.552729 0.547988 0.545663
v 0.36684608 0.01758564 -0.16214275 0.550114 0.547433 0.546157
v 0.37054282 0.03904704 -0.14739299 0.550162 0.545380 0.543038
v 0.37309897 0.00735804 -0.12423781 0.551833 0.548754 0.547295
v 0.37385738 -0.00811805 0.25344583 0.548088 0.545454 0.544164
v 0.36415136 0.02009228 0.20354831 0.560417 0.558771 0.557997
v 0.36806947 0.00280337 0.27148801 0.553333 0.551328 0.550382
v 0.37464046 -0.00408159 0.21276225 0.550535 0.547822 0.546489
v 0.36250630 0.01711485 0.24681506 0.554666 0.553161 0.552453
v 0.37003446 0.00979313 0.18689226 0.556527 0.554327 0.553267
v 0.40326941 -0.10303538 0.30323601 0.519199 0.518000 0.517435
v 0.40722555 -0.16999854 0.28965467 0.509680 0.508327 0.507692
v 0.40393004 -0.13430446 0.34061795 0.511715 0.510875 0.510479
v 0.40543172 -0.09890684 0.26147038 0.517570 0.516252 0.515633
v 0.40516430 -0.17132050 0.33666807 0.508198 0.507062 0.506528
v 0.40780413 -0.12948732 0.25233883 0.510735 0.509501 0.508920
v 0.39032775 -0.09597898 0.41468379 0.531098 0.529536 0.528799
v 0.38773513 -0.14393286 0.50845617 0.508067 0.506891 0.506343
v 0.39752978 -0.12593696 0.42160416 0.514103 0.513295 0.512917
v 0.38188159 -0.08598088 0.44822463 0.546411 0.543181 0.541673
v 0.39679879 -0.15443754 0.46848002 0.504392 0.503561 0.503172
v 0.37971032 -0.10579538 0.49559000 0.533255 0.530347 0.528987
v 0.36924455 -0.02411815 0.37460244 0.549933 0.546418 0.544734
v 0.34630686 0.00481775 0.42159942 0.572727 0.569217 0.567560
v 0.36298352 -0.00511122 0.35509956 0.556564 0.553531 0.552103
v 0.36655545 -0.03243192 0.41770595 0.554641 0.550625 0.548716
v 0.35271657 0.00879374 0.37681332 0.568825 0.565984 0.564646
v 0.35353756 -0.01732309 0.44321832 0.566916 0.562593 0.560554
v 0.38989353 -0.04116112 0.21073437 0.536866 0.534888 0.533910
v 0.39008290 -0.03114886 0.12945414 0.539069 0.536380 0.535066
v 0.38536245 -0.02457495 0.18312775 0.539774 0.537308 0.536105
v 0.39535266 -0.05374133 0.19881125 0.539092 0.537406 0.536615
v 0.38471216 -0.02007893 0.14211005 0.538364 0.535027 0.533366
v 0.39580417 -0.04934172 0.15786047 0.537960 0.536180 0.535343
v -0.35526943 0.10288396 -0.29165113 0.556038 0.552104 0.550191
v -0.34466833 0.13921459 -0.28793615 0.563622 0.559999 0.558283
v -0.35265586 0.12987250 -0.33618343 0.564091 0.559936 0.557933
v -0.35593545 0.09325722 -0.24923928 0.551223 0.547722 0.546025
v -0.34747270 0.15316592 -0.33651772 0.571295 0.567165 0.565203
v -0.35133338 0.10818392 -0.24557765 0.554881 0.551879 0.550443
v -0.35367578 -0.01295124 -0.21638367 0.538755 0.537543 0.536969
v -0.37341258 -0.08818313 -0.18465202 0.526373 0.525244 0.524711
v -0.34571865 -0.03135474 -0.23049620 0.539522 0.538408 0.537882
v -0.36409670 -0.02419052 -0.17983232 0.530709 0.529911 0.529533
v -0.35491979 -0.07291186 -0.21781725 0.532684 0.531583 0.531062
v -0.37446147 -0.05967888 -0.16177677 0.526421 0.525384 0.524897
v -0.32447615 0.03073706 -0.33324701 0.571560 0.568031 0.566322
v -0.29060918 0.00216258 -0.36351806 0.586081 0.582181 0.580341
v -0.32132939 0.00091746 -0.30616716 0.563245 0.560955 0.559867
v -0.31728309 0.04434929 -0.38343355 0.586880 0.582091 0.579784
v -0.30516228 -0.01664299 -0.32171080 0.563371 0.561044 0.559940
v -0.29978457 0.03295857 -0.39935428 0.587417 0.582401 0.579984
v -0.34889749 0.10573190 -0.41002858 0.557323 0.550669 0.547340
v -0.35664418 0.14892340 -0.54299432 0.592964 0.582208 0.576832
v -0.35358891 0.13348402 -0.42674837 0.569535 0.563207 0.560108
v -0.33929533 0.09618601 -0.44687653 0.571408 0.562493 0.557970
v -0.35712254 0.16073638 -0.48945320 0.584359 0.576916 0.573312
v -0.34219867 0.11204672 -0.51506293 0.593646 0.581661 0.575562
v -0.36335582 0.03420513 -0.18289715 0.543122 0.540291 0.538892
v -0.37155545 0.01479858 -0.10372740 0.538980 0.536434 0.535174
v -0.36501974 0.04741038 -0.17574114 0.538053 0.534620 0.532915
v -0.36578268 0.01149925 -0.15275952 0.538069 0.536479 0.535708
v -0.36726117 0.03640560 -0.13541485 0.537988 0.534419 0.532639
v -0.37075633 0.00261648 -0.11332980 0.535652 0.534163 0.533443
v -0.37270308 -0.00622068 0.26518267 0.564928 0.561903 0.560456
v -0.36419317 0.01950794 0.21648787 0.573785 0.571583 0.570548
v -0.36712685 0.00361964 0.28261966 0.572644 0.569988 0.568737
v -0.37344545 -0.00218940 0.22530860 0.563743 0.560798 0.559378
v -0.36312401 0.01690295 0.25934094 0.575920 0.573431 0.572259
v -0.36956143 0.01080588 0.19963557 0.570416 0.568185 0.567123
v -0.40257230 -0.10177269 0.30849645 0.554026 0.549197 0.546923
v -0.41008452 -0.16702822 0.28766546 0.563565 0.557191 0.554190
v -0.40389439 -0.13501680 0.34082234 0.556311 0.551102 0.548650
v -0.40394107 -0.09799899 0.26912272 0.552674 0.548093 0.545937
v -0.40685931 -0.17026827 0.33224902 0.553469 0.547988 0.545405
v -0.40856901 -0.12848678 0.25706428 0.558649 0.553268 0.550737
v -0.39047545 -0.09654661 0.41802275 0.576079 0.570194 0.567422
v -0.38828117 -0.14862950 0.50618100 0.573410 0.566088 0.562627
v -0.39618844 -0.12955077 0.42109936 0.572933 0.566635 0.563665
v -0.38209096 -0.08741195 0.45249021 0.573356 0.567418 0.564623
v -0.39578044 -0.15970749 0.46357399 0.551334 0.546111 0.543643
v -0.38037103 -0.10882966 0.49820575 0.582815 0.575256 0.571696
v -0.36785895 -0.02409398 0.38352025 0.567752 0.563363 0.561272
v -0.34366992 0.00242668 0.43013552 0.589034 0.585431 0.583732
v -0.36158207 -0.00564672 0.36470431 0.570507 0.567207 0.565656
v -0.36548629 -0.03354084 0.42551169 0.569820 0.564713 0.562295
v -0.35115799 0.00736570 0.38664114 0.588223 0.585269 0.583877
v -0.35142222 -0.01991634 0.45117348 0.577075 0.572320 0.570082
v -0.38814646 -0.03655806 0.22343019 0.556310 0.552333 0.550390
v -0.38888329 -0.02804837 0.14374459 0.548214 0.544714 0.542995
v -0.38372177 -0.02189108 0.19687477 0.545650 0.541974 0.540183
v -0.39397174 -0.04893659 0.21183126 0.558842 0.555576 0.554038
v -0.38353801 -0.01736350 0.15672997 0.542693 0.538581 0.536534
v -0.39501393 -0.04582907 0.17173105 0.556035 0.552935 0.551478
v -0.04957446 0.26744467 -0.06985867 0.509618 0.509132 0.508900
v -0.09832253 0.24738705 0.04144886 0.533776 0.533444 0.533286
v -0.08576509 0.26460224 -0.06797971 0.511131 0.510600 0.510346
v -0.10896326 0.25137162 -0.01295313 0.522056 0.521682 0.521503
v -0.03378633 0.25769436 -0.01612356 0.508765 0.508360 0.508167
v -0.05707242 0.24832088 0.03875819 0.510205 0.509898 0.509750
v -0.07375033 0.60815573 -0.24075496 0.545417 0.541234 0.539266
v -0.14142008 0.71177185 -0.36012214 0.559693 0.553515 0.550556
v -0.12123669 0.58381808 -0.25198266 0.531955 0.528453 0.526799
v -0.15324137 0.63170719 -0.31324053 0.552817 0.547172 0.544513
v -0.05081686 0.68365932 -0.28955936 0.563380 0.558435 0.556079
v -0.08603295 0.73493159 -0.35026166 0.555281 0.548685 0.545407
v 0.06143575 0.26434076 -0.07325479 0.507032 0.506670 0.506496
v 0.10513540 0.24758250 0.03708196 0.528308 0.527850 0.527631
v 0.09546241 0.26174563 -0.07165329 0.508317 0.507973 0.507807
v 0.11607079 0.25013345 -0.01714242 0.520381 0.519971 0.519773
v 0.04357788 0.25620943 -0.01919371 0.508296 0.507829 0.507609
v 0.06465401 0.24668860 0.03534797 0.510150 0.509807 0.509643
v 0.08659390 0.61310697 -0.24869126 0.532208 0.529270 0.527891
v 0.15603249 0.73684144 -0.37567151 0.574512 0.566551 0.562593
v 0.13247246 0.59140742 -0.25756520 0.552843 0.547980 0.545684
v 0.15824170 0.64398503 -0.32162791 0.552965 0.547445 0.544838
v 0.06442855 0.68963683 -0.29805028 0.549103 0.544597 0.542435
v 0.10273504 0.75207651 -0.36353302 0.570328 0.563131 0.559462
v -0.25171745 0.14126480 0.17439702 0.536066 0.534802 0.534201
v -0.30516899 0.10100108 0.16425854 0.545160 0.543674 0.542941
v -0.25892526 0.14501196 0.12570301 0.528947 0.527853 0.527315
v -0.28272742 0.12564480 0.12002279 0.534264 0.533058 0.532455
v -0.26937363 0.11847663 0.21568930 0.543925 0.542552 0.541892
v -0.29820803 0.09861767 0.21088287 0.546793 0.545127 0.544300
v -0.04057449 0.20592344 0.18592119 0.526951 0.526175 0.525810
v 0.04395206 0.20775521 0.18575796 0.526613 0.525770 0.525372
v -0.01977683 0.19067192 0.23050627 0.522198 0.521456 0.521104
v 0.02144062 0.19050390 0.22966808 0.520820 0.520103 0.519764
v -0.01869132 0.22105587 0.13790089 0.516397 0.515843 0.515577
v 0.02379051 0.22177804 0.13723946 0.515630 0.515058 0.514786
v -0.20678909 0.12832397 0.30831864 0.538935 0.537660 0.537027
v -0.23438336 0.09754705 0.38199699 0.554638 0.553019 0.552233
v -0.18638565 0.12519065 0.34993249 0.542759 0.541856 0.541415
v -0.20042229 0.11140612 0.38737521 0.552100 0.551142 0.550680
v -0.23999205 0.11374146 0.30393118 0.546345 0.545179 0.544620
v -0.25372922 0.09710389 0.34027827 0.555712 0.554297 0.553624
v -0.43644318 0.65307558 -0.48538563 0.915825 0.888166 0.875068
v -0.30117863 0.46188146 -0.39327908 0.584795 0.579859 0.577537
v -0.47467017 0.65040207 -0.37400463 0.900885 0.877039 0.865819
v -0.30295399 0.53331971 -0.37492302 0.616811 0.604848 0.599210
v -0.36858690 0.56622308 -0.49610165 0.696226 0.685027 0.679750
v -0.33563286 0.48289585 -0.45074955 0.624655 0.616456 0.612595
v -0.07305386 0.87572193 -0.52348620 0.683627 0.680761 0.679196
v 0.09383990 0.87064654 -0.54084760 0.648510 0.644485 0.642271
v -0.03423071 0.85416108 -0.59097672 0.519770 0.518582 0.517969
v 0.05016579 0.84534663 -0.59343320 0.510998 0.510127 0.509678
v -0.02781668 0.83701801 -0.46872225 0.538952 0.538410 0.538116
v 0.05255437 0.83792001 -0.47730747 0.544038 0.543106 0.542592
v -0.31265390 0.61772037 -0.65506494 0.636077 0.621976 0.615377
v -0.33149281 0.47410330 -0.71727884 0.632640 0.618261 0.611492
v -0.30319807 0.61638230 -0.72605711 0.621720 0.606994 0.600066
v -0.30495369 0.53532213 -0.75110108 0.643022 0.627608 0.620356
v -0.33567819 0.55239195 -0.61966729 0.610079 0.599336 0.594281
v -0.33911502 0.48172870 -0.64530712 0.622196 0.608605 0.602207
v -0.32816428 0.11158866 -0.11449827 0.554444 0.553060 0.552406
v -0.34523129 0.07540265 -0.01396601 0.552122 0.550592 0.549863
v -0.31891108 0.12851700 -0.10578932 0.549223 0.547889 0.547253
v -0.32668838 0.10772163 -0.05518759 0.545418 0.543981 0.543285
v -0.34540480 0.07751757 -0.07461113 0.559556 0.558263 0.557653
v -0.35102403 0.06631297 -0.02634066 0.561540 0.560025 0.559313
v -0.33351609 0.28265935 -0.43107456 0.606262 0.598857 0.595371
v -0.35502347 0.29507408 -0.55765706 0.613222 0.603248 0.598555
v -0.34301928 0.23880079 -0.43764281 0.599315 0.592844 0.589793
v -0.35219884 0.24484093 -0.49812821 0.606188 0.598515 0.594902
v -0.33654681 0.34817693 -0.48153493 0.615617 0.605949 0.601398
v -0.34651920 0.35379460 -0.54605955 0.619006 0.608284 0.603237
v -0.35086995 0.08316812 -0.14450124 0.559616 0.557470 0.556451
v -0.36610740 0.04351953 -0.07306615 0.554588 0.552265 0.551147
v -0.35556614 0.07702146 -0.15406820 0.559203 0.556951 0.555881
v -0.36270016 0.05540934 -0.11801250 0.553175 0.550804 0.549660
v -0.35605061 0.06504220 -0.09662493 0.561289 0.559263 0.558302
v -0.36266136 0.04936710 -0.06236247 0.559021 0.556794 0.555719
v -0.34236553 0.05139774 0.26849517 0.563400 0.561336 0.560355
v -0.32249963 0.05226114 0.35486659 0.579920 0.577730 0.576686
v -0.34650967 0.03921634 0.29496273 0.569682 0.567454 0.566405
v -0.33928847 0.03889033 0.33863279 0.580744 0.578319 0.577169
v -0.32708013 0.06418481 0.28292912 0.564529 0.562501 0.561531
v -0.31350353 0.06566438 0.32505518 0.570780 0.568854 0.567938
v -0.36540681 0.03211278 0.08448559 0.561545 0.559305 0.558244
v -0.37309915 0.01705046 0.05721559 0.552838 0.550410 0.549229
v -0.36988306 0.01882938 0.11471202 0.560874 0.558154 0.556851
v -0.37414724 0.01080316 0.10010560 0.555039 0.552045 0.550598
v -0.36409122 0.03750589 0.04008768 0.566369 0.564438 0.563524
v -0.36769509 0.03093225 0.02707599 0.564264 0.562230 0.561254
v 0.24669781 0.14585942 0.16186383 0.533826 0.532532 0.531921
v 0.29713166 0.11147612 0.14854315 0.541155 0.539541 0.538763
v 0.25341934 0.15340680 0.11345050 0.531898 0.530425 0.529723
v 0.27646992 0.13587719 0.10680982 0.537077 0.535406 0.534596
v 0.26341179 0.12411672 0.20233205 0.537190 0.535866 0.535231
v 0.29151207 0.10702294 0.19621637 0.539244 0.537639 0.536849
v 0.20477813 0.12993574 0.30011556 0.534782 0.533669 0.533127
v 0.23392944 0.10167429 0.37423822 0.547994 0.546035 0.545075
v 0.18518837 0.12774244 0.34301755 0.538972 0.538069 0.537635
v 0.19957282 0.11468798 0.38030711 0.548609 0.547453 0.546900
v 0.23721443 0.11653721 0.29408333 0.539896 0.538755 0.538215
v 0.25326413 0.10219029 0.33168614 0.547222 0.545850 0.545198
v 0.50828254 0.60765404 -0.47318983 1.000000 1.000000 1.000000
v 0.33954704 0.41530508 -0.36637682 0.616128 0.608727 0.605243
v 0.33808941 0.52403730 -0.42568916 0.668838 0.657952 0.652838
v 0.32168561 0.43388310 -0.38059667 0.605395 0.598951 0.595913
v 0.54576820 0.70912802 -0.38425571 0.969727 0.942293 0.929333
v 0.30156863 0.54234856 -0.38107204 0.714284 0.701533 0.695532
v 0.30819741 0.65041977 -0.61277395 0.650416 0.634674 0.627195
v 0.32673776 0.49869901 -0.69874901 0.633599 0.619150 0.612350
v 0.29246625 0.62476665 -0.68758982 0.612409 0.598054 0.591299
v 0.30255166 0.55012846 -0.73124087 0.621755 0.607346 0.600566
v 0.34982097 0.60178721 -0.57373536 0.602501 0.596163 0.593178
v 0.34313601 0.52379906 -0.61301017 0.634431 0.619707 0.612779
v 0.33111596 0.11982840 -0.12849975 0.572062 0.569417 0.568172
v 0.34022206 0.08868718 -0.02964035 0.562812 0.560479 0.559378
v 0.31895056 0.13747293 -0.11797935 0.563703 0.561099 0.559870
v 0.32294956 0.12020889 -0.06821376 0.558905 0.556511 0.555383
v 0.34662271 0.08603412 -0.09039794 0.575925 0.573515 0.572381
v 0.35038495 0.07268548 -0.04120405 0.570674 0.568306 0.567191
v 0.32853237 0.29476660 -0.42520243 0.603929 0.595894 0.592112
v 0.35558331 0.31714109 -0.56416899 0.625036 0.613929 0.608701
v 0.34125102 0.24939659 -0.44198915 0.600935 0.593772 0.590392
v 0.35231704 0.25835061 -0.50800592 0.610862 0.602413 0.598429
v 0.32869333 0.37549406 -0.46060088 0.617362 0.606701 0.601683
v 0.34558478 0.38571960 -0.53260940 0.635478 0.622971 0.617085
v 0.35905862 0.08072929 -0.15963082 0.574193 0.571119 0.569660
v 0.37038982 0.04255731 -0.08845561 0.570491 0.566847 0.565098
v 0.36248463 0.07516259 -0.16838908 0.573631 0.570105 0.568423
v 0.36803114 0.05458318 -0.13213241 0.571581 0.567793 0.565984
v 0.36148769 0.06507427 -0.11310352 0.570089 0.567327 0.566016
v 0.36749065 0.04797623 -0.07796505 0.568046 0.565026 0.563580
v 0.33961907 0.05475014 0.25569820 0.550166 0.548415 0.547583
v 0.32165241 0.05506989 0.34394082 0.565365 0.563469 0.562562
v 0.34483781 0.04118022 0.28295809 0.557235 0.555392 0.554520
v 0.33914936 0.04039371 0.32736185 0.564558 0.562439 0.561431
v 0.32290936 0.07035038 0.26983365 0.551592 0.549837 0.548999
v 0.31170946 0.07105839 0.31386009 0.557725 0.556045 0.555249
v 0.36607522 0.03208598 0.07101139 0.556016 0.553939 0.552951
v 0.37564808 0.01563384 0.04289702 0.558969 0.555830 0.554304
v 0.37100089 0.01806894 0.10056563 0.555031 0.552535 0.551326
v 0.37588173 0.00985527 0.08601156 0.556229 0.553364 0.551983
v 0.36620611 0.03787687 0.02579506 0.563269 0.560777 0.559591
v 0.37054479 0.03021681 0.01193638 0.566799 0.563828 0.562399
v -0.09286930 -0.70435607 0.19373602 0.500287 0.500287 0.500287
v -0.15333280 -0.70466399 0.32175663 0.521171 0.521165 0.521162
v -0.14511991 -0.69814050 0.18332009 0.503056 0.503056 0.503056
v -0.18097034 -0.70721841 0.24734241 0.567887 0.567826 0.567793
v -0.06743612 -0.70854294 0.26706940 0.500614 0.500614 0.500614
v -0.09717362 -0.70884681 0.33102843 0.500673 0.500671 0.500670
v -0.10420451 -0.69262749 -0.18108773 0.526931 0.526842 0.526796
v -0.12480648 -0.72889411 -0.29200482 0.558068 0.555061 0.553658
v -0.12929656 -0.78584033 -0.19373053 0.583246 0.583222 0.583208
v -0.13216700 -0.82377005 -0.27437752 0.624748 0.624759 0.624767
v -0.07393659 -0.65302390 -0.22102126 0.516464 0.516326 0.516262
v -0.08430244 -0.66834104 -0.27128851 0.555071 0.553486 0.552738
v 0.07024083 -0.70781994 0.21384563 0.500745 0.500745 0.500745
v 0.11856508 -0.70744926 0.37625337 0.507220 0.507175 0.507152
v 0.12436426 -0.70873678 0.21536678 0.511043 0.511043 0.511043
v 0.15210474 -0.71633208 0.29693887 0.529059 0.529059 0.529059
v 0.04158678 -0.71242118 0.28553516 0.500501 0.500501 0.500501
v 0.06809419 -0.71586668 0.36538219 0.502957 0.502956 0.502956
v 0.09992019 -0.68877172 -0.17413455 0.524753 0.524728 0.524717
v 0.13620077 -0.71636820 -0.28162944 0.567351 0.563981 0.562388
v 0.12651110 -0.78367794 -0.19778676 0.578990 0.578986 0.578984
v 0.15115538 -0.80298090 -0.26720446 0.601657 0.601696 0.601717
v 0.06911287 -0.65473330 -0.21925206 0.512278 0.512218 0.512190
v 0.08666091 -0.66239619 -0.26429266 0.555002 0.553690 0.553071
v -0.33739960 -0.54509819 0.39245024 0.571431 0.564520 0.561225
v -0.37648690 -0.43753767 0.32617408 0.584415 0.576175 0.572259
v -0.34126177 -0.52631229 0.32594609 0.571747 0.565419 0.562418
v -0.36342958 -0.47805810 0.29602396 0.576082 0.569095 0.565798
v -0.35855085 -0.50978911 0.42279109 0.582904 0.574161 0.570028
v -0.37463826 -0.44904146 0.38745314 0.584805 0.575963 0.571786
v -0.07474789 -0.74187458 0.52853578 0.604320 0.604286 0.604271
v 0.05412222 -0.73919821 0.56761408 0.523238 0.523111 0.523051
v -0.05087037 -0.73246604 0.59458625 0.530619 0.530517 0.530469
v 0.02497000 -0.71437442 0.61438817 0.511259 0.511114 0.511046
v -0.04235058 -0.72556609 0.47541180 0.512564 0.512554 0.512549
v 0.01783823 -0.73045379 0.49131128 0.504057 0.504012 0.503989
v -0.35625148 -0.67439932 0.59247845 0.729741 0.709073 0.699336
v -0.40193343 -0.48874599 0.65298176 0.669477 0.650068 0.640938
v -0.34072068 -0.70872861 0.67426187 0.760744 0.737713 0.726866
v -0.40039551 -0.57950670 0.71316791 0.732012 0.709082 0.698294
v -0.37536952 -0.56489819 0.55272496 0.668391 0.652024 0.644323
v -0.39667511 -0.49062517 0.57943487 0.651911 0.634972 0.627001
v -0.34964991 -0.47583058 -0.34510249 0.746279 0.722286 0.710995
v -0.40860927 -0.37543142 -0.26864070 0.649667 0.637260 0.631422
v -0.40033951 -0.51114714 -0.31707501 0.764616 0.743094 0.732966
v -0.42039353 -0.45303777 -0.26850307 0.657623 0.643688 0.637129
v -0.34617493 -0.39721072 -0.33736205 0.685620 0.666012 0.656786
v -0.38460809 -0.34839454 -0.31224182 0.722080 0.705665 0.697941
v -0.04545957 -0.56813365 -0.34260249 0.561272 0.554041 0.550446
v 0.04457375 -0.56679475 -0.34324792 0.559326 0.552195 0.548656
v -0.02081186 -0.52765155 -0.36031091 0.570547 0.561945 0.557823
v 0.02225686 -0.52746624 -0.36085349 0.570356 0.561871 0.557813
v -0.02462542 -0.60066229 -0.31871817 0.583384 0.581175 0.580109
v 0.02418339 -0.59907603 -0.31848103 0.579143 0.576926 0.575854
v -0.22127834 -0.37501067 -0.38938695 0.636707 0.621002 0.613613
v -0.23057905 -0.25315398 -0.41073754 0.661110 0.645505 0.638161
v -0.18742567 -0.34558120 -0.40804312 0.624251 0.610186 0.603568
v -0.19306195 -0.28475571 -0.41814822 0.633749 0.618896 0.611906
v -0.26287654 -0.34149107 -0.37940878 0.651609 0.635441 0.627833
v -0.26542759 -0.27834681 -0.38750625 0.647020 0.632093 0.625069
v -0.44367602 -0.26241702 -0.01453305 0.545520 0.540295 0.537836
v -0.42711470 -0.27623466 0.08159288 0.523912 0.520850 0.519381
v -0.44045782 -0.31634045 0.00315732 0.571786 0.563833 0.560092
v -0.42973173 -0.32137221 0.05307098 0.566825 0.559675 0.556297
v -0.43754083 -0.21834666 0.01429404 0.512898 0.510751 0.509727
v -0.43034005 -0.22672087 0.06047711 0.513296 0.511085 0.510035
v -0.35996795 -0.18939433 -0.27356079 0.525706 0.523875 0.523014
v -0.30575433 -0.14660108 -0.33463380 0.526840 0.524864 0.523932
v -0.34316009 -0.13581693 -0.27457392 0.525280 0.523900 0.523248
v -0.32091337 -0.11442345 -0.30701220 0.531920 0.530323 0.529566
v -0.35385105 -0.22528693 -0.31037611 0.561371 0.556320 0.553952
v -0.32030761 -0.20347741 -0.33721361 0.542911 0.539244 0.537487
v -0.41095376 -0.11902498 -0.06585026 0.517597 0.516244 0.515604
v -0.39359438 -0.05790789 -0.02102794 0.525103 0.523976 0.523445
v -0.39415455 -0.07835753 -0.08286408 0.521981 0.520968 0.520490
v -0.38644296 -0.05035922 -0.06131954 0.523864 0.522962 0.522537
v -0.41642058 -0.12790686 -0.02383015 0.517481 0.516029 0.515343
v -0.40751356 -0.09567706 -0.00136405 0.526977 0.525517 0.524821
v -0.40210769 -0.29939914 0.39357853 0.573866 0.565105 0.560980
v -0.39672372 -0.29928333 0.50156295 0.573116 0.564673 0.560708
v -0.40363631 -0.25316474 0.40665990 0.525370 0.521308 0.519405
v -0.40056145 -0.25118482 0.45750234 0.516754 0.513583 0.512093
v -0.39574987 -0.35222876 0.43215823 0.590822 0.580054 0.574980
v -0.39523119 -0.35540450 0.48959303 0.605940 0.594132 0.588580
v -0.41582364 -0.15500578 0.15172079 0.527171 0.524657 0.523480
v -0.40665680 -0.07670937 0.10235308 0.550669 0.547316 0.545737
v -0.41192347 -0.11969674 0.17000948 0.551507 0.547319 0.545350
v -0.40755373 -0.08408637 0.14389782 0.550260 0.546705 0.545026
v -0.41765392 -0.14904723 0.10710756 0.523760 0.521827 0.520911
v -0.41218752 -0.10863154 0.08366563 0.536546 0.534076 0.532910
v 0.35112274 -0.59454161 0.48526648 0.683467 0.668085 0.660682
v 0.37591115 -0.45869181 0.38256493 0.594041 0.583606 0.578671
v 0.34207934 -0.55835611 0.40363368 0.579277 0.570472 0.566229
v 0.36193168 -0.50158858 0.35575220 0.578263 0.569640 0.565579
v 0.37174875 -0.54647809 0.51446426 0.670884 0.653856 0.645813
v 0.37725520 -0.47255078 0.45613405 0.607043 0.594114 0.588000
v 0.38156551 -0.67649126 0.79274964 0.716687 0.691681 0.679908
v 0.35921234 -0.46161753 0.73031932 0.590342 0.579807 0.574849
v 0.32124957 -0.67522562 0.76441079 0.780554 0.754623 0.742417
v 0.39809030 -0.54688334 0.78014994 0.734119 0.716128 0.707663
v 0.37547004 -0.57253814 0.68828470 0.653788 0.635980 0.627601
v 0.36777985 -0.48268610 0.67485720 0.620185 0.606527 0.600098
v 0.33607265 -0.46875972 -0.34599951 0.711322 0.689054 0.678574
v 0.40046749 -0.36850774 -0.27761373 0.663981 0.651386 0.645458
v 0.38925141 -0.49857435 -0.33733165 0.753707 0.732515 0.722542
v 0.40890640 -0.44358546 -0.28147951 0.664253 0.650065 0.643389
v 0.33679312 -0.39053139 -0.34046486 0.676484 0.658290 0.649729
v 0.37442386 -0.34219241 -0.31549877 0.689666 0.673690 0.666173
v 0.22254729 -0.36973029 -0.38886088 0.632349 0.617609 0.610673
v 0.22881922 -0.24560580 -0.39326903 0.643637 0.629294 0.622545
v 0.19173041 -0.34167239 -0.40646550 0.616785 0.603430 0.597145
v 0.19609831 -0.28202119 -0.40916353 0.626389 0.612314 0.605690
v 0.26024032 -0.33488119 -0.37554887 0.646325 0.630906 0.623650
v 0.26235577 -0.27133924 -0.37743571 0.643397 0.628874 0.622041
v 0.44441333 -0.25925952 -0.02239501 0.575498 0.567489 0.563708
v 0.42472106 -0.27722847 0.08266114 0.572719 0.565169 0.561615
v 0.43927345 -0.31427637 -0.00113029 0.573720 0.565512 0.561633
v 0.42772141 -0.32185882 0.05467897 0.576315 0.568185 0.564340
v 0.43534297 -0.21685855 0.00656805 0.573368 0.565739 0.562135
v 0.42832729 -0.22636074 0.05609287 0.573477 0.566103 0.562626
v 0.35553670 -0.18120474 -0.27259320 0.609657 0.600887 0.596746
v 0.30760705 -0.13622612 -0.32971418 0.588093 0.581325 0.578152
v 0.34261200 -0.12566543 -0.27430350 0.553435 0.550195 0.548656
v 0.32178879 -0.10368297 -0.30415818 0.555792 0.552801 0.551395
v 0.35109320 -0.21729007 -0.30787429 0.644044 0.632208 0.626637
v 0.32251614 -0.19456318 -0.33457664 0.646848 0.634534 0.628739
v 0.41102266 -0.11242196 -0.07430768 0.569209 0.563036 0.560131
v 0.39413089 -0.05555588 -0.03401349 0.560266 0.556069 0.554096
v 0.39076489 -0.07324624 -0.09114851 0.565114 0.559925 0.557484
v 0.38591439 -0.04461132 -0.07200111 0.558084 0.553959 0.552020
v 0.41787744 -0.12301712 -0.03394812 0.568692 0.562533 0.559635
v 0.40678215 -0.09297045 -0.01265920 0.567350 0.562083 0.559603
v 0.39640883 -0.30671909 0.42367011 0.560081 0.552619 0.549096
v 0.39022502 -0.29649329 0.53228396 0.588772 0.578831 0.574162
v 0.39918390 -0.25641090 0.42745304 0.509896 0.507411 0.506238
v 0.39603099 -0.25043711 0.47806084 0.516353 0.513308 0.511887
v 0.39031079 -0.35942924 0.47758520 0.600558 0.588802 0.583268
v 0.38724825 -0.35614583 0.53658181 0.604290 0.592185 0.586489
v 0.41543829 -0.15469836 0.14628771 0.535364 0.531935 0.530330
v 0.40632266 -0.07841571 0.08867089 0.544440 0.541147 0.539599
v 0.41217154 -0.11911015 0.16128841 0.523975 0.521995 0.521066
v 0.40687454 -0.08501896 0.13137540 0.531089 0.528919 0.527896
v 0.41715562 -0.14871623 0.09953046 0.559577 0.554045 0.551449
v 0.41181040 -0.10801651 0.07252884 0.557964 0.553217 0.550982
v 0.18579321 -0.07195930 0.83767867 0.648450 0.634211 0.627508
v 0.29054362 -0.14099868 0.79135752 0.638466 0.623873 0.617006
v 0.19275677 -0.14026481 0.86451757 0.646616 0.630118 0.622356
v 0.25475001 -0.17109628 0.84787256 0.684365 0.667911 0.660168
v 0.23029064 -0.04698298 0.79000926 0.584717 0.576122 0.572062
v 0.27707839 -0.08176406 0.76579571 0.628722 0.616465 0.610702
v -0.19067182 -0.08685714 0.84507388 0.567295 0.560003 0.556563
v -0.29421243 -0.15872456 0.79866976 0.650995 0.635477 0.628171
v -0.19750500 -0.15912670 0.86619157 0.650848 0.633912 0.625941
v -0.25134140 -0.19692758 0.84281617 0.683049 0.666459 0.658641
v -0.23302159 -0.06140024 0.79697400 0.500279 0.499851 0.499655
v -0.27984354 -0.09623654 0.77388555 0.561414 0.554999 0.551987
v 0.15229723 0.05919949 0.71893251 0.594077 0.590468 0.588768
v 0.21364850 0.06027395 0.62237251 0.594179 0.589662 0.587537
v 0.14201127 0.08699177 0.67661965 0.610279 0.606522 0.604752
v 0.17359479 0.08484498 0.63082629 0.593025 0.589959 0.588518
v 0.20074935 0.03318290 0.71294993 0.538605 0.536877 0.536065
v 0.23087075 0.03747799 0.66316140 0.577043 0.572457 0.570306
v -0.15488304 0.05736988 0.72634351 0.590999 0.588498 0.587337
v -0.21417277 0.05771261 0.62955928 0.585964 0.583300 0.582041
v -0.14345294 0.08504014 0.68202019 0.616361 0.612738 0.611043
v -0.17333153 0.08106720 0.63579500 0.598029 0.595071 0.593671
v -0.20287403 0.02915791 0.72102368 0.540620 0.539546 0.539040
v -0.23002754 0.03229897 0.66918039 0.553898 0.552179 0.551368
v 0.34169960 -0.08149280 0.61764419 0.594473 0.586009 0.582032
v 0.31275812 -0.01303331 0.56662869 0.584122 0.578030 0.575150
v 0.34834540 -0.06851792 0.56246758 0.585529 0.578618 0.575364
v 0.33598971 -0.03549949 0.53991973 0.578807 0.572998 0.570262
v 0.31573161 -0.05319522 0.64934820 0.596009 0.587717 0.583814
v 0.29818299 -0.01919141 0.61991191 0.581141 0.574654 0.571597
v -0.34402362 -0.08844760 0.62500471 0.557653 0.551864 0.549153
v -0.31089556 -0.01816494 0.57347143 0.561404 0.557429 0.555554
v -0.34958994 -0.07318267 0.56920075 0.567090 0.561265 0.558536
v -0.33521613 -0.03986409 0.54703134 0.570300 0.565066 0.562606
v -0.31744328 -0.06146958 0.65784836 0.510452 0.509408 0.508918
v -0.29893523 -0.02487284 0.62798691 0.528067 0.526416 0.525634
v 0.08321841 0.01521827 -0.60268480 0.616984 0.609278 0.605624
v 0.12892573 -0.00217772 -0.50864780 0.603079 0.595982 0.592642
v 0.07373604 -0.00082853 -0.53321284 0.614477 0.606360 0.602542
v 0.09537779 -0.01625584 -0.48984316 0.611633 0.602393 0.598045
v 0.11811657 0.00882300 -0.63926840 0.623435 0.618167 0.615658
v 0.14313747 0.00345148 -0.58869052 0.630992 0.624996 0.622173
v -0.08689831 0.01748811 -0.60073984 0.609680 0.602584 0.599210
v -0.13289385 -0.00518030 -0.50791132 0.576805 0.571413 0.568885
v -0.07803549 0.00135447 -0.53262883 0.609554 0.601772 0.598108
v -0.09895024 -0.01391274 -0.49346912 0.605922 0.597483 0.593512
v -0.12143974 0.01389053 -0.63303721 0.615145 0.610298 0.607976
v -0.14641643 0.00321575 -0.58229005 0.615474 0.610528 0.608201
v 0.11046612 0.12262613 -0.79135764 0.742927 0.643810 0.589903
v 0.19774762 0.18015309 -0.86402923 0.813189 0.691323 0.625042
v 0.12007917 0.19164762 -0.82361943 0.780626 0.660930 0.595822
v 0.16399229 0.22584379 -0.85310322 0.767510 0.650123 0.586267
v 0.14415851 0.07005022 -0.78006291 0.712368 0.630885 0.586567
v 0.19195898 0.09538265 -0.82220411 0.768714 0.674797 0.623714
v -0.11980204 0.11904124 -0.79084027 0.768388 0.663387 0.606283
v -0.22672263 0.15244360 -0.87911862 0.835804 0.716967 0.652335
v -0.13069701 0.18467131 -0.82369697 0.817126 0.687365 0.616787
v -0.18022466 0.21029842 -0.85601026 0.807418 0.678413 0.608254
v -0.14987388 0.07074971 -0.77956229 0.758946 0.676529 0.631722
v -0.20261808 0.07593653 -0.82109541 0.772903 0.691254 0.646849
v 0.24368802 0.03720813 -0.55624324 0.635578 0.625688 0.620773
v 0.30399787 0.06708531 -0.74406600 0.654821 0.615603 0.594546
v 0.27935010 0.05228618 -0.55161059 0.622404 0.609704 0.603342
v 0.30573866 0.07066003 -0.62650669 0.622910 0.601842 0.590812
v 0.22375153 0.03144142 -0.64027160 0.659566 0.645482 0.638270
v 0.24842231 0.04384607 -0.74691397 0.682338 0.647013 0.628122
v -0.24635336 0.02380117 -0.53716969 0.624145 0.615588 0.611364
v -0.30689362 0.05987338 -0.67953229 0.618820 0.589046 0.573106
v -0.27922559 0.04402046 -0.52729207 0.608012 0.598366 0.593560
v -0.30379698 0.06757721 -0.58508533 0.599472 0.584143 0.576207
v -0.22948092 0.01674917 -0.61306071 0.645181 0.632366 0.625809
v -0.25786901 0.02607732 -0.70075822 0.646330 0.616435 0.600463
v -0.18725026 0.25323766 -0.16368499 0.516661 0.515752 0.515317
v -0.20292968 0.33112258 -0.23035440 0.529518 0.527103 0.525966
v -0.16525334 0.26828760 -0.16489384 0.518169 0.516898 0.516288
v -0.18542771 0.36434430 -0.22564957 0.534162 0.530892 0.529354
v -0.22296351 0.21994358 -0.11711996 0.526132 0.525285 0.524882
v -0.18023549 0.24135232 -0.11805858 0.519175 0.518350 0.517952
v -0.22155684 0.20801109 -0.06915894 0.523161 0.522054 0.521509
v -0.23189932 0.30581558 -0.25472376 0.528614 0.526516 0.525514
v -0.21136284 0.39975613 -0.26589507 0.537973 0.534196 0.532419
v -0.24699718 0.37658393 -0.30565232 0.536652 0.533557 0.532087
v -0.24217221 0.23188096 -0.17064168 0.530434 0.529286 0.528739
v -0.25170991 0.30952373 -0.28434271 0.534885 0.532637 0.531564
v -0.25926343 0.22539586 -0.18161863 0.535453 0.533995 0.533295
v -0.24176618 0.19551271 -0.07246520 0.525241 0.524424 0.524036
v -0.25959042 0.20194852 -0.12852773 0.531692 0.530566 0.530031
v 0.18974248 0.26437414 -0.15918675 0.513155 0.512606 0.512340
v 0.19889285 0.33556122 -0.21931416 0.509291 0.508723 0.508455
v 0.16978963 0.27748209 -0.16227268 0.510270 0.509848 0.509649
v 0.18362188 0.36707395 -0.21883911 0.509727 0.508703 0.508218
v 0.22256181 0.23153484 -0.11512192 0.521944 0.521213 0.520866
v 0.18350935 0.24890280 -0.11779900 0.515222 0.514648 0.514368
v 0.22104335 0.21788841 -0.07073885 0.523227 0.522059 0.521490
v 0.22613332 0.31513840 -0.23059647 0.523737 0.522448 0.521838
v 0.20215032 0.39754567 -0.25019544 0.524328 0.521897 0.520752
v 0.23317531 0.36995217 -0.27029830 0.534502 0.531805 0.530527
v 0.23845080 0.24303067 -0.16364761 0.526972 0.526012 0.525550
v 0.24151379 0.31870964 -0.25036469 0.536063 0.534080 0.533142
v 0.25322595 0.23738635 -0.17484400 0.534974 0.533641 0.532998
v 0.24018121 0.20643896 -0.07412186 0.525943 0.524796 0.524253
v 0.25621966 0.21322608 -0.12729710 0.531729 0.530327 0.529651
v -0.33100510 -0.67448127 0.03738503 0.543766 0.541805 0.540879
v -0.38383210 -0.76601589 -0.04752019 0.527984 0.527037 0.526598
v -0.29137561 -0.69086397 0.03406803 0.524796 0.523725 0.523221
v -0.33683074 -0.82821047 -0.03738401 0.530360 0.530375 0.530382
v -0.36291832 -0.59822279 0.06878139 0.548903 0.544256 0.541924
v -0.30190915 -0.65248811 0.08839905 0.535441 0.534051 0.533336
v -0.34311023 -0.58904386 0.12384447 0.540589 0.535558 0.533010
v -0.41974673 -0.66631508 -0.08774091 0.597139 0.588180 0.583966
v -0.38858765 -0.84749293 -0.11752373 0.577816 0.577872 0.577899
v -0.44247293 -0.70521140 -0.16131182 0.617978 0.607644 0.602767
v -0.40360025 -0.57576519 -0.00122071 0.555880 0.548961 0.545600
v -0.43469197 -0.61488008 -0.12267645 0.603435 0.592968 0.588036
v -0.41875407 -0.53077757 -0.02423660 0.568282 0.560371 0.556615
v -0.36802548 -0.55408716 0.10607341 0.551163 0.545481 0.542725
v -0.40480426 -0.52094746 0.03154092 0.560061 0.553071 0.549755
v 0.32227874 -0.66150451 0.04174271 0.544579 0.542785 0.541925
v 0.38360378 -0.76819336 -0.05403050 0.549832 0.547375 0.546243
v 0.27968106 -0.67523640 0.04191473 0.525073 0.524026 0.523545
v 0.33683920 -0.83230197 -0.04880729 0.538139 0.538133 0.538128
v 0.35513398 -0.60106039 0.08847565 0.554775 0.549356 0.546604
v 0.28953779 -0.65034693 0.11153960 0.535040 0.533444 0.532607
v 0.33304483 -0.59599590 0.15529615 0.547869 0.541789 0.538680
v 0.42448655 -0.66843534 -0.09073554 0.604341 0.594582 0.589990
v 0.38453457 -0.84936529 -0.12918760 0.615584 0.615703 0.615759
v 0.44843847 -0.70847464 -0.17106575 0.644686 0.631690 0.625551
v 0.39915144 -0.57670802 0.00462386 0.561593 0.554363 0.550860
v 0.44026101 -0.61357296 -0.13101338 0.605016 0.593765 0.588464
v 0.41749376 -0.53046322 -0.02345720 0.573608 0.565420 0.561537
v 0.36099809 -0.56039548 0.13213730 0.555029 0.548687 0.545597
v 0.40016434 -0.52290916 0.04040370 0.562557 0.555055 0.551486
v -0.01075386 -0.62195331 0.81470484 0.616995 0.610535 0.607494
v -0.10874198 -0.58339125 0.84541726 0.674161 0.657175 0.649178
v -0.05275838 -0.66840583 0.78887069 0.640332 0.634797 0.632209
v -0.16776545 -0.66543555 0.84670931 0.701064 0.678903 0.668477
v 0.09481187 -0.56753427 0.83999068 0.608363 0.595833 0.589936
v 0.02332536 -0.65259987 0.78538960 0.627976 0.624024 0.622154
v 0.14575788 -0.62727106 0.83137125 0.620130 0.604891 0.597720
v 0.05672464 -0.45785874 0.86639822 0.611133 0.597564 0.591179
v -0.06181189 -0.46298668 0.86530828 0.614015 0.600039 0.593463
v 0.06170580 -0.38546699 0.88564402 0.631644 0.616288 0.609062
v -0.06542123 -0.39273700 0.89065385 0.632421 0.617487 0.610460
v 0.17187023 -0.56032640 0.84704560 0.640354 0.622180 0.613628
v 0.12213838 -0.42609140 0.87046838 0.635513 0.620387 0.613270
v -0.18253650 -0.57627487 0.84697229 0.667302 0.646924 0.637347
v -0.12531906 -0.43459246 0.86787415 0.562467 0.553849 0.549837
v -0.00043262 0.14207044 0.42764914 0.525627 0.525296 0.525133
v -0.04874734 0.13865393 0.46434334 0.535872 0.535261 0.534950
v -0.01837292 0.14375067 0.39440680 0.521876 0.521653 0.521545
v -0.07060479 0.13812947 0.43045089 0.534725 0.534438 0.534298
v 0.04766901 0.13880822 0.46291140 0.533875 0.533083 0.532668
v 0.01809375 0.14376694 0.39285961 0.522594 0.522385 0.522282
v 0.06947161 0.13836586 0.42900875 0.532237 0.531946 0.531807
v 0.03121188 0.13998884 0.53052509 0.546405 0.545643 0.545280
v -0.03231152 0.14051095 0.53275782 0.547483 0.546775 0.546439
v 0.03580954 0.13596445 0.57240367 0.560173 0.559018 0.558474
v -0.03714867 0.13725190 0.57440555 0.557941 0.556942 0.556472
v 0.08254202 0.13404965 0.46539721 0.544571 0.544204 0.544033
v 0.06730890 0.13282797 0.53956532 0.557950 0.557134 0.556749
v -0.08393051 0.13441905 0.46803269 0.549381 0.549058 0.548905
v -0.06915805 0.13413784 0.54291505 0.561380 0.560788 0.560507
v 0.00789170 -0.35154513 -0.44673568 0.588075 0.579676 0.575718
v -0.03401669 -0.30151990 -0.46160835 0.594554 0.584830 0.580255
v -0.01040158 -0.38093856 -0.43126956 0.574771 0.566811 0.563044
v -0.05617102 -0.33161381 -0.44818184 0.595019 0.585140 0.580490
v 0.04735588 -0.29835060 -0.45656255 0.590614 0.581316 0.576939
v 0.02321791 -0.37902334 -0.42935023 0.573062 0.565294 0.561619
v 0.06904099 -0.33016485 -0.44531587 0.593872 0.584370 0.579900
v 0.02875647 -0.21615823 -0.47241801 0.617998 0.606189 0.600628
v -0.01738690 -0.21573383 -0.47298312 0.620977 0.608833 0.603116
v 0.02779588 -0.15920909 -0.48067153 0.642125 0.628015 0.621376
v -0.01984370 -0.15883265 -0.48185700 0.642836 0.628623 0.621934
v 0.07729786 -0.28381458 -0.45968428 0.618475 0.606765 0.601256
v 0.05223621 -0.19168288 -0.47273645 0.639292 0.625423 0.618895
v -0.06388637 -0.28377697 -0.46252796 0.617069 0.605254 0.599692
v -0.04360566 -0.18997501 -0.47449332 0.640402 0.626532 0.620004
v 0.00382297 0.63367736 -0.81502110 0.704439 0.681605 0.670840
v -0.08165420 0.56716323 -0.82591689 0.380585 0.377934 0.376390
v -0.03201564 0.68554115 -0.78580701 0.675031 0.653248 0.642733
v -0.11767020 0.61297882 -0.80777466 0.454071 0.451218 0.449547
v 0.08650248 0.56747454 -0.82589716 0.473854 0.465261 0.460579
v 0.04498779 0.68865150 -0.78589356 0.714468 0.690467 0.678893
v 0.13419673 0.61286294 -0.79812086 0.381235 0.379987 0.379314
v 0.04523027 0.46852300 -0.84231770 0.680250 0.639778 0.619126
v -0.04577540 0.46924347 -0.84171313 0.681083 0.641572 0.621504
v 0.04468265 0.40288702 -0.84132212 0.685895 0.595514 0.546353
v -0.04775141 0.40282893 -0.84059018 0.687426 0.596079 0.546394
v 0.14533608 0.54747498 -0.83745569 0.390388 0.386163 0.383667
v 0.09172530 0.43866691 -0.84248263 0.689636 0.621237 0.584679
v -0.12864067 0.54737896 -0.82995689 0.458063 0.449849 0.445445
v -0.09231833 0.43838760 -0.84372777 0.689330 0.623246 0.588017
v 0.35796139 0.09552923 -0.33482981 0.562859 0.557983 0.555579
v 0.36218631 0.07057937 -0.26153022 0.554817 0.550510 0.548390
v 0.36021501 0.11381231 -0.34336197 0.571232 0.565795 0.563130
v 0.36431074 0.08304593 -0.26161462 0.558978 0.554123 0.551746
v 0.34284276 0.04421557 -0.27642709 0.559263 0.555983 0.554413
v 0.35626465 0.04021911 -0.23358825 0.556526 0.553452 0.551991
v 0.33845630 0.01653816 -0.25096449 0.568668 0.564949 0.563191
v 0.35627383 0.01625305 -0.20679641 0.556900 0.553782 0.552306
v 0.34402028 0.07528622 -0.34659401 0.571097 0.566240 0.563848
v 0.33118382 0.03099203 -0.28986925 0.588044 0.583937 0.581981
v 0.33351398 0.06805553 -0.36841422 0.606093 0.599631 0.596470
v 0.35642770 0.11558132 -0.38468057 0.581930 0.575947 0.573000
v 0.34314016 0.08783564 -0.40058392 0.588184 0.579846 0.575656
v 0.36557442 0.06108829 -0.22554100 0.556002 0.551348 0.549065
v 0.36068076 0.02929839 -0.19844630 0.549619 0.547198 0.546044
v 0.37819791 -0.02805214 0.31321877 0.543233 0.540346 0.538915
v 0.38431710 -0.03366100 0.26093161 0.535996 0.534185 0.533313
v 0.37274766 -0.01265401 0.29330587 0.548013 0.545433 0.544182
v 0.37941962 -0.01888230 0.23740241 0.542403 0.539935 0.538723
v 0.39439255 -0.08185979 0.34202510 0.533670 0.532382 0.531778
v 0.39372995 -0.06216925 0.27690506 0.532089 0.530485 0.529732
v 0.40028852 -0.10447916 0.34264669 0.521065 0.520194 0.519783
v 0.39981917 -0.07892798 0.26929474 0.524628 0.523109 0.522396
v 0.38369468 -0.05487040 0.36512354 0.545256 0.542963 0.541869
v 0.39609256 -0.10236055 0.37963396 0.522247 0.521446 0.521066
v 0.38285115 -0.06951596 0.40464088 0.550536 0.547803 0.546508
v 0.37134016 -0.01752321 0.33362585 0.548848 0.545678 0.544145
v 0.37585044 -0.04560597 0.39135855 0.546708 0.542772 0.540820
v 0.38491035 -0.02914125 0.22353989 0.538334 0.536306 0.535326
v 0.39484221 -0.05839142 0.23897670 0.531568 0.530103 0.529416
v -0.35352883 0.08903514 -0.32467869 0.550147 0.545544 0.543254
v -0.35785443 0.06484635 -0.25263608 0.544491 0.540501 0.538516
v -0.35450470 0.10856811 -0.33251840 0.558308 0.554040 0.551948
v -0.35823900 0.07885465 -0.25154752 0.549648 0.545682 0.543738
v -0.34257102 0.03016856 -0.27373537 0.551468 0.548909 0.547676
v -0.35585713 0.02993273 -0.22786304 0.543033 0.540830 0.539765
v -0.34249163 0.00172825 -0.25145423 0.546293 0.544750 0.544015
v -0.35845274 0.00501059 -0.20224671 0.538389 0.536975 0.536296
v -0.34219286 0.06541917 -0.33813536 0.559881 0.555175 0.552840
v -0.33291802 0.01626444 -0.28998065 0.560757 0.558410 0.557283
v -0.33158278 0.05607118 -0.36196491 0.573655 0.569090 0.566859
v -0.35291132 0.10967262 -0.37195575 0.561776 0.556220 0.553466
v -0.34076315 0.08044934 -0.38825437 0.559198 0.552315 0.548844
v -0.36111063 0.05658690 -0.21548651 0.543927 0.540086 0.538180
v -0.36099231 0.02051739 -0.19119978 0.545196 0.543417 0.542556
v -0.37699109 -0.02587237 0.32318580 0.543957 0.540663 0.539054
v -0.38269740 -0.02961892 0.27206230 0.547927 0.544475 0.542824
v -0.37178054 -0.01076758 0.30413583 0.560609 0.557747 0.556376
v -0.37774146 -0.01586707 0.24930058 0.553753 0.550230 0.548528
v -0.39459756 -0.07856794 0.34822565 0.556624 0.552490 0.550539
v -0.39282560 -0.05774409 0.28625786 0.546993 0.543807 0.542310
v -0.39986691 -0.10394628 0.34617743 0.555574 0.550999 0.548841
v -0.39832640 -0.07419454 0.27849257 0.552600 0.548387 0.546403
v -0.38285843 -0.05347774 0.37254441 0.560263 0.556270 0.554378
v -0.39614537 -0.10220696 0.38261238 0.569285 0.563855 0.561292
v -0.38345078 -0.06862377 0.41071823 0.569601 0.564805 0.562547
v -0.37024236 -0.01638167 0.34343064 0.558354 0.555045 0.553445
v -0.37550819 -0.04489615 0.39904338 0.562245 0.556702 0.554000
v -0.38280118 -0.02508438 0.23576775 0.550181 0.546502 0.544733
v -0.39333606 -0.05392563 0.25030315 0.557194 0.553771 0.552160
v -0.05079708 0.33939511 -0.14587469 0.533909 0.530965 0.529572
v -0.06470949 0.46998477 -0.17242305 0.532454 0.530389 0.529412
v -0.08636720 0.32767695 -0.14851737 0.533310 0.530523 0.529205
v -0.10859150 0.45376742 -0.17256422 0.529132 0.526269 0.524922
v 0.06399091 0.33483607 -0.15208986 0.503585 0.503051 0.502790
v 0.07499482 0.46655393 -0.18155447 0.543409 0.539148 0.537140
v 0.09780871 0.32259595 -0.15645529 0.505937 0.505633 0.505484
v 0.12086655 0.45003355 -0.17446914 0.572459 0.567742 0.565523
v 0.00724216 0.28793085 -0.12546074 0.508728 0.508154 0.507883
v -0.06573632 0.28430307 -0.11970745 0.513199 0.512338 0.511930
v -0.01253231 0.26987058 -0.07106873 0.508939 0.508502 0.508294
v 0.00549242 0.55211514 -0.20408279 0.520492 0.519021 0.518332
v -0.09442979 0.53449440 -0.19736938 0.508439 0.507412 0.506928
v -0.02116228 0.63245714 -0.22647241 0.607977 0.603250 0.601022
v 0.07862016 0.28086096 -0.12398918 0.507067 0.506722 0.506553
v 0.02475737 0.26864874 -0.07201058 0.508197 0.507807 0.507620
v 0.10524097 0.53504264 -0.20012861 0.562590 0.557352 0.554888
v 0.03359396 0.62399805 -0.24319108 0.535838 0.533845 0.532894
v -0.16619609 0.22692722 0.09868452 0.536795 0.535720 0.535211
v -0.21290413 0.18511426 0.13985783 0.531132 0.529792 0.529159
v -0.16864707 0.22624522 0.04164302 0.527905 0.527083 0.526692
v -0.21803668 0.18829173 0.08713841 0.520744 0.520043 0.519718
v -0.10158212 0.18571252 0.23203596 0.529010 0.527998 0.527521
v -0.15641066 0.15883321 0.27217025 0.532718 0.531781 0.531334
v -0.07977041 0.17297333 0.27414668 0.522591 0.521999 0.521720
v -0.13512987 0.15031952 0.31377864 0.530552 0.529930 0.529635
v -0.10639692 0.22334200 0.14598545 0.535107 0.534298 0.533917
v -0.13533464 0.23971283 0.04265222 0.525267 0.524716 0.524450
v -0.08184506 0.23744243 0.09273729 0.525596 0.524951 0.524648
v -0.21158363 0.15392989 0.22696203 0.536621 0.535448 0.534895
v -0.23529011 0.16495323 0.13206080 0.528847 0.527743 0.527221
v -0.24067517 0.13722390 0.22106400 0.537427 0.536362 0.535861
v -0.06083664 0.18918926 0.23112312 0.524636 0.523926 0.523591
v -0.06173566 0.22154981 0.14010665 0.522532 0.521905 0.521607
v -0.17211397 0.14053601 0.31210110 0.537149 0.536327 0.535932
v -0.22534829 0.13257998 0.26566541 0.539178 0.538156 0.537672
v -0.24237864 0.72787452 -0.43386644 0.566041 0.559442 0.556237
v -0.40099454 0.79851097 -0.51957619 0.810282 0.799472 0.793974
v -0.24597444 0.64641309 -0.38894939 0.557658 0.550509 0.547134
v -0.40455660 0.67296237 -0.46216851 0.595105 0.582435 0.576450
v -0.24220589 0.95737529 -0.59288859 1.000000 0.976360 0.935166
v -0.24912140 0.74971330 -0.63329798 0.571878 0.555464 0.546749
v -0.16699836 0.85054153 -0.63554662 0.658079 0.609663 0.583101
v -0.23319793 0.73933530 -0.68859988 0.626641 0.612531 0.605282
v -0.18932334 0.87060273 -0.46391791 0.698057 0.656145 0.633103
v -0.19359747 0.68050981 -0.37297872 0.561102 0.554540 0.551441
v -0.12951827 0.79017437 -0.41051918 0.606314 0.595722 0.590067
v -0.34747502 0.69074869 -0.57735366 0.774119 0.749066 0.736936
v -0.57503319 0.73511136 -0.45024800 1.000000 1.000000 1.000000
v -0.38340992 0.63387769 -0.54420692 0.693279 0.674020 0.664954
v -0.12622705 0.89541841 -0.58735025 0.600097 0.574472 0.560386
v -0.11256310 0.85605145 -0.46798614 0.670226 0.659398 0.653428
v -0.27420190 0.68023741 -0.67837012 0.596244 0.585071 0.579787
v -0.33887672 0.62371391 -0.59550220 0.648205 0.636015 0.630307
v -0.26856443 0.28757849 -0.29429391 0.565953 0.562646 0.561085
v -0.29804742 0.17847759 -0.20344283 0.557903 0.555555 0.554450
v -0.26184368 0.30863529 -0.28710666 0.563492 0.559847 0.558122
v -0.29323560 0.19547442 -0.19689511 0.554379 0.552095 0.551000
v -0.32497513 0.19976038 -0.32704890 0.583141 0.578414 0.576186
v -0.33496952 0.13400504 -0.23299184 0.569579 0.566985 0.565763
v -0.33831012 0.17665608 -0.33345166 0.576971 0.572687 0.570666
v -0.34421480 0.12199362 -0.24004723 0.560565 0.557887 0.556624
v -0.30404985 0.30235407 -0.36499831 0.603431 0.596511 0.593255
v -0.27201417 0.39561754 -0.33774135 0.559995 0.556427 0.554738
v -0.31149957 0.38992363 -0.40830475 0.615485 0.606610 0.602432
v -0.32948929 0.12274218 -0.17409831 0.561506 0.559203 0.558115
v -0.31014329 0.15181580 -0.15492558 0.552279 0.550605 0.549808
v -0.33801198 0.09690213 -0.12384941 0.557881 0.556164 0.555356
v -0.33383375 0.22291642 -0.38144189 0.594812 0.589461 0.586940
v -0.32293004 0.33221179 -0.42149454 0.613427 0.604718 0.600620
v -0.34689951 0.10179910 -0.19203928 0.562578 0.560258 0.559159
v -0.34639084 0.08622181 -0.13361174 0.558778 0.556718 0.555744
v -0.32725042 0.08670175 0.10735589 0.547702 0.546476 0.545887
v -0.33928013 0.07900032 0.04664735 0.545109 0.543898 0.543308
v -0.30468705 0.11439925 0.06324978 0.538056 0.537349 0.537014
v -0.31890672 0.10864359 0.00432102 0.536886 0.535723 0.535145
v -0.35605657 0.04005003 0.20714627 0.571075 0.569187 0.568298
v -0.36211920 0.03424507 0.14527006 0.571157 0.569460 0.568660
v -0.35888946 0.02877930 0.23384424 0.574488 0.572392 0.571405
v -0.36574215 0.02235976 0.17310293 0.572103 0.570283 0.569424
v -0.34385395 0.06173068 0.19485006 0.556766 0.554735 0.553755
v -0.30623317 0.10615647 0.11440584 0.541031 0.540001 0.539502
v -0.32518178 0.07907826 0.20501818 0.551949 0.550134 0.549242
v -0.35680717 0.05089313 0.06894270 0.554681 0.553087 0.552337
v -0.33370864 0.09176278 -0.00429479 0.543415 0.542161 0.541552
v -0.35449755 0.05761820 0.02157988 0.558332 0.556681 0.555905
v -0.35227388 0.03929150 0.25161773 0.568048 0.566184 0.565306
v -0.33768943 0.06277382 0.23998424 0.559746 0.557695 0.556696
v -0.36600590 0.02618539 0.12959158 0.561470 0.559343 0.558334
v -0.36064458 0.04404005 0.05399576 0.561899 0.560026 0.559143
v 0.16658714 0.22639364 0.09049714 0.539441 0.538354 0.537837
v 0.21026349 0.18929404 0.12948358 0.530671 0.529317 0.528678
v 0.16886280 0.22751033 0.03413627 0.528391 0.527527 0.527116
v 0.21306495 0.19369012 0.07675403 0.527219 0.525818 0.525159
v 0.10404503 0.18577158 0.22782049 0.526276 0.525414 0.525009
v 0.15589792 0.15889102 0.26491931 0.528543 0.527847 0.527512
v 0.08084289 0.17098665 0.27082229 0.525560 0.525019 0.524766
v 0.13422431 0.15032130 0.30782098 0.525571 0.525053 0.524807
v 0.11176779 0.22490680 0.14059767 0.530268 0.529391 0.528980
v 0.14023122 0.23918128 0.03748828 0.524343 0.523849 0.523612
v 0.08824396 0.23820937 0.08984986 0.524755 0.524160 0.523880
v 0.06315801 0.18888724 0.22871801 0.523121 0.522360 0.522003
v 0.06692979 0.22309887 0.13803297 0.519137 0.518514 0.518219
v 0.20802103 0.15519577 0.21633354 0.531062 0.529994 0.529486
v 0.23034930 0.17083836 0.12057671 0.530612 0.529235 0.528587
v 0.23640099 0.13841671 0.20949870 0.533424 0.532353 0.531849
v 0.16990438 0.14196175 0.30391476 0.531820 0.531075 0.530712
v 0.22157001 0.13428760 0.25520483 0.537104 0.536065 0.535569
v 0.22616979 0.74975324 -0.45241171 0.566840 0.557108 0.552100
v 0.29123166 0.69887674 -0.48289397 0.581393 0.574805 0.571584
v 0.21889660 0.64189041 -0.38617229 0.544999 0.539331 0.536641
v 0.28078961 0.60079300 -0.41973644 0.553935 0.547540 0.544498
v 0.19187085 0.86300659 -0.61258823 0.861475 0.781020 0.736594
v 0.24645168 0.76201934 -0.62291974 0.574695 0.560217 0.552576
v 0.15920106 0.81500602 -0.64704043 0.623221 0.585064 0.564002
v 0.23763143 0.73825312 -0.67948461 0.594039 0.582209 0.576307
v 0.23561987 0.97841704 -0.50171834 1.000000 0.980347 0.963920
v 0.19262776 0.69854504 -0.38512123 0.569691 0.562564 0.559131
v 0.15345074 0.83266330 -0.43473542 0.698168 0.677153 0.665598
v 0.13532518 0.85328025 -0.59014487 0.575051 0.550426 0.536840
v 0.13329628 0.90276116 -0.48659030 0.619538 0.612866 0.609182
v 0.28669906 0.81400150 -0.54751194 0.868910 0.851546 0.843045
v 0.34748754 0.61670464 -0.45551175 0.597393 0.586497 0.581300
v 0.52118456 0.75850493 -0.50058568 1.000000 1.000000 1.000000
v 0.27014998 0.69573069 -0.64903867 0.595595 0.583950 0.578465
v 0.34645313 0.68171167 -0.53768820 0.738883 0.708447 0.694228
v 0.30062416 0.27588126 -0.30265316 0.589754 0.585404 0.583355
v 0.30919713 0.18287408 -0.21766292 0.569085 0.566035 0.564598
v 0.28752041 0.29598132 -0.29524028 0.576647 0.572890 0.571118
v 0.29576856 0.20161325 -0.20827076 0.560929 0.558276 0.557028
v 0.32635266 0.19748424 -0.33351490 0.580775 0.575671 0.573263
v 0.34310013 0.13111743 -0.24522489 0.580020 0.576682 0.575108
v 0.33985612 0.17765661 -0.34152955 0.580104 0.575241 0.572946
v 0.35080457 0.12011227 -0.25247285 0.568899 0.565161 0.563391
v 0.30739295 0.29638779 -0.35910994 0.591486 0.585406 0.582546
v 0.30769095 0.35176197 -0.33430001 0.591824 0.586437 0.583897
v 0.30630821 0.39015493 -0.38243702 0.601952 0.594574 0.591103
v 0.33814305 0.12116396 -0.18794309 0.575846 0.572887 0.571495
v 0.31359389 0.15892377 -0.16790496 0.564010 0.561310 0.560039
v 0.34241778 0.10209423 -0.13934681 0.572985 0.570251 0.568964
v 0.33187571 0.22746381 -0.38485140 0.595100 0.589257 0.586501
v 0.31321612 0.34421259 -0.40400821 0.596803 0.589302 0.585771
v 0.35475761 0.09988295 -0.20607799 0.575396 0.572153 0.570615
v 0.35206151 0.08906242 -0.14991260 0.572748 0.569979 0.568673
v 0.32099473 0.09779000 0.09245391 0.547570 0.545746 0.544887
v 0.33372048 0.09104010 0.03264928 0.552955 0.550936 0.549985
v 0.29983944 0.12584442 0.05119462 0.541417 0.539759 0.538977
v 0.31312284 0.12169486 -0.00787471 0.546829 0.544789 0.543826
v 0.35387033 0.04429731 0.19391102 0.557926 0.556411 0.555696
v 0.36090600 0.03717312 0.13182296 0.561106 0.559512 0.558761
v 0.35837471 0.03078046 0.22177745 0.557786 0.556322 0.555632
v 0.36542153 0.02323055 0.16001941 0.560794 0.559043 0.558213
v 0.33677325 0.07128173 0.17900272 0.547395 0.545839 0.545097
v 0.29922643 0.11766720 0.09984714 0.540347 0.538522 0.537641
v 0.31554031 0.08955967 0.18823197 0.545984 0.544484 0.543763
v 0.35642737 0.05618608 0.05537009 0.558042 0.556040 0.555097
v 0.32800531 0.10514361 -0.01799049 0.552039 0.549843 0.548806
v 0.35457093 0.06216609 0.00807511 0.562713 0.560555 0.559539
v 0.34977520 0.04256043 0.23824628 0.557010 0.555455 0.554719
v 0.33148417 0.07032156 0.22501194 0.547468 0.545901 0.545150
v 0.36602342 0.02754885 0.11579905 0.557510 0.555513 0.554564
v 0.36115462 0.04664373 0.04032556 0.560246 0.558240 0.557294
v -0.08883899 -0.70574027 0.05974744 0.500555 0.500555 0.500555
v -0.09035768 -0.71368945 -0.06642901 0.500949 0.500949 0.500949
v -0.14128661 -0.70872527 0.05179239 0.508135 0.508134 0.508134
v -0.13804027 -0.75821781 -0.07055184 0.512060 0.512060 0.512060
v 0.07346840 -0.70638084 0.07128980 0.500301 0.500301 0.500301
v 0.08330635 -0.70744717 -0.05759654 0.501028 0.501028 0.501028
v 0.12501487 -0.70550001 0.06745216 0.505661 0.505661 0.505661
v 0.12951036 -0.76010716 -0.06350351 0.517644 0.517644 0.517644
v -0.00921880 -0.70481193 0.13629083 0.500587 0.500587 0.500587
v -0.11606464 -0.70124632 0.12095345 0.500550 0.500550 0.500550
v -0.03766409 -0.70683360 0.20164889 0.500545 0.500545 0.500545
v -0.00319936 -0.66601980 -0.11708556 0.501070 0.501070 0.501070
v -0.11196703 -0.74350148 -0.12650746 0.535566 0.535552 0.535546
v -0.04072476 -0.65546852 -0.17091559 0.504556 0.504555 0.504554
v 0.09734296 -0.70272952 0.14015040 0.501616 0.501616 0.501616
v 0.01569242 -0.70779526 0.20914605 0.500125 0.500125 0.500125
v 0.10918489 -0.73415536 -0.12263021 0.534509 0.534508 0.534507
v 0.03550053 -0.65577561 -0.16925098 0.503443 0.503443 0.503443
v -0.21995741 -0.66110104 0.36360094 0.526920 0.526049 0.525586
v -0.28233808 -0.61182880 0.39091417 0.552578 0.547867 0.545461
v -0.23719865 -0.65057319 0.28762895 0.526010 0.522519 0.520636
v -0.29330087 -0.59599859 0.31599745 0.540332 0.534650 0.531795
v -0.17621049 -0.82919532 0.54972857 0.684660 0.684310 0.684147
v -0.28760332 -0.84530115 0.58755726 0.620378 0.619802 0.619533
v -0.12230372 -0.93153626 0.62295735 0.665706 0.665445 0.665324
v -0.30180329 -0.91286463 0.66701931 0.787522 0.787216 0.787071
v -0.15675609 -0.70191383 0.45813373 0.525575 0.525214 0.525045
v -0.19752827 -0.68018109 0.30542356 0.528997 0.528549 0.528307
v -0.12587963 -0.70587945 0.39363223 0.506307 0.506291 0.506284
v -0.31557530 -0.65173453 0.48951152 0.642415 0.629323 0.623053
v -0.31488711 -0.57238454 0.35749385 0.557510 0.551204 0.548121
v -0.33876872 -0.57709765 0.45821172 0.600688 0.590848 0.586142
v -0.11062545 -0.79407322 0.57835048 0.679926 0.679823 0.679775
v -0.10140468 -0.71854013 0.46482098 0.528426 0.528418 0.528415
v -0.35819903 -0.82020754 0.62492955 0.643498 0.637054 0.633995
v -0.34734705 -0.62196785 0.52337843 0.658611 0.642930 0.635521
v -0.20491013 -0.71938097 -0.34781474 0.585577 0.574378 0.569164
v -0.28078955 -0.61389065 -0.36491764 0.744705 0.712881 0.697901
v -0.25623953 -0.81517410 -0.34810948 0.565238 0.565833 0.566123
v -0.32917625 -0.68340898 -0.36580765 0.835853 0.805958 0.791878
v -0.10873330 -0.52629179 -0.36518919 0.593633 0.581563 0.575858
v -0.16856168 -0.45994857 -0.38114291 0.624913 0.610026 0.603021
v -0.08122655 -0.48312181 -0.37930334 0.579667 0.568870 0.563791
v -0.13709846 -0.42221069 -0.39540875 0.600606 0.588369 0.582609
v -0.11914577 -0.62751496 -0.33532044 0.605788 0.595124 0.590097
v -0.17352271 -0.79105663 -0.32211620 0.522760 0.522388 0.522192
v -0.10035251 -0.66074300 -0.30752012 0.591153 0.585205 0.582403
v -0.25070971 -0.47826558 -0.36755222 0.673668 0.652416 0.642414
v -0.34469771 -0.57081676 -0.35644701 0.808690 0.777733 0.763166
v -0.29991236 -0.44175518 -0.35739356 0.686768 0.665039 0.654812
v -0.06417885 -0.52800381 -0.36231518 0.563519 0.554303 0.549950
v -0.07248864 -0.61104363 -0.32416219 0.564745 0.560464 0.558444
v -0.17896280 -0.40208000 -0.39394715 0.623292 0.609523 0.603044
v -0.25827622 -0.40756577 -0.37280709 0.658835 0.640376 0.631691
v -0.43738911 -0.34450814 -0.18243653 0.597038 0.587016 0.582301
v -0.44437438 -0.30429783 -0.09445792 0.584130 0.575524 0.571474
v -0.44613257 -0.41167003 -0.17347424 0.597970 0.587577 0.582687
v -0.44605336 -0.36330098 -0.08101363 0.586200 0.577015 0.572692
v -0.38461417 -0.17005002 -0.20234427 0.525817 0.524279 0.523554
v -0.41076422 -0.13957278 -0.13267902 0.515066 0.513791 0.513191
v -0.36925641 -0.12028927 -0.21032964 0.530389 0.529038 0.528401
v -0.39019102 -0.09916233 -0.14715829 0.522097 0.520969 0.520439
v -0.39734015 -0.26653093 -0.23181768 0.601495 0.592981 0.588926
v -0.43027765 -0.39783025 -0.22346565 0.616837 0.605557 0.600247
v -0.39022735 -0.30912760 -0.26977801 0.639698 0.627812 0.622217
v -0.43247104 -0.20252246 -0.07726748 0.512367 0.510446 0.509525
v -0.44654348 -0.31057745 -0.04638574 0.585544 0.576825 0.572722
v -0.43872678 -0.21060935 -0.03195463 0.513703 0.511619 0.510631
v -0.36504996 -0.15417132 -0.24019444 0.529626 0.528198 0.527524
v -0.37448445 -0.24711922 -0.27071095 0.579484 0.572184 0.568761
v -0.40264648 -0.10901122 -0.10709086 0.517274 0.516092 0.515532
v -0.42723399 -0.16196764 -0.04907487 0.513476 0.511943 0.511217
v -0.39681318 -0.37957412 0.23801720 0.569558 0.561363 0.557500
v -0.41341621 -0.32828820 0.15646715 0.566604 0.558832 0.555166
v -0.38887414 -0.42357373 0.20837592 0.568503 0.560712 0.557019
v -0.41144139 -0.37337792 0.12772608 0.570112 0.562147 0.558385
v -0.40988222 -0.24838117 0.30572873 0.576481 0.568082 0.564127
v -0.41376624 -0.20222244 0.22525914 0.558534 0.552336 0.549408
v -0.40928829 -0.20805246 0.32065171 0.566637 0.559488 0.556127
v -0.41187567 -0.16386087 0.24242195 0.561294 0.555327 0.552516
v -0.39979908 -0.34073812 0.31975701 0.585374 0.575879 0.571394
v -0.38141230 -0.42920589 0.26645017 0.573054 0.564989 0.561168
v -0.38837326 -0.39321625 0.35318434 0.590384 0.580923 0.576443
v -0.41878554 -0.23833285 0.15597586 0.516817 0.514134 0.512867
v -0.42137194 -0.32482684 0.10421301 0.562365 0.555387 0.552078
v -0.42335606 -0.23354295 0.10760325 0.517434 0.515301 0.514293
v -0.40669867 -0.25175986 0.35615823 0.568010 0.560347 0.556749
v -0.39801377 -0.34602278 0.37620056 0.588283 0.578153 0.573372
v -0.41376597 -0.16000800 0.19687165 0.544944 0.540440 0.538325
v -0.41999298 -0.19287865 0.13088481 0.517832 0.515847 0.514914
v 0.19376597 -0.69617593 0.47041911 0.534666 0.533909 0.533531
v 0.28302267 -0.68596637 0.50001442 0.617613 0.610396 0.606997
v 0.21491522 -0.67197156 0.37174311 0.529616 0.529212 0.529001
v 0.27923268 -0.62506914 0.41453120 0.546326 0.543399 0.541938
v 0.12407446 -0.88375783 0.65134120 0.654016 0.653762 0.653642
v 0.29538882 -0.95185250 0.76374888 0.801722 0.801927 0.802023
v 0.10975018 -0.83150566 0.71213448 0.522519 0.521927 0.521648
v 0.24126738 -0.88836014 0.84821177 0.682245 0.681833 0.681635
v 0.12945077 -0.77499032 0.52333170 0.657107 0.655349 0.654525
v 0.16896833 -0.69325238 0.38047281 0.522625 0.522513 0.522459
v 0.09550476 -0.72333235 0.45222420 0.516272 0.516231 0.516212
v 0.08556645 -0.76664931 0.64394474 0.546758 0.546494 0.546369
v 0.07518074 -0.74734318 0.50802487 0.528097 0.527967 0.527906
v 0.37218696 -0.76196468 0.61659199 0.744124 0.738763 0.736233
v 0.31621873 -0.61875790 0.45260257 0.623734 0.613076 0.607798
v 0.37846673 -0.63987774 0.57425451 0.797352 0.772536 0.760843
v 0.32481566 -0.80557579 0.79901147 0.652099 0.643043 0.638779
v 0.41325122 -0.67892158 0.67611945 0.704455 0.676776 0.663747
v 0.19969448 -0.71441835 -0.35314313 0.654576 0.635038 0.625861
v 0.27275681 -0.60426265 -0.36452261 0.723896 0.695177 0.681659
v 0.23152998 -0.82276058 -0.34940797 0.572726 0.571046 0.570288
v 0.32226729 -0.66662014 -0.36360464 0.807676 0.774612 0.759043
v 0.10981807 -0.52341998 -0.36748499 0.591468 0.579647 0.574063
v 0.16992012 -0.45539638 -0.38330099 0.620042 0.605843 0.599159
v 0.08502149 -0.48170131 -0.38080776 0.580468 0.569990 0.565058
v 0.14204279 -0.41947070 -0.39769378 0.600494 0.588646 0.583068
v 0.12073822 -0.61971140 -0.33330625 0.601596 0.590950 0.585935
v 0.18081486 -0.78240186 -0.31632373 0.530580 0.528810 0.527977
v 0.10684760 -0.65042305 -0.30114400 0.589915 0.584087 0.581339
v 0.06564201 -0.52652884 -0.36318457 0.567328 0.558227 0.553940
v 0.07329844 -0.60584766 -0.32319087 0.560828 0.556747 0.554819
v 0.24654613 -0.47108784 -0.36952227 0.658667 0.639409 0.630345
v 0.32994831 -0.55823302 -0.35642207 0.764825 0.736818 0.723632
v 0.29352367 -0.43427941 -0.35995269 0.670595 0.650859 0.641572
v 0.18266077 -0.39741710 -0.39532903 0.619623 0.606415 0.600201
v 0.25567144 -0.40086463 -0.37271810 0.646420 0.629482 0.621511
v 0.43342024 -0.33729765 -0.19290948 0.596856 0.587080 0.582479
v 0.44993514 -0.29769263 -0.10581955 0.583048 0.574436 0.570383
v 0.44783166 -0.40343562 -0.18724133 0.598644 0.588479 0.583693
v 0.45230135 -0.35733441 -0.09089757 0.583598 0.574547 0.570279
v 0.37879762 -0.16353294 -0.20638146 0.561009 0.555861 0.553473
v 0.40027472 -0.13863938 -0.13967769 0.574394 0.567729 0.564604
v 0.36307201 -0.11177960 -0.21124685 0.539265 0.536628 0.535389
v 0.38185650 -0.09341797 -0.15142582 0.561871 0.556920 0.554602
v 0.39935389 -0.25649428 -0.23677933 0.611713 0.601861 0.597223
v 0.42814863 -0.38883290 -0.23633900 0.616896 0.605851 0.600651
v 0.38701189 -0.30104920 -0.27485219 0.642787 0.630651 0.624939
v 0.44291255 -0.19423825 -0.08476726 0.576830 0.569094 0.565454
v 0.45258859 -0.30514443 -0.05467530 0.587064 0.578150 0.573954
v 0.44139695 -0.20548376 -0.04069916 0.574464 0.567043 0.563547
v 0.35929567 -0.14645290 -0.24060860 0.554371 0.550649 0.548889
v 0.37197772 -0.23918313 -0.27372727 0.626416 0.615106 0.609782
v 0.39559162 -0.10481071 -0.11389586 0.571101 0.565210 0.562439
v 0.43220788 -0.15334849 -0.05737359 0.573064 0.566168 0.562923
v 0.39219898 -0.39266661 0.26944074 0.573316 0.564246 0.559971
v 0.40985453 -0.33440483 0.17021920 0.540057 0.534253 0.531484
v 0.38484341 -0.43646806 0.24235189 0.568708 0.560337 0.556392
v 0.40847769 -0.37958497 0.14299108 0.573741 0.565237 0.561209
v 0.40442020 -0.25592703 0.32129019 0.509608 0.507239 0.506121
v 0.41120017 -0.20541221 0.22885726 0.505700 0.503912 0.503072
v 0.40515578 -0.21259804 0.33038107 0.506870 0.505212 0.504431
v 0.40974087 -0.16618374 0.24180751 0.508941 0.507425 0.506712
v 0.39502838 -0.35290423 0.35355142 0.585230 0.575347 0.570691
v 0.37875399 -0.44633669 0.31099233 0.573530 0.564466 0.560193
v 0.38656524 -0.41000557 0.40234399 0.598629 0.587603 0.582402
v 0.41748577 -0.24059452 0.15960059 0.513101 0.510546 0.509337
v 0.41828018 -0.32822233 0.11151034 0.569248 0.561472 0.557807
v 0.42179516 -0.23427878 0.10735279 0.558290 0.552108 0.549199
v 0.40156752 -0.25807416 0.37480003 0.509699 0.507288 0.506149
v 0.39246026 -0.35833168 0.41582114 0.594029 0.583233 0.578150
v 0.41280866 -0.16028002 0.19369915 0.515418 0.513297 0.512301
v 0.41849315 -0.19395491 0.12841356 0.549452 0.544312 0.541893
v 0.06437862 -0.07401844 0.88514185 0.673083 0.657727 0.650501
v -0.07122158 -0.07718982 0.89017206 0.672242 0.656546 0.649156
v 0.07438460 -0.14278680 0.93805265 0.732822 0.712570 0.703039
v -0.08103900 -0.14706448 0.94300115 0.730025 0.709049 0.699178
v 0.05269499 0.07205912 0.75094289 0.627776 0.621874 0.619096
v -0.05557613 0.06973320 0.75278211 0.620367 0.614699 0.612033
v 0.04855645 0.09880049 0.70389867 0.610125 0.606912 0.605399
v -0.05082423 0.09808999 0.70597303 0.609226 0.606138 0.604686
v 0.11750600 0.01171834 0.80497241 0.578830 0.572038 0.568845
v 0.12964149 -0.10827063 0.87888014 0.639415 0.622994 0.615267
v 0.17497501 -0.01714104 0.80190641 0.584998 0.578574 0.575533
v -0.11977417 0.00427508 0.80857533 0.529693 0.526576 0.525116
v -0.13594195 -0.11887394 0.88421839 0.640321 0.623621 0.615763
v -0.17872661 -0.02725885 0.80883896 0.515597 0.515268 0.515111
v 0.10146260 0.08308759 0.71689403 0.629965 0.625038 0.622719
v 0.16322246 0.02562839 0.76134646 0.542060 0.540998 0.540498
v -0.10320277 0.08015491 0.72062320 0.634874 0.630015 0.627732
v -0.16708624 0.02142685 0.76969385 0.547392 0.546616 0.546248
v 0.35806698 -0.35858312 0.73202342 0.643922 0.631218 0.625240
v 0.32557371 -0.24860325 0.76225239 0.638743 0.624596 0.617938
v 0.33948621 -0.41926947 0.77207553 0.659923 0.646248 0.639814
v 0.29284281 -0.29458553 0.80906707 0.654459 0.638796 0.631427
v 0.38825220 -0.22399749 0.57197535 0.566270 0.559174 0.555818
v 0.37494713 -0.15085836 0.60106570 0.582646 0.574502 0.570660
v 0.39260581 -0.18838049 0.51884532 0.500702 0.499650 0.499156
v 0.37690699 -0.12766922 0.54656529 0.550010 0.545287 0.543073
v 0.37905949 -0.33011448 0.63968462 0.608049 0.596322 0.590802
v 0.36396170 -0.44434536 0.74477988 0.649507 0.637654 0.632077
v 0.37285593 -0.40320483 0.65582603 0.612148 0.599722 0.593874
v 0.39301598 -0.23942174 0.52639359 0.529391 0.525132 0.523133
v 0.38249841 -0.34742525 0.59110713 0.605865 0.594021 0.588447
v 0.35272002 -0.14420828 0.70006603 0.625541 0.613595 0.607973
v 0.29498595 -0.21124728 0.80597544 0.641340 0.626024 0.618816
v 0.32018000 -0.11328316 0.73659909 0.633339 0.620855 0.614979
v 0.36255896 -0.10650402 0.58323860 0.581920 0.574565 0.571103
v 0.33585116 -0.09390634 0.67718041 0.608613 0.598253 0.593379
v -0.36599934 -0.37834314 0.72196126 0.636774 0.622547 0.615884
v -0.33380175 -0.26673564 0.76864731 0.601665 0.590392 0.585124
v -0.34719667 -0.43771294 0.77527678 0.674114 0.660472 0.654046
v -0.29621717 -0.31168076 0.81311262 0.503149 0.502124 0.501635
v -0.39016736 -0.23264226 0.55911362 0.562790 0.555173 0.551595
v -0.37822461 -0.15814221 0.60245240 0.597724 0.587555 0.582767
v -0.39341596 -0.19408360 0.50972903 0.515499 0.512745 0.511447
v -0.37895966 -0.13242002 0.54813969 0.592897 0.583959 0.579753
v -0.38926566 -0.34318370 0.60799682 0.625552 0.611333 0.604641
v -0.38255972 -0.47056746 0.71887356 0.694815 0.674853 0.665460
v -0.39543781 -0.41490626 0.59870106 0.636553 0.620670 0.613196
v -0.39597273 -0.24493596 0.50817633 0.518910 0.515328 0.513671
v -0.39443666 -0.35311329 0.54847556 0.615009 0.601786 0.595563
v -0.35596853 -0.15769103 0.70709556 0.641402 0.627816 0.621424
v -0.29702124 -0.23207256 0.81042761 0.631834 0.618070 0.611589
v -0.32350430 -0.12703454 0.74603999 0.645149 0.631646 0.625295
v -0.36504105 -0.11188762 0.58830190 0.596085 0.586790 0.582418
v -0.33747721 -0.10479894 0.68524295 0.602455 0.592474 0.587772
v 0.22846363 0.08903083 0.45367891 0.561923 0.559509 0.558372
v 0.22358303 0.07803243 0.53680849 0.582714 0.579838 0.578483
v 0.19395642 0.10412204 0.46133831 0.563077 0.561367 0.560561
v 0.18524626 0.09548292 0.54339033 0.581079 0.579009 0.578035
v 0.31774861 0.03893566 0.41601020 0.574425 0.571985 0.570818
v 0.31353217 0.01656158 0.48934060 0.583070 0.578880 0.576871
v 0.33863449 0.02360825 0.39762822 0.577445 0.574846 0.573619
v 0.33562782 -0.00124560 0.46734855 0.574094 0.569942 0.567982
v 0.27927908 0.07192850 0.39968249 0.564727 0.562956 0.562123
v 0.21490669 0.10251442 0.41804120 0.554882 0.553133 0.552305
v 0.26671201 0.08739021 0.36655313 0.554416 0.552750 0.551965
v 0.33021292 0.03992933 0.37164754 0.571815 0.569639 0.568602
v 0.29663906 0.07181051 0.35662189 0.561464 0.559774 0.558976
v 0.26939583 0.03531857 0.55721986 0.587913 0.583606 0.581575
v 0.19942333 0.08037859 0.58300698 0.590679 0.587648 0.586221
v 0.25130013 0.03568251 0.60907215 0.588955 0.583380 0.580752
v 0.32435524 -0.00750665 0.51553893 0.579316 0.574250 0.571858
v 0.28345740 0.01040297 0.58951378 0.580406 0.574228 0.571292
v -0.22880708 0.08559737 0.46101162 0.566492 0.564492 0.563549
v -0.22061466 0.07253350 0.54154235 0.595102 0.592264 0.590928
v -0.19391297 0.10104445 0.46684915 0.567059 0.565509 0.564779
v -0.18504243 0.09248027 0.54921561 0.592316 0.589955 0.588843
v -0.31652415 0.03668892 0.42508003 0.590181 0.587306 0.585930
v -0.31174102 0.01407820 0.49690610 0.596178 0.591755 0.589628
v -0.33661142 0.02174103 0.40702862 0.593728 0.591045 0.589777
v -0.33345714 -0.00399269 0.47515154 0.587999 0.583848 0.581890
v -0.27962890 0.06804049 0.40856355 0.576693 0.574845 0.573973
v -0.21458144 0.09871835 0.42418620 0.558084 0.556754 0.556124
v -0.26718813 0.08232346 0.37533659 0.564636 0.562902 0.562084
v -0.32965469 0.03819573 0.38181663 0.588652 0.586277 0.585141
v -0.29743826 0.06682816 0.36664358 0.572689 0.570850 0.569982
v -0.26866549 0.03227311 0.56442934 0.587333 0.583822 0.582165
v -0.19824702 0.07621661 0.58838290 0.600574 0.597670 0.596303
v -0.25039041 0.03185877 0.61567450 0.566756 0.564108 0.562860
v -0.32255781 -0.01094213 0.52277249 0.586408 0.581500 0.579188
v -0.28287965 0.00620438 0.59669048 0.558466 0.555058 0.553420
v 0.02591493 0.02736431 -0.60652930 0.613278 0.601583 0.595810
v -0.02942453 0.02886789 -0.60596848 0.612217 0.600549 0.594765
v 0.02364600 0.00172473 -0.54518664 0.623533 0.613610 0.608935
v -0.02640687 0.00397952 -0.54373717 0.618466 0.608997 0.604533
v 0.03304162 0.12914950 -0.79140246 0.723879 0.623068 0.568241
v -0.04080248 0.13599832 -0.78634804 0.709030 0.614307 0.562790
v 0.03696019 0.19165859 -0.81821710 0.754199 0.635755 0.571338
v -0.04592284 0.19565590 -0.82029825 0.759440 0.641225 0.576932
v 0.06268612 0.06454749 -0.70391428 0.622684 0.578566 0.554686
v 0.05166025 0.01135595 -0.57298648 0.615021 0.606355 0.602258
v 0.09187975 0.03170125 -0.67667830 0.679635 0.656904 0.645016
v -0.06786449 0.06595680 -0.70222151 0.619098 0.577860 0.555522
v -0.05504920 0.01312594 -0.57199776 0.608882 0.600649 0.596747
v -0.09575692 0.03693121 -0.67151523 0.635429 0.614027 0.602699
v 0.07409921 0.15445668 -0.80992770 0.739051 0.629623 0.570111
v 0.10134245 0.06619136 -0.74166316 0.703803 0.635345 0.598171
v -0.08454491 0.16031937 -0.80305237 0.757165 0.642981 0.580881
v -0.10629585 0.06733549 -0.73964918 0.695239 0.629337 0.593545
v 0.19188447 -0.15333250 -0.40628594 0.644606 0.630161 0.623364
v 0.15116212 -0.05992748 -0.42225298 0.646761 0.633126 0.626709
v 0.16283397 -0.18974182 -0.42406851 0.648113 0.632967 0.625840
v 0.12433305 -0.09417447 -0.43849868 0.654649 0.638928 0.631528
v 0.27214411 -0.05544084 -0.35547328 0.595600 0.588536 0.585214
v 0.24700001 0.01275383 -0.41539732 0.611339 0.604794 0.601708
v 0.29090321 -0.02885343 -0.33965424 0.593004 0.587892 0.585479
v 0.27477831 0.02981019 -0.41187254 0.614111 0.607511 0.604366
v 0.25292316 -0.14548856 -0.37045872 0.634022 0.620663 0.614371
v 0.19567984 -0.21843508 -0.40844050 0.638692 0.623983 0.617061
v 0.25905582 -0.20783368 -0.37449819 0.640855 0.626514 0.619766
v 0.29807988 -0.08012229 -0.33031735 0.563030 0.559214 0.557438
v 0.28765902 -0.17028743 -0.35447228 0.636397 0.623436 0.617335
v 0.18946362 0.00462110 -0.46759975 0.615227 0.609348 0.606579
v 0.11918060 -0.03325979 -0.44789231 0.627232 0.615650 0.610200
v 0.16681258 0.00415173 -0.53090751 0.630857 0.624595 0.621646
v 0.26000565 0.03410147 -0.47996601 0.621674 0.613863 0.610101
v 0.20495227 0.01986700 -0.54779840 0.652652 0.645759 0.642472
v -0.19102469 -0.15665948 -0.41840550 0.647467 0.632733 0.625799
v -0.15520240 -0.06140399 -0.43671164 0.637817 0.624552 0.618312
v -0.16051044 -0.19025141 -0.43351158 0.642528 0.627138 0.619897
v -0.12743184 -0.09646843 -0.45325387 0.646853 0.631635 0.624474
v -0.26861808 -0.06580029 -0.36219424 0.566159 0.561292 0.559006
v -0.25071356 0.00286017 -0.41828728 0.597701 0.592624 0.590221
v -0.28725445 -0.03777970 -0.33880147 0.562632 0.559460 0.557964
v -0.27741477 0.01871526 -0.41133910 0.586758 0.582264 0.580123
v -0.25223121 -0.15457124 -0.38137531 0.562236 0.555479 0.552283
v -0.19332652 -0.22112247 -0.41896456 0.641534 0.626212 0.619000
v -0.26045132 -0.21564564 -0.38531998 0.612718 0.600889 0.595303
v -0.29513583 -0.09171325 -0.33557174 0.538574 0.536412 0.535400
v -0.28614584 -0.18016204 -0.36045390 0.531374 0.527492 0.525682
v -0.19308773 -0.00096676 -0.46419901 0.592081 0.587501 0.585348
v -0.12370841 -0.03190821 -0.45922229 0.618438 0.607385 0.602186
v -0.17032038 0.00053139 -0.52457070 0.601973 0.596893 0.594504
v -0.26213029 0.02502316 -0.46965891 0.610185 0.604008 0.601044
v -0.20932898 0.00912032 -0.53534049 0.630849 0.624958 0.622154
v 0.30569953 0.40039018 -0.83727390 0.718143 0.694372 0.682497
v 0.24107631 0.29548120 -0.96401054 0.865451 0.756546 0.697324
v 0.26443231 0.44437402 -0.85171574 0.739976 0.720721 0.711577
v 0.21459343 0.34076735 -0.89277661 0.739976 0.644949 0.593259
v 0.38210875 0.23890519 -0.67883217 0.636283 0.619628 0.611344
v 0.36678731 0.13244429 -0.76121086 0.685156 0.640310 0.616123
v 0.36991027 0.19772489 -0.59044206 0.625319 0.615051 0.610074
v 0.37301803 0.11577644 -0.64057183 0.636281 0.613867 0.602110
v 0.37009850 0.36852968 -0.71552253 0.652649 0.638072 0.631217
v 0.30266875 0.47434592 -0.78124595 0.663220 0.647776 0.640517
v 0.34904718 0.44350475 -0.66143328 0.649095 0.634932 0.628266
v 0.36545953 0.25468403 -0.58568513 0.625855 0.615811 0.611068
v 0.35708612 0.38027364 -0.61713463 0.643044 0.630100 0.624009
v 0.28325492 0.14094765 -0.90985686 0.824873 0.726264 0.672630
v 0.20472133 0.26487377 -0.89797240 0.751308 0.629168 0.562776
v 0.23562795 0.12394547 -0.86957479 0.869387 0.759650 0.699963
v 0.33787221 0.09378488 -0.69712394 0.646214 0.613484 0.595996
v 0.28057826 0.08239666 -0.88600117 0.800496 0.733031 0.696439
v -0.33371258 0.39142457 -0.85186976 0.708420 0.687378 0.677057
v -0.26274750 0.28511742 -0.92628056 0.874462 0.766044 0.707065
v -0.25695667 0.41598797 -0.82362884 0.738818 0.719763 0.710744
v -0.23184806 0.32270673 -0.90075660 0.790306 0.696556 0.645578
v -0.37551296 0.22651887 -0.63624781 0.620099 0.607939 0.602128
v -0.37631431 0.13963240 -0.69381785 0.655878 0.622435 0.604603
v -0.36328757 0.19136947 -0.55909961 0.610969 0.601831 0.597442
v -0.35198948 0.12665939 -0.59560406 0.623473 0.605744 0.596598
v -0.36840355 0.34050649 -0.69519544 0.635690 0.622215 0.615876
v -0.31578147 0.46032792 -0.79057199 0.672322 0.656383 0.648885
v -0.34955078 0.41178501 -0.67109364 0.635921 0.622711 0.616495
v -0.36192942 0.24098170 -0.56346238 0.616728 0.607644 0.603362
v -0.35563457 0.35089853 -0.61659992 0.624441 0.612612 0.607046
v -0.29525733 0.14720412 -0.85136122 0.731666 0.655037 0.613359
v -0.23007813 0.24286763 -0.90021700 0.832408 0.707700 0.639907
v -0.27191919 0.06246849 -0.88711095 0.863955 0.778272 0.731678
v -0.33784372 0.09661822 -0.64252174 0.612888 0.589895 0.577722
v -0.29900998 0.04800012 -0.79052526 0.685386 0.634523 0.606952
v 0.37669414 0.01731130 -0.06615606 0.550933 0.546588 0.544463
v 0.38346279 -0.01305755 -0.04714929 0.550852 0.547873 0.546459
v 0.37344408 0.02787344 -0.10711987 0.552407 0.547413 0.544958
v 0.37787658 -0.00329192 -0.08614760 0.549083 0.546025 0.544572
v 0.38455051 -0.00791584 0.05894979 0.541286 0.537444 0.535531
v 0.39400792 -0.03576355 0.07458770 0.539044 0.536992 0.536025
v 0.38511252 -0.01422634 0.10067882 0.537450 0.533610 0.531681
v 0.39510173 -0.04329959 0.11622431 0.535086 0.533365 0.532553
v 0.37781954 0.01619563 -0.01316057 0.558620 0.554865 0.553021
v 0.37278205 0.03595909 -0.09809147 0.560693 0.556333 0.554233
v 0.37329882 0.03143920 -0.04468675 0.567399 0.563771 0.562008
v 0.38032538 0.00131781 0.07211026 0.549328 0.545728 0.543949
v 0.37447721 0.02297194 -0.00071094 0.563915 0.560266 0.558473
v 0.39534181 -0.04446813 0.02044622 0.548494 0.546011 0.544846
v 0.38488561 -0.02644072 -0.05852134 0.550791 0.547638 0.546149
v 0.40026170 -0.06601803 0.00523799 0.557038 0.553230 0.551440
v 0.40033418 -0.05793237 0.10270239 0.536407 0.534202 0.533169
v 0.40409189 -0.07233129 0.04666294 0.552107 0.548509 0.546822
v -0.37426257 0.01692036 -0.05196128 0.540400 0.536956 0.535240
v -0.38189048 -0.01547209 -0.03343355 0.537681 0.536024 0.535231
v -0.37042606 0.02619472 -0.09417409 0.536731 0.533247 0.531497
v -0.37614095 -0.00711794 -0.07366592 0.533712 0.532345 0.531685
v -0.38222337 -0.00673115 0.07417874 0.547058 0.543015 0.541002
v -0.39355004 -0.03473889 0.09006517 0.555526 0.552771 0.551472
v -0.38297409 -0.01222154 0.11591390 0.547027 0.542292 0.539927
v -0.39507997 -0.04025265 0.13082106 0.553382 0.550399 0.548996
v -0.37459433 0.01671096 0.00170781 0.546219 0.543168 0.541653
v -0.36865532 0.03578351 -0.08428050 0.541840 0.539209 0.537916
v -0.36898714 0.03307679 -0.02907689 0.554465 0.551763 0.550425
v -0.37822443 0.00287393 0.08701589 0.546035 0.542377 0.540556
v -0.37115157 0.02434319 0.01409930 0.554045 0.551523 0.550279
v -0.39553124 -0.04446321 0.03535224 0.551303 0.549107 0.548075
v -0.38314748 -0.02999072 -0.04547836 0.529188 0.528063 0.527525
v -0.40040636 -0.06708591 0.01866272 0.537097 0.535396 0.534595
v -0.40090436 -0.05674541 0.11727349 0.548415 0.545489 0.544114
v -0.40459085 -0.07195286 0.06039255 0.549229 0.546598 0.545361
v -0.12946607 0.26474297 -0.11981606 0.514731 0.514041 0.513713
v -0.14879073 0.24575847 -0.06715122 0.520352 0.519761 0.519482
v -0.16884956 0.47435614 -0.23228890 0.540868 0.536416 0.534323
v -0.19605036 0.51640707 -0.29032511 0.545254 0.539984 0.537503
v -0.11880100 0.25733912 -0.06667115 0.518367 0.517855 0.517613
v -0.16290568 0.55208898 -0.26980773 0.535195 0.531015 0.529052
v -0.24127808 0.17468160 0.02910697 0.517275 0.516610 0.516278
v -0.26238489 0.15831667 0.02414158 0.522779 0.522002 0.521615
v -0.26217374 0.14977461 0.07554691 0.524465 0.523516 0.523031
v -0.32139182 0.50366718 -0.41056603 0.597915 0.591723 0.588782
v -0.30262375 0.40747270 -0.34158316 0.597691 0.590940 0.587746
v -0.35110149 0.51399577 -0.38774949 0.694404 0.683794 0.678783
v -0.29063776 0.18051124 -0.14256443 0.542910 0.541511 0.540843
v -0.29404795 0.15870893 -0.09137870 0.534657 0.533607 0.533105
v -0.30766907 0.14416403 -0.09838160 0.543461 0.542220 0.541623
v 0.13697849 0.26520807 -0.12271124 0.509046 0.508802 0.508686
v 0.15425979 0.24801582 -0.07040283 0.518246 0.517727 0.517479
v 0.16707006 0.47275159 -0.23652944 0.536988 0.533040 0.531178
v 0.18767571 0.51379287 -0.28507215 0.537154 0.532926 0.530929
v 0.12661041 0.25602967 -0.07070394 0.514667 0.514325 0.514162
v 0.16382745 0.55534661 -0.27341846 0.542610 0.537901 0.535682
v 0.23850635 0.18392557 0.02141351 0.524718 0.523112 0.522335
v 0.25892615 0.16890001 0.01576987 0.528333 0.526616 0.525786
v 0.25714844 0.16053075 0.06424168 0.528684 0.526983 0.526159
v 0.26841259 0.44216242 -0.34700412 0.559915 0.554870 0.552486
v 0.26934516 0.37436604 -0.31966877 0.565198 0.561108 0.559176
v 0.29391339 0.44231990 -0.37305111 0.582372 0.576236 0.573332
v 0.28606758 0.19198221 -0.14767355 0.547562 0.545421 0.544406
v 0.28996143 0.17033109 -0.09755038 0.543868 0.541762 0.540756
v 0.30441114 0.15562403 -0.10781839 0.553936 0.551556 0.550433
v -0.21586531 -0.67355663 0.09839445 0.509399 0.509393 0.509390
v -0.23721170 -0.66168320 0.15893170 0.515892 0.515491 0.515280
v -0.18676358 -0.95081449 -0.09995095 0.624788 0.624788 0.624788
v -0.26328942 -0.99546075 -0.22972280 0.693413 0.693413 0.693413
v -0.19360763 -0.68343765 0.17158556 0.525129 0.525105 0.525090
v -0.15703416 -0.90348303 -0.21062699 0.717300 0.717300 0.717300
v -0.33601773 -0.55048162 0.22419105 0.552265 0.546575 0.543825
v -0.36070824 -0.51063430 0.20052220 0.562924 0.556585 0.553587
v -0.34901309 -0.51558679 0.26189575 0.566022 0.559716 0.556733
v -0.43915427 -0.63570046 -0.26791954 0.703491 0.686584 0.678625
v -0.45296299 -0.55103010 -0.21338651 0.627792 0.614550 0.608317
v -0.43527913 -0.53972989 -0.27083907 0.685983 0.670285 0.662899
v -0.43246168 -0.42178485 -0.01016270 0.572769 0.564462 0.560543
v -0.42092329 -0.42098933 0.04303175 0.569415 0.561543 0.557826
v -0.43183497 -0.36978784 0.02248647 0.571444 0.563382 0.559579
v 0.19831979 -0.67778921 0.12795590 0.514480 0.514466 0.514459
v 0.21972464 -0.67374521 0.20206089 0.520739 0.520590 0.520510
v 0.17544821 -0.95142597 -0.12076214 0.644943 0.644943 0.644943
v 0.27028301 -0.94026810 -0.23974255 0.702289 0.702286 0.702285
v 0.17639819 -0.70092183 0.21041498 0.524832 0.524830 0.524828
v 0.14953685 -0.92276728 -0.24923405 0.724921 0.724920 0.724920
v 0.32858068 -0.56860405 0.28097767 0.558387 0.551882 0.548747
v 0.35471302 -0.52539396 0.24560744 0.561265 0.554238 0.550913
v 0.34531677 -0.53727949 0.32269192 0.566351 0.559132 0.555711
v 0.43472263 -0.61996919 -0.28772688 0.736591 0.718128 0.709441
v 0.44497880 -0.54268932 -0.22873163 0.636786 0.623531 0.617299
v 0.42063332 -0.52676779 -0.28585935 0.685571 0.669299 0.661645
v 0.43131217 -0.42090404 -0.01202419 0.576726 0.568325 0.564363
v 0.41807702 -0.42302656 0.04917059 0.572137 0.564101 0.560315
v 0.43053648 -0.36954308 0.02282408 0.575860 0.567649 0.563767
v -0.05762633 -0.71673405 0.70023131 0.545445 0.545239 0.545144
v 0.02220208 -0.67977899 0.70999169 0.527720 0.527463 0.527343
v -0.36889505 -0.78510708 0.81165874 0.814025 0.794929 0.785939
v -0.33190566 -0.61725533 0.82283109 0.807058 0.781349 0.769253
v -0.01966152 -0.69575679 0.65473264 0.528487 0.528307 0.528223
v -0.37979025 -0.68662655 0.78122938 0.839857 0.814841 0.803073
v 0.29864827 -0.71485102 0.85198164 0.625677 0.614966 0.609923
v 0.31878158 -0.59418815 0.82531828 0.689252 0.672067 0.663980
v 0.37839046 -0.65648013 0.77141994 0.770943 0.751815 0.742813
v 0.12915306 -0.26417422 0.89464796 0.637797 0.621071 0.613201
v 0.19206408 -0.30140486 0.87648702 0.651718 0.634552 0.626474
v -0.13211291 -0.27559742 0.89311135 0.532973 0.525327 0.521741
v -0.19219339 -0.31595549 0.86944872 0.458891 0.458811 0.458773
v 0.19359553 -0.21762016 0.87568009 0.638840 0.621735 0.613686
v -0.19528092 -0.23646761 0.87273157 0.557092 0.547578 0.543076
v -0.01978182 0.16101390 0.31551021 0.517699 0.517462 0.517347
v 0.01955363 0.16085511 0.31446284 0.517851 0.517613 0.517497
v -0.12873958 0.13295734 0.39266685 0.542573 0.542107 0.541882
v -0.14345494 0.12373239 0.43101811 0.553854 0.552902 0.552421
v 0.00024338 0.17516857 0.27296051 0.521979 0.521335 0.521031
v -0.16522886 0.12328035 0.39084315 0.544029 0.542971 0.542450
v 0.12740016 0.13439748 0.38770282 0.535531 0.535002 0.534746
v 0.14220774 0.12525037 0.42636997 0.547647 0.546478 0.545880
v 0.16392054 0.12600827 0.38467893 0.540380 0.539158 0.538541
v 0.08475612 0.11951166 0.62638509 0.606767 0.605260 0.604550
v 0.11856371 0.11841770 0.58889151 0.596816 0.595500 0.594876
v -0.08598725 0.11960794 0.62951863 0.603095 0.601966 0.601435
v -0.12113878 0.12027757 0.59466010 0.606894 0.605560 0.604930
v 0.13025469 0.10598427 0.63226801 0.603051 0.600900 0.599886
v -0.13153702 0.10443933 0.63695478 0.613285 0.610952 0.609855
v -0.01633992 -0.44996661 -0.39459592 0.573659 0.564914 0.560790
v 0.02298160 -0.44998950 -0.39498788 0.575887 0.567264 0.563198
v -0.11731344 -0.34076476 -0.42807034 0.604875 0.593432 0.588048
v -0.12419762 -0.28710175 -0.44152889 0.621487 0.608038 0.601708
v 0.00175806 -0.48847115 -0.37801415 0.574132 0.565130 0.560879
v -0.15466656 -0.31432652 -0.42318317 0.616349 0.602854 0.596501
v 0.12773211 -0.33881050 -0.42934743 0.603900 0.592977 0.587834
v 0.13578907 -0.29072300 -0.44376597 0.621285 0.608075 0.601857
v 0.16321316 -0.31428984 -0.42420509 0.614735 0.601635 0.595469
v 0.04809593 -0.06978381 -0.49136204 0.667931 0.651671 0.644019
v 0.07208806 -0.09793484 -0.47004157 0.657015 0.640806 0.633177
v -0.04687532 -0.06992772 -0.49427015 0.660205 0.644348 0.636886
v -0.07226518 -0.09944424 -0.47993365 0.652272 0.636321 0.628815
v 0.06929900 -0.03769013 -0.48619512 0.646227 0.633060 0.626865
v -0.07215281 -0.03888047 -0.49256974 0.641990 0.629232 0.623226
v -0.04000523 0.79330403 -0.70910007 0.730864 0.701317 0.685601
v 0.05159885 0.79304421 -0.71060479 0.745808 0.715169 0.698835
v -0.22197573 0.64353710 -0.79036707 0.770882 0.746413 0.734907
v -0.22532129 0.56717306 -0.82318306 0.767378 0.741928 0.729957
v 0.00453827 0.82876468 -0.65888745 0.540664 0.539197 0.538423
v -0.26327991 0.58983862 -0.76488459 0.777701 0.753904 0.742731
v 0.25336498 0.65355265 -0.77709371 0.829057 0.804105 0.792380
v 0.23898971 0.56334722 -0.80679768 0.781647 0.756133 0.744150
v 0.28767505 0.60252517 -0.76328331 0.695347 0.675508 0.666181
v 0.08619501 0.29956025 -0.83660907 0.685010 0.571771 0.510206
v 0.13148832 0.33533302 -0.84544337 0.679835 0.581829 0.528533
v -0.09486052 0.29655504 -0.83783436 0.667217 0.549293 0.485209
v -0.14448163 0.33103284 -0.85122478 0.686651 0.580510 0.522787
v 0.13111033 0.26511741 -0.83598667 0.669601 0.552938 0.489502
v -0.13907605 0.25653669 -0.84301150 0.693161 0.564030 0.493903
v 0.35261330 0.16746885 -0.39802438 0.581559 0.575954 0.573280
v 0.35678086 0.17105773 -0.45261151 0.591106 0.584238 0.580932
v 0.36354637 0.08228968 -0.21826425 0.566091 0.561562 0.559373
v 0.36739868 0.06002431 -0.18170404 0.559042 0.554120 0.551725
v 0.35087836 0.20782936 -0.45221698 0.592576 0.585950 0.582812
v 0.36553633 0.06822568 -0.17548673 0.570974 0.566881 0.564916
v 0.33437452 -0.04407132 -0.24949574 0.560023 0.557421 0.556197
v 0.32442182 -0.02531323 -0.28680477 0.573850 0.570576 0.569032
v 0.36558515 -0.02490649 -0.14627497 0.562959 0.559164 0.557382
v 0.36917818 -0.00549626 -0.13358462 0.553621 0.550582 0.549151
v 0.33395165 -0.07235961 -0.27775922 0.553806 0.551468 0.550367
v 0.37471223 -0.03446935 -0.10885377 0.561704 0.557517 0.555548
v 0.31387195 0.06493723 -0.45343906 0.609731 0.602576 0.599089
v 0.33157563 0.08608314 -0.50268376 0.608560 0.597370 0.591745
v 0.30949709 0.06958117 -0.53244275 0.621242 0.609357 0.603388
v 0.36007869 0.01447451 0.28970286 0.556508 0.554871 0.554099
v 0.35743269 0.01212397 0.33327135 0.559385 0.556933 0.555779
v 0.37533253 -0.00003868 0.17088978 0.551090 0.548373 0.547040
v 0.38009524 -0.00985537 0.15626347 0.548250 0.545764 0.544565
v 0.35056528 0.02696151 0.30852905 0.559033 0.557049 0.556109
v 0.37526989 0.00443751 0.12880701 0.553415 0.550676 0.549343
v 0.40320641 -0.16948012 0.38232940 0.506676 0.505931 0.505580
v 0.40083659 -0.16363765 0.42618752 0.505196 0.504516 0.504197
v 0.40667927 -0.09288890 0.21837035 0.522243 0.520742 0.520039
v 0.40109527 -0.06759387 0.18697956 0.531859 0.530397 0.529712
v 0.40031427 -0.20846921 0.42811066 0.504068 0.502780 0.502173
v 0.40741020 -0.08781692 0.17479663 0.524283 0.522767 0.522052
v 0.37115794 -0.07211956 0.48041514 0.563923 0.558961 0.556624
v 0.36189738 -0.04273228 0.46291545 0.566009 0.561153 0.558855
v 0.35565835 -0.05531000 0.51115441 0.571815 0.566459 0.563934
v -0.35161561 0.16160354 -0.38583177 0.579448 0.574654 0.572374
v -0.35516036 0.16474828 -0.43671280 0.580252 0.574289 0.571447
v -0.35738057 0.08144919 -0.20595315 0.549368 0.546311 0.544814
v -0.36288160 0.05830972 -0.16948405 0.541324 0.537984 0.536323
v -0.35110667 0.19997558 -0.43987069 0.593720 0.587619 0.584736
v -0.35963386 0.06863466 -0.16213042 0.554122 0.551389 0.550060
v -0.33898816 -0.05365391 -0.24997965 0.540389 0.539174 0.538600
v -0.32394671 -0.03640251 -0.28660312 0.546932 0.545398 0.544673
v -0.37132752 -0.03175516 -0.13955346 0.526548 0.525806 0.525456
v -0.36974031 -0.01192179 -0.12429990 0.530599 0.529681 0.529233
v -0.33152330 -0.08389518 -0.27827820 0.533543 0.532087 0.531399
v -0.37825364 -0.04033871 -0.10022500 0.525332 0.524600 0.524252
v -0.31110141 0.05675968 -0.44106624 0.588762 0.582539 0.579504
v -0.32565239 0.08208379 -0.47998539 0.588865 0.578799 0.573739
v -0.30567077 0.06466728 -0.50750864 0.595340 0.585816 0.581076
v -0.35983050 0.01424173 0.30114067 0.576407 0.573689 0.572411
v -0.35565212 0.01104298 0.34330639 0.569081 0.566471 0.565242
v -0.37399846 0.00175726 0.18436219 0.559125 0.556499 0.555224
v -0.37883800 -0.00739533 0.17028905 0.549266 0.546277 0.544840
v -0.35079414 0.02585652 0.32003328 0.571149 0.568728 0.567587
v -0.37433589 0.00578244 0.14282581 0.557238 0.554243 0.552798
v -0.40381485 -0.17055246 0.37646776 0.539708 0.535596 0.533665
v -0.40062368 -0.16696027 0.42029279 0.539909 0.535851 0.533939
v -0.40552765 -0.09347811 0.22811958 0.556507 0.552154 0.550104
v -0.40082425 -0.06589434 0.19978142 0.562082 0.558191 0.556358
v -0.40333906 -0.20818248 0.41572073 0.516350 0.513767 0.512555
v -0.40742207 -0.08882631 0.18598253 0.557195 0.553070 0.551126
v -0.37053013 -0.07468659 0.48590931 0.571899 0.565880 0.563047
v -0.36050782 -0.04531914 0.46997204 0.568809 0.563479 0.560966
v -0.35520861 -0.05866091 0.51769322 0.577959 0.571940 0.569111
v -0.01586981 0.24698067 0.03582671 0.508989 0.508617 0.508435
v 0.02430474 0.24626571 0.03502885 0.508621 0.508235 0.508051
v 0.00308633 0.23454571 0.08731124 0.513942 0.513165 0.512796
v -0.02585857 0.76207286 -0.33721277 0.593072 0.584940 0.580656
v 0.03908743 0.76466405 -0.34554258 0.577803 0.570711 0.566985
v 0.01093480 0.80294919 -0.40793964 0.539312 0.538251 0.537670
v -0.28695619 0.09753394 0.25550649 0.549855 0.548270 0.547497
v -0.27189007 0.09682611 0.29856631 0.554508 0.553203 0.552588
v -0.30221394 0.08019954 0.29219511 0.563070 0.561396 0.560595
v -0.34584460 0.48641551 -0.51265824 0.640185 0.628444 0.622905
v -0.34433666 0.48526582 -0.57698184 0.622728 0.610772 0.605138
v -0.34202591 0.41704723 -0.53057897 0.632349 0.620685 0.615194
v -0.35544461 0.05927053 -0.03850324 0.563790 0.562330 0.561639
v -0.35909981 0.05397248 -0.05053117 0.561827 0.560139 0.559334
v -0.36203480 0.04489297 -0.00487041 0.567909 0.566080 0.565211
v 0.28178635 0.10421705 0.24255049 0.541016 0.539434 0.538660
v 0.26883966 0.10277301 0.28754455 0.543011 0.541709 0.541090
v 0.29875404 0.08748427 0.28028476 0.550070 0.548341 0.547498
v 0.36975747 0.57280552 -0.43753219 0.596560 0.589212 0.585750
v 0.36203724 0.54633182 -0.53097749 0.623282 0.613809 0.609345
v 0.34237751 0.46533880 -0.49275112 0.636722 0.623471 0.617235
v 0.35902989 0.05978331 -0.05367262 0.573666 0.571353 0.570263
v 0.36391187 0.05317372 -0.06630396 0.569229 0.566662 0.565439
v 0.36517185 0.04458779 -0.02011811 0.570116 0.567449 0.566178
v -0.04132186 -0.71293241 0.34148744 0.501014 0.501014 0.501014
v 0.01431850 -0.71640295 0.35340503 0.501583 0.501583 0.501583
v -0.01311235 -0.72080433 0.41655156 0.502899 0.502893 0.502890
v -0.03185496 -0.64391464 -0.25839248 0.530729 0.530485 0.530369
v 0.02792781 -0.64195758 -0.25793806 0.530808 0.530588 0.530483
v -0.00088802 -0.62529325 -0.29028916 0.581941 0.580826 0.580297
v -0.37569156 -0.46492082 0.44896778 0.592963 0.582014 0.576813
v -0.38263473 -0.48092604 0.51225585 0.614842 0.601103 0.594591
v -0.38871136 -0.41204637 0.47166619 0.601324 0.589184 0.583447
v -0.34001058 -0.32760435 -0.33770239 0.669475 0.652966 0.645197
v -0.30211091 -0.30328551 -0.36420113 0.654951 0.639074 0.631600
v -0.33491880 -0.26327667 -0.34113604 0.638615 0.625930 0.619934
v -0.42804304 -0.17874029 0.04000414 0.513984 0.512253 0.511438
v -0.42044753 -0.13371085 0.01993590 0.521564 0.520027 0.519305
v -0.41936046 -0.14207883 0.06306527 0.523077 0.521248 0.520384
v 0.37965849 -0.48433873 0.53223795 0.626375 0.610147 0.602458
v 0.37638092 -0.48954055 0.60654789 0.635949 0.619106 0.611159
v 0.38308161 -0.41951016 0.53771991 0.611843 0.597998 0.591475
v 0.33689034 -0.31996417 -0.34061658 0.672013 0.656382 0.649025
v 0.29761630 -0.29680470 -0.35962415 0.651915 0.636639 0.629451
v 0.33127561 -0.25611630 -0.34006977 0.655924 0.641934 0.635350
v 0.42647269 -0.17741345 0.03201250 0.571854 0.564965 0.561722
v 0.41845554 -0.13257654 0.00937363 0.571574 0.565413 0.562510
v 0.41819644 -0.14108345 0.05394660 0.566601 0.560560 0.557714
v 0.26337126 -0.03193928 0.73578745 0.545961 0.542773 0.541290
v 0.24573478 0.00575913 0.69943821 0.531004 0.529741 0.529140
v 0.28272218 -0.02474536 0.67668498 0.569154 0.563546 0.560906
v -0.26444966 -0.04255224 0.74373895 0.516961 0.516849 0.516800
v -0.24722114 -0.00039524 0.70795292 0.531029 0.530398 0.530099
v -0.28528386 -0.03159932 0.68600762 0.512119 0.511686 0.511480
v 0.15673621 -0.00483367 -0.67659420 0.722051 0.713554 0.709393
v 0.17591545 0.00107552 -0.76006502 0.799861 0.752976 0.727764
v 0.19697767 0.01942198 -0.72309375 0.684525 0.663977 0.653250
v -0.15962766 0.00146281 -0.66694999 0.736933 0.728205 0.723917
v -0.17838702 0.01973013 -0.76131284 0.768854 0.731042 0.710733
v -0.20771338 0.00009595 -0.69377536 0.681171 0.661746 0.651545
f 1 647 644
f 1 644 643
f 1 643 645
f 1 645 646
f 1 646 647
f 2 649 652
f 6 672 670
f 12 702 699
f 11 696 695
f 8 679 681
f 4 662 659
f 4 659 658
f 4 658 660
f 4 660 661
f 4 661 662
f 5 666 665
f 3 654 657
f 7 673 677
f 9 685 686
f 10 692 688
f 12 701 698
f 6 669 668
f 2 650 648
f 8 682 678
f 11 697 693
f 6 671 669
f 12 700 701
f 11 694 697
f 8 680 682
f 2 651 650
f 10 690 689
f 5 663 664
f 3 655 653
f 7 676 674
f 9 687 684
f 10 691 690
f 5 667 663
f 3 656 655
f 7 675 676
f 9 683 687
f 6 668 672
f 2 648 649
f 8 678 679
f 11 693 696
f 12 698 702
f 10 688 691
f 5 665 667
f 3 657 656
f 7 677 675
f 9 686 683
f 5 664 666
f 3 653 654
f 7 674 673
f 9 684 685
f 10 689 692
f 6 670 671
f 12 699 700
f 11 695 694
f 8 681 680
f 2 652 651
f 35 837 838
f 18 735 736
f 19 742 741
f 40 868 867
f 42 880 879
f 34 832 831
f 33 827 828
f 25 778 780
f 36 844 846
f 20 749 747
f 32 819 820
f 23 765 767
f 24 773 771
f 37 850 849
f 41 876 875
f 34 833 834
f 33 826 825
f 25 779 777
f 36 845 843
f 20 748 750
f 17 729 727
f 14 711 709
f 13 706 703
f 15 718 715
f 16 724 721
f 18 737 733
f 35 839 835
f 42 882 878
f 40 870 866
f 19 744 740
f 30 807 805
f 27 789 787
f 22 762 758
f 28 797 793
f 29 802 799
f 32 821 817
f 23 766 763
f 24 774 770
f 37 852 848
f 41 874 872
f 35 838 836
f 18 736 734
f 19 741 739
f 40 867 865
f 42 879 877
f 34 831 829
f 33 828 824
f 25 780 776
f 36 846 842
f 20 747 745
f 32 820 818
f 23 767 764
f 24 771 769
f 37 849 847
f 41 875 871
f 34 834 830
f 33 825 823
f 25 777 775
f 36 843 841
f 20 750 746
f 14 714 710
f 13 707 704
f 15 719 716
f 16 725 722
f 17 732 728
f 21 755 752
f 31 814 811
f 26 784 781
f 38 857 853
f 39 862 860
f 27 792 788
f 22 759 757
f 28 796 794
f 29 803 800
f 30 810 806
f 31 815 812
f 26 785 782
f 38 856 854
f 39 863 859
f 21 754 751
f 14 712 714
f 13 705 707
f 15 717 719
f 16 723 725
f 17 730 732
f 21 753 755
f 31 816 814
f 26 786 784
f 38 858 857
f 39 861 862
f 27 791 792
f 22 761 759
f 28 795 796
f 29 801 803
f 30 808 810
f 31 813 815
f 26 783 785
f 38 855 856
f 39 864 863
f 21 756 754
f 14 709 712
f 13 703 705
f 15 715 717
f 16 721 723
f 17 727 730
f 21 751 753
f 31 812 816
f 26 782 786
f 38 854 858
f 39 859 861
f 27 787 791
f 22 758 761
f 28 793 795
f 29 799 801
f 30 805 808
f 31 811 813
f 26 781 783
f 38 853 855
f 39 860 864
f 21 752 756
f 17 728 731
f 14 710 713
f 13 704 708
f 15 716 720
f 16 722 726
f 18 734 738
f 35 836 840
f 42 877 881
f 40 865 869
f 19 739 743
f 30 806 809
f 27 788 790
f 22 757 760
f 28 794 798
f 29 800 804
f 32 818 822
f 23 764 768
f 24 769 772
f 37 847 851
f 41 871 873
f 35 835 837
f 18 733 735
f 19 740 742
f 40 866 868
f 42 878 880
f 34 830 832
f 33 823 827
f 25 775 778
f 36 841 844
f 20 746 749
f 32 817 819
f 23 763 765
f 24 770 773
f 37 848 850
f 41 872 876
f 34 829 833
f 33 824 826
f 25 776 779
f 36 842 845
f 20 745 748
f 17 731 729
f 14 713 711
f 13 708 706
f 15 720 718
f 16 726 724
f 18 738 737
f 35 840 839
f 42 881 882
f 40 869 870
f 19 743 744
f 30 809 807
f 27 790 789
f 22 760 762
f 28 798 797
f 29 804 802
f 32 822 821
f 23 768 766
f 24 772 774
f 37 851 852
f 41 873 874
f 107 1269 1270
f 103 1245 1246
f 104 1252 1251
f 110 1288 1287
f 113 1306 1305
f 118 1336 1335
f 154 1551 1552
f 141 1473 1474
f 162 1599 1600
f 121 1354 1353
f 142 1479 1480
f 129 1401 1402
f 130 1408 1407
f 144 1492 1491
f 146 1504 1503
f 151 1533 1534
f 131 1414 1413
f 136 1444 1443
f 161 1594 1593
f 126 1383 1384
f 116 1323 1324
f 108 1275 1276
f 106 1263 1264
f 112 1299 1300
f 115 1317 1318
f 119 1341 1342
f 156 1564 1563
f 139 1462 1461
f 160 1588 1587
f 120 1347 1348
f 149 1521 1522
f 132 1420 1419
f 128 1395 1396
f 145 1497 1498
f 148 1515 1516
f 155 1557 1558
f 133 1425 1426
f 134 1431 1432
f 157 1570 1569
f 124 1372 1371
f 109 1282 1281
f 105 1258 1257
f 111 1294 1293
f 114 1312 1311
f 117 1330 1329
f 125 1378 1377
f 152 1540 1539
f 137 1449 1450
f 158 1575 1576
f 123 1365 1366
f 143 1486 1485
f 127 1390 1389
f 135 1437 1438
f 147 1510 1509
f 150 1528 1527
f 153 1546 1545
f 140 1468 1467
f 138 1455 1456
f 159 1581 1582
f 122 1359 1360
f 107 1272 1271
f 103 1248 1247
f 104 1253 1254
f 110 1289 1290
f 113 1307 1308
f 118 1337 1338
f 154 1554 1553
f 141 1476 1475
f 162 1602 1601
f 121 1355 1356
f 142 1482 1481
f 129 1404 1403
f 130 1409 1410
f 144 1493 1494
f 146 1505 1506
f 151 1536 1535
f 131 1415 1416
f 136 1445 1446
f 161 1595 1596
f 126 1386 1385
f 47 909 907
f 44 891 889
f 43 886 883
f 45 898 895
f 46 904 901
f 49 922 919
f 72 1060 1057
f 102 1240 1237
f 96 1204 1201
f 79 1102 1099
f 62 999 997
f 59 981 979
f 58 976 973
f 60 988 985
f 61 994 991
f 66 1024 1021
f 54 952 949
f 73 1066 1063
f 85 1138 1135
f 92 1179 1177
f 101 1233 1231
f 69 1041 1039
f 50 927 925
f 82 1119 1117
f 97 1209 1207
f 71 1053 1051
f 100 1228 1225
f 94 1192 1189
f 80 1108 1105
f 51 933 931
f 90 1167 1165
f 63 1005 1003
f 55 957 955
f 76 1083 1081
f 87 1150 1147
f 91 1174 1171
f 67 1029 1027
f 56 963 961
f 75 1077 1075
f 83 1126 1123
f 68 1036 1033
f 48 915 913
f 78 1095 1093
f 93 1185 1183
f 98 1216 1213
f 88 1155 1153
f 65 1018 1015
f 57 970 967
f 77 1090 1087
f 86 1143 1141
f 64 1012 1009
f 53 945 943
f 74 1071 1069
f 84 1131 1129
f 89 1162 1159
f 70 1047 1045
f 99 1221 1219
f 95 1197 1195
f 81 1114 1111
f 52 940 937
f 109 1284 1280
f 105 1260 1256
f 111 1296 1292
f 114 1314 1310
f 117 1332 1328
f 125 1380 1376
f 152 1542 1538
f 137 1451 1447
f 158 1577 1573
f 123 1367 1363
f 143 1488 1484
f 127 1392 1388
f 135 1439 1435
f 147 1512 1508
f 150 1530 1526
f 153 1548 1544
f 140 1470 1466
f 138 1457 1453
f 159 1583 1579
f 122 1361 1357
f 107 1270 1268
f 103 1246 1244
f 104 1251 1249
f 110 1287 1285
f 113 1305 1303
f 118 1335 1333
f 154 1552 1550
f 141 1474 1472
f 162 1600 1598
f 121 1353 1351
f 142 1480 1478
f 129 1402 1400
f 130 1407 1405
f 144 1491 1489
f 146 1503 1501
f 151 1534 1532
f 131 1413 1411
f 136 1443 1441
f 161 1593 1591
f 126 1384 1382
f 116 1324 1322
f 108 1276 1274
f 106 1264 1262
f 112 1300 1298
f 115 1318 1316
f 119 1342 1340
f 156 1563 1561
f 139 1461 1459
f 160 1587 1585
f 120 1348 1346
f 149 1522 1520
f 132 1419 1417
f 128 1396 1394
f 145 1498 1496
f 148 1516 1514
f 155 1558 1556
f 133 1426 1424
f 134 1432 1430
f 157 1569 1567
f 124 1371 1369
f 109 1281 1279
f 105 1257 1255
f 111 1293 1291
f 114 1311 1309
f 117 1329 1327
f 125 1377 1375
f 152 1539 1537
f 137 1450 1448
f 158 1576 1574
f 123 1366 1364
f 143 1485 1483
f 127 1389 1387
f 135 1438 1436
f 147 1509 1507
f 150 1527 1525
f 153 1545 1543
f 140 1467 1465
f 138 1456 1454
f 159 1582 1580
f 122 1360 1358
f 107 1271 1267
f 103 1247 1243
f 104 1254 1250
f 110 1290 1286
f 113 1308 1304
f 118 1338 1334
f 154 1553 1549
f 141 1475 1471
f 162 1601 1597
f 121 1356 1352
f 142 1481 1477
f 129 1403 1399
f 130 1410 1406
f 144 1494 1490
f 146 1506 1502
f 151 1535 1531
f 131 1416 1412
f 136 1446 1442
f 161 1596 1592
f 126 1385 1381
f 44 894 890
f 43 887 884
f 45 899 896
f 46 905 902
f 47 912 908
f 52 941 938
f 70 1050 1046
f 99 1224 1220
f 95 1200 1196
f 81 1115 1112
f 59 984 980
f 58 977 974
f 60 989 986
f 61 995 992
f 62 1002 998
f 65 1019 1016
f 57 971 968
f 77 1091 1088
f 86 1146 1142
f 88 1158 1154
f 98 1217 1214
f 68 1037 1034
f 48 918 914
f 78 1098 1094
f 93 1188 1184
f 69 1044 1040
f 101 1236 1232
f 97 1212 1208
f 82 1122 1118
f 50 930 926
f 89 1163 1160
f 64 1013 1010
f 53 948 944
f 74 1074 1070
f 84 1134 1130
f 90 1170 1166
f 63 1008 1004
f 55 960 956
f 76 1086 1082
f 87 1151 1148
f 72 1061 1058
f 49 923 920
f 79 1103 1100
f 96 1205 1202
f 102 1241 1238
f 91 1175 1172
f 67 1032 1028
f 56 966 962
f 75 1080 1076
f 83 1127 1124
f 66 1025 1022
f 54 953 950
f 73 1067 1064
f 85 1139 1136
f 92 1182 1178
f 71 1056 1052
f 100 1229 1226
f 94 1193 1190
f 80 1109 1106
f 51 936 932
f 116 1325 1321
f 108 1277 1273
f 106 1265 1261
f 112 1301 1297
f 115 1319 1315
f 119 1343 1339
f 156 1566 1562
f 139 1464 1460
f 160 1590 1586
f 120 1349 1345
f 149 1523 1519
f 132 1422 1418
f 128 1397 1393
f 145 1499 1495
f 148 1517 1513
f 155 1559 1555
f 133 1427 1423
f 134 1433 1429
f 157 1572 1568
f 124 1374 1370
f 44 892 894
f 43 885 887
f 45 897 899
f 46 903 905
f 47 910 912
f 52 939 941
f 70 1048 1050
f 99 1222 1224
f 95 1198 1200
f 81 1113 1115
f 59 982 984
f 58 975 977
f 60 987 989
f 61 993 995
f 62 1000 1002
f 65 1017 1019
f 57 969 971
f 77 1089 1091
f 86 1144 1146
f 88 1156 1158
f 98 1215 1217
f 68 1035 1037
f 48 916 918
f 78 1096 1098
f 93 1186 1188
f 69 1042 1044
f 101 1234 1236
f 97 1210 1212
f 82 1120 1122
f 50 928 930
f 89 1161 1163
f 64 1011 1013
f 53 946 948
f 74 1072 1074
f 84 1132 1134
f 90 1168 1170
f 63 1006 1008
f 55 958 960
f 76 1084 1086
f 87 1149 1151
f 72 1059 1061
f 49 921 923
f 79 1101 1103
f 96 1203 1205
f 102 1239 1241
f 91 1173 1175
f 67 1030 1032
f 56 964 966
f 75 1078 1080
f 83 1125 1127
f 66 1023 1025
f 54 951 953
f 73 1065 1067
f 85 1137 1139
f 92 1180 1182
f 71 1054 1056
f 100 1227 1229
f 94 1191 1193
f 80 1107 1109
f 51 934 936
f 116 1326 1325
f 108 1278 1277
f 106 1266 1265
f 112 1302 1301
f 115 1320 1319
f 119 1344 1343
f 156 1565 1566
f 139 1463 1464
f 160 1589 1590
f 120 1350 1349
f 149 1524 1523
f 132 1421 1422
f 128 1398 1397
f 145 1500 1499
f 148 1518 1517
f 155 1560 1559
f 133 1428 1427
f 134 1434 1433
f 157 1571 1572
f 124 1373 1374
f 44 889 892
f 43 883 885
f 45 895 897
f 46 901 903
f 47 907 910
f 52 937 939
f 70 1045 1048
f 99 1219 1222
f 95 1195 1198
f 81 1111 1113
f 59 979 982
f 58 973 975
f 60 985 987
f 61 991 993
f 62 997 1000
f 65 1015 1017
f 57 967 969
f 77 1087 1089
f 86 1141 1144
f 88 1153 1156
f 98 1213 1215
f 68 1033 1035
f 48 913 916
f 78 1093 1096
f 93 1183 1186
f 69 1039 1042
f 101 1231 1234
f 97 1207 1210
f 82 1117 1120
f 50 925 928
f 89 1159 1161
f 64 1009 1011
f 53 943 946
f 74 1069 1072
f 84 1129 1132
f 90 1165 1168
f 63 1003 1006
f 55 955 958
f 76 1081 1084
f 87 1147 1149
f 72 1057 1059
f 49 919 921
f 79 1099 1101
f 96 1201 1203
f 102 1237 1239
f 91 1171 1173
f 67 1027 1030
f 56 961 964
f 75 1075 1078
f 83 1123 1125
f 66 1021 1023
f 54 949 951
f 73 1063 1065
f 85 1135 1137
f 92 1177 1180
f 71 1051 1054
f 100 1225 1227
f 94 1189 1191
f 80 1105 1107
f 51 931 934
f 116 1322 1326
f 108 1274 1278
f 106 1262 1266
f 112 1298 1302
f 115 1316 1320
f 119 1340 1344
f 156 1561 1565
f 139 1459 1463
f 160 1585 1589
f 120 1346 1350
f 149 1520 1524
f 132 1417 1421
f 128 1394 1398
f 145 1496 1500
f 148 1514 1518
f 155 1556 1560
f 133 1424 1428
f 134 1430 1434
f 157 1567 1571
f 124 1369 1373
f 47 908 911
f 44 890 893
f 43 884 888
f 45 896 900
f 46 902 906
f 49 920 924
f 72 1058 1062
f 102 1238 1242
f 96 1202 1206
f 79 1100 1104
f 62 998 1001
f 59 980 983
f 58 974 978
f 60 986 990
f 61 992 996
f 66 1022 1026
f 54 950 954
f 73 1064 1068
f 85 1136 1140
f 92 1178 1181
f 101 1232 1235
f 69 1040 1043
f 50 926 929
f 82 1118 1121
f 97 1208 1211
f 71 1052 1055
f 100 1226 1230
f 94 1190 1194
f 80 1106 1110
f 51 932 935
f 90 1166 1169
f 63 1004 1007
f 55 956 959
f 76 1082 1085
f 87 1148 1152
f 91 1172 1176
f 67 1028 1031
f 56 962 965
f 75 1076 1079
f 83 1124 1128
f 68 1034 1038
f 48 914 917
f 78 1094 1097
f 93 1184 1187
f 98 1214 1218
f 88 1154 1157
f 65 1016 1020
f 57 968 972
f 77 1088 1092
f 86 1142 1145
f 64 1010 1014
f 53 944 947
f 74 1070 1073
f 84 1130 1133
f 89 1160 1164
f 70 1046 1049
f 99 1220 1223
f 95 1196 1199
f 81 1112 1116
f 52 938 942
f 109 1279 1283
f 105 1255 1259
f 111 1291 1295
f 114 1309 1313
f 117 1327 1331
f 125 1375 1379
f 152 1537 1541
f 137 1448 1452
f 158 1574 1578
f 123 1364 1368
f 143 1483 1487
f 127 1387 1391
f 135 1436 1440
f 147 1507 1511
f 150 1525 1529
f 153 1543 1547
f 140 1465 1469
f 138 1454 1458
f 159 1580 1584
f 122 1358 1362
f 107 1267 1269
f 103 1243 1245
f 104 1250 1252
f 110 1286 1288
f 113 1304 1306
f 118 1334 1336
f 154 1549 1551
f 141 1471 1473
f 162 1597 1599
f 121 1352 1354
f 142 1477 1479
f 129 1399 1401
f 130 1406 1408
f 144 1490 1492
f 146 1502 1504
f 151 1531 1533
f 131 1412 1414
f 136 1442 1444
f 161 1592 1594
f 126 1381 1383
f 116 1321 1323
f 108 1273 1275
f 106 1261 1263
f 112 1297 1299
f 115 1315 1317
f 119 1339 1341
f 156 1562 1564
f 139 1460 1462
f 160 1586 1588
f 120 1345 1347
f 149 1519 1521
f 132 1418 1420
f 128 1393 1395
f 145 1495 1497
f 148 1513 1515
f 155 1555 1557
f 133 1423 1425
f 134 1429 1431
f 157 1568 1570
f 124 1370 1372
f 109 1280 1282
f 105 1256 1258
f 111 1292 1294
f 114 1310 1312
f 117 1328 1330
f 125 1376 1378
f 152 1538 1540
f 137 1447 1449
f 158 1573 1575
f 123 1363 1365
f 143 1484 1486
f 127 1388 1390
f 135 1435 1437
f 147 1508 1510
f 150 1526 1528
f 153 1544 1546
f 140 1466 1468
f 138 1453 1455
f 159 1579 1581
f 122 1357 1359
f 107 1268 1272
f 103 1244 1248
f 104 1249 1253
f 110 1285 1289
f 113 1303 1307
f 118 1333 1337
f 154 1550 1554
f 141 1472 1476
f 162 1598 1602
f 121 1351 1355
f 142 1478 1482
f 129 1400 1404
f 130 1405 1409
f 144 1489 1493
f 146 1501 1505
f 151 1532 1536
f 131 1411 1415
f 136 1441 1445
f 161 1591 1595
f 126 1382 1386
f 47 911 909
f 44 893 891
f 43 888 886
f 45 900 898
f 46 906 904
f 49 924 922
f 72 1062 1060
f 102 1242 1240
f 96 1206 1204
f 79 1104 1102
f 62 1001 999
f 59 983 981
f 58 978 976
f 60 990 988
f 61 996 994
f 66 1026 1024
f 54 954 952
f 73 1068 1066
f 85 1140 1138
f 92 1181 1179
f 101 1235 1233
f 69 1043 1041
f 50 929 927
f 82 1121 1119
f 97 1211 1209
f 71 1055 1053
f 100 1230 1228
f 94 1194 1192
f 80 1110 1108
f 51 935 933
f 90 1169 1167
f 63 1007 1005
f 55 959 957
f 76 1085 1083
f 87 1152 1150
f 91 1176 1174
f 67 1031 1029
f 56 965 963
f 75 1079 1077
f 83 1128 1126
f 68 1038 1036
f 48 917 915
f 78 1097 1095
f 93 1187 1185
f 98 1218 1216
f 88 1157 1155
f 65 1020 1018
f 57 972 970
f 77 1092 1090
f 86 1145 1143
f 64 1014 1012
f 53 947 945
f 74 1073 1071
f 84 1133 1131
f 89 1164 1162
f 70 1049 1047
f 99 1223 1221
f 95 1199 1197
f 81 1116 1114
f 52 942 940
f 109 1283 1284
f 105 1259 1260
f 111 1295 1296
f 114 1313 1314
f 117 1331 1332
f 125 1379 1380
f 152 1541 1542
f 137 1452 1451
f 158 1578 1577
f 123 1368 1367
f 143 1487 1488
f 127 1391 1392
f 135 1440 1439
f 147 1511 1512
f 150 1529 1530
f 153 1547 1548
f 140 1469 1470
f 138 1458 1457
f 159 1584 1583
f 122 1362 1361
f 407 1609 1616
f 403 1605 1608
f 404 1611 1606
f 410 1614 1612
f 413 1617 1615
f 422 1631 1624
f 486 1688 1692
f 573 1775 1782
f 561 1763 1765
f 512 1719 1714
f 452 1654 1661
f 448 1650 1653
f 449 1656 1651
f 455 1659 1657
f 458 1662 1660
f 470 1672 1675
f 437 1646 1639
f 494 1706 1696
f 531 1735 1733
f 539 1741 1751
f 568 1770 1779
f 478 1680 1683
f 419 1621 1626
f 509 1711 1721
f 554 1756 1766
f 482 1684 1689
f 576 1780 1778
f 558 1767 1760
f 516 1722 1718
f 425 1627 1629
f 542 1744 1747
f 463 1668 1665
f 434 1636 1641
f 497 1699 1704
f 528 1730 1737
f 546 1748 1750
f 464 1666 1676
f 440 1642 1644
f 500 1705 1702
f 524 1736 1726
f 479 1691 1681
f 418 1623 1620
f 508 1713 1710
f 553 1764 1755
f 569 1781 1771
f 538 1749 1740
f 471 1677 1673
f 443 1645 1647
f 501 1703 1707
f 523 1725 1734
f 467 1674 1669
f 433 1638 1635
f 493 1695 1698
f 527 1732 1729
f 543 1752 1745
f 485 1690 1687
f 572 1777 1774
f 557 1759 1762
f 515 1717 1720
f 428 1630 1632
f 591 2191 2189
f 587 1885 1883
f 588 1901 1903
f 594 2279 2281
f 597 2315 2317
f 600 2171 2173
f 634 2160 2158
f 619 2016 2012
f 639 2214 2210
f 602 1919 1924
f 624 2137 2135
f 608 1978 1973
f 610 1991 1996
f 627 2225 2227
f 630 2302 2304
f 635 2178 2176
f 615 2153 2155
f 617 2009 2014
f 637 2207 2212
f 604 1926 1922
f 416 1857 1864
f 408 1803 1810
f 406 1786 1795
f 412 1822 1831
f 415 1840 1849
f 424 1876 1887
f 492 2182 2193
f 582 2312 2321
f 565 2276 2285
f 514 1898 1907
f 461 2091 2098
f 453 2037 2044
f 451 1952 1961
f 457 2056 2067
f 460 2074 2083
f 475 2128 2139
f 439 1966 1975
f 496 1988 1997
f 533 2222 2231
f 551 2293 2298
f 579 2185 2190
f 483 1879 1884
f 426 1893 1900
f 521 2271 2278
f 566 2307 2314
f 489 2163 2170
f 578 2150 2159
f 560 2006 2015
f 518 2204 2213
f 429 1911 1918
f 547 2131 2136
f 465 1969 1977
f 441 1983 1990
f 504 2217 2224
f 537 2290 2301
f 550 2168 2177
f 476 2145 2152
f 444 2001 2008
f 502 2199 2206
f 526 1916 1925
f 481 1808 1817
f 420 1789 1797
f 510 1825 1833
f 555 1843 1851
f 571 1862 1871
f 540 1933 1941
f 473 2110 2119
f 447 2020 2029
f 507 2236 2247
f 534 2257 2262
f 469 2042 2051
f 435 1947 1954
f 498 2059 2064
f 529 2077 2085
f 545 2096 2105
f 487 2113 2121
f 574 2023 2031
f 562 2239 2244
f 520 2254 2265
f 432 1930 1939
f 589 1818 1814
f 583 1798 1793
f 586 1834 1829
f 593 1852 1847
f 596 1872 1868
f 599 1942 1937
f 633 2120 2124
f 620 2030 2034
f 640 2248 2250
f 603 2263 2261
f 622 2052 2050
f 607 1955 1960
f 612 2065 2063
f 626 2086 2081
f 629 2106 2102
f 631 2122 2117
f 614 2032 2027
f 618 2245 2243
f 641 2266 2268
f 605 1940 1944
f 409 1813 1804
f 405 1792 1785
f 411 1828 1821
f 414 1846 1839
f 417 1867 1858
f 431 1936 1929
f 488 2123 2114
f 575 2033 2024
f 563 2249 2240
f 519 2260 2253
f 454 2049 2038
f 450 1959 1951
f 456 2062 2055
f 459 2080 2073
f 462 2101 2092
f 472 2116 2109
f 446 2026 2019
f 506 2242 2235
f 535 2267 2258
f 541 1943 1934
f 570 1869 1861
f 480 1815 1807
f 421 1799 1790
f 511 1835 1826
f 556 1853 1844
f 484 1889 1880
f 580 2195 2186
f 567 2319 2308
f 522 2283 2272
f 427 1905 1894
f 544 2103 2095
f 468 2046 2041
f 436 1957 1948
f 499 2069 2060
f 530 2087 2078
f 548 2141 2132
f 466 1979 1970
f 442 1993 1984
f 505 2229 2218
f 536 2296 2289
f 491 2188 2181
f 423 1882 1875
f 513 1902 1897
f 564 2280 2275
f 581 2316 2311
f 549 2172 2167
f 477 2157 2146
f 445 2011 2002
f 503 2209 2200
f 525 1923 1915
f 474 2134 2127
f 438 1972 1965
f 495 1995 1987
f 532 2226 2221
f 552 2303 2294
f 490 2175 2164
f 577 2154 2149
f 559 2013 2005
f 517 2211 2203
f 430 1921 1912
f 590 1865 1870
f 584 1811 1816
f 585 1796 1800
f 592 1832 1836
f 595 1850 1854
f 598 1888 1890
f 636 2194 2196
f 621 2322 2320
f 642 2286 2284
f 601 1908 1906
f 623 2099 2104
f 611 2045 2047
f 609 1962 1958
f 625 2068 2070
f 628 2084 2088
f 632 2140 2142
f 613 1976 1980
f 616 1998 1994
f 638 2232 2230
f 606 2299 2297
f 407 2330 2329
f 403 2324 2323
f 404 2325 2326
f 410 2332 2333
f 413 2335 2336
f 422 2344 2345
f 486 2410 2409
f 573 2497 2496
f 561 2486 2485
f 512 2434 2435
f 452 2375 2374
f 448 2369 2368
f 449 2370 2371
f 455 2377 2378
f 458 2380 2381
f 470 2393 2392
f 437 2359 2360
f 494 2415 2416
f 531 2455 2456
f 539 2461 2460
f 568 2489 2488
f 478 2399 2398
f 419 2341 2340
f 509 2431 2430
f 554 2476 2475
f 482 2405 2404
f 576 2500 2501
f 558 2481 2482
f 516 2439 2440
f 425 2348 2347
f 542 2465 2464
f 463 2383 2384
f 434 2356 2355
f 497 2420 2419
f 528 2452 2451
f 546 2471 2470
f 464 2386 2385
f 440 2363 2362
f 500 2422 2423
f 524 2445 2446
f 479 2400 2401
f 418 2338 2339
f 508 2428 2429
f 553 2473 2474
f 569 2490 2491
f 538 2458 2459
f 471 2394 2395
f 443 2366 2365
f 501 2425 2424
f 523 2444 2443
f 467 2389 2390
f 433 2353 2354
f 493 2414 2413
f 527 2449 2450
f 543 2466 2467
f 485 2407 2408
f 572 2494 2495
f 557 2480 2479
f 515 2438 2437
f 428 2351 2350
f 591 2510 2511
f 587 2504 2505
f 588 2508 2507
f 594 2514 2513
f 597 2517 2516
f 600 2520 2519
f 634 2554 2556
f 619 2539 2540
f 639 2560 2561
f 602 2523 2521
f 624 2543 2544
f 608 2527 2529
f 610 2532 2530
f 627 2547 2546
f 630 2550 2549
f 635 2552 2553
f 615 2535 2534
f 617 2538 2536
f 637 2558 2557
f 604 2524 2525
f 167 1607 647
f 164 1603 644
f 163 1604 643
f 165 1610 645
f 166 1613 646
f 169 1622 649
f 192 1686 672
f 222 1773 702
f 216 1761 696
f 199 1712 679
f 182 1652 662
f 179 1648 659
f 178 1649 658
f 180 1655 660
f 181 1658 661
f 186 1670 666
f 174 1637 654
f 193 1694 673
f 205 1731 685
f 212 1739 692
f 221 1768 701
f 189 1678 669
f 170 1619 650
f 202 1709 682
f 217 1754 697
f 191 1682 671
f 220 1776 700
f 214 1758 694
f 200 1716 680
f 171 1625 651
f 210 1742 690
f 183 1663 663
f 175 1634 655
f 196 1697 676
f 207 1728 687
f 211 1746 691
f 187 1664 667
f 176 1640 656
f 195 1700 675
f 203 1724 683
f 188 1679 668
f 168 1618 648
f 198 1708 678
f 213 1753 693
f 218 1769 698
f 208 1738 688
f 185 1671 665
f 177 1643 657
f 197 1701 677
f 206 1723 686
f 184 1667 664
f 173 1633 653
f 194 1693 674
f 204 1727 684
f 209 1743 689
f 190 1685 670
f 219 1772 699
f 215 1757 695
f 201 1715 681
f 172 1628 652
f 357 2187 837
f 255 1881 735
f 262 1899 742
f 388 2277 868
f 400 2313 880
f 352 2169 832
f 347 2156 827
f 298 2010 778
f 364 2208 844
f 269 1917 749
f 339 2133 819
f 285 1971 765
f 293 1989 773
f 370 2223 850
f 396 2300 876
f 353 2174 833
f 346 2151 826
f 299 2007 779
f 365 2205 845
f 268 1920 748
f 249 1855 729
f 231 1801 711
f 226 1784 706
f 238 1820 718
f 244 1838 724
f 257 1874 737
f 359 2180 839
f 402 2310 882
f 390 2274 870
f 264 1896 744
f 327 2089 807
f 309 2035 789
f 282 1950 762
f 317 2054 797
f 322 2072 802
f 341 2126 821
f 286 1964 766
f 294 1986 774
f 372 2220 852
f 394 2291 874
f 358 2183 838
f 256 1877 736
f 261 1891 741
f 387 2269 867
f 399 2305 879
f 351 2161 831
f 348 2148 828
f 300 2004 780
f 366 2202 846
f 267 1909 747
f 340 2129 820
f 287 1967 767
f 291 1981 771
f 369 2215 849
f 395 2288 875
f 354 2166 834
f 345 2143 825
f 297 1999 777
f 363 2197 843
f 270 1914 750
f 234 1806 714
f 227 1787 707
f 239 1823 719
f 245 1841 725
f 252 1860 732
f 275 1931 755
f 334 2108 814
f 304 2018 784
f 377 2234 857
f 382 2255 862
f 312 2040 792
f 279 1945 759
f 316 2057 796
f 323 2075 803
f 330 2094 810
f 335 2111 815
f 305 2021 785
f 376 2237 856
f 383 2252 863
f 274 1928 754
f 232 1812 712
f 225 1791 705
f 237 1827 717
f 243 1845 723
f 250 1866 730
f 273 1935 753
f 336 2118 816
f 306 2028 786
f 378 2246 858
f 381 2259 861
f 311 2048 791
f 281 1953 761
f 315 2061 795
f 321 2079 801
f 328 2100 808
f 333 2115 813
f 303 2025 783
f 375 2241 855
f 384 2264 864
f 276 1938 756
f 229 1802 709
f 223 1783 703
f 235 1819 715
f 241 1837 721
f 247 1856 727
f 271 1927 751
f 332 2112 812
f 302 2022 782
f 374 2238 854
f 379 2251 859
f 307 2036 787
f 278 1949 758
f 313 2053 793
f 319 2071 799
f 325 2090 805
f 331 2107 811
f 301 2017 781
f 373 2233 853
f 380 2256 860
f 272 1932 752
f 248 1859 728
f 230 1805 710
f 224 1788 704
f 236 1824 716
f 242 1842 722
f 254 1878 734
f 356 2184 836
f 397 2306 877
f 385 2270 865
f 259 1892 739
f 326 2093 806
f 308 2039 788
f 277 1946 757
f 314 2058 794
f 320 2076 800
f 338 2130 818
f 284 1968 764
f 289 1982 769
f 367 2216 847
f 391 2287 871
f 355 2179 835
f 253 1873 733
f 260 1895 740
f 386 2273 866
f 398 2309 878
f 350 2165 830
f 343 2144 823
f 295 2000 775
f 361 2198 841
f 266 1913 746
f 337 2125 817
f 283 1963 763
f 290 1985 770
f 368 2219 848
f 392 2292 872
f 349 2162 829
f 344 2147 824
f 296 2003 776
f 362 2201 842
f 265 1910 745
f 251 1863 731
f 233 1809 713
f 228 1794 708
f 240 1830 720
f 246 1848 726
f 258 1886 738
f 360 2192 840
f 401 2318 881
f 389 2282 869
f 263 1904 743
f 329 2097 809
f 310 2043 790
f 280 1956 760
f 318 2066 798
f 324 2082 804
f 342 2138 822
f 288 1974 768
f 292 1992 772
f 371 2228 851
f 393 2295 873
f 409 2331 1269
f 405 2327 1245
f 411 2328 1252
f 414 2334 1288
f 417 2337 1306
f 431 2346 1336
f 488 2412 1551
f 575 2499 1473
f 563 2487 1599
f 519 2436 1354
f 454 2376 1479
f 450 2372 1401
f 456 2373 1408
f 459 2379 1492
f 462 2382 1504
f 472 2396 1533
f 446 2361 1414
f 506 2418 1444
f 535 2457 1594
f 541 2463 1383
f 570 2492 1323
f 480 2402 1275
f 421 2343 1263
f 511 2433 1299
f 556 2478 1317
f 484 2406 1341
f 580 2502 1564
f 567 2484 1462
f 522 2442 1588
f 427 2349 1347
f 544 2468 1521
f 468 2387 1420
f 436 2358 1395
f 499 2421 1497
f 530 2454 1515
f 548 2472 1557
f 466 2388 1425
f 442 2364 1431
f 505 2426 1570
f 536 2448 1372
f 491 2403 1282
f 423 2342 1258
f 513 2432 1294
f 564 2477 1312
f 581 2493 1330
f 549 2462 1378
f 477 2397 1540
f 445 2367 1449
f 503 2427 1575
f 525 2447 1365
f 474 2391 1486
f 438 2357 1390
f 495 2417 1437
f 532 2453 1510
f 552 2469 1528
f 490 2411 1546
f 577 2498 1468
f 559 2483 1455
f 517 2441 1581
f 430 2352 1359
f 590 2509 1272
f 584 2503 1248
f 585 2506 1253
f 592 2512 1289
f 595 2515 1307
f 598 2518 1337
f 636 2555 1554
f 621 2541 1476
f 642 2562 1602
f 601 2522 1355
f 623 2542 1482
f 611 2528 1404
f 609 2531 1409
f 625 2545 1493
f 628 2548 1505
f 632 2551 1536
f 613 2533 1415
f 616 2537 1445
f 638 2559 1595
f 606 2526 1386
f 407 1616 909
f 403 1608 891
f 404 1606 886
f 410 1612 898
f 413 1615 904
f 422 1624 922
f 486 1692 1060
f 573 1782 1240
f 561 1765 1204
f 512 1714 1102
f 452 1661 999
f 448 1653 981
f 449 1651 976
f 455 1657 988
f 458 1660 994
f 470 1675 1024
f 437 1639 952
f 494 1696 1066
f 531 1733 1138
f 539 1751 1179
f 568 1779 1233
f 478 1683 1041
f 419 1626 927
f 509 1721 1119
f 554 1766 1209
f 482 1689 1053
f 576 1778 1228
f 558 1760 1192
f 516 1718 1108
f 425 1629 933
f 542 1747 1167
f 463 1665 1005
f 434 1641 957
f 497 1704 1083
f 528 1737 1150
f 546 1750 1174
f 464 1676 1029
f 440 1644 963
f 500 1702 1077
f 524 1726 1126
f 479 1681 1036
f 418 1620 915
f 508 1710 1095
f 553 1755 1185
f 569 1771 1216
f 538 1740 1155
f 471 1673 1018
f 443 1647 970
f 501 1707 1090
f 523 1734 1143
f 467 1669 1012
f 433 1635 945
f 493 1698 1071
f 527 1729 1131
f 543 1745 1162
f 485 1687 1047
f 572 1774 1221
f 557 1762 1197
f 515 1720 1114
f 428 1632 940
f 591 2189 1284
f 587 1883 1260
f 588 1903 1296
f 594 2281 1314
f 597 2317 1332
f 600 2173 1380
f 634 2158 1542
f 619 2012 1451
f 639 2210 1577
f 602 1924 1367
f 624 2135 1488
f 608 1973 1392
f 610 1996 1439
f 627 2227 1512
f 630 2304 1530
f 635 2176 1548
f 615 2155 1470
f 617 2014 1457
f 637 2212 1583
f 604 1922 1361
f 416 1864 1270
f 408 1810 1246
f 406 1795 1251
f 412 1831 1287
f 415 1849 1305
f 424 1887 1335
f 492 2193 1552
f 582 2321 1474
f 565 2285 1600
f 514 1907 1353
f 461 2098 1480
f 453 2044 1402
f 451 1961 1407
f 457 2067 1491
f 460 2083 1503
f 475 2139 1534
f 439 1975 1413
f 496 1997 1443
f 533 2231 1593
f 551 2298 1384
f 579 2190 1324
f 483 1884 1276
f 426 1900 1264
f 521 2278 1300
f 566 2314 1318
f 489 2170 1342
f 578 2159 1563
f 560 2015 1461
f 518 2213 1587
f 429 1918 1348
f 547 2136 1522
f 465 1977 1419
f 441 1990 1396
f 504 2224 1498
f 537 2301 1516
f 550 2177 1558
f 476 2152 1426
f 444 2008 1432
f 502 2206 1569
f 526 1925 1371
f 481 1817 1281
f 420 1797 1257
f 510 1833 1293
f 555 1851 1311
f 571 1871 1329
f 540 1941 1377
f 473 2119 1539
f 447 2029 1450
f 507 2247 1576
f 534 2262 1366
f 469 2051 1485
f 435 1954 1389
f 498 2064 1438
f 529 2085 1509
f 545 2105 1527
f 487 2121 1545
f 574 2031 1467
f 562 2244 1456
f 520 2265 1582
f 432 1939 1360
f 589 1814 1271
f 583 1793 1247
f 586 1829 1254
f 593 1847 1290
f 596 1868 1308
f 599 1937 1338
f 633 2124 1553
f 620 2034 1475
f 640 2250 1601
f 603 2261 1356
f 622 2050 1481
f 607 1960 1403
f 612 2063 1410
f 626 2081 1494
f 629 2102 1506
f 631 2117 1535
f 614 2027 1416
f 618 2243 1446
f 641 2268 1596
f 605 1944 1385
f 409 1804 894
f 405 1785 887
f 411 1821 899
f 414 1839 905
f 417 1858 912
f 431 1929 941
f 488 2114 1050
f 575 2024 1224
f 563 2240 1200
f 519 2253 1115
f 454 2038 984
f 450 1951 977
f 456 2055 989
f 459 2073 995
f 462 2092 1002
f 472 2109 1019
f 446 2019 971
f 506 2235 1091
f 535 2258 1146
f 541 1934 1158
f 570 1861 1217
f 480 1807 1037
f 421 1790 918
f 511 1826 1098
f 556 1844 1188
f 484 1880 1044
f 580 2186 1236
f 567 2308 1212
f 522 2272 1122
f 427 1894 930
f 544 2095 1163
f 468 2041 1013
f 436 1948 948
f 499 2060 1074
f 530 2078 1134
f 548 2132 1170
f 466 1970 1008
f 442 1984 960
f 505 2218 1086
f 536 2289 1151
f 491 2181 1061
f 423 1875 923
f 513 1897 1103
f 564 2275 1205
f 581 2311 1241
f 549 2167 1175
f 477 2146 1032
f 445 2002 966
f 503 2200 1080
f 525 1915 1127
f 474 2127 1025
f 438 1965 953
f 495 1987 1067
f 532 2221 1139
f 552 2294 1182
f 490 2164 1056
f 577 2149 1229
f 559 2005 1193
f 517 2203 1109
f 430 1912 936
f 590 1870 1325
f 584 1816 1277
f 585 1800 1265
f 592 1836 1301
f 595 1854 1319
f 598 1890 1343
f 636 2196 1566
f 621 2320 1464
f 642 2284 1590
f 601 1906 1349
f 623 2104 1523
f 611 2047 1422
f 609 1958 1397
f 625 2070 1499
f 628 2088 1517
f 632 2142 1559
f 613 1980 1427
f 616 1994 1433
f 638 2230 1572
f 606 2297 1374
f 407 2329 892
f 403 2323 885
f 404 2326 897
f 410 2333 903
f 413 2336 910
f 422 2345 939
f 486 2409 1048
f 573 2496 1222
f 561 2485 1198
f 512 2435 1113
f 452 2374 982
f 448 2368 975
f 449 2371 987
f 455 2378 993
f 458 2381 1000
f 470 2392 1017
f 437 2360 969
f 494 2416 1089
f 531 2456 1144
f 539 2460 1156
f 568 2488 1215
f 478 2398 1035
f 419 2340 916
f 509 2430 1096
f 554 2475 1186
f 482 2404 1042
f 576 2501 1234
f 558 2482 1210
f 516 2440 1120
f 425 2347 928
f 542 2464 1161
f 463 2384 1011
f 434 2355 946
f 497 2419 1072
f 528 2451 1132
f 546 2470 1168
f 464 2385 1006
f 440 2362 958
f 500 2423 1084
f 524 2446 1149
f 479 2401 1059
f 418 2339 921
f 508 2429 1101
f 553 2474 1203
f 569 2491 1239
f 538 2459 1173
f 471 2395 1030
f 443 2365 964
f 501 2424 1078
f 523 2443 1125
f 467 2390 1023
f 433 2354 951
f 493 2413 1065
f 527 2450 1137
f 543 2467 1180
f 485 2408 1054
f 572 2495 1227
f 557 2479 1191
f 515 2437 1107
f 428 2350 934
f 591 2511 1326
f 587 2505 1278
f 588 2507 1266
f 594 2513 1302
f 597 2516 1320
f 600 2519 1344
f 634 2556 1565
f 619 2540 1463
f 639 2561 1589
f 602 2521 1350
f 624 2544 1524
f 608 2529 1421
f 610 2530 1398
f 627 2546 1500
f 630 2549 1518
f 635 2553 1560
f 615 2534 1428
f 617 2536 1434
f 637 2557 1571
f 604 2525 1373
f 164 1609 889
f 163 1605 883
f 165 1611 895
f 166 1614 901
f 167 1617 907
f 172 1631 937
f 190 1688 1045
f 219 1775 1219
f 215 1763 1195
f 201 1719 1111
f 179 1654 979
f 178 1650 973
f 180 1656 985
f 181 1659 991
f 182 1662 997
f 185 1672 1015
f 177 1646 967
f 197 1706 1087
f 206 1735 1141
f 208 1741 1153
f 218 1770 1213
f 188 1680 1033
f 168 1621 913
f 198 1711 1093
f 213 1756 1183
f 189 1684 1039
f 221 1780 1231
f 217 1767 1207
f 202 1722 1117
f 170 1627 925
f 209 1744 1159
f 184 1668 1009
f 173 1636 943
f 194 1699 1069
f 204 1730 1129
f 210 1748 1165
f 183 1666 1003
f 175 1642 955
f 196 1705 1081
f 207 1736 1147
f 192 1691 1057
f 169 1623 919
f 199 1713 1099
f 216 1764 1201
f 222 1781 1237
f 211 1749 1171
f 187 1677 1027
f 176 1645 961
f 195 1703 1075
f 203 1725 1123
f 186 1674 1021
f 174 1638 949
f 193 1695 1063
f 205 1732 1135
f 212 1752 1177
f 191 1690 1051
f 220 1777 1225
f 214 1759 1189
f 200 1717 1105
f 171 1630 931
f 358 2191 1322
f 256 1885 1274
f 261 1901 1262
f 387 2279 1298
f 399 2315 1316
f 351 2171 1340
f 348 2160 1561
f 300 2016 1459
f 366 2214 1585
f 267 1919 1346
f 340 2137 1520
f 287 1978 1417
f 291 1991 1394
f 369 2225 1496
f 395 2302 1514
f 354 2178 1556
f 345 2153 1424
f 297 2009 1430
f 363 2207 1567
f 270 1926 1369
f 247 1857 908
f 229 1803 890
f 223 1786 884
f 235 1822 896
f 241 1840 902
f 253 1876 920
f 355 2182 1058
f 398 2312 1238
f 386 2276 1202
f 260 1898 1100
f 325 2091 998
f 307 2037 980
f 278 1952 974
f 313 2056 986
f 319 2074 992
f 337 2128 1022
f 283 1966 950
f 290 1988 1064
f 368 2222 1136
f 392 2293 1178
f 356 2185 1232
f 254 1879 1040
f 259 1893 926
f 385 2271 1118
f 397 2307 1208
f 349 2163 1052
f 344 2150 1226
f 296 2006 1190
f 362 2204 1106
f 265 1911 932
f 338 2131 1166
f 284 1969 1004
f 289 1983 956
f 367 2217 1082
f 391 2290 1148
f 350 2168 1172
f 343 2145 1028
f 295 2001 962
f 361 2199 1076
f 266 1916 1124
f 230 1808 1034
f 224 1789 914
f 236 1825 1094
f 242 1843 1184
f 248 1862 1214
f 272 1933 1154
f 331 2110 1016
f 301 2020 968
f 373 2236 1088
f 380 2257 1142
f 308 2042 1010
f 277 1947 944
f 314 2059 1070
f 320 2077 1130
f 326 2096 1160
f 332 2113 1046
f 302 2023 1220
f 374 2239 1196
f 379 2254 1112
f 271 1930 938
f 234 1818 1279
f 227 1798 1255
f 239 1834 1291
f 245 1852 1309
f 252 1872 1327
f 275 1942 1375
f 334 2120 1537
f 304 2030 1448
f 377 2248 1574
f 382 2263 1364
f 312 2052 1483
f 279 1955 1387
f 316 2065 1436
f 323 2086 1507
f 330 2106 1525
f 335 2122 1543
f 305 2032 1465
f 376 2245 1454
f 383 2266 1580
f 274 1940 1358
f 232 1813 1267
f 225 1792 1243
f 237 1828 1250
f 243 1846 1286
f 250 1867 1304
f 273 1936 1334
f 336 2123 1549
f 306 2033 1471
f 378 2249 1597
f 381 2260 1352
f 311 2049 1477
f 281 1959 1399
f 315 2062 1406
f 321 2080 1490
f 328 2101 1502
f 333 2116 1531
f 303 2026 1412
f 375 2242 1442
f 384 2267 1592
f 276 1943 1381
f 251 1869 1321
f 233 1815 1273
f 228 1799 1261
f 240 1835 1297
f 246 1853 1315
f 258 1889 1339
f 360 2195 1562
f 401 2319 1460
f 389 2283 1586
f 263 1905 1345
f 329 2103 1519
f 310 2046 1418
f 280 1957 1393
f 318 2069 1495
f 324 2087 1513
f 342 2141 1555
f 288 1979 1423
f 292 1993 1429
f 371 2229 1568
f 393 2296 1370
f 357 2188 1280
f 255 1882 1256
f 262 1902 1292
f 388 2280 1310
f 400 2316 1328
f 352 2172 1376
f 347 2157 1538
f 298 2011 1447
f 364 2209 1573
f 269 1923 1363
f 339 2134 1484
f 285 1972 1388
f 293 1995 1435
f 370 2226 1508
f 396 2303 1526
f 353 2175 1544
f 346 2154 1466
f 299 2013 1453
f 365 2211 1579
f 268 1921 1357
f 249 1865 1268
f 231 1811 1244
f 226 1796 1249
f 238 1832 1285
f 244 1850 1303
f 257 1888 1333
f 359 2194 1550
f 402 2322 1472
f 390 2286 1598
f 264 1908 1351
f 327 2099 1478
f 309 2045 1400
f 282 1962 1405
f 317 2068 1489
f 322 2084 1501
f 341 2140 1532
f 286 1976 1411
f 294 1998 1441
f 372 2232 1591
f 394 2299 1382
f 416 2330 911
f 408 2324 893
f 406 2325 888
f 412 2332 900
f 415 2335 906
f 424 2344 924
f 492 2410 1062
f 582 2497 1242
f 565 2486 1206
f 514 2434 1104
f 461 2375 1001
f 453 2369 983
f 451 2370 978
f 457 2377 990
f 460 2380 996
f 475 2393 1026
f 439 2359 954
f 496 2415 1068
f 533 2455 1140
f 551 2461 1181
f 579 2489 1235
f 483 2399 1043
f 426 2341 929
f 521 2431 1121
f 566 2476 1211
f 489 2405 1055
f 578 2500 1230
f 560 2481 1194
f 518 2439 1110
f 429 2348 935
f 547 2465 1169
f 465 2383 1007
f 441 2356 959
f 504 2420 1085
f 537 2452 1152
f 550 2471 1176
f 476 2386 1031
f 444 2363 965
f 502 2422 1079
f 526 2445 1128
f 481 2400 1038
f 420 2338 917
f 510 2428 1097
f 555 2473 1187
f 571 2490 1218
f 540 2458 1157
f 473 2394 1020
f 447 2366 972
f 507 2425 1092
f 534 2444 1145
f 469 2389 1014
f 435 2353 947
f 498 2414 1073
f 529 2449 1133
f 545 2466 1164
f 487 2407 1049
f 574 2494 1223
f 562 2480 1199
f 520 2438 1116
f 432 2351 942
f 589 2510 1283
f 583 2504 1259
f 586 2508 1295
f 593 2514 1313
f 596 2517 1331
f 599 2520 1379
f 633 2554 1541
f 620 2539 1452
f 640 2560 1578
f 603 2523 1368
f 622 2543 1487
f 607 2527 1391
f 612 2532 1440
f 626 2547 1511
f 629 2550 1529
f 631 2552 1547
f 614 2535 1469
f 618 2538 1458
f 641 2558 1584
f 605 2524 1362
f 164 1607 1609
f 163 1603 1605
f 165 1604 1611
f 166 1610 1614
f 167 1613 1617
f 172 1622 1631
f 190 1686 1688
f 219 1773 1775
f 215 1761 1763
f 201 1712 1719
f 179 1652 1654
f 178 1648 1650
f 180 1649 1656
f 181 1655 1659
f 182 1658 1662
f 185 1670 1672
f 177 1637 1646
f 197 1694 1706
f 206 1731 1735
f 208 1739 1741
f 218 1768 1770
f 188 1678 1680
f 168 1619 1621
f 198 1709 1711
f 213 1754 1756
f 189 1682 1684
f 221 1776 1780
f 217 1758 1767
f 202 1716 1722
f 170 1625 1627
f 209 1742 1744
f 184 1663 1668
f 173 1634 1636
f 194 1697 1699
f 204 1728 1730
f 210 1746 1748
f 183 1664 1666
f 175 1640 1642
f 196 1700 1705
f 207 1724 1736
f 192 1679 1691
f 169 1618 1623
f 199 1708 1713
f 216 1753 1764
f 222 1769 1781
f 211 1738 1749
f 187 1671 1677
f 176 1643 1645
f 195 1701 1703
f 203 1723 1725
f 186 1667 1674
f 174 1633 1638
f 193 1693 1695
f 205 1727 1732
f 212 1743 1752
f 191 1685 1690
f 220 1772 1777
f 214 1757 1759
f 200 1715 1717
f 171 1628 1630
f 358 2187 2191
f 256 1881 1885
f 261 1899 1901
f 387 2277 2279
f 399 2313 2315
f 351 2169 2171
f 348 2156 2160
f 300 2010 2016
f 366 2208 2214
f 267 1917 1919
f 340 2133 2137
f 287 1971 1978
f 291 1989 1991
f 369 2223 2225
f 395 2300 2302
f 354 2174 2178
f 345 2151 2153
f 297 2007 2009
f 363 2205 2207
f 270 1920 1926
f 247 1855 1857
f 229 1801 1803
f 223 1784 1786
f 235 1820 1822
f 241 1838 1840
f 253 1874 1876
f 355 2180 2182
f 398 2310 2312
f 386 2274 2276
f 260 1896 1898
f 325 2089 2091
f 307 2035 2037
f 278 1950 1952
f 313 2054 2056
f 319 2072 2074
f 337 2126 2128
f 283 1964 1966
f 290 1986 1988
f 368 2220 2222
f 392 2291 2293
f 356 2183 2185
f 254 1877 1879
f 259 1891 1893
f 385 2269 2271
f 397 2305 2307
f 349 2161 2163
f 344 2148 2150
f 296 2004 2006
f 362 2202 2204
f 265 1909 1911
f 338 2129 2131
f 284 1967 1969
f 289 1981 1983
f 367 2215 2217
f 391 2288 2290
f 350 2166 2168
f 343 2143 2145
f 295 1999 2001
f 361 2197 2199
f 266 1914 1916
f 230 1806 1808
f 224 1787 1789
f 236 1823 1825
f 242 1841 1843
f 248 1860 1862
f 272 1931 1933
f 331 2108 2110
f 301 2018 2020
f 373 2234 2236
f 380 2255 2257
f 308 2040 2042
f 277 1945 1947
f 314 2057 2059
f 320 2075 2077
f 326 2094 2096
f 332 2111 2113
f 302 2021 2023
f 374 2237 2239
f 379 2252 2254
f 271 1928 1930
f 234 1812 1818
f 227 1791 1798
f 239 1827 1834
f 245 1845 1852
f 252 1866 1872
f 275 1935 1942
f 334 2118 2120
f 304 2028 2030
f 377 2246 2248
f 382 2259 2263
f 312 2048 2052
f 279 1953 1955
f 316 2061 2065
f 323 2079 2086
f 330 2100 2106
f 335 2115 2122
f 305 2025 2032
f 376 2241 2245
f 383 2264 2266
f 274 1938 1940
f 232 1802 1813
f 225 1783 1792
f 237 1819 1828
f 243 1837 1846
f 250 1856 1867
f 273 1927 1936
f 336 2112 2123
f 306 2022 2033
f 378 2238 2249
f 381 2251 2260
f 311 2036 2049
f 281 1949 1959
f 315 2053 2062
f 321 2071 2080
f 328 2090 2101
f 333 2107 2116
f 303 2017 2026
f 375 2233 2242
f 384 2256 2267
f 276 1932 1943
f 251 1859 1869
f 233 1805 1815
f 228 1788 1799
f 240 1824 1835
f 246 1842 1853
f 258 1878 1889
f 360 2184 2195
f 401 2306 2319
f 389 2270 2283
f 263 1892 1905
f 329 2093 2103
f 310 2039 2046
f 280 1946 1957
f 318 2058 2069
f 324 2076 2087
f 342 2130 2141
f 288 1968 1979
f 292 1982 1993
f 371 2216 2229
f 393 2287 2296
f 357 2179 2188
f 255 1873 1882
f 262 1895 1902
f 388 2273 2280
f 400 2309 2316
f 352 2165 2172
f 347 2144 2157
f 298 2000 2011
f 364 2198 2209
f 269 1913 1923
f 339 2125 2134
f 285 1963 1972
f 293 1985 1995
f 370 2219 2226
f 396 2292 2303
f 353 2162 2175
f 346 2147 2154
f 299 2003 2013
f 365 2201 2211
f 268 1910 1921
f 249 1863 1865
f 231 1809 1811
f 226 1794 1796
f 238 1830 1832
f 244 1848 1850
f 257 1886 1888
f 359 2192 2194
f 402 2318 2322
f 390 2282 2286
f 264 1904 1908
f 327 2097 2099
f 309 2043 2045
f 282 1956 1962
f 317 2066 2068
f 322 2082 2084
f 341 2138 2140
f 286 1974 1976
f 294 1992 1998
f 372 2228 2232
f 394 2295 2299
f 416 2331 2330
f 408 2327 2324
f 406 2328 2325
f 412 2334 2332
f 415 2337 2335
f 424 2346 2344
f 492 2412 2410
f 582 2499 2497
f 565 2487 2486
f 514 2436 2434
f 461 2376 2375
f 453 2372 2369
f 451 2373 2370
f 457 2379 2377
f 460 2382 2380
f 475 2396 2393
f 439 2361 2359
f 496 2418 2415
f 533 2457 2455
f 551 2463 2461
f 579 2492 2489
f 483 2402 2399
f 426 2343 2341
f 521 2433 2431
f 566 2478 2476
f 489 2406 2405
f 578 2502 2500
f 560 2484 2481
f 518 2442 2439
f 429 2349 2348
f 547 2468 2465
f 465 2387 2383
f 441 2358 2356
f 504 2421 2420
f 537 2454 2452
f 550 2472 2471
f 476 2388 2386
f 444 2364 2363
f 502 2426 2422
f 526 2448 2445
f 481 2403 2400
f 420 2342 2338
f 510 2432 2428
f 555 2477 2473
f 571 2493 2490
f 540 2462 2458
f 473 2397 2394
f 447 2367 2366
f 507 2427 2425
f 534 2447 2444
f 469 2391 2389
f 435 2357 2353
f 498 2417 2414
f 529 2453 2449
f 545 2469 2466
f 487 2411 2407
f 574 2498 2494
f 562 2483 2480
f 520 2441 2438
f 432 2352 2351
f 589 2509 2510
f 583 2503 2504
f 586 2506 2508
f 593 2512 2514
f 596 2515 2517
f 599 2518 2520
f 633 2555 2554
f 620 2541 2539
f 640 2562 2560
f 603 2522 2523
f 622 2542 2543
f 607 2528 2527
f 612 2531 2532
f 626 2545 2547
f 629 2548 2550
f 631 2551 2552
f 614 2533 2535
f 618 2537 2538
f 641 2559 2558
f 605 2526 2524
f 164 644 1607
f 163 643 1603
f 165 645 1604
f 166 646 1610
f 167 647 1613
f 172 652 1622
f 190 670 1686
f 219 699 1773
f 215 695 1761
f 201 681 1712
f 179 659 1652
f 178 658 1648
f 180 660 1649
f 181 661 1655
f 182 662 1658
f 185 665 1670
f 177 657 1637
f 197 677 1694
f 206 686 1731
f 208 688 1739
f 218 698 1768
f 188 668 1678
f 168 648 1619
f 198 678 1709
f 213 693 1754
f 189 669 1682
f 221 701 1776
f 217 697 1758
f 202 682 1716
f 170 650 1625
f 209 689 1742
f 184 664 1663
f 173 653 1634
f 194 674 1697
f 204 684 1728
f 210 690 1746
f 183 663 1664
f 175 655 1640
f 196 676 1700
f 207 687 1724
f 192 672 1679
f 169 649 1618
f 199 679 1708
f 216 696 1753
f 222 702 1769
f 211 691 1738
f 187 667 1671
f 176 656 1643
f 195 675 1701
f 203 683 1723
f 186 666 1667
f 174 654 1633
f 193 673 1693
f 205 685 1727
f 212 692 1743
f 191 671 1685
f 220 700 1772
f 214 694 1757
f 200 680 1715
f 171 651 1628
f 358 838 2187
f 256 736 1881
f 261 741 1899
f 387 867 2277
f 399 879 2313
f 351 831 2169
f 348 828 2156
f 300 780 2010
f 366 846 2208
f 267 747 1917
f 340 820 2133
f 287 767 1971
f 291 771 1989
f 369 849 2223
f 395 875 2300
f 354 834 2174
f 345 825 2151
f 297 777 2007
f 363 843 2205
f 270 750 1920
f 247 727 1855
f 229 709 1801
f 223 703 1784
f 235 715 1820
f 241 721 1838
f 253 733 1874
f 355 835 2180
f 398 878 2310
f 386 866 2274
f 260 740 1896
f 325 805 2089
f 307 787 2035
f 278 758 1950
f 313 793 2054
f 319 799 2072
f 337 817 2126
f 283 763 1964
f 290 770 1986
f 368 848 2220
f 392 872 2291
f 356 836 2183
f 254 734 1877
f 259 739 1891
f 385 865 2269
f 397 877 2305
f 349 829 2161
f 344 824 2148
f 296 776 2004
f 362 842 2202
f 265 745 1909
f 338 818 2129
f 284 764 1967
f 289 769 1981
f 367 847 2215
f 391 871 2288
f 350 830 2166
f 343 823 2143
f 295 775 1999
f 361 841 2197
f 266 746 1914
f 230 710 1806
f 224 704 1787
f 236 716 1823
f 242 722 1841
f 248 728 1860
f 272 752 1931
f 331 811 2108
f 301 781 2018
f 373 853 2234
f 380 860 2255
f 308 788 2040
f 277 757 1945
f 314 794 2057
f 320 800 2075
f 326 806 2094
f 332 812 2111
f 302 782 2021
f 374 854 2237
f 379 859 2252
f 271 751 1928
f 234 714 1812
f 227 707 1791
f 239 719 1827
f 245 725 1845
f 252 732 1866
f 275 755 1935
f 334 814 2118
f 304 784 2028
f 377 857 2246
f 382 862 2259
f 312 792 2048
f 279 759 1953
f 316 796 2061
f 323 803 2079
f 330 810 2100
f 335 815 2115
f 305 785 2025
f 376 856 2241
f 383 863 2264
f 274 754 1938
f 232 712 1802
f 225 705 1783
f 237 717 1819
f 243 723 1837
f 250 730 1856
f 273 753 1927
f 336 816 2112
f 306 786 2022
f 378 858 2238
f 381 861 2251
f 311 791 2036
f 281 761 1949
f 315 795 2053
f 321 801 2071
f 328 808 2090
f 333 813 2107
f 303 783 2017
f 375 855 2233
f 384 864 2256
f 276 756 1932
f 251 731 1859
f 233 713 1805
f 228 708 1788
f 240 720 1824
f 246 726 1842
f 258 738 1878
f 360 840 2184
f 401 881 2306
f 389 869 2270
f 263 743 1892
f 329 809 2093
f 310 790 2039
f 280 760 1946
f 318 798 2058
f 324 804 2076
f 342 822 2130
f 288 768 1968
f 292 772 1982
f 371 851 2216
f 393 873 2287
f 357 837 2179
f 255 735 1873
f 262 742 1895
f 388 868 2273
f 400 880 2309
f 352 832 2165
f 347 827 2144
f 298 778 2000
f 364 844 2198
f 269 749 1913
f 339 819 2125
f 285 765 1963
f 293 773 1985
f 370 850 2219
f 396 876 2292
f 353 833 2162
f 346 826 2147
f 299 779 2003
f 365 845 2201
f 268 748 1910
f 249 729 1863
f 231 711 1809
f 226 706 1794
f 238 718 1830
f 244 724 1848
f 257 737 1886
f 359 839 2192
f 402 882 2318
f 390 870 2282
f 264 744 1904
f 327 807 2097
f 309 789 2043
f 282 762 1956
f 317 797 2066
f 322 802 2082
f 341 821 2138
f 286 766 1974
f 294 774 1992
f 372 852 2228
f 394 874 2295
f 416 1270 2331
f 408 1246 2327
f 406 1251 2328
f 412 1287 2334
f 415 1305 2337
f 424 1335 2346
f 492 1552 2412
f 582 1474 2499
f 565 1600 2487
f 514 1353 2436
f 461 1480 2376
f 453 1402 2372
f 451 1407 2373
f 457 1491 2379
f 460 1503 2382
f 475 1534 2396
f 439 1413 2361
f 496 1443 2418
f 533 1593 2457
f 551 1384 2463
f 579 1324 2492
f 483 1276 2402
f 426 1264 2343
f 521 1300 2433
f 566 1318 2478
f 489 1342 2406
f 578 1563 2502
f 560 1461 2484
f 518 1587 2442
f 429 1348 2349
f 547 1522 2468
f 465 1419 2387
f 441 1396 2358
f 504 1498 2421
f 537 1516 2454
f 550 1558 2472
f 476 1426 2388
f 444 1432 2364
f 502 1569 2426
f 526 1371 2448
f 481 1281 2403
f 420 1257 2342
f 510 1293 2432
f 555 1311 2477
f 571 1329 2493
f 540 1377 2462
f 473 1539 2397
f 447 1450 2367
f 507 1576 2427
f 534 1366 2447
f 469 1485 2391
f 435 1389 2357
f 498 1438 2417
f 529 1509 2453
f 545 1527 2469
f 487 1545 2411
f 574 1467 2498
f 562 1456 2483
f 520 1582 2441
f 432 1360 2352
f 589 1271 2509
f 583 1247 2503
f 586 1254 2506
f 593 1290 2512
f 596 1308 2515
f 599 1338 2518
f 633 1553 2555
f 620 1475 2541
f 640 1601 2562
f 603 1356 2522
f 622 1481 2542
f 607 1403 2528
f 612 1410 2531
f 626 1494 2545
f 629 1506 2548
f 631 1535 2551
f 614 1416 2533
f 618 1446 2537
f 641 1596 2559
f 605 1385 2526
f 167 907 1616
f 164 889 1608
f 163 883 1606
f 165 895 1612
f 166 901 1615
f 169 919 1624
f 192 1057 1692
f 222 1237 1782
f 216 1201 1765
f 199 1099 1714
f 182 997 1661
f 179 979 1653
f 178 973 1651
f 180 985 1657
f 181 991 1660
f 186 1021 1675
f 174 949 1639
f 193 1063 1696
f 205 1135 1733
f 212 1177 1751
f 221 1231 1779
f 189 1039 1683
f 170 925 1626
f 202 1117 1721
f 217 1207 1766
f 191 1051 1689
f 220 1225 1778
f 214 1189 1760
f 200 1105 1718
f 171 931 1629
f 210 1165 1747
f 183 1003 1665
f 175 955 1641
f 196 1081 1704
f 207 1147 1737
f 211 1171 1750
f 187 1027 1676
f 176 961 1644
f 195 1075 1702
f 203 1123 1726
f 188 1033 1681
f 168 913 1620
f 198 1093 1710
f 213 1183 1755
f 218 1213 1771
f 208 1153 1740
f 185 1015 1673
f 177 967 1647
f 197 1087 1707
f 206 1141 1734
f 184 1009 1669
f 173 943 1635
f 194 1069 1698
f 204 1129 1729
f 209 1159 1745
f 190 1045 1687
f 219 1219 1774
f 215 1195 1762
f 201 1111 1720
f 172 937 1632
f 357 1280 2189
f 255 1256 1883
f 262 1292 1903
f 388 1310 2281
f 400 1328 2317
f 352 1376 2173
f 347 1538 2158
f 298 1447 2012
f 364 1573 2210
f 269 1363 1924
f 339 1484 2135
f 285 1388 1973
f 293 1435 1996
f 370 1508 2227
f 396 1526 2304
f 353 1544 2176
f 346 1466 2155
f 299 1453 2014
f 365 1579 2212
f 268 1357 1922
f 249 1268 1864
f 231 1244 1810
f 226 1249 1795
f 238 1285 1831
f 244 1303 1849
f 257 1333 1887
f 359 1550 2193
f 402 1472 2321
f 390 1598 2285
f 264 1351 1907
f 327 1478 2098
f 309 1400 2044
f 282 1405 1961
f 317 1489 2067
f 322 1501 2083
f 341 1532 2139
f 286 1411 1975
f 294 1441 1997
f 372 1591 2231
f 394 1382 2298
f 358 1322 2190
f 256 1274 1884
f 261 1262 1900
f 387 1298 2278
f 399 1316 2314
f 351 1340 2170
f 348 1561 2159
f 300 1459 2015
f 366 1585 2213
f 267 1346 1918
f 340 1520 2136
f 287 1417 1977
f 291 1394 1990
f 369 1496 2224
f 395 1514 2301
f 354 1556 2177
f 345 1424 2152
f 297 1430 2008
f 363 1567 2206
f 270 1369 1925
f 234 1279 1817
f 227 1255 1797
f 239 1291 1833
f 245 1309 1851
f 252 1327 1871
f 275 1375 1941
f 334 1537 2119
f 304 1448 2029
f 377 1574 2247
f 382 1364 2262
f 312 1483 2051
f 279 1387 1954
f 316 1436 2064
f 323 1507 2085
f 330 1525 2105
f 335 1543 2121
f 305 1465 2031
f 376 1454 2244
f 383 1580 2265
f 274 1358 1939
f 232 1267 1814
f 225 1243 1793
f 237 1250 1829
f 243 1286 1847
f 250 1304 1868
f 273 1334 1937
f 336 1549 2124
f 306 1471 2034
f 378 1597 2250
f 381 1352 2261
f 311 1477 2050
f 281 1399 1960
f 315 1406 2063
f 321 1490 2081
f 328 1502 2102
f 333 1531 2117
f 303 1412 2027
f 375 1442 2243
f 384 1592 2268
f 276 1381 1944
f 229 890 1804
f 223 884 1785
f 235 896 1821
f 241 902 1839
f 247 908 1858
f 271 938 1929
f 332 1046 2114
f 302 1220 2024
f 374 1196 2240
f 379 1112 2253
f 307 980 2038
f 278 974 1951
f 313 986 2055
f 319 992 2073
f 325 998 2092
f 331 1016 2109
f 301 968 2019
f 373 1088 2235
f 380 1142 2258
f 272 1154 1934
f 248 1214 1861
f 230 1034 1807
f 224 914 1790
f 236 1094 1826
f 242 1184 1844
f 254 1040 1880
f 356 1232 2186
f 397 1208 2308
f 385 1118 2272
f 259 926 1894
f 326 1160 2095
f 308 1010 2041
f 277 944 1948
f 314 1070 2060
f 320 1130 2078
f 338 1166 2132
f 284 1004 1970
f 289 956 1984
f 367 1082 2218
f 391 1148 2289
f 355 1058 2181
f 253 920 1875
f 260 1100 1897
f 386 1202 2275
f 398 1238 2311
f 350 1172 2167
f 343 1028 2146
f 295 962 2002
f 361 1076 2200
f 266 1124 1915
f 337 1022 2127
f 283 950 1965
f 290 1064 1987
f 368 1136 2221
f 392 1178 2294
f 349 1052 2164
f 344 1226 2149
f 296 1190 2005
f 362 1106 2203
f 265 932 1912
f 251 1321 1870
f 233 1273 1816
f 228 1261 1800
f 240 1297 1836
f 246 1315 1854
f 258 1339 1890
f 360 1562 2196
f 401 1460 2320
f 389 1586 2284
f 263 1345 1906
f 329 1519 2104
f 310 1418 2047
f 280 1393 1958
f 318 1495 2070
f 324 1513 2088
f 342 1555 2142
f 288 1423 1980
f 292 1429 1994
f 371 1568 2230
f 393 1370 2297
f 409 894 2329
f 405 887 2323
f 411 899 2326
f 414 905 2333
f 417 912 2336
f 431 941 2345
f 488 1050 2409
f 575 1224 2496
f 563 1200 2485
f 519 1115 2435
f 454 984 2374
f 450 977 2368
f 456 989 2371
f 459 995 2378
f 462 1002 2381
f 472 1019 2392
f 446 971 2360
f 506 1091 2416
f 535 1146 2456
f 541 1158 2460
f 570 1217 2488
f 480 1037 2398
f 421 918 2340
f 511 1098 2430
f 556 1188 2475
f 484 1044 2404
f 580 1236 2501
f 567 1212 2482
f 522 1122 2440
f 427 930 2347
f 544 1163 2464
f 468 1013 2384
f 436 948 2355
f 499 1074 2419
f 530 1134 2451
f 548 1170 2470
f 466 1008 2385
f 442 960 2362
f 505 1086 2423
f 536 1151 2446
f 491 1061 2401
f 423 923 2339
f 513 1103 2429
f 564 1205 2474
f 581 1241 2491
f 549 1175 2459
f 477 1032 2395
f 445 966 2365
f 503 1080 2424
f 525 1127 2443
f 474 1025 2390
f 438 953 2354
f 495 1067 2413
f 532 1139 2450
f 552 1182 2467
f 490 1056 2408
f 577 1229 2495
f 559 1193 2479
f 517 1109 2437
f 430 936 2350
f 590 1325 2511
f 584 1277 2505
f 585 1265 2507
f 592 1301 2513
f 595 1319 2516
f 598 1343 2519
f 636 1566 2556
f 621 1464 2540
f 642 1590 2561
f 601 1349 2521
f 623 1523 2544
f 611 1422 2529
f 609 1397 2530
f 625 1499 2546
f 628 1517 2549
f 632 1559 2553
f 613 1427 2534
f 616 1433 2536
f 638 1572 2557
f 606 1374 2525
f 407 892 1609
f 403 885 1605
f 404 897 1611
f 410 903 1614
f 413 910 1617
f 422 939 1631
f 486 1048 1688
f 573 1222 1775
f 561 1198 1763
f 512 1113 1719
f 452 982 1654
f 448 975 1650
f 449 987 1656
f 455 993 1659
f 458 1000 1662
f 470 1017 1672
f 437 969 1646
f 494 1089 1706
f 531 1144 1735
f 539 1156 1741
f 568 1215 1770
f 478 1035 1680
f 419 916 1621
f 509 1096 1711
f 554 1186 1756
f 482 1042 1684
f 576 1234 1780
f 558 1210 1767
f 516 1120 1722
f 425 928 1627
f 542 1161 1744
f 463 1011 1668
f 434 946 1636
f 497 1072 1699
f 528 1132 1730
f 546 1168 1748
f 464 1006 1666
f 440 958 1642
f 500 1084 1705
f 524 1149 1736
f 479 1059 1691
f 418 921 1623
f 508 1101 1713
f 553 1203 1764
f 569 1239 1781
f 538 1173 1749
f 471 1030 1677
f 443 964 1645
f 501 1078 1703
f 523 1125 1725
f 467 1023 1674
f 433 951 1638
f 493 1065 1695
f 527 1137 1732
f 543 1180 1752
f 485 1054 1690
f 572 1227 1777
f 557 1191 1759
f 515 1107 1717
f 428 934 1630
f 591 1326 2191
f 587 1278 1885
f 588 1266 1901
f 594 1302 2279
f 597 1320 2315
f 600 1344 2171
f 634 1565 2160
f 619 1463 2016
f 639 1589 2214
f 602 1350 1919
f 624 1524 2137
f 608 1421 1978
f 610 1398 1991
f 627 1500 2225
f 630 1518 2302
f 635 1560 2178
f 615 1428 2153
f 617 1434 2009
f 637 1571 2207
f 604 1373 1926
f 416 911 1857
f 408 893 1803
f 406 888 1786
f 412 900 1822
f 415 906 1840
f 424 924 1876
f 492 1062 2182
f 582 1242 2312
f 565 1206 2276
f 514 1104 1898
f 461 1001 2091
f 453 983 2037
f 451 978 1952
f 457 990 2056
f 460 996 2074
f 475 1026 2128
f 439 954 1966
f 496 1068 1988
f 533 1140 2222
f 551 1181 2293
f 579 1235 2185
f 483 1043 1879
f 426 929 1893
f 521 1121 2271
f 566 1211 2307
f 489 1055 2163
f 578 1230 2150
f 560 1194 2006
f 518 1110 2204
f 429 935 1911
f 547 1169 2131
f 465 1007 1969
f 441 959 1983
f 504 1085 2217
f 537 1152 2290
f 550 1176 2168
f 476 1031 2145
f 444 965 2001
f 502 1079 2199
f 526 1128 1916
f 481 1038 1808
f 420 917 1789
f 510 1097 1825
f 555 1187 1843
f 571 1218 1862
f 540 1157 1933
f 473 1020 2110
f 447 972 2020
f 507 1092 2236
f 534 1145 2257
f 469 1014 2042
f 435 947 1947
f 498 1073 2059
f 529 1133 2077
f 545 1164 2096
f 487 1049 2113
f 574 1223 2023
f 562 1199 2239
f 520 1116 2254
f 432 942 1930
f 589 1283 1818
f 583 1259 1798
f 586 1295 1834
f 593 1313 1852
f 596 1331 1872
f 599 1379 1942
f 633 1541 2120
f 620 1452 2030
f 640 1578 2248
f 603 1368 2263
f 622 1487 2052
f 607 1391 1955
f 612 1440 2065
f 626 1511 2086
f 629 1529 2106
f 631 1547 2122
f 614 1469 2032
f 618 1458 2245
f 641 1584 2266
f 605 1362 1940
f 409 1269 1813
f 405 1245 1792
f 411 1252 1828
f 414 1288 1846
f 417 1306 1867
f 431 1336 1936
f 488 1551 2123
f 575 1473 2033
f 563 1599 2249
f 519 1354 2260
f 454 1479 2049
f 450 1401 1959
f 456 1408 2062
f 459 1492 2080
f 462 1504 2101
f 472 1533 2116
f 446 1414 2026
f 506 1444 2242
f 535 1594 2267
f 541 1383 1943
f 570 1323 1869
f 480 1275 1815
f 421 1263 1799
f 511 1299 1835
f 556 1317 1853
f 484 1341 1889
f 580 1564 2195
f 567 1462 2319
f 522 1588 2283
f 427 1347 1905
f 544 1521 2103
f 468 1420 2046
f 436 1395 1957
f 499 1497 2069
f 530 1515 2087
f 548 1557 2141
f 466 1425 1979
f 442 1431 1993
f 505 1570 2229
f 536 1372 2296
f 491 1282 2188
f 423 1258 1882
f 513 1294 1902
f 564 1312 2280
f 581 1330 2316
f 549 1378 2172
f 477 1540 2157
f 445 1449 2011
f 503 1575 2209
f 525 1365 1923
f 474 1486 2134
f 438 1390 1972
f 495 1437 1995
f 532 1510 2226
f 552 1528 2303
f 490 1546 2175
f 577 1468 2154
f 559 1455 2013
f 517 1581 2211
f 430 1359 1921
f 590 1272 1865
f 584 1248 1811
f 585 1253 1796
f 592 1289 1832
f 595 1307 1850
f 598 1337 1888
f 636 1554 2194
f 621 1476 2322
f 642 1602 2286
f 601 1355 1908
f 623 1482 2099
f 611 1404 2045
f 609 1409 1962
f 625 1493 2068
f 628 1505 2084
f 632 1536 2140
f 613 1415 1976
f 616 1445 1998
f 638 1595 2232
f 606 1386 2299
f 407 909 2330
f 403 891 2324
f 404 886 2325
f 410 898 2332
f 413 904 2335
f 422 922 2344
f 486 1060 2410
f 573 1240 2497
f 561 1204 2486
f 512 1102 2434
f 452 999 2375
f 448 981 2369
f 449 976 2370
f 455 988 2377
f 458 994 2380
f 470 1024 2393
f 437 952 2359
f 494 1066 2415
f 531 1138 2455
f 539 1179 2461
f 568 1233 2489
f 478 1041 2399
f 419 927 2341
f 509 1119 2431
f 554 1209 2476
f 482 1053 2405
f 576 1228 2500
f 558 1192 2481
f 516 1108 2439
f 425 933 2348
f 542 1167 2465
f 463 1005 2383
f 434 957 2356
f 497 1083 2420
f 528 1150 2452
f 546 1174 2471
f 464 1029 2386
f 440 963 2363
f 500 1077 2422
f 524 1126 2445
f 479 1036 2400
f 418 915 2338
f 508 1095 2428
f 553 1185 2473
f 569 1216 2490
f 538 1155 2458
f 471 1018 2394
f 443 970 2366
f 501 1090 2425
f 523 1143 2444
f 467 1012 2389
f 433 945 2353
f 493 1071 2414
f 527 1131 2449
f 543 1162 2466
f 485 1047 2407
f 572 1221 2494
f 557 1197 2480
f 515 1114 2438
f 428 940 2351
f 591 1284 2510
f 587 1260 2504
f 588 1296 2508
f 594 1314 2514
f 597 1332 2517
f 600 1380 2520
f 634 1542 2554
f 619 1451 2539
f 639 1577 2560
f 602 1367 2523
f 624 1488 2543
f 608 1392 2527
f 610 1439 2532
f 627 1512 2547
f 630 1530 2550
f 635 1548 2552
f 615 1470 2535
f 617 1457 2538
f 637 1583 2558
f 604 1361 2524
f 167 1616 1607
f 164 1608 1603
f 163 1606 1604
f 165 1612 1610
f 166 1615 1613
f 169 1624 1622
f 192 1692 1686
f 222 1782 1773
f 216 1765 1761
f 199 1714 1712
f 182 1661 1652
f 179 1653 1648
f 178 1651 1649
f 180 1657 1655
f 181 1660 1658
f 186 1675 1670
f 174 1639 1637
f 193 1696 1694
f 205 1733 1731
f 212 1751 1739
f 221 1779 1768
f 189 1683 1678
f 170 1626 1619
f 202 1721 1709
f 217 1766 1754
f 191 1689 1682
f 220 1778 1776
f 214 1760 1758
f 200 1718 1716
f 171 1629 1625
f 210 1747 1742
f 183 1665 1663
f 175 1641 1634
f 196 1704 1697
f 207 1737 1728
f 211 1750 1746
f 187 1676 1664
f 176 1644 1640
f 195 1702 1700
f 203 1726 1724
f 188 1681 1679
f 168 1620 1618
f 198 1710 1708
f 213 1755 1753
f 218 1771 1769
f 208 1740 1738
f 185 1673 1671
f 177 1647 1643
f 197 1707 1701
f 206 1734 1723
f 184 1669 1667
f 173 1635 1633
f 194 1698 1693
f 204 1729 1727
f 209 1745 1743
f 190 1687 1685
f 219 1774 1772
f 215 1762 1757
f 201 1720 1715
f 172 1632 1628
f 357 2189 2187
f 255 1883 1881
f 262 1903 1899
f 388 2281 2277
f 400 2317 2313
f 352 2173 2169
f 347 2158 2156
f 298 2012 2010
f 364 2210 2208
f 269 1924 1917
f 339 2135 2133
f 285 1973 1971
f 293 1996 1989
f 370 2227 2223
f 396 2304 2300
f 353 2176 2174
f 346 2155 2151
f 299 2014 2007
f 365 2212 2205
f 268 1922 1920
f 249 1864 1855
f 231 1810 1801
f 226 1795 1784
f 238 1831 1820
f 244 1849 1838
f 257 1887 1874
f 359 2193 2180
f 402 2321 2310
f 390 2285 2274
f 264 1907 1896
f 327 2098 2089
f 309 2044 2035
f 282 1961 1950
f 317 2067 2054
f 322 2083 2072
f 341 2139 2126
f 286 1975 1964
f 294 1997 1986
f 372 2231 2220
f 394 2298 2291
f 358 2190 2183
f 256 1884 1877
f 261 1900 1891
f 387 2278 2269
f 399 2314 2305
f 351 2170 2161
f 348 2159 2148
f 300 2015 2004
f 366 2213 2202
f 267 1918 1909
f 340 2136 2129
f 287 1977 1967
f 291 1990 1981
f 369 2224 2215
f 395 2301 2288
f 354 2177 2166
f 345 2152 2143
f 297 2008 1999
f 363 2206 2197
f 270 1925 1914
f 234 1817 1806
f 227 1797 1787
f 239 1833 1823
f 245 1851 1841
f 252 1871 1860
f 275 1941 1931
f 334 2119 2108
f 304 2029 2018
f 377 2247 2234
f 382 2262 2255
f 312 2051 2040
f 279 1954 1945
f 316 2064 2057
f 323 2085 2075
f 330 2105 2094
f 335 2121 2111
f 305 2031 2021
f 376 2244 2237
f 383 2265 2252
f 274 1939 1928
f 232 1814 1812
f 225 1793 1791
f 237 1829 1827
f 243 1847 1845
f 250 1868 1866
f 273 1937 1935
f 336 2124 2118
f 306 2034 2028
f 378 2250 2246
f 381 2261 2259
f 311 2050 2048
f 281 1960 1953
f 315 2063 2061
f 321 2081 2079
f 328 2102 2100
f 333 2117 2115
f 303 2027 2025
f 375 2243 2241
f 384 2268 2264
f 276 1944 1938
f 229 1804 1802
f 223 1785 1783
f 235 1821 1819
f 241 1839 1837
f 247 1858 1856
f 271 1929 1927
f 332 2114 2112
f 302 2024 2022
f 374 2240 2238
f 379 2253 2251
f 307 2038 2036
f 278 1951 1949
f 313 2055 2053
f 319 2073 2071
f 325 2092 2090
f 331 2109 2107
f 301 2019 2017
f 373 2235 2233
f 380 2258 2256
f 272 1934 1932
f 248 1861 1859
f 230 1807 1805
f 224 1790 1788
f 236 1826 1824
f 242 1844 1842
f 254 1880 1878
f 356 2186 2184
f 397 2308 2306
f 385 2272 2270
f 259 1894 1892
f 326 2095 2093
f 308 2041 2039
f 277 1948 1946
f 314 2060 2058
f 320 2078 2076
f 338 2132 2130
f 284 1970 1968
f 289 1984 1982
f 367 2218 2216
f 391 2289 2287
f 355 2181 2179
f 253 1875 1873
f 260 1897 1895
f 386 2275 2273
f 398 2311 2309
f 350 2167 2165
f 343 2146 2144
f 295 2002 2000
f 361 2200 2198
f 266 1915 1913
f 337 2127 2125
f 283 1965 1963
f 290 1987 1985
f 368 2221 2219
f 392 2294 2292
f 349 2164 2162
f 344 2149 2147
f 296 2005 2003
f 362 2203 2201
f 265 1912 1910
f 251 1870 1863
f 233 1816 1809
f 228 1800 1794
f 240 1836 1830
f 246 1854 1848
f 258 1890 1886
f 360 2196 2192
f 401 2320 2318
f 389 2284 2282
f 263 1906 1904
f 329 2104 2097
f 310 2047 2043
f 280 1958 1956
f 318 2070 2066
f 324 2088 2082
f 342 2142 2138
f 288 1980 1974
f 292 1994 1992
f 371 2230 2228
f 393 2297 2295
f 409 2329 2331
f 405 2323 2327
f 411 2326 2328
f 414 2333 2334
f 417 2336 2337
f 431 2345 2346
f 488 2409 2412
f 575 2496 2499
f 563 2485 2487
f 519 2435 2436
f 454 2374 2376
f 450 2368 2372
f 456 2371 2373
f 459 2378 2379
f 462 2381 2382
f 472 2392 2396
f 446 2360 2361
f 506 2416 2418
f 535 2456 2457
f 541 2460 2463
f 570 2488 2492
f 480 2398 2402
f 421 2340 2343
f 511 2430 2433
f 556 2475 2478
f 484 2404 2406
f 580 2501 2502
f 567 2482 2484
f 522 2440 2442
f 427 2347 2349
f 544 2464 2468
f 468 2384 2387
f 436 2355 2358
f 499 2419 2421
f 530 2451 2454
f 548 2470 2472
f 466 2385 2388
f 442 2362 2364
f 505 2423 2426
f 536 2446 2448
f 491 2401 2403
f 423 2339 2342
f 513 2429 2432
f 564 2474 2477
f 581 2491 2493
f 549 2459 2462
f 477 2395 2397
f 445 2365 2367
f 503 2424 2427
f 525 2443 2447
f 474 2390 2391
f 438 2354 2357
f 495 2413 2417
f 532 2450 2453
f 552 2467 2469
f 490 2408 2411
f 577 2495 2498
f 559 2479 2483
f 517 2437 2441
f 430 2350 2352
f 590 2511 2509
f 584 2505 2503
f 585 2507 2506
f 592 2513 2512
f 595 2516 2515
f 598 2519 2518
f 636 2556 2555
f 621 2540 2541
f 642 2561 2562
f 601 2521 2522
f 623 2544 2542
f 611 2529 2528
f 609 2530 2531
f 625 2546 2545
f 628 2549 2548
f 632 2553 2551
f 613 2534 2533
f 616 2536 2537
f 638 2557 2559
f 606 2525 2526
f 1607 644 647
f 1603 643 644
f 1604 645 643
f 1610 646 645
f 1613 647 646
f 1622 652 649
f 1686 670 672
f 1773 699 702
f 1761 695 696
f 1712 681 679
f 1652 659 662
f 1648 658 659
f 1649 660 658
f 1655 661 660
f 1658 662 661
f 1670 665 666
f 1637 657 654
f 1694 677 673
f 1731 686 685
f 1739 688 692
f 1768 698 701
f 1678 668 669
f 1619 648 650
f 1709 678 682
f 1754 693 697
f 1682 669 671
f 1776 701 700
f 1758 697 694
f 1716 682 680
f 1625 650 651
f 1742 689 690
f 1663 664 663
f 1634 653 655
f 1697 674 676
f 1728 684 687
f 1746 690 691
f 1664 663 667
f 1640 655 656
f 1700 676 675
f 1724 687 683
f 1679 672 668
f 1618 649 648
f 1708 679 678
f 1753 696 693
f 1769 702 698
f 1738 691 688
f 1671 667 665
f 1643 656 657
f 1701 675 677
f 1723 683 686
f 1667 666 664
f 1633 654 653
f 1693 673 674
f 1727 685 684
f 1743 692 689
f 1685 671 670
f 1772 700 699
f 1757 694 695
f 1715 680 681
f 1628 651 652
f 2187 838 837
f 1881 736 735
f 1899 741 742
f 2277 867 868
f 2313 879 880
f 2169 831 832
f 2156 828 827
f 2010 780 778
f 2208 846 844
f 1917 747 749
f 2133 820 819
f 1971 767 765
f 1989 771 773
f 2223 849 850
f 2300 875 876
f 2174 834 833
f 2151 825 826
f 2007 777 779
f 2205 843 845
f 1920 750 748
f 1855 727 729
f 1801 709 711
f 1784 703 706
f 1820 715 718
f 1838 721 724
f 1874 733 737
f 2180 835 839
f 2310 878 882
f 2274 866 870
f 1896 740 744
f 2089 805 807
f 2035 787 789
f 1950 758 762
f 2054 793 797
f 2072 799 802
f 2126 817 821
f 1964 763 766
f 1986 770 774
f 2220 848 852
f 2291 872 874
f 2183 836 838
f 1877 734 736
f 1891 739 741
f 2269 865 867
f 2305 877 879
f 2161 829 831
f 2148 824 828
f 2004 776 780
f 2202 842 846
f 1909 745 747
f 2129 818 820
f 1967 764 767
f 1981 769 771
f 2215 847 849
f 2288 871 875
f 2166 830 834
f 2143 823 825
f 1999 775 777
f 2197 841 843
f 1914 746 750
f 1806 710 714
f 1787 704 707
f 1823 716 719
f 1841 722 725
f 1860 728 732
f 1931 752 755
f 2108 811 814
f 2018 781 784
f 2234 853 857
f 2255 860 862
f 2040 788 792
f 1945 757 759
f 2057 794 796
f 2075 800 803
f 2094 806 810
f 2111 812 815
f 2021 782 785
f 2237 854 856
f 2252 859 863
f 1928 751 754
f 1812 714 712
f 1791 707 705
f 1827 719 717
f 1845 725 723
f 1866 732 730
f 1935 755 753
f 2118 814 816
f 2028 784 786
f 2246 857 858
f 2259 862 861
f 2048 792 791
f 1953 759 761
f 2061 796 795
f 2079 803 801
f 2100 810 808
f 2115 815 813
f 2025 785 783
f 2241 856 855
f 2264 863 864
f 1938 754 756
f 1802 712 709
f 1783 705 703
f 1819 717 715
f 1837 723 721
f 1856 730 727
f 1927 753 751
f 2112 816 812
f 2022 786 782
f 2238 858 854
f 2251 861 859
f 2036 791 787
f 1949 761 758
f 2053 795 793
f 2071 801 799
f 2090 808 805
f 2107 813 811
f 2017 783 781
f 2233 855 853
f 2256 864 860
f 1932 756 752
f 1859 731 728
f 1805 713 710
f 1788 708 704
f 1824 720 716
f 1842 726 722
f 1878 738 734
f 2184 840 836
f 2306 881 877
f 2270 869 865
f 1892 743 739
f 2093 809 806
f 2039 790 788
f 1946 760 757
f 2058 798 794
f 2076 804 800
f 2130 822 818
f 1968 768 764
f 1982 772 769
f 2216 851 847
f 2287 873 871
f 2179 837 835
f 1873 735 733
f 1895 742 740
f 2273 868 866
f 2309 880 878
f 2165 832 830
f 2144 827 823
f 2000 778 775
f 2198 844 841
f 1913 749 746
f 2125 819 817
f 1963 765 763
f 1985 773 770
f 2219 850 848
f 2292 876 872
f 2162 833 829
f 2147 826 824
f 2003 779 776
f 2201 845 842
f 1910 748 745
f 1863 729 731
f 1809 711 713
f 1794 706 708
f 1830 718 720
f 1848 724 726
f 1886 737 738
f 2192 839 840
f 2318 882 881
f 2282 870 869
f 1904 744 743
f 2097 807 809
f 2043 789 790
f 1956 762 760
f 2066 797 798
f 2082 802 804
f 2138 821 822
f 1974 766 768
f 1992 774 772
f 2228 852 851
f 2295 874 873
f 2331 1270 1269
f 2327 1246 1245
f 2328 1251 1252
f 2334 1287 1288
f 2337 1305 1306
f 2346 1335 1336
f 2412 1552 1551
f 2499 1474 1473
f 2487 1600 1599
f 2436 1353 1354
f 2376 1480 1479
f 2372 1402 1401
f 2373 1407 1408
f 2379 1491 1492
f 2382 1503 1504
f 2396 1534 1533
f 2361 1413 1414
f 2418 1443 1444
f 2457 1593 1594
f 2463 1384 1383
f 2492 1324 1323
f 2402 1276 1275
f 2343 1264 1263
f 2433 1300 1299
f 2478 1318 1317
f 2406 1342 1341
f 2502 1563 1564
f 2484 1461 1462
f 2442 1587 1588
f 2349 1348 1347
f 2468 1522 1521
f 2387 1419 1420
f 2358 1396 1395
f 2421 1498 1497
f 2454 1516 1515
f 2472 1558 1557
f 2388 1426 1425
f 2364 1432 1431
f 2426 1569 1570
f 2448 1371 1372
f 2403 1281 1282
f 2342 1257 1258
f 2432 1293 1294
f 2477 1311 1312
f 2493 1329 1330
f 2462 1377 1378
f 2397 1539 1540
f 2367 1450 1449
f 2427 1576 1575
f 2447 1366 1365
f 2391 1485 1486
f 2357 1389 1390
f 2417 1438 1437
f 2453 1509 1510
f 2469 1527 1528
f 2411 1545 1546
f 2498 1467 1468
f 2483 1456 1455
f 2441 1582 1581
f 2352 1360 1359
f 2509 1271 1272
f 2503 1247 1248
f 2506 1254 1253
f 2512 1290 1289
f 2515 1308 1307
f 2518 1338 1337
f 2555 1553 1554
f 2541 1475 1476
f 2562 1601 1602
f 2522 1356 1355
f 2542 1481 1482
f 2528 1403 1404
f 2531 1410 1409
f 2545 1494 1493
f 2548 1506 1505
f 2551 1535 1536
f 2533 1416 1415
f 2537 1446 1445
f 2559 1596 1595
f 2526 1385 1386
f 1616 907 909
f 1608 889 891
f 1606 883 886
f 1612 895 898
f 1615 901 904
f 1624 919 922
f 1692 1057 1060
f 1782 1237 1240
f 1765 1201 1204
f 1714 1099 1102
f 1661 997 999
f 1653 979 981
f 1651 973 976
f 1657 985 988
f 1660 991 994
f 1675 1021 1024
f 1639 949 952
f 1696 1063 1066
f 1733 1135 1138
f 1751 1177 1179
f 1779 1231 1233
f 1683 1039 1041
f 1626 925 927
f 1721 1117 1119
f 1766 1207 1209
f 1689 1051 1053
f 1778 1225 1228
f 1760 1189 1192
f 1718 1105 1108
f 1629 931 933
f 1747 1165 1167
f 1665 1003 1005
f 1641 955 957
f 1704 1081 1083
f 1737 1147 1150
f 1750 1171 1174
f 1676 1027 1029
f 1644 961 963
f 1702 1075 1077
f 1726 1123 1126
f 1681 1033 1036
f 1620 913 915
f 1710 1093 1095
f 1755 1183 1185
f 1771 1213 1216
f 1740 1153 1155
f 1673 1015 1018
f 1647 967 970
f 1707 1087 1090
f 1734 1141 1143
f 1669 1009 1012
f 1635 943 945
f 1698 1069 1071
f 1729 1129 1131
f 1745 1159 1162
f 1687 1045 1047
f 1774 1219 1221
f 1762 1195 1197
f 1720 1111 1114
f 1632 937 940
f 2189 1280 1284
f 1883 1256 1260
f 1903 1292 1296
f 2281 1310 1314
f 2317 1328 1332
f 2173 1376 1380
f 2158 1538 1542
f 2012 1447 1451
f 2210 1573 1577
f 1924 1363 1367
f 2135 1484 1488
f 1973 1388 1392
f 1996 1435 1439
f 2227 1508 1512
f 2304 1526 1530
f 2176 1544 1548
f 2155 1466 1470
f 2014 1453 1457
f 2212 1579 1583
f 1922 1357 1361
f 1864 1268 1270
f 1810 1244 1246
f 1795 1249 1251
f 1831 1285 1287
f 1849 1303 1305
f 1887 1333 1335
f 2193 1550 1552
f 2321 1472 1474
f 2285 1598 1600
f 1907 1351 1353
f 2098 1478 1480
f 2044 1400 1402
f 1961 1405 1407
f 2067 1489 1491
f 2083 1501 1503
f 2139 1532 1534
f 1975 1411 1413
f 1997 1441 1443
f 2231 1591 1593
f 2298 1382 1384
f 2190 1322 1324
f 1884 1274 1276
f 1900 1262 1264
f 2278 1298 1300
f 2314 1316 1318
f 2170 1340 1342
f 2159 1561 1563
f 2015 1459 1461
f 2213 1585 1587
f 1918 1346 1348
f 2136 1520 1522
f 1977 1417 1419
f 1990 1394 1396
f 2224 1496 1498
f 2301 1514 1516
f 2177 1556 1558
f 2152 1424 1426
f 2008 1430 1432
f 2206 1567 1569
f 1925 1369 1371
f 1817 1279 1281
f 1797 1255 1257
f 1833 1291 1293
f 1851 1309 1311
f 1871 1327 1329
f 1941 1375 1377
f 2119 1537 1539
f 2029 1448 1450
f 2247 1574 1576
f 2262 1364 1366
f 2051 1483 1485
f 1954 1387 1389
f 2064 1436 1438
f 2085 1507 1509
f 2105 1525 1527
f 2121 1543 1545
f 2031 1465 1467
f 2244 1454 1456
f 2265 1580 1582
f 1939 1358 1360
f 1814 1267 1271
f 1793 1243 1247
f 1829 1250 1254
f 1847 1286 1290
f 1868 1304 1308
f 1937 1334 1338
f 2124 1549 1553
f 2034 1471 1475
f 2250 1597 1601
f 2261 1352 1356
f 2050 1477 1481
f 1960 1399 1403
f 2063 1406 1410
f 2081 1490 1494
f 2102 1502 1506
f 2117 1531 1535
f 2027 1412 1416
f 2243 1442 1446
f 2268 1592 1596
f 1944 1381 1385
f 1804 890 894
f 1785 884 887
f 1821 896 899
f 1839 902 905
f 1858 908 912
f 1929 938 941
f 2114 1046 1050
f 2024 1220 1224
f 2240 1196 1200
f 2253 1112 1115
f 2038 980 984
f 1951 974 977
f 2055 986 989
f 2073 992 995
f 2092 998 1002
f 2109 1016 1019
f 2019 968 971
f 2235 1088 1091
f 2258 1142 1146
f 1934 1154 1158
f 1861 1214 1217
f 1807 1034 1037
f 1790 914 918
f 1826 1094 1098
f 1844 1184 1188
f 1880 1040 1044
f 2186 1232 1236
f 2308 1208 1212
f 2272 1118 1122
f 1894 926 930
f 2095 1160 1163
f 2041 1010 1013
f 1948 944 948
f 2060 1070 1074
f 2078 1130 1134
f 2132 1166 1170
f 1970 1004 1008
f 1984 956 960
f 2218 1082 1086
f 2289 1148 1151
f 2181 1058 1061
f 1875 920 923
f 1897 1100 1103
f 2275 1202 1205
f 2311 1238 1241
f 2167 1172 1175
f 2146 1028 1032
f 2002 962 966
f 2200 1076 1080
f 1915 1124 1127
f 2127 1022 1025
f 1965 950 953
f 1987 1064 1067
f 2221 1136 1139
f 2294 1178 1182
f 2164 1052 1056
f 2149 1226 1229
f 2005 1190 1193
f 2203 1106 1109
f 1912 932 936
f 1870 1321 1325
f 1816 1273 1277
f 1800 1261 1265
f 1836 1297 1301
f 1854 1315 1319
f 1890 1339 1343
f 2196 1562 1566
f 2320 1460 1464
f 2284 1586 1590
f 1906 1345 1349
f 2104 1519 1523
f 2047 1418 1422
f 1958 1393 1397
f 2070 1495 1499
f 2088 1513 1517
f 2142 1555 1559
f 1980 1423 1427
f 1994 1429 1433
f 2230 1568 1572
f 2297 1370 1374
f 2329 894 892
f 2323 887 885
f 2326 899 897
f 2333 905 903
f 2336 912 910
f 2345 941 939
f 2409 1050 1048
f 2496 1224 1222
f 2485 1200 1198
f 2435 1115 1113
f 2374 984 982
f 2368 977 975
f 2371 989 987
f 2378 995 993
f 2381 1002 1000
f 2392 1019 1017
f 2360 971 969
f 2416 1091 1089
f 2456 1146 1144
f 2460 1158 1156
f 2488 1217 1215
f 2398 1037 1035
f 2340 918 916
f 2430 1098 1096
f 2475 1188 1186
f 2404 1044 1042
f 2501 1236 1234
f 2482 1212 1210
f 2440 1122 1120
f 2347 930 928
f 2464 1163 1161
f 2384 1013 1011
f 2355 948 946
f 2419 1074 1072
f 2451 1134 1132
f 2470 1170 1168
f 2385 1008 1006
f 2362 960 958
f 2423 1086 1084
f 2446 1151 1149
f 2401 1061 1059
f 2339 923 921
f 2429 1103 1101
f 2474 1205 1203
f 2491 1241 1239
f 2459 1175 1173
f 2395 1032 1030
f 2365 966 964
f 2424 1080 1078
f 2443 1127 1125
f 2390 1025 1023
f 2354 953 951
f 2413 1067 1065
f 2450 1139 1137
f 2467 1182 1180
f 2408 1056 1054
f 2495 1229 1227
f 2479 1193 1191
f 2437 1109 1107
f 2350 936 934
f 2511 1325 1326
f 2505 1277 1278
f 2507 1265 1266
f 2513 1301 1302
f 2516 1319 1320
f 2519 1343 1344
f 2556 1566 1565
f 2540 1464 1463
f 2561 1590 1589
f 2521 1349 1350
f 2544 1523 1524
f 2529 1422 1421
f 2530 1397 1398
f 2546 1499 1500
f 2549 1517 1518
f 2553 1559 1560
f 2534 1427 1428
f 2536 1433 1434
f 2557 1572 1571
f 2525 1374 1373
f 1609 892 889
f 1605 885 883
f 1611 897 895
f 1614 903 901
f 1617 910 907
f 1631 939 937
f 1688 1048 1045
f 1775 1222 1219
f 1763 1198 1195
f 1719 1113 1111
f 1654 982 979
f 1650 975 973
f 1656 987 985
f 1659 993 991
f 1662 1000 997
f 1672 1017 1015
f 1646 969 967
f 1706 1089 1087
f 1735 1144 1141
f 1741 1156 1153
f 1770 1215 1213
f 1680 1035 1033
f 1621 916 913
f 1711 1096 1093
f 1756 1186 1183
f 1684 1042 1039
f 1780 1234 1231
f 1767 1210 1207
f 1722 1120 1117
f 1627 928 925
f 1744 1161 1159
f 1668 1011 1009
f 1636 946 943
f 1699 1072 1069
f 1730 1132 1129
f 1748 1168 1165
f 1666 1006 1003
f 1642 958 955
f 1705 1084 1081
f 1736 1149 1147
f 1691 1059 1057
f 1623 921 919
f 1713 1101 1099
f 1764 1203 1201
f 1781 1239 1237
f 1749 1173 1171
f 1677 1030 1027
f 1645 964 961
f 1703 1078 1075
f 1725 1125 1123
f 1674 1023 1021
f 1638 951 949
f 1695 1065 1063
f 1732 1137 1135
f 1752 1180 1177
f 1690 1054 1051
f 1777 1227 1225
f 1759 1191 1189
f 1717 1107 1105
f 1630 934 931
f 2191 1326 1322
f 1885 1278 1274
f 1901 1266 1262
f 2279 1302 1298
f 2315 1320 1316
f 2171 1344 1340
f 2160 1565 1561
f 2016 1463 1459
f 2214 1589 1585
f 1919 1350 1346
f 2137 1524 1520
f 1978 1421 1417
f 1991 1398 1394
f 2225 1500 1496
f 2302 1518 1514
f 2178 1560 1556
f 2153 1428 1424
f 2009 1434 1430
f 2207 1571 1567
f 1926 1373 1369
f 1857 911 908
f 1803 893 890
f 1786 888 884
f 1822 900 896
f 1840 906 902
f 1876 924 920
f 2182 1062 1058
f 2312 1242 1238
f 2276 1206 1202
f 1898 1104 1100
f 2091 1001 998
f 2037 983 980
f 1952 978 974
f 2056 990 986
f 2074 996 992
f 2128 1026 1022
f 1966 954 950
f 1988 1068 1064
f 2222 1140 1136
f 2293 1181 1178
f 2185 1235 1232
f 1879 1043 1040
f 1893 929 926
f 2271 1121 1118
f 2307 1211 1208
f 2163 1055 1052
f 2150 1230 1226
f 2006 1194 1190
f 2204 1110 1106
f 1911 935 932
f 2131 1169 1166
f 1969 1007 1004
f 1983 959 956
f 2217 1085 1082
f 2290 1152 1148
f 2168 1176 1172
f 2145 1031 1028
f 2001 965 962
f 2199 1079 1076
f 1916 1128 1124
f 1808 1038 1034
f 1789 917 914
f 1825 1097 1094
f 1843 1187 1184
f 1862 1218 1214
f 1933 1157 1154
f 2110 1020 1016
f 2020 972 968
f 2236 1092 1088
f 2257 1145 1142
f 2042 1014 1010
f 1947 947 944
f 2059 1073 1070
f 2077 1133 1130
f 2096 1164 1160
f 2113 1049 1046
f 2023 1223 1220
f 2239 1199 1196
f 2254 1116 1112
f 1930 942 938
f 1818 1283 1279
f 1798 1259 1255
f 1834 1295 1291
f 1852 1313 1309
f 1872 1331 1327
f 1942 1379 1375
f 2120 1541 1537
f 2030 1452 1448
f 2248 1578 1574
f 2263 1368 1364
f 2052 1487 1483
f 1955 1391 1387
f 2065 1440 1436
f 2086 1511 1507
f 2106 1529 1525
f 2122 1547 1543
f 2032 1469 1465
f 2245 1458 1454
f 2266 1584 1580
f 1940 1362 1358
f 1813 1269 1267
f 1792 1245 1243
f 1828 1252 1250
f 1846 1288 1286
f 1867 1306 1304
f 1936 1336 1334
f 2123 1551 1549
f 2033 1473 1471
f 2249 1599 1597
f 2260 1354 1352
f 2049 1479 1477
f 1959 1401 1399
f 2062 1408 1406
f 2080 1492 1490
f 2101 1504 1502
f 2116 1533 1531
f 2026 1414 1412
f 2242 1444 1442
f 2267 1594 1592
f 1943 1383 1381
f 1869 1323 1321
f 1815 1275 1273
f 1799 1263 1261
f 1835 1299 1297
f 1853 1317 1315
f 1889 1341 1339
f 2195 1564 1562
f 2319 1462 1460
f 2283 1588 1586
f 1905 1347 1345
f 2103 1521 1519
f 2046 1420 1418
f 1957 1395 1393
f 2069 1497 1495
f 2087 1515 1513
f 2141 1557 1555
f 1979 1425 1423
f 1993 1431 1429
f 2229 1570 1568
f 2296 1372 1370
f 2188 1282 1280
f 1882 1258 1256
f 1902 1294 1292
f 2280 1312 1310
f 2316 1330 1328
f 2172 1378 1376
f 2157 1540 1538
f 2011 1449 1447
f 2209 1575 1573
f 1923 1365 1363
f 2134 1486 1484
f 1972 1390 1388
f 1995 1437 1435
f 2226 1510 1508
f 2303 1528 1526
f 2175 1546 1544
f 2154 1468 1466
f 2013 1455 1453
f 2211 1581 1579
f 1921 1359 1357
f 1865 1272 1268
f 1811 1248 1244
f 1796 1253 1249
f 1832 1289 1285
f 1850 1307 1303
f 1888 1337 1333
f 2194 1554 1550
f 2322 1476 1472
f 2286 1602 1598
f 1908 1355 1351
f 2099 1482 1478
f 2045 1404 1400
f 1962 1409 1405
f 2068 1493 1489
f 2084 1505 1501
f 2140 1536 1532
f 1976 1415 1411
f 1998 1445 1441
f 2232 1595 1591
f 2299 1386 1382
f 2330 909 911
f 2324 891 893
f 2325 886 888
f 2332 898 900
f 2335 904 906
f 2344 922 924
f 2410 1060 1062
f 2497 1240 1242
f 2486 1204 1206
f 2434 1102 1104
f 2375 999 1001
f 2369 981 983
f 2370 976 978
f 2377 988 990
f 2380 994 996
f 2393 1024 1026
f 2359 952 954
f 2415 1066 1068
f 2455 1138 1140
f 2461 1179 1181
f 2489 1233 1235
f 2399 1041 1043
f 2341 927 929
f 2431 1119 1121
f 2476 1209 1211
f 2405 1053 1055
f 2500 1228 1230
f 2481 1192 1194
f 2439 1108 1110
f 2348 933 935
f 2465 1167 1169
f 2383 1005 1007
f 2356 957 959
f 2420 1083 1085
f 2452 1150 1152
f 2471 1174 1176
f 2386 1029 1031
f 2363 963 965
f 2422 1077 1079
f 2445 1126 1128
f 2400 1036 1038
f 2338 915 917
f 2428 1095 1097
f 2473 1185 1187
f 2490 1216 1218
f 2458 1155 1157
f 2394 1018 1020
f 2366 970 972
f 2425 1090 1092
f 2444 1143 1145
f 2389 1012 1014
f 2353 945 947
f 2414 1071 1073
f 2449 1131 1133
f 2466 1162 1164
f 2407 1047 1049
f 2494 1221 1223
f 2480 1197 1199
f 2438 1114 1116
f 2351 940 942
f 2510 1284 1283
f 2504 1260 1259
f 2508 1296 1295
f 2514 1314 1313
f 2517 1332 1331
f 2520 1380 1379
f 2554 1542 1541
f 2539 1451 1452
f 2560 1577 1578
f 2523 1367 1368
f 2543 1488 1487
f 2527 1392 1391
f 2532 1439 1440
f 2547 1512 1511
f 2550 1530 1529
f 2552 1548 1547
f 2535 1470 1469
f 2538 1457 1458
f 2558 1583 1584
f 2524 1361 1362
f 1607 1616 1609
f 1603 1608 1605
f 1604 1606 1611
f 1610 1612 1614
f 1613 1615 1617
f 1622 1624 1631
f 1686 1692 1688
f 1773 1782 1775
f 1761 1765 1763
f 1712 1714 1719
f 1652 1661 1654
f 1648 1653 1650
f 1649 1651 1656
f 1655 1657 1659
f 1658 1660 1662
f 1670 1675 1672
f 1637 1639 1646
f 1694 1696 1706
f 1731 1733 1735
f 1739 1751 1741
f 1768 1779 1770
f 1678 1683 1680
f 1619 1626 1621
f 1709 1721 1711
f 1754 1766 1756
f 1682 1689 1684
f 1776 1778 1780
f 1758 1760 1767
f 1716 1718 1722
f 1625 1629 1627
f 1742 1747 1744
f 1663 1665 1668
f 1634 1641 1636
f 1697 1704 1699
f 1728 1737 1730
f 1746 1750 1748
f 1664 1676 1666
f 1640 1644 1642
f 1700 1702 1705
f 1724 1726 1736
f 1679 1681 1691
f 1618 1620 1623
f 1708 1710 1713
f 1753 1755 1764
f 1769 1771 1781
f 1738 1740 1749
f 1671 1673 1677
f 1643 1647 1645
f 1701 1707 1703
f 1723 1734 1725
f 1667 1669 1674
f 1633 1635 1638
f 1693 1698 1695
f 1727 1729 1732
f 1743 1745 1752
f 1685 1687 1690
f 1772 1774 1777
f 1757 1762 1759
f 1715 1720 1717
f 1628 1632 1630
f 2187 2189 2191
f 1881 1883 1885
f 1899 1903 1901
f 2277 2281 2279
f 2313 2317 2315
f 2169 2173 2171
f 2156 2158 2160
f 2010 2012 2016
f 2208 2210 2214
f 1917 1924 1919
f 2133 2135 2137
f 1971 1973 1978
f 1989 1996 1991
f 2223 2227 2225
f 2300 2304 2302
f 2174 2176 2178
f 2151 2155 2153
f 2007 2014 2009
f 2205 2212 2207
f 1920 1922 1926
f 1855 1864 1857
f 1801 1810 1803
f 1784 1795 1786
f 1820 1831 1822
f 1838 1849 1840
f 1874 1887 1876
f 2180 2193 2182
f 2310 2321 2312
f 2274 2285 2276
f 1896 1907 1898
f 2089 2098 2091
f 2035 2044 2037
f 1950 1961 1952
f 2054 2067 2056
f 2072 2083 2074
f 2126 2139 2128
f 1964 1975 1966
f 1986 1997 1988
f 2220 2231 2222
f 2291 2298 2293
f 2183 2190 2185
f 1877 1884 1879
f 1891 1900 1893
f 2269 2278 2271
f 2305 2314 2307
f 2161 2170 2163
f 2148 2159 2150
f 2004 2015 2006
f 2202 2213 2204
f 1909 1918 1911
f 2129 2136 2131
f 1967 1977 1969
f 1981 1990 1983
f 2215 2224 2217
f 2288 2301 2290
f 2166 2177 2168
f 2143 2152 2145
f 1999 2008 2001
f 2197 2206 2199
f 1914 1925 1916
f 1806 1817 1808
f 1787 1797 1789
f 1823 1833 1825
f 1841 1851 1843
f 1860 1871 1862
f 1931 1941 1933
f 2108 2119 2110
f 2018 2029 2020
f 2234 2247 2236
f 2255 2262 2257
f 2040 2051 2042
f 1945 1954 1947
f 2057 2064 2059
f 2075 2085 2077
f 2094 2105 2096
f 2111 2121 2113
f 2021 2031 2023
f 2237 2244 2239
f 2252 2265 2254
f 1928 1939 1930
f 1812 1814 1818
f 1791 1793 1798
f 1827 1829 1834
f 1845 1847 1852
f 1866 1868 1872
f 1935 1937 1942
f 2118 2124 2120
f 2028 2034 2030
f 2246 2250 2248
f 2259 2261 2263
f 2048 2050 2052
f 1953 1960 1955
f 2061 2063 2065
f 2079 2081 2086
f 2100 2102 2106
f 2115 2117 2122
f 2025 2027 2032
f 2241 2243 2245
f 2264 2268 2266
f 1938 1944 1940
f 1802 1804 1813
f 1783 1785 1792
f 1819 1821 1828
f 1837 1839 1846
f 1856 1858 1867
f 1927 1929 1936
f 2112 2114 2123
f 2022 2024 2033
f 2238 2240 2249
f 2251 2253 2260
f 2036 2038 2049
f 1949 1951 1959
f 2053 2055 2062
f 2071 2073 2080
f 2090 2092 2101
f 2107 2109 2116
f 2017 2019 2026
f 2233 2235 2242
f 2256 2258 2267
f 1932 1934 1943
f 1859 1861 1869
f 1805 1807 1815
f 1788 1790 1799
f 1824 1826 1835
f 1842 1844 1853
f 1878 1880 1889
f 2184 2186 2195
f 2306 2308 2319
f 2270 2272 2283
f 1892 1894 1905
f 2093 2095 2103
f 2039 2041 2046
f 1946 1948 1957
f 2058 2060 2069
f 2076 2078 2087
f 2130 2132 2141
f 1968 1970 1979
f 1982 1984 1993
f 2216 2218 2229
f 2287 2289 2296
f 2179 2181 2188
f 1873 1875 1882
f 1895 1897 1902
f 2273 2275 2280
f 2309 2311 2316
f 2165 2167 2172
f 2144 2146 2157
f 2000 2002 2011
f 2198 2200 2209
f 1913 1915 1923
f 2125 2127 2134
f 1963 1965 1972
f 1985 1987 1995
f 2219 2221 2226
f 2292 2294 2303
f 2162 2164 2175
f 2147 2149 2154
f 2003 2005 2013
f 2201 2203 2211
f 1910 1912 1921
f 1863 1870 1865
f 1809 1816 1811
f 1794 1800 1796
f 1830 1836 1832
f 1848 1854 1850
f 1886 1890 1888
f 2192 2196 2194
f 2318 2320 2322
f 2282 2284 2286
f 1904 1906 1908
f 2097 2104 2099
f 2043 2047 2045
f 1956 1958 1962
f 2066 2070 2068
f 2082 2088 2084
f 2138 2142 2140
f 1974 1980 1976
f 1992 1994 1998
f 2228 2230 2232
f 2295 2297 2299
f 2331 2329 2330
f 2327 2323 2324
f 2328 2326 2325
f 2334 2333 2332
f 2337 2336 2335
f 2346 2345 2344
f 2412 2409 2410
f 2499 2496 2497
f 2487 2485 2486
f 2436 2435 2434
f 2376 2374 2375
f 2372 2368 2369
f 2373 2371 2370
f 2379 2378 2377
f 2382 2381 2380
f 2396 2392 2393
f 2361 2360 2359
f 2418 2416 2415
f 2457 2456 2455
f 2463 2460 2461
f 2492 2488 2489
f 2402 2398 2399
f 2343 2340 2341
f 2433 2430 2431
f 2478 2475 2476
f 2406 2404 2405
f 2502 2501 2500
f 2484 2482 2481
f 2442 2440 2439
f 2349 2347 2348
f 2468 2464 2465
f 2387 2384 2383
f 2358 2355 2356
f 2421 2419 2420
f 2454 2451 2452
f 2472 2470 2471
f 2388 2385 2386
f 2364 2362 2363
f 2426 2423 2422
f 2448 2446 2445
f 2403 2401 2400
f 2342 2339 2338
f 2432 2429 2428
f 2477 2474 2473
f 2493 2491 2490
f 2462 2459 2458
f 2397 2395 2394
f 2367 2365 2366
f 2427 2424 2425
f 2447 2443 2444
f 2391 2390 2389
f 2357 2354 2353
f 2417 2413 2414
f 2453 2450 2449
f 2469 2467 2466
f 2411 2408 2407
f 2498 2495 2494
f 2483 2479 2480
f 2441 2437 2438
f 2352 2350 2351
f 2509 2511 2510
f 2503 2505 2504
f 2506 2507 2508
f 2512 2513 2514
f 2515 2516 2517
f 2518 2519 2520
f 2555 2556 2554
f 2541 2540 2539
f 2562 2561 2560
f 2522 2521 2523
f 2542 2544 2543
f 2528 2529 2527
f 2531 2530 2532
f 2545 2546 2547
f 2548 2549 2550
f 2551 2553 2552
f 2533 2534 2535
f 2537 2536 2538
f 2559 2557 2558
f 2526 2525 2524
