v -0.52530211 0.85003239 0.00000029 0.500000 0.500000 0.500000
v 0.52530211 0.85003239 0.00000028 0.500000 0.500000 0.500000
v -0.52529848 -0.85002697 -0.00000543 0.500000 0.500000 0.500000
v 0.52529848 -0.85002697 -0.00000543 0.500000 0.500000 0.500000
v -0.00000000 -0.52532768 0.85012054 0.499999 0.499999 0.499999
v -0.00000000 0.52534294 0.85013312 0.500000 0.500000 0.500000
v 0.00000000 -0.52545947 -0.85031992 0.500000 0.500000 0.500000
v -0.00000000 0.52545816 -0.85031039 0.500001 0.500001 0.500001
v 0.85038412 0.00000501 -0.52548790 0.500000 0.500000 0.500000
v 0.85019428 0.00000562 0.52539337 0.500001 0.500001 0.500001
v -0.85038412 0.00000500 -0.52548790 0.500001 0.500001 0.500001
v -0.85019428 0.00000560 0.52539337 0.500000 0.500000 0.500000
v -0.00000000 0.99986869 -0.00001173 0.500000 0.500000 0.500000
v -0.30880022 0.80848873 0.49970919 0.500000 0.500000 0.500000
v -0.30878335 0.80846912 -0.49970588 0.500000 0.500000 0.500000
v -0.80848658 0.49968681 -0.30879369 0.500000 0.500000 0.500000
v -0.80872327 0.49982762 0.30890417 0.500000 0.500000 0.500000
v 0.30880022 0.80848873 0.49970919 0.500000 0.500000 0.500000
v 0.30878335 0.80846900 -0.49970594 0.500000 0.500000 0.500000
v 0.80848664 0.49968684 -0.30879369 0.500000 0.500000 0.500000
v 0.80872327 0.49982759 0.30890417 0.500000 0.500000 0.500000
v 0.00000001 -0.99987382 -0.00001861 0.500000 0.500000 0.500000
v -0.30885398 -0.80863214 0.49980667 0.500000 0.500000 0.500000
v -0.30878219 -0.80847400 -0.49971128 0.500000 0.500000 0.500000
v -0.80849439 -0.49969834 -0.30877846 0.499999 0.499999 0.499999
v -0.80871361 -0.49982366 0.30890319 0.499999 0.499999 0.499999
v 0.30885401 -0.80863249 0.49980694 0.500000 0.500000 0.500000
v 0.30878219 -0.80847400 -0.49971125 0.500000 0.500000 0.500000
v 0.80849439 -0.49969834 -0.30877846 0.499999 0.499999 0.499999
v 0.80871361 -0.49982357 0.30890322 0.499999 0.499999 0.499999
v -0.00000001 -0.00000920 0.99948192 0.500001 0.500001 0.500001
v 0.49984786 -0.30890873 0.80875432 0.500001 0.500001 0.500001
v -0.49984783 -0.30890873 0.80875432 0.500001 0.500001 0.500001
v 0.49985915 0.30889818 0.80875516 0.500001 0.500001 0.500001
v -0.49985915 0.30889821 0.80875516 0.500001 0.500001 0.500001
v 0.00000001 0.00003332 -0.99974114 0.500002 0.500002 0.500002
v 0.49979842 -0.30883753 -0.80861741 0.500001 0.500001 0.500001
v -0.49979842 -0.30883753 -0.80861741 0.500001 0.500001 0.500001
v 0.49978378 0.30882925 -0.80862701 0.500001 0.500001 0.500001
v -0.49978378 0.30882922 -0.80862701 0.500001 0.500001 0.500001
v 0.99964583 0.00001440 -0.00000006 0.500001 0.500001 0.500001
v -0.99964583 0.00001442 -0.00000003 0.500000 0.500000 0.500000
v -0.27345139 0.96185261 0.00000016 0.500000 0.500000 0.500000
v -0.43376526 0.86225933 0.25956154 0.500000 0.500000 0.500000
v -0.43373117 0.86225259 -0.25953993 0.500000 0.500000 0.500000
v -0.69345069 0.70206469 -0.16040371 0.500000 0.500000 0.500000
v -0.69355649 0.70217955 0.16045618 0.500000 0.500000 0.500000
v 0.27345139 0.96185261 0.00000016 0.500000 0.500000 0.500000
v 0.43376526 0.86225933 0.25956151 0.500000 0.500000 0.500000
v 0.43373120 0.86225259 -0.25953993 0.500000 0.500000 0.500000
v 0.69345069 0.70206469 -0.16040371 0.500000 0.500000 0.500000
v 0.69355649 0.70217955 0.16045618 0.500000 0.500000 0.500000
v -0.27344969 -0.96185356 -0.00000289 0.500000 0.500000 0.500000
v -0.43375793 -0.86226726 0.25956303 0.500000 0.500000 0.500000
v -0.43373308 -0.86223978 -0.25953740 0.500000 0.500000 0.500000
v -0.69344461 -0.70205605 -0.16041747 0.500000 0.500000 0.500000
v -0.69355625 -0.70216811 0.16045713 0.500000 0.500000 0.500000
v 0.27344969 -0.96185350 -0.00000285 0.500000 0.500000 0.500000
v 0.43375787 -0.86226732 0.25956306 0.500000 0.500000 0.500000
v 0.43373308 -0.86223984 -0.25953740 0.500000 0.500000 0.500000
v 0.69344461 -0.70205611 -0.16041747 0.500000 0.500000 0.500000
v 0.69355625 -0.70216811 0.16045713 0.500000 0.500000 0.500000
v 1.63938987 1.10624313 -1.09792733 0.499999 0.499999 0.499999
v 1.96061003 -2.49375677 2.50207257 0.499999 0.499999 0.499999
v 0.00000000 -0.27340680 0.96157289 0.500002 0.500002 0.500002
v 0.25961533 -0.43388137 0.86254066 0.500001 0.500000 0.500000
v -0.25961530 -0.43388134 0.86254066 0.500001 0.500001 0.500001
v -0.16043565 0.69348902 0.70208091 0.500000 0.500000 0.500000
v 0.16043565 0.69348907 0.70208091 0.500000 0.500000 0.500000
v 0.00000004 0.27339035 0.96159530 0.500001 0.500001 0.500001
v 0.25962040 0.43388712 0.86254364 0.500000 0.500000 0.500000
v -0.25962040 0.43388718 0.86254364 0.500000 0.500000 0.500000
v -0.16044880 -0.69355583 -0.70215935 0.500000 0.500000 0.500000
v 0.16044880 -0.69355583 -0.70215935 0.500000 0.500000 0.500000
v 0.00000000 -0.27348402 -0.96196955 0.500001 0.500001 0.500001
v 0.25969872 -0.43396568 -0.86271828 0.499999 0.499999 0.499999
v -0.25969875 -0.43396571 -0.86271828 0.499999 0.499999 0.499999
v -0.16044757 0.69354188 -0.70215547 0.500000 0.500000 0.500000
v 0.16044758 0.69354188 -0.70215547 0.500000 0.500000 0.500000
v 0.00000007 0.27349526 -0.96196502 0.500002 0.500002 0.500002
v 0.25969869 0.43396431 -0.86271852 0.500002 0.500001 0.500001
v -0.25969872 0.43396434 -0.86271852 0.500002 0.500002 0.500002
v 0.86245167 0.25956741 -0.43383798 0.500001 0.500001 0.500001
v 0.86243939 -0.25957578 -0.43386745 0.500001 0.500000 0.500001
v 0.70209271 -0.16041085 -0.69349682 0.500001 0.500001 0.500001
v 0.70210081 0.16042641 -0.69348454 0.500001 0.500000 0.500000
v 0.96188432 -0.00000438 -0.27346814 0.500001 0.500000 0.500001
v 0.86273915 0.25966111 0.43394169 0.500001 0.500000 0.500000
v 0.86274159 -0.25968441 0.43393135 0.500002 0.500000 0.500000
v 0.70227534 -0.16047522 0.69367135 0.500001 0.500000 0.500000
v 0.70227683 0.16047639 0.69367546 0.500001 0.500001 0.500001
v 0.96172577 0.00000083 0.27344337 0.500001 0.500001 0.500001
v -0.86245167 0.25956741 -0.43383798 0.500001 0.500001 0.500001
v -0.86243939 -0.25957578 -0.43386745 0.500001 0.500001 0.500001
v -0.70209271 -0.16041085 -0.69349682 0.500001 0.500001 0.500001
v -0.70210081 0.16042641 -0.69348454 0.500001 0.500001 0.500001
v -0.96188426 -0.00000434 -0.27346817 0.500000 0.500000 0.500000
v -0.86273915 0.25966111 0.43394169 0.500000 0.500000 0.500000
v -0.86274159 -0.25968441 0.43393135 0.500001 0.500001 0.500001
v -0.70227534 -0.16047522 0.69367135 0.500001 0.500001 0.500001
v -0.70227683 0.16047643 0.69367546 0.500000 0.500000 0.500000
v -0.96172577 0.00000083 0.27344337 0.500000 0.500000 0.500000
v -0.16222347 0.95078087 0.26287508 0.500000 0.500000 0.500000
v -0.16219281 0.95073283 -0.26285097 0.500000 0.500000 0.500000
v 0.16222347 0.95078087 0.26287508 0.500000 0.500000 0.500000
v 0.16219281 0.95073283 -0.26285097 0.500000 0.500000 0.500000
v -0.58765370 0.68798536 0.42540494 0.500000 0.500000 0.500000
v -0.00000000 0.85023034 0.52526170 0.500000 0.500000 0.500000
v -0.42540249 0.58764124 0.68794775 0.500000 0.500000 0.500000
v -0.58752191 0.68776953 -0.42532489 0.500000 0.500000 0.500000
v -0.00000000 0.85029650 -0.52533627 0.500000 0.500000 0.500000
v -0.42540208 0.58761680 -0.68791467 0.500001 0.500001 0.500001
v -0.85059118 0.52546251 0.00001985 0.500000 0.500000 0.500000
v -0.68787760 0.42534912 -0.58759469 0.500001 0.500001 0.500001
v -0.95092052 0.26294574 -0.16226351 0.500001 0.500001 0.500001
v -0.68806541 0.42549005 0.58775300 0.500000 0.500000 0.500000
v -0.95092726 0.26293442 0.16223557 0.500001 0.500001 0.500001
v 0.58765358 0.68798524 0.42540500 0.500000 0.500000 0.500000
v 0.42540249 0.58764124 0.68794775 0.500000 0.500000 0.500000
v 0.58752191 0.68776953 -0.42532489 0.500000 0.500000 0.500000
v 0.42540228 0.58761662 -0.68791473 0.500001 0.500001 0.500001
v 0.85059118 0.52546251 0.00001985 0.500000 0.500000 0.500000
v 0.68787760 0.42534915 -0.58759469 0.500001 0.500000 0.500000
v 0.95092058 0.26294574 -0.16226354 0.500001 0.500001 0.500001
v 0.68806541 0.42549005 0.58775300 0.500000 0.500000 0.500000
v 0.95092726 0.26293442 0.16223556 0.500001 0.500001 0.500001
v -0.16222259 -0.95076603 0.26287401 0.500000 0.500000 0.500000
v -0.16219485 -0.95072109 -0.26285470 0.500000 0.500000 0.500000
v 0.16222265 -0.95076603 0.26287401 0.500000 0.500000 0.500000
v 0.16219485 -0.95072109 -0.26285470 0.500000 0.500000 0.500000
v -0.58765727 -0.68796802 0.42540881 0.500000 0.500000 0.500000
v -1.79999995 0.94935966 -1.27425194 0.500000 0.500000 0.500000
v -0.42539763 -0.58764154 0.68793523 0.499999 0.499999 0.499999
v -0.58751810 -0.68777376 -0.42532441 0.500000 0.500000 0.500000
v -0.00000001 -0.85033715 -0.52531725 0.500000 0.500000 0.500000
v -0.42539838 -0.58763015 -0.68792158 0.500000 0.500000 0.500000
v -0.85058320 -0.52546823 0.00001181 0.499999 0.499999 0.499999
v -0.68789351 -0.42535686 -0.58758622 0.500000 0.500000 0.500000
v -0.95092124 -0.26293755 -0.16225837 0.500001 0.500001 0.500001
v -0.68806762 -0.42549026 0.58775103 0.500000 0.500000 0.500000
v -0.95092869 -0.26295027 0.16223834 0.500002 0.500002 0.500002
v 0.58765727 -0.68796802 0.42540881 0.500000 0.500000 0.500000
v 0.42539701 -0.58764064 0.68793434 0.499999 0.499999 0.499999
v 0.58751810 -0.68777376 -0.42532441 0.500000 0.500000 0.500000
v 0.42539838 -0.58763009 -0.68792158 0.500000 0.500000 0.500000
v 0.85058326 -0.52546829 0.00001183 0.499999 0.499999 0.499999
v 0.68789351 -0.42535686 -0.58758622 0.500000 0.500000 0.500000
v 0.95092124 -0.26293755 -0.16225836 0.500002 0.500000 0.500000
v 0.68806762 -0.42549026 0.58775103 0.500000 0.499999 0.499999
v 0.95092869 -0.26295027 0.16223834 0.500002 0.500000 0.500001
v 0.26290083 -0.16223182 0.95084810 0.500002 0.500002 0.500002
v -0.26290083 -0.16223182 0.95084804 0.500002 0.500002 0.500002
v 0.26290825 0.16220954 0.95085317 0.500001 0.500001 0.500001
v -0.26290825 0.16220956 0.95085317 0.500000 0.500000 0.500000
v 0.52555507 -0.00000169 0.85072178 0.500001 0.500001 0.500001
v -0.52555507 -0.00000169 0.85072178 0.500000 0.500000 0.500000
v 0.26299378 -0.16226949 -0.95099312 0.500001 0.500001 0.500001
v -0.26299378 -0.16226949 -0.95099312 0.500001 0.500001 0.500001
v 0.26297909 0.16226642 -0.95099109 0.500002 0.500002 0.500002
v -0.26297918 0.16226630 -0.95099109 0.500002 0.500002 0.500002
v 0.52546060 0.00000698 -0.85055166 0.500000 0.500000 0.500000
v -0.52546054 0.00000692 -0.85055172 0.500001 0.500001 0.500001
v -0.40325585 0.91426075 0.00000253 0.500000 0.500000 0.500000
v -0.48428571 0.86454982 0.13089870 0.500000 0.500000 0.500000
v -0.48427528 0.86451119 -0.13090104 0.500000 0.500000 0.500000
v -0.61533636 0.78388023 -0.08092599 0.500000 0.500000 0.500000
v -0.61530530 0.78385508 0.08092321 0.500000 0.500000 0.500000
v 0.40325585 0.91426075 0.00000253 0.500000 0.500000 0.500000
v 0.48428571 0.86454982 0.13089870 0.500000 0.500000 0.500000
v 0.48427528 0.86451119 -0.13090104 0.500000 0.500000 0.500000
v 0.61533636 0.78388023 -0.08092599 0.500000 0.500000 0.500000
v 0.61530530 0.78385508 0.08092321 0.500000 0.500000 0.500000
v -0.40324810 -0.91426426 0.00000334 0.500000 0.500000 0.500000
v -0.48427767 -0.86454517 0.13089828 0.500000 0.500000 0.500000
v -0.48426992 -0.86449295 -0.13090634 0.500000 0.500000 0.500000
v -0.61534047 -0.78386426 -0.08091734 0.500000 0.500000 0.500000
v -0.61530370 -0.78383708 0.08092146 0.500000 0.500000 0.500000
v 0.40324816 -0.91426420 0.00000330 0.500000 0.500000 0.500000
v 0.48427767 -0.86454511 0.13089828 0.500000 0.500000 0.500000
v 0.48426992 -0.86449295 -0.13090633 0.500000 0.500000 0.500000
v 0.61534047 -0.78386426 -0.08091736 0.500000 0.500000 0.500000
v 0.61530370 -0.78383714 0.08092158 0.500000 0.500000 0.500000
v -0.08092921 -0.61538517 0.78392208 0.499999 0.499999 0.499999
v 0.08092920 -0.61538512 0.78392202 0.499999 0.499999 0.499999
v 0.00000000 -0.40344140 0.91472191 0.500001 0.500001 0.500001
v 0.13097037 -0.48451358 0.86498260 0.499999 0.499999 0.499999
v -0.13097039 -0.48451340 0.86498255 0.499999 0.499999 0.499999
v -0.08091798 0.61539042 0.78392738 0.500000 0.500000 0.500000
v 0.08091798 0.61539036 0.78392738 0.500000 0.500000 0.500000
v 0.00000000 0.40344134 0.91471338 0.500000 0.500000 0.500000
v 0.13097663 0.48451599 0.86499912 0.500000 0.500000 0.500000
v -0.13097663 0.48451599 0.86499912 0.500000 0.500000 0.500000
v -0.08092259 -0.61537147 -0.78392285 0.500000 0.500000 0.500000
v 0.08092263 -0.61537147 -0.78392285 0.500000 0.500000 0.500000
v 0.00000011 -0.40361202 -0.91505754 0.500000 0.500000 0.500000
v 0.13093077 -0.48439151 -0.86474103 0.499999 0.499999 0.499999
v -0.13093081 -0.48439151 -0.86474103 0.499999 0.499999 0.499999
v -0.08092266 0.61535615 -0.78391635 0.500001 0.500001 0.500001
v 0.08092273 0.61535621 -0.78391635 0.500001 0.500001 0.500001
v 0.00000001 0.40360105 -0.91505128 0.500002 0.500002 0.500002
v 0.13092782 0.48438123 -0.86474216 0.500002 0.500001 0.500001
v -0.13092782 0.48438123 -0.86474216 0.500002 0.500002 0.500002
v 0.86493969 0.13097788 -0.48449740 0.500001 0.500001 0.500001
v 0.86493367 -0.13097008 -0.48450091 0.500001 0.500000 0.500000
v 0.78403735 -0.08092304 -0.61545134 0.500000 0.499999 0.500000
v 0.78403860 0.08092634 -0.61544186 0.500000 0.500000 0.500000
v 0.91470188 0.00002405 -0.40343741 0.500000 0.500000 0.500000
v 0.86490244 0.13093685 0.48442525 0.500000 0.500000 0.500000
v 0.86489898 -0.13094509 0.48444223 0.500002 0.500000 0.500001
v 0.78399450 -0.08091880 0.61546588 0.500002 0.500001 0.500001
v 0.78400058 0.08091441 0.61547494 0.500001 0.500001 0.500001
v 0.91507477 0.00000762 0.40360886 0.500001 0.500001 0.500001
v -0.86493969 0.13097788 -0.48449740 0.500001 0.500001 0.500001
v -0.86493367 -0.13097008 -0.48450091 0.500001 0.500001 0.500001
v -0.78403741 -0.08092298 -0.61545122 0.500001 0.500001 0.500001
v -0.78403860 0.08092634 -0.61544186 0.500001 0.500001 0.500001
v -0.91470188 0.00002405 -0.40343741 0.500001 0.500001 0.500001
v -0.86490244 0.13093685 0.48442525 0.500000 0.500000 0.500000
v -0.86489898 -0.13094509 0.48444223 0.500001 0.500001 0.500001
v -0.78399450 -0.08091880 0.61546588 0.500000 0.500000 0.500000
v -0.78400058 0.08091441 0.61547494 0.500000 0.500000 0.500000
v -0.91507483 0.00000756 0.40360883 0.500000 0.500000 0.500000
v -0.13819110 0.99057400 -0.00000332 0.500000 0.500000 0.500000
v 0.13819110 0.99057400 -0.00000332 0.500000 0.500000 0.500000
v -0.08204734 0.98784184 0.13312057 0.500000 0.500000 0.500000
v -0.08204634 0.98786235 -0.13310552 0.500000 0.500000 0.500000
v 0.08204734 0.98784184 0.13312057 0.500000 0.500000 0.500000
v 0.08204634 0.98786235 -0.13310552 0.500000 0.500000 0.500000
v -0.37498757 0.84367520 0.38329548 0.500000 0.500000 0.500000
v -0.23688512 0.75841433 0.60693187 0.500000 0.500000 0.500000
v -0.23836277 0.89024788 0.38607493 0.500000 0.500000 0.500000
v -0.45376852 0.75766593 0.46849325 0.500000 0.500000 0.500000
v -0.15643074 0.83981806 0.51884508 0.500000 0.500000 0.500000
v -0.37178594 0.70699871 0.60119152 0.500000 0.500000 0.500000
v -0.37486470 0.84337980 -0.38318318 0.500000 0.500000 0.500000
v -0.23687552 0.75832617 -0.60684979 0.500000 0.500000 0.500000
v -0.23831534 0.89007092 -0.38598236 0.500000 0.500000 0.500000
v -0.45377880 0.75767380 -0.46849313 0.500000 0.500000 0.500000
v -0.15645657 0.83985627 -0.51890278 0.500000 0.500000 0.500000
v -0.37179229 0.70701343 -0.60127300 0.500000 0.500000 0.500000
v -0.75841296 0.60691518 -0.23690800 0.500000 0.500000 0.500000
v -0.84352952 0.38320708 -0.37489825 0.500001 0.500001 0.500001
v -0.70685744 0.60108286 -0.37168506 0.500000 0.500000 0.500000
v -0.84017158 0.51903313 -0.15651520 0.500000 0.500000 0.500000
v -0.75777316 0.46855459 -0.45386714 0.500000 0.500000 0.500000
v -0.89095902 0.38640320 -0.23854549 0.500000 0.500000 0.500000
v -0.75841051 0.60692596 0.23691511 0.500000 0.500000 0.500000
v -0.84402341 0.38344100 0.37513781 0.500000 0.500000 0.500000
v -0.70703149 0.60119921 0.37177992 0.500000 0.500000 0.500000
v -0.84007239 0.51897448 0.15647079 0.500000 0.500000 0.500000
v -0.75769007 0.46851751 0.45374700 0.500000 0.500000 0.500000
v -0.89064407 0.38621685 0.23845086 0.500001 0.500001 0.500001
v 0.37498757 0.84367520 0.38329548 0.500000 0.500000 0.500000
v 0.23688526 0.75841421 0.60693187 0.500000 0.500000 0.500000
v 0.23836277 0.89024788 0.38607493 0.500000 0.500000 0.500000
v 0.15643074 0.83981806 0.51884508 0.500000 0.500000 0.500000
v 0.45376852 0.75766593 0.46849325 0.500000 0.500000 0.500000
v 0.37178585 0.70699877 0.60119158 0.500000 0.500000 0.500000
v 0.37486470 0.84337980 -0.38318318 0.500000 0.500000 0.500000
v 0.23687561 0.75832623 -0.60684973 0.500000 0.500000 0.500000
v 0.23831534 0.89007092 -0.38598233 0.500000 0.500000 0.500000
v 0.15645657 0.83985627 -0.51890278 0.500000 0.500000 0.500000
v 0.45377880 0.75767380 -0.46849313 0.500000 0.500000 0.500000
v 0.37179232 0.70701343 -0.60127300 0.500000 0.500000 0.500000
v 0.75841296 0.60691506 -0.23690806 0.500000 0.500000 0.500000
v 0.84352958 0.38320714 -0.37489837 0.500001 0.500000 0.500000
v 0.70685744 0.60108286 -0.37168506 0.500000 0.500000 0.500000
v 0.84017158 0.51903313 -0.15651523 0.500000 0.500000 0.500000
v 0.75777322 0.46855471 -0.45386708 0.500000 0.500000 0.500000
v 0.89095902 0.38640320 -0.23854551 0.500001 0.500000 0.500000
v 0.75841051 0.60692596 0.23691513 0.500000 0.500000 0.500000
v 0.84402341 0.38344100 0.37513781 0.500000 0.500000 0.500000
v 0.70703149 0.60119921 0.37177992 0.500000 0.500000 0.500000
v 0.84007239 0.51897448 0.15647081 0.500000 0.500000 0.500000
v 0.75769007 0.46851751 0.45374697 0.500000 0.500000 0.500000
v 0.89064407 0.38621670 0.23845081 0.500001 0.500000 0.500000
v -0.13819024 -0.99057388 -0.00000304 0.500000 0.500000 0.500000
v 0.13819024 -0.99057388 -0.00000304 0.500000 0.500000 0.500000
v -0.08204925 -0.98783910 0.13312145 0.500000 0.500000 0.500000
v -0.08204088 -0.98785126 -0.13311341 0.500000 0.500000 0.500000
v 0.08204926 -0.98783910 0.13312146 0.500000 0.500000 0.500000
v 0.08204088 -0.98785126 -0.13311341 0.500000 0.500000 0.500000
v -0.37498787 -0.84367359 0.38329706 0.500000 0.500000 0.500000
v -0.23704521 -0.75884682 0.60725379 0.499999 0.499999 0.499999
v 1.56134117 0.90899539 -1.41379666 0.500000 0.500000 0.500000
v -0.45382038 -0.75772876 0.46854812 0.500000 0.500000 0.500000
v -1.95642209 -2.64016914 2.31927633 0.500000 0.500000 0.500000
v -0.37187234 -0.70717251 0.60137892 0.500000 0.500000 0.500000
v -0.37486240 -0.84338039 -0.38318029 0.500000 0.500000 0.500000
v -0.23687695 -0.75834692 -0.60685563 0.500000 0.500000 0.500000
v -0.23831400 -0.89004922 -0.38598710 0.500000 0.500000 0.500000
v -0.45378438 -0.75767720 -0.46849406 0.500000 0.500000 0.500000
v -0.15646484 -0.83989096 -0.51889825 0.500000 0.500000 0.500000
v -0.37178877 -0.70705271 -0.60126978 0.500000 0.500000 0.500000
v -0.75841606 -0.60691029 -0.23689315 0.500000 0.500000 0.500000
v -0.84352249 -0.38321313 -0.37492186 0.500000 0.500000 0.500000
v -0.70684594 -0.60107923 -0.37170255 0.500000 0.500000 0.500000
v -0.84017795 -0.51903105 -0.15652248 0.499999 0.499999 0.499999
v -0.75777572 -0.46855822 -0.45384836 0.499999 0.499999 0.499999
v -0.89097178 -0.38637361 -0.23853479 0.500000 0.500000 0.500000
v -0.75841230 -0.60691988 0.23691307 0.500000 0.500000 0.500000
v -0.84400731 -0.38345414 0.37514088 0.500001 0.500001 0.500001
v -0.70701581 -0.60120487 0.37179071 0.500000 0.500000 0.500000
v -0.84006995 -0.51898617 0.15648158 0.499999 0.499999 0.499999
v -0.75767499 -0.46850273 0.45375982 0.499999 0.499999 0.499999
v -0.89064598 -0.38623750 0.23846364 0.500000 0.500000 0.500000
v 0.37498790 -0.84367359 0.38329709 0.500000 0.500000 0.500000
v 0.23704557 -0.75884753 0.60725439 0.499999 0.499999 0.499999
v -1.56134117 0.90899539 -1.41379666 0.500000 0.500000 0.500000
v -1.64357781 0.95983076 -1.28072369 0.500000 0.500000 0.500000
v 0.45373046 -0.75759059 0.46846631 0.500000 0.500000 0.500000
v 0.37187254 -0.70717305 0.60137939 0.500000 0.500000 0.500000
v 0.37486237 -0.84338045 -0.38318029 0.500000 0.500000 0.500000
v 0.23687695 -0.75834692 -0.60685563 0.500000 0.500000 0.500000
v 0.23831391 -0.89004922 -0.38598713 0.500000 0.500000 0.500000
v 0.15646499 -0.83989090 -0.51889825 0.500000 0.500000 0.500000
v 0.45378438 -0.75767720 -0.46849406 0.500000 0.500000 0.500000
v 0.37178877 -0.70705271 -0.60126978 0.500000 0.500000 0.500000
v 0.75841606 -0.60691029 -0.23689315 0.500000 0.500000 0.500000
v 0.84352249 -0.38321313 -0.37492186 0.500000 0.500000 0.500000
v 0.70684594 -0.60107923 -0.37170255 0.500000 0.500000 0.500000
v 0.84017795 -0.51903105 -0.15652248 0.499999 0.499999 0.499999
v 0.75777572 -0.46855825 -0.45384833 0.499999 0.499999 0.499999
v 0.89097178 -0.38637361 -0.23853479 0.500000 0.500000 0.500000
v 0.75841230 -0.60691994 0.23691307 0.500000 0.500000 0.500000
v 0.84400731 -0.38345414 0.37514085 0.500001 0.500000 0.500000
v 0.70701581 -0.60120487 0.37179071 0.500000 0.500000 0.500000
v 0.84006995 -0.51898617 0.15648158 0.499999 0.499999 0.499999
v 0.75767499 -0.46850273 0.45375982 0.499999 0.499999 0.499999
v 0.89064598 -0.38623750 0.23846367 0.500000 0.500000 0.500000
v -0.00000000 -0.13813978 0.99018711 0.500001 0.500001 0.500001
v -0.00000000 0.13813992 0.99019086 0.500000 0.500000 0.500000
v 0.13311110 -0.08203542 0.98772043 0.500002 0.500002 0.500002
v -0.13311110 -0.08203542 0.98772037 0.500002 0.500002 0.500002
v 0.13309582 0.08201106 0.98771089 0.500001 0.500001 0.500001
v -0.13309580 0.08201106 0.98771095 0.500001 0.500001 0.500001
v 0.38343197 -0.37509489 0.84391433 0.500001 0.500000 0.500001
v 0.60686630 -0.23687163 0.75833219 0.500002 0.500001 0.500001
v 0.46856865 -0.45385501 0.75782663 0.500000 0.500000 0.500000
v 0.60121870 -0.37177911 0.70694989 0.500001 0.500000 0.500000
v 0.38635772 -0.23851269 0.89087772 0.500002 0.500001 0.500001
v 0.51908720 -0.15651603 0.84026134 0.500002 0.500001 0.500001
v -0.38343203 -0.37509486 0.84391433 0.500001 0.500001 0.500001
v -0.60686630 -0.23687163 0.75833219 0.500001 0.500001 0.500001
v -0.46856865 -0.45385495 0.75782663 0.500000 0.500000 0.500000
v -0.60121864 -0.37177911 0.70694989 0.500001 0.500001 0.500001
v -0.38635772 -0.23851269 0.89087772 0.500002 0.500002 0.500002
v -0.51908720 -0.15651605 0.84026134 0.500001 0.500001 0.500001
v 0.38343117 0.37510076 0.84392154 0.500001 0.500000 0.500000
v 0.60686570 0.23686612 0.75833803 0.500001 0.500001 0.500001
v 0.46857730 0.45385975 0.75782037 0.500000 0.500000 0.500000
v 0.60121059 0.37178898 0.70696950 0.500001 0.500000 0.500000
v 0.38635987 0.23851506 0.89087570 0.500001 0.500000 0.500000
v 0.51907682 0.15651865 0.84027034 0.500001 0.500001 0.500001
v -0.38343117 0.37510076 0.84392154 0.500000 0.500000 0.500000
v -0.60686570 0.23686612 0.75833803 0.500001 0.500001 0.500001
v -0.46857738 0.45385978 0.75782031 0.500000 0.500000 0.500000
v -0.60121059 0.37178898 0.70696956 0.500001 0.500001 0.500001
v -0.38635981 0.23851509 0.89087570 0.500001 0.500000 0.500000
v -0.51907682 0.15651865 0.84027034 0.500000 0.500000 0.500000
v 0.00000000 -0.13816193 -0.99048489 0.500001 0.500001 0.500001
v 0.00000000 0.13817416 -0.99046570 0.500002 0.500002 0.500002
v 0.13305604 -0.08199749 -0.98743445 0.499999 0.499999 0.499999
v -0.13305604 -0.08199748 -0.98743445 0.500001 0.500001 0.500001
v 0.13304411 0.08200587 -0.98742843 0.500003 0.500003 0.500003
v -0.13304411 0.08200587 -0.98742843 0.500003 0.500003 0.500003
v 0.38336292 -0.37508413 -0.84388548 0.500001 0.500000 0.500000
v 0.60704315 -0.23696643 -0.75860590 0.500001 0.500001 0.500001
v 0.46854368 -0.45381519 -0.75771624 0.499999 0.499999 0.499999
v 0.60134298 -0.37186819 -0.70716399 0.500000 0.500000 0.500000
v 0.38632050 -0.23850554 -0.89089286 0.500001 0.500001 0.500001
v 0.51901060 -0.15646364 -0.84008437 0.500001 0.500000 0.500001
v -0.38336292 -0.37508413 -0.84388548 0.500001 0.500001 0.500001
v -0.60704315 -0.23696643 -0.75860590 0.500001 0.500001 0.500001
v -0.46854365 -0.45381504 -0.75771624 0.499999 0.499999 0.499999
v -0.60134298 -0.37186819 -0.70716399 0.500000 0.500000 0.500000
v -0.38632050 -0.23850554 -0.89089286 0.500001 0.500001 0.500001
v -0.51901060 -0.15646365 -0.84008437 0.500001 0.500001 0.500001
v 0.38337073 0.37509564 -0.84387952 0.500001 0.500001 0.500001
v 0.60704672 0.23694165 -0.75858849 0.500001 0.500001 0.500001
v 0.46854281 0.45380548 -0.75771087 0.500001 0.500001 0.500001
v 0.60133100 0.37185183 -0.70716834 0.500001 0.500001 0.500001
v 0.38632926 0.23850244 -0.89088458 0.500002 0.500001 0.500001
v 0.51900703 0.15647866 -0.84008574 0.500001 0.500000 0.500001
v -0.38337070 0.37509564 -0.84387946 0.500001 0.500001 0.500001
v -0.60704672 0.23694156 -0.75858849 0.500001 0.500001 0.500001
v -0.46854281 0.45380545 -0.75771087 0.500001 0.500001 0.500001
v -0.60133117 0.37185186 -0.70716816 0.500001 0.500001 0.500001
v -0.38632926 0.23850246 -0.89088458 0.500001 0.500001 0.500001
v -0.51900703 0.15647867 -0.84008574 0.500001 0.500001 0.500001
v 0.99027795 0.00000132 -0.13817413 0.500000 0.500000 0.500000
v 0.99045908 0.00000856 0.13816789 0.500001 0.500000 0.500001
v 0.98737001 0.13304564 -0.08199129 0.500001 0.500000 0.500000
v 0.98775905 0.13312086 0.08200987 0.500001 0.500001 0.500001
v 0.98736984 -0.13302967 -0.08200251 0.500002 0.500000 0.500000
v 0.98775882 -0.13311896 0.08203305 0.500001 0.500000 0.500000
v -0.99027795 0.00000133 -0.13817413 0.500000 0.500000 0.500000
v -0.99045908 0.00000849 0.13816787 0.500000 0.500000 0.500000
v -0.98737001 0.13304564 -0.08199129 0.500001 0.500001 0.500001
v -0.98775905 0.13312085 0.08200990 0.500001 0.500001 0.500001
v -0.98736984 -0.13302967 -0.08200251 0.500001 0.500001 0.500001
v -0.98775882 -0.13311896 0.08203305 0.500001 0.500001 0.500001
v -0.35781959 0.92357057 0.13159028 0.500000 0.500000 0.500000
v -0.35781255 0.92358369 -0.13160971 0.500000 0.500000 0.500000
v -0.22014773 0.96629471 0.13280264 0.500000 0.500000 0.500000
v -0.22012317 0.96629000 -0.13280770 0.500000 0.500000 0.500000
v -0.57098985 0.79232705 0.21300523 0.500000 0.500000 0.500000
v -0.30095848 0.91545445 0.26379561 0.500000 0.500000 0.500000
v -0.51597732 0.78319520 0.34597245 0.500000 0.500000 0.500000
v -0.57101750 0.79233223 -0.21301669 0.500000 0.500000 0.500000
v -0.30095467 0.91536301 -0.26373962 0.500000 0.500000 0.500000
v -0.51582479 0.78296393 -0.34587577 0.500000 0.500000 0.500000
v -0.70272708 0.71105391 0.00000272 0.500000 0.500000 0.500000
v -0.64711148 0.70214492 -0.29586095 0.500000 0.500000 0.500000
v -0.77997601 0.62016618 -0.08106407 0.500000 0.500000 0.500000
v -0.64708519 0.70210779 0.29586250 0.500000 0.500000 0.500000
v -0.77999312 0.62014836 0.08104800 0.500000 0.500000 0.500000
v 0.35781959 0.92357063 0.13159026 0.500000 0.500000 0.500000
v 0.35781255 0.92358369 -0.13160971 0.500000 0.500000 0.500000
v 0.22014773 0.96629465 0.13280264 0.500000 0.500000 0.500000
v 0.22012317 0.96629000 -0.13280770 0.500000 0.500000 0.500000
v 0.57098985 0.79232705 0.21300523 0.500000 0.500000 0.500000
v 0.30095848 0.91545445 0.26379561 0.500000 0.500000 0.500000
v 0.51597732 0.78319520 0.34597245 0.500000 0.500000 0.500000
v 0.57101750 0.79233223 -0.21301669 0.500000 0.500000 0.500000
v 0.30095467 0.91536301 -0.26373962 0.500000 0.500000 0.500000
v 0.51582479 0.78296393 -0.34587577 0.500000 0.500000 0.500000
v 0.70272708 0.71105385 0.00000272 0.500000 0.500000 0.500000
v 0.64711148 0.70214498 -0.29586107 0.500000 0.500000 0.500000
v 0.77997601 0.62016618 -0.08106407 0.500000 0.500000 0.500000
v 0.64708519 0.70210785 0.29586250 0.500000 0.500000 0.500000
v 0.77999306 0.62014836 0.08104801 0.500000 0.500000 0.500000
v -0.35781568 -0.92355865 0.13159910 0.500000 0.500000 0.500000
v -0.35781565 -0.92358255 -0.13161334 0.500000 0.500000 0.500000
v -0.22014575 -0.96630073 0.13279325 0.500000 0.500000 0.500000
v -0.22013712 -0.96627277 -0.13280703 0.500000 0.500000 0.500000
v -0.57100236 -0.79231930 0.21300651 0.500000 0.500000 0.500000
v -0.30096829 -0.91545522 0.26379317 0.500000 0.500000 0.500000
v -0.51597273 -0.78318995 0.34597215 0.500000 0.500000 0.500000
v -0.57101667 -0.79233289 -0.21302150 0.500000 0.500000 0.500000
v -0.30094609 -0.91535795 -0.26374570 0.500000 0.500000 0.500000
v -0.51581860 -0.78296810 -0.34586397 0.500000 0.500000 0.500000
v -0.70273644 -0.71104717 -0.00000188 0.500000 0.500000 0.500000
v -0.64711064 -0.70215511 -0.29586276 0.500000 0.500000 0.500000
v -0.77997458 -0.62017286 -0.08105337 0.500000 0.500000 0.500000
v -0.64707494 -0.70210320 0.29586795 0.500000 0.500000 0.500000
v -0.77998954 -0.62014455 0.08104850 0.500000 0.500000 0.500000
v 0.35781571 -0.92355865 0.13159907 0.500000 0.500000 0.500000
v 0.35781565 -0.92358255 -0.13161334 0.500000 0.500000 0.500000
v 0.22014576 -0.96630073 0.13279325 0.500000 0.500000 0.500000
v 0.22013712 -0.96627277 -0.13280703 0.500000 0.500000 0.500000
v 0.57100236 -0.79231930 0.21300651 0.500000 0.500000 0.500000
v 0.30096850 -0.91545540 0.26379302 0.500000 0.500000 0.500000
v 0.51597273 -0.78318983 0.34597212 0.500000 0.500000 0.500000
v 0.57101667 -0.79233289 -0.21302149 0.500000 0.500000 0.500000
v 0.30094606 -0.91535795 -0.26374573 0.500000 0.500000 0.500000
v 0.51581860 -0.78296810 -0.34586397 0.500000 0.500000 0.500000
v 0.70273644 -0.71104717 -0.00000188 0.500000 0.500000 0.500000
v 0.64711064 -0.70215511 -0.29586276 0.500000 0.500000 0.500000
v 0.77997458 -0.62017286 -0.08105337 0.500000 0.500000 0.500000
v 0.64707494 -0.70210320 0.29586795 0.500000 0.500000 0.500000
v 0.77998954 -0.62014449 0.08104850 0.500000 0.500000 0.500000
v -0.00000016 -0.70288241 0.71116722 0.499999 0.499999 0.499999
v -0.21302234 -0.57105607 0.79239070 0.499999 0.499999 0.499999
v 1.71886408 1.01981246 -1.17973828 0.500000 0.500000 0.500000
v -0.29588434 -0.64717585 0.70219362 0.499999 0.499999 0.499999
v 0.21302210 -0.57105541 0.79238987 0.499999 0.499999 0.499999
v -1.71886408 1.01981246 -1.17973828 0.500000 0.500000 0.500000
v 0.29588389 -0.64717478 0.70219278 0.499999 0.499999 0.499999
v 0.13170730 -0.35808873 0.92426932 0.500001 0.500001 0.500001
v -0.13170728 -0.35808876 0.92426932 0.500001 0.500001 0.500001
v 0.13282259 -0.22014996 0.96633166 0.500002 0.500002 0.500002
v -0.13282259 -0.22014996 0.96633166 0.500002 0.500002 0.500002
v 0.34603491 -0.51604110 0.78327858 0.499999 0.499999 0.499999
v 0.26392344 -0.30115685 0.91600382 0.500001 0.500001 0.500001
v -0.34603491 -0.51604110 0.78327858 0.499999 0.499999 0.499999
v -0.26392341 -0.30115685 0.91600382 0.500001 0.500001 0.500001
v 0.00000000 0.70278502 0.71109062 0.500000 0.500000 0.500000
v -0.21303457 0.57105237 0.79240322 0.500000 0.500000 0.500000
v -0.08103582 0.77984637 0.62005556 0.500000 0.500000 0.500000
v -0.29588652 0.64715582 0.70217562 0.500000 0.500000 0.500000
v 0.21303457 0.57105237 0.79240322 0.500000 0.500000 0.500000
v 0.08103575 0.77984631 0.62005556 0.500000 0.500000 0.500000
v 0.29588652 0.64715582 0.70217562 0.500000 0.500000 0.500000
v 0.13170685 0.35809854 0.92427003 0.500001 0.500001 0.500001
v -0.13170685 0.35809854 0.92427003 0.500001 0.500001 0.500001
v 0.13283031 0.22014190 0.96632892 0.500001 0.500001 0.500001
v -0.13283031 0.22014190 0.96632892 0.500001 0.500001 0.500001
v 0.34603810 0.51604080 0.78328997 0.500000 0.500000 0.500000
v 0.26392448 0.30117121 0.91601282 0.500001 0.500001 0.500001
v -0.34603813 0.51604086 0.78328997 0.500000 0.500000 0.500000
v -0.26392448 0.30117121 0.91601282 0.500001 0.500001 0.500001
v 0.00000000 -0.70266002 -0.71095461 0.500000 0.500000 0.500000
v -0.21305789 -0.57109988 -0.79245085 0.499999 0.499999 0.499999
v -0.08104247 -0.77988881 -0.62007636 0.500000 0.500000 0.500000
v -0.29590636 -0.64714050 -0.70215124 0.500000 0.500000 0.500000
v 0.21305789 -0.57109988 -0.79245085 0.499999 0.499999 0.499999
v 0.08104246 -0.77988881 -0.62007636 0.500000 0.500000 0.500000
v 0.29590631 -0.64714056 -0.70215124 0.500000 0.500000 0.500000
v 0.13164879 -0.35798585 -0.92396170 0.500001 0.500001 0.500001
v -0.13164879 -0.35798585 -0.92396170 0.500001 0.500001 0.500001
v 0.13275611 -0.22010972 -0.96602994 0.500002 0.500002 0.500002
v -0.13275611 -0.22010972 -0.96602994 0.500002 0.500002 0.500002
v 0.34599745 -0.51599646 -0.78326654 0.499999 0.499999 0.499999
v 0.26400250 -0.30121762 -0.91614658 0.500001 0.500001 0.500001
v -0.34599745 -0.51599646 -0.78326654 0.499999 0.499999 0.499999
v -0.26400250 -0.30121762 -0.91614658 0.500001 0.500001 0.500001
v -0.00000000 0.70264846 -0.71096486 0.500000 0.500000 0.500000
v -0.21305901 0.57109600 -0.79244512 0.500001 0.500001 0.500001
v -0.08104406 0.77986479 -0.62007987 0.500000 0.500000 0.500000
v -0.29589418 0.64714229 -0.70215780 0.500000 0.500000 0.500000
v 0.21305901 0.57109600 -0.79244512 0.500001 0.500001 0.500001
v 0.08104397 0.77986479 -0.62007982 0.500000 0.500000 0.500000
v 0.29589418 0.64714235 -0.70215780 0.500000 0.500000 0.500000
v 0.13164994 0.35798132 -0.92395794 0.500002 0.500002 0.500002
v -0.13164993 0.35798135 -0.92395800 0.500002 0.500002 0.500002
v 0.13275816 0.22008713 -0.96601862 0.500002 0.500002 0.500002
v -0.13275810 0.22008753 -0.96601862 0.500002 0.500002 0.500002
v 0.34599653 0.51600456 -0.78325611 0.500001 0.500001 0.500001
v 0.26399782 0.30119273 -0.91615522 0.500001 0.500001 0.500001
v -0.34599653 0.51600462 -0.78325605 0.500001 0.500001 0.500001
v -0.26399767 0.30119264 -0.91615516 0.500001 0.500001 0.500001
v 0.79258174 0.21306276 -0.57117224 0.500001 0.500001 0.500001
v 0.92380708 0.13163857 -0.35791630 0.500001 0.500000 0.500000
v 0.78340620 0.34607333 -0.51612455 0.500000 0.500000 0.500000
v 0.91602504 0.26396963 -0.30116257 0.500001 0.500001 0.500001
v 0.79258454 -0.21307348 -0.57117110 0.500001 0.500000 0.500000
v 0.92380178 -0.13164093 -0.35789225 0.500001 0.500000 0.500000
v 0.78340942 -0.34609210 -0.51611161 0.500001 0.500000 0.500000
v 0.91603410 -0.26398250 -0.30114871 0.500001 0.500000 0.500000
v 0.71104455 0.00001399 -0.70275831 0.500000 0.500000 0.500000
v 0.70207119 -0.29587135 -0.64705807 0.500001 0.500001 0.500001
v 0.62026721 -0.08105484 -0.78012472 0.499999 0.499999 0.499999
v 0.70207334 0.29587075 -0.64706612 0.500001 0.500001 0.500001
v 0.62026018 0.08107105 -0.78011626 0.500000 0.500000 0.500000
v 0.96630126 0.13282660 -0.22014305 0.500001 0.500001 0.500001
v 0.96630025 -0.13281916 -0.22016901 0.500001 0.500000 0.500000
v 0.79239482 0.21304443 0.57106733 0.500001 0.500001 0.500001
v 0.92425156 0.13170512 0.35810214 0.500001 0.500001 0.500001
v 0.78313810 0.34596273 0.51594305 0.500000 0.500000 0.500000
v 0.91606784 0.26396331 0.30119154 0.500001 0.500001 0.500001
v 0.79238874 -0.21304935 0.57106954 0.500002 0.500000 0.500001
v 0.92424339 -0.13170595 0.35810345 0.500001 0.500000 0.500000
v 0.78314662 -0.34595764 0.51593328 0.500001 0.500000 0.500000
v 0.91606021 -0.26395869 0.30118790 0.500002 0.500000 0.500000
v 0.71121210 0.00000881 0.70290387 0.500001 0.500001 0.500001
v 0.70235819 -0.29596820 0.64731801 0.500001 0.500000 0.500000
v 0.62010771 -0.08104104 0.77990901 0.500002 0.500001 0.500001
v 0.70236695 0.29595914 0.64731181 0.500001 0.500001 0.500001
v 0.62011307 0.08103854 0.77989578 0.500001 0.500001 0.500001
v 0.96601671 0.13279249 0.22007446 0.500000 0.500000 0.500000
v 0.96602315 -0.13277921 0.22008209 0.500002 0.500000 0.500001
v -0.79258168 0.21306278 -0.57117218 0.500001 0.500001 0.500001
v -0.92380708 0.13163859 -0.35791630 0.500001 0.500001 0.500001
v -0.78340620 0.34607333 -0.51612455 0.500000 0.500000 0.500000
v -0.91602504 0.26396969 -0.30116257 0.500001 0.500001 0.500001
v -0.79258454 -0.21307348 -0.57117110 0.500001 0.500001 0.500001
v -0.92380178 -0.13164091 -0.35789225 0.500001 0.500001 0.500001
v -0.78340942 -0.34609210 -0.51611161 0.500000 0.500000 0.500000
v -0.91603410 -0.26398250 -0.30114871 0.500001 0.500001 0.500001
v -0.71104455 0.00001399 -0.70275831 0.500001 0.500001 0.500001
v -0.70207119 -0.29587138 -0.64705807 0.500001 0.500001 0.500001
v -0.62026721 -0.08105484 -0.78012472 0.500001 0.500001 0.500001
v -0.70207334 0.29587075 -0.64706612 0.500001 0.500001 0.500001
v -0.62026018 0.08107105 -0.78011626 0.500001 0.500001 0.500001
v -0.96630132 0.13282661 -0.22014306 0.500001 0.500001 0.500001
v -0.96630025 -0.13281916 -0.22016901 0.500001 0.500001 0.500001
v -0.79239482 0.21304443 0.57106733 0.500001 0.500001 0.500001
v -0.92425156 0.13170512 0.35810211 0.500001 0.500001 0.500001
v -0.78313810 0.34596273 0.51594305 0.500000 0.500000 0.500000
v -0.91606784 0.26396331 0.30119154 0.500001 0.500001 0.500001
v -0.79238874 -0.21304934 0.57106954 0.500001 0.500001 0.500001
v -0.92424339 -0.13170595 0.35810345 0.500001 0.500001 0.500001
v -0.78314662 -0.34595764 0.51593328 0.500001 0.500001 0.500001
v -0.91606021 -0.26395869 0.30118787 0.500001 0.500001 0.500001
v -0.71121210 0.00000881 0.70290387 0.500000 0.500000 0.500000
v -0.70235819 -0.29596820 0.64731801 0.500001 0.500001 0.500001
v -0.62010771 -0.08104104 0.77990901 0.500001 0.500001 0.500001
v -0.70236683 0.29595923 0.64731193 0.500001 0.500001 0.500001
v -0.62011307 0.08103853 0.77989578 0.500000 0.500000 0.500000
v -0.96601659 0.13279243 0.22007455 0.500000 0.500000 0.500000
v -0.96602315 -0.13277921 0.22008209 0.500001 0.500001 0.500001
v -0.00000006 0.96367693 0.26643690 0.500000 0.500000 0.500000
v -0.08214631 0.91198319 0.39916727 0.500000 0.500000 0.500000
v -0.00000000 0.96360719 -0.26642486 0.500000 0.500000 0.500000
v -0.08213587 0.91182339 -0.39905521 0.500000 0.500000 0.500000
v 0.08214631 0.91198319 0.39916727 0.500000 0.500000 0.500000
v 0.08213587 0.91182339 -0.39905521 0.500000 0.500000 0.500000
v -0.51323324 0.64630884 0.56407595 0.500000 0.500000 0.500000
v -0.64631921 0.56409883 0.51327872 0.500000 0.500000 0.500000
v -0.56409228 0.51321536 0.64627898 0.500000 0.500000 0.500000
v -0.51324552 0.64628512 -0.56406993 0.500000 0.500000 0.500000
v -0.64627582 0.56406236 -0.51325381 0.500000 0.500000 0.500000
v -0.56414676 0.51332557 -0.64639330 0.500001 0.500001 0.500001
v -0.91254824 0.39936566 -0.08220018 0.500001 0.500001 0.500001
v -0.91293389 0.39953241 0.08222766 0.500000 0.500000 0.500000
v -0.96362293 0.26643655 0.00001467 0.500001 0.500001 0.500001
v 0.51323360 0.64630914 0.56407583 0.500000 0.500000 0.500000
v 0.64631921 0.56409883 0.51327866 0.500000 0.500000 0.500000
v 0.56409228 0.51321530 0.64627898 0.500000 0.500000 0.500000
v 0.51324552 0.64628506 -0.56406993 0.500000 0.500000 0.500000
v 0.64627582 0.56406248 -0.51325381 0.500000 0.500000 0.500000
v 0.56414682 0.51332557 -0.64639330 0.500001 0.500000 0.500000
v 0.91254824 0.39936578 -0.08220022 0.500001 0.500000 0.500000
v 0.91293389 0.39953241 0.08222766 0.500001 0.500000 0.500000
v 0.96362293 0.26643655 0.00001465 0.500001 0.500001 0.500001
v -0.00000009 -0.96367192 0.26643345 0.500000 0.500000 0.500000
v -0.08219109 -0.91264951 0.39939934 0.500000 0.500000 0.500000
v 0.00000000 -0.96360987 -0.26642367 0.500000 0.500000 0.500000
v -0.08212767 -0.91178906 -0.39906302 0.500000 0.500000 0.500000
v 0.08203194 -0.91084278 0.39870879 0.500000 0.500000 0.500000
v 0.08212767 -0.91178906 -0.39906302 0.500000 0.500000 0.500000
v -0.42826754 -0.53588110 0.47767439 0.500000 0.500000 0.500000
v -0.64631242 -0.56409490 0.51326567 0.500000 0.500000 0.500000
v -0.56408530 -0.51322824 0.64627969 0.499999 0.499999 0.499999
v -0.51325196 -0.64629924 -0.56406438 0.500000 0.500000 0.500000
v -0.64629084 -0.56407917 -0.51324046 0.499999 0.499999 0.499999
v -0.56416142 -0.51332229 -0.64638352 0.499999 0.499999 0.499999
v -0.91255462 -0.39939430 -0.08220238 0.500000 0.500000 0.500000
v -0.91292983 -0.39955369 0.08224589 0.500000 0.500000 0.500000
v -0.96362299 -0.26643446 0.00001943 0.500001 0.500001 0.500001
v 0.43631530 -0.54631418 0.48583275 0.500000 0.500000 0.500000
v 0.64631242 -0.56409490 0.51326567 0.500000 0.500000 0.500000
v 0.56408530 -0.51322824 0.64627969 0.499999 0.499999 0.499999
v 0.51325196 -0.64629930 -0.56406438 0.500000 0.500000 0.500000
v 0.64629084 -0.56407911 -0.51324046 0.499999 0.499999 0.499999
v 0.56416142 -0.51332235 -0.64638358 0.499999 0.499999 0.499999
v 0.91255462 -0.39939445 -0.08220242 0.500000 0.499999 0.499999
v 0.91292983 -0.39955372 0.08224589 0.500000 0.500000 0.500000
v 0.96362299 -0.26643446 0.00001943 0.500002 0.500000 0.500000
v 0.26642847 0.00000056 0.96357739 0.500001 0.500001 0.500001
v 0.39950970 -0.08222097 0.91279936 0.500002 0.500001 0.500001
v -0.26642847 0.00000056 0.96357739 0.500001 0.500001 0.500001
v -0.39950970 -0.08222096 0.91279936 0.500001 0.500001 0.500001
v 0.39951101 0.08220715 0.91279626 0.500001 0.500001 0.500001
v -0.39951098 0.08220716 0.91279626 0.500001 0.500001 0.500001
v 0.26648402 0.00001443 -0.96370816 0.500001 0.500001 0.500001
v 0.39948684 -0.08225164 -0.91282636 0.500000 0.500000 0.500000
v -0.26648402 0.00001442 -0.96370810 0.500001 0.500001 0.500001
v -0.39948681 -0.08225164 -0.91282636 0.500001 0.500001 0.500001
v 0.39948902 0.08223324 -0.91282248 0.500001 0.500001 0.500001
v -0.39948902 0.08223324 -0.91282248 0.500002 0.500002 0.500002
v -0.46559966 0.88434619 -0.00000009 0.500000 0.500000 0.500000
v -0.50614130 0.85947657 0.06545748 0.500000 0.500000 0.500000
v -0.50612986 0.85943907 -0.06545329 0.500000 0.500000 0.500000
v -0.57163858 0.81909978 -0.04045419 0.500000 0.500000 0.500000
v -0.57168496 0.81915510 0.04046276 0.500000 0.500000 0.500000
v 0.46559966 0.88434619 -0.00000009 0.500000 0.500000 0.500000
v 0.50614130 0.85947657 0.06545749 0.500000 0.500000 0.500000
v 0.50612986 0.85943907 -0.06545329 0.500000 0.500000 0.500000
v 0.57163858 0.81909978 -0.04045419 0.500000 0.500000 0.500000
v 0.57168496 0.81915510 0.04046275 0.500000 0.500000 0.500000
v -0.46560800 -0.88432455 -0.00000163 0.500000 0.500000 0.500000
v -0.50614285 -0.85947537 0.06545134 0.500000 0.500000 0.500000
v -0.50612855 -0.85944450 -0.06545624 0.500000 0.500000 0.500000
v -0.57163572 -0.81908709 -0.04046094 0.500000 0.500000 0.500000
v -0.57168162 -0.81915975 0.04045694 0.500000 0.500000 0.500000
v 0.46560797 -0.88432467 -0.00000164 0.500000 0.500000 0.500000
v 0.50614285 -0.85947537 0.06545135 0.500000 0.500000 0.500000
v 0.50612855 -0.85944444 -0.06545624 0.500000 0.500000 0.500000
v 0.57163572 -0.81908709 -0.04046094 0.500000 0.500000 0.500000
v 0.57168162 -0.81915981 0.04045694 0.500000 0.500000 0.500000
v -0.04046861 -0.57173628 0.81923312 0.499999 0.499999 0.499999
v 0.04046861 -0.57173628 0.81923312 0.499999 0.499999 0.499999
v 0.00000000 -0.46574438 0.88461310 0.499999 0.499999 0.499999
v 0.06549634 -0.50628221 0.85974497 0.499999 0.499999 0.499999
v -0.06549626 -0.50628233 0.85974503 0.499999 0.499999 0.499999
v -0.04046079 0.57173961 0.81924713 0.500000 0.500000 0.500000
v 0.04046078 0.57173967 0.81924713 0.500000 0.500000 0.500000
v 0.00000000 0.46575382 0.88462144 0.500000 0.500000 0.500000
v 0.06550200 0.50629526 0.85975397 0.500000 0.500000 0.500000
v -0.06550198 0.50629526 0.85975397 0.500000 0.500000 0.500000
v -0.04045315 -0.57178301 -0.81932324 0.500000 0.500000 0.500000
v 0.04045310 -0.57178289 -0.81932324 0.500000 0.500000 0.500000
v -0.00000000 -0.46589842 -0.88489169 0.499999 0.499999 0.499999
v 0.06548874 -0.50630409 -0.85979837 0.499999 0.499999 0.499999
v -0.06548876 -0.50630409 -0.85979837 0.499999 0.499999 0.499999
v -0.04045611 0.57178158 -0.81931996 0.500001 0.500001 0.500001
v 0.04045611 0.57178158 -0.81931996 0.500001 0.500001 0.500001
v -0.00000000 0.46588442 -0.88488913 0.500001 0.500001 0.500001
v 0.06547118 0.50630426 -0.85978752 0.500001 0.500001 0.500001
v -0.06547119 0.50630426 -0.85978752 0.500001 0.500001 0.500001
v 0.85986513 0.06549405 -0.50635833 0.500001 0.500000 0.500000
v 0.85986149 -0.06547732 -0.50634360 0.500001 0.500000 0.500000
v 0.81943738 -0.04046363 -0.57187015 0.500000 0.500000 0.500000
v 0.81943667 0.04047577 -0.57186729 0.500000 0.500000 0.500000
v 0.88476598 0.00001388 -0.46584341 0.500000 0.500000 0.500000
v 0.85973352 0.06545720 0.50625294 0.500000 0.500000 0.500000
v 0.85973811 -0.06546483 0.50625938 0.500002 0.500001 0.500001
v 0.81924576 -0.04047089 0.57174742 0.500002 0.500001 0.500001
v 0.81924486 0.04046944 0.57174402 0.500001 0.500001 0.500001
v 0.88490063 0.00000671 0.46586782 0.500001 0.500001 0.500001
v -0.85986513 0.06549405 -0.50635833 0.500001 0.500001 0.500001
v -0.85986149 -0.06547736 -0.50634360 0.500001 0.500001 0.500001
v -0.81943738 -0.04046364 -0.57187015 0.500000 0.500000 0.500000
v -0.81943673 0.04047578 -0.57186723 0.500001 0.500001 0.500001
v -0.88476598 0.00001388 -0.46584341 0.500001 0.500001 0.500001
v -0.85973352 0.06545720 0.50625294 0.500000 0.500000 0.500000
v -0.85973811 -0.06546483 0.50625938 0.500000 0.500000 0.500000
v -0.81924576 -0.04047091 0.57174742 0.500000 0.500000 0.500000
v -0.81924486 0.04046943 0.57174402 0.500000 0.500000 0.500000
v -0.88490063 0.00000671 0.46586782 0.500000 0.500000 0.500000
v -0.06952340 0.99773318 0.00000106 0.500000 0.500000 0.500000
v 0.06952340 0.99773318 0.00000106 0.500000 0.500000 0.500000
v -0.04086360 0.99706572 0.06674331 0.500000 0.500000 0.500000
v -0.04086779 0.99706173 -0.06674272 0.500000 0.500000 0.500000
v 0.04086360 0.99706572 0.06674331 0.500000 0.500000 0.500000
v 0.04086779 0.99706173 -0.06674272 0.500000 0.500000 0.500000
v -0.34286484 0.82820374 0.44237626 0.500000 0.500000 0.500000
v -0.27340662 0.78533822 0.55488950 0.500000 0.500000 0.500000
v -0.27436119 0.85208356 0.44457421 0.500000 0.500000 0.500000
v -0.38237625 0.78559011 0.48591813 0.500000 0.500000 0.500000
v -0.23354517 0.82693136 0.51072836 0.500000 0.500000 0.500000
v -0.34150866 0.76030576 0.55198550 0.500000 0.500000 0.500000
v -0.34285200 0.82818061 -0.44239289 0.500000 0.500000 0.500000
v -0.27341235 0.78532702 -0.55490154 0.500000 0.500000 0.500000
v -0.27431348 0.85196161 -0.44453990 0.500000 0.500000 0.500000
v -0.38230085 0.78544849 -0.48583111 0.500000 0.500000 0.500000
v -0.23350891 0.82683969 -0.51067781 0.500000 0.500000 0.500000
v -0.34151617 0.76034570 -0.55204540 0.500000 0.500000 0.500000
v -0.78536689 0.55491996 -0.27339968 0.500000 0.500000 0.500000
v -0.82812929 0.44230703 -0.34280440 0.500000 0.500000 0.500000
v -0.76013428 0.55187201 -0.34142277 0.500000 0.500000 0.500000
v -0.82716787 0.51086849 -0.23361173 0.500000 0.500000 0.500000
v -0.78537172 0.48577788 -0.38227454 0.500000 0.500000 0.500000
v -0.85238951 0.44473785 -0.27440929 0.500000 0.500000 0.500000
v -0.78542697 0.55495882 0.27345327 0.500000 0.500000 0.500000
v -0.82854515 0.44253817 0.34300411 0.500000 0.500000 0.500000
v -0.76045030 0.55209064 0.34155858 0.500000 0.500000 0.500000
v -0.82702547 0.51079154 0.23357020 0.500000 0.500000 0.500000
v -0.78574926 0.48602167 0.38242579 0.500000 0.500000 0.500000
v -0.85236251 0.44470847 0.27445751 0.500000 0.500000 0.500000
v 0.34286484 0.82820374 0.44237626 0.500000 0.500000 0.500000
v 0.27340662 0.78533822 0.55488950 0.500000 0.500000 0.500000
v 0.27436119 0.85208356 0.44457421 0.500000 0.500000 0.500000
v 0.23354517 0.82693136 0.51072836 0.500000 0.500000 0.500000
v 0.38237622 0.78559017 0.48591813 0.500000 0.500000 0.500000
v 0.34150866 0.76030576 0.55198550 0.500000 0.500000 0.500000
v 0.34285200 0.82818061 -0.44239286 0.500000 0.500000 0.500000
v 0.27341247 0.78532672 -0.55490124 0.500000 0.500000 0.500000
v 0.27430722 0.85193920 -0.44452745 0.500000 0.500000 0.500000
v 0.23351587 0.82686466 -0.51069164 0.500000 0.500000 0.500000
v 0.38230085 0.78544849 -0.48583111 0.500000 0.500000 0.500000
v 0.34151620 0.76034582 -0.55204540 0.500000 0.500000 0.500000
v 0.78536689 0.55492002 -0.27339965 0.500000 0.500000 0.500000
v 0.82812929 0.44230703 -0.34280443 0.500000 0.500000 0.500000
v 0.76013428 0.55187201 -0.34142277 0.500000 0.500000 0.500000
v 0.82716787 0.51086849 -0.23361158 0.500000 0.500000 0.500000
v 0.78537172 0.48577788 -0.38227454 0.500000 0.500000 0.500000
v 0.85238951 0.44473776 -0.27440929 0.500000 0.500000 0.500000
v 0.78542697 0.55495882 0.27345327 0.500000 0.500000 0.500000
v 0.82854515 0.44253817 0.34300411 0.500000 0.500000 0.500000
v 0.76045030 0.55209064 0.34155858 0.500000 0.500000 0.500000
v 0.82702553 0.51079148 0.23357017 0.500000 0.500000 0.500000
v 0.78574926 0.48602167 0.38242581 0.500000 0.500000 0.500000
v 0.85236245 0.44470847 0.27445754 0.500000 0.500000 0.500000
v -0.06952474 -0.99772936 -0.00000176 0.500000 0.500000 0.500000
v 0.06952473 -0.99772936 -0.00000176 0.500000 0.500000 0.500000
v -0.04086849 -0.99706930 0.06673645 0.500000 0.500000 0.500000
v -0.04086679 -0.99705279 -0.06674708 0.500000 0.500000 0.500000
v 0.04086849 -0.99706936 0.06673645 0.500000 0.500000 0.500000
v 0.04086682 -0.99705273 -0.06674709 0.500000 0.500000 0.500000
v -0.34272495 -0.82780170 0.44218868 0.500000 0.500000 0.500000
v -0.27162960 -0.77924198 0.55078495 0.500000 0.500000 0.500000
v -0.27350643 -0.84978068 0.44342476 0.500000 0.500000 0.500000
v -0.38238767 -0.78561980 0.48595807 0.500000 0.500000 0.500000
v 1.56657279 0.97285920 -1.28877616 0.500000 0.500000 0.500000
v -0.34161612 -0.76056004 0.55220038 0.500000 0.500000 0.500000
v -0.34285337 -0.82818687 -0.44237930 0.500000 0.500000 0.500000
v -0.27341473 -0.78533351 -0.55490249 0.500000 0.500000 0.500000
v -0.27430555 -0.85195178 -0.44452432 0.500000 0.500000 0.500000
v -0.38230255 -0.78543389 -0.48582891 0.500000 0.500000 0.500000
v -0.23351786 -0.82687587 -0.51068670 0.500000 0.500000 0.500000
v -0.34152049 -0.76035649 -0.55204588 0.500000 0.500000 0.500000
v -0.78536946 -0.55492407 -0.27340579 0.500000 0.500000 0.500000
v -0.82812458 -0.44231352 -0.34281549 0.499999 0.499999 0.499999
v -0.76014084 -0.55187792 -0.34141266 0.499999 0.499999 0.499999
v -0.82717746 -0.51085091 -0.23359159 0.499999 0.499999 0.499999
v -0.78536785 -0.48578292 -0.38227457 0.499999 0.499999 0.499999
v -0.85238868 -0.44472983 -0.27441633 0.499999 0.499999 0.499999
v -0.78543192 -0.55496049 0.27345276 0.500000 0.500000 0.500000
v -0.82854265 -0.44255444 0.34301767 0.499999 0.499999 0.499999
v -0.76044017 -0.55209160 0.34156135 0.499999 0.499999 0.499999
v -0.82703322 -0.51078886 0.23356573 0.499999 0.499999 0.499999
v -0.78574383 -0.48600554 0.38242090 0.499999 0.499999 0.499999
v -0.85235667 -0.44470623 0.27445412 0.499999 0.499999 0.499999
v 0.34331471 -0.82941037 0.44299036 0.500000 0.500000 0.500000
v 0.25837862 -0.73412120 0.52010739 0.500000 0.500000 0.500000
v 0.27601117 -0.85661244 0.44682845 0.500000 0.500000 0.500000
v 2.03342724 -2.62714076 2.31122375 0.500000 0.500000 0.500000
v 0.38238779 -0.78562003 0.48595828 0.500000 0.500000 0.500000
v 0.34161913 -0.76056600 0.55220562 0.500000 0.500000 0.500000
v 0.34285334 -0.82818699 -0.44237927 0.500000 0.500000 0.500000
v 0.27341473 -0.78533351 -0.55490249 0.500000 0.500000 0.500000
v 0.27430552 -0.85195178 -0.44452435 0.500000 0.500000 0.500000
v 0.23351784 -0.82687587 -0.51068670 0.500000 0.500000 0.500000
v 0.38230255 -0.78543395 -0.48582891 0.500000 0.500000 0.500000
v 0.34152049 -0.76035649 -0.55204588 0.500000 0.500000 0.500000
v 0.78536946 -0.55492407 -0.27340576 0.500000 0.500000 0.500000
v 0.82812458 -0.44231352 -0.34281552 0.500000 0.499999 0.499999
v 0.76014084 -0.55187792 -0.34141266 0.499999 0.499999 0.499999
v 0.82717752 -0.51085103 -0.23359154 0.499999 0.499999 0.499999
v 0.78536785 -0.48578286 -0.38227457 0.499999 0.499999 0.499999
v 0.85238862 -0.44472978 -0.27441633 0.499999 0.499999 0.499999
v 0.78543192 -0.55496049 0.27345282 0.500000 0.500000 0.500000
v 0.82854265 -0.44255447 0.34301767 0.499999 0.499999 0.499999
v 0.76044017 -0.55209160 0.34156135 0.499999 0.499999 0.499999
v 0.82703322 -0.51078886 0.23356573 0.499999 0.499999 0.499999
v 0.78574383 -0.48600557 0.38242084 0.499999 0.499999 0.499999
v 0.85235667 -0.44470620 0.27445412 0.499999 0.499999 0.499999
v 0.00000001 -0.06952968 0.99733990 0.500001 0.500001 0.500001
v 0.00000000 0.06952003 0.99733329 0.500001 0.500001 0.500001
v 0.06673065 -0.04084574 0.99678773 0.500001 0.500001 0.500001
v -0.06673070 -0.04084575 0.99678773 0.500001 0.500001 0.500001
v 0.06672874 0.04082078 0.99679542 0.500001 0.500001 0.500001
v -0.06672872 0.04082075 0.99679542 0.500001 0.500001 0.500001
v 0.44259903 -0.34302568 0.82858068 0.500001 0.500000 0.500001
v 0.55494040 -0.27343270 0.78541201 0.500002 0.500001 0.500001
v 0.48597905 -0.38242856 0.78573173 0.500001 0.500000 0.500000
v 0.55198741 -0.34149516 0.76032758 0.500002 0.500000 0.500001
v 0.44481403 -0.27449286 0.85254055 0.500001 0.500001 0.500001
v 0.51086211 -0.23361087 0.82722992 0.500001 0.500001 0.500001
v -0.44259903 -0.34302568 0.82858068 0.500001 0.500001 0.500001
v -0.55494040 -0.27343267 0.78541201 0.500001 0.500001 0.500001
v -0.48597905 -0.38242850 0.78573173 0.500001 0.500001 0.500001
v -0.55198741 -0.34149519 0.76032758 0.500001 0.500001 0.500001
v -0.44481403 -0.27449286 0.85254055 0.500001 0.500001 0.500001
v -0.51086211 -0.23361085 0.82722992 0.500001 0.500001 0.500001
v 0.44258907 0.34303841 0.82857811 0.500001 0.500001 0.500001
v 0.55492365 0.27342170 0.78541011 0.500001 0.500001 0.500001
v 0.48598436 0.38242483 0.78573769 0.500001 0.500001 0.500001
v 0.55198491 0.34151360 0.76034367 0.500001 0.500001 0.500001
v 0.44482163 0.27449584 0.85253531 0.500001 0.500001 0.500001
v 0.51088411 0.23362221 0.82723904 0.500001 0.500001 0.500001
v -0.44258910 0.34303844 0.82857811 0.500001 0.500001 0.500001
v -0.55492365 0.27342170 0.78541011 0.500001 0.500001 0.500001
v -0.48598441 0.38242486 0.78573769 0.500001 0.500001 0.500001
v -0.55198491 0.34151381 0.76034367 0.500001 0.500001 0.500001
v -0.44482166 0.27449569 0.85253525 0.500001 0.500001 0.500001
v -0.51088411 0.23362221 0.82723904 0.500001 0.500001 0.500001
v 0.00000001 -0.06953698 -0.99761462 0.500001 0.500001 0.500001
v 0.00000001 0.06952727 -0.99761564 0.500002 0.500002 0.500002
v 0.06671399 -0.04083001 -0.99687123 0.500000 0.500000 0.500000
v -0.06671399 -0.04083002 -0.99687123 0.500001 0.500001 0.500001
v 0.06671341 0.04085740 -0.99686277 0.500002 0.500002 0.500002
v -0.06671341 0.04085740 -0.99686277 0.500002 0.500002 0.500002
v 0.44240531 -0.34288692 -0.82827860 0.500001 0.500000 0.500000
v 0.55506772 -0.27352270 -0.78556806 0.500001 0.500001 0.500001
v 0.48597330 -0.38240480 -0.78564650 0.500000 0.500000 0.500000
v 0.55217159 -0.34161687 -0.76053661 0.500000 0.500000 0.500000
v 0.44464526 -0.27439067 -0.85224593 0.500001 0.500001 0.500001
v 0.51080120 -0.23358196 -0.82706577 0.500001 0.500001 0.500001
v -0.44240531 -0.34288692 -0.82827860 0.500001 0.500001 0.500001
v -0.55506778 -0.27352270 -0.78556806 0.500001 0.500001 0.500001
v -0.48597330 -0.38240480 -0.78564650 0.500000 0.500000 0.500000
v -0.55217159 -0.34161687 -0.76053661 0.500000 0.500000 0.500000
v -0.44464526 -0.27439067 -0.85224593 0.500001 0.500001 0.500001
v -0.51080120 -0.23358196 -0.82706577 0.500001 0.500001 0.500001
v 0.44240069 0.34288761 -0.82826835 0.500001 0.500001 0.500001
v 0.55505931 0.27351376 -0.78556097 0.500001 0.500001 0.500001
v 0.48596469 0.38240895 -0.78564429 0.500001 0.500001 0.500001
v 0.55216461 0.34162351 -0.76052934 0.500001 0.500001 0.500001
v 0.44465545 0.27439907 -0.85223228 0.500001 0.500001 0.500001
v 0.51080316 0.23357970 -0.82706553 0.500001 0.500001 0.500001
v -0.44240081 0.34288779 -0.82826835 0.500001 0.500001 0.500001
v -0.55505931 0.27351382 -0.78556103 0.500001 0.500001 0.500001
v -0.48596469 0.38240895 -0.78564435 0.500001 0.500001 0.500001
v -0.55216461 0.34162351 -0.76052934 0.500001 0.500001 0.500001
v -0.44465545 0.27439907 -0.85223222 0.500001 0.500001 0.500001
v -0.51080316 0.23357970 -0.82706553 0.500001 0.500001 0.500001
v 0.99737436 0.00001273 -0.06950867 0.500000 0.500000 0.500000
v 0.99762607 0.00001042 0.06951501 0.500002 0.500001 0.500001
v 0.99670082 0.06672284 -0.04084789 0.500000 0.500000 0.500000
v 0.99691719 0.06673464 0.04085864 0.500001 0.500001 0.500001
v 0.99671161 -0.06671903 -0.04086643 0.500001 0.500000 0.500000
v 0.99692565 -0.06673519 0.04085260 0.500001 0.500000 0.500000
v -0.99737436 0.00001273 -0.06950867 0.500000 0.500000 0.500000
v -0.99762607 0.00001042 0.06951501 0.500000 0.500000 0.500000
v -0.99670082 0.06672284 -0.04084789 0.500001 0.500001 0.500001
v -0.99691719 0.06673463 0.04085864 0.500001 0.500001 0.500001
v -0.99671161 -0.06671908 -0.04086646 0.500000 0.500000 0.500000
v -0.99692565 -0.06673521 0.04085262 0.500000 0.500000 0.500000
v -0.33920875 0.94032156 -0.00000800 0.500000 0.500000 0.500000
v -0.20630766 0.97862899 0.00000270 0.500000 0.500000 0.500000
v -0.31632364 0.94582337 0.06603569 0.500000 0.500000 0.500000
v -0.31632486 0.94582480 -0.06602780 0.500000 0.500000 0.500000
v -0.24727549 0.96649903 0.06653038 0.500000 0.500000 0.500000
v -0.24726266 0.96650589 -0.06652819 0.500000 0.500000 0.500000
v -0.46013293 0.86547381 0.19566388 0.500000 0.500000 0.500000
v -0.40531102 0.85496598 0.32223499 0.500000 0.500000 0.500000
v -0.39685032 0.89561725 0.19647750 0.500000 0.500000 0.500000
v -0.50383639 0.82991457 0.23735775 0.500000 0.500000 0.500000
v -0.36817950 0.89093804 0.26243708 0.500000 0.500000 0.500000
v -0.47591355 0.82471544 0.30360332 0.500000 0.500000 0.500000
v -0.46012956 0.86548179 -0.19565560 0.500000 0.500000 0.500000
v -0.40526244 0.85484910 -0.32216462 0.500000 0.500000 0.500000
v -0.39683518 0.89554995 -0.19647044 0.500000 0.500000 0.500000
v -0.50379556 0.82983965 -0.23734538 0.500000 0.500000 0.500000
v -0.36818022 0.89087975 -0.26240683 0.500000 0.500000 0.500000
v -0.47590238 0.82471299 -0.30359325 0.500000 0.500000 0.500000
v -0.65599191 0.74479485 -0.12094789 0.500000 0.500000 0.500000
v -0.72772413 0.65604424 -0.19916637 0.500000 0.500000 0.500000
v -0.63438708 0.74930763 -0.18750240 0.500000 0.500000 0.500000
v -0.70053399 0.70861161 -0.08067422 0.500000 0.500000 0.500000
v -0.67203331 0.70373893 -0.22876926 0.500000 0.500000 0.500000
v -0.73858535 0.66264868 -0.12113833 0.500000 0.500000 0.500000
v -0.65600836 0.74483150 0.12095702 0.500000 0.500000 0.500000
v -0.72776383 0.65613037 0.19918446 0.500000 0.500000 0.500000
v -0.63446504 0.74937773 0.18752898 0.500000 0.500000 0.500000
v -0.70042533 0.70850337 0.08066998 0.500000 0.500000 0.500000
v -0.67204863 0.70376122 0.22876148 0.500000 0.500000 0.500000
v -0.73856091 0.66265947 0.12113962 0.500000 0.500000 0.500000
v 0.33920875 0.94032156 -0.00000800 0.500000 0.500000 0.500000
v 0.20630766 0.97862899 0.00000269 0.500000 0.500000 0.500000
v 0.31632364 0.94582337 0.06603569 0.500000 0.500000 0.500000
v 0.31632486 0.94582480 -0.06602780 0.500000 0.500000 0.500000
v 0.24727549 0.96649903 0.06653038 0.500000 0.500000 0.500000
v 0.24726266 0.96650589 -0.06652819 0.500000 0.500000 0.500000
v 0.46013293 0.86547381 0.19566388 0.500000 0.500000 0.500000
v 0.40531102 0.85496598 0.32223499 0.500000 0.500000 0.500000
v 0.39685032 0.89561725 0.19647750 0.500000 0.500000 0.500000
v 0.50383639 0.82991457 0.23735775 0.500000 0.500000 0.500000
v 0.36817950 0.89093804 0.26243708 0.500000 0.500000 0.500000
v 0.47591355 0.82471544 0.30360335 0.500000 0.500000 0.500000
v 0.46012956 0.86548179 -0.19565560 0.500000 0.500000 0.500000
v 0.40526244 0.85484910 -0.32216462 0.500000 0.500000 0.500000
v 0.39683518 0.89554995 -0.19647044 0.500000 0.500000 0.500000
v 0.50379556 0.82983965 -0.23734538 0.500000 0.500000 0.500000
v 0.36818022 0.89087975 -0.26240683 0.500000 0.500000 0.500000
v 0.47590238 0.82471299 -0.30359325 0.500000 0.500000 0.500000
v 0.65599191 0.74479485 -0.12094786 0.500000 0.500000 0.500000
v 0.72772413 0.65604424 -0.19916637 0.500000 0.500000 0.500000
v 0.63438708 0.74930763 -0.18750240 0.500000 0.500000 0.500000
v 0.70053399 0.70861161 -0.08067422 0.500000 0.500000 0.500000
v 0.67203331 0.70373893 -0.22876926 0.500000 0.500000 0.500000
v 0.73858535 0.66264868 -0.12113833 0.500000 0.500000 0.500000
v 0.65600836 0.74483150 0.12095702 0.500000 0.500000 0.500000
v 0.72776383 0.65613037 0.19918446 0.500000 0.500000 0.500000
v 0.63446504 0.74937773 0.18752898 0.500000 0.500000 0.500000
v 0.70042533 0.70850337 0.08066998 0.500000 0.500000 0.500000
v 0.67204869 0.70376122 0.22876146 0.500000 0.500000 0.500000
v 0.73856091 0.66265935 0.12113962 0.500000 0.500000 0.500000
v -0.33921289 -0.94031882 -0.00000901 0.500000 0.500000 0.500000
v -0.20631024 -0.97862613 -0.00000607 0.500000 0.500000 0.500000
v -0.31632376 -0.94582433 0.06602512 0.500000 0.500000 0.500000
v -0.31631899 -0.94582456 -0.06603023 0.500000 0.500000 0.500000
v -0.24727136 -0.96649259 0.06652859 0.500000 0.500000 0.500000
v -0.24726553 -0.96649718 -0.06653291 0.500000 0.500000 0.500000
v -0.46013343 -0.86547160 0.19566204 0.500000 0.500000 0.500000
v -0.40530473 -0.85498595 0.32222769 0.500000 0.500000 0.500000
v -0.39685309 -0.89560586 0.19647293 0.500000 0.500000 0.500000
v -0.50384396 -0.82993078 0.23735243 0.500000 0.500000 0.500000
v -0.36818779 -0.89091617 0.26243743 0.500000 0.500000 0.500000
v -0.47591051 -0.82471496 0.30360067 0.500000 0.500000 0.500000
v -0.46013170 -0.86546755 -0.19565985 0.500000 0.500000 0.500000
v -0.40525687 -0.85487229 -0.32216883 0.500000 0.500000 0.500000
v -0.39683795 -0.89554912 -0.19647260 0.500000 0.500000 0.500000
v -0.50379246 -0.82984161 -0.23733529 0.500000 0.500000 0.500000
v -0.36817789 -0.89087456 -0.26241520 0.500000 0.500000 0.500000
v -0.47590664 -0.82470846 -0.30360198 0.500000 0.500000 0.500000
v -0.65598977 -0.74480200 -0.12093794 0.500000 0.500000 0.500000
v -0.72771776 -0.65604639 -0.19917175 0.500000 0.500000 0.500000
v -0.63437933 -0.74929988 -0.18751246 0.500000 0.500000 0.500000
v -0.70052582 -0.70862049 -0.08067999 0.500000 0.500000 0.500000
v -0.67202556 -0.70374501 -0.22876811 0.500000 0.500000 0.500000
v -0.73857671 -0.66264975 -0.12112334 0.500000 0.500000 0.500000
v -0.65600312 -0.74483562 0.12095799 0.500000 0.500000 0.500000
v -0.72775936 -0.65612727 0.19918936 0.500000 0.500000 0.500000
v -0.63446099 -0.74938107 0.18752313 0.500000 0.500000 0.500000
v -0.70042986 -0.70849586 0.08066621 0.500000 0.500000 0.500000
v -0.67205471 -0.70374697 0.22876123 0.500000 0.500000 0.500000
v -0.73855990 -0.66266441 0.12113774 0.500000 0.500000 0.500000
v 0.33921289 -0.94031882 -0.00000901 0.500000 0.500000 0.500000
v 0.20631024 -0.97862613 -0.00000607 0.500000 0.500000 0.500000
v 0.31632376 -0.94582438 0.06602509 0.500000 0.500000 0.500000
v 0.31631899 -0.94582456 -0.06603024 0.500000 0.500000 0.500000
v 0.24727137 -0.96649265 0.06652860 0.500000 0.500000 0.500000
v 0.24726553 -0.96649712 -0.06653292 0.500000 0.500000 0.500000
v 0.46013343 -0.86547160 0.19566204 0.500000 0.500000 0.500000
v 0.40530464 -0.85498607 0.32222772 0.500000 0.500000 0.500000
v 0.39685306 -0.89560586 0.19647296 0.500000 0.500000 0.500000
v 0.50384396 -0.82993078 0.23735243 0.500000 0.500000 0.500000
v 0.36818781 -0.89091617 0.26243746 0.500000 0.500000 0.500000
v 0.47591054 -0.82471496 0.30360067 0.500000 0.500000 0.500000
v 0.46013168 -0.86546755 -0.19565988 0.500000 0.500000 0.500000
v 0.40525687 -0.85487229 -0.32216883 0.500000 0.500000 0.500000
v 0.39683795 -0.89554912 -0.19647262 0.500000 0.500000 0.500000
v 0.50379246 -0.82984161 -0.23733529 0.500000 0.500000 0.500000
v 0.36817792 -0.89087456 -0.26241511 0.500000 0.500000 0.500000
v 0.47590664 -0.82470846 -0.30360198 0.500000 0.500000 0.500000
v 0.65598977 -0.74480200 -0.12093794 0.500000 0.500000 0.500000
v 0.72771776 -0.65604639 -0.19917175 0.500000 0.500000 0.500000
v 0.63437933 -0.74929994 -0.18751246 0.500000 0.500000 0.500000
v 0.70052582 -0.70862049 -0.08067999 0.500000 0.500000 0.500000
v 0.67202556 -0.70374495 -0.22876813 0.500000 0.500000 0.500000
v 0.73857671 -0.66264975 -0.12112334 0.500000 0.500000 0.500000
v 0.65600312 -0.74483567 0.12095801 0.500000 0.500000 0.500000
v 0.72775936 -0.65612727 0.19918936 0.500000 0.500000 0.500000
v 0.63446099 -0.74938112 0.18752313 0.500000 0.500000 0.500000
v 0.70042986 -0.70849586 0.08066621 0.500000 0.500000 0.500000
v 0.67205471 -0.70374697 0.22876123 0.500000 0.500000 0.500000
v 0.73855990 -0.66266441 0.12113775 0.500000 0.500000 0.500000
v 1.67886484 1.14374709 -1.05524611 0.499999 0.499999 0.499999
v -0.19926788 -0.72810936 0.65640050 0.499999 0.499999 0.499999
v -1.88056684 -2.50059676 2.50899458 0.499999 0.499999 0.499999
v -1.98742568 -2.43455291 2.54980946 0.499999 0.499999 0.499999
v 1.67881644 1.06113398 -1.13713384 0.499999 0.499999 0.499999
v -0.22881058 -0.67217708 0.70388180 0.499999 0.499999 0.499999
v 1.92113507 -2.45625281 2.54475379 0.499999 0.499999 0.499999
v 0.19926772 -0.72810960 0.65640062 0.499999 0.499999 0.499999
v -1.71943307 1.09940314 -1.09100544 0.499999 0.499999 0.499999
v -1.61257422 1.16544700 -1.05019045 0.499999 0.499999 0.499999
v 1.92118347 -2.53886604 2.46286607 0.499999 0.499999 0.499999
v 0.22881009 -0.67217547 0.70388043 0.499999 0.499999 0.499999
v 0.00000000 -0.33926859 0.94041318 0.500002 0.500002 0.500002
v 0.00000000 -0.20619826 0.97823602 0.500001 0.500001 0.500001
v 0.06606202 -0.31641266 0.94600272 0.500001 0.500001 0.500001
v -0.06606202 -0.31641266 0.94600272 0.500001 0.500001 0.500001
v 0.06653801 -0.24725269 0.96636498 0.500001 0.500001 0.500001
v -0.06653802 -0.24725269 0.96636498 0.500001 0.500001 0.500001
v 0.19574444 -0.46033677 0.86591065 0.500000 0.500000 0.500000
v 0.32228109 -0.40538049 0.85513514 0.500001 0.500001 0.500001
v 0.23737687 -0.50389677 0.83002388 0.499999 0.499999 0.499999
v 0.19659802 -0.39712429 0.89623368 0.500001 0.500001 0.500001
v 0.30363560 -0.47596809 0.82481503 0.500000 0.499999 0.499999
v 0.26253840 -0.36837277 0.89141464 0.500001 0.500001 0.500001
v -0.19574444 -0.46033677 0.86591065 0.500000 0.500000 0.500000
v -0.32228112 -0.40538052 0.85513508 0.500001 0.500001 0.500001
v -0.23737685 -0.50389677 0.83002388 0.499999 0.499999 0.499999
v -0.19659802 -0.39712429 0.89623368 0.500001 0.500001 0.500001
v -0.30363563 -0.47596812 0.82481503 0.500000 0.500000 0.500000
v -0.26253840 -0.36837277 0.89141464 0.500001 0.500001 0.500001
v -0.12094957 0.65600646 0.74486244 0.500000 0.500000 0.500000
v -0.19917956 0.72774595 0.65607327 0.500000 0.500000 0.500000
v -0.08066594 0.70047146 0.70851874 0.500000 0.500000 0.500000
v -0.18753599 0.63444203 0.74937904 0.500000 0.500000 0.500000
v -0.12113000 0.73847824 0.66256279 0.500000 0.500000 0.500000
v -0.22880353 0.67210537 0.70380646 0.500000 0.500000 0.500000
v 0.12094974 0.65600622 0.74486250 0.500000 0.500000 0.500000
v 0.19917947 0.72774613 0.65607321 0.500000 0.500000 0.500000
v 0.08066591 0.70047164 0.70851868 0.500000 0.500000 0.500000
v 0.18753599 0.63444203 0.74937904 0.500000 0.500000 0.500000
v 0.12113000 0.73847824 0.66256279 0.500000 0.500000 0.500000
v 0.22880353 0.67210537 0.70380646 0.500000 0.500000 0.500000
v -0.00000000 0.33927539 0.94042206 0.500001 0.500001 0.500001
v 0.00000001 0.20618975 0.97825563 0.500000 0.500000 0.500000
v 0.06606028 0.31643343 0.94599766 0.500001 0.500001 0.500001
v -0.06606020 0.31643349 0.94599760 0.500001 0.500001 0.500001
v 0.06654003 0.24725300 0.96636397 0.500001 0.500001 0.500001
v -0.06653997 0.24725297 0.96636397 0.500001 0.500001 0.500001
v 0.19574021 0.46035111 0.86590815 0.500000 0.500000 0.500000
v 0.32227659 0.40537554 0.85513860 0.500000 0.500000 0.500000
v 0.23739199 0.50390846 0.83004189 0.500000 0.500000 0.500000
v 0.19659753 0.39712515 0.89624739 0.500000 0.500000 0.500000
v 0.30363762 0.47596487 0.82482409 0.500000 0.500000 0.500000
v 0.26254830 0.36837727 0.89141071 0.500000 0.500000 0.500000
v -0.19574019 0.46035111 0.86590821 0.500000 0.500000 0.500000
v -0.32227659 0.40537554 0.85513860 0.500000 0.500000 0.500000
v -0.23739202 0.50390846 0.83004189 0.500000 0.500000 0.500000
v -0.19659750 0.39712518 0.89624739 0.500000 0.500000 0.500000
v -0.30363762 0.47596487 0.82482415 0.500000 0.500000 0.500000
v -0.26254830 0.36837727 0.89141071 0.500000 0.500000 0.500000
v -0.12096249 -0.65604687 -0.74488157 0.500000 0.500000 0.500000
v -0.19913992 -0.72764266 -0.65599984 0.500000 0.500000 0.500000
v -0.08068027 -0.70052892 -0.70859963 0.500000 0.500000 0.500000
v -0.18751293 -0.63444805 -0.74937230 0.500000 0.500000 0.500000
v -0.12115213 -0.73859721 -0.66267121 0.500000 0.500000 0.500000
v -0.22875346 -0.67203379 -0.70372921 0.500000 0.500000 0.500000
v 0.12096249 -0.65604693 -0.74488157 0.500000 0.500000 0.500000
v 0.19913992 -0.72764271 -0.65599984 0.500000 0.500000 0.500000
v 0.08068027 -0.70052886 -0.70859963 0.500000 0.500000 0.500000
v 0.18751293 -0.63444805 -0.74937230 0.500000 0.500000 0.500000
v 0.12115216 -0.73859721 -0.66267121 0.500000 0.500000 0.500000
v 0.22875346 -0.67203379 -0.70372921 0.500000 0.500000 0.500000
v 0.00000012 -0.33941123 -0.94075274 0.500001 0.500001 0.500001
v 0.00000000 -0.20631182 -0.97856283 0.500001 0.500001 0.500001
v 0.06603239 -0.31643027 -0.94606727 0.500001 0.500001 0.500001
v -0.06603239 -0.31643027 -0.94606727 0.500002 0.500001 0.500001
v 0.06650443 -0.24725820 -0.96643436 0.500002 0.500002 0.500002
v -0.06650443 -0.24725820 -0.96643436 0.500002 0.500001 0.500001
v 0.19575188 -0.46029365 -0.86579186 0.499999 0.499999 0.499999
v 0.32235941 -0.40550613 -0.85541099 0.500000 0.500000 0.500000
v 0.23743843 -0.50397372 -0.83015895 0.499999 0.499999 0.499999
v 0.19659436 -0.39706057 -0.89611489 0.500000 0.500000 0.500000
v 0.30371395 -0.47608835 -0.82505661 0.499999 0.499999 0.499999
v 0.26262873 -0.36843264 -0.89158219 0.500001 0.500000 0.500000
v -0.19575182 -0.46029362 -0.86579192 0.499999 0.499999 0.499999
v -0.32235941 -0.40550610 -0.85541099 0.500000 0.500000 0.500000
v -0.23743843 -0.50397378 -0.83015895 0.499999 0.499999 0.499999
v -0.19659436 -0.39706054 -0.89611489 0.500000 0.500000 0.500000
v -0.30371395 -0.47608835 -0.82505661 0.499999 0.499999 0.499999
v -0.26262873 -0.36843258 -0.89158213 0.500001 0.500001 0.500001
v -0.12096854 0.65604478 -0.74488229 0.500001 0.500001 0.500001
v -0.19913417 0.72762555 -0.65599829 0.500000 0.500000 0.500000
v -0.08067849 0.70051557 -0.70858449 0.500000 0.500000 0.500000
v -0.18752322 0.63444698 -0.74936736 0.500001 0.500001 0.500001
v -0.12114517 0.73856908 -0.66266042 0.500000 0.500000 0.500000
v -0.22875628 0.67202187 -0.70372689 0.500000 0.500000 0.500000
v 0.12096853 0.65604478 -0.74488229 0.500001 0.500001 0.500001
v 0.19913417 0.72762555 -0.65599829 0.500000 0.500000 0.500000
v 0.08067851 0.70051557 -0.70858449 0.500000 0.500000 0.500000
v 0.18752320 0.63444698 -0.74936736 0.500001 0.500001 0.500001
v 0.12114517 0.73856908 -0.66266042 0.500000 0.500000 0.500000
v 0.22875629 0.67202187 -0.70372689 0.500000 0.500000 0.500000
v -0.00000004 0.33939287 -0.94075775 0.500002 0.500002 0.500002
v 0.00000002 0.20628880 -0.97855961 0.500002 0.500002 0.500002
v 0.06603969 0.31641650 -0.94605470 0.500002 0.500002 0.500002
v -0.06603958 0.31641659 -0.94605458 0.500002 0.500002 0.500002
v 0.06651336 0.24726269 -0.96641815 0.500002 0.500002 0.500002
v -0.06651346 0.24726264 -0.96641803 0.500002 0.500002 0.500002
v 0.19574682 0.46028575 -0.86578667 0.500002 0.500001 0.500001
v 0.32235739 0.40551123 -0.85540509 0.500002 0.500001 0.500001
v 0.23744085 0.50398660 -0.83015305 0.500001 0.500001 0.500001
v 0.19659454 0.39705974 -0.89609796 0.500002 0.500002 0.500002
v 0.30372176 0.47610426 -0.82505918 0.500002 0.500001 0.500001
v 0.26262781 0.36844116 -0.89158821 0.500002 0.500001 0.500001
v -0.19574682 0.46028572 -0.86578667 0.500002 0.500002 0.500002
v -0.32235688 0.40551129 -0.85540503 0.500001 0.500001 0.500001
v -0.23744088 0.50398660 -0.83015305 0.500001 0.500001 0.500001
v -0.19659457 0.39705974 -0.89609790 0.500002 0.500002 0.500002
v -0.30372167 0.47610432 -0.82505912 0.500001 0.500001 0.500001
v -0.26262790 0.36844119 -0.89158821 0.500002 0.500002 0.500002
v 0.86581677 0.19570339 -0.46029654 0.500001 0.500001 0.500001
v 0.85506684 0.32221854 -0.40532207 0.500001 0.500001 0.500001
v 0.83021224 0.23744591 -0.50399822 0.500001 0.500001 0.500001
v 0.89576977 0.19651198 -0.39692307 0.500001 0.500001 0.500001
v 0.82501429 0.30367544 -0.47606969 0.500001 0.500001 0.500001
v 0.89115775 0.26248404 -0.36825642 0.500001 0.500001 0.500001
v 0.86580318 -0.19571632 -0.46030459 0.500001 0.500000 0.500001
v 0.85504913 -0.32224274 -0.40535474 0.500001 0.500000 0.500000
v 0.83019960 -0.23744340 -0.50403023 0.500001 0.500000 0.500000
v 0.89576799 -0.19650960 -0.39692613 0.500001 0.500000 0.500001
v 0.82500547 -0.30370337 -0.47609624 0.500001 0.500000 0.500000
v 0.89115691 -0.26249102 -0.36826780 0.500001 0.500000 0.500000
v 0.74478626 -0.12094021 -0.65596730 0.500000 0.500000 0.500000
v 0.65614814 -0.19918935 -0.72782969 0.500001 0.500001 0.500001
v 0.74936122 -0.18752450 -0.63443351 0.500001 0.500000 0.500001
v 0.70851338 -0.08068623 -0.70047277 0.500000 0.500000 0.500000
v 0.70367950 -0.22875269 -0.67198706 0.500001 0.500001 0.500001
v 0.66272950 -0.12115850 -0.73866469 0.500001 0.500000 0.500000
v 0.74478751 0.12095822 -0.65595758 0.500001 0.500000 0.500000
v 0.65614361 0.19918978 -0.72783506 0.500001 0.500000 0.500000
v 0.74936414 0.18750750 -0.63443458 0.500001 0.500001 0.500001
v 0.70851797 0.08068043 -0.70047462 0.500001 0.500001 0.500001
v 0.70367706 0.22875689 -0.67198682 0.500001 0.500001 0.500001
v 0.66272110 0.12116742 -0.73868328 0.500001 0.500001 0.500001
v 0.94039035 0.00000638 -0.33926055 0.500000 0.500000 0.500000
v 0.97853053 0.00000170 -0.20630348 0.500001 0.500000 0.500001
v 0.94597930 0.06604753 -0.31638309 0.500000 0.500000 0.500000
v 0.94598436 -0.06605104 -0.31638318 0.500001 0.500000 0.500000
v 0.96648693 0.06653097 -0.24729025 0.500001 0.500001 0.500001
v 0.96649086 -0.06654210 -0.24728306 0.500001 0.500000 0.500000
v 0.86590344 0.19573218 0.46030763 0.500001 0.500001 0.500001
v 0.85543430 0.32235536 0.40550309 0.500000 0.500000 0.500000
v 0.83001167 0.23739159 0.50389016 0.500001 0.500001 0.500001
v 0.89631599 0.19662851 0.39714384 0.500001 0.500000 0.500000
v 0.82491565 0.30365291 0.47601193 0.500001 0.500001 0.500001
v 0.89161712 0.26262397 0.36847895 0.500001 0.500000 0.500000
v 0.86590332 -0.19574793 0.46032810 0.500002 0.500000 0.500000
v 0.85542941 -0.32237026 0.40549406 0.500002 0.500000 0.500000
v 0.83000833 -0.23740444 0.50389951 0.500002 0.500000 0.500001
v 0.89631593 -0.19663434 0.39713413 0.500001 0.500000 0.500000
v 0.82491827 -0.30366278 0.47601432 0.500002 0.500000 0.500000
v 0.89161718 -0.26260653 0.36847442 0.500001 0.500000 0.500000
v 0.74498355 -0.12100323 0.65615839 0.500001 0.500000 0.500001
v 0.65612411 -0.19920214 0.72778887 0.500002 0.500001 0.500001
v 0.74951035 -0.18755810 0.63458604 0.500001 0.500000 0.500000
v 0.70870936 -0.08069451 0.70062894 0.500001 0.500001 0.500001
v 0.70393431 -0.22883937 0.67220592 0.500001 0.500000 0.500000
v 0.66269195 -0.12113614 0.73859060 0.500002 0.500001 0.500001
v 0.74499118 0.12100663 0.65616667 0.500001 0.500001 0.500001
v 0.65612870 0.19921361 0.72779751 0.500001 0.500001 0.500001
v 0.74951726 0.18754734 0.63458782 0.500001 0.500001 0.500001
v 0.70871687 0.08068515 0.70062977 0.500001 0.500001 0.500001
v 0.70393169 0.22887012 0.67222095 0.500001 0.500000 0.500001
v 0.66269106 0.12113177 0.73859268 0.500000 0.500000 0.500000
v 0.94071525 0.00000680 0.33940482 0.500001 0.500001 0.500001
v 0.97833323 -0.00000261 0.20621677 0.500001 0.500000 0.500000
v 0.94603461 0.06606577 0.31642422 0.500001 0.500001 0.500001
v 0.94603163 -0.06606043 0.31642336 0.500001 0.500000 0.500000
v 0.96626264 0.06652823 0.24721283 0.500000 0.500000 0.500000
v 0.96627933 -0.06651542 0.24721962 0.500002 0.500001 0.500001
v -0.86581677 0.19570339 -0.46029654 0.500001 0.500001 0.500001
v -0.85506684 0.32221854 -0.40532207 0.500001 0.500001 0.500001
v -0.83021230 0.23744597 -0.50399834 0.500001 0.500001 0.500001
v -0.89576977 0.19651198 -0.39692307 0.500001 0.500001 0.500001
v -0.82501429 0.30367544 -0.47606969 0.500001 0.500001 0.500001
v -0.89115775 0.26248404 -0.36825642 0.500001 0.500001 0.500001
v -0.86580318 -0.19571632 -0.46030459 0.500001 0.500001 0.500001
v -0.85504913 -0.32224274 -0.40535474 0.500001 0.500001 0.500001
v -0.83019960 -0.23744339 -0.50403023 0.500001 0.500001 0.500001
v -0.89576799 -0.19650960 -0.39692613 0.500001 0.500001 0.500001
v -0.82500547 -0.30370337 -0.47609624 0.500001 0.500001 0.500001
v -0.89115691 -0.26249102 -0.36826780 0.500001 0.500001 0.500001
v -0.74478626 -0.12094022 -0.65596735 0.500001 0.500001 0.500001
v -0.65614814 -0.19918935 -0.72782969 0.500001 0.500001 0.500001
v -0.74936122 -0.18752450 -0.63443351 0.500001 0.500001 0.500001
v -0.70851338 -0.08068629 -0.70047271 0.500001 0.500001 0.500001
v -0.70367950 -0.22875269 -0.67198706 0.500001 0.500001 0.500001
v -0.66272950 -0.12115850 -0.73866469 0.500001 0.500001 0.500001
v -0.74478751 0.12095822 -0.65595758 0.500001 0.500001 0.500001
v -0.65614361 0.19918980 -0.72783506 0.500001 0.500001 0.500001
v -0.74936414 0.18750751 -0.63443458 0.500001 0.500001 0.500001
v -0.70851797 0.08068042 -0.70047462 0.500001 0.500001 0.500001
v -0.70367706 0.22875689 -0.67198688 0.500001 0.500001 0.500001
v -0.66272110 0.12116741 -0.73868328 0.500001 0.500001 0.500001
v -0.94039035 0.00000638 -0.33926055 0.500000 0.500000 0.500000
v -0.97853053 0.00000177 -0.20630348 0.500001 0.500001 0.500001
v -0.94597930 0.06604753 -0.31638309 0.500001 0.500001 0.500001
v -0.94598436 -0.06605104 -0.31638318 0.500000 0.500000 0.500000
v -0.96648693 0.06653097 -0.24729025 0.500001 0.500001 0.500001
v -0.96649081 -0.06654212 -0.24728307 0.500000 0.500000 0.500000
v -0.86590344 0.19573216 0.46030760 0.500001 0.500001 0.500001
v -0.85543430 0.32235536 0.40550309 0.500000 0.500000 0.500000
v -0.83001167 0.23739159 0.50389016 0.500001 0.500001 0.500001
v -0.89631599 0.19662851 0.39714384 0.500001 0.500001 0.500001
v -0.82491565 0.30365294 0.47601190 0.500001 0.500001 0.500001
v -0.89161706 0.26262391 0.36847904 0.500001 0.500001 0.500001
v -0.86590332 -0.19574793 0.46032810 0.500001 0.500001 0.500001
v -0.85542941 -0.32237026 0.40549406 0.500001 0.500001 0.500001
v -0.83000833 -0.23740444 0.50389951 0.500001 0.500001 0.500001
v -0.89631593 -0.19663434 0.39713413 0.500001 0.500001 0.500001
v -0.82491827 -0.30366278 0.47601432 0.500001 0.500001 0.500001
v -0.89161718 -0.26260653 0.36847442 0.500001 0.500001 0.500001
v -0.74498355 -0.12100323 0.65615839 0.500001 0.500001 0.500001
v -0.65612411 -0.19920214 0.72778887 0.500001 0.500001 0.500001
v -0.74951035 -0.18755808 0.63458604 0.500001 0.500001 0.500001
v -0.70870936 -0.08069451 0.70062894 0.500000 0.500000 0.500000
v -0.70393431 -0.22883937 0.67220592 0.500001 0.500001 0.500001
v -0.66269195 -0.12113614 0.73859060 0.500002 0.500002 0.500002
v -0.74499136 0.12100656 0.65616667 0.500000 0.500000 0.500000
v -0.65612870 0.19921361 0.72779751 0.500001 0.500001 0.500001
v -0.74951732 0.18754739 0.63458776 0.500001 0.500001 0.500001
v -0.70871687 0.08068515 0.70062977 0.500000 0.500000 0.500000
v -0.70393157 0.22887021 0.67222112 0.500001 0.500001 0.500001
v -0.66269106 0.12113177 0.73859268 0.500000 0.500000 0.500000
v -0.94071525 0.00000680 0.33940482 0.500000 0.500000 0.500000
v -0.97833318 -0.00000260 0.20621675 0.500000 0.500000 0.500000
v -0.94603461 0.06606577 0.31642422 0.500000 0.500000 0.500000
v -0.94603163 -0.06606043 0.31642336 0.500000 0.500000 0.500000
v -0.96626264 0.06652823 0.24721283 0.500000 0.500000 0.500000
v -0.96627933 -0.06651542 0.24721964 0.500000 0.500000 0.500000
v -0.12250222 0.97245556 0.19860485 0.500000 0.500000 0.500000
v -0.20088987 0.92305171 0.32545552 0.500000 0.500000 0.500000
v -0.19185798 0.96094275 0.19835730 0.500000 0.500000 0.500000
v -0.23227926 0.93547064 0.26378554 0.500000 0.500000 0.500000
v -0.08164577 0.96037138 0.26550969 0.500000 0.500000 0.500000
v -0.12268523 0.93440557 0.33184683 0.500000 0.500000 0.500000
v -0.12249677 0.97244656 -0.19859160 0.500000 0.500000 0.500000
v -0.20088232 0.92296982 -0.32541645 0.500000 0.500000 0.500000
v -0.19187203 0.96094060 -0.19835003 0.500000 0.500000 0.500000
v -0.23227060 0.93541771 -0.26375520 0.500000 0.500000 0.500000
v -0.08163329 0.96027833 -0.26547921 0.500000 0.500000 0.500000
v -0.12264505 0.93417937 -0.33176279 0.500000 0.500000 0.500000
v 0.12250222 0.97245556 0.19860485 0.500000 0.500000 0.500000
v 0.20088987 0.92305171 0.32545552 0.500000 0.500000 0.500000
v 0.19185798 0.96094275 0.19835730 0.500000 0.500000 0.500000
v 0.23227924 0.93547064 0.26378554 0.500000 0.500000 0.500000
v 0.08164591 0.96037138 0.26550969 0.500000 0.500000 0.500000
v 0.12268523 0.93440557 0.33184683 0.500000 0.500000 0.500000
v 0.12249677 0.97244656 -0.19859160 0.500000 0.500000 0.500000
v 0.20088232 0.92296982 -0.32541648 0.500000 0.500000 0.500000
v 0.19187203 0.96094060 -0.19835003 0.500000 0.500000 0.500000
v 0.23227060 0.93541771 -0.26375517 0.500000 0.500000 0.500000
v 0.08163329 0.96027833 -0.26547921 0.500000 0.500000 0.500000
v 0.12264505 0.93417937 -0.33176279 0.500000 0.500000 0.500000
v -0.52220029 0.72501475 0.44828972 0.500000 0.500000 0.500000
v -0.64942521 0.64658833 0.39983270 0.500000 0.500000 0.500000
v -0.55329561 0.73747516 0.38648182 0.500000 0.500000 0.500000
v -0.61885709 0.69698936 0.36145914 0.500000 0.500000 0.500000
v -0.55230618 0.66930652 0.49609041 0.500000 0.500000 0.500000
v -0.61886841 0.62821275 0.47068503 0.500000 0.500000 0.500000
v -0.07854487 0.84773773 0.52373827 0.500000 0.500000 0.500000
v 0.07854487 0.84773773 0.52373827 0.500000 0.500000 0.500000
v -0.04051207 0.81704992 0.57427472 0.500000 0.500000 0.500000
v 0.04051207 0.81704992 0.57427472 0.500000 0.500000 0.500000
v -0.04109226 0.88383597 0.46388876 0.500000 0.500000 0.500000
v 0.04109227 0.88383597 0.46388876 0.500000 0.500000 0.500000
v -0.39979056 0.64938605 0.64652812 0.500000 0.500000 0.500000
v -0.44840518 0.52231151 0.72517252 0.500000 0.500000 0.500000
v -0.36144033 0.61886740 0.69697720 0.500000 0.500000 0.500000
v -0.38651386 0.55334890 0.73753452 0.500000 0.500000 0.500000
v -0.47071376 0.61890137 0.62824833 0.500000 0.500000 0.500000
v -0.49609044 0.55232692 0.66930676 0.500000 0.500000 0.500000
v -0.52223855 0.72506279 -0.44834933 0.500000 0.500000 0.500000
v -0.64926970 0.64642882 -0.39973256 0.500000 0.500000 0.500000
v -0.55309105 0.73720086 -0.38635001 0.500000 0.500000 0.500000
v -0.61867726 0.69674397 -0.36132619 0.500000 0.500000 0.500000
v -0.55237567 0.66934770 -0.49615049 0.500000 0.500000 0.500000
v -0.61881995 0.62818635 -0.47067499 0.500000 0.500000 0.500000
v -0.07853523 0.84760839 -0.52366924 0.500000 0.500000 0.500000
v 0.07853523 0.84760839 -0.52366924 0.500000 0.500000 0.500000
v -0.04049639 0.81705415 -0.57427830 0.500000 0.500000 0.500000
v 0.04049639 0.81705415 -0.57427830 0.500000 0.500000 0.500000
v -0.04108977 0.88374680 -0.46386939 0.500000 0.500000 0.500000
v 0.04108977 0.88374680 -0.46386939 0.500000 0.500000 0.500000
v -0.39978716 0.64939076 -0.64654267 0.500000 0.500000 0.500000
v -0.44837040 0.52226353 -0.72507924 0.500001 0.500001 0.500001
v -0.36142090 0.61886269 -0.69695431 0.500000 0.500000 0.500000
v -0.38646165 0.55325359 -0.73742121 0.500001 0.500001 0.500001
v -0.47072953 0.61892086 -0.62826920 0.500000 0.500000 0.500000
v -0.49618214 0.55242372 -0.66942877 0.500001 0.500001 0.500001
v -0.84785539 0.52380449 -0.07853605 0.500000 0.500000 0.500000
v -0.84807700 0.52391618 0.07856099 0.500000 0.500000 0.500000
v -0.81717378 0.57436639 -0.04051556 0.500000 0.500000 0.500000
v -0.81726640 0.57441175 0.04050430 0.500000 0.500000 0.500000
v -0.88432747 0.46411082 -0.04110108 0.500000 0.500000 0.500000
v -0.88453907 0.46421465 0.04112182 0.500000 0.500000 0.500000
v -0.72522092 0.44842976 -0.52233636 0.500001 0.500001 0.500001
v -0.64652026 0.39979213 -0.64935786 0.500001 0.500001 0.500001
v -0.73756742 0.38653088 -0.55335277 0.500001 0.500001 0.500001
v -0.69687086 0.36140412 -0.61877871 0.500001 0.500001 0.500001
v -0.66932309 0.49609616 -0.55232179 0.500001 0.500001 0.500001
v -0.62816960 0.47067741 -0.61881763 0.500001 0.500001 0.500001
v -0.92381835 0.32572711 -0.20107314 0.500000 0.500000 0.500000
v -0.97215664 0.19852510 -0.12246441 0.500001 0.500001 0.500001
v -0.93597686 0.26396760 -0.23242837 0.500000 0.500000 0.500000
v -0.96100128 0.19837910 -0.19187810 0.500001 0.500001 0.500001
v -0.93478322 0.33198225 -0.12277101 0.500001 0.500001 0.500001
v -0.96009666 0.26546317 -0.08163115 0.500001 0.500001 0.500001
v -0.72506374 0.44833410 0.52225530 0.500000 0.500000 0.500000
v -0.64666414 0.39985141 0.64950716 0.500000 0.500000 0.500000
v -0.73749095 0.38649219 0.55330712 0.500001 0.500001 0.500001
v -0.69710267 0.36151326 0.61899835 0.500001 0.500001 0.500001
v -0.66941655 0.49621695 0.55244207 0.500000 0.500000 0.500000
v -0.62834346 0.47079271 0.61897445 0.500000 0.500000 0.500000
v -0.92357594 0.32566312 0.20100416 0.500001 0.500001 0.500001
v -0.97239590 0.19859906 0.12246560 0.500001 0.500001 0.500001
v -0.93564785 0.26385143 0.23234062 0.500001 0.500001 0.500001
v -0.96081078 0.19833638 0.19183838 0.500001 0.500001 0.500001
v -0.93503475 0.33207595 0.12277366 0.500001 0.500001 0.500001
v -0.96051764 0.26560843 0.08165608 0.500001 0.500001 0.500001
v 0.52220029 0.72501475 0.44828972 0.500000 0.500000 0.500000
v 0.64942521 0.64658833 0.39983270 0.500000 0.500000 0.500000
v 0.55329561 0.73747516 0.38648182 0.500000 0.500000 0.500000
v 0.61885709 0.69698936 0.36145914 0.500000 0.500000 0.500000
v 0.55230606 0.66930634 0.49609044 0.500000 0.500000 0.500000
v 0.61886841 0.62821275 0.47068506 0.500000 0.500000 0.500000
v 0.39979059 0.64938605 0.64652812 0.500000 0.500000 0.500000
v 0.44840518 0.52231151 0.72517252 0.500000 0.500000 0.500000
v 0.36144033 0.61886734 0.69697726 0.500000 0.500000 0.500000
v 0.38651386 0.55334890 0.73753452 0.500000 0.500000 0.500000
v 0.47071365 0.61890113 0.62824839 0.500000 0.500000 0.500000
v 0.49609044 0.55232692 0.66930676 0.500000 0.500000 0.500000
v 0.52223855 0.72506273 -0.44834939 0.500000 0.500000 0.500000
v 0.64926970 0.64642882 -0.39973256 0.500000 0.500000 0.500000
v 0.55309105 0.73720086 -0.38635004 0.500000 0.500000 0.500000
v 0.61867732 0.69674402 -0.36132616 0.500000 0.500000 0.500000
v 0.55237567 0.66934770 -0.49615046 0.500000 0.500000 0.500000
v 0.61881995 0.62818635 -0.47067499 0.500000 0.500000 0.500000
v 0.39978713 0.64939076 -0.64654273 0.500000 0.500000 0.500000
v 0.44837043 0.52226359 -0.72507924 0.500001 0.500001 0.500001
v 0.36142090 0.61886263 -0.69695431 0.500000 0.500000 0.500000
v 0.38646170 0.55325347 -0.73742127 0.500001 0.500001 0.500001
v 0.47072953 0.61892086 -0.62826920 0.500000 0.500000 0.500000
v 0.49618217 0.55242360 -0.66942877 0.500001 0.500000 0.500000
v 0.84785539 0.52380449 -0.07853605 0.500000 0.500000 0.500000
v 0.84807700 0.52391630 0.07856096 0.500000 0.500000 0.500000
v 0.81717378 0.57436639 -0.04051556 0.500000 0.500000 0.500000
v 0.81726640 0.57441175 0.04050431 0.500000 0.500000 0.500000
v 0.88432747 0.46411082 -0.04110108 0.500000 0.500000 0.500000
v 0.88453907 0.46421465 0.04112181 0.500000 0.500000 0.500000
v 0.72522092 0.44842976 -0.52233630 0.500001 0.500000 0.500000
v 0.64652038 0.39979216 -0.64935780 0.500001 0.500001 0.500001
v 0.73756742 0.38653088 -0.55335271 0.500001 0.500000 0.500000
v 0.69687092 0.36140412 -0.61877877 0.500001 0.500001 0.500001
v 0.66932315 0.49609607 -0.55232179 0.500001 0.500000 0.500000
v 0.62816960 0.47067735 -0.61881763 0.500001 0.500000 0.500001
v 0.92381835 0.32572711 -0.20107315 0.500001 0.500000 0.500000
v 0.97215664 0.19852512 -0.12246440 0.500001 0.500001 0.500001
v 0.93597686 0.26396760 -0.23242837 0.500000 0.500000 0.500000
v 0.96100140 0.19837911 -0.19187826 0.500001 0.500001 0.500001
v 0.93478322 0.33198225 -0.12277101 0.500001 0.500001 0.500001
v 0.96009666 0.26546314 -0.08163115 0.500001 0.500001 0.500001
v 0.72506374 0.44833413 0.52225530 0.500000 0.500000 0.500000
v 0.64666414 0.39985141 0.64950716 0.500000 0.500000 0.500000
v 0.73749095 0.38649225 0.55330712 0.500001 0.500000 0.500000
v 0.69710273 0.36151326 0.61899835 0.500001 0.500000 0.500000
v 0.66941655 0.49621695 0.55244207 0.500000 0.500000 0.500000
v 0.62834346 0.47079271 0.61897445 0.500000 0.500000 0.500000
v 0.92357594 0.32566312 0.20100412 0.500001 0.500001 0.500001
v 0.97239590 0.19859907 0.12246560 0.500001 0.500001 0.500001
v 0.93564785 0.26385140 0.23234062 0.500001 0.500001 0.500001
v 0.96081078 0.19833638 0.19183838 0.500001 0.500001 0.500001
v 0.93503475 0.33207595 0.12277366 0.500001 0.500000 0.500000
v 0.96051764 0.26560843 0.08165608 0.500001 0.500001 0.500001
v -0.12249292 -0.97244436 0.19860731 0.500000 0.500000 0.500000
v -0.20232272 -0.93112999 0.32852763 0.500000 0.500000 0.500000
v -0.19184864 -0.96094078 0.19835673 0.500000 0.500000 0.500000
v -0.23227853 -0.93545568 0.26378718 0.500000 0.500000 0.500000
v -0.08166051 -0.96038049 0.26550153 0.500000 0.500000 0.500000
v -0.12486067 -0.94656444 0.33648363 0.500000 0.500000 0.500000
v -0.12249056 -0.97244340 -0.19859438 0.500000 0.500000 0.500000
v -0.20088136 -0.92298132 -0.32540420 0.500000 0.500000 0.500000
v -0.19186671 -0.96093500 -0.19835140 0.500000 0.500000 0.500000
v -0.23226883 -0.93540043 -0.26376808 0.500000 0.500000 0.500000
v -0.08164053 -0.96027029 -0.26547930 0.500000 0.500000 0.500000
v -0.12264519 -0.93417019 -0.33176571 0.500000 0.500000 0.500000
v 0.12249299 -0.97244430 0.19860728 0.500000 0.500000 0.500000
v 0.20065168 -0.92166877 0.32492274 0.500000 0.500000 0.500000
v 0.19184856 -0.96094090 0.19835673 0.500000 0.500000 0.500000
v 0.23227857 -0.93545562 0.26378724 0.500000 0.500000 0.500000
v 0.08166050 -0.96038049 0.26550150 0.500000 0.500000 0.500000
v 0.12234695 -0.93269271 0.33119881 0.500000 0.500000 0.500000
v 0.12249056 -0.97244340 -0.19859438 0.500000 0.500000 0.500000
v 0.20088138 -0.92298132 -0.32540420 0.500000 0.500000 0.500000
v 0.19186671 -0.96093500 -0.19835140 0.500000 0.500000 0.500000
v 0.23226884 -0.93540037 -0.26376808 0.500000 0.500000 0.500000
v 0.08164053 -0.96027029 -0.26547930 0.500000 0.500000 0.500000
v 0.12264520 -0.93417013 -0.33176571 0.500000 0.500000 0.500000
v -0.52216625 -0.72494388 0.44826588 0.500000 0.500000 0.500000
v -0.64942282 -0.64657420 0.39984170 0.500000 0.500000 0.500000
v -0.55330461 -0.73745543 0.38646874 0.500000 0.500000 0.500000
v -0.61886233 -0.69699097 0.36144590 0.500000 0.500000 0.500000
v -0.87109411 -1.08366823 0.82038701 0.500000 0.500000 0.500000
v -0.61886567 -0.62822163 0.47068059 0.500000 0.500000 0.500000
v 1.72154701 0.95198143 -1.27587223 0.500000 0.500000 0.500000
v 1.87845290 -2.64801836 2.32412767 0.500000 0.500000 0.500000
v -0.02837015 -2.61750937 2.37447739 0.500000 0.500000 0.500000
v 0.05770829 -2.61750937 2.37447739 0.500000 0.500000 0.500000
v -1.84129596 -2.68475199 2.26422906 0.500000 0.500000 0.500000
v -1.75870395 0.91524798 -1.33577085 0.500000 0.500000 0.500000
v -0.39982492 -0.64943922 0.64660239 0.499999 0.499999 0.499999
v -0.44839007 -0.52230328 0.72517705 0.499999 0.499999 0.499999
v -0.36143988 -0.61888051 0.69697261 0.499999 0.499999 0.499999
v -0.38651744 -0.55334067 0.73753309 0.499999 0.499999 0.499999
v -0.47072080 -0.61888921 0.62826389 0.499999 0.499999 0.499999
v -0.49609178 -0.55232620 0.66930288 0.499999 0.499999 0.499999
v -0.52223819 -0.72506595 -0.44834289 0.500000 0.500000 0.500000
v -0.64926785 -0.64640492 -0.39973181 0.500000 0.500000 0.500000
v -0.55309504 -0.73720515 -0.38635194 0.500000 0.500000 0.500000
v -0.61867499 -0.69675899 -0.36131936 0.500000 0.500000 0.500000
v -0.55237716 -0.66937280 -0.49613807 0.500000 0.500000 0.500000
v -0.61882627 -0.62817276 -0.47066596 0.500000 0.500000 0.500000
v -0.07852826 -0.84761482 -0.52366138 0.500000 0.500000 0.500000
v 0.07852845 -0.84761482 -0.52366126 0.500000 0.500000 0.500000
v -0.04049882 -0.81705636 -0.57428122 0.500000 0.500000 0.500000
v 0.04049882 -0.81705636 -0.57428122 0.500000 0.500000 0.500000
v -0.04108342 -0.88374639 -0.46386427 0.500000 0.500000 0.500000
v 0.04108334 -0.88374645 -0.46386427 0.500000 0.500000 0.500000
v -0.39978373 -0.64938951 -0.64655650 0.500000 0.500000 0.500000
v -0.44836947 -0.52225840 -0.72508562 0.499999 0.499999 0.499999
v -0.36143449 -0.61887193 -0.69695371 0.500000 0.500000 0.500000
v -0.38645917 -0.55326664 -0.73742306 0.499999 0.499999 0.499999
v -0.47073677 -0.61891800 -0.62827486 0.500000 0.500000 0.500000
v -0.49619082 -0.55243337 -0.66943562 0.500000 0.500000 0.500000
v -0.84785616 -0.52381134 -0.07854182 0.499999 0.499999 0.499999
v -0.84806854 -0.52391398 0.07856248 0.499999 0.499999 0.499999
v -0.81717664 -0.57437205 -0.04051556 0.499999 0.499999 0.499999
v -0.81726044 -0.57441384 0.04051458 0.500000 0.500000 0.500000
v -0.88431895 -0.46412194 -0.04108741 0.499999 0.499999 0.499999
v -0.88453060 -0.46422359 0.04112547 0.499999 0.499999 0.499999
v -0.72520858 -0.44844335 -0.52233398 0.499999 0.499999 0.499999
v -0.64651525 -0.39979234 -0.64936095 0.500000 0.500000 0.500000
v -0.73755604 -0.38652778 -0.55335450 0.500000 0.500000 0.500000
v -0.69687194 -0.36140490 -0.61878961 0.500001 0.500001 0.500001
v -0.66932464 -0.49609742 -0.55230641 0.499999 0.499999 0.499999
v -0.62817353 -0.47068056 -0.61882335 0.499999 0.499999 0.499999
v -0.92382181 -0.32574877 -0.20106508 0.500001 0.500001 0.500001
v -0.97214758 -0.19853017 -0.12248524 0.500002 0.500002 0.500002
v -0.93597585 -0.26395980 -0.23241594 0.500001 0.500001 0.500001
v -0.96099114 -0.19838659 -0.19190492 0.500001 0.500001 0.500001
v -0.93480134 -0.33200330 -0.12275618 0.500001 0.500001 0.500001
v -0.96009433 -0.26546538 -0.08163567 0.500002 0.500002 0.500002
v -0.72505838 -0.44832554 0.52226257 0.499999 0.499999 0.499999
v -0.64666188 -0.39986318 0.64949590 0.500000 0.500000 0.500000
v -0.73748553 -0.38649568 0.55332315 0.500001 0.500001 0.500001
v -0.69709843 -0.36149925 0.61898488 0.500001 0.500001 0.500001
v -0.66941047 -0.49620703 0.55244011 0.499999 0.499999 0.499999
v -0.62834328 -0.47078192 0.61897433 0.499999 0.499999 0.499999
v -0.92358315 -0.32567215 0.20099141 0.500001 0.500001 0.500001
v -0.97239596 -0.19861086 0.12249021 0.500001 0.500001 0.500001
v -0.93565106 -0.26385507 0.23233491 0.500001 0.500001 0.500001
v -0.96081018 -0.19834064 0.19183691 0.500002 0.500002 0.500002
v -0.93503541 -0.33210468 0.12276895 0.500001 0.500001 0.500001
v -0.96051592 -0.26562890 0.08166189 0.500001 0.500001 0.500001
v 0.52223212 -0.72504503 0.44832581 0.500000 0.500000 0.500000
v 0.64942282 -0.64657420 0.39984167 0.500000 0.500000 0.500000
v 0.55330461 -0.73745549 0.38646868 0.500000 0.500000 0.500000
v 0.61886233 -0.69699097 0.36144590 0.500000 0.500000 0.500000
v 0.83619523 -1.03827798 0.78485805 0.500000 0.500000 0.500000
v 0.61886567 -0.62822163 0.47068059 0.500000 0.500000 0.500000
v 0.39982456 -0.64943868 0.64660156 0.499999 0.499999 0.499999
v 0.44839007 -0.52230322 0.72517705 0.499999 0.499999 0.499999
v 0.36143973 -0.61888021 0.69697225 0.499999 0.499999 0.499999
v 0.38651744 -0.55334067 0.73753309 0.499999 0.499999 0.499999
v 0.47072148 -0.61889017 0.62826490 0.499999 0.499999 0.499999
v 0.49609181 -0.55232632 0.66930288 0.499999 0.499999 0.499999
v 0.52223819 -0.72506595 -0.44834289 0.500000 0.500000 0.500000
v 0.64926785 -0.64640492 -0.39973184 0.500000 0.500000 0.500000
v 0.55309504 -0.73720515 -0.38635194 0.500000 0.500000 0.500000
v 0.61867499 -0.69675905 -0.36131936 0.500000 0.500000 0.500000
v 0.55237716 -0.66937280 -0.49613807 0.500000 0.500000 0.500000
v 0.61882627 -0.62817281 -0.47066590 0.500000 0.500000 0.500000
v 0.39978373 -0.64938951 -0.64655650 0.500000 0.500000 0.500000
v 0.44836944 -0.52225846 -0.72508568 0.499999 0.499999 0.499999
v 0.36143452 -0.61887193 -0.69695371 0.500000 0.500000 0.500000
v 0.38645923 -0.55326653 -0.73742294 0.499999 0.499999 0.499999
v 0.47073665 -0.61891794 -0.62827492 0.500000 0.500000 0.500000
v 0.49619082 -0.55243337 -0.66943562 0.500000 0.500000 0.500000
v 0.84785616 -0.52381134 -0.07854184 0.499999 0.499999 0.499999
v 0.84806848 -0.52391398 0.07856244 0.499999 0.499999 0.499999
v 0.81717676 -0.57437211 -0.04051550 0.499999 0.499999 0.499999
v 0.81726032 -0.57441384 0.04051456 0.500000 0.500000 0.500000
v 0.88431895 -0.46412194 -0.04108743 0.499999 0.499999 0.499999
v 0.88453060 -0.46422359 0.04112547 0.499999 0.499999 0.499999
v 0.72520858 -0.44844335 -0.52233398 0.499999 0.499999 0.499999
v 0.64651525 -0.39979234 -0.64936095 0.500000 0.500000 0.500000
v 0.73755604 -0.38652778 -0.55335450 0.500000 0.500000 0.500000
v 0.69687188 -0.36140490 -0.61878967 0.500001 0.500000 0.500000
v 0.66932464 -0.49609742 -0.55230641 0.499999 0.499999 0.499999
v 0.62817353 -0.47068056 -0.61882335 0.499999 0.499999 0.499999
v 0.92382181 -0.32574877 -0.20106508 0.500001 0.500000 0.500000
v 0.97214758 -0.19853017 -0.12248524 0.500002 0.500000 0.500001
v 0.93597585 -0.26395980 -0.23241594 0.500001 0.500000 0.500000
v 0.96099114 -0.19838659 -0.19190492 0.500001 0.500000 0.500000
v 0.93480134 -0.33200330 -0.12275618 0.500002 0.500000 0.500000
v 0.96009433 -0.26546538 -0.08163567 0.500002 0.500000 0.500001
v 0.72505838 -0.44832557 0.52226245 0.499999 0.499999 0.499999
v 0.64666188 -0.39986318 0.64949584 0.500001 0.500000 0.500000
v 0.73748553 -0.38649565 0.55332309 0.500001 0.500000 0.500000
v 0.69709843 -0.36149925 0.61898488 0.500001 0.500000 0.500000
v 0.66941047 -0.49620700 0.55244005 0.499999 0.499999 0.499999
v 0.62834334 -0.47078192 0.61897433 0.499999 0.499998 0.499998
v 0.92358315 -0.32567215 0.20099141 0.500002 0.500000 0.500000
v 0.97239596 -0.19861086 0.12249021 0.500002 0.500000 0.500000
v 0.93565106 -0.26385507 0.23233491 0.500002 0.500000 0.500000
v 0.96081018 -0.19834064 0.19183691 0.500002 0.500000 0.500000
v 0.93503541 -0.33210465 0.12276895 0.500002 0.500000 0.500000
v 0.96051592 -0.26562890 0.08166189 0.500002 0.500000 0.500000
v 0.19859692 -0.12248714 0.97240716 0.500001 0.500001 0.500001
v 0.32563183 -0.20099321 0.92352623 0.500002 0.500001 0.500001
v 0.19837664 -0.19189753 0.96101618 0.500001 0.500001 0.500001
v 0.26389968 -0.23236305 0.93579292 0.500001 0.500001 0.500001
v 0.26550448 -0.08165018 0.96025294 0.500002 0.500002 0.500002
v 0.33200377 -0.12271827 0.93471974 0.500002 0.500001 0.500002
v -0.19859691 -0.12248714 0.97240716 0.500001 0.500001 0.500001
v -0.32563183 -0.20099321 0.92352623 0.500002 0.500002 0.500002
v -0.19837664 -0.19189753 0.96101618 0.500001 0.500001 0.500001
v -0.26389968 -0.23236303 0.93579292 0.500001 0.500001 0.500001
v -0.26550448 -0.08165019 0.96025294 0.500002 0.500002 0.500002
v -0.33200377 -0.12271828 0.93471974 0.500002 0.500002 0.500002
v 0.19858792 0.12249503 0.97241408 0.500000 0.500000 0.500000
v 0.32563505 0.20098543 0.92352551 0.500001 0.500001 0.500001
v 0.19836792 0.19189635 0.96102506 0.500001 0.500001 0.500001
v 0.26389480 0.23236865 0.93580616 0.500001 0.500001 0.500001
v 0.26550707 0.08163632 0.96026146 0.500001 0.500001 0.500001
v 0.33199534 0.12270468 0.93473208 0.500001 0.500001 0.500001
v -0.19858792 0.12249503 0.97241408 0.500000 0.500000 0.500000
v -0.32563505 0.20098543 0.92352551 0.500001 0.500001 0.500001
v -0.19836792 0.19189635 0.96102506 0.500001 0.500001 0.500001
v -0.26389480 0.23236865 0.93580616 0.500001 0.500001 0.500001
v -0.26550707 0.08163631 0.96026146 0.500000 0.500000 0.500000
v -0.33199534 0.12270468 0.93473208 0.500001 0.500001 0.500001
v 0.52391046 -0.07859337 0.84809715 0.500002 0.500001 0.500001
v 0.52390939 0.07859223 0.84810048 0.500001 0.500001 0.500001
v 0.57436818 -0.04051306 0.81721145 0.500002 0.500001 0.500001
v 0.57436883 0.04051270 0.81720734 0.500001 0.500001 0.500001
v 0.46424705 -0.04112494 0.88460606 0.500001 0.500001 0.500001
v 0.46425536 0.04112443 0.88460904 0.500001 0.500001 0.500001
v -0.52391046 -0.07859337 0.84809715 0.500001 0.500001 0.500001
v -0.52390939 0.07859223 0.84810048 0.500000 0.500000 0.500000
v -0.57436818 -0.04051306 0.81721145 0.500000 0.500000 0.500000
v -0.57436883 0.04051270 0.81720734 0.500000 0.500000 0.500000
v -0.46424705 -0.04112494 0.88460606 0.500001 0.500001 0.500001
v -0.46425536 0.04112443 0.88460904 0.500000 0.500000 0.500000
v 0.19855796 -0.12244317 -0.97212422 0.500001 0.500000 0.500000
v 0.32574469 -0.20107920 -0.92387414 0.500001 0.500001 0.500001
v 0.19836479 -0.19185311 -0.96078742 0.500002 0.500001 0.500001
v 0.26394120 -0.23239863 -0.93591100 0.500001 0.500001 0.500001
v 0.26559114 -0.08163037 -0.96040577 0.500000 0.500000 0.500000
v 0.33212590 -0.12277819 -0.93506575 0.500000 0.500000 0.500000
v -0.19855796 -0.12244317 -0.97212422 0.500002 0.500002 0.500002
v -0.32574469 -0.20107920 -0.92387414 0.500001 0.500001 0.500001
v -0.19836479 -0.19185311 -0.96078742 0.500002 0.500002 0.500002
v -0.26394120 -0.23239861 -0.93591100 0.500001 0.500001 0.500001
v -0.26559114 -0.08163037 -0.96040577 0.500001 0.500001 0.500001
v -0.33212590 -0.12277820 -0.93506575 0.500001 0.500001 0.500001
v 0.19854870 0.12245962 -0.97212493 0.500002 0.500002 0.500002
v 0.32574391 0.20106503 -0.92386621 0.500002 0.500001 0.500001
v 0.19834873 0.19186273 -0.96078974 0.500002 0.500002 0.500002
v 0.26392919 0.23239225 -0.93592012 0.500002 0.500002 0.500002
v 0.26556075 0.08166794 -0.96040446 0.500002 0.500002 0.500002
v 0.33211601 0.12277547 -0.93507457 0.500002 0.500001 0.500002
v -0.19854870 0.12245963 -0.97212493 0.500002 0.500002 0.500002
v -0.32574391 0.20106485 -0.92386621 0.500002 0.500002 0.500002
v -0.19834873 0.19186276 -0.96078974 0.500002 0.500002 0.500002
v -0.26392925 0.23239224 -0.93592012 0.500002 0.500002 0.500002
v -0.26556072 0.08166800 -0.96040446 0.500002 0.500002 0.500002
v -0.33211601 0.12277547 -0.93507457 0.500002 0.500002 0.500002
v 0.52384734 -0.07855970 -0.84790939 0.500000 0.499999 0.500000
v 0.52384698 0.07856000 -0.84791237 0.500001 0.500001 0.500001
v 0.57449943 -0.04050512 -0.81732231 0.500000 0.499999 0.499999
v 0.57449561 0.04051783 -0.81732851 0.500000 0.500000 0.500000
v 0.46412092 -0.04110077 -0.88435251 0.500000 0.500000 0.500000
v 0.46412310 0.04112409 -0.88435203 0.500001 0.500001 0.500001
v -0.52384728 -0.07855970 -0.84790939 0.500001 0.500001 0.500001
v -0.52384698 0.07856000 -0.84791237 0.500001 0.500001 0.500001
v -0.57449943 -0.04050509 -0.81732231 0.500001 0.500001 0.500001
v -0.57449561 0.04051783 -0.81732851 0.500001 0.500001 0.500001
v -0.46412089 -0.04110081 -0.88435256 0.500001 0.500001 0.500001
v -0.46412310 0.04112406 -0.88435203 0.500002 0.500002 0.500002
v -0.44471753 0.89214212 0.06590641 0.500000 0.500000 0.500000
v -0.44472533 0.89214182 -0.06587981 0.500000 0.500000 0.500000
v -0.38125744 0.92107612 0.06593551 0.500000 0.500000 0.500000
v -0.38126963 0.92110676 -0.06593024 0.500000 0.500000 0.500000
v -0.55150139 0.82651401 0.10666138 0.500000 0.500000 0.500000
v -0.42194185 0.89597708 0.13167496 0.500000 0.500000 0.500000
v -0.52878344 0.83033407 0.17248935 0.500000 0.500000 0.500000
v -0.55151379 0.82655627 -0.10666116 0.500000 0.500000 0.500000
v -0.42193383 0.89600050 -0.13168961 0.500000 0.500000 0.500000
v -0.52877861 0.83037138 -0.17248644 0.500000 0.500000 0.500000
v -0.61747658 0.78585786 -0.00000068 0.500000 0.500000 0.500000
v -0.59459209 0.78975803 -0.14736474 0.500000 0.500000 0.500000
v -0.66064328 0.74910653 -0.04065139 0.500000 0.500000 0.500000
v -0.59463239 0.78983217 0.14737368 0.500000 0.500000 0.500000
v -0.66054761 0.74900001 0.04064548 0.500000 0.500000 0.500000
v 0.44471753 0.89214212 0.06590641 0.500000 0.500000 0.500000
v 0.44472533 0.89214188 -0.06587981 0.500000 0.500000 0.500000
v 0.38125744 0.92107612 0.06593551 0.500000 0.500000 0.500000
v 0.38126963 0.92110676 -0.06593024 0.500000 0.500000 0.500000
v 0.55150139 0.82651401 0.10666138 0.500000 0.500000 0.500000
v 0.42194185 0.89597708 0.13167496 0.500000 0.500000 0.500000
v 0.52878344 0.83033407 0.17248935 0.500000 0.500000 0.500000
v 0.55151379 0.82655627 -0.10666115 0.500000 0.500000 0.500000
v 0.42193386 0.89600050 -0.13168961 0.500000 0.500000 0.500000
v 0.52877861 0.83037138 -0.17248644 0.500000 0.500000 0.500000
v 0.61747658 0.78585786 -0.00000068 0.500000 0.500000 0.500000
v 0.59459209 0.78975803 -0.14736474 0.500000 0.500000 0.500000
v 0.66064328 0.74910653 -0.04065140 0.500000 0.500000 0.500000
v 0.59463239 0.78983217 0.14737369 0.500000 0.500000 0.500000
v 0.66054761 0.74900001 0.04064548 0.500000 0.500000 0.500000
v -0.44470969 -0.89213485 0.06590747 0.500000 0.500000 0.500000
v -0.44471961 -0.89213622 -0.06589533 0.500000 0.500000 0.500000
v -0.38126197 -0.92106998 0.06592493 0.500000 0.500000 0.500000
v -0.38127884 -0.92109710 -0.06593262 0.500000 0.500000 0.500000
v -0.55150461 -0.82650834 0.10666151 0.500000 0.500000 0.500000
v -0.42193848 -0.89596283 0.13167544 0.500000 0.500000 0.500000
v -0.52878261 -0.83033425 0.17248994 0.500000 0.500000 0.500000
v -0.55151808 -0.82654190 -0.10666366 0.500000 0.500000 0.500000
v -0.42194051 -0.89600313 -0.13167131 0.500000 0.500000 0.500000
v -0.52877867 -0.83035737 -0.17248029 0.500000 0.500000 0.500000
v -0.61747396 -0.78585541 -0.00000494 0.500000 0.500000 0.500000
v -0.59458447 -0.78976291 -0.14735767 0.500000 0.500000 0.500000
v -0.66064268 -0.74910653 -0.04066040 0.500000 0.500000 0.500000
v -0.59463590 -0.78981787 0.14737763 0.500000 0.500000 0.500000
v -0.66054821 -0.74899244 0.04065244 0.500000 0.500000 0.500000
v 0.44470972 -0.89213479 0.06590747 0.500000 0.500000 0.500000
v 0.44471958 -0.89213628 -0.06589530 0.500000 0.500000 0.500000
v 0.38126194 -0.92106992 0.06592500 0.500000 0.500000 0.500000
v 0.38127884 -0.92109710 -0.06593262 0.500000 0.500000 0.500000
v 0.55150461 -0.82650834 0.10666150 0.500000 0.500000 0.500000
v 0.42193845 -0.89596295 0.13167541 0.500000 0.500000 0.500000
v 0.52878261 -0.83033425 0.17248994 0.500000 0.500000 0.500000
v 0.55151808 -0.82654190 -0.10666366 0.500000 0.500000 0.500000
v 0.42194051 -0.89600319 -0.13167134 0.500000 0.500000 0.500000
v 0.52877867 -0.83035737 -0.17248029 0.500000 0.500000 0.500000
v 0.61747396 -0.78585541 -0.00000500 0.500000 0.500000 0.500000
v 0.59458447 -0.78976291 -0.14735767 0.500000 0.500000 0.500000
v 0.66064268 -0.74910653 -0.04066040 0.500000 0.500000 0.500000
v 0.59463590 -0.78981775 0.14737758 0.500000 0.500000 0.500000
v 0.66054821 -0.74899244 0.04065240 0.500000 0.500000 0.500000
v -0.00000000 -0.61757541 0.78596157 0.499999 0.499999 0.499999
v -0.10669952 -0.55166638 0.82675892 0.499999 0.499999 0.499999
v -1.84063900 -2.46085405 2.54941344 0.499999 0.499999 0.499999
v -0.14739068 -0.59469509 0.78990799 0.499999 0.499999 0.499999
v 0.10669953 -0.55166638 0.82675886 0.499999 0.499999 0.499999
v 1.84063900 -2.46085405 2.54941344 0.499999 0.499999 0.499999
v 0.14739068 -0.59469509 0.78990799 0.499999 0.499999 0.499999
v 0.06595176 -0.44496185 0.89264339 0.500000 0.500000 0.500000
v -0.06595180 -0.44496173 0.89264333 0.500000 0.500000 0.500000
v 0.06596820 -0.38152203 0.92163730 0.500001 0.500001 0.500001
v -0.06596820 -0.38152203 0.92163730 0.500001 0.500001 0.500001
v 0.17251725 -0.52893704 0.83060664 0.499999 0.499999 0.499999
v 0.13178988 -0.42223927 0.89665890 0.500001 0.500001 0.500001
v -0.17251725 -0.52893704 0.83060664 0.499999 0.499999 0.499999
v -0.13178988 -0.42223927 0.89665890 0.500001 0.500001 0.500001
v 0.00000001 0.61758846 0.78596807 0.500000 0.500000 0.500000
v -0.10670053 0.55166745 0.82677042 0.500000 0.500000 0.500000
v -0.04064493 0.66065180 0.74910593 0.500000 0.500000 0.500000
v -0.14739530 0.59471065 0.78993273 0.500000 0.500000 0.500000
v 0.10670051 0.55166739 0.82677042 0.500000 0.500000 0.500000
v 0.04064486 0.66065174 0.74910593 0.500000 0.500000 0.500000
v 0.14739530 0.59471065 0.78993273 0.500000 0.500000 0.500000
v 0.06595361 0.44496596 0.89264518 0.500000 0.500000 0.500000
v -0.06595361 0.44496596 0.89264518 0.500000 0.500000 0.500000
v 0.06598657 0.38151079 0.92164522 0.500000 0.500000 0.500000
v -0.06598657 0.38151079 0.92164522 0.500000 0.500000 0.500000
v 0.17251231 0.52894539 0.83061820 0.500000 0.500000 0.500000
v 0.13177355 0.42225784 0.89666951 0.500000 0.500000 0.500000
v -0.17251231 0.52894545 0.83061820 0.500000 0.500000 0.500000
v -0.13177356 0.42225787 0.89666951 0.500000 0.500000 0.500000
v 0.00000000 -0.61759460 -0.78598702 0.500000 0.500000 0.500000
v -0.10668141 -0.55158520 -0.82663321 0.499999 0.499999 0.499999
v -0.04065471 -0.66061282 -0.74907219 0.500000 0.500000 0.500000
v -0.14737572 -0.59465116 -0.78986448 0.499999 0.499999 0.499999
v 0.10668148 -0.55158514 -0.82663321 0.499999 0.499999 0.499999
v 0.04065471 -0.66061282 -0.74907219 0.500000 0.500000 0.500000
v 0.14737578 -0.59465104 -0.78986442 0.499999 0.499999 0.499999
v 0.06593104 -0.44497949 -0.89268827 0.499999 0.499999 0.499999
v -0.06593104 -0.44497949 -0.89268827 0.499999 0.499999 0.499999
v 0.06595451 -0.38154370 -0.92169273 0.500000 0.500000 0.500000
v -0.06595453 -0.38154379 -0.92169279 0.500000 0.500000 0.500000
v 0.17250712 -0.52887255 -0.83048111 0.499999 0.499999 0.499999
v 0.13172156 -0.42210415 -0.89636219 0.500000 0.500000 0.500000
v -0.17250715 -0.52887237 -0.83048099 0.499999 0.499999 0.499999
v -0.13172156 -0.42210415 -0.89636219 0.500000 0.500000 0.500000
v -0.00000009 0.61754513 -0.78597230 0.500001 0.500001 0.500001
v -0.10666598 0.55157775 -0.82663226 0.500001 0.500001 0.500001
v -0.04064545 0.66060013 -0.74906272 0.500000 0.500000 0.500000
v -0.14737780 0.59465092 -0.78985018 0.500001 0.500001 0.500001
v 0.10666598 0.55157775 -0.82663226 0.500001 0.500001 0.500001
v 0.04064544 0.66060019 -0.74906278 0.500000 0.500000 0.500000
v 0.14737780 0.59465092 -0.78985018 0.500001 0.500001 0.500001
v 0.06592155 0.44496423 -0.89268929 0.500002 0.500002 0.500002
v -0.06592154 0.44496417 -0.89268929 0.500002 0.500002 0.500002
v 0.06595890 0.38153863 -0.92169309 0.500002 0.500002 0.500002
v -0.06595892 0.38153869 -0.92169315 0.500002 0.500002 0.500002
v 0.17251185 0.52886015 -0.83047092 0.500001 0.500001 0.500001
v 0.13171700 0.42209515 -0.89636087 0.500002 0.500002 0.500002
v -0.17251182 0.52886015 -0.83047092 0.500001 0.500001 0.500001
v -0.13171697 0.42209518 -0.89636087 0.500002 0.500002 0.500002
v 0.82685655 0.10668939 -0.55173081 0.500001 0.500000 0.500000
v 0.89252335 0.06592011 -0.44491246 0.500000 0.500000 0.500000
v 0.83068037 0.17253816 -0.52899671 0.500001 0.500000 0.500001
v 0.89626843 0.13172084 -0.42207509 0.500001 0.500000 0.500000
v 0.82686412 -0.10670263 -0.55173337 0.500001 0.500000 0.500000
v 0.89252388 -0.06591756 -0.44491646 0.500000 0.499999 0.500000
v 0.83068585 -0.17254013 -0.52901107 0.500001 0.500000 0.500000
v 0.89626557 -0.13172582 -0.42207447 0.500000 0.500000 0.500000
v 0.78603333 -0.00000041 -0.61761481 0.500000 0.500000 0.500000
v 0.78998399 -0.14740948 -0.59474009 0.500001 0.500000 0.500000
v 0.74908650 -0.04065542 -0.66060114 0.500000 0.499999 0.500000
v 0.78998393 0.14740555 -0.59474796 0.500001 0.500000 0.500000
v 0.74908668 0.04065891 -0.66060686 0.500000 0.500000 0.500000
v 0.92136276 0.06593379 -0.38140199 0.500000 0.500000 0.500000
v 0.92136443 -0.06593115 -0.38140735 0.500000 0.500000 0.500000
v 0.82658565 0.10665336 0.55156076 0.500000 0.500000 0.500000
v 0.89278787 0.06595048 0.44501334 0.500001 0.500001 0.500001
v 0.83042175 0.17249109 0.52882957 0.500001 0.500001 0.500001
v 0.89666122 0.13177462 0.42223212 0.500001 0.500001 0.500001
v 0.82659221 -0.10666125 0.55155116 0.500002 0.500001 0.500001
v 0.89280736 -0.06595100 0.44500470 0.500001 0.500000 0.500001
v 0.83042604 -0.17251521 0.52882183 0.500002 0.500000 0.500001
v 0.89665341 -0.13177897 0.42224303 0.500001 0.500000 0.500000
v 0.78602892 0.00000263 0.61762697 0.500001 0.500001 0.500001
v 0.78990674 -0.14739333 0.59470397 0.500002 0.500000 0.500001
v 0.74925369 -0.04066036 0.66076833 0.500001 0.500001 0.500001
v 0.78990096 0.14736888 0.59470290 0.500001 0.500001 0.500001
v 0.74926007 0.04066941 0.66077030 0.500001 0.500001 0.500001
v 0.92181104 0.06598967 0.38158900 0.500002 0.500001 0.500001
v 0.92181200 -0.06598023 0.38158795 0.500001 0.500000 0.500000
v -0.82685655 0.10668939 -0.55173081 0.500001 0.500001 0.500001
v -0.89252335 0.06592011 -0.44491249 0.500001 0.500001 0.500001
v -0.83068037 0.17253816 -0.52899671 0.500001 0.500001 0.500001
v -0.89626843 0.13172084 -0.42207512 0.500001 0.500001 0.500001
v -0.82686412 -0.10670263 -0.55173337 0.500001 0.500001 0.500001
v -0.89252388 -0.06591756 -0.44491646 0.500001 0.500001 0.500001
v -0.83068585 -0.17254013 -0.52901107 0.500001 0.500001 0.500001
v -0.89626557 -0.13172582 -0.42207444 0.500001 0.500001 0.500001
v -0.78603333 -0.00000042 -0.61761481 0.500000 0.500000 0.500000
v -0.78998399 -0.14740948 -0.59474009 0.500001 0.500001 0.500001
v -0.74908650 -0.04065542 -0.66060108 0.500001 0.500001 0.500001
v -0.78998393 0.14740555 -0.59474796 0.500001 0.500001 0.500001
v -0.74908668 0.04065891 -0.66060686 0.500001 0.500001 0.500001
v -0.92136276 0.06593379 -0.38140199 0.500000 0.500000 0.500000
v -0.92136443 -0.06593122 -0.38140738 0.500001 0.500001 0.500001
v -0.82658565 0.10665336 0.55156076 0.500000 0.500000 0.500000
v -0.89278793 0.06595048 0.44501334 0.500000 0.500000 0.500000
v -0.83042175 0.17249107 0.52882957 0.500001 0.500001 0.500001
v -0.89666122 0.13177462 0.42223212 0.500000 0.500000 0.500000
v -0.82659221 -0.10666125 0.55155116 0.500001 0.500001 0.500001
v -0.89280742 -0.06595101 0.44500467 0.500000 0.500000 0.500000
v -0.83042604 -0.17251521 0.52882183 0.500002 0.500002 0.500002
v -0.89665341 -0.13177897 0.42224303 0.500001 0.500001 0.500001
v -0.78602892 0.00000263 0.61762697 0.500000 0.500000 0.500000
v -0.78990674 -0.14739333 0.59470397 0.500001 0.500001 0.500001
v -0.74925369 -0.04066035 0.66076833 0.500000 0.500000 0.500000
v -0.78990096 0.14736888 0.59470290 0.500001 0.500001 0.500001
v -0.74926007 0.04066941 0.66077030 0.500000 0.500000 0.500000
v -0.92181104 0.06598967 0.38158900 0.500000 0.500000 0.500000
v -0.92181200 -0.06598012 0.38158798 0.500000 0.500000 0.500000
v -0.11039853 0.99156350 0.06671276 0.500000 0.500000 0.500000
v -0.11040011 0.99156326 -0.06671213 0.500000 0.500000 0.500000
v -0.17938143 0.98146492 0.06661338 0.500000 0.500000 0.500000
v -0.17938550 0.98146218 -0.06661370 0.500000 0.500000 0.500000
v 0.11039853 0.99156350 0.06671276 0.500000 0.500000 0.500000
v 0.11040011 0.99156326 -0.06671213 0.500000 0.500000 0.500000
v 0.17938143 0.98146492 0.06661338 0.500000 0.500000 0.500000
v 0.17938550 0.98146218 -0.06661370 0.500000 0.500000 0.500000
v -0.00000000 0.99097377 0.13355596 0.500000 0.500000 0.500000
v -0.15160145 0.97939044 0.13318260 0.500000 0.500000 0.500000
v -0.04131183 0.97881424 0.20027484 0.500000 0.500000 0.500000
v -0.00000000 0.99097818 -0.13353866 0.500000 0.500000 0.500000
v -0.15159994 0.97938627 -0.13318658 0.500000 0.500000 0.500000
v -0.04130467 0.97880453 -0.20028459 0.500000 0.500000 0.500000
v 0.15160145 0.97939044 0.13318260 0.500000 0.500000 0.500000
v 0.04131184 0.97881436 0.20027481 0.500000 0.500000 0.500000
v 0.15159994 0.97938627 -0.13318658 0.500000 0.500000 0.500000
v 0.04130467 0.97880453 -0.20028459 0.500000 0.500000 0.500000
v -0.30738574 0.86902994 0.38562101 0.500000 0.500000 0.500000
v -0.41535968 0.80257624 0.42689541 0.500000 0.500000 0.500000
v -0.33878163 0.88204688 0.32475746 0.500000 0.500000 0.500000
v -0.44664446 0.81577283 0.36602980 0.500000 0.500000 0.500000
v -0.19713184 0.80106032 0.56425452 0.500000 0.500000 0.500000
v -0.30500972 0.73436946 0.60544199 0.500000 0.500000 0.500000
v -0.15963010 0.77158177 0.61505234 0.500000 0.500000 0.500000
v -0.26738751 0.70505947 0.65629780 0.500000 0.500000 0.500000
v -0.19802332 0.86777860 0.45388028 0.500000 0.500000 0.500000
v -0.27044278 0.90497750 0.32560876 0.500000 0.500000 0.500000
v -0.16092612 0.90381163 0.39371657 0.500000 0.500000 0.500000
v -0.41410878 0.73465943 0.53658271 0.500000 0.500000 0.500000
v -0.48597750 0.77231133 0.40801924 0.500000 0.500000 0.500000
v -0.48495638 0.70424992 0.51769245 0.500000 0.500000 0.500000
v -0.11902959 0.81171203 0.57096368 0.500000 0.500000 0.500000
v -0.11968511 0.87846297 0.46055466 0.500000 0.500000 0.500000
v -0.33444476 0.67864442 0.65328091 0.500000 0.500000 0.500000
v -0.44371918 0.67878717 0.58457559 0.500000 0.500000 0.500000
v -0.30732453 0.86878073 -0.38549164 0.500000 0.500000 0.500000
v -0.41531682 0.80246168 -0.42684892 0.500000 0.500000 0.500000
v -0.33878228 0.88200271 -0.32476181 0.500000 0.500000 0.500000
v -0.44655061 0.81558919 -0.36593124 0.500000 0.500000 0.500000
v -0.19713542 0.80107433 -0.56427521 0.500000 0.500000 0.500000
v -0.30505556 0.73446167 -0.60554725 0.500000 0.500000 0.500000
v -0.15961011 0.77155483 -0.61504096 0.500000 0.500000 0.500000
v -0.26738289 0.70498168 -0.65622908 0.500000 0.500000 0.500000
v -0.19801438 0.86765838 -0.45384827 0.500000 0.500000 0.500000
v -0.27041936 0.90482515 -0.32554975 0.500000 0.500000 0.500000
v -0.16086668 0.90363979 -0.39363417 0.500000 0.500000 0.500000
v -0.41401845 0.73450500 -0.53647721 0.500000 0.500000 0.500000
v -0.48594263 0.77221930 -0.40799630 0.500000 0.500000 0.500000
v -0.48496991 0.70422310 -0.51768804 0.500000 0.500000 0.500000
v -0.11904240 0.81167287 -0.57095408 0.500000 0.500000 0.500000
v -0.11966664 0.87832600 -0.46049491 0.500000 0.500000 0.500000
v -0.33448505 0.67869306 -0.65334642 0.500000 0.500000 0.500000
v -0.44362298 0.67864221 -0.58447027 0.500000 0.500000 0.500000
v -0.73436111 0.60546774 -0.30502725 0.500000 0.500000 0.500000
v -0.80123764 0.56436330 -0.19718620 0.500000 0.500000 0.500000
v -0.70499605 0.65623504 -0.26738182 0.500000 0.500000 0.500000
v -0.77163792 0.61512357 -0.15961818 0.500000 0.500000 0.500000
v -0.80261493 0.42690888 -0.41540486 0.500001 0.500001 0.500001
v -0.86932957 0.38571113 -0.30747277 0.500000 0.500000 0.500000
v -0.81590652 0.36608416 -0.44673815 0.500001 0.500001 0.500001
v -0.88228768 0.32482705 -0.33886054 0.500001 0.500001 0.500001
v -0.73460931 0.53648990 -0.41409039 0.500000 0.500000 0.500000
v -0.67855442 0.65324479 -0.33440587 0.500000 0.500000 0.500000
v -0.67874688 0.58449900 -0.44368544 0.500000 0.500000 0.500000
v -0.86832434 0.45413232 -0.19813979 0.500000 0.500000 0.500000
v -0.81182134 0.57106078 -0.11906261 0.500000 0.500000 0.500000
v -0.87890399 0.46076173 -0.11973945 0.500000 0.500000 0.500000
v -0.77252835 0.40814519 -0.48611841 0.500000 0.500000 0.500000
v -0.70435292 0.51775998 -0.48502284 0.500001 0.500001 0.500001
v -0.90561944 0.32583603 -0.27064416 0.500000 0.500000 0.500000
v -0.90455604 0.39402208 -0.16107088 0.500001 0.500001 0.500001
v -0.73452049 0.60557204 0.30508518 0.500000 0.500000 0.500000
v -0.80114645 0.56432140 0.19716723 0.500000 0.500000 0.500000
v -0.70501542 0.65625119 0.26735419 0.500000 0.500000 0.500000
v -0.77164090 0.61511523 0.15963031 0.500000 0.500000 0.500000
v -0.80280924 0.42698738 0.41545668 0.500000 0.500000 0.500000
v -0.86946207 0.38578749 0.30755538 0.500000 0.500000 0.500000
v -0.81597626 0.36611468 0.44673032 0.500000 0.500000 0.500000
v -0.88266766 0.32496029 0.33902797 0.500001 0.500001 0.500001
v -0.73464847 0.53655422 0.41406080 0.500000 0.500000 0.500000
v -0.67866856 0.65331453 0.33445257 0.500000 0.500000 0.500000
v -0.67876965 0.58454686 0.44367734 0.500000 0.500000 0.500000
v -0.86801130 0.45397192 0.19805726 0.500000 0.500000 0.500000
v -0.81185508 0.57108408 0.11907206 0.500000 0.500000 0.500000
v -0.87908387 0.46082488 0.11974226 0.500000 0.500000 0.500000
v -0.77228677 0.40801352 0.48594376 0.500000 0.500000 0.500000
v -0.70418912 0.51765978 0.48495376 0.500000 0.500000 0.500000
v -0.90544921 0.32576889 0.27060297 0.500001 0.500001 0.500001
v -0.90452850 0.39400923 0.16103409 0.500001 0.500001 0.500001
v 0.30738574 0.86902994 0.38562101 0.500000 0.500000 0.500000
v 0.41535968 0.80257624 0.42689541 0.500000 0.500000 0.500000
v 0.33878163 0.88204688 0.32475746 0.500000 0.500000 0.500000
v 0.44664446 0.81577283 0.36602980 0.500000 0.500000 0.500000
v 0.19713184 0.80106032 0.56425452 0.500000 0.500000 0.500000
v 0.30500978 0.73436934 0.60544193 0.500000 0.500000 0.500000
v 0.15963013 0.77158177 0.61505234 0.500000 0.500000 0.500000
v 0.26738754 0.70505947 0.65629780 0.500000 0.500000 0.500000
v 0.19802332 0.86777860 0.45388028 0.500000 0.500000 0.500000
v 0.27044278 0.90497750 0.32560873 0.500000 0.500000 0.500000
v 0.16092612 0.90381163 0.39371657 0.500000 0.500000 0.500000
v 0.11902960 0.81171203 0.57096368 0.500000 0.500000 0.500000
v 0.11968511 0.87846297 0.46055466 0.500000 0.500000 0.500000
v 0.41410878 0.73465937 0.53658271 0.500000 0.500000 0.500000
v 0.48597750 0.77231133 0.40801924 0.500000 0.500000 0.500000
v 0.48495638 0.70424992 0.51769245 0.500000 0.500000 0.500000
v 0.33444482 0.67864454 0.65328085 0.500000 0.500000 0.500000
v 0.44371918 0.67878717 0.58457559 0.500000 0.500000 0.500000
v 0.30732453 0.86878073 -0.38549164 0.500000 0.500000 0.500000
v 0.41531679 0.80246174 -0.42684895 0.500000 0.500000 0.500000
v 0.33878228 0.88200271 -0.32476181 0.500000 0.500000 0.500000
v 0.44655061 0.81558919 -0.36593124 0.500000 0.500000 0.500000
v 0.19713551 0.80107456 -0.56427521 0.500000 0.500000 0.500000
v 0.30505553 0.73446167 -0.60554725 0.500000 0.500000 0.500000
v 0.15961006 0.77155495 -0.61504096 0.500000 0.500000 0.500000
v 0.26738292 0.70498163 -0.65622908 0.500000 0.500000 0.500000
v 0.19801387 0.86765659 -0.45384729 0.500000 0.500000 0.500000
v 0.27041936 0.90482515 -0.32554975 0.500000 0.500000 0.500000
v 0.16086666 0.90363973 -0.39363414 0.500000 0.500000 0.500000
v 0.11904239 0.81167287 -0.57095408 0.500000 0.500000 0.500000
v 0.11966664 0.87832600 -0.46049491 0.500000 0.500000 0.500000
v 0.41401845 0.73450500 -0.53647721 0.500000 0.500000 0.500000
v 0.48594263 0.77221930 -0.40799630 0.500000 0.500000 0.500000
v 0.48496991 0.70422310 -0.51768798 0.500000 0.500000 0.500000
v 0.33448508 0.67869306 -0.65334636 0.500000 0.500000 0.500000
v 0.44362295 0.67864227 -0.58447027 0.500000 0.500000 0.500000
v 0.73436111 0.60546774 -0.30502725 0.500000 0.500000 0.500000
v 0.80123764 0.56436330 -0.19718623 0.500000 0.500000 0.500000
v 0.70499605 0.65623504 -0.26738182 0.500000 0.500000 0.500000
v 0.77163798 0.61512357 -0.15961818 0.500000 0.500000 0.500000
v 0.80261493 0.42690888 -0.41540483 0.500001 0.500000 0.500000
v 0.86932945 0.38571119 -0.30747268 0.500000 0.500000 0.500000
v 0.81590652 0.36608416 -0.44673812 0.500001 0.500000 0.500000
v 0.88228768 0.32482696 -0.33886072 0.500001 0.500001 0.500001
v 0.73460925 0.53648990 -0.41409042 0.500000 0.500000 0.500000
v 0.67855442 0.65324479 -0.33440587 0.500000 0.500000 0.500000
v 0.67874688 0.58449900 -0.44368544 0.500000 0.500000 0.500000
v 0.86832428 0.45413247 -0.19813985 0.500000 0.500000 0.500000
v 0.81182134 0.57106078 -0.11906261 0.500000 0.500000 0.500000
v 0.87890399 0.46076173 -0.11973945 0.500000 0.500000 0.500000
v 0.77252835 0.40814519 -0.48611838 0.500000 0.500000 0.500000
v 0.70435292 0.51775998 -0.48502281 0.500001 0.500000 0.500000
v 0.90561944 0.32583603 -0.27064413 0.500000 0.500000 0.500000
v 0.90455604 0.39402208 -0.16107087 0.500001 0.500000 0.500000
v 0.73452055 0.60557204 0.30508518 0.500000 0.500000 0.500000
v 0.80114645 0.56432140 0.19716723 0.500000 0.500000 0.500000
v 0.70501542 0.65625119 0.26735419 0.500000 0.500000 0.500000
v 0.77164096 0.61511528 0.15963028 0.500000 0.500000 0.500000
v 0.80280924 0.42698741 0.41545668 0.500000 0.500000 0.500000
v 0.86946207 0.38578749 0.30755535 0.500000 0.500000 0.500000
v 0.81597626 0.36611471 0.44673032 0.500000 0.500000 0.500000
v 0.88266766 0.32496029 0.33902797 0.500001 0.500000 0.500000
v 0.73464847 0.53655422 0.41406080 0.500000 0.500000 0.500000
v 0.67866856 0.65331453 0.33445254 0.500000 0.500000 0.500000
v 0.67876965 0.58454686 0.44367734 0.500000 0.500000 0.500000
v 0.86801136 0.45397231 0.19805713 0.500000 0.500000 0.500000
v 0.81185508 0.57108408 0.11907206 0.500000 0.500000 0.500000
v 0.87908387 0.46082488 0.11974228 0.500000 0.500000 0.500000
v 0.77228683 0.40801352 0.48594376 0.500000 0.500000 0.500000
v 0.70418912 0.51765978 0.48495376 0.500000 0.500000 0.500000
v 0.90544921 0.32576889 0.27060297 0.500001 0.500000 0.500001
v 0.90452850 0.39400917 0.16103409 0.500001 0.500001 0.500001
v -0.11040145 -0.99156028 0.06671045 0.500000 0.500000 0.500000
v -0.11039798 -0.99156457 -0.06671362 0.500000 0.500000 0.500000
v -0.17938098 -0.98146307 0.06661308 0.500000 0.500000 0.500000
v -0.17938706 -0.98145926 -0.06661370 0.500000 0.500000 0.500000
v 0.11040145 -0.99156028 0.06671045 0.500000 0.500000 0.500000
v 0.11039798 -0.99156457 -0.06671362 0.500000 0.500000 0.500000
v 0.17938098 -0.98146307 0.06661308 0.500000 0.500000 0.500000
v 0.17938706 -0.98145926 -0.06661370 0.500000 0.500000 0.500000
v -0.00000000 -0.99097300 0.13355629 0.500000 0.500000 0.500000
v -0.15160182 -0.97938496 0.13318007 0.500000 0.500000 0.500000
v -0.04131706 -0.97880542 0.20027655 0.500000 0.500000 0.500000
v 0.00000000 -0.99096882 -0.13354078 0.500000 0.500000 0.500000
v -0.15159875 -0.97938859 -0.13318884 0.500000 0.500000 0.500000
v -0.04130706 -0.97879946 -0.20028426 0.500000 0.500000 0.500000
v 0.15160182 -0.97938496 0.13318007 0.500000 0.500000 0.500000
v 0.04131706 -0.97880542 0.20027655 0.500000 0.500000 0.500000
v 0.15159875 -0.97938859 -0.13318884 0.500000 0.500000 0.500000
v 0.04130705 -0.97879946 -0.20028424 0.500000 0.500000 0.500000
v -0.30845582 -0.87191463 0.38704476 0.500000 0.500000 0.500000
v -0.41535974 -0.80258077 0.42689875 0.500000 0.500000 0.500000
v -0.33879131 -0.88205159 0.32476771 0.500000 0.500000 0.500000
v -0.44663423 -0.81576091 0.36602548 0.500000 0.500000 0.500000
v -1.99725926 -2.60149264 2.36453366 0.500000 0.500000 0.500000
v -0.30521077 -0.73489404 0.60587865 0.499999 0.499999 0.499999
v -1.95960081 -2.57182503 2.41547823 0.499999 0.499999 0.499999
v -0.26749313 -0.70531255 0.65651715 0.499999 0.499999 0.499999
v -1.99821186 -2.66852903 2.25427866 0.500000 0.500000 0.500000
v -0.27046466 -0.90500391 0.32562524 0.500000 0.500000 0.500000
v 1.63900590 0.89516526 -1.40584886 0.500000 0.500000 0.500000
v -0.41412291 -0.73471493 0.53662014 0.500000 0.500000 0.500000
v -0.48596150 -0.77227378 0.40800542 0.500000 0.500000 0.500000
v -0.25340408 -0.40330502 0.28218836 0.500000 0.500000 0.500000
v 1.68093085 0.98784328 -1.22883964 0.500000 0.500000 0.500000
v -0.11969510 -0.87854236 0.46060100 0.500000 0.500000 0.500000
v -0.33452776 -0.67886937 0.65350044 0.499999 0.499999 0.499999
v -0.44373086 -0.67880696 0.58459395 0.500000 0.500000 0.500000
v -0.30731535 -0.86878061 -0.38550100 0.500000 0.500000 0.500000
v -0.41531932 -0.80247164 -0.42684242 0.500000 0.500000 0.500000
v -0.33879000 -0.88200194 -0.32475591 0.500000 0.500000 0.500000
v -0.44654977 -0.81559151 -0.36593571 0.500000 0.500000 0.500000
v -0.19714831 -0.80107880 -0.56427824 0.500000 0.500000 0.500000
v -0.30507061 -0.73446900 -0.60554850 0.500000 0.500000 0.500000
v -0.15961207 -0.77157760 -0.61504769 0.500000 0.500000 0.500000
v -0.26738790 -0.70501029 -0.65623844 0.500000 0.500000 0.500000
v -0.19800664 -0.86766976 -0.45384222 0.500000 0.500000 0.500000
v -0.27042502 -0.90483320 -0.32554671 0.500000 0.500000 0.500000
v -0.16086131 -0.90362912 -0.39363673 0.500000 0.500000 0.500000
v -0.41402116 -0.73452407 -0.53647858 0.500000 0.500000 0.500000
v -0.48594359 -0.77222538 -0.40800333 0.500000 0.500000 0.500000
v -0.48497075 -0.70425057 -0.51769823 0.500000 0.500000 0.500000
v -0.11903409 -0.81167263 -0.57096344 0.500000 0.500000 0.500000
v -0.11967331 -0.87833649 -0.46049145 0.500000 0.500000 0.500000
v -0.33449033 -0.67870224 -0.65335584 0.500000 0.500000 0.500000
v -0.44363397 -0.67866707 -0.58446008 0.500000 0.500000 0.500000
v -0.73437136 -0.60546523 -0.30502379 0.500000 0.500000 0.500000
v -0.80123174 -0.56437409 -0.19717258 0.500000 0.500000 0.500000
v -0.70499456 -0.65625370 -0.26736981 0.500000 0.500000 0.500000
v -0.77164006 -0.61510849 -0.15962419 0.500000 0.500000 0.500000
v -0.80261582 -0.42690402 -0.41540635 0.499999 0.499999 0.499999
v -0.86932486 -0.38571626 -0.30746558 0.500000 0.500000 0.500000
v -0.81590867 -0.36607492 -0.44673502 0.500000 0.500000 0.500000
v -0.88229537 -0.32483083 -0.33884779 0.500001 0.500001 0.500001
v -0.73461020 -0.53650987 -0.41409171 0.499999 0.499999 0.499999
v -0.67855889 -0.65323842 -0.33440632 0.500000 0.500000 0.500000
v -0.67873627 -0.58449799 -0.44368342 0.500000 0.500000 0.500000
v -0.86831409 -0.45415020 -0.19812180 0.499999 0.499999 0.499999
v -0.81180894 -0.57104343 -0.11905275 0.500000 0.500000 0.500000
v -0.87890881 -0.46077797 -0.11974739 0.499999 0.499999 0.499999
v -0.77252728 -0.40814272 -0.48613134 0.500000 0.500000 0.500000
v -0.70434618 -0.51774436 -0.48501626 0.499999 0.499999 0.499999
v -0.90562516 -0.32582742 -0.27063262 0.500001 0.500001 0.500001
v -0.90456665 -0.39400461 -0.16106257 0.500000 0.500000 0.500000
v -0.73451823 -0.60556382 0.30506921 0.500000 0.500000 0.500000
v -0.80115050 -0.56432533 0.19715877 0.499999 0.499999 0.499999
v -0.70501542 -0.65625739 0.26736861 0.500000 0.500000 0.500000
v -0.77164215 -0.61509448 0.15962808 0.500000 0.500000 0.500000
v -0.80280006 -0.42698756 0.41545379 0.499999 0.499999 0.499999
v -0.86945844 -0.38577294 0.30755910 0.500000 0.500000 0.500000
v -0.81596583 -0.36611050 0.44674361 0.500001 0.500001 0.500001
v -0.88265026 -0.32497475 0.33902097 0.500001 0.500001 0.500001
v -0.73463613 -0.53654915 0.41407496 0.499999 0.499999 0.499999
v -0.67865920 -0.65330577 0.33445781 0.500000 0.500000 0.500000
v -0.67876232 -0.58452326 0.44368353 0.499999 0.499999 0.499999
v -0.86801779 -0.45399287 0.19806057 0.499999 0.499999 0.499999
v -0.81184053 -0.57108033 0.11907051 0.500000 0.500000 0.500000
v -0.87908053 -0.46083811 0.11974753 0.499999 0.499999 0.499999
v -0.77228528 -0.40800855 0.48595113 0.500000 0.500000 0.500000
v -0.70419163 -0.51767576 0.48493770 0.499999 0.499999 0.499999
v -0.90545106 -0.32577434 0.27061653 0.500001 0.500001 0.500001
v -0.90453172 -0.39399764 0.16102375 0.500000 0.500000 0.500000
v 0.30538127 -0.86352879 0.38286719 0.500000 0.500000 0.500000
v 0.41535974 -0.80258077 0.42689875 0.500000 0.500000 0.500000
v 0.33879137 -0.88205165 0.32476777 0.500000 0.500000 0.500000
v 0.44663420 -0.81576079 0.36602554 0.500000 0.500000 0.500000
v -1.60274065 0.99850732 -1.23546624 0.500000 0.500000 0.500000
v 0.30521336 -0.73489964 0.60588342 0.499999 0.499999 0.499999
v -1.64039910 1.02817488 -1.18452156 0.499999 0.499999 0.499999
v 0.26749378 -0.70531386 0.65651816 0.499999 0.499999 0.499999
v 1.99821186 -2.66852903 2.25427866 0.500000 0.500000 0.500000
v 0.27046454 -0.90500391 0.32562530 0.500000 0.500000 0.500000
v -1.63900590 0.89516526 -1.40584886 0.500000 0.500000 0.500000
v 1.91906905 -2.61215663 2.37116027 0.500000 0.500000 0.500000
v 0.11969509 -0.87854207 0.46060079 0.500000 0.500000 0.500000
v 0.41412348 -0.73471624 0.53662121 0.500000 0.500000 0.500000
v 0.48598588 -0.77231121 0.40802759 0.500000 0.500000 0.500000
v 0.27689326 -0.43380705 0.30605569 0.500000 0.500000 0.500000
v 0.33452794 -0.67886984 0.65350062 0.499999 0.499999 0.499999
v 0.44373089 -0.67880702 0.58459401 0.500000 0.500000 0.500000
v 0.30731538 -0.86878061 -0.38550100 0.500000 0.500000 0.500000
v 0.41531935 -0.80247164 -0.42684242 0.500000 0.500000 0.500000
v 0.33878994 -0.88200188 -0.32475600 0.500000 0.500000 0.500000
v 0.44654974 -0.81559157 -0.36593571 0.500000 0.500000 0.500000
v 0.19714832 -0.80107880 -0.56427824 0.500000 0.500000 0.500000
v 0.30507061 -0.73446900 -0.60554850 0.500000 0.500000 0.500000
v 0.15961210 -0.77157754 -0.61504769 0.500000 0.500000 0.500000
v 0.26738784 -0.70501029 -0.65623844 0.500000 0.500000 0.500000
v 0.19800681 -0.86766988 -0.45384216 0.500000 0.500000 0.500000
v 0.27042502 -0.90483320 -0.32554671 0.500000 0.500000 0.500000
v 0.16086152 -0.90362906 -0.39363658 0.500000 0.500000 0.500000
v 0.11903410 -0.81167269 -0.57096344 0.500000 0.500000 0.500000
v 0.11967333 -0.87833649 -0.46049145 0.500000 0.500000 0.500000
v 0.41402116 -0.73452407 -0.53647858 0.500000 0.500000 0.500000
v 0.48594359 -0.77222538 -0.40800333 0.500000 0.500000 0.500000
v 0.48497075 -0.70425057 -0.51769823 0.500000 0.500000 0.500000
v 0.33449033 -0.67870224 -0.65335584 0.500000 0.500000 0.500000
v 0.44363397 -0.67866707 -0.58446008 0.500000 0.500000 0.500000
v 0.73437136 -0.60546523 -0.30502379 0.500000 0.500000 0.500000
v 0.80123174 -0.56437409 -0.19717258 0.500000 0.500000 0.500000
v 0.70499456 -0.65625370 -0.26736981 0.500000 0.500000 0.500000
v 0.77164006 -0.61510849 -0.15962419 0.500000 0.500000 0.500000
v 0.80261582 -0.42690402 -0.41540635 0.499999 0.499999 0.499999
v 0.86932486 -0.38571626 -0.30746558 0.500000 0.500000 0.500000
v 0.81590867 -0.36607492 -0.44673502 0.500000 0.500000 0.500000
v 0.88229537 -0.32483083 -0.33884779 0.500001 0.500000 0.500000
v 0.73461026 -0.53650981 -0.41409165 0.499999 0.499999 0.499999
v 0.67855889 -0.65323842 -0.33440632 0.500000 0.500000 0.500000
v 0.67873627 -0.58449799 -0.44368342 0.500000 0.500000 0.500000
v 0.86831415 -0.45415023 -0.19812176 0.499999 0.499999 0.499999
v 0.81180900 -0.57104343 -0.11905277 0.500000 0.500000 0.500000
v 0.87890881 -0.46077794 -0.11974741 0.499999 0.499999 0.499999
v 0.77252728 -0.40814272 -0.48613134 0.500000 0.499999 0.500000
v 0.70434618 -0.51774436 -0.48501626 0.499999 0.499999 0.499999
v 0.90562516 -0.32582742 -0.27063262 0.500001 0.500000 0.500000
v 0.90456671 -0.39400476 -0.16106258 0.500000 0.499999 0.499999
v 0.73451823 -0.60556382 0.30506921 0.500000 0.500000 0.500000
v 0.80115050 -0.56432533 0.19715877 0.499999 0.499999 0.499999
v 0.70501542 -0.65625739 0.26736861 0.500000 0.500000 0.500000
v 0.77164215 -0.61509448 0.15962808 0.500000 0.500000 0.500000
v 0.80280006 -0.42698756 0.41545379 0.499999 0.499999 0.499999
v 0.86945844 -0.38577291 0.30755910 0.500001 0.500000 0.500000
v 0.81596583 -0.36611050 0.44674361 0.500001 0.500000 0.500000
v 0.88265026 -0.32497469 0.33902097 0.500001 0.500000 0.500000
v 0.73463613 -0.53654921 0.41407496 0.499999 0.499999 0.499999
v 0.67865920 -0.65330577 0.33445781 0.500000 0.500000 0.500000
v 0.67876232 -0.58452326 0.44368351 0.499999 0.499999 0.499999
v 0.86801779 -0.45399287 0.19806057 0.499999 0.499999 0.499999
v 0.81184053 -0.57108033 0.11907050 0.500000 0.500000 0.500000
v 0.87908053 -0.46083811 0.11974752 0.499999 0.499999 0.499999
v 0.77228528 -0.40800852 0.48595113 0.500000 0.499999 0.500000
v 0.70419163 -0.51767576 0.48493767 0.499999 0.499999 0.499999
v 0.90545106 -0.32577434 0.27061656 0.500001 0.500000 0.500000
v 0.90453172 -0.39399764 0.16102374 0.500000 0.500000 0.500000
v 0.06670682 -0.11038096 0.99125069 0.500002 0.500002 0.500002
v -0.06670681 -0.11038095 0.99125069 0.500002 0.500002 0.500002
v 0.06662345 -0.17933600 0.98119289 0.500001 0.500001 0.500001
v -0.06662344 -0.17933600 0.98119289 0.500001 0.500001 0.500001
v 0.06669243 0.11035147 0.99125534 0.500000 0.500000 0.500000
v -0.06669243 0.11035145 0.99125534 0.500000 0.500000 0.500000
v 0.06660704 0.17932402 0.98119408 0.500000 0.500000 0.500000
v -0.06660704 0.17932402 0.98119408 0.500001 0.500001 0.500001
v 0.13354269 -0.00000682 0.99082792 0.500001 0.500001 0.500001
v 0.13316309 -0.15158589 0.97930139 0.500002 0.500002 0.500002
v 0.20025679 -0.04129376 0.97870666 0.500001 0.500001 0.500001
v -0.13354266 -0.00000693 0.99082786 0.500001 0.500001 0.500001
v -0.13316311 -0.15158589 0.97930139 0.500002 0.500002 0.500002
v -0.20025679 -0.04129373 0.97870666 0.500001 0.500001 0.500001
v 0.13317910 0.15157145 0.97929966 0.500000 0.500000 0.500000
v 0.20026986 0.04128240 0.97870189 0.500001 0.500001 0.500001
v -0.13317910 0.15157145 0.97929966 0.500000 0.500000 0.500000
v -0.20026988 0.04128241 0.97870189 0.500001 0.500001 0.500001
v 0.42704827 -0.41551992 0.80286020 0.500001 0.500000 0.500000
v 0.38578442 -0.30753931 0.86946148 0.500001 0.500001 0.500001
v 0.36613640 -0.44676617 0.81596494 0.500000 0.500000 0.500000
v 0.32489443 -0.33892271 0.88241041 0.500001 0.500001 0.500001
v 0.60547888 -0.30504695 0.73440266 0.500002 0.500000 0.500001
v 0.56430435 -0.19714981 0.80115706 0.500002 0.500001 0.500001
v 0.65635079 -0.26741004 0.70510119 0.500002 0.500000 0.500001
v 0.61505419 -0.15961486 0.77155781 0.500002 0.500001 0.500001
v 0.53648227 -0.41405103 0.73459202 0.500001 0.500000 0.500000
v 0.40813777 -0.48609608 0.77250355 0.499999 0.499999 0.499999
v 0.51762044 -0.48492464 0.70419514 0.499999 0.499999 0.499999
v 0.65343094 -0.33450508 0.67876238 0.500001 0.500000 0.500000
v 0.58452439 -0.44366741 0.67870420 0.500000 0.499999 0.499999
v 0.45419449 -0.19816130 0.86836946 0.500001 0.500001 0.500001
v 0.32576072 -0.27057126 0.90539473 0.500001 0.500001 0.500001
v 0.39403477 -0.16103622 0.90454370 0.500002 0.500001 0.500001
v 0.57101911 -0.11906067 0.81180257 0.500002 0.500001 0.500001
v 0.46091264 -0.11976971 0.87915581 0.500002 0.500001 0.500001
v -0.42704827 -0.41551992 0.80286020 0.500001 0.500001 0.500001
v -0.38578451 -0.30753943 0.86946148 0.500001 0.500001 0.500001
v -0.36613640 -0.44676617 0.81596494 0.500000 0.500000 0.500000
v -0.32489446 -0.33892271 0.88241041 0.500001 0.500001 0.500001
v -0.60547888 -0.30504695 0.73440266 0.500001 0.500001 0.500001
v -0.56430435 -0.19714981 0.80115706 0.500001 0.500001 0.500001
v -0.65635079 -0.26741004 0.70510119 0.500001 0.500001 0.500001
v -0.61505419 -0.15961486 0.77155781 0.500001 0.500001 0.500001
v -0.53648227 -0.41405097 0.73459202 0.500000 0.500000 0.500000
v -0.40813777 -0.48609608 0.77250355 0.499999 0.499999 0.499999
v -0.51762044 -0.48492461 0.70419514 0.499999 0.499999 0.499999
v -0.65343094 -0.33450508 0.67876232 0.500001 0.500001 0.500001
v -0.58452439 -0.44366738 0.67870420 0.499999 0.499999 0.499999
v -0.45419449 -0.19816129 0.86836946 0.500001 0.500001 0.500001
v -0.32576072 -0.27057126 0.90539473 0.500001 0.500001 0.500001
v -0.39403477 -0.16103622 0.90454370 0.500002 0.500002 0.500002
v -0.57101911 -0.11906067 0.81180257 0.500001 0.500001 0.500001
v -0.46091264 -0.11976971 0.87915581 0.500001 0.500001 0.500001
v 0.42704466 0.41550133 0.80287248 0.500000 0.500000 0.500000
v 0.38577795 0.30752811 0.86947304 0.500001 0.500001 0.500001
v 0.36613199 0.44676366 0.81597072 0.500000 0.500000 0.500000
v 0.32490751 0.33891940 0.88239861 0.500001 0.500001 0.500001
v 0.60546863 0.30504316 0.73441970 0.500001 0.500001 0.500001
v 0.56429291 0.19712336 0.80115098 0.500001 0.500001 0.500001
v 0.65635973 0.26739672 0.70507932 0.500001 0.500000 0.500000
v 0.61505395 0.15960826 0.77157032 0.500001 0.500001 0.500001
v 0.53646863 0.41403732 0.73460293 0.500000 0.500000 0.500000
v 0.40813485 0.48610225 0.77251214 0.500000 0.500000 0.500000
v 0.51761115 0.48489454 0.70420647 0.500000 0.500000 0.500000
v 0.65343142 0.33453268 0.67876232 0.500001 0.500000 0.500000
v 0.58452535 0.44366616 0.67872041 0.500000 0.500000 0.500000
v 0.45419532 0.19818673 0.86837512 0.500001 0.500001 0.500001
v 0.32576105 0.27054355 0.90539271 0.500001 0.500001 0.500001
v 0.39404005 0.16104119 0.90455019 0.500000 0.500000 0.500000
v 0.57101619 0.11906099 0.81180477 0.500001 0.500001 0.500001
v 0.46091333 0.11977416 0.87917173 0.500000 0.500000 0.500000
v -0.42704466 0.41550133 0.80287248 0.500000 0.500000 0.500000
v -0.38577792 0.30752802 0.86947298 0.500001 0.500001 0.500001
v -0.36613199 0.44676366 0.81597072 0.500000 0.500000 0.500000
v -0.32490751 0.33891940 0.88239861 0.500001 0.500001 0.500001
v -0.60546863 0.30504316 0.73441970 0.500001 0.500001 0.500001
v -0.56429291 0.19712336 0.80115098 0.500001 0.500001 0.500001
v -0.65635973 0.26739672 0.70507932 0.500001 0.500001 0.500001
v -0.61505395 0.15960826 0.77157032 0.500001 0.500001 0.500001
v -0.53646851 0.41403735 0.73460299 0.500000 0.500000 0.500000
v -0.40813485 0.48610225 0.77251214 0.500000 0.500000 0.500000
v -0.51761103 0.48489457 0.70420647 0.500000 0.500000 0.500000
v -0.65343142 0.33453268 0.67876232 0.500001 0.500000 0.500000
v -0.58452535 0.44366616 0.67872041 0.500000 0.500000 0.500000
v -0.45419532 0.19818673 0.86837512 0.500001 0.500001 0.500001
v -0.32576111 0.27054358 0.90539271 0.500001 0.500001 0.500001
v -0.39404002 0.16104119 0.90455019 0.500000 0.500000 0.500000
v -0.57101619 0.11906099 0.81180477 0.500000 0.500000 0.500000
v -0.46091333 0.11977416 0.87917173 0.499999 0.499999 0.499999
v 0.06669439 -0.11038275 -0.99135375 0.500000 0.500000 0.500000
v -0.06669439 -0.11038275 -0.99135375 0.500001 0.500001 0.500001
v 0.06659117 -0.17934355 -0.98128664 0.500001 0.500001 0.500001
v -0.06659115 -0.17934355 -0.98128664 0.500001 0.500001 0.500001
v 0.06668743 0.11037736 -0.99136800 0.500003 0.500003 0.500003
v -0.06668742 0.11037736 -0.99136800 0.500003 0.500003 0.500003
v 0.06659194 0.17935792 -0.98128599 0.500003 0.500003 0.500003
v -0.06659194 0.17935793 -0.98128599 0.500003 0.500003 0.500003
v 0.13349310 0.00001246 -0.99057853 0.500001 0.500001 0.500001
v 0.13311854 -0.15154321 -0.97905171 0.500000 0.500000 0.500000
v 0.20023622 -0.04124666 -0.97846574 0.500000 0.500000 0.500000
v -0.13349310 0.00001247 -0.99057853 0.500002 0.500002 0.500002
v -0.13311854 -0.15154320 -0.97905171 0.500001 0.500001 0.500001
v -0.20023622 -0.04124666 -0.97846574 0.500001 0.500001 0.500001
v 0.13312300 0.15155110 -0.97904229 0.500002 0.500002 0.500002
v 0.20023119 0.04128518 -0.97845876 0.500002 0.500002 0.500002
v -0.13312301 0.15155108 -0.97904229 0.500002 0.500002 0.500002
v -0.20023118 0.04128519 -0.97845876 0.500002 0.500002 0.500002
v 0.42687720 -0.41533056 -0.80256492 0.500000 0.499999 0.500000
v 0.38574210 -0.30753046 -0.86945450 0.500001 0.500001 0.500001
v 0.36606789 -0.44674325 -0.81593841 0.499999 0.499999 0.499999
v 0.32497218 -0.33901727 -0.88268536 0.500001 0.500001 0.500001
v 0.60564017 -0.30514628 -0.73463196 0.500001 0.500000 0.500000
v 0.56443149 -0.19721164 -0.80128765 0.500001 0.500000 0.500001
v 0.65631586 -0.26741973 -0.70511931 0.500001 0.500001 0.500001
v 0.61524469 -0.15967943 -0.77182186 0.500000 0.500000 0.500000
v 0.53668535 -0.41418490 -0.73481935 0.500000 0.500000 0.500000
v 0.40802103 -0.48597324 -0.77229702 0.499999 0.499999 0.499999
v 0.51782405 -0.48506269 -0.70439607 0.499999 0.499999 0.499999
v 0.65334374 -0.33449626 -0.67870736 0.500001 0.500000 0.500001
v 0.58461201 -0.44376406 -0.67886740 0.499999 0.499999 0.499999
v 0.45401442 -0.19807728 -0.86806017 0.500001 0.500001 0.500001
v 0.32586691 -0.27067333 -0.90570599 0.500001 0.500001 0.500001
v 0.39401448 -0.16104645 -0.90457416 0.500000 0.500000 0.500000
v 0.57116646 -0.11907609 -0.81194019 0.500000 0.499999 0.500000
v 0.46074128 -0.11972543 -0.87881428 0.500001 0.500000 0.500001
v -0.42687720 -0.41533056 -0.80256492 0.500000 0.500000 0.500000
v -0.38574213 -0.30753046 -0.86945450 0.500001 0.500001 0.500001
v -0.36606789 -0.44674325 -0.81593841 0.499999 0.499999 0.499999
v -0.32497218 -0.33901727 -0.88268536 0.500001 0.500001 0.500001
v -0.60564017 -0.30514628 -0.73463196 0.500001 0.500001 0.500001
v -0.56443149 -0.19721164 -0.80128765 0.500001 0.500001 0.500001
v -0.65631586 -0.26741973 -0.70511931 0.500001 0.500001 0.500001
v -0.61524469 -0.15967943 -0.77182186 0.500001 0.500001 0.500001
v -0.53668523 -0.41418490 -0.73481935 0.500000 0.500000 0.500000
v -0.40802106 -0.48597324 -0.77229702 0.499999 0.499999 0.499999
v -0.51782417 -0.48506278 -0.70439607 0.499999 0.499999 0.499999
v -0.65334374 -0.33449629 -0.67870736 0.500001 0.500001 0.500001
v -0.58461201 -0.44376409 -0.67886746 0.499999 0.499999 0.499999
v -0.45401442 -0.19807728 -0.86806017 0.500001 0.500001 0.500001
v -0.32586691 -0.27067333 -0.90570599 0.500001 0.500001 0.500001
v -0.39401448 -0.16104645 -0.90457416 0.500001 0.500001 0.500001
v -0.57116646 -0.11907613 -0.81194019 0.500001 0.500001 0.500001
v -0.46074128 -0.11972543 -0.87881428 0.500001 0.500001 0.500001
v 0.42687678 0.41533360 -0.80256486 0.500001 0.500001 0.500001
v 0.38574749 0.30752605 -0.86944902 0.500001 0.500001 0.500001
v 0.36605835 0.44673726 -0.81593519 0.500001 0.500001 0.500001
v 0.32496932 0.33900499 -0.88268256 0.500001 0.500001 0.500001
v 0.60563594 0.30513045 -0.73462123 0.500001 0.500001 0.500001
v 0.56443614 0.19721173 -0.80128330 0.500001 0.500000 0.500001
v 0.65631193 0.26740199 -0.70509690 0.500001 0.500001 0.500001
v 0.61524737 0.15968078 -0.77182049 0.500001 0.500001 0.500001
v 0.53668922 0.41418150 -0.73481810 0.500001 0.500001 0.500001
v 0.40801522 0.48598361 -0.77229470 0.500001 0.500001 0.500001
v 0.51781762 0.48507458 -0.70439464 0.500001 0.500001 0.500001
v 0.65335459 0.33448270 -0.67869806 0.500001 0.500001 0.500001
v 0.58461618 0.44376025 -0.67885643 0.500001 0.500001 0.500001
v 0.45401514 0.19806086 -0.86805105 0.500001 0.500001 0.500001
v 0.32585526 0.27065310 -0.90569824 0.500001 0.500001 0.500001
v 0.39401746 0.16104853 -0.90457863 0.500002 0.500001 0.500001
v 0.57116008 0.11907671 -0.81194323 0.500001 0.500000 0.500001
v 0.46074009 0.11972847 -0.87882715 0.500001 0.500001 0.500001
v -0.42687681 0.41533357 -0.80256492 0.500001 0.500001 0.500001
v -0.38574749 0.30752605 -0.86944902 0.500001 0.500001 0.500001
v -0.36605835 0.44673729 -0.81593519 0.500001 0.500001 0.500001
v -0.32496911 0.33900508 -0.88268256 0.500001 0.500001 0.500001
v -0.60563594 0.30513045 -0.73462117 0.500001 0.500001 0.500001
v -0.56443608 0.19721170 -0.80128330 0.500001 0.500001 0.500001
v -0.65631193 0.26740199 -0.70509696 0.500001 0.500001 0.500001
v -0.61524737 0.15968078 -0.77182049 0.500001 0.500001 0.500001
v -0.53668928 0.41418144 -0.73481810 0.500001 0.500001 0.500001
v -0.40801525 0.48598355 -0.77229476 0.500001 0.500001 0.500001
v -0.51781768 0.48507449 -0.70439464 0.500001 0.500001 0.500001
v -0.65335459 0.33448270 -0.67869812 0.500001 0.500001 0.500001
v -0.58461618 0.44376025 -0.67885643 0.500001 0.500001 0.500001
v -0.45401514 0.19806084 -0.86805105 0.500001 0.500001 0.500001
v -0.32585526 0.27065322 -0.90569824 0.500001 0.500001 0.500001
v -0.39401746 0.16104852 -0.90457863 0.500002 0.500002 0.500002
v -0.57116008 0.11907671 -0.81194323 0.500001 0.500001 0.500001
v -0.46074009 0.11972847 -0.87882715 0.500001 0.500001 0.500001
v 0.99119538 0.06668638 -0.11035952 0.500000 0.500000 0.500000
v 0.99119550 -0.06668106 -0.11037112 0.500001 0.500000 0.500000
v 0.98131126 0.06663334 -0.17936374 0.500000 0.500000 0.500000
v 0.98132116 -0.06662716 -0.17937942 0.500001 0.500000 0.500000
v 0.99144614 0.06670818 0.11037430 0.500001 0.500001 0.500001
v 0.99144727 -0.06670905 0.11038385 0.500001 0.500000 0.500000
v 0.98120719 0.06660221 0.17930238 0.500000 0.500000 0.500000
v 0.98121327 -0.06660182 0.17931485 0.500001 0.500000 0.500000
v 0.99071163 0.13351201 0.00001403 0.500001 0.500001 0.500001
v 0.97915703 0.13313398 -0.15157981 0.500001 0.500001 0.500001
v 0.97845387 0.20021485 -0.04127836 0.500001 0.500001 0.500001
v 0.97922671 0.13316986 0.15154386 0.500001 0.500001 0.500001
v 0.97869635 0.20024788 0.04130653 0.500001 0.500001 0.500001
v 0.99070591 -0.13350870 0.00001760 0.500002 0.500000 0.500000
v 0.97914004 -0.13314669 -0.15159148 0.500001 0.500000 0.500000
v 0.97845262 -0.20020188 -0.04127553 0.500002 0.500000 0.500000
v 0.97922653 -0.13315275 0.15157205 0.500002 0.500000 0.500000
v 0.97870308 -0.20026574 0.04131430 0.500002 0.500000 0.500000
v -0.99119538 0.06668638 -0.11035952 0.500000 0.500000 0.500000
v -0.99119550 -0.06668106 -0.11037111 0.500001 0.500001 0.500001
v -0.98131126 0.06663334 -0.17936374 0.500001 0.500001 0.500001
v -0.98132116 -0.06662712 -0.17937936 0.500001 0.500001 0.500001
v -0.99144614 0.06670818 0.11037430 0.500001 0.500001 0.500001
v -0.99144727 -0.06670905 0.11038385 0.500001 0.500001 0.500001
v -0.98120719 0.06660222 0.17930238 0.500000 0.500000 0.500000
v -0.98121327 -0.06660181 0.17931487 0.500000 0.500000 0.500000
v -0.99071163 0.13351201 0.00001403 0.500001 0.500001 0.500001
v -0.97915703 0.13313398 -0.15157981 0.500001 0.500001 0.500001
v -0.97845387 0.20021485 -0.04127835 0.500001 0.500001 0.500001
v -0.97922671 0.13316986 0.15154384 0.500000 0.500000 0.500000
v -0.97869635 0.20024791 0.04130656 0.500001 0.500001 0.500001
v -0.99070591 -0.13350867 0.00001760 0.500001 0.500001 0.500001
v -0.97914004 -0.13314670 -0.15159148 0.500002 0.500002 0.500002
v -0.97845262 -0.20020188 -0.04127553 0.500001 0.500001 0.500001
v -0.97922653 -0.13315275 0.15157205 0.500001 0.500001 0.500001
v -0.97870308 -0.20026574 0.04131430 0.500001 0.500001 0.500001
v -0.28974989 0.94742948 0.13252348 0.500000 0.500000 0.500000
v -0.33025473 0.92185903 0.19819155 0.500000 0.500000 0.500000
v -0.28976730 0.94745916 -0.13252372 0.500000 0.500000 0.500000
v -0.33025241 0.92184305 -0.19821550 0.500000 0.500000 0.500000
v -0.26141331 0.94398928 0.19898233 0.500000 0.500000 0.500000
v -0.26137584 0.94399273 -0.19899011 0.500000 0.500000 0.500000
v -0.54485810 0.78977305 0.28020048 0.500000 0.500000 0.500000
v -0.61060590 0.74909264 0.25506935 0.500000 0.500000 0.500000
v -0.58347076 0.74512643 0.32201591 0.500000 0.500000 0.500000
v -0.54481041 0.78973353 -0.28016552 0.500000 0.500000 0.500000
v -0.61066490 0.74917388 -0.25508407 0.500000 0.500000 0.500000
v -0.58338326 0.74499953 -0.32195556 0.500000 0.500000 0.500000
v -0.74328834 0.66736186 -0.04065859 0.500000 0.500000 0.500000
v -0.74320877 0.66728050 0.04063630 0.500000 0.500000 0.500000
v -0.78251910 0.62211788 -0.00000272 0.500000 0.500000 0.500000
v 0.28974989 0.94742954 0.13252348 0.500000 0.500000 0.500000
v 0.33025470 0.92185903 0.19819155 0.500000 0.500000 0.500000
v 0.28976730 0.94745916 -0.13252372 0.500000 0.500000 0.500000
v 0.33025241 0.92184305 -0.19821548 0.500000 0.500000 0.500000
v 0.26141328 0.94398928 0.19898233 0.500000 0.500000 0.500000
v 0.26137584 0.94399273 -0.19899011 0.500000 0.500000 0.500000
v 0.54485810 0.78977299 0.28020045 0.500000 0.500000 0.500000
v 0.61060584 0.74909264 0.25506935 0.500000 0.500000 0.500000
v 0.58347076 0.74512649 0.32201585 0.500000 0.500000 0.500000
v 0.54481041 0.78973353 -0.28016552 0.500000 0.500000 0.500000
v 0.61066490 0.74917388 -0.25508407 0.500000 0.500000 0.500000
v 0.58338326 0.74499947 -0.32195553 0.500000 0.500000 0.500000
v 0.74328828 0.66736186 -0.04065850 0.500000 0.500000 0.500000
v 0.74320877 0.66728050 0.04063628 0.500000 0.500000 0.500000
v 0.78251910 0.62211800 -0.00000271 0.500000 0.500000 0.500000
v -0.28975907 -0.94742292 0.13251916 0.500000 0.500000 0.500000
v -0.33025423 -0.92183030 0.19819568 0.500000 0.500000 0.500000
v -0.28976300 -0.94745022 -0.13253249 0.500000 0.500000 0.500000
v -0.33025047 -0.92184097 -0.19821413 0.500000 0.500000 0.500000
v -0.26141229 -0.94396955 0.19899058 0.500000 0.500000 0.500000
v -0.26138771 -0.94398725 -0.19898351 0.500000 0.500000 0.500000
v -0.54485309 -0.78977352 0.28019327 0.500000 0.500000 0.500000
v -0.61060858 -0.74909848 0.25506380 0.500000 0.500000 0.500000
v -0.58347797 -0.74509394 0.32202703 0.500000 0.500000 0.500000
v -0.54481477 -0.78972530 -0.28017712 0.500000 0.500000 0.500000
v -0.61066931 -0.74917752 -0.25508377 0.500000 0.500000 0.500000
v -0.58338273 -0.74499238 -0.32195631 0.500000 0.500000 0.500000
v -0.74328756 -0.66735893 -0.04065276 0.500000 0.500000 0.500000
v -0.74321043 -0.66728574 0.04064538 0.500000 0.500000 0.500000
v -0.78250855 -0.62211335 -0.00000025 0.500000 0.500000 0.500000
v 0.28975904 -0.94742292 0.13251917 0.500000 0.500000 0.500000
v 0.33025402 -0.92183042 0.19819574 0.500000 0.500000 0.500000
v 0.28976300 -0.94745022 -0.13253251 0.500000 0.500000 0.500000
v 0.33025047 -0.92184097 -0.19821413 0.500000 0.500000 0.500000
v 0.26141232 -0.94396961 0.19899052 0.500000 0.500000 0.500000
v 0.26138771 -0.94398725 -0.19898351 0.500000 0.500000 0.500000
v 0.54485309 -0.78977364 0.28019330 0.500000 0.500000 0.500000
v 0.61060858 -0.74909848 0.25506380 0.500000 0.500000 0.500000
v 0.58347791 -0.74509412 0.32202718 0.500000 0.500000 0.500000
v 0.54481483 -0.78972524 -0.28017712 0.500000 0.500000 0.500000
v 0.61066931 -0.74917752 -0.25508377 0.500000 0.500000 0.500000
v 0.58338273 -0.74499232 -0.32195631 0.500000 0.500000 0.500000
v 0.74328756 -0.66735893 -0.04065276 0.500000 0.500000 0.500000
v 0.74321043 -0.66728574 0.04064538 0.500000 0.500000 0.500000
v 0.78250855 -0.62211335 -0.00000026 0.500000 0.500000 0.500000
v -1.84067404 -2.54347467 2.46752596 0.500000 0.500000 0.500000
v 1.84067404 -2.54347467 2.46752596 0.500000 0.500000 0.500000
v -0.25510174 -0.61071253 0.74923593 0.499999 0.499999 0.499999
v -0.28022215 -0.54489112 0.78982770 0.499999 0.499999 0.499999
v 0.00000001 -0.78254652 0.62219656 0.500000 0.500000 0.500000
v -0.32202148 -0.58348036 0.74511808 0.499999 0.499999 0.499999
v 0.25510213 -0.61071360 0.74923730 0.499999 0.499999 0.499999
v 0.28022215 -0.54489112 0.78982770 0.499999 0.499999 0.499999
v 0.32202148 -0.58348036 0.74511808 0.499999 0.499999 0.499999
v 0.13257386 -0.28989384 0.94772857 0.500001 0.500001 0.500001
v 0.19835618 -0.33053425 0.92256963 0.500001 0.500001 0.500001
v -0.13257386 -0.28989381 0.94772857 0.500001 0.500001 0.500001
v -0.19835620 -0.33053422 0.92256957 0.500001 0.500001 0.500001
v 0.19905400 -0.26150143 0.94432014 0.500001 0.500001 0.500001
v -0.19905400 -0.26150143 0.94432014 0.500001 0.500001 0.500001
v -0.04065205 0.74326158 0.66730678 0.500000 0.500000 0.500000
v 0.04065208 0.74326158 0.66730678 0.500000 0.500000 0.500000
v -0.25510654 0.61073107 0.74924588 0.500000 0.500000 0.500000
v -0.28022060 0.54488182 0.78985125 0.500000 0.500000 0.500000
v 0.00000002 0.78247845 0.62210864 0.500000 0.500000 0.500000
v -0.32204092 0.58349407 0.74511862 0.500000 0.500000 0.500000
v 0.25510654 0.61073112 0.74924588 0.500000 0.500000 0.500000
v 0.28022060 0.54488182 0.78985125 0.500000 0.500000 0.500000
v 0.32204095 0.58349413 0.74511862 0.500000 0.500000 0.500000
v 0.13258268 0.28989881 0.94773293 0.500001 0.500001 0.500001
v 0.19836554 0.33053353 0.92257565 0.500001 0.500001 0.500001
v -0.13258266 0.28989881 0.94773293 0.500001 0.500001 0.500001
v -0.19836552 0.33053353 0.92257571 0.500001 0.500001 0.500001
v 0.19905886 0.26149651 0.94432896 0.500001 0.500001 0.500001
v -0.19905886 0.26149651 0.94432896 0.500001 0.500001 0.500001
v -0.04064010 -0.74319100 -0.66725576 0.500000 0.500000 0.500000
v 0.04064009 -0.74319100 -0.66725576 0.500000 0.500000 0.500000
v -0.25511879 -0.61072761 -0.74925834 0.500000 0.500000 0.500000
v -0.28026006 -0.54496598 -0.78997171 0.499999 0.499999 0.499999
v -0.00000000 -0.78242826 -0.62205476 0.500000 0.500000 0.500000
v -0.32201850 -0.58347899 -0.74513680 0.500000 0.500000 0.500000
v 0.25511882 -0.61072761 -0.74925834 0.500000 0.500000 0.500000
v 0.28026015 -0.54496598 -0.78997171 0.499999 0.499999 0.499999
v 0.32201856 -0.58347881 -0.74513674 0.500000 0.500000 0.500000
v 0.13252333 -0.28979567 -0.94742733 0.500002 0.500002 0.500002
v 0.19833210 -0.33046901 -0.92237145 0.500002 0.500001 0.500001
v -0.13252331 -0.28979567 -0.94742733 0.500002 0.500002 0.500002
v -0.19833210 -0.33046901 -0.92237145 0.500001 0.500001 0.500001
v 0.19904497 -0.26146638 -0.94409335 0.500002 0.500001 0.500001
v -0.19904496 -0.26146638 -0.94409335 0.500002 0.500002 0.500002
v -0.04065027 0.74318051 -0.66725296 0.500000 0.500000 0.500000
v 0.04065026 0.74318051 -0.66725296 0.500000 0.500000 0.500000
v -0.25511920 0.61073416 -0.74926376 0.500000 0.500000 0.500000
v -0.28026214 0.54498160 -0.78996998 0.500001 0.500001 0.500001
v -0.00000000 0.78240323 -0.62206078 0.500000 0.500000 0.500000
v -0.32199889 0.58349198 -0.74513578 0.500000 0.500000 0.500000
v 0.25511917 0.61073416 -0.74926376 0.500000 0.500000 0.500000
v 0.28026208 0.54498148 -0.78996998 0.500001 0.500001 0.500001
v 0.32199895 0.58349204 -0.74513578 0.500000 0.500000 0.500000
v 0.13252009 0.28978390 -0.94741672 0.500002 0.500002 0.500002
v 0.19832781 0.33045515 -0.92237341 0.500002 0.500002 0.500002
v -0.13252042 0.28978434 -0.94741690 0.500002 0.500002 0.500002
v -0.19832785 0.33045509 -0.92237335 0.500002 0.500002 0.500002
v 0.19903325 0.26145121 -0.94409347 0.500002 0.500002 0.500002
v -0.19903322 0.26145113 -0.94409347 0.500002 0.500002 0.500002
v 0.79004019 0.28028753 -0.54504162 0.500001 0.500001 0.500001
v 0.74924564 0.25512567 -0.61070609 0.500001 0.500001 0.500001
v 0.92233467 0.19833745 -0.33042192 0.500001 0.500001 0.500001
v 0.94762057 0.13257371 -0.28980994 0.500001 0.500001 0.500001
v 0.74521309 0.32205117 -0.58352906 0.500001 0.500001 0.500001
v 0.94430792 0.19907050 -0.26148826 0.500001 0.500000 0.500000
v 0.79004902 -0.28029940 -0.54503238 0.500001 0.500000 0.500000
v 0.74923998 -0.25512043 -0.61069745 0.500001 0.500001 0.500001
v 0.92234367 -0.19834238 -0.33043218 0.500001 0.500000 0.500000
v 0.94762766 -0.13256447 -0.28982309 0.500001 0.500000 0.500000
v 0.74520874 -0.32204214 -0.58352417 0.500001 0.500000 0.500000
v 0.94430625 -0.19905502 -0.26149160 0.500001 0.500000 0.500000
v 0.66741467 -0.04065185 -0.74337983 0.500000 0.500000 0.500000
v 0.66741180 0.04066923 -0.74338335 0.500000 0.500000 0.500000
v 0.62226486 0.00000528 -0.78270322 0.500000 0.500000 0.500000
v 0.78978330 0.28022572 0.54488641 0.500001 0.500001 0.500001
v 0.74932355 0.25516546 0.61080992 0.500001 0.500001 0.500001
v 0.92252988 0.19833042 0.33052427 0.500001 0.500001 0.500001
v 0.94748741 0.13255699 0.28979585 0.500001 0.500001 0.500001
v 0.74517840 0.32207334 0.58357787 0.500001 0.500001 0.500001
v 0.94406044 0.19900714 0.26144806 0.500001 0.500001 0.500001
v 0.78978318 -0.28021181 0.54488248 0.500002 0.500000 0.500001
v 0.74931502 -0.25516427 0.61081141 0.500001 0.500000 0.500001
v 0.92252350 -0.19834599 0.33052984 0.500001 0.500000 0.500000
v 0.94749194 -0.13254847 0.28979990 0.500002 0.500000 0.500001
v 0.74517643 -0.32206991 0.58356076 0.500002 0.500000 0.500000
v 0.94407314 -0.19900310 0.26145139 0.500002 0.500000 0.500001
v 0.66736746 -0.04067966 0.74331105 0.500002 0.500001 0.500001
v 0.66737682 0.04067418 0.74330753 0.500001 0.500001 0.500001
v 0.62212384 0.00000057 0.78252047 0.500002 0.500001 0.500001
v -0.79004019 0.28028753 -0.54504162 0.500001 0.500001 0.500001
v -0.74924564 0.25512564 -0.61070609 0.500001 0.500001 0.500001
v -0.92233467 0.19833744 -0.33042195 0.500001 0.500001 0.500001
v -0.94762057 0.13257372 -0.28980997 0.500001 0.500001 0.500001
v -0.74521309 0.32205120 -0.58352906 0.500001 0.500001 0.500001
v -0.94430792 0.19907050 -0.26148826 0.500001 0.500001 0.500001
v -0.79004902 -0.28029940 -0.54503238 0.500001 0.500001 0.500001
v -0.74923998 -0.25512043 -0.61069745 0.500001 0.500001 0.500001
v -0.92234367 -0.19834238 -0.33043218 0.500001 0.500001 0.500001
v -0.94762766 -0.13256447 -0.28982309 0.500001 0.500001 0.500001
v -0.74520874 -0.32204214 -0.58352417 0.500001 0.500001 0.500001
v -0.94430625 -0.19905502 -0.26149160 0.500001 0.500001 0.500001
v -0.66741467 -0.04065177 -0.74337983 0.500001 0.500001 0.500001
v -0.66741180 0.04066925 -0.74338335 0.500001 0.500001 0.500001
v -0.62226486 0.00000526 -0.78270322 0.500001 0.500001 0.500001
v -0.78978330 0.28022572 0.54488641 0.500001 0.500001 0.500001
v -0.74932355 0.25516552 0.61080992 0.500001 0.500001 0.500001
v -0.92252982 0.19833037 0.33052433 0.500001 0.500001 0.500001
v -0.94748741 0.13255700 0.28979585 0.500001 0.500001 0.500001
v -0.74517840 0.32207322 0.58357781 0.500001 0.500001 0.500001
v -0.94406027 0.19900690 0.26144812 0.500001 0.500001 0.500001
v -0.78978318 -0.28021181 0.54488248 0.500001 0.500001 0.500001
v -0.74931502 -0.25516427 0.61081141 0.500001 0.500001 0.500001
v -0.92252344 -0.19834597 0.33052981 0.500001 0.500001 0.500001
v -0.94749194 -0.13254845 0.28979990 0.500001 0.500001 0.500001
v -0.74517643 -0.32206991 0.58356076 0.500001 0.500001 0.500001
v -0.94407314 -0.19900310 0.26145139 0.500002 0.500002 0.500002
v -0.66736746 -0.04067966 0.74331105 0.500001 0.500001 0.500001
v -0.66737682 0.04067418 0.74330753 0.500000 0.500000 0.500000
v -0.62212378 0.00000057 0.78252047 0.500001 0.500001 0.500001
v -0.04124857 0.94100899 0.33390573 0.500000 0.500000 0.500000
v 0.04124857 0.94100893 0.33390573 0.500000 0.500000 0.500000
v 0.00000000 0.91497171 0.40048170 0.500000 0.500000 0.500000
v -0.04124506 0.94081825 -0.33381644 0.500000 0.500000 0.500000
v 0.04124506 0.94081825 -0.33381644 0.500000 0.500000 0.500000
v 0.00000000 0.91493255 -0.40047550 0.500000 0.500000 0.500000
v -0.58178467 0.60727531 0.54048163 0.500000 0.500000 0.500000
v -0.54045254 0.58170813 0.60723472 0.500000 0.500000 0.500000
v -0.60734284 0.54054165 0.58181149 0.500000 0.500000 0.500000
v -0.58174866 0.60726660 -0.54048103 0.500000 0.500000 0.500000
v -0.54047555 0.58175313 -0.60726351 0.500000 0.500000 0.500000
v -0.60721624 0.54043114 -0.58169591 0.500001 0.500001 0.500001
v -0.91584986 0.40085059 0.00002695 0.500000 0.500000 0.500000
v -0.94121104 0.33400613 -0.04126421 0.500001 0.500001 0.500001
v -0.94147867 0.33410534 0.04128057 0.500001 0.500001 0.500001
v 0.58178467 0.60727537 0.54048163 0.500000 0.500000 0.500000
v 0.54045254 0.58170813 0.60723472 0.500000 0.500000 0.500000
v 0.60734284 0.54054165 0.58181149 0.500000 0.500000 0.500000
v 0.58174866 0.60726660 -0.54048103 0.500000 0.500000 0.500000
v 0.54047543 0.58175302 -0.60726351 0.500000 0.500000 0.500000
v 0.60721636 0.54043126 -0.58169585 0.500001 0.500000 0.500000
v 0.91584986 0.40085062 0.00002694 0.500001 0.500000 0.500000
v 0.94121104 0.33400616 -0.04126417 0.500001 0.500001 0.500001
v 0.94147867 0.33410534 0.04128057 0.500001 0.500000 0.500000
v -0.04121380 -0.94053441 0.33373350 0.500000 0.500000 0.500000
v 0.04130948 -0.94162327 0.33414963 0.500000 0.500000 0.500000
v -0.00000000 -0.91496241 0.40048173 0.500000 0.500000 0.500000
v -0.04124729 -0.94080645 -0.33381808 0.500000 0.500000 0.500000
v 0.04124729 -0.94080645 -0.33381808 0.500000 0.500000 0.500000
v 0.00000000 -0.91491109 -0.40047711 0.500000 0.500000 0.500000
v -0.58177483 -0.60727102 0.54048878 0.500000 0.500000 0.500000
v -0.54044497 -0.58168584 0.60722995 0.499999 0.499999 0.499999
v -0.60733879 -0.54053128 0.58181202 0.499999 0.499999 0.499999
v -0.58175647 -0.60725689 -0.54049772 0.500000 0.500000 0.500000
v -0.54047978 -0.58174491 -0.60725689 0.499999 0.499999 0.499999
v -0.60721862 -0.54043508 -0.58170289 0.499999 0.499999 0.499999
v -0.91583687 -0.40084672 0.00001350 0.500000 0.500000 0.500000
v -0.94120508 -0.33400401 -0.04125635 0.500001 0.500001 0.500001
v -0.94147396 -0.33410984 0.04129648 0.500001 0.500001 0.500001
v 0.58177483 -0.60727102 0.54048878 0.500000 0.500000 0.500000
v 0.54044497 -0.58168584 0.60722995 0.499999 0.499999 0.499999
v 0.60733879 -0.54053122 0.58181202 0.499999 0.499999 0.499999
v 0.58175647 -0.60725689 -0.54049772 0.500000 0.500000 0.500000
v 0.54047978 -0.58174491 -0.60725689 0.499999 0.499999 0.499999
v 0.60721856 -0.54043490 -0.58170295 0.499999 0.499999 0.499999
v 0.91583693 -0.40084675 0.00001351 0.500000 0.499999 0.499999
v 0.94120508 -0.33400401 -0.04125635 0.500002 0.500000 0.500000
v 0.94147396 -0.33410981 0.04129646 0.500001 0.500000 0.500000
v 0.33402315 -0.04125185 0.94120383 0.500002 0.500002 0.500002
v 0.33402228 0.04123953 0.94120741 0.500001 0.500001 0.500001
v 0.40087232 0.00000070 0.91586584 0.500001 0.500001 0.500001
v -0.33402315 -0.04125185 0.94120383 0.500001 0.500001 0.500001
v -0.33402228 0.04123950 0.94120741 0.500001 0.500001 0.500001
v -0.40087232 0.00000068 0.91586584 0.500001 0.500001 0.500001
v 0.33413485 -0.04124645 -0.94151038 0.499999 0.499999 0.499999
v 0.33413234 0.04127238 -0.94150972 0.500001 0.500001 0.500001
v 0.40085843 0.00001119 -0.91591537 0.500000 0.500000 0.500000
v -0.33413485 -0.04124644 -0.94151038 0.500001 0.500001 0.500001
v -0.33413234 0.04127238 -0.94150972 0.500001 0.500001 0.500001
v -0.40085837 0.00001112 -0.91591543 0.500001 0.500001 0.500001
f 1 647 644
f 1 644 643
f 1 643 645
f 1 645 646
f 1 646 647
f 2 649 652
f 6 672 670
f 12 702 699
f 11 696 695
f 8 679 681
f 4 662 659
f 4 659 658
f 4 658 660
f 4 660 661
f 4 661 662
f 5 666 665
f 3 654 657
f 7 673 677
f 9 685 686
f 10 692 688
f 12 701 698
f 6 669 668
f 2 650 648
f 8 682 678
f 11 697 693
f 6 671 669
f 12 700 701
f 11 694 697
f 8 680 682
f 2 651 650
f 10 690 689
f 5 663 664
f 3 655 653
f 7 676 674
f 9 687 684
f 10 691 690
f 5 667 663
f 3 656 655
f 7 675 676
f 9 683 687
f 6 668 672
f 2 648 649
f 8 678 679
f 11 693 696
f 12 698 702
f 10 688 691
f 5 665 667
f 3 657 656
f 7 677 675
f 9 686 683
f 5 664 666
f 3 653 654
f 7 674 673
f 9 684 685
f 10 689 692
f 6 670 671
f 12 699 700
f 11 695 694
f 8 681 680
f 2 652 651
f 35 837 838
f 18 735 736
f 19 742 741
f 40 868 867
f 42 880 879
f 34 832 831
f 33 827 828
f 25 778 780
f 36 844 846
f 20 749 747
f 32 819 820
f 23 765 767
f 24 773 771
f 37 850 849
f 41 876 875
f 34 833 834
f 33 826 825
f 25 779 777
f 36 845 843
f 20 748 750
f 17 729 727
f 14 711 709
f 13 706 703
f 15 718 715
f 16 724 721
f 18 737 733
f 35 839 835
f 42 882 878
f 40 870 866
f 19 744 740
f 30 807 805
f 27 789 787
f 22 762 758
f 28 797 793
f 29 802 799
f 32 821 817
f 23 766 763
f 24 774 770
f 37 852 848
f 41 874 872
f 35 838 836
f 18 736 734
f 19 741 739
f 40 867 865
f 42 879 877
f 34 831 829
f 33 828 824
f 25 780 776
f 36 846 842
f 20 747 745
f 32 820 818
f 23 767 764
f 24 771 769
f 37 849 847
f 41 875 871
f 34 834 830
f 33 825 823
f 25 777 775
f 36 843 841
f 20 750 746
f 14 714 710
f 13 707 704
f 15 719 716
f 16 725 722
f 17 732 728
f 21 755 752
f 31 814 811
f 26 784 781
f 38 857 853
f 39 862 860
f 27 792 788
f 22 759 757
f 28 796 794
f 29 803 800
f 30 810 806
f 31 815 812
f 26 785 782
f 38 856 854
f 39 863 859
f 21 754 751
f 14 712 714
f 13 705 707
f 15 717 719
f 16 723 725
f 17 730 732
f 21 753 755
f 31 816 814
f 26 786 784
f 38 858 857
f 39 861 862
f 27 791 792
f 22 761 759
f 28 795 796
f 29 801 803
f 30 808 810
f 31 813 815
f 26 783 785
f 38 855 856
f 39 864 863
f 21 756 754
f 14 709 712
f 13 703 705
f 15 715 717
f 16 721 723
f 17 727 730
f 21 751 753
f 31 812 816
f 26 782 786
f 38 854 858
f 39 859 861
f 27 787 791
f 22 758 761
f 28 793 795
f 29 799 801
f 30 805 808
f 31 811 813
f 26 781 783
f 38 853 855
f 39 860 864
f 21 752 756
f 17 728 731
f 14 710 713
f 13 704 708
f 15 716 720
f 16 722 726
f 18 734 738
f 35 836 840
f 42 877 881
f 40 865 869
f 19 739 743
f 30 806 809
f 27 788 790
f 22 757 760
f 28 794 798
f 29 800 804
f 32 818 822
f 23 764 768
f 24 769 772
f 37 847 851
f 41 871 873
f 35 835 837
f 18 733 735
f 19 740 742
f 40 866 868
f 42 878 880
f 34 830 832
f 33 823 827
f 25 775 778
f 36 841 844
f 20 746 749
f 32 817 819
f 23 763 765
f 24 770 773
f 37 848 850
f 41 872 876
f 34 829 833
f 33 824 826
f 25 776 779
f 36 842 845
f 20 745 748
f 17 731 729
f 14 713 711
f 13 708 706
f 15 720 718
f 16 726 724
f 18 738 737
f 35 840 839
f 42 881 882
f 40 869 870
f 19 743 744
f 30 809 807
f 27 790 789
f 22 760 762
f 28 798 797
f 29 804 802
f 32 822 821
f 23 768 766
f 24 772 774
f 37 851 852
f 41 873 874
f 107 1269 1270
f 103 1245 1246
f 104 1252 1251
f 110 1288 1287
f 113 1306 1305
f 118 1336 1335
f 154 1551 1552
f 141 1473 1474
f 162 1599 1600
f 121 1354 1353
f 142 1479 1480
f 129 1401 1402
f 130 1408 1407
f 144 1492 1491
f 146 1504 1503
f 151 1533 1534
f 131 1414 1413
f 136 1444 1443
f 161 1594 1593
f 126 1383 1384
f 116 1323 1324
f 108 1275 1276
f 106 1263 1264
f 112 1299 1300
f 115 1317 1318
f 119 1341 1342
f 156 1564 1563
f 139 1462 1461
f 160 1588 1587
f 120 1347 1348
f 149 1521 1522
f 132 1420 1419
f 128 1395 1396
f 145 1497 1498
f 148 1515 1516
f 155 1557 1558
f 133 1425 1426
f 134 1431 1432
f 157 1570 1569
f 124 1372 1371
f 109 1282 1281
f 105 1258 1257
f 111 1294 1293
f 114 1312 1311
f 117 1330 1329
f 125 1378 1377
f 152 1540 1539
f 137 1449 1450
f 158 1575 1576
f 123 1365 1366
f 143 1486 1485
f 127 1390 1389
f 135 1437 1438
f 147 1510 1509
f 150 1528 1527
f 153 1546 1545
f 140 1468 1467
f 138 1455 1456
f 159 1581 1582
f 122 1359 1360
f 107 1272 1271
f 103 1248 1247
f 104 1253 1254
f 110 1289 1290
f 113 1307 1308
f 118 1337 1338
f 154 1554 1553
f 141 1476 1475
f 162 1602 1601
f 121 1355 1356
f 142 1482 1481
f 129 1404 1403
f 130 1409 1410
f 144 1493 1494
f 146 1505 1506
f 151 1536 1535
f 131 1415 1416
f 136 1445 1446
f 161 1595 1596
f 126 1386 1385
f 47 909 907
f 44 891 889
f 43 886 883
f 45 898 895
f 46 904 901
f 49 922 919
f 72 1060 1057
f 102 1240 1237
f 96 1204 1201
f 79 1102 1099
f 62 999 997
f 59 981 979
f 58 976 973
f 60 988 985
f 61 994 991
f 66 1024 1021
f 54 952 949
f 73 1066 1063
f 85 1138 1135
f 92 1179 1177
f 101 1233 1231
f 69 1041 1039
f 50 927 925
f 82 1119 1117
f 97 1209 1207
f 71 1053 1051
f 100 1228 1225
f 94 1192 1189
f 80 1108 1105
f 51 933 931
f 90 1167 1165
f 63 1005 1003
f 55 957 955
f 76 1083 1081
f 87 1150 1147
f 91 1174 1171
f 67 1029 1027
f 56 963 961
f 75 1077 1075
f 83 1126 1123
f 68 1036 1033
f 48 915 913
f 78 1095 1093
f 93 1185 1183
f 98 1216 1213
f 88 1155 1153
f 65 1018 1015
f 57 970 967
f 77 1090 1087
f 86 1143 1141
f 64 1012 1009
f 53 945 943
f 74 1071 1069
f 84 1131 1129
f 89 1162 1159
f 70 1047 1045
f 99 1221 1219
f 95 1197 1195
f 81 1114 1111
f 52 940 937
f 109 1284 1280
f 105 1260 1256
f 111 1296 1292
f 114 1314 1310
f 117 1332 1328
f 125 1380 1376
f 152 1542 1538
f 137 1451 1447
f 158 1577 1573
f 123 1367 1363
f 143 1488 1484
f 127 1392 1388
f 135 1439 1435
f 147 1512 1508
f 150 1530 1526
f 153 1548 1544
f 140 1470 1466
f 138 1457 1453
f 159 1583 1579
f 122 1361 1357
f 107 1270 1268
f 103 1246 1244
f 104 1251 1249
f 110 1287 1285
f 113 1305 1303
f 118 1335 1333
f 154 1552 1550
f 141 1474 1472
f 162 1600 1598
f 121 1353 1351
f 142 1480 1478
f 129 1402 1400
f 130 1407 1405
f 144 1491 1489
f 146 1503 1501
f 151 1534 1532
f 131 1413 1411
f 136 1443 1441
f 161 1593 1591
f 126 1384 1382
f 116 1324 1322
f 108 1276 1274
f 106 1264 1262
f 112 1300 1298
f 115 1318 1316
f 119 1342 1340
f 156 1563 1561
f 139 1461 1459
f 160 1587 1585
f 120 1348 1346
f 149 1522 1520
f 132 1419 1417
f 128 1396 1394
f 145 1498 1496
f 148 1516 1514
f 155 1558 1556
f 133 1426 1424
f 134 1432 1430
f 157 1569 1567
f 124 1371 1369
f 109 1281 1279
f 105 1257 1255
f 111 1293 1291
f 114 1311 1309
f 117 1329 1327
f 125 1377 1375
f 152 1539 1537
f 137 1450 1448
f 158 1576 1574
f 123 1366 1364
f 143 1485 1483
f 127 1389 1387
f 135 1438 1436
f 147 1509 1507
f 150 1527 1525
f 153 1545 1543
f 140 1467 1465
f 138 1456 1454
f 159 1582 1580
f 122 1360 1358
f 107 1271 1267
f 103 1247 1243
f 104 1254 1250
f 110 1290 1286
f 113 1308 1304
f 118 1338 1334
f 154 1553 1549
f 141 1475 1471
f 162 1601 1597
f 121 1356 1352
f 142 1481 1477
f 129 1403 1399
f 130 1410 1406
f 144 1494 1490
f 146 1506 1502
f 151 1535 1531
f 131 1416 1412
f 136 1446 1442
f 161 1596 1592
f 126 1385 1381
f 44 894 890
f 43 887 884
f 45 899 896
f 46 905 902
f 47 912 908
f 52 941 938
f 70 1050 1046
f 99 1224 1220
f 95 1200 1196
f 81 1115 1112
f 59 984 980
f 58 977 974
f 60 989 986
f 61 995 992
f 62 1002 998
f 65 1019 1016
f 57 971 968
f 77 1091 1088
f 86 1146 1142
f 88 1158 1154
f 98 1217 1214
f 68 1037 1034
f 48 918 914
f 78 1098 1094
f 93 1188 1184
f 69 1044 1040
f 101 1236 1232
f 97 1212 1208
f 82 1122 1118
f 50 930 926
f 89 1163 1160
f 64 1013 1010
f 53 948 944
f 74 1074 1070
f 84 1134 1130
f 90 1170 1166
f 63 1008 1004
f 55 960 956
f 76 1086 1082
f 87 1151 1148
f 72 1061 1058
f 49 923 920
f 79 1103 1100
f 96 1205 1202
f 102 1241 1238
f 91 1175 1172
f 67 1032 1028
f 56 966 962
f 75 1080 1076
f 83 1127 1124
f 66 1025 1022
f 54 953 950
f 73 1067 1064
f 85 1139 1136
f 92 1182 1178
f 71 1056 1052
f 100 1229 1226
f 94 1193 1190
f 80 1109 1106
f 51 936 932
f 116 1325 1321
f 108 1277 1273
f 106 1265 1261
f 112 1301 1297
f 115 1319 1315
f 119 1343 1339
f 156 1566 1562
f 139 1464 1460
f 160 1590 1586
f 120 1349 1345
f 149 1523 1519
f 132 1422 1418
f 128 1397 1393
f 145 1499 1495
f 148 1517 1513
f 155 1559 1555
f 133 1427 1423
f 134 1433 1429
f 157 1572 1568
f 124 1374 1370
f 44 892 894
f 43 885 887
f 45 897 899
f 46 903 905
f 47 910 912
f 52 939 941
f 70 1048 1050
f 99 1222 1224
f 95 1198 1200
f 81 1113 1115
f 59 982 984
f 58 975 977
f 60 987 989
f 61 993 995
f 62 1000 1002
f 65 1017 1019
f 57 969 971
f 77 1089 1091
f 86 1144 1146
f 88 1156 1158
f 98 1215 1217
f 68 1035 1037
f 48 916 918
f 78 1096 1098
f 93 1186 1188
f 69 1042 1044
f 101 1234 1236
f 97 1210 1212
f 82 1120 1122
f 50 928 930
f 89 1161 1163
f 64 1011 1013
f 53 946 948
f 74 1072 1074
f 84 1132 1134
f 90 1168 1170
f 63 1006 1008
f 55 958 960
f 76 1084 1086
f 87 1149 1151
f 72 1059 1061
f 49 921 923
f 79 1101 1103
f 96 1203 1205
f 102 1239 1241
f 91 1173 1175
f 67 1030 1032
f 56 964 966
f 75 1078 1080
f 83 1125 1127
f 66 1023 1025
f 54 951 953
f 73 1065 1067
f 85 1137 1139
f 92 1180 1182
f 71 1054 1056
f 100 1227 1229
f 94 1191 1193
f 80 1107 1109
f 51 934 936
f 116 1326 1325
f 108 1278 1277
f 106 1266 1265
f 112 1302 1301
f 115 1320 1319
f 119 1344 1343
f 156 1565 1566
f 139 1463 1464
f 160 1589 1590
f 120 1350 1349
f 149 1524 1523
f 132 1421 1422
f 128 1398 1397
f 145 1500 1499
f 148 1518 1517
f 155 1560 1559
f 133 1428 1427
f 134 1434 1433
f 157 1571 1572
f 124 1373 1374
f 44 889 892
f 43 883 885
f 45 895 897
f 46 901 903
f 47 907 910
f 52 937 939
f 70 1045 1048
f 99 1219 1222
f 95 1195 1198
f 81 1111 1113
f 59 979 982
f 58 973 975
f 60 985 987
f 61 991 993
f 62 997 1000
f 65 1015 1017
f 57 967 969
f 77 1087 1089
f 86 1141 1144
f 88 1153 1156
f 98 1213 1215
f 68 1033 1035
f 48 913 916
f 78 1093 1096
f 93 1183 1186
f 69 1039 1042
f 101 1231 1234
f 97 1207 1210
f 82 1117 1120
f 50 925 928
f 89 1159 1161
f 64 1009 1011
f 53 943 946
f 74 1069 1072
f 84 1129 1132
f 90 1165 1168
f 63 1003 1006
f 55 955 958
f 76 1081 1084
f 87 1147 1149
f 72 1057 1059
f 49 919 921
f 79 1099 1101
f 96 1201 1203
f 102 1237 1239
f 91 1171 1173
f 67 1027 1030
f 56 961 964
f 75 1075 1078
f 83 1123 1125
f 66 1021 1023
f 54 949 951
f 73 1063 1065
f 85 1135 1137
f 92 1177 1180
f 71 1051 1054
f 100 1225 1227
f 94 1189 1191
f 80 1105 1107
f 51 931 934
f 116 1322 1326
f 108 1274 1278
f 106 1262 1266
f 112 1298 1302
f 115 1316 1320
f 119 1340 1344
f 156 1561 1565
f 139 1459 1463
f 160 1585 1589
f 120 1346 1350
f 149 1520 1524
f 132 1417 1421
f 128 1394 1398
f 145 1496 1500
f 148 1514 1518
f 155 1556 1560
f 133 1424 1428
f 134 1430 1434
f 157 1567 1571
f 124 1369 1373
f 47 908 911
f 44 890 893
f 43 884 888
f 45 896 900
f 46 902 906
f 49 920 924
f 72 1058 1062
f 102 1238 1242
f 96 1202 1206
f 79 1100 1104
f 62 998 1001
f 59 980 983
f 58 974 978
f 60 986 990
f 61 992 996
f 66 1022 1026
f 54 950 954
f 73 1064 1068
f 85 1136 1140
f 92 1178 1181
f 101 1232 1235
f 69 1040 1043
f 50 926 929
f 82 1118 1121
f 97 1208 1211
f 71 1052 1055
f 100 1226 1230
f 94 1190 1194
f 80 1106 1110
f 51 932 935
f 90 1166 1169
f 63 1004 1007
f 55 956 959
f 76 1082 1085
f 87 1148 1152
f 91 1172 1176
f 67 1028 1031
f 56 962 965
f 75 1076 1079
f 83 1124 1128
f 68 1034 1038
f 48 914 917
f 78 1094 1097
f 93 1184 1187
f 98 1214 1218
f 88 1154 1157
f 65 1016 1020
f 57 968 972
f 77 1088 1092
f 86 1142 1145
f 64 1010 1014
f 53 944 947
f 74 1070 1073
f 84 1130 1133
f 89 1160 1164
f 70 1046 1049
f 99 1220 1223
f 95 1196 1199
f 81 1112 1116
f 52 938 942
f 109 1279 1283
f 105 1255 1259
f 111 1291 1295
f 114 1309 1313
f 117 1327 1331
f 125 1375 1379
f 152 1537 1541
f 137 1448 1452
f 158 1574 1578
f 123 1364 1368
f 143 1483 1487
f 127 1387 1391
f 135 1436 1440
f 147 1507 1511
f 150 1525 1529
f 153 1543 1547
f 140 1465 1469
f 138 1454 1458
f 159 1580 1584
f 122 1358 1362
f 107 1267 1269
f 103 1243 1245
f 104 1250 1252
f 110 1286 1288
f 113 1304 1306
f 118 1334 1336
f 154 1549 1551
f 141 1471 1473
f 162 1597 1599
f 121 1352 1354
f 142 1477 1479
f 129 1399 1401
f 130 1406 1408
f 144 1490 1492
f 146 1502 1504
f 151 1531 1533
f 131 1412 1414
f 136 1442 1444
f 161 1592 1594
f 126 1381 1383
f 116 1321 1323
f 108 1273 1275
f 106 1261 1263
f 112 1297 1299
f 115 1315 1317
f 119 1339 1341
f 156 1562 1564
f 139 1460 1462
f 160 1586 1588
f 120 1345 1347
f 149 1519 1521
f 132 1418 1420
f 128 1393 1395
f 145 1495 1497
f 148 1513 1515
f 155 1555 1557
f 133 1423 1425
f 134 1429 1431
f 157 1568 1570
f 124 1370 1372
f 109 1280 1282
f 105 1256 1258
f 111 1292 1294
f 114 1310 1312
f 117 1328 1330
f 125 1376 1378
f 152 1538 1540
f 137 1447 1449
f 158 1573 1575
f 123 1363 1365
f 143 1484 1486
f 127 1388 1390
f 135 1435 1437
f 147 1508 1510
f 150 1526 1528
f 153 1544 1546
f 140 1466 1468
f 138 1453 1455
f 159 1579 1581
f 122 1357 1359
f 107 1268 1272
f 103 1244 1248
f 104 1249 1253
f 110 1285 1289
f 113 1303 1307
f 118 1333 1337
f 154 1550 1554
f 141 1472 1476
f 162 1598 1602
f 121 1351 1355
f 142 1478 1482
f 129 1400 1404
f 130 1405 1409
f 144 1489 1493
f 146 1501 1505
f 151 1532 1536
f 131 1411 1415
f 136 1441 1445
f 161 1591 1595
f 126 1382 1386
f 47 911 909
f 44 893 891
f 43 888 886
f 45 900 898
f 46 906 904
f 49 924 922
f 72 1062 1060
f 102 1242 1240
f 96 1206 1204
f 79 1104 1102
f 62 1001 999
f 59 983 981
f 58 978 976
f 60 990 988
f 61 996 994
f 66 1026 1024
f 54 954 952
f 73 1068 1066
f 85 1140 1138
f 92 1181 1179
f 101 1235 1233
f 69 1043 1041
f 50 929 927
f 82 1121 1119
f 97 1211 1209
f 71 1055 1053
f 100 1230 1228
f 94 1194 1192
f 80 1110 1108
f 51 935 933
f 90 1169 1167
f 63 1007 1005
f 55 959 957
f 76 1085 1083
f 87 1152 1150
f 91 1176 1174
f 67 1031 1029
f 56 965 963
f 75 1079 1077
f 83 1128 1126
f 68 1038 1036
f 48 917 915
f 78 1097 1095
f 93 1187 1185
f 98 1218 1216
f 88 1157 1155
f 65 1020 1018
f 57 972 970
f 77 1092 1090
f 86 1145 1143
f 64 1014 1012
f 53 947 945
f 74 1073 1071
f 84 1133 1131
f 89 1164 1162
f 70 1049 1047
f 99 1223 1221
f 95 1199 1197
f 81 1116 1114
f 52 942 940
f 109 1283 1284
f 105 1259 1260
f 111 1295 1296
f 114 1313 1314
f 117 1331 1332
f 125 1379 1380
f 152 1541 1542
f 137 1452 1451
f 158 1578 1577
f 123 1368 1367
f 143 1487 1488
f 127 1391 1392
f 135 1440 1439
f 147 1511 1512
f 150 1529 1530
f 153 1547 1548
f 140 1469 1470
f 138 1458 1457
f 159 1584 1583
f 122 1362 1361
f 407 1609 1616
f 403 1605 1608
f 404 1611 1606
f 410 1614 1612
f 413 1617 1615
f 422 1631 1624
f 486 1688 1692
f 573 1775 1782
f 561 1763 1765
f 512 1719 1714
f 452 1654 1661
f 448 1650 1653
f 449 1656 1651
f 455 1659 1657
f 458 1662 1660
f 470 1672 1675
f 437 1646 1639
f 494 1706 1696
f 531 1735 1733
f 539 1741 1751
f 568 1770 1779
f 478 1680 1683
f 419 1621 1626
f 509 1711 1721
f 554 1756 1766
f 482 1684 1689
f 576 1780 1778
f 558 1767 1760
f 516 1722 1718
f 425 1627 1629
f 542 1744 1747
f 463 1668 1665
f 434 1636 1641
f 497 1699 1704
f 528 1730 1737
f 546 1748 1750
f 464 1666 1676
f 440 1642 1644
f 500 1705 1702
f 524 1736 1726
f 479 1691 1681
f 418 1623 1620
f 508 1713 1710
f 553 1764 1755
f 569 1781 1771
f 538 1749 1740
f 471 1677 1673
f 443 1645 1647
f 501 1703 1707
f 523 1725 1734
f 467 1674 1669
f 433 1638 1635
f 493 1695 1698
f 527 1732 1729
f 543 1752 1745
f 485 1690 1687
f 572 1777 1774
f 557 1759 1762
f 515 1717 1720
f 428 1630 1632
f 591 2191 2189
f 587 1885 1883
f 588 1901 1903
f 594 2279 2281
f 597 2315 2317
f 600 2171 2173
f 634 2160 2158
f 619 2016 2012
f 639 2214 2210
f 602 1919 1924
f 624 2137 2135
f 608 1978 1973
f 610 1991 1996
f 627 2225 2227
f 630 2302 2304
f 635 2178 2176
f 615 2153 2155
f 617 2009 2014
f 637 2207 2212
f 604 1926 1922
f 416 1857 1864
f 408 1803 1810
f 406 1786 1795
f 412 1822 1831
f 415 1840 1849
f 424 1876 1887
f 492 2182 2193
f 582 2312 2321
f 565 2276 2285
f 514 1898 1907
f 461 2091 2098
f 453 2037 2044
f 451 1952 1961
f 457 2056 2067
f 460 2074 2083
f 475 2128 2139
f 439 1966 1975
f 496 1988 1997
f 533 2222 2231
f 551 2293 2298
f 579 2185 2190
f 483 1879 1884
f 426 1893 1900
f 521 2271 2278
f 566 2307 2314
f 489 2163 2170
f 578 2150 2159
f 560 2006 2015
f 518 2204 2213
f 429 1911 1918
f 547 2131 2136
f 465 1969 1977
f 441 1983 1990
f 504 2217 2224
f 537 2290 2301
f 550 2168 2177
f 476 2145 2152
f 444 2001 2008
f 502 2199 2206
f 526 1916 1925
f 481 1808 1817
f 420 1789 1797
f 510 1825 1833
f 555 1843 1851
f 571 1862 1871
f 540 1933 1941
f 473 2110 2119
f 447 2020 2029
f 507 2236 2247
f 534 2257 2262
f 469 2042 2051
f 435 1947 1954
f 498 2059 2064
f 529 2077 2085
f 545 2096 2105
f 487 2113 2121
f 574 2023 2031
f 562 2239 2244
f 520 2254 2265
f 432 1930 1939
f 589 1818 1814
f 583 1798 1793
f 586 1834 1829
f 593 1852 1847
f 596 1872 1868
f 599 1942 1937
f 633 2120 2124
f 620 2030 2034
f 640 2248 2250
f 603 2263 2261
f 622 2052 2050
f 607 1955 1960
f 612 2065 2063
f 626 2086 2081
f 629 2106 2102
f 631 2122 2117
f 614 2032 2027
f 618 2245 2243
f 641 2266 2268
f 605 1940 1944
f 409 1813 1804
f 405 1792 1785
f 411 1828 1821
f 414 1846 1839
f 417 1867 1858
f 431 1936 1929
f 488 2123 2114
f 575 2033 2024
f 563 2249 2240
f 519 2260 2253
f 454 2049 2038
f 450 1959 1951
f 456 2062 2055
f 459 2080 2073
f 462 2101 2092
f 472 2116 2109
f 446 2026 2019
f 506 2242 2235
f 535 2267 2258
f 541 1943 1934
f 570 1869 1861
f 480 1815 1807
f 421 1799 1790
f 511 1835 1826
f 556 1853 1844
f 484 1889 1880
f 580 2195 2186
f 567 2319 2308
f 522 2283 2272
f 427 1905 1894
f 544 2103 2095
f 468 2046 2041
f 436 1957 1948
f 499 2069 2060
f 530 2087 2078
f 548 2141 2132
f 466 1979 1970
f 442 1993 1984
f 505 2229 2218
f 536 2296 2289
f 491 2188 2181
f 423 1882 1875
f 513 1902 1897
f 564 2280 2275
f 581 2316 2311
f 549 2172 2167
f 477 2157 2146
f 445 2011 2002
f 503 2209 2200
f 525 1923 1915
f 474 2134 2127
f 438 1972 1965
f 495 1995 1987
f 532 2226 2221
f 552 2303 2294
f 490 2175 2164
f 577 2154 2149
f 559 2013 2005
f 517 2211 2203
f 430 1921 1912
f 590 1865 1870
f 584 1811 1816
f 585 1796 1800
f 592 1832 1836
f 595 1850 1854
f 598 1888 1890
f 636 2194 2196
f 621 2322 2320
f 642 2286 2284
f 601 1908 1906
f 623 2099 2104
f 611 2045 2047
f 609 1962 1958
f 625 2068 2070
f 628 2084 2088
f 632 2140 2142
f 613 1976 1980
f 616 1998 1994
f 638 2232 2230
f 606 2299 2297
f 407 2330 2329
f 403 2324 2323
f 404 2325 2326
f 410 2332 2333
f 413 2335 2336
f 422 2344 2345
f 486 2410 2409
f 573 2497 2496
f 561 2486 2485
f 512 2434 2435
f 452 2375 2374
f 448 2369 2368
f 449 2370 2371
f 455 2377 2378
f 458 2380 2381
f 470 2393 2392
f 437 2359 2360
f 494 2415 2416
f 531 2455 2456
f 539 2461 2460
f 568 2489 2488
f 478 2399 2398
f 419 2341 2340
f 509 2431 2430
f 554 2476 2475
f 482 2405 2404
f 576 2500 2501
f 558 2481 2482
f 516 2439 2440
f 425 2348 2347
f 542 2465 2464
f 463 2383 2384
f 434 2356 2355
f 497 2420 2419
f 528 2452 2451
f 546 2471 2470
f 464 2386 2385
f 440 2363 2362
f 500 2422 2423
f 524 2445 2446
f 479 2400 2401
f 418 2338 2339
f 508 2428 2429
f 553 2473 2474
f 569 2490 2491
f 538 2458 2459
f 471 2394 2395
f 443 2366 2365
f 501 2425 2424
f 523 2444 2443
f 467 2389 2390
f 433 2353 2354
f 493 2414 2413
f 527 2449 2450
f 543 2466 2467
f 485 2407 2408
f 572 2494 2495
f 557 2480 2479
f 515 2438 2437
f 428 2351 2350
f 591 2510 2511
f 587 2504 2505
f 588 2508 2507
f 594 2514 2513
f 597 2517 2516
f 600 2520 2519
f 634 2554 2556
f 619 2539 2540
f 639 2560 2561
f 602 2523 2521
f 624 2543 2544
f 608 2527 2529
f 610 2532 2530
f 627 2547 2546
f 630 2550 2549
f 635 2552 2553
f 615 2535 2534
f 617 2538 2536
f 637 2558 2557
f 604 2524 2525
f 167 1607 647
f 164 1603 644
f 163 1604 643
f 165 1610 645
f 166 1613 646
f 169 1622 649
f 192 1686 672
f 222 1773 702
f 216 1761 696
f 199 1712 679
f 182 1652 662
f 179 1648 659
f 178 1649 658
f 180 1655 660
f 181 1658 661
f 186 1670 666
f 174 1637 654
f 193 1694 673
f 205 1731 685
f 212 1739 692
f 221 1768 701
f 189 1678 669
f 170 1619 650
f 202 1709 682
f 217 1754 697
f 191 1682 671
f 220 1776 700
f 214 1758 694
f 200 1716 680
f 171 1625 651
f 210 1742 690
f 183 1663 663
f 175 1634 655
f 196 1697 676
f 207 1728 687
f 211 1746 691
f 187 1664 667
f 176 1640 656
f 195 1700 675
f 203 1724 683
f 188 1679 668
f 168 1618 648
f 198 1708 678
f 213 1753 693
f 218 1769 698
f 208 1738 688
f 185 1671 665
f 177 1643 657
f 197 1701 677
f 206 1723 686
f 184 1667 664
f 173 1633 653
f 194 1693 674
f 204 1727 684
f 209 1743 689
f 190 1685 670
f 219 1772 699
f 215 1757 695
f 201 1715 681
f 172 1628 652
f 357 2187 837
f 255 1881 735
f 262 1899 742
f 388 2277 868
f 400 2313 880
f 352 2169 832
f 347 2156 827
f 298 2010 778
f 364 2208 844
f 269 1917 749
f 339 2133 819
f 285 1971 765
f 293 1989 773
f 370 2223 850
f 396 2300 876
f 353 2174 833
f 346 2151 826
f 299 2007 779
f 365 2205 845
f 268 1920 748
f 249 1855 729
f 231 1801 711
f 226 1784 706
f 238 1820 718
f 244 1838 724
f 257 1874 737
f 359 2180 839
f 402 2310 882
f 390 2274 870
f 264 1896 744
f 327 2089 807
f 309 2035 789
f 282 1950 762
f 317 2054 797
f 322 2072 802
f 341 2126 821
f 286 1964 766
f 294 1986 774
f 372 2220 852
f 394 2291 874
f 358 2183 838
f 256 1877 736
f 261 1891 741
f 387 2269 867
f 399 2305 879
f 351 2161 831
f 348 2148 828
f 300 2004 780
f 366 2202 846
f 267 1909 747
f 340 2129 820
f 287 1967 767
f 291 1981 771
f 369 2215 849
f 395 2288 875
f 354 2166 834
f 345 2143 825
f 297 1999 777
f 363 2197 843
f 270 1914 750
f 234 1806 714
f 227 1787 707
f 239 1823 719
f 245 1841 725
f 252 1860 732
f 275 1931 755
f 334 2108 814
f 304 2018 784
f 377 2234 857
f 382 2255 862
f 312 2040 792
f 279 1945 759
f 316 2057 796
f 323 2075 803
f 330 2094 810
f 335 2111 815
f 305 2021 785
f 376 2237 856
f 383 2252 863
f 274 1928 754
f 232 1812 712
f 225 1791 705
f 237 1827 717
f 243 1845 723
f 250 1866 730
f 273 1935 753
f 336 2118 816
f 306 2028 786
f 378 2246 858
f 381 2259 861
f 311 2048 791
f 281 1953 761
f 315 2061 795
f 321 2079 801
f 328 2100 808
f 333 2115 813
f 303 2025 783
f 375 2241 855
f 384 2264 864
f 276 1938 756
f 229 1802 709
f 223 1783 703
f 235 1819 715
f 241 1837 721
f 247 1856 727
f 271 1927 751
f 332 2112 812
f 302 2022 782
f 374 2238 854
f 379 2251 859
f 307 2036 787
f 278 1949 758
f 313 2053 793
f 319 2071 799
f 325 2090 805
f 331 2107 811
f 301 2017 781
f 373 2233 853
f 380 2256 860
f 272 1932 752
f 248 1859 728
f 230 1805 710
f 224 1788 704
f 236 1824 716
f 242 1842 722
f 254 1878 734
f 356 2184 836
f 397 2306 877
f 385 2270 865
f 259 1892 739
f 326 2093 806
f 308 2039 788
f 277 1946 757
f 314 2058 794
f 320 2076 800
f 338 2130 818
f 284 1968 764
f 289 1982 769
f 367 2216 847
f 391 2287 871
f 355 2179 835
f 253 1873 733
f 260 1895 740
f 386 2273 866
f 398 2309 878
f 350 2165 830
f 343 2144 823
f 295 2000 775
f 361 2198 841
f 266 1913 746
f 337 2125 817
f 283 1963 763
f 290 1985 770
f 368 2219 848
f 392 2292 872
f 349 2162 829
f 344 2147 824
f 296 2003 776
f 362 2201 842
f 265 1910 745
f 251 1863 731
f 233 1809 713
f 228 1794 708
f 240 1830 720
f 246 1848 726
f 258 1886 738
f 360 2192 840
f 401 2318 881
f 389 2282 869
f 263 1904 743
f 329 2097 809
f 310 2043 790
f 280 1956 760
f 318 2066 798
f 324 2082 804
f 342 2138 822
f 288 1974 768
f 292 1992 772
f 371 2228 851
f 393 2295 873
f 409 2331 1269
f 405 2327 1245
f 411 2328 1252
f 414 2334 1288
f 417 2337 1306
f 431 2346 1336
f 488 2412 1551
f 575 2499 1473
f 563 2487 1599
f 519 2436 1354
f 454 2376 1479
f 450 2372 1401
f 456 2373 1408
f 459 2379 1492
f 462 2382 1504
f 472 2396 1533
f 446 2361 1414
f 506 2418 1444
f 535 2457 1594
f 541 2463 1383
f 570 2492 1323
f 480 2402 1275
f 421 2343 1263
f 511 2433 1299
f 556 2478 1317
f 484 2406 1341
f 580 2502 1564
f 567 2484 1462
f 522 2442 1588
f 427 2349 1347
f 544 2468 1521
f 468 2387 1420
f 436 2358 1395
f 499 2421 1497
f 530 2454 1515
f 548 2472 1557
f 466 2388 1425
f 442 2364 1431
f 505 2426 1570
f 536 2448 1372
f 491 2403 1282
f 423 2342 1258
f 513 2432 1294
f 564 2477 1312
f 581 2493 1330
f 549 2462 1378
f 477 2397 1540
f 445 2367 1449
f 503 2427 1575
f 525 2447 1365
f 474 2391 1486
f 438 2357 1390
f 495 2417 1437
f 532 2453 1510
f 552 2469 1528
f 490 2411 1546
f 577 2498 1468
f 559 2483 1455
f 517 2441 1581
f 430 2352 1359
f 590 2509 1272
f 584 2503 1248
f 585 2506 1253
f 592 2512 1289
f 595 2515 1307
f 598 2518 1337
f 636 2555 1554
f 621 2541 1476
f 642 2562 1602
f 601 2522 1355
f 623 2542 1482
f 611 2528 1404
f 609 2531 1409
f 625 2545 1493
f 628 2548 1505
f 632 2551 1536
f 613 2533 1415
f 616 2537 1445
f 638 2559 1595
f 606 2526 1386
f 407 1616 909
f 403 1608 891
f 404 1606 886
f 410 1612 898
f 413 1615 904
f 422 1624 922
f 486 1692 1060
f 573 1782 1240
f 561 1765 1204
f 512 1714 1102
f 452 1661 999
f 448 1653 981
f 449 1651 976
f 455 1657 988
f 458 1660 994
f 470 1675 1024
f 437 1639 952
f 494 1696 1066
f 531 1733 1138
f 539 1751 1179
f 568 1779 1233
f 478 1683 1041
f 419 1626 927
f 509 1721 1119
f 554 1766 1209
f 482 1689 1053
f 576 1778 1228
f 558 1760 1192
f 516 1718 1108
f 425 1629 933
f 542 1747 1167
f 463 1665 1005
f 434 1641 957
f 497 1704 1083
f 528 1737 1150
f 546 1750 1174
f 464 1676 1029
f 440 1644 963
f 500 1702 1077
f 524 1726 1126
f 479 1681 1036
f 418 1620 915
f 508 1710 1095
f 553 1755 1185
f 569 1771 1216
f 538 1740 1155
f 471 1673 1018
f 443 1647 970
f 501 1707 1090
f 523 1734 1143
f 467 1669 1012
f 433 1635 945
f 493 1698 1071
f 527 1729 1131
f 543 1745 1162
f 485 1687 1047
f 572 1774 1221
f 557 1762 1197
f 515 1720 1114
f 428 1632 940
f 591 2189 1284
f 587 1883 1260
f 588 1903 1296
f 594 2281 1314
f 597 2317 1332
f 600 2173 1380
f 634 2158 1542
f 619 2012 1451
f 639 2210 1577
f 602 1924 1367
f 624 2135 1488
f 608 1973 1392
f 610 1996 1439
f 627 2227 1512
f 630 2304 1530
f 635 2176 1548
f 615 2155 1470
f 617 2014 1457
f 637 2212 1583
f 604 1922 1361
f 416 1864 1270
f 408 1810 1246
f 406 1795 1251
f 412 1831 1287
f 415 1849 1305
f 424 1887 1335
f 492 2193 1552
f 582 2321 1474
f 565 2285 1600
f 514 1907 1353
f 461 2098 1480
f 453 2044 1402
f 451 1961 1407
f 457 2067 1491
f 460 2083 1503
f 475 2139 1534
f 439 1975 1413
f 496 1997 1443
f 533 2231 1593
f 551 2298 1384
f 579 2190 1324
f 483 1884 1276
f 426 1900 1264
f 521 2278 1300
f 566 2314 1318
f 489 2170 1342
f 578 2159 1563
f 560 2015 1461
f 518 2213 1587
f 429 1918 1348
f 547 2136 1522
f 465 1977 1419
f 441 1990 1396
f 504 2224 1498
f 537 2301 1516
f 550 2177 1558
f 476 2152 1426
f 444 2008 1432
f 502 2206 1569
f 526 1925 1371
f 481 1817 1281
f 420 1797 1257
f 510 1833 1293
f 555 1851 1311
f 571 1871 1329
f 540 1941 1377
f 473 2119 1539
f 447 2029 1450
f 507 2247 1576
f 534 2262 1366
f 469 2051 1485
f 435 1954 1389
f 498 2064 1438
f 529 2085 1509
f 545 2105 1527
f 487 2121 1545
f 574 2031 1467
f 562 2244 1456
f 520 2265 1582
f 432 1939 1360
f 589 1814 1271
f 583 1793 1247
f 586 1829 1254
f 593 1847 1290
f 596 1868 1308
f 599 1937 1338
f 633 2124 1553
f 620 2034 1475
f 640 2250 1601
f 603 2261 1356
f 622 2050 1481
f 607 1960 1403
f 612 2063 1410
f 626 2081 1494
f 629 2102 1506
f 631 2117 1535
f 614 2027 1416
f 618 2243 1446
f 641 2268 1596
f 605 1944 1385
f 409 1804 894
f 405 1785 887
f 411 1821 899
f 414 1839 905
f 417 1858 912
f 431 1929 941
f 488 2114 1050
f 575 2024 1224
f 563 2240 1200
f 519 2253 1115
f 454 2038 984
f 450 1951 977
f 456 2055 989
f 459 2073 995
f 462 2092 1002
f 472 2109 1019
f 446 2019 971
f 506 2235 1091
f 535 2258 1146
f 541 1934 1158
f 570 1861 1217
f 480 1807 1037
f 421 1790 918
f 511 1826 1098
f 556 1844 1188
f 484 1880 1044
f 580 2186 1236
f 567 2308 1212
f 522 2272 1122
f 427 1894 930
f 544 2095 1163
f 468 2041 1013
f 436 1948 948
f 499 2060 1074
f 530 2078 1134
f 548 2132 1170
f 466 1970 1008
f 442 1984 960
f 505 2218 1086
f 536 2289 1151
f 491 2181 1061
f 423 1875 923
f 513 1897 1103
f 564 2275 1205
f 581 2311 1241
f 549 2167 1175
f 477 2146 1032
f 445 2002 966
f 503 2200 1080
f 525 1915 1127
f 474 2127 1025
f 438 1965 953
f 495 1987 1067
f 532 2221 1139
f 552 2294 1182
f 490 2164 1056
f 577 2149 1229
f 559 2005 1193
f 517 2203 1109
f 430 1912 936
f 590 1870 1325
f 584 1816 1277
f 585 1800 1265
f 592 1836 1301
f 595 1854 1319
f 598 1890 1343
f 636 2196 1566
f 621 2320 1464
f 642 2284 1590
f 601 1906 1349
f 623 2104 1523
f 611 2047 1422
f 609 1958 1397
f 625 2070 1499
f 628 2088 1517
f 632 2142 1559
f 613 1980 1427
f 616 1994 1433
f 638 2230 1572
f 606 2297 1374
f 407 2329 892
f 403 2323 885
f 404 2326 897
f 410 2333 903
f 413 2336 910
f 422 2345 939
f 486 2409 1048
f 573 2496 1222
f 561 2485 1198
f 512 2435 1113
f 452 2374 982
f 448 2368 975
f 449 2371 987
f 455 2378 993
f 458 2381 1000
f 470 2392 1017
f 437 2360 969
f 494 2416 1089
f 531 2456 1144
f 539 2460 1156
f 568 2488 1215
f 478 2398 1035
f 419 2340 916
f 509 2430 1096
f 554 2475 1186
f 482 2404 1042
f 576 2501 1234
f 558 2482 1210
f 516 2440 1120
f 425 2347 928
f 542 2464 1161
f 463 2384 1011
f 434 2355 946
f 497 2419 1072
f 528 2451 1132
f 546 2470 1168
f 464 2385 1006
f 440 2362 958
f 500 2423 1084
f 524 2446 1149
f 479 2401 1059
f 418 2339 921
f 508 2429 1101
f 553 2474 1203
f 569 2491 1239
f 538 2459 1173
f 471 2395 1030
f 443 2365 964
f 501 2424 1078
f 523 2443 1125
f 467 2390 1023
f 433 2354 951
f 493 2413 1065
f 527 2450 1137
f 543 2467 1180
f 485 2408 1054
f 572 2495 1227
f 557 2479 1191
f 515 2437 1107
f 428 2350 934
f 591 2511 1326
f 587 2505 1278
f 588 2507 1266
f 594 2513 1302
f 597 2516 1320
f 600 2519 1344
f 634 2556 1565
f 619 2540 1463
f 639 2561 1589
f 602 2521 1350
f 624 2544 1524
f 608 2529 1421
f 610 2530 1398
f 627 2546 1500
f 630 2549 1518
f 635 2553 1560
f 615 2534 1428
f 617 2536 1434
f 637 2557 1571
f 604 2525 1373
f 164 1609 889
f 163 1605 883
f 165 1611 895
f 166 1614 901
f 167 1617 907
f 172 1631 937
f 190 1688 1045
f 219 1775 1219
f 215 1763 1195
f 201 1719 1111
f 179 1654 979
f 178 1650 973
f 180 1656 985
f 181 1659 991
f 182 1662 997
f 185 1672 1015
f 177 1646 967
f 197 1706 1087
f 206 1735 1141
f 208 1741 1153
f 218 1770 1213
f 188 1680 1033
f 168 1621 913
f 198 1711 1093
f 213 1756 1183
f 189 1684 1039
f 221 1780 1231
f 217 1767 1207
f 202 1722 1117
f 170 1627 925
f 209 1744 1159
f 184 1668 1009
f 173 1636 943
f 194 1699 1069
f 204 1730 1129
f 210 1748 1165
f 183 1666 1003
f 175 1642 955
f 196 1705 1081
f 207 1736 1147
f 192 1691 1057
f 169 1623 919
f 199 1713 1099
f 216 1764 1201
f 222 1781 1237
f 211 1749 1171
f 187 1677 1027
f 176 1645 961
f 195 1703 1075
f 203 1725 1123
f 186 1674 1021
f 174 1638 949
f 193 1695 1063
f 205 1732 1135
f 212 1752 1177
f 191 1690 1051
f 220 1777 1225
f 214 1759 1189
f 200 1717 1105
f 171 1630 931
f 358 2191 1322
f 256 1885 1274
f 261 1901 1262
f 387 2279 1298
f 399 2315 1316
f 351 2171 1340
f 348 2160 1561
f 300 2016 1459
f 366 2214 1585
f 267 1919 1346
f 340 2137 1520
f 287 1978 1417
f 291 1991 1394
f 369 2225 1496
f 395 2302 1514
f 354 2178 1556
f 345 2153 1424
f 297 2009 1430
f 363 2207 1567
f 270 1926 1369
f 247 1857 908
f 229 1803 890
f 223 1786 884
f 235 1822 896
f 241 1840 902
f 253 1876 920
f 355 2182 1058
f 398 2312 1238
f 386 2276 1202
f 260 1898 1100
f 325 2091 998
f 307 2037 980
f 278 1952 974
f 313 2056 986
f 319 2074 992
f 337 2128 1022
f 283 1966 950
f 290 1988 1064
f 368 2222 1136
f 392 2293 1178
f 356 2185 1232
f 254 1879 1040
f 259 1893 926
f 385 2271 1118
f 397 2307 1208
f 349 2163 1052
f 344 2150 1226
f 296 2006 1190
f 362 2204 1106
f 265 1911 932
f 338 2131 1166
f 284 1969 1004
f 289 1983 956
f 367 2217 1082
f 391 2290 1148
f 350 2168 1172
f 343 2145 1028
f 295 2001 962
f 361 2199 1076
f 266 1916 1124
f 230 1808 1034
f 224 1789 914
f 236 1825 1094
f 242 1843 1184
f 248 1862 1214
f 272 1933 1154
f 331 2110 1016
f 301 2020 968
f 373 2236 1088
f 380 2257 1142
f 308 2042 1010
f 277 1947 944
f 314 2059 1070
f 320 2077 1130
f 326 2096 1160
f 332 2113 1046
f 302 2023 1220
f 374 2239 1196
f 379 2254 1112
f 271 1930 938
f 234 1818 1279
f 227 1798 1255
f 239 1834 1291
f 245 1852 1309
f 252 1872 1327
f 275 1942 1375
f 334 2120 1537
f 304 2030 1448
f 377 2248 1574
f 382 2263 1364
f 312 2052 1483
f 279 1955 1387
f 316 2065 1436
f 323 2086 1507
f 330 2106 1525
f 335 2122 1543
f 305 2032 1465
f 376 2245 1454
f 383 2266 1580
f 274 1940 1358
f 232 1813 1267
f 225 1792 1243
f 237 1828 1250
f 243 1846 1286
f 250 1867 1304
f 273 1936 1334
f 336 2123 1549
f 306 2033 1471
f 378 2249 1597
f 381 2260 1352
f 311 2049 1477
f 281 1959 1399
f 315 2062 1406
f 321 2080 1490
f 328 2101 1502
f 333 2116 1531
f 303 2026 1412
f 375 2242 1442
f 384 2267 1592
f 276 1943 1381
f 251 1869 1321
f 233 1815 1273
f 228 1799 1261
f 240 1835 1297
f 246 1853 1315
f 258 1889 1339
f 360 2195 1562
f 401 2319 1460
f 389 2283 1586
f 263 1905 1345
f 329 2103 1519
f 310 2046 1418
f 280 1957 1393
f 318 2069 1495
f 324 2087 1513
f 342 2141 1555
f 288 1979 1423
f 292 1993 1429
f 371 2229 1568
f 393 2296 1370
f 357 2188 1280
f 255 1882 1256
f 262 1902 1292
f 388 2280 1310
f 400 2316 1328
f 352 2172 1376
f 347 2157 1538
f 298 2011 1447
f 364 2209 1573
f 269 1923 1363
f 339 2134 1484
f 285 1972 1388
f 293 1995 1435
f 370 2226 1508
f 396 2303 1526
f 353 2175 1544
f 346 2154 1466
f 299 2013 1453
f 365 2211 1579
f 268 1921 1357
f 249 1865 1268
f 231 1811 1244
f 226 1796 1249
f 238 1832 1285
f 244 1850 1303
f 257 1888 1333
f 359 2194 1550
f 402 2322 1472
f 390 2286 1598
f 264 1908 1351
f 327 2099 1478
f 309 2045 1400
f 282 1962 1405
f 317 2068 1489
f 322 2084 1501
f 341 2140 1532
f 286 1976 1411
f 294 1998 1441
f 372 2232 1591
f 394 2299 1382
f 416 2330 911
f 408 2324 893
f 406 2325 888
f 412 2332 900
f 415 2335 906
f 424 2344 924
f 492 2410 1062
f 582 2497 1242
f 565 2486 1206
f 514 2434 1104
f 461 2375 1001
f 453 2369 983
f 451 2370 978
f 457 2377 990
f 460 2380 996
f 475 2393 1026
f 439 2359 954
f 496 2415 1068
f 533 2455 1140
f 551 2461 1181
f 579 2489 1235
f 483 2399 1043
f 426 2341 929
f 521 2431 1121
f 566 2476 1211
f 489 2405 1055
f 578 2500 1230
f 560 2481 1194
f 518 2439 1110
f 429 2348 935
f 547 2465 1169
f 465 2383 1007
f 441 2356 959
f 504 2420 1085
f 537 2452 1152
f 550 2471 1176
f 476 2386 1031
f 444 2363 965
f 502 2422 1079
f 526 2445 1128
f 481 2400 1038
f 420 2338 917
f 510 2428 1097
f 555 2473 1187
f 571 2490 1218
f 540 2458 1157
f 473 2394 1020
f 447 2366 972
f 507 2425 1092
f 534 2444 1145
f 469 2389 1014
f 435 2353 947
f 498 2414 1073
f 529 2449 1133
f 545 2466 1164
f 487 2407 1049
f 574 2494 1223
f 562 2480 1199
f 520 2438 1116
f 432 2351 942
f 589 2510 1283
f 583 2504 1259
f 586 2508 1295
f 593 2514 1313
f 596 2517 1331
f 599 2520 1379
f 633 2554 1541
f 620 2539 1452
f 640 2560 1578
f 603 2523 1368
f 622 2543 1487
f 607 2527 1391
f 612 2532 1440
f 626 2547 1511
f 629 2550 1529
f 631 2552 1547
f 614 2535 1469
f 618 2538 1458
f 641 2558 1584
f 605 2524 1362
f 164 1607 1609
f 163 1603 1605
f 165 1604 1611
f 166 1610 1614
f 167 1613 1617
f 172 1622 1631
f 190 1686 1688
f 219 1773 1775
f 215 1761 1763
f 201 1712 1719
f 179 1652 1654
f 178 1648 1650
f 180 1649 1656
f 181 1655 1659
f 182 1658 1662
f 185 1670 1672
f 177 1637 1646
f 197 1694 1706
f 206 1731 1735
f 208 1739 1741
f 218 1768 1770
f 188 1678 1680
f 168 1619 1621
f 198 1709 1711
f 213 1754 1756
f 189 1682 1684
f 221 1776 1780
f 217 1758 1767
f 202 1716 1722
f 170 1625 1627
f 209 1742 1744
f 184 1663 1668
f 173 1634 1636
f 194 1697 1699
f 204 1728 1730
f 210 1746 1748
f 183 1664 1666
f 175 1640 1642
f 196 1700 1705
f 207 1724 1736
f 192 1679 1691
f 169 1618 1623
f 199 1708 1713
f 216 1753 1764
f 222 1769 1781
f 211 1738 1749
f 187 1671 1677
f 176 1643 1645
f 195 1701 1703
f 203 1723 1725
f 186 1667 1674
f 174 1633 1638
f 193 1693 1695
f 205 1727 1732
f 212 1743 1752
f 191 1685 1690
f 220 1772 1777
f 214 1757 1759
f 200 1715 1717
f 171 1628 1630
f 358 2187 2191
f 256 1881 1885
f 261 1899 1901
f 387 2277 2279
f 399 2313 2315
f 351 2169 2171
f 348 2156 2160
f 300 2010 2016
f 366 2208 2214
f 267 1917 1919
f 340 2133 2137
f 287 1971 1978
f 291 1989 1991
f 369 2223 2225
f 395 2300 2302
f 354 2174 2178
f 345 2151 2153
f 297 2007 2009
f 363 2205 2207
f 270 1920 1926
f 247 1855 1857
f 229 1801 1803
f 223 1784 1786
f 235 1820 1822
f 241 1838 1840
f 253 1874 1876
f 355 2180 2182
f 398 2310 2312
f 386 2274 2276
f 260 1896 1898
f 325 2089 2091
f 307 2035 2037
f 278 1950 1952
f 313 2054 2056
f 319 2072 2074
f 337 2126 2128
f 283 1964 1966
f 290 1986 1988
f 368 2220 2222
f 392 2291 2293
f 356 2183 2185
f 254 1877 1879
f 259 1891 1893
f 385 2269 2271
f 397 2305 2307
f 349 2161 2163
f 344 2148 2150
f 296 2004 2006
f 362 2202 2204
f 265 1909 1911
f 338 2129 2131
f 284 1967 1969
f 289 1981 1983
f 367 2215 2217
f 391 2288 2290
f 350 2166 2168
f 343 2143 2145
f 295 1999 2001
f 361 2197 2199
f 266 1914 1916
f 230 1806 1808
f 224 1787 1789
f 236 1823 1825
f 242 1841 1843
f 248 1860 1862
f 272 1931 1933
f 331 2108 2110
f 301 2018 2020
f 373 2234 2236
f 380 2255 2257
f 308 2040 2042
f 277 1945 1947
f 314 2057 2059
f 320 2075 2077
f 326 2094 2096
f 332 2111 2113
f 302 2021 2023
f 374 2237 2239
f 379 2252 2254
f 271 1928 1930
f 234 1812 1818
f 227 1791 1798
f 239 1827 1834
f 245 1845 1852
f 252 1866 1872
f 275 1935 1942
f 334 2118 2120
f 304 2028 2030
f 377 2246 2248
f 382 2259 2263
f 312 2048 2052
f 279 1953 1955
f 316 2061 2065
f 323 2079 2086
f 330 2100 2106
f 335 2115 2122
f 305 2025 2032
f 376 2241 2245
f 383 2264 2266
f 274 1938 1940
f 232 1802 1813
f 225 1783 1792
f 237 1819 1828
f 243 1837 1846
f 250 1856 1867
f 273 1927 1936
f 336 2112 2123
f 306 2022 2033
f 378 2238 2249
f 381 2251 2260
f 311 2036 2049
f 281 1949 1959
f 315 2053 2062
f 321 2071 2080
f 328 2090 2101
f 333 2107 2116
f 303 2017 2026
f 375 2233 2242
f 384 2256 2267
f 276 1932 1943
f 251 1859 1869
f 233 1805 1815
f 228 1788 1799
f 240 1824 1835
f 246 1842 1853
f 258 1878 1889
f 360 2184 2195
f 401 2306 2319
f 389 2270 2283
f 263 1892 1905
f 329 2093 2103
f 310 2039 2046
f 280 1946 1957
f 318 2058 2069
f 324 2076 2087
f 342 2130 2141
f 288 1968 1979
f 292 1982 1993
f 371 2216 2229
f 393 2287 2296
f 357 2179 2188
f 255 1873 1882
f 262 1895 1902
f 388 2273 2280
f 400 2309 2316
f 352 2165 2172
f 347 2144 2157
f 298 2000 2011
f 364 2198 2209
f 269 1913 1923
f 339 2125 2134
f 285 1963 1972
f 293 1985 1995
f 370 2219 2226
f 396 2292 2303
f 353 2162 2175
f 346 2147 2154
f 299 2003 2013
f 365 2201 2211
f 268 1910 1921
f 249 1863 1865
f 231 1809 1811
f 226 1794 1796
f 238 1830 1832
f 244 1848 1850
f 257 1886 1888
f 359 2192 2194
f 402 2318 2322
f 390 2282 2286
f 264 1904 1908
f 327 2097 2099
f 309 2043 2045
f 282 1956 1962
f 317 2066 2068
f 322 2082 2084
f 341 2138 2140
f 286 1974 1976
f 294 1992 1998
f 372 2228 2232
f 394 2295 2299
f 416 2331 2330
f 408 2327 2324
f 406 2328 2325
f 412 2334 2332
f 415 2337 2335
f 424 2346 2344
f 492 2412 2410
f 582 2499 2497
f 565 2487 2486
f 514 2436 2434
f 461 2376 2375
f 453 2372 2369
f 451 2373 2370
f 457 2379 2377
f 460 2382 2380
f 475 2396 2393
f 439 2361 2359
f 496 2418 2415
f 533 2457 2455
f 551 2463 2461
f 579 2492 2489
f 483 2402 2399
f 426 2343 2341
f 521 2433 2431
f 566 2478 2476
f 489 2406 2405
f 578 2502 2500
f 560 2484 2481
f 518 2442 2439
f 429 2349 2348
f 547 2468 2465
f 465 2387 2383
f 441 2358 2356
f 504 2421 2420
f 537 2454 2452
f 550 2472 2471
f 476 2388 2386
f 444 2364 2363
f 502 2426 2422
f 526 2448 2445
f 481 2403 2400
f 420 2342 2338
f 510 2432 2428
f 555 2477 2473
f 571 2493 2490
f 540 2462 2458
f 473 2397 2394
f 447 2367 2366
f 507 2427 2425
f 534 2447 2444
f 469 2391 2389
f 435 2357 2353
f 498 2417 2414
f 529 2453 2449
f 545 2469 2466
f 487 2411 2407
f 574 2498 2494
f 562 2483 2480
f 520 2441 2438
f 432 2352 2351
f 589 2509 2510
f 583 2503 2504
f 586 2506 2508
f 593 2512 2514
f 596 2515 2517
f 599 2518 2520
f 633 2555 2554
f 620 2541 2539
f 640 2562 2560
f 603 2522 2523
f 622 2542 2543
f 607 2528 2527
f 612 2531 2532
f 626 2545 2547
f 629 2548 2550
f 631 2551 2552
f 614 2533 2535
f 618 2537 2538
f 641 2559 2558
f 605 2526 2524
f 164 644 1607
f 163 643 1603
f 165 645 1604
f 166 646 1610
f 167 647 1613
f 172 652 1622
f 190 670 1686
f 219 699 1773
f 215 695 1761
f 201 681 1712
f 179 659 1652
f 178 658 1648
f 180 660 1649
f 181 661 1655
f 182 662 1658
f 185 665 1670
f 177 657 1637
f 197 677 1694
f 206 686 1731
f 208 688 1739
f 218 698 1768
f 188 668 1678
f 168 648 1619
f 198 678 1709
f 213 693 1754
f 189 669 1682
f 221 701 1776
f 217 697 1758
f 202 682 1716
f 170 650 1625
f 209 689 1742
f 184 664 1663
f 173 653 1634
f 194 674 1697
f 204 684 1728
f 210 690 1746
f 183 663 1664
f 175 655 1640
f 196 676 1700
f 207 687 1724
f 192 672 1679
f 169 649 1618
f 199 679 1708
f 216 696 1753
f 222 702 1769
f 211 691 1738
f 187 667 1671
f 176 656 1643
f 195 675 1701
f 203 683 1723
f 186 666 1667
f 174 654 1633
f 193 673 1693
f 205 685 1727
f 212 692 1743
f 191 671 1685
f 220 700 1772
f 214 694 1757
f 200 680 1715
f 171 651 1628
f 358 838 2187
f 256 736 1881
f 261 741 1899
f 387 867 2277
f 399 879 2313
f 351 831 2169
f 348 828 2156
f 300 780 2010
f 366 846 2208
f 267 747 1917
f 340 820 2133
f 287 767 1971
f 291 771 1989
f 369 849 2223
f 395 875 2300
f 354 834 2174
f 345 825 2151
f 297 777 2007
f 363 843 2205
f 270 750 1920
f 247 727 1855
f 229 709 1801
f 223 703 1784
f 235 715 1820
f 241 721 1838
f 253 733 1874
f 355 835 2180
f 398 878 2310
f 386 866 2274
f 260 740 1896
f 325 805 2089
f 307 787 2035
f 278 758 1950
f 313 793 2054
f 319 799 2072
f 337 817 2126
f 283 763 1964
f 290 770 1986
f 368 848 2220
f 392 872 2291
f 356 836 2183
f 254 734 1877
f 259 739 1891
f 385 865 2269
f 397 877 2305
f 349 829 2161
f 344 824 2148
f 296 776 2004
f 362 842 2202
f 265 745 1909
f 338 818 2129
f 284 764 1967
f 289 769 1981
f 367 847 2215
f 391 871 2288
f 350 830 2166
f 343 823 2143
f 295 775 1999
f 361 841 2197
f 266 746 1914
f 230 710 1806
f 224 704 1787
f 236 716 1823
f 242 722 1841
f 248 728 1860
f 272 752 1931
f 331 811 2108
f 301 781 2018
f 373 853 2234
f 380 860 2255
f 308 788 2040
f 277 757 1945
f 314 794 2057
f 320 800 2075
f 326 806 2094
f 332 812 2111
f 302 782 2021
f 374 854 2237
f 379 859 2252
f 271 751 1928
f 234 714 1812
f 227 707 1791
f 239 719 1827
f 245 725 1845
f 252 732 1866
f 275 755 1935
f 334 814 2118
f 304 784 2028
f 377 857 2246
f 382 862 2259
f 312 792 2048
f 279 759 1953
f 316 796 2061
f 323 803 2079
f 330 810 2100
f 335 815 2115
f 305 785 2025
f 376 856 2241
f 383 863 2264
f 274 754 1938
f 232 712 1802
f 225 705 1783
f 237 717 1819
f 243 723 1837
f 250 730 1856
f 273 753 1927
f 336 816 2112
f 306 786 2022
f 378 858 2238
f 381 861 2251
f 311 791 2036
f 281 761 1949
f 315 795 2053
f 321 801 2071
f 328 808 2090
f 333 813 2107
f 303 783 2017
f 375 855 2233
f 384 864 2256
f 276 756 1932
f 251 731 1859
f 233 713 1805
f 228 708 1788
f 240 720 1824
f 246 726 1842
f 258 738 1878
f 360 840 2184
f 401 881 2306
f 389 869 2270
f 263 743 1892
f 329 809 2093
f 310 790 2039
f 280 760 1946
f 318 798 2058
f 324 804 2076
f 342 822 2130
f 288 768 1968
f 292 772 1982
f 371 851 2216
f 393 873 2287
f 357 837 2179
f 255 735 1873
f 262 742 1895
f 388 868 2273
f 400 880 2309
f 352 832 2165
f 347 827 2144
f 298 778 2000
f 364 844 2198
f 269 749 1913
f 339 819 2125
f 285 765 1963
f 293 773 1985
f 370 850 2219
f 396 876 2292
f 353 833 2162
f 346 826 2147
f 299 779 2003
f 365 845 2201
f 268 748 1910
f 249 729 1863
f 231 711 1809
f 226 706 1794
f 238 718 1830
f 244 724 1848
f 257 737 1886
f 359 839 2192
f 402 882 2318
f 390 870 2282
f 264 744 1904
f 327 807 2097
f 309 789 2043
f 282 762 1956
f 317 797 2066
f 322 802 2082
f 341 821 2138
f 286 766 1974
f 294 774 1992
f 372 852 2228
f 394 874 2295
f 416 1270 2331
f 408 1246 2327
f 406 1251 2328
f 412 1287 2334
f 415 1305 2337
f 424 1335 2346
f 492 1552 2412
f 582 1474 2499
f 565 1600 2487
f 514 1353 2436
f 461 1480 2376
f 453 1402 2372
f 451 1407 2373
f 457 1491 2379
f 460 1503 2382
f 475 1534 2396
f 439 1413 2361
f 496 1443 2418
f 533 1593 2457
f 551 1384 2463
f 579 1324 2492
f 483 1276 2402
f 426 1264 2343
f 521 1300 2433
f 566 1318 2478
f 489 1342 2406
f 578 1563 2502
f 560 1461 2484
f 518 1587 2442
f 429 1348 2349
f 547 1522 2468
f 465 1419 2387
f 441 1396 2358
f 504 1498 2421
f 537 1516 2454
f 550 1558 2472
f 476 1426 2388
f 444 1432 2364
f 502 1569 2426
f 526 1371 2448
f 481 1281 2403
f 420 1257 2342
f 510 1293 2432
f 555 1311 2477
f 571 1329 2493
f 540 1377 2462
f 473 1539 2397
f 447 1450 2367
f 507 1576 2427
f 534 1366 2447
f 469 1485 2391
f 435 1389 2357
f 498 1438 2417
f 529 1509 2453
f 545 1527 2469
f 487 1545 2411
f 574 1467 2498
f 562 1456 2483
f 520 1582 2441
f 432 1360 2352
f 589 1271 2509
f 583 1247 2503
f 586 1254 2506
f 593 1290 2512
f 596 1308 2515
f 599 1338 2518
f 633 1553 2555
f 620 1475 2541
f 640 1601 2562
f 603 1356 2522
f 622 1481 2542
f 607 1403 2528
f 612 1410 2531
f 626 1494 2545
f 629 1506 2548
f 631 1535 2551
f 614 1416 2533
f 618 1446 2537
f 641 1596 2559
f 605 1385 2526
f 167 907 1616
f 164 889 1608
f 163 883 1606
f 165 895 1612
f 166 901 1615
f 169 919 1624
f 192 1057 1692
f 222 1237 1782
f 216 1201 1765
f 199 1099 1714
f 182 997 1661
f 179 979 1653
f 178 973 1651
f 180 985 1657
f 181 991 1660
f 186 1021 1675
f 174 949 1639
f 193 1063 1696
f 205 1135 1733
f 212 1177 1751
f 221 1231 1779
f 189 1039 1683
f 170 925 1626
f 202 1117 1721
f 217 1207 1766
f 191 1051 1689
f 220 1225 1778
f 214 1189 1760
f 200 1105 1718
f 171 931 1629
f 210 1165 1747
f 183 1003 1665
f 175 955 1641
f 196 1081 1704
f 207 1147 1737
f 211 1171 1750
f 187 1027 1676
f 176 961 1644
f 195 1075 1702
f 203 1123 1726
f 188 1033 1681
f 168 913 1620
f 198 1093 1710
f 213 1183 1755
f 218 1213 1771
f 208 1153 1740
f 185 1015 1673
f 177 967 1647
f 197 1087 1707
f 206 1141 1734
f 184 1009 1669
f 173 943 1635
f 194 1069 1698
f 204 1129 1729
f 209 1159 1745
f 190 1045 1687
f 219 1219 1774
f 215 1195 1762
f 201 1111 1720
f 172 937 1632
f 357 1280 2189
f 255 1256 1883
f 262 1292 1903
f 388 1310 2281
f 400 1328 2317
f 352 1376 2173
f 347 1538 2158
f 298 1447 2012
f 364 1573 2210
f 269 1363 1924
f 339 1484 2135
f 285 1388 1973
f 293 1435 1996
f 370 1508 2227
f 396 1526 2304
f 353 1544 2176
f 346 1466 2155
f 299 1453 2014
f 365 1579 2212
f 268 1357 1922
f 249 1268 1864
f 231 1244 1810
f 226 1249 1795
f 238 1285 1831
f 244 1303 1849
f 257 1333 1887
f 359 1550 2193
f 402 1472 2321
f 390 1598 2285
f 264 1351 1907
f 327 1478 2098
f 309 1400 2044
f 282 1405 1961
f 317 1489 2067
f 322 1501 2083
f 341 1532 2139
f 286 1411 1975
f 294 1441 1997
f 372 1591 2231
f 394 1382 2298
f 358 1322 2190
f 256 1274 1884
f 261 1262 1900
f 387 1298 2278
f 399 1316 2314
f 351 1340 2170
f 348 1561 2159
f 300 1459 2015
f 366 1585 2213
f 267 1346 1918
f 340 1520 2136
f 287 1417 1977
f 291 1394 1990
f 369 1496 2224
f 395 1514 2301
f 354 1556 2177
f 345 1424 2152
f 297 1430 2008
f 363 1567 2206
f 270 1369 1925
f 234 1279 1817
f 227 1255 1797
f 239 1291 1833
f 245 1309 1851
f 252 1327 1871
f 275 1375 1941
f 334 1537 2119
f 304 1448 2029
f 377 1574 2247
f 382 1364 2262
f 312 1483 2051
f 279 1387 1954
f 316 1436 2064
f 323 1507 2085
f 330 1525 2105
f 335 1543 2121
f 305 1465 2031
f 376 1454 2244
f 383 1580 2265
f 274 1358 1939
f 232 1267 1814
f 225 1243 1793
f 237 1250 1829
f 243 1286 1847
f 250 1304 1868
f 273 1334 1937
f 336 1549 2124
f 306 1471 2034
f 378 1597 2250
f 381 1352 2261
f 311 1477 2050
f 281 1399 1960
f 315 1406 2063
f 321 1490 2081
f 328 1502 2102
f 333 1531 2117
f 303 1412 2027
f 375 1442 2243
f 384 1592 2268
f 276 1381 1944
f 229 890 1804
f 223 884 1785
f 235 896 1821
f 241 902 1839
f 247 908 1858
f 271 938 1929
f 332 1046 2114
f 302 1220 2024
f 374 1196 2240
f 379 1112 2253
f 307 980 2038
f 278 974 1951
f 313 986 2055
f 319 992 2073
f 325 998 2092
f 331 1016 2109
f 301 968 2019
f 373 1088 2235
f 380 1142 2258
f 272 1154 1934
f 248 1214 1861
f 230 1034 1807
f 224 914 1790
f 236 1094 1826
f 242 1184 1844
f 254 1040 1880
f 356 1232 2186
f 397 1208 2308
f 385 1118 2272
f 259 926 1894
f 326 1160 2095
f 308 1010 2041
f 277 944 1948
f 314 1070 2060
f 320 1130 2078
f 338 1166 2132
f 284 1004 1970
f 289 956 1984
f 367 1082 2218
f 391 1148 2289
f 355 1058 2181
f 253 920 1875
f 260 1100 1897
f 386 1202 2275
f 398 1238 2311
f 350 1172 2167
f 343 1028 2146
f 295 962 2002
f 361 1076 2200
f 266 1124 1915
f 337 1022 2127
f 283 950 1965
f 290 1064 1987
f 368 1136 2221
f 392 1178 2294
f 349 1052 2164
f 344 1226 2149
f 296 1190 2005
f 362 1106 2203
f 265 932 1912
f 251 1321 1870
f 233 1273 1816
f 228 1261 1800
f 240 1297 1836
f 246 1315 1854
f 258 1339 1890
f 360 1562 2196
f 401 1460 2320
f 389 1586 2284
f 263 1345 1906
f 329 1519 2104
f 310 1418 2047
f 280 1393 1958
f 318 1495 2070
f 324 1513 2088
f 342 1555 2142
f 288 1423 1980
f 292 1429 1994
f 371 1568 2230
f 393 1370 2297
f 409 894 2329
f 405 887 2323
f 411 899 2326
f 414 905 2333
f 417 912 2336
f 431 941 2345
f 488 1050 2409
f 575 1224 2496
f 563 1200 2485
f 519 1115 2435
f 454 984 2374
f 450 977 2368
f 456 989 2371
f 459 995 2378
f 462 1002 2381
f 472 1019 2392
f 446 971 2360
f 506 1091 2416
f 535 1146 2456
f 541 1158 2460
f 570 1217 2488
f 480 1037 2398
f 421 918 2340
f 511 1098 2430
f 556 1188 2475
f 484 1044 2404
f 580 1236 2501
f 567 1212 2482
f 522 1122 2440
f 427 930 2347
f 544 1163 2464
f 468 1013 2384
f 436 948 2355
f 499 1074 2419
f 530 1134 2451
f 548 1170 2470
f 466 1008 2385
f 442 960 2362
f 505 1086 2423
f 536 1151 2446
f 491 1061 2401
f 423 923 2339
f 513 1103 2429
f 564 1205 2474
f 581 1241 2491
f 549 1175 2459
f 477 1032 2395
f 445 966 2365
f 503 1080 2424
f 525 1127 2443
f 474 1025 2390
f 438 953 2354
f 495 1067 2413
f 532 1139 2450
f 552 1182 2467
f 490 1056 2408
f 577 1229 2495
f 559 1193 2479
f 517 1109 2437
f 430 936 2350
f 590 1325 2511
f 584 1277 2505
f 585 1265 2507
f 592 1301 2513
f 595 1319 2516
f 598 1343 2519
f 636 1566 2556
f 621 1464 2540
f 642 1590 2561
f 601 1349 2521
f 623 1523 2544
f 611 1422 2529
f 609 1397 2530
f 625 1499 2546
f 628 1517 2549
f 632 1559 2553
f 613 1427 2534
f 616 1433 2536
f 638 1572 2557
f 606 1374 2525
f 407 892 1609
f 403 885 1605
f 404 897 1611
f 410 903 1614
f 413 910 1617
f 422 939 1631
f 486 1048 1688
f 573 1222 1775
f 561 1198 1763
f 512 1113 1719
f 452 982 1654
f 448 975 1650
f 449 987 1656
f 455 993 1659
f 458 1000 1662
f 470 1017 1672
f 437 969 1646
f 494 1089 1706
f 531 1144 1735
f 539 1156 1741
f 568 1215 1770
f 478 1035 1680
f 419 916 1621
f 509 1096 1711
f 554 1186 1756
f 482 1042 1684
f 576 1234 1780
f 558 1210 1767
f 516 1120 1722
f 425 928 1627
f 542 1161 1744
f 463 1011 1668
f 434 946 1636
f 497 1072 1699
f 528 1132 1730
f 546 1168 1748
f 464 1006 1666
f 440 958 1642
f 500 1084 1705
f 524 1149 1736
f 479 1059 1691
f 418 921 1623
f 508 1101 1713
f 553 1203 1764
f 569 1239 1781
f 538 1173 1749
f 471 1030 1677
f 443 964 1645
f 501 1078 1703
f 523 1125 1725
f 467 1023 1674
f 433 951 1638
f 493 1065 1695
f 527 1137 1732
f 543 1180 1752
f 485 1054 1690
f 572 1227 1777
f 557 1191 1759
f 515 1107 1717
f 428 934 1630
f 591 1326 2191
f 587 1278 1885
f 588 1266 1901
f 594 1302 2279
f 597 1320 2315
f 600 1344 2171
f 634 1565 2160
f 619 1463 2016
f 639 1589 2214
f 602 1350 1919
f 624 1524 2137
f 608 1421 1978
f 610 1398 1991
f 627 1500 2225
f 630 1518 2302
f 635 1560 2178
f 615 1428 2153
f 617 1434 2009
f 637 1571 2207
f 604 1373 1926
f 416 911 1857
f 408 893 1803
f 406 888 1786
f 412 900 1822
f 415 906 1840
f 424 924 1876
f 492 1062 2182
f 582 1242 2312
f 565 1206 2276
f 514 1104 1898
f 461 1001 2091
f 453 983 2037
f 451 978 1952
f 457 990 2056
f 460 996 2074
f 475 1026 2128
f 439 954 1966
f 496 1068 1988
f 533 1140 2222
f 551 1181 2293
f 579 1235 2185
f 483 1043 1879
f 426 929 1893
f 521 1121 2271
f 566 1211 2307
f 489 1055 2163
f 578 1230 2150
f 560 1194 2006
f 518 1110 2204
f 429 935 1911
f 547 1169 2131
f 465 1007 1969
f 441 959 1983
f 504 1085 2217
f 537 1152 2290
f 550 1176 2168
f 476 1031 2145
f 444 965 2001
f 502 1079 2199
f 526 1128 1916
f 481 1038 1808
f 420 917 1789
f 510 1097 1825
f 555 1187 1843
f 571 1218 1862
f 540 1157 1933
f 473 1020 2110
f 447 972 2020
f 507 1092 2236
f 534 1145 2257
f 469 1014 2042
f 435 947 1947
f 498 1073 2059
f 529 1133 2077
f 545 1164 2096
f 487 1049 2113
f 574 1223 2023
f 562 1199 2239
f 520 1116 2254
f 432 942 1930
f 589 1283 1818
f 583 1259 1798
f 586 1295 1834
f 593 1313 1852
f 596 1331 1872
f 599 1379 1942
f 633 1541 2120
f 620 1452 2030
f 640 1578 2248
f 603 1368 2263
f 622 1487 2052
f 607 1391 1955
f 612 1440 2065
f 626 1511 2086
f 629 1529 2106
f 631 1547 2122
f 614 1469 2032
f 618 1458 2245
f 641 1584 2266
f 605 1362 1940
f 409 1269 1813
f 405 1245 1792
f 411 1252 1828
f 414 1288 1846
f 417 1306 1867
f 431 1336 1936
f 488 1551 2123
f 575 1473 2033
f 563 1599 2249
f 519 1354 2260
f 454 1479 2049
f 450 1401 1959
f 456 1408 2062
f 459 1492 2080
f 462 1504 2101
f 472 1533 2116
f 446 1414 2026
f 506 1444 2242
f 535 1594 2267
f 541 1383 1943
f 570 1323 1869
f 480 1275 1815
f 421 1263 1799
f 511 1299 1835
f 556 1317 1853
f 484 1341 1889
f 580 1564 2195
f 567 1462 2319
f 522 1588 2283
f 427 1347 1905
f 544 1521 2103
f 468 1420 2046
f 436 1395 1957
f 499 1497 2069
f 530 1515 2087
f 548 1557 2141
f 466 1425 1979
f 442 1431 1993
f 505 1570 2229
f 536 1372 2296
f 491 1282 2188
f 423 1258 1882
f 513 1294 1902
f 564 1312 2280
f 581 1330 2316
f 549 1378 2172
f 477 1540 2157
f 445 1449 2011
f 503 1575 2209
f 525 1365 1923
f 474 1486 2134
f 438 1390 1972
f 495 1437 1995
f 532 1510 2226
f 552 1528 2303
f 490 1546 2175
f 577 1468 2154
f 559 1455 2013
f 517 1581 2211
f 430 1359 1921
f 590 1272 1865
f 584 1248 1811
f 585 1253 1796
f 592 1289 1832
f 595 1307 1850
f 598 1337 1888
f 636 1554 2194
f 621 1476 2322
f 642 1602 2286
f 601 1355 1908
f 623 1482 2099
f 611 1404 2045
f 609 1409 1962
f 625 1493 2068
f 628 1505 2084
f 632 1536 2140
f 613 1415 1976
f 616 1445 1998
f 638 1595 2232
f 606 1386 2299
f 407 909 2330
f 403 891 2324
f 404 886 2325
f 410 898 2332
f 413 904 2335
f 422 922 2344
f 486 1060 2410
f 573 1240 2497
f 561 1204 2486
f 512 1102 2434
f 452 999 2375
f 448 981 2369
f 449 976 2370
f 455 988 2377
f 458 994 2380
f 470 1024 2393
f 437 952 2359
f 494 1066 2415
f 531 1138 2455
f 539 1179 2461
f 568 1233 2489
f 478 1041 2399
f 419 927 2341
f 509 1119 2431
f 554 1209 2476
f 482 1053 2405
f 576 1228 2500
f 558 1192 2481
f 516 1108 2439
f 425 933 2348
f 542 1167 2465
f 463 1005 2383
f 434 957 2356
f 497 1083 2420
f 528 1150 2452
f 546 1174 2471
f 464 1029 2386
f 440 963 2363
f 500 1077 2422
f 524 1126 2445
f 479 1036 2400
f 418 915 2338
f 508 1095 2428
f 553 1185 2473
f 569 1216 2490
f 538 1155 2458
f 471 1018 2394
f 443 970 2366
f 501 1090 2425
f 523 1143 2444
f 467 1012 2389
f 433 945 2353
f 493 1071 2414
f 527 1131 2449
f 543 1162 2466
f 485 1047 2407
f 572 1221 2494
f 557 1197 2480
f 515 1114 2438
f 428 940 2351
f 591 1284 2510
f 587 1260 2504
f 588 1296 2508
f 594 1314 2514
f 597 1332 2517
f 600 1380 2520
f 634 1542 2554
f 619 1451 2539
f 639 1577 2560
f 602 1367 2523
f 624 1488 2543
f 608 1392 2527
f 610 1439 2532
f 627 1512 2547
f 630 1530 2550
f 635 1548 2552
f 615 1470 2535
f 617 1457 2538
f 637 1583 2558
f 604 1361 2524
f 167 1616 1607
f 164 1608 1603
f 163 1606 1604
f 165 1612 1610
f 166 1615 1613
f 169 1624 1622
f 192 1692 1686
f 222 1782 1773
f 216 1765 1761
f 199 1714 1712
f 182 1661 1652
f 179 1653 1648
f 178 1651 1649
f 180 1657 1655
f 181 1660 1658
f 186 1675 1670
f 174 1639 1637
f 193 1696 1694
f 205 1733 1731
f 212 1751 1739
f 221 1779 1768
f 189 1683 1678
f 170 1626 1619
f 202 1721 1709
f 217 1766 1754
f 191 1689 1682
f 220 1778 1776
f 214 1760 1758
f 200 1718 1716
f 171 1629 1625
f 210 1747 1742
f 183 1665 1663
f 175 1641 1634
f 196 1704 1697
f 207 1737 1728
f 211 1750 1746
f 187 1676 1664
f 176 1644 1640
f 195 1702 1700
f 203 1726 1724
f 188 1681 1679
f 168 1620 1618
f 198 1710 1708
f 213 1755 1753
f 218 1771 1769
f 208 1740 1738
f 185 1673 1671
f 177 1647 1643
f 197 1707 1701
f 206 1734 1723
f 184 1669 1667
f 173 1635 1633
f 194 1698 1693
f 204 1729 1727
f 209 1745 1743
f 190 1687 1685
f 219 1774 1772
f 215 1762 1757
f 201 1720 1715
f 172 1632 1628
f 357 2189 2187
f 255 1883 1881
f 262 1903 1899
f 388 2281 2277
f 400 2317 2313
f 352 2173 2169
f 347 2158 2156
f 298 2012 2010
f 364 2210 2208
f 269 1924 1917
f 339 2135 2133
f 285 1973 1971
f 293 1996 1989
f 370 2227 2223
f 396 2304 2300
f 353 2176 2174
f 346 2155 2151
f 299 2014 2007
f 365 2212 2205
f 268 1922 1920
f 249 1864 1855
f 231 1810 1801
f 226 1795 1784
f 238 1831 1820
f 244 1849 1838
f 257 1887 1874
f 359 2193 2180
f 402 2321 2310
f 390 2285 2274
f 264 1907 1896
f 327 2098 2089
f 309 2044 2035
f 282 1961 1950
f 317 2067 2054
f 322 2083 2072
f 341 2139 2126
f 286 1975 1964
f 294 1997 1986
f 372 2231 2220
f 394 2298 2291
f 358 2190 2183
f 256 1884 1877
f 261 1900 1891
f 387 2278 2269
f 399 2314 2305
f 351 2170 2161
f 348 2159 2148
f 300 2015 2004
f 366 2213 2202
f 267 1918 1909
f 340 2136 2129
f 287 1977 1967
f 291 1990 1981
f 369 2224 2215
f 395 2301 2288
f 354 2177 2166
f 345 2152 2143
f 297 2008 1999
f 363 2206 2197
f 270 1925 1914
f 234 1817 1806
f 227 1797 1787
f 239 1833 1823
f 245 1851 1841
f 252 1871 1860
f 275 1941 1931
f 334 2119 2108
f 304 2029 2018
f 377 2247 2234
f 382 2262 2255
f 312 2051 2040
f 279 1954 1945
f 316 2064 2057
f 323 2085 2075
f 330 2105 2094
f 335 2121 2111
f 305 2031 2021
f 376 2244 2237
f 383 2265 2252
f 274 1939 1928
f 232 1814 1812
f 225 1793 1791
f 237 1829 1827
f 243 1847 1845
f 250 1868 1866
f 273 1937 1935
f 336 2124 2118
f 306 2034 2028
f 378 2250 2246
f 381 2261 2259
f 311 2050 2048
f 281 1960 1953
f 315 2063 2061
f 321 2081 2079
f 328 2102 2100
f 333 2117 2115
f 303 2027 2025
f 375 2243 2241
f 384 2268 2264
f 276 1944 1938
f 229 1804 1802
f 223 1785 1783
f 235 1821 1819
f 241 1839 1837
f 247 1858 1856
f 271 1929 1927
f 332 2114 2112
f 302 2024 2022
f 374 2240 2238
f 379 2253 2251
f 307 2038 2036
f 278 1951 1949
f 313 2055 2053
f 319 2073 2071
f 325 2092 2090
f 331 2109 2107
f 301 2019 2017
f 373 2235 2233
f 380 2258 2256
f 272 1934 1932
f 248 1861 1859
f 230 1807 1805
f 224 1790 1788
f 236 1826 1824
f 242 1844 1842
f 254 1880 1878
f 356 2186 2184
f 397 2308 2306
f 385 2272 2270
f 259 1894 1892
f 326 2095 2093
f 308 2041 2039
f 277 1948 1946
f 314 2060 2058
f 320 2078 2076
f 338 2132 2130
f 284 1970 1968
f 289 1984 1982
f 367 2218 2216
f 391 2289 2287
f 355 2181 2179
f 253 1875 1873
f 260 1897 1895
f 386 2275 2273
f 398 2311 2309
f 350 2167 2165
f 343 2146 2144
f 295 2002 2000
f 361 2200 2198
f 266 1915 1913
f 337 2127 2125
f 283 1965 1963
f 290 1987 1985
f 368 2221 2219
f 392 2294 2292
f 349 2164 2162
f 344 2149 2147
f 296 2005 2003
f 362 2203 2201
f 265 1912 1910
f 251 1870 1863
f 233 1816 1809
f 228 1800 1794
f 240 1836 1830
f 246 1854 1848
f 258 1890 1886
f 360 2196 2192
f 401 2320 2318
f 389 2284 2282
f 263 1906 1904
f 329 2104 2097
f 310 2047 2043
f 280 1958 1956
f 318 2070 2066
f 324 2088 2082
f 342 2142 2138
f 288 1980 1974
f 292 1994 1992
f 371 2230 2228
f 393 2297 2295
f 409 2329 2331
f 405 2323 2327
f 411 2326 2328
f 414 2333 2334
f 417 2336 2337
f 431 2345 2346
f 488 2409 2412
f 575 2496 2499
f 563 2485 2487
f 519 2435 2436
f 454 2374 2376
f 450 2368 2372
f 456 2371 2373
f 459 2378 2379
f 462 2381 2382
f 472 2392 2396
f 446 2360 2361
f 506 2416 2418
f 535 2456 2457
f 541 2460 2463
f 570 2488 2492
f 480 2398 2402
f 421 2340 2343
f 511 2430 2433
f 556 2475 2478
f 484 2404 2406
f 580 2501 2502
f 567 2482 2484
f 522 2440 2442
f 427 2347 2349
f 544 2464 2468
f 468 2384 2387
f 436 2355 2358
f 499 2419 2421
f 530 2451 2454
f 548 2470 2472
f 466 2385 2388
f 442 2362 2364
f 505 2423 2426
f 536 2446 2448
f 491 2401 2403
f 423 2339 2342
f 513 2429 2432
f 564 2474 2477
f 581 2491 2493
f 549 2459 2462
f 477 2395 2397
f 445 2365 2367
f 503 2424 2427
f 525 2443 2447
f 474 2390 2391
f 438 2354 2357
f 495 2413 2417
f 532 2450 2453
f 552 2467 2469
f 490 2408 2411
f 577 2495 2498
f 559 2479 2483
f 517 2437 2441
f 430 2350 2352
f 590 2511 2509
f 584 2505 2503
f 585 2507 2506
f 592 2513 2512
f 595 2516 2515
f 598 2519 2518
f 636 2556 2555
f 621 2540 2541
f 642 2561 2562
f 601 2521 2522
f 623 2544 2542
f 611 2529 2528
f 609 2530 2531
f 625 2546 2545
f 628 2549 2548
f 632 2553 2551
f 613 2534 2533
f 616 2536 2537
f 638 2557 2559
f 606 2525 2526
f 1607 644 647
f 1603 643 644
f 1604 645 643
f 1610 646 645
f 1613 647 646
f 1622 652 649
f 1686 670 672
f 1773 699 702
f 1761 695 696
f 1712 681 679
f 1652 659 662
f 1648 658 659
f 1649 660 658
f 1655 661 660
f 1658 662 661
f 1670 665 666
f 1637 657 654
f 1694 677 673
f 1731 686 685
f 1739 688 692
f 1768 698 701
f 1678 668 669
f 1619 648 650
f 1709 678 682
f 1754 693 697
f 1682 669 671
f 1776 701 700
f 1758 697 694
f 1716 682 680
f 1625 650 651
f 1742 689 690
f 1663 664 663
f 1634 653 655
f 1697 674 676
f 1728 684 687
f 1746 690 691
f 1664 663 667
f 1640 655 656
f 1700 676 675
f 1724 687 683
f 1679 672 668
f 1618 649 648
f 1708 679 678
f 1753 696 693
f 1769 702 698
f 1738 691 688
f 1671 667 665
f 1643 656 657
f 1701 675 677
f 1723 683 686
f 1667 666 664
f 1633 654 653
f 1693 673 674
f 1727 685 684
f 1743 692 689
f 1685 671 670
f 1772 700 699
f 1757 694 695
f 1715 680 681
f 1628 651 652
f 2187 838 837
f 1881 736 735
f 1899 741 742
f 2277 867 868
f 2313 879 880
f 2169 831 832
f 2156 828 827
f 2010 780 778
f 2208 846 844
f 1917 747 749
f 2133 820 819
f 1971 767 765
f 1989 771 773
f 2223 849 850
f 2300 875 876
f 2174 834 833
f 2151 825 826
f 2007 777 779
f 2205 843 845
f 1920 750 748
f 1855 727 729
f 1801 709 711
f 1784 703 706
f 1820 715 718
f 1838 721 724
f 1874 733 737
f 2180 835 839
f 2310 878 882
f 2274 866 870
f 1896 740 744
f 2089 805 807
f 2035 787 789
f 1950 758 762
f 2054 793 797
f 2072 799 802
f 2126 817 821
f 1964 763 766
f 1986 770 774
f 2220 848 852
f 2291 872 874
f 2183 836 838
f 1877 734 736
f 1891 739 741
f 2269 865 867
f 2305 877 879
f 2161 829 831
f 2148 824 828
f 2004 776 780
f 2202 842 846
f 1909 745 747
f 2129 818 820
f 1967 764 767
f 1981 769 771
f 2215 847 849
f 2288 871 875
f 2166 830 834
f 2143 823 825
f 1999 775 777
f 2197 841 843
f 1914 746 750
f 1806 710 714
f 1787 704 707
f 1823 716 719
f 1841 722 725
f 1860 728 732
f 1931 752 755
f 2108 811 814
f 2018 781 784
f 2234 853 857
f 2255 860 862
f 2040 788 792
f 1945 757 759
f 2057 794 796
f 2075 800 803
f 2094 806 810
f 2111 812 815
f 2021 782 785
f 2237 854 856
f 2252 859 863
f 1928 751 754
f 1812 714 712
f 1791 707 705
f 1827 719 717
f 1845 725 723
f 1866 732 730
f 1935 755 753
f 2118 814 816
f 2028 784 786
f 2246 857 858
f 2259 862 861
f 2048 792 791
f 1953 759 761
f 2061 796 795
f 2079 803 801
f 2100 810 808
f 2115 815 813
f 2025 785 783
f 2241 856 855
f 2264 863 864
f 1938 754 756
f 1802 712 709
f 1783 705 703
f 1819 717 715
f 1837 723 721
f 1856 730 727
f 1927 753 751
f 2112 816 812
f 2022 786 782
f 2238 858 854
f 2251 861 859
f 2036 791 787
f 1949 761 758
f 2053 795 793
f 2071 801 799
f 2090 808 805
f 2107 813 811
f 2017 783 781
f 2233 855 853
f 2256 864 860
f 1932 756 752
f 1859 731 728
f 1805 713 710
f 1788 708 704
f 1824 720 716
f 1842 726 722
f 1878 738 734
f 2184 840 836
f 2306 881 877
f 2270 869 865
f 1892 743 739
f 2093 809 806
f 2039 790 788
f 1946 760 757
f 2058 798 794
f 2076 804 800
f 2130 822 818
f 1968 768 764
f 1982 772 769
f 2216 851 847
f 2287 873 871
f 2179 837 835
f 1873 735 733
f 1895 742 740
f 2273 868 866
f 2309 880 878
f 2165 832 830
f 2144 827 823
f 2000 778 775
f 2198 844 841
f 1913 749 746
f 2125 819 817
f 1963 765 763
f 1985 773 770
f 2219 850 848
f 2292 876 872
f 2162 833 829
f 2147 826 824
f 2003 779 776
f 2201 845 842
f 1910 748 745
f 1863 729 731
f 1809 711 713
f 1794 706 708
f 1830 718 720
f 1848 724 726
f 1886 737 738
f 2192 839 840
f 2318 882 881
f 2282 870 869
f 1904 744 743
f 2097 807 809
f 2043 789 790
f 1956 762 760
f 2066 797 798
f 2082 802 804
f 2138 821 822
f 1974 766 768
f 1992 774 772
f 2228 852 851
f 2295 874 873
f 2331 1270 1269
f 2327 1246 1245
f 2328 1251 1252
f 2334 1287 1288
f 2337 1305 1306
f 2346 1335 1336
f 2412 1552 1551
f 2499 1474 1473
f 2487 1600 1599
f 2436 1353 1354
f 2376 1480 1479
f 2372 1402 1401
f 2373 1407 1408
f 2379 1491 1492
f 2382 1503 1504
f 2396 1534 1533
f 2361 1413 1414
f 2418 1443 1444
f 2457 1593 1594
f 2463 1384 1383
f 2492 1324 1323
f 2402 1276 1275
f 2343 1264 1263
f 2433 1300 1299
f 2478 1318 1317
f 2406 1342 1341
f 2502 1563 1564
f 2484 1461 1462
f 2442 1587 1588
f 2349 1348 1347
f 2468 1522 1521
f 2387 1419 1420
f 2358 1396 1395
f 2421 1498 1497
f 2454 1516 1515
f 2472 1558 1557
f 2388 1426 1425
f 2364 1432 1431
f 2426 1569 1570
f 2448 1371 1372
f 2403 1281 1282
f 2342 1257 1258
f 2432 1293 1294
f 2477 1311 1312
f 2493 1329 1330
f 2462 1377 1378
f 2397 1539 1540
f 2367 1450 1449
f 2427 1576 1575
f 2447 1366 1365
f 2391 1485 1486
f 2357 1389 1390
f 2417 1438 1437
f 2453 1509 1510
f 2469 1527 1528
f 2411 1545 1546
f 2498 1467 1468
f 2483 1456 1455
f 2441 1582 1581
f 2352 1360 1359
f 2509 1271 1272
f 2503 1247 1248
f 2506 1254 1253
f 2512 1290 1289
f 2515 1308 1307
f 2518 1338 1337
f 2555 1553 1554
f 2541 1475 1476
f 2562 1601 1602
f 2522 1356 1355
f 2542 1481 1482
f 2528 1403 1404
f 2531 1410 1409
f 2545 1494 1493
f 2548 1506 1505
f 2551 1535 1536
f 2533 1416 1415
f 2537 1446 1445
f 2559 1596 1595
f 2526 1385 1386
f 1616 907 909
f 1608 889 891
f 1606 883 886
f 1612 895 898
f 1615 901 904
f 1624 919 922
f 1692 1057 1060
f 1782 1237 1240
f 1765 1201 1204
f 1714 1099 1102
f 1661 997 999
f 1653 979 981
f 1651 973 976
f 1657 985 988
f 1660 991 994
f 1675 1021 1024
f 1639 949 952
f 1696 1063 1066
f 1733 1135 1138
f 1751 1177 1179
f 1779 1231 1233
f 1683 1039 1041
f 1626 925 927
f 1721 1117 1119
f 1766 1207 1209
f 1689 1051 1053
f 1778 1225 1228
f 1760 1189 1192
f 1718 1105 1108
f 1629 931 933
f 1747 1165 1167
f 1665 1003 1005
f 1641 955 957
f 1704 1081 1083
f 1737 1147 1150
f 1750 1171 1174
f 1676 1027 1029
f 1644 961 963
f 1702 1075 1077
f 1726 1123 1126
f 1681 1033 1036
f 1620 913 915
f 1710 1093 1095
f 1755 1183 1185
f 1771 1213 1216
f 1740 1153 1155
f 1673 1015 1018
f 1647 967 970
f 1707 1087 1090
f 1734 1141 1143
f 1669 1009 1012
f 1635 943 945
f 1698 1069 1071
f 1729 1129 1131
f 1745 1159 1162
f 1687 1045 1047
f 1774 1219 1221
f 1762 1195 1197
f 1720 1111 1114
f 1632 937 940
f 2189 1280 1284
f 1883 1256 1260
f 1903 1292 1296
f 2281 1310 1314
f 2317 1328 1332
f 2173 1376 1380
f 2158 1538 1542
f 2012 1447 1451
f 2210 1573 1577
f 1924 1363 1367
f 2135 1484 1488
f 1973 1388 1392
f 1996 1435 1439
f 2227 1508 1512
f 2304 1526 1530
f 2176 1544 1548
f 2155 1466 1470
f 2014 1453 1457
f 2212 1579 1583
f 1922 1357 1361
f 1864 1268 1270
f 1810 1244 1246
f 1795 1249 1251
f 1831 1285 1287
f 1849 1303 1305
f 1887 1333 1335
f 2193 1550 1552
f 2321 1472 1474
f 2285 1598 1600
f 1907 1351 1353
f 2098 1478 1480
f 2044 1400 1402
f 1961 1405 1407
f 2067 1489 1491
f 2083 1501 1503
f 2139 1532 1534
f 1975 1411 1413
f 1997 1441 1443
f 2231 1591 1593
f 2298 1382 1384
f 2190 1322 1324
f 1884 1274 1276
f 1900 1262 1264
f 2278 1298 1300
f 2314 1316 1318
f 2170 1340 1342
f 2159 1561 1563
f 2015 1459 1461
f 2213 1585 1587
f 1918 1346 1348
f 2136 1520 1522
f 1977 1417 1419
f 1990 1394 1396
f 2224 1496 1498
f 2301 1514 1516
f 2177 1556 1558
f 2152 1424 1426
f 2008 1430 1432
f 2206 1567 1569
f 1925 1369 1371
f 1817 1279 1281
f 1797 1255 1257
f 1833 1291 1293
f 1851 1309 1311
f 1871 1327 1329
f 1941 1375 1377
f 2119 1537 1539
f 2029 1448 1450
f 2247 1574 1576
f 2262 1364 1366
f 2051 1483 1485
f 1954 1387 1389
f 2064 1436 1438
f 2085 1507 1509
f 2105 1525 1527
f 2121 1543 1545
f 2031 1465 1467
f 2244 1454 1456
f 2265 1580 1582
f 1939 1358 1360
f 1814 1267 1271
f 1793 1243 1247
f 1829 1250 1254
f 1847 1286 1290
f 1868 1304 1308
f 1937 1334 1338
f 2124 1549 1553
f 2034 1471 1475
f 2250 1597 1601
f 2261 1352 1356
f 2050 1477 1481
f 1960 1399 1403
f 2063 1406 1410
f 2081 1490 1494
f 2102 1502 1506
f 2117 1531 1535
f 2027 1412 1416
f 2243 1442 1446
f 2268 1592 1596
f 1944 1381 1385
f 1804 890 894
f 1785 884 887
f 1821 896 899
f 1839 902 905
f 1858 908 912
f 1929 938 941
f 2114 1046 1050
f 2024 1220 1224
f 2240 1196 1200
f 2253 1112 1115
f 2038 980 984
f 1951 974 977
f 2055 986 989
f 2073 992 995
f 2092 998 1002
f 2109 1016 1019
f 2019 968 971
f 2235 1088 1091
f 2258 1142 1146
f 1934 1154 1158
f 1861 1214 1217
f 1807 1034 1037
f 1790 914 918
f 1826 1094 1098
f 1844 1184 1188
f 1880 1040 1044
f 2186 1232 1236
f 2308 1208 1212
f 2272 1118 1122
f 1894 926 930
f 2095 1160 1163
f 2041 1010 1013
f 1948 944 948
f 2060 1070 1074
f 2078 1130 1134
f 2132 1166 1170
f 1970 1004 1008
f 1984 956 960
f 2218 1082 1086
f 2289 1148 1151
f 2181 1058 1061
f 1875 920 923
f 1897 1100 1103
f 2275 1202 1205
f 2311 1238 1241
f 2167 1172 1175
f 2146 1028 1032
f 2002 962 966
f 2200 1076 1080
f 1915 1124 1127
f 2127 1022 1025
f 1965 950 953
f 1987 1064 1067
f 2221 1136 1139
f 2294 1178 1182
f 2164 1052 1056
f 2149 1226 1229
f 2005 1190 1193
f 2203 1106 1109
f 1912 932 936
f 1870 1321 1325
f 1816 1273 1277
f 1800 1261 1265
f 1836 1297 1301
f 1854 1315 1319
f 1890 1339 1343
f 2196 1562 1566
f 2320 1460 1464
f 2284 1586 1590
f 1906 1345 1349
f 2104 1519 1523
f 2047 1418 1422
f 1958 1393 1397
f 2070 1495 1499
f 2088 1513 1517
f 2142 1555 1559
f 1980 1423 1427
f 1994 1429 1433
f 2230 1568 1572
f 2297 1370 1374
f 2329 894 892
f 2323 887 885
f 2326 899 897
f 2333 905 903
f 2336 912 910
f 2345 941 939
f 2409 1050 1048
f 2496 1224 1222
f 2485 1200 1198
f 2435 1115 1113
f 2374 984 982
f 2368 977 975
f 2371 989 987
f 2378 995 993
f 2381 1002 1000
f 2392 1019 1017
f 2360 971 969
f 2416 1091 1089
f 2456 1146 1144
f 2460 1158 1156
f 2488 1217 1215
f 2398 1037 1035
f 2340 918 916
f 2430 1098 1096
f 2475 1188 1186
f 2404 1044 1042
f 2501 1236 1234
f 2482 1212 1210
f 2440 1122 1120
f 2347 930 928
f 2464 1163 1161
f 2384 1013 1011
f 2355 948 946
f 2419 1074 1072
f 2451 1134 1132
f 2470 1170 1168
f 2385 1008 1006
f 2362 960 958
f 2423 1086 1084
f 2446 1151 1149
f 2401 1061 1059
f 2339 923 921
f 2429 1103 1101
f 2474 1205 1203
f 2491 1241 1239
f 2459 1175 1173
f 2395 1032 1030
f 2365 966 964
f 2424 1080 1078
f 2443 1127 1125
f 2390 1025 1023
f 2354 953 951
f 2413 1067 1065
f 2450 1139 1137
f 2467 1182 1180
f 2408 1056 1054
f 2495 1229 1227
f 2479 1193 1191
f 2437 1109 1107
f 2350 936 934
f 2511 1325 1326
f 2505 1277 1278
f 2507 1265 1266
f 2513 1301 1302
f 2516 1319 1320
f 2519 1343 1344
f 2556 1566 1565
f 2540 1464 1463
f 2561 1590 1589
f 2521 1349 1350
f 2544 1523 1524
f 2529 1422 1421
f 2530 1397 1398
f 2546 1499 1500
f 2549 1517 1518
f 2553 1559 1560
f 2534 1427 1428
f 2536 1433 1434
f 2557 1572 1571
f 2525 1374 1373
f 1609 892 889
f 1605 885 883
f 1611 897 895
f 1614 903 901
f 1617 910 907
f 1631 939 937
f 1688 1048 1045
f 1775 1222 1219
f 1763 1198 1195
f 1719 1113 1111
f 1654 982 979
f 1650 975 973
f 1656 987 985
f 1659 993 991
f 1662 1000 997
f 1672 1017 1015
f 1646 969 967
f 1706 1089 1087
f 1735 1144 1141
f 1741 1156 1153
f 1770 1215 1213
f 1680 1035 1033
f 1621 916 913
f 1711 1096 1093
f 1756 1186 1183
f 1684 1042 1039
f 1780 1234 1231
f 1767 1210 1207
f 1722 1120 1117
f 1627 928 925
f 1744 1161 1159
f 1668 1011 1009
f 1636 946 943
f 1699 1072 1069
f 1730 1132 1129
f 1748 1168 1165
f 1666 1006 1003
f 1642 958 955
f 1705 1084 1081
f 1736 1149 1147
f 1691 1059 1057
f 1623 921 919
f 1713 1101 1099
f 1764 1203 1201
f 1781 1239 1237
f 1749 1173 1171
f 1677 1030 1027
f 1645 964 961
f 1703 1078 1075
f 1725 1125 1123
f 1674 1023 1021
f 1638 951 949
f 1695 1065 1063
f 1732 1137 1135
f 1752 1180 1177
f 1690 1054 1051
f 1777 1227 1225
f 1759 1191 1189
f 1717 1107 1105
f 1630 934 931
f 2191 1326 1322
f 1885 1278 1274
f 1901 1266 1262
f 2279 1302 1298
f 2315 1320 1316
f 2171 1344 1340
f 2160 1565 1561
f 2016 1463 1459
f 2214 1589 1585
f 1919 1350 1346
f 2137 1524 1520
f 1978 1421 1417
f 1991 1398 1394
f 2225 1500 1496
f 2302 1518 1514
f 2178 1560 1556
f 2153 1428 1424
f 2009 1434 1430
f 2207 1571 1567
f 1926 1373 1369
f 1857 911 908
f 1803 893 890
f 1786 888 884
f 1822 900 896
f 1840 906 902
f 1876 924 920
f 2182 1062 1058
f 2312 1242 1238
f 2276 1206 1202
f 1898 1104 1100
f 2091 1001 998
f 2037 983 980
f 1952 978 974
f 2056 990 986
f 2074 996 992
f 2128 1026 1022
f 1966 954 950
f 1988 1068 1064
f 2222 1140 1136
f 2293 1181 1178
f 2185 1235 1232
f 1879 1043 1040
f 1893 929 926
f 2271 1121 1118
f 2307 1211 1208
f 2163 1055 1052
f 2150 1230 1226
f 2006 1194 1190
f 2204 1110 1106
f 1911 935 932
f 2131 1169 1166
f 1969 1007 1004
f 1983 959 956
f 2217 1085 1082
f 2290 1152 1148
f 2168 1176 1172
f 2145 1031 1028
f 2001 965 962
f 2199 1079 1076
f 1916 1128 1124
f 1808 1038 1034
f 1789 917 914
f 1825 1097 1094
f 1843 1187 1184
f 1862 1218 1214
f 1933 1157 1154
f 2110 1020 1016
f 2020 972 968
f 2236 1092 1088
f 2257 1145 1142
f 2042 1014 1010
f 1947 947 944
f 2059 1073 1070
f 2077 1133 1130
f 2096 1164 1160
f 2113 1049 1046
f 2023 1223 1220
f 2239 1199 1196
f 2254 1116 1112
f 1930 942 938
f 1818 1283 1279
f 1798 1259 1255
f 1834 1295 1291
f 1852 1313 1309
f 1872 1331 1327
f 1942 1379 1375
f 2120 1541 1537
f 2030 1452 1448
f 2248 1578 1574
f 2263 1368 1364
f 2052 1487 1483
f 1955 1391 1387
f 2065 1440 1436
f 2086 1511 1507
f 2106 1529 1525
f 2122 1547 1543
f 2032 1469 1465
f 2245 1458 1454
f 2266 1584 1580
f 1940 1362 1358
f 1813 1269 1267
f 1792 1245 1243
f 1828 1252 1250
f 1846 1288 1286
f 1867 1306 1304
f 1936 1336 1334
f 2123 1551 1549
f 2033 1473 1471
f 2249 1599 1597
f 2260 1354 1352
f 2049 1479 1477
f 1959 1401 1399
f 2062 1408 1406
f 2080 1492 1490
f 2101 1504 1502
f 2116 1533 1531
f 2026 1414 1412
f 2242 1444 1442
f 2267 1594 1592
f 1943 1383 1381
f 1869 1323 1321
f 1815 1275 1273
f 1799 1263 1261
f 1835 1299 1297
f 1853 1317 1315
f 1889 1341 1339
f 2195 1564 1562
f 2319 1462 1460
f 2283 1588 1586
f 1905 1347 1345
f 2103 1521 1519
f 2046 1420 1418
f 1957 1395 1393
f 2069 1497 1495
f 2087 1515 1513
f 2141 1557 1555
f 1979 1425 1423
f 1993 1431 1429
f 2229 1570 1568
f 2296 1372 1370
f 2188 1282 1280
f 1882 1258 1256
f 1902 1294 1292
f 2280 1312 1310
f 2316 1330 1328
f 2172 1378 1376
f 2157 1540 1538
f 2011 1449 1447
f 2209 1575 1573
f 1923 1365 1363
f 2134 1486 1484
f 1972 1390 1388
f 1995 1437 1435
f 2226 1510 1508
f 2303 1528 1526
f 2175 1546 1544
f 2154 1468 1466
f 2013 1455 1453
f 2211 1581 1579
f 1921 1359 1357
f 1865 1272 1268
f 1811 1248 1244
f 1796 1253 1249
f 1832 1289 1285
f 1850 1307 1303
f 1888 1337 1333
f 2194 1554 1550
f 2322 1476 1472
f 2286 1602 1598
f 1908 1355 1351
f 2099 1482 1478
f 2045 1404 1400
f 1962 1409 1405
f 2068 1493 1489
f 2084 1505 1501
f 2140 1536 1532
f 1976 1415 1411
f 1998 1445 1441
f 2232 1595 1591
f 2299 1386 1382
f 2330 909 911
f 2324 891 893
f 2325 886 888
f 2332 898 900
f 2335 904 906
f 2344 922 924
f 2410 1060 1062
f 2497 1240 1242
f 2486 1204 1206
f 2434 1102 1104
f 2375 999 1001
f 2369 981 983
f 2370 976 978
f 2377 988 990
f 2380 994 996
f 2393 1024 1026
f 2359 952 954
f 2415 1066 1068
f 2455 1138 1140
f 2461 1179 1181
f 2489 1233 1235
f 2399 1041 1043
f 2341 927 929
f 2431 1119 1121
f 2476 1209 1211
f 2405 1053 1055
f 2500 1228 1230
f 2481 1192 1194
f 2439 1108 1110
f 2348 933 935
f 2465 1167 1169
f 2383 1005 1007
f 2356 957 959
f 2420 1083 1085
f 2452 1150 1152
f 2471 1174 1176
f 2386 1029 1031
f 2363 963 965
f 2422 1077 1079
f 2445 1126 1128
f 2400 1036 1038
f 2338 915 917
f 2428 1095 1097
f 2473 1185 1187
f 2490 1216 1218
f 2458 1155 1157
f 2394 1018 1020
f 2366 970 972
f 2425 1090 1092
f 2444 1143 1145
f 2389 1012 1014
f 2353 945 947
f 2414 1071 1073
f 2449 1131 1133
f 2466 1162 1164
f 2407 1047 1049
f 2494 1221 1223
f 2480 1197 1199
f 2438 1114 1116
f 2351 940 942
f 2510 1284 1283
f 2504 1260 1259
f 2508 1296 1295
f 2514 1314 1313
f 2517 1332 1331
f 2520 1380 1379
f 2554 1542 1541
f 2539 1451 1452
f 2560 1577 1578
f 2523 1367 1368
f 2543 1488 1487
f 2527 1392 1391
f 2532 1439 1440
f 2547 1512 1511
f 2550 1530 1529
f 2552 1548 1547
f 2535 1470 1469
f 2538 1457 1458
f 2558 1583 1584
f 2524 1361 1362
f 1607 1616 1609
f 1603 1608 1605
f 1604 1606 1611
f 1610 1612 1614
f 1613 1615 1617
f 1622 1624 1631
f 1686 1692 1688
f 1773 1782 1775
f 1761 1765 1763
f 1712 1714 1719
f 1652 1661 1654
f 1648 1653 1650
f 1649 1651 1656
f 1655 1657 1659
f 1658 1660 1662
f 1670 1675 1672
f 1637 1639 1646
f 1694 1696 1706
f 1731 1733 1735
f 1739 1751 1741
f 1768 1779 1770
f 1678 1683 1680
f 1619 1626 1621
f 1709 1721 1711
f 1754 1766 1756
f 1682 1689 1684
f 1776 1778 1780
f 1758 1760 1767
f 1716 1718 1722
f 1625 1629 1627
f 1742 1747 1744
f 1663 1665 1668
f 1634 1641 1636
f 1697 1704 1699
f 1728 1737 1730
f 1746 1750 1748
f 1664 1676 1666
f 1640 1644 1642
f 1700 1702 1705
f 1724 1726 1736
f 1679 1681 1691
f 1618 1620 1623
f 1708 1710 1713
f 1753 1755 1764
f 1769 1771 1781
f 1738 1740 1749
f 1671 1673 1677
f 1643 1647 1645
f 1701 1707 1703
f 1723 1734 1725
f 1667 1669 1674
f 1633 1635 1638
f 1693 1698 1695
f 1727 1729 1732
f 1743 1745 1752
f 1685 1687 1690
f 1772 1774 1777
f 1757 1762 1759
f 1715 1720 1717
f 1628 1632 1630
f 2187 2189 2191
f 1881 1883 1885
f 1899 1903 1901
f 2277 2281 2279
f 2313 2317 2315
f 2169 2173 2171
f 2156 2158 2160
f 2010 2012 2016
f 2208 2210 2214
f 1917 1924 1919
f 2133 2135 2137
f 1971 1973 1978
f 1989 1996 1991
f 2223 2227 2225
f 2300 2304 2302
f 2174 2176 2178
f 2151 2155 2153
f 2007 2014 2009
f 2205 2212 2207
f 1920 1922 1926
f 1855 1864 1857
f 1801 1810 1803
f 1784 1795 1786
f 1820 1831 1822
f 1838 1849 1840
f 1874 1887 1876
f 2180 2193 2182
f 2310 2321 2312
f 2274 2285 2276
f 1896 1907 1898
f 2089 2098 2091
f 2035 2044 2037
f 1950 1961 1952
f 2054 2067 2056
f 2072 2083 2074
f 2126 2139 2128
f 1964 1975 1966
f 1986 1997 1988
f 2220 2231 2222
f 2291 2298 2293
f 2183 2190 2185
f 1877 1884 1879
f 1891 1900 1893
f 2269 2278 2271
f 2305 2314 2307
f 2161 2170 2163
f 2148 2159 2150
f 2004 2015 2006
f 2202 2213 2204
f 1909 1918 1911
f 2129 2136 2131
f 1967 1977 1969
f 1981 1990 1983
f 2215 2224 2217
f 2288 2301 2290
f 2166 2177 2168
f 2143 2152 2145
f 1999 2008 2001
f 2197 2206 2199
f 1914 1925 1916
f 1806 1817 1808
f 1787 1797 1789
f 1823 1833 1825
f 1841 1851 1843
f 1860 1871 1862
f 1931 1941 1933
f 2108 2119 2110
f 2018 2029 2020
f 2234 2247 2236
f 2255 2262 2257
f 2040 2051 2042
f 1945 1954 1947
f 2057 2064 2059
f 2075 2085 2077
f 2094 2105 2096
f 2111 2121 2113
f 2021 2031 2023
f 2237 2244 2239
f 2252 2265 2254
f 1928 1939 1930
f 1812 1814 1818
f 1791 1793 1798
f 1827 1829 1834
f 1845 1847 1852
f 1866 1868 1872
f 1935 1937 1942
f 2118 2124 2120
f 2028 2034 2030
f 2246 2250 2248
f 2259 2261 2263
f 2048 2050 2052
f 1953 1960 1955
f 2061 2063 2065
f 2079 2081 2086
f 2100 2102 2106
f 2115 2117 2122
f 2025 2027 2032
f 2241 2243 2245
f 2264 2268 2266
f 1938 1944 1940
f 1802 1804 1813
f 1783 1785 1792
f 1819 1821 1828
f 1837 1839 1846
f 1856 1858 1867
f 1927 1929 1936
f 2112 2114 2123
f 2022 2024 2033
f 2238 2240 2249
f 2251 2253 2260
f 2036 2038 2049
f 1949 1951 1959
f 2053 2055 2062
f 2071 2073 2080
f 2090 2092 2101
f 2107 2109 2116
f 2017 2019 2026
f 2233 2235 2242
f 2256 2258 2267
f 1932 1934 1943
f 1859 1861 1869
f 1805 1807 1815
f 1788 1790 1799
f 1824 1826 1835
f 1842 1844 1853
f 1878 1880 1889
f 2184 2186 2195
f 2306 2308 2319
f 2270 2272 2283
f 1892 1894 1905
f 2093 2095 2103
f 2039 2041 2046
f 1946 1948 1957
f 2058 2060 2069
f 2076 2078 2087
f 2130 2132 2141
f 1968 1970 1979
f 1982 1984 1993
f 2216 2218 2229
f 2287 2289 2296
f 2179 2181 2188
f 1873 1875 1882
f 1895 1897 1902
f 2273 2275 2280
f 2309 2311 2316
f 2165 2167 2172
f 2144 2146 2157
f 2000 2002 2011
f 2198 2200 2209
f 1913 1915 1923
f 2125 2127 2134
f 1963 1965 1972
f 1985 1987 1995
f 2219 2221 2226
f 2292 2294 2303
f 2162 2164 2175
f 2147 2149 2154
f 2003 2005 2013
f 2201 2203 2211
f 1910 1912 1921
f 1863 1870 1865
f 1809 1816 1811
f 1794 1800 1796
f 1830 1836 1832
f 1848 1854 1850
f 1886 1890 1888
f 2192 2196 2194
f 2318 2320 2322
f 2282 2284 2286
f 1904 1906 1908
f 2097 2104 2099
f 2043 2047 2045
f 1956 1958 1962
f 2066 2070 2068
f 2082 2088 2084
f 2138 2142 2140
f 1974 1980 1976
f 1992 1994 1998
f 2228 2230 2232
f 2295 2297 2299
f 2331 2329 2330
f 2327 2323 2324
f 2328 2326 2325
f 2334 2333 2332
f 2337 2336 2335
f 2346 2345 2344
f 2412 2409 2410
f 2499 2496 2497
f 2487 2485 2486
f 2436 2435 2434
f 2376 2374 2375
f 2372 2368 2369
f 2373 2371 2370
f 2379 2378 2377
f 2382 2381 2380
f 2396 2392 2393
f 2361 2360 2359
f 2418 2416 2415
f 2457 2456 2455
f 2463 2460 2461
f 2492 2488 2489
f 2402 2398 2399
f 2343 2340 2341
f 2433 2430 2431
f 2478 2475 2476
f 2406 2404 2405
f 2502 2501 2500
f 2484 2482 2481
f 2442 2440 2439
f 2349 2347 2348
f 2468 2464 2465
f 2387 2384 2383
f 2358 2355 2356
f 2421 2419 2420
f 2454 2451 2452
f 2472 2470 2471
f 2388 2385 2386
f 2364 2362 2363
f 2426 2423 2422
f 2448 2446 2445
f 2403 2401 2400
f 2342 2339 2338
f 2432 2429 2428
f 2477 2474 2473
f 2493 2491 2490
f 2462 2459 2458
f 2397 2395 2394
f 2367 2365 2366
f 2427 2424 2425
f 2447 2443 2444
f 2391 2390 2389
f 2357 2354 2353
f 2417 2413 2414
f 2453 2450 2449
f 2469 2467 2466
f 2411 2408 2407
f 2498 2495 2494
f 2483 2479 2480
f 2441 2437 2438
f 2352 2350 2351
f 2509 2511 2510
f 2503 2505 2504
f 2506 2507 2508
f 2512 2513 2514
f 2515 2516 2517
f 2518 2519 2520
f 2555 2556 2554
f 2541 2540 2539
f 2562 2561 2560
f 2522 2521 2523
f 2542 2544 2543
f 2528 2529 2527
f 2531 2530 2532
f 2545 2546 2547
f 2548 2549 2550
f 2551 2553 2552
f 2533 2534 2535
f 2537 2536 2538
f 2559 2557 2558
f 2526 2525 2524
