v -0.218994 0.261830 -0.194902
v 0.212270 0.274152 -0.180281
v -0.376697 -0.649809 -0.001735
v 0.372740 -0.644385 0.002852
v -0.016542 -0.527812 0.848881
v 0.000443 0.140468 0.473542
v 0.004229 -0.263998 -0.463923
v 0.001224 0.544851 -0.832107
v 0.337037 0.061587 -0.294416
v 0.384894 -0.060263 0.314847
v -0.335140 0.052525 -0.284023
v -0.385184 -0.061273 0.321538
v 0.005711 0.400828 -0.160827
v -0.167139 0.195478 0.184005
v -0.255108 0.803961 -0.532422
v -0.299617 0.215655 -0.274509
v -0.332407 0.066469 0.120332
v 0.169280 0.198007 0.173239
v 0.242486 0.840999 -0.566704
v 0.302336 0.206067 -0.273391
v 0.324824 0.070379 0.105657
v -0.005165 -0.696685 0.007639
v -0.226250 -0.691127 0.472275
v -0.180758 -0.560468 -0.361409
v -0.417074 -0.232690 -0.153760
v -0.410765 -0.289562 0.232810
v 0.217268 -0.810561 0.549891
v 0.178921 -0.555616 -0.361052
v 0.415238 -0.221522 -0.158845
v 0.405148 -0.297945 0.251497
v -0.003335 0.020209 0.827392
v 0.386578 -0.234285 0.672207
v -0.379880 -0.252712 0.665011
v 0.264775 0.055160 0.472999
v -0.266923 0.054170 0.482447
v -0.002533 0.092547 -0.677823
v 0.203508 -0.055541 -0.404385
v -0.205622 -0.060866 -0.402976
v 0.350730 0.243339 -0.928795
v -0.361415 0.212482 -0.874525
v 0.382090 -0.023256 0.004193
v -0.381307 -0.022649 0.016001
v -0.148869 0.349499 -0.178462
v -0.194295 0.216051 -0.023899
v -0.264785 0.505686 -0.350555
v -0.274601 0.262037 -0.240904
v -0.273573 0.162908 -0.040591
v 0.153541 0.351870 -0.180404
v 0.197451 0.222002 -0.024714
v 0.226050 0.487876 -0.330753
v 0.259165 0.261111 -0.237997
v 0.266172 0.172277 -0.045499
v -0.218332 -0.747989 0.003352
v -0.284002 -0.614776 0.195776
v -0.405820 -0.835919 -0.305409
v -0.442722 -0.471969 -0.103220
v -0.388598 -0.463070 0.117646
v 0.216021 -0.746832 0.009519
v 0.272615 -0.635177 0.243879
v 0.411479 -0.834129 -0.309960
v 0.442520 -0.465742 -0.105354
v 0.383859 -0.469993 0.142333
v -0.171777 -0.877950 0.820768
v 0.107485 -0.740971 0.806345
v -0.003468 -0.281581 0.937122
v 0.230906 -0.420782 0.848415
v -0.261197 -0.456080 0.843746
v -0.074131 0.151240 0.341951
v 0.077342 0.153212 0.339424
v -0.000059 0.127027 0.636250
v 0.133246 0.123795 0.501730
v -0.131505 0.119225 0.503423
v -0.067355 -0.388953 -0.420391
v 0.074088 -0.389711 -0.418728
v 0.001077 -0.065142 -0.503479
v 0.099578 -0.181449 -0.458084
v -0.092688 -0.182734 -0.460431
v -0.139880 0.731917 -0.738971
v 0.156271 0.740377 -0.748281
v -0.002323 0.304601 -0.822677
v 0.175189 0.451359 -0.847463
v -0.175143 0.435565 -0.848673
v 0.339481 0.130797 -0.308445
v 0.349530 -0.042642 -0.200479
v 0.299221 0.021844 -0.359510
v 0.355254 0.117456 -0.510608
v 0.360492 0.023284 -0.156721
v 0.357087 0.003152 0.225345
v 0.409116 -0.143324 0.304352
v 0.386715 -0.123473 0.462043
v 0.345483 -0.016710 0.396141
v 0.389403 -0.050113 0.173555
v -0.341848 0.129060 -0.296148
v -0.352412 -0.054823 -0.199318
v -0.299811 0.013951 -0.350941
v -0.340395 0.113406 -0.485036
v -0.352942 0.019916 -0.144335
v -0.359295 0.002572 0.237942
v -0.411508 -0.141427 0.302712
v -0.387491 -0.127245 0.460755
v -0.347667 -0.018301 0.405473
v -0.389689 -0.048758 0.184441
v -0.073348 0.256038 -0.020496
v -0.108679 0.648308 -0.301332
v 0.082967 0.255279 -0.023762
v 0.116632 0.666895 -0.300135
v -0.266945 0.126846 0.159877
v 0.002486 0.210407 0.172844
v -0.215045 0.116192 0.338613
v -0.372008 0.599266 -0.423010
v 0.003578 0.852326 -0.526749
v -0.317912 0.541598 -0.688204
v -0.325343 0.108473 -0.071011
v -0.344351 0.294892 -0.502776
v -0.350319 0.076927 -0.113242
v -0.315215 0.056169 0.303897
v -0.359865 0.027364 0.066374
v 0.261231 0.134102 0.146399
v 0.215203 0.118031 0.330460
v 0.341946 0.534814 -0.427323
v 0.318251 0.575414 -0.661569
v 0.317636 0.116613 -0.083158
v 0.345095 0.307994 -0.506275
v 0.346768 0.075867 -0.125562
v 0.310713 0.056675 0.290192
v 0.357269 0.026986 0.052041
v -0.116732 -0.702992 0.251804
v -0.106188 -0.717034 -0.224461
v 0.096658 -0.705401 0.279827
v 0.105358 -0.714009 -0.227880
v -0.353792 -0.487273 0.353985
v 0.001512 -0.712727 0.532149
v -0.401218 -0.584825 0.639910
v -0.391669 -0.411353 -0.322293
v 0.000934 -0.557945 -0.342804
v -0.220122 -0.299108 -0.402734
v -0.436789 -0.266969 0.035528
v -0.332637 -0.161645 -0.309338
v -0.405748 -0.100648 -0.044937
v -0.397778 -0.303463 0.445147
v -0.414912 -0.131428 0.127497
v 0.354367 -0.520543 0.415367
v 0.402509 -0.599588 0.710405
v 0.384991 -0.399284 -0.333836
v 0.215674 -0.291966 -0.393551
v 0.433677 -0.264017 0.035652
v 0.330813 -0.147798 -0.309448
v 0.404625 -0.095614 -0.053260
v 0.399708 -0.308641 0.474593
v 0.412266 -0.134165 0.121715
v 0.241224 -0.102749 0.814934
v -0.243041 -0.121726 0.823939
v 0.188577 0.066204 0.672898
v -0.187877 0.060065 0.678036
v 0.322407 -0.043991 0.592408
v -0.323670 -0.050535 0.600784
v 0.099209 0.014621 -0.553679
v -0.101272 0.008649 -0.553270
v 0.137187 0.162254 -0.789004
v -0.144464 0.149690 -0.798290
v 0.229798 0.003131 -0.636258
v -0.239067 0.022306 -0.618371
v -0.190081 0.298470 -0.199656
v -0.206931 0.232809 -0.121152
v -0.231988 0.353689 -0.262240
v -0.244064 0.265810 -0.224648
v -0.241330 0.214630 -0.127337
v 0.188119 0.309420 -0.187467
v 0.204762 0.242410 -0.115140
v 0.213284 0.351814 -0.245182
v 0.232710 0.271714 -0.209590
v 0.234883 0.225901 -0.122105
v -0.324735 -0.725815 0.000974
v -0.329000 -0.626015 0.082442
v -0.423163 -0.752083 -0.098723
v -0.417544 -0.588136 -0.054898
v -0.379256 -0.557529 0.052560
v 0.318184 -0.715787 0.002840
v 0.320686 -0.625214 0.101029
v 0.423665 -0.749504 -0.104008
v 0.418103 -0.584316 -0.053454
v 0.374368 -0.558451 0.068699
v -0.087033 -0.632252 0.833421
v 0.042632 -0.604526 0.818352
v -0.009627 -0.416748 0.881694
v 0.094388 -0.485688 0.857551
v -0.126220 -0.508084 0.857510
v -0.033440 0.142734 0.415913
v 0.035198 0.143521 0.414132
v -0.000015 0.140564 0.546855
v 0.058887 0.136865 0.490006
v -0.057943 0.135539 0.492116
v -0.023182 -0.329825 -0.451360
v 0.034380 -0.328816 -0.448360
v 0.002448 -0.175027 -0.478069
v 0.046818 -0.231803 -0.464220
v -0.038354 -0.235909 -0.469971
v -0.060529 0.626150 -0.800431
v 0.072061 0.629682 -0.802767
v -0.000992 0.435832 -0.835739
v 0.093845 0.506680 -0.834539
v -0.087121 0.503129 -0.837158
v 0.343205 0.090691 -0.306807
v 0.336443 0.022152 -0.242874
v 0.324763 0.047319 -0.326092
v 0.337083 0.087823 -0.379384
v 0.346563 0.046162 -0.231744
v 0.372880 -0.030478 0.276098
v 0.398618 -0.092108 0.312947
v 0.386829 -0.085111 0.377792
v 0.370722 -0.042660 0.352425
v 0.388811 -0.056655 0.252691
v -0.343044 0.086076 -0.292440
v -0.335435 0.009388 -0.239173
v -0.322070 0.037408 -0.316021
v -0.333877 0.082636 -0.362283
v -0.342447 0.039202 -0.221122
v -0.373236 -0.030927 0.286204
v -0.399467 -0.092756 0.316682
v -0.387599 -0.087118 0.381102
v -0.371008 -0.043940 0.360214
v -0.389349 -0.055852 0.261757
v -0.081130 0.388722 -0.161689
v 0.091115 0.384659 -0.168123
v -0.030912 0.283360 -0.123817
v -0.051804 0.540876 -0.185951
v 0.045564 0.282562 -0.128577
v 0.061570 0.535516 -0.188575
v -0.184049 0.206583 0.080450
v -0.118129 0.170107 0.262983
v -0.130971 0.241234 0.088189
v -0.216430 0.161341 0.169825
v -0.085127 0.209530 0.178543
v -0.187925 0.149554 0.260858
v -0.302795 0.697174 -0.443671
v -0.218359 0.811320 -0.629335
v -0.184289 0.759609 -0.421629
v -0.471764 0.682937 -0.566910
v -0.164007 0.999108 -0.518742
v -0.293668 0.683439 -0.620290
v -0.274586 0.248869 -0.259112
v -0.327142 0.174710 -0.289678
v -0.292819 0.363559 -0.360881
v -0.309747 0.159466 -0.172971
v -0.319713 0.274394 -0.381841
v -0.328475 0.136137 -0.190454
v -0.310033 0.107857 0.046497
v -0.345116 0.035577 0.181904
v -0.310301 0.092852 0.146340
v -0.332932 0.081008 0.026048
v -0.326757 0.059772 0.212721
v -0.347213 0.045962 0.092732
v 0.193606 0.212160 0.076877
v 0.124625 0.171050 0.258611
v 0.136250 0.240162 0.083783
v 0.089072 0.210466 0.173233
v 0.218916 0.167242 0.161247
v 0.188889 0.152515 0.251819
v 0.247713 0.671623 -0.439192
v 0.207862 0.795830 -0.639536
v 0.191030 0.816736 -0.453980
v 0.161931 0.982571 -0.548971
v 0.416755 0.764171 -0.485544
v 0.289450 0.727633 -0.579125
v 0.284970 0.239640 -0.256814
v 0.323379 0.171558 -0.295271
v 0.303614 0.325240 -0.338784
v 0.308901 0.159195 -0.178671
v 0.313006 0.269917 -0.375296
v 0.325325 0.134326 -0.198449
v 0.298524 0.116858 0.032872
v 0.340444 0.036854 0.167526
v 0.299675 0.099570 0.129948
v 0.323384 0.087561 0.011744
v 0.320932 0.061387 0.198285
v 0.341828 0.048684 0.077718
v -0.111140 -0.714297 0.001675
v 0.102551 -0.713680 0.005413
v -0.060447 -0.700820 0.129585
v -0.063167 -0.681704 -0.111042
v 0.045407 -0.701626 0.136556
v 0.055826 -0.685117 -0.111747
v -0.247749 -0.629868 0.331099
v -0.275737 -0.928435 0.605112
v -0.165218 -0.686625 0.372266
v -0.303876 -0.591944 0.421120
v -0.135542 -0.746833 0.496375
v -0.351087 -0.731960 0.567442
v -0.253082 -0.714115 -0.373037
v -0.119587 -0.461443 -0.385979
v -0.140313 -0.690879 -0.324628
v -0.284878 -0.510297 -0.365166
v -0.088582 -0.563484 -0.347598
v -0.206382 -0.423444 -0.383220
v -0.445560 -0.343411 -0.131467
v -0.386144 -0.136263 -0.173931
v -0.407737 -0.319046 -0.229909
v -0.443892 -0.248687 -0.059427
v -0.389114 -0.197382 -0.236364
v -0.415133 -0.159572 -0.092582
v -0.399812 -0.374643 0.179623
v -0.413939 -0.211024 0.273830
v -0.387590 -0.385173 0.291079
v -0.419838 -0.282074 0.131484
v -0.405892 -0.296822 0.337639
v -0.418918 -0.205400 0.179052
v 0.235045 -0.679169 0.420011
v 0.171455 -0.938577 0.712018
v 0.152217 -0.723766 0.442798
v 0.098100 -0.783944 0.561930
v 0.309742 -0.670838 0.502277
v 0.373933 -0.893388 0.625121
v 0.253594 -0.703573 -0.363525
v 0.121324 -0.459747 -0.384284
v 0.142297 -0.683539 -0.321356
v 0.088535 -0.561607 -0.349142
v 0.279569 -0.502827 -0.357624
v 0.203725 -0.418664 -0.379058
v 0.440413 -0.335641 -0.136195
v 0.380071 -0.125046 -0.176349
v 0.401538 -0.308533 -0.235422
v 0.443442 -0.241421 -0.064553
v 0.376845 -0.187450 -0.239368
v 0.419935 -0.145211 -0.096708
v 0.395402 -0.382868 0.204173
v 0.410381 -0.215202 0.284773
v 0.386607 -0.400613 0.328212
v 0.415276 -0.284204 0.140973
v 0.402335 -0.307402 0.364959
v 0.414580 -0.207479 0.183736
v -0.008849 -0.093784 0.938405
v -0.000509 0.091705 0.732326
v 0.124144 -0.040439 0.841643
v -0.131040 -0.048742 0.848955
v 0.109566 0.051177 0.758998
v -0.111966 0.048470 0.763931
v 0.332227 -0.328089 0.778604
v 0.387539 -0.172116 0.561239
v 0.382003 -0.397486 0.691576
v 0.394433 -0.288301 0.576976
v 0.327693 -0.172970 0.751559
v 0.359957 -0.121230 0.639260
v -0.342755 -0.359187 0.764787
v -0.389422 -0.178082 0.556561
v -0.389961 -0.414826 0.656640
v -0.394433 -0.292089 0.555198
v -0.330827 -0.190747 0.760392
v -0.360346 -0.130379 0.645435
v 0.203269 0.093285 0.494020
v 0.312177 0.017165 0.438825
v 0.240669 0.089441 0.404423
v 0.292055 0.054708 0.381125
v 0.232352 0.058984 0.570042
v 0.290795 0.012677 0.535613
v -0.205365 0.091789 0.502362
v -0.314108 0.015444 0.448752
v -0.243198 0.087981 0.414492
v -0.294497 0.054506 0.392292
v -0.232973 0.056641 0.577964
v -0.292357 0.009207 0.544862
v -0.001181 0.024004 -0.571278
v -0.002971 0.179614 -0.780085
v 0.051148 0.053575 -0.621402
v -0.055775 0.049894 -0.622561
v 0.056948 0.129995 -0.732137
v -0.065676 0.125598 -0.733771
v 0.152943 -0.117687 -0.436898
v 0.254980 -0.011257 -0.380550
v 0.215127 -0.170995 -0.399008
v 0.263901 -0.106078 -0.356820
v 0.145205 -0.016420 -0.470052
v 0.209877 0.000848 -0.487893
v -0.147967 -0.119942 -0.434445
v -0.256959 -0.017594 -0.375481
v -0.216491 -0.178377 -0.404068
v -0.267457 -0.116194 -0.359190
v -0.144685 -0.016987 -0.462814
v -0.214081 -0.000112 -0.476671
v 0.251398 0.379456 -0.912049
v 0.420363 0.161717 -0.702595
v 0.330610 0.418508 -0.775998
v 0.352881 0.282504 -0.671978
v 0.238313 0.187297 -0.894413
v 0.289988 0.051527 -0.826914
v -0.262966 0.336080 -0.901946
v -0.363585 0.148919 -0.654759
v -0.343699 0.395361 -0.776152
v -0.378991 0.278174 -0.658796
v -0.250235 0.165205 -0.892390
v -0.293713 0.060361 -0.787986
v 0.372914 -0.001345 -0.078206
v 0.386980 -0.039787 0.089208
v 0.365717 0.025326 -0.057812
v 0.370943 0.004107 0.027624
v 0.391863 -0.056289 -0.021115
v 0.399139 -0.074954 0.062946
v -0.370052 -0.002775 -0.066635
v -0.386711 -0.038171 0.100636
v -0.365329 0.026561 -0.044661
v -0.371168 0.005751 0.041216
v -0.392050 -0.057482 -0.010877
v -0.399457 -0.073656 0.073172
v -0.161158 0.253102 -0.121504
v -0.197657 0.432271 -0.254776
v -0.102836 0.274956 -0.118293
v -0.149834 0.500546 -0.205279
v -0.237455 0.188755 -0.029999
v -0.141516 0.241811 -0.019210
v -0.230286 0.172530 0.070130
v -0.302609 0.376892 -0.335126
v -0.200872 0.589864 -0.332016
v -0.402663 0.599720 -0.431631
v -0.271454 0.199514 -0.142268
v -0.247239 0.440416 -0.326074
v -0.292089 0.179516 -0.157064
v -0.274895 0.138780 0.060958
v -0.303854 0.135192 -0.054581
v 0.166610 0.259285 -0.119446
v 0.187682 0.430573 -0.248253
v 0.113518 0.272108 -0.126375
v 0.144155 0.495111 -0.225866
v 0.234035 0.197619 -0.032263
v 0.149328 0.243793 -0.022272
v 0.230599 0.180349 0.063860
v 0.241680 0.367394 -0.302110
v 0.188257 0.594761 -0.328581
v 0.286556 0.513333 -0.415441
v 0.262467 0.209076 -0.139772
v 0.281238 0.358334 -0.335946
v 0.288221 0.186462 -0.159933
v 0.266815 0.148639 0.049881
v 0.294160 0.145260 -0.063279
v -0.255833 -0.663176 0.092722
v -0.302324 -0.927751 -0.073041
v -0.162185 -0.690103 0.111356
v -0.143384 -0.813664 -0.108127
v -0.344512 -0.547257 0.159853
v -0.209003 -0.669709 0.225936
v -0.316067 -0.555009 0.282254
v -0.460722 -0.627081 -0.196339
v -0.205131 -0.915422 -0.297110
v -0.408261 -0.607816 -0.333548
v -0.416360 -0.467180 0.010049
v -0.435176 -0.459030 -0.221084
v -0.446128 -0.356524 -0.027511
v -0.365586 -0.468179 0.230716
v -0.419282 -0.367525 0.074564
v 0.244145 -0.672601 0.117152
v 0.314788 -0.926073 -0.073187
v 0.149450 -0.695052 0.130685
v 0.140640 -0.821356 -0.108399
v 0.336822 -0.558900 0.197518
v 0.190778 -0.695273 0.279572
v 0.311224 -0.588486 0.346559
v 0.449572 -0.620176 -0.205106
v 0.199846 -0.909025 -0.290541
v 0.380444 -0.593739 -0.346756
v 0.414628 -0.466314 0.020097
v 0.438174 -0.447461 -0.232241
v 0.441885 -0.352662 -0.026827
v 0.361926 -0.486057 0.272908
v 0.415284 -0.369676 0.086599
v -0.022745 -0.658400 0.732862
v -0.259701 -0.660428 0.866495
v -0.078302 -0.787063 0.626097
v -0.319479 -0.870857 0.798387
v 0.192775 -0.599088 0.836865
v 0.064434 -0.717097 0.666909
v 0.312147 -0.793227 0.836567
v 0.120613 -0.340257 0.886578
v -0.134432 -0.357095 0.885279
v 0.133079 -0.179919 0.899069
v -0.136499 -0.199163 0.891050
v 0.339773 -0.525796 0.808269
v 0.259791 -0.247754 0.858347
v -0.381913 -0.571555 0.776686
v -0.248618 -0.278340 0.842422
v 0.001515 0.155076 0.340341
v -0.104599 0.133839 0.421479
v -0.038259 0.178502 0.260201
v -0.147543 0.138399 0.342753
v 0.105588 0.135880 0.417284
v 0.043003 0.179917 0.258514
v 0.149354 0.141675 0.337366
v 0.076777 0.127835 0.578281
v -0.076627 0.129443 0.580499
v 0.092932 0.104379 0.668135
v -0.094439 0.104928 0.672779
v 0.176244 0.117383 0.415653
v 0.159405 0.100242 0.587346
v -0.176787 0.115296 0.422715
v -0.158938 0.099834 0.591063
v 0.004451 -0.400865 -0.418912
v -0.085908 -0.300202 -0.453783
v -0.036499 -0.476771 -0.382971
v -0.142200 -0.356143 -0.418600
v 0.094499 -0.302466 -0.451037
v 0.041927 -0.475419 -0.383126
v 0.144609 -0.352750 -0.412062
v 0.048643 -0.121189 -0.482124
v -0.043352 -0.122531 -0.482908
v 0.046480 -0.010866 -0.519264
v -0.047151 -0.014407 -0.519973
v 0.154846 -0.239507 -0.428717
v 0.095123 -0.062751 -0.473934
v -0.152376 -0.244892 -0.438403
v -0.090873 -0.063630 -0.470864
v 0.004306 0.744457 -0.743766
v -0.170745 0.585482 -0.802833
v -0.087509 0.831457 -0.640558
v -0.269878 0.675537 -0.745447
v 0.186212 0.595397 -0.804964
v 0.082545 0.823206 -0.651583
v 0.261221 0.678596 -0.719008
v 0.083223 0.373488 -0.832819
v -0.086430 0.367735 -0.838263
v 0.071899 0.239962 -0.808245
v -0.078550 0.234529 -0.811586
v 0.287902 0.537377 -0.812614
v 0.161981 0.299314 -0.848739
v -0.277443 0.513624 -0.812615
v -0.169947 0.284740 -0.861599
v 0.346280 0.139791 -0.406596
v 0.348922 0.075343 -0.225981
v 0.333671 0.202823 -0.403170
v 0.340569 0.105765 -0.215587
v 0.320300 -0.008373 -0.270613
v 0.357830 -0.007153 -0.175139
v 0.339360 -0.091857 -0.246646
v 0.382287 -0.074148 -0.132934
v 0.317544 0.063626 -0.441789
v 0.300496 -0.052163 -0.313311
v 0.270668 0.030654 -0.482231
v 0.365722 0.205563 -0.536992
v 0.315741 0.063609 -0.599476
v 0.357208 0.050620 -0.142515
v 0.378004 -0.034009 -0.102022
v 0.353169 -0.005766 0.309813
v 0.374650 -0.021990 0.197603
v 0.335776 0.028592 0.256790
v 0.358204 0.013345 0.139389
v 0.401723 -0.139490 0.387483
v 0.402077 -0.091833 0.235256
v 0.405254 -0.217840 0.382912
v 0.411280 -0.141157 0.214263
v 0.365736 -0.064057 0.435122
v 0.398623 -0.205512 0.475676
v 0.361798 -0.091167 0.530506
v 0.326781 0.022532 0.346663
v 0.335497 -0.029656 0.489003
v 0.373668 -0.011358 0.113228
v 0.401873 -0.086656 0.150000
v -0.342405 0.134769 -0.389215
v -0.348422 0.071614 -0.213186
v -0.335744 0.198781 -0.394533
v -0.343168 0.106267 -0.204810
v -0.322258 -0.018645 -0.265906
v -0.348507 -0.013716 -0.163186
v -0.346320 -0.104194 -0.246826
v -0.381038 -0.082275 -0.125890
v -0.315254 0.060506 -0.422081
v -0.302623 -0.063966 -0.311702
v -0.274873 0.028430 -0.464932
v -0.352642 0.194603 -0.513047
v -0.318334 0.066945 -0.572912
v -0.356100 0.049716 -0.129992
v -0.374197 -0.038077 -0.090599
v -0.354691 -0.007026 0.320630
v -0.374813 -0.021466 0.208867
v -0.339889 0.027991 0.270448
v -0.360143 0.013045 0.153106
v -0.401435 -0.142289 0.382979
v -0.404471 -0.089019 0.242119
v -0.407637 -0.214285 0.368024
v -0.415187 -0.137733 0.216407
v -0.368351 -0.065820 0.441440
v -0.400447 -0.206217 0.462324
v -0.365725 -0.093955 0.535985
v -0.329679 0.021635 0.358306
v -0.337373 -0.032965 0.497526
v -0.374153 -0.009996 0.126635
v -0.403149 -0.083760 0.158570
v 0.005356 0.258360 -0.024103
v -0.039404 0.237876 0.080287
v 0.002631 0.689659 -0.272421
v -0.064794 0.786885 -0.406082
v 0.046396 0.237463 0.077981
v 0.080263 0.815288 -0.409265
v -0.248000 0.119799 0.253091
v -0.299271 0.087570 0.240546
v -0.275852 0.087073 0.328978
v -0.355315 0.561251 -0.560006
v -0.332254 0.416851 -0.473239
v -0.347467 0.413589 -0.607866
v -0.337507 0.096624 -0.093629
v -0.344727 0.066025 0.000705
v -0.355305 0.049238 -0.023257
v 0.243657 0.124283 0.240454
v 0.291698 0.091357 0.225007
v 0.271812 0.089446 0.316258
v 0.384295 0.624423 -0.499464
v 0.312744 0.426629 -0.444329
v 0.349418 0.444438 -0.594992
v 0.333586 0.095857 -0.104575
v 0.340243 0.065662 -0.012481
v 0.353827 0.047468 -0.036174
v -0.008181 -0.705046 0.268605
v -0.062294 -0.708142 0.394013
v -0.001576 -0.643771 -0.211641
v -0.051146 -0.632849 -0.293321
v 0.050264 -0.717982 0.417164
v 0.048673 -0.631520 -0.294580
v -0.368803 -0.532333 0.486911
v -0.385201 -0.401948 0.409290
v -0.390118 -0.420690 0.532274
v -0.294406 -0.356724 -0.361588
v -0.359850 -0.275350 -0.313214
v -0.290425 -0.229134 -0.369265
v -0.435038 -0.172088 -0.002453
v -0.426371 -0.193444 0.086120
v -0.416671 -0.116686 0.039600
v 0.362402 -0.572075 0.570981
v 0.389264 -0.418670 0.458036
v 0.396028 -0.427364 0.580325
v 0.286847 -0.348743 -0.359306
v 0.362351 -0.260187 -0.315393
v 0.283444 -0.219730 -0.360908
v 0.434894 -0.165328 -0.008366
v 0.423415 -0.192167 0.084538
v 0.413355 -0.116314 0.032470
v 0.215784 -0.000290 0.749565
v 0.301244 -0.061316 0.706432
v -0.218665 -0.009965 0.760243
v -0.303019 -0.072595 0.717954
v 0.267129 0.012658 0.644330
v -0.267347 0.005633 0.653085
v 0.112631 0.069971 -0.677261
v 0.161903 0.016970 -0.597608
v -0.119400 0.058451 -0.684044
v -0.167696 0.004709 -0.601202
v 0.185446 0.058612 -0.757397
v -0.194689 0.015743 -0.780482
v -0.206031 0.276423 -0.200655
v -0.213566 0.244032 -0.164935
v -0.220777 0.296863 -0.225794
v -0.230025 0.264056 -0.207933
v -0.228269 0.238375 -0.166240
v 0.201646 0.288869 -0.185306
v 0.208249 0.257379 -0.152662
v 0.211050 0.303372 -0.210482
v 0.220944 0.274161 -0.193863
v 0.220970 0.250663 -0.155904
v -0.360038 -0.688182 -0.000717
v -0.354407 -0.639350 0.035638
v -0.393117 -0.689526 -0.041329
v -0.397702 -0.627941 -0.025473
v -0.377369 -0.606627 0.021607
v 0.353419 -0.679334 0.001506
v 0.348122 -0.633143 0.044954
v 0.391301 -0.683715 -0.041962
v 0.395843 -0.623811 -0.022648
v 0.372840 -0.603557 0.032275
v -0.048657 -0.571152 0.838870
v 0.009947 -0.561667 0.834927
v -0.012900 -0.479829 0.862775
v 0.032000 -0.508696 0.852435
v -0.064674 -0.520197 0.854127
v -0.014645 0.140913 0.448093
v 0.016059 0.141372 0.447976
v 0.000412 0.140276 0.505909
v 0.026070 0.139698 0.481899
v -0.025141 0.139768 0.482859
v -0.007180 -0.294333 -0.459758
v 0.017059 -0.293541 -0.457801
v 0.003390 -0.224881 -0.469552
v 0.022897 -0.250732 -0.464231
v -0.015010 -0.251601 -0.466957
v -0.027404 0.581614 -0.822822
v 0.031202 0.582175 -0.820991
v 0.000186 0.496846 -0.837846
v 0.048912 0.532106 -0.837418
v -0.045498 0.529676 -0.839317
v 0.340423 0.073836 -0.301154
v 0.335703 0.045780 -0.269029
v 0.332080 0.056568 -0.308381
v 0.336095 0.073596 -0.330311
v 0.340951 0.055763 -0.265839
v 0.379790 -0.046287 0.297772
v 0.391483 -0.073614 0.314747
v 0.386234 -0.070677 0.342335
v 0.379138 -0.052913 0.331836
v 0.387139 -0.058698 0.287454
v -0.339025 0.067747 -0.287918
v -0.333768 0.034672 -0.262595
v -0.330302 0.046351 -0.298371
v -0.334471 0.066481 -0.316701
v -0.338506 0.047079 -0.256126
v -0.380083 -0.047430 0.306327
v -0.391524 -0.075168 0.320046
v -0.386796 -0.072208 0.347721
v -0.379526 -0.053800 0.339253
v -0.387748 -0.058797 0.295351
v -0.038984 0.398425 -0.159574
v 0.050591 0.395881 -0.162033
v -0.014241 0.339455 -0.144222
v -0.019869 0.467479 -0.175826
v 0.026372 0.337847 -0.147623
v 0.031146 0.466349 -0.174633
v -0.179357 0.203031 0.134036
v -0.141319 0.182079 0.222790
v -0.158200 0.221239 0.142836
v -0.191529 0.178503 0.176190
v -0.129687 0.205481 0.183740
v -0.175035 0.170377 0.221325
v -0.281501 0.769837 -0.493721
v -0.261409 0.844483 -0.576473
v -0.232122 0.817603 -0.474522
v -0.309346 0.752937 -0.555507
v -0.268565 0.991225 -0.503243
v -0.260337 0.744157 -0.580731
v -0.284548 0.234820 -0.266131
v -0.315524 0.196168 -0.282284
v -0.289429 0.277579 -0.318187
v -0.302897 0.186364 -0.223307
v -0.306963 0.247109 -0.326170
v -0.314992 0.172244 -0.231692
v -0.325441 0.083049 0.086749
v -0.338597 0.051514 0.151656
v -0.322976 0.078744 0.134148
v -0.333807 0.072301 0.073702
v -0.330473 0.062750 0.166888
v -0.340730 0.056305 0.106366
v 0.188700 0.207119 0.128154
v 0.145835 0.184315 0.215740
v 0.157715 0.223087 0.132188
v 0.132147 0.207176 0.174969
v 0.197309 0.183178 0.168330
v 0.178786 0.173311 0.212743
v 0.245277 0.767485 -0.501810
v 0.242135 0.819958 -0.600908
v 0.196563 0.882658 -0.551374
v 0.244358 0.938912 -0.599689
v 0.281392 0.743293 -0.490900
v 0.257020 0.773694 -0.565373
v 0.294107 0.223380 -0.264421
v 0.312604 0.188496 -0.284068
v 0.296509 0.259224 -0.309596
v 0.305427 0.182892 -0.226247
v 0.304689 0.237167 -0.321560
v 0.314029 0.167819 -0.235797
v 0.314286 0.090484 0.071068
v 0.332749 0.053975 0.136865
v 0.314379 0.083500 0.118868
v 0.324839 0.077791 0.058867
v 0.323357 0.065459 0.151931
v 0.333043 0.060047 0.091368
v -0.058800 -0.700798 0.005480
v 0.048506 -0.700667 0.007028
v -0.033358 -0.699851 0.068248
v -0.032168 -0.689739 -0.052793
v 0.020145 -0.700051 0.070574
v 0.023257 -0.691252 -0.052696
v -0.231292 -0.646031 0.405273
v -0.256138 -0.803142 0.539727
v -0.186059 -0.672884 0.431321
v -0.268766 -0.641482 0.450143
v -0.187604 -0.732670 0.487663
v -0.299894 -0.735469 0.518385
v -0.214420 -0.628610 -0.360501
v -0.149247 -0.506298 -0.371271
v -0.163287 -0.630483 -0.346940
v -0.231192 -0.542774 -0.366028
v -0.133627 -0.565992 -0.354557
v -0.194849 -0.490101 -0.372746
v -0.431032 -0.285915 -0.142435
v -0.402076 -0.182995 -0.164084
v -0.413640 -0.274452 -0.189640
v -0.431056 -0.242763 -0.107827
v -0.403258 -0.217508 -0.196496
v -0.416454 -0.195011 -0.121530
v -0.405818 -0.331641 0.207940
v -0.412872 -0.249732 0.254718
v -0.400619 -0.336493 0.261143
v -0.414388 -0.286464 0.181727
v -0.407458 -0.293402 0.284599
v -0.415745 -0.246776 0.205248
v 0.229042 -0.730106 0.484874
v 0.197235 -0.962656 0.600308
v 0.179808 -0.758217 0.498870
v 0.145515 -0.829263 0.555319
v 0.277891 -0.755438 0.525192
v 0.278614 -0.855634 0.594011
v 0.213578 -0.621028 -0.357348
v 0.148450 -0.503304 -0.371063
v 0.159516 -0.624890 -0.347850
v 0.131818 -0.562522 -0.355860
v 0.228822 -0.536543 -0.362520
v 0.192908 -0.485894 -0.370904
v 0.430460 -0.275841 -0.146866
v 0.397506 -0.172164 -0.167750
v 0.414462 -0.262540 -0.195825
v 0.432272 -0.232559 -0.111845
v 0.396365 -0.207329 -0.201689
v 0.415994 -0.183978 -0.125541
v 0.400715 -0.339634 0.229642
v 0.408266 -0.256298 0.269815
v 0.396999 -0.347401 0.288712
v 0.409382 -0.291057 0.195789
v 0.403697 -0.302952 0.308207
v 0.410716 -0.251490 0.216546
v -0.004551 -0.036771 0.871507
v -0.001694 0.061124 0.780362
v 0.060621 -0.006645 0.840742
v -0.068689 -0.009306 0.845349
v 0.057596 0.040758 0.797471
v -0.061266 0.036242 0.798602
v 0.361917 -0.280633 0.726379
v 0.391081 -0.198595 0.615961
v 0.379387 -0.314344 0.680725
v 0.389610 -0.266643 0.625121
v 0.360849 -0.205665 0.712665
v 0.378300 -0.170859 0.657578
v -0.367334 -0.301726 0.720640
v -0.387608 -0.210318 0.609742
v -0.382651 -0.331177 0.661541
v -0.389354 -0.276656 0.609519
v -0.365880 -0.221618 0.720158
v -0.373180 -0.186089 0.659127
v 0.235354 0.074670 0.485050
v 0.290084 0.035570 0.457202
v 0.252473 0.073071 0.439381
v 0.279117 0.054513 0.426683
v 0.249143 0.056562 0.520490
v 0.277240 0.035187 0.504771
v -0.237675 0.073523 0.494190
v -0.292783 0.034651 0.467500
v -0.255062 0.072211 0.449191
v -0.281798 0.054164 0.437130
v -0.250670 0.054875 0.529275
v -0.279286 0.033466 0.514349
v -0.001996 0.056826 -0.624098
v -0.003321 0.132370 -0.731575
v 0.024788 0.073964 -0.650331
v -0.030299 0.071832 -0.651393
v 0.025934 0.111552 -0.705051
v -0.032472 0.109758 -0.705342
v 0.179226 -0.086401 -0.422696
v 0.228019 -0.029458 -0.388582
v 0.209413 -0.112029 -0.399932
v 0.232917 -0.081403 -0.379661
v 0.174730 -0.031801 -0.432661
v 0.202486 -0.014736 -0.428870
v -0.177157 -0.089511 -0.419221
v -0.232062 -0.035942 -0.387004
v -0.210143 -0.119514 -0.402005
v -0.236272 -0.090368 -0.381538
v -0.172802 -0.033301 -0.425668
v -0.203434 -0.016935 -0.421026
v 0.278763 0.301045 -0.967485
v 0.374721 0.201984 -0.798813
v 0.341992 0.342327 -0.852203
v 0.392099 0.287633 -0.796767
v 0.276022 0.196034 -0.956201
v 0.352659 0.134324 -0.901346
v -0.313023 0.269534 -0.936336
v -0.379209 0.165998 -0.770184
v -0.372713 0.315034 -0.838272
v -0.379526 0.244870 -0.758866
v -0.326594 0.181447 -0.961903
v -0.340156 0.129359 -0.858665
v 0.378071 -0.012793 -0.037003
v 0.385157 -0.032410 0.046153
v 0.373970 0.001021 -0.025875
v 0.377237 -0.008911 0.015949
v 0.386702 -0.039052 -0.007879
v 0.390700 -0.048285 0.033700
v -0.376561 -0.013141 -0.025374
v -0.384520 -0.031106 0.058855
v -0.373123 0.001878 -0.013843
v -0.376338 -0.007648 0.028801
v -0.386602 -0.039343 0.002884
v -0.390547 -0.047777 0.044796
v -0.170489 0.324815 -0.191788
v -0.118941 0.371705 -0.167737
v -0.150327 0.284405 -0.160897
v -0.173142 0.392928 -0.211969
v -0.123692 0.305827 -0.151519
v -0.158827 0.423789 -0.182196
v -0.200330 0.223115 -0.073515
v -0.188680 0.210111 0.027876
v -0.177087 0.234626 -0.072188
v -0.216824 0.202609 -0.026811
v -0.169050 0.229072 -0.021545
v -0.212424 0.194730 0.023803
v -0.244853 0.423177 -0.305621
v -0.290722 0.599926 -0.397428
v -0.227197 0.468823 -0.301115
v -0.281797 0.446975 -0.353526
v -0.238334 0.550826 -0.344226
v -0.319511 0.550389 -0.397512
v -0.259394 0.262586 -0.241767
v -0.275276 0.255302 -0.250708
v -0.278928 0.315790 -0.292972
v -0.271001 0.226784 -0.193568
v -0.283874 0.331781 -0.282697
v -0.279855 0.219295 -0.200046
v -0.256831 0.189451 -0.084544
v -0.291907 0.135176 0.003231
v -0.256559 0.175922 -0.034887
v -0.272439 0.178815 -0.091344
v -0.274380 0.150009 0.009855
v -0.289643 0.149173 -0.047346
v 0.171761 0.331834 -0.185848
v 0.125737 0.368710 -0.176866
v 0.155531 0.293255 -0.158914
v 0.172667 0.394118 -0.209577
v 0.130746 0.303864 -0.161292
v 0.164015 0.420404 -0.189834
v 0.201006 0.231040 -0.071413
v 0.194558 0.216000 0.024764
v 0.180864 0.240839 -0.071363
v 0.216762 0.210187 -0.027718
v 0.175641 0.233830 -0.022991
v 0.214211 0.202282 0.019995
v 0.218086 0.413876 -0.284979
v 0.237790 0.574294 -0.381805
v 0.205146 0.462058 -0.288762
v 0.236888 0.428532 -0.321257
v 0.210182 0.544080 -0.333505
v 0.252128 0.505562 -0.373845
v 0.245682 0.267549 -0.224570
v 0.272818 0.252152 -0.248501
v 0.248158 0.309971 -0.273633
v 0.260720 0.233196 -0.187945
v 0.263132 0.303216 -0.288213
v 0.273676 0.222979 -0.198773
v 0.249861 0.199466 -0.084476
v 0.282268 0.144745 -0.006231
v 0.250550 0.184978 -0.038275
v 0.264035 0.188528 -0.092501
v 0.266895 0.159093 0.001933
v 0.280276 0.159588 -0.054101
v -0.275620 -0.749359 0.005041
v -0.163327 -0.728565 -0.002834
v -0.239732 -0.690418 0.039159
v -0.252594 -0.841516 -0.017119
v -0.188355 -0.694740 0.044359
v -0.183361 -0.798805 -0.042530
v -0.305332 -0.616845 0.135783
v -0.265117 -0.618886 0.261370
v -0.270008 -0.641466 0.147081
v -0.316511 -0.583563 0.178858
v -0.247515 -0.642936 0.211142
v -0.298653 -0.586050 0.240734
v -0.426963 -0.822620 -0.192152
v -0.325883 -0.786834 -0.361418
v -0.386497 -0.922879 -0.203967
v -0.432808 -0.726190 -0.244113
v -0.322016 -0.924774 -0.324136
v -0.403237 -0.724987 -0.334922
v -0.432374 -0.534423 -0.082114
v -0.448462 -0.406580 -0.118778
v -0.447370 -0.541486 -0.146729
v -0.431356 -0.470347 -0.045407
v -0.447399 -0.469301 -0.162779
v -0.446220 -0.410672 -0.063422
v -0.382910 -0.509372 0.084759
v -0.394946 -0.417560 0.149026
v -0.368331 -0.506868 0.139512
v -0.402162 -0.464504 0.064018
v -0.376232 -0.464106 0.172796
v -0.405696 -0.416216 0.095901
v 0.272163 -0.744255 0.011370
v 0.158909 -0.727047 0.002579
v 0.232959 -0.688879 0.051198
v 0.263541 -0.839015 -0.004417
v 0.180906 -0.696901 0.054899
v 0.186280 -0.800844 -0.040595
v 0.295317 -0.626596 0.168280
v 0.252597 -0.651667 0.327469
v 0.257861 -0.655351 0.183222
v 0.307278 -0.599059 0.221812
v 0.233666 -0.667019 0.263071
v 0.290090 -0.612277 0.299495
v 0.439295 -0.817874 -0.196244
v 0.316976 -0.793793 -0.369191
v 0.396936 -0.928556 -0.204859
v 0.447039 -0.733087 -0.272222
v 0.307725 -0.922830 -0.317244
v 0.394761 -0.717217 -0.356697
v 0.433406 -0.529656 -0.081609
v 0.447798 -0.399034 -0.122420
v 0.451093 -0.533447 -0.151394
v 0.429825 -0.467150 -0.041735
v 0.451675 -0.459422 -0.170299
v 0.439990 -0.406872 -0.063749
v 0.378331 -0.513847 0.106346
v 0.389354 -0.426456 0.174887
v 0.362314 -0.516119 0.170610
v 0.398822 -0.467024 0.081058
v 0.371280 -0.475424 0.206286
v 0.401414 -0.420909 0.114255
v -0.116311 -0.726127 0.855651
v -0.226568 -0.982683 0.724322
v -0.098971 -0.737521 0.763938
v -0.231347 -0.776627 0.871426
v -0.087745 -0.891095 0.726347
v -0.271803 -0.903248 0.822877
v 0.078038 -0.658836 0.805523
v 0.083639 -0.876760 0.813575
v 0.041205 -0.681132 0.762649
v 0.156716 -0.682409 0.827800
v 0.066951 -0.750396 0.748482
v 0.197872 -0.795092 0.844820
v -0.006140 -0.348028 0.902551
v 0.003202 -0.201943 1.022902
v 0.060407 -0.306410 0.907765
v -0.068970 -0.315485 0.907429
v 0.067264 -0.227446 0.934495
v -0.069333 -0.238198 0.927240
v 0.161830 -0.457799 0.856650
v 0.290972 -0.375163 0.822459
v 0.215772 -0.510581 0.844809
v 0.177376 -0.378366 0.867951
v 0.289980 -0.469266 0.832141
v 0.242207 -0.334505 0.850630
v -0.195227 -0.488327 0.855347
v -0.310047 -0.410849 0.810121
v -0.270263 -0.553151 0.845709
v -0.195905 -0.403603 0.862065
v -0.318085 -0.514431 0.804104
v -0.254134 -0.363776 0.844594
v -0.053211 0.146031 0.380189
v -0.095435 0.159878 0.302461
v -0.036485 0.153577 0.341470
v -0.090155 0.141568 0.381880
v -0.057328 0.163281 0.301995
v -0.111406 0.146281 0.342817
v 0.055585 0.146792 0.377664
v 0.100471 0.161805 0.299426
v 0.039516 0.154925 0.339708
v 0.092121 0.143889 0.378112
v 0.061241 0.165724 0.300008
v 0.114502 0.149206 0.338932
v -0.000027 0.137676 0.592248
v -0.000302 0.111053 0.682684
v 0.041083 0.130422 0.609785
v -0.040877 0.130595 0.610934
v 0.045552 0.118962 0.655848
v -0.045812 0.118832 0.658027
v 0.095750 0.132044 0.498121
v 0.169036 0.109245 0.499464
v 0.118894 0.128903 0.458307
v 0.107058 0.125042 0.541618
v 0.155122 0.119533 0.458339
v 0.146187 0.113138 0.544778
v -0.093928 0.128763 0.499119
v -0.169420 0.107178 0.505181
v -0.118291 0.126631 0.461925
v -0.105706 0.123686 0.542820
v -0.154867 0.116584 0.463327
v -0.145581 0.111716 0.547601
v -0.044135 -0.359845 -0.438082
v -0.092400 -0.422709 -0.402480
v -0.030620 -0.398279 -0.419681
v -0.078150 -0.345590 -0.437360
v -0.053472 -0.432341 -0.402628
v -0.104419 -0.375058 -0.419942
v 0.053727 -0.358646 -0.435008
v 0.096854 -0.422265 -0.400638
v 0.039452 -0.398162 -0.418313
v 0.085808 -0.347487 -0.436247
v 0.059374 -0.432080 -0.401180
v 0.109293 -0.374964 -0.416961
v 0.001727 -0.120919 -0.489086
v -0.000268 -0.010718 -0.525006
v 0.024563 -0.092804 -0.494047
v -0.021271 -0.093736 -0.494372
v 0.023623 -0.036934 -0.510445
v -0.022912 -0.038798 -0.510707
v 0.072916 -0.208675 -0.463405
v 0.126126 -0.149996 -0.448356
v 0.099724 -0.245525 -0.458686
v 0.073344 -0.150110 -0.469933
v 0.126923 -0.211955 -0.445311
v 0.098270 -0.121281 -0.463509
v -0.064803 -0.211314 -0.467295
v -0.120057 -0.152472 -0.449288
v -0.091038 -0.244429 -0.461133
v -0.066548 -0.152009 -0.470351
v -0.121819 -0.214510 -0.450713
v -0.092579 -0.122663 -0.464156
v -0.097050 0.675992 -0.770579
v -0.186134 0.781334 -0.697615
v -0.071190 0.740504 -0.740825
v -0.157840 0.658602 -0.769208
v -0.117561 0.789102 -0.696940
v -0.204931 0.717240 -0.740617
v 0.114856 0.683027 -0.778571
v 0.182135 0.770468 -0.695684
v 0.085245 0.744613 -0.749563
v 0.176247 0.668139 -0.775947
v 0.120526 0.793191 -0.709067
v 0.221499 0.723375 -0.743899
v -0.001375 0.370316 -0.830720
v -0.002342 0.237773 -0.813936
v 0.039278 0.339017 -0.825993
v -0.043671 0.336164 -0.829335
v 0.035653 0.273122 -0.815366
v -0.042183 0.269904 -0.817641
v 0.135881 0.479415 -0.836287
v 0.212788 0.420527 -0.874579
v 0.182965 0.522591 -0.828588
v 0.128906 0.410230 -0.841641
v 0.224011 0.496427 -0.844052
v 0.168221 0.376697 -0.856073
v -0.130754 0.473610 -0.840807
v -0.218566 0.389080 -0.867933
v -0.175247 0.513508 -0.831510
v -0.130107 0.400550 -0.846747
v -0.223930 0.472896 -0.838343
v -0.171620 0.358548 -0.863364
v 0.343222 0.110063 -0.309275
v 0.332117 0.151472 -0.303968
v 0.342170 0.138540 -0.356439
v 0.344556 0.101990 -0.265365
v 0.335488 0.163737 -0.354498
v 0.339005 0.119445 -0.261406
v 0.340661 -0.006873 -0.219182
v 0.363131 -0.083234 -0.187797
v 0.334560 -0.024002 -0.233210
v 0.355610 -0.023869 -0.187637
v 0.344499 -0.066290 -0.221460
v 0.367010 -0.060318 -0.169088
v 0.313830 0.036211 -0.343194
v 0.279747 0.005042 -0.373164
v 0.310510 0.007452 -0.312905
v 0.305551 0.044619 -0.400241
v 0.296497 -0.012266 -0.331596
v 0.285463 0.029264 -0.417219
v 0.342172 0.102455 -0.439225
v 0.385149 0.131127 -0.596968
v 0.351371 0.133220 -0.458417
v 0.334576 0.087294 -0.479237
v 0.366743 0.157963 -0.531534
v 0.345551 0.094030 -0.559576
v 0.353597 0.035280 -0.194849
v 0.367065 0.010403 -0.118285
v 0.354325 0.049739 -0.189413
v 0.358909 0.009302 -0.164275
v 0.359629 0.037214 -0.149934
v 0.367813 -0.004648 -0.127854
v 0.365708 -0.013632 0.251641
v 0.348818 0.019999 0.197210
v 0.355229 -0.001211 0.267352
v 0.366066 -0.009099 0.210588
v 0.346662 0.015809 0.240623
v 0.357652 0.007631 0.182356
v 0.404936 -0.114946 0.309741
v 0.410553 -0.177070 0.296141
v 0.406041 -0.142777 0.347032
v 0.407270 -0.114576 0.268673
v 0.407844 -0.178113 0.342289
v 0.411136 -0.142098 0.259853
v 0.387039 -0.102554 0.417930
v 0.386681 -0.146738 0.509879
v 0.395567 -0.133158 0.425637
v 0.376202 -0.092038 0.450085
v 0.395289 -0.160065 0.470971
v 0.375404 -0.109656 0.496921
v 0.359061 -0.030690 0.373969
v 0.330207 -0.000593 0.418142
v 0.349757 -0.010923 0.352348
v 0.356066 -0.038919 0.417179
v 0.335847 0.003647 0.372468
v 0.340878 -0.023015 0.441802
v 0.389961 -0.053502 0.214225
v 0.388367 -0.045683 0.131392
v 0.382063 -0.035638 0.184781
v 0.396174 -0.070626 0.203842
v 0.381474 -0.030771 0.143381
v 0.395835 -0.067452 0.162099
v -0.343809 0.106429 -0.295643
v -0.336008 0.151862 -0.294171
v -0.342206 0.134822 -0.342370
v -0.345117 0.099242 -0.252975
v -0.338207 0.161681 -0.343703
v -0.342055 0.118820 -0.249869
v -0.341432 -0.020369 -0.217299
v -0.367773 -0.094504 -0.185194
v -0.337997 -0.038296 -0.233673
v -0.351503 -0.033251 -0.179652
v -0.349956 -0.078732 -0.220760
v -0.366691 -0.069998 -0.163065
v -0.312229 0.026825 -0.334241
v -0.280721 -0.000780 -0.364241
v -0.310783 -0.002893 -0.307795
v -0.305851 0.038364 -0.385844
v -0.297648 -0.021305 -0.326471
v -0.289108 0.025500 -0.401821
v -0.334484 0.098587 -0.418728
v -0.351923 0.128494 -0.562897
v -0.341646 0.128175 -0.437163
v -0.328068 0.083976 -0.457063
v -0.348601 0.150405 -0.504430
v -0.336647 0.091107 -0.531535
v -0.346947 0.030116 -0.183135
v -0.361335 0.008280 -0.106039
v -0.350337 0.046088 -0.177415
v -0.348780 0.004262 -0.151425
v -0.355658 0.035019 -0.137871
v -0.361127 -0.008322 -0.115801
v -0.366169 -0.014227 0.263141
v -0.352212 0.019073 0.211042
v -0.357973 -0.002143 0.280314
v -0.367585 -0.009601 0.222766
v -0.350620 0.014846 0.254094
v -0.359825 0.007629 0.195750
v -0.406566 -0.114323 0.311229
v -0.413721 -0.174041 0.290216
v -0.406599 -0.143605 0.343151
v -0.410272 -0.111740 0.272287
v -0.410000 -0.176335 0.334051
v -0.414368 -0.139042 0.260259
v -0.387653 -0.105769 0.419126
v -0.388876 -0.150665 0.506881
v -0.395232 -0.136921 0.422211
v -0.378341 -0.094436 0.453308
v -0.395245 -0.164397 0.463925
v -0.378346 -0.112618 0.498930
v -0.360378 -0.032321 0.382692
v -0.332488 -0.002190 0.428047
v -0.351714 -0.012179 0.362689
v -0.358057 -0.040543 0.425452
v -0.338359 0.002374 0.383206
v -0.342827 -0.025337 0.450341
v -0.389796 -0.052476 0.223724
v -0.388394 -0.044172 0.142516
v -0.382397 -0.034434 0.196307
v -0.397672 -0.067930 0.212883
v -0.382104 -0.029284 0.155635
v -0.396394 -0.065333 0.171674
v -0.050832 0.266834 -0.072964
v -0.099149 0.247149 0.032736
v -0.087765 0.264322 -0.070014
v -0.109576 0.251133 -0.018879
v -0.034029 0.257110 -0.022832
v -0.057335 0.248150 0.030302
v -0.079534 0.595405 -0.240319
v -0.143318 0.700217 -0.363393
v -0.131950 0.576791 -0.245651
v -0.157832 0.622150 -0.315311
v -0.053999 0.670580 -0.288072
v -0.086964 0.722763 -0.350977
v 0.062778 0.266581 -0.076353
v 0.107005 0.248074 0.029827
v 0.098523 0.261522 -0.076064
v 0.118441 0.250902 -0.022658
v 0.044587 0.257268 -0.024418
v 0.066154 0.247603 0.027777
v 0.085288 0.600833 -0.242961
v 0.161031 0.737714 -0.361436
v 0.131389 0.577809 -0.256964
v 0.160933 0.637043 -0.314168
v 0.061853 0.680574 -0.289480
v 0.099689 0.764301 -0.342378
v -0.241874 0.144120 0.164620
v -0.290267 0.109576 0.154045
v -0.248390 0.149461 0.115712
v -0.271273 0.132621 0.110368
v -0.258958 0.123044 0.207278
v -0.284857 0.105552 0.202346
v -0.040951 0.210210 0.174748
v 0.045573 0.211224 0.172316
v -0.018813 0.194698 0.218289
v 0.023129 0.195427 0.216420
v -0.018901 0.225437 0.128285
v 0.024841 0.225419 0.127078
v -0.201364 0.131371 0.299982
v -0.229717 0.102107 0.377302
v -0.181834 0.128269 0.341230
v -0.196218 0.115161 0.380592
v -0.232225 0.117800 0.296069
v -0.247360 0.101827 0.335157
v -0.454959 0.659729 -0.483788
v -0.308915 0.472839 -0.396871
v -0.517058 0.662071 -0.391885
v -0.307928 0.546863 -0.374358
v -0.376700 0.575684 -0.495128
v -0.333584 0.495072 -0.453578
v -0.079963 0.867569 -0.525170
v 0.090539 0.876066 -0.527091
v -0.046208 0.849265 -0.581453
v 0.043803 0.846660 -0.588044
v -0.034924 0.831157 -0.465264
v 0.047072 0.841719 -0.468701
v -0.308920 0.615008 -0.655178
v -0.326449 0.467276 -0.725916
v -0.294173 0.607021 -0.716830
v -0.303021 0.530586 -0.753762
v -0.334343 0.551236 -0.622668
v -0.337340 0.477828 -0.653155
v -0.317405 0.133431 -0.122401
v -0.329889 0.094030 -0.022571
v -0.309132 0.142299 -0.113528
v -0.315731 0.121172 -0.062373
v -0.330723 0.104640 -0.083267
v -0.336157 0.086571 -0.034431
v -0.331827 0.289685 -0.439539
v -0.358391 0.291017 -0.574907
v -0.338767 0.243401 -0.447648
v -0.351107 0.242690 -0.511693
v -0.337202 0.351933 -0.489612
v -0.348414 0.352457 -0.557959
v -0.340292 0.104267 -0.150553
v -0.358013 0.051130 -0.077977
v -0.346481 0.091527 -0.158529
v -0.354055 0.064293 -0.121937
v -0.343672 0.088184 -0.103857
v -0.353091 0.062421 -0.068111
v -0.321940 0.057521 0.258644
v -0.305925 0.055234 0.348205
v -0.328398 0.041558 0.287261
v -0.322219 0.039244 0.331963
v -0.308374 0.071985 0.273711
v -0.298492 0.071568 0.318397
v -0.353143 0.036342 0.079010
v -0.365771 0.017203 0.054002
v -0.360104 0.019456 0.109700
v -0.366617 0.008774 0.096605
v -0.351720 0.046066 0.034241
v -0.357931 0.037139 0.022025
v 0.239701 0.150928 0.153514
v 0.281557 0.116856 0.138775
v 0.245679 0.157550 0.105458
v 0.264576 0.141104 0.097994
v 0.254183 0.128776 0.193992
v 0.277023 0.111716 0.186777
v 0.201355 0.134639 0.291096
v 0.228115 0.104108 0.367981
v 0.182891 0.131475 0.334255
v 0.196468 0.117147 0.373309
v 0.230781 0.120149 0.286043
v 0.244506 0.104634 0.324103
v 0.481144 0.638220 -0.466547
v 0.328990 0.398268 -0.355151
v 0.322657 0.544779 -0.427696
v 0.309314 0.428156 -0.381600
v 0.394994 0.607759 -0.443299
v 0.283065 0.495741 -0.406943
v 0.314045 0.653869 -0.615142
v 0.321798 0.497862 -0.713640
v 0.292493 0.631672 -0.690514
v 0.300263 0.557627 -0.739007
v 0.345410 0.598014 -0.580928
v 0.338496 0.514224 -0.629339
v 0.313234 0.136408 -0.131016
v 0.320891 0.100422 -0.035481
v 0.302833 0.150867 -0.121304
v 0.306341 0.131116 -0.073134
v 0.326568 0.104462 -0.093598
v 0.329953 0.088414 -0.046750
v 0.325569 0.295012 -0.435848
v 0.364594 0.305856 -0.586655
v 0.337854 0.251103 -0.454272
v 0.360376 0.255364 -0.528098
v 0.328267 0.366199 -0.477849
v 0.351577 0.373944 -0.553780
v 0.336459 0.103524 -0.161313
v 0.356556 0.050021 -0.091105
v 0.343216 0.091196 -0.170445
v 0.352496 0.063687 -0.134472
v 0.340018 0.086869 -0.115582
v 0.350269 0.061000 -0.080740
v 0.317045 0.058086 0.244707
v 0.302612 0.055484 0.335682
v 0.324091 0.042224 0.273667
v 0.318105 0.039959 0.319064
v 0.302891 0.073431 0.259383
v 0.294292 0.072447 0.305043
v 0.349778 0.037964 0.064820
v 0.364281 0.015951 0.039802
v 0.358295 0.018961 0.096053
v 0.365402 0.008313 0.083051
v 0.349299 0.045879 0.020461
v 0.355833 0.036526 0.008119
v -0.087862 -0.700845 0.190489
v -0.146678 -0.707250 0.315258
v -0.140061 -0.695764 0.180746
v -0.171741 -0.701828 0.239263
v -0.062215 -0.704204 0.261060
v -0.089509 -0.705067 0.323402
v -0.094953 -0.692477 -0.167900
v -0.124532 -0.720987 -0.278103
v -0.119091 -0.779278 -0.175022
v -0.126342 -0.818126 -0.254317
v -0.066951 -0.659055 -0.213023
v -0.085248 -0.661694 -0.259823
v 0.070792 -0.702568 0.206259
v 0.122955 -0.711912 0.358011
v 0.121485 -0.700275 0.206202
v 0.145106 -0.702381 0.281169
v 0.045144 -0.706225 0.275393
v 0.073029 -0.712168 0.351094
v 0.092595 -0.692264 -0.166430
v 0.131618 -0.714411 -0.274789
v 0.119467 -0.781939 -0.181095
v 0.123165 -0.821009 -0.264837
v 0.064069 -0.651437 -0.210652
v 0.078707 -0.666601 -0.261786
v -0.332621 -0.540753 0.387034
v -0.371305 -0.435681 0.321756
v -0.334683 -0.523346 0.320180
v -0.357454 -0.475305 0.290939
v -0.356404 -0.504905 0.419871
v -0.370107 -0.446769 0.384272
v -0.069795 -0.730137 0.513632
v 0.066022 -0.726662 0.553593
v -0.036966 -0.727884 0.576313
v 0.044633 -0.697463 0.598829
v -0.033140 -0.713948 0.463043
v 0.027245 -0.718449 0.477826
v -0.386267 -0.671647 0.615897
v -0.396689 -0.500494 0.649161
v -0.377705 -0.712847 0.709322
v -0.401807 -0.600415 0.709408
v -0.385977 -0.562016 0.560241
v -0.393003 -0.494461 0.582213
v -0.343318 -0.465799 -0.346308
v -0.400458 -0.364366 -0.273429
v -0.408748 -0.497615 -0.328433
v -0.413573 -0.440832 -0.273964
v -0.338712 -0.385371 -0.340843
v -0.377080 -0.335133 -0.313679
v -0.043912 -0.560256 -0.343525
v 0.044409 -0.559210 -0.344855
v -0.018682 -0.519039 -0.364510
v 0.022455 -0.518120 -0.364425
v -0.023782 -0.595856 -0.318998
v 0.022949 -0.595524 -0.320146
v -0.214293 -0.360367 -0.393724
v -0.221112 -0.239390 -0.408836
v -0.180791 -0.330376 -0.412760
v -0.184725 -0.273133 -0.422530
v -0.256018 -0.327600 -0.384411
v -0.259400 -0.264732 -0.392686
v -0.445775 -0.256065 -0.011234
v -0.428048 -0.275199 0.082927
v -0.442534 -0.308963 0.005947
v -0.430117 -0.317167 0.054541
v -0.440386 -0.216561 0.017408
v -0.431716 -0.228478 0.062132
v -0.359491 -0.182082 -0.275344
v -0.299809 -0.140116 -0.335640
v -0.341005 -0.132218 -0.276676
v -0.314695 -0.111586 -0.307373
v -0.349576 -0.216177 -0.313377
v -0.315612 -0.194627 -0.340478
v -0.412655 -0.126506 -0.065955
v -0.399416 -0.077196 -0.026450
v -0.394103 -0.092720 -0.086545
v -0.388985 -0.069233 -0.067379
v -0.425069 -0.131478 -0.022403
v -0.414541 -0.107734 -0.002884
v -0.400728 -0.301649 0.390849
v -0.395731 -0.301160 0.499657
v -0.403573 -0.256058 0.405044
v -0.400098 -0.253808 0.455780
v -0.393272 -0.353748 0.429477
v -0.392574 -0.358175 0.487142
v -0.418724 -0.166597 0.153406
v -0.407909 -0.101569 0.100210
v -0.414941 -0.135766 0.171787
v -0.408803 -0.106666 0.143721
v -0.420794 -0.160881 0.107893
v -0.415406 -0.125884 0.082741
v 0.331984 -0.589880 0.461938
v 0.372566 -0.457886 0.370639
v 0.333373 -0.558941 0.384006
v 0.356131 -0.501013 0.342624
v 0.356306 -0.544783 0.491735
v 0.373556 -0.472554 0.440270
v 0.414399 -0.730578 0.707857
v 0.393198 -0.491290 0.703049
v 0.372924 -0.709424 0.780652
v 0.378454 -0.572523 0.776711
v 0.382669 -0.597241 0.644356
v 0.394768 -0.505036 0.642792
v 0.330379 -0.455600 -0.347438
v 0.397824 -0.351598 -0.283197
v 0.383102 -0.486665 -0.341564
v 0.411830 -0.427678 -0.288129
v 0.330268 -0.376532 -0.342846
v 0.371391 -0.328064 -0.321262
v 0.211362 -0.354246 -0.386882
v 0.217228 -0.231082 -0.397356
v 0.180015 -0.324585 -0.403834
v 0.184223 -0.265854 -0.410877
v 0.250030 -0.320136 -0.375847
v 0.251971 -0.256534 -0.381623
v 0.441512 -0.252824 -0.015363
v 0.423393 -0.275372 0.087760
v 0.439064 -0.305784 0.006275
v 0.425860 -0.316940 0.060192
v 0.437365 -0.212729 0.012835
v 0.428972 -0.225811 0.061767
v 0.354735 -0.169520 -0.277566
v 0.296339 -0.128294 -0.333661
v 0.336816 -0.119227 -0.277244
v 0.313878 -0.098916 -0.309755
v 0.349831 -0.199049 -0.310030
v 0.309187 -0.182256 -0.334277
v 0.412039 -0.119278 -0.073466
v 0.397606 -0.075026 -0.035997
v 0.394782 -0.085445 -0.094214
v 0.390278 -0.064449 -0.077097
v 0.421884 -0.127405 -0.030598
v 0.410413 -0.106533 -0.011297
v 0.400873 -0.309943 0.420451
v 0.398400 -0.301446 0.527235
v 0.402645 -0.260763 0.427123
v 0.399801 -0.255587 0.476770
v 0.396729 -0.363843 0.468455
v 0.397159 -0.363352 0.525294
v 0.414936 -0.168656 0.152110
v 0.407392 -0.102763 0.092110
v 0.412156 -0.137855 0.168033
v 0.407963 -0.108394 0.136734
v 0.417184 -0.162278 0.104518
v 0.413179 -0.126375 0.076457
v 0.187192 -0.069782 0.835435
v 0.286718 -0.138816 0.784807
v 0.198860 -0.133169 0.865874
v 0.246477 -0.175113 0.834466
v 0.230742 -0.045118 0.785624
v 0.276904 -0.078715 0.762166
v -0.190885 -0.086264 0.843562
v -0.291279 -0.155592 0.797663
v -0.193958 -0.159142 0.860148
v -0.249326 -0.194810 0.841976
v -0.232688 -0.060020 0.795834
v -0.279908 -0.092754 0.774563
v 0.152911 0.060814 0.717779
v 0.211929 0.061884 0.620568
v 0.141913 0.087676 0.675123
v 0.172310 0.084737 0.628775
v 0.200840 0.035477 0.711118
v 0.229319 0.039230 0.660937
v -0.155063 0.058010 0.724907
v -0.212975 0.059147 0.628209
v -0.143191 0.086238 0.680679
v -0.172899 0.083097 0.634615
v -0.203836 0.030660 0.721152
v -0.231397 0.034957 0.670391
v 0.340103 -0.080059 0.617131
v 0.305993 -0.013342 0.565089
v 0.344379 -0.068940 0.562590
v 0.329198 -0.036711 0.539135
v 0.315527 -0.050183 0.649321
v 0.297708 -0.015528 0.620411
v -0.341310 -0.087557 0.624760
v -0.306996 -0.018657 0.573679
v -0.347067 -0.073570 0.569767
v -0.330558 -0.041652 0.547182
v -0.315526 -0.059966 0.658273
v -0.297356 -0.023776 0.629002
v 0.075832 0.033512 -0.589694
v 0.120639 -0.000423 -0.511988
v 0.070762 0.005905 -0.534330
v 0.093395 -0.012606 -0.500556
v 0.105870 0.040367 -0.613828
v 0.129309 0.019161 -0.574552
v -0.079460 0.028247 -0.590769
v -0.121389 -0.004195 -0.507251
v -0.072601 0.001191 -0.534613
v -0.093595 -0.016998 -0.498374
v -0.110521 0.031892 -0.617424
v -0.133110 0.010416 -0.575565
v 0.092798 0.146845 -0.759477
v 0.184338 0.174877 -0.831657
v 0.105135 0.203493 -0.799273
v 0.151650 0.225791 -0.827271
v 0.123395 0.110239 -0.737231
v 0.165213 0.113543 -0.777566
v -0.101734 0.139147 -0.764995
v -0.192792 0.157786 -0.837442
v -0.113039 0.195930 -0.807189
v -0.159146 0.213487 -0.837414
v -0.130834 0.097063 -0.745966
v -0.172788 0.094658 -0.786615
v 0.218945 0.006593 -0.556212
v 0.238613 0.026568 -0.721497
v 0.254411 0.018841 -0.555536
v 0.274662 0.025496 -0.625452
v 0.194541 0.004098 -0.622257
v 0.200900 0.005269 -0.710884
v -0.225989 0.010860 -0.544018
v -0.255393 0.036012 -0.701816
v -0.259598 0.027207 -0.537547
v -0.281119 0.044244 -0.603357
v -0.204071 0.005983 -0.618979
v -0.215536 0.017726 -0.706019
v -0.194994 0.254599 -0.167492
v -0.209591 0.330341 -0.229606
v -0.173732 0.268033 -0.166486
v -0.192877 0.361781 -0.225450
v -0.225363 0.223248 -0.122578
v -0.185460 0.243130 -0.121601
v -0.221355 0.211540 -0.075771
v -0.239788 0.309019 -0.250701
v -0.217300 0.394936 -0.263163
v -0.260154 0.369438 -0.298673
v -0.242162 0.235416 -0.174992
v -0.256755 0.310616 -0.281036
v -0.256593 0.231800 -0.185915
v -0.239938 0.200580 -0.079100
v -0.256723 0.207588 -0.134352
v 0.193943 0.268773 -0.154377
v 0.200181 0.333116 -0.216733
v 0.176253 0.282631 -0.156189
v 0.187270 0.364439 -0.216546
v 0.220375 0.234050 -0.116290
v 0.187329 0.251266 -0.116564
v 0.218726 0.219897 -0.073624
v 0.222145 0.310160 -0.232393
v 0.202017 0.391255 -0.250620
v 0.226937 0.362883 -0.274301
v 0.233966 0.246036 -0.165121
v 0.234730 0.311919 -0.253982
v 0.247186 0.240542 -0.176458
v 0.234601 0.209776 -0.078040
v 0.248671 0.217930 -0.130034
v -0.325433 -0.668698 0.040622
v -0.378163 -0.755866 -0.042113
v -0.287353 -0.684011 0.038579
v -0.323171 -0.809037 -0.036934
v -0.356626 -0.594378 0.069862
v -0.295661 -0.649835 0.089609
v -0.335881 -0.586260 0.122062
v -0.420891 -0.662159 -0.081499
v -0.403490 -0.855498 -0.099926
v -0.448577 -0.704428 -0.156101
v -0.398472 -0.569981 0.000187
v -0.438538 -0.609895 -0.119591
v -0.415931 -0.524045 -0.023353
v -0.361410 -0.550352 0.104658
v -0.399405 -0.515678 0.031404
v 0.318732 -0.653522 0.045244
v 0.371809 -0.747895 -0.044451
v 0.277813 -0.673469 0.046869
v 0.325156 -0.802086 -0.034277
v 0.349535 -0.594669 0.088243
v 0.286013 -0.651135 0.109505
v 0.327433 -0.592956 0.151650
v 0.422547 -0.658568 -0.085695
v 0.410899 -0.856570 -0.094004
v 0.462278 -0.703751 -0.168791
v 0.395889 -0.567741 0.008619
v 0.439349 -0.605016 -0.124188
v 0.414971 -0.521679 -0.016812
v 0.354507 -0.555232 0.130744
v 0.396186 -0.515900 0.044596
v -0.023114 -0.610888 0.816100
v -0.113040 -0.576923 0.847668
v -0.062056 -0.659565 0.789459
v -0.163433 -0.657848 0.850381
v 0.072472 -0.549919 0.839728
v 0.007928 -0.643079 0.785739
v 0.113861 -0.604615 0.828731
v 0.045073 -0.447662 0.871201
v -0.069449 -0.458128 0.869576
v 0.052720 -0.379007 0.888457
v -0.070856 -0.389196 0.890369
v 0.142087 -0.534578 0.844653
v 0.109158 -0.415661 0.872905
v -0.188688 -0.572519 0.853426
v -0.132277 -0.434950 0.872216
v 0.000989 0.144020 0.414164
v -0.047038 0.138832 0.453036
v -0.016839 0.147905 0.378455
v -0.068641 0.139259 0.419060
v 0.048203 0.139500 0.451138
v 0.019289 0.148205 0.377684
v 0.069658 0.140636 0.415691
v 0.031696 0.138973 0.520782
v -0.031139 0.138177 0.522013
v 0.036585 0.137223 0.564585
v -0.036609 0.138261 0.567229
v 0.083087 0.135574 0.455361
v 0.068031 0.133515 0.532876
v -0.082095 0.134037 0.458230
v -0.067102 0.132603 0.534353
v 0.006557 -0.337771 -0.451265
v -0.033042 -0.285345 -0.463916
v -0.010869 -0.367040 -0.437048
v -0.054154 -0.317800 -0.453841
v 0.042263 -0.282570 -0.457672
v 0.021428 -0.366102 -0.435667
v 0.063517 -0.316411 -0.448758
v 0.024627 -0.201685 -0.471122
v -0.017982 -0.203052 -0.473281
v 0.025174 -0.148261 -0.481084
v -0.020193 -0.149272 -0.482150
v 0.070149 -0.265301 -0.457841
v 0.048573 -0.177152 -0.471981
v -0.060897 -0.271960 -0.469294
v -0.041659 -0.179204 -0.473657
v 0.003504 0.634256 -0.804587
v -0.079480 0.565710 -0.823892
v -0.030692 0.683732 -0.773775
v -0.117868 0.609190 -0.798695
v 0.089391 0.568879 -0.822456
v 0.042745 0.686605 -0.776846
v 0.140397 0.618335 -0.806058
v 0.045314 0.469808 -0.836153
v -0.045218 0.468697 -0.841077
v 0.042038 0.405240 -0.833435
v -0.044294 0.402731 -0.836396
v 0.146304 0.544894 -0.829739
v 0.088355 0.440783 -0.836263
v -0.131808 0.542386 -0.825747
v -0.087726 0.436935 -0.841121
v 0.340557 0.092340 -0.344445
v 0.344586 0.068965 -0.266506
v 0.343281 0.113991 -0.353194
v 0.346074 0.084592 -0.267068
v 0.329598 0.035237 -0.281097
v 0.342157 0.034275 -0.234933
v 0.329069 0.008419 -0.254952
v 0.346177 0.008607 -0.208035
v 0.329783 0.068021 -0.355036
v 0.320753 0.023178 -0.295600
v 0.320550 0.057350 -0.378609
v 0.343846 0.111927 -0.396473
v 0.330447 0.078286 -0.411758
v 0.349496 0.060345 -0.228838
v 0.350439 0.021637 -0.200556
v 0.371846 -0.035701 0.314019
v 0.380766 -0.043100 0.262762
v 0.363931 -0.018388 0.292235
v 0.373717 -0.026205 0.237220
v 0.393760 -0.089880 0.346962
v 0.394785 -0.073645 0.281298
v 0.401079 -0.113576 0.348295
v 0.401293 -0.092641 0.275348
v 0.378337 -0.063446 0.367203
v 0.395259 -0.109674 0.384278
v 0.377306 -0.076525 0.406795
v 0.361974 -0.023941 0.332750
v 0.368633 -0.052422 0.392506
v 0.381754 -0.039209 0.224949
v 0.396086 -0.072588 0.244064
v -0.338939 0.087110 -0.328769
v -0.342881 0.063093 -0.254031
v -0.342313 0.109428 -0.337311
v -0.345265 0.080197 -0.253932
v -0.328516 0.022618 -0.276566
v -0.338187 0.024963 -0.226750
v -0.330968 -0.005002 -0.253443
v -0.340381 -0.001087 -0.199691
v -0.327675 0.059818 -0.341439
v -0.319764 0.011008 -0.291252
v -0.318301 0.050353 -0.364790
v -0.338830 0.107429 -0.378320
v -0.326244 0.073156 -0.393844
v -0.346174 0.055534 -0.216720
v -0.342485 0.015090 -0.189714
v -0.371905 -0.036973 0.322844
v -0.381157 -0.042868 0.272625
v -0.364500 -0.019583 0.302760
v -0.374161 -0.026321 0.248092
v -0.394555 -0.091744 0.350000
v -0.394845 -0.073949 0.288040
v -0.401190 -0.115721 0.348381
v -0.403266 -0.090809 0.280945
v -0.379470 -0.064770 0.373183
v -0.394712 -0.113092 0.384103
v -0.379221 -0.078122 0.411709
v -0.362611 -0.025268 0.342055
v -0.370308 -0.053945 0.399514
v -0.382484 -0.038473 0.235489
v -0.396722 -0.071576 0.251996
v -0.054396 0.335267 -0.141992
v -0.069223 0.460031 -0.175734
v -0.091710 0.325162 -0.143683
v -0.113156 0.444154 -0.181855
v 0.065607 0.328367 -0.155033
v 0.082444 0.458457 -0.166430
v 0.100422 0.315902 -0.161055
v 0.119523 0.441630 -0.187333
v 0.007816 0.284529 -0.127235
v -0.068388 0.279931 -0.119864
v -0.013017 0.269282 -0.074900
v 0.005055 0.539181 -0.196875
v -0.104462 0.521929 -0.195923
v -0.025139 0.612045 -0.229178
v 0.081335 0.277874 -0.128115
v 0.025285 0.269035 -0.076633
v 0.103495 0.520192 -0.209492
v 0.032514 0.613368 -0.230820
v -0.161676 0.225890 0.086267
v -0.201243 0.184424 0.126556
v -0.163176 0.225833 0.031373
v -0.207790 0.189355 0.075548
v -0.102389 0.189534 0.221537
v -0.153998 0.161273 0.262231
v -0.078594 0.175740 0.261315
v -0.133148 0.152473 0.303244
v -0.110399 0.226230 0.136269
v -0.135550 0.240047 0.033518
v -0.083533 0.238234 0.083353
v -0.203712 0.155666 0.216414
v -0.224403 0.166811 0.120526
v -0.231985 0.139441 0.212098
v -0.060901 0.193503 0.219369
v -0.063301 0.225591 0.131014
v -0.167899 0.143373 0.301962
v -0.217854 0.135509 0.256637
v -0.237540 0.727229 -0.436698
v -0.388842 0.793659 -0.504081
v -0.244717 0.639234 -0.389618
v -0.373650 0.663833 -0.442604
v -0.234491 0.976904 -0.583045
v -0.247586 0.750579 -0.628780
v -0.171448 0.836791 -0.631703
v -0.237935 0.745244 -0.693150
v -0.175353 0.863292 -0.462488
v -0.193767 0.673566 -0.377570
v -0.127977 0.778971 -0.412235
v -0.342226 0.686206 -0.576976
v -0.539368 0.757715 -0.464069
v -0.392956 0.637511 -0.547569
v -0.138304 0.882771 -0.564712
v -0.116688 0.843617 -0.468311
v -0.275366 0.680206 -0.678248
v -0.337843 0.622778 -0.597856
v -0.272607 0.304773 -0.308848
v -0.291360 0.199134 -0.215771
v -0.267888 0.324890 -0.296979
v -0.283531 0.208185 -0.208607
v -0.318667 0.218043 -0.334998
v -0.326345 0.156480 -0.239426
v -0.330315 0.189759 -0.341213
v -0.335373 0.138337 -0.245899
v -0.307936 0.317244 -0.371317
v -0.276581 0.409140 -0.344970
v -0.314542 0.401089 -0.414802
v -0.319669 0.148446 -0.181334
v -0.300180 0.169428 -0.165044
v -0.325630 0.125059 -0.132157
v -0.327526 0.234595 -0.389437
v -0.323733 0.341738 -0.428282
v -0.336845 0.122226 -0.198325
v -0.332967 0.116274 -0.141863
v -0.312132 0.098063 0.097341
v -0.323860 0.091023 0.037699
v -0.293256 0.123988 0.054141
v -0.307514 0.119752 -0.003811
v -0.336587 0.047408 0.197211
v -0.346143 0.040405 0.137236
v -0.343444 0.031165 0.226558
v -0.352913 0.024230 0.167375
v -0.320607 0.075028 0.181771
v -0.292476 0.115624 0.104339
v -0.306285 0.089575 0.194125
v -0.340170 0.063685 0.060023
v -0.321650 0.103478 -0.011440
v -0.339087 0.073621 0.013295
v -0.333357 0.043931 0.242645
v -0.315669 0.072940 0.228189
v -0.353215 0.029630 0.123304
v -0.346055 0.054476 0.046913
v 0.170483 0.227599 0.082037
v 0.209549 0.191140 0.121311
v 0.172045 0.229176 0.028398
v 0.211976 0.195974 0.070200
v 0.107564 0.193388 0.216879
v 0.158470 0.164002 0.255962
v 0.084509 0.177588 0.258797
v 0.136687 0.155343 0.297845
v 0.112701 0.224790 0.128913
v 0.142598 0.240627 0.030063
v 0.089897 0.237933 0.079613
v 0.065461 0.195752 0.216018
v 0.068777 0.225590 0.127234
v 0.205518 0.159726 0.207080
v 0.227106 0.173914 0.113037
v 0.230260 0.144664 0.200684
v 0.170069 0.147021 0.295008
v 0.217780 0.138181 0.247185
v 0.213676 0.745231 -0.451044
v 0.298651 0.704651 -0.483555
v 0.214490 0.638437 -0.385556
v 0.277534 0.597993 -0.428374
v 0.179231 0.867095 -0.592870
v 0.248064 0.760240 -0.615563
v 0.149635 0.814002 -0.649791
v 0.232358 0.739770 -0.677124
v 0.240734 0.988048 -0.524215
v 0.190147 0.695880 -0.381721
v 0.156766 0.844221 -0.414924
v 0.126237 0.853266 -0.587148
v 0.133742 0.897791 -0.478445
v 0.352034 0.730517 -0.518656
v 0.350696 0.622416 -0.458925
v 0.534931 0.735674 -0.480583
v 0.272225 0.698735 -0.647277
v 0.365152 0.689696 -0.533061
v 0.290714 0.274890 -0.300362
v 0.296313 0.196877 -0.217217
v 0.279885 0.290808 -0.295332
v 0.285820 0.211283 -0.208542
v 0.315252 0.212330 -0.335598
v 0.322775 0.152528 -0.245677
v 0.326211 0.188961 -0.347209
v 0.332120 0.136593 -0.254845
v 0.301603 0.300898 -0.355657
v 0.301066 0.341405 -0.332777
v 0.292727 0.379922 -0.379373
v 0.317613 0.147011 -0.188406
v 0.299643 0.172158 -0.169320
v 0.321453 0.125564 -0.141244
v 0.324345 0.236357 -0.391717
v 0.311599 0.339794 -0.411301
v 0.333367 0.120152 -0.207641
v 0.329019 0.115221 -0.151555
v 0.299948 0.106667 0.081461
v 0.312417 0.100710 0.023007
v 0.283188 0.133194 0.041727
v 0.296710 0.129286 -0.015121
v 0.330853 0.049027 0.182776
v 0.341735 0.042067 0.122863
v 0.338797 0.032163 0.212348
v 0.349742 0.025053 0.153209
v 0.312106 0.078969 0.165948
v 0.283216 0.123782 0.090198
v 0.297104 0.094578 0.177926
v 0.333007 0.067334 0.045507
v 0.309923 0.113940 -0.024719
v 0.331692 0.076518 -0.000467
v 0.328548 0.044994 0.228510
v 0.308395 0.075491 0.212782
v 0.350440 0.030210 0.109413
v 0.341165 0.056498 0.032960
v -0.086358 -0.702022 0.063525
v -0.085362 -0.709741 -0.054385
v -0.137317 -0.701813 0.056122
v -0.134877 -0.745830 -0.055722
v 0.073601 -0.703322 0.069889
v 0.077721 -0.709083 -0.054314
v 0.127152 -0.704445 0.064830
v 0.133414 -0.746388 -0.053132
v -0.007717 -0.701103 0.134300
v -0.112854 -0.698534 0.122214
v -0.034724 -0.702122 0.197823
v -0.005534 -0.671828 -0.110487
v -0.110033 -0.732968 -0.113310
v -0.035898 -0.660040 -0.164332
v 0.098122 -0.700915 0.135528
v 0.018582 -0.703198 0.202942
v 0.110185 -0.729402 -0.114146
v 0.029431 -0.659343 -0.163722
v -0.207619 -0.660694 0.352921
v -0.271487 -0.609777 0.378923
v -0.227129 -0.649634 0.280222
v -0.284409 -0.594333 0.307548
v -0.198817 -0.829776 0.525067
v -0.342668 -0.902669 0.617421
v -0.203330 -0.947482 0.570865
v -0.341854 -0.956932 0.699240
v -0.144190 -0.693889 0.446773
v -0.188437 -0.680267 0.297830
v -0.117088 -0.701472 0.384970
v -0.322907 -0.647607 0.488515
v -0.306820 -0.568843 0.349590
v -0.342426 -0.570621 0.455008
v -0.120394 -0.791061 0.550872
v -0.092815 -0.707965 0.454329
v -0.391446 -0.821700 0.669409
v -0.369319 -0.613179 0.526354
v -0.194832 -0.716170 -0.348532
v -0.272595 -0.604926 -0.367726
v -0.245446 -0.825193 -0.361008
v -0.334004 -0.670033 -0.373092
v -0.104597 -0.514163 -0.369077
v -0.162462 -0.446364 -0.386023
v -0.077879 -0.470822 -0.384719
v -0.132010 -0.408236 -0.402468
v -0.115369 -0.619145 -0.332635
v -0.168980 -0.789911 -0.317331
v -0.098182 -0.654735 -0.301813
v -0.242943 -0.464790 -0.370673
v -0.340175 -0.559800 -0.358370
v -0.292645 -0.429112 -0.359959
v -0.061544 -0.517693 -0.365697
v -0.070458 -0.604587 -0.322711
v -0.172708 -0.387741 -0.400148
v -0.251141 -0.393481 -0.376009
v -0.426528 -0.334416 -0.181992
v -0.446565 -0.293521 -0.094299
v -0.441016 -0.398080 -0.173000
v -0.450972 -0.350766 -0.080133
v -0.385285 -0.167290 -0.203434
v -0.401103 -0.150094 -0.135278
v -0.366492 -0.121877 -0.211853
v -0.383942 -0.108413 -0.148525
v -0.395204 -0.256835 -0.232996
v -0.420406 -0.386319 -0.225257
v -0.386068 -0.297772 -0.272951
v -0.430073 -0.202259 -0.075504
v -0.457513 -0.297179 -0.041630
v -0.443179 -0.205903 -0.027871
v -0.364702 -0.150613 -0.241459
v -0.375066 -0.237142 -0.274579
v -0.398441 -0.119821 -0.109236
v -0.427310 -0.165816 -0.047676
v -0.392478 -0.379448 0.234343
v -0.411861 -0.327739 0.155199
v -0.384589 -0.421810 0.204756
v -0.408627 -0.370816 0.126268
v -0.410710 -0.252067 0.304575
v -0.415822 -0.209224 0.226130
v -0.411329 -0.212881 0.321129
v -0.415534 -0.172720 0.244712
v -0.398140 -0.340970 0.316066
v -0.376453 -0.427106 0.262458
v -0.385246 -0.392575 0.349249
v -0.419522 -0.242809 0.156614
v -0.419501 -0.323329 0.104446
v -0.424560 -0.237049 0.108701
v -0.407240 -0.255005 0.354710
v -0.395373 -0.347748 0.372174
v -0.416918 -0.170753 0.198772
v -0.421627 -0.200785 0.132038
v 0.194898 -0.713264 0.434216
v 0.274352 -0.678939 0.462587
v 0.212205 -0.686633 0.348933
v 0.276294 -0.634609 0.387354
v 0.076423 -0.900989 0.625962
v 0.296193 -1.004229 0.685321
v 0.091171 -0.827599 0.712287
v 0.244578 -0.927467 0.798865
v 0.130048 -0.754556 0.501598
v 0.169768 -0.705709 0.357565
v 0.101987 -0.723206 0.432064
v 0.086729 -0.766022 0.626692
v 0.081464 -0.734355 0.493564
v 0.343939 -0.758352 0.557497
v 0.305956 -0.618948 0.426020
v 0.334201 -0.633908 0.543528
v 0.353684 -0.880656 0.772591
v 0.333328 -0.678417 0.644231
v 0.192089 -0.708484 -0.347382
v 0.269663 -0.595946 -0.359020
v 0.240543 -0.807359 -0.338369
v 0.317543 -0.661007 -0.359991
v 0.105523 -0.512833 -0.368816
v 0.162300 -0.443032 -0.383390
v 0.081418 -0.470107 -0.384105
v 0.134371 -0.406016 -0.398922
v 0.114596 -0.614305 -0.333691
v 0.162475 -0.784970 -0.318625
v 0.097941 -0.651709 -0.301310
v 0.063640 -0.517019 -0.365940
v 0.069501 -0.602047 -0.323992
v 0.239041 -0.458561 -0.366656
v 0.326644 -0.549588 -0.351955
v 0.285002 -0.421184 -0.357838
v 0.172404 -0.383831 -0.394559
v 0.246263 -0.387261 -0.371423
v 0.425992 -0.324246 -0.188113
v 0.445849 -0.284684 -0.097789
v 0.439832 -0.390279 -0.181422
v 0.445645 -0.345028 -0.082648
v 0.377674 -0.156704 -0.206561
v 0.398065 -0.139471 -0.138776
v 0.360107 -0.110724 -0.213500
v 0.381040 -0.098613 -0.152748
v 0.387392 -0.246009 -0.236067
v 0.418235 -0.375437 -0.234392
v 0.385109 -0.284382 -0.279295
v 0.434625 -0.190785 -0.080845
v 0.453086 -0.292997 -0.046751
v 0.441036 -0.200875 -0.035168
v 0.356592 -0.139452 -0.242797
v 0.369674 -0.224592 -0.277009
v 0.398098 -0.110191 -0.114737
v 0.431324 -0.155608 -0.054521
v 0.389572 -0.391019 0.265280
v 0.406541 -0.333299 0.171665
v 0.380802 -0.434563 0.238204
v 0.404074 -0.375997 0.144618
v 0.407159 -0.259727 0.323269
v 0.411948 -0.212087 0.234318
v 0.408079 -0.217876 0.334327
v 0.412449 -0.174754 0.248635
v 0.396423 -0.353724 0.349201
v 0.375034 -0.444723 0.303126
v 0.386146 -0.410355 0.392770
v 0.414794 -0.245087 0.163853
v 0.415378 -0.325603 0.115234
v 0.421037 -0.236827 0.112108
v 0.404666 -0.262009 0.375658
v 0.396740 -0.359739 0.409851
v 0.413303 -0.173001 0.200359
v 0.417839 -0.201806 0.133495
v 0.064140 -0.070299 0.884720
v -0.072546 -0.075855 0.884845
v 0.075554 -0.138812 0.939008
v -0.070870 -0.154569 0.921367
v 0.053079 0.072827 0.749358
v -0.054955 0.070050 0.750105
v 0.049245 0.099706 0.702162
v -0.050241 0.097580 0.703305
v 0.118170 0.012754 0.801274
v 0.130695 -0.104978 0.878242
v 0.177279 -0.014411 0.798249
v -0.120129 0.004261 0.805732
v -0.135927 -0.119215 0.877528
v -0.178038 -0.027680 0.805485
v 0.101660 0.083356 0.715053
v 0.164289 0.026800 0.758534
v -0.103282 0.080768 0.718445
v -0.168457 0.023168 0.770200
v 0.363211 -0.364986 0.738404
v 0.330281 -0.246697 0.766363
v 0.334126 -0.419349 0.792165
v 0.293962 -0.288772 0.815958
v 0.392586 -0.226477 0.570892
v 0.380439 -0.146203 0.601887
v 0.393728 -0.191759 0.519320
v 0.376006 -0.128247 0.547401
v 0.388984 -0.340365 0.632343
v 0.369710 -0.456789 0.755085
v 0.392280 -0.419411 0.638231
v 0.396669 -0.244238 0.524993
v 0.395649 -0.356512 0.579800
v 0.353273 -0.140588 0.696637
v 0.294119 -0.209023 0.804594
v 0.317998 -0.110712 0.732009
v 0.360745 -0.105900 0.583264
v 0.334365 -0.091737 0.674992
v -0.374659 -0.392028 0.715849
v -0.334901 -0.270193 0.765942
v -0.359376 -0.458693 0.765962
v -0.297375 -0.319340 0.805559
v -0.392430 -0.232921 0.557932
v -0.380544 -0.154681 0.603124
v -0.394990 -0.195580 0.509411
v -0.380411 -0.131366 0.549555
v -0.391232 -0.348360 0.604101
v -0.388145 -0.491136 0.714487
v -0.393127 -0.422384 0.594953
v -0.396734 -0.246556 0.506970
v -0.392622 -0.356449 0.545742
v -0.354099 -0.153542 0.706237
v -0.292979 -0.234213 0.804342
v -0.321984 -0.121589 0.745704
v -0.364983 -0.109854 0.589218
v -0.334555 -0.102511 0.684180
v 0.222598 0.090865 0.448846
v 0.216860 0.077132 0.531964
v 0.189616 0.106103 0.455068
v 0.182931 0.096739 0.540816
v 0.301520 0.036664 0.410675
v 0.301958 0.014608 0.486168
v 0.320651 0.019607 0.392525
v 0.322942 -0.004905 0.464789
v 0.268376 0.072063 0.394627
v 0.209883 0.104680 0.411642
v 0.257485 0.089176 0.360751
v 0.311195 0.038057 0.364968
v 0.282939 0.071796 0.350161
v 0.263276 0.035601 0.554644
v 0.196292 0.080231 0.580188
v 0.248290 0.037347 0.607300
v 0.314637 -0.009440 0.513590
v 0.279585 0.011970 0.588323
v -0.224761 0.089270 0.457852
v -0.218938 0.076086 0.540524
v -0.190571 0.104124 0.462054
v -0.183683 0.095384 0.546852
v -0.304136 0.035968 0.421546
v -0.303928 0.012231 0.495862
v -0.322676 0.018582 0.403121
v -0.324869 -0.007450 0.473994
v -0.270839 0.071606 0.405056
v -0.210623 0.102567 0.419555
v -0.260264 0.087372 0.371611
v -0.313773 0.037501 0.376295
v -0.285425 0.071422 0.361708
v -0.264473 0.032724 0.563416
v -0.197814 0.079760 0.587622
v -0.249184 0.033525 0.615737
v -0.316280 -0.013097 0.522347
v -0.280153 0.006853 0.597013
v 0.023918 0.039914 -0.596310
v -0.027487 0.038300 -0.596582
v 0.023002 0.008878 -0.544052
v -0.024787 0.007162 -0.544725
v 0.027577 0.155229 -0.758301
v -0.035350 0.153075 -0.757156
v 0.032240 0.208834 -0.800904
v -0.039624 0.206953 -0.797878
v 0.053894 0.088844 -0.677619
v 0.048100 0.022334 -0.566961
v 0.080676 0.064547 -0.647658
v -0.060491 0.084586 -0.679192
v -0.050842 0.019335 -0.567305
v -0.086392 0.057689 -0.651246
v 0.061548 0.180611 -0.780835
v 0.085348 0.100441 -0.706051
v -0.071952 0.175091 -0.781946
v -0.093503 0.093277 -0.710742
v 0.183759 -0.144824 -0.418072
v 0.148981 -0.058273 -0.443403
v 0.155370 -0.178268 -0.432188
v 0.123710 -0.090227 -0.455185
v 0.255142 -0.051537 -0.357017
v 0.232378 -0.001183 -0.430274
v 0.276249 -0.030590 -0.343261
v 0.261062 0.014470 -0.426872
v 0.240467 -0.138223 -0.379079
v 0.185293 -0.205228 -0.414804
v 0.248018 -0.195908 -0.380302
v 0.283734 -0.078210 -0.335434
v 0.273870 -0.161225 -0.357470
v 0.177375 -0.008421 -0.480447
v 0.119004 -0.033887 -0.468528
v 0.153086 0.002600 -0.529632
v 0.240946 0.013291 -0.489044
v 0.185842 0.003424 -0.545614
v -0.181326 -0.150148 -0.419273
v -0.144962 -0.061533 -0.439024
v -0.151295 -0.182293 -0.435833
v -0.118262 -0.091298 -0.452410
v -0.258067 -0.063163 -0.359975
v -0.235769 -0.003348 -0.418933
v -0.277577 -0.039342 -0.339529
v -0.265577 0.011396 -0.412714
v -0.244117 -0.146919 -0.382912
v -0.184826 -0.211027 -0.421561
v -0.253498 -0.204736 -0.388631
v -0.286307 -0.086800 -0.332028
v -0.279876 -0.171422 -0.362994
v -0.178648 -0.007886 -0.469954
v -0.116043 -0.035185 -0.463131
v -0.156133 -0.002179 -0.525670
v -0.245983 0.012148 -0.475248
v -0.190898 0.001845 -0.539222
v 0.284800 0.393048 -0.852847
v 0.247453 0.274643 -0.912417
v 0.263408 0.458224 -0.858359
v 0.208415 0.333885 -0.879122
v 0.390123 0.230357 -0.702469
v 0.343635 0.118525 -0.762345
v 0.384969 0.190683 -0.615840
v 0.360268 0.103074 -0.656832
v 0.352994 0.353304 -0.737882
v 0.299823 0.478451 -0.793107
v 0.346009 0.433921 -0.681221
v 0.378729 0.247493 -0.612737
v 0.369807 0.368488 -0.641049
v 0.286465 0.079433 -0.951392
v 0.202367 0.249330 -0.865797
v 0.209786 0.110404 -0.835658
v 0.301806 0.059698 -0.699535
v 0.221447 0.019168 -0.829096
v -0.295359 0.372503 -0.872004
v -0.262793 0.240990 -0.942468
v -0.273133 0.431599 -0.863319
v -0.216921 0.307988 -0.895953
v -0.381485 0.207880 -0.668886
v -0.346784 0.107790 -0.729226
v -0.360916 0.177400 -0.581020
v -0.361234 0.089274 -0.621706
v -0.368189 0.333180 -0.723111
v -0.303933 0.451173 -0.800371
v -0.349748 0.406486 -0.686182
v -0.364666 0.232108 -0.584833
v -0.360673 0.346366 -0.634158
v -0.273458 0.092495 -0.875891
v -0.209550 0.228289 -0.878134
v -0.220283 0.095278 -0.828917
v -0.321181 0.065094 -0.672313
v -0.237332 0.032752 -0.804006
v 0.369804 0.012534 -0.068068
v 0.381876 -0.028555 -0.048999
v 0.364813 0.024761 -0.109395
v 0.375785 -0.017316 -0.089479
v 0.379257 -0.017422 0.058659
v 0.393500 -0.056451 0.076240
v 0.380642 -0.024852 0.101167
v 0.394734 -0.062592 0.119175
v 0.369447 0.014154 -0.014991
v 0.361217 0.037970 -0.100541
v 0.360174 0.036614 -0.046903
v 0.372315 -0.004354 0.070707
v 0.362528 0.025355 -0.003826
v 0.396041 -0.066142 0.020715
v 0.385925 -0.045612 -0.061912
v 0.402569 -0.085439 0.005884
v 0.401521 -0.081621 0.106341
v 0.405505 -0.095367 0.048491
v -0.367973 0.012529 -0.055821
v -0.380964 -0.029358 -0.037718
v -0.362020 0.023604 -0.097505
v -0.372173 -0.019621 -0.077684
v -0.378874 -0.016283 0.071521
v -0.392748 -0.054889 0.087280
v -0.380813 -0.023336 0.113495
v -0.394575 -0.060679 0.129668
v -0.368727 0.015347 -0.002040
v -0.360847 0.038091 -0.087941
v -0.361089 0.038578 -0.033900
v -0.373110 -0.002617 0.084247
v -0.363395 0.027313 0.009518
v -0.396555 -0.066278 0.030468
v -0.384584 -0.047941 -0.051221
v -0.404636 -0.085882 0.014884
v -0.401508 -0.078901 0.116136
v -0.406981 -0.094520 0.056874
v -0.133464 0.264423 -0.119849
v -0.150494 0.246462 -0.070783
v -0.175091 0.466516 -0.235961
v -0.201203 0.508379 -0.289890
v -0.121057 0.257159 -0.069433
v -0.169319 0.543832 -0.270744
v -0.234331 0.179578 0.019802
v -0.255617 0.164481 0.015487
v -0.252782 0.156037 0.065581
v -0.323244 0.485375 -0.389435
v -0.310596 0.398468 -0.342488
v -0.342585 0.502559 -0.419068
v -0.283818 0.190670 -0.149433
v -0.286805 0.167717 -0.098509
v -0.298812 0.155239 -0.105938
v 0.141890 0.266337 -0.123210
v 0.157195 0.250329 -0.071980
v 0.170607 0.465542 -0.238793
v 0.187725 0.507280 -0.285199
v 0.129787 0.256981 -0.073750
v 0.164858 0.546344 -0.274082
v 0.232183 0.188301 0.014979
v 0.249766 0.173856 0.009086
v 0.248323 0.164983 0.056808
v 0.257050 0.433932 -0.356780
v 0.258484 0.365284 -0.325755
v 0.281763 0.431929 -0.381689
v 0.275751 0.198215 -0.150045
v 0.277944 0.177385 -0.101787
v 0.291080 0.164641 -0.111565
v -0.209777 -0.676085 0.099565
v -0.229992 -0.662575 0.157720
v -0.191587 -0.918984 -0.076118
v -0.243995 -0.989788 -0.188040
v -0.187610 -0.682399 0.168823
v -0.129631 -0.913392 -0.188189
v -0.329094 -0.548604 0.219410
v -0.354301 -0.507834 0.196355
v -0.342853 -0.513057 0.256603
v -0.433768 -0.626673 -0.269467
v -0.454288 -0.540381 -0.215144
v -0.424857 -0.529253 -0.272897
v -0.432187 -0.413724 -0.009702
v -0.418303 -0.415141 0.043033
v -0.431857 -0.362959 0.023563
v 0.198896 -0.685813 0.124390
v 0.216100 -0.678730 0.195188
v 0.198404 -0.932855 -0.069221
v 0.256015 -0.991850 -0.190590
v 0.171022 -0.694385 0.202872
v 0.139632 -0.918681 -0.199247
v 0.322325 -0.569472 0.269157
v 0.349008 -0.523927 0.237893
v 0.339185 -0.537643 0.308910
v 0.442220 -0.618062 -0.292950
v 0.449583 -0.528131 -0.222788
v 0.426368 -0.513424 -0.292725
v 0.428475 -0.411663 -0.004388
v 0.414705 -0.416178 0.054936
v 0.427659 -0.362157 0.029543
v -0.041689 -0.716270 0.688503
v 0.026304 -0.671035 0.692833
v -0.301324 -0.773188 0.831705
v -0.333463 -0.630337 0.808642
v 0.002100 -0.686896 0.633711
v -0.373871 -0.709671 0.772730
v 0.250329 -0.689108 0.835249
v 0.271991 -0.576022 0.832353
v 0.332794 -0.660857 0.824778
v 0.128238 -0.260747 0.896749
v 0.187749 -0.295704 0.873523
v -0.133642 -0.278344 0.891668
v -0.195499 -0.320279 0.868234
v 0.193925 -0.215164 0.873672
v -0.193759 -0.238389 0.867770
v -0.017795 0.165341 0.300555
v 0.021632 0.166416 0.299857
v -0.127106 0.134789 0.383458
v -0.141094 0.125478 0.423113
v 0.002076 0.179925 0.259059
v -0.162100 0.126405 0.382719
v 0.128195 0.137717 0.378193
v 0.141714 0.127776 0.417872
v 0.162898 0.128444 0.376795
v 0.085762 0.119984 0.624921
v 0.118734 0.115533 0.586359
v -0.085501 0.120866 0.626724
v -0.119013 0.118837 0.590111
v 0.129873 0.104316 0.630510
v -0.130669 0.105349 0.635156
v -0.014774 -0.437274 -0.401001
v 0.022095 -0.437302 -0.401249
v -0.113183 -0.328191 -0.437028
v -0.119291 -0.276702 -0.450437
v 0.002640 -0.477849 -0.382689
v -0.148814 -0.303764 -0.433047
v 0.118203 -0.327799 -0.433467
v 0.124950 -0.274512 -0.443671
v 0.151759 -0.298908 -0.423922
v 0.047764 -0.064566 -0.496100
v 0.072003 -0.092750 -0.480129
v -0.045123 -0.066665 -0.496710
v -0.067610 -0.093912 -0.478711
v 0.070205 -0.035427 -0.495860
v -0.068510 -0.038884 -0.495492
v -0.045197 0.808735 -0.713368
v 0.048700 0.802148 -0.715795
v -0.218443 0.630427 -0.775190
v -0.225345 0.555040 -0.809016
v -0.000965 0.833202 -0.656819
v -0.288019 0.599369 -0.780792
v 0.240649 0.652019 -0.779041
v 0.232831 0.569619 -0.811674
v 0.288992 0.613211 -0.762882
v 0.078361 0.305706 -0.823390
v 0.122468 0.339473 -0.838441
v -0.083921 0.299922 -0.829581
v -0.127415 0.329559 -0.846457
v 0.115777 0.268628 -0.824674
v -0.122182 0.259925 -0.832819
v 0.343063 0.170433 -0.408803
v 0.353711 0.169597 -0.467582
v 0.346386 0.090697 -0.221666
v 0.352847 0.063782 -0.184036
v 0.349481 0.209391 -0.466234
v 0.348968 0.077189 -0.178061
v 0.325409 -0.047907 -0.254914
v 0.314022 -0.026928 -0.290011
v 0.368782 -0.039948 -0.153604
v 0.368297 -0.021613 -0.139578
v 0.322611 -0.072694 -0.282118
v 0.380690 -0.052847 -0.116422
v 0.297372 0.047834 -0.465652
v 0.316744 0.066362 -0.514346
v 0.288401 0.041380 -0.540432
v 0.344036 0.011992 0.284111
v 0.340802 0.007918 0.328007
v 0.366283 -0.004328 0.168526
v 0.374067 -0.017115 0.155724
v 0.331884 0.025472 0.301444
v 0.366318 0.001412 0.126122
v 0.404788 -0.175881 0.387123
v 0.400814 -0.170066 0.430034
v 0.407756 -0.113703 0.225796
v 0.402503 -0.089464 0.193434
v 0.402447 -0.213440 0.430361
v 0.407867 -0.111859 0.181525
v 0.363733 -0.076935 0.481355
v 0.352538 -0.047720 0.462946
v 0.349138 -0.057903 0.511431
v -0.341678 0.165807 -0.394248
v -0.345341 0.162708 -0.447674
v -0.347352 0.088671 -0.209068
v -0.351545 0.061540 -0.172060
v -0.343870 0.201284 -0.450797
v -0.350771 0.077064 -0.165242
v -0.331336 -0.056963 -0.250956
v -0.314307 -0.041110 -0.290108
v -0.364091 -0.047161 -0.144018
v -0.361565 -0.026298 -0.127862
v -0.325079 -0.084990 -0.280367
v -0.376850 -0.059234 -0.106395
v -0.298579 0.044601 -0.447039
v -0.314734 0.065691 -0.491291
v -0.291346 0.046460 -0.519364
v -0.347044 0.010560 0.296646
v -0.343871 0.006666 0.340064
v -0.367396 -0.004188 0.181560
v -0.374683 -0.016045 0.168070
v -0.335525 0.024801 0.314267
v -0.367234 0.001950 0.139411
v -0.405772 -0.176310 0.377558
v -0.401194 -0.172341 0.420829
v -0.411305 -0.109998 0.230892
v -0.403775 -0.087207 0.200926
v -0.404223 -0.212367 0.415033
v -0.410325 -0.109170 0.187428
v -0.366271 -0.079686 0.486480
v -0.354150 -0.050788 0.469997
v -0.350720 -0.061785 0.518078
v -0.016007 0.248682 0.027999
v 0.025224 0.248649 0.027005
v 0.003815 0.237545 0.078151
v -0.026374 0.749208 -0.336947
v 0.037191 0.750985 -0.340932
v 0.005834 0.796174 -0.403875
v -0.276202 0.103000 0.248683
v -0.263156 0.102295 0.292506
v -0.289435 0.086857 0.285722
v -0.346114 0.493090 -0.516932
v -0.343828 0.486220 -0.583095
v -0.342477 0.418177 -0.537494
v -0.341952 0.079551 -0.046048
v -0.346854 0.072136 -0.057772
v -0.349865 0.057781 -0.011403
v 0.269396 0.108118 0.233620
v 0.258939 0.105920 0.279776
v 0.283372 0.090135 0.271188
v 0.336332 0.529605 -0.474517
v 0.348341 0.526586 -0.549001
v 0.336851 0.445616 -0.515684
v 0.337284 0.079675 -0.058431
v 0.344167 0.070646 -0.069892
v 0.347174 0.057228 -0.024671
v -0.034140 -0.706874 0.332811
v 0.020174 -0.709289 0.342194
v -0.005098 -0.711288 0.405681
v -0.030774 -0.641691 -0.255423
v 0.026892 -0.642063 -0.254802
v -0.000625 -0.623992 -0.291700
v -0.375226 -0.463067 0.447167
v -0.383806 -0.480696 0.513195
v -0.386508 -0.412910 0.469961
v -0.332228 -0.315906 -0.340448
v -0.295459 -0.289749 -0.368323
v -0.326658 -0.252148 -0.345242
v -0.432726 -0.182574 0.041522
v -0.432965 -0.136627 0.021348
v -0.424769 -0.152189 0.063368
v 0.379845 -0.486081 0.511822
v 0.393476 -0.496659 0.578426
v 0.393219 -0.425208 0.520728
v 0.325512 -0.306437 -0.339297
v 0.287340 -0.281608 -0.362929
v 0.318657 -0.241529 -0.336664
v 0.430219 -0.179073 0.037273
v 0.422858 -0.139612 0.013541
v 0.420314 -0.152192 0.058258
v 0.261064 -0.031378 0.731238
v 0.244466 0.007295 0.696720
v 0.283455 -0.020978 0.676415
v -0.264222 -0.042142 0.743330
v -0.248126 0.001084 0.708583
v -0.284929 -0.030061 0.686939
v 0.138325 0.040964 -0.641315
v 0.148989 0.069527 -0.712211
v 0.171461 0.032012 -0.673212
v -0.143141 0.025047 -0.650787
v -0.154517 0.047330 -0.726134
v -0.179084 -0.000263 -0.695979
f 1 647 644
f 1 644 643
f 1 643 645
f 1 645 646
f 1 646 647
f 2 649 652
f 6 672 670
f 12 702 699
f 11 696 695
f 8 679 681
f 4 662 659
f 4 659 658
f 4 658 660
f 4 660 661
f 4 661 662
f 5 666 665
f 3 654 657
f 7 673 677
f 9 685 686
f 10 692 688
f 12 701 698
f 6 669 668
f 2 650 648
f 8 682 678
f 11 697 693
f 6 671 669
f 12 700 701
f 11 694 697
f 8 680 682
f 2 651 650
f 10 690 689
f 5 663 664
f 3 655 653
f 7 676 674
f 9 687 684
f 10 691 690
f 5 667 663
f 3 656 655
f 7 675 676
f 9 683 687
f 6 668 672
f 2 648 649
f 8 678 679
f 11 693 696
f 12 698 702
f 10 688 691
f 5 665 667
f 3 657 656
f 7 677 675
f 9 686 683
f 5 664 666
f 3 653 654
f 7 674 673
f 9 684 685
f 10 689 692
f 6 670 671
f 12 699 700
f 11 695 694
f 8 681 680
f 2 652 651
f 35 837 838
f 18 735 736
f 19 742 741
f 40 868 867
f 42 880 879
f 34 832 831
f 33 827 828
f 25 778 780
f 36 844 846
f 20 749 747
f 32 819 820
f 23 765 767
f 24 773 771
f 37 850 849
f 41 876 875
f 34 833 834
f 33 826 825
f 25 779 777
f 36 845 843
f 20 748 750
f 17 729 727
f 14 711 709
f 13 706 703
f 15 718 715
f 16 724 721
f 18 737 733
f 35 839 835
f 42 882 878
f 40 870 866
f 19 744 740
f 30 807 805
f 27 789 787
f 22 762 758
f 28 797 793
f 29 802 799
f 32 821 817
f 23 766 763
f 24 774 770
f 37 852 848
f 41 874 872
f 35 838 836
f 18 736 734
f 19 741 739
f 40 867 865
f 42 879 877
f 34 831 829
f 33 828 824
f 25 780 776
f 36 846 842
f 20 747 745
f 32 820 818
f 23 767 764
f 24 771 769
f 37 849 847
f 41 875 871
f 34 834 830
f 33 825 823
f 25 777 775
f 36 843 841
f 20 750 746
f 14 714 710
f 13 707 704
f 15 719 716
f 16 725 722
f 17 732 728
f 21 755 752
f 31 814 811
f 26 784 781
f 38 857 853
f 39 862 860
f 27 792 788
f 22 759 757
f 28 796 794
f 29 803 800
f 30 810 806
f 31 815 812
f 26 785 782
f 38 856 854
f 39 863 859
f 21 754 751
f 14 712 714
f 13 705 707
f 15 717 719
f 16 723 725
f 17 730 732
f 21 753 755
f 31 816 814
f 26 786 784
f 38 858 857
f 39 861 862
f 27 791 792
f 22 761 759
f 28 795 796
f 29 801 803
f 30 808 810
f 31 813 815
f 26 783 785
f 38 855 856
f 39 864 863
f 21 756 754
f 14 709 712
f 13 703 705
f 15 715 717
f 16 721 723
f 17 727 730
f 21 751 753
f 31 812 816
f 26 782 786
f 38 854 858
f 39 859 861
f 27 787 791
f 22 758 761
f 28 793 795
f 29 799 801
f 30 805 808
f 31 811 813
f 26 781 783
f 38 853 855
f 39 860 864
f 21 752 756
f 17 728 731
f 14 710 713
f 13 704 708
f 15 716 720
f 16 722 726
f 18 734 738
f 35 836 840
f 42 877 881
f 40 865 869
f 19 739 743
f 30 806 809
f 27 788 790
f 22 757 760
f 28 794 798
f 29 800 804
f 32 818 822
f 23 764 768
f 24 769 772
f 37 847 851
f 41 871 873
f 35 835 837
f 18 733 735
f 19 740 742
f 40 866 868
f 42 878 880
f 34 830 832
f 33 823 827
f 25 775 778
f 36 841 844
f 20 746 749
f 32 817 819
f 23 763 765
f 24 770 773
f 37 848 850
f 41 872 876
f 34 829 833
f 33 824 826
f 25 776 779
f 36 842 845
f 20 745 748
f 17 731 729
f 14 713 711
f 13 708 706
f 15 720 718
f 16 726 724
f 18 738 737
f 35 840 839
f 42 881 882
f 40 869 870
f 19 743 744
f 30 809 807
f 27 790 789
f 22 760 762
f 28 798 797
f 29 804 802
f 32 822 821
f 23 768 766
f 24 772 774
f 37 851 852
f 41 873 874
f 107 1269 1270
f 103 1245 1246
f 104 1252 1251
f 110 1288 1287
f 113 1306 1305
f 118 1336 1335
f 154 1551 1552
f 141 1473 1474
f 162 1599 1600
f 121 1354 1353
f 142 1479 1480
f 129 1401 1402
f 130 1408 1407
f 144 1492 1491
f 146 1504 1503
f 151 1533 1534
f 131 1414 1413
f 136 1444 1443
f 161 1594 1593
f 126 1383 1384
f 116 1323 1324
f 108 1275 1276
f 106 1263 1264
f 112 1299 1300
f 115 1317 1318
f 119 1341 1342
f 156 1564 1563
f 139 1462 1461
f 160 1588 1587
f 120 1347 1348
f 149 1521 1522
f 132 1420 1419
f 128 1395 1396
f 145 1497 1498
f 148 1515 1516
f 155 1557 1558
f 133 1425 1426
f 134 1431 1432
f 157 1570 1569
f 124 1372 1371
f 109 1282 1281
f 105 1258 1257
f 111 1294 1293
f 114 1312 1311
f 117 1330 1329
f 125 1378 1377
f 152 1540 1539
f 137 1449 1450
f 158 1575 1576
f 123 1365 1366
f 143 1486 1485
f 127 1390 1389
f 135 1437 1438
f 147 1510 1509
f 150 1528 1527
f 153 1546 1545
f 140 1468 1467
f 138 1455 1456
f 159 1581 1582
f 122 1359 1360
f 107 1272 1271
f 103 1248 1247
f 104 1253 1254
f 110 1289 1290
f 113 1307 1308
f 118 1337 1338
f 154 1554 1553
f 141 1476 1475
f 162 1602 1601
f 121 1355 1356
f 142 1482 1481
f 129 1404 1403
f 130 1409 1410
f 144 1493 1494
f 146 1505 1506
f 151 1536 1535
f 131 1415 1416
f 136 1445 1446
f 161 1595 1596
f 126 1386 1385
f 47 909 907
f 44 891 889
f 43 886 883
f 45 898 895
f 46 904 901
f 49 922 919
f 72 1060 1057
f 102 1240 1237
f 96 1204 1201
f 79 1102 1099
f 62 999 997
f 59 981 979
f 58 976 973
f 60 988 985
f 61 994 991
f 66 1024 1021
f 54 952 949
f 73 1066 1063
f 85 1138 1135
f 92 1179 1177
f 101 1233 1231
f 69 1041 1039
f 50 927 925
f 82 1119 1117
f 97 1209 1207
f 71 1053 1051
f 100 1228 1225
f 94 1192 1189
f 80 1108 1105
f 51 933 931
f 90 1167 1165
f 63 1005 1003
f 55 957 955
f 76 1083 1081
f 87 1150 1147
f 91 1174 1171
f 67 1029 1027
f 56 963 961
f 75 1077 1075
f 83 1126 1123
f 68 1036 1033
f 48 915 913
f 78 1095 1093
f 93 1185 1183
f 98 1216 1213
f 88 1155 1153
f 65 1018 1015
f 57 970 967
f 77 1090 1087
f 86 1143 1141
f 64 1012 1009
f 53 945 943
f 74 1071 1069
f 84 1131 1129
f 89 1162 1159
f 70 1047 1045
f 99 1221 1219
f 95 1197 1195
f 81 1114 1111
f 52 940 937
f 109 1284 1280
f 105 1260 1256
f 111 1296 1292
f 114 1314 1310
f 117 1332 1328
f 125 1380 1376
f 152 1542 1538
f 137 1451 1447
f 158 1577 1573
f 123 1367 1363
f 143 1488 1484
f 127 1392 1388
f 135 1439 1435
f 147 1512 1508
f 150 1530 1526
f 153 1548 1544
f 140 1470 1466
f 138 1457 1453
f 159 1583 1579
f 122 1361 1357
f 107 1270 1268
f 103 1246 1244
f 104 1251 1249
f 110 1287 1285
f 113 1305 1303
f 118 1335 1333
f 154 1552 1550
f 141 1474 1472
f 162 1600 1598
f 121 1353 1351
f 142 1480 1478
f 129 1402 1400
f 130 1407 1405
f 144 1491 1489
f 146 1503 1501
f 151 1534 1532
f 131 1413 1411
f 136 1443 1441
f 161 1593 1591
f 126 1384 1382
f 116 1324 1322
f 108 1276 1274
f 106 1264 1262
f 112 1300 1298
f 115 1318 1316
f 119 1342 1340
f 156 1563 1561
f 139 1461 1459
f 160 1587 1585
f 120 1348 1346
f 149 1522 1520
f 132 1419 1417
f 128 1396 1394
f 145 1498 1496
f 148 1516 1514
f 155 1558 1556
f 133 1426 1424
f 134 1432 1430
f 157 1569 1567
f 124 1371 1369
f 109 1281 1279
f 105 1257 1255
f 111 1293 1291
f 114 1311 1309
f 117 1329 1327
f 125 1377 1375
f 152 1539 1537
f 137 1450 1448
f 158 1576 1574
f 123 1366 1364
f 143 1485 1483
f 127 1389 1387
f 135 1438 1436
f 147 1509 1507
f 150 1527 1525
f 153 1545 1543
f 140 1467 1465
f 138 1456 1454
f 159 1582 1580
f 122 1360 1358
f 107 1271 1267
f 103 1247 1243
f 104 1254 1250
f 110 1290 1286
f 113 1308 1304
f 118 1338 1334
f 154 1553 1549
f 141 1475 1471
f 162 1601 1597
f 121 1356 1352
f 142 1481 1477
f 129 1403 1399
f 130 1410 1406
f 144 1494 1490
f 146 1506 1502
f 151 1535 1531
f 131 1416 1412
f 136 1446 1442
f 161 1596 1592
f 126 1385 1381
f 44 894 890
f 43 887 884
f 45 899 896
f 46 905 902
f 47 912 908
f 52 941 938
f 70 1050 1046
f 99 1224 1220
f 95 1200 1196
f 81 1115 1112
f 59 984 980
f 58 977 974
f 60 989 986
f 61 995 992
f 62 1002 998
f 65 1019 1016
f 57 971 968
f 77 1091 1088
f 86 1146 1142
f 88 1158 1154
f 98 1217 1214
f 68 1037 1034
f 48 918 914
f 78 1098 1094
f 93 1188 1184
f 69 1044 1040
f 101 1236 1232
f 97 1212 1208
f 82 1122 1118
f 50 930 926
f 89 1163 1160
f 64 1013 1010
f 53 948 944
f 74 1074 1070
f 84 1134 1130
f 90 1170 1166
f 63 1008 1004
f 55 960 956
f 76 1086 1082
f 87 1151 1148
f 72 1061 1058
f 49 923 920
f 79 1103 1100
f 96 1205 1202
f 102 1241 1238
f 91 1175 1172
f 67 1032 1028
f 56 966 962
f 75 1080 1076
f 83 1127 1124
f 66 1025 1022
f 54 953 950
f 73 1067 1064
f 85 1139 1136
f 92 1182 1178
f 71 1056 1052
f 100 1229 1226
f 94 1193 1190
f 80 1109 1106
f 51 936 932
f 116 1325 1321
f 108 1277 1273
f 106 1265 1261
f 112 1301 1297
f 115 1319 1315
f 119 1343 1339
f 156 1566 1562
f 139 1464 1460
f 160 1590 1586
f 120 1349 1345
f 149 1523 1519
f 132 1422 1418
f 128 1397 1393
f 145 1499 1495
f 148 1517 1513
f 155 1559 1555
f 133 1427 1423
f 134 1433 1429
f 157 1572 1568
f 124 1374 1370
f 44 892 894
f 43 885 887
f 45 897 899
f 46 903 905
f 47 910 912
f 52 939 941
f 70 1048 1050
f 99 1222 1224
f 95 1198 1200
f 81 1113 1115
f 59 982 984
f 58 975 977
f 60 987 989
f 61 993 995
f 62 1000 1002
f 65 1017 1019
f 57 969 971
f 77 1089 1091
f 86 1144 1146
f 88 1156 1158
f 98 1215 1217
f 68 1035 1037
f 48 916 918
f 78 1096 1098
f 93 1186 1188
f 69 1042 1044
f 101 1234 1236
f 97 1210 1212
f 82 1120 1122
f 50 928 930
f 89 1161 1163
f 64 1011 1013
f 53 946 948
f 74 1072 1074
f 84 1132 1134
f 90 1168 1170
f 63 1006 1008
f 55 958 960
f 76 1084 1086
f 87 1149 1151
f 72 1059 1061
f 49 921 923
f 79 1101 1103
f 96 1203 1205
f 102 1239 1241
f 91 1173 1175
f 67 1030 1032
f 56 964 966
f 75 1078 1080
f 83 1125 1127
f 66 1023 1025
f 54 951 953
f 73 1065 1067
f 85 1137 1139
f 92 1180 1182
f 71 1054 1056
f 100 1227 1229
f 94 1191 1193
f 80 1107 1109
f 51 934 936
f 116 1326 1325
f 108 1278 1277
f 106 1266 1265
f 112 1302 1301
f 115 1320 1319
f 119 1344 1343
f 156 1565 1566
f 139 1463 1464
f 160 1589 1590
f 120 1350 1349
f 149 1524 1523
f 132 1421 1422
f 128 1398 1397
f 145 1500 1499
f 148 1518 1517
f 155 1560 1559
f 133 1428 1427
f 134 1434 1433
f 157 1571 1572
f 124 1373 1374
f 44 889 892
f 43 883 885
f 45 895 897
f 46 901 903
f 47 907 910
f 52 937 939
f 70 1045 1048
f 99 1219 1222
f 95 1195 1198
f 81 1111 1113
f 59 979 982
f 58 973 975
f 60 985 987
f 61 991 993
f 62 997 1000
f 65 1015 1017
f 57 967 969
f 77 1087 1089
f 86 1141 1144
f 88 1153 1156
f 98 1213 1215
f 68 1033 1035
f 48 913 916
f 78 1093 1096
f 93 1183 1186
f 69 1039 1042
f 101 1231 1234
f 97 1207 1210
f 82 1117 1120
f 50 925 928
f 89 1159 1161
f 64 1009 1011
f 53 943 946
f 74 1069 1072
f 84 1129 1132
f 90 1165 1168
f 63 1003 1006
f 55 955 958
f 76 1081 1084
f 87 1147 1149
f 72 1057 1059
f 49 919 921
f 79 1099 1101
f 96 1201 1203
f 102 1237 1239
f 91 1171 1173
f 67 1027 1030
f 56 961 964
f 75 1075 1078
f 83 1123 1125
f 66 1021 1023
f 54 949 951
f 73 1063 1065
f 85 1135 1137
f 92 1177 1180
f 71 1051 1054
f 100 1225 1227
f 94 1189 1191
f 80 1105 1107
f 51 931 934
f 116 1322 1326
f 108 1274 1278
f 106 1262 1266
f 112 1298 1302
f 115 1316 1320
f 119 1340 1344
f 156 1561 1565
f 139 1459 1463
f 160 1585 1589
f 120 1346 1350
f 149 1520 1524
f 132 1417 1421
f 128 1394 1398
f 145 1496 1500
f 148 1514 1518
f 155 1556 1560
f 133 1424 1428
f 134 1430 1434
f 157 1567 1571
f 124 1369 1373
f 47 908 911
f 44 890 893
f 43 884 888
f 45 896 900
f 46 902 906
f 49 920 924
f 72 1058 1062
f 102 1238 1242
f 96 1202 1206
f 79 1100 1104
f 62 998 1001
f 59 980 983
f 58 974 978
f 60 986 990
f 61 992 996
f 66 1022 1026
f 54 950 954
f 73 1064 1068
f 85 1136 1140
f 92 1178 1181
f 101 1232 1235
f 69 1040 1043
f 50 926 929
f 82 1118 1121
f 97 1208 1211
f 71 1052 1055
f 100 1226 1230
f 94 1190 1194
f 80 1106 1110
f 51 932 935
f 90 1166 1169
f 63 1004 1007
f 55 956 959
f 76 1082 1085
f 87 1148 1152
f 91 1172 1176
f 67 1028 1031
f 56 962 965
f 75 1076 1079
f 83 1124 1128
f 68 1034 1038
f 48 914 917
f 78 1094 1097
f 93 1184 1187
f 98 1214 1218
f 88 1154 1157
f 65 1016 1020
f 57 968 972
f 77 1088 1092
f 86 1142 1145
f 64 1010 1014
f 53 944 947
f 74 1070 1073
f 84 1130 1133
f 89 1160 1164
f 70 1046 1049
f 99 1220 1223
f 95 1196 1199
f 81 1112 1116
f 52 938 942
f 109 1279 1283
f 105 1255 1259
f 111 1291 1295
f 114 1309 1313
f 117 1327 1331
f 125 1375 1379
f 152 1537 1541
f 137 1448 1452
f 158 1574 1578
f 123 1364 1368
f 143 1483 1487
f 127 1387 1391
f 135 1436 1440
f 147 1507 1511
f 150 1525 1529
f 153 1543 1547
f 140 1465 1469
f 138 1454 1458
f 159 1580 1584
f 122 1358 1362
f 107 1267 1269
f 103 1243 1245
f 104 1250 1252
f 110 1286 1288
f 113 1304 1306
f 118 1334 1336
f 154 1549 1551
f 141 1471 1473
f 162 1597 1599
f 121 1352 1354
f 142 1477 1479
f 129 1399 1401
f 130 1406 1408
f 144 1490 1492
f 146 1502 1504
f 151 1531 1533
f 131 1412 1414
f 136 1442 1444
f 161 1592 1594
f 126 1381 1383
f 116 1321 1323
f 108 1273 1275
f 106 1261 1263
f 112 1297 1299
f 115 1315 1317
f 119 1339 1341
f 156 1562 1564
f 139 1460 1462
f 160 1586 1588
f 120 1345 1347
f 149 1519 1521
f 132 1418 1420
f 128 1393 1395
f 145 1495 1497
f 148 1513 1515
f 155 1555 1557
f 133 1423 1425
f 134 1429 1431
f 157 1568 1570
f 124 1370 1372
f 109 1280 1282
f 105 1256 1258
f 111 1292 1294
f 114 1310 1312
f 117 1328 1330
f 125 1376 1378
f 152 1538 1540
f 137 1447 1449
f 158 1573 1575
f 123 1363 1365
f 143 1484 1486
f 127 1388 1390
f 135 1435 1437
f 147 1508 1510
f 150 1526 1528
f 153 1544 1546
f 140 1466 1468
f 138 1453 1455
f 159 1579 1581
f 122 1357 1359
f 107 1268 1272
f 103 1244 1248
f 104 1249 1253
f 110 1285 1289
f 113 1303 1307
f 118 1333 1337
f 154 1550 1554
f 141 1472 1476
f 162 1598 1602
f 121 1351 1355
f 142 1478 1482
f 129 1400 1404
f 130 1405 1409
f 144 1489 1493
f 146 1501 1505
f 151 1532 1536
f 131 1411 1415
f 136 1441 1445
f 161 1591 1595
f 126 1382 1386
f 47 911 909
f 44 893 891
f 43 888 886
f 45 900 898
f 46 906 904
f 49 924 922
f 72 1062 1060
f 102 1242 1240
f 96 1206 1204
f 79 1104 1102
f 62 1001 999
f 59 983 981
f 58 978 976
f 60 990 988
f 61 996 994
f 66 1026 1024
f 54 954 952
f 73 1068 1066
f 85 1140 1138
f 92 1181 1179
f 101 1235 1233
f 69 1043 1041
f 50 929 927
f 82 1121 1119
f 97 1211 1209
f 71 1055 1053
f 100 1230 1228
f 94 1194 1192
f 80 1110 1108
f 51 935 933
f 90 1169 1167
f 63 1007 1005
f 55 959 957
f 76 1085 1083
f 87 1152 1150
f 91 1176 1174
f 67 1031 1029
f 56 965 963
f 75 1079 1077
f 83 1128 1126
f 68 1038 1036
f 48 917 915
f 78 1097 1095
f 93 1187 1185
f 98 1218 1216
f 88 1157 1155
f 65 1020 1018
f 57 972 970
f 77 1092 1090
f 86 1145 1143
f 64 1014 1012
f 53 947 945
f 74 1073 1071
f 84 1133 1131
f 89 1164 1162
f 70 1049 1047
f 99 1223 1221
f 95 1199 1197
f 81 1116 1114
f 52 942 940
f 109 1283 1284
f 105 1259 1260
f 111 1295 1296
f 114 1313 1314
f 117 1331 1332
f 125 1379 1380
f 152 1541 1542
f 137 1452 1451
f 158 1578 1577
f 123 1368 1367
f 143 1487 1488
f 127 1391 1392
f 135 1440 1439
f 147 1511 1512
f 150 1529 1530
f 153 1547 1548
f 140 1469 1470
f 138 1458 1457
f 159 1584 1583
f 122 1362 1361
f 407 1609 1616
f 403 1605 1608
f 404 1611 1606
f 410 1614 1612
f 413 1617 1615
f 422 1631 1624
f 486 1688 1692
f 573 1775 1782
f 561 1763 1765
f 512 1719 1714
f 452 1654 1661
f 448 1650 1653
f 449 1656 1651
f 455 1659 1657
f 458 1662 1660
f 470 1672 1675
f 437 1646 1639
f 494 1706 1696
f 531 1735 1733
f 539 1741 1751
f 568 1770 1779
f 478 1680 1683
f 419 1621 1626
f 509 1711 1721
f 554 1756 1766
f 482 1684 1689
f 576 1780 1778
f 558 1767 1760
f 516 1722 1718
f 425 1627 1629
f 542 1744 1747
f 463 1668 1665
f 434 1636 1641
f 497 1699 1704
f 528 1730 1737
f 546 1748 1750
f 464 1666 1676
f 440 1642 1644
f 500 1705 1702
f 524 1736 1726
f 479 1691 1681
f 418 1623 1620
f 508 1713 1710
f 553 1764 1755
f 569 1781 1771
f 538 1749 1740
f 471 1677 1673
f 443 1645 1647
f 501 1703 1707
f 523 1725 1734
f 467 1674 1669
f 433 1638 1635
f 493 1695 1698
f 527 1732 1729
f 543 1752 1745
f 485 1690 1687
f 572 1777 1774
f 557 1759 1762
f 515 1717 1720
f 428 1630 1632
f 591 2191 2189
f 587 1885 1883
f 588 1901 1903
f 594 2279 2281
f 597 2315 2317
f 600 2171 2173
f 634 2160 2158
f 619 2016 2012
f 639 2214 2210
f 602 1919 1924
f 624 2137 2135
f 608 1978 1973
f 610 1991 1996
f 627 2225 2227
f 630 2302 2304
f 635 2178 2176
f 615 2153 2155
f 617 2009 2014
f 637 2207 2212
f 604 1926 1922
f 416 1857 1864
f 408 1803 1810
f 406 1786 1795
f 412 1822 1831
f 415 1840 1849
f 424 1876 1887
f 492 2182 2193
f 582 2312 2321
f 565 2276 2285
f 514 1898 1907
f 461 2091 2098
f 453 2037 2044
f 451 1952 1961
f 457 2056 2067
f 460 2074 2083
f 475 2128 2139
f 439 1966 1975
f 496 1988 1997
f 533 2222 2231
f 551 2293 2298
f 579 2185 2190
f 483 1879 1884
f 426 1893 1900
f 521 2271 2278
f 566 2307 2314
f 489 2163 2170
f 578 2150 2159
f 560 2006 2015
f 518 2204 2213
f 429 1911 1918
f 547 2131 2136
f 465 1969 1977
f 441 1983 1990
f 504 2217 2224
f 537 2290 2301
f 550 2168 2177
f 476 2145 2152
f 444 2001 2008
f 502 2199 2206
f 526 1916 1925
f 481 1808 1817
f 420 1789 1797
f 510 1825 1833
f 555 1843 1851
f 571 1862 1871
f 540 1933 1941
f 473 2110 2119
f 447 2020 2029
f 507 2236 2247
f 534 2257 2262
f 469 2042 2051
f 435 1947 1954
f 498 2059 2064
f 529 2077 2085
f 545 2096 2105
f 487 2113 2121
f 574 2023 2031
f 562 2239 2244
f 520 2254 2265
f 432 1930 1939
f 589 1818 1814
f 583 1798 1793
f 586 1834 1829
f 593 1852 1847
f 596 1872 1868
f 599 1942 1937
f 633 2120 2124
f 620 2030 2034
f 640 2248 2250
f 603 2263 2261
f 622 2052 2050
f 607 1955 1960
f 612 2065 2063
f 626 2086 2081
f 629 2106 2102
f 631 2122 2117
f 614 2032 2027
f 618 2245 2243
f 641 2266 2268
f 605 1940 1944
f 409 1813 1804
f 405 1792 1785
f 411 1828 1821
f 414 1846 1839
f 417 1867 1858
f 431 1936 1929
f 488 2123 2114
f 575 2033 2024
f 563 2249 2240
f 519 2260 2253
f 454 2049 2038
f 450 1959 1951
f 456 2062 2055
f 459 2080 2073
f 462 2101 2092
f 472 2116 2109
f 446 2026 2019
f 506 2242 2235
f 535 2267 2258
f 541 1943 1934
f 570 1869 1861
f 480 1815 1807
f 421 1799 1790
f 511 1835 1826
f 556 1853 1844
f 484 1889 1880
f 580 2195 2186
f 567 2319 2308
f 522 2283 2272
f 427 1905 1894
f 544 2103 2095
f 468 2046 2041
f 436 1957 1948
f 499 2069 2060
f 530 2087 2078
f 548 2141 2132
f 466 1979 1970
f 442 1993 1984
f 505 2229 2218
f 536 2296 2289
f 491 2188 2181
f 423 1882 1875
f 513 1902 1897
f 564 2280 2275
f 581 2316 2311
f 549 2172 2167
f 477 2157 2146
f 445 2011 2002
f 503 2209 2200
f 525 1923 1915
f 474 2134 2127
f 438 1972 1965
f 495 1995 1987
f 532 2226 2221
f 552 2303 2294
f 490 2175 2164
f 577 2154 2149
f 559 2013 2005
f 517 2211 2203
f 430 1921 1912
f 590 1865 1870
f 584 1811 1816
f 585 1796 1800
f 592 1832 1836
f 595 1850 1854
f 598 1888 1890
f 636 2194 2196
f 621 2322 2320
f 642 2286 2284
f 601 1908 1906
f 623 2099 2104
f 611 2045 2047
f 609 1962 1958
f 625 2068 2070
f 628 2084 2088
f 632 2140 2142
f 613 1976 1980
f 616 1998 1994
f 638 2232 2230
f 606 2299 2297
f 407 2330 2329
f 403 2324 2323
f 404 2325 2326
f 410 2332 2333
f 413 2335 2336
f 422 2344 2345
f 486 2410 2409
f 573 2497 2496
f 561 2486 2485
f 512 2434 2435
f 452 2375 2374
f 448 2369 2368
f 449 2370 2371
f 455 2377 2378
f 458 2380 2381
f 470 2393 2392
f 437 2359 2360
f 494 2415 2416
f 531 2455 2456
f 539 2461 2460
f 568 2489 2488
f 478 2399 2398
f 419 2341 2340
f 509 2431 2430
f 554 2476 2475
f 482 2405 2404
f 576 2500 2501
f 558 2481 2482
f 516 2439 2440
f 425 2348 2347
f 542 2465 2464
f 463 2383 2384
f 434 2356 2355
f 497 2420 2419
f 528 2452 2451
f 546 2471 2470
f 464 2386 2385
f 440 2363 2362
f 500 2422 2423
f 524 2445 2446
f 479 2400 2401
f 418 2338 2339
f 508 2428 2429
f 553 2473 2474
f 569 2490 2491
f 538 2458 2459
f 471 2394 2395
f 443 2366 2365
f 501 2425 2424
f 523 2444 2443
f 467 2389 2390
f 433 2353 2354
f 493 2414 2413
f 527 2449 2450
f 543 2466 2467
f 485 2407 2408
f 572 2494 2495
f 557 2480 2479
f 515 2438 2437
f 428 2351 2350
f 591 2510 2511
f 587 2504 2505
f 588 2508 2507
f 594 2514 2513
f 597 2517 2516
f 600 2520 2519
f 634 2554 2556
f 619 2539 2540
f 639 2560 2561
f 602 2523 2521
f 624 2543 2544
f 608 2527 2529
f 610 2532 2530
f 627 2547 2546
f 630 2550 2549
f 635 2552 2553
f 615 2535 2534
f 617 2538 2536
f 637 2558 2557
f 604 2524 2525
f 167 1607 647
f 164 1603 644
f 163 1604 643
f 165 1610 645
f 166 1613 646
f 169 1622 649
f 192 1686 672
f 222 1773 702
f 216 1761 696
f 199 1712 679
f 182 1652 662
f 179 1648 659
f 178 1649 658
f 180 1655 660
f 181 1658 661
f 186 1670 666
f 174 1637 654
f 193 1694 673
f 205 1731 685
f 212 1739 692
f 221 1768 701
f 189 1678 669
f 170 1619 650
f 202 1709 682
f 217 1754 697
f 191 1682 671
f 220 1776 700
f 214 1758 694
f 200 1716 680
f 171 1625 651
f 210 1742 690
f 183 1663 663
f 175 1634 655
f 196 1697 676
f 207 1728 687
f 211 1746 691
f 187 1664 667
f 176 1640 656
f 195 1700 675
f 203 1724 683
f 188 1679 668
f 168 1618 648
f 198 1708 678
f 213 1753 693
f 218 1769 698
f 208 1738 688
f 185 1671 665
f 177 1643 657
f 197 1701 677
f 206 1723 686
f 184 1667 664
f 173 1633 653
f 194 1693 674
f 204 1727 684
f 209 1743 689
f 190 1685 670
f 219 1772 699
f 215 1757 695
f 201 1715 681
f 172 1628 652
f 357 2187 837
f 255 1881 735
f 262 1899 742
f 388 2277 868
f 400 2313 880
f 352 2169 832
f 347 2156 827
f 298 2010 778
f 364 2208 844
f 269 1917 749
f 339 2133 819
f 285 1971 765
f 293 1989 773
f 370 2223 850
f 396 2300 876
f 353 2174 833
f 346 2151 826
f 299 2007 779
f 365 2205 845
f 268 1920 748
f 249 1855 729
f 231 1801 711
f 226 1784 706
f 238 1820 718
f 244 1838 724
f 257 1874 737
f 359 2180 839
f 402 2310 882
f 390 2274 870
f 264 1896 744
f 327 2089 807
f 309 2035 789
f 282 1950 762
f 317 2054 797
f 322 2072 802
f 341 2126 821
f 286 1964 766
f 294 1986 774
f 372 2220 852
f 394 2291 874
f 358 2183 838
f 256 1877 736
f 261 1891 741
f 387 2269 867
f 399 2305 879
f 351 2161 831
f 348 2148 828
f 300 2004 780
f 366 2202 846
f 267 1909 747
f 340 2129 820
f 287 1967 767
f 291 1981 771
f 369 2215 849
f 395 2288 875
f 354 2166 834
f 345 2143 825
f 297 1999 777
f 363 2197 843
f 270 1914 750
f 234 1806 714
f 227 1787 707
f 239 1823 719
f 245 1841 725
f 252 1860 732
f 275 1931 755
f 334 2108 814
f 304 2018 784
f 377 2234 857
f 382 2255 862
f 312 2040 792
f 279 1945 759
f 316 2057 796
f 323 2075 803
f 330 2094 810
f 335 2111 815
f 305 2021 785
f 376 2237 856
f 383 2252 863
f 274 1928 754
f 232 1812 712
f 225 1791 705
f 237 1827 717
f 243 1845 723
f 250 1866 730
f 273 1935 753
f 336 2118 816
f 306 2028 786
f 378 2246 858
f 381 2259 861
f 311 2048 791
f 281 1953 761
f 315 2061 795
f 321 2079 801
f 328 2100 808
f 333 2115 813
f 303 2025 783
f 375 2241 855
f 384 2264 864
f 276 1938 756
f 229 1802 709
f 223 1783 703
f 235 1819 715
f 241 1837 721
f 247 1856 727
f 271 1927 751
f 332 2112 812
f 302 2022 782
f 374 2238 854
f 379 2251 859
f 307 2036 787
f 278 1949 758
f 313 2053 793
f 319 2071 799
f 325 2090 805
f 331 2107 811
f 301 2017 781
f 373 2233 853
f 380 2256 860
f 272 1932 752
f 248 1859 728
f 230 1805 710
f 224 1788 704
f 236 1824 716
f 242 1842 722
f 254 1878 734
f 356 2184 836
f 397 2306 877
f 385 2270 865
f 259 1892 739
f 326 2093 806
f 308 2039 788
f 277 1946 757
f 314 2058 794
f 320 2076 800
f 338 2130 818
f 284 1968 764
f 289 1982 769
f 367 2216 847
f 391 2287 871
f 355 2179 835
f 253 1873 733
f 260 1895 740
f 386 2273 866
f 398 2309 878
f 350 2165 830
f 343 2144 823
f 295 2000 775
f 361 2198 841
f 266 1913 746
f 337 2125 817
f 283 1963 763
f 290 1985 770
f 368 2219 848
f 392 2292 872
f 349 2162 829
f 344 2147 824
f 296 2003 776
f 362 2201 842
f 265 1910 745
f 251 1863 731
f 233 1809 713
f 228 1794 708
f 240 1830 720
f 246 1848 726
f 258 1886 738
f 360 2192 840
f 401 2318 881
f 389 2282 869
f 263 1904 743
f 329 2097 809
f 310 2043 790
f 280 1956 760
f 318 2066 798
f 324 2082 804
f 342 2138 822
f 288 1974 768
f 292 1992 772
f 371 2228 851
f 393 2295 873
f 409 2331 1269
f 405 2327 1245
f 411 2328 1252
f 414 2334 1288
f 417 2337 1306
f 431 2346 1336
f 488 2412 1551
f 575 2499 1473
f 563 2487 1599
f 519 2436 1354
f 454 2376 1479
f 450 2372 1401
f 456 2373 1408
f 459 2379 1492
f 462 2382 1504
f 472 2396 1533
f 446 2361 1414
f 506 2418 1444
f 535 2457 1594
f 541 2463 1383
f 570 2492 1323
f 480 2402 1275
f 421 2343 1263
f 511 2433 1299
f 556 2478 1317
f 484 2406 1341
f 580 2502 1564
f 567 2484 1462
f 522 2442 1588
f 427 2349 1347
f 544 2468 1521
f 468 2387 1420
f 436 2358 1395
f 499 2421 1497
f 530 2454 1515
f 548 2472 1557
f 466 2388 1425
f 442 2364 1431
f 505 2426 1570
f 536 2448 1372
f 491 2403 1282
f 423 2342 1258
f 513 2432 1294
f 564 2477 1312
f 581 2493 1330
f 549 2462 1378
f 477 2397 1540
f 445 2367 1449
f 503 2427 1575
f 525 2447 1365
f 474 2391 1486
f 438 2357 1390
f 495 2417 1437
f 532 2453 1510
f 552 2469 1528
f 490 2411 1546
f 577 2498 1468
f 559 2483 1455
f 517 2441 1581
f 430 2352 1359
f 590 2509 1272
f 584 2503 1248
f 585 2506 1253
f 592 2512 1289
f 595 2515 1307
f 598 2518 1337
f 636 2555 1554
f 621 2541 1476
f 642 2562 1602
f 601 2522 1355
f 623 2542 1482
f 611 2528 1404
f 609 2531 1409
f 625 2545 1493
f 628 2548 1505
f 632 2551 1536
f 613 2533 1415
f 616 2537 1445
f 638 2559 1595
f 606 2526 1386
f 407 1616 909
f 403 1608 891
f 404 1606 886
f 410 1612 898
f 413 1615 904
f 422 1624 922
f 486 1692 1060
f 573 1782 1240
f 561 1765 1204
f 512 1714 1102
f 452 1661 999
f 448 1653 981
f 449 1651 976
f 455 1657 988
f 458 1660 994
f 470 1675 1024
f 437 1639 952
f 494 1696 1066
f 531 1733 1138
f 539 1751 1179
f 568 1779 1233
f 478 1683 1041
f 419 1626 927
f 509 1721 1119
f 554 1766 1209
f 482 1689 1053
f 576 1778 1228
f 558 1760 1192
f 516 1718 1108
f 425 1629 933
f 542 1747 1167
f 463 1665 1005
f 434 1641 957
f 497 1704 1083
f 528 1737 1150
f 546 1750 1174
f 464 1676 1029
f 440 1644 963
f 500 1702 1077
f 524 1726 1126
f 479 1681 1036
f 418 1620 915
f 508 1710 1095
f 553 1755 1185
f 569 1771 1216
f 538 1740 1155
f 471 1673 1018
f 443 1647 970
f 501 1707 1090
f 523 1734 1143
f 467 1669 1012
f 433 1635 945
f 493 1698 1071
f 527 1729 1131
f 543 1745 1162
f 485 1687 1047
f 572 1774 1221
f 557 1762 1197
f 515 1720 1114
f 428 1632 940
f 591 2189 1284
f 587 1883 1260
f 588 1903 1296
f 594 2281 1314
f 597 2317 1332
f 600 2173 1380
f 634 2158 1542
f 619 2012 1451
f 639 2210 1577
f 602 1924 1367
f 624 2135 1488
f 608 1973 1392
f 610 1996 1439
f 627 2227 1512
f 630 2304 1530
f 635 2176 1548
f 615 2155 1470
f 617 2014 1457
f 637 2212 1583
f 604 1922 1361
f 416 1864 1270
f 408 1810 1246
f 406 1795 1251
f 412 1831 1287
f 415 1849 1305
f 424 1887 1335
f 492 2193 1552
f 582 2321 1474
f 565 2285 1600
f 514 1907 1353
f 461 2098 1480
f 453 2044 1402
f 451 1961 1407
f 457 2067 1491
f 460 2083 1503
f 475 2139 1534
f 439 1975 1413
f 496 1997 1443
f 533 2231 1593
f 551 2298 1384
f 579 2190 1324
f 483 1884 1276
f 426 1900 1264
f 521 2278 1300
f 566 2314 1318
f 489 2170 1342
f 578 2159 1563
f 560 2015 1461
f 518 2213 1587
f 429 1918 1348
f 547 2136 1522
f 465 1977 1419
f 441 1990 1396
f 504 2224 1498
f 537 2301 1516
f 550 2177 1558
f 476 2152 1426
f 444 2008 1432
f 502 2206 1569
f 526 1925 1371
f 481 1817 1281
f 420 1797 1257
f 510 1833 1293
f 555 1851 1311
f 571 1871 1329
f 540 1941 1377
f 473 2119 1539
f 447 2029 1450
f 507 2247 1576
f 534 2262 1366
f 469 2051 1485
f 435 1954 1389
f 498 2064 1438
f 529 2085 1509
f 545 2105 1527
f 487 2121 1545
f 574 2031 1467
f 562 2244 1456
f 520 2265 1582
f 432 1939 1360
f 589 1814 1271
f 583 1793 1247
f 586 1829 1254
f 593 1847 1290
f 596 1868 1308
f 599 1937 1338
f 633 2124 1553
f 620 2034 1475
f 640 2250 1601
f 603 2261 1356
f 622 2050 1481
f 607 1960 1403
f 612 2063 1410
f 626 2081 1494
f 629 2102 1506
f 631 2117 1535
f 614 2027 1416
f 618 2243 1446
f 641 2268 1596
f 605 1944 1385
f 409 1804 894
f 405 1785 887
f 411 1821 899
f 414 1839 905
f 417 1858 912
f 431 1929 941
f 488 2114 1050
f 575 2024 1224
f 563 2240 1200
f 519 2253 1115
f 454 2038 984
f 450 1951 977
f 456 2055 989
f 459 2073 995
f 462 2092 1002
f 472 2109 1019
f 446 2019 971
f 506 2235 1091
f 535 2258 1146
f 541 1934 1158
f 570 1861 1217
f 480 1807 1037
f 421 1790 918
f 511 1826 1098
f 556 1844 1188
f 484 1880 1044
f 580 2186 1236
f 567 2308 1212
f 522 2272 1122
f 427 1894 930
f 544 2095 1163
f 468 2041 1013
f 436 1948 948
f 499 2060 1074
f 530 2078 1134
f 548 2132 1170
f 466 1970 1008
f 442 1984 960
f 505 2218 1086
f 536 2289 1151
f 491 2181 1061
f 423 1875 923
f 513 1897 1103
f 564 2275 1205
f 581 2311 1241
f 549 2167 1175
f 477 2146 1032
f 445 2002 966
f 503 2200 1080
f 525 1915 1127
f 474 2127 1025
f 438 1965 953
f 495 1987 1067
f 532 2221 1139
f 552 2294 1182
f 490 2164 1056
f 577 2149 1229
f 559 2005 1193
f 517 2203 1109
f 430 1912 936
f 590 1870 1325
f 584 1816 1277
f 585 1800 1265
f 592 1836 1301
f 595 1854 1319
f 598 1890 1343
f 636 2196 1566
f 621 2320 1464
f 642 2284 1590
f 601 1906 1349
f 623 2104 1523
f 611 2047 1422
f 609 1958 1397
f 625 2070 1499
f 628 2088 1517
f 632 2142 1559
f 613 1980 1427
f 616 1994 1433
f 638 2230 1572
f 606 2297 1374
f 407 2329 892
f 403 2323 885
f 404 2326 897
f 410 2333 903
f 413 2336 910
f 422 2345 939
f 486 2409 1048
f 573 2496 1222
f 561 2485 1198
f 512 2435 1113
f 452 2374 982
f 448 2368 975
f 449 2371 987
f 455 2378 993
f 458 2381 1000
f 470 2392 1017
f 437 2360 969
f 494 2416 1089
f 531 2456 1144
f 539 2460 1156
f 568 2488 1215
f 478 2398 1035
f 419 2340 916
f 509 2430 1096
f 554 2475 1186
f 482 2404 1042
f 576 2501 1234
f 558 2482 1210
f 516 2440 1120
f 425 2347 928
f 542 2464 1161
f 463 2384 1011
f 434 2355 946
f 497 2419 1072
f 528 2451 1132
f 546 2470 1168
f 464 2385 1006
f 440 2362 958
f 500 2423 1084
f 524 2446 1149
f 479 2401 1059
f 418 2339 921
f 508 2429 1101
f 553 2474 1203
f 569 2491 1239
f 538 2459 1173
f 471 2395 1030
f 443 2365 964
f 501 2424 1078
f 523 2443 1125
f 467 2390 1023
f 433 2354 951
f 493 2413 1065
f 527 2450 1137
f 543 2467 1180
f 485 2408 1054
f 572 2495 1227
f 557 2479 1191
f 515 2437 1107
f 428 2350 934
f 591 2511 1326
f 587 2505 1278
f 588 2507 1266
f 594 2513 1302
f 597 2516 1320
f 600 2519 1344
f 634 2556 1565
f 619 2540 1463
f 639 2561 1589
f 602 2521 1350
f 624 2544 1524
f 608 2529 1421
f 610 2530 1398
f 627 2546 1500
f 630 2549 1518
f 635 2553 1560
f 615 2534 1428
f 617 2536 1434
f 637 2557 1571
f 604 2525 1373
f 164 1609 889
f 163 1605 883
f 165 1611 895
f 166 1614 901
f 167 1617 907
f 172 1631 937
f 190 1688 1045
f 219 1775 1219
f 215 1763 1195
f 201 1719 1111
f 179 1654 979
f 178 1650 973
f 180 1656 985
f 181 1659 991
f 182 1662 997
f 185 1672 1015
f 177 1646 967
f 197 1706 1087
f 206 1735 1141
f 208 1741 1153
f 218 1770 1213
f 188 1680 1033
f 168 1621 913
f 198 1711 1093
f 213 1756 1183
f 189 1684 1039
f 221 1780 1231
f 217 1767 1207
f 202 1722 1117
f 170 1627 925
f 209 1744 1159
f 184 1668 1009
f 173 1636 943
f 194 1699 1069
f 204 1730 1129
f 210 1748 1165
f 183 1666 1003
f 175 1642 955
f 196 1705 1081
f 207 1736 1147
f 192 1691 1057
f 169 1623 919
f 199 1713 1099
f 216 1764 1201
f 222 1781 1237
f 211 1749 1171
f 187 1677 1027
f 176 1645 961
f 195 1703 1075
f 203 1725 1123
f 186 1674 1021
f 174 1638 949
f 193 1695 1063
f 205 1732 1135
f 212 1752 1177
f 191 1690 1051
f 220 1777 1225
f 214 1759 1189
f 200 1717 1105
f 171 1630 931
f 358 2191 1322
f 256 1885 1274
f 261 1901 1262
f 387 2279 1298
f 399 2315 1316
f 351 2171 1340
f 348 2160 1561
f 300 2016 1459
f 366 2214 1585
f 267 1919 1346
f 340 2137 1520
f 287 1978 1417
f 291 1991 1394
f 369 2225 1496
f 395 2302 1514
f 354 2178 1556
f 345 2153 1424
f 297 2009 1430
f 363 2207 1567
f 270 1926 1369
f 247 1857 908
f 229 1803 890
f 223 1786 884
f 235 1822 896
f 241 1840 902
f 253 1876 920
f 355 2182 1058
f 398 2312 1238
f 386 2276 1202
f 260 1898 1100
f 325 2091 998
f 307 2037 980
f 278 1952 974
f 313 2056 986
f 319 2074 992
f 337 2128 1022
f 283 1966 950
f 290 1988 1064
f 368 2222 1136
f 392 2293 1178
f 356 2185 1232
f 254 1879 1040
f 259 1893 926
f 385 2271 1118
f 397 2307 1208
f 349 2163 1052
f 344 2150 1226
f 296 2006 1190
f 362 2204 1106
f 265 1911 932
f 338 2131 1166
f 284 1969 1004
f 289 1983 956
f 367 2217 1082
f 391 2290 1148
f 350 2168 1172
f 343 2145 1028
f 295 2001 962
f 361 2199 1076
f 266 1916 1124
f 230 1808 1034
f 224 1789 914
f 236 1825 1094
f 242 1843 1184
f 248 1862 1214
f 272 1933 1154
f 331 2110 1016
f 301 2020 968
f 373 2236 1088
f 380 2257 1142
f 308 2042 1010
f 277 1947 944
f 314 2059 1070
f 320 2077 1130
f 326 2096 1160
f 332 2113 1046
f 302 2023 1220
f 374 2239 1196
f 379 2254 1112
f 271 1930 938
f 234 1818 1279
f 227 1798 1255
f 239 1834 1291
f 245 1852 1309
f 252 1872 1327
f 275 1942 1375
f 334 2120 1537
f 304 2030 1448
f 377 2248 1574
f 382 2263 1364
f 312 2052 1483
f 279 1955 1387
f 316 2065 1436
f 323 2086 1507
f 330 2106 1525
f 335 2122 1543
f 305 2032 1465
f 376 2245 1454
f 383 2266 1580
f 274 1940 1358
f 232 1813 1267
f 225 1792 1243
f 237 1828 1250
f 243 1846 1286
f 250 1867 1304
f 273 1936 1334
f 336 2123 1549
f 306 2033 1471
f 378 2249 1597
f 381 2260 1352
f 311 2049 1477
f 281 1959 1399
f 315 2062 1406
f 321 2080 1490
f 328 2101 1502
f 333 2116 1531
f 303 2026 1412
f 375 2242 1442
f 384 2267 1592
f 276 1943 1381
f 251 1869 1321
f 233 1815 1273
f 228 1799 1261
f 240 1835 1297
f 246 1853 1315
f 258 1889 1339
f 360 2195 1562
f 401 2319 1460
f 389 2283 1586
f 263 1905 1345
f 329 2103 1519
f 310 2046 1418
f 280 1957 1393
f 318 2069 1495
f 324 2087 1513
f 342 2141 1555
f 288 1979 1423
f 292 1993 1429
f 371 2229 1568
f 393 2296 1370
f 357 2188 1280
f 255 1882 1256
f 262 1902 1292
f 388 2280 1310
f 400 2316 1328
f 352 2172 1376
f 347 2157 1538
f 298 2011 1447
f 364 2209 1573
f 269 1923 1363
f 339 2134 1484
f 285 1972 1388
f 293 1995 1435
f 370 2226 1508
f 396 2303 1526
f 353 2175 1544
f 346 2154 1466
f 299 2013 1453
f 365 2211 1579
f 268 1921 1357
f 249 1865 1268
f 231 1811 1244
f 226 1796 1249
f 238 1832 1285
f 244 1850 1303
f 257 1888 1333
f 359 2194 1550
f 402 2322 1472
f 390 2286 1598
f 264 1908 1351
f 327 2099 1478
f 309 2045 1400
f 282 1962 1405
f 317 2068 1489
f 322 2084 1501
f 341 2140 1532
f 286 1976 1411
f 294 1998 1441
f 372 2232 1591
f 394 2299 1382
f 416 2330 911
f 408 2324 893
f 406 2325 888
f 412 2332 900
f 415 2335 906
f 424 2344 924
f 492 2410 1062
f 582 2497 1242
f 565 2486 1206
f 514 2434 1104
f 461 2375 1001
f 453 2369 983
f 451 2370 978
f 457 2377 990
f 460 2380 996
f 475 2393 1026
f 439 2359 954
f 496 2415 1068
f 533 2455 1140
f 551 2461 1181
f 579 2489 1235
f 483 2399 1043
f 426 2341 929
f 521 2431 1121
f 566 2476 1211
f 489 2405 1055
f 578 2500 1230
f 560 2481 1194
f 518 2439 1110
f 429 2348 935
f 547 2465 1169
f 465 2383 1007
f 441 2356 959
f 504 2420 1085
f 537 2452 1152
f 550 2471 1176
f 476 2386 1031
f 444 2363 965
f 502 2422 1079
f 526 2445 1128
f 481 2400 1038
f 420 2338 917
f 510 2428 1097
f 555 2473 1187
f 571 2490 1218
f 540 2458 1157
f 473 2394 1020
f 447 2366 972
f 507 2425 1092
f 534 2444 1145
f 469 2389 1014
f 435 2353 947
f 498 2414 1073
f 529 2449 1133
f 545 2466 1164
f 487 2407 1049
f 574 2494 1223
f 562 2480 1199
f 520 2438 1116
f 432 2351 942
f 589 2510 1283
f 583 2504 1259
f 586 2508 1295
f 593 2514 1313
f 596 2517 1331
f 599 2520 1379
f 633 2554 1541
f 620 2539 1452
f 640 2560 1578
f 603 2523 1368
f 622 2543 1487
f 607 2527 1391
f 612 2532 1440
f 626 2547 1511
f 629 2550 1529
f 631 2552 1547
f 614 2535 1469
f 618 2538 1458
f 641 2558 1584
f 605 2524 1362
f 164 1607 1609
f 163 1603 1605
f 165 1604 1611
f 166 1610 1614
f 167 1613 1617
f 172 1622 1631
f 190 1686 1688
f 219 1773 1775
f 215 1761 1763
f 201 1712 1719
f 179 1652 1654
f 178 1648 1650
f 180 1649 1656
f 181 1655 1659
f 182 1658 1662
f 185 1670 1672
f 177 1637 1646
f 197 1694 1706
f 206 1731 1735
f 208 1739 1741
f 218 1768 1770
f 188 1678 1680
f 168 1619 1621
f 198 1709 1711
f 213 1754 1756
f 189 1682 1684
f 221 1776 1780
f 217 1758 1767
f 202 1716 1722
f 170 1625 1627
f 209 1742 1744
f 184 1663 1668
f 173 1634 1636
f 194 1697 1699
f 204 1728 1730
f 210 1746 1748
f 183 1664 1666
f 175 1640 1642
f 196 1700 1705
f 207 1724 1736
f 192 1679 1691
f 169 1618 1623
f 199 1708 1713
f 216 1753 1764
f 222 1769 1781
f 211 1738 1749
f 187 1671 1677
f 176 1643 1645
f 195 1701 1703
f 203 1723 1725
f 186 1667 1674
f 174 1633 1638
f 193 1693 1695
f 205 1727 1732
f 212 1743 1752
f 191 1685 1690
f 220 1772 1777
f 214 1757 1759
f 200 1715 1717
f 171 1628 1630
f 358 2187 2191
f 256 1881 1885
f 261 1899 1901
f 387 2277 2279
f 399 2313 2315
f 351 2169 2171
f 348 2156 2160
f 300 2010 2016
f 366 2208 2214
f 267 1917 1919
f 340 2133 2137
f 287 1971 1978
f 291 1989 1991
f 369 2223 2225
f 395 2300 2302
f 354 2174 2178
f 345 2151 2153
f 297 2007 2009
f 363 2205 2207
f 270 1920 1926
f 247 1855 1857
f 229 1801 1803
f 223 1784 1786
f 235 1820 1822
f 241 1838 1840
f 253 1874 1876
f 355 2180 2182
f 398 2310 2312
f 386 2274 2276
f 260 1896 1898
f 325 2089 2091
f 307 2035 2037
f 278 1950 1952
f 313 2054 2056
f 319 2072 2074
f 337 2126 2128
f 283 1964 1966
f 290 1986 1988
f 368 2220 2222
f 392 2291 2293
f 356 2183 2185
f 254 1877 1879
f 259 1891 1893
f 385 2269 2271
f 397 2305 2307
f 349 2161 2163
f 344 2148 2150
f 296 2004 2006
f 362 2202 2204
f 265 1909 1911
f 338 2129 2131
f 284 1967 1969
f 289 1981 1983
f 367 2215 2217
f 391 2288 2290
f 350 2166 2168
f 343 2143 2145
f 295 1999 2001
f 361 2197 2199
f 266 1914 1916
f 230 1806 1808
f 224 1787 1789
f 236 1823 1825
f 242 1841 1843
f 248 1860 1862
f 272 1931 1933
f 331 2108 2110
f 301 2018 2020
f 373 2234 2236
f 380 2255 2257
f 308 2040 2042
f 277 1945 1947
f 314 2057 2059
f 320 2075 2077
f 326 2094 2096
f 332 2111 2113
f 302 2021 2023
f 374 2237 2239
f 379 2252 2254
f 271 1928 1930
f 234 1812 1818
f 227 1791 1798
f 239 1827 1834
f 245 1845 1852
f 252 1866 1872
f 275 1935 1942
f 334 2118 2120
f 304 2028 2030
f 377 2246 2248
f 382 2259 2263
f 312 2048 2052
f 279 1953 1955
f 316 2061 2065
f 323 2079 2086
f 330 2100 2106
f 335 2115 2122
f 305 2025 2032
f 376 2241 2245
f 383 2264 2266
f 274 1938 1940
f 232 1802 1813
f 225 1783 1792
f 237 1819 1828
f 243 1837 1846
f 250 1856 1867
f 273 1927 1936
f 336 2112 2123
f 306 2022 2033
f 378 2238 2249
f 381 2251 2260
f 311 2036 2049
f 281 1949 1959
f 315 2053 2062
f 321 2071 2080
f 328 2090 2101
f 333 2107 2116
f 303 2017 2026
f 375 2233 2242
f 384 2256 2267
f 276 1932 1943
f 251 1859 1869
f 233 1805 1815
f 228 1788 1799
f 240 1824 1835
f 246 1842 1853
f 258 1878 1889
f 360 2184 2195
f 401 2306 2319
f 389 2270 2283
f 263 1892 1905
f 329 2093 2103
f 310 2039 2046
f 280 1946 1957
f 318 2058 2069
f 324 2076 2087
f 342 2130 2141
f 288 1968 1979
f 292 1982 1993
f 371 2216 2229
f 393 2287 2296
f 357 2179 2188
f 255 1873 1882
f 262 1895 1902
f 388 2273 2280
f 400 2309 2316
f 352 2165 2172
f 347 2144 2157
f 298 2000 2011
f 364 2198 2209
f 269 1913 1923
f 339 2125 2134
f 285 1963 1972
f 293 1985 1995
f 370 2219 2226
f 396 2292 2303
f 353 2162 2175
f 346 2147 2154
f 299 2003 2013
f 365 2201 2211
f 268 1910 1921
f 249 1863 1865
f 231 1809 1811
f 226 1794 1796
f 238 1830 1832
f 244 1848 1850
f 257 1886 1888
f 359 2192 2194
f 402 2318 2322
f 390 2282 2286
f 264 1904 1908
f 327 2097 2099
f 309 2043 2045
f 282 1956 1962
f 317 2066 2068
f 322 2082 2084
f 341 2138 2140
f 286 1974 1976
f 294 1992 1998
f 372 2228 2232
f 394 2295 2299
f 416 2331 2330
f 408 2327 2324
f 406 2328 2325
f 412 2334 2332
f 415 2337 2335
f 424 2346 2344
f 492 2412 2410
f 582 2499 2497
f 565 2487 2486
f 514 2436 2434
f 461 2376 2375
f 453 2372 2369
f 451 2373 2370
f 457 2379 2377
f 460 2382 2380
f 475 2396 2393
f 439 2361 2359
f 496 2418 2415
f 533 2457 2455
f 551 2463 2461
f 579 2492 2489
f 483 2402 2399
f 426 2343 2341
f 521 2433 2431
f 566 2478 2476
f 489 2406 2405
f 578 2502 2500
f 560 2484 2481
f 518 2442 2439
f 429 2349 2348
f 547 2468 2465
f 465 2387 2383
f 441 2358 2356
f 504 2421 2420
f 537 2454 2452
f 550 2472 2471
f 476 2388 2386
f 444 2364 2363
f 502 2426 2422
f 526 2448 2445
f 481 2403 2400
f 420 2342 2338
f 510 2432 2428
f 555 2477 2473
f 571 2493 2490
f 540 2462 2458
f 473 2397 2394
f 447 2367 2366
f 507 2427 2425
f 534 2447 2444
f 469 2391 2389
f 435 2357 2353
f 498 2417 2414
f 529 2453 2449
f 545 2469 2466
f 487 2411 2407
f 574 2498 2494
f 562 2483 2480
f 520 2441 2438
f 432 2352 2351
f 589 2509 2510
f 583 2503 2504
f 586 2506 2508
f 593 2512 2514
f 596 2515 2517
f 599 2518 2520
f 633 2555 2554
f 620 2541 2539
f 640 2562 2560
f 603 2522 2523
f 622 2542 2543
f 607 2528 2527
f 612 2531 2532
f 626 2545 2547
f 629 2548 2550
f 631 2551 2552
f 614 2533 2535
f 618 2537 2538
f 641 2559 2558
f 605 2526 2524
f 164 644 1607
f 163 643 1603
f 165 645 1604
f 166 646 1610
f 167 647 1613
f 172 652 1622
f 190 670 1686
f 219 699 1773
f 215 695 1761
f 201 681 1712
f 179 659 1652
f 178 658 1648
f 180 660 1649
f 181 661 1655
f 182 662 1658
f 185 665 1670
f 177 657 1637
f 197 677 1694
f 206 686 1731
f 208 688 1739
f 218 698 1768
f 188 668 1678
f 168 648 1619
f 198 678 1709
f 213 693 1754
f 189 669 1682
f 221 701 1776
f 217 697 1758
f 202 682 1716
f 170 650 1625
f 209 689 1742
f 184 664 1663
f 173 653 1634
f 194 674 1697
f 204 684 1728
f 210 690 1746
f 183 663 1664
f 175 655 1640
f 196 676 1700
f 207 687 1724
f 192 672 1679
f 169 649 1618
f 199 679 1708
f 216 696 1753
f 222 702 1769
f 211 691 1738
f 187 667 1671
f 176 656 1643
f 195 675 1701
f 203 683 1723
f 186 666 1667
f 174 654 1633
f 193 673 1693
f 205 685 1727
f 212 692 1743
f 191 671 1685
f 220 700 1772
f 214 694 1757
f 200 680 1715
f 171 651 1628
f 358 838 2187
f 256 736 1881
f 261 741 1899
f 387 867 2277
f 399 879 2313
f 351 831 2169
f 348 828 2156
f 300 780 2010
f 366 846 2208
f 267 747 1917
f 340 820 2133
f 287 767 1971
f 291 771 1989
f 369 849 2223
f 395 875 2300
f 354 834 2174
f 345 825 2151
f 297 777 2007
f 363 843 2205
f 270 750 1920
f 247 727 1855
f 229 709 1801
f 223 703 1784
f 235 715 1820
f 241 721 1838
f 253 733 1874
f 355 835 2180
f 398 878 2310
f 386 866 2274
f 260 740 1896
f 325 805 2089
f 307 787 2035
f 278 758 1950
f 313 793 2054
f 319 799 2072
f 337 817 2126
f 283 763 1964
f 290 770 1986
f 368 848 2220
f 392 872 2291
f 356 836 2183
f 254 734 1877
f 259 739 1891
f 385 865 2269
f 397 877 2305
f 349 829 2161
f 344 824 2148
f 296 776 2004
f 362 842 2202
f 265 745 1909
f 338 818 2129
f 284 764 1967
f 289 769 1981
f 367 847 2215
f 391 871 2288
f 350 830 2166
f 343 823 2143
f 295 775 1999
f 361 841 2197
f 266 746 1914
f 230 710 1806
f 224 704 1787
f 236 716 1823
f 242 722 1841
f 248 728 1860
f 272 752 1931
f 331 811 2108
f 301 781 2018
f 373 853 2234
f 380 860 2255
f 308 788 2040
f 277 757 1945
f 314 794 2057
f 320 800 2075
f 326 806 2094
f 332 812 2111
f 302 782 2021
f 374 854 2237
f 379 859 2252
f 271 751 1928
f 234 714 1812
f 227 707 1791
f 239 719 1827
f 245 725 1845
f 252 732 1866
f 275 755 1935
f 334 814 2118
f 304 784 2028
f 377 857 2246
f 382 862 2259
f 312 792 2048
f 279 759 1953
f 316 796 2061
f 323 803 2079
f 330 810 2100
f 335 815 2115
f 305 785 2025
f 376 856 2241
f 383 863 2264
f 274 754 1938
f 232 712 1802
f 225 705 1783
f 237 717 1819
f 243 723 1837
f 250 730 1856
f 273 753 1927
f 336 816 2112
f 306 786 2022
f 378 858 2238
f 381 861 2251
f 311 791 2036
f 281 761 1949
f 315 795 2053
f 321 801 2071
f 328 808 2090
f 333 813 2107
f 303 783 2017
f 375 855 2233
f 384 864 2256
f 276 756 1932
f 251 731 1859
f 233 713 1805
f 228 708 1788
f 240 720 1824
f 246 726 1842
f 258 738 1878
f 360 840 2184
f 401 881 2306
f 389 869 2270
f 263 743 1892
f 329 809 2093
f 310 790 2039
f 280 760 1946
f 318 798 2058
f 324 804 2076
f 342 822 2130
f 288 768 1968
f 292 772 1982
f 371 851 2216
f 393 873 2287
f 357 837 2179
f 255 735 1873
f 262 742 1895
f 388 868 2273
f 400 880 2309
f 352 832 2165
f 347 827 2144
f 298 778 2000
f 364 844 2198
f 269 749 1913
f 339 819 2125
f 285 765 1963
f 293 773 1985
f 370 850 2219
f 396 876 2292
f 353 833 2162
f 346 826 2147
f 299 779 2003
f 365 845 2201
f 268 748 1910
f 249 729 1863
f 231 711 1809
f 226 706 1794
f 238 718 1830
f 244 724 1848
f 257 737 1886
f 359 839 2192
f 402 882 2318
f 390 870 2282
f 264 744 1904
f 327 807 2097
f 309 789 2043
f 282 762 1956
f 317 797 2066
f 322 802 2082
f 341 821 2138
f 286 766 1974
f 294 774 1992
f 372 852 2228
f 394 874 2295
f 416 1270 2331
f 408 1246 2327
f 406 1251 2328
f 412 1287 2334
f 415 1305 2337
f 424 1335 2346
f 492 1552 2412
f 582 1474 2499
f 565 1600 2487
f 514 1353 2436
f 461 1480 2376
f 453 1402 2372
f 451 1407 2373
f 457 1491 2379
f 460 1503 2382
f 475 1534 2396
f 439 1413 2361
f 496 1443 2418
f 533 1593 2457
f 551 1384 2463
f 579 1324 2492
f 483 1276 2402
f 426 1264 2343
f 521 1300 2433
f 566 1318 2478
f 489 1342 2406
f 578 1563 2502
f 560 1461 2484
f 518 1587 2442
f 429 1348 2349
f 547 1522 2468
f 465 1419 2387
f 441 1396 2358
f 504 1498 2421
f 537 1516 2454
f 550 1558 2472
f 476 1426 2388
f 444 1432 2364
f 502 1569 2426
f 526 1371 2448
f 481 1281 2403
f 420 1257 2342
f 510 1293 2432
f 555 1311 2477
f 571 1329 2493
f 540 1377 2462
f 473 1539 2397
f 447 1450 2367
f 507 1576 2427
f 534 1366 2447
f 469 1485 2391
f 435 1389 2357
f 498 1438 2417
f 529 1509 2453
f 545 1527 2469
f 487 1545 2411
f 574 1467 2498
f 562 1456 2483
f 520 1582 2441
f 432 1360 2352
f 589 1271 2509
f 583 1247 2503
f 586 1254 2506
f 593 1290 2512
f 596 1308 2515
f 599 1338 2518
f 633 1553 2555
f 620 1475 2541
f 640 1601 2562
f 603 1356 2522
f 622 1481 2542
f 607 1403 2528
f 612 1410 2531
f 626 1494 2545
f 629 1506 2548
f 631 1535 2551
f 614 1416 2533
f 618 1446 2537
f 641 1596 2559
f 605 1385 2526
f 167 907 1616
f 164 889 1608
f 163 883 1606
f 165 895 1612
f 166 901 1615
f 169 919 1624
f 192 1057 1692
f 222 1237 1782
f 216 1201 1765
f 199 1099 1714
f 182 997 1661
f 179 979 1653
f 178 973 1651
f 180 985 1657
f 181 991 1660
f 186 1021 1675
f 174 949 1639
f 193 1063 1696
f 205 1135 1733
f 212 1177 1751
f 221 1231 1779
f 189 1039 1683
f 170 925 1626
f 202 1117 1721
f 217 1207 1766
f 191 1051 1689
f 220 1225 1778
f 214 1189 1760
f 200 1105 1718
f 171 931 1629
f 210 1165 1747
f 183 1003 1665
f 175 955 1641
f 196 1081 1704
f 207 1147 1737
f 211 1171 1750
f 187 1027 1676
f 176 961 1644
f 195 1075 1702
f 203 1123 1726
f 188 1033 1681
f 168 913 1620
f 198 1093 1710
f 213 1183 1755
f 218 1213 1771
f 208 1153 1740
f 185 1015 1673
f 177 967 1647
f 197 1087 1707
f 206 1141 1734
f 184 1009 1669
f 173 943 1635
f 194 1069 1698
f 204 1129 1729
f 209 1159 1745
f 190 1045 1687
f 219 1219 1774
f 215 1195 1762
f 201 1111 1720
f 172 937 1632
f 357 1280 2189
f 255 1256 1883
f 262 1292 1903
f 388 1310 2281
f 400 1328 2317
f 352 1376 2173
f 347 1538 2158
f 298 1447 2012
f 364 1573 2210
f 269 1363 1924
f 339 1484 2135
f 285 1388 1973
f 293 1435 1996
f 370 1508 2227
f 396 1526 2304
f 353 1544 2176
f 346 1466 2155
f 299 1453 2014
f 365 1579 2212
f 268 1357 1922
f 249 1268 1864
f 231 1244 1810
f 226 1249 1795
f 238 1285 1831
f 244 1303 1849
f 257 1333 1887
f 359 1550 2193
f 402 1472 2321
f 390 1598 2285
f 264 1351 1907
f 327 1478 2098
f 309 1400 2044
f 282 1405 1961
f 317 1489 2067
f 322 1501 2083
f 341 1532 2139
f 286 1411 1975
f 294 1441 1997
f 372 1591 2231
f 394 1382 2298
f 358 1322 2190
f 256 1274 1884
f 261 1262 1900
f 387 1298 2278
f 399 1316 2314
f 351 1340 2170
f 348 1561 2159
f 300 1459 2015
f 366 1585 2213
f 267 1346 1918
f 340 1520 2136
f 287 1417 1977
f 291 1394 1990
f 369 1496 2224
f 395 1514 2301
f 354 1556 2177
f 345 1424 2152
f 297 1430 2008
f 363 1567 2206
f 270 1369 1925
f 234 1279 1817
f 227 1255 1797
f 239 1291 1833
f 245 1309 1851
f 252 1327 1871
f 275 1375 1941
f 334 1537 2119
f 304 1448 2029
f 377 1574 2247
f 382 1364 2262
f 312 1483 2051
f 279 1387 1954
f 316 1436 2064
f 323 1507 2085
f 330 1525 2105
f 335 1543 2121
f 305 1465 2031
f 376 1454 2244
f 383 1580 2265
f 274 1358 1939
f 232 1267 1814
f 225 1243 1793
f 237 1250 1829
f 243 1286 1847
f 250 1304 1868
f 273 1334 1937
f 336 1549 2124
f 306 1471 2034
f 378 1597 2250
f 381 1352 2261
f 311 1477 2050
f 281 1399 1960
f 315 1406 2063
f 321 1490 2081
f 328 1502 2102
f 333 1531 2117
f 303 1412 2027
f 375 1442 2243
f 384 1592 2268
f 276 1381 1944
f 229 890 1804
f 223 884 1785
f 235 896 1821
f 241 902 1839
f 247 908 1858
f 271 938 1929
f 332 1046 2114
f 302 1220 2024
f 374 1196 2240
f 379 1112 2253
f 307 980 2038
f 278 974 1951
f 313 986 2055
f 319 992 2073
f 325 998 2092
f 331 1016 2109
f 301 968 2019
f 373 1088 2235
f 380 1142 2258
f 272 1154 1934
f 248 1214 1861
f 230 1034 1807
f 224 914 1790
f 236 1094 1826
f 242 1184 1844
f 254 1040 1880
f 356 1232 2186
f 397 1208 2308
f 385 1118 2272
f 259 926 1894
f 326 1160 2095
f 308 1010 2041
f 277 944 1948
f 314 1070 2060
f 320 1130 2078
f 338 1166 2132
f 284 1004 1970
f 289 956 1984
f 367 1082 2218
f 391 1148 2289
f 355 1058 2181
f 253 920 1875
f 260 1100 1897
f 386 1202 2275
f 398 1238 2311
f 350 1172 2167
f 343 1028 2146
f 295 962 2002
f 361 1076 2200
f 266 1124 1915
f 337 1022 2127
f 283 950 1965
f 290 1064 1987
f 368 1136 2221
f 392 1178 2294
f 349 1052 2164
f 344 1226 2149
f 296 1190 2005
f 362 1106 2203
f 265 932 1912
f 251 1321 1870
f 233 1273 1816
f 228 1261 1800
f 240 1297 1836
f 246 1315 1854
f 258 1339 1890
f 360 1562 2196
f 401 1460 2320
f 389 1586 2284
f 263 1345 1906
f 329 1519 2104
f 310 1418 2047
f 280 1393 1958
f 318 1495 2070
f 324 1513 2088
f 342 1555 2142
f 288 1423 1980
f 292 1429 1994
f 371 1568 2230
f 393 1370 2297
f 409 894 2329
f 405 887 2323
f 411 899 2326
f 414 905 2333
f 417 912 2336
f 431 941 2345
f 488 1050 2409
f 575 1224 2496
f 563 1200 2485
f 519 1115 2435
f 454 984 2374
f 450 977 2368
f 456 989 2371
f 459 995 2378
f 462 1002 2381
f 472 1019 2392
f 446 971 2360
f 506 1091 2416
f 535 1146 2456
f 541 1158 2460
f 570 1217 2488
f 480 1037 2398
f 421 918 2340
f 511 1098 2430
f 556 1188 2475
f 484 1044 2404
f 580 1236 2501
f 567 1212 2482
f 522 1122 2440
f 427 930 2347
f 544 1163 2464
f 468 1013 2384
f 436 948 2355
f 499 1074 2419
f 530 1134 2451
f 548 1170 2470
f 466 1008 2385
f 442 960 2362
f 505 1086 2423
f 536 1151 2446
f 491 1061 2401
f 423 923 2339
f 513 1103 2429
f 564 1205 2474
f 581 1241 2491
f 549 1175 2459
f 477 1032 2395
f 445 966 2365
f 503 1080 2424
f 525 1127 2443
f 474 1025 2390
f 438 953 2354
f 495 1067 2413
f 532 1139 2450
f 552 1182 2467
f 490 1056 2408
f 577 1229 2495
f 559 1193 2479
f 517 1109 2437
f 430 936 2350
f 590 1325 2511
f 584 1277 2505
f 585 1265 2507
f 592 1301 2513
f 595 1319 2516
f 598 1343 2519
f 636 1566 2556
f 621 1464 2540
f 642 1590 2561
f 601 1349 2521
f 623 1523 2544
f 611 1422 2529
f 609 1397 2530
f 625 1499 2546
f 628 1517 2549
f 632 1559 2553
f 613 1427 2534
f 616 1433 2536
f 638 1572 2557
f 606 1374 2525
f 407 892 1609
f 403 885 1605
f 404 897 1611
f 410 903 1614
f 413 910 1617
f 422 939 1631
f 486 1048 1688
f 573 1222 1775
f 561 1198 1763
f 512 1113 1719
f 452 982 1654
f 448 975 1650
f 449 987 1656
f 455 993 1659
f 458 1000 1662
f 470 1017 1672
f 437 969 1646
f 494 1089 1706
f 531 1144 1735
f 539 1156 1741
f 568 1215 1770
f 478 1035 1680
f 419 916 1621
f 509 1096 1711
f 554 1186 1756
f 482 1042 1684
f 576 1234 1780
f 558 1210 1767
f 516 1120 1722
f 425 928 1627
f 542 1161 1744
f 463 1011 1668
f 434 946 1636
f 497 1072 1699
f 528 1132 1730
f 546 1168 1748
f 464 1006 1666
f 440 958 1642
f 500 1084 1705
f 524 1149 1736
f 479 1059 1691
f 418 921 1623
f 508 1101 1713
f 553 1203 1764
f 569 1239 1781
f 538 1173 1749
f 471 1030 1677
f 443 964 1645
f 501 1078 1703
f 523 1125 1725
f 467 1023 1674
f 433 951 1638
f 493 1065 1695
f 527 1137 1732
f 543 1180 1752
f 485 1054 1690
f 572 1227 1777
f 557 1191 1759
f 515 1107 1717
f 428 934 1630
f 591 1326 2191
f 587 1278 1885
f 588 1266 1901
f 594 1302 2279
f 597 1320 2315
f 600 1344 2171
f 634 1565 2160
f 619 1463 2016
f 639 1589 2214
f 602 1350 1919
f 624 1524 2137
f 608 1421 1978
f 610 1398 1991
f 627 1500 2225
f 630 1518 2302
f 635 1560 2178
f 615 1428 2153
f 617 1434 2009
f 637 1571 2207
f 604 1373 1926
f 416 911 1857
f 408 893 1803
f 406 888 1786
f 412 900 1822
f 415 906 1840
f 424 924 1876
f 492 1062 2182
f 582 1242 2312
f 565 1206 2276
f 514 1104 1898
f 461 1001 2091
f 453 983 2037
f 451 978 1952
f 457 990 2056
f 460 996 2074
f 475 1026 2128
f 439 954 1966
f 496 1068 1988
f 533 1140 2222
f 551 1181 2293
f 579 1235 2185
f 483 1043 1879
f 426 929 1893
f 521 1121 2271
f 566 1211 2307
f 489 1055 2163
f 578 1230 2150
f 560 1194 2006
f 518 1110 2204
f 429 935 1911
f 547 1169 2131
f 465 1007 1969
f 441 959 1983
f 504 1085 2217
f 537 1152 2290
f 550 1176 2168
f 476 1031 2145
f 444 965 2001
f 502 1079 2199
f 526 1128 1916
f 481 1038 1808
f 420 917 1789
f 510 1097 1825
f 555 1187 1843
f 571 1218 1862
f 540 1157 1933
f 473 1020 2110
f 447 972 2020
f 507 1092 2236
f 534 1145 2257
f 469 1014 2042
f 435 947 1947
f 498 1073 2059
f 529 1133 2077
f 545 1164 2096
f 487 1049 2113
f 574 1223 2023
f 562 1199 2239
f 520 1116 2254
f 432 942 1930
f 589 1283 1818
f 583 1259 1798
f 586 1295 1834
f 593 1313 1852
f 596 1331 1872
f 599 1379 1942
f 633 1541 2120
f 620 1452 2030
f 640 1578 2248
f 603 1368 2263
f 622 1487 2052
f 607 1391 1955
f 612 1440 2065
f 626 1511 2086
f 629 1529 2106
f 631 1547 2122
f 614 1469 2032
f 618 1458 2245
f 641 1584 2266
f 605 1362 1940
f 409 1269 1813
f 405 1245 1792
f 411 1252 1828
f 414 1288 1846
f 417 1306 1867
f 431 1336 1936
f 488 1551 2123
f 575 1473 2033
f 563 1599 2249
f 519 1354 2260
f 454 1479 2049
f 450 1401 1959
f 456 1408 2062
f 459 1492 2080
f 462 1504 2101
f 472 1533 2116
f 446 1414 2026
f 506 1444 2242
f 535 1594 2267
f 541 1383 1943
f 570 1323 1869
f 480 1275 1815
f 421 1263 1799
f 511 1299 1835
f 556 1317 1853
f 484 1341 1889
f 580 1564 2195
f 567 1462 2319
f 522 1588 2283
f 427 1347 1905
f 544 1521 2103
f 468 1420 2046
f 436 1395 1957
f 499 1497 2069
f 530 1515 2087
f 548 1557 2141
f 466 1425 1979
f 442 1431 1993
f 505 1570 2229
f 536 1372 2296
f 491 1282 2188
f 423 1258 1882
f 513 1294 1902
f 564 1312 2280
f 581 1330 2316
f 549 1378 2172
f 477 1540 2157
f 445 1449 2011
f 503 1575 2209
f 525 1365 1923
f 474 1486 2134
f 438 1390 1972
f 495 1437 1995
f 532 1510 2226
f 552 1528 2303
f 490 1546 2175
f 577 1468 2154
f 559 1455 2013
f 517 1581 2211
f 430 1359 1921
f 590 1272 1865
f 584 1248 1811
f 585 1253 1796
f 592 1289 1832
f 595 1307 1850
f 598 1337 1888
f 636 1554 2194
f 621 1476 2322
f 642 1602 2286
f 601 1355 1908
f 623 1482 2099
f 611 1404 2045
f 609 1409 1962
f 625 1493 2068
f 628 1505 2084
f 632 1536 2140
f 613 1415 1976
f 616 1445 1998
f 638 1595 2232
f 606 1386 2299
f 407 909 2330
f 403 891 2324
f 404 886 2325
f 410 898 2332
f 413 904 2335
f 422 922 2344
f 486 1060 2410
f 573 1240 2497
f 561 1204 2486
f 512 1102 2434
f 452 999 2375
f 448 981 2369
f 449 976 2370
f 455 988 2377
f 458 994 2380
f 470 1024 2393
f 437 952 2359
f 494 1066 2415
f 531 1138 2455
f 539 1179 2461
f 568 1233 2489
f 478 1041 2399
f 419 927 2341
f 509 1119 2431
f 554 1209 2476
f 482 1053 2405
f 576 1228 2500
f 558 1192 2481
f 516 1108 2439
f 425 933 2348
f 542 1167 2465
f 463 1005 2383
f 434 957 2356
f 497 1083 2420
f 528 1150 2452
f 546 1174 2471
f 464 1029 2386
f 440 963 2363
f 500 1077 2422
f 524 1126 2445
f 479 1036 2400
f 418 915 2338
f 508 1095 2428
f 553 1185 2473
f 569 1216 2490
f 538 1155 2458
f 471 1018 2394
f 443 970 2366
f 501 1090 2425
f 523 1143 2444
f 467 1012 2389
f 433 945 2353
f 493 1071 2414
f 527 1131 2449
f 543 1162 2466
f 485 1047 2407
f 572 1221 2494
f 557 1197 2480
f 515 1114 2438
f 428 940 2351
f 591 1284 2510
f 587 1260 2504
f 588 1296 2508
f 594 1314 2514
f 597 1332 2517
f 600 1380 2520
f 634 1542 2554
f 619 1451 2539
f 639 1577 2560
f 602 1367 2523
f 624 1488 2543
f 608 1392 2527
f 610 1439 2532
f 627 1512 2547
f 630 1530 2550
f 635 1548 2552
f 615 1470 2535
f 617 1457 2538
f 637 1583 2558
f 604 1361 2524
f 167 1616 1607
f 164 1608 1603
f 163 1606 1604
f 165 1612 1610
f 166 1615 1613
f 169 1624 1622
f 192 1692 1686
f 222 1782 1773
f 216 1765 1761
f 199 1714 1712
f 182 1661 1652
f 179 1653 1648
f 178 1651 1649
f 180 1657 1655
f 181 1660 1658
f 186 1675 1670
f 174 1639 1637
f 193 1696 1694
f 205 1733 1731
f 212 1751 1739
f 221 1779 1768
f 189 1683 1678
f 170 1626 1619
f 202 1721 1709
f 217 1766 1754
f 191 1689 1682
f 220 1778 1776
f 214 1760 1758
f 200 1718 1716
f 171 1629 1625
f 210 1747 1742
f 183 1665 1663
f 175 1641 1634
f 196 1704 1697
f 207 1737 1728
f 211 1750 1746
f 187 1676 1664
f 176 1644 1640
f 195 1702 1700
f 203 1726 1724
f 188 1681 1679
f 168 1620 1618
f 198 1710 1708
f 213 1755 1753
f 218 1771 1769
f 208 1740 1738
f 185 1673 1671
f 177 1647 1643
f 197 1707 1701
f 206 1734 1723
f 184 1669 1667
f 173 1635 1633
f 194 1698 1693
f 204 1729 1727
f 209 1745 1743
f 190 1687 1685
f 219 1774 1772
f 215 1762 1757
f 201 1720 1715
f 172 1632 1628
f 357 2189 2187
f 255 1883 1881
f 262 1903 1899
f 388 2281 2277
f 400 2317 2313
f 352 2173 2169
f 347 2158 2156
f 298 2012 2010
f 364 2210 2208
f 269 1924 1917
f 339 2135 2133
f 285 1973 1971
f 293 1996 1989
f 370 2227 2223
f 396 2304 2300
f 353 2176 2174
f 346 2155 2151
f 299 2014 2007
f 365 2212 2205
f 268 1922 1920
f 249 1864 1855
f 231 1810 1801
f 226 1795 1784
f 238 1831 1820
f 244 1849 1838
f 257 1887 1874
f 359 2193 2180
f 402 2321 2310
f 390 2285 2274
f 264 1907 1896
f 327 2098 2089
f 309 2044 2035
f 282 1961 1950
f 317 2067 2054
f 322 2083 2072
f 341 2139 2126
f 286 1975 1964
f 294 1997 1986
f 372 2231 2220
f 394 2298 2291
f 358 2190 2183
f 256 1884 1877
f 261 1900 1891
f 387 2278 2269
f 399 2314 2305
f 351 2170 2161
f 348 2159 2148
f 300 2015 2004
f 366 2213 2202
f 267 1918 1909
f 340 2136 2129
f 287 1977 1967
f 291 1990 1981
f 369 2224 2215
f 395 2301 2288
f 354 2177 2166
f 345 2152 2143
f 297 2008 1999
f 363 2206 2197
f 270 1925 1914
f 234 1817 1806
f 227 1797 1787
f 239 1833 1823
f 245 1851 1841
f 252 1871 1860
f 275 1941 1931
f 334 2119 2108
f 304 2029 2018
f 377 2247 2234
f 382 2262 2255
f 312 2051 2040
f 279 1954 1945
f 316 2064 2057
f 323 2085 2075
f 330 2105 2094
f 335 2121 2111
f 305 2031 2021
f 376 2244 2237
f 383 2265 2252
f 274 1939 1928
f 232 1814 1812
f 225 1793 1791
f 237 1829 1827
f 243 1847 1845
f 250 1868 1866
f 273 1937 1935
f 336 2124 2118
f 306 2034 2028
f 378 2250 2246
f 381 2261 2259
f 311 2050 2048
f 281 1960 1953
f 315 2063 2061
f 321 2081 2079
f 328 2102 2100
f 333 2117 2115
f 303 2027 2025
f 375 2243 2241
f 384 2268 2264
f 276 1944 1938
f 229 1804 1802
f 223 1785 1783
f 235 1821 1819
f 241 1839 1837
f 247 1858 1856
f 271 1929 1927
f 332 2114 2112
f 302 2024 2022
f 374 2240 2238
f 379 2253 2251
f 307 2038 2036
f 278 1951 1949
f 313 2055 2053
f 319 2073 2071
f 325 2092 2090
f 331 2109 2107
f 301 2019 2017
f 373 2235 2233
f 380 2258 2256
f 272 1934 1932
f 248 1861 1859
f 230 1807 1805
f 224 1790 1788
f 236 1826 1824
f 242 1844 1842
f 254 1880 1878
f 356 2186 2184
f 397 2308 2306
f 385 2272 2270
f 259 1894 1892
f 326 2095 2093
f 308 2041 2039
f 277 1948 1946
f 314 2060 2058
f 320 2078 2076
f 338 2132 2130
f 284 1970 1968
f 289 1984 1982
f 367 2218 2216
f 391 2289 2287
f 355 2181 2179
f 253 1875 1873
f 260 1897 1895
f 386 2275 2273
f 398 2311 2309
f 350 2167 2165
f 343 2146 2144
f 295 2002 2000
f 361 2200 2198
f 266 1915 1913
f 337 2127 2125
f 283 1965 1963
f 290 1987 1985
f 368 2221 2219
f 392 2294 2292
f 349 2164 2162
f 344 2149 2147
f 296 2005 2003
f 362 2203 2201
f 265 1912 1910
f 251 1870 1863
f 233 1816 1809
f 228 1800 1794
f 240 1836 1830
f 246 1854 1848
f 258 1890 1886
f 360 2196 2192
f 401 2320 2318
f 389 2284 2282
f 263 1906 1904
f 329 2104 2097
f 310 2047 2043
f 280 1958 1956
f 318 2070 2066
f 324 2088 2082
f 342 2142 2138
f 288 1980 1974
f 292 1994 1992
f 371 2230 2228
f 393 2297 2295
f 409 2329 2331
f 405 2323 2327
f 411 2326 2328
f 414 2333 2334
f 417 2336 2337
f 431 2345 2346
f 488 2409 2412
f 575 2496 2499
f 563 2485 2487
f 519 2435 2436
f 454 2374 2376
f 450 2368 2372
f 456 2371 2373
f 459 2378 2379
f 462 2381 2382
f 472 2392 2396
f 446 2360 2361
f 506 2416 2418
f 535 2456 2457
f 541 2460 2463
f 570 2488 2492
f 480 2398 2402
f 421 2340 2343
f 511 2430 2433
f 556 2475 2478
f 484 2404 2406
f 580 2501 2502
f 567 2482 2484
f 522 2440 2442
f 427 2347 2349
f 544 2464 2468
f 468 2384 2387
f 436 2355 2358
f 499 2419 2421
f 530 2451 2454
f 548 2470 2472
f 466 2385 2388
f 442 2362 2364
f 505 2423 2426
f 536 2446 2448
f 491 2401 2403
f 423 2339 2342
f 513 2429 2432
f 564 2474 2477
f 581 2491 2493
f 549 2459 2462
f 477 2395 2397
f 445 2365 2367
f 503 2424 2427
f 525 2443 2447
f 474 2390 2391
f 438 2354 2357
f 495 2413 2417
f 532 2450 2453
f 552 2467 2469
f 490 2408 2411
f 577 2495 2498
f 559 2479 2483
f 517 2437 2441
f 430 2350 2352
f 590 2511 2509
f 584 2505 2503
f 585 2507 2506
f 592 2513 2512
f 595 2516 2515
f 598 2519 2518
f 636 2556 2555
f 621 2540 2541
f 642 2561 2562
f 601 2521 2522
f 623 2544 2542
f 611 2529 2528
f 609 2530 2531
f 625 2546 2545
f 628 2549 2548
f 632 2553 2551
f 613 2534 2533
f 616 2536 2537
f 638 2557 2559
f 606 2525 2526
f 1607 644 647
f 1603 643 644
f 1604 645 643
f 1610 646 645
f 1613 647 646
f 1622 652 649
f 1686 670 672
f 1773 699 702
f 1761 695 696
f 1712 681 679
f 1652 659 662
f 1648 658 659
f 1649 660 658
f 1655 661 660
f 1658 662 661
f 1670 665 666
f 1637 657 654
f 1694 677 673
f 1731 686 685
f 1739 688 692
f 1768 698 701
f 1678 668 669
f 1619 648 650
f 1709 678 682
f 1754 693 697
f 1682 669 671
f 1776 701 700
f 1758 697 694
f 1716 682 680
f 1625 650 651
f 1742 689 690
f 1663 664 663
f 1634 653 655
f 1697 674 676
f 1728 684 687
f 1746 690 691
f 1664 663 667
f 1640 655 656
f 1700 676 675
f 1724 687 683
f 1679 672 668
f 1618 649 648
f 1708 679 678
f 1753 696 693
f 1769 702 698
f 1738 691 688
f 1671 667 665
f 1643 656 657
f 1701 675 677
f 1723 683 686
f 1667 666 664
f 1633 654 653
f 1693 673 674
f 1727 685 684
f 1743 692 689
f 1685 671 670
f 1772 700 699
f 1757 694 695
f 1715 680 681
f 1628 651 652
f 2187 838 837
f 1881 736 735
f 1899 741 742
f 2277 867 868
f 2313 879 880
f 2169 831 832
f 2156 828 827
f 2010 780 778
f 2208 846 844
f 1917 747 749
f 2133 820 819
f 1971 767 765
f 1989 771 773
f 2223 849 850
f 2300 875 876
f 2174 834 833
f 2151 825 826
f 2007 777 779
f 2205 843 845
f 1920 750 748
f 1855 727 729
f 1801 709 711
f 1784 703 706
f 1820 715 718
f 1838 721 724
f 1874 733 737
f 2180 835 839
f 2310 878 882
f 2274 866 870
f 1896 740 744
f 2089 805 807
f 2035 787 789
f 1950 758 762
f 2054 793 797
f 2072 799 802
f 2126 817 821
f 1964 763 766
f 1986 770 774
f 2220 848 852
f 2291 872 874
f 2183 836 838
f 1877 734 736
f 1891 739 741
f 2269 865 867
f 2305 877 879
f 2161 829 831
f 2148 824 828
f 2004 776 780
f 2202 842 846
f 1909 745 747
f 2129 818 820
f 1967 764 767
f 1981 769 771
f 2215 847 849
f 2288 871 875
f 2166 830 834
f 2143 823 825
f 1999 775 777
f 2197 841 843
f 1914 746 750
f 1806 710 714
f 1787 704 707
f 1823 716 719
f 1841 722 725
f 1860 728 732
f 1931 752 755
f 2108 811 814
f 2018 781 784
f 2234 853 857
f 2255 860 862
f 2040 788 792
f 1945 757 759
f 2057 794 796
f 2075 800 803
f 2094 806 810
f 2111 812 815
f 2021 782 785
f 2237 854 856
f 2252 859 863
f 1928 751 754
f 1812 714 712
f 1791 707 705
f 1827 719 717
f 1845 725 723
f 1866 732 730
f 1935 755 753
f 2118 814 816
f 2028 784 786
f 2246 857 858
f 2259 862 861
f 2048 792 791
f 1953 759 761
f 2061 796 795
f 2079 803 801
f 2100 810 808
f 2115 815 813
f 2025 785 783
f 2241 856 855
f 2264 863 864
f 1938 754 756
f 1802 712 709
f 1783 705 703
f 1819 717 715
f 1837 723 721
f 1856 730 727
f 1927 753 751
f 2112 816 812
f 2022 786 782
f 2238 858 854
f 2251 861 859
f 2036 791 787
f 1949 761 758
f 2053 795 793
f 2071 801 799
f 2090 808 805
f 2107 813 811
f 2017 783 781
f 2233 855 853
f 2256 864 860
f 1932 756 752
f 1859 731 728
f 1805 713 710
f 1788 708 704
f 1824 720 716
f 1842 726 722
f 1878 738 734
f 2184 840 836
f 2306 881 877
f 2270 869 865
f 1892 743 739
f 2093 809 806
f 2039 790 788
f 1946 760 757
f 2058 798 794
f 2076 804 800
f 2130 822 818
f 1968 768 764
f 1982 772 769
f 2216 851 847
f 2287 873 871
f 2179 837 835
f 1873 735 733
f 1895 742 740
f 2273 868 866
f 2309 880 878
f 2165 832 830
f 2144 827 823
f 2000 778 775
f 2198 844 841
f 1913 749 746
f 2125 819 817
f 1963 765 763
f 1985 773 770
f 2219 850 848
f 2292 876 872
f 2162 833 829
f 2147 826 824
f 2003 779 776
f 2201 845 842
f 1910 748 745
f 1863 729 731
f 1809 711 713
f 1794 706 708
f 1830 718 720
f 1848 724 726
f 1886 737 738
f 2192 839 840
f 2318 882 881
f 2282 870 869
f 1904 744 743
f 2097 807 809
f 2043 789 790
f 1956 762 760
f 2066 797 798
f 2082 802 804
f 2138 821 822
f 1974 766 768
f 1992 774 772
f 2228 852 851
f 2295 874 873
f 2331 1270 1269
f 2327 1246 1245
f 2328 1251 1252
f 2334 1287 1288
f 2337 1305 1306
f 2346 1335 1336
f 2412 1552 1551
f 2499 1474 1473
f 2487 1600 1599
f 2436 1353 1354
f 2376 1480 1479
f 2372 1402 1401
f 2373 1407 1408
f 2379 1491 1492
f 2382 1503 1504
f 2396 1534 1533
f 2361 1413 1414
f 2418 1443 1444
f 2457 1593 1594
f 2463 1384 1383
f 2492 1324 1323
f 2402 1276 1275
f 2343 1264 1263
f 2433 1300 1299
f 2478 1318 1317
f 2406 1342 1341
f 2502 1563 1564
f 2484 1461 1462
f 2442 1587 1588
f 2349 1348 1347
f 2468 1522 1521
f 2387 1419 1420
f 2358 1396 1395
f 2421 1498 1497
f 2454 1516 1515
f 2472 1558 1557
f 2388 1426 1425
f 2364 1432 1431
f 2426 1569 1570
f 2448 1371 1372
f 2403 1281 1282
f 2342 1257 1258
f 2432 1293 1294
f 2477 1311 1312
f 2493 1329 1330
f 2462 1377 1378
f 2397 1539 1540
f 2367 1450 1449
f 2427 1576 1575
f 2447 1366 1365
f 2391 1485 1486
f 2357 1389 1390
f 2417 1438 1437
f 2453 1509 1510
f 2469 1527 1528
f 2411 1545 1546
f 2498 1467 1468
f 2483 1456 1455
f 2441 1582 1581
f 2352 1360 1359
f 2509 1271 1272
f 2503 1247 1248
f 2506 1254 1253
f 2512 1290 1289
f 2515 1308 1307
f 2518 1338 1337
f 2555 1553 1554
f 2541 1475 1476
f 2562 1601 1602
f 2522 1356 1355
f 2542 1481 1482
f 2528 1403 1404
f 2531 1410 1409
f 2545 1494 1493
f 2548 1506 1505
f 2551 1535 1536
f 2533 1416 1415
f 2537 1446 1445
f 2559 1596 1595
f 2526 1385 1386
f 1616 907 909
f 1608 889 891
f 1606 883 886
f 1612 895 898
f 1615 901 904
f 1624 919 922
f 1692 1057 1060
f 1782 1237 1240
f 1765 1201 1204
f 1714 1099 1102
f 1661 997 999
f 1653 979 981
f 1651 973 976
f 1657 985 988
f 1660 991 994
f 1675 1021 1024
f 1639 949 952
f 1696 1063 1066
f 1733 1135 1138
f 1751 1177 1179
f 1779 1231 1233
f 1683 1039 1041
f 1626 925 927
f 1721 1117 1119
f 1766 1207 1209
f 1689 1051 1053
f 1778 1225 1228
f 1760 1189 1192
f 1718 1105 1108
f 1629 931 933
f 1747 1165 1167
f 1665 1003 1005
f 1641 955 957
f 1704 1081 1083
f 1737 1147 1150
f 1750 1171 1174
f 1676 1027 1029
f 1644 961 963
f 1702 1075 1077
f 1726 1123 1126
f 1681 1033 1036
f 1620 913 915
f 1710 1093 1095
f 1755 1183 1185
f 1771 1213 1216
f 1740 1153 1155
f 1673 1015 1018
f 1647 967 970
f 1707 1087 1090
f 1734 1141 1143
f 1669 1009 1012
f 1635 943 945
f 1698 1069 1071
f 1729 1129 1131
f 1745 1159 1162
f 1687 1045 1047
f 1774 1219 1221
f 1762 1195 1197
f 1720 1111 1114
f 1632 937 940
f 2189 1280 1284
f 1883 1256 1260
f 1903 1292 1296
f 2281 1310 1314
f 2317 1328 1332
f 2173 1376 1380
f 2158 1538 1542
f 2012 1447 1451
f 2210 1573 1577
f 1924 1363 1367
f 2135 1484 1488
f 1973 1388 1392
f 1996 1435 1439
f 2227 1508 1512
f 2304 1526 1530
f 2176 1544 1548
f 2155 1466 1470
f 2014 1453 1457
f 2212 1579 1583
f 1922 1357 1361
f 1864 1268 1270
f 1810 1244 1246
f 1795 1249 1251
f 1831 1285 1287
f 1849 1303 1305
f 1887 1333 1335
f 2193 1550 1552
f 2321 1472 1474
f 2285 1598 1600
f 1907 1351 1353
f 2098 1478 1480
f 2044 1400 1402
f 1961 1405 1407
f 2067 1489 1491
f 2083 1501 1503
f 2139 1532 1534
f 1975 1411 1413
f 1997 1441 1443
f 2231 1591 1593
f 2298 1382 1384
f 2190 1322 1324
f 1884 1274 1276
f 1900 1262 1264
f 2278 1298 1300
f 2314 1316 1318
f 2170 1340 1342
f 2159 1561 1563
f 2015 1459 1461
f 2213 1585 1587
f 1918 1346 1348
f 2136 1520 1522
f 1977 1417 1419
f 1990 1394 1396
f 2224 1496 1498
f 2301 1514 1516
f 2177 1556 1558
f 2152 1424 1426
f 2008 1430 1432
f 2206 1567 1569
f 1925 1369 1371
f 1817 1279 1281
f 1797 1255 1257
f 1833 1291 1293
f 1851 1309 1311
f 1871 1327 1329
f 1941 1375 1377
f 2119 1537 1539
f 2029 1448 1450
f 2247 1574 1576
f 2262 1364 1366
f 2051 1483 1485
f 1954 1387 1389
f 2064 1436 1438
f 2085 1507 1509
f 2105 1525 1527
f 2121 1543 1545
f 2031 1465 1467
f 2244 1454 1456
f 2265 1580 1582
f 1939 1358 1360
f 1814 1267 1271
f 1793 1243 1247
f 1829 1250 1254
f 1847 1286 1290
f 1868 1304 1308
f 1937 1334 1338
f 2124 1549 1553
f 2034 1471 1475
f 2250 1597 1601
f 2261 1352 1356
f 2050 1477 1481
f 1960 1399 1403
f 2063 1406 1410
f 2081 1490 1494
f 2102 1502 1506
f 2117 1531 1535
f 2027 1412 1416
f 2243 1442 1446
f 2268 1592 1596
f 1944 1381 1385
f 1804 890 894
f 1785 884 887
f 1821 896 899
f 1839 902 905
f 1858 908 912
f 1929 938 941
f 2114 1046 1050
f 2024 1220 1224
f 2240 1196 1200
f 2253 1112 1115
f 2038 980 984
f 1951 974 977
f 2055 986 989
f 2073 992 995
f 2092 998 1002
f 2109 1016 1019
f 2019 968 971
f 2235 1088 1091
f 2258 1142 1146
f 1934 1154 1158
f 1861 1214 1217
f 1807 1034 1037
f 1790 914 918
f 1826 1094 1098
f 1844 1184 1188
f 1880 1040 1044
f 2186 1232 1236
f 2308 1208 1212
f 2272 1118 1122
f 1894 926 930
f 2095 1160 1163
f 2041 1010 1013
f 1948 944 948
f 2060 1070 1074
f 2078 1130 1134
f 2132 1166 1170
f 1970 1004 1008
f 1984 956 960
f 2218 1082 1086
f 2289 1148 1151
f 2181 1058 1061
f 1875 920 923
f 1897 1100 1103
f 2275 1202 1205
f 2311 1238 1241
f 2167 1172 1175
f 2146 1028 1032
f 2002 962 966
f 2200 1076 1080
f 1915 1124 1127
f 2127 1022 1025
f 1965 950 953
f 1987 1064 1067
f 2221 1136 1139
f 2294 1178 1182
f 2164 1052 1056
f 2149 1226 1229
f 2005 1190 1193
f 2203 1106 1109
f 1912 932 936
f 1870 1321 1325
f 1816 1273 1277
f 1800 1261 1265
f 1836 1297 1301
f 1854 1315 1319
f 1890 1339 1343
f 2196 1562 1566
f 2320 1460 1464
f 2284 1586 1590
f 1906 1345 1349
f 2104 1519 1523
f 2047 1418 1422
f 1958 1393 1397
f 2070 1495 1499
f 2088 1513 1517
f 2142 1555 1559
f 1980 1423 1427
f 1994 1429 1433
f 2230 1568 1572
f 2297 1370 1374
f 2329 894 892
f 2323 887 885
f 2326 899 897
f 2333 905 903
f 2336 912 910
f 2345 941 939
f 2409 1050 1048
f 2496 1224 1222
f 2485 1200 1198
f 2435 1115 1113
f 2374 984 982
f 2368 977 975
f 2371 989 987
f 2378 995 993
f 2381 1002 1000
f 2392 1019 1017
f 2360 971 969
f 2416 1091 1089
f 2456 1146 1144
f 2460 1158 1156
f 2488 1217 1215
f 2398 1037 1035
f 2340 918 916
f 2430 1098 1096
f 2475 1188 1186
f 2404 1044 1042
f 2501 1236 1234
f 2482 1212 1210
f 2440 1122 1120
f 2347 930 928
f 2464 1163 1161
f 2384 1013 1011
f 2355 948 946
f 2419 1074 1072
f 2451 1134 1132
f 2470 1170 1168
f 2385 1008 1006
f 2362 960 958
f 2423 1086 1084
f 2446 1151 1149
f 2401 1061 1059
f 2339 923 921
f 2429 1103 1101
f 2474 1205 1203
f 2491 1241 1239
f 2459 1175 1173
f 2395 1032 1030
f 2365 966 964
f 2424 1080 1078
f 2443 1127 1125
f 2390 1025 1023
f 2354 953 951
f 2413 1067 1065
f 2450 1139 1137
f 2467 1182 1180
f 2408 1056 1054
f 2495 1229 1227
f 2479 1193 1191
f 2437 1109 1107
f 2350 936 934
f 2511 1325 1326
f 2505 1277 1278
f 2507 1265 1266
f 2513 1301 1302
f 2516 1319 1320
f 2519 1343 1344
f 2556 1566 1565
f 2540 1464 1463
f 2561 1590 1589
f 2521 1349 1350
f 2544 1523 1524
f 2529 1422 1421
f 2530 1397 1398
f 2546 1499 1500
f 2549 1517 1518
f 2553 1559 1560
f 2534 1427 1428
f 2536 1433 1434
f 2557 1572 1571
f 2525 1374 1373
f 1609 892 889
f 1605 885 883
f 1611 897 895
f 1614 903 901
f 1617 910 907
f 1631 939 937
f 1688 1048 1045
f 1775 1222 1219
f 1763 1198 1195
f 1719 1113 1111
f 1654 982 979
f 1650 975 973
f 1656 987 985
f 1659 993 991
f 1662 1000 997
f 1672 1017 1015
f 1646 969 967
f 1706 1089 1087
f 1735 1144 1141
f 1741 1156 1153
f 1770 1215 1213
f 1680 1035 1033
f 1621 916 913
f 1711 1096 1093
f 1756 1186 1183
f 1684 1042 1039
f 1780 1234 1231
f 1767 1210 1207
f 1722 1120 1117
f 1627 928 925
f 1744 1161 1159
f 1668 1011 1009
f 1636 946 943
f 1699 1072 1069
f 1730 1132 1129
f 1748 1168 1165
f 1666 1006 1003
f 1642 958 955
f 1705 1084 1081
f 1736 1149 1147
f 1691 1059 1057
f 1623 921 919
f 1713 1101 1099
f 1764 1203 1201
f 1781 1239 1237
f 1749 1173 1171
f 1677 1030 1027
f 1645 964 961
f 1703 1078 1075
f 1725 1125 1123
f 1674 1023 1021
f 1638 951 949
f 1695 1065 1063
f 1732 1137 1135
f 1752 1180 1177
f 1690 1054 1051
f 1777 1227 1225
f 1759 1191 1189
f 1717 1107 1105
f 1630 934 931
f 2191 1326 1322
f 1885 1278 1274
f 1901 1266 1262
f 2279 1302 1298
f 2315 1320 1316
f 2171 1344 1340
f 2160 1565 1561
f 2016 1463 1459
f 2214 1589 1585
f 1919 1350 1346
f 2137 1524 1520
f 1978 1421 1417
f 1991 1398 1394
f 2225 1500 1496
f 2302 1518 1514
f 2178 1560 1556
f 2153 1428 1424
f 2009 1434 1430
f 2207 1571 1567
f 1926 1373 1369
f 1857 911 908
f 1803 893 890
f 1786 888 884
f 1822 900 896
f 1840 906 902
f 1876 924 920
f 2182 1062 1058
f 2312 1242 1238
f 2276 1206 1202
f 1898 1104 1100
f 2091 1001 998
f 2037 983 980
f 1952 978 974
f 2056 990 986
f 2074 996 992
f 2128 1026 1022
f 1966 954 950
f 1988 1068 1064
f 2222 1140 1136
f 2293 1181 1178
f 2185 1235 1232
f 1879 1043 1040
f 1893 929 926
f 2271 1121 1118
f 2307 1211 1208
f 2163 1055 1052
f 2150 1230 1226
f 2006 1194 1190
f 2204 1110 1106
f 1911 935 932
f 2131 1169 1166
f 1969 1007 1004
f 1983 959 956
f 2217 1085 1082
f 2290 1152 1148
f 2168 1176 1172
f 2145 1031 1028
f 2001 965 962
f 2199 1079 1076
f 1916 1128 1124
f 1808 1038 1034
f 1789 917 914
f 1825 1097 1094
f 1843 1187 1184
f 1862 1218 1214
f 1933 1157 1154
f 2110 1020 1016
f 2020 972 968
f 2236 1092 1088
f 2257 1145 1142
f 2042 1014 1010
f 1947 947 944
f 2059 1073 1070
f 2077 1133 1130
f 2096 1164 1160
f 2113 1049 1046
f 2023 1223 1220
f 2239 1199 1196
f 2254 1116 1112
f 1930 942 938
f 1818 1283 1279
f 1798 1259 1255
f 1834 1295 1291
f 1852 1313 1309
f 1872 1331 1327
f 1942 1379 1375
f 2120 1541 1537
f 2030 1452 1448
f 2248 1578 1574
f 2263 1368 1364
f 2052 1487 1483
f 1955 1391 1387
f 2065 1440 1436
f 2086 1511 1507
f 2106 1529 1525
f 2122 1547 1543
f 2032 1469 1465
f 2245 1458 1454
f 2266 1584 1580
f 1940 1362 1358
f 1813 1269 1267
f 1792 1245 1243
f 1828 1252 1250
f 1846 1288 1286
f 1867 1306 1304
f 1936 1336 1334
f 2123 1551 1549
f 2033 1473 1471
f 2249 1599 1597
f 2260 1354 1352
f 2049 1479 1477
f 1959 1401 1399
f 2062 1408 1406
f 2080 1492 1490
f 2101 1504 1502
f 2116 1533 1531
f 2026 1414 1412
f 2242 1444 1442
f 2267 1594 1592
f 1943 1383 1381
f 1869 1323 1321
f 1815 1275 1273
f 1799 1263 1261
f 1835 1299 1297
f 1853 1317 1315
f 1889 1341 1339
f 2195 1564 1562
f 2319 1462 1460
f 2283 1588 1586
f 1905 1347 1345
f 2103 1521 1519
f 2046 1420 1418
f 1957 1395 1393
f 2069 1497 1495
f 2087 1515 1513
f 2141 1557 1555
f 1979 1425 1423
f 1993 1431 1429
f 2229 1570 1568
f 2296 1372 1370
f 2188 1282 1280
f 1882 1258 1256
f 1902 1294 1292
f 2280 1312 1310
f 2316 1330 1328
f 2172 1378 1376
f 2157 1540 1538
f 2011 1449 1447
f 2209 1575 1573
f 1923 1365 1363
f 2134 1486 1484
f 1972 1390 1388
f 1995 1437 1435
f 2226 1510 1508
f 2303 1528 1526
f 2175 1546 1544
f 2154 1468 1466
f 2013 1455 1453
f 2211 1581 1579
f 1921 1359 1357
f 1865 1272 1268
f 1811 1248 1244
f 1796 1253 1249
f 1832 1289 1285
f 1850 1307 1303
f 1888 1337 1333
f 2194 1554 1550
f 2322 1476 1472
f 2286 1602 1598
f 1908 1355 1351
f 2099 1482 1478
f 2045 1404 1400
f 1962 1409 1405
f 2068 1493 1489
f 2084 1505 1501
f 2140 1536 1532
f 1976 1415 1411
f 1998 1445 1441
f 2232 1595 1591
f 2299 1386 1382
f 2330 909 911
f 2324 891 893
f 2325 886 888
f 2332 898 900
f 2335 904 906
f 2344 922 924
f 2410 1060 1062
f 2497 1240 1242
f 2486 1204 1206
f 2434 1102 1104
f 2375 999 1001
f 2369 981 983
f 2370 976 978
f 2377 988 990
f 2380 994 996
f 2393 1024 1026
f 2359 952 954
f 2415 1066 1068
f 2455 1138 1140
f 2461 1179 1181
f 2489 1233 1235
f 2399 1041 1043
f 2341 927 929
f 2431 1119 1121
f 2476 1209 1211
f 2405 1053 1055
f 2500 1228 1230
f 2481 1192 1194
f 2439 1108 1110
f 2348 933 935
f 2465 1167 1169
f 2383 1005 1007
f 2356 957 959
f 2420 1083 1085
f 2452 1150 1152
f 2471 1174 1176
f 2386 1029 1031
f 2363 963 965
f 2422 1077 1079
f 2445 1126 1128
f 2400 1036 1038
f 2338 915 917
f 2428 1095 1097
f 2473 1185 1187
f 2490 1216 1218
f 2458 1155 1157
f 2394 1018 1020
f 2366 970 972
f 2425 1090 1092
f 2444 1143 1145
f 2389 1012 1014
f 2353 945 947
f 2414 1071 1073
f 2449 1131 1133
f 2466 1162 1164
f 2407 1047 1049
f 2494 1221 1223
f 2480 1197 1199
f 2438 1114 1116
f 2351 940 942
f 2510 1284 1283
f 2504 1260 1259
f 2508 1296 1295
f 2514 1314 1313
f 2517 1332 1331
f 2520 1380 1379
f 2554 1542 1541
f 2539 1451 1452
f 2560 1577 1578
f 2523 1367 1368
f 2543 1488 1487
f 2527 1392 1391
f 2532 1439 1440
f 2547 1512 1511
f 2550 1530 1529
f 2552 1548 1547
f 2535 1470 1469
f 2538 1457 1458
f 2558 1583 1584
f 2524 1361 1362
f 1607 1616 1609
f 1603 1608 1605
f 1604 1606 1611
f 1610 1612 1614
f 1613 1615 1617
f 1622 1624 1631
f 1686 1692 1688
f 1773 1782 1775
f 1761 1765 1763
f 1712 1714 1719
f 1652 1661 1654
f 1648 1653 1650
f 1649 1651 1656
f 1655 1657 1659
f 1658 1660 1662
f 1670 1675 1672
f 1637 1639 1646
f 1694 1696 1706
f 1731 1733 1735
f 1739 1751 1741
f 1768 1779 1770
f 1678 1683 1680
f 1619 1626 1621
f 1709 1721 1711
f 1754 1766 1756
f 1682 1689 1684
f 1776 1778 1780
f 1758 1760 1767
f 1716 1718 1722
f 1625 1629 1627
f 1742 1747 1744
f 1663 1665 1668
f 1634 1641 1636
f 1697 1704 1699
f 1728 1737 1730
f 1746 1750 1748
f 1664 1676 1666
f 1640 1644 1642
f 1700 1702 1705
f 1724 1726 1736
f 1679 1681 1691
f 1618 1620 1623
f 1708 1710 1713
f 1753 1755 1764
f 1769 1771 1781
f 1738 1740 1749
f 1671 1673 1677
f 1643 1647 1645
f 1701 1707 1703
f 1723 1734 1725
f 1667 1669 1674
f 1633 1635 1638
f 1693 1698 1695
f 1727 1729 1732
f 1743 1745 1752
f 1685 1687 1690
f 1772 1774 1777
f 1757 1762 1759
f 1715 1720 1717
f 1628 1632 1630
f 2187 2189 2191
f 1881 1883 1885
f 1899 1903 1901
f 2277 2281 2279
f 2313 2317 2315
f 2169 2173 2171
f 2156 2158 2160
f 2010 2012 2016
f 2208 2210 2214
f 1917 1924 1919
f 2133 2135 2137
f 1971 1973 1978
f 1989 1996 1991
f 2223 2227 2225
f 2300 2304 2302
f 2174 2176 2178
f 2151 2155 2153
f 2007 2014 2009
f 2205 2212 2207
f 1920 1922 1926
f 1855 1864 1857
f 1801 1810 1803
f 1784 1795 1786
f 1820 1831 1822
f 1838 1849 1840
f 1874 1887 1876
f 2180 2193 2182
f 2310 2321 2312
f 2274 2285 2276
f 1896 1907 1898
f 2089 2098 2091
f 2035 2044 2037
f 1950 1961 1952
f 2054 2067 2056
f 2072 2083 2074
f 2126 2139 2128
f 1964 1975 1966
f 1986 1997 1988
f 2220 2231 2222
f 2291 2298 2293
f 2183 2190 2185
f 1877 1884 1879
f 1891 1900 1893
f 2269 2278 2271
f 2305 2314 2307
f 2161 2170 2163
f 2148 2159 2150
f 2004 2015 2006
f 2202 2213 2204
f 1909 1918 1911
f 2129 2136 2131
f 1967 1977 1969
f 1981 1990 1983
f 2215 2224 2217
f 2288 2301 2290
f 2166 2177 2168
f 2143 2152 2145
f 1999 2008 2001
f 2197 2206 2199
f 1914 1925 1916
f 1806 1817 1808
f 1787 1797 1789
f 1823 1833 1825
f 1841 1851 1843
f 1860 1871 1862
f 1931 1941 1933
f 2108 2119 2110
f 2018 2029 2020
f 2234 2247 2236
f 2255 2262 2257
f 2040 2051 2042
f 1945 1954 1947
f 2057 2064 2059
f 2075 2085 2077
f 2094 2105 2096
f 2111 2121 2113
f 2021 2031 2023
f 2237 2244 2239
f 2252 2265 2254
f 1928 1939 1930
f 1812 1814 1818
f 1791 1793 1798
f 1827 1829 1834
f 1845 1847 1852
f 1866 1868 1872
f 1935 1937 1942
f 2118 2124 2120
f 2028 2034 2030
f 2246 2250 2248
f 2259 2261 2263
f 2048 2050 2052
f 1953 1960 1955
f 2061 2063 2065
f 2079 2081 2086
f 2100 2102 2106
f 2115 2117 2122
f 2025 2027 2032
f 2241 2243 2245
f 2264 2268 2266
f 1938 1944 1940
f 1802 1804 1813
f 1783 1785 1792
f 1819 1821 1828
f 1837 1839 1846
f 1856 1858 1867
f 1927 1929 1936
f 2112 2114 2123
f 2022 2024 2033
f 2238 2240 2249
f 2251 2253 2260
f 2036 2038 2049
f 1949 1951 1959
f 2053 2055 2062
f 2071 2073 2080
f 2090 2092 2101
f 2107 2109 2116
f 2017 2019 2026
f 2233 2235 2242
f 2256 2258 2267
f 1932 1934 1943
f 1859 1861 1869
f 1805 1807 1815
f 1788 1790 1799
f 1824 1826 1835
f 1842 1844 1853
f 1878 1880 1889
f 2184 2186 2195
f 2306 2308 2319
f 2270 2272 2283
f 1892 1894 1905
f 2093 2095 2103
f 2039 2041 2046
f 1946 1948 1957
f 2058 2060 2069
f 2076 2078 2087
f 2130 2132 2141
f 1968 1970 1979
f 1982 1984 1993
f 2216 2218 2229
f 2287 2289 2296
f 2179 2181 2188
f 1873 1875 1882
f 1895 1897 1902
f 2273 2275 2280
f 2309 2311 2316
f 2165 2167 2172
f 2144 2146 2157
f 2000 2002 2011
f 2198 2200 2209
f 1913 1915 1923
f 2125 2127 2134
f 1963 1965 1972
f 1985 1987 1995
f 2219 2221 2226
f 2292 2294 2303
f 2162 2164 2175
f 2147 2149 2154
f 2003 2005 2013
f 2201 2203 2211
f 1910 1912 1921
f 1863 1870 1865
f 1809 1816 1811
f 1794 1800 1796
f 1830 1836 1832
f 1848 1854 1850
f 1886 1890 1888
f 2192 2196 2194
f 2318 2320 2322
f 2282 2284 2286
f 1904 1906 1908
f 2097 2104 2099
f 2043 2047 2045
f 1956 1958 1962
f 2066 2070 2068
f 2082 2088 2084
f 2138 2142 2140
f 1974 1980 1976
f 1992 1994 1998
f 2228 2230 2232
f 2295 2297 2299
f 2331 2329 2330
f 2327 2323 2324
f 2328 2326 2325
f 2334 2333 2332
f 2337 2336 2335
f 2346 2345 2344
f 2412 2409 2410
f 2499 2496 2497
f 2487 2485 2486
f 2436 2435 2434
f 2376 2374 2375
f 2372 2368 2369
f 2373 2371 2370
f 2379 2378 2377
f 2382 2381 2380
f 2396 2392 2393
f 2361 2360 2359
f 2418 2416 2415
f 2457 2456 2455
f 2463 2460 2461
f 2492 2488 2489
f 2402 2398 2399
f 2343 2340 2341
f 2433 2430 2431
f 2478 2475 2476
f 2406 2404 2405
f 2502 2501 2500
f 2484 2482 2481
f 2442 2440 2439
f 2349 2347 2348
f 2468 2464 2465
f 2387 2384 2383
f 2358 2355 2356
f 2421 2419 2420
f 2454 2451 2452
f 2472 2470 2471
f 2388 2385 2386
f 2364 2362 2363
f 2426 2423 2422
f 2448 2446 2445
f 2403 2401 2400
f 2342 2339 2338
f 2432 2429 2428
f 2477 2474 2473
f 2493 2491 2490
f 2462 2459 2458
f 2397 2395 2394
f 2367 2365 2366
f 2427 2424 2425
f 2447 2443 2444
f 2391 2390 2389
f 2357 2354 2353
f 2417 2413 2414
f 2453 2450 2449
f 2469 2467 2466
f 2411 2408 2407
f 2498 2495 2494
f 2483 2479 2480
f 2441 2437 2438
f 2352 2350 2351
f 2509 2511 2510
f 2503 2505 2504
f 2506 2507 2508
f 2512 2513 2514
f 2515 2516 2517
f 2518 2519 2520
f 2555 2556 2554
f 2541 2540 2539
f 2562 2561 2560
f 2522 2521 2523
f 2542 2544 2543
f 2528 2529 2527
f 2531 2530 2532
f 2545 2546 2547
f 2548 2549 2550
f 2551 2553 2552
f 2533 2534 2535
f 2537 2536 2538
f 2559 2557 2558
f 2526 2525 2524