v -0.223362 0.285240 -0.170375
v 0.232710 0.290129 -0.174305
v -0.391642 -0.660969 -0.013510
v 0.395342 -0.658508 -0.018970
v -0.009136 -0.545937 0.845383
v -0.001444 0.141724 0.497346
v 0.006921 -0.310203 -0.460660
v -0.001447 0.539451 -0.841385
v 0.473959 0.056769 -0.315401
v 0.484153 -0.017860 0.310902
v -0.454722 0.059685 -0.302116
v -0.486119 -0.005942 0.321271
v 0.009776 0.451308 -0.164802
v -0.165884 0.176298 0.221627
v -0.263771 0.801055 -0.520344
v -0.371520 0.214619 -0.252013
v -0.432692 0.102559 0.152004
v 0.169374 0.177210 0.216813
v 0.236152 0.814406 -0.524759
v 0.366735 0.211052 -0.265920
v 0.419845 0.106623 0.140606
v -0.003407 -0.708196 -0.004767
v -0.271426 -0.737240 0.529401
v -0.210520 -0.598629 -0.358873
v -0.421721 -0.259057 -0.159092
v -0.436218 -0.295066 0.238304
v 0.213655 -0.872177 0.666787
v 0.209426 -0.587409 -0.358140
v 0.427513 -0.253188 -0.168996
v 0.442198 -0.300402 0.241662
v -0.002407 0.010655 0.831857
v 0.374987 -0.257368 0.677115
v -0.377537 -0.263792 0.676534
v 0.297620 0.087605 0.483812
v -0.298136 0.082958 0.489430
v -0.001965 0.059854 -0.740640
v 0.249416 -0.077611 -0.390174
v -0.232020 -0.080429 -0.392801
v 0.389475 0.271342 -0.778164
v -0.389592 0.269374 -0.745392
v 0.541989 0.033359 0.018595
v -0.523151 0.045819 0.033311
v -0.138795 0.386219 -0.182314
v -0.212165 0.220148 0.003640
v -0.260276 0.528344 -0.321592
v -0.282000 0.274674 -0.223732
v -0.328118 0.171152 -0.002473
v 0.151265 0.387116 -0.189561
v 0.218189 0.221280 -0.003087
v 0.237663 0.526057 -0.314270
v 0.274760 0.280614 -0.221317
v 0.320522 0.174772 -0.012905
v -0.241520 -0.798311 -0.009835
v -0.310943 -0.622644 0.212565
v -0.406102 -0.823258 -0.277645
v -0.441471 -0.502809 -0.106970
v -0.409860 -0.481091 0.123051
v 0.242326 -0.786827 -0.008162
v 0.294513 -0.628446 0.262995
v 0.399432 -0.828796 -0.307318
v 0.440914 -0.503167 -0.120935
v 0.416372 -0.488404 0.127342
v -0.202867 -0.877756 0.847250
v 0.160312 -0.741808 0.747193
v 0.000695 -0.274466 0.928102
v 0.245332 -0.434116 0.843498
v -0.245387 -0.449329 0.844385
v -0.080998 0.138672 0.408897
v 0.082389 0.141939 0.398581
v -0.003077 0.132325 0.623340
v 0.132038 0.128219 0.508732
v -0.136815 0.127749 0.516361
v -0.075774 -0.424506 -0.403035
v 0.086500 -0.423764 -0.404827
v 0.004285 -0.090129 -0.498058
v 0.123106 -0.214756 -0.445754
v -0.111073 -0.215315 -0.449002
v -0.143273 0.739674 -0.752773
v 0.156341 0.729887 -0.739503
v -0.010715 0.294755 -0.878618
v 0.203257 0.442259 -0.876222
v -0.218986 0.445568 -0.870715
v 0.477095 0.110189 -0.299978
v 0.418057 -0.035070 -0.218254
v 0.385191 0.012092 -0.369381
v 0.440429 0.130241 -0.476524
v 0.500432 0.045312 -0.163152
v 0.477317 0.046741 0.243241
v 0.476059 -0.115313 0.290886
v 0.431757 -0.107891 0.457391
v 0.426128 0.028309 0.403783
v 0.525636 0.001571 0.178744
v -0.472348 0.123818 -0.285757
v -0.402900 -0.042196 -0.208428
v -0.370233 0.008708 -0.367166
v -0.435449 0.129852 -0.472116
v -0.485359 0.053071 -0.145650
v -0.485682 0.056888 0.252159
v -0.464808 -0.116300 0.300043
v -0.431512 -0.107884 0.463130
v -0.434678 0.035053 0.413380
v -0.509536 0.016350 0.189139
v -0.071318 0.256047 -0.008506
v -0.100091 0.680408 -0.314035
v 0.083788 0.257740 -0.010670
v 0.107307 0.688271 -0.327740
v -0.321190 0.128199 0.200448
v 0.004636 0.195706 0.227851
v -0.239066 0.120175 0.371345
v -0.328318 0.615438 -0.386225
v 0.008519 0.849733 -0.540332
v -0.319503 0.555477 -0.658014
v -0.422700 0.134127 -0.037027
v -0.362383 0.289465 -0.470658
v -0.516373 0.090665 -0.081093
v -0.383479 0.092064 0.320311
v -0.507865 0.069982 0.094948
v 0.307070 0.135859 0.185528
v 0.234849 0.125547 0.360546
v 0.381435 0.572177 -0.471146
v 0.325094 0.567743 -0.648077
v 0.415869 0.136507 -0.047149
v 0.348779 0.296553 -0.480391
v 0.518509 0.076812 -0.099026
v 0.373328 0.093051 0.310942
v 0.516786 0.056404 0.085481
v -0.133855 -0.704797 0.281035
v -0.116544 -0.759008 -0.262430
v 0.098145 -0.712890 0.327640
v 0.120875 -0.743341 -0.251903
v -0.378469 -0.503476 0.382024
v -0.031279 -0.778803 0.556301
v -0.399750 -0.575539 0.671330
v -0.400299 -0.477171 -0.315501
v 0.003262 -0.586194 -0.340822
v -0.236121 -0.345418 -0.388560
v -0.442990 -0.280603 0.031410
v -0.351061 -0.193535 -0.314333
v -0.446144 -0.064174 -0.042759
v -0.417965 -0.308245 0.457499
v -0.470242 -0.093838 0.128752
v 0.369883 -0.547299 0.440549
v 0.308406 -0.537836 0.817805
v 0.395961 -0.467233 -0.319593
v 0.241876 -0.338992 -0.382123
v 0.454147 -0.279843 0.019539
v 0.348069 -0.186868 -0.303659
v 0.464153 -0.063267 -0.060561
v 0.411172 -0.314766 0.477445
v 0.486984 -0.092026 0.114568
v 0.243205 -0.125329 0.837952
v -0.241676 -0.129585 0.842153
v 0.180333 0.065876 0.666437
v -0.183388 0.064001 0.669998
v 0.346589 -0.035232 0.598153
v -0.344434 -0.038142 0.604230
v 0.152978 -0.001721 -0.565845
v -0.142037 -0.001506 -0.562869
v 0.196016 0.152631 -0.878183
v -0.254983 0.106743 -0.949860
v 0.328457 0.060845 -0.616772
v -0.322877 0.061705 -0.596841
v -0.184236 0.328454 -0.188169
v -0.219168 0.246085 -0.097018
v -0.226551 0.380695 -0.237845
v -0.250294 0.284542 -0.198282
v -0.265266 0.226508 -0.096208
v 0.200320 0.333544 -0.189943
v 0.228886 0.251206 -0.103389
v 0.226657 0.383218 -0.236896
v 0.251335 0.289713 -0.198008
v 0.266607 0.229087 -0.105094
v -0.347451 -0.743225 -0.016069
v -0.350077 -0.634744 0.078652
v -0.432852 -0.753250 -0.110422
v -0.424444 -0.604542 -0.060422
v -0.398275 -0.573151 0.049918
v 0.349779 -0.732754 -0.021845
v 0.348654 -0.628410 0.089839
v 0.435181 -0.755986 -0.136361
v 0.430999 -0.606021 -0.072611
v 0.400852 -0.574732 0.052820
v -0.088708 -0.658621 0.827320
v 0.059962 -0.630152 0.809895
v -0.004927 -0.426935 0.878367
v 0.107115 -0.498554 0.851861
v -0.120214 -0.514151 0.853881
v -0.036779 0.139483 0.461197
v 0.035121 0.140361 0.455961
v -0.001176 0.156331 0.550445
v 0.056884 0.140003 0.506329
v -0.060473 0.138414 0.510264
v -0.027375 -0.364852 -0.437066
v 0.041176 -0.365731 -0.438239
v 0.006043 -0.221333 -0.479080
v 0.060827 -0.283296 -0.466205
v -0.046746 -0.278944 -0.461613
v -0.059980 0.624074 -0.806020
v 0.068145 0.626094 -0.809961
v -0.007701 0.431945 -0.869289
v 0.094637 0.501563 -0.855995
v -0.102046 0.505311 -0.855113
v 0.486043 0.081145 -0.312366
v 0.453413 0.022043 -0.271599
v 0.452694 0.039585 -0.349568
v 0.466411 0.081853 -0.381348
v 0.484029 0.050498 -0.249232
v 0.486912 0.015044 0.281289
v 0.488901 -0.053439 0.302549
v 0.462858 -0.050869 0.370710
v 0.461424 0.000474 0.352721
v 0.509149 -0.008717 0.251224
v -0.472476 0.090124 -0.300254
v -0.431168 0.019738 -0.257244
v -0.426298 0.040906 -0.337277
v -0.456788 0.086251 -0.374890
v -0.465715 0.055244 -0.232889
v -0.492395 0.028343 0.290659
v -0.482773 -0.046824 0.314440
v -0.462836 -0.046681 0.380542
v -0.468620 0.010469 0.362506
v -0.504368 0.007666 0.262303
v -0.072185 0.433199 -0.169820
v 0.091595 0.435628 -0.168488
v -0.029445 0.311069 -0.127260
v -0.037632 0.589917 -0.214871
v 0.044701 0.311703 -0.129549
v 0.058807 0.589942 -0.219848
v -0.195844 0.199328 0.114038
v -0.127457 0.153210 0.323460
v -0.125058 0.234207 0.127213
v -0.246335 0.142989 0.214358
v -0.083075 0.193921 0.227918
v -0.208316 0.137986 0.308710
v -0.303588 0.698232 -0.418874
v -0.226173 0.824647 -0.627473
v -0.182170 0.771922 -0.420653
v -0.504423 0.746189 -0.514138
v -0.184031 0.994650 -0.518902
v -0.302932 0.713573 -0.607953
v -0.314210 0.248192 -0.238526
v -0.431079 0.168501 -0.267517
v -0.302222 0.347615 -0.337111
v -0.397918 0.169206 -0.144283
v -0.360395 0.262767 -0.358618
v -0.454248 0.132631 -0.160103
v -0.390082 0.131223 0.084976
v -0.466593 0.081200 0.207254
v -0.380794 0.118051 0.177691
v -0.438202 0.112366 0.063695
v -0.414577 0.094951 0.237189
v -0.479723 0.086220 0.125734
v 0.202719 0.199127 0.110099
v 0.132266 0.149620 0.324915
v 0.128846 0.226297 0.114751
v 0.090031 0.193557 0.225216
v 0.241589 0.155133 0.202506
v 0.205215 0.143025 0.298388
v 0.256628 0.689218 -0.411762
v 0.228841 0.811300 -0.625397
v 0.175819 0.808220 -0.435739
v 0.194872 0.995374 -0.555725
v 0.395365 0.767054 -0.491520
v 0.310130 0.714788 -0.593255
v 0.306985 0.250176 -0.245452
v 0.424708 0.152339 -0.282691
v 0.304486 0.350486 -0.365142
v 0.391013 0.169521 -0.156226
v 0.349651 0.264814 -0.371355
v 0.446296 0.127377 -0.177188
v 0.376195 0.136824 0.071785
v 0.454469 0.077314 0.197159
v 0.365579 0.122971 0.164344
v 0.426222 0.117540 0.050718
v 0.400368 0.098036 0.226046
v 0.471639 0.083452 0.114572
v -0.127756 -0.734422 -0.018469
v 0.124770 -0.725962 -0.013213
v -0.069758 -0.707235 0.136088
v -0.074314 -0.702178 -0.138109
v 0.052384 -0.706578 0.147254
v 0.075018 -0.702480 -0.134394
v -0.279984 -0.638969 0.380488
v -0.327952 -0.959630 0.651369
v -0.193315 -0.683407 0.433393
v -0.332678 -0.612989 0.468003
v -0.168002 -0.812785 0.535720
v -0.369980 -0.733348 0.602872
v -0.307410 -0.736580 -0.356282
v -0.135926 -0.499975 -0.376083
v -0.173975 -0.710825 -0.332477
v -0.318080 -0.560948 -0.352590
v -0.102810 -0.595226 -0.347440
v -0.228439 -0.470180 -0.373522
v -0.446931 -0.382671 -0.139479
v -0.401780 -0.140555 -0.178696
v -0.415830 -0.367079 -0.231610
v -0.438701 -0.272385 -0.066398
v -0.384785 -0.233675 -0.238030
v -0.427805 -0.157890 -0.096115
v -0.423505 -0.389037 0.187283
v -0.448346 -0.201805 0.275100
v -0.411786 -0.398544 0.306281
v -0.442589 -0.287133 0.132903
v -0.427059 -0.303985 0.347305
v -0.452976 -0.192867 0.178894
v 0.248299 -0.676076 0.479070
v 0.230320 -0.943376 0.720982
v 0.132585 -0.736142 0.545762
v 0.101517 -0.872429 0.576071
v 0.341807 -0.754789 0.537717
v 0.244204 -0.830803 0.832471
v 0.290184 -0.720644 -0.361226
v 0.142275 -0.494565 -0.375644
v 0.167178 -0.700013 -0.329374
v 0.106304 -0.588364 -0.347306
v 0.311909 -0.550703 -0.350223
v 0.231710 -0.463997 -0.372463
v 0.442418 -0.379871 -0.150964
v 0.405904 -0.130626 -0.182591
v 0.417434 -0.361877 -0.242937
v 0.449398 -0.270381 -0.080359
v 0.390751 -0.225748 -0.243437
v 0.438544 -0.152839 -0.108152
v 0.429009 -0.397799 0.194158
v 0.457366 -0.201450 0.272434
v 0.411275 -0.415480 0.329284
v 0.450384 -0.289181 0.127036
v 0.429872 -0.312600 0.360068
v 0.459970 -0.188507 0.169647
v 0.001063 -0.124618 0.924561
v -0.003533 0.095035 0.724058
v 0.120785 -0.052944 0.855336
v -0.121917 -0.057765 0.854874
v 0.103563 0.054278 0.762895
v -0.107470 0.051495 0.762949
v 0.333544 -0.347843 0.780088
v 0.401078 -0.178049 0.561282
v 0.367602 -0.394251 0.708466
v 0.393336 -0.296022 0.584441
v 0.329184 -0.199026 0.762342
v 0.365735 -0.134634 0.643927
v -0.331760 -0.357488 0.779869
v -0.402110 -0.181314 0.562480
v -0.383166 -0.409041 0.677728
v -0.403460 -0.298286 0.567957
v -0.325663 -0.205647 0.771802
v -0.364714 -0.138437 0.651432
v 0.213572 0.109176 0.501446
v 0.373175 0.060401 0.451762
v 0.265170 0.109870 0.421567
v 0.339903 0.090653 0.396858
v 0.241167 0.072939 0.570763
v 0.326006 0.040251 0.543853
v -0.216992 0.104424 0.508861
v -0.374610 0.060150 0.457486
v -0.268685 0.105081 0.429651
v -0.345126 0.089471 0.404300
v -0.245021 0.074640 0.577938
v -0.324999 0.038373 0.549188
v 0.001677 0.006474 -0.584448
v -0.008708 0.152420 -0.860282
v 0.086153 0.018975 -0.669780
v -0.082051 0.023808 -0.659765
v 0.098087 0.094482 -0.823016
v -0.109302 0.090093 -0.812074
v 0.187927 -0.145751 -0.420561
v 0.313049 -0.021008 -0.372679
v 0.245295 -0.209049 -0.386066
v 0.298390 -0.137832 -0.348593
v 0.203062 -0.020426 -0.449090
v 0.282658 0.006372 -0.475363
v -0.175632 -0.148755 -0.429004
v -0.304217 -0.026362 -0.382455
v -0.236922 -0.214286 -0.395276
v -0.293247 -0.141308 -0.358288
v -0.188503 -0.025727 -0.461962
v -0.269975 0.004477 -0.477710
v 0.287697 0.370307 -0.909797
v 0.412738 0.195013 -0.608223
v 0.342628 0.412829 -0.719539
v 0.373466 0.303671 -0.606055
v 0.312681 0.192954 -0.973362
v 0.379309 0.147246 -0.740116
v -0.325934 0.364264 -0.860545
v -0.412455 0.193130 -0.594851
v -0.348381 0.410366 -0.707729
v -0.380530 0.299274 -0.595372
v -0.329710 0.192761 -0.907695
v -0.376572 0.142355 -0.705156
v 0.526375 0.044415 -0.071459
v 0.534121 0.016051 0.100802
v 0.540769 0.054779 -0.036926
v 0.539689 0.041382 0.051467
v 0.503801 0.000337 -0.018460
v 0.518252 -0.011639 0.067678
v -0.509756 0.050395 -0.054628
v -0.514275 0.027767 0.112809
v -0.528056 0.070863 -0.021564
v -0.521063 0.058574 0.062923
v -0.486973 0.004922 -0.001192
v -0.499669 -0.003454 0.083208
v -0.163098 0.268041 -0.111980
v -0.197788 0.476884 -0.233167
v -0.100251 0.292522 -0.124626
v -0.124580 0.537257 -0.235297
v -0.273155 0.195315 0.004615
v -0.145546 0.242343 -0.001532
v -0.268172 0.168923 0.109571
v -0.268179 0.403530 -0.295793
v -0.191628 0.618333 -0.324725
v -0.397980 0.543591 -0.397099
v -0.305247 0.207389 -0.110347
v -0.285990 0.407427 -0.328772
v -0.348335 0.190199 -0.127314
v -0.335600 0.145931 0.101651
v -0.377471 0.153666 -0.016710
v 0.180638 0.272918 -0.115831
v 0.188420 0.465128 -0.251333
v 0.117186 0.295055 -0.127204
v 0.131999 0.535521 -0.245567
v 0.272410 0.195159 -0.004583
v 0.155622 0.242318 -0.006916
v 0.264009 0.172698 0.099503
v 0.259327 0.409577 -0.279665
v 0.186011 0.621122 -0.330160
v 0.309986 0.576969 -0.375599
v 0.301693 0.213415 -0.117251
v 0.284693 0.409412 -0.327124
v 0.342146 0.197496 -0.134907
v 0.322237 0.151983 0.088012
v 0.367531 0.159870 -0.028223
v -0.279289 -0.663693 0.085512
v -0.342240 -0.935627 -0.126133
v -0.179683 -0.686132 0.106635
v -0.148505 -0.918471 -0.155233
v -0.368141 -0.560728 0.170751
v -0.232206 -0.673432 0.250203
v -0.343592 -0.569824 0.310985
v -0.445264 -0.644438 -0.188625
v -0.251571 -0.912946 -0.328612
v -0.429767 -0.641356 -0.320212
v -0.428633 -0.489860 0.007729
v -0.446098 -0.505866 -0.222557
v -0.443645 -0.386935 -0.033216
v -0.390853 -0.483786 0.247160
v -0.435930 -0.386559 0.074758
v 0.274868 -0.652482 0.106952
v 0.365760 -0.948819 -0.151594
v 0.175879 -0.686673 0.134180
v 0.131175 -0.933449 -0.165978
v 0.364568 -0.568998 0.198433
v 0.204259 -0.674959 0.313802
v 0.330709 -0.596854 0.384263
v 0.443440 -0.643031 -0.208419
v 0.223872 -0.910720 -0.317301
v 0.414054 -0.628837 -0.329497
v 0.432525 -0.491546 0.001041
v 0.436079 -0.501173 -0.235105
v 0.446349 -0.385725 -0.044847
v 0.388745 -0.501788 0.278725
v 0.442053 -0.389143 0.069152
v -0.041441 -0.724941 0.746342
v -0.244414 -0.651660 0.845200
v -0.103690 -0.849439 0.653413
v -0.311436 -0.827789 0.700218
v 0.224883 -0.596398 0.817642
v 0.058313 -0.769171 0.639649
v 0.369007 -0.728372 0.764053
v 0.124329 -0.353177 0.885340
v -0.127721 -0.359050 0.883646
v 0.133548 -0.201176 0.914861
v -0.131720 -0.202514 0.907153
v 0.349148 -0.508845 0.795937
v 0.248056 -0.277306 0.851746
v -0.360362 -0.534158 0.793227
v -0.243284 -0.283200 0.854016
v 0.001730 0.141674 0.410580
v -0.112255 0.135589 0.458228
v -0.040392 0.162388 0.327590
v -0.162861 0.136817 0.393012
v 0.108980 0.136353 0.449051
v 0.046765 0.156593 0.327617
v 0.159367 0.137983 0.380281
v 0.070882 0.137002 0.571245
v -0.075835 0.132693 0.574685
v 0.085097 0.113591 0.657514
v -0.090786 0.110599 0.660394
v 0.186614 0.126903 0.438566
v 0.154519 0.108325 0.580414
v -0.189790 0.122611 0.447436
v -0.159016 0.105168 0.585803
v 0.005663 -0.433669 -0.403780
v -0.098185 -0.336485 -0.430911
v -0.042076 -0.509586 -0.373872
v -0.157488 -0.394468 -0.398237
v 0.110665 -0.339278 -0.434335
v 0.050912 -0.507092 -0.374458
v 0.165924 -0.390845 -0.397386
v 0.066258 -0.153140 -0.476962
v -0.054982 -0.154862 -0.480006
v 0.070116 -0.023278 -0.506765
v -0.064238 -0.026709 -0.514552
v 0.179485 -0.274255 -0.411577
v 0.130714 -0.082289 -0.458964
v -0.169786 -0.278779 -0.417462
v -0.119962 -0.086900 -0.470503
v 0.006316 0.747999 -0.757209
v -0.183356 0.590116 -0.806827
v -0.082978 0.835016 -0.647595
v -0.266645 0.689117 -0.735793
v 0.194265 0.588156 -0.807792
v 0.095570 0.832632 -0.645811
v 0.273105 0.671304 -0.714798
v 0.096334 0.362494 -0.879020
v -0.119928 0.367401 -0.881139
v 0.097031 0.220872 -0.876806
v -0.126165 0.219838 -0.882509
v 0.294906 0.512560 -0.789759
v 0.202623 0.282937 -0.896165
v -0.294793 0.520774 -0.789235
v -0.242943 0.292120 -0.919381
v 0.456798 0.126166 -0.391635
v 0.501744 0.074110 -0.226215
v 0.409228 0.185138 -0.386761
v 0.501942 0.092018 -0.199675
v 0.403104 -0.011534 -0.290820
v 0.463071 0.010388 -0.192311
v 0.378401 -0.101689 -0.252276
v 0.436543 -0.046675 -0.141092
v 0.427270 0.068833 -0.435560
v 0.344424 -0.061425 -0.309681
v 0.358171 0.041723 -0.469217
v 0.408016 0.203146 -0.491535
v 0.396527 0.109416 -0.556324
v 0.527230 0.066562 -0.131549
v 0.479478 0.008724 -0.106177
v 0.451257 0.038739 0.320552
v 0.515945 0.023937 0.209811
v 0.430933 0.070097 0.278612
v 0.501867 0.053689 0.166059
v 0.457577 -0.119548 0.376763
v 0.506849 -0.039728 0.226982
v 0.445995 -0.208279 0.373867
v 0.482833 -0.098625 0.201176
v 0.433916 -0.028494 0.435001
v 0.425329 -0.202739 0.471364
v 0.398721 -0.077808 0.532956
v 0.404590 0.065145 0.362584
v 0.396557 0.008382 0.497268
v 0.534640 0.031659 0.133967
v 0.514272 -0.028473 0.148426
v -0.458114 0.132452 -0.384658
v -0.490639 0.086649 -0.210527
v -0.418565 0.193462 -0.373872
v -0.494648 0.105522 -0.182662
v -0.386002 -0.018952 -0.284525
v -0.445497 0.012367 -0.176379
v -0.370753 -0.111948 -0.251019
v -0.427268 -0.055337 -0.129796
v -0.420768 0.070101 -0.431711
v -0.339640 -0.071077 -0.317991
v -0.345980 0.038504 -0.466626
v -0.414953 0.204827 -0.482536
v -0.389433 0.106342 -0.546045
v -0.520070 0.080764 -0.113048
v -0.465575 0.013569 -0.088301
v -0.460685 0.047184 0.329177
v -0.512133 0.042634 0.219149
v -0.443078 0.074576 0.287772
v -0.505827 0.066587 0.176931
v -0.454314 -0.119681 0.383880
v -0.490805 -0.037648 0.239471
v -0.440123 -0.207843 0.372349
v -0.470991 -0.104051 0.213490
v -0.436811 -0.025278 0.444351
v -0.426398 -0.203409 0.468685
v -0.397485 -0.079475 0.539205
v -0.413055 0.070481 0.370473
v -0.394530 0.004818 0.504794
v -0.515684 0.048629 0.143148
v -0.493343 -0.026324 0.161211
v 0.006949 0.261245 -0.012755
v -0.036700 0.232212 0.117547
v 0.008729 0.726532 -0.298115
v -0.060575 0.802059 -0.422178
v 0.048604 0.238444 0.118724
v 0.069783 0.815875 -0.438254
v -0.284771 0.119907 0.289151
v -0.353538 0.109084 0.264643
v -0.315504 0.106209 0.348851
v -0.354994 0.580420 -0.526241
v -0.323928 0.413709 -0.445179
v -0.345062 0.424554 -0.568458
v -0.470729 0.109067 -0.058031
v -0.480766 0.093153 0.038138
v -0.512955 0.079789 0.009312
v 0.275561 0.127964 0.275836
v 0.343631 0.112252 0.254949
v 0.308627 0.109628 0.339715
v 0.399337 0.647107 -0.496273
v 0.284073 0.442526 -0.437331
v 0.338942 0.447648 -0.558630
v 0.463846 0.102906 -0.072215
v 0.475690 0.088791 0.026942
v 0.516324 0.065150 -0.004092
v -0.019945 -0.715173 0.304445
v -0.092537 -0.729289 0.445959
v 0.005227 -0.666606 -0.228393
v -0.057574 -0.656610 -0.300839
v 0.026730 -0.747482 0.481869
v 0.059592 -0.653102 -0.301402
v -0.381943 -0.542149 0.522151
v -0.403498 -0.413176 0.429840
v -0.399427 -0.423893 0.555987
v -0.314296 -0.411271 -0.356708
v -0.378632 -0.330556 -0.315070
v -0.305516 -0.276096 -0.361978
v -0.441054 -0.168686 -0.006038
v -0.450383 -0.181260 0.085829
v -0.461473 -0.074802 0.044695
v 0.351085 -0.604470 0.603918
v 0.391649 -0.436910 0.468156
v 0.374262 -0.430080 0.608484
v 0.315548 -0.408855 -0.357944
v 0.372941 -0.325801 -0.314550
v 0.309997 -0.276936 -0.358331
v 0.459252 -0.168932 -0.021581
v 0.464262 -0.180592 0.072698
v 0.484361 -0.074903 0.026940
v 0.210079 -0.009933 0.758822
v 0.303548 -0.075552 0.716316
v -0.213103 -0.009043 0.763792
v -0.302048 -0.077268 0.723192
v 0.270352 0.012770 0.644671
v -0.272112 0.013931 0.650993
v 0.184789 0.010761 -0.770122
v 0.244180 0.010857 -0.622069
v -0.187702 0.023477 -0.743420
v -0.234568 0.012140 -0.604789
v 0.284388 0.046900 -0.853092
v -0.307622 0.060645 -0.783046
v -0.204666 0.302166 -0.182016
v -0.220847 0.264610 -0.139141
v -0.217285 0.320652 -0.207158
v -0.235189 0.285214 -0.183331
v -0.240301 0.255117 -0.138939
v 0.219033 0.308990 -0.183264
v 0.231241 0.269653 -0.145917
v 0.227698 0.326854 -0.205250
v 0.241214 0.290388 -0.185895
v 0.245902 0.259315 -0.146913
v -0.377275 -0.697549 -0.016939
v -0.372687 -0.649149 0.025937
v -0.405990 -0.698095 -0.054194
v -0.409290 -0.640314 -0.034939
v -0.393461 -0.619515 0.014989
v 0.379462 -0.692125 -0.023127
v 0.374580 -0.644002 0.026307
v 0.410573 -0.697309 -0.067642
v 0.414716 -0.640519 -0.043516
v 0.396896 -0.618382 0.013149
v -0.043547 -0.592601 0.835900
v 0.020349 -0.584073 0.831222
v -0.007401 -0.493515 0.859127
v 0.042394 -0.525371 0.848685
v -0.059236 -0.534208 0.851425
v -0.016921 0.140144 0.481009
v 0.014592 0.140802 0.479376
v -0.001573 0.145033 0.519705
v 0.023953 0.141923 0.502447
v -0.027662 0.140747 0.504656
v -0.007459 -0.340472 -0.453122
v 0.021943 -0.336624 -0.451676
v 0.006608 -0.275015 -0.471012
v 0.030630 -0.299199 -0.463861
v -0.016865 -0.299086 -0.462471
v -0.026612 0.576420 -0.826030
v 0.028781 0.576887 -0.827927
v -0.004621 0.492968 -0.856622
v 0.041437 0.524832 -0.849058
v -0.045814 0.524726 -0.846340
v 0.480027 0.067937 -0.314810
v 0.468481 0.042887 -0.297286
v 0.465914 0.050104 -0.331806
v 0.473172 0.066748 -0.344249
v 0.478759 0.054360 -0.287036
v 0.485950 -0.002342 0.297738
v 0.487772 -0.032812 0.307428
v 0.475858 -0.030504 0.336062
v 0.474592 -0.010202 0.328941
v 0.495748 -0.013957 0.283962
v -0.465618 0.073824 -0.302818
v -0.445566 0.043267 -0.282139
v -0.444539 0.052085 -0.318935
v -0.457077 0.071118 -0.333636
v -0.459912 0.057729 -0.271996
v -0.491308 0.011929 0.307832
v -0.487099 -0.020792 0.317910
v -0.476866 -0.021871 0.346337
v -0.479403 0.000701 0.339412
v -0.495848 0.000522 0.295393
v -0.033248 0.448597 -0.162882
v 0.051950 0.447638 -0.166061
v -0.010476 0.379697 -0.148101
v -0.012570 0.525507 -0.181952
v 0.028390 0.379337 -0.148462
v 0.033485 0.525774 -0.183246
v -0.182632 0.188434 0.169494
v -0.147593 0.165286 0.272835
v -0.146917 0.205411 0.177928
v -0.205297 0.160885 0.216990
v -0.126206 0.187986 0.226489
v -0.188012 0.151628 0.267985
v -0.290546 0.756165 -0.466520
v -0.257212 0.854233 -0.570712
v -0.230770 0.815424 -0.469425
v -0.330044 0.692877 -0.510630
v -0.250268 0.975803 -0.507756
v -0.274292 0.757037 -0.567161
v -0.340989 0.232898 -0.245166
v -0.403104 0.192649 -0.259258
v -0.324890 0.261990 -0.298941
v -0.384482 0.190100 -0.197869
v -0.362734 0.239945 -0.305249
v -0.413616 0.171926 -0.205747
v -0.413855 0.115760 0.121126
v -0.451175 0.091562 0.181009
v -0.407238 0.110047 0.165002
v -0.438153 0.107081 0.109078
v -0.425936 0.098047 0.195185
v -0.457172 0.094987 0.138960
v 0.187488 0.189331 0.163883
v 0.150347 0.165155 0.269135
v 0.149709 0.201794 0.168403
v 0.130168 0.186992 0.221397
v 0.205676 0.167357 0.208934
v 0.187419 0.157728 0.259399
v 0.252686 0.764198 -0.469191
v 0.253482 0.842879 -0.578255
v 0.212803 0.844436 -0.483177
v 0.263480 0.966254 -0.521151
v 0.299431 0.771352 -0.512522
v 0.272860 0.774170 -0.562979
v 0.337369 0.234488 -0.257255
v 0.395183 0.181457 -0.274183
v 0.328550 0.270229 -0.314331
v 0.378184 0.189162 -0.211348
v 0.357941 0.238983 -0.319858
v 0.406201 0.165069 -0.220640
v 0.399210 0.121187 0.107908
v 0.437913 0.091858 0.170037
v 0.393082 0.115655 0.152731
v 0.425546 0.111497 0.096825
v 0.410719 0.101925 0.183142
v 0.446782 0.095631 0.128381
v -0.068051 -0.714206 -0.009656
v 0.061827 -0.709552 -0.006314
v -0.037228 -0.708480 0.064998
v -0.036267 -0.707365 -0.072657
v 0.025455 -0.707831 0.068533
v 0.032734 -0.706202 -0.071074
v -0.270946 -0.660534 0.476272
v -0.266895 -0.849549 0.577267
v -0.233707 -0.704319 0.490258
v -0.304454 -0.672561 0.506256
v -0.229782 -0.795258 0.525981
v -0.317420 -0.755322 0.556304
v -0.256230 -0.659959 -0.354273
v -0.170712 -0.545696 -0.365800
v -0.195639 -0.658563 -0.348753
v -0.265623 -0.586742 -0.358584
v -0.156026 -0.599641 -0.354056
v -0.221195 -0.534043 -0.366181
v -0.436681 -0.321164 -0.150335
v -0.410340 -0.198312 -0.168376
v -0.420455 -0.311569 -0.194307
v -0.433673 -0.266497 -0.114454
v -0.404508 -0.247880 -0.199595
v -0.424305 -0.208069 -0.126550
v -0.429855 -0.342331 0.214866
v -0.442102 -0.247892 0.258436
v -0.424797 -0.346833 0.271164
v -0.440237 -0.290997 0.185275
v -0.432020 -0.299446 0.292619
v -0.445067 -0.243618 0.207828
v 0.228185 -0.766791 0.572403
v 0.226185 -0.994768 0.706618
v 0.161187 -0.799431 0.630017
v 0.123634 -0.923485 0.754905
v 0.276396 -0.826366 0.612762
v 0.269056 -0.935147 0.706402
v 0.246954 -0.647111 -0.354406
v 0.174734 -0.537481 -0.365090
v 0.190245 -0.647319 -0.346932
v 0.157294 -0.589997 -0.352894
v 0.261063 -0.575029 -0.357724
v 0.222740 -0.526072 -0.365893
v 0.438843 -0.316719 -0.162089
v 0.415001 -0.190634 -0.175600
v 0.422305 -0.306406 -0.203976
v 0.440578 -0.262690 -0.126249
v 0.409175 -0.240410 -0.207471
v 0.431734 -0.201788 -0.136166
v 0.436234 -0.349944 0.220208
v 0.448911 -0.250373 0.259089
v 0.428516 -0.357322 0.283163
v 0.446921 -0.294636 0.183437
v 0.437536 -0.306814 0.300658
v 0.451708 -0.244453 0.204146
v -0.001687 -0.048672 0.880967
v -0.003003 0.059273 0.779156
v 0.058686 -0.018481 0.850653
v -0.062606 -0.019557 0.852139
v 0.054116 0.036531 0.801658
v -0.058601 0.034783 0.801657
v 0.359744 -0.301671 0.732659
v 0.388091 -0.216728 0.619000
v 0.371480 -0.325734 0.690288
v 0.384998 -0.279569 0.631815
v 0.363964 -0.229583 0.721843
v 0.378631 -0.191317 0.663147
v -0.359065 -0.310256 0.732283
v -0.389639 -0.221392 0.618125
v -0.379122 -0.334684 0.678370
v -0.391261 -0.284898 0.622087
v -0.363070 -0.235724 0.733855
v -0.376814 -0.197297 0.670310
v 0.255329 0.098101 0.493800
v 0.337998 0.075789 0.470431
v 0.281167 0.100489 0.452662
v 0.321329 0.090806 0.441062
v 0.269853 0.080100 0.526363
v 0.312822 0.067810 0.514590
v -0.257917 0.094034 0.500841
v -0.337519 0.071983 0.474972
v -0.283545 0.096120 0.459577
v -0.322257 0.086225 0.446509
v -0.272471 0.079326 0.533340
v -0.312525 0.065123 0.519648
v 0.000205 0.030602 -0.662660
v -0.005367 0.094898 -0.816709
v 0.044290 0.041855 -0.705069
v -0.045038 0.042275 -0.700354
v 0.045883 0.076750 -0.780971
v -0.052490 0.075703 -0.776719
v 0.219771 -0.111822 -0.406363
v 0.278941 -0.045284 -0.375876
v 0.246516 -0.142789 -0.387547
v 0.274672 -0.108373 -0.370328
v 0.225447 -0.046037 -0.412009
v 0.260439 -0.021601 -0.410026
v -0.205282 -0.115004 -0.412753
v -0.269322 -0.050871 -0.388768
v -0.234291 -0.147155 -0.393926
v -0.261978 -0.110821 -0.374585
v -0.211000 -0.050542 -0.425058
v -0.248172 -0.027483 -0.423911
v 0.334933 0.313643 -0.853584
v 0.400283 0.231100 -0.688816
v 0.368480 0.340509 -0.756210
v 0.382247 0.292563 -0.686041
v 0.355322 0.236046 -0.877076
v 0.392451 0.203612 -0.773224
v -0.358152 0.314916 -0.812372
v -0.398440 0.228590 -0.667465
v -0.372552 0.340692 -0.730371
v -0.384635 0.289574 -0.665448
v -0.370076 0.235028 -0.831609
v -0.399530 0.201804 -0.742859
v 0.539239 0.042066 -0.025289
v 0.539360 0.024482 0.060380
v 0.542200 0.044875 -0.008977
v 0.543292 0.037380 0.034539
v 0.529733 0.023537 0.001104
v 0.534533 0.017707 0.044709
v -0.523038 0.052549 -0.008743
v -0.518624 0.036263 0.073370
v -0.527553 0.060984 0.006414
v -0.524093 0.053607 0.048123
v -0.509866 0.028427 0.016455
v -0.514914 0.025426 0.058595
v -0.164961 0.358308 -0.185073
v -0.107481 0.411785 -0.177585
v -0.145600 0.315724 -0.158153
v -0.163860 0.431484 -0.209079
v -0.116871 0.338179 -0.158623
v -0.132671 0.461887 -0.205322
v -0.216251 0.232429 -0.048611
v -0.206016 0.209074 0.058014
v -0.186650 0.243639 -0.053188
v -0.243784 0.207692 0.005404
v -0.179435 0.231844 0.001114
v -0.240435 0.195017 0.058147
v -0.240335 0.452077 -0.275921
v -0.285100 0.610683 -0.370812
v -0.224807 0.506432 -0.277232
v -0.269670 0.468961 -0.313480
v -0.232449 0.577968 -0.324804
v -0.309653 0.551947 -0.365964
v -0.267308 0.282448 -0.211929
v -0.295999 0.262282 -0.231512
v -0.270560 0.335963 -0.265668
v -0.292463 0.236222 -0.166684
v -0.281965 0.327437 -0.279766
v -0.309805 0.225740 -0.175616
v -0.294960 0.198837 -0.050101
v -0.361264 0.148638 0.043453
v -0.301455 0.182394 0.002217
v -0.318438 0.187437 -0.055708
v -0.334057 0.156442 0.049840
v -0.353473 0.161793 -0.008732
v 0.177668 0.360969 -0.189737
v 0.122347 0.412622 -0.182002
v 0.163813 0.320077 -0.161849
v 0.168924 0.428522 -0.219240
v 0.133656 0.338833 -0.164032
v 0.141215 0.460289 -0.214636
v 0.224247 0.235268 -0.055179
v 0.210456 0.209058 0.051598
v 0.197730 0.246682 -0.058651
v 0.245967 0.208606 -0.003223
v 0.188062 0.232483 -0.004523
v 0.240771 0.196176 0.049739
v 0.229646 0.449827 -0.273178
v 0.248933 0.606648 -0.359553
v 0.211370 0.497321 -0.282795
v 0.251902 0.470404 -0.300061
v 0.215585 0.576050 -0.323252
v 0.270143 0.551737 -0.344383
v 0.262137 0.287024 -0.209343
v 0.289156 0.267932 -0.233958
v 0.263129 0.344004 -0.253246
v 0.288254 0.243036 -0.169432
v 0.276463 0.338764 -0.270786
v 0.306181 0.234828 -0.179037
v 0.292021 0.200058 -0.059224
v 0.349849 0.154181 0.031486
v 0.297648 0.182565 -0.007104
v 0.313015 0.189992 -0.064545
v 0.324398 0.161430 0.038607
v 0.343366 0.167574 -0.020326
v -0.302361 -0.784846 -0.007388
v -0.183153 -0.768867 -0.021754
v -0.263150 -0.716772 0.032072
v -0.290491 -0.900048 -0.044344
v -0.210810 -0.717654 0.034952
v -0.199373 -0.900293 -0.054001
v -0.329463 -0.624692 0.141417
v -0.294023 -0.628177 0.292378
v -0.294655 -0.646180 0.153176
v -0.341376 -0.594237 0.192683
v -0.274007 -0.647868 0.231626
v -0.326565 -0.597271 0.265305
v -0.437687 -0.807612 -0.187679
v -0.353359 -0.803723 -0.330224
v -0.401409 -0.913054 -0.217754
v -0.445918 -0.733881 -0.237078
v -0.331295 -0.900961 -0.317768
v -0.437624 -0.732965 -0.318305
v -0.434488 -0.557254 -0.085229
v -0.445235 -0.443817 -0.124243
v -0.441984 -0.568973 -0.146093
v -0.436013 -0.496580 -0.049452
v -0.445303 -0.506605 -0.164841
v -0.442035 -0.442901 -0.069031
v -0.402951 -0.526805 0.087214
v -0.416174 -0.435271 0.156551
v -0.390712 -0.523146 0.147332
v -0.419236 -0.484131 0.064771
v -0.399511 -0.480945 0.183613
v -0.424915 -0.435153 0.098648
v 0.304626 -0.773792 -0.006812
v 0.186754 -0.750329 -0.019811
v 0.262261 -0.688773 0.039880
v 0.283881 -0.919072 -0.039016
v 0.208950 -0.688697 0.042891
v 0.208644 -0.898559 -0.064099
v 0.321345 -0.623408 0.169651
v 0.270104 -0.641278 0.368215
v 0.282218 -0.642409 0.188716
v 0.332271 -0.601243 0.231946
v 0.251396 -0.650488 0.290887
v 0.311331 -0.612896 0.328879
v 0.434112 -0.810924 -0.221095
v 0.337432 -0.800822 -0.359887
v 0.386425 -0.919128 -0.256119
v 0.436718 -0.733114 -0.258787
v 0.318547 -0.892380 -0.330583
v 0.410669 -0.727929 -0.330018
v 0.438874 -0.558372 -0.099941
v 0.441910 -0.442372 -0.137300
v 0.440280 -0.569361 -0.162885
v 0.438616 -0.497195 -0.060376
v 0.439572 -0.506449 -0.180234
v 0.442761 -0.442254 -0.081123
v 0.406985 -0.531732 0.091877
v 0.422381 -0.444017 0.163123
v 0.393311 -0.531606 0.163105
v 0.424198 -0.488246 0.063419
v 0.401863 -0.492307 0.201502
v 0.430726 -0.440544 0.097495
v -0.140211 -0.747872 0.829379
v -0.276950 -0.953461 0.760325
v -0.103841 -0.794538 0.780406
v -0.243268 -0.780961 0.854077
v -0.103129 -0.920163 0.736566
v -0.356800 -0.909666 0.764995
v 0.106685 -0.678923 0.780237
v 0.212724 -0.835815 0.718725
v 0.057941 -0.720561 0.739889
v 0.200821 -0.676274 0.787011
v 0.107281 -0.772904 0.699638
v 0.272105 -0.761946 0.754366
v -0.001915 -0.353339 0.900517
v 0.004219 -0.197824 1.020962
v 0.065508 -0.313735 0.911440
v -0.067846 -0.317386 0.906920
v 0.082352 -0.235728 0.965089
v -0.078031 -0.239547 0.947599
v 0.178345 -0.467893 0.852325
v 0.297655 -0.393236 0.818104
v 0.239042 -0.513332 0.837022
v 0.185527 -0.392645 0.863629
v 0.299851 -0.474406 0.818215
v 0.245062 -0.355937 0.846440
v -0.184337 -0.486203 0.853868
v -0.297124 -0.405506 0.821513
v -0.246623 -0.540735 0.840857
v -0.186476 -0.403221 0.863397
v -0.304735 -0.493612 0.822268
v -0.243834 -0.364874 0.848838
v -0.057847 0.138318 0.436895
v -0.105220 0.144817 0.371252
v -0.039531 0.139520 0.414175
v -0.097297 0.137299 0.431943
v -0.061930 0.147083 0.374502
v -0.122021 0.138982 0.400147
v 0.057944 0.140823 0.428865
v 0.108563 0.145214 0.366821
v 0.042625 0.142760 0.406017
v 0.096178 0.139253 0.423606
v 0.066545 0.145370 0.369505
v 0.121593 0.141140 0.390980
v -0.002463 0.147742 0.577880
v -0.004050 0.118106 0.670282
v 0.035669 0.138925 0.598499
v -0.041256 0.134940 0.600089
v 0.039174 0.122622 0.642659
v -0.045663 0.120327 0.643992
v 0.093548 0.135029 0.508605
v 0.172690 0.121291 0.506736
v 0.121105 0.132947 0.477831
v 0.102786 0.130503 0.541060
v 0.159811 0.127226 0.474291
v 0.143492 0.122494 0.543597
v -0.097635 0.133511 0.514214
v -0.176177 0.115540 0.513620
v -0.125094 0.132093 0.485800
v -0.107140 0.128085 0.546206
v -0.163717 0.124322 0.482694
v -0.147737 0.117600 0.548911
v -0.050433 -0.392863 -0.419952
v -0.104154 -0.460058 -0.388295
v -0.034793 -0.431321 -0.403530
v -0.088272 -0.380813 -0.417234
v -0.060316 -0.467925 -0.387996
v -0.116577 -0.412211 -0.401550
v 0.062708 -0.394003 -0.421250
v 0.112846 -0.456473 -0.388905
v 0.046084 -0.431028 -0.405057
v 0.100241 -0.382210 -0.419184
v 0.069797 -0.465277 -0.388650
v 0.126208 -0.410702 -0.402514
v 0.005352 -0.155856 -0.487294
v 0.002865 -0.026619 -0.519498
v 0.035607 -0.122065 -0.488582
v -0.026100 -0.123511 -0.492702
v 0.036234 -0.057318 -0.504021
v -0.029173 -0.058541 -0.507076
v 0.091768 -0.250728 -0.457760
v 0.155577 -0.179929 -0.433780
v 0.117938 -0.278579 -0.440775
v 0.095232 -0.184785 -0.462535
v 0.150870 -0.244188 -0.428364
v 0.126844 -0.149195 -0.451834
v -0.078334 -0.247652 -0.455768
v -0.143467 -0.182758 -0.440460
v -0.105706 -0.276972 -0.440062
v -0.083300 -0.185071 -0.464895
v -0.139848 -0.246647 -0.432943
v -0.115476 -0.151250 -0.458724
v -0.098635 0.677405 -0.780315
v -0.185750 0.780123 -0.694954
v -0.069605 0.740514 -0.747029
v -0.164603 0.663393 -0.782241
v -0.114964 0.790928 -0.698016
v -0.206005 0.713365 -0.743608
v 0.113388 0.681715 -0.787479
v 0.191428 0.768739 -0.679243
v 0.085654 0.749912 -0.764260
v 0.186435 0.670120 -0.784050
v 0.126148 0.786941 -0.694756
v 0.221017 0.708494 -0.725046
v -0.010379 0.366691 -0.879440
v -0.010647 0.222954 -0.871854
v 0.043623 0.329635 -0.880376
v -0.066306 0.331369 -0.880008
v 0.043695 0.258033 -0.878239
v -0.067631 0.259112 -0.877915
v 0.150727 0.474497 -0.867290
v 0.252396 0.412400 -0.890785
v 0.201234 0.513576 -0.841212
v 0.149823 0.400140 -0.879329
v 0.252887 0.478785 -0.845504
v 0.202185 0.363202 -0.889176
v -0.158844 0.476450 -0.858235
v -0.269245 0.403388 -0.865709
v -0.200564 0.516468 -0.833929
v -0.172939 0.406417 -0.880429
v -0.254999 0.480527 -0.829145
v -0.234248 0.374170 -0.904574
v 0.486942 0.093773 -0.307329
v 0.453249 0.131402 -0.291661
v 0.465874 0.118490 -0.346903
v 0.494116 0.089353 -0.261495
v 0.443501 0.144314 -0.341865
v 0.488945 0.100865 -0.250594
v 0.435122 -0.003917 -0.244205
v 0.406131 -0.077726 -0.196762
v 0.409612 -0.023945 -0.254342
v 0.441577 -0.010898 -0.205584
v 0.394261 -0.064544 -0.232070
v 0.426427 -0.041626 -0.180251
v 0.423793 0.026430 -0.361600
v 0.349009 -0.004478 -0.374570
v 0.395237 -0.001500 -0.329312
v 0.409787 0.040812 -0.405078
v 0.360668 -0.019153 -0.334159
v 0.371968 0.026701 -0.415600
v 0.454788 0.103098 -0.425241
v 0.429304 0.161619 -0.536281
v 0.450967 0.129813 -0.434211
v 0.437796 0.098971 -0.459522
v 0.431323 0.162891 -0.487093
v 0.423941 0.124200 -0.517586
v 0.491361 0.047543 -0.207644
v 0.511355 0.044090 -0.117544
v 0.504572 0.059984 -0.194047
v 0.482496 0.028987 -0.178035
v 0.515654 0.057719 -0.147699
v 0.491437 0.027659 -0.133930
v 0.484526 0.031511 0.263212
v 0.467180 0.062112 0.221172
v 0.464221 0.042430 0.281456
v 0.497767 0.035478 0.226198
v 0.454752 0.058207 0.260630
v 0.489981 0.050744 0.204822
v 0.485565 -0.078875 0.296313
v 0.466422 -0.155373 0.282869
v 0.468664 -0.118703 0.334062
v 0.491177 -0.074675 0.256480
v 0.462051 -0.159201 0.329940
v 0.480333 -0.106286 0.246172
v 0.447554 -0.077165 0.412244
v 0.416411 -0.141237 0.507099
v 0.445049 -0.116949 0.418089
v 0.432811 -0.066630 0.447411
v 0.428763 -0.153522 0.465337
v 0.416757 -0.094840 0.495919
v 0.445926 0.014299 0.377184
v 0.401688 0.043484 0.429042
v 0.439289 0.033927 0.360928
v 0.431808 0.002746 0.420160
v 0.415980 0.047485 0.384460
v 0.412946 0.020493 0.449212
v 0.519978 -0.003806 0.216031
v 0.530055 0.009461 0.140250
v 0.524916 0.012948 0.193973
v 0.519497 -0.017547 0.201957
v 0.532600 0.018285 0.156224
v 0.521194 -0.011075 0.163672
v -0.475891 0.107236 -0.294389
v -0.454919 0.144232 -0.276431
v -0.464053 0.129118 -0.335794
v -0.484660 0.103204 -0.246494
v -0.446620 0.153882 -0.328661
v -0.483090 0.115506 -0.234568
v -0.416581 -0.008404 -0.232079
v -0.397454 -0.086139 -0.190612
v -0.393983 -0.031360 -0.246424
v -0.424737 -0.013966 -0.192402
v -0.384340 -0.073661 -0.227337
v -0.413546 -0.047974 -0.169499
v -0.401237 0.026522 -0.353366
v -0.338099 -0.009555 -0.378029
v -0.378356 -0.005033 -0.323951
v -0.394855 0.041045 -0.399963
v -0.349891 -0.024414 -0.335096
v -0.359259 0.023194 -0.414460
v -0.448956 0.106104 -0.420868
v -0.420450 0.159418 -0.529361
v -0.449692 0.133113 -0.430140
v -0.430788 0.099004 -0.455462
v -0.431872 0.164335 -0.481132
v -0.416607 0.121188 -0.511856
v -0.474824 0.054644 -0.190519
v -0.497779 0.051713 -0.100239
v -0.491248 0.070400 -0.177097
v -0.465726 0.034006 -0.161000
v -0.504441 0.068990 -0.130182
v -0.476094 0.033675 -0.116555
v -0.490148 0.042450 0.272059
v -0.479255 0.070272 0.231033
v -0.472585 0.051214 0.290054
v -0.502102 0.049028 0.235276
v -0.466236 0.065365 0.269574
v -0.500869 0.063648 0.215283
v -0.474141 -0.078642 0.308608
v -0.455953 -0.157627 0.289055
v -0.460622 -0.119338 0.342243
v -0.478921 -0.071699 0.268363
v -0.452489 -0.160636 0.334819
v -0.467807 -0.110233 0.256909
v -0.447664 -0.075437 0.419623
v -0.415998 -0.143581 0.511109
v -0.443776 -0.116465 0.423854
v -0.433343 -0.065636 0.455298
v -0.429411 -0.154190 0.468218
v -0.416004 -0.096028 0.502144
v -0.454663 0.022275 0.387969
v -0.408582 0.048667 0.437168
v -0.447231 0.041865 0.370287
v -0.439991 0.009340 0.431005
v -0.424612 0.055061 0.392576
v -0.416841 0.022669 0.458387
v -0.508408 0.013306 0.226213
v -0.510758 0.021721 0.151574
v -0.513786 0.031999 0.203817
v -0.501233 -0.006089 0.213038
v -0.514702 0.034756 0.166320
v -0.502602 -0.001750 0.175326
v -0.048723 0.273373 -0.075421
v -0.096267 0.244517 0.058967
v -0.085705 0.266324 -0.071918
v -0.108991 0.250993 -0.005103
v -0.032091 0.259433 -0.011253
v -0.055081 0.245785 0.055120
v -0.066238 0.635990 -0.263655
v -0.137653 0.724828 -0.366920
v -0.113587 0.608745 -0.272195
v -0.148554 0.651594 -0.320002
v -0.047434 0.708009 -0.305621
v -0.082504 0.747910 -0.363777
v 0.063328 0.273229 -0.077740
v 0.106304 0.243446 0.054316
v 0.100086 0.267992 -0.073448
v 0.120811 0.250945 -0.008933
v 0.045827 0.260931 -0.012326
v 0.067199 0.248233 0.053904
v 0.080339 0.638170 -0.272727
v 0.138666 0.743556 -0.383789
v 0.120744 0.611431 -0.283286
v 0.148676 0.658359 -0.332379
v 0.060418 0.709523 -0.314897
v 0.089883 0.761473 -0.378616
v -0.286253 0.134136 0.209191
v -0.352310 0.123632 0.189573
v -0.299482 0.141013 0.160541
v -0.331908 0.136422 0.152461
v -0.305139 0.122882 0.246059
v -0.340252 0.117747 0.235663
v -0.039050 0.195780 0.228274
v 0.047945 0.195668 0.227227
v -0.018134 0.176976 0.279014
v 0.025505 0.175688 0.278666
v -0.015856 0.215745 0.175390
v 0.028150 0.218815 0.178221
v -0.224570 0.128992 0.341359
v -0.253656 0.112474 0.400077
v -0.201114 0.129977 0.382069
v -0.215007 0.121501 0.410024
v -0.262581 0.118462 0.330687
v -0.277823 0.112342 0.360522
v -0.536113 0.663335 -0.462702
v -0.291934 0.460340 -0.369207
v -0.411326 0.546960 -0.422193
v -0.279757 0.501309 -0.362363
v -0.377529 0.593204 -0.456760
v -0.313395 0.498784 -0.421132
v -0.090057 0.861812 -0.539513
v 0.098322 0.869544 -0.550357
v -0.040236 0.851178 -0.593188
v 0.055426 0.851204 -0.595270
v -0.032982 0.836619 -0.483099
v 0.045128 0.841828 -0.491659
v -0.313333 0.635461 -0.633772
v -0.329827 0.480131 -0.682665
v -0.295766 0.620199 -0.697193
v -0.308093 0.540522 -0.723802
v -0.333688 0.568660 -0.593216
v -0.334988 0.491344 -0.615571
v -0.410578 0.150332 -0.090612
v -0.432713 0.120953 0.014861
v -0.386796 0.161670 -0.081000
v -0.399559 0.145167 -0.027088
v -0.446653 0.121390 -0.047125
v -0.454378 0.109659 0.003027
v -0.360962 0.280508 -0.413718
v -0.374066 0.299811 -0.531044
v -0.390015 0.239719 -0.421892
v -0.391735 0.247076 -0.478849
v -0.338736 0.344626 -0.460760
v -0.352242 0.356445 -0.519998
v -0.490315 0.106320 -0.118153
v -0.526301 0.080014 -0.050428
v -0.506814 0.097439 -0.131103
v -0.521991 0.085656 -0.096815
v -0.494686 0.099570 -0.069470
v -0.517966 0.084743 -0.034505
v -0.400318 0.092677 0.278790
v -0.365716 0.091055 0.362339
v -0.414298 0.082938 0.304435
v -0.398766 0.082039 0.346302
v -0.368240 0.100442 0.292988
v -0.350284 0.099300 0.334963
v -0.498846 0.075893 0.112345
v -0.516318 0.064598 0.079234
v -0.506724 0.067147 0.136618
v -0.513053 0.060179 0.119762
v -0.499305 0.079460 0.069106
v -0.511260 0.074083 0.053388
v 0.277209 0.142612 0.196634
v 0.336082 0.129553 0.174519
v 0.286906 0.151404 0.145463
v 0.318000 0.141689 0.138403
v 0.293707 0.130308 0.232298
v 0.324594 0.124448 0.220569
v 0.219710 0.134038 0.329414
v 0.249559 0.118193 0.390708
v 0.197380 0.133074 0.370665
v 0.211572 0.125742 0.400240
v 0.256039 0.126760 0.318815
v 0.271688 0.118093 0.349992
v 0.538076 0.741961 -0.423810
v 0.302907 0.453729 -0.421874
v 0.360898 0.595226 -0.407990
v 0.299589 0.493485 -0.395810
v 0.494099 0.641811 -0.457963
v 0.337642 0.501205 -0.443906
v 0.323970 0.646576 -0.620137
v 0.329001 0.488699 -0.680947
v 0.304183 0.619300 -0.685673
v 0.312075 0.541235 -0.721762
v 0.348908 0.599162 -0.575580
v 0.335286 0.512451 -0.603727
v 0.403218 0.152309 -0.102110
v 0.423524 0.125572 0.003350
v 0.379192 0.166449 -0.091329
v 0.392204 0.150129 -0.036821
v 0.438674 0.120881 -0.059917
v 0.447011 0.109907 -0.008083
v 0.342974 0.283725 -0.423417
v 0.363873 0.306058 -0.538168
v 0.374709 0.233253 -0.434141
v 0.380935 0.246618 -0.488519
v 0.324713 0.365397 -0.458877
v 0.341307 0.373649 -0.518085
v 0.484019 0.099594 -0.137027
v 0.535132 0.064507 -0.066166
v 0.513222 0.083385 -0.148844
v 0.528674 0.071389 -0.115259
v 0.489106 0.090803 -0.086386
v 0.517785 0.070766 -0.050674
v 0.388339 0.095349 0.268913
v 0.357420 0.091980 0.353713
v 0.403204 0.082494 0.295115
v 0.389094 0.080453 0.337468
v 0.358172 0.103698 0.283307
v 0.342630 0.102570 0.326580
v 0.494686 0.070075 0.100018
v 0.532308 0.047345 0.069304
v 0.510760 0.055425 0.126290
v 0.530312 0.043761 0.110887
v 0.498633 0.072163 0.057479
v 0.517750 0.059712 0.042140
v -0.101500 -0.706011 0.207779
v -0.165345 -0.700995 0.355897
v -0.156497 -0.698580 0.194366
v -0.190134 -0.704968 0.267705
v -0.077562 -0.711549 0.292470
v -0.111700 -0.711029 0.367058
v -0.096569 -0.732595 -0.201618
v -0.145762 -0.748027 -0.306783
v -0.130661 -0.839293 -0.226232
v -0.164847 -0.848867 -0.314883
v -0.067392 -0.688350 -0.235020
v -0.093461 -0.693750 -0.280954
v 0.077981 -0.709683 0.233915
v 0.112708 -0.714417 0.432942
v 0.146471 -0.710254 0.237440
v 0.156976 -0.704341 0.328722
v 0.038117 -0.715625 0.317572
v 0.056417 -0.722454 0.416434
v 0.103715 -0.723014 -0.196566
v 0.142879 -0.734936 -0.298774
v 0.137609 -0.814025 -0.214183
v 0.169827 -0.819905 -0.287225
v 0.073474 -0.681486 -0.235687
v 0.090502 -0.690068 -0.280636
v -0.357228 -0.557961 0.424078
v -0.396708 -0.450553 0.343562
v -0.361566 -0.539678 0.349552
v -0.383156 -0.491611 0.313056
v -0.377150 -0.520671 0.452222
v -0.392325 -0.461248 0.408357
v -0.101927 -0.794890 0.548886
v 0.042852 -0.795959 0.567218
v -0.077420 -0.788563 0.595974
v 0.013708 -0.761123 0.588811
v -0.064840 -0.763131 0.506785
v 0.000055 -0.768391 0.523411
v -0.397600 -0.662506 0.646972
v -0.390705 -0.490035 0.676424
v -0.412151 -0.692563 0.738362
v -0.389824 -0.572251 0.740478
v -0.392482 -0.562151 0.596001
v -0.395489 -0.492570 0.610953
v -0.366092 -0.522432 -0.343222
v -0.409911 -0.422546 -0.271908
v -0.413471 -0.553440 -0.317289
v -0.425039 -0.494900 -0.271730
v -0.358147 -0.444736 -0.339635
v -0.390240 -0.403509 -0.314237
v -0.049328 -0.590208 -0.342553
v 0.054845 -0.586011 -0.343285
v -0.020972 -0.549236 -0.358093
v 0.028176 -0.547722 -0.358301
v -0.024814 -0.623453 -0.321849
v 0.029986 -0.620479 -0.322104
v -0.232587 -0.407306 -0.380726
v -0.238340 -0.282196 -0.396731
v -0.197031 -0.372227 -0.394210
v -0.201806 -0.311225 -0.402645
v -0.272821 -0.378624 -0.372796
v -0.272031 -0.315418 -0.380087
v -0.441710 -0.276457 -0.018355
v -0.444016 -0.283529 0.081935
v -0.442422 -0.332809 0.000737
v -0.441884 -0.334701 0.052478
v -0.442217 -0.224609 0.012447
v -0.445679 -0.229969 0.060029
v -0.367735 -0.215732 -0.276039
v -0.322253 -0.168540 -0.337008
v -0.359750 -0.152064 -0.279955
v -0.339884 -0.129219 -0.310463
v -0.360621 -0.260468 -0.312449
v -0.328766 -0.235768 -0.338113
v -0.434582 -0.109000 -0.068217
v -0.465585 -0.022682 -0.019729
v -0.437581 -0.060011 -0.086982
v -0.454375 -0.018702 -0.063670
v -0.438919 -0.113096 -0.022329
v -0.455386 -0.069741 0.001006
v -0.422636 -0.307493 0.402758
v -0.411373 -0.305743 0.513164
v -0.428423 -0.256879 0.413216
v -0.422526 -0.255234 0.464997
v -0.411552 -0.361618 0.445751
v -0.407260 -0.363425 0.504628
v -0.461157 -0.142320 0.153056
v -0.482882 -0.046659 0.105741
v -0.471198 -0.100231 0.170962
v -0.482525 -0.056462 0.145889
v -0.459007 -0.134964 0.108797
v -0.466478 -0.082251 0.087421
v 0.350331 -0.630184 0.504525
v 0.390884 -0.477719 0.381636
v 0.352490 -0.578866 0.419582
v 0.377060 -0.519277 0.359320
v 0.363886 -0.583039 0.520899
v 0.382496 -0.497631 0.456099
v 0.301100 -0.676574 0.802122
v 0.358276 -0.461127 0.743360
v 0.342599 -0.642689 0.828397
v 0.351008 -0.522888 0.778438
v 0.324770 -0.585382 0.705910
v 0.349206 -0.488418 0.694840
v 0.357547 -0.513092 -0.338119
v 0.410375 -0.416885 -0.282833
v 0.404900 -0.545068 -0.321892
v 0.427218 -0.490669 -0.284696
v 0.356004 -0.440147 -0.341102
v 0.386956 -0.395862 -0.318224
v 0.237926 -0.401447 -0.377693
v 0.244352 -0.274780 -0.385206
v 0.204436 -0.366731 -0.390481
v 0.209583 -0.305437 -0.395901
v 0.277286 -0.374616 -0.370513
v 0.278224 -0.309896 -0.373087
v 0.453581 -0.275370 -0.031603
v 0.453523 -0.284006 0.072214
v 0.450533 -0.331533 -0.011719
v 0.450042 -0.334630 0.042909
v 0.457310 -0.224148 -0.001710
v 0.458282 -0.229534 0.047749
v 0.370797 -0.207384 -0.275425
v 0.324783 -0.163645 -0.328112
v 0.363654 -0.143873 -0.277419
v 0.344283 -0.123187 -0.304879
v 0.357534 -0.254184 -0.306232
v 0.330957 -0.231373 -0.330499
v 0.448798 -0.106002 -0.082890
v 0.480712 -0.025246 -0.038081
v 0.451096 -0.057662 -0.101976
v 0.469266 -0.022188 -0.081696
v 0.461644 -0.114500 -0.040675
v 0.473912 -0.067141 -0.017010
v 0.421892 -0.315553 0.419032
v 0.401959 -0.308144 0.533210
v 0.428698 -0.260785 0.423150
v 0.418973 -0.257052 0.475789
v 0.402026 -0.374903 0.475306
v 0.392801 -0.371043 0.538238
v 0.473681 -0.139798 0.140813
v 0.502493 -0.048949 0.090629
v 0.484954 -0.095217 0.158083
v 0.501931 -0.056730 0.132257
v 0.475051 -0.135100 0.094845
v 0.488534 -0.084621 0.070959
v 0.181202 -0.089923 0.847667
v 0.288667 -0.164354 0.802085
v 0.187865 -0.163324 0.871481
v 0.251210 -0.198745 0.855581
v 0.226344 -0.063417 0.800906
v 0.276388 -0.099299 0.777532
v -0.182008 -0.093841 0.851363
v -0.288805 -0.168981 0.813087
v -0.190086 -0.165840 0.880016
v -0.250278 -0.201803 0.868354
v -0.226905 -0.065448 0.804215
v -0.275349 -0.101883 0.783542
v 0.144559 0.061589 0.715113
v 0.211439 0.068211 0.617292
v 0.132521 0.090835 0.665499
v 0.166617 0.089662 0.621398
v 0.195193 0.033797 0.713832
v 0.226125 0.038844 0.658816
v -0.148600 0.061040 0.718044
v -0.215618 0.069387 0.623547
v -0.136810 0.087907 0.668771
v -0.170659 0.087834 0.626137
v -0.197494 0.032369 0.716491
v -0.229680 0.040737 0.664811
v 0.356383 -0.082075 0.622698
v 0.337691 0.006546 0.572350
v 0.376518 -0.056771 0.567556
v 0.371981 -0.012293 0.546740
v 0.324375 -0.055837 0.654752
v 0.311286 -0.011300 0.624549
v -0.353318 -0.085825 0.628676
v -0.334922 0.002913 0.577336
v -0.374351 -0.059615 0.574112
v -0.369525 -0.016054 0.553040
v -0.322375 -0.058493 0.660749
v -0.310144 -0.013339 0.630145
v 0.122581 0.002959 -0.623812
v 0.179669 -0.004887 -0.502605
v 0.109651 -0.004299 -0.529451
v 0.137652 -0.018924 -0.481076
v 0.169293 0.002336 -0.664920
v 0.197976 0.000680 -0.597610
v -0.114630 0.007916 -0.614507
v -0.165748 -0.010920 -0.509794
v -0.101711 -0.009627 -0.535186
v -0.127413 -0.026012 -0.496180
v -0.161921 0.008304 -0.648682
v -0.187541 0.000711 -0.589028
v 0.147697 0.121840 -0.857513
v 0.254160 0.173859 -0.914589
v 0.148089 0.186417 -0.876304
v 0.202438 0.216883 -0.894902
v 0.190107 0.082777 -0.841109
v 0.237555 0.111088 -0.877561
v -0.173616 0.107419 -0.855940
v -0.301858 0.150217 -0.956266
v -0.187384 0.175406 -0.896671
v -0.258207 0.206218 -0.936872
v -0.216109 0.057566 -0.840736
v -0.259879 0.093279 -0.863833
v 0.305256 0.032451 -0.545218
v 0.350912 0.098147 -0.684239
v 0.342788 0.053802 -0.535280
v 0.364697 0.087403 -0.590640
v 0.287510 0.033337 -0.629129
v 0.310779 0.060973 -0.718733
v -0.294693 0.032175 -0.536371
v -0.352108 0.096221 -0.655703
v -0.333285 0.052242 -0.526495
v -0.357645 0.085635 -0.575399
v -0.281425 0.035081 -0.607485
v -0.314865 0.063822 -0.681820
v -0.196937 0.277388 -0.147915
v -0.204937 0.359026 -0.212495
v -0.171224 0.294854 -0.156081
v -0.188104 0.397002 -0.211675
v -0.243204 0.237349 -0.093866
v -0.192138 0.256100 -0.104072
v -0.244500 0.221439 -0.045732
v -0.234405 0.330687 -0.228012
v -0.213623 0.428804 -0.241136
v -0.248698 0.395327 -0.266480
v -0.257221 0.249028 -0.146806
v -0.253651 0.336396 -0.247127
v -0.275310 0.244170 -0.156591
v -0.270710 0.209371 -0.046470
v -0.285718 0.217469 -0.102528
v 0.212628 0.285431 -0.150519
v 0.212849 0.362138 -0.213333
v 0.190499 0.302195 -0.157167
v 0.193156 0.395935 -0.218482
v 0.248645 0.239259 -0.102513
v 0.206587 0.262642 -0.108527
v 0.248733 0.222633 -0.054136
v 0.238621 0.337190 -0.221943
v 0.210196 0.425877 -0.246006
v 0.242003 0.398375 -0.258527
v 0.258905 0.253856 -0.153188
v 0.250410 0.342667 -0.237720
v 0.272597 0.248416 -0.160931
v 0.271158 0.210280 -0.055463
v 0.283771 0.219838 -0.110298
v -0.344646 -0.675857 0.025647
v -0.395555 -0.763895 -0.058619
v -0.307118 -0.699200 0.025135
v -0.357758 -0.837234 -0.055489
v -0.376220 -0.607010 0.067199
v -0.317412 -0.654550 0.083694
v -0.358085 -0.597434 0.126356
v -0.426838 -0.672199 -0.089680
v -0.414647 -0.848957 -0.114826
v -0.439272 -0.706961 -0.155891
v -0.412058 -0.586367 -0.005100
v -0.435243 -0.625878 -0.120942
v -0.425132 -0.544935 -0.027257
v -0.382553 -0.564692 0.108438
v -0.415011 -0.534292 0.029566
v 0.348603 -0.661865 0.025786
v 0.395248 -0.761188 -0.079676
v 0.310533 -0.678745 0.031585
v 0.354899 -0.832978 -0.075112
v 0.376852 -0.605277 0.074622
v 0.314562 -0.641979 0.097882
v 0.354457 -0.599133 0.147589
v 0.431780 -0.673788 -0.106539
v 0.416812 -0.851571 -0.157260
v 0.438413 -0.708697 -0.178579
v 0.416164 -0.587374 -0.009840
v 0.441577 -0.627585 -0.139435
v 0.431569 -0.546502 -0.036101
v 0.383514 -0.568731 0.120814
v 0.419859 -0.536881 0.026936
v -0.015755 -0.643360 0.813934
v -0.109129 -0.590233 0.843421
v -0.061793 -0.709229 0.796788
v -0.165190 -0.667011 0.844348
v 0.088562 -0.565865 0.835057
v 0.017697 -0.686558 0.782153
v 0.140419 -0.615525 0.813044
v 0.051558 -0.460603 0.866364
v -0.063895 -0.467492 0.866414
v 0.058288 -0.392004 0.890538
v -0.065934 -0.394541 0.884789
v 0.163939 -0.542918 0.836261
v 0.117321 -0.427488 0.867907
v -0.178057 -0.575048 0.847257
v -0.125555 -0.437225 0.868971
v -0.000610 0.140643 0.458594
v -0.050299 0.138537 0.484526
v -0.018904 0.140184 0.437430
v -0.073564 0.137398 0.460747
v 0.047651 0.139628 0.479186
v 0.019522 0.141521 0.434990
v 0.071437 0.138701 0.452843
v 0.029257 0.146721 0.529662
v -0.032527 0.145821 0.531777
v 0.033310 0.154395 0.561467
v -0.036732 0.150059 0.562740
v 0.083217 0.137241 0.478998
v 0.064596 0.141264 0.536801
v -0.086616 0.136081 0.486148
v -0.068504 0.138677 0.540248
v 0.007009 -0.369624 -0.438420
v -0.038572 -0.330892 -0.452347
v -0.012502 -0.398992 -0.421001
v -0.062564 -0.353744 -0.435097
v 0.052717 -0.326538 -0.452242
v 0.025114 -0.399698 -0.421804
v 0.075815 -0.355776 -0.437785
v 0.034256 -0.252146 -0.475924
v -0.020875 -0.250228 -0.472696
v 0.035476 -0.187335 -0.480011
v -0.023799 -0.187782 -0.480327
v 0.085532 -0.311113 -0.452077
v 0.064291 -0.219676 -0.470820
v -0.071558 -0.305828 -0.446549
v -0.051266 -0.220812 -0.470286
v 0.003647 0.629014 -0.806378
v -0.084050 0.565304 -0.829423
v -0.029669 0.684181 -0.780548
v -0.123763 0.613122 -0.809643
v 0.086723 0.565342 -0.834663
v 0.041173 0.686616 -0.784929
v 0.135391 0.615704 -0.816140
v 0.043833 0.464358 -0.863982
v -0.056291 0.466078 -0.862590
v 0.043254 0.399061 -0.876132
v -0.062517 0.400956 -0.874387
v 0.146551 0.544188 -0.839763
v 0.096512 0.433564 -0.871130
v -0.143161 0.545847 -0.836036
v -0.112641 0.437473 -0.869599
v 0.476720 0.082606 -0.348966
v 0.487000 0.065516 -0.279064
v 0.477089 0.098513 -0.349612
v 0.493787 0.077543 -0.271012
v 0.454209 0.031224 -0.310947
v 0.471945 0.038263 -0.261078
v 0.430592 0.005186 -0.282160
v 0.457272 0.015466 -0.232868
v 0.463108 0.061341 -0.368782
v 0.427172 0.015364 -0.320812
v 0.448863 0.051831 -0.390718
v 0.465404 0.103240 -0.388694
v 0.455378 0.077023 -0.411316
v 0.494176 0.062426 -0.237948
v 0.477034 0.033385 -0.221291
v 0.473628 0.008727 0.316226
v 0.499869 0.003507 0.264820
v 0.471944 0.026799 0.299989
v 0.500965 0.020114 0.245944
v 0.476526 -0.054456 0.337482
v 0.500141 -0.029310 0.274730
v 0.474793 -0.082224 0.336043
v 0.499473 -0.047687 0.265425
v 0.463007 -0.023114 0.363369
v 0.460710 -0.083391 0.375356
v 0.448632 -0.042224 0.403077
v 0.458944 0.021737 0.337690
v 0.449016 -0.011076 0.391210
v 0.514146 0.008468 0.230289
v 0.511899 -0.023350 0.239065
v -0.465384 0.089487 -0.339820
v -0.472085 0.073374 -0.265032
v -0.467984 0.108884 -0.340088
v -0.481087 0.089105 -0.256907
v -0.427684 0.029301 -0.296430
v -0.449800 0.038132 -0.244288
v -0.410111 0.001297 -0.271155
v -0.437225 0.015745 -0.217292
v -0.446053 0.065330 -0.359969
v -0.405092 0.012249 -0.311030
v -0.429924 0.057164 -0.382914
v -0.461420 0.108727 -0.382905
v -0.445192 0.081410 -0.406209
v -0.480223 0.072010 -0.222430
v -0.456839 0.035701 -0.203800
v -0.481458 0.020876 0.326204
v -0.502247 0.020133 0.275182
v -0.478288 0.036845 0.309316
v -0.501799 0.034856 0.255464
v -0.474679 -0.048004 0.347683
v -0.495650 -0.016065 0.286408
v -0.468691 -0.081305 0.346939
v -0.488770 -0.041697 0.278066
v -0.465772 -0.016329 0.373695
v -0.460038 -0.080257 0.383611
v -0.450513 -0.038731 0.412411
v -0.465856 0.030427 0.347594
v -0.454025 -0.004801 0.401784
v -0.509591 0.027257 0.240089
v -0.500187 -0.010723 0.250611
v -0.048893 0.371864 -0.151495
v -0.058183 0.517973 -0.180080
v -0.084984 0.355877 -0.157908
v -0.098746 0.494128 -0.193244
v 0.066490 0.373205 -0.151808
v 0.080757 0.518692 -0.182682
v 0.101908 0.359568 -0.155481
v 0.111643 0.490194 -0.202975
v 0.007395 0.313250 -0.129113
v -0.065362 0.303637 -0.128068
v -0.011235 0.276825 -0.078480
v 0.011209 0.594716 -0.215582
v -0.083852 0.567537 -0.224242
v -0.014785 0.660735 -0.252311
v 0.081482 0.305407 -0.129487
v 0.026391 0.277044 -0.078863
v 0.098031 0.567069 -0.233019
v 0.036541 0.657862 -0.256900
v -0.160159 0.215240 0.119020
v -0.220611 0.171907 0.165186
v -0.170257 0.222179 0.058664
v -0.232150 0.183427 0.111289
v -0.107466 0.173375 0.278301
v -0.169437 0.147080 0.318555
v -0.084282 0.158284 0.326861
v -0.147056 0.143143 0.363054
v -0.103490 0.212255 0.176534
v -0.134465 0.235595 0.059651
v -0.080187 0.233322 0.121464
v -0.228579 0.138201 0.262762
v -0.259519 0.157127 0.162259
v -0.269364 0.128410 0.256751
v -0.062185 0.176685 0.278388
v -0.059777 0.214406 0.175876
v -0.188182 0.140356 0.355573
v -0.247839 0.126489 0.300328
v -0.238938 0.731765 -0.420553
v -0.393314 0.781482 -0.457007
v -0.239277 0.655552 -0.373621
v -0.371537 0.649649 -0.407367
v -0.249050 0.960038 -0.589401
v -0.263755 0.768795 -0.623350
v -0.167862 0.844248 -0.635872
v -0.239092 0.746644 -0.682992
v -0.175591 0.873472 -0.466691
v -0.189448 0.692912 -0.371525
v -0.123852 0.795496 -0.421779
v -0.345915 0.762337 -0.576195
v -0.544315 0.717781 -0.420897
v -0.409196 0.665236 -0.502801
v -0.140905 0.884438 -0.587924
v -0.107252 0.854638 -0.482118
v -0.280761 0.697083 -0.666328
v -0.343755 0.655230 -0.574082
v -0.302611 0.293640 -0.289555
v -0.356747 0.206464 -0.191010
v -0.290262 0.317921 -0.280760
v -0.331625 0.216759 -0.183835
v -0.395665 0.211741 -0.312714
v -0.442465 0.151238 -0.213667
v -0.423334 0.182628 -0.320665
v -0.466387 0.130910 -0.223165
v -0.321660 0.297027 -0.350631
v -0.287926 0.389293 -0.327219
v -0.308096 0.389539 -0.388542
v -0.425364 0.152155 -0.152185
v -0.371836 0.182220 -0.136147
v -0.436976 0.134255 -0.098548
v -0.391487 0.228103 -0.366775
v -0.330020 0.328988 -0.404393
v -0.481597 0.116778 -0.169204
v -0.462169 0.120705 -0.109022
v -0.388256 0.123846 0.132502
v -0.414097 0.122463 0.074363
v -0.364117 0.138229 0.094142
v -0.386219 0.140701 0.035233
v -0.442413 0.087894 0.222659
v -0.475694 0.084831 0.167243
v -0.454929 0.077316 0.247106
v -0.490073 0.074058 0.192494
v -0.397260 0.105805 0.208072
v -0.361580 0.130871 0.143250
v -0.369763 0.112491 0.222206
v -0.460371 0.097924 0.095998
v -0.409837 0.131316 0.025624
v -0.459467 0.102734 0.050834
v -0.429003 0.085061 0.263372
v -0.383953 0.102667 0.250749
v -0.495278 0.075846 0.152755
v -0.480764 0.088452 0.082543
v 0.166091 0.213477 0.111573
v 0.222575 0.176656 0.158294
v 0.178092 0.221861 0.052749
v 0.234046 0.184754 0.104930
v 0.111230 0.171391 0.276061
v 0.168287 0.148017 0.309755
v 0.089234 0.156955 0.324291
v 0.145754 0.143779 0.352707
v 0.110760 0.212823 0.173151
v 0.142781 0.233207 0.053141
v 0.090463 0.239122 0.119555
v 0.068674 0.173542 0.277666
v 0.069924 0.217938 0.175984
v 0.224073 0.149410 0.250536
v 0.255395 0.163177 0.152194
v 0.259589 0.138998 0.241769
v 0.182755 0.139964 0.340374
v 0.240097 0.136422 0.285897
v 0.216777 0.745312 -0.425163
v 0.310766 0.720659 -0.450646
v 0.218139 0.656887 -0.371709
v 0.294487 0.637707 -0.393900
v 0.255951 0.931027 -0.591152
v 0.262180 0.761732 -0.614270
v 0.176564 0.834836 -0.629670
v 0.242598 0.735119 -0.665661
v 0.175820 0.973908 -0.489499
v 0.182125 0.705675 -0.380491
v 0.125583 0.832453 -0.447227
v 0.152679 0.886532 -0.591604
v 0.117014 0.875774 -0.521321
v 0.358027 0.738018 -0.543546
v 0.367282 0.674480 -0.424317
v 0.507295 0.731445 -0.548837
v 0.285182 0.691398 -0.648557
v 0.373697 0.676985 -0.564037
v 0.305377 0.301018 -0.305718
v 0.350916 0.208991 -0.201250
v 0.289966 0.325054 -0.289707
v 0.326455 0.223337 -0.189693
v 0.386352 0.202836 -0.327167
v 0.436506 0.138461 -0.229514
v 0.416083 0.168746 -0.335047
v 0.464618 0.119925 -0.240198
v 0.322371 0.308819 -0.366890
v 0.292924 0.388484 -0.352345
v 0.309410 0.397869 -0.409104
v 0.417631 0.148658 -0.166461
v 0.365553 0.186086 -0.145769
v 0.428426 0.133681 -0.113060
v 0.379038 0.220933 -0.379545
v 0.314990 0.341152 -0.412185
v 0.478099 0.107485 -0.187609
v 0.455516 0.114311 -0.124372
v 0.372134 0.129255 0.118026
v 0.402013 0.128203 0.062144
v 0.349990 0.144299 0.080699
v 0.374719 0.146572 0.023218
v 0.428375 0.088398 0.211985
v 0.463723 0.080623 0.155994
v 0.443754 0.073520 0.237967
v 0.478402 0.065538 0.181503
v 0.383246 0.110407 0.196287
v 0.345111 0.135770 0.128266
v 0.354962 0.117593 0.209139
v 0.450495 0.099527 0.084294
v 0.399068 0.137661 0.013619
v 0.451419 0.103723 0.039647
v 0.416691 0.085120 0.253615
v 0.372143 0.105967 0.240289
v 0.488110 0.068171 0.141316
v 0.475824 0.085681 0.071867
v -0.097825 -0.711485 0.056513
v -0.099576 -0.729164 -0.080756
v -0.155761 -0.712488 0.043524
v -0.144822 -0.807755 -0.079299
v 0.088893 -0.707492 0.065450
v 0.099555 -0.724036 -0.076943
v 0.152641 -0.696493 0.051273
v 0.145178 -0.796658 -0.083991
v -0.009556 -0.707880 0.143720
v -0.127086 -0.703195 0.124320
v -0.044053 -0.709799 0.218562
v 0.000121 -0.691943 -0.130696
v -0.115757 -0.788455 -0.146883
v -0.035289 -0.681118 -0.186048
v 0.115958 -0.702985 0.145010
v 0.015901 -0.709851 0.227662
v 0.117419 -0.778123 -0.145486
v 0.042996 -0.676935 -0.184840
v -0.240745 -0.660999 0.413548
v -0.304909 -0.624996 0.430858
v -0.255536 -0.654689 0.318104
v -0.314391 -0.607090 0.345100
v -0.218109 -0.917976 0.549136
v -0.339631 -0.842024 0.614886
v -0.170735 -0.978780 0.640060
v -0.302314 -0.881758 0.702573
v -0.184555 -0.740219 0.494658
v -0.212624 -0.680116 0.339897
v -0.144868 -0.706764 0.441635
v -0.346651 -0.664610 0.536117
v -0.335284 -0.585395 0.388263
v -0.361466 -0.586579 0.497715
v -0.141383 -0.861322 0.589425
v -0.126569 -0.757586 0.499124
v -0.399989 -0.798188 0.691621
v -0.376036 -0.625299 0.568515
v -0.240381 -0.733147 -0.350996
v -0.316986 -0.645530 -0.350562
v -0.286181 -0.822644 -0.360377
v -0.376094 -0.704699 -0.337310
v -0.120823 -0.549674 -0.363144
v -0.182414 -0.488234 -0.376198
v -0.088641 -0.506928 -0.374607
v -0.147787 -0.447477 -0.387682
v -0.138138 -0.646509 -0.337507
v -0.209399 -0.796742 -0.334473
v -0.114995 -0.681360 -0.314755
v -0.270212 -0.513953 -0.362431
v -0.370979 -0.608343 -0.338406
v -0.316652 -0.484152 -0.356475
v -0.070766 -0.550682 -0.359794
v -0.081414 -0.632285 -0.327311
v -0.191003 -0.430336 -0.385009
v -0.271914 -0.445405 -0.367992
v -0.438654 -0.377925 -0.189310
v -0.441748 -0.326577 -0.101570
v -0.443778 -0.442695 -0.178564
v -0.445892 -0.385579 -0.086257
v -0.392606 -0.186282 -0.206648
v -0.416960 -0.151225 -0.139087
v -0.386618 -0.128149 -0.216146
v -0.412551 -0.097549 -0.153054
v -0.398143 -0.299120 -0.233817
v -0.434951 -0.437248 -0.229629
v -0.393640 -0.352716 -0.271440
v -0.433297 -0.214648 -0.082007
v -0.442498 -0.330168 -0.050794
v -0.439104 -0.219894 -0.035184
v -0.372695 -0.171861 -0.241804
v -0.375588 -0.282795 -0.271428
v -0.426502 -0.104693 -0.112189
v -0.435866 -0.163593 -0.051604
v -0.417607 -0.393103 0.246034
v -0.435682 -0.338840 0.159231
v -0.408442 -0.437546 0.216426
v -0.430675 -0.387060 0.130435
v -0.438268 -0.252085 0.310088
v -0.451103 -0.196938 0.226643
v -0.445610 -0.205944 0.324062
v -0.458927 -0.152300 0.243113
v -0.419623 -0.352066 0.328563
v -0.401371 -0.442572 0.278940
v -0.406960 -0.405358 0.367483
v -0.447787 -0.238957 0.157324
v -0.439665 -0.336591 0.105205
v -0.447260 -0.234504 0.108409
v -0.433715 -0.255409 0.361616
v -0.415540 -0.357279 0.387390
v -0.460811 -0.147575 0.197539
v -0.453338 -0.186775 0.132235
v 0.190363 -0.718442 0.511196
v 0.285041 -0.709109 0.533073
v 0.220607 -0.659700 0.403988
v 0.292440 -0.634667 0.439835
v 0.196420 -0.957240 0.595330
v 0.280102 -0.929376 0.812187
v 0.152534 -0.850126 0.665809
v 0.348087 -0.918553 0.720055
v 0.078365 -0.781979 0.722816
v 0.168528 -0.694144 0.425855
v 0.075530 -0.742706 0.531737
v 0.105338 -0.829464 0.602228
v 0.056218 -0.783254 0.567879
v 0.321897 -0.945356 0.615603
v 0.322739 -0.636034 0.497847
v 0.351453 -0.707533 0.591962
v 0.302720 -0.786103 0.858283
v 0.317620 -0.721520 0.688408
v 0.226197 -0.719541 -0.347100
v 0.304292 -0.631239 -0.351893
v 0.266299 -0.812122 -0.351089
v 0.352053 -0.685295 -0.344965
v 0.126136 -0.542895 -0.363121
v 0.187620 -0.481419 -0.374620
v 0.096602 -0.502034 -0.375107
v 0.155598 -0.443811 -0.387385
v 0.136117 -0.637877 -0.336217
v 0.197056 -0.785394 -0.327441
v 0.113113 -0.673580 -0.312589
v 0.077356 -0.545791 -0.360368
v 0.083420 -0.626633 -0.327287
v 0.270176 -0.505981 -0.361870
v 0.357739 -0.594321 -0.339199
v 0.314836 -0.477379 -0.353128
v 0.197123 -0.424959 -0.383589
v 0.274688 -0.438795 -0.365943
v 0.435625 -0.372767 -0.199737
v 0.447146 -0.323759 -0.114485
v 0.437963 -0.438778 -0.191122
v 0.445800 -0.383784 -0.099142
v 0.397103 -0.176742 -0.210496
v 0.421211 -0.140852 -0.145566
v 0.388441 -0.116044 -0.216221
v 0.419293 -0.087044 -0.160010
v 0.403434 -0.292523 -0.242321
v 0.429697 -0.430913 -0.240350
v 0.396015 -0.344476 -0.280066
v 0.444146 -0.211044 -0.094616
v 0.450556 -0.328240 -0.064352
v 0.452816 -0.218590 -0.049164
v 0.381632 -0.161993 -0.246659
v 0.382843 -0.274856 -0.277723
v 0.435571 -0.098057 -0.122956
v 0.450712 -0.161230 -0.066400
v 0.420728 -0.405284 0.260954
v 0.442089 -0.343829 0.158850
v 0.411412 -0.450335 0.233948
v 0.436129 -0.392450 0.130203
v 0.445630 -0.255925 0.314182
v 0.459039 -0.194469 0.220537
v 0.453340 -0.206236 0.323614
v 0.469733 -0.149778 0.235078
v 0.420841 -0.365198 0.346601
v 0.400045 -0.461506 0.307292
v 0.401579 -0.427585 0.398449
v 0.454642 -0.239393 0.150389
v 0.447828 -0.338707 0.099285
v 0.456998 -0.234541 0.098555
v 0.438033 -0.259798 0.368993
v 0.411605 -0.372274 0.410587
v 0.471422 -0.143822 0.187632
v 0.462046 -0.185510 0.120850
v 0.063238 -0.087223 0.892360
v -0.065295 -0.087712 0.891958
v 0.073966 -0.159736 0.949542
v -0.068589 -0.161568 0.936917
v 0.048392 0.076176 0.746701
v -0.053876 0.074135 0.746645
v 0.043130 0.104404 0.691952
v -0.049803 0.104186 0.693701
v 0.113421 0.008789 0.814658
v 0.127164 -0.125363 0.889596
v 0.170192 -0.027513 0.811150
v -0.114549 0.001887 0.810557
v -0.130025 -0.126312 0.894289
v -0.171817 -0.030034 0.812780
v 0.094076 0.089939 0.709282
v 0.158463 0.025583 0.768104
v -0.099061 0.087501 0.710932
v -0.161324 0.024300 0.769463
v 0.357627 -0.373305 0.742984
v 0.336424 -0.271819 0.772979
v 0.337895 -0.423676 0.786863
v 0.293516 -0.314449 0.814741
v 0.398554 -0.235133 0.573782
v 0.386872 -0.158231 0.604040
v 0.413595 -0.193266 0.517699
v 0.400830 -0.125722 0.548013
v 0.379226 -0.345112 0.647123
v 0.367514 -0.447002 0.759676
v 0.369962 -0.413060 0.667592
v 0.408907 -0.248763 0.526279
v 0.385956 -0.360624 0.596748
v 0.350616 -0.165070 0.703797
v 0.294085 -0.237183 0.812454
v 0.317736 -0.133948 0.743755
v 0.381978 -0.105514 0.586726
v 0.338517 -0.106590 0.682447
v -0.363603 -0.386718 0.733150
v -0.328341 -0.280260 0.778481
v -0.346567 -0.438085 0.787446
v -0.289823 -0.323213 0.818369
v -0.402741 -0.238260 0.567331
v -0.385684 -0.162634 0.608093
v -0.415085 -0.194800 0.515716
v -0.399688 -0.128339 0.552715
v -0.392719 -0.351171 0.621609
v -0.375224 -0.470352 0.736064
v -0.394297 -0.421032 0.618118
v -0.414103 -0.249272 0.516712
v -0.401537 -0.360663 0.563809
v -0.352821 -0.169130 0.715701
v -0.289514 -0.243715 0.819820
v -0.317756 -0.136362 0.754526
v -0.379354 -0.108844 0.592660
v -0.335984 -0.110517 0.689345
v 0.240172 0.109556 0.461453
v 0.227305 0.094110 0.535282
v 0.199827 0.119716 0.468641
v 0.185010 0.108339 0.541057
v 0.356644 0.077411 0.424958
v 0.353721 0.054651 0.498122
v 0.389305 0.062998 0.406508
v 0.387686 0.037420 0.476362
v 0.304595 0.101788 0.411279
v 0.225636 0.118263 0.430081
v 0.287731 0.110182 0.380636
v 0.373841 0.078780 0.380814
v 0.324441 0.101749 0.368881
v 0.283963 0.055746 0.559314
v 0.197831 0.090734 0.577876
v 0.255418 0.045967 0.607460
v 0.365428 0.024947 0.523649
v 0.297726 0.025394 0.592211
v -0.242967 0.104658 0.469099
v -0.231385 0.093158 0.543319
v -0.203114 0.113901 0.476656
v -0.188954 0.104566 0.547729
v -0.360344 0.076956 0.431434
v -0.351273 0.051019 0.502709
v -0.396076 0.067232 0.413780
v -0.386924 0.036796 0.482361
v -0.308073 0.098209 0.418524
v -0.228794 0.113022 0.439229
v -0.292610 0.105590 0.389331
v -0.381426 0.080765 0.388749
v -0.329886 0.098691 0.376684
v -0.285911 0.056706 0.565750
v -0.202251 0.090756 0.584723
v -0.258447 0.048190 0.613975
v -0.361476 0.020611 0.528691
v -0.298485 0.025531 0.598338
v 0.041232 0.016272 -0.623835
v -0.038800 0.016602 -0.621560
v 0.038049 -0.004372 -0.542213
v -0.034002 -0.005251 -0.542910
v 0.047291 0.120906 -0.845627
v -0.061781 0.121435 -0.837312
v 0.045233 0.188288 -0.868343
v -0.066131 0.187387 -0.865135
v 0.092768 0.047900 -0.752365
v 0.077789 0.003519 -0.580356
v 0.138243 0.000984 -0.732447
v -0.094287 0.049049 -0.741174
v -0.072401 0.002393 -0.580770
v -0.129683 0.024289 -0.699504
v 0.097269 0.154903 -0.858962
v 0.143586 0.058745 -0.798781
v -0.120952 0.150485 -0.858460
v -0.152023 0.054877 -0.785019
v 0.216378 -0.177156 -0.402396
v 0.192159 -0.079987 -0.425624
v 0.184162 -0.210789 -0.415987
v 0.159862 -0.114213 -0.440019
v 0.300891 -0.073070 -0.351955
v 0.297739 -0.003826 -0.418603
v 0.328191 -0.041974 -0.338989
v 0.335213 0.011273 -0.420573
v 0.273861 -0.174282 -0.369046
v 0.213238 -0.242241 -0.400112
v 0.277524 -0.242409 -0.373413
v 0.323095 -0.099979 -0.330151
v 0.302509 -0.204247 -0.350892
v 0.243360 -0.006249 -0.462124
v 0.165137 -0.047984 -0.449533
v 0.221939 -0.001249 -0.529232
v 0.320970 0.024196 -0.476577
v 0.264178 0.012749 -0.543892
v -0.205002 -0.181855 -0.411365
v -0.177807 -0.082200 -0.434297
v -0.173161 -0.215448 -0.424425
v -0.147527 -0.117779 -0.449205
v -0.292969 -0.078643 -0.361772
v -0.286667 -0.010336 -0.426038
v -0.323024 -0.047549 -0.348572
v -0.323392 0.006249 -0.423360
v -0.264413 -0.178495 -0.375014
v -0.205348 -0.248724 -0.410585
v -0.268969 -0.246812 -0.378554
v -0.319548 -0.105168 -0.339342
v -0.297603 -0.207985 -0.358636
v -0.228924 -0.010024 -0.473419
v -0.152708 -0.052916 -0.462627
v -0.209243 -0.003092 -0.528508
v -0.308661 0.020552 -0.475999
v -0.253098 0.012006 -0.537822
v 0.325199 0.392432 -0.809604
v 0.291821 0.286836 -0.959732
v 0.288533 0.438997 -0.834330
v 0.251792 0.324975 -0.911162
v 0.393519 0.245075 -0.614728
v 0.401257 0.177894 -0.673157
v 0.410292 0.202031 -0.547830
v 0.410953 0.150886 -0.588024
v 0.360219 0.358752 -0.664842
v 0.315646 0.464432 -0.759578
v 0.343140 0.431680 -0.635471
v 0.387706 0.250560 -0.547843
v 0.353501 0.370263 -0.585503
v 0.347242 0.170662 -0.857031
v 0.253613 0.246775 -0.926943
v 0.298160 0.102593 -0.939235
v 0.384089 0.128607 -0.638795
v 0.332461 0.104388 -0.799194
v -0.338723 0.388680 -0.779517
v -0.338282 0.285709 -0.901799
v -0.304516 0.439098 -0.816980
v -0.285064 0.326396 -0.910438
v -0.398752 0.243321 -0.600161
v -0.399088 0.174196 -0.651929
v -0.413824 0.202190 -0.537719
v -0.406632 0.147148 -0.576935
v -0.366160 0.353303 -0.653413
v -0.321037 0.463454 -0.750710
v -0.348039 0.419875 -0.635570
v -0.396020 0.249276 -0.537660
v -0.361101 0.359079 -0.584065
v -0.364830 0.160218 -0.806816
v -0.291409 0.244249 -0.956587
v -0.325969 0.114715 -0.856648
v -0.380657 0.125393 -0.618540
v -0.356331 0.099719 -0.754882
v 0.539994 0.052860 -0.053940
v 0.515665 0.025865 -0.043771
v 0.528237 0.055864 -0.100603
v 0.502225 0.028185 -0.088662
v 0.540515 0.029706 0.076560
v 0.529811 0.006526 0.084815
v 0.537792 0.024241 0.117177
v 0.524475 -0.002941 0.124705
v 0.539994 0.048072 0.007898
v 0.536234 0.061267 -0.083452
v 0.535118 0.056995 -0.019695
v 0.538571 0.035467 0.093783
v 0.533171 0.051872 0.025619
v 0.513761 -0.006179 0.024834
v 0.490025 0.008027 -0.061625
v 0.493491 -0.028921 0.005444
v 0.516959 -0.021034 0.108339
v 0.500806 -0.040186 0.048217
v -0.527080 0.065550 -0.037468
v -0.499056 0.030568 -0.027162
v -0.519462 0.067092 -0.083470
v -0.487661 0.032921 -0.071482
v -0.519044 0.045336 0.088271
v -0.509945 0.015076 0.098295
v -0.516529 0.038873 0.127538
v -0.505510 0.004680 0.137003
v -0.526081 0.065041 0.021689
v -0.526711 0.075565 -0.066450
v -0.524058 0.074642 -0.005643
v -0.517660 0.052851 0.103614
v -0.520237 0.069256 0.037390
v -0.497603 0.003195 0.042061
v -0.476538 0.012287 -0.043629
v -0.474353 -0.024875 0.024344
v -0.496803 -0.016270 0.122168
v -0.479832 -0.031446 0.066501
v -0.132707 0.279683 -0.118765
v -0.154910 0.252266 -0.058822
v -0.161630 0.505355 -0.239786
v -0.193719 0.545777 -0.279877
v -0.121532 0.258455 -0.066509
v -0.155409 0.578191 -0.278837
v -0.272551 0.181734 0.056681
v -0.304496 0.168653 0.054381
v -0.304089 0.155644 0.107461
v -0.292734 0.481802 -0.354280
v -0.280440 0.404608 -0.322689
v -0.316507 0.486685 -0.377576
v -0.325211 0.198787 -0.119308
v -0.340605 0.179699 -0.063720
v -0.363041 0.171263 -0.072307
v 0.150332 0.282977 -0.122577
v 0.168424 0.254667 -0.063458
v 0.162231 0.501977 -0.251246
v 0.186617 0.541188 -0.287445
v 0.135783 0.260857 -0.069171
v 0.155995 0.578968 -0.288240
v 0.270054 0.183363 0.047327
v 0.298594 0.169987 0.044451
v 0.293788 0.161170 0.094426
v 0.275482 0.487306 -0.326382
v 0.274151 0.414612 -0.301555
v 0.291511 0.499428 -0.354399
v 0.321360 0.207169 -0.125596
v 0.334272 0.184188 -0.072313
v 0.356484 0.176982 -0.081271
v -0.231253 -0.676501 0.094358
v -0.252973 -0.664608 0.164852
v -0.237866 -0.990635 -0.146260
v -0.293407 -0.958291 -0.230710
v -0.207301 -0.684629 0.180196
v -0.193526 -0.937074 -0.242169
v -0.354961 -0.562549 0.238193
v -0.379067 -0.523214 0.210883
v -0.369135 -0.528428 0.278570
v -0.451029 -0.652111 -0.261455
v -0.449389 -0.575669 -0.210362
v -0.443410 -0.572113 -0.272038
v -0.439139 -0.440279 -0.013644
v -0.433415 -0.437201 0.041699
v -0.441292 -0.386882 0.020429
v 0.224507 -0.668157 0.121987
v 0.237713 -0.661068 0.207385
v 0.223808 -0.975244 -0.152522
v 0.270182 -0.963853 -0.251388
v 0.191321 -0.684330 0.224020
v 0.186690 -0.904131 -0.234772
v 0.346370 -0.577381 0.285665
v 0.376167 -0.536969 0.242673
v 0.362128 -0.551672 0.328366
v 0.431252 -0.645469 -0.273715
v 0.441341 -0.572760 -0.224838
v 0.428018 -0.563959 -0.278876
v 0.440838 -0.440628 -0.023197
v 0.436113 -0.439362 0.036234
v 0.444356 -0.386804 0.011440
v -0.080556 -0.779890 0.704782
v -0.001500 -0.721033 0.686235
v -0.358815 -0.771309 0.841129
v -0.314559 -0.601647 0.827490
v -0.049645 -0.745025 0.638529
v -0.365212 -0.667636 0.781965
v 0.295812 -0.656538 0.800279
v 0.296816 -0.558572 0.814525
v 0.375020 -0.598258 0.818093
v 0.130503 -0.276570 0.904659
v 0.187398 -0.316164 0.872886
v -0.130495 -0.280887 0.900100
v -0.187046 -0.322248 0.871901
v 0.189925 -0.238954 0.879238
v -0.190897 -0.243246 0.883609
v -0.018961 0.149116 0.372034
v 0.023811 0.148933 0.370002
v -0.137169 0.135338 0.426861
v -0.151891 0.133856 0.455996
v 0.003162 0.161382 0.327150
v -0.176452 0.130157 0.419668
v 0.134443 0.136326 0.416713
v 0.147192 0.132291 0.444360
v 0.173003 0.132160 0.408491
v 0.077497 0.125023 0.611308
v 0.111880 0.123062 0.578352
v -0.082847 0.120891 0.614280
v -0.117244 0.120755 0.582630
v 0.121593 0.110198 0.619446
v -0.126440 0.106996 0.623155
v -0.016648 -0.470485 -0.388465
v 0.026569 -0.469929 -0.388823
v -0.126380 -0.362249 -0.413230
v -0.134107 -0.306923 -0.423723
v 0.004413 -0.509502 -0.373611
v -0.164401 -0.338008 -0.408349
v 0.137417 -0.361974 -0.414061
v 0.145369 -0.306333 -0.422834
v 0.173610 -0.334502 -0.405473
v 0.068025 -0.087391 -0.486922
v 0.097890 -0.117985 -0.469843
v -0.059117 -0.090486 -0.493984
v -0.087681 -0.120970 -0.476651
v 0.100996 -0.051083 -0.480321
v -0.092408 -0.057654 -0.494149
v -0.037632 0.800969 -0.713515
v 0.050346 0.806207 -0.715423
v -0.225887 0.638118 -0.773941
v -0.242860 0.559996 -0.804125
v 0.007305 0.828494 -0.651198
v -0.283549 0.601037 -0.762267
v 0.243049 0.632255 -0.763425
v 0.248883 0.553493 -0.799850
v 0.302854 0.594374 -0.757574
v 0.096607 0.290406 -0.881861
v 0.149626 0.323874 -0.885154
v -0.124520 0.294470 -0.887242
v -0.180965 0.331110 -0.894997
v 0.148683 0.250799 -0.886319
v -0.188528 0.254257 -0.903419
v 0.435742 0.155490 -0.390774
v 0.431733 0.162218 -0.438752
v 0.505283 0.083702 -0.213439
v 0.515099 0.070564 -0.179450
v 0.406626 0.197697 -0.438290
v 0.518013 0.078231 -0.164783
v 0.382243 -0.047187 -0.264378
v 0.371764 -0.032708 -0.298211
v 0.449233 -0.014973 -0.165592
v 0.470486 0.007414 -0.149967
v 0.361649 -0.081448 -0.281574
v 0.458800 -0.018891 -0.124308
v 0.392506 0.056901 -0.455029
v 0.409858 0.088758 -0.489913
v 0.378372 0.073609 -0.515793
v 0.442401 0.054321 0.300671
v 0.428886 0.050964 0.341659
v 0.510812 0.039135 0.188716
v 0.527179 0.027707 0.172633
v 0.417964 0.067423 0.319927
v 0.523075 0.042029 0.150683
v 0.452078 -0.160920 0.376067
v 0.441105 -0.160154 0.421859
v 0.496384 -0.068317 0.215190
v 0.511731 -0.033922 0.187750
v 0.435352 -0.208252 0.423697
v 0.500348 -0.062014 0.173648
v 0.416948 -0.051283 0.482411
v 0.418065 -0.010402 0.466299
v 0.397202 -0.032846 0.515583
v -0.440774 0.162003 -0.380320
v -0.437832 0.164793 -0.431655
v -0.495549 0.097863 -0.197128
v -0.504074 0.084030 -0.162557
v -0.415922 0.201984 -0.428174
v -0.508570 0.091440 -0.146851
v -0.372066 -0.057872 -0.262176
v -0.357127 -0.038524 -0.294802
v -0.433339 -0.014677 -0.150739
v -0.455009 0.012559 -0.133123
v -0.352178 -0.090753 -0.282355
v -0.443322 -0.012768 -0.107143
v -0.382522 0.054963 -0.451018
v -0.402320 0.087024 -0.484626
v -0.369025 0.070927 -0.508303
v -0.452139 0.061615 0.309047
v -0.438081 0.058635 0.350030
v -0.511373 0.055065 0.198799
v -0.515062 0.046371 0.182042
v -0.427042 0.071849 0.328095
v -0.512156 0.057826 0.159706
v -0.447000 -0.161894 0.380067
v -0.440160 -0.160423 0.424633
v -0.480178 -0.069904 0.227559
v -0.491213 -0.032628 0.200384
v -0.434469 -0.208155 0.420857
v -0.480937 -0.062212 0.186382
v -0.417135 -0.051557 0.490232
v -0.419957 -0.010428 0.476339
v -0.398417 -0.033214 0.524479
v -0.013972 0.246843 0.053559
v 0.026789 0.248083 0.053054
v 0.006211 0.234294 0.117342
v -0.025308 0.772461 -0.353786
v 0.036996 0.776929 -0.359771
v 0.005448 0.807326 -0.424788
v -0.320548 0.114572 0.277579
v -0.300329 0.112470 0.319840
v -0.336215 0.107189 0.307427
v -0.330919 0.501211 -0.486300
v -0.338040 0.497912 -0.550551
v -0.337842 0.423077 -0.505362
v -0.478068 0.098918 -0.008140
v -0.497836 0.091965 -0.021636
v -0.501469 0.085474 0.025396
v 0.309902 0.120699 0.265244
v 0.292037 0.118844 0.308552
v 0.326935 0.111019 0.297305
v 0.309398 0.582724 -0.434741
v 0.341178 0.541720 -0.524396
v 0.323141 0.459007 -0.488392
v 0.471077 0.094441 -0.021293
v 0.495291 0.080437 -0.035321
v 0.498602 0.075077 0.012561
v -0.055152 -0.721898 0.376898
v 0.002715 -0.726683 0.392678
v -0.031612 -0.741741 0.455804
v -0.030345 -0.665502 -0.266289
v 0.036509 -0.663455 -0.268029
v 0.002208 -0.646392 -0.296456
v -0.391964 -0.473797 0.475074
v -0.393420 -0.485745 0.542019
v -0.401319 -0.420327 0.492664
v -0.352254 -0.372555 -0.341298
v -0.310417 -0.343115 -0.360061
v -0.342595 -0.303109 -0.339159
v -0.445738 -0.174358 0.040095
v -0.446317 -0.118700 0.022046
v -0.452057 -0.125519 0.065849
v 0.371905 -0.512059 0.532462
v 0.359464 -0.510154 0.613692
v 0.382217 -0.438947 0.539185
v 0.351285 -0.370566 -0.342165
v 0.313785 -0.343518 -0.359119
v 0.340668 -0.300280 -0.336709
v 0.463613 -0.174655 0.025064
v 0.470027 -0.120008 0.003840
v 0.474333 -0.127790 0.049113
v 0.258424 -0.044650 0.740320
v 0.242995 0.002799 0.701717
v 0.286945 -0.026826 0.681950
v -0.261388 -0.042570 0.748652
v -0.244725 0.003274 0.706940
v -0.286986 -0.027156 0.688126
v 0.218471 -0.000547 -0.701141
v 0.229160 0.019422 -0.822773
v 0.269881 0.023241 -0.729831
v -0.211380 -0.002902 -0.678765
v -0.240723 0.008764 -0.784289
v -0.265291 0.029904 -0.690104
f 1 647 644
f 1 644 643
f 1 643 645
f 1 645 646
f 1 646 647
f 2 649 652
f 6 672 670
f 12 702 699
f 11 696 695
f 8 679 681
f 4 662 659
f 4 659 658
f 4 658 660
f 4 660 661
f 4 661 662
f 5 666 665
f 3 654 657
f 7 673 677
f 9 685 686
f 10 692 688
f 12 701 698
f 6 669 668
f 2 650 648
f 8 682 678
f 11 697 693
f 6 671 669
f 12 700 701
f 11 694 697
f 8 680 682
f 2 651 650
f 10 690 689
f 5 663 664
f 3 655 653
f 7 676 674
f 9 687 684
f 10 691 690
f 5 667 663
f 3 656 655
f 7 675 676
f 9 683 687
f 6 668 672
f 2 648 649
f 8 678 679
f 11 693 696
f 12 698 702
f 10 688 691
f 5 665 667
f 3 657 656
f 7 677 675
f 9 686 683
f 5 664 666
f 3 653 654
f 7 674 673
f 9 684 685
f 10 689 692
f 6 670 671
f 12 699 700
f 11 695 694
f 8 681 680
f 2 652 651
f 35 837 838
f 18 735 736
f 19 742 741
f 40 868 867
f 42 880 879
f 34 832 831
f 33 827 828
f 25 778 780
f 36 844 846
f 20 749 747
f 32 819 820
f 23 765 767
f 24 773 771
f 37 850 849
f 41 876 875
f 34 833 834
f 33 826 825
f 25 779 777
f 36 845 843
f 20 748 750
f 17 729 727
f 14 711 709
f 13 706 703
f 15 718 715
f 16 724 721
f 18 737 733
f 35 839 835
f 42 882 878
f 40 870 866
f 19 744 740
f 30 807 805
f 27 789 787
f 22 762 758
f 28 797 793
f 29 802 799
f 32 821 817
f 23 766 763
f 24 774 770
f 37 852 848
f 41 874 872
f 35 838 836
f 18 736 734
f 19 741 739
f 40 867 865
f 42 879 877
f 34 831 829
f 33 828 824
f 25 780 776
f 36 846 842
f 20 747 745
f 32 820 818
f 23 767 764
f 24 771 769
f 37 849 847
f 41 875 871
f 34 834 830
f 33 825 823
f 25 777 775
f 36 843 841
f 20 750 746
f 14 714 710
f 13 707 704
f 15 719 716
f 16 725 722
f 17 732 728
f 21 755 752
f 31 814 811
f 26 784 781
f 38 857 853
f 39 862 860
f 27 792 788
f 22 759 757
f 28 796 794
f 29 803 800
f 30 810 806
f 31 815 812
f 26 785 782
f 38 856 854
f 39 863 859
f 21 754 751
f 14 712 714
f 13 705 707
f 15 717 719
f 16 723 725
f 17 730 732
f 21 753 755
f 31 816 814
f 26 786 784
f 38 858 857
f 39 861 862
f 27 791 792
f 22 761 759
f 28 795 796
f 29 801 803
f 30 808 810
f 31 813 815
f 26 783 785
f 38 855 856
f 39 864 863
f 21 756 754
f 14 709 712
f 13 703 705
f 15 715 717
f 16 721 723
f 17 727 730
f 21 751 753
f 31 812 816
f 26 782 786
f 38 854 858
f 39 859 861
f 27 787 791
f 22 758 761
f 28 793 795
f 29 799 801
f 30 805 808
f 31 811 813
f 26 781 783
f 38 853 855
f 39 860 864
f 21 752 756
f 17 728 731
f 14 710 713
f 13 704 708
f 15 716 720
f 16 722 726
f 18 734 738
f 35 836 840
f 42 877 881
f 40 865 869
f 19 739 743
f 30 806 809
f 27 788 790
f 22 757 760
f 28 794 798
f 29 800 804
f 32 818 822
f 23 764 768
f 24 769 772
f 37 847 851
f 41 871 873
f 35 835 837
f 18 733 735
f 19 740 742
f 40 866 868
f 42 878 880
f 34 830 832
f 33 823 827
f 25 775 778
f 36 841 844
f 20 746 749
f 32 817 819
f 23 763 765
f 24 770 773
f 37 848 850
f 41 872 876
f 34 829 833
f 33 824 826
f 25 776 779
f 36 842 845
f 20 745 748
f 17 731 729
f 14 713 711
f 13 708 706
f 15 720 718
f 16 726 724
f 18 738 737
f 35 840 839
f 42 881 882
f 40 869 870
f 19 743 744
f 30 809 807
f 27 790 789
f 22 760 762
f 28 798 797
f 29 804 802
f 32 822 821
f 23 768 766
f 24 772 774
f 37 851 852
f 41 873 874
f 107 1269 1270
f 103 1245 1246
f 104 1252 1251
f 110 1288 1287
f 113 1306 1305
f 118 1336 1335
f 154 1551 1552
f 141 1473 1474
f 162 1599 1600
f 121 1354 1353
f 142 1479 1480
f 129 1401 1402
f 130 1408 1407
f 144 1492 1491
f 146 1504 1503
f 151 1533 1534
f 131 1414 1413
f 136 1444 1443
f 161 1594 1593
f 126 1383 1384
f 116 1323 1324
f 108 1275 1276
f 106 1263 1264
f 112 1299 1300
f 115 1317 1318
f 119 1341 1342
f 156 1564 1563
f 139 1462 1461
f 160 1588 1587
f 120 1347 1348
f 149 1521 1522
f 132 1420 1419
f 128 1395 1396
f 145 1497 1498
f 148 1515 1516
f 155 1557 1558
f 133 1425 1426
f 134 1431 1432
f 157 1570 1569
f 124 1372 1371
f 109 1282 1281
f 105 1258 1257
f 111 1294 1293
f 114 1312 1311
f 117 1330 1329
f 125 1378 1377
f 152 1540 1539
f 137 1449 1450
f 158 1575 1576
f 123 1365 1366
f 143 1486 1485
f 127 1390 1389
f 135 1437 1438
f 147 1510 1509
f 150 1528 1527
f 153 1546 1545
f 140 1468 1467
f 138 1455 1456
f 159 1581 1582
f 122 1359 1360
f 107 1272 1271
f 103 1248 1247
f 104 1253 1254
f 110 1289 1290
f 113 1307 1308
f 118 1337 1338
f 154 1554 1553
f 141 1476 1475
f 162 1602 1601
f 121 1355 1356
f 142 1482 1481
f 129 1404 1403
f 130 1409 1410
f 144 1493 1494
f 146 1505 1506
f 151 1536 1535
f 131 1415 1416
f 136 1445 1446
f 161 1595 1596
f 126 1386 1385
f 47 909 907
f 44 891 889
f 43 886 883
f 45 898 895
f 46 904 901
f 49 922 919
f 72 1060 1057
f 102 1240 1237
f 96 1204 1201
f 79 1102 1099
f 62 999 997
f 59 981 979
f 58 976 973
f 60 988 985
f 61 994 991
f 66 1024 1021
f 54 952 949
f 73 1066 1063
f 85 1138 1135
f 92 1179 1177
f 101 1233 1231
f 69 1041 1039
f 50 927 925
f 82 1119 1117
f 97 1209 1207
f 71 1053 1051
f 100 1228 1225
f 94 1192 1189
f 80 1108 1105
f 51 933 931
f 90 1167 1165
f 63 1005 1003
f 55 957 955
f 76 1083 1081
f 87 1150 1147
f 91 1174 1171
f 67 1029 1027
f 56 963 961
f 75 1077 1075
f 83 1126 1123
f 68 1036 1033
f 48 915 913
f 78 1095 1093
f 93 1185 1183
f 98 1216 1213
f 88 1155 1153
f 65 1018 1015
f 57 970 967
f 77 1090 1087
f 86 1143 1141
f 64 1012 1009
f 53 945 943
f 74 1071 1069
f 84 1131 1129
f 89 1162 1159
f 70 1047 1045
f 99 1221 1219
f 95 1197 1195
f 81 1114 1111
f 52 940 937
f 109 1284 1280
f 105 1260 1256
f 111 1296 1292
f 114 1314 1310
f 117 1332 1328
f 125 1380 1376
f 152 1542 1538
f 137 1451 1447
f 158 1577 1573
f 123 1367 1363
f 143 1488 1484
f 127 1392 1388
f 135 1439 1435
f 147 1512 1508
f 150 1530 1526
f 153 1548 1544
f 140 1470 1466
f 138 1457 1453
f 159 1583 1579
f 122 1361 1357
f 107 1270 1268
f 103 1246 1244
f 104 1251 1249
f 110 1287 1285
f 113 1305 1303
f 118 1335 1333
f 154 1552 1550
f 141 1474 1472
f 162 1600 1598
f 121 1353 1351
f 142 1480 1478
f 129 1402 1400
f 130 1407 1405
f 144 1491 1489
f 146 1503 1501
f 151 1534 1532
f 131 1413 1411
f 136 1443 1441
f 161 1593 1591
f 126 1384 1382
f 116 1324 1322
f 108 1276 1274
f 106 1264 1262
f 112 1300 1298
f 115 1318 1316
f 119 1342 1340
f 156 1563 1561
f 139 1461 1459
f 160 1587 1585
f 120 1348 1346
f 149 1522 1520
f 132 1419 1417
f 128 1396 1394
f 145 1498 1496
f 148 1516 1514
f 155 1558 1556
f 133 1426 1424
f 134 1432 1430
f 157 1569 1567
f 124 1371 1369
f 109 1281 1279
f 105 1257 1255
f 111 1293 1291
f 114 1311 1309
f 117 1329 1327
f 125 1377 1375
f 152 1539 1537
f 137 1450 1448
f 158 1576 1574
f 123 1366 1364
f 143 1485 1483
f 127 1389 1387
f 135 1438 1436
f 147 1509 1507
f 150 1527 1525
f 153 1545 1543
f 140 1467 1465
f 138 1456 1454
f 159 1582 1580
f 122 1360 1358
f 107 1271 1267
f 103 1247 1243
f 104 1254 1250
f 110 1290 1286
f 113 1308 1304
f 118 1338 1334
f 154 1553 1549
f 141 1475 1471
f 162 1601 1597
f 121 1356 1352
f 142 1481 1477
f 129 1403 1399
f 130 1410 1406
f 144 1494 1490
f 146 1506 1502
f 151 1535 1531
f 131 1416 1412
f 136 1446 1442
f 161 1596 1592
f 126 1385 1381
f 44 894 890
f 43 887 884
f 45 899 896
f 46 905 902
f 47 912 908
f 52 941 938
f 70 1050 1046
f 99 1224 1220
f 95 1200 1196
f 81 1115 1112
f 59 984 980
f 58 977 974
f 60 989 986
f 61 995 992
f 62 1002 998
f 65 1019 1016
f 57 971 968
f 77 1091 1088
f 86 1146 1142
f 88 1158 1154
f 98 1217 1214
f 68 1037 1034
f 48 918 914
f 78 1098 1094
f 93 1188 1184
f 69 1044 1040
f 101 1236 1232
f 97 1212 1208
f 82 1122 1118
f 50 930 926
f 89 1163 1160
f 64 1013 1010
f 53 948 944
f 74 1074 1070
f 84 1134 1130
f 90 1170 1166
f 63 1008 1004
f 55 960 956
f 76 1086 1082
f 87 1151 1148
f 72 1061 1058
f 49 923 920
f 79 1103 1100
f 96 1205 1202
f 102 1241 1238
f 91 1175 1172
f 67 1032 1028
f 56 966 962
f 75 1080 1076
f 83 1127 1124
f 66 1025 1022
f 54 953 950
f 73 1067 1064
f 85 1139 1136
f 92 1182 1178
f 71 1056 1052
f 100 1229 1226
f 94 1193 1190
f 80 1109 1106
f 51 936 932
f 116 1325 1321
f 108 1277 1273
f 106 1265 1261
f 112 1301 1297
f 115 1319 1315
f 119 1343 1339
f 156 1566 1562
f 139 1464 1460
f 160 1590 1586
f 120 1349 1345
f 149 1523 1519
f 132 1422 1418
f 128 1397 1393
f 145 1499 1495
f 148 1517 1513
f 155 1559 1555
f 133 1427 1423
f 134 1433 1429
f 157 1572 1568
f 124 1374 1370
f 44 892 894
f 43 885 887
f 45 897 899
f 46 903 905
f 47 910 912
f 52 939 941
f 70 1048 1050
f 99 1222 1224
f 95 1198 1200
f 81 1113 1115
f 59 982 984
f 58 975 977
f 60 987 989
f 61 993 995
f 62 1000 1002
f 65 1017 1019
f 57 969 971
f 77 1089 1091
f 86 1144 1146
f 88 1156 1158
f 98 1215 1217
f 68 1035 1037
f 48 916 918
f 78 1096 1098
f 93 1186 1188
f 69 1042 1044
f 101 1234 1236
f 97 1210 1212
f 82 1120 1122
f 50 928 930
f 89 1161 1163
f 64 1011 1013
f 53 946 948
f 74 1072 1074
f 84 1132 1134
f 90 1168 1170
f 63 1006 1008
f 55 958 960
f 76 1084 1086
f 87 1149 1151
f 72 1059 1061
f 49 921 923
f 79 1101 1103
f 96 1203 1205
f 102 1239 1241
f 91 1173 1175
f 67 1030 1032
f 56 964 966
f 75 1078 1080
f 83 1125 1127
f 66 1023 1025
f 54 951 953
f 73 1065 1067
f 85 1137 1139
f 92 1180 1182
f 71 1054 1056
f 100 1227 1229
f 94 1191 1193
f 80 1107 1109
f 51 934 936
f 116 1326 1325
f 108 1278 1277
f 106 1266 1265
f 112 1302 1301
f 115 1320 1319
f 119 1344 1343
f 156 1565 1566
f 139 1463 1464
f 160 1589 1590
f 120 1350 1349
f 149 1524 1523
f 132 1421 1422
f 128 1398 1397
f 145 1500 1499
f 148 1518 1517
f 155 1560 1559
f 133 1428 1427
f 134 1434 1433
f 157 1571 1572
f 124 1373 1374
f 44 889 892
f 43 883 885
f 45 895 897
f 46 901 903
f 47 907 910
f 52 937 939
f 70 1045 1048
f 99 1219 1222
f 95 1195 1198
f 81 1111 1113
f 59 979 982
f 58 973 975
f 60 985 987
f 61 991 993
f 62 997 1000
f 65 1015 1017
f 57 967 969
f 77 1087 1089
f 86 1141 1144
f 88 1153 1156
f 98 1213 1215
f 68 1033 1035
f 48 913 916
f 78 1093 1096
f 93 1183 1186
f 69 1039 1042
f 101 1231 1234
f 97 1207 1210
f 82 1117 1120
f 50 925 928
f 89 1159 1161
f 64 1009 1011
f 53 943 946
f 74 1069 1072
f 84 1129 1132
f 90 1165 1168
f 63 1003 1006
f 55 955 958
f 76 1081 1084
f 87 1147 1149
f 72 1057 1059
f 49 919 921
f 79 1099 1101
f 96 1201 1203
f 102 1237 1239
f 91 1171 1173
f 67 1027 1030
f 56 961 964
f 75 1075 1078
f 83 1123 1125
f 66 1021 1023
f 54 949 951
f 73 1063 1065
f 85 1135 1137
f 92 1177 1180
f 71 1051 1054
f 100 1225 1227
f 94 1189 1191
f 80 1105 1107
f 51 931 934
f 116 1322 1326
f 108 1274 1278
f 106 1262 1266
f 112 1298 1302
f 115 1316 1320
f 119 1340 1344
f 156 1561 1565
f 139 1459 1463
f 160 1585 1589
f 120 1346 1350
f 149 1520 1524
f 132 1417 1421
f 128 1394 1398
f 145 1496 1500
f 148 1514 1518
f 155 1556 1560
f 133 1424 1428
f 134 1430 1434
f 157 1567 1571
f 124 1369 1373
f 47 908 911
f 44 890 893
f 43 884 888
f 45 896 900
f 46 902 906
f 49 920 924
f 72 1058 1062
f 102 1238 1242
f 96 1202 1206
f 79 1100 1104
f 62 998 1001
f 59 980 983
f 58 974 978
f 60 986 990
f 61 992 996
f 66 1022 1026
f 54 950 954
f 73 1064 1068
f 85 1136 1140
f 92 1178 1181
f 101 1232 1235
f 69 1040 1043
f 50 926 929
f 82 1118 1121
f 97 1208 1211
f 71 1052 1055
f 100 1226 1230
f 94 1190 1194
f 80 1106 1110
f 51 932 935
f 90 1166 1169
f 63 1004 1007
f 55 956 959
f 76 1082 1085
f 87 1148 1152
f 91 1172 1176
f 67 1028 1031
f 56 962 965
f 75 1076 1079
f 83 1124 1128
f 68 1034 1038
f 48 914 917
f 78 1094 1097
f 93 1184 1187
f 98 1214 1218
f 88 1154 1157
f 65 1016 1020
f 57 968 972
f 77 1088 1092
f 86 1142 1145
f 64 1010 1014
f 53 944 947
f 74 1070 1073
f 84 1130 1133
f 89 1160 1164
f 70 1046 1049
f 99 1220 1223
f 95 1196 1199
f 81 1112 1116
f 52 938 942
f 109 1279 1283
f 105 1255 1259
f 111 1291 1295
f 114 1309 1313
f 117 1327 1331
f 125 1375 1379
f 152 1537 1541
f 137 1448 1452
f 158 1574 1578
f 123 1364 1368
f 143 1483 1487
f 127 1387 1391
f 135 1436 1440
f 147 1507 1511
f 150 1525 1529
f 153 1543 1547
f 140 1465 1469
f 138 1454 1458
f 159 1580 1584
f 122 1358 1362
f 107 1267 1269
f 103 1243 1245
f 104 1250 1252
f 110 1286 1288
f 113 1304 1306
f 118 1334 1336
f 154 1549 1551
f 141 1471 1473
f 162 1597 1599
f 121 1352 1354
f 142 1477 1479
f 129 1399 1401
f 130 1406 1408
f 144 1490 1492
f 146 1502 1504
f 151 1531 1533
f 131 1412 1414
f 136 1442 1444
f 161 1592 1594
f 126 1381 1383
f 116 1321 1323
f 108 1273 1275
f 106 1261 1263
f 112 1297 1299
f 115 1315 1317
f 119 1339 1341
f 156 1562 1564
f 139 1460 1462
f 160 1586 1588
f 120 1345 1347
f 149 1519 1521
f 132 1418 1420
f 128 1393 1395
f 145 1495 1497
f 148 1513 1515
f 155 1555 1557
f 133 1423 1425
f 134 1429 1431
f 157 1568 1570
f 124 1370 1372
f 109 1280 1282
f 105 1256 1258
f 111 1292 1294
f 114 1310 1312
f 117 1328 1330
f 125 1376 1378
f 152 1538 1540
f 137 1447 1449
f 158 1573 1575
f 123 1363 1365
f 143 1484 1486
f 127 1388 1390
f 135 1435 1437
f 147 1508 1510
f 150 1526 1528
f 153 1544 1546
f 140 1466 1468
f 138 1453 1455
f 159 1579 1581
f 122 1357 1359
f 107 1268 1272
f 103 1244 1248
f 104 1249 1253
f 110 1285 1289
f 113 1303 1307
f 118 1333 1337
f 154 1550 1554
f 141 1472 1476
f 162 1598 1602
f 121 1351 1355
f 142 1478 1482
f 129 1400 1404
f 130 1405 1409
f 144 1489 1493
f 146 1501 1505
f 151 1532 1536
f 131 1411 1415
f 136 1441 1445
f 161 1591 1595
f 126 1382 1386
f 47 911 909
f 44 893 891
f 43 888 886
f 45 900 898
f 46 906 904
f 49 924 922
f 72 1062 1060
f 102 1242 1240
f 96 1206 1204
f 79 1104 1102
f 62 1001 999
f 59 983 981
f 58 978 976
f 60 990 988
f 61 996 994
f 66 1026 1024
f 54 954 952
f 73 1068 1066
f 85 1140 1138
f 92 1181 1179
f 101 1235 1233
f 69 1043 1041
f 50 929 927
f 82 1121 1119
f 97 1211 1209
f 71 1055 1053
f 100 1230 1228
f 94 1194 1192
f 80 1110 1108
f 51 935 933
f 90 1169 1167
f 63 1007 1005
f 55 959 957
f 76 1085 1083
f 87 1152 1150
f 91 1176 1174
f 67 1031 1029
f 56 965 963
f 75 1079 1077
f 83 1128 1126
f 68 1038 1036
f 48 917 915
f 78 1097 1095
f 93 1187 1185
f 98 1218 1216
f 88 1157 1155
f 65 1020 1018
f 57 972 970
f 77 1092 1090
f 86 1145 1143
f 64 1014 1012
f 53 947 945
f 74 1073 1071
f 84 1133 1131
f 89 1164 1162
f 70 1049 1047
f 99 1223 1221
f 95 1199 1197
f 81 1116 1114
f 52 942 940
f 109 1283 1284
f 105 1259 1260
f 111 1295 1296
f 114 1313 1314
f 117 1331 1332
f 125 1379 1380
f 152 1541 1542
f 137 1452 1451
f 158 1578 1577
f 123 1368 1367
f 143 1487 1488
f 127 1391 1392
f 135 1440 1439
f 147 1511 1512
f 150 1529 1530
f 153 1547 1548
f 140 1469 1470
f 138 1458 1457
f 159 1584 1583
f 122 1362 1361
f 407 1609 1616
f 403 1605 1608
f 404 1611 1606
f 410 1614 1612
f 413 1617 1615
f 422 1631 1624
f 486 1688 1692
f 573 1775 1782
f 561 1763 1765
f 512 1719 1714
f 452 1654 1661
f 448 1650 1653
f 449 1656 1651
f 455 1659 1657
f 458 1662 1660
f 470 1672 1675
f 437 1646 1639
f 494 1706 1696
f 531 1735 1733
f 539 1741 1751
f 568 1770 1779
f 478 1680 1683
f 419 1621 1626
f 509 1711 1721
f 554 1756 1766
f 482 1684 1689
f 576 1780 1778
f 558 1767 1760
f 516 1722 1718
f 425 1627 1629
f 542 1744 1747
f 463 1668 1665
f 434 1636 1641
f 497 1699 1704
f 528 1730 1737
f 546 1748 1750
f 464 1666 1676
f 440 1642 1644
f 500 1705 1702
f 524 1736 1726
f 479 1691 1681
f 418 1623 1620
f 508 1713 1710
f 553 1764 1755
f 569 1781 1771
f 538 1749 1740
f 471 1677 1673
f 443 1645 1647
f 501 1703 1707
f 523 1725 1734
f 467 1674 1669
f 433 1638 1635
f 493 1695 1698
f 527 1732 1729
f 543 1752 1745
f 485 1690 1687
f 572 1777 1774
f 557 1759 1762
f 515 1717 1720
f 428 1630 1632
f 591 2191 2189
f 587 1885 1883
f 588 1901 1903
f 594 2279 2281
f 597 2315 2317
f 600 2171 2173
f 634 2160 2158
f 619 2016 2012
f 639 2214 2210
f 602 1919 1924
f 624 2137 2135
f 608 1978 1973
f 610 1991 1996
f 627 2225 2227
f 630 2302 2304
f 635 2178 2176
f 615 2153 2155
f 617 2009 2014
f 637 2207 2212
f 604 1926 1922
f 416 1857 1864
f 408 1803 1810
f 406 1786 1795
f 412 1822 1831
f 415 1840 1849
f 424 1876 1887
f 492 2182 2193
f 582 2312 2321
f 565 2276 2285
f 514 1898 1907
f 461 2091 2098
f 453 2037 2044
f 451 1952 1961
f 457 2056 2067
f 460 2074 2083
f 475 2128 2139
f 439 1966 1975
f 496 1988 1997
f 533 2222 2231
f 551 2293 2298
f 579 2185 2190
f 483 1879 1884
f 426 1893 1900
f 521 2271 2278
f 566 2307 2314
f 489 2163 2170
f 578 2150 2159
f 560 2006 2015
f 518 2204 2213
f 429 1911 1918
f 547 2131 2136
f 465 1969 1977
f 441 1983 1990
f 504 2217 2224
f 537 2290 2301
f 550 2168 2177
f 476 2145 2152
f 444 2001 2008
f 502 2199 2206
f 526 1916 1925
f 481 1808 1817
f 420 1789 1797
f 510 1825 1833
f 555 1843 1851
f 571 1862 1871
f 540 1933 1941
f 473 2110 2119
f 447 2020 2029
f 507 2236 2247
f 534 2257 2262
f 469 2042 2051
f 435 1947 1954
f 498 2059 2064
f 529 2077 2085
f 545 2096 2105
f 487 2113 2121
f 574 2023 2031
f 562 2239 2244
f 520 2254 2265
f 432 1930 1939
f 589 1818 1814
f 583 1798 1793
f 586 1834 1829
f 593 1852 1847
f 596 1872 1868
f 599 1942 1937
f 633 2120 2124
f 620 2030 2034
f 640 2248 2250
f 603 2263 2261
f 622 2052 2050
f 607 1955 1960
f 612 2065 2063
f 626 2086 2081
f 629 2106 2102
f 631 2122 2117
f 614 2032 2027
f 618 2245 2243
f 641 2266 2268
f 605 1940 1944
f 409 1813 1804
f 405 1792 1785
f 411 1828 1821
f 414 1846 1839
f 417 1867 1858
f 431 1936 1929
f 488 2123 2114
f 575 2033 2024
f 563 2249 2240
f 519 2260 2253
f 454 2049 2038
f 450 1959 1951
f 456 2062 2055
f 459 2080 2073
f 462 2101 2092
f 472 2116 2109
f 446 2026 2019
f 506 2242 2235
f 535 2267 2258
f 541 1943 1934
f 570 1869 1861
f 480 1815 1807
f 421 1799 1790
f 511 1835 1826
f 556 1853 1844
f 484 1889 1880
f 580 2195 2186
f 567 2319 2308
f 522 2283 2272
f 427 1905 1894
f 544 2103 2095
f 468 2046 2041
f 436 1957 1948
f 499 2069 2060
f 530 2087 2078
f 548 2141 2132
f 466 1979 1970
f 442 1993 1984
f 505 2229 2218
f 536 2296 2289
f 491 2188 2181
f 423 1882 1875
f 513 1902 1897
f 564 2280 2275
f 581 2316 2311
f 549 2172 2167
f 477 2157 2146
f 445 2011 2002
f 503 2209 2200
f 525 1923 1915
f 474 2134 2127
f 438 1972 1965
f 495 1995 1987
f 532 2226 2221
f 552 2303 2294
f 490 2175 2164
f 577 2154 2149
f 559 2013 2005
f 517 2211 2203
f 430 1921 1912
f 590 1865 1870
f 584 1811 1816
f 585 1796 1800
f 592 1832 1836
f 595 1850 1854
f 598 1888 1890
f 636 2194 2196
f 621 2322 2320
f 642 2286 2284
f 601 1908 1906
f 623 2099 2104
f 611 2045 2047
f 609 1962 1958
f 625 2068 2070
f 628 2084 2088
f 632 2140 2142
f 613 1976 1980
f 616 1998 1994
f 638 2232 2230
f 606 2299 2297
f 407 2330 2329
f 403 2324 2323
f 404 2325 2326
f 410 2332 2333
f 413 2335 2336
f 422 2344 2345
f 486 2410 2409
f 573 2497 2496
f 561 2486 2485
f 512 2434 2435
f 452 2375 2374
f 448 2369 2368
f 449 2370 2371
f 455 2377 2378
f 458 2380 2381
f 470 2393 2392
f 437 2359 2360
f 494 2415 2416
f 531 2455 2456
f 539 2461 2460
f 568 2489 2488
f 478 2399 2398
f 419 2341 2340
f 509 2431 2430
f 554 2476 2475
f 482 2405 2404
f 576 2500 2501
f 558 2481 2482
f 516 2439 2440
f 425 2348 2347
f 542 2465 2464
f 463 2383 2384
f 434 2356 2355
f 497 2420 2419
f 528 2452 2451
f 546 2471 2470
f 464 2386 2385
f 440 2363 2362
f 500 2422 2423
f 524 2445 2446
f 479 2400 2401
f 418 2338 2339
f 508 2428 2429
f 553 2473 2474
f 569 2490 2491
f 538 2458 2459
f 471 2394 2395
f 443 2366 2365
f 501 2425 2424
f 523 2444 2443
f 467 2389 2390
f 433 2353 2354
f 493 2414 2413
f 527 2449 2450
f 543 2466 2467
f 485 2407 2408
f 572 2494 2495
f 557 2480 2479
f 515 2438 2437
f 428 2351 2350
f 591 2510 2511
f 587 2504 2505
f 588 2508 2507
f 594 2514 2513
f 597 2517 2516
f 600 2520 2519
f 634 2554 2556
f 619 2539 2540
f 639 2560 2561
f 602 2523 2521
f 624 2543 2544
f 608 2527 2529
f 610 2532 2530
f 627 2547 2546
f 630 2550 2549
f 635 2552 2553
f 615 2535 2534
f 617 2538 2536
f 637 2558 2557
f 604 2524 2525
f 167 1607 647
f 164 1603 644
f 163 1604 643
f 165 1610 645
f 166 1613 646
f 169 1622 649
f 192 1686 672
f 222 1773 702
f 216 1761 696
f 199 1712 679
f 182 1652 662
f 179 1648 659
f 178 1649 658
f 180 1655 660
f 181 1658 661
f 186 1670 666
f 174 1637 654
f 193 1694 673
f 205 1731 685
f 212 1739 692
f 221 1768 701
f 189 1678 669
f 170 1619 650
f 202 1709 682
f 217 1754 697
f 191 1682 671
f 220 1776 700
f 214 1758 694
f 200 1716 680
f 171 1625 651
f 210 1742 690
f 183 1663 663
f 175 1634 655
f 196 1697 676
f 207 1728 687
f 211 1746 691
f 187 1664 667
f 176 1640 656
f 195 1700 675
f 203 1724 683
f 188 1679 668
f 168 1618 648
f 198 1708 678
f 213 1753 693
f 218 1769 698
f 208 1738 688
f 185 1671 665
f 177 1643 657
f 197 1701 677
f 206 1723 686
f 184 1667 664
f 173 1633 653
f 194 1693 674
f 204 1727 684
f 209 1743 689
f 190 1685 670
f 219 1772 699
f 215 1757 695
f 201 1715 681
f 172 1628 652
f 357 2187 837
f 255 1881 735
f 262 1899 742
f 388 2277 868
f 400 2313 880
f 352 2169 832
f 347 2156 827
f 298 2010 778
f 364 2208 844
f 269 1917 749
f 339 2133 819
f 285 1971 765
f 293 1989 773
f 370 2223 850
f 396 2300 876
f 353 2174 833
f 346 2151 826
f 299 2007 779
f 365 2205 845
f 268 1920 748
f 249 1855 729
f 231 1801 711
f 226 1784 706
f 238 1820 718
f 244 1838 724
f 257 1874 737
f 359 2180 839
f 402 2310 882
f 390 2274 870
f 264 1896 744
f 327 2089 807
f 309 2035 789
f 282 1950 762
f 317 2054 797
f 322 2072 802
f 341 2126 821
f 286 1964 766
f 294 1986 774
f 372 2220 852
f 394 2291 874
f 358 2183 838
f 256 1877 736
f 261 1891 741
f 387 2269 867
f 399 2305 879
f 351 2161 831
f 348 2148 828
f 300 2004 780
f 366 2202 846
f 267 1909 747
f 340 2129 820
f 287 1967 767
f 291 1981 771
f 369 2215 849
f 395 2288 875
f 354 2166 834
f 345 2143 825
f 297 1999 777
f 363 2197 843
f 270 1914 750
f 234 1806 714
f 227 1787 707
f 239 1823 719
f 245 1841 725
f 252 1860 732
f 275 1931 755
f 334 2108 814
f 304 2018 784
f 377 2234 857
f 382 2255 862
f 312 2040 792
f 279 1945 759
f 316 2057 796
f 323 2075 803
f 330 2094 810
f 335 2111 815
f 305 2021 785
f 376 2237 856
f 383 2252 863
f 274 1928 754
f 232 1812 712
f 225 1791 705
f 237 1827 717
f 243 1845 723
f 250 1866 730
f 273 1935 753
f 336 2118 816
f 306 2028 786
f 378 2246 858
f 381 2259 861
f 311 2048 791
f 281 1953 761
f 315 2061 795
f 321 2079 801
f 328 2100 808
f 333 2115 813
f 303 2025 783
f 375 2241 855
f 384 2264 864
f 276 1938 756
f 229 1802 709
f 223 1783 703
f 235 1819 715
f 241 1837 721
f 247 1856 727
f 271 1927 751
f 332 2112 812
f 302 2022 782
f 374 2238 854
f 379 2251 859
f 307 2036 787
f 278 1949 758
f 313 2053 793
f 319 2071 799
f 325 2090 805
f 331 2107 811
f 301 2017 781
f 373 2233 853
f 380 2256 860
f 272 1932 752
f 248 1859 728
f 230 1805 710
f 224 1788 704
f 236 1824 716
f 242 1842 722
f 254 1878 734
f 356 2184 836
f 397 2306 877
f 385 2270 865
f 259 1892 739
f 326 2093 806
f 308 2039 788
f 277 1946 757
f 314 2058 794
f 320 2076 800
f 338 2130 818
f 284 1968 764
f 289 1982 769
f 367 2216 847
f 391 2287 871
f 355 2179 835
f 253 1873 733
f 260 1895 740
f 386 2273 866
f 398 2309 878
f 350 2165 830
f 343 2144 823
f 295 2000 775
f 361 2198 841
f 266 1913 746
f 337 2125 817
f 283 1963 763
f 290 1985 770
f 368 2219 848
f 392 2292 872
f 349 2162 829
f 344 2147 824
f 296 2003 776
f 362 2201 842
f 265 1910 745
f 251 1863 731
f 233 1809 713
f 228 1794 708
f 240 1830 720
f 246 1848 726
f 258 1886 738
f 360 2192 840
f 401 2318 881
f 389 2282 869
f 263 1904 743
f 329 2097 809
f 310 2043 790
f 280 1956 760
f 318 2066 798
f 324 2082 804
f 342 2138 822
f 288 1974 768
f 292 1992 772
f 371 2228 851
f 393 2295 873
f 409 2331 1269
f 405 2327 1245
f 411 2328 1252
f 414 2334 1288
f 417 2337 1306
f 431 2346 1336
f 488 2412 1551
f 575 2499 1473
f 563 2487 1599
f 519 2436 1354
f 454 2376 1479
f 450 2372 1401
f 456 2373 1408
f 459 2379 1492
f 462 2382 1504
f 472 2396 1533
f 446 2361 1414
f 506 2418 1444
f 535 2457 1594
f 541 2463 1383
f 570 2492 1323
f 480 2402 1275
f 421 2343 1263
f 511 2433 1299
f 556 2478 1317
f 484 2406 1341
f 580 2502 1564
f 567 2484 1462
f 522 2442 1588
f 427 2349 1347
f 544 2468 1521
f 468 2387 1420
f 436 2358 1395
f 499 2421 1497
f 530 2454 1515
f 548 2472 1557
f 466 2388 1425
f 442 2364 1431
f 505 2426 1570
f 536 2448 1372
f 491 2403 1282
f 423 2342 1258
f 513 2432 1294
f 564 2477 1312
f 581 2493 1330
f 549 2462 1378
f 477 2397 1540
f 445 2367 1449
f 503 2427 1575
f 525 2447 1365
f 474 2391 1486
f 438 2357 1390
f 495 2417 1437
f 532 2453 1510
f 552 2469 1528
f 490 2411 1546
f 577 2498 1468
f 559 2483 1455
f 517 2441 1581
f 430 2352 1359
f 590 2509 1272
f 584 2503 1248
f 585 2506 1253
f 592 2512 1289
f 595 2515 1307
f 598 2518 1337
f 636 2555 1554
f 621 2541 1476
f 642 2562 1602
f 601 2522 1355
f 623 2542 1482
f 611 2528 1404
f 609 2531 1409
f 625 2545 1493
f 628 2548 1505
f 632 2551 1536
f 613 2533 1415
f 616 2537 1445
f 638 2559 1595
f 606 2526 1386
f 407 1616 909
f 403 1608 891
f 404 1606 886
f 410 1612 898
f 413 1615 904
f 422 1624 922
f 486 1692 1060
f 573 1782 1240
f 561 1765 1204
f 512 1714 1102
f 452 1661 999
f 448 1653 981
f 449 1651 976
f 455 1657 988
f 458 1660 994
f 470 1675 1024
f 437 1639 952
f 494 1696 1066
f 531 1733 1138
f 539 1751 1179
f 568 1779 1233
f 478 1683 1041
f 419 1626 927
f 509 1721 1119
f 554 1766 1209
f 482 1689 1053
f 576 1778 1228
f 558 1760 1192
f 516 1718 1108
f 425 1629 933
f 542 1747 1167
f 463 1665 1005
f 434 1641 957
f 497 1704 1083
f 528 1737 1150
f 546 1750 1174
f 464 1676 1029
f 440 1644 963
f 500 1702 1077
f 524 1726 1126
f 479 1681 1036
f 418 1620 915
f 508 1710 1095
f 553 1755 1185
f 569 1771 1216
f 538 1740 1155
f 471 1673 1018
f 443 1647 970
f 501 1707 1090
f 523 1734 1143
f 467 1669 1012
f 433 1635 945
f 493 1698 1071
f 527 1729 1131
f 543 1745 1162
f 485 1687 1047
f 572 1774 1221
f 557 1762 1197
f 515 1720 1114
f 428 1632 940
f 591 2189 1284
f 587 1883 1260
f 588 1903 1296
f 594 2281 1314
f 597 2317 1332
f 600 2173 1380
f 634 2158 1542
f 619 2012 1451
f 639 2210 1577
f 602 1924 1367
f 624 2135 1488
f 608 1973 1392
f 610 1996 1439
f 627 2227 1512
f 630 2304 1530
f 635 2176 1548
f 615 2155 1470
f 617 2014 1457
f 637 2212 1583
f 604 1922 1361
f 416 1864 1270
f 408 1810 1246
f 406 1795 1251
f 412 1831 1287
f 415 1849 1305
f 424 1887 1335
f 492 2193 1552
f 582 2321 1474
f 565 2285 1600
f 514 1907 1353
f 461 2098 1480
f 453 2044 1402
f 451 1961 1407
f 457 2067 1491
f 460 2083 1503
f 475 2139 1534
f 439 1975 1413
f 496 1997 1443
f 533 2231 1593
f 551 2298 1384
f 579 2190 1324
f 483 1884 1276
f 426 1900 1264
f 521 2278 1300
f 566 2314 1318
f 489 2170 1342
f 578 2159 1563
f 560 2015 1461
f 518 2213 1587
f 429 1918 1348
f 547 2136 1522
f 465 1977 1419
f 441 1990 1396
f 504 2224 1498
f 537 2301 1516
f 550 2177 1558
f 476 2152 1426
f 444 2008 1432
f 502 2206 1569
f 526 1925 1371
f 481 1817 1281
f 420 1797 1257
f 510 1833 1293
f 555 1851 1311
f 571 1871 1329
f 540 1941 1377
f 473 2119 1539
f 447 2029 1450
f 507 2247 1576
f 534 2262 1366
f 469 2051 1485
f 435 1954 1389
f 498 2064 1438
f 529 2085 1509
f 545 2105 1527
f 487 2121 1545
f 574 2031 1467
f 562 2244 1456
f 520 2265 1582
f 432 1939 1360
f 589 1814 1271
f 583 1793 1247
f 586 1829 1254
f 593 1847 1290
f 596 1868 1308
f 599 1937 1338
f 633 2124 1553
f 620 2034 1475
f 640 2250 1601
f 603 2261 1356
f 622 2050 1481
f 607 1960 1403
f 612 2063 1410
f 626 2081 1494
f 629 2102 1506
f 631 2117 1535
f 614 2027 1416
f 618 2243 1446
f 641 2268 1596
f 605 1944 1385
f 409 1804 894
f 405 1785 887
f 411 1821 899
f 414 1839 905
f 417 1858 912
f 431 1929 941
f 488 2114 1050
f 575 2024 1224
f 563 2240 1200
f 519 2253 1115
f 454 2038 984
f 450 1951 977
f 456 2055 989
f 459 2073 995
f 462 2092 1002
f 472 2109 1019
f 446 2019 971
f 506 2235 1091
f 535 2258 1146
f 541 1934 1158
f 570 1861 1217
f 480 1807 1037
f 421 1790 918
f 511 1826 1098
f 556 1844 1188
f 484 1880 1044
f 580 2186 1236
f 567 2308 1212
f 522 2272 1122
f 427 1894 930
f 544 2095 1163
f 468 2041 1013
f 436 1948 948
f 499 2060 1074
f 530 2078 1134
f 548 2132 1170
f 466 1970 1008
f 442 1984 960
f 505 2218 1086
f 536 2289 1151
f 491 2181 1061
f 423 1875 923
f 513 1897 1103
f 564 2275 1205
f 581 2311 1241
f 549 2167 1175
f 477 2146 1032
f 445 2002 966
f 503 2200 1080
f 525 1915 1127
f 474 2127 1025
f 438 1965 953
f 495 1987 1067
f 532 2221 1139
f 552 2294 1182
f 490 2164 1056
f 577 2149 1229
f 559 2005 1193
f 517 2203 1109
f 430 1912 936
f 590 1870 1325
f 584 1816 1277
f 585 1800 1265
f 592 1836 1301
f 595 1854 1319
f 598 1890 1343
f 636 2196 1566
f 621 2320 1464
f 642 2284 1590
f 601 1906 1349
f 623 2104 1523
f 611 2047 1422
f 609 1958 1397
f 625 2070 1499
f 628 2088 1517
f 632 2142 1559
f 613 1980 1427
f 616 1994 1433
f 638 2230 1572
f 606 2297 1374
f 407 2329 892
f 403 2323 885
f 404 2326 897
f 410 2333 903
f 413 2336 910
f 422 2345 939
f 486 2409 1048
f 573 2496 1222
f 561 2485 1198
f 512 2435 1113
f 452 2374 982
f 448 2368 975
f 449 2371 987
f 455 2378 993
f 458 2381 1000
f 470 2392 1017
f 437 2360 969
f 494 2416 1089
f 531 2456 1144
f 539 2460 1156
f 568 2488 1215
f 478 2398 1035
f 419 2340 916
f 509 2430 1096
f 554 2475 1186
f 482 2404 1042
f 576 2501 1234
f 558 2482 1210
f 516 2440 1120
f 425 2347 928
f 542 2464 1161
f 463 2384 1011
f 434 2355 946
f 497 2419 1072
f 528 2451 1132
f 546 2470 1168
f 464 2385 1006
f 440 2362 958
f 500 2423 1084
f 524 2446 1149
f 479 2401 1059
f 418 2339 921
f 508 2429 1101
f 553 2474 1203
f 569 2491 1239
f 538 2459 1173
f 471 2395 1030
f 443 2365 964
f 501 2424 1078
f 523 2443 1125
f 467 2390 1023
f 433 2354 951
f 493 2413 1065
f 527 2450 1137
f 543 2467 1180
f 485 2408 1054
f 572 2495 1227
f 557 2479 1191
f 515 2437 1107
f 428 2350 934
f 591 2511 1326
f 587 2505 1278
f 588 2507 1266
f 594 2513 1302
f 597 2516 1320
f 600 2519 1344
f 634 2556 1565
f 619 2540 1463
f 639 2561 1589
f 602 2521 1350
f 624 2544 1524
f 608 2529 1421
f 610 2530 1398
f 627 2546 1500
f 630 2549 1518
f 635 2553 1560
f 615 2534 1428
f 617 2536 1434
f 637 2557 1571
f 604 2525 1373
f 164 1609 889
f 163 1605 883
f 165 1611 895
f 166 1614 901
f 167 1617 907
f 172 1631 937
f 190 1688 1045
f 219 1775 1219
f 215 1763 1195
f 201 1719 1111
f 179 1654 979
f 178 1650 973
f 180 1656 985
f 181 1659 991
f 182 1662 997
f 185 1672 1015
f 177 1646 967
f 197 1706 1087
f 206 1735 1141
f 208 1741 1153
f 218 1770 1213
f 188 1680 1033
f 168 1621 913
f 198 1711 1093
f 213 1756 1183
f 189 1684 1039
f 221 1780 1231
f 217 1767 1207
f 202 1722 1117
f 170 1627 925
f 209 1744 1159
f 184 1668 1009
f 173 1636 943
f 194 1699 1069
f 204 1730 1129
f 210 1748 1165
f 183 1666 1003
f 175 1642 955
f 196 1705 1081
f 207 1736 1147
f 192 1691 1057
f 169 1623 919
f 199 1713 1099
f 216 1764 1201
f 222 1781 1237
f 211 1749 1171
f 187 1677 1027
f 176 1645 961
f 195 1703 1075
f 203 1725 1123
f 186 1674 1021
f 174 1638 949
f 193 1695 1063
f 205 1732 1135
f 212 1752 1177
f 191 1690 1051
f 220 1777 1225
f 214 1759 1189
f 200 1717 1105
f 171 1630 931
f 358 2191 1322
f 256 1885 1274
f 261 1901 1262
f 387 2279 1298
f 399 2315 1316
f 351 2171 1340
f 348 2160 1561
f 300 2016 1459
f 366 2214 1585
f 267 1919 1346
f 340 2137 1520
f 287 1978 1417
f 291 1991 1394
f 369 2225 1496
f 395 2302 1514
f 354 2178 1556
f 345 2153 1424
f 297 2009 1430
f 363 2207 1567
f 270 1926 1369
f 247 1857 908
f 229 1803 890
f 223 1786 884
f 235 1822 896
f 241 1840 902
f 253 1876 920
f 355 2182 1058
f 398 2312 1238
f 386 2276 1202
f 260 1898 1100
f 325 2091 998
f 307 2037 980
f 278 1952 974
f 313 2056 986
f 319 2074 992
f 337 2128 1022
f 283 1966 950
f 290 1988 1064
f 368 2222 1136
f 392 2293 1178
f 356 2185 1232
f 254 1879 1040
f 259 1893 926
f 385 2271 1118
f 397 2307 1208
f 349 2163 1052
f 344 2150 1226
f 296 2006 1190
f 362 2204 1106
f 265 1911 932
f 338 2131 1166
f 284 1969 1004
f 289 1983 956
f 367 2217 1082
f 391 2290 1148
f 350 2168 1172
f 343 2145 1028
f 295 2001 962
f 361 2199 1076
f 266 1916 1124
f 230 1808 1034
f 224 1789 914
f 236 1825 1094
f 242 1843 1184
f 248 1862 1214
f 272 1933 1154
f 331 2110 1016
f 301 2020 968
f 373 2236 1088
f 380 2257 1142
f 308 2042 1010
f 277 1947 944
f 314 2059 1070
f 320 2077 1130
f 326 2096 1160
f 332 2113 1046
f 302 2023 1220
f 374 2239 1196
f 379 2254 1112
f 271 1930 938
f 234 1818 1279
f 227 1798 1255
f 239 1834 1291
f 245 1852 1309
f 252 1872 1327
f 275 1942 1375
f 334 2120 1537
f 304 2030 1448
f 377 2248 1574
f 382 2263 1364
f 312 2052 1483
f 279 1955 1387
f 316 2065 1436
f 323 2086 1507
f 330 2106 1525
f 335 2122 1543
f 305 2032 1465
f 376 2245 1454
f 383 2266 1580
f 274 1940 1358
f 232 1813 1267
f 225 1792 1243
f 237 1828 1250
f 243 1846 1286
f 250 1867 1304
f 273 1936 1334
f 336 2123 1549
f 306 2033 1471
f 378 2249 1597
f 381 2260 1352
f 311 2049 1477
f 281 1959 1399
f 315 2062 1406
f 321 2080 1490
f 328 2101 1502
f 333 2116 1531
f 303 2026 1412
f 375 2242 1442
f 384 2267 1592
f 276 1943 1381
f 251 1869 1321
f 233 1815 1273
f 228 1799 1261
f 240 1835 1297
f 246 1853 1315
f 258 1889 1339
f 360 2195 1562
f 401 2319 1460
f 389 2283 1586
f 263 1905 1345
f 329 2103 1519
f 310 2046 1418
f 280 1957 1393
f 318 2069 1495
f 324 2087 1513
f 342 2141 1555
f 288 1979 1423
f 292 1993 1429
f 371 2229 1568
f 393 2296 1370
f 357 2188 1280
f 255 1882 1256
f 262 1902 1292
f 388 2280 1310
f 400 2316 1328
f 352 2172 1376
f 347 2157 1538
f 298 2011 1447
f 364 2209 1573
f 269 1923 1363
f 339 2134 1484
f 285 1972 1388
f 293 1995 1435
f 370 2226 1508
f 396 2303 1526
f 353 2175 1544
f 346 2154 1466
f 299 2013 1453
f 365 2211 1579
f 268 1921 1357
f 249 1865 1268
f 231 1811 1244
f 226 1796 1249
f 238 1832 1285
f 244 1850 1303
f 257 1888 1333
f 359 2194 1550
f 402 2322 1472
f 390 2286 1598
f 264 1908 1351
f 327 2099 1478
f 309 2045 1400
f 282 1962 1405
f 317 2068 1489
f 322 2084 1501
f 341 2140 1532
f 286 1976 1411
f 294 1998 1441
f 372 2232 1591
f 394 2299 1382
f 416 2330 911
f 408 2324 893
f 406 2325 888
f 412 2332 900
f 415 2335 906
f 424 2344 924
f 492 2410 1062
f 582 2497 1242
f 565 2486 1206
f 514 2434 1104
f 461 2375 1001
f 453 2369 983
f 451 2370 978
f 457 2377 990
f 460 2380 996
f 475 2393 1026
f 439 2359 954
f 496 2415 1068
f 533 2455 1140
f 551 2461 1181
f 579 2489 1235
f 483 2399 1043
f 426 2341 929
f 521 2431 1121
f 566 2476 1211
f 489 2405 1055
f 578 2500 1230
f 560 2481 1194
f 518 2439 1110
f 429 2348 935
f 547 2465 1169
f 465 2383 1007
f 441 2356 959
f 504 2420 1085
f 537 2452 1152
f 550 2471 1176
f 476 2386 1031
f 444 2363 965
f 502 2422 1079
f 526 2445 1128
f 481 2400 1038
f 420 2338 917
f 510 2428 1097
f 555 2473 1187
f 571 2490 1218
f 540 2458 1157
f 473 2394 1020
f 447 2366 972
f 507 2425 1092
f 534 2444 1145
f 469 2389 1014
f 435 2353 947
f 498 2414 1073
f 529 2449 1133
f 545 2466 1164
f 487 2407 1049
f 574 2494 1223
f 562 2480 1199
f 520 2438 1116
f 432 2351 942
f 589 2510 1283
f 583 2504 1259
f 586 2508 1295
f 593 2514 1313
f 596 2517 1331
f 599 2520 1379
f 633 2554 1541
f 620 2539 1452
f 640 2560 1578
f 603 2523 1368
f 622 2543 1487
f 607 2527 1391
f 612 2532 1440
f 626 2547 1511
f 629 2550 1529
f 631 2552 1547
f 614 2535 1469
f 618 2538 1458
f 641 2558 1584
f 605 2524 1362
f 164 1607 1609
f 163 1603 1605
f 165 1604 1611
f 166 1610 1614
f 167 1613 1617
f 172 1622 1631
f 190 1686 1688
f 219 1773 1775
f 215 1761 1763
f 201 1712 1719
f 179 1652 1654
f 178 1648 1650
f 180 1649 1656
f 181 1655 1659
f 182 1658 1662
f 185 1670 1672
f 177 1637 1646
f 197 1694 1706
f 206 1731 1735
f 208 1739 1741
f 218 1768 1770
f 188 1678 1680
f 168 1619 1621
f 198 1709 1711
f 213 1754 1756
f 189 1682 1684
f 221 1776 1780
f 217 1758 1767
f 202 1716 1722
f 170 1625 1627
f 209 1742 1744
f 184 1663 1668
f 173 1634 1636
f 194 1697 1699
f 204 1728 1730
f 210 1746 1748
f 183 1664 1666
f 175 1640 1642
f 196 1700 1705
f 207 1724 1736
f 192 1679 1691
f 169 1618 1623
f 199 1708 1713
f 216 1753 1764
f 222 1769 1781
f 211 1738 1749
f 187 1671 1677
f 176 1643 1645
f 195 1701 1703
f 203 1723 1725
f 186 1667 1674
f 174 1633 1638
f 193 1693 1695
f 205 1727 1732
f 212 1743 1752
f 191 1685 1690
f 220 1772 1777
f 214 1757 1759
f 200 1715 1717
f 171 1628 1630
f 358 2187 2191
f 256 1881 1885
f 261 1899 1901
f 387 2277 2279
f 399 2313 2315
f 351 2169 2171
f 348 2156 2160
f 300 2010 2016
f 366 2208 2214
f 267 1917 1919
f 340 2133 2137
f 287 1971 1978
f 291 1989 1991
f 369 2223 2225
f 395 2300 2302
f 354 2174 2178
f 345 2151 2153
f 297 2007 2009
f 363 2205 2207
f 270 1920 1926
f 247 1855 1857
f 229 1801 1803
f 223 1784 1786
f 235 1820 1822
f 241 1838 1840
f 253 1874 1876
f 355 2180 2182
f 398 2310 2312
f 386 2274 2276
f 260 1896 1898
f 325 2089 2091
f 307 2035 2037
f 278 1950 1952
f 313 2054 2056
f 319 2072 2074
f 337 2126 2128
f 283 1964 1966
f 290 1986 1988
f 368 2220 2222
f 392 2291 2293
f 356 2183 2185
f 254 1877 1879
f 259 1891 1893
f 385 2269 2271
f 397 2305 2307
f 349 2161 2163
f 344 2148 2150
f 296 2004 2006
f 362 2202 2204
f 265 1909 1911
f 338 2129 2131
f 284 1967 1969
f 289 1981 1983
f 367 2215 2217
f 391 2288 2290
f 350 2166 2168
f 343 2143 2145
f 295 1999 2001
f 361 2197 2199
f 266 1914 1916
f 230 1806 1808
f 224 1787 1789
f 236 1823 1825
f 242 1841 1843
f 248 1860 1862
f 272 1931 1933
f 331 2108 2110
f 301 2018 2020
f 373 2234 2236
f 380 2255 2257
f 308 2040 2042
f 277 1945 1947
f 314 2057 2059
f 320 2075 2077
f 326 2094 2096
f 332 2111 2113
f 302 2021 2023
f 374 2237 2239
f 379 2252 2254
f 271 1928 1930
f 234 1812 1818
f 227 1791 1798
f 239 1827 1834
f 245 1845 1852
f 252 1866 1872
f 275 1935 1942
f 334 2118 2120
f 304 2028 2030
f 377 2246 2248
f 382 2259 2263
f 312 2048 2052
f 279 1953 1955
f 316 2061 2065
f 323 2079 2086
f 330 2100 2106
f 335 2115 2122
f 305 2025 2032
f 376 2241 2245
f 383 2264 2266
f 274 1938 1940
f 232 1802 1813
f 225 1783 1792
f 237 1819 1828
f 243 1837 1846
f 250 1856 1867
f 273 1927 1936
f 336 2112 2123
f 306 2022 2033
f 378 2238 2249
f 381 2251 2260
f 311 2036 2049
f 281 1949 1959
f 315 2053 2062
f 321 2071 2080
f 328 2090 2101
f 333 2107 2116
f 303 2017 2026
f 375 2233 2242
f 384 2256 2267
f 276 1932 1943
f 251 1859 1869
f 233 1805 1815
f 228 1788 1799
f 240 1824 1835
f 246 1842 1853
f 258 1878 1889
f 360 2184 2195
f 401 2306 2319
f 389 2270 2283
f 263 1892 1905
f 329 2093 2103
f 310 2039 2046
f 280 1946 1957
f 318 2058 2069
f 324 2076 2087
f 342 2130 2141
f 288 1968 1979
f 292 1982 1993
f 371 2216 2229
f 393 2287 2296
f 357 2179 2188
f 255 1873 1882
f 262 1895 1902
f 388 2273 2280
f 400 2309 2316
f 352 2165 2172
f 347 2144 2157
f 298 2000 2011
f 364 2198 2209
f 269 1913 1923
f 339 2125 2134
f 285 1963 1972
f 293 1985 1995
f 370 2219 2226
f 396 2292 2303
f 353 2162 2175
f 346 2147 2154
f 299 2003 2013
f 365 2201 2211
f 268 1910 1921
f 249 1863 1865
f 231 1809 1811
f 226 1794 1796
f 238 1830 1832
f 244 1848 1850
f 257 1886 1888
f 359 2192 2194
f 402 2318 2322
f 390 2282 2286
f 264 1904 1908
f 327 2097 2099
f 309 2043 2045
f 282 1956 1962
f 317 2066 2068
f 322 2082 2084
f 341 2138 2140
f 286 1974 1976
f 294 1992 1998
f 372 2228 2232
f 394 2295 2299
f 416 2331 2330
f 408 2327 2324
f 406 2328 2325
f 412 2334 2332
f 415 2337 2335
f 424 2346 2344
f 492 2412 2410
f 582 2499 2497
f 565 2487 2486
f 514 2436 2434
f 461 2376 2375
f 453 2372 2369
f 451 2373 2370
f 457 2379 2377
f 460 2382 2380
f 475 2396 2393
f 439 2361 2359
f 496 2418 2415
f 533 2457 2455
f 551 2463 2461
f 579 2492 2489
f 483 2402 2399
f 426 2343 2341
f 521 2433 2431
f 566 2478 2476
f 489 2406 2405
f 578 2502 2500
f 560 2484 2481
f 518 2442 2439
f 429 2349 2348
f 547 2468 2465
f 465 2387 2383
f 441 2358 2356
f 504 2421 2420
f 537 2454 2452
f 550 2472 2471
f 476 2388 2386
f 444 2364 2363
f 502 2426 2422
f 526 2448 2445
f 481 2403 2400
f 420 2342 2338
f 510 2432 2428
f 555 2477 2473
f 571 2493 2490
f 540 2462 2458
f 473 2397 2394
f 447 2367 2366
f 507 2427 2425
f 534 2447 2444
f 469 2391 2389
f 435 2357 2353
f 498 2417 2414
f 529 2453 2449
f 545 2469 2466
f 487 2411 2407
f 574 2498 2494
f 562 2483 2480
f 520 2441 2438
f 432 2352 2351
f 589 2509 2510
f 583 2503 2504
f 586 2506 2508
f 593 2512 2514
f 596 2515 2517
f 599 2518 2520
f 633 2555 2554
f 620 2541 2539
f 640 2562 2560
f 603 2522 2523
f 622 2542 2543
f 607 2528 2527
f 612 2531 2532
f 626 2545 2547
f 629 2548 2550
f 631 2551 2552
f 614 2533 2535
f 618 2537 2538
f 641 2559 2558
f 605 2526 2524
f 164 644 1607
f 163 643 1603
f 165 645 1604
f 166 646 1610
f 167 647 1613
f 172 652 1622
f 190 670 1686
f 219 699 1773
f 215 695 1761
f 201 681 1712
f 179 659 1652
f 178 658 1648
f 180 660 1649
f 181 661 1655
f 182 662 1658
f 185 665 1670
f 177 657 1637
f 197 677 1694
f 206 686 1731
f 208 688 1739
f 218 698 1768
f 188 668 1678
f 168 648 1619
f 198 678 1709
f 213 693 1754
f 189 669 1682
f 221 701 1776
f 217 697 1758
f 202 682 1716
f 170 650 1625
f 209 689 1742
f 184 664 1663
f 173 653 1634
f 194 674 1697
f 204 684 1728
f 210 690 1746
f 183 663 1664
f 175 655 1640
f 196 676 1700
f 207 687 1724
f 192 672 1679
f 169 649 1618
f 199 679 1708
f 216 696 1753
f 222 702 1769
f 211 691 1738
f 187 667 1671
f 176 656 1643
f 195 675 1701
f 203 683 1723
f 186 666 1667
f 174 654 1633
f 193 673 1693
f 205 685 1727
f 212 692 1743
f 191 671 1685
f 220 700 1772
f 214 694 1757
f 200 680 1715
f 171 651 1628
f 358 838 2187
f 256 736 1881
f 261 741 1899
f 387 867 2277
f 399 879 2313
f 351 831 2169
f 348 828 2156
f 300 780 2010
f 366 846 2208
f 267 747 1917
f 340 820 2133
f 287 767 1971
f 291 771 1989
f 369 849 2223
f 395 875 2300
f 354 834 2174
f 345 825 2151
f 297 777 2007
f 363 843 2205
f 270 750 1920
f 247 727 1855
f 229 709 1801
f 223 703 1784
f 235 715 1820
f 241 721 1838
f 253 733 1874
f 355 835 2180
f 398 878 2310
f 386 866 2274
f 260 740 1896
f 325 805 2089
f 307 787 2035
f 278 758 1950
f 313 793 2054
f 319 799 2072
f 337 817 2126
f 283 763 1964
f 290 770 1986
f 368 848 2220
f 392 872 2291
f 356 836 2183
f 254 734 1877
f 259 739 1891
f 385 865 2269
f 397 877 2305
f 349 829 2161
f 344 824 2148
f 296 776 2004
f 362 842 2202
f 265 745 1909
f 338 818 2129
f 284 764 1967
f 289 769 1981
f 367 847 2215
f 391 871 2288
f 350 830 2166
f 343 823 2143
f 295 775 1999
f 361 841 2197
f 266 746 1914
f 230 710 1806
f 224 704 1787
f 236 716 1823
f 242 722 1841
f 248 728 1860
f 272 752 1931
f 331 811 2108
f 301 781 2018
f 373 853 2234
f 380 860 2255
f 308 788 2040
f 277 757 1945
f 314 794 2057
f 320 800 2075
f 326 806 2094
f 332 812 2111
f 302 782 2021
f 374 854 2237
f 379 859 2252
f 271 751 1928
f 234 714 1812
f 227 707 1791
f 239 719 1827
f 245 725 1845
f 252 732 1866
f 275 755 1935
f 334 814 2118
f 304 784 2028
f 377 857 2246
f 382 862 2259
f 312 792 2048
f 279 759 1953
f 316 796 2061
f 323 803 2079
f 330 810 2100
f 335 815 2115
f 305 785 2025
f 376 856 2241
f 383 863 2264
f 274 754 1938
f 232 712 1802
f 225 705 1783
f 237 717 1819
f 243 723 1837
f 250 730 1856
f 273 753 1927
f 336 816 2112
f 306 786 2022
f 378 858 2238
f 381 861 2251
f 311 791 2036
f 281 761 1949
f 315 795 2053
f 321 801 2071
f 328 808 2090
f 333 813 2107
f 303 783 2017
f 375 855 2233
f 384 864 2256
f 276 756 1932
f 251 731 1859
f 233 713 1805
f 228 708 1788
f 240 720 1824
f 246 726 1842
f 258 738 1878
f 360 840 2184
f 401 881 2306
f 389 869 2270
f 263 743 1892
f 329 809 2093
f 310 790 2039
f 280 760 1946
f 318 798 2058
f 324 804 2076
f 342 822 2130
f 288 768 1968
f 292 772 1982
f 371 851 2216
f 393 873 2287
f 357 837 2179
f 255 735 1873
f 262 742 1895
f 388 868 2273
f 400 880 2309
f 352 832 2165
f 347 827 2144
f 298 778 2000
f 364 844 2198
f 269 749 1913
f 339 819 2125
f 285 765 1963
f 293 773 1985
f 370 850 2219
f 396 876 2292
f 353 833 2162
f 346 826 2147
f 299 779 2003
f 365 845 2201
f 268 748 1910
f 249 729 1863
f 231 711 1809
f 226 706 1794
f 238 718 1830
f 244 724 1848
f 257 737 1886
f 359 839 2192
f 402 882 2318
f 390 870 2282
f 264 744 1904
f 327 807 2097
f 309 789 2043
f 282 762 1956
f 317 797 2066
f 322 802 2082
f 341 821 2138
f 286 766 1974
f 294 774 1992
f 372 852 2228
f 394 874 2295
f 416 1270 2331
f 408 1246 2327
f 406 1251 2328
f 412 1287 2334
f 415 1305 2337
f 424 1335 2346
f 492 1552 2412
f 582 1474 2499
f 565 1600 2487
f 514 1353 2436
f 461 1480 2376
f 453 1402 2372
f 451 1407 2373
f 457 1491 2379
f 460 1503 2382
f 475 1534 2396
f 439 1413 2361
f 496 1443 2418
f 533 1593 2457
f 551 1384 2463
f 579 1324 2492
f 483 1276 2402
f 426 1264 2343
f 521 1300 2433
f 566 1318 2478
f 489 1342 2406
f 578 1563 2502
f 560 1461 2484
f 518 1587 2442
f 429 1348 2349
f 547 1522 2468
f 465 1419 2387
f 441 1396 2358
f 504 1498 2421
f 537 1516 2454
f 550 1558 2472
f 476 1426 2388
f 444 1432 2364
f 502 1569 2426
f 526 1371 2448
f 481 1281 2403
f 420 1257 2342
f 510 1293 2432
f 555 1311 2477
f 571 1329 2493
f 540 1377 2462
f 473 1539 2397
f 447 1450 2367
f 507 1576 2427
f 534 1366 2447
f 469 1485 2391
f 435 1389 2357
f 498 1438 2417
f 529 1509 2453
f 545 1527 2469
f 487 1545 2411
f 574 1467 2498
f 562 1456 2483
f 520 1582 2441
f 432 1360 2352
f 589 1271 2509
f 583 1247 2503
f 586 1254 2506
f 593 1290 2512
f 596 1308 2515
f 599 1338 2518
f 633 1553 2555
f 620 1475 2541
f 640 1601 2562
f 603 1356 2522
f 622 1481 2542
f 607 1403 2528
f 612 1410 2531
f 626 1494 2545
f 629 1506 2548
f 631 1535 2551
f 614 1416 2533
f 618 1446 2537
f 641 1596 2559
f 605 1385 2526
f 167 907 1616
f 164 889 1608
f 163 883 1606
f 165 895 1612
f 166 901 1615
f 169 919 1624
f 192 1057 1692
f 222 1237 1782
f 216 1201 1765
f 199 1099 1714
f 182 997 1661
f 179 979 1653
f 178 973 1651
f 180 985 1657
f 181 991 1660
f 186 1021 1675
f 174 949 1639
f 193 1063 1696
f 205 1135 1733
f 212 1177 1751
f 221 1231 1779
f 189 1039 1683
f 170 925 1626
f 202 1117 1721
f 217 1207 1766
f 191 1051 1689
f 220 1225 1778
f 214 1189 1760
f 200 1105 1718
f 171 931 1629
f 210 1165 1747
f 183 1003 1665
f 175 955 1641
f 196 1081 1704
f 207 1147 1737
f 211 1171 1750
f 187 1027 1676
f 176 961 1644
f 195 1075 1702
f 203 1123 1726
f 188 1033 1681
f 168 913 1620
f 198 1093 1710
f 213 1183 1755
f 218 1213 1771
f 208 1153 1740
f 185 1015 1673
f 177 967 1647
f 197 1087 1707
f 206 1141 1734
f 184 1009 1669
f 173 943 1635
f 194 1069 1698
f 204 1129 1729
f 209 1159 1745
f 190 1045 1687
f 219 1219 1774
f 215 1195 1762
f 201 1111 1720
f 172 937 1632
f 357 1280 2189
f 255 1256 1883
f 262 1292 1903
f 388 1310 2281
f 400 1328 2317
f 352 1376 2173
f 347 1538 2158
f 298 1447 2012
f 364 1573 2210
f 269 1363 1924
f 339 1484 2135
f 285 1388 1973
f 293 1435 1996
f 370 1508 2227
f 396 1526 2304
f 353 1544 2176
f 346 1466 2155
f 299 1453 2014
f 365 1579 2212
f 268 1357 1922
f 249 1268 1864
f 231 1244 1810
f 226 1249 1795
f 238 1285 1831
f 244 1303 1849
f 257 1333 1887
f 359 1550 2193
f 402 1472 2321
f 390 1598 2285
f 264 1351 1907
f 327 1478 2098
f 309 1400 2044
f 282 1405 1961
f 317 1489 2067
f 322 1501 2083
f 341 1532 2139
f 286 1411 1975
f 294 1441 1997
f 372 1591 2231
f 394 1382 2298
f 358 1322 2190
f 256 1274 1884
f 261 1262 1900
f 387 1298 2278
f 399 1316 2314
f 351 1340 2170
f 348 1561 2159
f 300 1459 2015
f 366 1585 2213
f 267 1346 1918
f 340 1520 2136
f 287 1417 1977
f 291 1394 1990
f 369 1496 2224
f 395 1514 2301
f 354 1556 2177
f 345 1424 2152
f 297 1430 2008
f 363 1567 2206
f 270 1369 1925
f 234 1279 1817
f 227 1255 1797
f 239 1291 1833
f 245 1309 1851
f 252 1327 1871
f 275 1375 1941
f 334 1537 2119
f 304 1448 2029
f 377 1574 2247
f 382 1364 2262
f 312 1483 2051
f 279 1387 1954
f 316 1436 2064
f 323 1507 2085
f 330 1525 2105
f 335 1543 2121
f 305 1465 2031
f 376 1454 2244
f 383 1580 2265
f 274 1358 1939
f 232 1267 1814
f 225 1243 1793
f 237 1250 1829
f 243 1286 1847
f 250 1304 1868
f 273 1334 1937
f 336 1549 2124
f 306 1471 2034
f 378 1597 2250
f 381 1352 2261
f 311 1477 2050
f 281 1399 1960
f 315 1406 2063
f 321 1490 2081
f 328 1502 2102
f 333 1531 2117
f 303 1412 2027
f 375 1442 2243
f 384 1592 2268
f 276 1381 1944
f 229 890 1804
f 223 884 1785
f 235 896 1821
f 241 902 1839
f 247 908 1858
f 271 938 1929
f 332 1046 2114
f 302 1220 2024
f 374 1196 2240
f 379 1112 2253
f 307 980 2038
f 278 974 1951
f 313 986 2055
f 319 992 2073
f 325 998 2092
f 331 1016 2109
f 301 968 2019
f 373 1088 2235
f 380 1142 2258
f 272 1154 1934
f 248 1214 1861
f 230 1034 1807
f 224 914 1790
f 236 1094 1826
f 242 1184 1844
f 254 1040 1880
f 356 1232 2186
f 397 1208 2308
f 385 1118 2272
f 259 926 1894
f 326 1160 2095
f 308 1010 2041
f 277 944 1948
f 314 1070 2060
f 320 1130 2078
f 338 1166 2132
f 284 1004 1970
f 289 956 1984
f 367 1082 2218
f 391 1148 2289
f 355 1058 2181
f 253 920 1875
f 260 1100 1897
f 386 1202 2275
f 398 1238 2311
f 350 1172 2167
f 343 1028 2146
f 295 962 2002
f 361 1076 2200
f 266 1124 1915
f 337 1022 2127
f 283 950 1965
f 290 1064 1987
f 368 1136 2221
f 392 1178 2294
f 349 1052 2164
f 344 1226 2149
f 296 1190 2005
f 362 1106 2203
f 265 932 1912
f 251 1321 1870
f 233 1273 1816
f 228 1261 1800
f 240 1297 1836
f 246 1315 1854
f 258 1339 1890
f 360 1562 2196
f 401 1460 2320
f 389 1586 2284
f 263 1345 1906
f 329 1519 2104
f 310 1418 2047
f 280 1393 1958
f 318 1495 2070
f 324 1513 2088
f 342 1555 2142
f 288 1423 1980
f 292 1429 1994
f 371 1568 2230
f 393 1370 2297
f 409 894 2329
f 405 887 2323
f 411 899 2326
f 414 905 2333
f 417 912 2336
f 431 941 2345
f 488 1050 2409
f 575 1224 2496
f 563 1200 2485
f 519 1115 2435
f 454 984 2374
f 450 977 2368
f 456 989 2371
f 459 995 2378
f 462 1002 2381
f 472 1019 2392
f 446 971 2360
f 506 1091 2416
f 535 1146 2456
f 541 1158 2460
f 570 1217 2488
f 480 1037 2398
f 421 918 2340
f 511 1098 2430
f 556 1188 2475
f 484 1044 2404
f 580 1236 2501
f 567 1212 2482
f 522 1122 2440
f 427 930 2347
f 544 1163 2464
f 468 1013 2384
f 436 948 2355
f 499 1074 2419
f 530 1134 2451
f 548 1170 2470
f 466 1008 2385
f 442 960 2362
f 505 1086 2423
f 536 1151 2446
f 491 1061 2401
f 423 923 2339
f 513 1103 2429
f 564 1205 2474
f 581 1241 2491
f 549 1175 2459
f 477 1032 2395
f 445 966 2365
f 503 1080 2424
f 525 1127 2443
f 474 1025 2390
f 438 953 2354
f 495 1067 2413
f 532 1139 2450
f 552 1182 2467
f 490 1056 2408
f 577 1229 2495
f 559 1193 2479
f 517 1109 2437
f 430 936 2350
f 590 1325 2511
f 584 1277 2505
f 585 1265 2507
f 592 1301 2513
f 595 1319 2516
f 598 1343 2519
f 636 1566 2556
f 621 1464 2540
f 642 1590 2561
f 601 1349 2521
f 623 1523 2544
f 611 1422 2529
f 609 1397 2530
f 625 1499 2546
f 628 1517 2549
f 632 1559 2553
f 613 1427 2534
f 616 1433 2536
f 638 1572 2557
f 606 1374 2525
f 407 892 1609
f 403 885 1605
f 404 897 1611
f 410 903 1614
f 413 910 1617
f 422 939 1631
f 486 1048 1688
f 573 1222 1775
f 561 1198 1763
f 512 1113 1719
f 452 982 1654
f 448 975 1650
f 449 987 1656
f 455 993 1659
f 458 1000 1662
f 470 1017 1672
f 437 969 1646
f 494 1089 1706
f 531 1144 1735
f 539 1156 1741
f 568 1215 1770
f 478 1035 1680
f 419 916 1621
f 509 1096 1711
f 554 1186 1756
f 482 1042 1684
f 576 1234 1780
f 558 1210 1767
f 516 1120 1722
f 425 928 1627
f 542 1161 1744
f 463 1011 1668
f 434 946 1636
f 497 1072 1699
f 528 1132 1730
f 546 1168 1748
f 464 1006 1666
f 440 958 1642
f 500 1084 1705
f 524 1149 1736
f 479 1059 1691
f 418 921 1623
f 508 1101 1713
f 553 1203 1764
f 569 1239 1781
f 538 1173 1749
f 471 1030 1677
f 443 964 1645
f 501 1078 1703
f 523 1125 1725
f 467 1023 1674
f 433 951 1638
f 493 1065 1695
f 527 1137 1732
f 543 1180 1752
f 485 1054 1690
f 572 1227 1777
f 557 1191 1759
f 515 1107 1717
f 428 934 1630
f 591 1326 2191
f 587 1278 1885
f 588 1266 1901
f 594 1302 2279
f 597 1320 2315
f 600 1344 2171
f 634 1565 2160
f 619 1463 2016
f 639 1589 2214
f 602 1350 1919
f 624 1524 2137
f 608 1421 1978
f 610 1398 1991
f 627 1500 2225
f 630 1518 2302
f 635 1560 2178
f 615 1428 2153
f 617 1434 2009
f 637 1571 2207
f 604 1373 1926
f 416 911 1857
f 408 893 1803
f 406 888 1786
f 412 900 1822
f 415 906 1840
f 424 924 1876
f 492 1062 2182
f 582 1242 2312
f 565 1206 2276
f 514 1104 1898
f 461 1001 2091
f 453 983 2037
f 451 978 1952
f 457 990 2056
f 460 996 2074
f 475 1026 2128
f 439 954 1966
f 496 1068 1988
f 533 1140 2222
f 551 1181 2293
f 579 1235 2185
f 483 1043 1879
f 426 929 1893
f 521 1121 2271
f 566 1211 2307
f 489 1055 2163
f 578 1230 2150
f 560 1194 2006
f 518 1110 2204
f 429 935 1911
f 547 1169 2131
f 465 1007 1969
f 441 959 1983
f 504 1085 2217
f 537 1152 2290
f 550 1176 2168
f 476 1031 2145
f 444 965 2001
f 502 1079 2199
f 526 1128 1916
f 481 1038 1808
f 420 917 1789
f 510 1097 1825
f 555 1187 1843
f 571 1218 1862
f 540 1157 1933
f 473 1020 2110
f 447 972 2020
f 507 1092 2236
f 534 1145 2257
f 469 1014 2042
f 435 947 1947
f 498 1073 2059
f 529 1133 2077
f 545 1164 2096
f 487 1049 2113
f 574 1223 2023
f 562 1199 2239
f 520 1116 2254
f 432 942 1930
f 589 1283 1818
f 583 1259 1798
f 586 1295 1834
f 593 1313 1852
f 596 1331 1872
f 599 1379 1942
f 633 1541 2120
f 620 1452 2030
f 640 1578 2248
f 603 1368 2263
f 622 1487 2052
f 607 1391 1955
f 612 1440 2065
f 626 1511 2086
f 629 1529 2106
f 631 1547 2122
f 614 1469 2032
f 618 1458 2245
f 641 1584 2266
f 605 1362 1940
f 409 1269 1813
f 405 1245 1792
f 411 1252 1828
f 414 1288 1846
f 417 1306 1867
f 431 1336 1936
f 488 1551 2123
f 575 1473 2033
f 563 1599 2249
f 519 1354 2260
f 454 1479 2049
f 450 1401 1959
f 456 1408 2062
f 459 1492 2080
f 462 1504 2101
f 472 1533 2116
f 446 1414 2026
f 506 1444 2242
f 535 1594 2267
f 541 1383 1943
f 570 1323 1869
f 480 1275 1815
f 421 1263 1799
f 511 1299 1835
f 556 1317 1853
f 484 1341 1889
f 580 1564 2195
f 567 1462 2319
f 522 1588 2283
f 427 1347 1905
f 544 1521 2103
f 468 1420 2046
f 436 1395 1957
f 499 1497 2069
f 530 1515 2087
f 548 1557 2141
f 466 1425 1979
f 442 1431 1993
f 505 1570 2229
f 536 1372 2296
f 491 1282 2188
f 423 1258 1882
f 513 1294 1902
f 564 1312 2280
f 581 1330 2316
f 549 1378 2172
f 477 1540 2157
f 445 1449 2011
f 503 1575 2209
f 525 1365 1923
f 474 1486 2134
f 438 1390 1972
f 495 1437 1995
f 532 1510 2226
f 552 1528 2303
f 490 1546 2175
f 577 1468 2154
f 559 1455 2013
f 517 1581 2211
f 430 1359 1921
f 590 1272 1865
f 584 1248 1811
f 585 1253 1796
f 592 1289 1832
f 595 1307 1850
f 598 1337 1888
f 636 1554 2194
f 621 1476 2322
f 642 1602 2286
f 601 1355 1908
f 623 1482 2099
f 611 1404 2045
f 609 1409 1962
f 625 1493 2068
f 628 1505 2084
f 632 1536 2140
f 613 1415 1976
f 616 1445 1998
f 638 1595 2232
f 606 1386 2299
f 407 909 2330
f 403 891 2324
f 404 886 2325
f 410 898 2332
f 413 904 2335
f 422 922 2344
f 486 1060 2410
f 573 1240 2497
f 561 1204 2486
f 512 1102 2434
f 452 999 2375
f 448 981 2369
f 449 976 2370
f 455 988 2377
f 458 994 2380
f 470 1024 2393
f 437 952 2359
f 494 1066 2415
f 531 1138 2455
f 539 1179 2461
f 568 1233 2489
f 478 1041 2399
f 419 927 2341
f 509 1119 2431
f 554 1209 2476
f 482 1053 2405
f 576 1228 2500
f 558 1192 2481
f 516 1108 2439
f 425 933 2348
f 542 1167 2465
f 463 1005 2383
f 434 957 2356
f 497 1083 2420
f 528 1150 2452
f 546 1174 2471
f 464 1029 2386
f 440 963 2363
f 500 1077 2422
f 524 1126 2445
f 479 1036 2400
f 418 915 2338
f 508 1095 2428
f 553 1185 2473
f 569 1216 2490
f 538 1155 2458
f 471 1018 2394
f 443 970 2366
f 501 1090 2425
f 523 1143 2444
f 467 1012 2389
f 433 945 2353
f 493 1071 2414
f 527 1131 2449
f 543 1162 2466
f 485 1047 2407
f 572 1221 2494
f 557 1197 2480
f 515 1114 2438
f 428 940 2351
f 591 1284 2510
f 587 1260 2504
f 588 1296 2508
f 594 1314 2514
f 597 1332 2517
f 600 1380 2520
f 634 1542 2554
f 619 1451 2539
f 639 1577 2560
f 602 1367 2523
f 624 1488 2543
f 608 1392 2527
f 610 1439 2532
f 627 1512 2547
f 630 1530 2550
f 635 1548 2552
f 615 1470 2535
f 617 1457 2538
f 637 1583 2558
f 604 1361 2524
f 167 1616 1607
f 164 1608 1603
f 163 1606 1604
f 165 1612 1610
f 166 1615 1613
f 169 1624 1622
f 192 1692 1686
f 222 1782 1773
f 216 1765 1761
f 199 1714 1712
f 182 1661 1652
f 179 1653 1648
f 178 1651 1649
f 180 1657 1655
f 181 1660 1658
f 186 1675 1670
f 174 1639 1637
f 193 1696 1694
f 205 1733 1731
f 212 1751 1739
f 221 1779 1768
f 189 1683 1678
f 170 1626 1619
f 202 1721 1709
f 217 1766 1754
f 191 1689 1682
f 220 1778 1776
f 214 1760 1758
f 200 1718 1716
f 171 1629 1625
f 210 1747 1742
f 183 1665 1663
f 175 1641 1634
f 196 1704 1697
f 207 1737 1728
f 211 1750 1746
f 187 1676 1664
f 176 1644 1640
f 195 1702 1700
f 203 1726 1724
f 188 1681 1679
f 168 1620 1618
f 198 1710 1708
f 213 1755 1753
f 218 1771 1769
f 208 1740 1738
f 185 1673 1671
f 177 1647 1643
f 197 1707 1701
f 206 1734 1723
f 184 1669 1667
f 173 1635 1633
f 194 1698 1693
f 204 1729 1727
f 209 1745 1743
f 190 1687 1685
f 219 1774 1772
f 215 1762 1757
f 201 1720 1715
f 172 1632 1628
f 357 2189 2187
f 255 1883 1881
f 262 1903 1899
f 388 2281 2277
f 400 2317 2313
f 352 2173 2169
f 347 2158 2156
f 298 2012 2010
f 364 2210 2208
f 269 1924 1917
f 339 2135 2133
f 285 1973 1971
f 293 1996 1989
f 370 2227 2223
f 396 2304 2300
f 353 2176 2174
f 346 2155 2151
f 299 2014 2007
f 365 2212 2205
f 268 1922 1920
f 249 1864 1855
f 231 1810 1801
f 226 1795 1784
f 238 1831 1820
f 244 1849 1838
f 257 1887 1874
f 359 2193 2180
f 402 2321 2310
f 390 2285 2274
f 264 1907 1896
f 327 2098 2089
f 309 2044 2035
f 282 1961 1950
f 317 2067 2054
f 322 2083 2072
f 341 2139 2126
f 286 1975 1964
f 294 1997 1986
f 372 2231 2220
f 394 2298 2291
f 358 2190 2183
f 256 1884 1877
f 261 1900 1891
f 387 2278 2269
f 399 2314 2305
f 351 2170 2161
f 348 2159 2148
f 300 2015 2004
f 366 2213 2202
f 267 1918 1909
f 340 2136 2129
f 287 1977 1967
f 291 1990 1981
f 369 2224 2215
f 395 2301 2288
f 354 2177 2166
f 345 2152 2143
f 297 2008 1999
f 363 2206 2197
f 270 1925 1914
f 234 1817 1806
f 227 1797 1787
f 239 1833 1823
f 245 1851 1841
f 252 1871 1860
f 275 1941 1931
f 334 2119 2108
f 304 2029 2018
f 377 2247 2234
f 382 2262 2255
f 312 2051 2040
f 279 1954 1945
f 316 2064 2057
f 323 2085 2075
f 330 2105 2094
f 335 2121 2111
f 305 2031 2021
f 376 2244 2237
f 383 2265 2252
f 274 1939 1928
f 232 1814 1812
f 225 1793 1791
f 237 1829 1827
f 243 1847 1845
f 250 1868 1866
f 273 1937 1935
f 336 2124 2118
f 306 2034 2028
f 378 2250 2246
f 381 2261 2259
f 311 2050 2048
f 281 1960 1953
f 315 2063 2061
f 321 2081 2079
f 328 2102 2100
f 333 2117 2115
f 303 2027 2025
f 375 2243 2241
f 384 2268 2264
f 276 1944 1938
f 229 1804 1802
f 223 1785 1783
f 235 1821 1819
f 241 1839 1837
f 247 1858 1856
f 271 1929 1927
f 332 2114 2112
f 302 2024 2022
f 374 2240 2238
f 379 2253 2251
f 307 2038 2036
f 278 1951 1949
f 313 2055 2053
f 319 2073 2071
f 325 2092 2090
f 331 2109 2107
f 301 2019 2017
f 373 2235 2233
f 380 2258 2256
f 272 1934 1932
f 248 1861 1859
f 230 1807 1805
f 224 1790 1788
f 236 1826 1824
f 242 1844 1842
f 254 1880 1878
f 356 2186 2184
f 397 2308 2306
f 385 2272 2270
f 259 1894 1892
f 326 2095 2093
f 308 2041 2039
f 277 1948 1946
f 314 2060 2058
f 320 2078 2076
f 338 2132 2130
f 284 1970 1968
f 289 1984 1982
f 367 2218 2216
f 391 2289 2287
f 355 2181 2179
f 253 1875 1873
f 260 1897 1895
f 386 2275 2273
f 398 2311 2309
f 350 2167 2165
f 343 2146 2144
f 295 2002 2000
f 361 2200 2198
f 266 1915 1913
f 337 2127 2125
f 283 1965 1963
f 290 1987 1985
f 368 2221 2219
f 392 2294 2292
f 349 2164 2162
f 344 2149 2147
f 296 2005 2003
f 362 2203 2201
f 265 1912 1910
f 251 1870 1863
f 233 1816 1809
f 228 1800 1794
f 240 1836 1830
f 246 1854 1848
f 258 1890 1886
f 360 2196 2192
f 401 2320 2318
f 389 2284 2282
f 263 1906 1904
f 329 2104 2097
f 310 2047 2043
f 280 1958 1956
f 318 2070 2066
f 324 2088 2082
f 342 2142 2138
f 288 1980 1974
f 292 1994 1992
f 371 2230 2228
f 393 2297 2295
f 409 2329 2331
f 405 2323 2327
f 411 2326 2328
f 414 2333 2334
f 417 2336 2337
f 431 2345 2346
f 488 2409 2412
f 575 2496 2499
f 563 2485 2487
f 519 2435 2436
f 454 2374 2376
f 450 2368 2372
f 456 2371 2373
f 459 2378 2379
f 462 2381 2382
f 472 2392 2396
f 446 2360 2361
f 506 2416 2418
f 535 2456 2457
f 541 2460 2463
f 570 2488 2492
f 480 2398 2402
f 421 2340 2343
f 511 2430 2433
f 556 2475 2478
f 484 2404 2406
f 580 2501 2502
f 567 2482 2484
f 522 2440 2442
f 427 2347 2349
f 544 2464 2468
f 468 2384 2387
f 436 2355 2358
f 499 2419 2421
f 530 2451 2454
f 548 2470 2472
f 466 2385 2388
f 442 2362 2364
f 505 2423 2426
f 536 2446 2448
f 491 2401 2403
f 423 2339 2342
f 513 2429 2432
f 564 2474 2477
f 581 2491 2493
f 549 2459 2462
f 477 2395 2397
f 445 2365 2367
f 503 2424 2427
f 525 2443 2447
f 474 2390 2391
f 438 2354 2357
f 495 2413 2417
f 532 2450 2453
f 552 2467 2469
f 490 2408 2411
f 577 2495 2498
f 559 2479 2483
f 517 2437 2441
f 430 2350 2352
f 590 2511 2509
f 584 2505 2503
f 585 2507 2506
f 592 2513 2512
f 595 2516 2515
f 598 2519 2518
f 636 2556 2555
f 621 2540 2541
f 642 2561 2562
f 601 2521 2522
f 623 2544 2542
f 611 2529 2528
f 609 2530 2531
f 625 2546 2545
f 628 2549 2548
f 632 2553 2551
f 613 2534 2533
f 616 2536 2537
f 638 2557 2559
f 606 2525 2526
f 1607 644 647
f 1603 643 644
f 1604 645 643
f 1610 646 645
f 1613 647 646
f 1622 652 649
f 1686 670 672
f 1773 699 702
f 1761 695 696
f 1712 681 679
f 1652 659 662
f 1648 658 659
f 1649 660 658
f 1655 661 660
f 1658 662 661
f 1670 665 666
f 1637 657 654
f 1694 677 673
f 1731 686 685
f 1739 688 692
f 1768 698 701
f 1678 668 669
f 1619 648 650
f 1709 678 682
f 1754 693 697
f 1682 669 671
f 1776 701 700
f 1758 697 694
f 1716 682 680
f 1625 650 651
f 1742 689 690
f 1663 664 663
f 1634 653 655
f 1697 674 676
f 1728 684 687
f 1746 690 691
f 1664 663 667
f 1640 655 656
f 1700 676 675
f 1724 687 683
f 1679 672 668
f 1618 649 648
f 1708 679 678
f 1753 696 693
f 1769 702 698
f 1738 691 688
f 1671 667 665
f 1643 656 657
f 1701 675 677
f 1723 683 686
f 1667 666 664
f 1633 654 653
f 1693 673 674
f 1727 685 684
f 1743 692 689
f 1685 671 670
f 1772 700 699
f 1757 694 695
f 1715 680 681
f 1628 651 652
f 2187 838 837
f 1881 736 735
f 1899 741 742
f 2277 867 868
f 2313 879 880
f 2169 831 832
f 2156 828 827
f 2010 780 778
f 2208 846 844
f 1917 747 749
f 2133 820 819
f 1971 767 765
f 1989 771 773
f 2223 849 850
f 2300 875 876
f 2174 834 833
f 2151 825 826
f 2007 777 779
f 2205 843 845
f 1920 750 748
f 1855 727 729
f 1801 709 711
f 1784 703 706
f 1820 715 718
f 1838 721 724
f 1874 733 737
f 2180 835 839
f 2310 878 882
f 2274 866 870
f 1896 740 744
f 2089 805 807
f 2035 787 789
f 1950 758 762
f 2054 793 797
f 2072 799 802
f 2126 817 821
f 1964 763 766
f 1986 770 774
f 2220 848 852
f 2291 872 874
f 2183 836 838
f 1877 734 736
f 1891 739 741
f 2269 865 867
f 2305 877 879
f 2161 829 831
f 2148 824 828
f 2004 776 780
f 2202 842 846
f 1909 745 747
f 2129 818 820
f 1967 764 767
f 1981 769 771
f 2215 847 849
f 2288 871 875
f 2166 830 834
f 2143 823 825
f 1999 775 777
f 2197 841 843
f 1914 746 750
f 1806 710 714
f 1787 704 707
f 1823 716 719
f 1841 722 725
f 1860 728 732
f 1931 752 755
f 2108 811 814
f 2018 781 784
f 2234 853 857
f 2255 860 862
f 2040 788 792
f 1945 757 759
f 2057 794 796
f 2075 800 803
f 2094 806 810
f 2111 812 815
f 2021 782 785
f 2237 854 856
f 2252 859 863
f 1928 751 754
f 1812 714 712
f 1791 707 705
f 1827 719 717
f 1845 725 723
f 1866 732 730
f 1935 755 753
f 2118 814 816
f 2028 784 786
f 2246 857 858
f 2259 862 861
f 2048 792 791
f 1953 759 761
f 2061 796 795
f 2079 803 801
f 2100 810 808
f 2115 815 813
f 2025 785 783
f 2241 856 855
f 2264 863 864
f 1938 754 756
f 1802 712 709
f 1783 705 703
f 1819 717 715
f 1837 723 721
f 1856 730 727
f 1927 753 751
f 2112 816 812
f 2022 786 782
f 2238 858 854
f 2251 861 859
f 2036 791 787
f 1949 761 758
f 2053 795 793
f 2071 801 799
f 2090 808 805
f 2107 813 811
f 2017 783 781
f 2233 855 853
f 2256 864 860
f 1932 756 752
f 1859 731 728
f 1805 713 710
f 1788 708 704
f 1824 720 716
f 1842 726 722
f 1878 738 734
f 2184 840 836
f 2306 881 877
f 2270 869 865
f 1892 743 739
f 2093 809 806
f 2039 790 788
f 1946 760 757
f 2058 798 794
f 2076 804 800
f 2130 822 818
f 1968 768 764
f 1982 772 769
f 2216 851 847
f 2287 873 871
f 2179 837 835
f 1873 735 733
f 1895 742 740
f 2273 868 866
f 2309 880 878
f 2165 832 830
f 2144 827 823
f 2000 778 775
f 2198 844 841
f 1913 749 746
f 2125 819 817
f 1963 765 763
f 1985 773 770
f 2219 850 848
f 2292 876 872
f 2162 833 829
f 2147 826 824
f 2003 779 776
f 2201 845 842
f 1910 748 745
f 1863 729 731
f 1809 711 713
f 1794 706 708
f 1830 718 720
f 1848 724 726
f 1886 737 738
f 2192 839 840
f 2318 882 881
f 2282 870 869
f 1904 744 743
f 2097 807 809
f 2043 789 790
f 1956 762 760
f 2066 797 798
f 2082 802 804
f 2138 821 822
f 1974 766 768
f 1992 774 772
f 2228 852 851
f 2295 874 873
f 2331 1270 1269
f 2327 1246 1245
f 2328 1251 1252
f 2334 1287 1288
f 2337 1305 1306
f 2346 1335 1336
f 2412 1552 1551
f 2499 1474 1473
f 2487 1600 1599
f 2436 1353 1354
f 2376 1480 1479
f 2372 1402 1401
f 2373 1407 1408
f 2379 1491 1492
f 2382 1503 1504
f 2396 1534 1533
f 2361 1413 1414
f 2418 1443 1444
f 2457 1593 1594
f 2463 1384 1383
f 2492 1324 1323
f 2402 1276 1275
f 2343 1264 1263
f 2433 1300 1299
f 2478 1318 1317
f 2406 1342 1341
f 2502 1563 1564
f 2484 1461 1462
f 2442 1587 1588
f 2349 1348 1347
f 2468 1522 1521
f 2387 1419 1420
f 2358 1396 1395
f 2421 1498 1497
f 2454 1516 1515
f 2472 1558 1557
f 2388 1426 1425
f 2364 1432 1431
f 2426 1569 1570
f 2448 1371 1372
f 2403 1281 1282
f 2342 1257 1258
f 2432 1293 1294
f 2477 1311 1312
f 2493 1329 1330
f 2462 1377 1378
f 2397 1539 1540
f 2367 1450 1449
f 2427 1576 1575
f 2447 1366 1365
f 2391 1485 1486
f 2357 1389 1390
f 2417 1438 1437
f 2453 1509 1510
f 2469 1527 1528
f 2411 1545 1546
f 2498 1467 1468
f 2483 1456 1455
f 2441 1582 1581
f 2352 1360 1359
f 2509 1271 1272
f 2503 1247 1248
f 2506 1254 1253
f 2512 1290 1289
f 2515 1308 1307
f 2518 1338 1337
f 2555 1553 1554
f 2541 1475 1476
f 2562 1601 1602
f 2522 1356 1355
f 2542 1481 1482
f 2528 1403 1404
f 2531 1410 1409
f 2545 1494 1493
f 2548 1506 1505
f 2551 1535 1536
f 2533 1416 1415
f 2537 1446 1445
f 2559 1596 1595
f 2526 1385 1386
f 1616 907 909
f 1608 889 891
f 1606 883 886
f 1612 895 898
f 1615 901 904
f 1624 919 922
f 1692 1057 1060
f 1782 1237 1240
f 1765 1201 1204
f 1714 1099 1102
f 1661 997 999
f 1653 979 981
f 1651 973 976
f 1657 985 988
f 1660 991 994
f 1675 1021 1024
f 1639 949 952
f 1696 1063 1066
f 1733 1135 1138
f 1751 1177 1179
f 1779 1231 1233
f 1683 1039 1041
f 1626 925 927
f 1721 1117 1119
f 1766 1207 1209
f 1689 1051 1053
f 1778 1225 1228
f 1760 1189 1192
f 1718 1105 1108
f 1629 931 933
f 1747 1165 1167
f 1665 1003 1005
f 1641 955 957
f 1704 1081 1083
f 1737 1147 1150
f 1750 1171 1174
f 1676 1027 1029
f 1644 961 963
f 1702 1075 1077
f 1726 1123 1126
f 1681 1033 1036
f 1620 913 915
f 1710 1093 1095
f 1755 1183 1185
f 1771 1213 1216
f 1740 1153 1155
f 1673 1015 1018
f 1647 967 970
f 1707 1087 1090
f 1734 1141 1143
f 1669 1009 1012
f 1635 943 945
f 1698 1069 1071
f 1729 1129 1131
f 1745 1159 1162
f 1687 1045 1047
f 1774 1219 1221
f 1762 1195 1197
f 1720 1111 1114
f 1632 937 940
f 2189 1280 1284
f 1883 1256 1260
f 1903 1292 1296
f 2281 1310 1314
f 2317 1328 1332
f 2173 1376 1380
f 2158 1538 1542
f 2012 1447 1451
f 2210 1573 1577
f 1924 1363 1367
f 2135 1484 1488
f 1973 1388 1392
f 1996 1435 1439
f 2227 1508 1512
f 2304 1526 1530
f 2176 1544 1548
f 2155 1466 1470
f 2014 1453 1457
f 2212 1579 1583
f 1922 1357 1361
f 1864 1268 1270
f 1810 1244 1246
f 1795 1249 1251
f 1831 1285 1287
f 1849 1303 1305
f 1887 1333 1335
f 2193 1550 1552
f 2321 1472 1474
f 2285 1598 1600
f 1907 1351 1353
f 2098 1478 1480
f 2044 1400 1402
f 1961 1405 1407
f 2067 1489 1491
f 2083 1501 1503
f 2139 1532 1534
f 1975 1411 1413
f 1997 1441 1443
f 2231 1591 1593
f 2298 1382 1384
f 2190 1322 1324
f 1884 1274 1276
f 1900 1262 1264
f 2278 1298 1300
f 2314 1316 1318
f 2170 1340 1342
f 2159 1561 1563
f 2015 1459 1461
f 2213 1585 1587
f 1918 1346 1348
f 2136 1520 1522
f 1977 1417 1419
f 1990 1394 1396
f 2224 1496 1498
f 2301 1514 1516
f 2177 1556 1558
f 2152 1424 1426
f 2008 1430 1432
f 2206 1567 1569
f 1925 1369 1371
f 1817 1279 1281
f 1797 1255 1257
f 1833 1291 1293
f 1851 1309 1311
f 1871 1327 1329
f 1941 1375 1377
f 2119 1537 1539
f 2029 1448 1450
f 2247 1574 1576
f 2262 1364 1366
f 2051 1483 1485
f 1954 1387 1389
f 2064 1436 1438
f 2085 1507 1509
f 2105 1525 1527
f 2121 1543 1545
f 2031 1465 1467
f 2244 1454 1456
f 2265 1580 1582
f 1939 1358 1360
f 1814 1267 1271
f 1793 1243 1247
f 1829 1250 1254
f 1847 1286 1290
f 1868 1304 1308
f 1937 1334 1338
f 2124 1549 1553
f 2034 1471 1475
f 2250 1597 1601
f 2261 1352 1356
f 2050 1477 1481
f 1960 1399 1403
f 2063 1406 1410
f 2081 1490 1494
f 2102 1502 1506
f 2117 1531 1535
f 2027 1412 1416
f 2243 1442 1446
f 2268 1592 1596
f 1944 1381 1385
f 1804 890 894
f 1785 884 887
f 1821 896 899
f 1839 902 905
f 1858 908 912
f 1929 938 941
f 2114 1046 1050
f 2024 1220 1224
f 2240 1196 1200
f 2253 1112 1115
f 2038 980 984
f 1951 974 977
f 2055 986 989
f 2073 992 995
f 2092 998 1002
f 2109 1016 1019
f 2019 968 971
f 2235 1088 1091
f 2258 1142 1146
f 1934 1154 1158
f 1861 1214 1217
f 1807 1034 1037
f 1790 914 918
f 1826 1094 1098
f 1844 1184 1188
f 1880 1040 1044
f 2186 1232 1236
f 2308 1208 1212
f 2272 1118 1122
f 1894 926 930
f 2095 1160 1163
f 2041 1010 1013
f 1948 944 948
f 2060 1070 1074
f 2078 1130 1134
f 2132 1166 1170
f 1970 1004 1008
f 1984 956 960
f 2218 1082 1086
f 2289 1148 1151
f 2181 1058 1061
f 1875 920 923
f 1897 1100 1103
f 2275 1202 1205
f 2311 1238 1241
f 2167 1172 1175
f 2146 1028 1032
f 2002 962 966
f 2200 1076 1080
f 1915 1124 1127
f 2127 1022 1025
f 1965 950 953
f 1987 1064 1067
f 2221 1136 1139
f 2294 1178 1182
f 2164 1052 1056
f 2149 1226 1229
f 2005 1190 1193
f 2203 1106 1109
f 1912 932 936
f 1870 1321 1325
f 1816 1273 1277
f 1800 1261 1265
f 1836 1297 1301
f 1854 1315 1319
f 1890 1339 1343
f 2196 1562 1566
f 2320 1460 1464
f 2284 1586 1590
f 1906 1345 1349
f 2104 1519 1523
f 2047 1418 1422
f 1958 1393 1397
f 2070 1495 1499
f 2088 1513 1517
f 2142 1555 1559
f 1980 1423 1427
f 1994 1429 1433
f 2230 1568 1572
f 2297 1370 1374
f 2329 894 892
f 2323 887 885
f 2326 899 897
f 2333 905 903
f 2336 912 910
f 2345 941 939
f 2409 1050 1048
f 2496 1224 1222
f 2485 1200 1198
f 2435 1115 1113
f 2374 984 982
f 2368 977 975
f 2371 989 987
f 2378 995 993
f 2381 1002 1000
f 2392 1019 1017
f 2360 971 969
f 2416 1091 1089
f 2456 1146 1144
f 2460 1158 1156
f 2488 1217 1215
f 2398 1037 1035
f 2340 918 916
f 2430 1098 1096
f 2475 1188 1186
f 2404 1044 1042
f 2501 1236 1234
f 2482 1212 1210
f 2440 1122 1120
f 2347 930 928
f 2464 1163 1161
f 2384 1013 1011
f 2355 948 946
f 2419 1074 1072
f 2451 1134 1132
f 2470 1170 1168
f 2385 1008 1006
f 2362 960 958
f 2423 1086 1084
f 2446 1151 1149
f 2401 1061 1059
f 2339 923 921
f 2429 1103 1101
f 2474 1205 1203
f 2491 1241 1239
f 2459 1175 1173
f 2395 1032 1030
f 2365 966 964
f 2424 1080 1078
f 2443 1127 1125
f 2390 1025 1023
f 2354 953 951
f 2413 1067 1065
f 2450 1139 1137
f 2467 1182 1180
f 2408 1056 1054
f 2495 1229 1227
f 2479 1193 1191
f 2437 1109 1107
f 2350 936 934
f 2511 1325 1326
f 2505 1277 1278
f 2507 1265 1266
f 2513 1301 1302
f 2516 1319 1320
f 2519 1343 1344
f 2556 1566 1565
f 2540 1464 1463
f 2561 1590 1589
f 2521 1349 1350
f 2544 1523 1524
f 2529 1422 1421
f 2530 1397 1398
f 2546 1499 1500
f 2549 1517 1518
f 2553 1559 1560
f 2534 1427 1428
f 2536 1433 1434
f 2557 1572 1571
f 2525 1374 1373
f 1609 892 889
f 1605 885 883
f 1611 897 895
f 1614 903 901
f 1617 910 907
f 1631 939 937
f 1688 1048 1045
f 1775 1222 1219
f 1763 1198 1195
f 1719 1113 1111
f 1654 982 979
f 1650 975 973
f 1656 987 985
f 1659 993 991
f 1662 1000 997
f 1672 1017 1015
f 1646 969 967
f 1706 1089 1087
f 1735 1144 1141
f 1741 1156 1153
f 1770 1215 1213
f 1680 1035 1033
f 1621 916 913
f 1711 1096 1093
f 1756 1186 1183
f 1684 1042 1039
f 1780 1234 1231
f 1767 1210 1207
f 1722 1120 1117
f 1627 928 925
f 1744 1161 1159
f 1668 1011 1009
f 1636 946 943
f 1699 1072 1069
f 1730 1132 1129
f 1748 1168 1165
f 1666 1006 1003
f 1642 958 955
f 1705 1084 1081
f 1736 1149 1147
f 1691 1059 1057
f 1623 921 919
f 1713 1101 1099
f 1764 1203 1201
f 1781 1239 1237
f 1749 1173 1171
f 1677 1030 1027
f 1645 964 961
f 1703 1078 1075
f 1725 1125 1123
f 1674 1023 1021
f 1638 951 949
f 1695 1065 1063
f 1732 1137 1135
f 1752 1180 1177
f 1690 1054 1051
f 1777 1227 1225
f 1759 1191 1189
f 1717 1107 1105
f 1630 934 931
f 2191 1326 1322
f 1885 1278 1274
f 1901 1266 1262
f 2279 1302 1298
f 2315 1320 1316
f 2171 1344 1340
f 2160 1565 1561
f 2016 1463 1459
f 2214 1589 1585
f 1919 1350 1346
f 2137 1524 1520
f 1978 1421 1417
f 1991 1398 1394
f 2225 1500 1496
f 2302 1518 1514
f 2178 1560 1556
f 2153 1428 1424
f 2009 1434 1430
f 2207 1571 1567
f 1926 1373 1369
f 1857 911 908
f 1803 893 890
f 1786 888 884
f 1822 900 896
f 1840 906 902
f 1876 924 920
f 2182 1062 1058
f 2312 1242 1238
f 2276 1206 1202
f 1898 1104 1100
f 2091 1001 998
f 2037 983 980
f 1952 978 974
f 2056 990 986
f 2074 996 992
f 2128 1026 1022
f 1966 954 950
f 1988 1068 1064
f 2222 1140 1136
f 2293 1181 1178
f 2185 1235 1232
f 1879 1043 1040
f 1893 929 926
f 2271 1121 1118
f 2307 1211 1208
f 2163 1055 1052
f 2150 1230 1226
f 2006 1194 1190
f 2204 1110 1106
f 1911 935 932
f 2131 1169 1166
f 1969 1007 1004
f 1983 959 956
f 2217 1085 1082
f 2290 1152 1148
f 2168 1176 1172
f 2145 1031 1028
f 2001 965 962
f 2199 1079 1076
f 1916 1128 1124
f 1808 1038 1034
f 1789 917 914
f 1825 1097 1094
f 1843 1187 1184
f 1862 1218 1214
f 1933 1157 1154
f 2110 1020 1016
f 2020 972 968
f 2236 1092 1088
f 2257 1145 1142
f 2042 1014 1010
f 1947 947 944
f 2059 1073 1070
f 2077 1133 1130
f 2096 1164 1160
f 2113 1049 1046
f 2023 1223 1220
f 2239 1199 1196
f 2254 1116 1112
f 1930 942 938
f 1818 1283 1279
f 1798 1259 1255
f 1834 1295 1291
f 1852 1313 1309
f 1872 1331 1327
f 1942 1379 1375
f 2120 1541 1537
f 2030 1452 1448
f 2248 1578 1574
f 2263 1368 1364
f 2052 1487 1483
f 1955 1391 1387
f 2065 1440 1436
f 2086 1511 1507
f 2106 1529 1525
f 2122 1547 1543
f 2032 1469 1465
f 2245 1458 1454
f 2266 1584 1580
f 1940 1362 1358
f 1813 1269 1267
f 1792 1245 1243
f 1828 1252 1250
f 1846 1288 1286
f 1867 1306 1304
f 1936 1336 1334
f 2123 1551 1549
f 2033 1473 1471
f 2249 1599 1597
f 2260 1354 1352
f 2049 1479 1477
f 1959 1401 1399
f 2062 1408 1406
f 2080 1492 1490
f 2101 1504 1502
f 2116 1533 1531
f 2026 1414 1412
f 2242 1444 1442
f 2267 1594 1592
f 1943 1383 1381
f 1869 1323 1321
f 1815 1275 1273
f 1799 1263 1261
f 1835 1299 1297
f 1853 1317 1315
f 1889 1341 1339
f 2195 1564 1562
f 2319 1462 1460
f 2283 1588 1586
f 1905 1347 1345
f 2103 1521 1519
f 2046 1420 1418
f 1957 1395 1393
f 2069 1497 1495
f 2087 1515 1513
f 2141 1557 1555
f 1979 1425 1423
f 1993 1431 1429
f 2229 1570 1568
f 2296 1372 1370
f 2188 1282 1280
f 1882 1258 1256
f 1902 1294 1292
f 2280 1312 1310
f 2316 1330 1328
f 2172 1378 1376
f 2157 1540 1538
f 2011 1449 1447
f 2209 1575 1573
f 1923 1365 1363
f 2134 1486 1484
f 1972 1390 1388
f 1995 1437 1435
f 2226 1510 1508
f 2303 1528 1526
f 2175 1546 1544
f 2154 1468 1466
f 2013 1455 1453
f 2211 1581 1579
f 1921 1359 1357
f 1865 1272 1268
f 1811 1248 1244
f 1796 1253 1249
f 1832 1289 1285
f 1850 1307 1303
f 1888 1337 1333
f 2194 1554 1550
f 2322 1476 1472
f 2286 1602 1598
f 1908 1355 1351
f 2099 1482 1478
f 2045 1404 1400
f 1962 1409 1405
f 2068 1493 1489
f 2084 1505 1501
f 2140 1536 1532
f 1976 1415 1411
f 1998 1445 1441
f 2232 1595 1591
f 2299 1386 1382
f 2330 909 911
f 2324 891 893
f 2325 886 888
f 2332 898 900
f 2335 904 906
f 2344 922 924
f 2410 1060 1062
f 2497 1240 1242
f 2486 1204 1206
f 2434 1102 1104
f 2375 999 1001
f 2369 981 983
f 2370 976 978
f 2377 988 990
f 2380 994 996
f 2393 1024 1026
f 2359 952 954
f 2415 1066 1068
f 2455 1138 1140
f 2461 1179 1181
f 2489 1233 1235
f 2399 1041 1043
f 2341 927 929
f 2431 1119 1121
f 2476 1209 1211
f 2405 1053 1055
f 2500 1228 1230
f 2481 1192 1194
f 2439 1108 1110
f 2348 933 935
f 2465 1167 1169
f 2383 1005 1007
f 2356 957 959
f 2420 1083 1085
f 2452 1150 1152
f 2471 1174 1176
f 2386 1029 1031
f 2363 963 965
f 2422 1077 1079
f 2445 1126 1128
f 2400 1036 1038
f 2338 915 917
f 2428 1095 1097
f 2473 1185 1187
f 2490 1216 1218
f 2458 1155 1157
f 2394 1018 1020
f 2366 970 972
f 2425 1090 1092
f 2444 1143 1145
f 2389 1012 1014
f 2353 945 947
f 2414 1071 1073
f 2449 1131 1133
f 2466 1162 1164
f 2407 1047 1049
f 2494 1221 1223
f 2480 1197 1199
f 2438 1114 1116
f 2351 940 942
f 2510 1284 1283
f 2504 1260 1259
f 2508 1296 1295
f 2514 1314 1313
f 2517 1332 1331
f 2520 1380 1379
f 2554 1542 1541
f 2539 1451 1452
f 2560 1577 1578
f 2523 1367 1368
f 2543 1488 1487
f 2527 1392 1391
f 2532 1439 1440
f 2547 1512 1511
f 2550 1530 1529
f 2552 1548 1547
f 2535 1470 1469
f 2538 1457 1458
f 2558 1583 1584
f 2524 1361 1362
f 1607 1616 1609
f 1603 1608 1605
f 1604 1606 1611
f 1610 1612 1614
f 1613 1615 1617
f 1622 1624 1631
f 1686 1692 1688
f 1773 1782 1775
f 1761 1765 1763
f 1712 1714 1719
f 1652 1661 1654
f 1648 1653 1650
f 1649 1651 1656
f 1655 1657 1659
f 1658 1660 1662
f 1670 1675 1672
f 1637 1639 1646
f 1694 1696 1706
f 1731 1733 1735
f 1739 1751 1741
f 1768 1779 1770
f 1678 1683 1680
f 1619 1626 1621
f 1709 1721 1711
f 1754 1766 1756
f 1682 1689 1684
f 1776 1778 1780
f 1758 1760 1767
f 1716 1718 1722
f 1625 1629 1627
f 1742 1747 1744
f 1663 1665 1668
f 1634 1641 1636
f 1697 1704 1699
f 1728 1737 1730
f 1746 1750 1748
f 1664 1676 1666
f 1640 1644 1642
f 1700 1702 1705
f 1724 1726 1736
f 1679 1681 1691
f 1618 1620 1623
f 1708 1710 1713
f 1753 1755 1764
f 1769 1771 1781
f 1738 1740 1749
f 1671 1673 1677
f 1643 1647 1645
f 1701 1707 1703
f 1723 1734 1725
f 1667 1669 1674
f 1633 1635 1638
f 1693 1698 1695
f 1727 1729 1732
f 1743 1745 1752
f 1685 1687 1690
f 1772 1774 1777
f 1757 1762 1759
f 1715 1720 1717
f 1628 1632 1630
f 2187 2189 2191
f 1881 1883 1885
f 1899 1903 1901
f 2277 2281 2279
f 2313 2317 2315
f 2169 2173 2171
f 2156 2158 2160
f 2010 2012 2016
f 2208 2210 2214
f 1917 1924 1919
f 2133 2135 2137
f 1971 1973 1978
f 1989 1996 1991
f 2223 2227 2225
f 2300 2304 2302
f 2174 2176 2178
f 2151 2155 2153
f 2007 2014 2009
f 2205 2212 2207
f 1920 1922 1926
f 1855 1864 1857
f 1801 1810 1803
f 1784 1795 1786
f 1820 1831 1822
f 1838 1849 1840
f 1874 1887 1876
f 2180 2193 2182
f 2310 2321 2312
f 2274 2285 2276
f 1896 1907 1898
f 2089 2098 2091
f 2035 2044 2037
f 1950 1961 1952
f 2054 2067 2056
f 2072 2083 2074
f 2126 2139 2128
f 1964 1975 1966
f 1986 1997 1988
f 2220 2231 2222
f 2291 2298 2293
f 2183 2190 2185
f 1877 1884 1879
f 1891 1900 1893
f 2269 2278 2271
f 2305 2314 2307
f 2161 2170 2163
f 2148 2159 2150
f 2004 2015 2006
f 2202 2213 2204
f 1909 1918 1911
f 2129 2136 2131
f 1967 1977 1969
f 1981 1990 1983
f 2215 2224 2217
f 2288 2301 2290
f 2166 2177 2168
f 2143 2152 2145
f 1999 2008 2001
f 2197 2206 2199
f 1914 1925 1916
f 1806 1817 1808
f 1787 1797 1789
f 1823 1833 1825
f 1841 1851 1843
f 1860 1871 1862
f 1931 1941 1933
f 2108 2119 2110
f 2018 2029 2020
f 2234 2247 2236
f 2255 2262 2257
f 2040 2051 2042
f 1945 1954 1947
f 2057 2064 2059
f 2075 2085 2077
f 2094 2105 2096
f 2111 2121 2113
f 2021 2031 2023
f 2237 2244 2239
f 2252 2265 2254
f 1928 1939 1930
f 1812 1814 1818
f 1791 1793 1798
f 1827 1829 1834
f 1845 1847 1852
f 1866 1868 1872
f 1935 1937 1942
f 2118 2124 2120
f 2028 2034 2030
f 2246 2250 2248
f 2259 2261 2263
f 2048 2050 2052
f 1953 1960 1955
f 2061 2063 2065
f 2079 2081 2086
f 2100 2102 2106
f 2115 2117 2122
f 2025 2027 2032
f 2241 2243 2245
f 2264 2268 2266
f 1938 1944 1940
f 1802 1804 1813
f 1783 1785 1792
f 1819 1821 1828
f 1837 1839 1846
f 1856 1858 1867
f 1927 1929 1936
f 2112 2114 2123
f 2022 2024 2033
f 2238 2240 2249
f 2251 2253 2260
f 2036 2038 2049
f 1949 1951 1959
f 2053 2055 2062
f 2071 2073 2080
f 2090 2092 2101
f 2107 2109 2116
f 2017 2019 2026
f 2233 2235 2242
f 2256 2258 2267
f 1932 1934 1943
f 1859 1861 1869
f 1805 1807 1815
f 1788 1790 1799
f 1824 1826 1835
f 1842 1844 1853
f 1878 1880 1889
f 2184 2186 2195
f 2306 2308 2319
f 2270 2272 2283
f 1892 1894 1905
f 2093 2095 2103
f 2039 2041 2046
f 1946 1948 1957
f 2058 2060 2069
f 2076 2078 2087
f 2130 2132 2141
f 1968 1970 1979
f 1982 1984 1993
f 2216 2218 2229
f 2287 2289 2296
f 2179 2181 2188
f 1873 1875 1882
f 1895 1897 1902
f 2273 2275 2280
f 2309 2311 2316
f 2165 2167 2172
f 2144 2146 2157
f 2000 2002 2011
f 2198 2200 2209
f 1913 1915 1923
f 2125 2127 2134
f 1963 1965 1972
f 1985 1987 1995
f 2219 2221 2226
f 2292 2294 2303
f 2162 2164 2175
f 2147 2149 2154
f 2003 2005 2013
f 2201 2203 2211
f 1910 1912 1921
f 1863 1870 1865
f 1809 1816 1811
f 1794 1800 1796
f 1830 1836 1832
f 1848 1854 1850
f 1886 1890 1888
f 2192 2196 2194
f 2318 2320 2322
f 2282 2284 2286
f 1904 1906 1908
f 2097 2104 2099
f 2043 2047 2045
f 1956 1958 1962
f 2066 2070 2068
f 2082 2088 2084
f 2138 2142 2140
f 1974 1980 1976
f 1992 1994 1998
f 2228 2230 2232
f 2295 2297 2299
f 2331 2329 2330
f 2327 2323 2324
f 2328 2326 2325
f 2334 2333 2332
f 2337 2336 2335
f 2346 2345 2344
f 2412 2409 2410
f 2499 2496 2497
f 2487 2485 2486
f 2436 2435 2434
f 2376 2374 2375
f 2372 2368 2369
f 2373 2371 2370
f 2379 2378 2377
f 2382 2381 2380
f 2396 2392 2393
f 2361 2360 2359
f 2418 2416 2415
f 2457 2456 2455
f 2463 2460 2461
f 2492 2488 2489
f 2402 2398 2399
f 2343 2340 2341
f 2433 2430 2431
f 2478 2475 2476
f 2406 2404 2405
f 2502 2501 2500
f 2484 2482 2481
f 2442 2440 2439
f 2349 2347 2348
f 2468 2464 2465
f 2387 2384 2383
f 2358 2355 2356
f 2421 2419 2420
f 2454 2451 2452
f 2472 2470 2471
f 2388 2385 2386
f 2364 2362 2363
f 2426 2423 2422
f 2448 2446 2445
f 2403 2401 2400
f 2342 2339 2338
f 2432 2429 2428
f 2477 2474 2473
f 2493 2491 2490
f 2462 2459 2458
f 2397 2395 2394
f 2367 2365 2366
f 2427 2424 2425
f 2447 2443 2444
f 2391 2390 2389
f 2357 2354 2353
f 2417 2413 2414
f 2453 2450 2449
f 2469 2467 2466
f 2411 2408 2407
f 2498 2495 2494
f 2483 2479 2480
f 2441 2437 2438
f 2352 2350 2351
f 2509 2511 2510
f 2503 2505 2504
f 2506 2507 2508
f 2512 2513 2514
f 2515 2516 2517
f 2518 2519 2520
f 2555 2556 2554
f 2541 2540 2539
f 2562 2561 2560
f 2522 2521 2523
f 2542 2544 2543
f 2528 2529 2527
f 2531 2530 2532
f 2545 2546 2547
f 2548 2549 2550
f 2551 2553 2552
f 2533 2534 2535
f 2537 2536 2538
f 2559 2557 2558
f 2526 2525 2524