v -0.378700 0.537647 -0.037884
v 0.381545 0.568324 -0.036039
v -0.410630 -0.674751 -0.012923
v 0.417828 -0.686730 -0.014936
v -0.002425 -0.557254 0.843221
v 0.002623 0.334264 0.635392
v 0.006162 -0.382960 -0.635821
v 0.000506 0.534574 -0.854709
v 0.652121 -0.000911 -0.402349
v 0.660809 -0.001086 0.402757
v -0.615590 0.000566 -0.375963
v -0.665713 -0.000274 0.409292
v 0.016141 0.636989 -0.081722
v -0.215839 0.448145 0.328665
v -0.248888 0.802001 -0.518106
v -0.565142 0.357894 -0.221496
v -0.577217 0.308179 0.213632
v 0.225344 0.456002 0.323248
v 0.256627 0.809106 -0.518077
v 0.561025 0.346275 -0.237874
v 0.576059 0.326938 0.219234
v 0.006827 -0.761049 -0.003136
v -0.310130 -0.751252 0.579547
v -0.236762 -0.642644 -0.384976
v -0.548296 -0.315076 -0.199272
v -0.563427 -0.359869 0.241303
v 0.322591 -0.906697 0.619070
v 0.245548 -0.639355 -0.389898
v 0.556875 -0.322595 -0.220302
v 0.574419 -0.361374 0.236509
v -0.003035 -0.005814 0.846835
v 0.403571 -0.271696 0.683584
v -0.397312 -0.273322 0.688034
v 0.362829 0.215144 0.584172
v -0.374117 0.215411 0.592186
v 0.004597 0.029652 -0.814956
v 0.370169 -0.229198 -0.593753
v -0.351042 -0.217351 -0.574156
v 0.418643 0.289870 -0.736195
v -0.411880 0.276160 -0.739052
v 0.737374 -0.004265 0.001868
v -0.740682 0.000110 0.024133
v -0.191399 0.608762 -0.062555
v -0.309939 0.505776 0.127090
v -0.319963 0.622398 -0.254628
v -0.479483 0.490027 -0.132405
v -0.480811 0.431814 0.080952
v 0.207792 0.615848 -0.062697
v 0.314009 0.524301 0.125247
v 0.321983 0.633134 -0.250827
v 0.479504 0.508940 -0.131912
v 0.477915 0.459436 0.081004
v -0.249419 -0.822756 -0.017285
v -0.341734 -0.643496 0.210417
v -0.412282 -0.820418 -0.241042
v -0.480255 -0.532331 -0.091678
v -0.498606 -0.535708 0.131987
v 0.249326 -0.833598 -0.012233
v 0.327126 -0.640934 0.240442
v 0.419874 -0.813095 -0.269667
v 0.481065 -0.533378 -0.102525
v 0.496135 -0.535828 0.124111
v -0.215473 -0.871090 0.837150
v 0.152953 -0.710576 0.733641
v -0.000297 -0.277941 0.925423
v 0.256126 -0.446139 0.847523
v -0.241992 -0.450766 0.840837
v -0.101851 0.388105 0.520599
v 0.109051 0.388577 0.514086
v 0.001143 0.207160 0.696633
v 0.164091 0.307513 0.641621
v -0.169554 0.302844 0.640873
v -0.093539 -0.475510 -0.515578
v 0.108666 -0.475656 -0.523510
v 0.009539 -0.227217 -0.667998
v 0.178739 -0.337207 -0.642270
v -0.159049 -0.330288 -0.628497
v -0.160376 0.733240 -0.747746
v 0.161817 0.738444 -0.755538
v -0.001818 0.299048 -0.943458
v 0.235108 0.443674 -0.869317
v -0.230899 0.437764 -0.866768
v 0.630096 0.147789 -0.340575
v 0.629442 -0.148016 -0.334890
v 0.544429 -0.100788 -0.509257
v 0.573408 0.125981 -0.556253
v 0.708507 -0.002012 -0.223179
v 0.635047 0.141917 0.327227
v 0.640962 -0.160545 0.330660
v 0.558205 -0.110539 0.520584
v 0.550362 0.095955 0.502724
v 0.720196 -0.002841 0.231625
v -0.629054 0.161907 -0.321043
v -0.615995 -0.151244 -0.310528
v -0.513159 -0.099626 -0.493123
v -0.532887 0.117133 -0.528310
v -0.688983 -0.000718 -0.194546
v -0.645060 0.147741 0.331908
v -0.643647 -0.156771 0.331861
v -0.554273 -0.108772 0.527598
v -0.546093 0.092097 0.506248
v -0.720781 -0.001710 0.229884
v -0.094053 0.553541 0.128056
v -0.099888 0.720933 -0.298358
v 0.119066 0.552915 0.124072
v 0.113604 0.728441 -0.311382
v -0.425888 0.392514 0.294827
v 0.008956 0.470096 0.331065
v -0.316586 0.348185 0.491121
v -0.491612 0.602485 -0.397319
v 0.007392 0.850990 -0.548123
v -0.352200 0.567901 -0.634662
v -0.604572 0.339399 0.003991
v -0.485473 0.339696 -0.470214
v -0.686614 0.180081 -0.092149
v -0.499686 0.277359 0.425511
v -0.685428 0.171192 0.120239
v 0.415466 0.411662 0.289922
v 0.314285 0.367627 0.491339
v 0.480729 0.597861 -0.394066
v 0.357982 0.556728 -0.645649
v 0.598075 0.340974 -0.004551
v 0.489877 0.333254 -0.488013
v 0.686520 0.161579 -0.111955
v 0.488591 0.285999 0.418613
v 0.687892 0.165023 0.114968
v -0.093483 -0.714631 0.268747
v -0.135660 -0.827015 -0.247455
v 0.101873 -0.727759 0.341463
v 0.136978 -0.827620 -0.248639
v -0.448211 -0.551140 0.394646
v -0.069907 -0.796436 0.568844
v -0.404879 -0.588525 0.699406
v -0.412059 -0.493443 -0.310491
v 0.004214 -0.638282 -0.381874
v -0.284162 -0.402955 -0.482060
v -0.598451 -0.347738 0.025066
v -0.469202 -0.279658 -0.418166
v -0.681952 -0.168391 -0.091626
v -0.500047 -0.350025 0.474428
v -0.688608 -0.166359 0.121390
v 0.419785 -0.566672 0.422344
v 0.361513 -0.575906 0.726915
v 0.413424 -0.495976 -0.326502
v 0.301979 -0.406330 -0.499803
v 0.591983 -0.346428 0.012588
v 0.494242 -0.288024 -0.447654
v 0.684957 -0.164816 -0.110186
v 0.493965 -0.344303 0.466999
v 0.684387 -0.171211 0.117923
v 0.228964 -0.138621 0.841791
v -0.227108 -0.140266 0.836484
v 0.189931 0.099926 0.713144
v -0.198693 0.099023 0.714711
v 0.399060 -0.012899 0.658289
v -0.403986 -0.013049 0.667240
v 0.205292 -0.098573 -0.701159
v -0.190880 -0.090582 -0.691898
v 0.270782 0.141465 -0.923804
v -0.267211 0.134336 -0.919766
v 0.399785 0.027575 -0.669284
v -0.387659 0.025915 -0.665213
v -0.296516 0.571404 -0.050846
v -0.349012 0.526998 0.035442
v -0.348579 0.569048 -0.130720
v -0.425747 0.515887 -0.083402
v -0.432106 0.495303 0.015304
v 0.304747 0.592469 -0.047846
v 0.351649 0.550349 0.035129
v 0.354845 0.590604 -0.124177
v 0.431257 0.550437 -0.076861
v 0.426214 0.520898 0.015675
v -0.355642 -0.754470 -0.019398
v -0.388840 -0.653120 0.066459
v -0.424513 -0.749961 -0.099337
v -0.455796 -0.627015 -0.049760
v -0.458937 -0.610007 0.055078
v 0.355841 -0.760771 -0.022568
v 0.381741 -0.660613 0.077635
v 0.426880 -0.758987 -0.114590
v 0.460622 -0.636548 -0.056489
v 0.458491 -0.616122 0.051804
v -0.093763 -0.673664 0.836159
v 0.069226 -0.636937 0.803094
v 0.000293 -0.434690 0.875340
v 0.121426 -0.512188 0.848720
v -0.119718 -0.522504 0.855155
v -0.043190 0.357211 0.593485
v 0.049372 0.358125 0.591437
v 0.001927 0.294547 0.667195
v 0.074735 0.323524 0.642944
v -0.071179 0.323363 0.643194
v -0.037298 -0.416807 -0.592344
v 0.049874 -0.414649 -0.595825
v 0.008857 -0.332243 -0.655024
v 0.081373 -0.364219 -0.637681
v -0.065648 -0.374524 -0.644018
v -0.067542 0.619828 -0.811499
v 0.068429 0.619428 -0.815717
v -0.000095 0.429978 -0.897168
v 0.107489 0.497443 -0.864180
v -0.106153 0.496868 -0.862769
v 0.652870 0.063679 -0.378767
v 0.648757 -0.068188 -0.374212
v 0.612845 -0.042360 -0.455609
v 0.619227 0.050359 -0.466999
v 0.682237 -0.002234 -0.326307
v 0.657692 0.055982 0.374467
v 0.659705 -0.066084 0.373615
v 0.620659 -0.042365 0.453834
v 0.623097 0.038300 0.454101
v 0.697672 -0.001700 0.331251
v -0.628846 0.075880 -0.354251
v -0.629365 -0.074531 -0.351182
v -0.571594 -0.042921 -0.430788
v -0.576086 0.051417 -0.438066
v -0.654660 0.000154 -0.297968
v -0.662461 0.062041 0.378442
v -0.668778 -0.066258 0.381210
v -0.625198 -0.041551 0.461255
v -0.620966 0.038775 0.459217
v -0.692429 -0.001269 0.330115
v -0.081521 0.628797 -0.076463
v 0.111324 0.632226 -0.076802
v -0.035455 0.597116 0.023478
v -0.035552 0.673055 -0.191104
v 0.065903 0.598159 0.022252
v 0.061869 0.676376 -0.192611
v -0.265229 0.478101 0.226555
v -0.160648 0.418867 0.430080
v -0.155211 0.504140 0.231641
v -0.326703 0.419420 0.317668
v -0.103457 0.466353 0.333018
v -0.271736 0.396026 0.417504
v -0.302219 0.714064 -0.386773
v -0.225197 0.815362 -0.629740
v -0.183523 0.784615 -0.410797
v -0.437918 0.775746 -0.502021
v -0.170495 1.008521 -0.550667
v -0.320666 0.719638 -0.582093
v -0.523432 0.441606 -0.170954
v -0.604078 0.254876 -0.272343
v -0.483490 0.464379 -0.298300
v -0.594629 0.352715 -0.101202
v -0.520880 0.349402 -0.342164
v -0.640641 0.268789 -0.154035
v -0.534772 0.372009 0.149374
v -0.615995 0.237655 0.275632
v -0.512169 0.356383 0.260238
v -0.598989 0.321129 0.106464
v -0.550004 0.300037 0.326151
v -0.639145 0.249210 0.165599
v 0.273662 0.493276 0.222982
v 0.169633 0.420132 0.421542
v 0.172433 0.504706 0.225832
v 0.118609 0.465214 0.326443
v 0.324852 0.440948 0.313331
v 0.275497 0.410587 0.416248
v 0.299397 0.721487 -0.390768
v 0.234619 0.809172 -0.626670
v 0.183272 0.812889 -0.434125
v 0.189706 0.987379 -0.558247
v 0.476095 0.768805 -0.505098
v 0.328279 0.711100 -0.597198
v 0.517720 0.439070 -0.183048
v 0.603604 0.248491 -0.293590
v 0.483090 0.456680 -0.308481
v 0.585048 0.342593 -0.117039
v 0.526606 0.343941 -0.362591
v 0.629475 0.250940 -0.170403
v 0.529656 0.396929 0.152504
v 0.606994 0.235251 0.275028
v 0.498943 0.373433 0.258729
v 0.593584 0.335982 0.109573
v 0.535297 0.304580 0.323113
v 0.639118 0.250666 0.169573
v -0.125142 -0.779593 -0.028638
v 0.131944 -0.795573 -0.016410
v -0.037459 -0.740832 0.110402
v -0.077729 -0.763334 -0.109887
v 0.064461 -0.742329 0.132780
v 0.082240 -0.768482 -0.110748
v -0.298838 -0.647916 0.399221
v -0.342025 -0.948903 0.690978
v -0.175238 -0.698182 0.458557
v -0.364633 -0.621900 0.492527
v -0.247404 -0.899701 0.641126
v -0.387728 -0.732155 0.635743
v -0.335753 -0.763026 -0.350603
v -0.159408 -0.547735 -0.442101
v -0.206492 -0.776112 -0.350004
v -0.336028 -0.584114 -0.362380
v -0.123015 -0.649288 -0.386522
v -0.256645 -0.512525 -0.424628
v -0.506107 -0.419101 -0.140596
v -0.596365 -0.230152 -0.262746
v -0.474141 -0.400477 -0.250856
v -0.577969 -0.330132 -0.085924
v -0.513160 -0.299696 -0.312016
v -0.630784 -0.241662 -0.148977
v -0.529160 -0.450664 0.192745
v -0.603722 -0.258698 0.283701
v -0.507724 -0.464768 0.313121
v -0.583695 -0.351908 0.131918
v -0.537426 -0.365750 0.356136
v -0.627091 -0.258231 0.177447
v 0.280928 -0.684102 0.484889
v 0.252786 -0.821177 0.646376
v 0.095105 -0.823458 0.767666
v 0.152763 -0.973675 0.614656
v 0.309098 -0.731510 0.581630
v 0.282969 -0.882927 0.858320
v 0.332369 -0.751547 -0.357062
v 0.172379 -0.546781 -0.451143
v 0.205247 -0.771856 -0.347471
v 0.131051 -0.645767 -0.387201
v 0.336517 -0.582340 -0.368819
v 0.266752 -0.510989 -0.435932
v 0.510456 -0.419681 -0.155484
v 0.599858 -0.234257 -0.284051
v 0.485290 -0.407081 -0.273830
v 0.577164 -0.331832 -0.101358
v 0.529133 -0.308374 -0.337433
v 0.632205 -0.245638 -0.168035
v 0.530537 -0.448727 0.185670
v 0.615203 -0.265633 0.285056
v 0.511230 -0.459425 0.308977
v 0.586759 -0.353400 0.125101
v 0.545114 -0.361438 0.347336
v 0.634006 -0.263905 0.176694
v -0.002673 -0.135496 0.937956
v -0.000141 0.095387 0.749063
v 0.114266 -0.069475 0.870210
v -0.117273 -0.067963 0.868090
v 0.100561 0.043605 0.780257
v -0.104323 0.043759 0.777507
v 0.336583 -0.360197 0.775947
v 0.479796 -0.188154 0.593687
v 0.382600 -0.416529 0.680316
v 0.450072 -0.315463 0.580224
v 0.325987 -0.211234 0.768807
v 0.408304 -0.136882 0.681525
v -0.328370 -0.360767 0.782047
v -0.472556 -0.187680 0.601582
v -0.395333 -0.422153 0.687928
v -0.454715 -0.320140 0.586884
v -0.322378 -0.211312 0.772650
v -0.404021 -0.136912 0.685449
v 0.260786 0.269361 0.613922
v 0.459831 0.156030 0.546658
v 0.340961 0.304967 0.544145
v 0.437344 0.257841 0.509547
v 0.274015 0.157887 0.645720
v 0.379542 0.101715 0.618751
v -0.275949 0.267571 0.622078
v -0.461886 0.151301 0.551208
v -0.349825 0.296778 0.549458
v -0.440548 0.251835 0.512869
v -0.288602 0.158061 0.655045
v -0.388945 0.101618 0.627032
v 0.007657 -0.082383 -0.708114
v -0.004272 0.141012 -0.919269
v 0.112717 -0.020388 -0.749336
v -0.102583 -0.026587 -0.755546
v 0.139784 0.071931 -0.884283
v -0.131439 0.072694 -0.880647
v 0.274183 -0.289709 -0.623615
v 0.460348 -0.166193 -0.554071
v 0.343856 -0.320843 -0.560675
v 0.436517 -0.262582 -0.525752
v 0.291869 -0.172154 -0.652104
v 0.382131 -0.106579 -0.621281
v -0.258017 -0.278168 -0.606002
v -0.439014 -0.157569 -0.540170
v -0.321530 -0.311804 -0.541600
v -0.413506 -0.251673 -0.507630
v -0.275065 -0.159851 -0.635107
v -0.367603 -0.098534 -0.609674
v 0.336950 0.368040 -0.824354
v 0.510219 0.212854 -0.656997
v 0.384619 0.414174 -0.693250
v 0.459086 0.316684 -0.615839
v 0.345547 0.231155 -0.835994
v 0.417994 0.160982 -0.720408
v -0.330870 0.361760 -0.832425
v -0.498730 0.191846 -0.649513
v -0.378814 0.414804 -0.690066
v -0.455375 0.316501 -0.604122
v -0.376702 0.226160 -0.891135
v -0.416614 0.148192 -0.730133
v 0.728753 -0.002897 -0.109927
v 0.733677 -0.004052 0.116420
v 0.726692 0.078343 -0.055115
v 0.724818 0.077896 0.057519
v 0.727458 -0.083257 -0.052786
v 0.724023 -0.085272 0.059049
v -0.722810 0.000652 -0.087787
v -0.732530 -0.001025 0.124900
v -0.721497 0.091443 -0.032347
v -0.723205 0.087325 0.072505
v -0.726895 -0.087349 -0.030433
v -0.731120 -0.084823 0.072237
v -0.249039 0.560123 0.037787
v -0.250546 0.615273 -0.160855
v -0.140777 0.589563 0.031984
v -0.140821 0.654287 -0.178440
v -0.406066 0.472262 0.110813
v -0.203367 0.535259 0.131691
v -0.370449 0.447897 0.212669
v -0.404628 0.555010 -0.203367
v -0.210057 0.676633 -0.284728
v -0.408751 0.636164 -0.337855
v -0.489476 0.457259 -0.021974
v -0.454633 0.530256 -0.260895
v -0.544808 0.414011 -0.060075
v -0.462673 0.414924 0.186928
v -0.545842 0.389520 0.043872
v 0.261066 0.573780 0.037015
v 0.256836 0.628118 -0.156802
v 0.164569 0.589276 0.029265
v 0.158571 0.660004 -0.180464
v 0.400667 0.494597 0.109478
v 0.218701 0.541631 0.127706
v 0.365998 0.469081 0.209672
v 0.409958 0.576148 -0.196226
v 0.214262 0.686357 -0.288901
v 0.412014 0.645804 -0.332098
v 0.491608 0.489209 -0.016934
v 0.464169 0.542229 -0.257686
v 0.539901 0.426639 -0.066367
v 0.450217 0.434913 0.184258
v 0.542578 0.414015 0.045535
v -0.279948 -0.692279 0.070436
v -0.357120 -0.929673 -0.119981
v -0.153609 -0.722541 0.077512
v -0.179505 -0.939049 -0.133247
v -0.448270 -0.598635 0.171825
v -0.220148 -0.680983 0.244437
v -0.407075 -0.603634 0.321880
v -0.453887 -0.653553 -0.168349
v -0.288117 -0.941832 -0.292721
v -0.432207 -0.643175 -0.302094
v -0.502332 -0.535641 0.019246
v -0.459473 -0.524435 -0.206959
v -0.537261 -0.435649 -0.030222
v -0.478957 -0.540076 0.255204
v -0.543618 -0.445729 0.082014
v 0.275068 -0.695594 0.094215
v 0.366581 -0.926246 -0.131617
v 0.167616 -0.729164 0.121697
v 0.176031 -0.944236 -0.136977
v 0.437220 -0.604021 0.171484
v 0.201393 -0.683573 0.319999
v 0.383106 -0.617194 0.350647
v 0.452861 -0.654267 -0.181950
v 0.295499 -0.925249 -0.310132
v 0.415413 -0.641227 -0.302742
v 0.497857 -0.537996 0.011352
v 0.452444 -0.519867 -0.220069
v 0.531265 -0.433854 -0.040800
v 0.476808 -0.540536 0.248222
v 0.540133 -0.443171 0.070969
v -0.056368 -0.727582 0.738955
v -0.261370 -0.646687 0.831027
v -0.138837 -0.915810 0.722555
v -0.330344 -0.752102 0.765439
v 0.277787 -0.624961 0.826491
v 0.031683 -0.742202 0.648956
v 0.351749 -0.687906 0.738300
v 0.125401 -0.360732 0.882049
v -0.122374 -0.362531 0.881305
v 0.124908 -0.206719 0.915052
v -0.124581 -0.206426 0.912360
v 0.366977 -0.526774 0.782219
v 0.241019 -0.284860 0.853731
v -0.354269 -0.533674 0.800578
v -0.239730 -0.284296 0.859547
v 0.004643 0.392448 0.521385
v -0.143317 0.350807 0.590903
v -0.049223 0.428387 0.430828
v -0.209765 0.374276 0.510325
v 0.145123 0.352358 0.588823
v 0.061563 0.427877 0.427108
v 0.214885 0.379345 0.509419
v 0.086178 0.261288 0.679235
v -0.084805 0.257837 0.673111
v 0.093218 0.152581 0.710555
v -0.094194 0.153837 0.707610
v 0.245814 0.343883 0.579994
v 0.177806 0.216355 0.673778
v -0.249937 0.331164 0.578677
v -0.185391 0.211336 0.670229
v 0.006908 -0.480991 -0.519448
v -0.130414 -0.405908 -0.586022
v -0.050385 -0.557119 -0.446106
v -0.192186 -0.452446 -0.505371
v 0.147446 -0.401343 -0.592258
v 0.062943 -0.556821 -0.450064
v 0.207691 -0.450860 -0.517055
v 0.098207 -0.288724 -0.660352
v -0.079562 -0.289119 -0.659026
v 0.104727 -0.159868 -0.684870
v -0.089052 -0.157748 -0.687308
v 0.245085 -0.362622 -0.583583
v 0.193808 -0.232718 -0.660911
v -0.226705 -0.368086 -0.570903
v -0.176086 -0.223179 -0.649942
v -0.000652 0.747999 -0.765047
v -0.202370 0.581940 -0.807736
v -0.086203 0.827997 -0.646485
v -0.277981 0.668068 -0.717835
v 0.207019 0.580282 -0.809758
v 0.094838 0.828309 -0.650803
v 0.279934 0.656772 -0.711929
v 0.131868 0.370271 -0.921230
v -0.136814 0.365258 -0.924021
v 0.153355 0.215567 -0.945339
v -0.163159 0.212111 -0.950289
v 0.308903 0.505334 -0.767862
v 0.266632 0.301901 -0.945002
v -0.303679 0.508451 -0.770347
v -0.279376 0.298696 -0.952120
v 0.602688 0.137568 -0.451048
v 0.684103 0.074079 -0.280118
v 0.570569 0.235536 -0.413214
v 0.663306 0.160242 -0.228701
v 0.606604 -0.139057 -0.434422
v 0.679585 -0.078842 -0.277295
v 0.574622 -0.220506 -0.397192
v 0.662101 -0.162245 -0.226528
v 0.561629 0.012993 -0.535853
v 0.526294 -0.202899 -0.484136
v 0.473780 -0.042816 -0.583039
v 0.537363 0.222493 -0.534568
v 0.491496 0.084048 -0.621957
v 0.706519 0.076498 -0.167269
v 0.706787 -0.083037 -0.165893
v 0.595741 0.123459 0.418131
v 0.695694 0.071216 0.283083
v 0.567113 0.216525 0.374358
v 0.675115 0.160083 0.227943
v 0.598869 -0.139681 0.427413
v 0.698973 -0.079365 0.282549
v 0.569394 -0.247986 0.390009
v 0.679663 -0.173148 0.228327
v 0.565601 -0.004990 0.525680
v 0.527551 -0.223464 0.495350
v 0.490296 -0.066731 0.600206
v 0.520765 0.192976 0.463796
v 0.482184 0.047421 0.581562
v 0.717984 0.077949 0.174096
v 0.716544 -0.084322 0.174591
v -0.590971 0.150130 -0.429673
v -0.660752 0.083444 -0.253849
v -0.567741 0.240012 -0.392782
v -0.666434 0.173600 -0.208719
v -0.568030 -0.134496 -0.407864
v -0.661405 -0.081183 -0.250518
v -0.548992 -0.214958 -0.368096
v -0.652179 -0.161729 -0.202881
v -0.520150 0.008149 -0.515236
v -0.499572 -0.195629 -0.465859
v -0.451067 -0.042397 -0.572291
v -0.532788 0.227241 -0.517080
v -0.470991 0.073805 -0.613163
v -0.701331 0.087393 -0.145788
v -0.703583 -0.084959 -0.145457
v -0.599546 0.125724 0.424358
v -0.693799 0.071929 0.280225
v -0.578851 0.222889 0.383492
v -0.671889 0.162785 0.224820
v -0.607158 -0.138894 0.437316
v -0.699607 -0.073484 0.279768
v -0.571305 -0.250082 0.397583
v -0.671418 -0.163205 0.225010
v -0.560867 -0.005060 0.529233
v -0.528115 -0.225734 0.505347
v -0.484891 -0.066695 0.602181
v -0.523702 0.191330 0.469534
v -0.482322 0.045620 0.586501
v -0.711119 0.081032 0.175091
v -0.719043 -0.079150 0.174273
v 0.014429 0.556906 0.122868
v -0.043953 0.512576 0.229246
v 0.009454 0.734114 -0.310900
v -0.059501 0.805729 -0.422578
v 0.065567 0.511258 0.226163
v 0.073206 0.820652 -0.443063
v -0.376649 0.368168 0.397326
v -0.468674 0.338389 0.366966
v -0.413943 0.317959 0.463059
v -0.416102 0.641423 -0.493895
v -0.430297 0.476510 -0.417650
v -0.410845 0.455535 -0.550521
v -0.654790 0.269375 -0.040789
v -0.650503 0.260124 0.062883
v -0.695207 0.179824 0.017693
v 0.370604 0.389175 0.393462
v 0.459272 0.353020 0.363656
v 0.407072 0.332140 0.457994
v 0.440272 0.605304 -0.532167
v 0.446513 0.463530 -0.433878
v 0.416402 0.446231 -0.566725
v 0.649202 0.253227 -0.057056
v 0.648022 0.253805 0.056059
v 0.693318 0.165323 -0.000179
v 0.009915 -0.736588 0.300813
v -0.069251 -0.742819 0.463700
v 0.001154 -0.711868 -0.196052
v -0.073000 -0.708407 -0.312176
v 0.061880 -0.787811 0.505747
v 0.076371 -0.706931 -0.313053
v -0.420575 -0.568502 0.542969
v -0.480536 -0.473355 0.439617
v -0.442747 -0.455358 0.570431
v -0.342222 -0.446029 -0.391838
v -0.430195 -0.375474 -0.356787
v -0.378802 -0.344718 -0.455166
v -0.649068 -0.253576 -0.034938
v -0.644346 -0.255584 0.073445
v -0.699506 -0.171263 0.017936
v 0.333938 -0.615544 0.647400
v 0.474165 -0.467212 0.445507
v 0.417896 -0.454696 0.587112
v 0.356342 -0.451715 -0.412323
v 0.446152 -0.381650 -0.380589
v 0.400102 -0.348710 -0.480058
v 0.648065 -0.251624 -0.049432
v 0.642211 -0.257860 0.064942
v 0.695137 -0.167887 0.004824
v 0.207609 -0.015159 0.777978
v 0.311640 -0.077281 0.741864
v -0.211306 -0.016035 0.775543
v -0.314131 -0.077558 0.744634
v 0.292475 0.042191 0.691435
v -0.301699 0.042326 0.698673
v 0.225666 0.027779 -0.789984
v 0.305380 -0.036172 -0.699313
v -0.218706 0.025252 -0.787380
v -0.293198 -0.029021 -0.687009
v 0.329492 0.093993 -0.776323
v -0.324298 0.090719 -0.777358
v -0.343069 0.554674 -0.043697
v -0.366722 0.535144 -0.004740
v -0.366246 0.551528 -0.076972
v -0.402918 0.529234 -0.057322
v -0.403423 0.518981 -0.014235
v 0.347947 0.579136 -0.041484
v 0.368546 0.560750 -0.004282
v 0.369483 0.577916 -0.073784
v 0.406112 0.561923 -0.053973
v 0.404005 0.548899 -0.012724
v -0.385781 -0.706556 -0.019960
v -0.402288 -0.667469 0.022132
v -0.402651 -0.700166 -0.053766
v -0.431902 -0.656734 -0.029959
v -0.431705 -0.643005 0.017355
v 0.391946 -0.719083 -0.021069
v 0.402398 -0.676501 0.024559
v 0.418229 -0.716389 -0.059255
v 0.439507 -0.668255 -0.033918
v 0.434718 -0.652887 0.015481
v -0.039543 -0.604963 0.837306
v 0.029867 -0.595727 0.828828
v -0.001174 -0.503547 0.856577
v 0.052145 -0.536325 0.844448
v -0.055454 -0.544064 0.850398
v -0.017381 0.344688 0.619307
v 0.022602 0.344597 0.617753
v 0.002613 0.318701 0.650931
v 0.034392 0.329361 0.640371
v -0.029177 0.330166 0.641870
v -0.013627 -0.396668 -0.622815
v 0.025243 -0.395483 -0.619369
v 0.007186 -0.362999 -0.645506
v 0.038883 -0.374836 -0.636095
v -0.025716 -0.379523 -0.641869
v -0.029108 0.571551 -0.837284
v 0.030064 0.571785 -0.840580
v 0.000332 0.488573 -0.873742
v 0.048060 0.519440 -0.860674
v -0.046710 0.518896 -0.858341
v 0.657458 0.028267 -0.393445
v 0.654247 -0.031576 -0.388658
v 0.638100 -0.017791 -0.427832
v 0.638731 0.020972 -0.430603
v 0.671520 -0.002887 -0.370193
v 0.661510 0.025483 0.390484
v 0.664034 -0.028069 0.391705
v 0.644924 -0.018197 0.425509
v 0.642879 0.015559 0.424599
v 0.676982 -0.000859 0.371563
v -0.621774 0.034464 -0.366906
v -0.623905 -0.034034 -0.364775
v -0.597177 -0.018653 -0.400966
v -0.598718 0.023273 -0.403434
v -0.635358 0.000890 -0.341736
v -0.668096 0.025883 0.397977
v -0.669939 -0.028269 0.398234
v -0.649297 -0.016789 0.432253
v -0.649131 0.015504 0.432984
v -0.679771 -0.000294 0.375371
v -0.032126 0.633300 -0.080956
v 0.063981 0.636182 -0.080817
v -0.008623 0.617053 -0.028779
v -0.009391 0.654395 -0.136115
v 0.041258 0.619011 -0.029376
v 0.038834 0.654661 -0.136532
v -0.241630 0.463428 0.277608
v -0.189163 0.433926 0.380305
v -0.185614 0.475973 0.280675
v -0.271929 0.434531 0.324369
v -0.159628 0.458559 0.331817
v -0.245492 0.421828 0.375584
v -0.286281 0.763751 -0.455822
v -0.235376 0.841118 -0.578606
v -0.228850 0.818930 -0.467920
v -0.331741 0.765631 -0.504379
v -0.274317 0.966027 -0.532245
v -0.274758 0.758798 -0.555499
v -0.543543 0.402759 -0.195697
v -0.589836 0.308543 -0.247619
v -0.523161 0.407358 -0.257475
v -0.581591 0.355755 -0.160369
v -0.544097 0.355323 -0.282716
v -0.604578 0.311525 -0.186674
v -0.557933 0.341370 0.181990
v -0.598025 0.276523 0.245054
v -0.545224 0.334199 0.237551
v -0.588746 0.314914 0.159482
v -0.566830 0.305539 0.270352
v -0.612261 0.283336 0.189517
v 0.250898 0.474578 0.273114
v 0.198501 0.437638 0.373063
v 0.198901 0.479509 0.274798
v 0.172245 0.460318 0.324936
v 0.276735 0.450214 0.320489
v 0.252102 0.432041 0.371756
v 0.276987 0.767160 -0.459424
v 0.235023 0.829672 -0.560869
v 0.231627 0.842458 -0.475574
v 0.253172 0.973815 -0.532843
v 0.330753 0.780672 -0.510143
v 0.277308 0.760607 -0.558055
v 0.537526 0.393794 -0.209772
v 0.584156 0.298081 -0.266049
v 0.522115 0.398768 -0.272618
v 0.573502 0.344016 -0.175495
v 0.544606 0.346959 -0.300199
v 0.598962 0.298192 -0.203570
v 0.555516 0.365293 0.187292
v 0.591317 0.281313 0.247443
v 0.538935 0.353260 0.240860
v 0.588490 0.334764 0.165281
v 0.555701 0.316443 0.271684
v 0.609392 0.291440 0.194658
v -0.058155 -0.766432 -0.011341
v 0.069619 -0.771901 -0.004654
v -0.019851 -0.753083 0.052907
v -0.030586 -0.762042 -0.058762
v 0.038302 -0.754937 0.059728
v 0.041504 -0.759256 -0.055967
v -0.288664 -0.671614 0.500310
v -0.334361 -0.848660 0.641722
v -0.242605 -0.724388 0.537046
v -0.338284 -0.686428 0.525726
v -0.273136 -0.825179 0.632794
v -0.369392 -0.803624 0.549972
v -0.283605 -0.698908 -0.366675
v -0.196099 -0.591810 -0.410203
v -0.225855 -0.711626 -0.369174
v -0.288143 -0.620174 -0.376563
v -0.181982 -0.651355 -0.388320
v -0.245503 -0.577101 -0.401597
v -0.524471 -0.364265 -0.168470
v -0.575042 -0.270393 -0.232210
v -0.509635 -0.355555 -0.224852
v -0.560547 -0.316577 -0.140698
v -0.533098 -0.307415 -0.256311
v -0.589269 -0.277403 -0.174468
v -0.544996 -0.405952 0.218068
v -0.582774 -0.310600 0.263064
v -0.535885 -0.412608 0.277105
v -0.573280 -0.354754 0.185933
v -0.552199 -0.363783 0.298422
v -0.594528 -0.307847 0.208903
v 0.340505 -0.817008 0.574614
v 0.309412 -0.887418 0.577913
v 0.289044 -0.899335 0.745442
v 0.281487 -0.912282 0.629762
v 0.316626 -0.823700 0.613992
v 0.307005 -0.904796 0.672924
v 0.285524 -0.694763 -0.370312
v 0.207015 -0.589283 -0.417742
v 0.229819 -0.708323 -0.371200
v 0.190611 -0.647800 -0.390882
v 0.293593 -0.616349 -0.382925
v 0.255953 -0.572551 -0.411293
v 0.532875 -0.368987 -0.187182
v 0.580560 -0.277903 -0.253809
v 0.520630 -0.364196 -0.247213
v 0.567642 -0.327045 -0.160346
v 0.543715 -0.316482 -0.279625
v 0.593831 -0.283696 -0.193996
v 0.551280 -0.405438 0.212266
v 0.596611 -0.315443 0.261399
v 0.542455 -0.409434 0.271100
v 0.581337 -0.357210 0.180517
v 0.564634 -0.364534 0.292812
v 0.604473 -0.312398 0.206519
v -0.002812 -0.068319 0.889529
v -0.001628 0.044438 0.793409
v 0.055208 -0.034261 0.866537
v -0.060545 -0.034938 0.867028
v 0.051301 0.018021 0.813415
v -0.055113 0.017739 0.812069
v 0.369316 -0.315670 0.730598
v 0.442628 -0.228985 0.637353
v 0.394112 -0.342402 0.681269
v 0.428084 -0.295742 0.633597
v 0.367997 -0.243156 0.728044
v 0.407019 -0.203538 0.683272
v -0.361845 -0.316957 0.734475
v -0.434182 -0.229655 0.643939
v -0.393434 -0.346023 0.686351
v -0.427257 -0.298449 0.639025
v -0.361804 -0.243751 0.732173
v -0.400186 -0.203494 0.687860
v 0.310939 0.242114 0.599076
v 0.413093 0.186977 0.566925
v 0.354219 0.266581 0.568253
v 0.402422 0.238478 0.549239
v 0.319043 0.187202 0.616067
v 0.370516 0.159205 0.600162
v -0.325471 0.239913 0.608286
v -0.418196 0.183228 0.571890
v -0.363711 0.260217 0.573075
v -0.410257 0.236436 0.554485
v -0.332231 0.186442 0.624668
v -0.380103 0.157504 0.608074
v 0.006463 -0.018570 -0.752294
v 0.002493 0.079669 -0.875929
v 0.062585 0.004737 -0.783521
v -0.051561 0.002053 -0.786022
v 0.068306 0.053162 -0.846284
v -0.060173 0.052649 -0.845641
v 0.320530 -0.260397 -0.606676
v 0.412801 -0.195047 -0.570915
v 0.357368 -0.277564 -0.577179
v 0.404420 -0.246628 -0.559316
v 0.332944 -0.204633 -0.625940
v 0.379152 -0.171728 -0.608703
v -0.304251 -0.246937 -0.590636
v -0.396059 -0.185919 -0.558663
v -0.337242 -0.266064 -0.558861
v -0.383346 -0.235237 -0.543143
v -0.314319 -0.190779 -0.604792
v -0.361866 -0.161221 -0.590234
v 0.374723 0.327614 -0.776977
v 0.466829 0.255333 -0.699409
v 0.401556 0.349430 -0.717000
v 0.442648 0.306626 -0.677861
v 0.380944 0.262802 -0.783488
v 0.421405 0.227941 -0.734406
v -0.372120 0.318784 -0.791584
v -0.455789 0.233769 -0.692777
v -0.395871 0.343857 -0.717330
v -0.437279 0.298270 -0.673173
v -0.383698 0.252531 -0.808839
v -0.421581 0.210788 -0.747498
v 0.733496 -0.003221 -0.054370
v 0.733626 -0.004457 0.058924
v 0.732170 0.037457 -0.027075
v 0.732705 0.036917 0.029952
v 0.733560 -0.044502 -0.025956
v 0.731617 -0.044527 0.030677
v -0.733880 0.000485 -0.030760
v -0.739312 0.000177 0.073764
v -0.733605 0.045708 -0.004121
v -0.739602 0.043759 0.049705
v -0.735004 -0.043318 -0.004557
v -0.741986 -0.043662 0.049905
v -0.245412 0.590268 -0.056349
v -0.136199 0.620062 -0.070058
v -0.219836 0.584663 -0.010824
v -0.220155 0.612862 -0.111786
v -0.166127 0.600228 -0.014516
v -0.165276 0.630033 -0.119693
v -0.329756 0.517124 0.079977
v -0.288108 0.492071 0.175864
v -0.278984 0.533018 0.083271
v -0.360157 0.490594 0.121206
v -0.256592 0.520744 0.130174
v -0.340540 0.477035 0.170344
v -0.332694 0.589869 -0.191350
v -0.310905 0.664454 -0.319171
v -0.282536 0.616177 -0.209415
v -0.365896 0.591192 -0.232149
v -0.266867 0.650583 -0.272639
v -0.361427 0.630062 -0.297681
v -0.453551 0.506985 -0.107864
v -0.503604 0.469842 -0.152704
v -0.440628 0.520711 -0.168969
v -0.487936 0.473994 -0.074805
v -0.467542 0.507010 -0.194221
v -0.511942 0.453343 -0.096309
v -0.455751 0.463383 0.047094
v -0.510487 0.403256 0.115908
v -0.446678 0.452948 0.097740
v -0.486801 0.442568 0.029664
v -0.474879 0.424170 0.133449
v -0.512578 0.410005 0.062435
v 0.256912 0.604977 -0.055154
v 0.159390 0.625834 -0.069899
v 0.234055 0.596773 -0.009357
v 0.230489 0.623416 -0.108888
v 0.185813 0.604574 -0.016731
v 0.182008 0.637248 -0.119284
v 0.333274 0.538001 0.079138
v 0.293790 0.508056 0.173034
v 0.287779 0.549770 0.081930
v 0.358170 0.510225 0.119221
v 0.267474 0.534317 0.127760
v 0.339533 0.496407 0.167801
v 0.337037 0.607594 -0.184780
v 0.311737 0.670694 -0.321848
v 0.285909 0.627797 -0.204033
v 0.369134 0.604736 -0.226039
v 0.265436 0.652864 -0.272012
v 0.363063 0.641388 -0.292610
v 0.457179 0.534252 -0.103014
v 0.500788 0.479206 -0.157768
v 0.447341 0.545063 -0.164304
v 0.487020 0.498731 -0.073106
v 0.470395 0.522329 -0.193505
v 0.509571 0.468448 -0.099272
v 0.451787 0.489347 0.047012
v 0.502535 0.428038 0.117013
v 0.440837 0.477525 0.096517
v 0.485572 0.472597 0.031464
v 0.465342 0.446092 0.131618
v 0.512851 0.442451 0.066030
v -0.309941 -0.799141 -0.016043
v -0.185468 -0.809578 -0.029979
v -0.262602 -0.751318 0.023804
v -0.307579 -0.906679 -0.042139
v -0.201744 -0.761543 0.023637
v -0.223757 -0.907415 -0.057557
v -0.365374 -0.645318 0.132569
v -0.318804 -0.645200 0.299126
v -0.309283 -0.660433 0.140693
v -0.397106 -0.622607 0.191562
v -0.282544 -0.661801 0.228179
v -0.375294 -0.623961 0.271031
v -0.438741 -0.797471 -0.163957
v -0.392844 -0.813992 -0.322822
v -0.408333 -0.894380 -0.195394
v -0.447803 -0.733342 -0.207623
v -0.378039 -0.899923 -0.277717
v -0.426051 -0.732534 -0.277161
v -0.471245 -0.584665 -0.070961
v -0.488568 -0.475409 -0.114489
v -0.463584 -0.588778 -0.128599
v -0.493613 -0.533516 -0.037291
v -0.462956 -0.529002 -0.146939
v -0.506990 -0.481944 -0.060321
v -0.483238 -0.575262 0.095281
v -0.514285 -0.494706 0.164412
v -0.472359 -0.570084 0.153182
v -0.504854 -0.537519 0.076361
v -0.490809 -0.535299 0.190869
v -0.520630 -0.492915 0.107920
v 0.308951 -0.805490 -0.017372
v 0.190497 -0.827007 -0.018093
v 0.261958 -0.756866 0.038126
v 0.308211 -0.913348 -0.058174
v 0.206954 -0.770418 0.042584
v 0.221807 -0.924809 -0.062063
v 0.358799 -0.642721 0.143213
v 0.298765 -0.654879 0.355687
v 0.299515 -0.661214 0.167414
v 0.385108 -0.625246 0.204574
v 0.266286 -0.658166 0.278610
v 0.357723 -0.630228 0.301181
v 0.437021 -0.802471 -0.187788
v 0.386905 -0.800748 -0.334128
v 0.401485 -0.886887 -0.211387
v 0.448298 -0.729922 -0.228143
v 0.373396 -0.891449 -0.297557
v 0.425779 -0.726821 -0.303086
v 0.471808 -0.587937 -0.080443
v 0.491083 -0.474007 -0.126629
v 0.462932 -0.590085 -0.140413
v 0.490699 -0.535204 -0.045974
v 0.467418 -0.528938 -0.161354
v 0.503800 -0.480995 -0.070094
v 0.479097 -0.577859 0.089053
v 0.512510 -0.492723 0.155874
v 0.469828 -0.574342 0.148802
v 0.500541 -0.536499 0.066811
v 0.488122 -0.537691 0.184390
v 0.518462 -0.491102 0.098139
v -0.166490 -0.759452 0.837652
v -0.276802 -0.932680 0.804137
v -0.124135 -0.799746 0.787368
v -0.239540 -0.757744 0.833749
v -0.169004 -0.889151 0.775047
v -0.330609 -0.852058 0.823578
v 0.109794 -0.673274 0.772169
v 0.201689 -0.754452 0.691244
v 0.047007 -0.711669 0.734748
v 0.211348 -0.666242 0.776138
v 0.093710 -0.741605 0.692653
v 0.252466 -0.704125 0.734341
v 0.000542 -0.360254 0.902651
v -0.004074 -0.208103 0.998203
v 0.062722 -0.320458 0.904760
v -0.062542 -0.320268 0.903970
v 0.062815 -0.243140 0.932848
v -0.064213 -0.243143 0.931501
v 0.191563 -0.482819 0.851096
v 0.304784 -0.404062 0.820440
v 0.267489 -0.534537 0.842547
v 0.188877 -0.402284 0.861907
v 0.321706 -0.489216 0.825451
v 0.246875 -0.363842 0.850106
v -0.183789 -0.490231 0.850927
v -0.291499 -0.405572 0.822167
v -0.250724 -0.542441 0.838248
v -0.181382 -0.405955 0.860116
v -0.303380 -0.494581 0.823016
v -0.238543 -0.365084 0.849129
v -0.071981 0.372723 0.560283
v -0.131621 0.403646 0.476715
v -0.048096 0.390746 0.522280
v -0.124121 0.368363 0.557739
v -0.076125 0.406653 0.476289
v -0.155971 0.382722 0.517615
v 0.078487 0.372701 0.555956
v 0.139973 0.402606 0.468679
v 0.056670 0.391750 0.517118
v 0.128514 0.369291 0.552170
v 0.086269 0.407749 0.471420
v 0.161961 0.382205 0.511356
v 0.001729 0.257157 0.680284
v 0.000748 0.151344 0.717437
v 0.044854 0.234537 0.688277
v -0.042226 0.233316 0.685876
v 0.046733 0.179959 0.705931
v -0.045502 0.179871 0.702815
v 0.119082 0.318312 0.649229
v 0.211728 0.289280 0.629701
v 0.156363 0.331780 0.617503
v 0.125717 0.288580 0.666678
v 0.204837 0.324561 0.611595
v 0.172539 0.264881 0.657618
v -0.118510 0.315039 0.642827
v -0.222837 0.285244 0.632030
v -0.158242 0.330428 0.618642
v -0.126820 0.284114 0.660181
v -0.210964 0.317381 0.611120
v -0.178093 0.263813 0.654963
v -0.064229 -0.445577 -0.554495
v -0.125057 -0.509440 -0.477867
v -0.043298 -0.479841 -0.517617
v -0.112744 -0.439578 -0.551957
v -0.073077 -0.514163 -0.479079
v -0.143656 -0.467475 -0.511807
v 0.078705 -0.443989 -0.558321
v 0.140138 -0.509593 -0.486961
v 0.057335 -0.480088 -0.521874
v 0.128175 -0.437156 -0.558553
v 0.087020 -0.515851 -0.486525
v 0.159322 -0.467426 -0.523797
v 0.010300 -0.287431 -0.658370
v 0.008274 -0.155500 -0.682044
v 0.055777 -0.259654 -0.662264
v -0.035842 -0.257299 -0.664586
v 0.056484 -0.194550 -0.672586
v -0.039089 -0.190443 -0.677807
v 0.128944 -0.352766 -0.642284
v 0.226597 -0.316637 -0.633338
v 0.164023 -0.368778 -0.619943
v 0.139989 -0.318057 -0.654789
v 0.213510 -0.352583 -0.618393
v 0.187829 -0.292185 -0.651707
v -0.111146 -0.354537 -0.638583
v -0.209234 -0.305683 -0.619009
v -0.146296 -0.371257 -0.614630
v -0.120106 -0.309198 -0.646234
v -0.195807 -0.350493 -0.604699
v -0.169407 -0.283865 -0.640752
v -0.111370 0.673269 -0.779328
v -0.197224 0.774253 -0.690835
v -0.079204 0.740598 -0.750889
v -0.185228 0.659006 -0.780724
v -0.120630 0.787269 -0.697210
v -0.240089 0.721034 -0.751136
v 0.111792 0.673889 -0.785717
v 0.199975 0.770653 -0.690100
v 0.082181 0.746001 -0.764873
v 0.186856 0.656843 -0.782357
v 0.127944 0.790889 -0.706116
v 0.234718 0.709388 -0.736841
v -0.000895 0.367790 -0.924117
v -0.003763 0.219668 -0.934486
v 0.072808 0.337862 -0.936340
v -0.075032 0.330763 -0.933903
v 0.072765 0.257628 -0.939615
v -0.082044 0.254952 -0.939372
v 0.171034 0.472068 -0.867584
v 0.292235 0.406538 -0.855372
v 0.220389 0.510505 -0.836676
v 0.186075 0.407516 -0.902858
v 0.279187 0.476855 -0.825884
v 0.249478 0.369256 -0.898064
v -0.169466 0.469435 -0.867393
v -0.286412 0.401664 -0.858513
v -0.215737 0.508458 -0.834736
v -0.188456 0.403652 -0.904778
v -0.273711 0.473775 -0.826828
v -0.251405 0.369090 -0.906278
v 0.639529 0.101210 -0.359247
v 0.618775 0.197320 -0.318780
v 0.615054 0.140042 -0.395136
v 0.657319 0.109751 -0.308110
v 0.603283 0.189176 -0.376029
v 0.650372 0.154900 -0.286295
v 0.639342 -0.105447 -0.355674
v 0.616847 -0.190710 -0.311313
v 0.617909 -0.141908 -0.387211
v 0.655497 -0.113095 -0.305897
v 0.602610 -0.182805 -0.366036
v 0.644966 -0.155222 -0.281080
v 0.583687 -0.071052 -0.484747
v 0.501690 -0.133319 -0.529184
v 0.576335 -0.121013 -0.473709
v 0.551998 -0.044486 -0.523105
v 0.538775 -0.153740 -0.499646
v 0.509310 -0.073315 -0.544263
v 0.596791 0.085966 -0.507808
v 0.542018 0.167206 -0.603200
v 0.592877 0.134454 -0.506946
v 0.575399 0.070669 -0.552136
v 0.561145 0.173996 -0.551155
v 0.537036 0.107790 -0.593453
v 0.694826 -0.002555 -0.276647
v 0.716115 -0.002381 -0.167136
v 0.702258 0.036931 -0.252269
v 0.698112 -0.041727 -0.250023
v 0.711216 0.036917 -0.195458
v 0.707939 -0.042269 -0.194674
v 0.646900 0.098579 0.350873
v 0.622004 0.188039 0.302243
v 0.615983 0.133109 0.374311
v 0.667261 0.107341 0.304631
v 0.602337 0.178879 0.350970
v 0.654706 0.150345 0.278086
v 0.651841 -0.112294 0.353381
v 0.628398 -0.212034 0.307436
v 0.619317 -0.151764 0.379937
v 0.672540 -0.118564 0.304645
v 0.606118 -0.203857 0.359210
v 0.662109 -0.167922 0.280440
v 0.592757 -0.075062 0.486890
v 0.519156 -0.148617 0.554779
v 0.578328 -0.126891 0.474549
v 0.564404 -0.057652 0.526251
v 0.542165 -0.166232 0.508275
v 0.525655 -0.091763 0.561093
v 0.585407 0.064040 0.476819
v 0.506330 0.126114 0.525735
v 0.574341 0.109036 0.460040
v 0.559458 0.046184 0.516678
v 0.538253 0.144812 0.485218
v 0.518142 0.074081 0.542748
v 0.716796 -0.001888 0.286005
v 0.725201 -0.003825 0.174007
v 0.714794 0.035501 0.258948
v 0.713857 -0.041210 0.257603
v 0.721202 0.036326 0.202766
v 0.720736 -0.042386 0.203528
v -0.629963 0.118513 -0.339061
v -0.616297 0.206931 -0.297493
v -0.616951 0.158317 -0.378381
v -0.646332 0.122272 -0.286490
v -0.600657 0.199292 -0.356849
v -0.643813 0.167746 -0.264048
v -0.622930 -0.112745 -0.331015
v -0.608063 -0.189779 -0.288674
v -0.593074 -0.144005 -0.360494
v -0.640442 -0.116733 -0.280164
v -0.585886 -0.182864 -0.340963
v -0.634179 -0.156519 -0.258530
v -0.545887 -0.071870 -0.465147
v -0.476982 -0.127499 -0.518740
v -0.544122 -0.120855 -0.454358
v -0.515932 -0.045501 -0.504150
v -0.511380 -0.154703 -0.484225
v -0.480246 -0.072997 -0.529897
v -0.553735 0.083383 -0.479486
v -0.515412 0.154764 -0.586801
v -0.560194 0.135395 -0.478872
v -0.524896 0.063349 -0.522924
v -0.535806 0.172357 -0.526726
v -0.504697 0.096420 -0.574515
v -0.669818 -0.000432 -0.246950
v -0.710123 0.000176 -0.142593
v -0.677499 0.041620 -0.223411
v -0.677732 -0.042865 -0.221885
v -0.706106 0.044260 -0.173174
v -0.696943 -0.042191 -0.169020
v -0.656061 0.103132 0.356996
v -0.630976 0.193979 0.304480
v -0.623830 0.138404 0.380792
v -0.671490 0.107651 0.306223
v -0.612801 0.185796 0.357499
v -0.659526 0.154282 0.278315
v -0.657506 -0.109055 0.357590
v -0.624760 -0.205634 0.305096
v -0.625977 -0.150175 0.386511
v -0.673579 -0.112697 0.304221
v -0.608365 -0.202188 0.362736
v -0.658444 -0.158092 0.275813
v -0.592435 -0.074138 0.494375
v -0.511743 -0.146672 0.561355
v -0.583505 -0.124162 0.483723
v -0.559312 -0.054679 0.530032
v -0.541848 -0.166281 0.517677
v -0.519665 -0.088281 0.565231
v -0.583412 0.063921 0.482102
v -0.504310 0.122083 0.528790
v -0.572979 0.109596 0.465540
v -0.555720 0.043294 0.521803
v -0.535653 0.142394 0.489078
v -0.516519 0.071072 0.546558
v -0.707536 -0.001277 0.281077
v -0.725982 -0.002747 0.175609
v -0.712002 0.035675 0.256173
v -0.717783 -0.038951 0.256420
v -0.717091 0.038555 0.202749
v -0.722977 -0.041012 0.202497
v -0.063646 0.576313 0.074745
v -0.124945 0.528391 0.180492
v -0.117837 0.573341 0.079339
v -0.149033 0.546508 0.131605
v -0.039432 0.556141 0.124504
v -0.069206 0.533967 0.178327
v -0.064981 0.695230 -0.244561
v -0.139683 0.750163 -0.353399
v -0.117961 0.685125 -0.237160
v -0.154768 0.703428 -0.291507
v -0.044912 0.730589 -0.305345
v -0.081648 0.763343 -0.360562
v 0.092003 0.575701 0.073855
v 0.145545 0.527863 0.174827
v 0.142671 0.572421 0.076419
v 0.169169 0.547747 0.126283
v 0.067121 0.555759 0.123862
v 0.093170 0.532061 0.174747
v 0.085990 0.699421 -0.250706
v 0.144987 0.765133 -0.373483
v 0.134049 0.689811 -0.243968
v 0.162427 0.711111 -0.302926
v 0.062811 0.734786 -0.313582
v 0.092989 0.775632 -0.377826
v -0.378964 0.406213 0.308546
v -0.471358 0.376652 0.279272
v -0.400652 0.419440 0.255126
v -0.447598 0.403622 0.241577
v -0.405061 0.380710 0.349080
v -0.448832 0.365502 0.331879
v -0.047206 0.470292 0.332175
v 0.063873 0.469264 0.328571
v -0.020080 0.450034 0.382079
v 0.035062 0.449728 0.379270
v -0.017644 0.491658 0.280334
v 0.037472 0.491054 0.278624
v -0.296166 0.371934 0.456674
v -0.334333 0.324165 0.522017
v -0.264025 0.362699 0.502398
v -0.285379 0.339523 0.537963
v -0.349852 0.356859 0.446696
v -0.368218 0.334411 0.479263
v -0.566853 0.713054 -0.440193
v -0.447279 0.532258 -0.342966
v -0.461547 0.632789 -0.372621
v -0.444444 0.560649 -0.333118
v -0.495790 0.669883 -0.494036
v -0.440602 0.554293 -0.410089
v -0.084951 0.869401 -0.541374
v 0.100206 0.868403 -0.559865
v -0.041734 0.848410 -0.595286
v 0.052817 0.847935 -0.599966
v -0.031397 0.838295 -0.487308
v 0.048389 0.843740 -0.502526
v -0.342295 0.647861 -0.608168
v -0.363992 0.488894 -0.661758
v -0.314962 0.617009 -0.676466
v -0.328452 0.539131 -0.704383
v -0.380458 0.599525 -0.565794
v -0.384249 0.514328 -0.592872
v -0.604506 0.347769 -0.047122
v -0.602342 0.330207 0.055115
v -0.576729 0.377007 -0.027044
v -0.576991 0.366210 0.023935
v -0.631647 0.307990 -0.017527
v -0.630171 0.301406 0.034565
v -0.501391 0.342895 -0.405126
v -0.471285 0.330583 -0.536431
v -0.529371 0.288203 -0.431683
v -0.516103 0.281552 -0.496817
v -0.453984 0.401787 -0.442127
v -0.441219 0.394315 -0.508661
v -0.667481 0.225402 -0.122469
v -0.705853 0.135470 -0.061907
v -0.678428 0.177617 -0.150303
v -0.695384 0.133403 -0.119114
v -0.676818 0.227950 -0.064524
v -0.695728 0.182422 -0.035139
v -0.526000 0.288198 0.377705
v -0.469547 0.267132 0.469318
v -0.542426 0.254120 0.407468
v -0.513170 0.238958 0.449835
v -0.485091 0.309761 0.397827
v -0.457415 0.299797 0.445033
v -0.662540 0.211115 0.143028
v -0.707179 0.130109 0.096557
v -0.679852 0.167567 0.171637
v -0.701753 0.125446 0.146469
v -0.668030 0.215651 0.091287
v -0.690463 0.175364 0.068928
v 0.371430 0.427909 0.303190
v 0.459215 0.393526 0.275872
v 0.391308 0.440029 0.250496
v 0.433922 0.422819 0.237136
v 0.394859 0.399927 0.342222
v 0.440132 0.382832 0.329033
v 0.296632 0.388382 0.456604
v 0.328332 0.339889 0.520266
v 0.264699 0.374204 0.502268
v 0.282056 0.356524 0.537796
v 0.342897 0.377004 0.442065
v 0.360723 0.351222 0.474533
v 0.559196 0.714000 -0.444830
v 0.464304 0.524218 -0.348589
v 0.462785 0.635292 -0.369020
v 0.465510 0.568341 -0.323626
v 0.493919 0.611810 -0.465427
v 0.442296 0.539414 -0.409340
v 0.349144 0.634019 -0.622304
v 0.369648 0.484035 -0.669245
v 0.319463 0.607044 -0.679679
v 0.333460 0.532068 -0.705958
v 0.389667 0.580608 -0.587946
v 0.390597 0.503508 -0.607996
v 0.595547 0.343266 -0.060429
v 0.597332 0.338852 0.053508
v 0.569577 0.384125 -0.034376
v 0.570081 0.379945 0.021973
v 0.628205 0.300927 -0.031016
v 0.624233 0.298442 0.026343
v 0.508995 0.340586 -0.424584
v 0.472275 0.323533 -0.551514
v 0.531009 0.283290 -0.450293
v 0.513380 0.272601 -0.513223
v 0.467015 0.396037 -0.461625
v 0.443956 0.382789 -0.525133
v 0.658205 0.206066 -0.140931
v 0.710821 0.121322 -0.083708
v 0.673673 0.161233 -0.169283
v 0.698270 0.118213 -0.139485
v 0.668983 0.205429 -0.083065
v 0.694120 0.165059 -0.056368
v 0.513231 0.294587 0.372617
v 0.467576 0.277968 0.466318
v 0.530650 0.254622 0.398511
v 0.504945 0.242206 0.442227
v 0.474074 0.320542 0.392222
v 0.450662 0.311651 0.439714
v 0.665496 0.208566 0.142699
v 0.707874 0.121804 0.086813
v 0.685757 0.163844 0.172207
v 0.704699 0.121428 0.144529
v 0.668691 0.209352 0.085305
v 0.693355 0.164815 0.057199
v -0.062623 -0.727665 0.184624
v -0.127725 -0.703298 0.360900
v -0.118062 -0.713390 0.168578
v -0.155388 -0.699470 0.257456
v -0.041140 -0.727424 0.283959
v -0.071501 -0.718429 0.368369
v -0.109925 -0.796651 -0.171569
v -0.160869 -0.823311 -0.322686
v -0.138107 -0.922549 -0.210317
v -0.192279 -0.927165 -0.305034
v -0.087645 -0.742205 -0.211198
v -0.112096 -0.754669 -0.276729
v 0.085596 -0.726226 0.223992
v 0.110273 -0.756661 0.498056
v 0.130771 -0.709461 0.220183
v 0.144850 -0.707433 0.346933
v 0.058324 -0.738716 0.321182
v 0.078346 -0.761586 0.443856
v 0.105427 -0.803342 -0.175994
v 0.176433 -0.827225 -0.316585
v 0.130726 -0.926686 -0.214441
v 0.199014 -0.918928 -0.296072
v 0.086794 -0.744511 -0.209704
v 0.110166 -0.759441 -0.277979
v -0.408512 -0.586704 0.440456
v -0.479017 -0.511613 0.351766
v -0.426467 -0.578463 0.362236
v -0.464149 -0.545699 0.323379
v -0.431603 -0.556974 0.467393
v -0.464657 -0.515121 0.419190
v -0.204295 -0.938387 0.581624
v 0.072484 -0.794543 0.588159
v -0.127485 -0.858812 0.619484
v -0.019346 -0.758549 0.611651
v -0.079108 -0.793388 0.537080
v 0.029492 -0.779154 0.538049
v -0.408656 -0.668259 0.687877
v -0.400182 -0.503050 0.693650
v -0.379227 -0.677687 0.769635
v -0.384881 -0.571079 0.761630
v -0.414643 -0.582108 0.620040
v -0.420398 -0.514983 0.629689
v -0.377024 -0.539933 -0.339106
v -0.439611 -0.444750 -0.277672
v -0.421381 -0.562993 -0.303922
v -0.441862 -0.511696 -0.263283
v -0.376886 -0.471554 -0.352173
v -0.415219 -0.430071 -0.329407
v -0.060258 -0.642082 -0.382606
v 0.068827 -0.639200 -0.383544
v -0.024680 -0.599160 -0.413604
v 0.034956 -0.597825 -0.414848
v -0.031528 -0.673608 -0.347337
v 0.038032 -0.673286 -0.348212
v -0.269369 -0.455246 -0.451767
v -0.303574 -0.356902 -0.513829
v -0.238984 -0.430608 -0.495500
v -0.255153 -0.383916 -0.527381
v -0.313688 -0.424231 -0.437781
v -0.331702 -0.374484 -0.469162
v -0.591710 -0.340284 -0.030930
v -0.591945 -0.349914 0.078177
v -0.569082 -0.391655 -0.001689
v -0.569733 -0.396380 0.053265
v -0.624708 -0.299300 -0.005458
v -0.620696 -0.301805 0.048940
v -0.493325 -0.288238 -0.368496
v -0.442326 -0.267622 -0.464874
v -0.510964 -0.245942 -0.397031
v -0.485586 -0.236229 -0.444497
v -0.449771 -0.326418 -0.388456
v -0.426336 -0.314699 -0.439865
v -0.659426 -0.207155 -0.121282
v -0.704718 -0.127718 -0.062226
v -0.669847 -0.165430 -0.148530
v -0.694935 -0.126301 -0.118952
v -0.668821 -0.210805 -0.064312
v -0.692589 -0.170617 -0.035509
v -0.518687 -0.360816 0.415076
v -0.478516 -0.336842 0.532015
v -0.534317 -0.299215 0.433935
v -0.513356 -0.287020 0.490235
v -0.490149 -0.413144 0.458213
v -0.469544 -0.403570 0.519811
v -0.658320 -0.210724 0.148621
v -0.711131 -0.124856 0.095707
v -0.679557 -0.165723 0.173275
v -0.704874 -0.121966 0.146959
v -0.667201 -0.210469 0.097860
v -0.694130 -0.167761 0.069246
v 0.354542 -0.641480 0.505937
v 0.473372 -0.509811 0.356738
v 0.401533 -0.599892 0.391665
v 0.456168 -0.546909 0.325377
v 0.373584 -0.597623 0.533379
v 0.450315 -0.523783 0.439078
v 0.333011 -0.681953 0.845655
v 0.381203 -0.496265 0.693041
v 0.410587 -0.645729 0.750863
v 0.386474 -0.555024 0.738634
v 0.341304 -0.604361 0.717312
v 0.382001 -0.516187 0.661717
v 0.374684 -0.539916 -0.348464
v 0.448927 -0.450304 -0.300163
v 0.408840 -0.562716 -0.309076
v 0.436915 -0.510299 -0.276149
v 0.383808 -0.474870 -0.369856
v 0.426809 -0.435318 -0.351138
v 0.281128 -0.454364 -0.465641
v 0.324110 -0.362806 -0.534063
v 0.254307 -0.429994 -0.508470
v 0.274599 -0.384111 -0.543163
v 0.328662 -0.428352 -0.456531
v 0.350564 -0.379817 -0.490064
v 0.585366 -0.338506 -0.044111
v 0.590144 -0.350219 0.068637
v 0.560796 -0.389242 -0.014083
v 0.564263 -0.394224 0.042061
v 0.617695 -0.297394 -0.017932
v 0.618074 -0.302147 0.038739
v 0.513529 -0.298562 -0.393967
v 0.467515 -0.276799 -0.489495
v 0.535847 -0.256660 -0.422324
v 0.513654 -0.247221 -0.470484
v 0.468952 -0.333051 -0.413105
v 0.447364 -0.319472 -0.463709
v 0.659222 -0.205538 -0.138807
v 0.708760 -0.124148 -0.080875
v 0.676575 -0.164838 -0.168331
v 0.697445 -0.123972 -0.137864
v 0.668161 -0.207886 -0.080672
v 0.695466 -0.166422 -0.052464
v 0.519898 -0.353834 0.409053
v 0.471605 -0.332863 0.523224
v 0.530552 -0.293865 0.424134
v 0.510021 -0.283286 0.480792
v 0.483319 -0.406442 0.459558
v 0.456878 -0.397326 0.521748
v 0.660690 -0.216407 0.146654
v 0.705980 -0.127449 0.088616
v 0.683337 -0.171091 0.172921
v 0.703839 -0.127167 0.145693
v 0.664658 -0.214387 0.090324
v 0.688467 -0.169600 0.061948
v 0.173673 -0.101400 0.865057
v 0.279685 -0.176085 0.808224
v 0.182656 -0.169519 0.889970
v 0.239310 -0.208726 0.859913
v 0.218623 -0.072946 0.816630
v 0.270772 -0.108165 0.790719
v -0.172341 -0.104027 0.854958
v -0.277982 -0.176487 0.808138
v -0.179733 -0.171012 0.880764
v -0.241075 -0.207685 0.866724
v -0.218608 -0.076543 0.806757
v -0.271116 -0.108836 0.789099
v 0.146999 0.071231 0.746714
v 0.231342 0.129572 0.679379
v 0.140708 0.127527 0.716112
v 0.182987 0.158356 0.688797
v 0.197905 0.041794 0.743003
v 0.240111 0.070094 0.704102
v -0.151896 0.070597 0.745368
v -0.244780 0.128993 0.685395
v -0.145739 0.126799 0.714277
v -0.192138 0.155854 0.689835
v -0.204347 0.041746 0.743246
v -0.250524 0.070731 0.709276
v 0.405731 -0.072917 0.673504
v 0.389546 0.045046 0.638117
v 0.448588 -0.039438 0.633888
v 0.442730 0.018581 0.619797
v 0.354899 -0.044988 0.697694
v 0.345847 0.014304 0.676670
v -0.403615 -0.074350 0.676749
v -0.396833 0.044118 0.647424
v -0.448292 -0.041364 0.639366
v -0.448063 0.017854 0.628317
v -0.358021 -0.045434 0.703891
v -0.353381 0.014242 0.685169
v 0.160446 -0.060185 -0.724930
v 0.249931 -0.135710 -0.677198
v 0.154720 -0.128288 -0.694880
v 0.199762 -0.165830 -0.677814
v 0.213900 -0.032117 -0.735137
v 0.255741 -0.067788 -0.702429
v -0.148425 -0.057642 -0.723758
v -0.233317 -0.125294 -0.663208
v -0.139831 -0.123819 -0.691852
v -0.182564 -0.157216 -0.665494
v -0.202071 -0.025525 -0.730137
v -0.242664 -0.058969 -0.691048
v 0.225988 0.080442 -0.925952
v 0.310071 0.193061 -0.889623
v 0.242053 0.165508 -0.964072
v 0.285709 0.230779 -0.975106
v 0.250526 0.075900 -0.855288
v 0.297772 0.120980 -0.842957
v -0.215619 0.085213 -0.929510
v -0.316347 0.184837 -0.896559
v -0.251558 0.159482 -0.974377
v -0.281569 0.213643 -0.945529
v -0.242144 0.073819 -0.856043
v -0.294220 0.116524 -0.844353
v 0.389081 -0.040168 -0.641523
v 0.409645 0.094022 -0.696615
v 0.436077 -0.007359 -0.623356
v 0.445764 0.056882 -0.648605
v 0.352600 -0.004009 -0.686631
v 0.363625 0.062316 -0.719861
v -0.375558 -0.034870 -0.633708
v -0.402065 0.086211 -0.698226
v -0.419075 -0.008088 -0.616506
v -0.431547 0.050589 -0.643517
v -0.341422 0.000545 -0.679382
v -0.355010 0.059799 -0.717963
v -0.321937 0.550884 -0.004409
v -0.321822 0.571527 -0.092214
v -0.272630 0.568983 -0.006389
v -0.272714 0.591673 -0.102635
v -0.392364 0.511890 0.028565
v -0.300782 0.544153 0.038491
v -0.377667 0.500792 0.073088
v -0.389175 0.543303 -0.109103
v -0.301804 0.591506 -0.148320
v -0.375684 0.562859 -0.167773
v -0.435243 0.501883 -0.030612
v -0.414784 0.533591 -0.139995
v -0.464570 0.492047 -0.052003
v -0.419638 0.482733 0.062115
v -0.460786 0.475473 -0.001803
v 0.327901 0.573832 -0.003277
v 0.327922 0.594266 -0.087371
v 0.281928 0.586496 -0.005274
v 0.280442 0.608451 -0.098776
v 0.391200 0.535802 0.028289
v 0.308237 0.564680 0.038142
v 0.376113 0.524027 0.072785
v 0.394414 0.569690 -0.102978
v 0.307132 0.609295 -0.142208
v 0.381062 0.583487 -0.161569
v 0.433363 0.536787 -0.029425
v 0.419830 0.558486 -0.134085
v 0.461801 0.521367 -0.048617
v 0.414786 0.507290 0.061791
v 0.459119 0.502869 -0.000965
v -0.363516 -0.691552 0.017401
v -0.393180 -0.765424 -0.058554
v -0.317495 -0.723931 0.018275
v -0.366739 -0.838140 -0.053481
v -0.425768 -0.633807 0.064936
v -0.338182 -0.668796 0.064817
v -0.414692 -0.626053 0.122187
v -0.430560 -0.678086 -0.081091
v -0.422252 -0.840613 -0.105003
v -0.442468 -0.708928 -0.137392
v -0.460107 -0.617169 0.003020
v -0.454491 -0.642440 -0.105195
v -0.479707 -0.580472 -0.015485
v -0.453452 -0.602965 0.110253
v -0.484199 -0.577763 0.040016
v 0.363035 -0.701377 0.024496
v 0.396953 -0.775076 -0.069395
v 0.313354 -0.726328 0.022051
v 0.363319 -0.840207 -0.068913
v 0.424456 -0.641125 0.067002
v 0.331414 -0.672239 0.078970
v 0.407810 -0.630453 0.127757
v 0.443414 -0.692740 -0.088609
v 0.413502 -0.846826 -0.129636
v 0.446060 -0.715652 -0.152563
v 0.461093 -0.625189 -0.001252
v 0.456611 -0.646510 -0.116590
v 0.477846 -0.585398 -0.022718
v 0.451315 -0.609168 0.107834
v 0.482625 -0.583907 0.034007
v -0.012804 -0.654400 0.813663
v -0.111359 -0.600702 0.847558
v -0.074947 -0.714813 0.797361
v -0.175792 -0.677863 0.856102
v 0.104449 -0.578668 0.828614
v 0.013120 -0.685621 0.776476
v 0.164843 -0.628021 0.808910
v 0.060499 -0.470637 0.862139
v -0.059506 -0.474431 0.864082
v 0.062999 -0.398529 0.884089
v -0.060585 -0.399227 0.882020
v 0.189504 -0.560723 0.835447
v 0.125267 -0.437983 0.865788
v -0.183932 -0.580298 0.846426
v -0.121425 -0.442521 0.865833
v 0.003013 0.359136 0.592101
v -0.059976 0.342447 0.621846
v -0.021237 0.375318 0.560691
v -0.092023 0.354205 0.593260
v 0.064923 0.341840 0.619292
v 0.028466 0.375844 0.558104
v 0.096863 0.355042 0.590635
v 0.039308 0.308575 0.657647
v -0.034209 0.310621 0.659992
v 0.041420 0.280732 0.674028
v -0.039480 0.277906 0.672592
v 0.109530 0.337765 0.619328
v 0.080892 0.300925 0.663470
v -0.107287 0.337764 0.621051
v -0.079175 0.296149 0.659409
v 0.005762 -0.418314 -0.593327
v -0.054012 -0.394909 -0.624435
v -0.017104 -0.447932 -0.556114
v -0.082717 -0.414889 -0.589331
v 0.068050 -0.390294 -0.617010
v 0.030408 -0.446898 -0.557477
v 0.097864 -0.410556 -0.592038
v 0.046801 -0.350354 -0.648869
v -0.030992 -0.351576 -0.652177
v 0.052507 -0.310816 -0.656790
v -0.033548 -0.313035 -0.657299
v 0.114626 -0.380960 -0.619294
v 0.091991 -0.334016 -0.654520
v -0.098957 -0.388093 -0.621911
v -0.073699 -0.337978 -0.652255
v -0.000208 0.625659 -0.815994
v -0.089809 0.558254 -0.836538
v -0.038768 0.684902 -0.788884
v -0.135322 0.604608 -0.809090
v 0.092021 0.557740 -0.841952
v 0.037114 0.684059 -0.792005
v 0.135812 0.604520 -0.811777
v 0.056991 0.462536 -0.882663
v -0.056290 0.461085 -0.882763
v 0.064369 0.401291 -0.908610
v -0.064529 0.397589 -0.909450
v 0.155941 0.537392 -0.839494
v 0.119699 0.435096 -0.890994
v -0.153619 0.536175 -0.836495
v -0.120645 0.433010 -0.892797
v 0.639772 0.059501 -0.425423
v 0.672584 0.032419 -0.351247
v 0.627225 0.098237 -0.411892
v 0.665939 0.068756 -0.329491
v 0.633831 -0.058894 -0.416708
v 0.670179 -0.036698 -0.348845
v 0.630301 -0.100933 -0.405153
v 0.663873 -0.073748 -0.328298
v 0.618289 0.004495 -0.464668
v 0.613176 -0.091519 -0.447673
v 0.590912 -0.018681 -0.494970
v 0.617632 0.094938 -0.464015
v 0.593918 0.035638 -0.504511
v 0.686057 0.035460 -0.303434
v 0.683932 -0.040226 -0.301646
v 0.638527 0.050133 0.414155
v 0.680501 0.029309 0.351448
v 0.628670 0.089858 0.395665
v 0.675587 0.065594 0.329491
v 0.642414 -0.054965 0.416625
v 0.682326 -0.033749 0.351698
v 0.632143 -0.101435 0.398783
v 0.679436 -0.072113 0.328795
v 0.620071 -0.002314 0.456178
v 0.612374 -0.090275 0.444000
v 0.596008 -0.026793 0.490690
v 0.609789 0.078723 0.438360
v 0.595601 0.020091 0.489307
v 0.702029 0.032066 0.309277
v 0.704316 -0.035829 0.309064
v -0.602760 0.066235 -0.397513
v -0.641762 0.038737 -0.323891
v -0.609311 0.111828 -0.389412
v -0.644161 0.079813 -0.305921
v -0.598068 -0.061005 -0.390402
v -0.642633 -0.037832 -0.321801
v -0.597814 -0.103320 -0.377671
v -0.645887 -0.079259 -0.301702
v -0.573802 0.004021 -0.438249
v -0.570650 -0.090076 -0.421662
v -0.545717 -0.019533 -0.471643
v -0.581909 0.100029 -0.435123
v -0.548307 0.031796 -0.477024
v -0.659245 0.040840 -0.274147
v -0.662419 -0.039779 -0.274708
v -0.641784 0.052560 0.420035
v -0.684279 0.030648 0.355669
v -0.635335 0.092606 0.404109
v -0.678566 0.066096 0.330806
v -0.649727 -0.056349 0.424715
v -0.685286 -0.032771 0.354890
v -0.639436 -0.100021 0.407053
v -0.685022 -0.070821 0.331766
v -0.623915 -0.001594 0.463753
v -0.620938 -0.088849 0.454023
v -0.595670 -0.025418 0.496829
v -0.608577 0.080560 0.442343
v -0.591875 0.018845 0.494249
v -0.701173 0.033423 0.307673
v -0.700936 -0.036779 0.306022
v -0.058387 0.614501 -0.026761
v -0.056920 0.649047 -0.133382
v -0.110337 0.611537 -0.020957
v -0.109874 0.642796 -0.126814
v 0.089106 0.616967 -0.027005
v 0.086615 0.652675 -0.133226
v 0.136704 0.613393 -0.021971
v 0.133869 0.647539 -0.127408
v 0.015840 0.598591 0.021193
v -0.087105 0.595627 0.026881
v -0.011344 0.577390 0.073036
v 0.013051 0.676449 -0.193305
v -0.085256 0.665375 -0.185508
v -0.013330 0.700375 -0.250365
v 0.116190 0.595357 0.023546
v 0.040566 0.576998 0.072236
v 0.109974 0.670948 -0.188075
v 0.036339 0.701132 -0.253368
v -0.210910 0.492234 0.230494
v -0.296446 0.448974 0.272636
v -0.234222 0.506899 0.179650
v -0.319258 0.463287 0.220996
v -0.132585 0.441083 0.382250
v -0.216165 0.410111 0.424708
v -0.104732 0.423062 0.430956
v -0.186200 0.396464 0.472672
v -0.129674 0.485163 0.281748
v -0.179785 0.520055 0.181026
v -0.099654 0.508952 0.230749
v -0.301927 0.405320 0.369839
v -0.349363 0.434222 0.265053
v -0.353595 0.392722 0.359515
v -0.076388 0.447884 0.382950
v -0.073625 0.489705 0.281374
v -0.241376 0.385875 0.465327
v -0.326325 0.380553 0.409129
v -0.240302 0.748313 -0.403230
v -0.360602 0.734442 -0.437393
v -0.252994 0.692854 -0.338262
v -0.363125 0.680287 -0.365238
v -0.224730 0.952106 -0.601748
v -0.266276 0.761684 -0.612179
v -0.168580 0.833505 -0.638195
v -0.252635 0.739348 -0.677290
v -0.182446 0.871038 -0.474103
v -0.194702 0.724440 -0.347038
v -0.125355 0.804375 -0.415223
v -0.371034 0.751690 -0.533986
v -0.434427 0.699112 -0.412147
v -0.508624 0.739677 -0.513667
v -0.137700 0.870547 -0.580786
v -0.107829 0.854919 -0.474122
v -0.295583 0.692624 -0.645995
v -0.389305 0.689977 -0.544225
v -0.506202 0.452925 -0.235518
v -0.559332 0.397040 -0.131515
v -0.488836 0.485644 -0.215003
v -0.536657 0.427597 -0.114073
v -0.565415 0.297784 -0.305986
v -0.626572 0.264025 -0.213589
v -0.580386 0.242622 -0.330290
v -0.637834 0.214898 -0.240212
v -0.499618 0.409932 -0.320025
v -0.471341 0.506175 -0.279874
v -0.453536 0.474260 -0.359237
v -0.619528 0.312305 -0.125246
v -0.570182 0.387220 -0.079043
v -0.626392 0.310500 -0.070286
v -0.543427 0.290967 -0.367005
v -0.474011 0.407386 -0.379428
v -0.660940 0.222498 -0.180886
v -0.649660 0.270113 -0.096240
v -0.526597 0.365769 0.205102
v -0.565936 0.348157 0.128032
v -0.503078 0.396169 0.169839
v -0.542579 0.380967 0.095645
v -0.586964 0.274698 0.302564
v -0.629458 0.245389 0.218743
v -0.600737 0.231788 0.331320
v -0.645529 0.201304 0.249688
v -0.532636 0.330815 0.294450
v -0.488350 0.385814 0.224267
v -0.491184 0.348122 0.313512
v -0.620716 0.287027 0.135988
v -0.573278 0.356876 0.075627
v -0.626941 0.293497 0.084798
v -0.565035 0.263917 0.355988
v -0.510231 0.320506 0.348021
v -0.656150 0.207376 0.195605
v -0.645076 0.252893 0.114059
v 0.224215 0.498102 0.224846
v 0.299131 0.466448 0.268751
v 0.245946 0.516399 0.175455
v 0.320177 0.481994 0.217685
v 0.144760 0.442152 0.375339
v 0.222703 0.415385 0.418988
v 0.115283 0.424531 0.423554
v 0.193367 0.397433 0.466108
v 0.145681 0.484365 0.275883
v 0.196642 0.522746 0.175665
v 0.119638 0.508379 0.225347
v 0.090126 0.445802 0.376935
v 0.091847 0.488613 0.276827
v 0.302280 0.427392 0.366261
v 0.345713 0.454617 0.260931
v 0.348538 0.415111 0.354822
v 0.244660 0.394384 0.461594
v 0.324438 0.403341 0.407343
v 0.231063 0.756282 -0.416905
v 0.361685 0.740156 -0.439063
v 0.250769 0.701859 -0.343008
v 0.363714 0.689904 -0.363053
v 0.267762 0.946171 -0.601705
v 0.266766 0.752084 -0.613267
v 0.180408 0.836496 -0.644547
v 0.252573 0.729364 -0.671314
v 0.174891 0.974633 -0.486444
v 0.192615 0.733814 -0.362441
v 0.129054 0.834787 -0.448872
v 0.152020 0.877077 -0.592494
v 0.115514 0.894236 -0.504053
v 0.385284 0.767272 -0.562455
v 0.440014 0.702045 -0.408100
v 0.527483 0.720569 -0.546104
v 0.298941 0.681612 -0.649773
v 0.402670 0.668636 -0.574286
v 0.503424 0.448242 -0.245010
v 0.549947 0.388565 -0.148422
v 0.488705 0.490338 -0.220152
v 0.530895 0.432102 -0.123234
v 0.568238 0.295218 -0.328125
v 0.620286 0.252096 -0.232507
v 0.588365 0.242352 -0.353873
v 0.636363 0.203427 -0.260403
v 0.500680 0.399023 -0.333712
v 0.478197 0.506289 -0.284204
v 0.457546 0.460971 -0.369217
v 0.606948 0.295847 -0.143333
v 0.563089 0.387338 -0.091057
v 0.621947 0.298130 -0.085876
v 0.549769 0.289709 -0.388792
v 0.484195 0.399026 -0.397718
v 0.646440 0.206116 -0.200507
v 0.636835 0.249478 -0.111126
v 0.516506 0.384725 0.205656
v 0.564050 0.371652 0.133232
v 0.490625 0.415922 0.168801
v 0.537990 0.406878 0.099284
v 0.571347 0.270438 0.298560
v 0.626647 0.243938 0.223861
v 0.586491 0.225252 0.325288
v 0.641069 0.197038 0.251233
v 0.517266 0.341661 0.292803
v 0.475541 0.404574 0.222424
v 0.478951 0.362099 0.311543
v 0.618559 0.295146 0.140198
v 0.568607 0.376387 0.078620
v 0.621497 0.296859 0.083956
v 0.550908 0.261474 0.348676
v 0.496623 0.330990 0.344704
v 0.658703 0.205664 0.198686
v 0.644194 0.252463 0.113617
v -0.078954 -0.754682 0.039593
v -0.099895 -0.788718 -0.069598
v -0.140056 -0.756331 0.024695
v -0.158994 -0.843816 -0.076136
v 0.095250 -0.761260 0.057418
v 0.104165 -0.799442 -0.066567
v 0.152471 -0.768283 0.045946
v 0.163650 -0.855608 -0.074599
v 0.012185 -0.743768 0.126732
v -0.092695 -0.733212 0.092295
v -0.012837 -0.735506 0.203520
v 0.004319 -0.744271 -0.102177
v -0.126898 -0.842954 -0.128381
v -0.045119 -0.730959 -0.149151
v 0.115938 -0.737725 0.130508
v 0.036855 -0.736938 0.217463
v 0.126366 -0.849549 -0.130699
v 0.049473 -0.736619 -0.149402
v -0.237003 -0.670628 0.436321
v -0.332014 -0.629766 0.456180
v -0.258868 -0.665651 0.325953
v -0.352511 -0.626547 0.359201
v -0.294953 -0.963260 0.692322
v -0.368897 -0.886854 0.620789
v -0.215954 -0.990880 0.746719
v -0.334983 -0.859769 0.723593
v -0.202507 -0.781761 0.545757
v -0.195726 -0.685572 0.347103
v -0.121801 -0.726007 0.462272
v -0.369703 -0.660842 0.568550
v -0.381959 -0.607944 0.405588
v -0.397821 -0.604394 0.518963
v -0.232346 -0.985164 0.669491
v -0.154575 -0.812995 0.542018
v -0.396145 -0.774535 0.738007
v -0.395971 -0.633032 0.600615
v -0.275689 -0.788489 -0.359719
v -0.337370 -0.667662 -0.357080
v -0.325775 -0.866544 -0.337419
v -0.393843 -0.717223 -0.342815
v -0.141587 -0.600043 -0.414694
v -0.209744 -0.534380 -0.435249
v -0.106248 -0.555113 -0.446177
v -0.176067 -0.498513 -0.473196
v -0.165551 -0.704910 -0.363770
v -0.250806 -0.870632 -0.344828
v -0.149142 -0.736125 -0.320910
v -0.292457 -0.548865 -0.388437
v -0.387778 -0.618218 -0.341849
v -0.335015 -0.510480 -0.369830
v -0.084236 -0.601062 -0.414822
v -0.102683 -0.690399 -0.355456
v -0.223624 -0.480030 -0.464026
v -0.299277 -0.481828 -0.407651
v -0.491353 -0.410440 -0.196644
v -0.538142 -0.370547 -0.110862
v -0.476778 -0.469378 -0.170865
v -0.520190 -0.426346 -0.084731
v -0.555280 -0.263230 -0.287591
v -0.616544 -0.236088 -0.208032
v -0.573569 -0.223508 -0.316358
v -0.629470 -0.196345 -0.235659
v -0.492375 -0.346380 -0.280525
v -0.463072 -0.459526 -0.227104
v -0.451418 -0.386622 -0.304239
v -0.603329 -0.282400 -0.116470
v -0.556428 -0.382186 -0.057191
v -0.617149 -0.291686 -0.060551
v -0.533413 -0.255469 -0.342415
v -0.471908 -0.337061 -0.335549
v -0.644865 -0.202309 -0.178275
v -0.643280 -0.248785 -0.091914
v -0.519528 -0.456975 0.252124
v -0.555470 -0.401765 0.162304
v -0.503856 -0.497489 0.223303
v -0.537619 -0.447496 0.136543
v -0.569992 -0.311597 0.318055
v -0.616018 -0.259182 0.230878
v -0.588759 -0.256289 0.340726
v -0.638776 -0.208710 0.251907
v -0.522622 -0.421063 0.335479
v -0.492937 -0.504917 0.286740
v -0.495154 -0.474755 0.375807
v -0.604596 -0.305276 0.155169
v -0.563428 -0.398571 0.108299
v -0.612802 -0.302163 0.102146
v -0.552699 -0.307231 0.376206
v -0.508415 -0.422717 0.396709
v -0.649915 -0.211078 0.200257
v -0.635875 -0.256140 0.124889
v 0.237558 -0.780309 0.590203
v 0.320834 -0.701518 0.529886
v 0.232199 -0.684352 0.420459
v 0.329361 -0.641989 0.413012
v 0.225137 -0.874810 0.604058
v 0.314545 -0.843434 0.694876
v 0.154897 -0.787074 0.646648
v 0.303678 -0.760722 0.695111
v 0.207665 -0.987753 0.773098
v 0.158371 -0.732755 0.492712
v 0.115724 -0.823161 0.595233
v 0.117233 -0.799933 0.605996
v 0.123941 -0.841913 0.593632
v 0.242092 -0.852204 0.714744
v 0.348966 -0.650184 0.463331
v 0.278358 -0.703685 0.649511
v 0.406560 -0.761912 0.741966
v 0.208255 -0.720762 0.841634
v 0.270829 -0.778089 -0.359497
v 0.336165 -0.662046 -0.360021
v 0.321547 -0.845323 -0.348070
v 0.389389 -0.706194 -0.347471
v 0.153457 -0.597600 -0.419518
v 0.221999 -0.532600 -0.444990
v 0.119694 -0.554188 -0.452045
v 0.190352 -0.498302 -0.484070
v 0.167481 -0.701267 -0.363728
v 0.243492 -0.858532 -0.336226
v 0.142895 -0.740682 -0.327966
v 0.095761 -0.599192 -0.418006
v 0.104119 -0.684723 -0.354060
v 0.300206 -0.545950 -0.401113
v 0.377828 -0.615761 -0.340666
v 0.338100 -0.511087 -0.381773
v 0.236624 -0.478889 -0.475712
v 0.309986 -0.482665 -0.423748
v 0.499478 -0.414714 -0.216114
v 0.542957 -0.375541 -0.128648
v 0.480244 -0.469920 -0.187293
v 0.521002 -0.426662 -0.097728
v 0.566803 -0.270816 -0.312483
v 0.618276 -0.241447 -0.227813
v 0.585831 -0.225896 -0.341698
v 0.632217 -0.198271 -0.256156
v 0.505807 -0.355371 -0.304890
v 0.466959 -0.462031 -0.245792
v 0.466818 -0.395368 -0.328677
v 0.604584 -0.287510 -0.134282
v 0.553416 -0.381902 -0.070548
v 0.613008 -0.289663 -0.074174
v 0.553023 -0.263653 -0.369536
v 0.489044 -0.344655 -0.360816
v 0.647997 -0.203289 -0.197892
v 0.640714 -0.247070 -0.107292
v 0.520685 -0.452402 0.245324
v 0.558291 -0.400970 0.155602
v 0.503129 -0.495895 0.216796
v 0.537376 -0.446118 0.127409
v 0.580094 -0.313861 0.313984
v 0.627420 -0.266184 0.231836
v 0.591206 -0.257418 0.336285
v 0.648822 -0.218247 0.256298
v 0.530589 -0.412158 0.330463
v 0.490438 -0.501545 0.283385
v 0.498473 -0.464611 0.375502
v 0.609756 -0.308247 0.151320
v 0.563103 -0.397871 0.098512
v 0.614491 -0.304937 0.095369
v 0.555992 -0.304792 0.369341
v 0.512997 -0.412257 0.390156
v 0.657419 -0.218619 0.201955
v 0.638373 -0.260612 0.121080
v 0.058945 -0.101848 0.906270
v -0.063699 -0.100370 0.907290
v 0.066148 -0.169040 0.959722
v -0.070260 -0.169630 0.957414
v 0.048962 0.070138 0.767583
v -0.051457 0.070667 0.767107
v 0.048070 0.122868 0.729990
v -0.048117 0.123721 0.728123
v 0.106897 -0.010703 0.825520
v 0.121842 -0.135969 0.905503
v 0.162859 -0.041838 0.825982
v -0.110078 -0.011674 0.821266
v -0.124568 -0.132280 0.906000
v -0.164813 -0.043653 0.818094
v 0.096467 0.097052 0.741128
v 0.154014 0.015046 0.783506
v -0.099574 0.098188 0.739652
v -0.157961 0.013751 0.780235
v 0.363464 -0.391336 0.729348
v 0.332091 -0.284043 0.774172
v 0.346193 -0.440504 0.779719
v 0.291968 -0.323718 0.816217
v 0.465849 -0.250759 0.587762
v 0.447148 -0.164345 0.640536
v 0.504529 -0.207343 0.545417
v 0.487908 -0.127255 0.599829
v 0.415129 -0.365704 0.630476
v 0.372497 -0.471165 0.734840
v 0.402307 -0.438459 0.635951
v 0.488041 -0.268463 0.535486
v 0.436647 -0.384190 0.577465
v 0.367712 -0.174068 0.724842
v 0.287627 -0.247877 0.817000
v 0.319781 -0.142203 0.759294
v 0.449649 -0.100488 0.640456
v 0.361389 -0.108068 0.714054
v -0.365053 -0.394564 0.737429
v -0.324716 -0.283886 0.778050
v -0.340627 -0.442635 0.792214
v -0.288494 -0.322835 0.823960
v -0.463351 -0.252731 0.595407
v -0.440069 -0.163033 0.645891
v -0.501210 -0.207144 0.554327
v -0.480533 -0.124869 0.604233
v -0.421928 -0.369602 0.634681
v -0.374014 -0.477693 0.745953
v -0.420801 -0.441966 0.632240
v -0.490058 -0.271987 0.544272
v -0.447694 -0.388301 0.578883
v -0.363093 -0.174348 0.728357
v -0.286246 -0.247700 0.822394
v -0.318484 -0.142870 0.760520
v -0.444942 -0.101644 0.643547
v -0.361012 -0.108741 0.717813
v 0.303065 0.290891 0.582937
v 0.268140 0.215420 0.631307
v 0.253434 0.310849 0.597476
v 0.218939 0.240935 0.645706
v 0.450196 0.210388 0.529888
v 0.421848 0.130537 0.583470
v 0.494081 0.177912 0.507329
v 0.470515 0.101530 0.563852
v 0.390624 0.283302 0.529312
v 0.292418 0.325343 0.561190
v 0.376141 0.320784 0.503196
v 0.480357 0.228824 0.487512
v 0.422902 0.298360 0.485813
v 0.327017 0.129651 0.633705
v 0.225518 0.186734 0.660979
v 0.282748 0.100066 0.667143
v 0.431994 0.074225 0.601724
v 0.336088 0.072312 0.654074
v -0.314821 0.282162 0.588638
v -0.282796 0.215012 0.638266
v -0.263679 0.302103 0.601839
v -0.231269 0.242010 0.648539
v -0.451453 0.204000 0.532509
v -0.426783 0.127840 0.590021
v -0.493100 0.172215 0.510837
v -0.471824 0.098684 0.569275
v -0.395924 0.273980 0.531007
v -0.300989 0.314874 0.565485
v -0.383031 0.307463 0.506737
v -0.481465 0.221902 0.490669
v -0.427000 0.286835 0.488302
v -0.339066 0.129866 0.642911
v -0.237894 0.185937 0.664808
v -0.295634 0.101181 0.676163
v -0.437180 0.073043 0.609460
v -0.347185 0.072200 0.663995
v 0.058774 -0.046370 -0.724529
v -0.045803 -0.051204 -0.729130
v 0.056785 -0.119465 -0.693214
v -0.042023 -0.120877 -0.699322
v 0.073764 0.107094 -0.904081
v -0.071424 0.109218 -0.896761
v 0.074636 0.179463 -0.928588
v -0.081149 0.180188 -0.925087
v 0.124662 0.024826 -0.814783
v 0.107294 -0.087266 -0.706815
v 0.172709 -0.004224 -0.777053
v -0.114164 0.023836 -0.814278
v -0.094722 -0.089272 -0.713596
v -0.160590 0.000126 -0.774140
v 0.153857 0.133973 -0.927896
v 0.198204 0.030659 -0.854138
v -0.151328 0.133460 -0.931623
v -0.181822 0.039958 -0.845923
v 0.307455 -0.305673 -0.589888
v 0.285528 -0.235676 -0.637412
v 0.259384 -0.331597 -0.603827
v 0.236615 -0.266174 -0.646204
v 0.450658 -0.215595 -0.542290
v 0.422023 -0.137596 -0.587286
v 0.494326 -0.184709 -0.520759
v 0.465180 -0.106107 -0.563593
v 0.390798 -0.292464 -0.543715
v 0.294857 -0.347318 -0.575118
v 0.372317 -0.335163 -0.520934
v 0.483790 -0.231538 -0.508993
v 0.422770 -0.306358 -0.510094
v 0.339895 -0.140744 -0.642251
v 0.243017 -0.201160 -0.658173
v 0.299684 -0.106168 -0.674253
v 0.427648 -0.074473 -0.602238
v 0.345122 -0.073519 -0.660629
v -0.292573 -0.297126 -0.577326
v -0.267502 -0.223277 -0.618050
v -0.245844 -0.325450 -0.592550
v -0.217784 -0.252019 -0.629643
v -0.427746 -0.205345 -0.524927
v -0.404184 -0.130093 -0.573515
v -0.469227 -0.177823 -0.504344
v -0.443570 -0.100818 -0.554347
v -0.368198 -0.282331 -0.524748
v -0.274853 -0.341267 -0.557236
v -0.350898 -0.327439 -0.501142
v -0.456993 -0.222879 -0.486180
v -0.398227 -0.299371 -0.486580
v -0.322404 -0.128397 -0.623908
v -0.225860 -0.191490 -0.644190
v -0.283104 -0.094159 -0.657547
v -0.409217 -0.067953 -0.591727
v -0.330048 -0.063906 -0.646896
v 0.363490 0.393163 -0.758051
v 0.343343 0.300758 -0.837725
v 0.322689 0.434613 -0.794766
v 0.307077 0.340580 -0.892350
v 0.486269 0.262526 -0.642239
v 0.461024 0.189795 -0.686330
v 0.526091 0.215317 -0.599131
v 0.499620 0.147713 -0.638660
v 0.420829 0.366023 -0.654479
v 0.348296 0.461498 -0.731730
v 0.402510 0.432096 -0.629971
v 0.497158 0.265804 -0.577007
v 0.433513 0.376338 -0.590774
v 0.381105 0.196174 -0.774608
v 0.315335 0.272203 -0.910572
v 0.340790 0.163284 -0.814337
v 0.454620 0.123797 -0.669717
v 0.374752 0.128482 -0.751601
v -0.356347 0.389141 -0.760203
v -0.350095 0.294432 -0.872315
v -0.316243 0.432807 -0.796776
v -0.308069 0.333545 -0.904301
v -0.477170 0.253049 -0.628217
v -0.468761 0.169896 -0.703370
v -0.510884 0.211659 -0.579493
v -0.486454 0.132157 -0.634282
v -0.416902 0.365415 -0.647971
v -0.342022 0.462305 -0.731216
v -0.397473 0.437020 -0.620017
v -0.496274 0.269587 -0.561557
v -0.431718 0.382704 -0.577411
v -0.384557 0.187547 -0.794207
v -0.326205 0.260540 -0.926396
v -0.344524 0.155317 -0.827842
v -0.447084 0.110021 -0.671717
v -0.371801 0.121300 -0.757922
v 0.730698 0.036815 -0.082104
v 0.730272 -0.042922 -0.080721
v 0.718934 0.036751 -0.138300
v 0.717423 -0.042617 -0.137170
v 0.731922 0.036406 0.087431
v 0.729852 -0.044309 0.087685
v 0.727892 0.036719 0.145081
v 0.725457 -0.043792 0.145076
v 0.726920 0.078948 0.001309
v 0.715502 0.077319 -0.109372
v 0.712825 0.122929 -0.028375
v 0.722150 0.077931 0.115798
v 0.711120 0.122159 0.028754
v 0.727720 -0.085502 0.002497
v 0.715884 -0.082878 -0.107591
v 0.714825 -0.125691 -0.025538
v 0.718891 -0.085022 0.117081
v 0.710669 -0.126441 0.031796
v -0.724472 0.045483 -0.059902
v -0.726132 -0.043135 -0.059977
v -0.717316 0.044363 -0.115999
v -0.719486 -0.043678 -0.115743
v -0.730173 0.041386 0.098785
v -0.733410 -0.042298 0.099159
v -0.725103 0.039906 0.150004
v -0.728518 -0.041744 0.149450
v -0.726393 0.090334 0.020974
v -0.711555 0.089659 -0.089763
v -0.714678 0.136614 -0.004405
v -0.716555 0.083984 0.123214
v -0.712456 0.133090 0.046150
v -0.732657 -0.087100 0.021833
v -0.715262 -0.085525 -0.089024
v -0.715487 -0.129299 -0.006974
v -0.724360 -0.082077 0.122776
v -0.717395 -0.127530 0.044237
v -0.195723 0.577140 0.036746
v -0.226101 0.548948 0.084106
v -0.196721 0.636785 -0.170592
v -0.229139 0.642609 -0.221951
v -0.172528 0.564312 0.083602
v -0.172003 0.664594 -0.231084
v -0.388927 0.460660 0.161199
v -0.435589 0.443281 0.149133
v -0.418146 0.431705 0.201200
v -0.399568 0.588131 -0.272049
v -0.431356 0.544049 -0.235484
v -0.426564 0.577476 -0.306933
v -0.515711 0.437452 -0.041589
v -0.514502 0.421748 0.010471
v -0.546341 0.400937 -0.007732
v 0.213040 0.582114 0.033242
v 0.240726 0.559792 0.081730
v 0.206487 0.644832 -0.169306
v 0.233579 0.651047 -0.219766
v 0.192384 0.566484 0.079246
v 0.184254 0.673413 -0.234272
v 0.383818 0.482263 0.159127
v 0.426404 0.464860 0.146843
v 0.409311 0.452828 0.198091
v 0.403691 0.601889 -0.262842
v 0.438823 0.562813 -0.228597
v 0.440190 0.592611 -0.296205
v 0.515927 0.461667 -0.041156
v 0.516466 0.453368 0.014021
v 0.542955 0.420492 -0.009868
v -0.216871 -0.709841 0.072040
v -0.247073 -0.679301 0.149480
v -0.270713 -0.964798 -0.124012
v -0.332436 -0.952192 -0.196528
v -0.182238 -0.698136 0.158485
v -0.226499 -0.982809 -0.222649
v -0.432869 -0.601061 0.243306
v -0.463157 -0.570990 0.216722
v -0.447208 -0.574595 0.287179
v -0.452952 -0.656959 -0.234255
v -0.457209 -0.589240 -0.189562
v -0.449881 -0.581254 -0.251340
v -0.519580 -0.487228 -0.004822
v -0.525175 -0.492584 0.053663
v -0.546084 -0.442583 0.026032
v 0.221818 -0.717024 0.113098
v 0.239806 -0.675533 0.188872
v 0.269595 -0.970330 -0.135294
v 0.319196 -0.959936 -0.214905
v 0.182679 -0.694819 0.211291
v 0.220570 -0.976114 -0.224575
v 0.419824 -0.604329 0.245655
v 0.459689 -0.575788 0.213729
v 0.440732 -0.580715 0.290593
v 0.441391 -0.653526 -0.247107
v 0.451804 -0.587792 -0.201728
v 0.434118 -0.579294 -0.259860
v 0.512443 -0.486080 -0.013266
v 0.518873 -0.489414 0.042060
v 0.537650 -0.439216 0.016617
v -0.101783 -0.803940 0.726698
v -0.028111 -0.730840 0.695127
v -0.339115 -0.705806 0.847131
v -0.324356 -0.592480 0.831854
v -0.079263 -0.772463 0.665958
v -0.358146 -0.639584 0.810260
v 0.298361 -0.644926 0.776179
v 0.326861 -0.577446 0.813938
v 0.372142 -0.608514 0.767394
v 0.124429 -0.282923 0.898650
v 0.185882 -0.323312 0.873350
v -0.123239 -0.282922 0.899250
v -0.181689 -0.324774 0.872673
v 0.184322 -0.246158 0.887584
v -0.182001 -0.246150 0.883204
v -0.021532 0.409681 0.476472
v 0.032527 0.410066 0.474941
v -0.177682 0.363018 0.553967
v -0.195491 0.342350 0.584584
v 0.006421 0.429806 0.429164
v -0.231004 0.353320 0.546282
v 0.179932 0.364601 0.549407
v 0.194956 0.347893 0.585392
v 0.232838 0.359295 0.547747
v 0.091228 0.211255 0.692673
v 0.131749 0.241633 0.677336
v -0.090011 0.208385 0.688304
v -0.133999 0.236102 0.672873
v 0.135990 0.185242 0.694140
v -0.140032 0.182818 0.689507
v -0.020261 -0.517486 -0.481441
v 0.033606 -0.517989 -0.483902
v -0.161559 -0.428108 -0.547685
v -0.179079 -0.390107 -0.579671
v 0.006435 -0.556901 -0.444805
v -0.208812 -0.408628 -0.539895
v 0.178713 -0.423581 -0.558304
v 0.197108 -0.384674 -0.590569
v 0.226098 -0.405829 -0.550657
v 0.101672 -0.227858 -0.668812
v 0.145308 -0.262433 -0.661853
v -0.083958 -0.224499 -0.668889
v -0.127222 -0.258660 -0.656985
v 0.150252 -0.196223 -0.674518
v -0.132935 -0.191401 -0.669807
v -0.040154 0.801658 -0.716110
v 0.043970 0.801868 -0.718099
v -0.253952 0.630624 -0.776470
v -0.265876 0.550652 -0.803247
v 0.004079 0.826290 -0.654492
v -0.291660 0.587403 -0.746770
v 0.258528 0.619085 -0.767796
v 0.272736 0.547660 -0.804053
v 0.295653 0.578292 -0.740629
v 0.142294 0.297173 -0.937959
v 0.202407 0.340480 -0.939413
v -0.154210 0.292007 -0.946368
v -0.214514 0.337355 -0.951236
v 0.215601 0.257475 -0.952233
v -0.251560 0.255155 -0.978276
v 0.586506 0.184793 -0.433669
v 0.572483 0.179966 -0.492039
v 0.678154 0.115670 -0.255489
v 0.696628 0.076588 -0.224953
v 0.553141 0.227950 -0.473932
v 0.687011 0.117973 -0.197756
v 0.591744 -0.178982 -0.419646
v 0.568885 -0.171762 -0.461788
v 0.672029 -0.119684 -0.252717
v 0.694909 -0.082894 -0.223604
v 0.555249 -0.215748 -0.444905
v 0.686273 -0.122888 -0.196258
v 0.516768 -0.012875 -0.560117
v 0.529179 0.046291 -0.579431
v 0.481993 0.021189 -0.602130
v 0.581557 0.168432 0.397095
v 0.558626 0.156798 0.440167
v 0.686731 0.113618 0.255482
v 0.714535 0.075802 0.233299
v 0.545898 0.205992 0.420192
v 0.702922 0.119842 0.202815
v 0.584363 -0.193079 0.409425
v 0.563669 -0.180236 0.459429
v 0.691540 -0.125852 0.255548
v 0.713366 -0.083945 0.231280
v 0.547948 -0.237264 0.443743
v 0.701088 -0.126827 0.201697
v 0.528625 -0.034797 0.561307
v 0.526367 0.021434 0.555577
v 0.488441 -0.008341 0.593250
v -0.592690 0.196656 -0.417499
v -0.563299 0.187699 -0.471975
v -0.664903 0.127074 -0.231120
v -0.684040 0.086446 -0.200613
v -0.558846 0.237343 -0.457077
v -0.684038 0.129966 -0.176082
v -0.561285 -0.175434 -0.390704
v -0.536526 -0.165625 -0.438073
v -0.659470 -0.120964 -0.227926
v -0.684622 -0.084998 -0.199659
v -0.525113 -0.205621 -0.419866
v -0.679115 -0.123569 -0.175107
v -0.487290 -0.016726 -0.546604
v -0.494663 0.039958 -0.560848
v -0.460005 0.016164 -0.593030
v -0.589413 0.172956 0.404752
v -0.562565 0.158966 0.447418
v -0.685942 0.116680 0.253243
v -0.704304 0.077613 0.228128
v -0.551694 0.207339 0.427779
v -0.693675 0.122162 0.200561
v -0.589335 -0.194157 0.417602
v -0.567792 -0.181484 0.469346
v -0.688383 -0.116334 0.251306
v -0.712645 -0.077169 0.227465
v -0.551815 -0.240347 0.452651
v -0.698105 -0.121577 0.200416
v -0.524872 -0.034397 0.565137
v -0.526064 0.018241 0.561021
v -0.489338 -0.010183 0.599688
v -0.014262 0.535679 0.175493
v 0.039707 0.534652 0.174072
v 0.011373 0.513159 0.227190
v -0.021885 0.769223 -0.368081
v 0.037222 0.773791 -0.374669
v 0.007681 0.808314 -0.432992
v -0.425924 0.353797 0.385039
v -0.397920 0.343731 0.432821
v -0.442238 0.328732 0.416312
v -0.413857 0.556601 -0.460869
v -0.402506 0.539119 -0.523774
v -0.413863 0.467483 -0.480333
v -0.655380 0.266045 0.011878
v -0.677709 0.226955 -0.012083
v -0.673850 0.221615 0.040215
v 0.418477 0.372248 0.380663
v 0.389986 0.361992 0.427358
v 0.436349 0.344844 0.412891
v 0.429589 0.536585 -0.479086
v 0.411266 0.522591 -0.546388
v 0.429752 0.457550 -0.500650
v 0.650975 0.255097 -0.001317
v 0.672752 0.208929 -0.028545
v 0.671596 0.209907 0.027686
v -0.021457 -0.735870 0.381568
v 0.033364 -0.750145 0.402781
v -0.005015 -0.762956 0.471652
v -0.044281 -0.709607 -0.257452
v 0.046633 -0.704172 -0.253182
v 0.002593 -0.695838 -0.305443
v -0.448768 -0.515961 0.489003
v -0.435236 -0.517447 0.559481
v -0.460958 -0.464969 0.504827
v -0.387639 -0.412517 -0.376502
v -0.359775 -0.393605 -0.422938
v -0.405795 -0.361126 -0.406670
v -0.652428 -0.256467 0.019920
v -0.675944 -0.213063 -0.008394
v -0.676445 -0.211094 0.045087
v 0.411044 -0.532014 0.531755
v 0.391214 -0.530136 0.611872
v 0.440965 -0.464333 0.524982
v 0.401729 -0.417830 -0.398652
v 0.376731 -0.398503 -0.444679
v 0.423733 -0.366324 -0.430342
v 0.646689 -0.255738 0.008300
v 0.671375 -0.211189 -0.022249
v 0.668715 -0.212967 0.034517
v 0.260111 -0.046509 0.763116
v 0.250772 0.012177 0.733389
v 0.302513 -0.016679 0.718407
v -0.263556 -0.046575 0.763071
v -0.257016 0.012862 0.736639
v -0.308535 -0.015831 0.723022
v 0.265445 -0.002292 -0.740621
v 0.280564 0.058365 -0.789960
v 0.315443 0.030058 -0.735067
v -0.253686 0.002553 -0.731903
v -0.273177 0.057399 -0.788314
v -0.306307 0.032563 -0.729314
f 1 647 644
f 1 644 643
f 1 643 645
f 1 645 646
f 1 646 647
f 2 649 652
f 6 672 670
f 12 702 699
f 11 696 695
f 8 679 681
f 4 662 659
f 4 659 658
f 4 658 660
f 4 660 661
f 4 661 662
f 5 666 665
f 3 654 657
f 7 673 677
f 9 685 686
f 10 692 688
f 12 701 698
f 6 669 668
f 2 650 648
f 8 682 678
f 11 697 693
f 6 671 669
f 12 700 701
f 11 694 697
f 8 680 682
f 2 651 650
f 10 690 689
f 5 663 664
f 3 655 653
f 7 676 674
f 9 687 684
f 10 691 690
f 5 667 663
f 3 656 655
f 7 675 676
f 9 683 687
f 6 668 672
f 2 648 649
f 8 678 679
f 11 693 696
f 12 698 702
f 10 688 691
f 5 665 667
f 3 657 656
f 7 677 675
f 9 686 683
f 5 664 666
f 3 653 654
f 7 674 673
f 9 684 685
f 10 689 692
f 6 670 671
f 12 699 700
f 11 695 694
f 8 681 680
f 2 652 651
f 35 837 838
f 18 735 736
f 19 742 741
f 40 868 867
f 42 880 879
f 34 832 831
f 33 827 828
f 25 778 780
f 36 844 846
f 20 749 747
f 32 819 820
f 23 765 767
f 24 773 771
f 37 850 849
f 41 876 875
f 34 833 834
f 33 826 825
f 25 779 777
f 36 845 843
f 20 748 750
f 17 729 727
f 14 711 709
f 13 706 703
f 15 718 715
f 16 724 721
f 18 737 733
f 35 839 835
f 42 882 878
f 40 870 866
f 19 744 740
f 30 807 805
f 27 789 787
f 22 762 758
f 28 797 793
f 29 802 799
f 32 821 817
f 23 766 763
f 24 774 770
f 37 852 848
f 41 874 872
f 35 838 836
f 18 736 734
f 19 741 739
f 40 867 865
f 42 879 877
f 34 831 829
f 33 828 824
f 25 780 776
f 36 846 842
f 20 747 745
f 32 820 818
f 23 767 764
f 24 771 769
f 37 849 847
f 41 875 871
f 34 834 830
f 33 825 823
f 25 777 775
f 36 843 841
f 20 750 746
f 14 714 710
f 13 707 704
f 15 719 716
f 16 725 722
f 17 732 728
f 21 755 752
f 31 814 811
f 26 784 781
f 38 857 853
f 39 862 860
f 27 792 788
f 22 759 757
f 28 796 794
f 29 803 800
f 30 810 806
f 31 815 812
f 26 785 782
f 38 856 854
f 39 863 859
f 21 754 751
f 14 712 714
f 13 705 707
f 15 717 719
f 16 723 725
f 17 730 732
f 21 753 755
f 31 816 814
f 26 786 784
f 38 858 857
f 39 861 862
f 27 791 792
f 22 761 759
f 28 795 796
f 29 801 803
f 30 808 810
f 31 813 815
f 26 783 785
f 38 855 856
f 39 864 863
f 21 756 754
f 14 709 712
f 13 703 705
f 15 715 717
f 16 721 723
f 17 727 730
f 21 751 753
f 31 812 816
f 26 782 786
f 38 854 858
f 39 859 861
f 27 787 791
f 22 758 761
f 28 793 795
f 29 799 801
f 30 805 808
f 31 811 813
f 26 781 783
f 38 853 855
f 39 860 864
f 21 752 756
f 17 728 731
f 14 710 713
f 13 704 708
f 15 716 720
f 16 722 726
f 18 734 738
f 35 836 840
f 42 877 881
f 40 865 869
f 19 739 743
f 30 806 809
f 27 788 790
f 22 757 760
f 28 794 798
f 29 800 804
f 32 818 822
f 23 764 768
f 24 769 772
f 37 847 851
f 41 871 873
f 35 835 837
f 18 733 735
f 19 740 742
f 40 866 868
f 42 878 880
f 34 830 832
f 33 823 827
f 25 775 778
f 36 841 844
f 20 746 749
f 32 817 819
f 23 763 765
f 24 770 773
f 37 848 850
f 41 872 876
f 34 829 833
f 33 824 826
f 25 776 779
f 36 842 845
f 20 745 748
f 17 731 729
f 14 713 711
f 13 708 706
f 15 720 718
f 16 726 724
f 18 738 737
f 35 840 839
f 42 881 882
f 40 869 870
f 19 743 744
f 30 809 807
f 27 790 789
f 22 760 762
f 28 798 797
f 29 804 802
f 32 822 821
f 23 768 766
f 24 772 774
f 37 851 852
f 41 873 874
f 107 1269 1270
f 103 1245 1246
f 104 1252 1251
f 110 1288 1287
f 113 1306 1305
f 118 1336 1335
f 154 1551 1552
f 141 1473 1474
f 162 1599 1600
f 121 1354 1353
f 142 1479 1480
f 129 1401 1402
f 130 1408 1407
f 144 1492 1491
f 146 1504 1503
f 151 1533 1534
f 131 1414 1413
f 136 1444 1443
f 161 1594 1593
f 126 1383 1384
f 116 1323 1324
f 108 1275 1276
f 106 1263 1264
f 112 1299 1300
f 115 1317 1318
f 119 1341 1342
f 156 1564 1563
f 139 1462 1461
f 160 1588 1587
f 120 1347 1348
f 149 1521 1522
f 132 1420 1419
f 128 1395 1396
f 145 1497 1498
f 148 1515 1516
f 155 1557 1558
f 133 1425 1426
f 134 1431 1432
f 157 1570 1569
f 124 1372 1371
f 109 1282 1281
f 105 1258 1257
f 111 1294 1293
f 114 1312 1311
f 117 1330 1329
f 125 1378 1377
f 152 1540 1539
f 137 1449 1450
f 158 1575 1576
f 123 1365 1366
f 143 1486 1485
f 127 1390 1389
f 135 1437 1438
f 147 1510 1509
f 150 1528 1527
f 153 1546 1545
f 140 1468 1467
f 138 1455 1456
f 159 1581 1582
f 122 1359 1360
f 107 1272 1271
f 103 1248 1247
f 104 1253 1254
f 110 1289 1290
f 113 1307 1308
f 118 1337 1338
f 154 1554 1553
f 141 1476 1475
f 162 1602 1601
f 121 1355 1356
f 142 1482 1481
f 129 1404 1403
f 130 1409 1410
f 144 1493 1494
f 146 1505 1506
f 151 1536 1535
f 131 1415 1416
f 136 1445 1446
f 161 1595 1596
f 126 1386 1385
f 47 909 907
f 44 891 889
f 43 886 883
f 45 898 895
f 46 904 901
f 49 922 919
f 72 1060 1057
f 102 1240 1237
f 96 1204 1201
f 79 1102 1099
f 62 999 997
f 59 981 979
f 58 976 973
f 60 988 985
f 61 994 991
f 66 1024 1021
f 54 952 949
f 73 1066 1063
f 85 1138 1135
f 92 1179 1177
f 101 1233 1231
f 69 1041 1039
f 50 927 925
f 82 1119 1117
f 97 1209 1207
f 71 1053 1051
f 100 1228 1225
f 94 1192 1189
f 80 1108 1105
f 51 933 931
f 90 1167 1165
f 63 1005 1003
f 55 957 955
f 76 1083 1081
f 87 1150 1147
f 91 1174 1171
f 67 1029 1027
f 56 963 961
f 75 1077 1075
f 83 1126 1123
f 68 1036 1033
f 48 915 913
f 78 1095 1093
f 93 1185 1183
f 98 1216 1213
f 88 1155 1153
f 65 1018 1015
f 57 970 967
f 77 1090 1087
f 86 1143 1141
f 64 1012 1009
f 53 945 943
f 74 1071 1069
f 84 1131 1129
f 89 1162 1159
f 70 1047 1045
f 99 1221 1219
f 95 1197 1195
f 81 1114 1111
f 52 940 937
f 109 1284 1280
f 105 1260 1256
f 111 1296 1292
f 114 1314 1310
f 117 1332 1328
f 125 1380 1376
f 152 1542 1538
f 137 1451 1447
f 158 1577 1573
f 123 1367 1363
f 143 1488 1484
f 127 1392 1388
f 135 1439 1435
f 147 1512 1508
f 150 1530 1526
f 153 1548 1544
f 140 1470 1466
f 138 1457 1453
f 159 1583 1579
f 122 1361 1357
f 107 1270 1268
f 103 1246 1244
f 104 1251 1249
f 110 1287 1285
f 113 1305 1303
f 118 1335 1333
f 154 1552 1550
f 141 1474 1472
f 162 1600 1598
f 121 1353 1351
f 142 1480 1478
f 129 1402 1400
f 130 1407 1405
f 144 1491 1489
f 146 1503 1501
f 151 1534 1532
f 131 1413 1411
f 136 1443 1441
f 161 1593 1591
f 126 1384 1382
f 116 1324 1322
f 108 1276 1274
f 106 1264 1262
f 112 1300 1298
f 115 1318 1316
f 119 1342 1340
f 156 1563 1561
f 139 1461 1459
f 160 1587 1585
f 120 1348 1346
f 149 1522 1520
f 132 1419 1417
f 128 1396 1394
f 145 1498 1496
f 148 1516 1514
f 155 1558 1556
f 133 1426 1424
f 134 1432 1430
f 157 1569 1567
f 124 1371 1369
f 109 1281 1279
f 105 1257 1255
f 111 1293 1291
f 114 1311 1309
f 117 1329 1327
f 125 1377 1375
f 152 1539 1537
f 137 1450 1448
f 158 1576 1574
f 123 1366 1364
f 143 1485 1483
f 127 1389 1387
f 135 1438 1436
f 147 1509 1507
f 150 1527 1525
f 153 1545 1543
f 140 1467 1465
f 138 1456 1454
f 159 1582 1580
f 122 1360 1358
f 107 1271 1267
f 103 1247 1243
f 104 1254 1250
f 110 1290 1286
f 113 1308 1304
f 118 1338 1334
f 154 1553 1549
f 141 1475 1471
f 162 1601 1597
f 121 1356 1352
f 142 1481 1477
f 129 1403 1399
f 130 1410 1406
f 144 1494 1490
f 146 1506 1502
f 151 1535 1531
f 131 1416 1412
f 136 1446 1442
f 161 1596 1592
f 126 1385 1381
f 44 894 890
f 43 887 884
f 45 899 896
f 46 905 902
f 47 912 908
f 52 941 938
f 70 1050 1046
f 99 1224 1220
f 95 1200 1196
f 81 1115 1112
f 59 984 980
f 58 977 974
f 60 989 986
f 61 995 992
f 62 1002 998
f 65 1019 1016
f 57 971 968
f 77 1091 1088
f 86 1146 1142
f 88 1158 1154
f 98 1217 1214
f 68 1037 1034
f 48 918 914
f 78 1098 1094
f 93 1188 1184
f 69 1044 1040
f 101 1236 1232
f 97 1212 1208
f 82 1122 1118
f 50 930 926
f 89 1163 1160
f 64 1013 1010
f 53 948 944
f 74 1074 1070
f 84 1134 1130
f 90 1170 1166
f 63 1008 1004
f 55 960 956
f 76 1086 1082
f 87 1151 1148
f 72 1061 1058
f 49 923 920
f 79 1103 1100
f 96 1205 1202
f 102 1241 1238
f 91 1175 1172
f 67 1032 1028
f 56 966 962
f 75 1080 1076
f 83 1127 1124
f 66 1025 1022
f 54 953 950
f 73 1067 1064
f 85 1139 1136
f 92 1182 1178
f 71 1056 1052
f 100 1229 1226
f 94 1193 1190
f 80 1109 1106
f 51 936 932
f 116 1325 1321
f 108 1277 1273
f 106 1265 1261
f 112 1301 1297
f 115 1319 1315
f 119 1343 1339
f 156 1566 1562
f 139 1464 1460
f 160 1590 1586
f 120 1349 1345
f 149 1523 1519
f 132 1422 1418
f 128 1397 1393
f 145 1499 1495
f 148 1517 1513
f 155 1559 1555
f 133 1427 1423
f 134 1433 1429
f 157 1572 1568
f 124 1374 1370
f 44 892 894
f 43 885 887
f 45 897 899
f 46 903 905
f 47 910 912
f 52 939 941
f 70 1048 1050
f 99 1222 1224
f 95 1198 1200
f 81 1113 1115
f 59 982 984
f 58 975 977
f 60 987 989
f 61 993 995
f 62 1000 1002
f 65 1017 1019
f 57 969 971
f 77 1089 1091
f 86 1144 1146
f 88 1156 1158
f 98 1215 1217
f 68 1035 1037
f 48 916 918
f 78 1096 1098
f 93 1186 1188
f 69 1042 1044
f 101 1234 1236
f 97 1210 1212
f 82 1120 1122
f 50 928 930
f 89 1161 1163
f 64 1011 1013
f 53 946 948
f 74 1072 1074
f 84 1132 1134
f 90 1168 1170
f 63 1006 1008
f 55 958 960
f 76 1084 1086
f 87 1149 1151
f 72 1059 1061
f 49 921 923
f 79 1101 1103
f 96 1203 1205
f 102 1239 1241
f 91 1173 1175
f 67 1030 1032
f 56 964 966
f 75 1078 1080
f 83 1125 1127
f 66 1023 1025
f 54 951 953
f 73 1065 1067
f 85 1137 1139
f 92 1180 1182
f 71 1054 1056
f 100 1227 1229
f 94 1191 1193
f 80 1107 1109
f 51 934 936
f 116 1326 1325
f 108 1278 1277
f 106 1266 1265
f 112 1302 1301
f 115 1320 1319
f 119 1344 1343
f 156 1565 1566
f 139 1463 1464
f 160 1589 1590
f 120 1350 1349
f 149 1524 1523
f 132 1421 1422
f 128 1398 1397
f 145 1500 1499
f 148 1518 1517
f 155 1560 1559
f 133 1428 1427
f 134 1434 1433
f 157 1571 1572
f 124 1373 1374
f 44 889 892
f 43 883 885
f 45 895 897
f 46 901 903
f 47 907 910
f 52 937 939
f 70 1045 1048
f 99 1219 1222
f 95 1195 1198
f 81 1111 1113
f 59 979 982
f 58 973 975
f 60 985 987
f 61 991 993
f 62 997 1000
f 65 1015 1017
f 57 967 969
f 77 1087 1089
f 86 1141 1144
f 88 1153 1156
f 98 1213 1215
f 68 1033 1035
f 48 913 916
f 78 1093 1096
f 93 1183 1186
f 69 1039 1042
f 101 1231 1234
f 97 1207 1210
f 82 1117 1120
f 50 925 928
f 89 1159 1161
f 64 1009 1011
f 53 943 946
f 74 1069 1072
f 84 1129 1132
f 90 1165 1168
f 63 1003 1006
f 55 955 958
f 76 1081 1084
f 87 1147 1149
f 72 1057 1059
f 49 919 921
f 79 1099 1101
f 96 1201 1203
f 102 1237 1239
f 91 1171 1173
f 67 1027 1030
f 56 961 964
f 75 1075 1078
f 83 1123 1125
f 66 1021 1023
f 54 949 951
f 73 1063 1065
f 85 1135 1137
f 92 1177 1180
f 71 1051 1054
f 100 1225 1227
f 94 1189 1191
f 80 1105 1107
f 51 931 934
f 116 1322 1326
f 108 1274 1278
f 106 1262 1266
f 112 1298 1302
f 115 1316 1320
f 119 1340 1344
f 156 1561 1565
f 139 1459 1463
f 160 1585 1589
f 120 1346 1350
f 149 1520 1524
f 132 1417 1421
f 128 1394 1398
f 145 1496 1500
f 148 1514 1518
f 155 1556 1560
f 133 1424 1428
f 134 1430 1434
f 157 1567 1571
f 124 1369 1373
f 47 908 911
f 44 890 893
f 43 884 888
f 45 896 900
f 46 902 906
f 49 920 924
f 72 1058 1062
f 102 1238 1242
f 96 1202 1206
f 79 1100 1104
f 62 998 1001
f 59 980 983
f 58 974 978
f 60 986 990
f 61 992 996
f 66 1022 1026
f 54 950 954
f 73 1064 1068
f 85 1136 1140
f 92 1178 1181
f 101 1232 1235
f 69 1040 1043
f 50 926 929
f 82 1118 1121
f 97 1208 1211
f 71 1052 1055
f 100 1226 1230
f 94 1190 1194
f 80 1106 1110
f 51 932 935
f 90 1166 1169
f 63 1004 1007
f 55 956 959
f 76 1082 1085
f 87 1148 1152
f 91 1172 1176
f 67 1028 1031
f 56 962 965
f 75 1076 1079
f 83 1124 1128
f 68 1034 1038
f 48 914 917
f 78 1094 1097
f 93 1184 1187
f 98 1214 1218
f 88 1154 1157
f 65 1016 1020
f 57 968 972
f 77 1088 1092
f 86 1142 1145
f 64 1010 1014
f 53 944 947
f 74 1070 1073
f 84 1130 1133
f 89 1160 1164
f 70 1046 1049
f 99 1220 1223
f 95 1196 1199
f 81 1112 1116
f 52 938 942
f 109 1279 1283
f 105 1255 1259
f 111 1291 1295
f 114 1309 1313
f 117 1327 1331
f 125 1375 1379
f 152 1537 1541
f 137 1448 1452
f 158 1574 1578
f 123 1364 1368
f 143 1483 1487
f 127 1387 1391
f 135 1436 1440
f 147 1507 1511
f 150 1525 1529
f 153 1543 1547
f 140 1465 1469
f 138 1454 1458
f 159 1580 1584
f 122 1358 1362
f 107 1267 1269
f 103 1243 1245
f 104 1250 1252
f 110 1286 1288
f 113 1304 1306
f 118 1334 1336
f 154 1549 1551
f 141 1471 1473
f 162 1597 1599
f 121 1352 1354
f 142 1477 1479
f 129 1399 1401
f 130 1406 1408
f 144 1490 1492
f 146 1502 1504
f 151 1531 1533
f 131 1412 1414
f 136 1442 1444
f 161 1592 1594
f 126 1381 1383
f 116 1321 1323
f 108 1273 1275
f 106 1261 1263
f 112 1297 1299
f 115 1315 1317
f 119 1339 1341
f 156 1562 1564
f 139 1460 1462
f 160 1586 1588
f 120 1345 1347
f 149 1519 1521
f 132 1418 1420
f 128 1393 1395
f 145 1495 1497
f 148 1513 1515
f 155 1555 1557
f 133 1423 1425
f 134 1429 1431
f 157 1568 1570
f 124 1370 1372
f 109 1280 1282
f 105 1256 1258
f 111 1292 1294
f 114 1310 1312
f 117 1328 1330
f 125 1376 1378
f 152 1538 1540
f 137 1447 1449
f 158 1573 1575
f 123 1363 1365
f 143 1484 1486
f 127 1388 1390
f 135 1435 1437
f 147 1508 1510
f 150 1526 1528
f 153 1544 1546
f 140 1466 1468
f 138 1453 1455
f 159 1579 1581
f 122 1357 1359
f 107 1268 1272
f 103 1244 1248
f 104 1249 1253
f 110 1285 1289
f 113 1303 1307
f 118 1333 1337
f 154 1550 1554
f 141 1472 1476
f 162 1598 1602
f 121 1351 1355
f 142 1478 1482
f 129 1400 1404
f 130 1405 1409
f 144 1489 1493
f 146 1501 1505
f 151 1532 1536
f 131 1411 1415
f 136 1441 1445
f 161 1591 1595
f 126 1382 1386
f 47 911 909
f 44 893 891
f 43 888 886
f 45 900 898
f 46 906 904
f 49 924 922
f 72 1062 1060
f 102 1242 1240
f 96 1206 1204
f 79 1104 1102
f 62 1001 999
f 59 983 981
f 58 978 976
f 60 990 988
f 61 996 994
f 66 1026 1024
f 54 954 952
f 73 1068 1066
f 85 1140 1138
f 92 1181 1179
f 101 1235 1233
f 69 1043 1041
f 50 929 927
f 82 1121 1119
f 97 1211 1209
f 71 1055 1053
f 100 1230 1228
f 94 1194 1192
f 80 1110 1108
f 51 935 933
f 90 1169 1167
f 63 1007 1005
f 55 959 957
f 76 1085 1083
f 87 1152 1150
f 91 1176 1174
f 67 1031 1029
f 56 965 963
f 75 1079 1077
f 83 1128 1126
f 68 1038 1036
f 48 917 915
f 78 1097 1095
f 93 1187 1185
f 98 1218 1216
f 88 1157 1155
f 65 1020 1018
f 57 972 970
f 77 1092 1090
f 86 1145 1143
f 64 1014 1012
f 53 947 945
f 74 1073 1071
f 84 1133 1131
f 89 1164 1162
f 70 1049 1047
f 99 1223 1221
f 95 1199 1197
f 81 1116 1114
f 52 942 940
f 109 1283 1284
f 105 1259 1260
f 111 1295 1296
f 114 1313 1314
f 117 1331 1332
f 125 1379 1380
f 152 1541 1542
f 137 1452 1451
f 158 1578 1577
f 123 1368 1367
f 143 1487 1488
f 127 1391 1392
f 135 1440 1439
f 147 1511 1512
f 150 1529 1530
f 153 1547 1548
f 140 1469 1470
f 138 1458 1457
f 159 1584 1583
f 122 1362 1361
f 407 1609 1616
f 403 1605 1608
f 404 1611 1606
f 410 1614 1612
f 413 1617 1615
f 422 1631 1624
f 486 1688 1692
f 573 1775 1782
f 561 1763 1765
f 512 1719 1714
f 452 1654 1661
f 448 1650 1653
f 449 1656 1651
f 455 1659 1657
f 458 1662 1660
f 470 1672 1675
f 437 1646 1639
f 494 1706 1696
f 531 1735 1733
f 539 1741 1751
f 568 1770 1779
f 478 1680 1683
f 419 1621 1626
f 509 1711 1721
f 554 1756 1766
f 482 1684 1689
f 576 1780 1778
f 558 1767 1760
f 516 1722 1718
f 425 1627 1629
f 542 1744 1747
f 463 1668 1665
f 434 1636 1641
f 497 1699 1704
f 528 1730 1737
f 546 1748 1750
f 464 1666 1676
f 440 1642 1644
f 500 1705 1702
f 524 1736 1726
f 479 1691 1681
f 418 1623 1620
f 508 1713 1710
f 553 1764 1755
f 569 1781 1771
f 538 1749 1740
f 471 1677 1673
f 443 1645 1647
f 501 1703 1707
f 523 1725 1734
f 467 1674 1669
f 433 1638 1635
f 493 1695 1698
f 527 1732 1729
f 543 1752 1745
f 485 1690 1687
f 572 1777 1774
f 557 1759 1762
f 515 1717 1720
f 428 1630 1632
f 591 2191 2189
f 587 1885 1883
f 588 1901 1903
f 594 2279 2281
f 597 2315 2317
f 600 2171 2173
f 634 2160 2158
f 619 2016 2012
f 639 2214 2210
f 602 1919 1924
f 624 2137 2135
f 608 1978 1973
f 610 1991 1996
f 627 2225 2227
f 630 2302 2304
f 635 2178 2176
f 615 2153 2155
f 617 2009 2014
f 637 2207 2212
f 604 1926 1922
f 416 1857 1864
f 408 1803 1810
f 406 1786 1795
f 412 1822 1831
f 415 1840 1849
f 424 1876 1887
f 492 2182 2193
f 582 2312 2321
f 565 2276 2285
f 514 1898 1907
f 461 2091 2098
f 453 2037 2044
f 451 1952 1961
f 457 2056 2067
f 460 2074 2083
f 475 2128 2139
f 439 1966 1975
f 496 1988 1997
f 533 2222 2231
f 551 2293 2298
f 579 2185 2190
f 483 1879 1884
f 426 1893 1900
f 521 2271 2278
f 566 2307 2314
f 489 2163 2170
f 578 2150 2159
f 560 2006 2015
f 518 2204 2213
f 429 1911 1918
f 547 2131 2136
f 465 1969 1977
f 441 1983 1990
f 504 2217 2224
f 537 2290 2301
f 550 2168 2177
f 476 2145 2152
f 444 2001 2008
f 502 2199 2206
f 526 1916 1925
f 481 1808 1817
f 420 1789 1797
f 510 1825 1833
f 555 1843 1851
f 571 1862 1871
f 540 1933 1941
f 473 2110 2119
f 447 2020 2029
f 507 2236 2247
f 534 2257 2262
f 469 2042 2051
f 435 1947 1954
f 498 2059 2064
f 529 2077 2085
f 545 2096 2105
f 487 2113 2121
f 574 2023 2031
f 562 2239 2244
f 520 2254 2265
f 432 1930 1939
f 589 1818 1814
f 583 1798 1793
f 586 1834 1829
f 593 1852 1847
f 596 1872 1868
f 599 1942 1937
f 633 2120 2124
f 620 2030 2034
f 640 2248 2250
f 603 2263 2261
f 622 2052 2050
f 607 1955 1960
f 612 2065 2063
f 626 2086 2081
f 629 2106 2102
f 631 2122 2117
f 614 2032 2027
f 618 2245 2243
f 641 2266 2268
f 605 1940 1944
f 409 1813 1804
f 405 1792 1785
f 411 1828 1821
f 414 1846 1839
f 417 1867 1858
f 431 1936 1929
f 488 2123 2114
f 575 2033 2024
f 563 2249 2240
f 519 2260 2253
f 454 2049 2038
f 450 1959 1951
f 456 2062 2055
f 459 2080 2073
f 462 2101 2092
f 472 2116 2109
f 446 2026 2019
f 506 2242 2235
f 535 2267 2258
f 541 1943 1934
f 570 1869 1861
f 480 1815 1807
f 421 1799 1790
f 511 1835 1826
f 556 1853 1844
f 484 1889 1880
f 580 2195 2186
f 567 2319 2308
f 522 2283 2272
f 427 1905 1894
f 544 2103 2095
f 468 2046 2041
f 436 1957 1948
f 499 2069 2060
f 530 2087 2078
f 548 2141 2132
f 466 1979 1970
f 442 1993 1984
f 505 2229 2218
f 536 2296 2289
f 491 2188 2181
f 423 1882 1875
f 513 1902 1897
f 564 2280 2275
f 581 2316 2311
f 549 2172 2167
f 477 2157 2146
f 445 2011 2002
f 503 2209 2200
f 525 1923 1915
f 474 2134 2127
f 438 1972 1965
f 495 1995 1987
f 532 2226 2221
f 552 2303 2294
f 490 2175 2164
f 577 2154 2149
f 559 2013 2005
f 517 2211 2203
f 430 1921 1912
f 590 1865 1870
f 584 1811 1816
f 585 1796 1800
f 592 1832 1836
f 595 1850 1854
f 598 1888 1890
f 636 2194 2196
f 621 2322 2320
f 642 2286 2284
f 601 1908 1906
f 623 2099 2104
f 611 2045 2047
f 609 1962 1958
f 625 2068 2070
f 628 2084 2088
f 632 2140 2142
f 613 1976 1980
f 616 1998 1994
f 638 2232 2230
f 606 2299 2297
f 407 2330 2329
f 403 2324 2323
f 404 2325 2326
f 410 2332 2333
f 413 2335 2336
f 422 2344 2345
f 486 2410 2409
f 573 2497 2496
f 561 2486 2485
f 512 2434 2435
f 452 2375 2374
f 448 2369 2368
f 449 2370 2371
f 455 2377 2378
f 458 2380 2381
f 470 2393 2392
f 437 2359 2360
f 494 2415 2416
f 531 2455 2456
f 539 2461 2460
f 568 2489 2488
f 478 2399 2398
f 419 2341 2340
f 509 2431 2430
f 554 2476 2475
f 482 2405 2404
f 576 2500 2501
f 558 2481 2482
f 516 2439 2440
f 425 2348 2347
f 542 2465 2464
f 463 2383 2384
f 434 2356 2355
f 497 2420 2419
f 528 2452 2451
f 546 2471 2470
f 464 2386 2385
f 440 2363 2362
f 500 2422 2423
f 524 2445 2446
f 479 2400 2401
f 418 2338 2339
f 508 2428 2429
f 553 2473 2474
f 569 2490 2491
f 538 2458 2459
f 471 2394 2395
f 443 2366 2365
f 501 2425 2424
f 523 2444 2443
f 467 2389 2390
f 433 2353 2354
f 493 2414 2413
f 527 2449 2450
f 543 2466 2467
f 485 2407 2408
f 572 2494 2495
f 557 2480 2479
f 515 2438 2437
f 428 2351 2350
f 591 2510 2511
f 587 2504 2505
f 588 2508 2507
f 594 2514 2513
f 597 2517 2516
f 600 2520 2519
f 634 2554 2556
f 619 2539 2540
f 639 2560 2561
f 602 2523 2521
f 624 2543 2544
f 608 2527 2529
f 610 2532 2530
f 627 2547 2546
f 630 2550 2549
f 635 2552 2553
f 615 2535 2534
f 617 2538 2536
f 637 2558 2557
f 604 2524 2525
f 167 1607 647
f 164 1603 644
f 163 1604 643
f 165 1610 645
f 166 1613 646
f 169 1622 649
f 192 1686 672
f 222 1773 702
f 216 1761 696
f 199 1712 679
f 182 1652 662
f 179 1648 659
f 178 1649 658
f 180 1655 660
f 181 1658 661
f 186 1670 666
f 174 1637 654
f 193 1694 673
f 205 1731 685
f 212 1739 692
f 221 1768 701
f 189 1678 669
f 170 1619 650
f 202 1709 682
f 217 1754 697
f 191 1682 671
f 220 1776 700
f 214 1758 694
f 200 1716 680
f 171 1625 651
f 210 1742 690
f 183 1663 663
f 175 1634 655
f 196 1697 676
f 207 1728 687
f 211 1746 691
f 187 1664 667
f 176 1640 656
f 195 1700 675
f 203 1724 683
f 188 1679 668
f 168 1618 648
f 198 1708 678
f 213 1753 693
f 218 1769 698
f 208 1738 688
f 185 1671 665
f 177 1643 657
f 197 1701 677
f 206 1723 686
f 184 1667 664
f 173 1633 653
f 194 1693 674
f 204 1727 684
f 209 1743 689
f 190 1685 670
f 219 1772 699
f 215 1757 695
f 201 1715 681
f 172 1628 652
f 357 2187 837
f 255 1881 735
f 262 1899 742
f 388 2277 868
f 400 2313 880
f 352 2169 832
f 347 2156 827
f 298 2010 778
f 364 2208 844
f 269 1917 749
f 339 2133 819
f 285 1971 765
f 293 1989 773
f 370 2223 850
f 396 2300 876
f 353 2174 833
f 346 2151 826
f 299 2007 779
f 365 2205 845
f 268 1920 748
f 249 1855 729
f 231 1801 711
f 226 1784 706
f 238 1820 718
f 244 1838 724
f 257 1874 737
f 359 2180 839
f 402 2310 882
f 390 2274 870
f 264 1896 744
f 327 2089 807
f 309 2035 789
f 282 1950 762
f 317 2054 797
f 322 2072 802
f 341 2126 821
f 286 1964 766
f 294 1986 774
f 372 2220 852
f 394 2291 874
f 358 2183 838
f 256 1877 736
f 261 1891 741
f 387 2269 867
f 399 2305 879
f 351 2161 831
f 348 2148 828
f 300 2004 780
f 366 2202 846
f 267 1909 747
f 340 2129 820
f 287 1967 767
f 291 1981 771
f 369 2215 849
f 395 2288 875
f 354 2166 834
f 345 2143 825
f 297 1999 777
f 363 2197 843
f 270 1914 750
f 234 1806 714
f 227 1787 707
f 239 1823 719
f 245 1841 725
f 252 1860 732
f 275 1931 755
f 334 2108 814
f 304 2018 784
f 377 2234 857
f 382 2255 862
f 312 2040 792
f 279 1945 759
f 316 2057 796
f 323 2075 803
f 330 2094 810
f 335 2111 815
f 305 2021 785
f 376 2237 856
f 383 2252 863
f 274 1928 754
f 232 1812 712
f 225 1791 705
f 237 1827 717
f 243 1845 723
f 250 1866 730
f 273 1935 753
f 336 2118 816
f 306 2028 786
f 378 2246 858
f 381 2259 861
f 311 2048 791
f 281 1953 761
f 315 2061 795
f 321 2079 801
f 328 2100 808
f 333 2115 813
f 303 2025 783
f 375 2241 855
f 384 2264 864
f 276 1938 756
f 229 1802 709
f 223 1783 703
f 235 1819 715
f 241 1837 721
f 247 1856 727
f 271 1927 751
f 332 2112 812
f 302 2022 782
f 374 2238 854
f 379 2251 859
f 307 2036 787
f 278 1949 758
f 313 2053 793
f 319 2071 799
f 325 2090 805
f 331 2107 811
f 301 2017 781
f 373 2233 853
f 380 2256 860
f 272 1932 752
f 248 1859 728
f 230 1805 710
f 224 1788 704
f 236 1824 716
f 242 1842 722
f 254 1878 734
f 356 2184 836
f 397 2306 877
f 385 2270 865
f 259 1892 739
f 326 2093 806
f 308 2039 788
f 277 1946 757
f 314 2058 794
f 320 2076 800
f 338 2130 818
f 284 1968 764
f 289 1982 769
f 367 2216 847
f 391 2287 871
f 355 2179 835
f 253 1873 733
f 260 1895 740
f 386 2273 866
f 398 2309 878
f 350 2165 830
f 343 2144 823
f 295 2000 775
f 361 2198 841
f 266 1913 746
f 337 2125 817
f 283 1963 763
f 290 1985 770
f 368 2219 848
f 392 2292 872
f 349 2162 829
f 344 2147 824
f 296 2003 776
f 362 2201 842
f 265 1910 745
f 251 1863 731
f 233 1809 713
f 228 1794 708
f 240 1830 720
f 246 1848 726
f 258 1886 738
f 360 2192 840
f 401 2318 881
f 389 2282 869
f 263 1904 743
f 329 2097 809
f 310 2043 790
f 280 1956 760
f 318 2066 798
f 324 2082 804
f 342 2138 822
f 288 1974 768
f 292 1992 772
f 371 2228 851
f 393 2295 873
f 409 2331 1269
f 405 2327 1245
f 411 2328 1252
f 414 2334 1288
f 417 2337 1306
f 431 2346 1336
f 488 2412 1551
f 575 2499 1473
f 563 2487 1599
f 519 2436 1354
f 454 2376 1479
f 450 2372 1401
f 456 2373 1408
f 459 2379 1492
f 462 2382 1504
f 472 2396 1533
f 446 2361 1414
f 506 2418 1444
f 535 2457 1594
f 541 2463 1383
f 570 2492 1323
f 480 2402 1275
f 421 2343 1263
f 511 2433 1299
f 556 2478 1317
f 484 2406 1341
f 580 2502 1564
f 567 2484 1462
f 522 2442 1588
f 427 2349 1347
f 544 2468 1521
f 468 2387 1420
f 436 2358 1395
f 499 2421 1497
f 530 2454 1515
f 548 2472 1557
f 466 2388 1425
f 442 2364 1431
f 505 2426 1570
f 536 2448 1372
f 491 2403 1282
f 423 2342 1258
f 513 2432 1294
f 564 2477 1312
f 581 2493 1330
f 549 2462 1378
f 477 2397 1540
f 445 2367 1449
f 503 2427 1575
f 525 2447 1365
f 474 2391 1486
f 438 2357 1390
f 495 2417 1437
f 532 2453 1510
f 552 2469 1528
f 490 2411 1546
f 577 2498 1468
f 559 2483 1455
f 517 2441 1581
f 430 2352 1359
f 590 2509 1272
f 584 2503 1248
f 585 2506 1253
f 592 2512 1289
f 595 2515 1307
f 598 2518 1337
f 636 2555 1554
f 621 2541 1476
f 642 2562 1602
f 601 2522 1355
f 623 2542 1482
f 611 2528 1404
f 609 2531 1409
f 625 2545 1493
f 628 2548 1505
f 632 2551 1536
f 613 2533 1415
f 616 2537 1445
f 638 2559 1595
f 606 2526 1386
f 407 1616 909
f 403 1608 891
f 404 1606 886
f 410 1612 898
f 413 1615 904
f 422 1624 922
f 486 1692 1060
f 573 1782 1240
f 561 1765 1204
f 512 1714 1102
f 452 1661 999
f 448 1653 981
f 449 1651 976
f 455 1657 988
f 458 1660 994
f 470 1675 1024
f 437 1639 952
f 494 1696 1066
f 531 1733 1138
f 539 1751 1179
f 568 1779 1233
f 478 1683 1041
f 419 1626 927
f 509 1721 1119
f 554 1766 1209
f 482 1689 1053
f 576 1778 1228
f 558 1760 1192
f 516 1718 1108
f 425 1629 933
f 542 1747 1167
f 463 1665 1005
f 434 1641 957
f 497 1704 1083
f 528 1737 1150
f 546 1750 1174
f 464 1676 1029
f 440 1644 963
f 500 1702 1077
f 524 1726 1126
f 479 1681 1036
f 418 1620 915
f 508 1710 1095
f 553 1755 1185
f 569 1771 1216
f 538 1740 1155
f 471 1673 1018
f 443 1647 970
f 501 1707 1090
f 523 1734 1143
f 467 1669 1012
f 433 1635 945
f 493 1698 1071
f 527 1729 1131
f 543 1745 1162
f 485 1687 1047
f 572 1774 1221
f 557 1762 1197
f 515 1720 1114
f 428 1632 940
f 591 2189 1284
f 587 1883 1260
f 588 1903 1296
f 594 2281 1314
f 597 2317 1332
f 600 2173 1380
f 634 2158 1542
f 619 2012 1451
f 639 2210 1577
f 602 1924 1367
f 624 2135 1488
f 608 1973 1392
f 610 1996 1439
f 627 2227 1512
f 630 2304 1530
f 635 2176 1548
f 615 2155 1470
f 617 2014 1457
f 637 2212 1583
f 604 1922 1361
f 416 1864 1270
f 408 1810 1246
f 406 1795 1251
f 412 1831 1287
f 415 1849 1305
f 424 1887 1335
f 492 2193 1552
f 582 2321 1474
f 565 2285 1600
f 514 1907 1353
f 461 2098 1480
f 453 2044 1402
f 451 1961 1407
f 457 2067 1491
f 460 2083 1503
f 475 2139 1534
f 439 1975 1413
f 496 1997 1443
f 533 2231 1593
f 551 2298 1384
f 579 2190 1324
f 483 1884 1276
f 426 1900 1264
f 521 2278 1300
f 566 2314 1318
f 489 2170 1342
f 578 2159 1563
f 560 2015 1461
f 518 2213 1587
f 429 1918 1348
f 547 2136 1522
f 465 1977 1419
f 441 1990 1396
f 504 2224 1498
f 537 2301 1516
f 550 2177 1558
f 476 2152 1426
f 444 2008 1432
f 502 2206 1569
f 526 1925 1371
f 481 1817 1281
f 420 1797 1257
f 510 1833 1293
f 555 1851 1311
f 571 1871 1329
f 540 1941 1377
f 473 2119 1539
f 447 2029 1450
f 507 2247 1576
f 534 2262 1366
f 469 2051 1485
f 435 1954 1389
f 498 2064 1438
f 529 2085 1509
f 545 2105 1527
f 487 2121 1545
f 574 2031 1467
f 562 2244 1456
f 520 2265 1582
f 432 1939 1360
f 589 1814 1271
f 583 1793 1247
f 586 1829 1254
f 593 1847 1290
f 596 1868 1308
f 599 1937 1338
f 633 2124 1553
f 620 2034 1475
f 640 2250 1601
f 603 2261 1356
f 622 2050 1481
f 607 1960 1403
f 612 2063 1410
f 626 2081 1494
f 629 2102 1506
f 631 2117 1535
f 614 2027 1416
f 618 2243 1446
f 641 2268 1596
f 605 1944 1385
f 409 1804 894
f 405 1785 887
f 411 1821 899
f 414 1839 905
f 417 1858 912
f 431 1929 941
f 488 2114 1050
f 575 2024 1224
f 563 2240 1200
f 519 2253 1115
f 454 2038 984
f 450 1951 977
f 456 2055 989
f 459 2073 995
f 462 2092 1002
f 472 2109 1019
f 446 2019 971
f 506 2235 1091
f 535 2258 1146
f 541 1934 1158
f 570 1861 1217
f 480 1807 1037
f 421 1790 918
f 511 1826 1098
f 556 1844 1188
f 484 1880 1044
f 580 2186 1236
f 567 2308 1212
f 522 2272 1122
f 427 1894 930
f 544 2095 1163
f 468 2041 1013
f 436 1948 948
f 499 2060 1074
f 530 2078 1134
f 548 2132 1170
f 466 1970 1008
f 442 1984 960
f 505 2218 1086
f 536 2289 1151
f 491 2181 1061
f 423 1875 923
f 513 1897 1103
f 564 2275 1205
f 581 2311 1241
f 549 2167 1175
f 477 2146 1032
f 445 2002 966
f 503 2200 1080
f 525 1915 1127
f 474 2127 1025
f 438 1965 953
f 495 1987 1067
f 532 2221 1139
f 552 2294 1182
f 490 2164 1056
f 577 2149 1229
f 559 2005 1193
f 517 2203 1109
f 430 1912 936
f 590 1870 1325
f 584 1816 1277
f 585 1800 1265
f 592 1836 1301
f 595 1854 1319
f 598 1890 1343
f 636 2196 1566
f 621 2320 1464
f 642 2284 1590
f 601 1906 1349
f 623 2104 1523
f 611 2047 1422
f 609 1958 1397
f 625 2070 1499
f 628 2088 1517
f 632 2142 1559
f 613 1980 1427
f 616 1994 1433
f 638 2230 1572
f 606 2297 1374
f 407 2329 892
f 403 2323 885
f 404 2326 897
f 410 2333 903
f 413 2336 910
f 422 2345 939
f 486 2409 1048
f 573 2496 1222
f 561 2485 1198
f 512 2435 1113
f 452 2374 982
f 448 2368 975
f 449 2371 987
f 455 2378 993
f 458 2381 1000
f 470 2392 1017
f 437 2360 969
f 494 2416 1089
f 531 2456 1144
f 539 2460 1156
f 568 2488 1215
f 478 2398 1035
f 419 2340 916
f 509 2430 1096
f 554 2475 1186
f 482 2404 1042
f 576 2501 1234
f 558 2482 1210
f 516 2440 1120
f 425 2347 928
f 542 2464 1161
f 463 2384 1011
f 434 2355 946
f 497 2419 1072
f 528 2451 1132
f 546 2470 1168
f 464 2385 1006
f 440 2362 958
f 500 2423 1084
f 524 2446 1149
f 479 2401 1059
f 418 2339 921
f 508 2429 1101
f 553 2474 1203
f 569 2491 1239
f 538 2459 1173
f 471 2395 1030
f 443 2365 964
f 501 2424 1078
f 523 2443 1125
f 467 2390 1023
f 433 2354 951
f 493 2413 1065
f 527 2450 1137
f 543 2467 1180
f 485 2408 1054
f 572 2495 1227
f 557 2479 1191
f 515 2437 1107
f 428 2350 934
f 591 2511 1326
f 587 2505 1278
f 588 2507 1266
f 594 2513 1302
f 597 2516 1320
f 600 2519 1344
f 634 2556 1565
f 619 2540 1463
f 639 2561 1589
f 602 2521 1350
f 624 2544 1524
f 608 2529 1421
f 610 2530 1398
f 627 2546 1500
f 630 2549 1518
f 635 2553 1560
f 615 2534 1428
f 617 2536 1434
f 637 2557 1571
f 604 2525 1373
f 164 1609 889
f 163 1605 883
f 165 1611 895
f 166 1614 901
f 167 1617 907
f 172 1631 937
f 190 1688 1045
f 219 1775 1219
f 215 1763 1195
f 201 1719 1111
f 179 1654 979
f 178 1650 973
f 180 1656 985
f 181 1659 991
f 182 1662 997
f 185 1672 1015
f 177 1646 967
f 197 1706 1087
f 206 1735 1141
f 208 1741 1153
f 218 1770 1213
f 188 1680 1033
f 168 1621 913
f 198 1711 1093
f 213 1756 1183
f 189 1684 1039
f 221 1780 1231
f 217 1767 1207
f 202 1722 1117
f 170 1627 925
f 209 1744 1159
f 184 1668 1009
f 173 1636 943
f 194 1699 1069
f 204 1730 1129
f 210 1748 1165
f 183 1666 1003
f 175 1642 955
f 196 1705 1081
f 207 1736 1147
f 192 1691 1057
f 169 1623 919
f 199 1713 1099
f 216 1764 1201
f 222 1781 1237
f 211 1749 1171
f 187 1677 1027
f 176 1645 961
f 195 1703 1075
f 203 1725 1123
f 186 1674 1021
f 174 1638 949
f 193 1695 1063
f 205 1732 1135
f 212 1752 1177
f 191 1690 1051
f 220 1777 1225
f 214 1759 1189
f 200 1717 1105
f 171 1630 931
f 358 2191 1322
f 256 1885 1274
f 261 1901 1262
f 387 2279 1298
f 399 2315 1316
f 351 2171 1340
f 348 2160 1561
f 300 2016 1459
f 366 2214 1585
f 267 1919 1346
f 340 2137 1520
f 287 1978 1417
f 291 1991 1394
f 369 2225 1496
f 395 2302 1514
f 354 2178 1556
f 345 2153 1424
f 297 2009 1430
f 363 2207 1567
f 270 1926 1369
f 247 1857 908
f 229 1803 890
f 223 1786 884
f 235 1822 896
f 241 1840 902
f 253 1876 920
f 355 2182 1058
f 398 2312 1238
f 386 2276 1202
f 260 1898 1100
f 325 2091 998
f 307 2037 980
f 278 1952 974
f 313 2056 986
f 319 2074 992
f 337 2128 1022
f 283 1966 950
f 290 1988 1064
f 368 2222 1136
f 392 2293 1178
f 356 2185 1232
f 254 1879 1040
f 259 1893 926
f 385 2271 1118
f 397 2307 1208
f 349 2163 1052
f 344 2150 1226
f 296 2006 1190
f 362 2204 1106
f 265 1911 932
f 338 2131 1166
f 284 1969 1004
f 289 1983 956
f 367 2217 1082
f 391 2290 1148
f 350 2168 1172
f 343 2145 1028
f 295 2001 962
f 361 2199 1076
f 266 1916 1124
f 230 1808 1034
f 224 1789 914
f 236 1825 1094
f 242 1843 1184
f 248 1862 1214
f 272 1933 1154
f 331 2110 1016
f 301 2020 968
f 373 2236 1088
f 380 2257 1142
f 308 2042 1010
f 277 1947 944
f 314 2059 1070
f 320 2077 1130
f 326 2096 1160
f 332 2113 1046
f 302 2023 1220
f 374 2239 1196
f 379 2254 1112
f 271 1930 938
f 234 1818 1279
f 227 1798 1255
f 239 1834 1291
f 245 1852 1309
f 252 1872 1327
f 275 1942 1375
f 334 2120 1537
f 304 2030 1448
f 377 2248 1574
f 382 2263 1364
f 312 2052 1483
f 279 1955 1387
f 316 2065 1436
f 323 2086 1507
f 330 2106 1525
f 335 2122 1543
f 305 2032 1465
f 376 2245 1454
f 383 2266 1580
f 274 1940 1358
f 232 1813 1267
f 225 1792 1243
f 237 1828 1250
f 243 1846 1286
f 250 1867 1304
f 273 1936 1334
f 336 2123 1549
f 306 2033 1471
f 378 2249 1597
f 381 2260 1352
f 311 2049 1477
f 281 1959 1399
f 315 2062 1406
f 321 2080 1490
f 328 2101 1502
f 333 2116 1531
f 303 2026 1412
f 375 2242 1442
f 384 2267 1592
f 276 1943 1381
f 251 1869 1321
f 233 1815 1273
f 228 1799 1261
f 240 1835 1297
f 246 1853 1315
f 258 1889 1339
f 360 2195 1562
f 401 2319 1460
f 389 2283 1586
f 263 1905 1345
f 329 2103 1519
f 310 2046 1418
f 280 1957 1393
f 318 2069 1495
f 324 2087 1513
f 342 2141 1555
f 288 1979 1423
f 292 1993 1429
f 371 2229 1568
f 393 2296 1370
f 357 2188 1280
f 255 1882 1256
f 262 1902 1292
f 388 2280 1310
f 400 2316 1328
f 352 2172 1376
f 347 2157 1538
f 298 2011 1447
f 364 2209 1573
f 269 1923 1363
f 339 2134 1484
f 285 1972 1388
f 293 1995 1435
f 370 2226 1508
f 396 2303 1526
f 353 2175 1544
f 346 2154 1466
f 299 2013 1453
f 365 2211 1579
f 268 1921 1357
f 249 1865 1268
f 231 1811 1244
f 226 1796 1249
f 238 1832 1285
f 244 1850 1303
f 257 1888 1333
f 359 2194 1550
f 402 2322 1472
f 390 2286 1598
f 264 1908 1351
f 327 2099 1478
f 309 2045 1400
f 282 1962 1405
f 317 2068 1489
f 322 2084 1501
f 341 2140 1532
f 286 1976 1411
f 294 1998 1441
f 372 2232 1591
f 394 2299 1382
f 416 2330 911
f 408 2324 893
f 406 2325 888
f 412 2332 900
f 415 2335 906
f 424 2344 924
f 492 2410 1062
f 582 2497 1242
f 565 2486 1206
f 514 2434 1104
f 461 2375 1001
f 453 2369 983
f 451 2370 978
f 457 2377 990
f 460 2380 996
f 475 2393 1026
f 439 2359 954
f 496 2415 1068
f 533 2455 1140
f 551 2461 1181
f 579 2489 1235
f 483 2399 1043
f 426 2341 929
f 521 2431 1121
f 566 2476 1211
f 489 2405 1055
f 578 2500 1230
f 560 2481 1194
f 518 2439 1110
f 429 2348 935
f 547 2465 1169
f 465 2383 1007
f 441 2356 959
f 504 2420 1085
f 537 2452 1152
f 550 2471 1176
f 476 2386 1031
f 444 2363 965
f 502 2422 1079
f 526 2445 1128
f 481 2400 1038
f 420 2338 917
f 510 2428 1097
f 555 2473 1187
f 571 2490 1218
f 540 2458 1157
f 473 2394 1020
f 447 2366 972
f 507 2425 1092
f 534 2444 1145
f 469 2389 1014
f 435 2353 947
f 498 2414 1073
f 529 2449 1133
f 545 2466 1164
f 487 2407 1049
f 574 2494 1223
f 562 2480 1199
f 520 2438 1116
f 432 2351 942
f 589 2510 1283
f 583 2504 1259
f 586 2508 1295
f 593 2514 1313
f 596 2517 1331
f 599 2520 1379
f 633 2554 1541
f 620 2539 1452
f 640 2560 1578
f 603 2523 1368
f 622 2543 1487
f 607 2527 1391
f 612 2532 1440
f 626 2547 1511
f 629 2550 1529
f 631 2552 1547
f 614 2535 1469
f 618 2538 1458
f 641 2558 1584
f 605 2524 1362
f 164 1607 1609
f 163 1603 1605
f 165 1604 1611
f 166 1610 1614
f 167 1613 1617
f 172 1622 1631
f 190 1686 1688
f 219 1773 1775
f 215 1761 1763
f 201 1712 1719
f 179 1652 1654
f 178 1648 1650
f 180 1649 1656
f 181 1655 1659
f 182 1658 1662
f 185 1670 1672
f 177 1637 1646
f 197 1694 1706
f 206 1731 1735
f 208 1739 1741
f 218 1768 1770
f 188 1678 1680
f 168 1619 1621
f 198 1709 1711
f 213 1754 1756
f 189 1682 1684
f 221 1776 1780
f 217 1758 1767
f 202 1716 1722
f 170 1625 1627
f 209 1742 1744
f 184 1663 1668
f 173 1634 1636
f 194 1697 1699
f 204 1728 1730
f 210 1746 1748
f 183 1664 1666
f 175 1640 1642
f 196 1700 1705
f 207 1724 1736
f 192 1679 1691
f 169 1618 1623
f 199 1708 1713
f 216 1753 1764
f 222 1769 1781
f 211 1738 1749
f 187 1671 1677
f 176 1643 1645
f 195 1701 1703
f 203 1723 1725
f 186 1667 1674
f 174 1633 1638
f 193 1693 1695
f 205 1727 1732
f 212 1743 1752
f 191 1685 1690
f 220 1772 1777
f 214 1757 1759
f 200 1715 1717
f 171 1628 1630
f 358 2187 2191
f 256 1881 1885
f 261 1899 1901
f 387 2277 2279
f 399 2313 2315
f 351 2169 2171
f 348 2156 2160
f 300 2010 2016
f 366 2208 2214
f 267 1917 1919
f 340 2133 2137
f 287 1971 1978
f 291 1989 1991
f 369 2223 2225
f 395 2300 2302
f 354 2174 2178
f 345 2151 2153
f 297 2007 2009
f 363 2205 2207
f 270 1920 1926
f 247 1855 1857
f 229 1801 1803
f 223 1784 1786
f 235 1820 1822
f 241 1838 1840
f 253 1874 1876
f 355 2180 2182
f 398 2310 2312
f 386 2274 2276
f 260 1896 1898
f 325 2089 2091
f 307 2035 2037
f 278 1950 1952
f 313 2054 2056
f 319 2072 2074
f 337 2126 2128
f 283 1964 1966
f 290 1986 1988
f 368 2220 2222
f 392 2291 2293
f 356 2183 2185
f 254 1877 1879
f 259 1891 1893
f 385 2269 2271
f 397 2305 2307
f 349 2161 2163
f 344 2148 2150
f 296 2004 2006
f 362 2202 2204
f 265 1909 1911
f 338 2129 2131
f 284 1967 1969
f 289 1981 1983
f 367 2215 2217
f 391 2288 2290
f 350 2166 2168
f 343 2143 2145
f 295 1999 2001
f 361 2197 2199
f 266 1914 1916
f 230 1806 1808
f 224 1787 1789
f 236 1823 1825
f 242 1841 1843
f 248 1860 1862
f 272 1931 1933
f 331 2108 2110
f 301 2018 2020
f 373 2234 2236
f 380 2255 2257
f 308 2040 2042
f 277 1945 1947
f 314 2057 2059
f 320 2075 2077
f 326 2094 2096
f 332 2111 2113
f 302 2021 2023
f 374 2237 2239
f 379 2252 2254
f 271 1928 1930
f 234 1812 1818
f 227 1791 1798
f 239 1827 1834
f 245 1845 1852
f 252 1866 1872
f 275 1935 1942
f 334 2118 2120
f 304 2028 2030
f 377 2246 2248
f 382 2259 2263
f 312 2048 2052
f 279 1953 1955
f 316 2061 2065
f 323 2079 2086
f 330 2100 2106
f 335 2115 2122
f 305 2025 2032
f 376 2241 2245
f 383 2264 2266
f 274 1938 1940
f 232 1802 1813
f 225 1783 1792
f 237 1819 1828
f 243 1837 1846
f 250 1856 1867
f 273 1927 1936
f 336 2112 2123
f 306 2022 2033
f 378 2238 2249
f 381 2251 2260
f 311 2036 2049
f 281 1949 1959
f 315 2053 2062
f 321 2071 2080
f 328 2090 2101
f 333 2107 2116
f 303 2017 2026
f 375 2233 2242
f 384 2256 2267
f 276 1932 1943
f 251 1859 1869
f 233 1805 1815
f 228 1788 1799
f 240 1824 1835
f 246 1842 1853
f 258 1878 1889
f 360 2184 2195
f 401 2306 2319
f 389 2270 2283
f 263 1892 1905
f 329 2093 2103
f 310 2039 2046
f 280 1946 1957
f 318 2058 2069
f 324 2076 2087
f 342 2130 2141
f 288 1968 1979
f 292 1982 1993
f 371 2216 2229
f 393 2287 2296
f 357 2179 2188
f 255 1873 1882
f 262 1895 1902
f 388 2273 2280
f 400 2309 2316
f 352 2165 2172
f 347 2144 2157
f 298 2000 2011
f 364 2198 2209
f 269 1913 1923
f 339 2125 2134
f 285 1963 1972
f 293 1985 1995
f 370 2219 2226
f 396 2292 2303
f 353 2162 2175
f 346 2147 2154
f 299 2003 2013
f 365 2201 2211
f 268 1910 1921
f 249 1863 1865
f 231 1809 1811
f 226 1794 1796
f 238 1830 1832
f 244 1848 1850
f 257 1886 1888
f 359 2192 2194
f 402 2318 2322
f 390 2282 2286
f 264 1904 1908
f 327 2097 2099
f 309 2043 2045
f 282 1956 1962
f 317 2066 2068
f 322 2082 2084
f 341 2138 2140
f 286 1974 1976
f 294 1992 1998
f 372 2228 2232
f 394 2295 2299
f 416 2331 2330
f 408 2327 2324
f 406 2328 2325
f 412 2334 2332
f 415 2337 2335
f 424 2346 2344
f 492 2412 2410
f 582 2499 2497
f 565 2487 2486
f 514 2436 2434
f 461 2376 2375
f 453 2372 2369
f 451 2373 2370
f 457 2379 2377
f 460 2382 2380
f 475 2396 2393
f 439 2361 2359
f 496 2418 2415
f 533 2457 2455
f 551 2463 2461
f 579 2492 2489
f 483 2402 2399
f 426 2343 2341
f 521 2433 2431
f 566 2478 2476
f 489 2406 2405
f 578 2502 2500
f 560 2484 2481
f 518 2442 2439
f 429 2349 2348
f 547 2468 2465
f 465 2387 2383
f 441 2358 2356
f 504 2421 2420
f 537 2454 2452
f 550 2472 2471
f 476 2388 2386
f 444 2364 2363
f 502 2426 2422
f 526 2448 2445
f 481 2403 2400
f 420 2342 2338
f 510 2432 2428
f 555 2477 2473
f 571 2493 2490
f 540 2462 2458
f 473 2397 2394
f 447 2367 2366
f 507 2427 2425
f 534 2447 2444
f 469 2391 2389
f 435 2357 2353
f 498 2417 2414
f 529 2453 2449
f 545 2469 2466
f 487 2411 2407
f 574 2498 2494
f 562 2483 2480
f 520 2441 2438
f 432 2352 2351
f 589 2509 2510
f 583 2503 2504
f 586 2506 2508
f 593 2512 2514
f 596 2515 2517
f 599 2518 2520
f 633 2555 2554
f 620 2541 2539
f 640 2562 2560
f 603 2522 2523
f 622 2542 2543
f 607 2528 2527
f 612 2531 2532
f 626 2545 2547
f 629 2548 2550
f 631 2551 2552
f 614 2533 2535
f 618 2537 2538
f 641 2559 2558
f 605 2526 2524
f 164 644 1607
f 163 643 1603
f 165 645 1604
f 166 646 1610
f 167 647 1613
f 172 652 1622
f 190 670 1686
f 219 699 1773
f 215 695 1761
f 201 681 1712
f 179 659 1652
f 178 658 1648
f 180 660 1649
f 181 661 1655
f 182 662 1658
f 185 665 1670
f 177 657 1637
f 197 677 1694
f 206 686 1731
f 208 688 1739
f 218 698 1768
f 188 668 1678
f 168 648 1619
f 198 678 1709
f 213 693 1754
f 189 669 1682
f 221 701 1776
f 217 697 1758
f 202 682 1716
f 170 650 1625
f 209 689 1742
f 184 664 1663
f 173 653 1634
f 194 674 1697
f 204 684 1728
f 210 690 1746
f 183 663 1664
f 175 655 1640
f 196 676 1700
f 207 687 1724
f 192 672 1679
f 169 649 1618
f 199 679 1708
f 216 696 1753
f 222 702 1769
f 211 691 1738
f 187 667 1671
f 176 656 1643
f 195 675 1701
f 203 683 1723
f 186 666 1667
f 174 654 1633
f 193 673 1693
f 205 685 1727
f 212 692 1743
f 191 671 1685
f 220 700 1772
f 214 694 1757
f 200 680 1715
f 171 651 1628
f 358 838 2187
f 256 736 1881
f 261 741 1899
f 387 867 2277
f 399 879 2313
f 351 831 2169
f 348 828 2156
f 300 780 2010
f 366 846 2208
f 267 747 1917
f 340 820 2133
f 287 767 1971
f 291 771 1989
f 369 849 2223
f 395 875 2300
f 354 834 2174
f 345 825 2151
f 297 777 2007
f 363 843 2205
f 270 750 1920
f 247 727 1855
f 229 709 1801
f 223 703 1784
f 235 715 1820
f 241 721 1838
f 253 733 1874
f 355 835 2180
f 398 878 2310
f 386 866 2274
f 260 740 1896
f 325 805 2089
f 307 787 2035
f 278 758 1950
f 313 793 2054
f 319 799 2072
f 337 817 2126
f 283 763 1964
f 290 770 1986
f 368 848 2220
f 392 872 2291
f 356 836 2183
f 254 734 1877
f 259 739 1891
f 385 865 2269
f 397 877 2305
f 349 829 2161
f 344 824 2148
f 296 776 2004
f 362 842 2202
f 265 745 1909
f 338 818 2129
f 284 764 1967
f 289 769 1981
f 367 847 2215
f 391 871 2288
f 350 830 2166
f 343 823 2143
f 295 775 1999
f 361 841 2197
f 266 746 1914
f 230 710 1806
f 224 704 1787
f 236 716 1823
f 242 722 1841
f 248 728 1860
f 272 752 1931
f 331 811 2108
f 301 781 2018
f 373 853 2234
f 380 860 2255
f 308 788 2040
f 277 757 1945
f 314 794 2057
f 320 800 2075
f 326 806 2094
f 332 812 2111
f 302 782 2021
f 374 854 2237
f 379 859 2252
f 271 751 1928
f 234 714 1812
f 227 707 1791
f 239 719 1827
f 245 725 1845
f 252 732 1866
f 275 755 1935
f 334 814 2118
f 304 784 2028
f 377 857 2246
f 382 862 2259
f 312 792 2048
f 279 759 1953
f 316 796 2061
f 323 803 2079
f 330 810 2100
f 335 815 2115
f 305 785 2025
f 376 856 2241
f 383 863 2264
f 274 754 1938
f 232 712 1802
f 225 705 1783
f 237 717 1819
f 243 723 1837
f 250 730 1856
f 273 753 1927
f 336 816 2112
f 306 786 2022
f 378 858 2238
f 381 861 2251
f 311 791 2036
f 281 761 1949
f 315 795 2053
f 321 801 2071
f 328 808 2090
f 333 813 2107
f 303 783 2017
f 375 855 2233
f 384 864 2256
f 276 756 1932
f 251 731 1859
f 233 713 1805
f 228 708 1788
f 240 720 1824
f 246 726 1842
f 258 738 1878
f 360 840 2184
f 401 881 2306
f 389 869 2270
f 263 743 1892
f 329 809 2093
f 310 790 2039
f 280 760 1946
f 318 798 2058
f 324 804 2076
f 342 822 2130
f 288 768 1968
f 292 772 1982
f 371 851 2216
f 393 873 2287
f 357 837 2179
f 255 735 1873
f 262 742 1895
f 388 868 2273
f 400 880 2309
f 352 832 2165
f 347 827 2144
f 298 778 2000
f 364 844 2198
f 269 749 1913
f 339 819 2125
f 285 765 1963
f 293 773 1985
f 370 850 2219
f 396 876 2292
f 353 833 2162
f 346 826 2147
f 299 779 2003
f 365 845 2201
f 268 748 1910
f 249 729 1863
f 231 711 1809
f 226 706 1794
f 238 718 1830
f 244 724 1848
f 257 737 1886
f 359 839 2192
f 402 882 2318
f 390 870 2282
f 264 744 1904
f 327 807 2097
f 309 789 2043
f 282 762 1956
f 317 797 2066
f 322 802 2082
f 341 821 2138
f 286 766 1974
f 294 774 1992
f 372 852 2228
f 394 874 2295
f 416 1270 2331
f 408 1246 2327
f 406 1251 2328
f 412 1287 2334
f 415 1305 2337
f 424 1335 2346
f 492 1552 2412
f 582 1474 2499
f 565 1600 2487
f 514 1353 2436
f 461 1480 2376
f 453 1402 2372
f 451 1407 2373
f 457 1491 2379
f 460 1503 2382
f 475 1534 2396
f 439 1413 2361
f 496 1443 2418
f 533 1593 2457
f 551 1384 2463
f 579 1324 2492
f 483 1276 2402
f 426 1264 2343
f 521 1300 2433
f 566 1318 2478
f 489 1342 2406
f 578 1563 2502
f 560 1461 2484
f 518 1587 2442
f 429 1348 2349
f 547 1522 2468
f 465 1419 2387
f 441 1396 2358
f 504 1498 2421
f 537 1516 2454
f 550 1558 2472
f 476 1426 2388
f 444 1432 2364
f 502 1569 2426
f 526 1371 2448
f 481 1281 2403
f 420 1257 2342
f 510 1293 2432
f 555 1311 2477
f 571 1329 2493
f 540 1377 2462
f 473 1539 2397
f 447 1450 2367
f 507 1576 2427
f 534 1366 2447
f 469 1485 2391
f 435 1389 2357
f 498 1438 2417
f 529 1509 2453
f 545 1527 2469
f 487 1545 2411
f 574 1467 2498
f 562 1456 2483
f 520 1582 2441
f 432 1360 2352
f 589 1271 2509
f 583 1247 2503
f 586 1254 2506
f 593 1290 2512
f 596 1308 2515
f 599 1338 2518
f 633 1553 2555
f 620 1475 2541
f 640 1601 2562
f 603 1356 2522
f 622 1481 2542
f 607 1403 2528
f 612 1410 2531
f 626 1494 2545
f 629 1506 2548
f 631 1535 2551
f 614 1416 2533
f 618 1446 2537
f 641 1596 2559
f 605 1385 2526
f 167 907 1616
f 164 889 1608
f 163 883 1606
f 165 895 1612
f 166 901 1615
f 169 919 1624
f 192 1057 1692
f 222 1237 1782
f 216 1201 1765
f 199 1099 1714
f 182 997 1661
f 179 979 1653
f 178 973 1651
f 180 985 1657
f 181 991 1660
f 186 1021 1675
f 174 949 1639
f 193 1063 1696
f 205 1135 1733
f 212 1177 1751
f 221 1231 1779
f 189 1039 1683
f 170 925 1626
f 202 1117 1721
f 217 1207 1766
f 191 1051 1689
f 220 1225 1778
f 214 1189 1760
f 200 1105 1718
f 171 931 1629
f 210 1165 1747
f 183 1003 1665
f 175 955 1641
f 196 1081 1704
f 207 1147 1737
f 211 1171 1750
f 187 1027 1676
f 176 961 1644
f 195 1075 1702
f 203 1123 1726
f 188 1033 1681
f 168 913 1620
f 198 1093 1710
f 213 1183 1755
f 218 1213 1771
f 208 1153 1740
f 185 1015 1673
f 177 967 1647
f 197 1087 1707
f 206 1141 1734
f 184 1009 1669
f 173 943 1635
f 194 1069 1698
f 204 1129 1729
f 209 1159 1745
f 190 1045 1687
f 219 1219 1774
f 215 1195 1762
f 201 1111 1720
f 172 937 1632
f 357 1280 2189
f 255 1256 1883
f 262 1292 1903
f 388 1310 2281
f 400 1328 2317
f 352 1376 2173
f 347 1538 2158
f 298 1447 2012
f 364 1573 2210
f 269 1363 1924
f 339 1484 2135
f 285 1388 1973
f 293 1435 1996
f 370 1508 2227
f 396 1526 2304
f 353 1544 2176
f 346 1466 2155
f 299 1453 2014
f 365 1579 2212
f 268 1357 1922
f 249 1268 1864
f 231 1244 1810
f 226 1249 1795
f 238 1285 1831
f 244 1303 1849
f 257 1333 1887
f 359 1550 2193
f 402 1472 2321
f 390 1598 2285
f 264 1351 1907
f 327 1478 2098
f 309 1400 2044
f 282 1405 1961
f 317 1489 2067
f 322 1501 2083
f 341 1532 2139
f 286 1411 1975
f 294 1441 1997
f 372 1591 2231
f 394 1382 2298
f 358 1322 2190
f 256 1274 1884
f 261 1262 1900
f 387 1298 2278
f 399 1316 2314
f 351 1340 2170
f 348 1561 2159
f 300 1459 2015
f 366 1585 2213
f 267 1346 1918
f 340 1520 2136
f 287 1417 1977
f 291 1394 1990
f 369 1496 2224
f 395 1514 2301
f 354 1556 2177
f 345 1424 2152
f 297 1430 2008
f 363 1567 2206
f 270 1369 1925
f 234 1279 1817
f 227 1255 1797
f 239 1291 1833
f 245 1309 1851
f 252 1327 1871
f 275 1375 1941
f 334 1537 2119
f 304 1448 2029
f 377 1574 2247
f 382 1364 2262
f 312 1483 2051
f 279 1387 1954
f 316 1436 2064
f 323 1507 2085
f 330 1525 2105
f 335 1543 2121
f 305 1465 2031
f 376 1454 2244
f 383 1580 2265
f 274 1358 1939
f 232 1267 1814
f 225 1243 1793
f 237 1250 1829
f 243 1286 1847
f 250 1304 1868
f 273 1334 1937
f 336 1549 2124
f 306 1471 2034
f 378 1597 2250
f 381 1352 2261
f 311 1477 2050
f 281 1399 1960
f 315 1406 2063
f 321 1490 2081
f 328 1502 2102
f 333 1531 2117
f 303 1412 2027
f 375 1442 2243
f 384 1592 2268
f 276 1381 1944
f 229 890 1804
f 223 884 1785
f 235 896 1821
f 241 902 1839
f 247 908 1858
f 271 938 1929
f 332 1046 2114
f 302 1220 2024
f 374 1196 2240
f 379 1112 2253
f 307 980 2038
f 278 974 1951
f 313 986 2055
f 319 992 2073
f 325 998 2092
f 331 1016 2109
f 301 968 2019
f 373 1088 2235
f 380 1142 2258
f 272 1154 1934
f 248 1214 1861
f 230 1034 1807
f 224 914 1790
f 236 1094 1826
f 242 1184 1844
f 254 1040 1880
f 356 1232 2186
f 397 1208 2308
f 385 1118 2272
f 259 926 1894
f 326 1160 2095
f 308 1010 2041
f 277 944 1948
f 314 1070 2060
f 320 1130 2078
f 338 1166 2132
f 284 1004 1970
f 289 956 1984
f 367 1082 2218
f 391 1148 2289
f 355 1058 2181
f 253 920 1875
f 260 1100 1897
f 386 1202 2275
f 398 1238 2311
f 350 1172 2167
f 343 1028 2146
f 295 962 2002
f 361 1076 2200
f 266 1124 1915
f 337 1022 2127
f 283 950 1965
f 290 1064 1987
f 368 1136 2221
f 392 1178 2294
f 349 1052 2164
f 344 1226 2149
f 296 1190 2005
f 362 1106 2203
f 265 932 1912
f 251 1321 1870
f 233 1273 1816
f 228 1261 1800
f 240 1297 1836
f 246 1315 1854
f 258 1339 1890
f 360 1562 2196
f 401 1460 2320
f 389 1586 2284
f 263 1345 1906
f 329 1519 2104
f 310 1418 2047
f 280 1393 1958
f 318 1495 2070
f 324 1513 2088
f 342 1555 2142
f 288 1423 1980
f 292 1429 1994
f 371 1568 2230
f 393 1370 2297
f 409 894 2329
f 405 887 2323
f 411 899 2326
f 414 905 2333
f 417 912 2336
f 431 941 2345
f 488 1050 2409
f 575 1224 2496
f 563 1200 2485
f 519 1115 2435
f 454 984 2374
f 450 977 2368
f 456 989 2371
f 459 995 2378
f 462 1002 2381
f 472 1019 2392
f 446 971 2360
f 506 1091 2416
f 535 1146 2456
f 541 1158 2460
f 570 1217 2488
f 480 1037 2398
f 421 918 2340
f 511 1098 2430
f 556 1188 2475
f 484 1044 2404
f 580 1236 2501
f 567 1212 2482
f 522 1122 2440
f 427 930 2347
f 544 1163 2464
f 468 1013 2384
f 436 948 2355
f 499 1074 2419
f 530 1134 2451
f 548 1170 2470
f 466 1008 2385
f 442 960 2362
f 505 1086 2423
f 536 1151 2446
f 491 1061 2401
f 423 923 2339
f 513 1103 2429
f 564 1205 2474
f 581 1241 2491
f 549 1175 2459
f 477 1032 2395
f 445 966 2365
f 503 1080 2424
f 525 1127 2443
f 474 1025 2390
f 438 953 2354
f 495 1067 2413
f 532 1139 2450
f 552 1182 2467
f 490 1056 2408
f 577 1229 2495
f 559 1193 2479
f 517 1109 2437
f 430 936 2350
f 590 1325 2511
f 584 1277 2505
f 585 1265 2507
f 592 1301 2513
f 595 1319 2516
f 598 1343 2519
f 636 1566 2556
f 621 1464 2540
f 642 1590 2561
f 601 1349 2521
f 623 1523 2544
f 611 1422 2529
f 609 1397 2530
f 625 1499 2546
f 628 1517 2549
f 632 1559 2553
f 613 1427 2534
f 616 1433 2536
f 638 1572 2557
f 606 1374 2525
f 407 892 1609
f 403 885 1605
f 404 897 1611
f 410 903 1614
f 413 910 1617
f 422 939 1631
f 486 1048 1688
f 573 1222 1775
f 561 1198 1763
f 512 1113 1719
f 452 982 1654
f 448 975 1650
f 449 987 1656
f 455 993 1659
f 458 1000 1662
f 470 1017 1672
f 437 969 1646
f 494 1089 1706
f 531 1144 1735
f 539 1156 1741
f 568 1215 1770
f 478 1035 1680
f 419 916 1621
f 509 1096 1711
f 554 1186 1756
f 482 1042 1684
f 576 1234 1780
f 558 1210 1767
f 516 1120 1722
f 425 928 1627
f 542 1161 1744
f 463 1011 1668
f 434 946 1636
f 497 1072 1699
f 528 1132 1730
f 546 1168 1748
f 464 1006 1666
f 440 958 1642
f 500 1084 1705
f 524 1149 1736
f 479 1059 1691
f 418 921 1623
f 508 1101 1713
f 553 1203 1764
f 569 1239 1781
f 538 1173 1749
f 471 1030 1677
f 443 964 1645
f 501 1078 1703
f 523 1125 1725
f 467 1023 1674
f 433 951 1638
f 493 1065 1695
f 527 1137 1732
f 543 1180 1752
f 485 1054 1690
f 572 1227 1777
f 557 1191 1759
f 515 1107 1717
f 428 934 1630
f 591 1326 2191
f 587 1278 1885
f 588 1266 1901
f 594 1302 2279
f 597 1320 2315
f 600 1344 2171
f 634 1565 2160
f 619 1463 2016
f 639 1589 2214
f 602 1350 1919
f 624 1524 2137
f 608 1421 1978
f 610 1398 1991
f 627 1500 2225
f 630 1518 2302
f 635 1560 2178
f 615 1428 2153
f 617 1434 2009
f 637 1571 2207
f 604 1373 1926
f 416 911 1857
f 408 893 1803
f 406 888 1786
f 412 900 1822
f 415 906 1840
f 424 924 1876
f 492 1062 2182
f 582 1242 2312
f 565 1206 2276
f 514 1104 1898
f 461 1001 2091
f 453 983 2037
f 451 978 1952
f 457 990 2056
f 460 996 2074
f 475 1026 2128
f 439 954 1966
f 496 1068 1988
f 533 1140 2222
f 551 1181 2293
f 579 1235 2185
f 483 1043 1879
f 426 929 1893
f 521 1121 2271
f 566 1211 2307
f 489 1055 2163
f 578 1230 2150
f 560 1194 2006
f 518 1110 2204
f 429 935 1911
f 547 1169 2131
f 465 1007 1969
f 441 959 1983
f 504 1085 2217
f 537 1152 2290
f 550 1176 2168
f 476 1031 2145
f 444 965 2001
f 502 1079 2199
f 526 1128 1916
f 481 1038 1808
f 420 917 1789
f 510 1097 1825
f 555 1187 1843
f 571 1218 1862
f 540 1157 1933
f 473 1020 2110
f 447 972 2020
f 507 1092 2236
f 534 1145 2257
f 469 1014 2042
f 435 947 1947
f 498 1073 2059
f 529 1133 2077
f 545 1164 2096
f 487 1049 2113
f 574 1223 2023
f 562 1199 2239
f 520 1116 2254
f 432 942 1930
f 589 1283 1818
f 583 1259 1798
f 586 1295 1834
f 593 1313 1852
f 596 1331 1872
f 599 1379 1942
f 633 1541 2120
f 620 1452 2030
f 640 1578 2248
f 603 1368 2263
f 622 1487 2052
f 607 1391 1955
f 612 1440 2065
f 626 1511 2086
f 629 1529 2106
f 631 1547 2122
f 614 1469 2032
f 618 1458 2245
f 641 1584 2266
f 605 1362 1940
f 409 1269 1813
f 405 1245 1792
f 411 1252 1828
f 414 1288 1846
f 417 1306 1867
f 431 1336 1936
f 488 1551 2123
f 575 1473 2033
f 563 1599 2249
f 519 1354 2260
f 454 1479 2049
f 450 1401 1959
f 456 1408 2062
f 459 1492 2080
f 462 1504 2101
f 472 1533 2116
f 446 1414 2026
f 506 1444 2242
f 535 1594 2267
f 541 1383 1943
f 570 1323 1869
f 480 1275 1815
f 421 1263 1799
f 511 1299 1835
f 556 1317 1853
f 484 1341 1889
f 580 1564 2195
f 567 1462 2319
f 522 1588 2283
f 427 1347 1905
f 544 1521 2103
f 468 1420 2046
f 436 1395 1957
f 499 1497 2069
f 530 1515 2087
f 548 1557 2141
f 466 1425 1979
f 442 1431 1993
f 505 1570 2229
f 536 1372 2296
f 491 1282 2188
f 423 1258 1882
f 513 1294 1902
f 564 1312 2280
f 581 1330 2316
f 549 1378 2172
f 477 1540 2157
f 445 1449 2011
f 503 1575 2209
f 525 1365 1923
f 474 1486 2134
f 438 1390 1972
f 495 1437 1995
f 532 1510 2226
f 552 1528 2303
f 490 1546 2175
f 577 1468 2154
f 559 1455 2013
f 517 1581 2211
f 430 1359 1921
f 590 1272 1865
f 584 1248 1811
f 585 1253 1796
f 592 1289 1832
f 595 1307 1850
f 598 1337 1888
f 636 1554 2194
f 621 1476 2322
f 642 1602 2286
f 601 1355 1908
f 623 1482 2099
f 611 1404 2045
f 609 1409 1962
f 625 1493 2068
f 628 1505 2084
f 632 1536 2140
f 613 1415 1976
f 616 1445 1998
f 638 1595 2232
f 606 1386 2299
f 407 909 2330
f 403 891 2324
f 404 886 2325
f 410 898 2332
f 413 904 2335
f 422 922 2344
f 486 1060 2410
f 573 1240 2497
f 561 1204 2486
f 512 1102 2434
f 452 999 2375
f 448 981 2369
f 449 976 2370
f 455 988 2377
f 458 994 2380
f 470 1024 2393
f 437 952 2359
f 494 1066 2415
f 531 1138 2455
f 539 1179 2461
f 568 1233 2489
f 478 1041 2399
f 419 927 2341
f 509 1119 2431
f 554 1209 2476
f 482 1053 2405
f 576 1228 2500
f 558 1192 2481
f 516 1108 2439
f 425 933 2348
f 542 1167 2465
f 463 1005 2383
f 434 957 2356
f 497 1083 2420
f 528 1150 2452
f 546 1174 2471
f 464 1029 2386
f 440 963 2363
f 500 1077 2422
f 524 1126 2445
f 479 1036 2400
f 418 915 2338
f 508 1095 2428
f 553 1185 2473
f 569 1216 2490
f 538 1155 2458
f 471 1018 2394
f 443 970 2366
f 501 1090 2425
f 523 1143 2444
f 467 1012 2389
f 433 945 2353
f 493 1071 2414
f 527 1131 2449
f 543 1162 2466
f 485 1047 2407
f 572 1221 2494
f 557 1197 2480
f 515 1114 2438
f 428 940 2351
f 591 1284 2510
f 587 1260 2504
f 588 1296 2508
f 594 1314 2514
f 597 1332 2517
f 600 1380 2520
f 634 1542 2554
f 619 1451 2539
f 639 1577 2560
f 602 1367 2523
f 624 1488 2543
f 608 1392 2527
f 610 1439 2532
f 627 1512 2547
f 630 1530 2550
f 635 1548 2552
f 615 1470 2535
f 617 1457 2538
f 637 1583 2558
f 604 1361 2524
f 167 1616 1607
f 164 1608 1603
f 163 1606 1604
f 165 1612 1610
f 166 1615 1613
f 169 1624 1622
f 192 1692 1686
f 222 1782 1773
f 216 1765 1761
f 199 1714 1712
f 182 1661 1652
f 179 1653 1648
f 178 1651 1649
f 180 1657 1655
f 181 1660 1658
f 186 1675 1670
f 174 1639 1637
f 193 1696 1694
f 205 1733 1731
f 212 1751 1739
f 221 1779 1768
f 189 1683 1678
f 170 1626 1619
f 202 1721 1709
f 217 1766 1754
f 191 1689 1682
f 220 1778 1776
f 214 1760 1758
f 200 1718 1716
f 171 1629 1625
f 210 1747 1742
f 183 1665 1663
f 175 1641 1634
f 196 1704 1697
f 207 1737 1728
f 211 1750 1746
f 187 1676 1664
f 176 1644 1640
f 195 1702 1700
f 203 1726 1724
f 188 1681 1679
f 168 1620 1618
f 198 1710 1708
f 213 1755 1753
f 218 1771 1769
f 208 1740 1738
f 185 1673 1671
f 177 1647 1643
f 197 1707 1701
f 206 1734 1723
f 184 1669 1667
f 173 1635 1633
f 194 1698 1693
f 204 1729 1727
f 209 1745 1743
f 190 1687 1685
f 219 1774 1772
f 215 1762 1757
f 201 1720 1715
f 172 1632 1628
f 357 2189 2187
f 255 1883 1881
f 262 1903 1899
f 388 2281 2277
f 400 2317 2313
f 352 2173 2169
f 347 2158 2156
f 298 2012 2010
f 364 2210 2208
f 269 1924 1917
f 339 2135 2133
f 285 1973 1971
f 293 1996 1989
f 370 2227 2223
f 396 2304 2300
f 353 2176 2174
f 346 2155 2151
f 299 2014 2007
f 365 2212 2205
f 268 1922 1920
f 249 1864 1855
f 231 1810 1801
f 226 1795 1784
f 238 1831 1820
f 244 1849 1838
f 257 1887 1874
f 359 2193 2180
f 402 2321 2310
f 390 2285 2274
f 264 1907 1896
f 327 2098 2089
f 309 2044 2035
f 282 1961 1950
f 317 2067 2054
f 322 2083 2072
f 341 2139 2126
f 286 1975 1964
f 294 1997 1986
f 372 2231 2220
f 394 2298 2291
f 358 2190 2183
f 256 1884 1877
f 261 1900 1891
f 387 2278 2269
f 399 2314 2305
f 351 2170 2161
f 348 2159 2148
f 300 2015 2004
f 366 2213 2202
f 267 1918 1909
f 340 2136 2129
f 287 1977 1967
f 291 1990 1981
f 369 2224 2215
f 395 2301 2288
f 354 2177 2166
f 345 2152 2143
f 297 2008 1999
f 363 2206 2197
f 270 1925 1914
f 234 1817 1806
f 227 1797 1787
f 239 1833 1823
f 245 1851 1841
f 252 1871 1860
f 275 1941 1931
f 334 2119 2108
f 304 2029 2018
f 377 2247 2234
f 382 2262 2255
f 312 2051 2040
f 279 1954 1945
f 316 2064 2057
f 323 2085 2075
f 330 2105 2094
f 335 2121 2111
f 305 2031 2021
f 376 2244 2237
f 383 2265 2252
f 274 1939 1928
f 232 1814 1812
f 225 1793 1791
f 237 1829 1827
f 243 1847 1845
f 250 1868 1866
f 273 1937 1935
f 336 2124 2118
f 306 2034 2028
f 378 2250 2246
f 381 2261 2259
f 311 2050 2048
f 281 1960 1953
f 315 2063 2061
f 321 2081 2079
f 328 2102 2100
f 333 2117 2115
f 303 2027 2025
f 375 2243 2241
f 384 2268 2264
f 276 1944 1938
f 229 1804 1802
f 223 1785 1783
f 235 1821 1819
f 241 1839 1837
f 247 1858 1856
f 271 1929 1927
f 332 2114 2112
f 302 2024 2022
f 374 2240 2238
f 379 2253 2251
f 307 2038 2036
f 278 1951 1949
f 313 2055 2053
f 319 2073 2071
f 325 2092 2090
f 331 2109 2107
f 301 2019 2017
f 373 2235 2233
f 380 2258 2256
f 272 1934 1932
f 248 1861 1859
f 230 1807 1805
f 224 1790 1788
f 236 1826 1824
f 242 1844 1842
f 254 1880 1878
f 356 2186 2184
f 397 2308 2306
f 385 2272 2270
f 259 1894 1892
f 326 2095 2093
f 308 2041 2039
f 277 1948 1946
f 314 2060 2058
f 320 2078 2076
f 338 2132 2130
f 284 1970 1968
f 289 1984 1982
f 367 2218 2216
f 391 2289 2287
f 355 2181 2179
f 253 1875 1873
f 260 1897 1895
f 386 2275 2273
f 398 2311 2309
f 350 2167 2165
f 343 2146 2144
f 295 2002 2000
f 361 2200 2198
f 266 1915 1913
f 337 2127 2125
f 283 1965 1963
f 290 1987 1985
f 368 2221 2219
f 392 2294 2292
f 349 2164 2162
f 344 2149 2147
f 296 2005 2003
f 362 2203 2201
f 265 1912 1910
f 251 1870 1863
f 233 1816 1809
f 228 1800 1794
f 240 1836 1830
f 246 1854 1848
f 258 1890 1886
f 360 2196 2192
f 401 2320 2318
f 389 2284 2282
f 263 1906 1904
f 329 2104 2097
f 310 2047 2043
f 280 1958 1956
f 318 2070 2066
f 324 2088 2082
f 342 2142 2138
f 288 1980 1974
f 292 1994 1992
f 371 2230 2228
f 393 2297 2295
f 409 2329 2331
f 405 2323 2327
f 411 2326 2328
f 414 2333 2334
f 417 2336 2337
f 431 2345 2346
f 488 2409 2412
f 575 2496 2499
f 563 2485 2487
f 519 2435 2436
f 454 2374 2376
f 450 2368 2372
f 456 2371 2373
f 459 2378 2379
f 462 2381 2382
f 472 2392 2396
f 446 2360 2361
f 506 2416 2418
f 535 2456 2457
f 541 2460 2463
f 570 2488 2492
f 480 2398 2402
f 421 2340 2343
f 511 2430 2433
f 556 2475 2478
f 484 2404 2406
f 580 2501 2502
f 567 2482 2484
f 522 2440 2442
f 427 2347 2349
f 544 2464 2468
f 468 2384 2387
f 436 2355 2358
f 499 2419 2421
f 530 2451 2454
f 548 2470 2472
f 466 2385 2388
f 442 2362 2364
f 505 2423 2426
f 536 2446 2448
f 491 2401 2403
f 423 2339 2342
f 513 2429 2432
f 564 2474 2477
f 581 2491 2493
f 549 2459 2462
f 477 2395 2397
f 445 2365 2367
f 503 2424 2427
f 525 2443 2447
f 474 2390 2391
f 438 2354 2357
f 495 2413 2417
f 532 2450 2453
f 552 2467 2469
f 490 2408 2411
f 577 2495 2498
f 559 2479 2483
f 517 2437 2441
f 430 2350 2352
f 590 2511 2509
f 584 2505 2503
f 585 2507 2506
f 592 2513 2512
f 595 2516 2515
f 598 2519 2518
f 636 2556 2555
f 621 2540 2541
f 642 2561 2562
f 601 2521 2522
f 623 2544 2542
f 611 2529 2528
f 609 2530 2531
f 625 2546 2545
f 628 2549 2548
f 632 2553 2551
f 613 2534 2533
f 616 2536 2537
f 638 2557 2559
f 606 2525 2526
f 1607 644 647
f 1603 643 644
f 1604 645 643
f 1610 646 645
f 1613 647 646
f 1622 652 649
f 1686 670 672
f 1773 699 702
f 1761 695 696
f 1712 681 679
f 1652 659 662
f 1648 658 659
f 1649 660 658
f 1655 661 660
f 1658 662 661
f 1670 665 666
f 1637 657 654
f 1694 677 673
f 1731 686 685
f 1739 688 692
f 1768 698 701
f 1678 668 669
f 1619 648 650
f 1709 678 682
f 1754 693 697
f 1682 669 671
f 1776 701 700
f 1758 697 694
f 1716 682 680
f 1625 650 651
f 1742 689 690
f 1663 664 663
f 1634 653 655
f 1697 674 676
f 1728 684 687
f 1746 690 691
f 1664 663 667
f 1640 655 656
f 1700 676 675
f 1724 687 683
f 1679 672 668
f 1618 649 648
f 1708 679 678
f 1753 696 693
f 1769 702 698
f 1738 691 688
f 1671 667 665
f 1643 656 657
f 1701 675 677
f 1723 683 686
f 1667 666 664
f 1633 654 653
f 1693 673 674
f 1727 685 684
f 1743 692 689
f 1685 671 670
f 1772 700 699
f 1757 694 695
f 1715 680 681
f 1628 651 652
f 2187 838 837
f 1881 736 735
f 1899 741 742
f 2277 867 868
f 2313 879 880
f 2169 831 832
f 2156 828 827
f 2010 780 778
f 2208 846 844
f 1917 747 749
f 2133 820 819
f 1971 767 765
f 1989 771 773
f 2223 849 850
f 2300 875 876
f 2174 834 833
f 2151 825 826
f 2007 777 779
f 2205 843 845
f 1920 750 748
f 1855 727 729
f 1801 709 711
f 1784 703 706
f 1820 715 718
f 1838 721 724
f 1874 733 737
f 2180 835 839
f 2310 878 882
f 2274 866 870
f 1896 740 744
f 2089 805 807
f 2035 787 789
f 1950 758 762
f 2054 793 797
f 2072 799 802
f 2126 817 821
f 1964 763 766
f 1986 770 774
f 2220 848 852
f 2291 872 874
f 2183 836 838
f 1877 734 736
f 1891 739 741
f 2269 865 867
f 2305 877 879
f 2161 829 831
f 2148 824 828
f 2004 776 780
f 2202 842 846
f 1909 745 747
f 2129 818 820
f 1967 764 767
f 1981 769 771
f 2215 847 849
f 2288 871 875
f 2166 830 834
f 2143 823 825
f 1999 775 777
f 2197 841 843
f 1914 746 750
f 1806 710 714
f 1787 704 707
f 1823 716 719
f 1841 722 725
f 1860 728 732
f 1931 752 755
f 2108 811 814
f 2018 781 784
f 2234 853 857
f 2255 860 862
f 2040 788 792
f 1945 757 759
f 2057 794 796
f 2075 800 803
f 2094 806 810
f 2111 812 815
f 2021 782 785
f 2237 854 856
f 2252 859 863
f 1928 751 754
f 1812 714 712
f 1791 707 705
f 1827 719 717
f 1845 725 723
f 1866 732 730
f 1935 755 753
f 2118 814 816
f 2028 784 786
f 2246 857 858
f 2259 862 861
f 2048 792 791
f 1953 759 761
f 2061 796 795
f 2079 803 801
f 2100 810 808
f 2115 815 813
f 2025 785 783
f 2241 856 855
f 2264 863 864
f 1938 754 756
f 1802 712 709
f 1783 705 703
f 1819 717 715
f 1837 723 721
f 1856 730 727
f 1927 753 751
f 2112 816 812
f 2022 786 782
f 2238 858 854
f 2251 861 859
f 2036 791 787
f 1949 761 758
f 2053 795 793
f 2071 801 799
f 2090 808 805
f 2107 813 811
f 2017 783 781
f 2233 855 853
f 2256 864 860
f 1932 756 752
f 1859 731 728
f 1805 713 710
f 1788 708 704
f 1824 720 716
f 1842 726 722
f 1878 738 734
f 2184 840 836
f 2306 881 877
f 2270 869 865
f 1892 743 739
f 2093 809 806
f 2039 790 788
f 1946 760 757
f 2058 798 794
f 2076 804 800
f 2130 822 818
f 1968 768 764
f 1982 772 769
f 2216 851 847
f 2287 873 871
f 2179 837 835
f 1873 735 733
f 1895 742 740
f 2273 868 866
f 2309 880 878
f 2165 832 830
f 2144 827 823
f 2000 778 775
f 2198 844 841
f 1913 749 746
f 2125 819 817
f 1963 765 763
f 1985 773 770
f 2219 850 848
f 2292 876 872
f 2162 833 829
f 2147 826 824
f 2003 779 776
f 2201 845 842
f 1910 748 745
f 1863 729 731
f 1809 711 713
f 1794 706 708
f 1830 718 720
f 1848 724 726
f 1886 737 738
f 2192 839 840
f 2318 882 881
f 2282 870 869
f 1904 744 743
f 2097 807 809
f 2043 789 790
f 1956 762 760
f 2066 797 798
f 2082 802 804
f 2138 821 822
f 1974 766 768
f 1992 774 772
f 2228 852 851
f 2295 874 873
f 2331 1270 1269
f 2327 1246 1245
f 2328 1251 1252
f 2334 1287 1288
f 2337 1305 1306
f 2346 1335 1336
f 2412 1552 1551
f 2499 1474 1473
f 2487 1600 1599
f 2436 1353 1354
f 2376 1480 1479
f 2372 1402 1401
f 2373 1407 1408
f 2379 1491 1492
f 2382 1503 1504
f 2396 1534 1533
f 2361 1413 1414
f 2418 1443 1444
f 2457 1593 1594
f 2463 1384 1383
f 2492 1324 1323
f 2402 1276 1275
f 2343 1264 1263
f 2433 1300 1299
f 2478 1318 1317
f 2406 1342 1341
f 2502 1563 1564
f 2484 1461 1462
f 2442 1587 1588
f 2349 1348 1347
f 2468 1522 1521
f 2387 1419 1420
f 2358 1396 1395
f 2421 1498 1497
f 2454 1516 1515
f 2472 1558 1557
f 2388 1426 1425
f 2364 1432 1431
f 2426 1569 1570
f 2448 1371 1372
f 2403 1281 1282
f 2342 1257 1258
f 2432 1293 1294
f 2477 1311 1312
f 2493 1329 1330
f 2462 1377 1378
f 2397 1539 1540
f 2367 1450 1449
f 2427 1576 1575
f 2447 1366 1365
f 2391 1485 1486
f 2357 1389 1390
f 2417 1438 1437
f 2453 1509 1510
f 2469 1527 1528
f 2411 1545 1546
f 2498 1467 1468
f 2483 1456 1455
f 2441 1582 1581
f 2352 1360 1359
f 2509 1271 1272
f 2503 1247 1248
f 2506 1254 1253
f 2512 1290 1289
f 2515 1308 1307
f 2518 1338 1337
f 2555 1553 1554
f 2541 1475 1476
f 2562 1601 1602
f 2522 1356 1355
f 2542 1481 1482
f 2528 1403 1404
f 2531 1410 1409
f 2545 1494 1493
f 2548 1506 1505
f 2551 1535 1536
f 2533 1416 1415
f 2537 1446 1445
f 2559 1596 1595
f 2526 1385 1386
f 1616 907 909
f 1608 889 891
f 1606 883 886
f 1612 895 898
f 1615 901 904
f 1624 919 922
f 1692 1057 1060
f 1782 1237 1240
f 1765 1201 1204
f 1714 1099 1102
f 1661 997 999
f 1653 979 981
f 1651 973 976
f 1657 985 988
f 1660 991 994
f 1675 1021 1024
f 1639 949 952
f 1696 1063 1066
f 1733 1135 1138
f 1751 1177 1179
f 1779 1231 1233
f 1683 1039 1041
f 1626 925 927
f 1721 1117 1119
f 1766 1207 1209
f 1689 1051 1053
f 1778 1225 1228
f 1760 1189 1192
f 1718 1105 1108
f 1629 931 933
f 1747 1165 1167
f 1665 1003 1005
f 1641 955 957
f 1704 1081 1083
f 1737 1147 1150
f 1750 1171 1174
f 1676 1027 1029
f 1644 961 963
f 1702 1075 1077
f 1726 1123 1126
f 1681 1033 1036
f 1620 913 915
f 1710 1093 1095
f 1755 1183 1185
f 1771 1213 1216
f 1740 1153 1155
f 1673 1015 1018
f 1647 967 970
f 1707 1087 1090
f 1734 1141 1143
f 1669 1009 1012
f 1635 943 945
f 1698 1069 1071
f 1729 1129 1131
f 1745 1159 1162
f 1687 1045 1047
f 1774 1219 1221
f 1762 1195 1197
f 1720 1111 1114
f 1632 937 940
f 2189 1280 1284
f 1883 1256 1260
f 1903 1292 1296
f 2281 1310 1314
f 2317 1328 1332
f 2173 1376 1380
f 2158 1538 1542
f 2012 1447 1451
f 2210 1573 1577
f 1924 1363 1367
f 2135 1484 1488
f 1973 1388 1392
f 1996 1435 1439
f 2227 1508 1512
f 2304 1526 1530
f 2176 1544 1548
f 2155 1466 1470
f 2014 1453 1457
f 2212 1579 1583
f 1922 1357 1361
f 1864 1268 1270
f 1810 1244 1246
f 1795 1249 1251
f 1831 1285 1287
f 1849 1303 1305
f 1887 1333 1335
f 2193 1550 1552
f 2321 1472 1474
f 2285 1598 1600
f 1907 1351 1353
f 2098 1478 1480
f 2044 1400 1402
f 1961 1405 1407
f 2067 1489 1491
f 2083 1501 1503
f 2139 1532 1534
f 1975 1411 1413
f 1997 1441 1443
f 2231 1591 1593
f 2298 1382 1384
f 2190 1322 1324
f 1884 1274 1276
f 1900 1262 1264
f 2278 1298 1300
f 2314 1316 1318
f 2170 1340 1342
f 2159 1561 1563
f 2015 1459 1461
f 2213 1585 1587
f 1918 1346 1348
f 2136 1520 1522
f 1977 1417 1419
f 1990 1394 1396
f 2224 1496 1498
f 2301 1514 1516
f 2177 1556 1558
f 2152 1424 1426
f 2008 1430 1432
f 2206 1567 1569
f 1925 1369 1371
f 1817 1279 1281
f 1797 1255 1257
f 1833 1291 1293
f 1851 1309 1311
f 1871 1327 1329
f 1941 1375 1377
f 2119 1537 1539
f 2029 1448 1450
f 2247 1574 1576
f 2262 1364 1366
f 2051 1483 1485
f 1954 1387 1389
f 2064 1436 1438
f 2085 1507 1509
f 2105 1525 1527
f 2121 1543 1545
f 2031 1465 1467
f 2244 1454 1456
f 2265 1580 1582
f 1939 1358 1360
f 1814 1267 1271
f 1793 1243 1247
f 1829 1250 1254
f 1847 1286 1290
f 1868 1304 1308
f 1937 1334 1338
f 2124 1549 1553
f 2034 1471 1475
f 2250 1597 1601
f 2261 1352 1356
f 2050 1477 1481
f 1960 1399 1403
f 2063 1406 1410
f 2081 1490 1494
f 2102 1502 1506
f 2117 1531 1535
f 2027 1412 1416
f 2243 1442 1446
f 2268 1592 1596
f 1944 1381 1385
f 1804 890 894
f 1785 884 887
f 1821 896 899
f 1839 902 905
f 1858 908 912
f 1929 938 941
f 2114 1046 1050
f 2024 1220 1224
f 2240 1196 1200
f 2253 1112 1115
f 2038 980 984
f 1951 974 977
f 2055 986 989
f 2073 992 995
f 2092 998 1002
f 2109 1016 1019
f 2019 968 971
f 2235 1088 1091
f 2258 1142 1146
f 1934 1154 1158
f 1861 1214 1217
f 1807 1034 1037
f 1790 914 918
f 1826 1094 1098
f 1844 1184 1188
f 1880 1040 1044
f 2186 1232 1236
f 2308 1208 1212
f 2272 1118 1122
f 1894 926 930
f 2095 1160 1163
f 2041 1010 1013
f 1948 944 948
f 2060 1070 1074
f 2078 1130 1134
f 2132 1166 1170
f 1970 1004 1008
f 1984 956 960
f 2218 1082 1086
f 2289 1148 1151
f 2181 1058 1061
f 1875 920 923
f 1897 1100 1103
f 2275 1202 1205
f 2311 1238 1241
f 2167 1172 1175
f 2146 1028 1032
f 2002 962 966
f 2200 1076 1080
f 1915 1124 1127
f 2127 1022 1025
f 1965 950 953
f 1987 1064 1067
f 2221 1136 1139
f 2294 1178 1182
f 2164 1052 1056
f 2149 1226 1229
f 2005 1190 1193
f 2203 1106 1109
f 1912 932 936
f 1870 1321 1325
f 1816 1273 1277
f 1800 1261 1265
f 1836 1297 1301
f 1854 1315 1319
f 1890 1339 1343
f 2196 1562 1566
f 2320 1460 1464
f 2284 1586 1590
f 1906 1345 1349
f 2104 1519 1523
f 2047 1418 1422
f 1958 1393 1397
f 2070 1495 1499
f 2088 1513 1517
f 2142 1555 1559
f 1980 1423 1427
f 1994 1429 1433
f 2230 1568 1572
f 2297 1370 1374
f 2329 894 892
f 2323 887 885
f 2326 899 897
f 2333 905 903
f 2336 912 910
f 2345 941 939
f 2409 1050 1048
f 2496 1224 1222
f 2485 1200 1198
f 2435 1115 1113
f 2374 984 982
f 2368 977 975
f 2371 989 987
f 2378 995 993
f 2381 1002 1000
f 2392 1019 1017
f 2360 971 969
f 2416 1091 1089
f 2456 1146 1144
f 2460 1158 1156
f 2488 1217 1215
f 2398 1037 1035
f 2340 918 916
f 2430 1098 1096
f 2475 1188 1186
f 2404 1044 1042
f 2501 1236 1234
f 2482 1212 1210
f 2440 1122 1120
f 2347 930 928
f 2464 1163 1161
f 2384 1013 1011
f 2355 948 946
f 2419 1074 1072
f 2451 1134 1132
f 2470 1170 1168
f 2385 1008 1006
f 2362 960 958
f 2423 1086 1084
f 2446 1151 1149
f 2401 1061 1059
f 2339 923 921
f 2429 1103 1101
f 2474 1205 1203
f 2491 1241 1239
f 2459 1175 1173
f 2395 1032 1030
f 2365 966 964
f 2424 1080 1078
f 2443 1127 1125
f 2390 1025 1023
f 2354 953 951
f 2413 1067 1065
f 2450 1139 1137
f 2467 1182 1180
f 2408 1056 1054
f 2495 1229 1227
f 2479 1193 1191
f 2437 1109 1107
f 2350 936 934
f 2511 1325 1326
f 2505 1277 1278
f 2507 1265 1266
f 2513 1301 1302
f 2516 1319 1320
f 2519 1343 1344
f 2556 1566 1565
f 2540 1464 1463
f 2561 1590 1589
f 2521 1349 1350
f 2544 1523 1524
f 2529 1422 1421
f 2530 1397 1398
f 2546 1499 1500
f 2549 1517 1518
f 2553 1559 1560
f 2534 1427 1428
f 2536 1433 1434
f 2557 1572 1571
f 2525 1374 1373
f 1609 892 889
f 1605 885 883
f 1611 897 895
f 1614 903 901
f 1617 910 907
f 1631 939 937
f 1688 1048 1045
f 1775 1222 1219
f 1763 1198 1195
f 1719 1113 1111
f 1654 982 979
f 1650 975 973
f 1656 987 985
f 1659 993 991
f 1662 1000 997
f 1672 1017 1015
f 1646 969 967
f 1706 1089 1087
f 1735 1144 1141
f 1741 1156 1153
f 1770 1215 1213
f 1680 1035 1033
f 1621 916 913
f 1711 1096 1093
f 1756 1186 1183
f 1684 1042 1039
f 1780 1234 1231
f 1767 1210 1207
f 1722 1120 1117
f 1627 928 925
f 1744 1161 1159
f 1668 1011 1009
f 1636 946 943
f 1699 1072 1069
f 1730 1132 1129
f 1748 1168 1165
f 1666 1006 1003
f 1642 958 955
f 1705 1084 1081
f 1736 1149 1147
f 1691 1059 1057
f 1623 921 919
f 1713 1101 1099
f 1764 1203 1201
f 1781 1239 1237
f 1749 1173 1171
f 1677 1030 1027
f 1645 964 961
f 1703 1078 1075
f 1725 1125 1123
f 1674 1023 1021
f 1638 951 949
f 1695 1065 1063
f 1732 1137 1135
f 1752 1180 1177
f 1690 1054 1051
f 1777 1227 1225
f 1759 1191 1189
f 1717 1107 1105
f 1630 934 931
f 2191 1326 1322
f 1885 1278 1274
f 1901 1266 1262
f 2279 1302 1298
f 2315 1320 1316
f 2171 1344 1340
f 2160 1565 1561
f 2016 1463 1459
f 2214 1589 1585
f 1919 1350 1346
f 2137 1524 1520
f 1978 1421 1417
f 1991 1398 1394
f 2225 1500 1496
f 2302 1518 1514
f 2178 1560 1556
f 2153 1428 1424
f 2009 1434 1430
f 2207 1571 1567
f 1926 1373 1369
f 1857 911 908
f 1803 893 890
f 1786 888 884
f 1822 900 896
f 1840 906 902
f 1876 924 920
f 2182 1062 1058
f 2312 1242 1238
f 2276 1206 1202
f 1898 1104 1100
f 2091 1001 998
f 2037 983 980
f 1952 978 974
f 2056 990 986
f 2074 996 992
f 2128 1026 1022
f 1966 954 950
f 1988 1068 1064
f 2222 1140 1136
f 2293 1181 1178
f 2185 1235 1232
f 1879 1043 1040
f 1893 929 926
f 2271 1121 1118
f 2307 1211 1208
f 2163 1055 1052
f 2150 1230 1226
f 2006 1194 1190
f 2204 1110 1106
f 1911 935 932
f 2131 1169 1166
f 1969 1007 1004
f 1983 959 956
f 2217 1085 1082
f 2290 1152 1148
f 2168 1176 1172
f 2145 1031 1028
f 2001 965 962
f 2199 1079 1076
f 1916 1128 1124
f 1808 1038 1034
f 1789 917 914
f 1825 1097 1094
f 1843 1187 1184
f 1862 1218 1214
f 1933 1157 1154
f 2110 1020 1016
f 2020 972 968
f 2236 1092 1088
f 2257 1145 1142
f 2042 1014 1010
f 1947 947 944
f 2059 1073 1070
f 2077 1133 1130
f 2096 1164 1160
f 2113 1049 1046
f 2023 1223 1220
f 2239 1199 1196
f 2254 1116 1112
f 1930 942 938
f 1818 1283 1279
f 1798 1259 1255
f 1834 1295 1291
f 1852 1313 1309
f 1872 1331 1327
f 1942 1379 1375
f 2120 1541 1537
f 2030 1452 1448
f 2248 1578 1574
f 2263 1368 1364
f 2052 1487 1483
f 1955 1391 1387
f 2065 1440 1436
f 2086 1511 1507
f 2106 1529 1525
f 2122 1547 1543
f 2032 1469 1465
f 2245 1458 1454
f 2266 1584 1580
f 1940 1362 1358
f 1813 1269 1267
f 1792 1245 1243
f 1828 1252 1250
f 1846 1288 1286
f 1867 1306 1304
f 1936 1336 1334
f 2123 1551 1549
f 2033 1473 1471
f 2249 1599 1597
f 2260 1354 1352
f 2049 1479 1477
f 1959 1401 1399
f 2062 1408 1406
f 2080 1492 1490
f 2101 1504 1502
f 2116 1533 1531
f 2026 1414 1412
f 2242 1444 1442
f 2267 1594 1592
f 1943 1383 1381
f 1869 1323 1321
f 1815 1275 1273
f 1799 1263 1261
f 1835 1299 1297
f 1853 1317 1315
f 1889 1341 1339
f 2195 1564 1562
f 2319 1462 1460
f 2283 1588 1586
f 1905 1347 1345
f 2103 1521 1519
f 2046 1420 1418
f 1957 1395 1393
f 2069 1497 1495
f 2087 1515 1513
f 2141 1557 1555
f 1979 1425 1423
f 1993 1431 1429
f 2229 1570 1568
f 2296 1372 1370
f 2188 1282 1280
f 1882 1258 1256
f 1902 1294 1292
f 2280 1312 1310
f 2316 1330 1328
f 2172 1378 1376
f 2157 1540 1538
f 2011 1449 1447
f 2209 1575 1573
f 1923 1365 1363
f 2134 1486 1484
f 1972 1390 1388
f 1995 1437 1435
f 2226 1510 1508
f 2303 1528 1526
f 2175 1546 1544
f 2154 1468 1466
f 2013 1455 1453
f 2211 1581 1579
f 1921 1359 1357
f 1865 1272 1268
f 1811 1248 1244
f 1796 1253 1249
f 1832 1289 1285
f 1850 1307 1303
f 1888 1337 1333
f 2194 1554 1550
f 2322 1476 1472
f 2286 1602 1598
f 1908 1355 1351
f 2099 1482 1478
f 2045 1404 1400
f 1962 1409 1405
f 2068 1493 1489
f 2084 1505 1501
f 2140 1536 1532
f 1976 1415 1411
f 1998 1445 1441
f 2232 1595 1591
f 2299 1386 1382
f 2330 909 911
f 2324 891 893
f 2325 886 888
f 2332 898 900
f 2335 904 906
f 2344 922 924
f 2410 1060 1062
f 2497 1240 1242
f 2486 1204 1206
f 2434 1102 1104
f 2375 999 1001
f 2369 981 983
f 2370 976 978
f 2377 988 990
f 2380 994 996
f 2393 1024 1026
f 2359 952 954
f 2415 1066 1068
f 2455 1138 1140
f 2461 1179 1181
f 2489 1233 1235
f 2399 1041 1043
f 2341 927 929
f 2431 1119 1121
f 2476 1209 1211
f 2405 1053 1055
f 2500 1228 1230
f 2481 1192 1194
f 2439 1108 1110
f 2348 933 935
f 2465 1167 1169
f 2383 1005 1007
f 2356 957 959
f 2420 1083 1085
f 2452 1150 1152
f 2471 1174 1176
f 2386 1029 1031
f 2363 963 965
f 2422 1077 1079
f 2445 1126 1128
f 2400 1036 1038
f 2338 915 917
f 2428 1095 1097
f 2473 1185 1187
f 2490 1216 1218
f 2458 1155 1157
f 2394 1018 1020
f 2366 970 972
f 2425 1090 1092
f 2444 1143 1145
f 2389 1012 1014
f 2353 945 947
f 2414 1071 1073
f 2449 1131 1133
f 2466 1162 1164
f 2407 1047 1049
f 2494 1221 1223
f 2480 1197 1199
f 2438 1114 1116
f 2351 940 942
f 2510 1284 1283
f 2504 1260 1259
f 2508 1296 1295
f 2514 1314 1313
f 2517 1332 1331
f 2520 1380 1379
f 2554 1542 1541
f 2539 1451 1452
f 2560 1577 1578
f 2523 1367 1368
f 2543 1488 1487
f 2527 1392 1391
f 2532 1439 1440
f 2547 1512 1511
f 2550 1530 1529
f 2552 1548 1547
f 2535 1470 1469
f 2538 1457 1458
f 2558 1583 1584
f 2524 1361 1362
f 1607 1616 1609
f 1603 1608 1605
f 1604 1606 1611
f 1610 1612 1614
f 1613 1615 1617
f 1622 1624 1631
f 1686 1692 1688
f 1773 1782 1775
f 1761 1765 1763
f 1712 1714 1719
f 1652 1661 1654
f 1648 1653 1650
f 1649 1651 1656
f 1655 1657 1659
f 1658 1660 1662
f 1670 1675 1672
f 1637 1639 1646
f 1694 1696 1706
f 1731 1733 1735
f 1739 1751 1741
f 1768 1779 1770
f 1678 1683 1680
f 1619 1626 1621
f 1709 1721 1711
f 1754 1766 1756
f 1682 1689 1684
f 1776 1778 1780
f 1758 1760 1767
f 1716 1718 1722
f 1625 1629 1627
f 1742 1747 1744
f 1663 1665 1668
f 1634 1641 1636
f 1697 1704 1699
f 1728 1737 1730
f 1746 1750 1748
f 1664 1676 1666
f 1640 1644 1642
f 1700 1702 1705
f 1724 1726 1736
f 1679 1681 1691
f 1618 1620 1623
f 1708 1710 1713
f 1753 1755 1764
f 1769 1771 1781
f 1738 1740 1749
f 1671 1673 1677
f 1643 1647 1645
f 1701 1707 1703
f 1723 1734 1725
f 1667 1669 1674
f 1633 1635 1638
f 1693 1698 1695
f 1727 1729 1732
f 1743 1745 1752
f 1685 1687 1690
f 1772 1774 1777
f 1757 1762 1759
f 1715 1720 1717
f 1628 1632 1630
f 2187 2189 2191
f 1881 1883 1885
f 1899 1903 1901
f 2277 2281 2279
f 2313 2317 2315
f 2169 2173 2171
f 2156 2158 2160
f 2010 2012 2016
f 2208 2210 2214
f 1917 1924 1919
f 2133 2135 2137
f 1971 1973 1978
f 1989 1996 1991
f 2223 2227 2225
f 2300 2304 2302
f 2174 2176 2178
f 2151 2155 2153
f 2007 2014 2009
f 2205 2212 2207
f 1920 1922 1926
f 1855 1864 1857
f 1801 1810 1803
f 1784 1795 1786
f 1820 1831 1822
f 1838 1849 1840
f 1874 1887 1876
f 2180 2193 2182
f 2310 2321 2312
f 2274 2285 2276
f 1896 1907 1898
f 2089 2098 2091
f 2035 2044 2037
f 1950 1961 1952
f 2054 2067 2056
f 2072 2083 2074
f 2126 2139 2128
f 1964 1975 1966
f 1986 1997 1988
f 2220 2231 2222
f 2291 2298 2293
f 2183 2190 2185
f 1877 1884 1879
f 1891 1900 1893
f 2269 2278 2271
f 2305 2314 2307
f 2161 2170 2163
f 2148 2159 2150
f 2004 2015 2006
f 2202 2213 2204
f 1909 1918 1911
f 2129 2136 2131
f 1967 1977 1969
f 1981 1990 1983
f 2215 2224 2217
f 2288 2301 2290
f 2166 2177 2168
f 2143 2152 2145
f 1999 2008 2001
f 2197 2206 2199
f 1914 1925 1916
f 1806 1817 1808
f 1787 1797 1789
f 1823 1833 1825
f 1841 1851 1843
f 1860 1871 1862
f 1931 1941 1933
f 2108 2119 2110
f 2018 2029 2020
f 2234 2247 2236
f 2255 2262 2257
f 2040 2051 2042
f 1945 1954 1947
f 2057 2064 2059
f 2075 2085 2077
f 2094 2105 2096
f 2111 2121 2113
f 2021 2031 2023
f 2237 2244 2239
f 2252 2265 2254
f 1928 1939 1930
f 1812 1814 1818
f 1791 1793 1798
f 1827 1829 1834
f 1845 1847 1852
f 1866 1868 1872
f 1935 1937 1942
f 2118 2124 2120
f 2028 2034 2030
f 2246 2250 2248
f 2259 2261 2263
f 2048 2050 2052
f 1953 1960 1955
f 2061 2063 2065
f 2079 2081 2086
f 2100 2102 2106
f 2115 2117 2122
f 2025 2027 2032
f 2241 2243 2245
f 2264 2268 2266
f 1938 1944 1940
f 1802 1804 1813
f 1783 1785 1792
f 1819 1821 1828
f 1837 1839 1846
f 1856 1858 1867
f 1927 1929 1936
f 2112 2114 2123
f 2022 2024 2033
f 2238 2240 2249
f 2251 2253 2260
f 2036 2038 2049
f 1949 1951 1959
f 2053 2055 2062
f 2071 2073 2080
f 2090 2092 2101
f 2107 2109 2116
f 2017 2019 2026
f 2233 2235 2242
f 2256 2258 2267
f 1932 1934 1943
f 1859 1861 1869
f 1805 1807 1815
f 1788 1790 1799
f 1824 1826 1835
f 1842 1844 1853
f 1878 1880 1889
f 2184 2186 2195
f 2306 2308 2319
f 2270 2272 2283
f 1892 1894 1905
f 2093 2095 2103
f 2039 2041 2046
f 1946 1948 1957
f 2058 2060 2069
f 2076 2078 2087
f 2130 2132 2141
f 1968 1970 1979
f 1982 1984 1993
f 2216 2218 2229
f 2287 2289 2296
f 2179 2181 2188
f 1873 1875 1882
f 1895 1897 1902
f 2273 2275 2280
f 2309 2311 2316
f 2165 2167 2172
f 2144 2146 2157
f 2000 2002 2011
f 2198 2200 2209
f 1913 1915 1923
f 2125 2127 2134
f 1963 1965 1972
f 1985 1987 1995
f 2219 2221 2226
f 2292 2294 2303
f 2162 2164 2175
f 2147 2149 2154
f 2003 2005 2013
f 2201 2203 2211
f 1910 1912 1921
f 1863 1870 1865
f 1809 1816 1811
f 1794 1800 1796
f 1830 1836 1832
f 1848 1854 1850
f 1886 1890 1888
f 2192 2196 2194
f 2318 2320 2322
f 2282 2284 2286
f 1904 1906 1908
f 2097 2104 2099
f 2043 2047 2045
f 1956 1958 1962
f 2066 2070 2068
f 2082 2088 2084
f 2138 2142 2140
f 1974 1980 1976
f 1992 1994 1998
f 2228 2230 2232
f 2295 2297 2299
f 2331 2329 2330
f 2327 2323 2324
f 2328 2326 2325
f 2334 2333 2332
f 2337 2336 2335
f 2346 2345 2344
f 2412 2409 2410
f 2499 2496 2497
f 2487 2485 2486
f 2436 2435 2434
f 2376 2374 2375
f 2372 2368 2369
f 2373 2371 2370
f 2379 2378 2377
f 2382 2381 2380
f 2396 2392 2393
f 2361 2360 2359
f 2418 2416 2415
f 2457 2456 2455
f 2463 2460 2461
f 2492 2488 2489
f 2402 2398 2399
f 2343 2340 2341
f 2433 2430 2431
f 2478 2475 2476
f 2406 2404 2405
f 2502 2501 2500
f 2484 2482 2481
f 2442 2440 2439
f 2349 2347 2348
f 2468 2464 2465
f 2387 2384 2383
f 2358 2355 2356
f 2421 2419 2420
f 2454 2451 2452
f 2472 2470 2471
f 2388 2385 2386
f 2364 2362 2363
f 2426 2423 2422
f 2448 2446 2445
f 2403 2401 2400
f 2342 2339 2338
f 2432 2429 2428
f 2477 2474 2473
f 2493 2491 2490
f 2462 2459 2458
f 2397 2395 2394
f 2367 2365 2366
f 2427 2424 2425
f 2447 2443 2444
f 2391 2390 2389
f 2357 2354 2353
f 2417 2413 2414
f 2453 2450 2449
f 2469 2467 2466
f 2411 2408 2407
f 2498 2495 2494
f 2483 2479 2480
f 2441 2437 2438
f 2352 2350 2351
f 2509 2511 2510
f 2503 2505 2504
f 2506 2507 2508
f 2512 2513 2514
f 2515 2516 2517
f 2518 2519 2520
f 2555 2556 2554
f 2541 2540 2539
f 2562 2561 2560
f 2522 2521 2523
f 2542 2544 2543
f 2528 2529 2527
f 2531 2530 2532
f 2545 2546 2547
f 2548 2549 2550
f 2551 2553 2552
f 2533 2534 2535
f 2537 2536 2538
f 2559 2557 2558
f 2526 2525 2524