v -0.219822 0.271756 -0.177826
v 0.219180 0.275286 -0.181432
v -0.386350 -0.655160 -0.013602
v 0.391335 -0.657977 -0.014242
v -0.012805 -0.542087 0.845685
v -0.000784 0.140624 0.496939
v 0.006975 -0.304448 -0.461044
v -0.001351 0.538873 -0.842675
v 0.441048 0.060672 -0.301676
v 0.441680 -0.020619 0.305304
v -0.421915 0.066240 -0.289273
v -0.436363 -0.011478 0.314259
v 0.010470 0.438755 -0.162949
v -0.164781 0.179294 0.214128
v -0.232123 0.804061 -0.532564
v -0.337019 0.184203 -0.257402
v -0.416119 0.074522 0.145891
v 0.166961 0.181401 0.208379
v 0.258373 0.826735 -0.535912
v 0.335054 0.181182 -0.274658
v 0.402457 0.073124 0.132666
v -0.002681 -0.709750 -0.006048
v -0.251221 -0.721644 0.510723
v -0.201835 -0.592585 -0.357910
v -0.424889 -0.253450 -0.158454
v -0.422779 -0.290956 0.238658
v 0.219304 -0.865274 0.661688
v 0.200705 -0.581196 -0.358162
v 0.422096 -0.248392 -0.166609
v 0.425649 -0.297723 0.245413
v -0.001921 0.014753 0.829360
v 0.372843 -0.248715 0.676806
v -0.378424 -0.259782 0.676282
v 0.284259 0.060764 0.477824
v -0.287315 0.055157 0.484512
v -0.003485 0.063183 -0.729955
v 0.245286 -0.070047 -0.388120
v -0.234424 -0.075105 -0.401215
v 0.372169 0.273976 -0.805039
v -0.388173 0.264197 -0.759354
v 0.476966 0.026999 0.013753
v -0.469118 0.041037 0.030119
v -0.137067 0.374224 -0.181929
v -0.204413 0.216338 -0.004378
v -0.256428 0.518220 -0.325499
v -0.266810 0.253496 -0.230030
v -0.310086 0.161202 -0.016395
v 0.156065 0.377017 -0.180212
v 0.205653 0.214971 -0.013369
v 0.233555 0.511323 -0.313507
v 0.266287 0.273330 -0.232904
v 0.302619 0.167671 -0.025155
v -0.229692 -0.791947 -0.010022
v -0.303104 -0.619890 0.210325
v -0.405485 -0.828621 -0.310018
v -0.444458 -0.499898 -0.106941
v -0.403606 -0.474744 0.122285
v 0.240786 -0.788286 -0.006667
v 0.287585 -0.635873 0.259906
v 0.372868 -0.814954 -0.291858
v 0.440913 -0.497300 -0.121473
v 0.403857 -0.482864 0.136083
v -0.199390 -0.906937 0.830387
v 0.171831 -0.716120 0.743817
v -0.000291 -0.279787 0.928683
v 0.249835 -0.430342 0.846113
v -0.248290 -0.450350 0.844558
v -0.080266 0.142463 0.389811
v 0.079718 0.141466 0.383205
v -0.001769 0.128690 0.634238
v 0.132895 0.118675 0.510674
v -0.137225 0.120566 0.517235
v -0.075394 -0.421456 -0.404847
v 0.083759 -0.418313 -0.405014
v 0.005218 -0.082373 -0.499570
v 0.121154 -0.206738 -0.447448
v -0.108855 -0.209702 -0.452159
v -0.145313 0.737998 -0.750615
v 0.159975 0.747117 -0.755629
v -0.009076 0.295243 -0.861377
v 0.197550 0.443099 -0.865775
v -0.200360 0.449663 -0.872236
v 0.424764 0.092348 -0.303589
v 0.386243 -0.023152 -0.202737
v 0.361259 0.021641 -0.356998
v 0.398890 0.124788 -0.478490
v 0.465332 0.046142 -0.157321
v 0.447886 0.023891 0.236023
v 0.430353 -0.115986 0.289978
v 0.410279 -0.113538 0.455894
v 0.396637 0.002701 0.395655
v 0.458187 0.006216 0.171471
v -0.417260 0.104380 -0.289776
v -0.386196 -0.032730 -0.199175
v -0.349041 0.015698 -0.356052
v -0.396089 0.128281 -0.466318
v -0.454448 0.056423 -0.141790
v -0.442018 0.031298 0.244094
v -0.434872 -0.116888 0.298016
v -0.405216 -0.111276 0.457395
v -0.389822 0.003494 0.401190
v -0.458970 0.015630 0.187361
v -0.069425 0.255946 -0.011932
v -0.100731 0.674738 -0.308936
v 0.084217 0.255822 -0.014339
v 0.109492 0.682907 -0.318573
v -0.304736 0.108808 0.191203
v 0.003294 0.197870 0.214250
v -0.232023 0.105977 0.363693
v -0.338205 0.581461 -0.405918
v 0.015557 0.849777 -0.537622
v -0.320945 0.554287 -0.662721
v -0.398580 0.107173 -0.047183
v -0.348656 0.283975 -0.478263
v -0.462381 0.066042 -0.090661
v -0.364369 0.055191 0.312533
v -0.468409 0.053525 0.088691
v 0.296863 0.120718 0.178086
v 0.228044 0.111909 0.353651
v 0.384017 0.552434 -0.435579
v 0.324184 0.572496 -0.643154
v 0.383449 0.107372 -0.061519
v 0.338953 0.295505 -0.476314
v 0.458190 0.059754 -0.106615
v 0.357172 0.065513 0.302593
v 0.465143 0.034510 0.077526
v -0.130242 -0.702184 0.275246
v -0.117690 -0.741859 -0.261706
v 0.094313 -0.708099 0.322289
v 0.114705 -0.749944 -0.253492
v -0.371470 -0.499330 0.376385
v -0.031694 -0.746971 0.553533
v -0.413480 -0.584760 0.651619
v -0.397753 -0.464838 -0.315750
v 0.001205 -0.580681 -0.340483
v -0.237086 -0.336671 -0.394276
v -0.437385 -0.276370 0.032123
v -0.344816 -0.185703 -0.307609
v -0.431939 -0.061620 -0.041298
v -0.407811 -0.305344 0.454664
v -0.444876 -0.094822 0.128106
v 0.367871 -0.538642 0.435456
v 0.328038 -0.546910 0.772179
v 0.385649 -0.456714 -0.322514
v 0.238890 -0.333263 -0.382269
v 0.441876 -0.273867 0.023580
v 0.346260 -0.178581 -0.301978
v 0.432787 -0.056723 -0.053221
v 0.404223 -0.310641 0.479445
v 0.431094 -0.086464 0.114343
v 0.244803 -0.117068 0.827787
v -0.239241 -0.126152 0.834110
v 0.186786 0.067400 0.672254
v -0.187111 0.060839 0.674518
v 0.338983 -0.042156 0.595458
v -0.333859 -0.044029 0.600428
v 0.135377 -0.002491 -0.566581
v -0.131377 -0.000373 -0.561492
v 0.173567 0.149276 -0.858435
v -0.217019 0.127628 -0.873163
v 0.310982 0.050109 -0.631091
v -0.310609 0.060881 -0.602465
v -0.184500 0.317635 -0.188555
v -0.213277 0.241593 -0.104547
v -0.223299 0.366184 -0.241950
v -0.239918 0.266056 -0.207842
v -0.256048 0.220197 -0.106644
v 0.189673 0.317290 -0.193796
v 0.213381 0.238410 -0.112272
v 0.218207 0.368522 -0.241502
v 0.241154 0.278540 -0.205719
v 0.252319 0.222387 -0.113095
v -0.344212 -0.739676 -0.015756
v -0.344927 -0.628046 0.076987
v -0.426026 -0.747631 -0.115708
v -0.423723 -0.600489 -0.061338
v -0.392366 -0.567173 0.049860
v 0.356288 -0.735760 -0.013355
v 0.342178 -0.631061 0.097246
v 0.424133 -0.752279 -0.137742
v 0.425810 -0.603433 -0.073391
v 0.394183 -0.571473 0.057953
v -0.096010 -0.656541 0.831062
v 0.064432 -0.616615 0.801688
v -0.007984 -0.426603 0.881268
v 0.111275 -0.494993 0.848792
v -0.126032 -0.515005 0.858744
v -0.036042 0.140133 0.451483
v 0.035289 0.139609 0.448769
v -0.001889 0.141368 0.555531
v 0.058252 0.136054 0.508048
v -0.061326 0.136999 0.511397
v -0.027565 -0.364548 -0.440743
v 0.039780 -0.360290 -0.438334
v 0.006348 -0.207520 -0.477387
v 0.060658 -0.276963 -0.469209
v -0.047449 -0.276726 -0.473003
v -0.058924 0.624896 -0.806962
v 0.067041 0.624815 -0.806297
v -0.006252 0.432177 -0.866475
v 0.092924 0.501667 -0.849375
v -0.095254 0.502432 -0.853382
v 0.441581 0.074540 -0.306567
v 0.417673 0.031893 -0.254217
v 0.413761 0.047077 -0.330352
v 0.430057 0.080048 -0.372466
v 0.448554 0.056127 -0.238103
v 0.447910 0.005551 0.273755
v 0.436696 -0.049717 0.298648
v 0.428682 -0.057526 0.367374
v 0.430087 -0.013704 0.346826
v 0.449768 -0.004642 0.244455
v -0.426300 0.084348 -0.293129
v -0.403774 0.028721 -0.245177
v -0.396641 0.048510 -0.322437
v -0.415171 0.089138 -0.361218
v -0.433675 0.058044 -0.224617
v -0.438319 0.011472 0.283306
v -0.439290 -0.045558 0.309805
v -0.423026 -0.050791 0.373499
v -0.419082 -0.009190 0.353299
v -0.449441 0.003851 0.257206
v -0.069535 0.421266 -0.167001
v 0.094151 0.421543 -0.170770
v -0.026457 0.299449 -0.130694
v -0.039223 0.580240 -0.208299
v 0.046288 0.299930 -0.133916
v 0.059215 0.576211 -0.219054
v -0.189718 0.197605 0.106192
v -0.124519 0.157096 0.306906
v -0.124781 0.235277 0.118583
v -0.234613 0.145057 0.202333
v -0.083969 0.194676 0.217098
v -0.202675 0.136119 0.298372
v -0.301345 0.694213 -0.439217
v -0.226628 0.814177 -0.628992
v -0.183359 0.769272 -0.417542
v -0.487165 0.809487 -0.465897
v -0.176105 0.988032 -0.554643
v -0.298501 0.693735 -0.606498
v -0.293638 0.229107 -0.244355
v -0.383724 0.136309 -0.276330
v -0.292352 0.338432 -0.344758
v -0.367194 0.136942 -0.152124
v -0.334714 0.244519 -0.365182
v -0.410576 0.101765 -0.170424
v -0.369187 0.105958 0.072489
v -0.441067 0.049223 0.200508
v -0.366059 0.088750 0.171280
v -0.417413 0.088331 0.053398
v -0.397599 0.061836 0.231267
v -0.458008 0.060355 0.121229
v 0.191494 0.196960 0.097632
v 0.125855 0.155709 0.303321
v 0.132619 0.230590 0.113424
v 0.089876 0.196520 0.214879
v 0.231168 0.150531 0.190942
v 0.198653 0.138246 0.287029
v 0.254065 0.679874 -0.410100
v 0.211137 0.803409 -0.623323
v 0.181553 0.818486 -0.434493
v 0.190398 0.946136 -0.619371
v 0.372744 0.705594 -0.509796
v 0.287002 0.723434 -0.576910
v 0.298413 0.242268 -0.256898
v 0.382457 0.126270 -0.290240
v 0.306427 0.340008 -0.356969
v 0.359859 0.137691 -0.167742
v 0.321338 0.245259 -0.372917
v 0.404993 0.095623 -0.186716
v 0.358692 0.113783 0.061128
v 0.433302 0.043266 0.190856
v 0.352795 0.099044 0.155992
v 0.398927 0.085817 0.038739
v 0.387657 0.069026 0.219349
v 0.445122 0.043814 0.109169
v -0.123248 -0.735617 -0.017726
v 0.124809 -0.725528 -0.016958
v -0.067944 -0.704517 0.133044
v -0.075117 -0.701763 -0.138546
v 0.050252 -0.705926 0.143846
v 0.077206 -0.703520 -0.134872
v -0.269782 -0.637448 0.373465
v -0.284967 -0.969537 0.596485
v -0.186792 -0.688353 0.417694
v -0.322144 -0.611453 0.452974
v -0.159746 -0.780229 0.519719
v -0.324609 -0.719496 0.594977
v -0.285432 -0.730716 -0.361722
v -0.132076 -0.495726 -0.374937
v -0.170980 -0.701122 -0.327067
v -0.308825 -0.551605 -0.360764
v -0.100393 -0.589369 -0.344644
v -0.223512 -0.462532 -0.374655
v -0.449551 -0.377722 -0.139228
v -0.399849 -0.136345 -0.175559
v -0.420027 -0.358364 -0.232929
v -0.439123 -0.267571 -0.066381
v -0.386437 -0.227039 -0.237621
v -0.425728 -0.155583 -0.095130
v -0.414255 -0.382916 0.187516
v -0.429585 -0.200755 0.274820
v -0.401563 -0.393362 0.303996
v -0.431061 -0.282968 0.133836
v -0.414367 -0.300313 0.345577
v -0.436141 -0.191488 0.179429
v 0.239488 -0.682245 0.467773
v 0.294343 -0.972754 0.672671
v 0.125351 -0.716517 0.549200
v 0.080896 -0.815301 0.657060
v 0.329330 -0.708349 0.582244
v 0.253514 -0.913604 0.790101
v 0.285063 -0.708163 -0.358738
v 0.136803 -0.489740 -0.376617
v 0.165450 -0.699723 -0.326167
v 0.101280 -0.585114 -0.346079
v 0.300859 -0.537992 -0.358159
v 0.225005 -0.455135 -0.372573
v 0.444204 -0.374392 -0.150807
v 0.392381 -0.127049 -0.178266
v 0.412684 -0.354012 -0.240389
v 0.445853 -0.264218 -0.078088
v 0.380416 -0.220961 -0.238032
v 0.422644 -0.149858 -0.104288
v 0.416517 -0.392439 0.199631
v 0.429521 -0.202569 0.273377
v 0.402918 -0.409963 0.332972
v 0.434266 -0.284936 0.131384
v 0.418237 -0.308234 0.364166
v 0.431543 -0.190128 0.172999
v -0.000195 -0.113868 0.927867
v -0.001912 0.093199 0.728837
v 0.124506 -0.046529 0.852384
v -0.124917 -0.051329 0.854024
v 0.107667 0.054391 0.762439
v -0.110225 0.050804 0.764992
v 0.331090 -0.335487 0.780191
v 0.389700 -0.177936 0.560324
v 0.365253 -0.389526 0.703782
v 0.389169 -0.291523 0.583390
v 0.330760 -0.188287 0.763513
v 0.361873 -0.131914 0.643578
v -0.332671 -0.355342 0.778942
v -0.391554 -0.179837 0.559155
v -0.386454 -0.408825 0.676190
v -0.397882 -0.295851 0.565425
v -0.326153 -0.198858 0.768258
v -0.365094 -0.132571 0.650356
v 0.210396 0.092170 0.500761
v 0.347286 0.029270 0.441224
v 0.256684 0.089197 0.416875
v 0.322458 0.062298 0.388266
v 0.240569 0.062364 0.572371
v 0.314661 0.021464 0.539438
v -0.213379 0.088729 0.506777
v -0.350823 0.027992 0.448342
v -0.259224 0.081012 0.423539
v -0.327515 0.053921 0.396378
v -0.241682 0.057958 0.577166
v -0.316004 0.021815 0.545997
v 0.002159 0.008240 -0.583501
v -0.008171 0.151774 -0.843754
v 0.070987 0.025616 -0.657993
v -0.073258 0.027017 -0.655105
v 0.078445 0.091818 -0.800485
v -0.094165 0.096171 -0.797517
v 0.184406 -0.138395 -0.422184
v 0.303100 -0.010692 -0.366297
v 0.243231 -0.201516 -0.386187
v 0.294212 -0.129063 -0.347044
v 0.192737 -0.017671 -0.453047
v 0.267096 0.012749 -0.474187
v -0.171208 -0.141796 -0.423253
v -0.290000 -0.018855 -0.374864
v -0.240754 -0.206841 -0.404464
v -0.287198 -0.134121 -0.356608
v -0.181156 -0.020271 -0.456200
v -0.260256 0.010691 -0.470793
v 0.284147 0.359254 -0.885621
v 0.383729 0.190639 -0.623365
v 0.340752 0.418695 -0.723836
v 0.364146 0.304650 -0.615865
v 0.284620 0.203481 -0.962285
v 0.364308 0.134422 -0.773278
v -0.308273 0.363864 -0.871173
v -0.394820 0.185369 -0.603294
v -0.348432 0.408621 -0.716972
v -0.371652 0.293429 -0.606768
v -0.340574 0.182445 -0.911531
v -0.369036 0.139496 -0.713524
v 0.481953 0.033049 -0.071050
v 0.468665 0.016686 0.094126
v 0.479539 0.042521 -0.042015
v 0.474621 0.032374 0.044477
v 0.451840 0.007399 -0.014371
v 0.458553 -0.009029 0.064453
v -0.465473 0.047688 -0.054485
v -0.465962 0.031888 0.111636
v -0.472409 0.055285 -0.027428
v -0.471009 0.048476 0.057995
v -0.451291 0.012211 0.000983
v -0.455129 -0.006568 0.081370
v -0.159154 0.262412 -0.116600
v -0.188662 0.453335 -0.245248
v -0.095887 0.282522 -0.129387
v -0.126019 0.529595 -0.225371
v -0.262483 0.189464 -0.005729
v -0.141257 0.240824 -0.006536
v -0.254460 0.161597 0.098726
v -0.266555 0.392832 -0.295821
v -0.191675 0.610271 -0.322578
v -0.372515 0.558502 -0.396596
v -0.292970 0.200369 -0.121423
v -0.284934 0.402699 -0.309821
v -0.329240 0.175310 -0.137213
v -0.316603 0.125912 0.089730
v -0.354949 0.134224 -0.031013
v 0.167558 0.260122 -0.124371
v 0.190707 0.454178 -0.244079
v 0.114679 0.284600 -0.132048
v 0.145710 0.530798 -0.226900
v 0.256514 0.190017 -0.015216
v 0.149932 0.240080 -0.012482
v 0.250585 0.166886 0.088306
v 0.254505 0.396453 -0.286214
v 0.186680 0.611397 -0.323423
v 0.301777 0.552868 -0.382357
v 0.288201 0.208109 -0.127439
v 0.290062 0.396895 -0.330626
v 0.321247 0.182345 -0.147763
v 0.308423 0.137573 0.078494
v 0.343524 0.143155 -0.042101
v -0.273798 -0.659254 0.087649
v -0.350306 -0.940757 -0.144581
v -0.181413 -0.684680 0.108207
v -0.149293 -0.884641 -0.163594
v -0.361733 -0.555734 0.168963
v -0.229260 -0.671388 0.248316
v -0.336229 -0.566374 0.306171
v -0.458575 -0.645644 -0.193206
v -0.229970 -0.885734 -0.335245
v -0.403020 -0.633742 -0.314041
v -0.425487 -0.484746 0.008157
v -0.448605 -0.501024 -0.224700
v -0.441859 -0.381603 -0.031937
v -0.383157 -0.478134 0.245448
v -0.428900 -0.380611 0.075475
v 0.266811 -0.660232 0.113980
v 0.356038 -0.938137 -0.149763
v 0.165515 -0.688061 0.135077
v 0.147430 -0.905595 -0.158215
v 0.356257 -0.568985 0.199819
v 0.200773 -0.688941 0.307879
v 0.326194 -0.598117 0.371551
v 0.443217 -0.640349 -0.225367
v 0.246490 -0.915167 -0.328149
v 0.398657 -0.617493 -0.339371
v 0.428598 -0.486432 0.005416
v 0.441316 -0.496807 -0.240255
v 0.445728 -0.380645 -0.041624
v 0.381255 -0.498198 0.278895
v 0.432074 -0.383484 0.075481
v -0.043254 -0.696566 0.725943
v -0.254757 -0.658883 0.844221
v -0.100080 -0.829809 0.625689
v -0.381687 -0.822731 0.753083
v 0.251778 -0.594817 0.805975
v 0.049794 -0.737844 0.632808
v 0.336310 -0.742417 0.817097
v 0.123833 -0.349594 0.884549
v -0.128501 -0.358289 0.883558
v 0.132366 -0.191845 0.905109
v -0.131337 -0.198225 0.903530
v 0.351128 -0.502686 0.791903
v 0.250911 -0.267534 0.854260
v -0.359415 -0.543032 0.796842
v -0.245529 -0.280560 0.853423
v 0.000632 0.146368 0.389718
v -0.110531 0.130631 0.450370
v -0.043247 0.164184 0.313853
v -0.157973 0.129797 0.379005
v 0.108679 0.129954 0.445703
v 0.044372 0.164148 0.310725
v 0.155640 0.130499 0.371032
v 0.074160 0.129799 0.580120
v -0.079070 0.130110 0.582986
v 0.089491 0.106426 0.665040
v -0.092957 0.104456 0.667518
v 0.183480 0.112887 0.435153
v 0.157624 0.100506 0.585939
v -0.186019 0.109618 0.442224
v -0.161419 0.102753 0.590772
v 0.004174 -0.430893 -0.406609
v -0.097965 -0.331625 -0.438068
v -0.041921 -0.505443 -0.374090
v -0.156378 -0.388013 -0.402398
v 0.110737 -0.331993 -0.435979
v 0.047284 -0.502995 -0.375333
v 0.163252 -0.385061 -0.398973
v 0.064139 -0.144402 -0.477799
v -0.051806 -0.146409 -0.479161
v 0.066072 -0.019437 -0.513350
v -0.055070 -0.017934 -0.509007
v 0.178793 -0.271393 -0.414700
v 0.126038 -0.076755 -0.467386
v -0.171560 -0.273596 -0.427062
v -0.112522 -0.078646 -0.465106
v 0.007530 0.748840 -0.754015
v -0.182097 0.590689 -0.807748
v -0.077857 0.832174 -0.643484
v -0.272130 0.679989 -0.730066
v 0.189945 0.588384 -0.805395
v 0.102810 0.828308 -0.644831
v 0.277628 0.679581 -0.726065
v 0.093499 0.367204 -0.869014
v -0.108079 0.369344 -0.873990
v 0.086893 0.224353 -0.856876
v -0.109807 0.224083 -0.861697
v 0.286508 0.515570 -0.786192
v 0.189326 0.299850 -0.895136
v -0.289664 0.521634 -0.792007
v -0.224581 0.291757 -0.910073
v 0.411743 0.113933 -0.392620
v 0.454335 0.063912 -0.224626
v 0.370773 0.162653 -0.390368
v 0.442111 0.072849 -0.205990
v 0.375667 -0.005764 -0.276956
v 0.428281 0.023456 -0.178066
v 0.361885 -0.095804 -0.243960
v 0.410604 -0.041613 -0.131124
v 0.396966 0.075789 -0.424845
v 0.333434 -0.058162 -0.305667
v 0.336637 0.047292 -0.465482
v 0.377512 0.192646 -0.497339
v 0.369153 0.105918 -0.564470
v 0.473186 0.054027 -0.132931
v 0.440386 0.015782 -0.096782
v 0.424781 0.017306 0.312435
v 0.454880 0.014613 0.201511
v 0.410446 0.042775 0.270108
v 0.455527 0.028206 0.158698
v 0.425852 -0.122600 0.375468
v 0.439076 -0.031135 0.222412
v 0.422127 -0.209655 0.375212
v 0.430980 -0.101333 0.201684
v 0.408115 -0.044700 0.430689
v 0.409276 -0.203353 0.471383
v 0.383749 -0.085580 0.529976
v 0.379337 0.036873 0.352183
v 0.370273 -0.016661 0.489513
v 0.463540 0.022977 0.124903
v 0.449660 -0.018921 0.144056
v -0.403618 0.125618 -0.380707
v -0.444975 0.072829 -0.209352
v -0.372664 0.171247 -0.381123
v -0.443451 0.078658 -0.190622
v -0.367658 -0.011134 -0.274482
v -0.418915 0.019216 -0.167518
v -0.360947 -0.106638 -0.244004
v -0.413027 -0.052778 -0.124893
v -0.384102 0.075194 -0.416357
v -0.318598 -0.061868 -0.302056
v -0.329106 0.044668 -0.458456
v -0.380840 0.195653 -0.486942
v -0.370675 0.105345 -0.545082
v -0.463499 0.062073 -0.118101
v -0.436693 0.019937 -0.083684
v -0.416831 0.019059 0.320074
v -0.454015 0.025200 0.213148
v -0.415879 0.039358 0.279544
v -0.458991 0.042521 0.168407
v -0.423765 -0.120100 0.379370
v -0.449087 -0.034271 0.238621
v -0.421555 -0.205714 0.370636
v -0.442429 -0.107341 0.213959
v -0.396760 -0.043284 0.434583
v -0.410093 -0.201500 0.465931
v -0.376658 -0.086588 0.532491
v -0.382538 0.032986 0.360118
v -0.361623 -0.017693 0.493573
v -0.464857 0.037871 0.138369
v -0.454156 -0.024325 0.161507
v 0.007784 0.258931 -0.016973
v -0.037327 0.232185 0.106778
v 0.007062 0.720301 -0.294389
v -0.065600 0.802284 -0.413805
v 0.048395 0.231821 0.106017
v 0.069096 0.816644 -0.437909
v -0.273124 0.105643 0.280668
v -0.338744 0.080282 0.258101
v -0.301269 0.078538 0.341087
v -0.346101 0.572882 -0.530711
v -0.327326 0.408266 -0.448059
v -0.343611 0.420672 -0.573746
v -0.438935 0.080140 -0.065989
v -0.459872 0.067828 0.034188
v -0.470661 0.060521 0.002539
v 0.267469 0.114259 0.268912
v 0.330628 0.092011 0.245904
v 0.295649 0.089215 0.330977
v 0.410094 0.634694 -0.499844
v 0.291389 0.441701 -0.421577
v 0.342153 0.448323 -0.558545
v 0.428057 0.073338 -0.080388
v 0.444530 0.052207 0.019713
v 0.470977 0.046400 -0.009490
v -0.018029 -0.709471 0.298888
v -0.082979 -0.721113 0.430135
v 0.000798 -0.665519 -0.228105
v -0.061051 -0.648711 -0.297567
v 0.025172 -0.723733 0.483789
v 0.058465 -0.651159 -0.301316
v -0.373360 -0.541760 0.511284
v -0.395948 -0.410263 0.424278
v -0.398908 -0.424003 0.548635
v -0.309419 -0.400866 -0.354938
v -0.367329 -0.319527 -0.305288
v -0.304691 -0.265407 -0.360153
v -0.436876 -0.168643 -0.006657
v -0.438467 -0.179783 0.085801
v -0.442517 -0.077664 0.042929
v 0.357957 -0.602293 0.599453
v 0.393006 -0.429645 0.472105
v 0.377646 -0.427370 0.604750
v 0.309649 -0.395090 -0.356947
v 0.372659 -0.315930 -0.312014
v 0.307209 -0.259546 -0.353169
v 0.433516 -0.164426 -0.017461
v 0.432017 -0.177100 0.075802
v 0.434590 -0.073481 0.029575
v 0.215016 -0.005681 0.756831
v 0.304411 -0.071192 0.713027
v -0.215228 -0.009447 0.762183
v -0.301160 -0.074927 0.720835
v 0.272145 0.011433 0.645875
v -0.271537 0.009298 0.651095
v 0.147597 -0.004832 -0.761598
v 0.220658 0.008993 -0.625520
v -0.163283 0.015434 -0.758683
v -0.222483 0.013369 -0.610755
v 0.253602 0.055303 -0.845599
v -0.284823 0.046253 -0.806804
v -0.204852 0.292324 -0.183964
v -0.215785 0.254658 -0.148302
v -0.216659 0.308882 -0.209338
v -0.229533 0.269520 -0.191465
v -0.233921 0.245516 -0.147910
v 0.205739 0.292278 -0.190085
v 0.215161 0.254710 -0.153552
v 0.216189 0.311935 -0.211887
v 0.229365 0.276916 -0.192713
v 0.231389 0.246435 -0.153444
v -0.372126 -0.693949 -0.016063
v -0.367741 -0.643391 0.026250
v -0.400776 -0.693688 -0.056312
v -0.405064 -0.635251 -0.035304
v -0.387639 -0.613296 0.014751
v 0.379627 -0.693219 -0.015128
v 0.370161 -0.644507 0.034321
v 0.406871 -0.696275 -0.065487
v 0.408705 -0.638276 -0.042327
v 0.391279 -0.616872 0.018310
v -0.048827 -0.588236 0.836331
v 0.020397 -0.577266 0.829126
v -0.010910 -0.490843 0.861932
v 0.042218 -0.521198 0.847131
v -0.064976 -0.531434 0.852720
v -0.016540 0.140825 0.477441
v 0.015413 0.140705 0.477070
v -0.001090 0.141572 0.521984
v 0.025111 0.139804 0.502946
v -0.027307 0.140166 0.504288
v -0.007524 -0.337761 -0.454736
v 0.021645 -0.332989 -0.452847
v 0.006745 -0.264509 -0.468890
v 0.030299 -0.292392 -0.463034
v -0.016964 -0.292304 -0.465317
v -0.025756 0.576695 -0.828940
v 0.028439 0.576876 -0.828248
v -0.004365 0.492357 -0.858280
v 0.040576 0.524440 -0.848419
v -0.043577 0.523123 -0.847698
v 0.443445 0.066771 -0.304519
v 0.432649 0.051225 -0.280404
v 0.435488 0.056191 -0.316054
v 0.438521 0.068192 -0.331204
v 0.442470 0.059476 -0.273616
v 0.444876 -0.007252 0.291203
v 0.439764 -0.032953 0.302836
v 0.436080 -0.035616 0.331884
v 0.438281 -0.018022 0.323862
v 0.445992 -0.013113 0.278210
v -0.425249 0.074877 -0.291680
v -0.414294 0.050517 -0.269177
v -0.412933 0.060130 -0.304330
v -0.419448 0.075606 -0.319939
v -0.426205 0.061653 -0.260815
v -0.437316 -0.000003 0.300504
v -0.440494 -0.019819 0.312087
v -0.431921 -0.024786 0.339258
v -0.429376 -0.011144 0.331592
v -0.443198 -0.002952 0.288343
v -0.031096 0.439795 -0.153810
v 0.052870 0.432773 -0.169148
v -0.008925 0.367824 -0.146652
v -0.012442 0.517117 -0.173109
v 0.029721 0.366894 -0.150008
v 0.033385 0.508494 -0.187690
v -0.180432 0.190377 0.162966
v -0.145743 0.165902 0.262463
v -0.151406 0.212714 0.174150
v -0.199751 0.163491 0.208149
v -0.126455 0.189727 0.217176
v -0.183538 0.155000 0.257792
v -0.280376 0.773030 -0.498148
v -0.245673 0.839672 -0.573702
v -0.227298 0.812666 -0.470340
v -0.310241 0.762592 -0.514822
v -0.229652 0.965621 -0.489509
v -0.264877 0.754971 -0.574561
v -0.312561 0.209291 -0.249801
v -0.361156 0.158042 -0.267285
v -0.307282 0.249663 -0.300546
v -0.350594 0.158817 -0.205116
v -0.331218 0.214243 -0.310388
v -0.373795 0.136115 -0.214046
v -0.395284 0.088947 0.111783
v -0.431567 0.061177 0.175350
v -0.391490 0.081620 0.158392
v -0.419543 0.081302 0.100790
v -0.409020 0.067916 0.189511
v -0.440130 0.067187 0.134163
v 0.181369 0.190430 0.154464
v 0.146519 0.168296 0.255851
v 0.155996 0.211186 0.169966
v 0.130865 0.191399 0.214193
v 0.198534 0.165613 0.198662
v 0.181964 0.157590 0.248088
v 0.261346 0.763440 -0.467315
v 0.254005 0.838416 -0.588509
v 0.241731 0.856411 -0.490607
v 0.289537 0.964239 -0.588749
v 0.294915 0.766327 -0.516801
v 0.274855 0.788084 -0.560431
v 0.316159 0.214222 -0.266737
v 0.357402 0.151166 -0.282121
v 0.311476 0.253225 -0.318238
v 0.346798 0.155421 -0.221629
v 0.326907 0.213759 -0.324980
v 0.369745 0.131214 -0.230427
v 0.381805 0.091829 0.098675
v 0.418889 0.057006 0.163027
v 0.378305 0.087094 0.144218
v 0.402636 0.077983 0.087034
v 0.397490 0.070686 0.176590
v 0.422912 0.059325 0.120074
v -0.065206 -0.717103 -0.009796
v 0.061295 -0.714687 -0.007543
v -0.036025 -0.709075 0.062839
v -0.035829 -0.705974 -0.074436
v 0.025472 -0.709178 0.066087
v 0.033477 -0.707027 -0.072557
v -0.251398 -0.661949 0.457187
v -0.258465 -0.814642 0.559435
v -0.213307 -0.696503 0.472810
v -0.286760 -0.667265 0.490188
v -0.210920 -0.764583 0.518936
v -0.287451 -0.733954 0.556305
v -0.242030 -0.655066 -0.356621
v -0.165287 -0.540714 -0.364221
v -0.186339 -0.656306 -0.345744
v -0.254831 -0.578673 -0.362233
v -0.150890 -0.594330 -0.350882
v -0.214308 -0.527173 -0.366768
v -0.442851 -0.314615 -0.150869
v -0.410572 -0.193732 -0.166448
v -0.423557 -0.305092 -0.194880
v -0.436959 -0.261560 -0.113924
v -0.407620 -0.241834 -0.200466
v -0.425939 -0.203024 -0.125251
v -0.418304 -0.337026 0.214978
v -0.426498 -0.245582 0.258355
v -0.413288 -0.341703 0.270640
v -0.426995 -0.286814 0.185692
v -0.418392 -0.295723 0.292121
v -0.430765 -0.240511 0.208141
v 0.231638 -0.755384 0.565311
v 0.222565 -0.982051 0.718084
v 0.153513 -0.775906 0.640971
v 0.081550 -0.931853 0.758827
v 0.316104 -0.810422 0.575387
v 0.345109 -0.910729 0.639149
v 0.239400 -0.639035 -0.355601
v 0.167181 -0.532211 -0.365392
v 0.183849 -0.644148 -0.346524
v 0.150304 -0.587016 -0.352829
v 0.251800 -0.564990 -0.360636
v 0.214777 -0.517346 -0.366313
v 0.437309 -0.310854 -0.160222
v 0.409094 -0.187356 -0.173760
v 0.418285 -0.300981 -0.201749
v 0.438320 -0.256796 -0.123825
v 0.401221 -0.236453 -0.203622
v 0.425501 -0.197564 -0.134669
v 0.422088 -0.345371 0.224736
v 0.428126 -0.249517 0.261346
v 0.417369 -0.351977 0.287429
v 0.429985 -0.291208 0.187668
v 0.421955 -0.303407 0.304520
v 0.430766 -0.243654 0.207040
v -0.001571 -0.043949 0.875756
v -0.001766 0.060040 0.780073
v 0.060767 -0.013207 0.847302
v -0.063556 -0.014724 0.848105
v 0.056615 0.037409 0.799307
v -0.059133 0.035090 0.800370
v 0.359123 -0.289188 0.732932
v 0.381467 -0.212103 0.617586
v 0.370465 -0.316656 0.688942
v 0.382642 -0.272420 0.630632
v 0.358627 -0.219689 0.723263
v 0.370457 -0.186195 0.662525
v -0.359382 -0.305993 0.730096
v -0.386355 -0.217814 0.616805
v -0.379297 -0.331306 0.677506
v -0.388782 -0.281502 0.620670
v -0.360991 -0.231288 0.726902
v -0.378152 -0.190900 0.668546
v 0.248923 0.077218 0.491620
v 0.317598 0.044757 0.461112
v 0.269953 0.075963 0.447041
v 0.303735 0.061314 0.432422
v 0.263360 0.061138 0.524423
v 0.299784 0.043307 0.508965
v -0.250790 0.071237 0.497270
v -0.321615 0.041080 0.468327
v -0.273290 0.068546 0.454032
v -0.308136 0.054795 0.440056
v -0.265278 0.056419 0.530133
v -0.302327 0.040789 0.515550
v -0.000904 0.033263 -0.656386
v -0.005202 0.097282 -0.804243
v 0.035449 0.045307 -0.694166
v -0.040028 0.046239 -0.692523
v 0.037159 0.077219 -0.766626
v -0.047271 0.079337 -0.764571
v 0.215605 -0.104496 -0.407546
v 0.273543 -0.036988 -0.373806
v 0.243262 -0.135431 -0.387222
v 0.269078 -0.100329 -0.367044
v 0.219556 -0.039327 -0.413169
v 0.252608 -0.013910 -0.407836
v -0.204118 -0.108366 -0.414275
v -0.261069 -0.043231 -0.385105
v -0.235716 -0.140116 -0.399533
v -0.261659 -0.105140 -0.380770
v -0.206745 -0.043583 -0.420211
v -0.240182 -0.019077 -0.418033
v 0.345562 0.329958 -0.875609
v 0.385248 0.230390 -0.712703
v 0.356153 0.347204 -0.767936
v 0.376621 0.293679 -0.704087
v 0.380583 0.256248 -0.973476
v 0.377971 0.202725 -0.808368
v -0.374361 0.314242 -0.835629
v -0.408153 0.220733 -0.684945
v -0.371065 0.335066 -0.743699
v -0.383367 0.283485 -0.680352
v -0.372749 0.235356 -0.839800
v -0.403500 0.197789 -0.751048
v 0.476467 0.029426 -0.028124
v 0.473055 0.022282 0.054333
v 0.479937 0.034747 -0.013606
v 0.477362 0.030782 0.028593
v 0.468519 0.016820 -0.000756
v 0.468473 0.012386 0.039377
v -0.468698 0.044247 -0.011640
v -0.467441 0.036570 0.071276
v -0.472402 0.049558 0.002221
v -0.470995 0.045404 0.043981
v -0.461763 0.029329 0.015694
v -0.462181 0.025803 0.057053
v -0.164219 0.347433 -0.185348
v -0.105429 0.400068 -0.175671
v -0.143648 0.306065 -0.160088
v -0.161416 0.416130 -0.210571
v -0.114839 0.328331 -0.157358
v -0.131963 0.449661 -0.201977
v -0.209476 0.228014 -0.056001
v -0.198117 0.206050 0.050113
v -0.181136 0.238867 -0.059501
v -0.234238 0.202623 -0.004390
v -0.173494 0.229031 -0.005030
v -0.228923 0.190353 0.048249
v -0.236803 0.436962 -0.281150
v -0.283154 0.605907 -0.378308
v -0.218811 0.486419 -0.284371
v -0.266723 0.460613 -0.315112
v -0.230267 0.567307 -0.327847
v -0.302051 0.548257 -0.368364
v -0.253175 0.261041 -0.221902
v -0.279125 0.242512 -0.238543
v -0.262406 0.319803 -0.266625
v -0.280220 0.224545 -0.175802
v -0.260678 0.315004 -0.284529
v -0.296201 0.213549 -0.183967
v -0.282404 0.192398 -0.061513
v -0.339635 0.129524 0.029068
v -0.286661 0.174696 -0.010169
v -0.303167 0.179883 -0.068687
v -0.314489 0.143089 0.036348
v -0.333283 0.147313 -0.023231
v 0.173649 0.347299 -0.188929
v 0.130093 0.403383 -0.171722
v 0.156144 0.304724 -0.164853
v 0.175069 0.418987 -0.208779
v 0.133793 0.328561 -0.159754
v 0.166476 0.458493 -0.186239
v 0.210371 0.225883 -0.064525
v 0.199450 0.204807 0.041357
v 0.185563 0.237406 -0.067487
v 0.231551 0.202392 -0.013483
v 0.178605 0.227161 -0.012921
v 0.227262 0.191346 0.038605
v 0.225076 0.436248 -0.274448
v 0.244135 0.593037 -0.358791
v 0.209573 0.484717 -0.279575
v 0.246883 0.455560 -0.302291
v 0.213458 0.563307 -0.320626
v 0.263593 0.535550 -0.346537
v 0.253540 0.278155 -0.219253
v 0.282312 0.262848 -0.245199
v 0.259498 0.334514 -0.262613
v 0.277790 0.236284 -0.179604
v 0.273047 0.331554 -0.279274
v 0.293935 0.226354 -0.190473
v 0.276346 0.195609 -0.069561
v 0.330681 0.140381 0.018740
v 0.280389 0.178794 -0.019136
v 0.296275 0.186258 -0.076482
v 0.307081 0.151686 0.026551
v 0.323505 0.156669 -0.033245
v -0.296827 -0.778606 -0.011899
v -0.180245 -0.762289 -0.024300
v -0.257304 -0.702674 0.025811
v -0.270239 -0.905639 -0.047611
v -0.205019 -0.703207 0.026186
v -0.172696 -0.904091 -0.044903
v -0.323008 -0.619765 0.139794
v -0.285726 -0.625997 0.288304
v -0.288538 -0.642138 0.152976
v -0.334941 -0.590008 0.190358
v -0.267366 -0.646007 0.230180
v -0.318952 -0.594062 0.261888
v -0.444263 -0.807772 -0.203258
v -0.344257 -0.799742 -0.366107
v -0.383277 -0.923316 -0.258318
v -0.445231 -0.730430 -0.242548
v -0.307939 -0.906300 -0.339773
v -0.413947 -0.729078 -0.317030
v -0.437813 -0.554995 -0.085746
v -0.447975 -0.440065 -0.124677
v -0.448587 -0.567343 -0.148372
v -0.436077 -0.492923 -0.048315
v -0.451079 -0.504091 -0.167040
v -0.443707 -0.438965 -0.068160
v -0.397215 -0.520850 0.086921
v -0.409217 -0.428752 0.156799
v -0.384743 -0.517015 0.146634
v -0.414131 -0.478258 0.064690
v -0.393842 -0.474492 0.183070
v -0.418171 -0.429065 0.098750
v 0.307825 -0.775556 -0.006688
v 0.181514 -0.754923 -0.018278
v 0.255567 -0.687109 0.039130
v 0.292153 -0.910513 -0.049650
v 0.203424 -0.692419 0.042256
v 0.198533 -0.901267 -0.051108
v 0.314885 -0.628751 0.172704
v 0.261949 -0.652335 0.358074
v 0.276477 -0.652050 0.191008
v 0.324677 -0.605172 0.230628
v 0.245530 -0.664206 0.285756
v 0.304149 -0.618158 0.320175
v 0.433572 -0.818388 -0.238936
v 0.339193 -0.789922 -0.360955
v 0.390708 -0.898179 -0.242808
v 0.436051 -0.729875 -0.272797
v 0.332302 -0.893440 -0.330907
v 0.391476 -0.719074 -0.323654
v 0.435413 -0.554211 -0.100223
v 0.445488 -0.436942 -0.137844
v 0.440625 -0.563997 -0.169112
v 0.436071 -0.492097 -0.058221
v 0.443387 -0.499507 -0.183739
v 0.442956 -0.437253 -0.079314
v 0.399015 -0.526569 0.097856
v 0.410622 -0.438065 0.169784
v 0.382260 -0.527952 0.167751
v 0.416946 -0.482787 0.069616
v 0.391122 -0.487746 0.205313
v 0.421261 -0.434701 0.104627
v -0.139927 -0.760737 0.835424
v -0.223993 -0.918311 0.715703
v -0.090983 -0.803404 0.788967
v -0.240728 -0.794822 0.838384
v -0.103083 -0.968386 0.706960
v -0.275272 -0.850384 0.759503
v 0.115567 -0.658275 0.768712
v 0.222577 -0.805734 0.727553
v 0.060980 -0.689151 0.724337
v 0.223918 -0.662861 0.777436
v 0.107650 -0.742213 0.688839
v 0.295207 -0.739470 0.776596
v -0.003174 -0.352673 0.898471
v 0.000413 -0.207615 0.998636
v 0.062644 -0.313056 0.903672
v -0.066207 -0.317129 0.904719
v 0.067262 -0.235897 0.929582
v -0.066594 -0.238532 0.927408
v 0.183331 -0.465190 0.852552
v 0.295100 -0.383553 0.819030
v 0.256049 -0.515664 0.841984
v 0.186382 -0.387858 0.864947
v 0.307227 -0.471415 0.822553
v 0.243677 -0.346992 0.848915
v -0.187642 -0.488727 0.854004
v -0.297844 -0.404831 0.821792
v -0.251091 -0.547516 0.839844
v -0.187975 -0.403100 0.862175
v -0.308228 -0.498824 0.825120
v -0.244665 -0.363426 0.847119
v -0.057572 0.140216 0.421892
v -0.103419 0.149196 0.352096
v -0.039978 0.145838 0.391277
v -0.096091 0.135975 0.419979
v -0.062906 0.155428 0.354861
v -0.119286 0.137235 0.384583
v 0.057167 0.139674 0.418289
v 0.103944 0.144744 0.347703
v 0.040614 0.144707 0.387230
v 0.094649 0.135687 0.414360
v 0.063962 0.147630 0.353498
v 0.118048 0.137038 0.378047
v -0.001963 0.133906 0.592107
v -0.001525 0.114298 0.679088
v 0.038448 0.133387 0.609901
v -0.042050 0.129869 0.609466
v 0.042809 0.121581 0.652928
v -0.045792 0.116824 0.652374
v 0.094510 0.128563 0.510348
v 0.171869 0.106334 0.507181
v 0.121059 0.124900 0.477101
v 0.104871 0.123396 0.545981
v 0.158844 0.114638 0.473251
v 0.144915 0.110768 0.546592
v -0.098790 0.130507 0.516485
v -0.174896 0.105557 0.513555
v -0.123917 0.125538 0.482391
v -0.111385 0.128222 0.553885
v -0.161703 0.113958 0.479454
v -0.150268 0.115277 0.553938
v -0.050201 -0.390444 -0.422723
v -0.102748 -0.455990 -0.388901
v -0.035206 -0.428606 -0.406029
v -0.087796 -0.377340 -0.421509
v -0.059799 -0.464409 -0.388963
v -0.115660 -0.407749 -0.403845
v 0.060667 -0.388422 -0.421799
v 0.109314 -0.452375 -0.389457
v 0.043898 -0.427521 -0.406117
v 0.098467 -0.375271 -0.420128
v 0.066493 -0.461755 -0.390078
v 0.123704 -0.404380 -0.402960
v 0.005962 -0.145665 -0.487262
v 0.004267 -0.021125 -0.520479
v 0.035226 -0.112623 -0.489701
v -0.023696 -0.114306 -0.490827
v 0.034974 -0.049310 -0.505708
v -0.024412 -0.050709 -0.504956
v 0.089980 -0.240702 -0.457601
v 0.152792 -0.173128 -0.435988
v 0.116888 -0.270941 -0.441910
v 0.092925 -0.175531 -0.464066
v 0.149466 -0.238599 -0.430666
v 0.123827 -0.141631 -0.455162
v -0.077957 -0.245068 -0.464466
v -0.140764 -0.175468 -0.438965
v -0.105135 -0.272284 -0.447618
v -0.080160 -0.178648 -0.466562
v -0.139128 -0.240596 -0.437890
v -0.110789 -0.143949 -0.455958
v -0.098846 0.678191 -0.780015
v -0.180951 0.771941 -0.688180
v -0.070838 0.744343 -0.751370
v -0.166007 0.663032 -0.777571
v -0.113774 0.790327 -0.697754
v -0.211864 0.713830 -0.737767
v 0.110540 0.677698 -0.778204
v 0.192323 0.779046 -0.691090
v 0.084774 0.742475 -0.749639
v 0.175843 0.661330 -0.774900
v 0.133980 0.803586 -0.707287
v 0.228683 0.718815 -0.734889
v -0.007860 0.365530 -0.866642
v -0.009011 0.223999 -0.853536
v 0.042143 0.330871 -0.864589
v -0.058425 0.331924 -0.867658
v 0.040433 0.259282 -0.859235
v -0.059164 0.260396 -0.860818
v 0.145425 0.474373 -0.854474
v 0.243933 0.406414 -0.879957
v 0.194960 0.515261 -0.835403
v 0.145303 0.404994 -0.870192
v 0.244589 0.481000 -0.838810
v 0.196492 0.374095 -0.890217
v -0.146797 0.477884 -0.858116
v -0.254878 0.410597 -0.878327
v -0.192885 0.519428 -0.838036
v -0.155026 0.408892 -0.876877
v -0.246674 0.485228 -0.839596
v -0.207589 0.379739 -0.900025
v 0.436340 0.082404 -0.306856
v 0.406165 0.105478 -0.297991
v 0.417094 0.104318 -0.348948
v 0.445617 0.072182 -0.262972
v 0.398312 0.121010 -0.346596
v 0.436391 0.078683 -0.256051
v 0.401597 0.008470 -0.227333
v 0.383017 -0.071566 -0.186737
v 0.380217 -0.015210 -0.239657
v 0.406302 0.004924 -0.188802
v 0.372375 -0.057374 -0.221504
v 0.396094 -0.031397 -0.166755
v 0.388900 0.035693 -0.344842
v 0.332590 0.005843 -0.365152
v 0.369161 0.006926 -0.315395
v 0.382193 0.051106 -0.390894
v 0.343861 -0.011640 -0.325074
v 0.350522 0.035771 -0.405791
v 0.414580 0.098285 -0.421018
v 0.387563 0.155291 -0.545915
v 0.407626 0.120816 -0.435638
v 0.400844 0.097807 -0.454837
v 0.391491 0.156231 -0.493306
v 0.386957 0.119797 -0.521832
v 0.456074 0.049433 -0.199203
v 0.471670 0.041484 -0.114211
v 0.461524 0.055397 -0.189395
v 0.446495 0.036404 -0.167421
v 0.471837 0.050721 -0.146308
v 0.453801 0.033867 -0.125930
v 0.449245 0.015700 0.255357
v 0.442752 0.033162 0.215191
v 0.438916 0.021733 0.273423
v 0.451905 0.018751 0.218210
v 0.432909 0.032398 0.253216
v 0.450575 0.026619 0.197453
v 0.432697 -0.079939 0.295078
v 0.429330 -0.158128 0.283234
v 0.429203 -0.120892 0.333213
v 0.432272 -0.068889 0.253326
v 0.427446 -0.162327 0.330174
v 0.430889 -0.108659 0.245883
v 0.420266 -0.084144 0.409140
v 0.399923 -0.144918 0.506309
v 0.419493 -0.120445 0.416428
v 0.410453 -0.076148 0.444459
v 0.410035 -0.156055 0.464666
v 0.398460 -0.101942 0.493631
v 0.416019 -0.006862 0.371222
v 0.373863 0.015072 0.419257
v 0.410659 0.010838 0.352986
v 0.403314 -0.018816 0.414352
v 0.388453 0.020934 0.374796
v 0.383443 -0.006357 0.441063
v 0.453385 0.001563 0.208842
v 0.463709 0.011378 0.133154
v 0.456669 0.010592 0.186021
v 0.450955 -0.007186 0.195739
v 0.461231 0.015251 0.148189
v 0.456634 -0.000635 0.157623
v -0.425735 0.092385 -0.293401
v -0.402867 0.119421 -0.284004
v -0.408736 0.116477 -0.336044
v -0.435255 0.083470 -0.248298
v -0.394972 0.134091 -0.334100
v -0.428839 0.091325 -0.241016
v -0.392380 0.003865 -0.219790
v -0.390259 -0.081775 -0.185317
v -0.376055 -0.023033 -0.236508
v -0.399488 -0.002088 -0.180759
v -0.372927 -0.068606 -0.219673
v -0.400677 -0.043849 -0.163150
v -0.374162 0.032685 -0.340455
v -0.320153 -0.001401 -0.367559
v -0.358510 0.001121 -0.313909
v -0.365748 0.046210 -0.386817
v -0.332063 -0.018217 -0.325875
v -0.338933 0.032070 -0.402524
v -0.406523 0.106728 -0.409835
v -0.390879 0.155168 -0.530075
v -0.400640 0.130321 -0.423967
v -0.396363 0.101813 -0.444076
v -0.391446 0.160215 -0.480636
v -0.386895 0.119833 -0.507057
v -0.442451 0.055899 -0.184317
v -0.459306 0.050246 -0.098434
v -0.451412 0.064619 -0.174059
v -0.436389 0.039251 -0.154307
v -0.460060 0.059900 -0.129939
v -0.444757 0.037728 -0.112014
v -0.440356 0.022191 0.264142
v -0.443543 0.039552 0.222963
v -0.430693 0.025717 0.281445
v -0.448927 0.028195 0.227856
v -0.431254 0.034929 0.261613
v -0.451080 0.036865 0.206612
v -0.437195 -0.078421 0.305412
v -0.432342 -0.157869 0.287908
v -0.429803 -0.119321 0.339118
v -0.442021 -0.073799 0.267031
v -0.428354 -0.160018 0.332535
v -0.438979 -0.112684 0.256363
v -0.413489 -0.080376 0.413107
v -0.398330 -0.144012 0.505965
v -0.415719 -0.117005 0.418433
v -0.401268 -0.073456 0.447331
v -0.408362 -0.153986 0.463433
v -0.392433 -0.101279 0.495382
v -0.405106 -0.005000 0.377051
v -0.371689 0.014498 0.425281
v -0.403253 0.011620 0.359374
v -0.392652 -0.016954 0.418772
v -0.386361 0.019949 0.381529
v -0.375542 -0.006283 0.445688
v -0.454741 0.010048 0.223167
v -0.462564 0.022396 0.150019
v -0.457284 0.021597 0.199755
v -0.455450 -0.002358 0.212355
v -0.461928 0.027770 0.162816
v -0.457901 0.001773 0.175271
v -0.046266 0.267700 -0.078020
v -0.095759 0.246749 0.053432
v -0.082786 0.264713 -0.073560
v -0.106569 0.250078 -0.009317
v -0.031145 0.257692 -0.015602
v -0.055086 0.247959 0.049375
v -0.067378 0.630730 -0.257015
v -0.139197 0.719708 -0.363589
v -0.113596 0.600437 -0.266900
v -0.148211 0.644385 -0.316916
v -0.048687 0.704002 -0.298301
v -0.085263 0.745196 -0.356430
v 0.064590 0.269206 -0.078433
v 0.107668 0.245211 0.049944
v 0.098999 0.264930 -0.075822
v 0.118879 0.250363 -0.012820
v 0.047009 0.258677 -0.015933
v 0.068509 0.246887 0.047315
v 0.084365 0.630883 -0.264107
v 0.139700 0.743570 -0.377394
v 0.128120 0.604634 -0.270392
v 0.151856 0.651903 -0.322812
v 0.059779 0.702384 -0.310330
v 0.089399 0.760330 -0.372881
v -0.271304 0.123156 0.199025
v -0.336685 0.097699 0.182068
v -0.281221 0.129527 0.148229
v -0.313400 0.114409 0.141754
v -0.290526 0.106501 0.237030
v -0.323094 0.094397 0.226640
v -0.040470 0.196940 0.215009
v 0.046787 0.198030 0.213874
v -0.019870 0.180554 0.264769
v 0.023937 0.181381 0.263859
v -0.017165 0.214803 0.161252
v 0.026258 0.214987 0.160575
v -0.217549 0.119886 0.331766
v -0.246186 0.093046 0.394373
v -0.195852 0.119385 0.372534
v -0.209359 0.106955 0.402993
v -0.253672 0.105116 0.323171
v -0.267177 0.092127 0.352950
v -0.413289 0.685872 -0.455032
v -0.287792 0.453728 -0.378369
v -0.467332 0.590127 -0.403031
v -0.268791 0.519404 -0.375170
v -0.354728 0.582627 -0.470079
v -0.322113 0.488274 -0.426570
v -0.071767 0.873241 -0.541856
v 0.118323 0.862908 -0.550254
v -0.032284 0.845829 -0.584655
v 0.063991 0.845268 -0.592804
v -0.032345 0.835518 -0.479006
v 0.048314 0.838933 -0.493549
v -0.311813 0.627436 -0.635197
v -0.331959 0.480480 -0.688713
v -0.302011 0.621441 -0.703510
v -0.312738 0.542249 -0.731378
v -0.331401 0.562667 -0.595330
v -0.335794 0.488568 -0.619559
v -0.384159 0.120105 -0.099149
v -0.409151 0.097043 0.003439
v -0.363239 0.138244 -0.091726
v -0.376197 0.122656 -0.039637
v -0.418768 0.093543 -0.056371
v -0.431980 0.083663 -0.004861
v -0.337392 0.265599 -0.421509
v -0.360583 0.292954 -0.539553
v -0.355572 0.221973 -0.429722
v -0.364415 0.235537 -0.486203
v -0.334496 0.341284 -0.464964
v -0.346681 0.351920 -0.526490
v -0.441891 0.079003 -0.128546
v -0.469719 0.060366 -0.058015
v -0.453836 0.071911 -0.140417
v -0.464530 0.063525 -0.104250
v -0.454469 0.071163 -0.077420
v -0.468178 0.062985 -0.043254
v -0.381698 0.058182 0.271695
v -0.346399 0.053401 0.354217
v -0.393374 0.045885 0.296816
v -0.375793 0.043153 0.337630
v -0.351991 0.067854 0.286151
v -0.333933 0.065551 0.327593
v -0.465147 0.056181 0.105159
v -0.470207 0.051112 0.072893
v -0.464760 0.048510 0.129344
v -0.467133 0.046350 0.113697
v -0.466968 0.060212 0.062637
v -0.469997 0.057361 0.046377
v 0.264916 0.134042 0.186190
v 0.326187 0.109491 0.167754
v 0.274414 0.142286 0.135186
v 0.305874 0.127103 0.129554
v 0.283358 0.116703 0.224099
v 0.314366 0.105644 0.213423
v 0.213624 0.123919 0.321447
v 0.242131 0.100635 0.385198
v 0.192472 0.121855 0.363017
v 0.206038 0.111673 0.394535
v 0.248458 0.113098 0.311690
v 0.262956 0.100847 0.343587
v 0.504632 0.646432 -0.525133
v 0.310373 0.437816 -0.394584
v 0.354290 0.554165 -0.427346
v 0.310376 0.472745 -0.393892
v 0.598027 0.668679 -0.413596
v 0.347874 0.509118 -0.425560
v 0.314033 0.652019 -0.606251
v 0.329904 0.493564 -0.681640
v 0.301137 0.624851 -0.684777
v 0.309347 0.546332 -0.720414
v 0.347803 0.600754 -0.564471
v 0.340267 0.514368 -0.600752
v 0.372943 0.120467 -0.113652
v 0.392373 0.094232 -0.009868
v 0.352016 0.142368 -0.104370
v 0.362707 0.126260 -0.051770
v 0.407075 0.086012 -0.070094
v 0.414861 0.076322 -0.019697
v 0.323387 0.272966 -0.421469
v 0.353923 0.305030 -0.540940
v 0.347831 0.219431 -0.433831
v 0.357345 0.238920 -0.491212
v 0.315047 0.362463 -0.454008
v 0.338158 0.373389 -0.517049
v 0.437568 0.073841 -0.142913
v 0.474284 0.050990 -0.072130
v 0.451067 0.066870 -0.155584
v 0.469977 0.056388 -0.119002
v 0.447477 0.063912 -0.090862
v 0.465441 0.052910 -0.056626
v 0.373327 0.067224 0.260902
v 0.339513 0.063686 0.344556
v 0.384955 0.053841 0.286626
v 0.368549 0.051496 0.328089
v 0.344512 0.078588 0.275275
v 0.327153 0.077256 0.317343
v 0.458005 0.036943 0.094433
v 0.470063 0.033815 0.060816
v 0.460482 0.031325 0.118776
v 0.464991 0.029589 0.101694
v 0.463208 0.040256 0.052128
v 0.470211 0.038981 0.035663
v -0.099324 -0.701321 0.203756
v -0.158437 -0.698186 0.345020
v -0.155862 -0.694697 0.192626
v -0.189139 -0.702121 0.265898
v -0.074256 -0.706758 0.285944
v -0.105074 -0.708471 0.355041
v -0.096135 -0.719727 -0.203413
v -0.147485 -0.733366 -0.302236
v -0.109124 -0.821221 -0.244894
v -0.163857 -0.821417 -0.312838
v -0.077313 -0.676646 -0.237429
v -0.100458 -0.682150 -0.274672
v 0.073416 -0.705195 0.228823
v 0.111171 -0.707924 0.427577
v 0.131439 -0.704251 0.229252
v 0.153181 -0.710216 0.323967
v 0.038002 -0.708668 0.312475
v 0.057965 -0.712877 0.411628
v 0.095742 -0.731112 -0.194271
v 0.147235 -0.738060 -0.293521
v 0.128202 -0.828248 -0.217225
v 0.167391 -0.830510 -0.278092
v 0.077779 -0.681283 -0.233746
v 0.091829 -0.691343 -0.276354
v -0.350663 -0.554474 0.413852
v -0.387615 -0.445798 0.339082
v -0.354072 -0.534656 0.343960
v -0.375173 -0.486405 0.309518
v -0.370256 -0.518278 0.442863
v -0.384910 -0.457897 0.402466
v -0.098792 -0.763511 0.532605
v 0.035808 -0.752555 0.589569
v -0.074112 -0.761654 0.581797
v 0.011419 -0.735106 0.595105
v -0.060690 -0.737287 0.495851
v -0.002236 -0.737261 0.526753
v -0.364645 -0.668012 0.633222
v -0.400201 -0.493443 0.667981
v -0.414272 -0.696333 0.688038
v -0.406932 -0.578744 0.726848
v -0.384979 -0.566995 0.581601
v -0.404303 -0.496420 0.599462
v -0.362462 -0.510615 -0.354101
v -0.414650 -0.412722 -0.275003
v -0.400764 -0.543861 -0.316283
v -0.427178 -0.484950 -0.275043
v -0.351807 -0.434070 -0.337891
v -0.384646 -0.393728 -0.308524
v -0.050152 -0.583459 -0.340972
v 0.051717 -0.581823 -0.342289
v -0.021676 -0.544819 -0.358087
v 0.025618 -0.543299 -0.358469
v -0.027354 -0.616126 -0.320308
v 0.027565 -0.615842 -0.320951
v -0.230924 -0.398592 -0.383522
v -0.245171 -0.277340 -0.410986
v -0.196988 -0.364636 -0.399863
v -0.204742 -0.305661 -0.413172
v -0.270941 -0.368003 -0.373409
v -0.273835 -0.303690 -0.381742
v -0.438932 -0.272574 -0.017625
v -0.435054 -0.279526 0.082725
v -0.439587 -0.327781 0.001698
v -0.435345 -0.329207 0.053566
v -0.437764 -0.222538 0.012119
v -0.437411 -0.227201 0.060152
v -0.366167 -0.207894 -0.273701
v -0.314304 -0.160578 -0.331100
v -0.352815 -0.145762 -0.274815
v -0.327281 -0.123469 -0.301962
v -0.358614 -0.251453 -0.308686
v -0.327007 -0.225826 -0.334144
v -0.427622 -0.107839 -0.067436
v -0.438654 -0.014591 -0.016274
v -0.423151 -0.056679 -0.083475
v -0.430617 -0.011799 -0.059332
v -0.434714 -0.114195 -0.024457
v -0.438695 -0.067101 0.001372
v -0.410974 -0.303933 0.399821
v -0.404040 -0.303065 0.509769
v -0.414806 -0.253415 0.411791
v -0.409579 -0.252367 0.462799
v -0.403564 -0.358912 0.441680
v -0.402613 -0.361207 0.500326
v -0.440686 -0.142193 0.153295
v -0.449682 -0.048498 0.104462
v -0.444483 -0.101416 0.171188
v -0.449364 -0.055655 0.146001
v -0.441227 -0.136067 0.108074
v -0.444442 -0.087128 0.085306
v 0.350608 -0.614350 0.494559
v 0.387242 -0.471194 0.382536
v 0.348838 -0.573091 0.408913
v 0.372748 -0.514693 0.356123
v 0.365313 -0.572904 0.514994
v 0.382815 -0.488544 0.457091
v 0.287333 -0.699880 0.836425
v 0.357166 -0.465598 0.728711
v 0.255615 -0.644521 0.809908
v 0.366518 -0.512980 0.797014
v 0.340575 -0.596613 0.692928
v 0.357492 -0.491331 0.678335
v 0.346761 -0.500759 -0.350129
v 0.404972 -0.406720 -0.283030
v 0.390888 -0.531914 -0.328938
v 0.416870 -0.480670 -0.288635
v 0.350029 -0.427820 -0.346176
v 0.385094 -0.387303 -0.319443
v 0.233758 -0.394414 -0.377685
v 0.242064 -0.267154 -0.384705
v 0.202000 -0.361617 -0.392016
v 0.207780 -0.301379 -0.397612
v 0.273148 -0.362444 -0.368347
v 0.274033 -0.297582 -0.368867
v 0.445172 -0.269040 -0.028254
v 0.439350 -0.278884 0.076508
v 0.445465 -0.326202 -0.007378
v 0.439714 -0.329405 0.048110
v 0.438350 -0.219290 0.002168
v 0.435732 -0.225099 0.051466
v 0.367557 -0.200592 -0.273915
v 0.320604 -0.154918 -0.325967
v 0.356945 -0.137800 -0.273936
v 0.336203 -0.116093 -0.301014
v 0.358187 -0.244703 -0.306567
v 0.333769 -0.220298 -0.332226
v 0.423376 -0.102714 -0.076806
v 0.438885 -0.011994 -0.029916
v 0.417812 -0.048559 -0.091674
v 0.429627 -0.007130 -0.069714
v 0.433002 -0.110374 -0.036374
v 0.436698 -0.064831 -0.012424
v 0.412262 -0.311136 0.422985
v 0.396558 -0.304192 0.533107
v 0.414318 -0.258773 0.425001
v 0.407125 -0.255137 0.476516
v 0.399887 -0.369118 0.479032
v 0.391761 -0.366783 0.538823
v 0.430550 -0.137799 0.142352
v 0.443293 -0.044986 0.088903
v 0.430560 -0.093144 0.157631
v 0.440169 -0.050113 0.130046
v 0.429334 -0.130318 0.096644
v 0.433183 -0.080364 0.071645
v 0.186282 -0.081938 0.845632
v 0.292459 -0.154072 0.798284
v 0.192666 -0.152959 0.871080
v 0.251654 -0.189531 0.849197
v 0.229203 -0.057294 0.794271
v 0.277847 -0.092462 0.770561
v -0.184724 -0.088192 0.850597
v -0.286805 -0.163587 0.806268
v -0.195319 -0.159839 0.883980
v -0.244343 -0.200595 0.853234
v -0.227961 -0.061973 0.801220
v -0.275914 -0.096856 0.780648
v 0.150224 0.062584 0.718435
v 0.215100 0.064276 0.621526
v 0.138186 0.088602 0.672448
v 0.171209 0.085950 0.627541
v 0.200235 0.034864 0.714230
v 0.230810 0.038984 0.661910
v -0.152997 0.060106 0.722410
v -0.215601 0.059194 0.624882
v -0.141427 0.087511 0.675868
v -0.173011 0.082945 0.630774
v -0.200940 0.030877 0.718612
v -0.232125 0.036328 0.667120
v 0.350512 -0.084028 0.620772
v 0.327929 -0.006461 0.568411
v 0.364361 -0.065453 0.564249
v 0.355112 -0.028890 0.540964
v 0.322299 -0.056223 0.652950
v 0.308264 -0.016089 0.623067
v -0.347588 -0.085269 0.626054
v -0.323402 -0.008680 0.573107
v -0.357500 -0.067540 0.567685
v -0.347908 -0.029885 0.545059
v -0.318257 -0.059033 0.658314
v -0.304663 -0.019098 0.627868
v 0.103982 0.006657 -0.616876
v 0.164326 -0.002988 -0.508146
v 0.098943 -0.005204 -0.535537
v 0.127540 -0.016467 -0.488012
v 0.141927 -0.003000 -0.657121
v 0.175323 0.001083 -0.597624
v -0.102998 0.010364 -0.612531
v -0.156445 -0.005732 -0.501770
v -0.090311 -0.001918 -0.528524
v -0.116204 -0.017641 -0.485214
v -0.147008 0.007686 -0.652422
v -0.175297 0.003101 -0.590216
v 0.122942 0.122049 -0.823051
v 0.228672 0.168449 -0.904195
v 0.130920 0.188855 -0.855835
v 0.181209 0.220955 -0.883096
v 0.160913 0.085313 -0.813152
v 0.213052 0.109308 -0.866610
v -0.149552 0.113613 -0.830521
v -0.302693 0.130199 -0.938929
v -0.164765 0.181182 -0.865922
v -0.235385 0.206235 -0.906383
v -0.188984 0.065643 -0.827598
v -0.252088 0.070988 -0.872067
v 0.285818 0.033059 -0.549316
v 0.336126 0.083149 -0.710659
v 0.322816 0.055023 -0.538438
v 0.343846 0.083237 -0.602520
v 0.267227 0.021809 -0.639609
v 0.302885 0.007912 -0.756629
v -0.283240 0.034646 -0.535883
v -0.343160 0.094255 -0.665126
v -0.319863 0.054494 -0.524628
v -0.346469 0.085385 -0.578229
v -0.267850 0.035281 -0.614620
v -0.297744 0.060473 -0.694315
v -0.194984 0.269948 -0.152295
v -0.204196 0.346583 -0.214109
v -0.171042 0.287255 -0.156513
v -0.185089 0.381881 -0.215518
v -0.236281 0.230307 -0.103065
v -0.187702 0.252981 -0.109210
v -0.236339 0.215845 -0.055205
v -0.229307 0.315194 -0.232559
v -0.209881 0.412249 -0.246761
v -0.245081 0.380286 -0.270163
v -0.249229 0.238848 -0.156303
v -0.245036 0.318059 -0.252224
v -0.264372 0.232883 -0.166567
v -0.260508 0.203895 -0.056901
v -0.275597 0.211151 -0.113565
v 0.196900 0.268096 -0.159722
v 0.203803 0.347121 -0.217639
v 0.176492 0.285231 -0.164654
v 0.189239 0.382741 -0.217371
v 0.233521 0.229305 -0.110183
v 0.191304 0.248538 -0.117805
v 0.233743 0.215008 -0.063201
v 0.228207 0.322764 -0.230371
v 0.205818 0.412478 -0.246340
v 0.235095 0.383657 -0.264118
v 0.246905 0.242781 -0.159858
v 0.242704 0.330325 -0.247480
v 0.262215 0.240875 -0.168872
v 0.255688 0.205077 -0.064798
v 0.270335 0.215383 -0.119321
v -0.340778 -0.670249 0.027531
v -0.390031 -0.762475 -0.064406
v -0.304632 -0.690655 0.024582
v -0.362124 -0.843592 -0.055783
v -0.370389 -0.600751 0.066693
v -0.313176 -0.648844 0.083697
v -0.351587 -0.592371 0.124869
v -0.425158 -0.668164 -0.091871
v -0.413068 -0.851927 -0.134061
v -0.453683 -0.707636 -0.158525
v -0.407067 -0.581030 -0.005184
v -0.441810 -0.624224 -0.123505
v -0.423656 -0.540572 -0.027482
v -0.376684 -0.558982 0.107415
v -0.410032 -0.528806 0.029608
v 0.342812 -0.662913 0.036794
v 0.405404 -0.761548 -0.070434
v 0.305293 -0.677182 0.037238
v 0.384436 -0.845589 -0.059421
v 0.370525 -0.605145 0.081019
v 0.308792 -0.647068 0.107262
v 0.347515 -0.600960 0.150856
v 0.425330 -0.671902 -0.110363
v 0.418641 -0.849346 -0.146763
v 0.447957 -0.714592 -0.194317
v 0.410747 -0.584066 -0.006699
v 0.437457 -0.625499 -0.146321
v 0.426737 -0.542125 -0.033588
v 0.374912 -0.566652 0.125928
v 0.413409 -0.532191 0.031904
v -0.017680 -0.633450 0.810864
v -0.119044 -0.588376 0.847304
v -0.061648 -0.701735 0.794685
v -0.177709 -0.670686 0.847628
v 0.095098 -0.560715 0.827718
v 0.017957 -0.664274 0.769496
v 0.155058 -0.606193 0.802629
v 0.051498 -0.458204 0.866076
v -0.067773 -0.465763 0.869288
v 0.057194 -0.387230 0.884359
v -0.067539 -0.393249 0.886278
v 0.175468 -0.539781 0.829996
v 0.118976 -0.424138 0.867661
v -0.186199 -0.578208 0.849130
v -0.127989 -0.437092 0.870460
v -0.000289 0.140860 0.449752
v -0.050213 0.139273 0.481195
v -0.019050 0.142240 0.422207
v -0.072725 0.136706 0.451345
v 0.048290 0.137693 0.477518
v 0.019113 0.142082 0.420127
v 0.071646 0.135910 0.448225
v 0.030391 0.140648 0.534437
v -0.033717 0.138947 0.535311
v 0.034031 0.139480 0.570452
v -0.038479 0.136559 0.570570
v 0.083882 0.132432 0.477975
v 0.066192 0.134196 0.542156
v -0.086290 0.133825 0.482578
v -0.070962 0.135215 0.545964
v 0.006338 -0.368150 -0.440311
v -0.038776 -0.323202 -0.456024
v -0.013130 -0.397171 -0.423182
v -0.062241 -0.352514 -0.440048
v 0.052142 -0.320497 -0.452520
v 0.023435 -0.397513 -0.422886
v 0.074554 -0.347421 -0.437179
v 0.033725 -0.238994 -0.472301
v -0.020675 -0.239726 -0.474240
v 0.035131 -0.176821 -0.479898
v -0.022328 -0.178370 -0.481093
v 0.084795 -0.301830 -0.451403
v 0.062941 -0.209101 -0.470301
v -0.071560 -0.301140 -0.453922
v -0.050229 -0.213618 -0.474879
v 0.003706 0.629641 -0.807670
v -0.081312 0.564460 -0.832289
v -0.030314 0.686442 -0.783772
v -0.121220 0.612241 -0.807184
v 0.084275 0.563833 -0.829159
v 0.040533 0.685066 -0.783374
v 0.128573 0.609531 -0.803021
v 0.043871 0.465469 -0.862944
v -0.053614 0.466347 -0.864314
v 0.043473 0.399397 -0.865656
v -0.056440 0.401026 -0.868179
v 0.141122 0.541732 -0.831066
v 0.094774 0.436457 -0.863965
v -0.136977 0.544446 -0.832945
v -0.103224 0.438665 -0.867015
v 0.437574 0.077153 -0.341629
v 0.447452 0.065268 -0.270543
v 0.431669 0.086338 -0.347810
v 0.447807 0.068386 -0.267508
v 0.415894 0.038244 -0.291548
v 0.434707 0.045872 -0.244941
v 0.397373 0.014138 -0.265403
v 0.422209 0.027252 -0.216498
v 0.432357 0.064131 -0.353910
v 0.393611 0.023908 -0.303579
v 0.412522 0.062733 -0.372653
v 0.425415 0.092038 -0.385547
v 0.414924 0.080341 -0.399887
v 0.453559 0.060676 -0.231453
v 0.441137 0.041007 -0.207406
v 0.439996 -0.002489 0.309574
v 0.450189 0.001071 0.257812
v 0.439978 0.010560 0.292406
v 0.452390 0.011240 0.238281
v 0.433464 -0.056878 0.334315
v 0.443551 -0.023461 0.269202
v 0.431004 -0.085265 0.334475
v 0.437379 -0.039236 0.260942
v 0.429888 -0.033637 0.359202
v 0.427217 -0.086954 0.372502
v 0.420204 -0.053568 0.399398
v 0.428549 0.003234 0.330856
v 0.418868 -0.028112 0.386886
v 0.453523 0.006596 0.222741
v 0.445989 -0.013522 0.232971
v -0.420159 0.088558 -0.329242
v -0.432900 0.071911 -0.256741
v -0.417622 0.100839 -0.335025
v -0.435392 0.078915 -0.252957
v -0.399634 0.037723 -0.282747
v -0.419314 0.044140 -0.233408
v -0.387180 0.010230 -0.259364
v -0.410224 0.023342 -0.206835
v -0.410711 0.071560 -0.344047
v -0.380775 0.020200 -0.298895
v -0.389895 0.060201 -0.366530
v -0.412613 0.106224 -0.373798
v -0.406094 0.085382 -0.389518
v -0.442778 0.068379 -0.217102
v -0.427437 0.040837 -0.194992
v -0.429164 0.002300 0.317387
v -0.445132 0.009051 0.268313
v -0.429148 0.014542 0.300637
v -0.447172 0.019115 0.248446
v -0.432362 -0.049374 0.342667
v -0.446104 -0.014108 0.281250
v -0.431332 -0.081599 0.342466
v -0.444668 -0.039395 0.275017
v -0.421187 -0.026498 0.365197
v -0.423838 -0.082367 0.378291
v -0.410630 -0.049255 0.404148
v -0.417677 0.006004 0.337780
v -0.407375 -0.024655 0.392021
v -0.451853 0.015547 0.235049
v -0.451291 -0.006851 0.247589
v -0.046642 0.360739 -0.148048
v -0.057077 0.503383 -0.177475
v -0.082179 0.346857 -0.153642
v -0.096004 0.477297 -0.193802
v 0.068277 0.360165 -0.153137
v 0.080155 0.499313 -0.190679
v 0.103302 0.347826 -0.157108
v 0.127146 0.485710 -0.187711
v 0.009826 0.301322 -0.132432
v -0.061721 0.292624 -0.130873
v -0.009299 0.270769 -0.079616
v 0.010434 0.584960 -0.211387
v -0.083378 0.554054 -0.220862
v -0.018213 0.652941 -0.246657
v 0.082120 0.294302 -0.133857
v 0.027746 0.272234 -0.079876
v 0.106174 0.561162 -0.221743
v 0.034265 0.649544 -0.254023
v -0.158076 0.216242 0.111651
v -0.212524 0.170869 0.155950
v -0.166029 0.220985 0.051952
v -0.222130 0.179712 0.101969
v -0.105648 0.175859 0.265070
v -0.163889 0.147794 0.303004
v -0.086298 0.165760 0.313633
v -0.142015 0.141879 0.345129
v -0.106140 0.214463 0.170195
v -0.132578 0.235384 0.054026
v -0.081515 0.237552 0.113646
v -0.219800 0.140440 0.251080
v -0.246401 0.151467 0.151189
v -0.256406 0.121693 0.245742
v -0.063700 0.180021 0.266408
v -0.061289 0.214711 0.165226
v -0.181409 0.132387 0.340741
v -0.238479 0.120864 0.290222
v -0.235276 0.732162 -0.428203
v -0.399042 0.752842 -0.507039
v -0.237983 0.651253 -0.376733
v -0.371291 0.650429 -0.436309
v -0.261490 0.961326 -0.571323
v -0.256174 0.755976 -0.624553
v -0.162419 0.834778 -0.635240
v -0.237697 0.743518 -0.686292
v -0.182095 0.869237 -0.460814
v -0.188165 0.689941 -0.368913
v -0.128584 0.793684 -0.414331
v -0.349091 0.710210 -0.542325
v -0.575487 0.708321 -0.457438
v -0.381301 0.664611 -0.506602
v -0.137864 0.871429 -0.568979
v -0.116533 0.856164 -0.474854
v -0.279999 0.690647 -0.669217
v -0.336299 0.638747 -0.569857
v -0.286451 0.280206 -0.295117
v -0.329875 0.180878 -0.197833
v -0.275041 0.300371 -0.286418
v -0.312409 0.199856 -0.191241
v -0.353710 0.180292 -0.320857
v -0.395888 0.118687 -0.223670
v -0.375887 0.154552 -0.328943
v -0.414378 0.104039 -0.232692
v -0.316463 0.291930 -0.353480
v -0.262050 0.376483 -0.338725
v -0.310371 0.383979 -0.393041
v -0.388958 0.116876 -0.160659
v -0.347699 0.158005 -0.144831
v -0.405204 0.102239 -0.107800
v -0.351703 0.202338 -0.375126
v -0.325763 0.322463 -0.407601
v -0.428286 0.089566 -0.180865
v -0.424955 0.088733 -0.117728
v -0.370704 0.095649 0.123339
v -0.393126 0.098306 0.062418
v -0.344618 0.114183 0.082175
v -0.364501 0.118460 0.021173
v -0.422576 0.054673 0.216536
v -0.450971 0.054632 0.161353
v -0.429881 0.043553 0.239997
v -0.451926 0.045371 0.184394
v -0.383365 0.075595 0.203112
v -0.343444 0.103446 0.133451
v -0.354014 0.084050 0.215225
v -0.443980 0.072654 0.091037
v -0.386860 0.108743 0.012140
v -0.441466 0.077469 0.044957
v -0.408997 0.049516 0.256495
v -0.368813 0.071064 0.244799
v -0.460079 0.051108 0.145443
v -0.461241 0.064319 0.079306
v 0.162219 0.213417 0.104624
v 0.211814 0.173417 0.146371
v 0.170668 0.219545 0.044621
v 0.221080 0.181687 0.092444
v 0.109015 0.173463 0.262305
v 0.162582 0.148375 0.295025
v 0.085759 0.160749 0.306810
v 0.141725 0.140339 0.339446
v 0.113807 0.216963 0.167941
v 0.140804 0.233714 0.048092
v 0.093041 0.235479 0.112877
v 0.066701 0.178971 0.262190
v 0.070260 0.215938 0.163517
v 0.217083 0.143659 0.241406
v 0.242623 0.157758 0.140296
v 0.250544 0.129580 0.233096
v 0.178280 0.133160 0.330752
v 0.233433 0.126774 0.278197
v 0.222114 0.744760 -0.423593
v 0.299048 0.704139 -0.449740
v 0.217423 0.649085 -0.368656
v 0.283445 0.620977 -0.396022
v 0.167907 0.868442 -0.552181
v 0.253167 0.767091 -0.607761
v 0.161136 0.823969 -0.630000
v 0.238269 0.739796 -0.669394
v 0.179585 1.004497 -0.508009
v 0.183173 0.703288 -0.374862
v 0.121502 0.843228 -0.440103
v 0.148617 0.857883 -0.598785
v 0.119529 0.888223 -0.531033
v 0.310420 0.778174 -0.518695
v 0.347074 0.641684 -0.440902
v 0.488603 0.770576 -0.499786
v 0.278731 0.698106 -0.645519
v 0.344833 0.683645 -0.525298
v 0.299904 0.290435 -0.308510
v 0.326266 0.181067 -0.211912
v 0.285586 0.317970 -0.296317
v 0.309491 0.207199 -0.201221
v 0.348122 0.174654 -0.332453
v 0.392956 0.110020 -0.239107
v 0.374424 0.145290 -0.340373
v 0.416398 0.090226 -0.247791
v 0.311165 0.293243 -0.363495
v 0.300860 0.376684 -0.347227
v 0.314911 0.390230 -0.392215
v 0.381907 0.116287 -0.177429
v 0.339311 0.159205 -0.157494
v 0.395194 0.101373 -0.123695
v 0.344669 0.198863 -0.382425
v 0.303922 0.331945 -0.403674
v 0.426390 0.081393 -0.195736
v 0.417462 0.084785 -0.133055
v 0.357693 0.105005 0.109214
v 0.379587 0.099683 0.050839
v 0.335068 0.124695 0.071317
v 0.352063 0.127733 0.009556
v 0.412404 0.056278 0.205352
v 0.438701 0.043937 0.149870
v 0.423207 0.044051 0.230539
v 0.450039 0.032499 0.176726
v 0.370790 0.083541 0.188902
v 0.332637 0.115997 0.119971
v 0.343536 0.094866 0.201613
v 0.423446 0.063477 0.075323
v 0.372216 0.112241 -0.000499
v 0.421200 0.068284 0.029152
v 0.400213 0.055700 0.246063
v 0.359737 0.080674 0.232823
v 0.456205 0.032558 0.137302
v 0.444624 0.048179 0.064865
v -0.094796 -0.710554 0.055324
v -0.099333 -0.732214 -0.080243
v -0.152074 -0.708171 0.041787
v -0.142196 -0.797404 -0.082482
v 0.086897 -0.708988 0.063111
v 0.099140 -0.728789 -0.078430
v 0.149091 -0.699908 0.050661
v 0.146056 -0.792771 -0.080804
v -0.009367 -0.706634 0.140149
v -0.125478 -0.694921 0.121814
v -0.042250 -0.705928 0.214284
v 0.000284 -0.689226 -0.131803
v -0.113385 -0.774560 -0.153291
v -0.042389 -0.672126 -0.185318
v 0.109713 -0.701364 0.141891
v 0.015824 -0.706937 0.223424
v 0.115253 -0.781184 -0.144560
v 0.043883 -0.674779 -0.182311
v -0.231431 -0.665711 0.401803
v -0.293853 -0.625016 0.420635
v -0.248945 -0.654320 0.312830
v -0.305534 -0.604941 0.338835
v -0.219222 -0.875204 0.541195
v -0.296706 -0.828081 0.626884
v -0.169655 -0.961303 0.601118
v -0.354142 -0.940413 0.753001
v -0.170961 -0.724532 0.474211
v -0.207610 -0.680590 0.332770
v -0.134622 -0.707011 0.424351
v -0.320451 -0.656705 0.523406
v -0.327823 -0.582449 0.380024
v -0.350256 -0.583882 0.484483
v -0.139120 -0.826455 0.564372
v -0.118977 -0.737116 0.480830
v -0.338076 -0.793021 0.660893
v -0.353195 -0.623078 0.556159
v -0.225063 -0.729634 -0.349001
v -0.300914 -0.638007 -0.360563
v -0.264736 -0.818074 -0.360020
v -0.356842 -0.706863 -0.363651
v -0.118012 -0.545386 -0.361105
v -0.177983 -0.482600 -0.376158
v -0.087179 -0.502661 -0.374123
v -0.145356 -0.442790 -0.388913
v -0.135741 -0.638626 -0.332416
v -0.201368 -0.781894 -0.331961
v -0.121621 -0.668262 -0.305475
v -0.263843 -0.504724 -0.365244
v -0.360693 -0.600796 -0.357405
v -0.310357 -0.473145 -0.356689
v -0.069840 -0.545814 -0.358618
v -0.082791 -0.624021 -0.323627
v -0.188493 -0.423329 -0.387371
v -0.268008 -0.435024 -0.368423
v -0.442035 -0.372004 -0.189134
v -0.442947 -0.321223 -0.101036
v -0.450742 -0.438398 -0.180237
v -0.445423 -0.380488 -0.085754
v -0.392635 -0.180985 -0.204951
v -0.414842 -0.146753 -0.136523
v -0.381498 -0.122963 -0.211509
v -0.405698 -0.093794 -0.148753
v -0.403660 -0.290742 -0.235807
v -0.435217 -0.427306 -0.230199
v -0.395029 -0.341555 -0.271684
v -0.434019 -0.210638 -0.081463
v -0.441837 -0.325041 -0.050060
v -0.437190 -0.217405 -0.035586
v -0.372178 -0.164924 -0.240779
v -0.380127 -0.273163 -0.272882
v -0.417548 -0.101935 -0.108993
v -0.433219 -0.161669 -0.051780
v -0.406883 -0.387011 0.245413
v -0.424135 -0.333480 0.159837
v -0.400094 -0.431384 0.215880
v -0.421140 -0.380835 0.130952
v -0.422712 -0.249468 0.309087
v -0.433297 -0.196498 0.227260
v -0.425609 -0.204462 0.322511
v -0.436291 -0.153448 0.243171
v -0.409213 -0.347292 0.327190
v -0.392800 -0.436930 0.276871
v -0.397553 -0.401223 0.363620
v -0.433680 -0.236141 0.158243
v -0.429654 -0.330921 0.106062
v -0.436034 -0.231418 0.109060
v -0.418574 -0.252475 0.360217
v -0.405594 -0.353494 0.383693
v -0.439069 -0.148427 0.198231
v -0.437998 -0.185490 0.132563
v 0.185946 -0.713597 0.510565
v 0.284871 -0.695630 0.520043
v 0.214712 -0.679292 0.392213
v 0.286269 -0.642123 0.421503
v 0.164329 -0.944718 0.622268
v 0.245620 -0.880325 0.786807
v 0.147766 -0.831318 0.652900
v 0.324946 -0.846049 0.847065
v 0.054343 -0.714603 0.730423
v 0.163899 -0.695777 0.420183
v 0.072106 -0.716613 0.534609
v 0.086431 -0.797297 0.625284
v 0.045790 -0.740722 0.589943
v 0.274594 -0.837374 0.655407
v 0.321381 -0.628047 0.472896
v 0.362573 -0.700674 0.572537
v 0.236011 -0.791453 0.762423
v 0.338492 -0.736677 0.672410
v 0.223297 -0.715536 -0.344637
v 0.293550 -0.619139 -0.359339
v 0.272131 -0.804553 -0.343536
v 0.341166 -0.678362 -0.355515
v 0.119620 -0.540110 -0.363131
v 0.181572 -0.475499 -0.375803
v 0.092118 -0.498920 -0.376005
v 0.151307 -0.438210 -0.388333
v 0.132505 -0.635454 -0.334424
v 0.191561 -0.790673 -0.328448
v 0.113211 -0.672505 -0.308895
v 0.072934 -0.542786 -0.360296
v 0.080802 -0.623609 -0.325669
v 0.261239 -0.494989 -0.363359
v 0.345532 -0.582374 -0.355244
v 0.305882 -0.464540 -0.356718
v 0.192965 -0.418778 -0.384225
v 0.267762 -0.428386 -0.366745
v 0.436308 -0.366520 -0.199858
v 0.448643 -0.319602 -0.113771
v 0.442039 -0.433427 -0.192993
v 0.448969 -0.379181 -0.098121
v 0.385182 -0.172979 -0.206338
v 0.409489 -0.140242 -0.143013
v 0.376185 -0.113255 -0.211891
v 0.399640 -0.084113 -0.153625
v 0.396404 -0.286936 -0.239032
v 0.427006 -0.423423 -0.241401
v 0.395587 -0.337515 -0.280412
v 0.433642 -0.206322 -0.091396
v 0.450225 -0.323886 -0.061396
v 0.437966 -0.213619 -0.046033
v 0.369055 -0.156803 -0.239795
v 0.379997 -0.267839 -0.276150
v 0.411131 -0.094327 -0.115979
v 0.429904 -0.157805 -0.061828
v 0.408986 -0.400488 0.265507
v 0.427041 -0.339159 0.164064
v 0.400407 -0.445720 0.238043
v 0.424394 -0.387106 0.136462
v 0.424520 -0.254563 0.316478
v 0.430451 -0.196914 0.222892
v 0.427594 -0.206636 0.324205
v 0.430289 -0.152002 0.235833
v 0.412490 -0.359582 0.351817
v 0.393018 -0.456672 0.309254
v 0.398446 -0.420876 0.402653
v 0.433046 -0.236860 0.153800
v 0.433313 -0.333800 0.105220
v 0.435497 -0.230397 0.101832
v 0.420147 -0.258131 0.371275
v 0.408108 -0.365609 0.416894
v 0.430400 -0.145300 0.188859
v 0.432152 -0.183383 0.123901
v 0.064715 -0.079083 0.891173
v -0.067542 -0.079788 0.891516
v 0.072852 -0.149969 0.944797
v -0.072639 -0.154251 0.935647
v 0.051256 0.074066 0.748570
v -0.054624 0.072756 0.749824
v 0.046622 0.100693 0.698675
v -0.050043 0.099445 0.699804
v 0.115670 0.008640 0.808292
v 0.131029 -0.114402 0.889879
v 0.174268 -0.022958 0.806849
v -0.116622 0.004596 0.809645
v -0.131601 -0.119995 0.890079
v -0.173416 -0.027947 0.810406
v 0.098304 0.085523 0.713412
v 0.162607 0.026284 0.764216
v -0.101897 0.084618 0.716134
v -0.164176 0.022659 0.769246
v 0.358290 -0.363230 0.743746
v 0.333151 -0.259008 0.774284
v 0.333838 -0.416370 0.786714
v 0.292509 -0.303213 0.815500
v 0.390773 -0.232040 0.572357
v 0.377738 -0.157346 0.602685
v 0.399983 -0.193317 0.516760
v 0.387020 -0.129239 0.546374
v 0.378818 -0.338954 0.643910
v 0.355873 -0.441215 0.759189
v 0.370795 -0.410995 0.659351
v 0.399458 -0.246125 0.525578
v 0.384471 -0.356495 0.594057
v 0.352072 -0.157124 0.705097
v 0.298213 -0.225826 0.814620
v 0.322384 -0.125125 0.742167
v 0.371718 -0.108584 0.584917
v 0.337451 -0.103334 0.680584
v -0.364137 -0.386098 0.732804
v -0.329696 -0.275132 0.775668
v -0.343987 -0.442939 0.790058
v -0.290311 -0.320374 0.815977
v -0.396336 -0.235246 0.566274
v -0.379736 -0.159859 0.605362
v -0.401778 -0.193015 0.512706
v -0.385404 -0.129988 0.547804
v -0.392694 -0.349425 0.619696
v -0.382281 -0.471375 0.743904
v -0.397126 -0.421822 0.611907
v -0.403646 -0.246603 0.514282
v -0.399611 -0.359032 0.559554
v -0.356309 -0.159684 0.714866
v -0.289093 -0.240451 0.816608
v -0.319642 -0.129132 0.752930
v -0.369433 -0.110055 0.588516
v -0.334992 -0.106479 0.687251
v 0.234142 0.089960 0.458575
v 0.224846 0.078426 0.535709
v 0.197144 0.103188 0.467249
v 0.185031 0.095215 0.543105
v 0.334631 0.046726 0.415077
v 0.331834 0.025421 0.489217
v 0.362925 0.033092 0.395661
v 0.359635 0.008628 0.466236
v 0.290605 0.075866 0.403616
v 0.220465 0.101450 0.426777
v 0.276572 0.088831 0.373671
v 0.351409 0.049066 0.370654
v 0.309095 0.076125 0.360128
v 0.279231 0.041709 0.558256
v 0.199412 0.081945 0.581347
v 0.256545 0.040429 0.609399
v 0.344704 0.001465 0.516029
v 0.294656 0.016701 0.591612
v -0.236404 0.083925 0.465081
v -0.226945 0.074986 0.541355
v -0.199726 0.099709 0.473809
v -0.188230 0.094635 0.548776
v -0.340419 0.041664 0.423066
v -0.334085 0.025147 0.495883
v -0.366686 0.030502 0.403100
v -0.356932 0.008778 0.471691
v -0.294231 0.067011 0.411042
v -0.223078 0.095776 0.434090
v -0.280656 0.079356 0.382252
v -0.357397 0.042331 0.379404
v -0.314568 0.065871 0.369015
v -0.281624 0.039733 0.564713
v -0.201306 0.079540 0.585769
v -0.258184 0.038061 0.615381
v -0.340792 0.000896 0.521105
v -0.295292 0.016640 0.597879
v 0.035077 0.019022 -0.619703
v -0.034017 0.020045 -0.617725
v 0.034609 -0.002044 -0.545506
v -0.027698 -0.001404 -0.543877
v 0.039437 0.117110 -0.831055
v -0.051346 0.123687 -0.825909
v 0.039300 0.187385 -0.848391
v -0.056619 0.189963 -0.847220
v 0.073941 0.053651 -0.732984
v 0.068378 0.004493 -0.581573
v 0.107873 0.022633 -0.701866
v -0.083632 0.055633 -0.731802
v -0.063710 0.006139 -0.577595
v -0.115454 0.024542 -0.699219
v 0.083025 0.154562 -0.836543
v 0.113752 0.061923 -0.774346
v -0.103151 0.154607 -0.838844
v -0.130540 0.059728 -0.778286
v 0.213508 -0.170582 -0.403617
v 0.187301 -0.072299 -0.428149
v 0.181797 -0.205265 -0.417808
v 0.155356 -0.106731 -0.443171
v 0.292199 -0.067129 -0.349162
v 0.285559 0.005225 -0.411552
v 0.317706 -0.033712 -0.333803
v 0.318571 0.021692 -0.411824
v 0.271379 -0.165154 -0.367789
v 0.211521 -0.236769 -0.400845
v 0.273498 -0.231046 -0.369511
v 0.313528 -0.091346 -0.324171
v 0.301742 -0.194285 -0.350461
v 0.229160 0.000079 -0.463035
v 0.158045 -0.041598 -0.456011
v 0.204465 0.001549 -0.531711
v 0.303454 0.030650 -0.473895
v 0.245862 0.013719 -0.547173
v -0.205268 -0.174724 -0.414050
v -0.173198 -0.074850 -0.427810
v -0.172547 -0.208121 -0.426872
v -0.140526 -0.109740 -0.439718
v -0.282882 -0.071751 -0.358638
v -0.275149 0.000235 -0.417208
v -0.304337 -0.041942 -0.338561
v -0.308372 0.016210 -0.412832
v -0.266567 -0.170029 -0.382018
v -0.207511 -0.242589 -0.418396
v -0.274006 -0.237841 -0.386340
v -0.303115 -0.097305 -0.328726
v -0.295828 -0.198995 -0.358411
v -0.220016 -0.000941 -0.460817
v -0.144726 -0.044501 -0.454007
v -0.199604 0.001293 -0.525225
v -0.295845 0.027153 -0.469568
v -0.242184 0.016568 -0.535683
v 0.323086 0.399181 -0.812768
v 0.300385 0.308388 -0.969129
v 0.282984 0.437029 -0.826970
v 0.248272 0.348240 -0.937515
v 0.376953 0.244138 -0.628155
v 0.389486 0.170915 -0.695865
v 0.381163 0.197730 -0.557218
v 0.381187 0.144112 -0.601390
v 0.358320 0.362896 -0.674144
v 0.316413 0.471575 -0.762807
v 0.343738 0.434815 -0.638304
v 0.368006 0.247403 -0.555193
v 0.350213 0.371858 -0.590546
v 0.349150 0.156774 -0.895746
v 0.228159 0.259625 -0.912461
v 0.260763 0.112203 -0.922781
v 0.364970 0.120903 -0.657846
v 0.320894 0.087615 -0.843320
v -0.344065 0.391070 -0.796811
v -0.324875 0.282034 -0.906570
v -0.296637 0.441542 -0.826831
v -0.262919 0.333495 -0.938395
v -0.387041 0.236568 -0.610981
v -0.401667 0.165409 -0.666366
v -0.386962 0.195843 -0.542924
v -0.387660 0.142018 -0.580219
v -0.363271 0.348433 -0.663667
v -0.326849 0.470103 -0.761881
v -0.346748 0.417461 -0.642483
v -0.375379 0.241173 -0.546054
v -0.355525 0.354050 -0.592098
v -0.361984 0.157715 -0.812622
v -0.309060 0.236337 -0.960437
v -0.315776 0.109698 -0.864161
v -0.375582 0.121557 -0.626381
v -0.326304 0.100828 -0.759757
v 0.483006 0.038396 -0.057123
v 0.466428 0.025782 -0.041116
v 0.480913 0.047559 -0.100344
v 0.460598 0.028094 -0.083758
v 0.471580 0.026363 0.069296
v 0.467727 0.008885 0.079436
v 0.466629 0.020539 0.109224
v 0.462479 0.005175 0.118763
v 0.478608 0.037137 0.002771
v 0.482219 0.048893 -0.087209
v 0.475881 0.044725 -0.025441
v 0.468812 0.027597 0.085474
v 0.474888 0.038898 0.018787
v 0.457329 -0.004384 0.024665
v 0.446294 0.012315 -0.055369
v 0.442654 -0.027000 0.009038
v 0.454090 -0.015419 0.104402
v 0.445432 -0.035527 0.048162
v -0.470746 0.052746 -0.040847
v -0.457724 0.033182 -0.026250
v -0.466221 0.056584 -0.085080
v -0.451985 0.034955 -0.069097
v -0.468938 0.041946 0.085139
v -0.462298 0.019475 0.097668
v -0.465950 0.035161 0.124562
v -0.459869 0.007529 0.136584
v -0.473221 0.052342 0.016166
v -0.469067 0.058705 -0.072169
v -0.472781 0.057650 -0.012889
v -0.468493 0.044061 0.098906
v -0.472443 0.054879 0.030781
v -0.454067 0.005690 0.041715
v -0.444321 0.015423 -0.041591
v -0.445226 -0.026142 0.023794
v -0.455182 -0.015742 0.121690
v -0.448351 -0.038871 0.063517
v -0.128467 0.272873 -0.123422
v -0.150219 0.250070 -0.063228
v -0.159277 0.491327 -0.238961
v -0.190655 0.529847 -0.281925
v -0.117511 0.258853 -0.068417
v -0.155185 0.568224 -0.274246
v -0.260402 0.174309 0.046410
v -0.288014 0.158543 0.041937
v -0.285898 0.144047 0.094674
v -0.287041 0.482448 -0.357194
v -0.280450 0.400232 -0.318965
v -0.302557 0.507526 -0.399061
v -0.310993 0.189391 -0.129692
v -0.322811 0.166917 -0.076285
v -0.343126 0.154277 -0.084002
v 0.142176 0.272695 -0.129499
v 0.159206 0.248812 -0.069816
v 0.172498 0.494625 -0.236185
v 0.190058 0.529526 -0.278995
v 0.130711 0.259058 -0.072323
v 0.164289 0.570087 -0.274467
v 0.255244 0.177661 0.036067
v 0.281328 0.164435 0.032040
v 0.279912 0.151840 0.083793
v 0.271064 0.471286 -0.330562
v 0.272528 0.401702 -0.308932
v 0.294398 0.480257 -0.361849
v 0.304917 0.198255 -0.137357
v 0.315855 0.175164 -0.084704
v 0.333304 0.161062 -0.094762
v -0.228274 -0.669538 0.094575
v -0.249095 -0.661311 0.165159
v -0.228395 -0.977131 -0.161427
v -0.267989 -0.958377 -0.268826
v -0.205641 -0.680102 0.179132
v -0.180868 -0.931475 -0.268089
v -0.348265 -0.558084 0.235533
v -0.373250 -0.517532 0.209554
v -0.362083 -0.523298 0.275265
v -0.448578 -0.649360 -0.263787
v -0.457274 -0.574977 -0.213795
v -0.434798 -0.564856 -0.268657
v -0.436445 -0.435650 -0.012492
v -0.428275 -0.432154 0.042533
v -0.436636 -0.381226 0.021647
v 0.219103 -0.675371 0.125790
v 0.233208 -0.674484 0.207408
v 0.241557 -0.986775 -0.144232
v 0.293441 -0.962386 -0.251665
v 0.188268 -0.703387 0.220811
v 0.173570 -0.949142 -0.248852
v 0.339733 -0.579296 0.280942
v 0.367625 -0.535323 0.242715
v 0.356416 -0.549852 0.322880
v 0.433271 -0.636885 -0.289899
v 0.440329 -0.566558 -0.235918
v 0.424211 -0.556138 -0.290677
v 0.438493 -0.435691 -0.019457
v 0.430507 -0.434172 0.041930
v 0.439199 -0.381651 0.016258
v -0.071748 -0.776021 0.686450
v -0.008118 -0.693739 0.668939
v -0.343606 -0.748981 0.858618
v -0.325012 -0.613908 0.827531
v -0.050838 -0.723235 0.625869
v -0.371736 -0.673089 0.784652
v 0.349971 -0.663411 0.769673
v 0.327233 -0.570651 0.802070
v 0.396245 -0.612485 0.790248
v 0.127961 -0.271539 0.896224
v 0.189885 -0.309448 0.876847
v -0.129567 -0.278329 0.896629
v -0.190288 -0.320240 0.873078
v 0.192214 -0.229863 0.877778
v -0.192211 -0.238754 0.881135
v -0.020665 0.154669 0.352943
v 0.022428 0.151186 0.356220
v -0.134239 0.129070 0.415814
v -0.148389 0.121594 0.447483
v 0.001041 0.165980 0.311352
v -0.172213 0.119375 0.410276
v 0.132251 0.129383 0.408891
v 0.146201 0.122515 0.441462
v 0.169378 0.121355 0.402196
v 0.082378 0.122818 0.622061
v 0.116301 0.118525 0.586392
v -0.086336 0.122186 0.623745
v -0.122719 0.121173 0.592171
v 0.126747 0.106125 0.627910
v -0.130193 0.104910 0.631100
v -0.017296 -0.466804 -0.389968
v 0.024565 -0.466100 -0.390229
v -0.126317 -0.356751 -0.418554
v -0.134759 -0.301772 -0.431283
v 0.002548 -0.505090 -0.374264
v -0.165127 -0.331587 -0.416066
v 0.136355 -0.356140 -0.416025
v 0.144901 -0.301005 -0.425581
v 0.172971 -0.330617 -0.408381
v 0.065209 -0.079204 -0.490198
v 0.094551 -0.109915 -0.473458
v -0.053005 -0.080838 -0.488233
v -0.082045 -0.112241 -0.473235
v 0.096503 -0.043754 -0.488187
v -0.082974 -0.045663 -0.484436
v -0.034909 0.816010 -0.722514
v 0.053712 0.799645 -0.708086
v -0.231795 0.639099 -0.774992
v -0.242479 0.563016 -0.810164
v 0.014490 0.833002 -0.651638
v -0.292161 0.607193 -0.767981
v 0.245618 0.642769 -0.785490
v 0.250655 0.559697 -0.816317
v 0.291283 0.597055 -0.759092
v 0.090424 0.296877 -0.867866
v 0.142237 0.334223 -0.877608
v -0.110989 0.298075 -0.873818
v -0.163718 0.337712 -0.886543
v 0.137553 0.260776 -0.874017
v -0.169260 0.258944 -0.883451
v 0.394855 0.134591 -0.394525
v 0.393020 0.147488 -0.442825
v 0.451596 0.068300 -0.216152
v 0.462471 0.059448 -0.179586
v 0.372767 0.179641 -0.441545
v 0.461770 0.060825 -0.167700
v 0.361599 -0.042733 -0.253995
v 0.353933 -0.028376 -0.289245
v 0.413509 0.000433 -0.150631
v 0.434308 0.020190 -0.137821
v 0.349104 -0.078017 -0.275933
v 0.422101 -0.005315 -0.111186
v 0.368859 0.063508 -0.447492
v 0.380329 0.089579 -0.487935
v 0.354961 0.075403 -0.516539
v 0.418764 0.030232 0.292160
v 0.403798 0.026182 0.332583
v 0.455356 0.022002 0.180376
v 0.459056 0.018441 0.163794
v 0.395017 0.040266 0.310415
v 0.460095 0.025304 0.141207
v 0.424396 -0.163986 0.376327
v 0.418164 -0.162298 0.421432
v 0.431983 -0.059192 0.211975
v 0.443944 -0.024723 0.183524
v 0.416255 -0.208730 0.424285
v 0.435809 -0.052930 0.171062
v 0.396639 -0.063641 0.478542
v 0.391304 -0.032185 0.460799
v 0.378782 -0.047556 0.510847
v -0.390897 0.146101 -0.383136
v -0.390666 0.156991 -0.431273
v -0.446477 0.075051 -0.200968
v -0.454457 0.067126 -0.164306
v -0.374946 0.186362 -0.433371
v -0.455690 0.069360 -0.152825
v -0.358414 -0.051596 -0.253411
v -0.344663 -0.035712 -0.288379
v -0.411683 -0.008032 -0.142674
v -0.427404 0.019623 -0.126312
v -0.342607 -0.086950 -0.276341
v -0.422684 -0.013835 -0.103039
v -0.357673 0.060401 -0.440051
v -0.374986 0.089660 -0.475719
v -0.350156 0.073371 -0.503484
v -0.417315 0.030321 0.300048
v -0.401274 0.025121 0.339959
v -0.456599 0.034192 0.191018
v -0.460053 0.031391 0.176392
v -0.398361 0.036094 0.319022
v -0.462733 0.040278 0.153062
v -0.422870 -0.161431 0.376717
v -0.416806 -0.159481 0.420480
v -0.446146 -0.068459 0.227616
v -0.452482 -0.029021 0.200895
v -0.416156 -0.205361 0.418120
v -0.448792 -0.062127 0.187205
v -0.386191 -0.064442 0.481439
v -0.380441 -0.033107 0.464911
v -0.368620 -0.049835 0.514212
v -0.013612 0.245684 0.045663
v 0.026965 0.245678 0.044940
v 0.005465 0.231151 0.104386
v -0.029737 0.777782 -0.339903
v 0.034474 0.765579 -0.360852
v 0.003456 0.805531 -0.419648
v -0.307515 0.091990 0.270760
v -0.288381 0.091164 0.312515
v -0.320608 0.079113 0.299544
v -0.336935 0.495310 -0.489500
v -0.337986 0.493235 -0.553006
v -0.337688 0.418689 -0.509161
v -0.450233 0.073732 -0.015635
v -0.464850 0.065442 -0.027324
v -0.465821 0.063708 0.017951
v 0.299454 0.103070 0.257655
v 0.282335 0.101623 0.301148
v 0.314125 0.090245 0.288702
v 0.370639 0.555968 -0.451936
v 0.353173 0.536451 -0.522968
v 0.325760 0.458220 -0.482004
v 0.437584 0.062299 -0.029460
v 0.459233 0.054574 -0.039544
v 0.465664 0.045201 0.008221
v -0.050524 -0.714090 0.367767
v 0.004197 -0.715256 0.387369
v -0.027736 -0.724815 0.449244
v -0.033548 -0.662116 -0.265348
v 0.033006 -0.664743 -0.266966
v 0.000104 -0.643082 -0.295287
v -0.385593 -0.472227 0.466762
v -0.391533 -0.486619 0.533113
v -0.396881 -0.418834 0.486231
v -0.343066 -0.362884 -0.333285
v -0.307114 -0.332810 -0.357952
v -0.337145 -0.293513 -0.335068
v -0.438424 -0.174355 0.039304
v -0.438912 -0.120684 0.019671
v -0.440726 -0.129087 0.063685
v 0.377631 -0.502568 0.533432
v 0.367563 -0.507672 0.609487
v 0.385357 -0.433403 0.540442
v 0.347151 -0.357262 -0.340177
v 0.311562 -0.327126 -0.355719
v 0.347883 -0.287978 -0.342130
v 0.431934 -0.170449 0.028627
v 0.431366 -0.116855 0.007635
v 0.429571 -0.123459 0.051783
v 0.262683 -0.038658 0.739036
v 0.246928 0.005101 0.701903
v 0.287196 -0.026433 0.680218
v -0.262006 -0.041002 0.746918
v -0.245851 0.001474 0.706659
v -0.284362 -0.030076 0.685564
v 0.186408 0.005566 -0.696384
v 0.192922 0.063129 -0.791622
v 0.241797 0.007530 -0.740989
v -0.197219 0.003753 -0.689673
v -0.219541 0.029621 -0.812473
v -0.251095 0.025901 -0.708448
f 1 647 644
f 1 644 643
f 1 643 645
f 1 645 646
f 1 646 647
f 2 649 652
f 6 672 670
f 12 702 699
f 11 696 695
f 8 679 681
f 4 662 659
f 4 659 658
f 4 658 660
f 4 660 661
f 4 661 662
f 5 666 665
f 3 654 657
f 7 673 677
f 9 685 686
f 10 692 688
f 12 701 698
f 6 669 668
f 2 650 648
f 8 682 678
f 11 697 693
f 6 671 669
f 12 700 701
f 11 694 697
f 8 680 682
f 2 651 650
f 10 690 689
f 5 663 664
f 3 655 653
f 7 676 674
f 9 687 684
f 10 691 690
f 5 667 663
f 3 656 655
f 7 675 676
f 9 683 687
f 6 668 672
f 2 648 649
f 8 678 679
f 11 693 696
f 12 698 702
f 10 688 691
f 5 665 667
f 3 657 656
f 7 677 675
f 9 686 683
f 5 664 666
f 3 653 654
f 7 674 673
f 9 684 685
f 10 689 692
f 6 670 671
f 12 699 700
f 11 695 694
f 8 681 680
f 2 652 651
f 35 837 838
f 18 735 736
f 19 742 741
f 40 868 867
f 42 880 879
f 34 832 831
f 33 827 828
f 25 778 780
f 36 844 846
f 20 749 747
f 32 819 820
f 23 765 767
f 24 773 771
f 37 850 849
f 41 876 875
f 34 833 834
f 33 826 825
f 25 779 777
f 36 845 843
f 20 748 750
f 17 729 727
f 14 711 709
f 13 706 703
f 15 718 715
f 16 724 721
f 18 737 733
f 35 839 835
f 42 882 878
f 40 870 866
f 19 744 740
f 30 807 805
f 27 789 787
f 22 762 758
f 28 797 793
f 29 802 799
f 32 821 817
f 23 766 763
f 24 774 770
f 37 852 848
f 41 874 872
f 35 838 836
f 18 736 734
f 19 741 739
f 40 867 865
f 42 879 877
f 34 831 829
f 33 828 824
f 25 780 776
f 36 846 842
f 20 747 745
f 32 820 818
f 23 767 764
f 24 771 769
f 37 849 847
f 41 875 871
f 34 834 830
f 33 825 823
f 25 777 775
f 36 843 841
f 20 750 746
f 14 714 710
f 13 707 704
f 15 719 716
f 16 725 722
f 17 732 728
f 21 755 752
f 31 814 811
f 26 784 781
f 38 857 853
f 39 862 860
f 27 792 788
f 22 759 757
f 28 796 794
f 29 803 800
f 30 810 806
f 31 815 812
f 26 785 782
f 38 856 854
f 39 863 859
f 21 754 751
f 14 712 714
f 13 705 707
f 15 717 719
f 16 723 725
f 17 730 732
f 21 753 755
f 31 816 814
f 26 786 784
f 38 858 857
f 39 861 862
f 27 791 792
f 22 761 759
f 28 795 796
f 29 801 803
f 30 808 810
f 31 813 815
f 26 783 785
f 38 855 856
f 39 864 863
f 21 756 754
f 14 709 712
f 13 703 705
f 15 715 717
f 16 721 723
f 17 727 730
f 21 751 753
f 31 812 816
f 26 782 786
f 38 854 858
f 39 859 861
f 27 787 791
f 22 758 761
f 28 793 795
f 29 799 801
f 30 805 808
f 31 811 813
f 26 781 783
f 38 853 855
f 39 860 864
f 21 752 756
f 17 728 731
f 14 710 713
f 13 704 708
f 15 716 720
f 16 722 726
f 18 734 738
f 35 836 840
f 42 877 881
f 40 865 869
f 19 739 743
f 30 806 809
f 27 788 790
f 22 757 760
f 28 794 798
f 29 800 804
f 32 818 822
f 23 764 768
f 24 769 772
f 37 847 851
f 41 871 873
f 35 835 837
f 18 733 735
f 19 740 742
f 40 866 868
f 42 878 880
f 34 830 832
f 33 823 827
f 25 775 778
f 36 841 844
f 20 746 749
f 32 817 819
f 23 763 765
f 24 770 773
f 37 848 850
f 41 872 876
f 34 829 833
f 33 824 826
f 25 776 779
f 36 842 845
f 20 745 748
f 17 731 729
f 14 713 711
f 13 708 706
f 15 720 718
f 16 726 724
f 18 738 737
f 35 840 839
f 42 881 882
f 40 869 870
f 19 743 744
f 30 809 807
f 27 790 789
f 22 760 762
f 28 798 797
f 29 804 802
f 32 822 821
f 23 768 766
f 24 772 774
f 37 851 852
f 41 873 874
f 107 1269 1270
f 103 1245 1246
f 104 1252 1251
f 110 1288 1287
f 113 1306 1305
f 118 1336 1335
f 154 1551 1552
f 141 1473 1474
f 162 1599 1600
f 121 1354 1353
f 142 1479 1480
f 129 1401 1402
f 130 1408 1407
f 144 1492 1491
f 146 1504 1503
f 151 1533 1534
f 131 1414 1413
f 136 1444 1443
f 161 1594 1593
f 126 1383 1384
f 116 1323 1324
f 108 1275 1276
f 106 1263 1264
f 112 1299 1300
f 115 1317 1318
f 119 1341 1342
f 156 1564 1563
f 139 1462 1461
f 160 1588 1587
f 120 1347 1348
f 149 1521 1522
f 132 1420 1419
f 128 1395 1396
f 145 1497 1498
f 148 1515 1516
f 155 1557 1558
f 133 1425 1426
f 134 1431 1432
f 157 1570 1569
f 124 1372 1371
f 109 1282 1281
f 105 1258 1257
f 111 1294 1293
f 114 1312 1311
f 117 1330 1329
f 125 1378 1377
f 152 1540 1539
f 137 1449 1450
f 158 1575 1576
f 123 1365 1366
f 143 1486 1485
f 127 1390 1389
f 135 1437 1438
f 147 1510 1509
f 150 1528 1527
f 153 1546 1545
f 140 1468 1467
f 138 1455 1456
f 159 1581 1582
f 122 1359 1360
f 107 1272 1271
f 103 1248 1247
f 104 1253 1254
f 110 1289 1290
f 113 1307 1308
f 118 1337 1338
f 154 1554 1553
f 141 1476 1475
f 162 1602 1601
f 121 1355 1356
f 142 1482 1481
f 129 1404 1403
f 130 1409 1410
f 144 1493 1494
f 146 1505 1506
f 151 1536 1535
f 131 1415 1416
f 136 1445 1446
f 161 1595 1596
f 126 1386 1385
f 47 909 907
f 44 891 889
f 43 886 883
f 45 898 895
f 46 904 901
f 49 922 919
f 72 1060 1057
f 102 1240 1237
f 96 1204 1201
f 79 1102 1099
f 62 999 997
f 59 981 979
f 58 976 973
f 60 988 985
f 61 994 991
f 66 1024 1021
f 54 952 949
f 73 1066 1063
f 85 1138 1135
f 92 1179 1177
f 101 1233 1231
f 69 1041 1039
f 50 927 925
f 82 1119 1117
f 97 1209 1207
f 71 1053 1051
f 100 1228 1225
f 94 1192 1189
f 80 1108 1105
f 51 933 931
f 90 1167 1165
f 63 1005 1003
f 55 957 955
f 76 1083 1081
f 87 1150 1147
f 91 1174 1171
f 67 1029 1027
f 56 963 961
f 75 1077 1075
f 83 1126 1123
f 68 1036 1033
f 48 915 913
f 78 1095 1093
f 93 1185 1183
f 98 1216 1213
f 88 1155 1153
f 65 1018 1015
f 57 970 967
f 77 1090 1087
f 86 1143 1141
f 64 1012 1009
f 53 945 943
f 74 1071 1069
f 84 1131 1129
f 89 1162 1159
f 70 1047 1045
f 99 1221 1219
f 95 1197 1195
f 81 1114 1111
f 52 940 937
f 109 1284 1280
f 105 1260 1256
f 111 1296 1292
f 114 1314 1310
f 117 1332 1328
f 125 1380 1376
f 152 1542 1538
f 137 1451 1447
f 158 1577 1573
f 123 1367 1363
f 143 1488 1484
f 127 1392 1388
f 135 1439 1435
f 147 1512 1508
f 150 1530 1526
f 153 1548 1544
f 140 1470 1466
f 138 1457 1453
f 159 1583 1579
f 122 1361 1357
f 107 1270 1268
f 103 1246 1244
f 104 1251 1249
f 110 1287 1285
f 113 1305 1303
f 118 1335 1333
f 154 1552 1550
f 141 1474 1472
f 162 1600 1598
f 121 1353 1351
f 142 1480 1478
f 129 1402 1400
f 130 1407 1405
f 144 1491 1489
f 146 1503 1501
f 151 1534 1532
f 131 1413 1411
f 136 1443 1441
f 161 1593 1591
f 126 1384 1382
f 116 1324 1322
f 108 1276 1274
f 106 1264 1262
f 112 1300 1298
f 115 1318 1316
f 119 1342 1340
f 156 1563 1561
f 139 1461 1459
f 160 1587 1585
f 120 1348 1346
f 149 1522 1520
f 132 1419 1417
f 128 1396 1394
f 145 1498 1496
f 148 1516 1514
f 155 1558 1556
f 133 1426 1424
f 134 1432 1430
f 157 1569 1567
f 124 1371 1369
f 109 1281 1279
f 105 1257 1255
f 111 1293 1291
f 114 1311 1309
f 117 1329 1327
f 125 1377 1375
f 152 1539 1537
f 137 1450 1448
f 158 1576 1574
f 123 1366 1364
f 143 1485 1483
f 127 1389 1387
f 135 1438 1436
f 147 1509 1507
f 150 1527 1525
f 153 1545 1543
f 140 1467 1465
f 138 1456 1454
f 159 1582 1580
f 122 1360 1358
f 107 1271 1267
f 103 1247 1243
f 104 1254 1250
f 110 1290 1286
f 113 1308 1304
f 118 1338 1334
f 154 1553 1549
f 141 1475 1471
f 162 1601 1597
f 121 1356 1352
f 142 1481 1477
f 129 1403 1399
f 130 1410 1406
f 144 1494 1490
f 146 1506 1502
f 151 1535 1531
f 131 1416 1412
f 136 1446 1442
f 161 1596 1592
f 126 1385 1381
f 44 894 890
f 43 887 884
f 45 899 896
f 46 905 902
f 47 912 908
f 52 941 938
f 70 1050 1046
f 99 1224 1220
f 95 1200 1196
f 81 1115 1112
f 59 984 980
f 58 977 974
f 60 989 986
f 61 995 992
f 62 1002 998
f 65 1019 1016
f 57 971 968
f 77 1091 1088
f 86 1146 1142
f 88 1158 1154
f 98 1217 1214
f 68 1037 1034
f 48 918 914
f 78 1098 1094
f 93 1188 1184
f 69 1044 1040
f 101 1236 1232
f 97 1212 1208
f 82 1122 1118
f 50 930 926
f 89 1163 1160
f 64 1013 1010
f 53 948 944
f 74 1074 1070
f 84 1134 1130
f 90 1170 1166
f 63 1008 1004
f 55 960 956
f 76 1086 1082
f 87 1151 1148
f 72 1061 1058
f 49 923 920
f 79 1103 1100
f 96 1205 1202
f 102 1241 1238
f 91 1175 1172
f 67 1032 1028
f 56 966 962
f 75 1080 1076
f 83 1127 1124
f 66 1025 1022
f 54 953 950
f 73 1067 1064
f 85 1139 1136
f 92 1182 1178
f 71 1056 1052
f 100 1229 1226
f 94 1193 1190
f 80 1109 1106
f 51 936 932
f 116 1325 1321
f 108 1277 1273
f 106 1265 1261
f 112 1301 1297
f 115 1319 1315
f 119 1343 1339
f 156 1566 1562
f 139 1464 1460
f 160 1590 1586
f 120 1349 1345
f 149 1523 1519
f 132 1422 1418
f 128 1397 1393
f 145 1499 1495
f 148 1517 1513
f 155 1559 1555
f 133 1427 1423
f 134 1433 1429
f 157 1572 1568
f 124 1374 1370
f 44 892 894
f 43 885 887
f 45 897 899
f 46 903 905
f 47 910 912
f 52 939 941
f 70 1048 1050
f 99 1222 1224
f 95 1198 1200
f 81 1113 1115
f 59 982 984
f 58 975 977
f 60 987 989
f 61 993 995
f 62 1000 1002
f 65 1017 1019
f 57 969 971
f 77 1089 1091
f 86 1144 1146
f 88 1156 1158
f 98 1215 1217
f 68 1035 1037
f 48 916 918
f 78 1096 1098
f 93 1186 1188
f 69 1042 1044
f 101 1234 1236
f 97 1210 1212
f 82 1120 1122
f 50 928 930
f 89 1161 1163
f 64 1011 1013
f 53 946 948
f 74 1072 1074
f 84 1132 1134
f 90 1168 1170
f 63 1006 1008
f 55 958 960
f 76 1084 1086
f 87 1149 1151
f 72 1059 1061
f 49 921 923
f 79 1101 1103
f 96 1203 1205
f 102 1239 1241
f 91 1173 1175
f 67 1030 1032
f 56 964 966
f 75 1078 1080
f 83 1125 1127
f 66 1023 1025
f 54 951 953
f 73 1065 1067
f 85 1137 1139
f 92 1180 1182
f 71 1054 1056
f 100 1227 1229
f 94 1191 1193
f 80 1107 1109
f 51 934 936
f 116 1326 1325
f 108 1278 1277
f 106 1266 1265
f 112 1302 1301
f 115 1320 1319
f 119 1344 1343
f 156 1565 1566
f 139 1463 1464
f 160 1589 1590
f 120 1350 1349
f 149 1524 1523
f 132 1421 1422
f 128 1398 1397
f 145 1500 1499
f 148 1518 1517
f 155 1560 1559
f 133 1428 1427
f 134 1434 1433
f 157 1571 1572
f 124 1373 1374
f 44 889 892
f 43 883 885
f 45 895 897
f 46 901 903
f 47 907 910
f 52 937 939
f 70 1045 1048
f 99 1219 1222
f 95 1195 1198
f 81 1111 1113
f 59 979 982
f 58 973 975
f 60 985 987
f 61 991 993
f 62 997 1000
f 65 1015 1017
f 57 967 969
f 77 1087 1089
f 86 1141 1144
f 88 1153 1156
f 98 1213 1215
f 68 1033 1035
f 48 913 916
f 78 1093 1096
f 93 1183 1186
f 69 1039 1042
f 101 1231 1234
f 97 1207 1210
f 82 1117 1120
f 50 925 928
f 89 1159 1161
f 64 1009 1011
f 53 943 946
f 74 1069 1072
f 84 1129 1132
f 90 1165 1168
f 63 1003 1006
f 55 955 958
f 76 1081 1084
f 87 1147 1149
f 72 1057 1059
f 49 919 921
f 79 1099 1101
f 96 1201 1203
f 102 1237 1239
f 91 1171 1173
f 67 1027 1030
f 56 961 964
f 75 1075 1078
f 83 1123 1125
f 66 1021 1023
f 54 949 951
f 73 1063 1065
f 85 1135 1137
f 92 1177 1180
f 71 1051 1054
f 100 1225 1227
f 94 1189 1191
f 80 1105 1107
f 51 931 934
f 116 1322 1326
f 108 1274 1278
f 106 1262 1266
f 112 1298 1302
f 115 1316 1320
f 119 1340 1344
f 156 1561 1565
f 139 1459 1463
f 160 1585 1589
f 120 1346 1350
f 149 1520 1524
f 132 1417 1421
f 128 1394 1398
f 145 1496 1500
f 148 1514 1518
f 155 1556 1560
f 133 1424 1428
f 134 1430 1434
f 157 1567 1571
f 124 1369 1373
f 47 908 911
f 44 890 893
f 43 884 888
f 45 896 900
f 46 902 906
f 49 920 924
f 72 1058 1062
f 102 1238 1242
f 96 1202 1206
f 79 1100 1104
f 62 998 1001
f 59 980 983
f 58 974 978
f 60 986 990
f 61 992 996
f 66 1022 1026
f 54 950 954
f 73 1064 1068
f 85 1136 1140
f 92 1178 1181
f 101 1232 1235
f 69 1040 1043
f 50 926 929
f 82 1118 1121
f 97 1208 1211
f 71 1052 1055
f 100 1226 1230
f 94 1190 1194
f 80 1106 1110
f 51 932 935
f 90 1166 1169
f 63 1004 1007
f 55 956 959
f 76 1082 1085
f 87 1148 1152
f 91 1172 1176
f 67 1028 1031
f 56 962 965
f 75 1076 1079
f 83 1124 1128
f 68 1034 1038
f 48 914 917
f 78 1094 1097
f 93 1184 1187
f 98 1214 1218
f 88 1154 1157
f 65 1016 1020
f 57 968 972
f 77 1088 1092
f 86 1142 1145
f 64 1010 1014
f 53 944 947
f 74 1070 1073
f 84 1130 1133
f 89 1160 1164
f 70 1046 1049
f 99 1220 1223
f 95 1196 1199
f 81 1112 1116
f 52 938 942
f 109 1279 1283
f 105 1255 1259
f 111 1291 1295
f 114 1309 1313
f 117 1327 1331
f 125 1375 1379
f 152 1537 1541
f 137 1448 1452
f 158 1574 1578
f 123 1364 1368
f 143 1483 1487
f 127 1387 1391
f 135 1436 1440
f 147 1507 1511
f 150 1525 1529
f 153 1543 1547
f 140 1465 1469
f 138 1454 1458
f 159 1580 1584
f 122 1358 1362
f 107 1267 1269
f 103 1243 1245
f 104 1250 1252
f 110 1286 1288
f 113 1304 1306
f 118 1334 1336
f 154 1549 1551
f 141 1471 1473
f 162 1597 1599
f 121 1352 1354
f 142 1477 1479
f 129 1399 1401
f 130 1406 1408
f 144 1490 1492
f 146 1502 1504
f 151 1531 1533
f 131 1412 1414
f 136 1442 1444
f 161 1592 1594
f 126 1381 1383
f 116 1321 1323
f 108 1273 1275
f 106 1261 1263
f 112 1297 1299
f 115 1315 1317
f 119 1339 1341
f 156 1562 1564
f 139 1460 1462
f 160 1586 1588
f 120 1345 1347
f 149 1519 1521
f 132 1418 1420
f 128 1393 1395
f 145 1495 1497
f 148 1513 1515
f 155 1555 1557
f 133 1423 1425
f 134 1429 1431
f 157 1568 1570
f 124 1370 1372
f 109 1280 1282
f 105 1256 1258
f 111 1292 1294
f 114 1310 1312
f 117 1328 1330
f 125 1376 1378
f 152 1538 1540
f 137 1447 1449
f 158 1573 1575
f 123 1363 1365
f 143 1484 1486
f 127 1388 1390
f 135 1435 1437
f 147 1508 1510
f 150 1526 1528
f 153 1544 1546
f 140 1466 1468
f 138 1453 1455
f 159 1579 1581
f 122 1357 1359
f 107 1268 1272
f 103 1244 1248
f 104 1249 1253
f 110 1285 1289
f 113 1303 1307
f 118 1333 1337
f 154 1550 1554
f 141 1472 1476
f 162 1598 1602
f 121 1351 1355
f 142 1478 1482
f 129 1400 1404
f 130 1405 1409
f 144 1489 1493
f 146 1501 1505
f 151 1532 1536
f 131 1411 1415
f 136 1441 1445
f 161 1591 1595
f 126 1382 1386
f 47 911 909
f 44 893 891
f 43 888 886
f 45 900 898
f 46 906 904
f 49 924 922
f 72 1062 1060
f 102 1242 1240
f 96 1206 1204
f 79 1104 1102
f 62 1001 999
f 59 983 981
f 58 978 976
f 60 990 988
f 61 996 994
f 66 1026 1024
f 54 954 952
f 73 1068 1066
f 85 1140 1138
f 92 1181 1179
f 101 1235 1233
f 69 1043 1041
f 50 929 927
f 82 1121 1119
f 97 1211 1209
f 71 1055 1053
f 100 1230 1228
f 94 1194 1192
f 80 1110 1108
f 51 935 933
f 90 1169 1167
f 63 1007 1005
f 55 959 957
f 76 1085 1083
f 87 1152 1150
f 91 1176 1174
f 67 1031 1029
f 56 965 963
f 75 1079 1077
f 83 1128 1126
f 68 1038 1036
f 48 917 915
f 78 1097 1095
f 93 1187 1185
f 98 1218 1216
f 88 1157 1155
f 65 1020 1018
f 57 972 970
f 77 1092 1090
f 86 1145 1143
f 64 1014 1012
f 53 947 945
f 74 1073 1071
f 84 1133 1131
f 89 1164 1162
f 70 1049 1047
f 99 1223 1221
f 95 1199 1197
f 81 1116 1114
f 52 942 940
f 109 1283 1284
f 105 1259 1260
f 111 1295 1296
f 114 1313 1314
f 117 1331 1332
f 125 1379 1380
f 152 1541 1542
f 137 1452 1451
f 158 1578 1577
f 123 1368 1367
f 143 1487 1488
f 127 1391 1392
f 135 1440 1439
f 147 1511 1512
f 150 1529 1530
f 153 1547 1548
f 140 1469 1470
f 138 1458 1457
f 159 1584 1583
f 122 1362 1361
f 407 1609 1616
f 403 1605 1608
f 404 1611 1606
f 410 1614 1612
f 413 1617 1615
f 422 1631 1624
f 486 1688 1692
f 573 1775 1782
f 561 1763 1765
f 512 1719 1714
f 452 1654 1661
f 448 1650 1653
f 449 1656 1651
f 455 1659 1657
f 458 1662 1660
f 470 1672 1675
f 437 1646 1639
f 494 1706 1696
f 531 1735 1733
f 539 1741 1751
f 568 1770 1779
f 478 1680 1683
f 419 1621 1626
f 509 1711 1721
f 554 1756 1766
f 482 1684 1689
f 576 1780 1778
f 558 1767 1760
f 516 1722 1718
f 425 1627 1629
f 542 1744 1747
f 463 1668 1665
f 434 1636 1641
f 497 1699 1704
f 528 1730 1737
f 546 1748 1750
f 464 1666 1676
f 440 1642 1644
f 500 1705 1702
f 524 1736 1726
f 479 1691 1681
f 418 1623 1620
f 508 1713 1710
f 553 1764 1755
f 569 1781 1771
f 538 1749 1740
f 471 1677 1673
f 443 1645 1647
f 501 1703 1707
f 523 1725 1734
f 467 1674 1669
f 433 1638 1635
f 493 1695 1698
f 527 1732 1729
f 543 1752 1745
f 485 1690 1687
f 572 1777 1774
f 557 1759 1762
f 515 1717 1720
f 428 1630 1632
f 591 2191 2189
f 587 1885 1883
f 588 1901 1903
f 594 2279 2281
f 597 2315 2317
f 600 2171 2173
f 634 2160 2158
f 619 2016 2012
f 639 2214 2210
f 602 1919 1924
f 624 2137 2135
f 608 1978 1973
f 610 1991 1996
f 627 2225 2227
f 630 2302 2304
f 635 2178 2176
f 615 2153 2155
f 617 2009 2014
f 637 2207 2212
f 604 1926 1922
f 416 1857 1864
f 408 1803 1810
f 406 1786 1795
f 412 1822 1831
f 415 1840 1849
f 424 1876 1887
f 492 2182 2193
f 582 2312 2321
f 565 2276 2285
f 514 1898 1907
f 461 2091 2098
f 453 2037 2044
f 451 1952 1961
f 457 2056 2067
f 460 2074 2083
f 475 2128 2139
f 439 1966 1975
f 496 1988 1997
f 533 2222 2231
f 551 2293 2298
f 579 2185 2190
f 483 1879 1884
f 426 1893 1900
f 521 2271 2278
f 566 2307 2314
f 489 2163 2170
f 578 2150 2159
f 560 2006 2015
f 518 2204 2213
f 429 1911 1918
f 547 2131 2136
f 465 1969 1977
f 441 1983 1990
f 504 2217 2224
f 537 2290 2301
f 550 2168 2177
f 476 2145 2152
f 444 2001 2008
f 502 2199 2206
f 526 1916 1925
f 481 1808 1817
f 420 1789 1797
f 510 1825 1833
f 555 1843 1851
f 571 1862 1871
f 540 1933 1941
f 473 2110 2119
f 447 2020 2029
f 507 2236 2247
f 534 2257 2262
f 469 2042 2051
f 435 1947 1954
f 498 2059 2064
f 529 2077 2085
f 545 2096 2105
f 487 2113 2121
f 574 2023 2031
f 562 2239 2244
f 520 2254 2265
f 432 1930 1939
f 589 1818 1814
f 583 1798 1793
f 586 1834 1829
f 593 1852 1847
f 596 1872 1868
f 599 1942 1937
f 633 2120 2124
f 620 2030 2034
f 640 2248 2250
f 603 2263 2261
f 622 2052 2050
f 607 1955 1960
f 612 2065 2063
f 626 2086 2081
f 629 2106 2102
f 631 2122 2117
f 614 2032 2027
f 618 2245 2243
f 641 2266 2268
f 605 1940 1944
f 409 1813 1804
f 405 1792 1785
f 411 1828 1821
f 414 1846 1839
f 417 1867 1858
f 431 1936 1929
f 488 2123 2114
f 575 2033 2024
f 563 2249 2240
f 519 2260 2253
f 454 2049 2038
f 450 1959 1951
f 456 2062 2055
f 459 2080 2073
f 462 2101 2092
f 472 2116 2109
f 446 2026 2019
f 506 2242 2235
f 535 2267 2258
f 541 1943 1934
f 570 1869 1861
f 480 1815 1807
f 421 1799 1790
f 511 1835 1826
f 556 1853 1844
f 484 1889 1880
f 580 2195 2186
f 567 2319 2308
f 522 2283 2272
f 427 1905 1894
f 544 2103 2095
f 468 2046 2041
f 436 1957 1948
f 499 2069 2060
f 530 2087 2078
f 548 2141 2132
f 466 1979 1970
f 442 1993 1984
f 505 2229 2218
f 536 2296 2289
f 491 2188 2181
f 423 1882 1875
f 513 1902 1897
f 564 2280 2275
f 581 2316 2311
f 549 2172 2167
f 477 2157 2146
f 445 2011 2002
f 503 2209 2200
f 525 1923 1915
f 474 2134 2127
f 438 1972 1965
f 495 1995 1987
f 532 2226 2221
f 552 2303 2294
f 490 2175 2164
f 577 2154 2149
f 559 2013 2005
f 517 2211 2203
f 430 1921 1912
f 590 1865 1870
f 584 1811 1816
f 585 1796 1800
f 592 1832 1836
f 595 1850 1854
f 598 1888 1890
f 636 2194 2196
f 621 2322 2320
f 642 2286 2284
f 601 1908 1906
f 623 2099 2104
f 611 2045 2047
f 609 1962 1958
f 625 2068 2070
f 628 2084 2088
f 632 2140 2142
f 613 1976 1980
f 616 1998 1994
f 638 2232 2230
f 606 2299 2297
f 407 2330 2329
f 403 2324 2323
f 404 2325 2326
f 410 2332 2333
f 413 2335 2336
f 422 2344 2345
f 486 2410 2409
f 573 2497 2496
f 561 2486 2485
f 512 2434 2435
f 452 2375 2374
f 448 2369 2368
f 449 2370 2371
f 455 2377 2378
f 458 2380 2381
f 470 2393 2392
f 437 2359 2360
f 494 2415 2416
f 531 2455 2456
f 539 2461 2460
f 568 2489 2488
f 478 2399 2398
f 419 2341 2340
f 509 2431 2430
f 554 2476 2475
f 482 2405 2404
f 576 2500 2501
f 558 2481 2482
f 516 2439 2440
f 425 2348 2347
f 542 2465 2464
f 463 2383 2384
f 434 2356 2355
f 497 2420 2419
f 528 2452 2451
f 546 2471 2470
f 464 2386 2385
f 440 2363 2362
f 500 2422 2423
f 524 2445 2446
f 479 2400 2401
f 418 2338 2339
f 508 2428 2429
f 553 2473 2474
f 569 2490 2491
f 538 2458 2459
f 471 2394 2395
f 443 2366 2365
f 501 2425 2424
f 523 2444 2443
f 467 2389 2390
f 433 2353 2354
f 493 2414 2413
f 527 2449 2450
f 543 2466 2467
f 485 2407 2408
f 572 2494 2495
f 557 2480 2479
f 515 2438 2437
f 428 2351 2350
f 591 2510 2511
f 587 2504 2505
f 588 2508 2507
f 594 2514 2513
f 597 2517 2516
f 600 2520 2519
f 634 2554 2556
f 619 2539 2540
f 639 2560 2561
f 602 2523 2521
f 624 2543 2544
f 608 2527 2529
f 610 2532 2530
f 627 2547 2546
f 630 2550 2549
f 635 2552 2553
f 615 2535 2534
f 617 2538 2536
f 637 2558 2557
f 604 2524 2525
f 167 1607 647
f 164 1603 644
f 163 1604 643
f 165 1610 645
f 166 1613 646
f 169 1622 649
f 192 1686 672
f 222 1773 702
f 216 1761 696
f 199 1712 679
f 182 1652 662
f 179 1648 659
f 178 1649 658
f 180 1655 660
f 181 1658 661
f 186 1670 666
f 174 1637 654
f 193 1694 673
f 205 1731 685
f 212 1739 692
f 221 1768 701
f 189 1678 669
f 170 1619 650
f 202 1709 682
f 217 1754 697
f 191 1682 671
f 220 1776 700
f 214 1758 694
f 200 1716 680
f 171 1625 651
f 210 1742 690
f 183 1663 663
f 175 1634 655
f 196 1697 676
f 207 1728 687
f 211 1746 691
f 187 1664 667
f 176 1640 656
f 195 1700 675
f 203 1724 683
f 188 1679 668
f 168 1618 648
f 198 1708 678
f 213 1753 693
f 218 1769 698
f 208 1738 688
f 185 1671 665
f 177 1643 657
f 197 1701 677
f 206 1723 686
f 184 1667 664
f 173 1633 653
f 194 1693 674
f 204 1727 684
f 209 1743 689
f 190 1685 670
f 219 1772 699
f 215 1757 695
f 201 1715 681
f 172 1628 652
f 357 2187 837
f 255 1881 735
f 262 1899 742
f 388 2277 868
f 400 2313 880
f 352 2169 832
f 347 2156 827
f 298 2010 778
f 364 2208 844
f 269 1917 749
f 339 2133 819
f 285 1971 765
f 293 1989 773
f 370 2223 850
f 396 2300 876
f 353 2174 833
f 346 2151 826
f 299 2007 779
f 365 2205 845
f 268 1920 748
f 249 1855 729
f 231 1801 711
f 226 1784 706
f 238 1820 718
f 244 1838 724
f 257 1874 737
f 359 2180 839
f 402 2310 882
f 390 2274 870
f 264 1896 744
f 327 2089 807
f 309 2035 789
f 282 1950 762
f 317 2054 797
f 322 2072 802
f 341 2126 821
f 286 1964 766
f 294 1986 774
f 372 2220 852
f 394 2291 874
f 358 2183 838
f 256 1877 736
f 261 1891 741
f 387 2269 867
f 399 2305 879
f 351 2161 831
f 348 2148 828
f 300 2004 780
f 366 2202 846
f 267 1909 747
f 340 2129 820
f 287 1967 767
f 291 1981 771
f 369 2215 849
f 395 2288 875
f 354 2166 834
f 345 2143 825
f 297 1999 777
f 363 2197 843
f 270 1914 750
f 234 1806 714
f 227 1787 707
f 239 1823 719
f 245 1841 725
f 252 1860 732
f 275 1931 755
f 334 2108 814
f 304 2018 784
f 377 2234 857
f 382 2255 862
f 312 2040 792
f 279 1945 759
f 316 2057 796
f 323 2075 803
f 330 2094 810
f 335 2111 815
f 305 2021 785
f 376 2237 856
f 383 2252 863
f 274 1928 754
f 232 1812 712
f 225 1791 705
f 237 1827 717
f 243 1845 723
f 250 1866 730
f 273 1935 753
f 336 2118 816
f 306 2028 786
f 378 2246 858
f 381 2259 861
f 311 2048 791
f 281 1953 761
f 315 2061 795
f 321 2079 801
f 328 2100 808
f 333 2115 813
f 303 2025 783
f 375 2241 855
f 384 2264 864
f 276 1938 756
f 229 1802 709
f 223 1783 703
f 235 1819 715
f 241 1837 721
f 247 1856 727
f 271 1927 751
f 332 2112 812
f 302 2022 782
f 374 2238 854
f 379 2251 859
f 307 2036 787
f 278 1949 758
f 313 2053 793
f 319 2071 799
f 325 2090 805
f 331 2107 811
f 301 2017 781
f 373 2233 853
f 380 2256 860
f 272 1932 752
f 248 1859 728
f 230 1805 710
f 224 1788 704
f 236 1824 716
f 242 1842 722
f 254 1878 734
f 356 2184 836
f 397 2306 877
f 385 2270 865
f 259 1892 739
f 326 2093 806
f 308 2039 788
f 277 1946 757
f 314 2058 794
f 320 2076 800
f 338 2130 818
f 284 1968 764
f 289 1982 769
f 367 2216 847
f 391 2287 871
f 355 2179 835
f 253 1873 733
f 260 1895 740
f 386 2273 866
f 398 2309 878
f 350 2165 830
f 343 2144 823
f 295 2000 775
f 361 2198 841
f 266 1913 746
f 337 2125 817
f 283 1963 763
f 290 1985 770
f 368 2219 848
f 392 2292 872
f 349 2162 829
f 344 2147 824
f 296 2003 776
f 362 2201 842
f 265 1910 745
f 251 1863 731
f 233 1809 713
f 228 1794 708
f 240 1830 720
f 246 1848 726
f 258 1886 738
f 360 2192 840
f 401 2318 881
f 389 2282 869
f 263 1904 743
f 329 2097 809
f 310 2043 790
f 280 1956 760
f 318 2066 798
f 324 2082 804
f 342 2138 822
f 288 1974 768
f 292 1992 772
f 371 2228 851
f 393 2295 873
f 409 2331 1269
f 405 2327 1245
f 411 2328 1252
f 414 2334 1288
f 417 2337 1306
f 431 2346 1336
f 488 2412 1551
f 575 2499 1473
f 563 2487 1599
f 519 2436 1354
f 454 2376 1479
f 450 2372 1401
f 456 2373 1408
f 459 2379 1492
f 462 2382 1504
f 472 2396 1533
f 446 2361 1414
f 506 2418 1444
f 535 2457 1594
f 541 2463 1383
f 570 2492 1323
f 480 2402 1275
f 421 2343 1263
f 511 2433 1299
f 556 2478 1317
f 484 2406 1341
f 580 2502 1564
f 567 2484 1462
f 522 2442 1588
f 427 2349 1347
f 544 2468 1521
f 468 2387 1420
f 436 2358 1395
f 499 2421 1497
f 530 2454 1515
f 548 2472 1557
f 466 2388 1425
f 442 2364 1431
f 505 2426 1570
f 536 2448 1372
f 491 2403 1282
f 423 2342 1258
f 513 2432 1294
f 564 2477 1312
f 581 2493 1330
f 549 2462 1378
f 477 2397 1540
f 445 2367 1449
f 503 2427 1575
f 525 2447 1365
f 474 2391 1486
f 438 2357 1390
f 495 2417 1437
f 532 2453 1510
f 552 2469 1528
f 490 2411 1546
f 577 2498 1468
f 559 2483 1455
f 517 2441 1581
f 430 2352 1359
f 590 2509 1272
f 584 2503 1248
f 585 2506 1253
f 592 2512 1289
f 595 2515 1307
f 598 2518 1337
f 636 2555 1554
f 621 2541 1476
f 642 2562 1602
f 601 2522 1355
f 623 2542 1482
f 611 2528 1404
f 609 2531 1409
f 625 2545 1493
f 628 2548 1505
f 632 2551 1536
f 613 2533 1415
f 616 2537 1445
f 638 2559 1595
f 606 2526 1386
f 407 1616 909
f 403 1608 891
f 404 1606 886
f 410 1612 898
f 413 1615 904
f 422 1624 922
f 486 1692 1060
f 573 1782 1240
f 561 1765 1204
f 512 1714 1102
f 452 1661 999
f 448 1653 981
f 449 1651 976
f 455 1657 988
f 458 1660 994
f 470 1675 1024
f 437 1639 952
f 494 1696 1066
f 531 1733 1138
f 539 1751 1179
f 568 1779 1233
f 478 1683 1041
f 419 1626 927
f 509 1721 1119
f 554 1766 1209
f 482 1689 1053
f 576 1778 1228
f 558 1760 1192
f 516 1718 1108
f 425 1629 933
f 542 1747 1167
f 463 1665 1005
f 434 1641 957
f 497 1704 1083
f 528 1737 1150
f 546 1750 1174
f 464 1676 1029
f 440 1644 963
f 500 1702 1077
f 524 1726 1126
f 479 1681 1036
f 418 1620 915
f 508 1710 1095
f 553 1755 1185
f 569 1771 1216
f 538 1740 1155
f 471 1673 1018
f 443 1647 970
f 501 1707 1090
f 523 1734 1143
f 467 1669 1012
f 433 1635 945
f 493 1698 1071
f 527 1729 1131
f 543 1745 1162
f 485 1687 1047
f 572 1774 1221
f 557 1762 1197
f 515 1720 1114
f 428 1632 940
f 591 2189 1284
f 587 1883 1260
f 588 1903 1296
f 594 2281 1314
f 597 2317 1332
f 600 2173 1380
f 634 2158 1542
f 619 2012 1451
f 639 2210 1577
f 602 1924 1367
f 624 2135 1488
f 608 1973 1392
f 610 1996 1439
f 627 2227 1512
f 630 2304 1530
f 635 2176 1548
f 615 2155 1470
f 617 2014 1457
f 637 2212 1583
f 604 1922 1361
f 416 1864 1270
f 408 1810 1246
f 406 1795 1251
f 412 1831 1287
f 415 1849 1305
f 424 1887 1335
f 492 2193 1552
f 582 2321 1474
f 565 2285 1600
f 514 1907 1353
f 461 2098 1480
f 453 2044 1402
f 451 1961 1407
f 457 2067 1491
f 460 2083 1503
f 475 2139 1534
f 439 1975 1413
f 496 1997 1443
f 533 2231 1593
f 551 2298 1384
f 579 2190 1324
f 483 1884 1276
f 426 1900 1264
f 521 2278 1300
f 566 2314 1318
f 489 2170 1342
f 578 2159 1563
f 560 2015 1461
f 518 2213 1587
f 429 1918 1348
f 547 2136 1522
f 465 1977 1419
f 441 1990 1396
f 504 2224 1498
f 537 2301 1516
f 550 2177 1558
f 476 2152 1426
f 444 2008 1432
f 502 2206 1569
f 526 1925 1371
f 481 1817 1281
f 420 1797 1257
f 510 1833 1293
f 555 1851 1311
f 571 1871 1329
f 540 1941 1377
f 473 2119 1539
f 447 2029 1450
f 507 2247 1576
f 534 2262 1366
f 469 2051 1485
f 435 1954 1389
f 498 2064 1438
f 529 2085 1509
f 545 2105 1527
f 487 2121 1545
f 574 2031 1467
f 562 2244 1456
f 520 2265 1582
f 432 1939 1360
f 589 1814 1271
f 583 1793 1247
f 586 1829 1254
f 593 1847 1290
f 596 1868 1308
f 599 1937 1338
f 633 2124 1553
f 620 2034 1475
f 640 2250 1601
f 603 2261 1356
f 622 2050 1481
f 607 1960 1403
f 612 2063 1410
f 626 2081 1494
f 629 2102 1506
f 631 2117 1535
f 614 2027 1416
f 618 2243 1446
f 641 2268 1596
f 605 1944 1385
f 409 1804 894
f 405 1785 887
f 411 1821 899
f 414 1839 905
f 417 1858 912
f 431 1929 941
f 488 2114 1050
f 575 2024 1224
f 563 2240 1200
f 519 2253 1115
f 454 2038 984
f 450 1951 977
f 456 2055 989
f 459 2073 995
f 462 2092 1002
f 472 2109 1019
f 446 2019 971
f 506 2235 1091
f 535 2258 1146
f 541 1934 1158
f 570 1861 1217
f 480 1807 1037
f 421 1790 918
f 511 1826 1098
f 556 1844 1188
f 484 1880 1044
f 580 2186 1236
f 567 2308 1212
f 522 2272 1122
f 427 1894 930
f 544 2095 1163
f 468 2041 1013
f 436 1948 948
f 499 2060 1074
f 530 2078 1134
f 548 2132 1170
f 466 1970 1008
f 442 1984 960
f 505 2218 1086
f 536 2289 1151
f 491 2181 1061
f 423 1875 923
f 513 1897 1103
f 564 2275 1205
f 581 2311 1241
f 549 2167 1175
f 477 2146 1032
f 445 2002 966
f 503 2200 1080
f 525 1915 1127
f 474 2127 1025
f 438 1965 953
f 495 1987 1067
f 532 2221 1139
f 552 2294 1182
f 490 2164 1056
f 577 2149 1229
f 559 2005 1193
f 517 2203 1109
f 430 1912 936
f 590 1870 1325
f 584 1816 1277
f 585 1800 1265
f 592 1836 1301
f 595 1854 1319
f 598 1890 1343
f 636 2196 1566
f 621 2320 1464
f 642 2284 1590
f 601 1906 1349
f 623 2104 1523
f 611 2047 1422
f 609 1958 1397
f 625 2070 1499
f 628 2088 1517
f 632 2142 1559
f 613 1980 1427
f 616 1994 1433
f 638 2230 1572
f 606 2297 1374
f 407 2329 892
f 403 2323 885
f 404 2326 897
f 410 2333 903
f 413 2336 910
f 422 2345 939
f 486 2409 1048
f 573 2496 1222
f 561 2485 1198
f 512 2435 1113
f 452 2374 982
f 448 2368 975
f 449 2371 987
f 455 2378 993
f 458 2381 1000
f 470 2392 1017
f 437 2360 969
f 494 2416 1089
f 531 2456 1144
f 539 2460 1156
f 568 2488 1215
f 478 2398 1035
f 419 2340 916
f 509 2430 1096
f 554 2475 1186
f 482 2404 1042
f 576 2501 1234
f 558 2482 1210
f 516 2440 1120
f 425 2347 928
f 542 2464 1161
f 463 2384 1011
f 434 2355 946
f 497 2419 1072
f 528 2451 1132
f 546 2470 1168
f 464 2385 1006
f 440 2362 958
f 500 2423 1084
f 524 2446 1149
f 479 2401 1059
f 418 2339 921
f 508 2429 1101
f 553 2474 1203
f 569 2491 1239
f 538 2459 1173
f 471 2395 1030
f 443 2365 964
f 501 2424 1078
f 523 2443 1125
f 467 2390 1023
f 433 2354 951
f 493 2413 1065
f 527 2450 1137
f 543 2467 1180
f 485 2408 1054
f 572 2495 1227
f 557 2479 1191
f 515 2437 1107
f 428 2350 934
f 591 2511 1326
f 587 2505 1278
f 588 2507 1266
f 594 2513 1302
f 597 2516 1320
f 600 2519 1344
f 634 2556 1565
f 619 2540 1463
f 639 2561 1589
f 602 2521 1350
f 624 2544 1524
f 608 2529 1421
f 610 2530 1398
f 627 2546 1500
f 630 2549 1518
f 635 2553 1560
f 615 2534 1428
f 617 2536 1434
f 637 2557 1571
f 604 2525 1373
f 164 1609 889
f 163 1605 883
f 165 1611 895
f 166 1614 901
f 167 1617 907
f 172 1631 937
f 190 1688 1045
f 219 1775 1219
f 215 1763 1195
f 201 1719 1111
f 179 1654 979
f 178 1650 973
f 180 1656 985
f 181 1659 991
f 182 1662 997
f 185 1672 1015
f 177 1646 967
f 197 1706 1087
f 206 1735 1141
f 208 1741 1153
f 218 1770 1213
f 188 1680 1033
f 168 1621 913
f 198 1711 1093
f 213 1756 1183
f 189 1684 1039
f 221 1780 1231
f 217 1767 1207
f 202 1722 1117
f 170 1627 925
f 209 1744 1159
f 184 1668 1009
f 173 1636 943
f 194 1699 1069
f 204 1730 1129
f 210 1748 1165
f 183 1666 1003
f 175 1642 955
f 196 1705 1081
f 207 1736 1147
f 192 1691 1057
f 169 1623 919
f 199 1713 1099
f 216 1764 1201
f 222 1781 1237
f 211 1749 1171
f 187 1677 1027
f 176 1645 961
f 195 1703 1075
f 203 1725 1123
f 186 1674 1021
f 174 1638 949
f 193 1695 1063
f 205 1732 1135
f 212 1752 1177
f 191 1690 1051
f 220 1777 1225
f 214 1759 1189
f 200 1717 1105
f 171 1630 931
f 358 2191 1322
f 256 1885 1274
f 261 1901 1262
f 387 2279 1298
f 399 2315 1316
f 351 2171 1340
f 348 2160 1561
f 300 2016 1459
f 366 2214 1585
f 267 1919 1346
f 340 2137 1520
f 287 1978 1417
f 291 1991 1394
f 369 2225 1496
f 395 2302 1514
f 354 2178 1556
f 345 2153 1424
f 297 2009 1430
f 363 2207 1567
f 270 1926 1369
f 247 1857 908
f 229 1803 890
f 223 1786 884
f 235 1822 896
f 241 1840 902
f 253 1876 920
f 355 2182 1058
f 398 2312 1238
f 386 2276 1202
f 260 1898 1100
f 325 2091 998
f 307 2037 980
f 278 1952 974
f 313 2056 986
f 319 2074 992
f 337 2128 1022
f 283 1966 950
f 290 1988 1064
f 368 2222 1136
f 392 2293 1178
f 356 2185 1232
f 254 1879 1040
f 259 1893 926
f 385 2271 1118
f 397 2307 1208
f 349 2163 1052
f 344 2150 1226
f 296 2006 1190
f 362 2204 1106
f 265 1911 932
f 338 2131 1166
f 284 1969 1004
f 289 1983 956
f 367 2217 1082
f 391 2290 1148
f 350 2168 1172
f 343 2145 1028
f 295 2001 962
f 361 2199 1076
f 266 1916 1124
f 230 1808 1034
f 224 1789 914
f 236 1825 1094
f 242 1843 1184
f 248 1862 1214
f 272 1933 1154
f 331 2110 1016
f 301 2020 968
f 373 2236 1088
f 380 2257 1142
f 308 2042 1010
f 277 1947 944
f 314 2059 1070
f 320 2077 1130
f 326 2096 1160
f 332 2113 1046
f 302 2023 1220
f 374 2239 1196
f 379 2254 1112
f 271 1930 938
f 234 1818 1279
f 227 1798 1255
f 239 1834 1291
f 245 1852 1309
f 252 1872 1327
f 275 1942 1375
f 334 2120 1537
f 304 2030 1448
f 377 2248 1574
f 382 2263 1364
f 312 2052 1483
f 279 1955 1387
f 316 2065 1436
f 323 2086 1507
f 330 2106 1525
f 335 2122 1543
f 305 2032 1465
f 376 2245 1454
f 383 2266 1580
f 274 1940 1358
f 232 1813 1267
f 225 1792 1243
f 237 1828 1250
f 243 1846 1286
f 250 1867 1304
f 273 1936 1334
f 336 2123 1549
f 306 2033 1471
f 378 2249 1597
f 381 2260 1352
f 311 2049 1477
f 281 1959 1399
f 315 2062 1406
f 321 2080 1490
f 328 2101 1502
f 333 2116 1531
f 303 2026 1412
f 375 2242 1442
f 384 2267 1592
f 276 1943 1381
f 251 1869 1321
f 233 1815 1273
f 228 1799 1261
f 240 1835 1297
f 246 1853 1315
f 258 1889 1339
f 360 2195 1562
f 401 2319 1460
f 389 2283 1586
f 263 1905 1345
f 329 2103 1519
f 310 2046 1418
f 280 1957 1393
f 318 2069 1495
f 324 2087 1513
f 342 2141 1555
f 288 1979 1423
f 292 1993 1429
f 371 2229 1568
f 393 2296 1370
f 357 2188 1280
f 255 1882 1256
f 262 1902 1292
f 388 2280 1310
f 400 2316 1328
f 352 2172 1376
f 347 2157 1538
f 298 2011 1447
f 364 2209 1573
f 269 1923 1363
f 339 2134 1484
f 285 1972 1388
f 293 1995 1435
f 370 2226 1508
f 396 2303 1526
f 353 2175 1544
f 346 2154 1466
f 299 2013 1453
f 365 2211 1579
f 268 1921 1357
f 249 1865 1268
f 231 1811 1244
f 226 1796 1249
f 238 1832 1285
f 244 1850 1303
f 257 1888 1333
f 359 2194 1550
f 402 2322 1472
f 390 2286 1598
f 264 1908 1351
f 327 2099 1478
f 309 2045 1400
f 282 1962 1405
f 317 2068 1489
f 322 2084 1501
f 341 2140 1532
f 286 1976 1411
f 294 1998 1441
f 372 2232 1591
f 394 2299 1382
f 416 2330 911
f 408 2324 893
f 406 2325 888
f 412 2332 900
f 415 2335 906
f 424 2344 924
f 492 2410 1062
f 582 2497 1242
f 565 2486 1206
f 514 2434 1104
f 461 2375 1001
f 453 2369 983
f 451 2370 978
f 457 2377 990
f 460 2380 996
f 475 2393 1026
f 439 2359 954
f 496 2415 1068
f 533 2455 1140
f 551 2461 1181
f 579 2489 1235
f 483 2399 1043
f 426 2341 929
f 521 2431 1121
f 566 2476 1211
f 489 2405 1055
f 578 2500 1230
f 560 2481 1194
f 518 2439 1110
f 429 2348 935
f 547 2465 1169
f 465 2383 1007
f 441 2356 959
f 504 2420 1085
f 537 2452 1152
f 550 2471 1176
f 476 2386 1031
f 444 2363 965
f 502 2422 1079
f 526 2445 1128
f 481 2400 1038
f 420 2338 917
f 510 2428 1097
f 555 2473 1187
f 571 2490 1218
f 540 2458 1157
f 473 2394 1020
f 447 2366 972
f 507 2425 1092
f 534 2444 1145
f 469 2389 1014
f 435 2353 947
f 498 2414 1073
f 529 2449 1133
f 545 2466 1164
f 487 2407 1049
f 574 2494 1223
f 562 2480 1199
f 520 2438 1116
f 432 2351 942
f 589 2510 1283
f 583 2504 1259
f 586 2508 1295
f 593 2514 1313
f 596 2517 1331
f 599 2520 1379
f 633 2554 1541
f 620 2539 1452
f 640 2560 1578
f 603 2523 1368
f 622 2543 1487
f 607 2527 1391
f 612 2532 1440
f 626 2547 1511
f 629 2550 1529
f 631 2552 1547
f 614 2535 1469
f 618 2538 1458
f 641 2558 1584
f 605 2524 1362
f 164 1607 1609
f 163 1603 1605
f 165 1604 1611
f 166 1610 1614
f 167 1613 1617
f 172 1622 1631
f 190 1686 1688
f 219 1773 1775
f 215 1761 1763
f 201 1712 1719
f 179 1652 1654
f 178 1648 1650
f 180 1649 1656
f 181 1655 1659
f 182 1658 1662
f 185 1670 1672
f 177 1637 1646
f 197 1694 1706
f 206 1731 1735
f 208 1739 1741
f 218 1768 1770
f 188 1678 1680
f 168 1619 1621
f 198 1709 1711
f 213 1754 1756
f 189 1682 1684
f 221 1776 1780
f 217 1758 1767
f 202 1716 1722
f 170 1625 1627
f 209 1742 1744
f 184 1663 1668
f 173 1634 1636
f 194 1697 1699
f 204 1728 1730
f 210 1746 1748
f 183 1664 1666
f 175 1640 1642
f 196 1700 1705
f 207 1724 1736
f 192 1679 1691
f 169 1618 1623
f 199 1708 1713
f 216 1753 1764
f 222 1769 1781
f 211 1738 1749
f 187 1671 1677
f 176 1643 1645
f 195 1701 1703
f 203 1723 1725
f 186 1667 1674
f 174 1633 1638
f 193 1693 1695
f 205 1727 1732
f 212 1743 1752
f 191 1685 1690
f 220 1772 1777
f 214 1757 1759
f 200 1715 1717
f 171 1628 1630
f 358 2187 2191
f 256 1881 1885
f 261 1899 1901
f 387 2277 2279
f 399 2313 2315
f 351 2169 2171
f 348 2156 2160
f 300 2010 2016
f 366 2208 2214
f 267 1917 1919
f 340 2133 2137
f 287 1971 1978
f 291 1989 1991
f 369 2223 2225
f 395 2300 2302
f 354 2174 2178
f 345 2151 2153
f 297 2007 2009
f 363 2205 2207
f 270 1920 1926
f 247 1855 1857
f 229 1801 1803
f 223 1784 1786
f 235 1820 1822
f 241 1838 1840
f 253 1874 1876
f 355 2180 2182
f 398 2310 2312
f 386 2274 2276
f 260 1896 1898
f 325 2089 2091
f 307 2035 2037
f 278 1950 1952
f 313 2054 2056
f 319 2072 2074
f 337 2126 2128
f 283 1964 1966
f 290 1986 1988
f 368 2220 2222
f 392 2291 2293
f 356 2183 2185
f 254 1877 1879
f 259 1891 1893
f 385 2269 2271
f 397 2305 2307
f 349 2161 2163
f 344 2148 2150
f 296 2004 2006
f 362 2202 2204
f 265 1909 1911
f 338 2129 2131
f 284 1967 1969
f 289 1981 1983
f 367 2215 2217
f 391 2288 2290
f 350 2166 2168
f 343 2143 2145
f 295 1999 2001
f 361 2197 2199
f 266 1914 1916
f 230 1806 1808
f 224 1787 1789
f 236 1823 1825
f 242 1841 1843
f 248 1860 1862
f 272 1931 1933
f 331 2108 2110
f 301 2018 2020
f 373 2234 2236
f 380 2255 2257
f 308 2040 2042
f 277 1945 1947
f 314 2057 2059
f 320 2075 2077
f 326 2094 2096
f 332 2111 2113
f 302 2021 2023
f 374 2237 2239
f 379 2252 2254
f 271 1928 1930
f 234 1812 1818
f 227 1791 1798
f 239 1827 1834
f 245 1845 1852
f 252 1866 1872
f 275 1935 1942
f 334 2118 2120
f 304 2028 2030
f 377 2246 2248
f 382 2259 2263
f 312 2048 2052
f 279 1953 1955
f 316 2061 2065
f 323 2079 2086
f 330 2100 2106
f 335 2115 2122
f 305 2025 2032
f 376 2241 2245
f 383 2264 2266
f 274 1938 1940
f 232 1802 1813
f 225 1783 1792
f 237 1819 1828
f 243 1837 1846
f 250 1856 1867
f 273 1927 1936
f 336 2112 2123
f 306 2022 2033
f 378 2238 2249
f 381 2251 2260
f 311 2036 2049
f 281 1949 1959
f 315 2053 2062
f 321 2071 2080
f 328 2090 2101
f 333 2107 2116
f 303 2017 2026
f 375 2233 2242
f 384 2256 2267
f 276 1932 1943
f 251 1859 1869
f 233 1805 1815
f 228 1788 1799
f 240 1824 1835
f 246 1842 1853
f 258 1878 1889
f 360 2184 2195
f 401 2306 2319
f 389 2270 2283
f 263 1892 1905
f 329 2093 2103
f 310 2039 2046
f 280 1946 1957
f 318 2058 2069
f 324 2076 2087
f 342 2130 2141
f 288 1968 1979
f 292 1982 1993
f 371 2216 2229
f 393 2287 2296
f 357 2179 2188
f 255 1873 1882
f 262 1895 1902
f 388 2273 2280
f 400 2309 2316
f 352 2165 2172
f 347 2144 2157
f 298 2000 2011
f 364 2198 2209
f 269 1913 1923
f 339 2125 2134
f 285 1963 1972
f 293 1985 1995
f 370 2219 2226
f 396 2292 2303
f 353 2162 2175
f 346 2147 2154
f 299 2003 2013
f 365 2201 2211
f 268 1910 1921
f 249 1863 1865
f 231 1809 1811
f 226 1794 1796
f 238 1830 1832
f 244 1848 1850
f 257 1886 1888
f 359 2192 2194
f 402 2318 2322
f 390 2282 2286
f 264 1904 1908
f 327 2097 2099
f 309 2043 2045
f 282 1956 1962
f 317 2066 2068
f 322 2082 2084
f 341 2138 2140
f 286 1974 1976
f 294 1992 1998
f 372 2228 2232
f 394 2295 2299
f 416 2331 2330
f 408 2327 2324
f 406 2328 2325
f 412 2334 2332
f 415 2337 2335
f 424 2346 2344
f 492 2412 2410
f 582 2499 2497
f 565 2487 2486
f 514 2436 2434
f 461 2376 2375
f 453 2372 2369
f 451 2373 2370
f 457 2379 2377
f 460 2382 2380
f 475 2396 2393
f 439 2361 2359
f 496 2418 2415
f 533 2457 2455
f 551 2463 2461
f 579 2492 2489
f 483 2402 2399
f 426 2343 2341
f 521 2433 2431
f 566 2478 2476
f 489 2406 2405
f 578 2502 2500
f 560 2484 2481
f 518 2442 2439
f 429 2349 2348
f 547 2468 2465
f 465 2387 2383
f 441 2358 2356
f 504 2421 2420
f 537 2454 2452
f 550 2472 2471
f 476 2388 2386
f 444 2364 2363
f 502 2426 2422
f 526 2448 2445
f 481 2403 2400
f 420 2342 2338
f 510 2432 2428
f 555 2477 2473
f 571 2493 2490
f 540 2462 2458
f 473 2397 2394
f 447 2367 2366
f 507 2427 2425
f 534 2447 2444
f 469 2391 2389
f 435 2357 2353
f 498 2417 2414
f 529 2453 2449
f 545 2469 2466
f 487 2411 2407
f 574 2498 2494
f 562 2483 2480
f 520 2441 2438
f 432 2352 2351
f 589 2509 2510
f 583 2503 2504
f 586 2506 2508
f 593 2512 2514
f 596 2515 2517
f 599 2518 2520
f 633 2555 2554
f 620 2541 2539
f 640 2562 2560
f 603 2522 2523
f 622 2542 2543
f 607 2528 2527
f 612 2531 2532
f 626 2545 2547
f 629 2548 2550
f 631 2551 2552
f 614 2533 2535
f 618 2537 2538
f 641 2559 2558
f 605 2526 2524
f 164 644 1607
f 163 643 1603
f 165 645 1604
f 166 646 1610
f 167 647 1613
f 172 652 1622
f 190 670 1686
f 219 699 1773
f 215 695 1761
f 201 681 1712
f 179 659 1652
f 178 658 1648
f 180 660 1649
f 181 661 1655
f 182 662 1658
f 185 665 1670
f 177 657 1637
f 197 677 1694
f 206 686 1731
f 208 688 1739
f 218 698 1768
f 188 668 1678
f 168 648 1619
f 198 678 1709
f 213 693 1754
f 189 669 1682
f 221 701 1776
f 217 697 1758
f 202 682 1716
f 170 650 1625
f 209 689 1742
f 184 664 1663
f 173 653 1634
f 194 674 1697
f 204 684 1728
f 210 690 1746
f 183 663 1664
f 175 655 1640
f 196 676 1700
f 207 687 1724
f 192 672 1679
f 169 649 1618
f 199 679 1708
f 216 696 1753
f 222 702 1769
f 211 691 1738
f 187 667 1671
f 176 656 1643
f 195 675 1701
f 203 683 1723
f 186 666 1667
f 174 654 1633
f 193 673 1693
f 205 685 1727
f 212 692 1743
f 191 671 1685
f 220 700 1772
f 214 694 1757
f 200 680 1715
f 171 651 1628
f 358 838 2187
f 256 736 1881
f 261 741 1899
f 387 867 2277
f 399 879 2313
f 351 831 2169
f 348 828 2156
f 300 780 2010
f 366 846 2208
f 267 747 1917
f 340 820 2133
f 287 767 1971
f 291 771 1989
f 369 849 2223
f 395 875 2300
f 354 834 2174
f 345 825 2151
f 297 777 2007
f 363 843 2205
f 270 750 1920
f 247 727 1855
f 229 709 1801
f 223 703 1784
f 235 715 1820
f 241 721 1838
f 253 733 1874
f 355 835 2180
f 398 878 2310
f 386 866 2274
f 260 740 1896
f 325 805 2089
f 307 787 2035
f 278 758 1950
f 313 793 2054
f 319 799 2072
f 337 817 2126
f 283 763 1964
f 290 770 1986
f 368 848 2220
f 392 872 2291
f 356 836 2183
f 254 734 1877
f 259 739 1891
f 385 865 2269
f 397 877 2305
f 349 829 2161
f 344 824 2148
f 296 776 2004
f 362 842 2202
f 265 745 1909
f 338 818 2129
f 284 764 1967
f 289 769 1981
f 367 847 2215
f 391 871 2288
f 350 830 2166
f 343 823 2143
f 295 775 1999
f 361 841 2197
f 266 746 1914
f 230 710 1806
f 224 704 1787
f 236 716 1823
f 242 722 1841
f 248 728 1860
f 272 752 1931
f 331 811 2108
f 301 781 2018
f 373 853 2234
f 380 860 2255
f 308 788 2040
f 277 757 1945
f 314 794 2057
f 320 800 2075
f 326 806 2094
f 332 812 2111
f 302 782 2021
f 374 854 2237
f 379 859 2252
f 271 751 1928
f 234 714 1812
f 227 707 1791
f 239 719 1827
f 245 725 1845
f 252 732 1866
f 275 755 1935
f 334 814 2118
f 304 784 2028
f 377 857 2246
f 382 862 2259
f 312 792 2048
f 279 759 1953
f 316 796 2061
f 323 803 2079
f 330 810 2100
f 335 815 2115
f 305 785 2025
f 376 856 2241
f 383 863 2264
f 274 754 1938
f 232 712 1802
f 225 705 1783
f 237 717 1819
f 243 723 1837
f 250 730 1856
f 273 753 1927
f 336 816 2112
f 306 786 2022
f 378 858 2238
f 381 861 2251
f 311 791 2036
f 281 761 1949
f 315 795 2053
f 321 801 2071
f 328 808 2090
f 333 813 2107
f 303 783 2017
f 375 855 2233
f 384 864 2256
f 276 756 1932
f 251 731 1859
f 233 713 1805
f 228 708 1788
f 240 720 1824
f 246 726 1842
f 258 738 1878
f 360 840 2184
f 401 881 2306
f 389 869 2270
f 263 743 1892
f 329 809 2093
f 310 790 2039
f 280 760 1946
f 318 798 2058
f 324 804 2076
f 342 822 2130
f 288 768 1968
f 292 772 1982
f 371 851 2216
f 393 873 2287
f 357 837 2179
f 255 735 1873
f 262 742 1895
f 388 868 2273
f 400 880 2309
f 352 832 2165
f 347 827 2144
f 298 778 2000
f 364 844 2198
f 269 749 1913
f 339 819 2125
f 285 765 1963
f 293 773 1985
f 370 850 2219
f 396 876 2292
f 353 833 2162
f 346 826 2147
f 299 779 2003
f 365 845 2201
f 268 748 1910
f 249 729 1863
f 231 711 1809
f 226 706 1794
f 238 718 1830
f 244 724 1848
f 257 737 1886
f 359 839 2192
f 402 882 2318
f 390 870 2282
f 264 744 1904
f 327 807 2097
f 309 789 2043
f 282 762 1956
f 317 797 2066
f 322 802 2082
f 341 821 2138
f 286 766 1974
f 294 774 1992
f 372 852 2228
f 394 874 2295
f 416 1270 2331
f 408 1246 2327
f 406 1251 2328
f 412 1287 2334
f 415 1305 2337
f 424 1335 2346
f 492 1552 2412
f 582 1474 2499
f 565 1600 2487
f 514 1353 2436
f 461 1480 2376
f 453 1402 2372
f 451 1407 2373
f 457 1491 2379
f 460 1503 2382
f 475 1534 2396
f 439 1413 2361
f 496 1443 2418
f 533 1593 2457
f 551 1384 2463
f 579 1324 2492
f 483 1276 2402
f 426 1264 2343
f 521 1300 2433
f 566 1318 2478
f 489 1342 2406
f 578 1563 2502
f 560 1461 2484
f 518 1587 2442
f 429 1348 2349
f 547 1522 2468
f 465 1419 2387
f 441 1396 2358
f 504 1498 2421
f 537 1516 2454
f 550 1558 2472
f 476 1426 2388
f 444 1432 2364
f 502 1569 2426
f 526 1371 2448
f 481 1281 2403
f 420 1257 2342
f 510 1293 2432
f 555 1311 2477
f 571 1329 2493
f 540 1377 2462
f 473 1539 2397
f 447 1450 2367
f 507 1576 2427
f 534 1366 2447
f 469 1485 2391
f 435 1389 2357
f 498 1438 2417
f 529 1509 2453
f 545 1527 2469
f 487 1545 2411
f 574 1467 2498
f 562 1456 2483
f 520 1582 2441
f 432 1360 2352
f 589 1271 2509
f 583 1247 2503
f 586 1254 2506
f 593 1290 2512
f 596 1308 2515
f 599 1338 2518
f 633 1553 2555
f 620 1475 2541
f 640 1601 2562
f 603 1356 2522
f 622 1481 2542
f 607 1403 2528
f 612 1410 2531
f 626 1494 2545
f 629 1506 2548
f 631 1535 2551
f 614 1416 2533
f 618 1446 2537
f 641 1596 2559
f 605 1385 2526
f 167 907 1616
f 164 889 1608
f 163 883 1606
f 165 895 1612
f 166 901 1615
f 169 919 1624
f 192 1057 1692
f 222 1237 1782
f 216 1201 1765
f 199 1099 1714
f 182 997 1661
f 179 979 1653
f 178 973 1651
f 180 985 1657
f 181 991 1660
f 186 1021 1675
f 174 949 1639
f 193 1063 1696
f 205 1135 1733
f 212 1177 1751
f 221 1231 1779
f 189 1039 1683
f 170 925 1626
f 202 1117 1721
f 217 1207 1766
f 191 1051 1689
f 220 1225 1778
f 214 1189 1760
f 200 1105 1718
f 171 931 1629
f 210 1165 1747
f 183 1003 1665
f 175 955 1641
f 196 1081 1704
f 207 1147 1737
f 211 1171 1750
f 187 1027 1676
f 176 961 1644
f 195 1075 1702
f 203 1123 1726
f 188 1033 1681
f 168 913 1620
f 198 1093 1710
f 213 1183 1755
f 218 1213 1771
f 208 1153 1740
f 185 1015 1673
f 177 967 1647
f 197 1087 1707
f 206 1141 1734
f 184 1009 1669
f 173 943 1635
f 194 1069 1698
f 204 1129 1729
f 209 1159 1745
f 190 1045 1687
f 219 1219 1774
f 215 1195 1762
f 201 1111 1720
f 172 937 1632
f 357 1280 2189
f 255 1256 1883
f 262 1292 1903
f 388 1310 2281
f 400 1328 2317
f 352 1376 2173
f 347 1538 2158
f 298 1447 2012
f 364 1573 2210
f 269 1363 1924
f 339 1484 2135
f 285 1388 1973
f 293 1435 1996
f 370 1508 2227
f 396 1526 2304
f 353 1544 2176
f 346 1466 2155
f 299 1453 2014
f 365 1579 2212
f 268 1357 1922
f 249 1268 1864
f 231 1244 1810
f 226 1249 1795
f 238 1285 1831
f 244 1303 1849
f 257 1333 1887
f 359 1550 2193
f 402 1472 2321
f 390 1598 2285
f 264 1351 1907
f 327 1478 2098
f 309 1400 2044
f 282 1405 1961
f 317 1489 2067
f 322 1501 2083
f 341 1532 2139
f 286 1411 1975
f 294 1441 1997
f 372 1591 2231
f 394 1382 2298
f 358 1322 2190
f 256 1274 1884
f 261 1262 1900
f 387 1298 2278
f 399 1316 2314
f 351 1340 2170
f 348 1561 2159
f 300 1459 2015
f 366 1585 2213
f 267 1346 1918
f 340 1520 2136
f 287 1417 1977
f 291 1394 1990
f 369 1496 2224
f 395 1514 2301
f 354 1556 2177
f 345 1424 2152
f 297 1430 2008
f 363 1567 2206
f 270 1369 1925
f 234 1279 1817
f 227 1255 1797
f 239 1291 1833
f 245 1309 1851
f 252 1327 1871
f 275 1375 1941
f 334 1537 2119
f 304 1448 2029
f 377 1574 2247
f 382 1364 2262
f 312 1483 2051
f 279 1387 1954
f 316 1436 2064
f 323 1507 2085
f 330 1525 2105
f 335 1543 2121
f 305 1465 2031
f 376 1454 2244
f 383 1580 2265
f 274 1358 1939
f 232 1267 1814
f 225 1243 1793
f 237 1250 1829
f 243 1286 1847
f 250 1304 1868
f 273 1334 1937
f 336 1549 2124
f 306 1471 2034
f 378 1597 2250
f 381 1352 2261
f 311 1477 2050
f 281 1399 1960
f 315 1406 2063
f 321 1490 2081
f 328 1502 2102
f 333 1531 2117
f 303 1412 2027
f 375 1442 2243
f 384 1592 2268
f 276 1381 1944
f 229 890 1804
f 223 884 1785
f 235 896 1821
f 241 902 1839
f 247 908 1858
f 271 938 1929
f 332 1046 2114
f 302 1220 2024
f 374 1196 2240
f 379 1112 2253
f 307 980 2038
f 278 974 1951
f 313 986 2055
f 319 992 2073
f 325 998 2092
f 331 1016 2109
f 301 968 2019
f 373 1088 2235
f 380 1142 2258
f 272 1154 1934
f 248 1214 1861
f 230 1034 1807
f 224 914 1790
f 236 1094 1826
f 242 1184 1844
f 254 1040 1880
f 356 1232 2186
f 397 1208 2308
f 385 1118 2272
f 259 926 1894
f 326 1160 2095
f 308 1010 2041
f 277 944 1948
f 314 1070 2060
f 320 1130 2078
f 338 1166 2132
f 284 1004 1970
f 289 956 1984
f 367 1082 2218
f 391 1148 2289
f 355 1058 2181
f 253 920 1875
f 260 1100 1897
f 386 1202 2275
f 398 1238 2311
f 350 1172 2167
f 343 1028 2146
f 295 962 2002
f 361 1076 2200
f 266 1124 1915
f 337 1022 2127
f 283 950 1965
f 290 1064 1987
f 368 1136 2221
f 392 1178 2294
f 349 1052 2164
f 344 1226 2149
f 296 1190 2005
f 362 1106 2203
f 265 932 1912
f 251 1321 1870
f 233 1273 1816
f 228 1261 1800
f 240 1297 1836
f 246 1315 1854
f 258 1339 1890
f 360 1562 2196
f 401 1460 2320
f 389 1586 2284
f 263 1345 1906
f 329 1519 2104
f 310 1418 2047
f 280 1393 1958
f 318 1495 2070
f 324 1513 2088
f 342 1555 2142
f 288 1423 1980
f 292 1429 1994
f 371 1568 2230
f 393 1370 2297
f 409 894 2329
f 405 887 2323
f 411 899 2326
f 414 905 2333
f 417 912 2336
f 431 941 2345
f 488 1050 2409
f 575 1224 2496
f 563 1200 2485
f 519 1115 2435
f 454 984 2374
f 450 977 2368
f 456 989 2371
f 459 995 2378
f 462 1002 2381
f 472 1019 2392
f 446 971 2360
f 506 1091 2416
f 535 1146 2456
f 541 1158 2460
f 570 1217 2488
f 480 1037 2398
f 421 918 2340
f 511 1098 2430
f 556 1188 2475
f 484 1044 2404
f 580 1236 2501
f 567 1212 2482
f 522 1122 2440
f 427 930 2347
f 544 1163 2464
f 468 1013 2384
f 436 948 2355
f 499 1074 2419
f 530 1134 2451
f 548 1170 2470
f 466 1008 2385
f 442 960 2362
f 505 1086 2423
f 536 1151 2446
f 491 1061 2401
f 423 923 2339
f 513 1103 2429
f 564 1205 2474
f 581 1241 2491
f 549 1175 2459
f 477 1032 2395
f 445 966 2365
f 503 1080 2424
f 525 1127 2443
f 474 1025 2390
f 438 953 2354
f 495 1067 2413
f 532 1139 2450
f 552 1182 2467
f 490 1056 2408
f 577 1229 2495
f 559 1193 2479
f 517 1109 2437
f 430 936 2350
f 590 1325 2511
f 584 1277 2505
f 585 1265 2507
f 592 1301 2513
f 595 1319 2516
f 598 1343 2519
f 636 1566 2556
f 621 1464 2540
f 642 1590 2561
f 601 1349 2521
f 623 1523 2544
f 611 1422 2529
f 609 1397 2530
f 625 1499 2546
f 628 1517 2549
f 632 1559 2553
f 613 1427 2534
f 616 1433 2536
f 638 1572 2557
f 606 1374 2525
f 407 892 1609
f 403 885 1605
f 404 897 1611
f 410 903 1614
f 413 910 1617
f 422 939 1631
f 486 1048 1688
f 573 1222 1775
f 561 1198 1763
f 512 1113 1719
f 452 982 1654
f 448 975 1650
f 449 987 1656
f 455 993 1659
f 458 1000 1662
f 470 1017 1672
f 437 969 1646
f 494 1089 1706
f 531 1144 1735
f 539 1156 1741
f 568 1215 1770
f 478 1035 1680
f 419 916 1621
f 509 1096 1711
f 554 1186 1756
f 482 1042 1684
f 576 1234 1780
f 558 1210 1767
f 516 1120 1722
f 425 928 1627
f 542 1161 1744
f 463 1011 1668
f 434 946 1636
f 497 1072 1699
f 528 1132 1730
f 546 1168 1748
f 464 1006 1666
f 440 958 1642
f 500 1084 1705
f 524 1149 1736
f 479 1059 1691
f 418 921 1623
f 508 1101 1713
f 553 1203 1764
f 569 1239 1781
f 538 1173 1749
f 471 1030 1677
f 443 964 1645
f 501 1078 1703
f 523 1125 1725
f 467 1023 1674
f 433 951 1638
f 493 1065 1695
f 527 1137 1732
f 543 1180 1752
f 485 1054 1690
f 572 1227 1777
f 557 1191 1759
f 515 1107 1717
f 428 934 1630
f 591 1326 2191
f 587 1278 1885
f 588 1266 1901
f 594 1302 2279
f 597 1320 2315
f 600 1344 2171
f 634 1565 2160
f 619 1463 2016
f 639 1589 2214
f 602 1350 1919
f 624 1524 2137
f 608 1421 1978
f 610 1398 1991
f 627 1500 2225
f 630 1518 2302
f 635 1560 2178
f 615 1428 2153
f 617 1434 2009
f 637 1571 2207
f 604 1373 1926
f 416 911 1857
f 408 893 1803
f 406 888 1786
f 412 900 1822
f 415 906 1840
f 424 924 1876
f 492 1062 2182
f 582 1242 2312
f 565 1206 2276
f 514 1104 1898
f 461 1001 2091
f 453 983 2037
f 451 978 1952
f 457 990 2056
f 460 996 2074
f 475 1026 2128
f 439 954 1966
f 496 1068 1988
f 533 1140 2222
f 551 1181 2293
f 579 1235 2185
f 483 1043 1879
f 426 929 1893
f 521 1121 2271
f 566 1211 2307
f 489 1055 2163
f 578 1230 2150
f 560 1194 2006
f 518 1110 2204
f 429 935 1911
f 547 1169 2131
f 465 1007 1969
f 441 959 1983
f 504 1085 2217
f 537 1152 2290
f 550 1176 2168
f 476 1031 2145
f 444 965 2001
f 502 1079 2199
f 526 1128 1916
f 481 1038 1808
f 420 917 1789
f 510 1097 1825
f 555 1187 1843
f 571 1218 1862
f 540 1157 1933
f 473 1020 2110
f 447 972 2020
f 507 1092 2236
f 534 1145 2257
f 469 1014 2042
f 435 947 1947
f 498 1073 2059
f 529 1133 2077
f 545 1164 2096
f 487 1049 2113
f 574 1223 2023
f 562 1199 2239
f 520 1116 2254
f 432 942 1930
f 589 1283 1818
f 583 1259 1798
f 586 1295 1834
f 593 1313 1852
f 596 1331 1872
f 599 1379 1942
f 633 1541 2120
f 620 1452 2030
f 640 1578 2248
f 603 1368 2263
f 622 1487 2052
f 607 1391 1955
f 612 1440 2065
f 626 1511 2086
f 629 1529 2106
f 631 1547 2122
f 614 1469 2032
f 618 1458 2245
f 641 1584 2266
f 605 1362 1940
f 409 1269 1813
f 405 1245 1792
f 411 1252 1828
f 414 1288 1846
f 417 1306 1867
f 431 1336 1936
f 488 1551 2123
f 575 1473 2033
f 563 1599 2249
f 519 1354 2260
f 454 1479 2049
f 450 1401 1959
f 456 1408 2062
f 459 1492 2080
f 462 1504 2101
f 472 1533 2116
f 446 1414 2026
f 506 1444 2242
f 535 1594 2267
f 541 1383 1943
f 570 1323 1869
f 480 1275 1815
f 421 1263 1799
f 511 1299 1835
f 556 1317 1853
f 484 1341 1889
f 580 1564 2195
f 567 1462 2319
f 522 1588 2283
f 427 1347 1905
f 544 1521 2103
f 468 1420 2046
f 436 1395 1957
f 499 1497 2069
f 530 1515 2087
f 548 1557 2141
f 466 1425 1979
f 442 1431 1993
f 505 1570 2229
f 536 1372 2296
f 491 1282 2188
f 423 1258 1882
f 513 1294 1902
f 564 1312 2280
f 581 1330 2316
f 549 1378 2172
f 477 1540 2157
f 445 1449 2011
f 503 1575 2209
f 525 1365 1923
f 474 1486 2134
f 438 1390 1972
f 495 1437 1995
f 532 1510 2226
f 552 1528 2303
f 490 1546 2175
f 577 1468 2154
f 559 1455 2013
f 517 1581 2211
f 430 1359 1921
f 590 1272 1865
f 584 1248 1811
f 585 1253 1796
f 592 1289 1832
f 595 1307 1850
f 598 1337 1888
f 636 1554 2194
f 621 1476 2322
f 642 1602 2286
f 601 1355 1908
f 623 1482 2099
f 611 1404 2045
f 609 1409 1962
f 625 1493 2068
f 628 1505 2084
f 632 1536 2140
f 613 1415 1976
f 616 1445 1998
f 638 1595 2232
f 606 1386 2299
f 407 909 2330
f 403 891 2324
f 404 886 2325
f 410 898 2332
f 413 904 2335
f 422 922 2344
f 486 1060 2410
f 573 1240 2497
f 561 1204 2486
f 512 1102 2434
f 452 999 2375
f 448 981 2369
f 449 976 2370
f 455 988 2377
f 458 994 2380
f 470 1024 2393
f 437 952 2359
f 494 1066 2415
f 531 1138 2455
f 539 1179 2461
f 568 1233 2489
f 478 1041 2399
f 419 927 2341
f 509 1119 2431
f 554 1209 2476
f 482 1053 2405
f 576 1228 2500
f 558 1192 2481
f 516 1108 2439
f 425 933 2348
f 542 1167 2465
f 463 1005 2383
f 434 957 2356
f 497 1083 2420
f 528 1150 2452
f 546 1174 2471
f 464 1029 2386
f 440 963 2363
f 500 1077 2422
f 524 1126 2445
f 479 1036 2400
f 418 915 2338
f 508 1095 2428
f 553 1185 2473
f 569 1216 2490
f 538 1155 2458
f 471 1018 2394
f 443 970 2366
f 501 1090 2425
f 523 1143 2444
f 467 1012 2389
f 433 945 2353
f 493 1071 2414
f 527 1131 2449
f 543 1162 2466
f 485 1047 2407
f 572 1221 2494
f 557 1197 2480
f 515 1114 2438
f 428 940 2351
f 591 1284 2510
f 587 1260 2504
f 588 1296 2508
f 594 1314 2514
f 597 1332 2517
f 600 1380 2520
f 634 1542 2554
f 619 1451 2539
f 639 1577 2560
f 602 1367 2523
f 624 1488 2543
f 608 1392 2527
f 610 1439 2532
f 627 1512 2547
f 630 1530 2550
f 635 1548 2552
f 615 1470 2535
f 617 1457 2538
f 637 1583 2558
f 604 1361 2524
f 167 1616 1607
f 164 1608 1603
f 163 1606 1604
f 165 1612 1610
f 166 1615 1613
f 169 1624 1622
f 192 1692 1686
f 222 1782 1773
f 216 1765 1761
f 199 1714 1712
f 182 1661 1652
f 179 1653 1648
f 178 1651 1649
f 180 1657 1655
f 181 1660 1658
f 186 1675 1670
f 174 1639 1637
f 193 1696 1694
f 205 1733 1731
f 212 1751 1739
f 221 1779 1768
f 189 1683 1678
f 170 1626 1619
f 202 1721 1709
f 217 1766 1754
f 191 1689 1682
f 220 1778 1776
f 214 1760 1758
f 200 1718 1716
f 171 1629 1625
f 210 1747 1742
f 183 1665 1663
f 175 1641 1634
f 196 1704 1697
f 207 1737 1728
f 211 1750 1746
f 187 1676 1664
f 176 1644 1640
f 195 1702 1700
f 203 1726 1724
f 188 1681 1679
f 168 1620 1618
f 198 1710 1708
f 213 1755 1753
f 218 1771 1769
f 208 1740 1738
f 185 1673 1671
f 177 1647 1643
f 197 1707 1701
f 206 1734 1723
f 184 1669 1667
f 173 1635 1633
f 194 1698 1693
f 204 1729 1727
f 209 1745 1743
f 190 1687 1685
f 219 1774 1772
f 215 1762 1757
f 201 1720 1715
f 172 1632 1628
f 357 2189 2187
f 255 1883 1881
f 262 1903 1899
f 388 2281 2277
f 400 2317 2313
f 352 2173 2169
f 347 2158 2156
f 298 2012 2010
f 364 2210 2208
f 269 1924 1917
f 339 2135 2133
f 285 1973 1971
f 293 1996 1989
f 370 2227 2223
f 396 2304 2300
f 353 2176 2174
f 346 2155 2151
f 299 2014 2007
f 365 2212 2205
f 268 1922 1920
f 249 1864 1855
f 231 1810 1801
f 226 1795 1784
f 238 1831 1820
f 244 1849 1838
f 257 1887 1874
f 359 2193 2180
f 402 2321 2310
f 390 2285 2274
f 264 1907 1896
f 327 2098 2089
f 309 2044 2035
f 282 1961 1950
f 317 2067 2054
f 322 2083 2072
f 341 2139 2126
f 286 1975 1964
f 294 1997 1986
f 372 2231 2220
f 394 2298 2291
f 358 2190 2183
f 256 1884 1877
f 261 1900 1891
f 387 2278 2269
f 399 2314 2305
f 351 2170 2161
f 348 2159 2148
f 300 2015 2004
f 366 2213 2202
f 267 1918 1909
f 340 2136 2129
f 287 1977 1967
f 291 1990 1981
f 369 2224 2215
f 395 2301 2288
f 354 2177 2166
f 345 2152 2143
f 297 2008 1999
f 363 2206 2197
f 270 1925 1914
f 234 1817 1806
f 227 1797 1787
f 239 1833 1823
f 245 1851 1841
f 252 1871 1860
f 275 1941 1931
f 334 2119 2108
f 304 2029 2018
f 377 2247 2234
f 382 2262 2255
f 312 2051 2040
f 279 1954 1945
f 316 2064 2057
f 323 2085 2075
f 330 2105 2094
f 335 2121 2111
f 305 2031 2021
f 376 2244 2237
f 383 2265 2252
f 274 1939 1928
f 232 1814 1812
f 225 1793 1791
f 237 1829 1827
f 243 1847 1845
f 250 1868 1866
f 273 1937 1935
f 336 2124 2118
f 306 2034 2028
f 378 2250 2246
f 381 2261 2259
f 311 2050 2048
f 281 1960 1953
f 315 2063 2061
f 321 2081 2079
f 328 2102 2100
f 333 2117 2115
f 303 2027 2025
f 375 2243 2241
f 384 2268 2264
f 276 1944 1938
f 229 1804 1802
f 223 1785 1783
f 235 1821 1819
f 241 1839 1837
f 247 1858 1856
f 271 1929 1927
f 332 2114 2112
f 302 2024 2022
f 374 2240 2238
f 379 2253 2251
f 307 2038 2036
f 278 1951 1949
f 313 2055 2053
f 319 2073 2071
f 325 2092 2090
f 331 2109 2107
f 301 2019 2017
f 373 2235 2233
f 380 2258 2256
f 272 1934 1932
f 248 1861 1859
f 230 1807 1805
f 224 1790 1788
f 236 1826 1824
f 242 1844 1842
f 254 1880 1878
f 356 2186 2184
f 397 2308 2306
f 385 2272 2270
f 259 1894 1892
f 326 2095 2093
f 308 2041 2039
f 277 1948 1946
f 314 2060 2058
f 320 2078 2076
f 338 2132 2130
f 284 1970 1968
f 289 1984 1982
f 367 2218 2216
f 391 2289 2287
f 355 2181 2179
f 253 1875 1873
f 260 1897 1895
f 386 2275 2273
f 398 2311 2309
f 350 2167 2165
f 343 2146 2144
f 295 2002 2000
f 361 2200 2198
f 266 1915 1913
f 337 2127 2125
f 283 1965 1963
f 290 1987 1985
f 368 2221 2219
f 392 2294 2292
f 349 2164 2162
f 344 2149 2147
f 296 2005 2003
f 362 2203 2201
f 265 1912 1910
f 251 1870 1863
f 233 1816 1809
f 228 1800 1794
f 240 1836 1830
f 246 1854 1848
f 258 1890 1886
f 360 2196 2192
f 401 2320 2318
f 389 2284 2282
f 263 1906 1904
f 329 2104 2097
f 310 2047 2043
f 280 1958 1956
f 318 2070 2066
f 324 2088 2082
f 342 2142 2138
f 288 1980 1974
f 292 1994 1992
f 371 2230 2228
f 393 2297 2295
f 409 2329 2331
f 405 2323 2327
f 411 2326 2328
f 414 2333 2334
f 417 2336 2337
f 431 2345 2346
f 488 2409 2412
f 575 2496 2499
f 563 2485 2487
f 519 2435 2436
f 454 2374 2376
f 450 2368 2372
f 456 2371 2373
f 459 2378 2379
f 462 2381 2382
f 472 2392 2396
f 446 2360 2361
f 506 2416 2418
f 535 2456 2457
f 541 2460 2463
f 570 2488 2492
f 480 2398 2402
f 421 2340 2343
f 511 2430 2433
f 556 2475 2478
f 484 2404 2406
f 580 2501 2502
f 567 2482 2484
f 522 2440 2442
f 427 2347 2349
f 544 2464 2468
f 468 2384 2387
f 436 2355 2358
f 499 2419 2421
f 530 2451 2454
f 548 2470 2472
f 466 2385 2388
f 442 2362 2364
f 505 2423 2426
f 536 2446 2448
f 491 2401 2403
f 423 2339 2342
f 513 2429 2432
f 564 2474 2477
f 581 2491 2493
f 549 2459 2462
f 477 2395 2397
f 445 2365 2367
f 503 2424 2427
f 525 2443 2447
f 474 2390 2391
f 438 2354 2357
f 495 2413 2417
f 532 2450 2453
f 552 2467 2469
f 490 2408 2411
f 577 2495 2498
f 559 2479 2483
f 517 2437 2441
f 430 2350 2352
f 590 2511 2509
f 584 2505 2503
f 585 2507 2506
f 592 2513 2512
f 595 2516 2515
f 598 2519 2518
f 636 2556 2555
f 621 2540 2541
f 642 2561 2562
f 601 2521 2522
f 623 2544 2542
f 611 2529 2528
f 609 2530 2531
f 625 2546 2545
f 628 2549 2548
f 632 2553 2551
f 613 2534 2533
f 616 2536 2537
f 638 2557 2559
f 606 2525 2526
f 1607 644 647
f 1603 643 644
f 1604 645 643
f 1610 646 645
f 1613 647 646
f 1622 652 649
f 1686 670 672
f 1773 699 702
f 1761 695 696
f 1712 681 679
f 1652 659 662
f 1648 658 659
f 1649 660 658
f 1655 661 660
f 1658 662 661
f 1670 665 666
f 1637 657 654
f 1694 677 673
f 1731 686 685
f 1739 688 692
f 1768 698 701
f 1678 668 669
f 1619 648 650
f 1709 678 682
f 1754 693 697
f 1682 669 671
f 1776 701 700
f 1758 697 694
f 1716 682 680
f 1625 650 651
f 1742 689 690
f 1663 664 663
f 1634 653 655
f 1697 674 676
f 1728 684 687
f 1746 690 691
f 1664 663 667
f 1640 655 656
f 1700 676 675
f 1724 687 683
f 1679 672 668
f 1618 649 648
f 1708 679 678
f 1753 696 693
f 1769 702 698
f 1738 691 688
f 1671 667 665
f 1643 656 657
f 1701 675 677
f 1723 683 686
f 1667 666 664
f 1633 654 653
f 1693 673 674
f 1727 685 684
f 1743 692 689
f 1685 671 670
f 1772 700 699
f 1757 694 695
f 1715 680 681
f 1628 651 652
f 2187 838 837
f 1881 736 735
f 1899 741 742
f 2277 867 868
f 2313 879 880
f 2169 831 832
f 2156 828 827
f 2010 780 778
f 2208 846 844
f 1917 747 749
f 2133 820 819
f 1971 767 765
f 1989 771 773
f 2223 849 850
f 2300 875 876
f 2174 834 833
f 2151 825 826
f 2007 777 779
f 2205 843 845
f 1920 750 748
f 1855 727 729
f 1801 709 711
f 1784 703 706
f 1820 715 718
f 1838 721 724
f 1874 733 737
f 2180 835 839
f 2310 878 882
f 2274 866 870
f 1896 740 744
f 2089 805 807
f 2035 787 789
f 1950 758 762
f 2054 793 797
f 2072 799 802
f 2126 817 821
f 1964 763 766
f 1986 770 774
f 2220 848 852
f 2291 872 874
f 2183 836 838
f 1877 734 736
f 1891 739 741
f 2269 865 867
f 2305 877 879
f 2161 829 831
f 2148 824 828
f 2004 776 780
f 2202 842 846
f 1909 745 747
f 2129 818 820
f 1967 764 767
f 1981 769 771
f 2215 847 849
f 2288 871 875
f 2166 830 834
f 2143 823 825
f 1999 775 777
f 2197 841 843
f 1914 746 750
f 1806 710 714
f 1787 704 707
f 1823 716 719
f 1841 722 725
f 1860 728 732
f 1931 752 755
f 2108 811 814
f 2018 781 784
f 2234 853 857
f 2255 860 862
f 2040 788 792
f 1945 757 759
f 2057 794 796
f 2075 800 803
f 2094 806 810
f 2111 812 815
f 2021 782 785
f 2237 854 856
f 2252 859 863
f 1928 751 754
f 1812 714 712
f 1791 707 705
f 1827 719 717
f 1845 725 723
f 1866 732 730
f 1935 755 753
f 2118 814 816
f 2028 784 786
f 2246 857 858
f 2259 862 861
f 2048 792 791
f 1953 759 761
f 2061 796 795
f 2079 803 801
f 2100 810 808
f 2115 815 813
f 2025 785 783
f 2241 856 855
f 2264 863 864
f 1938 754 756
f 1802 712 709
f 1783 705 703
f 1819 717 715
f 1837 723 721
f 1856 730 727
f 1927 753 751
f 2112 816 812
f 2022 786 782
f 2238 858 854
f 2251 861 859
f 2036 791 787
f 1949 761 758
f 2053 795 793
f 2071 801 799
f 2090 808 805
f 2107 813 811
f 2017 783 781
f 2233 855 853
f 2256 864 860
f 1932 756 752
f 1859 731 728
f 1805 713 710
f 1788 708 704
f 1824 720 716
f 1842 726 722
f 1878 738 734
f 2184 840 836
f 2306 881 877
f 2270 869 865
f 1892 743 739
f 2093 809 806
f 2039 790 788
f 1946 760 757
f 2058 798 794
f 2076 804 800
f 2130 822 818
f 1968 768 764
f 1982 772 769
f 2216 851 847
f 2287 873 871
f 2179 837 835
f 1873 735 733
f 1895 742 740
f 2273 868 866
f 2309 880 878
f 2165 832 830
f 2144 827 823
f 2000 778 775
f 2198 844 841
f 1913 749 746
f 2125 819 817
f 1963 765 763
f 1985 773 770
f 2219 850 848
f 2292 876 872
f 2162 833 829
f 2147 826 824
f 2003 779 776
f 2201 845 842
f 1910 748 745
f 1863 729 731
f 1809 711 713
f 1794 706 708
f 1830 718 720
f 1848 724 726
f 1886 737 738
f 2192 839 840
f 2318 882 881
f 2282 870 869
f 1904 744 743
f 2097 807 809
f 2043 789 790
f 1956 762 760
f 2066 797 798
f 2082 802 804
f 2138 821 822
f 1974 766 768
f 1992 774 772
f 2228 852 851
f 2295 874 873
f 2331 1270 1269
f 2327 1246 1245
f 2328 1251 1252
f 2334 1287 1288
f 2337 1305 1306
f 2346 1335 1336
f 2412 1552 1551
f 2499 1474 1473
f 2487 1600 1599
f 2436 1353 1354
f 2376 1480 1479
f 2372 1402 1401
f 2373 1407 1408
f 2379 1491 1492
f 2382 1503 1504
f 2396 1534 1533
f 2361 1413 1414
f 2418 1443 1444
f 2457 1593 1594
f 2463 1384 1383
f 2492 1324 1323
f 2402 1276 1275
f 2343 1264 1263
f 2433 1300 1299
f 2478 1318 1317
f 2406 1342 1341
f 2502 1563 1564
f 2484 1461 1462
f 2442 1587 1588
f 2349 1348 1347
f 2468 1522 1521
f 2387 1419 1420
f 2358 1396 1395
f 2421 1498 1497
f 2454 1516 1515
f 2472 1558 1557
f 2388 1426 1425
f 2364 1432 1431
f 2426 1569 1570
f 2448 1371 1372
f 2403 1281 1282
f 2342 1257 1258
f 2432 1293 1294
f 2477 1311 1312
f 2493 1329 1330
f 2462 1377 1378
f 2397 1539 1540
f 2367 1450 1449
f 2427 1576 1575
f 2447 1366 1365
f 2391 1485 1486
f 2357 1389 1390
f 2417 1438 1437
f 2453 1509 1510
f 2469 1527 1528
f 2411 1545 1546
f 2498 1467 1468
f 2483 1456 1455
f 2441 1582 1581
f 2352 1360 1359
f 2509 1271 1272
f 2503 1247 1248
f 2506 1254 1253
f 2512 1290 1289
f 2515 1308 1307
f 2518 1338 1337
f 2555 1553 1554
f 2541 1475 1476
f 2562 1601 1602
f 2522 1356 1355
f 2542 1481 1482
f 2528 1403 1404
f 2531 1410 1409
f 2545 1494 1493
f 2548 1506 1505
f 2551 1535 1536
f 2533 1416 1415
f 2537 1446 1445
f 2559 1596 1595
f 2526 1385 1386
f 1616 907 909
f 1608 889 891
f 1606 883 886
f 1612 895 898
f 1615 901 904
f 1624 919 922
f 1692 1057 1060
f 1782 1237 1240
f 1765 1201 1204
f 1714 1099 1102
f 1661 997 999
f 1653 979 981
f 1651 973 976
f 1657 985 988
f 1660 991 994
f 1675 1021 1024
f 1639 949 952
f 1696 1063 1066
f 1733 1135 1138
f 1751 1177 1179
f 1779 1231 1233
f 1683 1039 1041
f 1626 925 927
f 1721 1117 1119
f 1766 1207 1209
f 1689 1051 1053
f 1778 1225 1228
f 1760 1189 1192
f 1718 1105 1108
f 1629 931 933
f 1747 1165 1167
f 1665 1003 1005
f 1641 955 957
f 1704 1081 1083
f 1737 1147 1150
f 1750 1171 1174
f 1676 1027 1029
f 1644 961 963
f 1702 1075 1077
f 1726 1123 1126
f 1681 1033 1036
f 1620 913 915
f 1710 1093 1095
f 1755 1183 1185
f 1771 1213 1216
f 1740 1153 1155
f 1673 1015 1018
f 1647 967 970
f 1707 1087 1090
f 1734 1141 1143
f 1669 1009 1012
f 1635 943 945
f 1698 1069 1071
f 1729 1129 1131
f 1745 1159 1162
f 1687 1045 1047
f 1774 1219 1221
f 1762 1195 1197
f 1720 1111 1114
f 1632 937 940
f 2189 1280 1284
f 1883 1256 1260
f 1903 1292 1296
f 2281 1310 1314
f 2317 1328 1332
f 2173 1376 1380
f 2158 1538 1542
f 2012 1447 1451
f 2210 1573 1577
f 1924 1363 1367
f 2135 1484 1488
f 1973 1388 1392
f 1996 1435 1439
f 2227 1508 1512
f 2304 1526 1530
f 2176 1544 1548
f 2155 1466 1470
f 2014 1453 1457
f 2212 1579 1583
f 1922 1357 1361
f 1864 1268 1270
f 1810 1244 1246
f 1795 1249 1251
f 1831 1285 1287
f 1849 1303 1305
f 1887 1333 1335
f 2193 1550 1552
f 2321 1472 1474
f 2285 1598 1600
f 1907 1351 1353
f 2098 1478 1480
f 2044 1400 1402
f 1961 1405 1407
f 2067 1489 1491
f 2083 1501 1503
f 2139 1532 1534
f 1975 1411 1413
f 1997 1441 1443
f 2231 1591 1593
f 2298 1382 1384
f 2190 1322 1324
f 1884 1274 1276
f 1900 1262 1264
f 2278 1298 1300
f 2314 1316 1318
f 2170 1340 1342
f 2159 1561 1563
f 2015 1459 1461
f 2213 1585 1587
f 1918 1346 1348
f 2136 1520 1522
f 1977 1417 1419
f 1990 1394 1396
f 2224 1496 1498
f 2301 1514 1516
f 2177 1556 1558
f 2152 1424 1426
f 2008 1430 1432
f 2206 1567 1569
f 1925 1369 1371
f 1817 1279 1281
f 1797 1255 1257
f 1833 1291 1293
f 1851 1309 1311
f 1871 1327 1329
f 1941 1375 1377
f 2119 1537 1539
f 2029 1448 1450
f 2247 1574 1576
f 2262 1364 1366
f 2051 1483 1485
f 1954 1387 1389
f 2064 1436 1438
f 2085 1507 1509
f 2105 1525 1527
f 2121 1543 1545
f 2031 1465 1467
f 2244 1454 1456
f 2265 1580 1582
f 1939 1358 1360
f 1814 1267 1271
f 1793 1243 1247
f 1829 1250 1254
f 1847 1286 1290
f 1868 1304 1308
f 1937 1334 1338
f 2124 1549 1553
f 2034 1471 1475
f 2250 1597 1601
f 2261 1352 1356
f 2050 1477 1481
f 1960 1399 1403
f 2063 1406 1410
f 2081 1490 1494
f 2102 1502 1506
f 2117 1531 1535
f 2027 1412 1416
f 2243 1442 1446
f 2268 1592 1596
f 1944 1381 1385
f 1804 890 894
f 1785 884 887
f 1821 896 899
f 1839 902 905
f 1858 908 912
f 1929 938 941
f 2114 1046 1050
f 2024 1220 1224
f 2240 1196 1200
f 2253 1112 1115
f 2038 980 984
f 1951 974 977
f 2055 986 989
f 2073 992 995
f 2092 998 1002
f 2109 1016 1019
f 2019 968 971
f 2235 1088 1091
f 2258 1142 1146
f 1934 1154 1158
f 1861 1214 1217
f 1807 1034 1037
f 1790 914 918
f 1826 1094 1098
f 1844 1184 1188
f 1880 1040 1044
f 2186 1232 1236
f 2308 1208 1212
f 2272 1118 1122
f 1894 926 930
f 2095 1160 1163
f 2041 1010 1013
f 1948 944 948
f 2060 1070 1074
f 2078 1130 1134
f 2132 1166 1170
f 1970 1004 1008
f 1984 956 960
f 2218 1082 1086
f 2289 1148 1151
f 2181 1058 1061
f 1875 920 923
f 1897 1100 1103
f 2275 1202 1205
f 2311 1238 1241
f 2167 1172 1175
f 2146 1028 1032
f 2002 962 966
f 2200 1076 1080
f 1915 1124 1127
f 2127 1022 1025
f 1965 950 953
f 1987 1064 1067
f 2221 1136 1139
f 2294 1178 1182
f 2164 1052 1056
f 2149 1226 1229
f 2005 1190 1193
f 2203 1106 1109
f 1912 932 936
f 1870 1321 1325
f 1816 1273 1277
f 1800 1261 1265
f 1836 1297 1301
f 1854 1315 1319
f 1890 1339 1343
f 2196 1562 1566
f 2320 1460 1464
f 2284 1586 1590
f 1906 1345 1349
f 2104 1519 1523
f 2047 1418 1422
f 1958 1393 1397
f 2070 1495 1499
f 2088 1513 1517
f 2142 1555 1559
f 1980 1423 1427
f 1994 1429 1433
f 2230 1568 1572
f 2297 1370 1374
f 2329 894 892
f 2323 887 885
f 2326 899 897
f 2333 905 903
f 2336 912 910
f 2345 941 939
f 2409 1050 1048
f 2496 1224 1222
f 2485 1200 1198
f 2435 1115 1113
f 2374 984 982
f 2368 977 975
f 2371 989 987
f 2378 995 993
f 2381 1002 1000
f 2392 1019 1017
f 2360 971 969
f 2416 1091 1089
f 2456 1146 1144
f 2460 1158 1156
f 2488 1217 1215
f 2398 1037 1035
f 2340 918 916
f 2430 1098 1096
f 2475 1188 1186
f 2404 1044 1042
f 2501 1236 1234
f 2482 1212 1210
f 2440 1122 1120
f 2347 930 928
f 2464 1163 1161
f 2384 1013 1011
f 2355 948 946
f 2419 1074 1072
f 2451 1134 1132
f 2470 1170 1168
f 2385 1008 1006
f 2362 960 958
f 2423 1086 1084
f 2446 1151 1149
f 2401 1061 1059
f 2339 923 921
f 2429 1103 1101
f 2474 1205 1203
f 2491 1241 1239
f 2459 1175 1173
f 2395 1032 1030
f 2365 966 964
f 2424 1080 1078
f 2443 1127 1125
f 2390 1025 1023
f 2354 953 951
f 2413 1067 1065
f 2450 1139 1137
f 2467 1182 1180
f 2408 1056 1054
f 2495 1229 1227
f 2479 1193 1191
f 2437 1109 1107
f 2350 936 934
f 2511 1325 1326
f 2505 1277 1278
f 2507 1265 1266
f 2513 1301 1302
f 2516 1319 1320
f 2519 1343 1344
f 2556 1566 1565
f 2540 1464 1463
f 2561 1590 1589
f 2521 1349 1350
f 2544 1523 1524
f 2529 1422 1421
f 2530 1397 1398
f 2546 1499 1500
f 2549 1517 1518
f 2553 1559 1560
f 2534 1427 1428
f 2536 1433 1434
f 2557 1572 1571
f 2525 1374 1373
f 1609 892 889
f 1605 885 883
f 1611 897 895
f 1614 903 901
f 1617 910 907
f 1631 939 937
f 1688 1048 1045
f 1775 1222 1219
f 1763 1198 1195
f 1719 1113 1111
f 1654 982 979
f 1650 975 973
f 1656 987 985
f 1659 993 991
f 1662 1000 997
f 1672 1017 1015
f 1646 969 967
f 1706 1089 1087
f 1735 1144 1141
f 1741 1156 1153
f 1770 1215 1213
f 1680 1035 1033
f 1621 916 913
f 1711 1096 1093
f 1756 1186 1183
f 1684 1042 1039
f 1780 1234 1231
f 1767 1210 1207
f 1722 1120 1117
f 1627 928 925
f 1744 1161 1159
f 1668 1011 1009
f 1636 946 943
f 1699 1072 1069
f 1730 1132 1129
f 1748 1168 1165
f 1666 1006 1003
f 1642 958 955
f 1705 1084 1081
f 1736 1149 1147
f 1691 1059 1057
f 1623 921 919
f 1713 1101 1099
f 1764 1203 1201
f 1781 1239 1237
f 1749 1173 1171
f 1677 1030 1027
f 1645 964 961
f 1703 1078 1075
f 1725 1125 1123
f 1674 1023 1021
f 1638 951 949
f 1695 1065 1063
f 1732 1137 1135
f 1752 1180 1177
f 1690 1054 1051
f 1777 1227 1225
f 1759 1191 1189
f 1717 1107 1105
f 1630 934 931
f 2191 1326 1322
f 1885 1278 1274
f 1901 1266 1262
f 2279 1302 1298
f 2315 1320 1316
f 2171 1344 1340
f 2160 1565 1561
f 2016 1463 1459
f 2214 1589 1585
f 1919 1350 1346
f 2137 1524 1520
f 1978 1421 1417
f 1991 1398 1394
f 2225 1500 1496
f 2302 1518 1514
f 2178 1560 1556
f 2153 1428 1424
f 2009 1434 1430
f 2207 1571 1567
f 1926 1373 1369
f 1857 911 908
f 1803 893 890
f 1786 888 884
f 1822 900 896
f 1840 906 902
f 1876 924 920
f 2182 1062 1058
f 2312 1242 1238
f 2276 1206 1202
f 1898 1104 1100
f 2091 1001 998
f 2037 983 980
f 1952 978 974
f 2056 990 986
f 2074 996 992
f 2128 1026 1022
f 1966 954 950
f 1988 1068 1064
f 2222 1140 1136
f 2293 1181 1178
f 2185 1235 1232
f 1879 1043 1040
f 1893 929 926
f 2271 1121 1118
f 2307 1211 1208
f 2163 1055 1052
f 2150 1230 1226
f 2006 1194 1190
f 2204 1110 1106
f 1911 935 932
f 2131 1169 1166
f 1969 1007 1004
f 1983 959 956
f 2217 1085 1082
f 2290 1152 1148
f 2168 1176 1172
f 2145 1031 1028
f 2001 965 962
f 2199 1079 1076
f 1916 1128 1124
f 1808 1038 1034
f 1789 917 914
f 1825 1097 1094
f 1843 1187 1184
f 1862 1218 1214
f 1933 1157 1154
f 2110 1020 1016
f 2020 972 968
f 2236 1092 1088
f 2257 1145 1142
f 2042 1014 1010
f 1947 947 944
f 2059 1073 1070
f 2077 1133 1130
f 2096 1164 1160
f 2113 1049 1046
f 2023 1223 1220
f 2239 1199 1196
f 2254 1116 1112
f 1930 942 938
f 1818 1283 1279
f 1798 1259 1255
f 1834 1295 1291
f 1852 1313 1309
f 1872 1331 1327
f 1942 1379 1375
f 2120 1541 1537
f 2030 1452 1448
f 2248 1578 1574
f 2263 1368 1364
f 2052 1487 1483
f 1955 1391 1387
f 2065 1440 1436
f 2086 1511 1507
f 2106 1529 1525
f 2122 1547 1543
f 2032 1469 1465
f 2245 1458 1454
f 2266 1584 1580
f 1940 1362 1358
f 1813 1269 1267
f 1792 1245 1243
f 1828 1252 1250
f 1846 1288 1286
f 1867 1306 1304
f 1936 1336 1334
f 2123 1551 1549
f 2033 1473 1471
f 2249 1599 1597
f 2260 1354 1352
f 2049 1479 1477
f 1959 1401 1399
f 2062 1408 1406
f 2080 1492 1490
f 2101 1504 1502
f 2116 1533 1531
f 2026 1414 1412
f 2242 1444 1442
f 2267 1594 1592
f 1943 1383 1381
f 1869 1323 1321
f 1815 1275 1273
f 1799 1263 1261
f 1835 1299 1297
f 1853 1317 1315
f 1889 1341 1339
f 2195 1564 1562
f 2319 1462 1460
f 2283 1588 1586
f 1905 1347 1345
f 2103 1521 1519
f 2046 1420 1418
f 1957 1395 1393
f 2069 1497 1495
f 2087 1515 1513
f 2141 1557 1555
f 1979 1425 1423
f 1993 1431 1429
f 2229 1570 1568
f 2296 1372 1370
f 2188 1282 1280
f 1882 1258 1256
f 1902 1294 1292
f 2280 1312 1310
f 2316 1330 1328
f 2172 1378 1376
f 2157 1540 1538
f 2011 1449 1447
f 2209 1575 1573
f 1923 1365 1363
f 2134 1486 1484
f 1972 1390 1388
f 1995 1437 1435
f 2226 1510 1508
f 2303 1528 1526
f 2175 1546 1544
f 2154 1468 1466
f 2013 1455 1453
f 2211 1581 1579
f 1921 1359 1357
f 1865 1272 1268
f 1811 1248 1244
f 1796 1253 1249
f 1832 1289 1285
f 1850 1307 1303
f 1888 1337 1333
f 2194 1554 1550
f 2322 1476 1472
f 2286 1602 1598
f 1908 1355 1351
f 2099 1482 1478
f 2045 1404 1400
f 1962 1409 1405
f 2068 1493 1489
f 2084 1505 1501
f 2140 1536 1532
f 1976 1415 1411
f 1998 1445 1441
f 2232 1595 1591
f 2299 1386 1382
f 2330 909 911
f 2324 891 893
f 2325 886 888
f 2332 898 900
f 2335 904 906
f 2344 922 924
f 2410 1060 1062
f 2497 1240 1242
f 2486 1204 1206
f 2434 1102 1104
f 2375 999 1001
f 2369 981 983
f 2370 976 978
f 2377 988 990
f 2380 994 996
f 2393 1024 1026
f 2359 952 954
f 2415 1066 1068
f 2455 1138 1140
f 2461 1179 1181
f 2489 1233 1235
f 2399 1041 1043
f 2341 927 929
f 2431 1119 1121
f 2476 1209 1211
f 2405 1053 1055
f 2500 1228 1230
f 2481 1192 1194
f 2439 1108 1110
f 2348 933 935
f 2465 1167 1169
f 2383 1005 1007
f 2356 957 959
f 2420 1083 1085
f 2452 1150 1152
f 2471 1174 1176
f 2386 1029 1031
f 2363 963 965
f 2422 1077 1079
f 2445 1126 1128
f 2400 1036 1038
f 2338 915 917
f 2428 1095 1097
f 2473 1185 1187
f 2490 1216 1218
f 2458 1155 1157
f 2394 1018 1020
f 2366 970 972
f 2425 1090 1092
f 2444 1143 1145
f 2389 1012 1014
f 2353 945 947
f 2414 1071 1073
f 2449 1131 1133
f 2466 1162 1164
f 2407 1047 1049
f 2494 1221 1223
f 2480 1197 1199
f 2438 1114 1116
f 2351 940 942
f 2510 1284 1283
f 2504 1260 1259
f 2508 1296 1295
f 2514 1314 1313
f 2517 1332 1331
f 2520 1380 1379
f 2554 1542 1541
f 2539 1451 1452
f 2560 1577 1578
f 2523 1367 1368
f 2543 1488 1487
f 2527 1392 1391
f 2532 1439 1440
f 2547 1512 1511
f 2550 1530 1529
f 2552 1548 1547
f 2535 1470 1469
f 2538 1457 1458
f 2558 1583 1584
f 2524 1361 1362
f 1607 1616 1609
f 1603 1608 1605
f 1604 1606 1611
f 1610 1612 1614
f 1613 1615 1617
f 1622 1624 1631
f 1686 1692 1688
f 1773 1782 1775
f 1761 1765 1763
f 1712 1714 1719
f 1652 1661 1654
f 1648 1653 1650
f 1649 1651 1656
f 1655 1657 1659
f 1658 1660 1662
f 1670 1675 1672
f 1637 1639 1646
f 1694 1696 1706
f 1731 1733 1735
f 1739 1751 1741
f 1768 1779 1770
f 1678 1683 1680
f 1619 1626 1621
f 1709 1721 1711
f 1754 1766 1756
f 1682 1689 1684
f 1776 1778 1780
f 1758 1760 1767
f 1716 1718 1722
f 1625 1629 1627
f 1742 1747 1744
f 1663 1665 1668
f 1634 1641 1636
f 1697 1704 1699
f 1728 1737 1730
f 1746 1750 1748
f 1664 1676 1666
f 1640 1644 1642
f 1700 1702 1705
f 1724 1726 1736
f 1679 1681 1691
f 1618 1620 1623
f 1708 1710 1713
f 1753 1755 1764
f 1769 1771 1781
f 1738 1740 1749
f 1671 1673 1677
f 1643 1647 1645
f 1701 1707 1703
f 1723 1734 1725
f 1667 1669 1674
f 1633 1635 1638
f 1693 1698 1695
f 1727 1729 1732
f 1743 1745 1752
f 1685 1687 1690
f 1772 1774 1777
f 1757 1762 1759
f 1715 1720 1717
f 1628 1632 1630
f 2187 2189 2191
f 1881 1883 1885
f 1899 1903 1901
f 2277 2281 2279
f 2313 2317 2315
f 2169 2173 2171
f 2156 2158 2160
f 2010 2012 2016
f 2208 2210 2214
f 1917 1924 1919
f 2133 2135 2137
f 1971 1973 1978
f 1989 1996 1991
f 2223 2227 2225
f 2300 2304 2302
f 2174 2176 2178
f 2151 2155 2153
f 2007 2014 2009
f 2205 2212 2207
f 1920 1922 1926
f 1855 1864 1857
f 1801 1810 1803
f 1784 1795 1786
f 1820 1831 1822
f 1838 1849 1840
f 1874 1887 1876
f 2180 2193 2182
f 2310 2321 2312
f 2274 2285 2276
f 1896 1907 1898
f 2089 2098 2091
f 2035 2044 2037
f 1950 1961 1952
f 2054 2067 2056
f 2072 2083 2074
f 2126 2139 2128
f 1964 1975 1966
f 1986 1997 1988
f 2220 2231 2222
f 2291 2298 2293
f 2183 2190 2185
f 1877 1884 1879
f 1891 1900 1893
f 2269 2278 2271
f 2305 2314 2307
f 2161 2170 2163
f 2148 2159 2150
f 2004 2015 2006
f 2202 2213 2204
f 1909 1918 1911
f 2129 2136 2131
f 1967 1977 1969
f 1981 1990 1983
f 2215 2224 2217
f 2288 2301 2290
f 2166 2177 2168
f 2143 2152 2145
f 1999 2008 2001
f 2197 2206 2199
f 1914 1925 1916
f 1806 1817 1808
f 1787 1797 1789
f 1823 1833 1825
f 1841 1851 1843
f 1860 1871 1862
f 1931 1941 1933
f 2108 2119 2110
f 2018 2029 2020
f 2234 2247 2236
f 2255 2262 2257
f 2040 2051 2042
f 1945 1954 1947
f 2057 2064 2059
f 2075 2085 2077
f 2094 2105 2096
f 2111 2121 2113
f 2021 2031 2023
f 2237 2244 2239
f 2252 2265 2254
f 1928 1939 1930
f 1812 1814 1818
f 1791 1793 1798
f 1827 1829 1834
f 1845 1847 1852
f 1866 1868 1872
f 1935 1937 1942
f 2118 2124 2120
f 2028 2034 2030
f 2246 2250 2248
f 2259 2261 2263
f 2048 2050 2052
f 1953 1960 1955
f 2061 2063 2065
f 2079 2081 2086
f 2100 2102 2106
f 2115 2117 2122
f 2025 2027 2032
f 2241 2243 2245
f 2264 2268 2266
f 1938 1944 1940
f 1802 1804 1813
f 1783 1785 1792
f 1819 1821 1828
f 1837 1839 1846
f 1856 1858 1867
f 1927 1929 1936
f 2112 2114 2123
f 2022 2024 2033
f 2238 2240 2249
f 2251 2253 2260
f 2036 2038 2049
f 1949 1951 1959
f 2053 2055 2062
f 2071 2073 2080
f 2090 2092 2101
f 2107 2109 2116
f 2017 2019 2026
f 2233 2235 2242
f 2256 2258 2267
f 1932 1934 1943
f 1859 1861 1869
f 1805 1807 1815
f 1788 1790 1799
f 1824 1826 1835
f 1842 1844 1853
f 1878 1880 1889
f 2184 2186 2195
f 2306 2308 2319
f 2270 2272 2283
f 1892 1894 1905
f 2093 2095 2103
f 2039 2041 2046
f 1946 1948 1957
f 2058 2060 2069
f 2076 2078 2087
f 2130 2132 2141
f 1968 1970 1979
f 1982 1984 1993
f 2216 2218 2229
f 2287 2289 2296
f 2179 2181 2188
f 1873 1875 1882
f 1895 1897 1902
f 2273 2275 2280
f 2309 2311 2316
f 2165 2167 2172
f 2144 2146 2157
f 2000 2002 2011
f 2198 2200 2209
f 1913 1915 1923
f 2125 2127 2134
f 1963 1965 1972
f 1985 1987 1995
f 2219 2221 2226
f 2292 2294 2303
f 2162 2164 2175
f 2147 2149 2154
f 2003 2005 2013
f 2201 2203 2211
f 1910 1912 1921
f 1863 1870 1865
f 1809 1816 1811
f 1794 1800 1796
f 1830 1836 1832
f 1848 1854 1850
f 1886 1890 1888
f 2192 2196 2194
f 2318 2320 2322
f 2282 2284 2286
f 1904 1906 1908
f 2097 2104 2099
f 2043 2047 2045
f 1956 1958 1962
f 2066 2070 2068
f 2082 2088 2084
f 2138 2142 2140
f 1974 1980 1976
f 1992 1994 1998
f 2228 2230 2232
f 2295 2297 2299
f 2331 2329 2330
f 2327 2323 2324
f 2328 2326 2325
f 2334 2333 2332
f 2337 2336 2335
f 2346 2345 2344
f 2412 2409 2410
f 2499 2496 2497
f 2487 2485 2486
f 2436 2435 2434
f 2376 2374 2375
f 2372 2368 2369
f 2373 2371 2370
f 2379 2378 2377
f 2382 2381 2380
f 2396 2392 2393
f 2361 2360 2359
f 2418 2416 2415
f 2457 2456 2455
f 2463 2460 2461
f 2492 2488 2489
f 2402 2398 2399
f 2343 2340 2341
f 2433 2430 2431
f 2478 2475 2476
f 2406 2404 2405
f 2502 2501 2500
f 2484 2482 2481
f 2442 2440 2439
f 2349 2347 2348
f 2468 2464 2465
f 2387 2384 2383
f 2358 2355 2356
f 2421 2419 2420
f 2454 2451 2452
f 2472 2470 2471
f 2388 2385 2386
f 2364 2362 2363
f 2426 2423 2422
f 2448 2446 2445
f 2403 2401 2400
f 2342 2339 2338
f 2432 2429 2428
f 2477 2474 2473
f 2493 2491 2490
f 2462 2459 2458
f 2397 2395 2394
f 2367 2365 2366
f 2427 2424 2425
f 2447 2443 2444
f 2391 2390 2389
f 2357 2354 2353
f 2417 2413 2414
f 2453 2450 2449
f 2469 2467 2466
f 2411 2408 2407
f 2498 2495 2494
f 2483 2479 2480
f 2441 2437 2438
f 2352 2350 2351
f 2509 2511 2510
f 2503 2505 2504
f 2506 2507 2508
f 2512 2513 2514
f 2515 2516 2517
f 2518 2519 2520
f 2555 2556 2554
f 2541 2540 2539
f 2562 2561 2560
f 2522 2521 2523
f 2542 2544 2543
f 2528 2529 2527
f 2531 2530 2532
f 2545 2546 2547
f 2548 2549 2550
f 2551 2553 2552
f 2533 2534 2535
f 2537 2536 2538
f 2559 2557 2558
f 2526 2525 2524