v -0.270140 0.364384 -0.117853
v 0.279377 0.359948 -0.129070
v -0.396557 -0.662631 -0.016476
v 0.400017 -0.661518 -0.022924
v -0.010506 -0.537943 0.849294
v -0.000487 0.178452 0.507271
v 0.007032 -0.306016 -0.462457
v 0.000964 0.538533 -0.849197
v 0.519608 0.022438 -0.342330
v 0.547417 -0.014469 0.333642
v -0.504784 0.027254 -0.325700
v -0.544889 -0.008945 0.337457
v 0.009293 0.478964 -0.160928
v -0.175475 0.237072 0.245504
v -0.241512 0.788054 -0.546150
v -0.437547 0.271870 -0.230501
v -0.473486 0.187910 0.174702
v 0.181088 0.231801 0.236238
v 0.238694 0.808790 -0.528579
v 0.437726 0.275012 -0.240481
v 0.460129 0.189141 0.163447
v -0.001323 -0.714127 -0.000287
v -0.297886 -0.743389 0.531722
v -0.215625 -0.608184 -0.360279
v -0.431950 -0.263126 -0.161385
v -0.459411 -0.303947 0.238505
v 0.228605 -0.869963 0.677030
v 0.216456 -0.594894 -0.358190
v 0.423968 -0.261517 -0.170809
v 0.465062 -0.307726 0.238011
v -0.003620 0.001161 0.839189
v 0.378179 -0.264102 0.674430
v -0.377896 -0.271265 0.677281
v 0.295359 0.115834 0.483981
v -0.301109 0.120691 0.493978
v -0.001945 0.050997 -0.767127
v 0.267567 -0.110564 -0.419928
v -0.253070 -0.107826 -0.421781
v 0.392817 0.282976 -0.748181
v -0.384975 0.273075 -0.720266
v 0.609704 0.008555 0.013865
v -0.594131 0.017458 0.025939
v -0.151418 0.429129 -0.158890
v -0.239581 0.295913 0.044530
v -0.268295 0.551961 -0.300769
v -0.335767 0.340203 -0.184125
v -0.373076 0.261800 0.030154
v 0.169873 0.424644 -0.172658
v 0.247582 0.292745 0.033449
v 0.260502 0.543049 -0.307873
v 0.343506 0.348818 -0.190000
v 0.367679 0.265223 0.018462
v -0.240000 -0.800921 -0.011770
v -0.314746 -0.628766 0.211741
v -0.420184 -0.823178 -0.273352
v -0.443706 -0.508621 -0.103583
v -0.429155 -0.495545 0.123422
v 0.239667 -0.793925 -0.009890
v 0.308777 -0.631648 0.261556
v 0.405672 -0.835799 -0.296367
v 0.447882 -0.507448 -0.116782
v 0.437372 -0.499433 0.119959
v -0.230173 -0.859523 0.852824
v 0.159899 -0.734606 0.755476
v -0.002134 -0.281375 0.928410
v 0.246289 -0.436865 0.842814
v -0.241497 -0.450831 0.840185
v -0.082423 0.193114 0.441359
v 0.087752 0.187276 0.432820
v -0.003956 0.137298 0.606461
v 0.132057 0.166331 0.508864
v -0.137987 0.172183 0.519909
v -0.075089 -0.421593 -0.404051
v 0.084399 -0.418280 -0.405414
v 0.005320 -0.116655 -0.494223
v 0.121181 -0.230565 -0.447679
v -0.106043 -0.233479 -0.447730
v -0.149821 0.735252 -0.750557
v 0.165031 0.734007 -0.746331
v -0.008618 0.297221 -0.889067
v 0.208396 0.436402 -0.874467
v -0.223682 0.440900 -0.868504
v 0.514048 0.117398 -0.305098
v 0.485710 -0.066118 -0.257280
v 0.432430 -0.013094 -0.403395
v 0.465290 0.118546 -0.486346
v 0.560221 0.011971 -0.184953
v 0.523947 0.082621 0.264372
v 0.528731 -0.123522 0.295836
v 0.473082 -0.107120 0.469030
v 0.451523 0.041840 0.418947
v 0.599688 -0.005332 0.193043
v -0.508480 0.129206 -0.287740
v -0.462479 -0.061270 -0.235626
v -0.410018 -0.014030 -0.396988
v -0.469341 0.107411 -0.492218
v -0.547124 0.022122 -0.161087
v -0.523405 0.087416 0.267183
v -0.514363 -0.122514 0.303318
v -0.460671 -0.108165 0.469919
v -0.448309 0.044525 0.423509
v -0.583046 0.006351 0.195368
v -0.077204 0.323388 0.033089
v -0.102106 0.689010 -0.316505
v 0.093638 0.322419 0.029414
v 0.113435 0.697079 -0.328301
v -0.346784 0.217981 0.226396
v 0.006045 0.234422 0.242826
v -0.255742 0.187312 0.399533
v -0.383601 0.525450 -0.428579
v 0.007091 0.851579 -0.543917
v -0.326630 0.563226 -0.645556
v -0.480187 0.216848 -0.010908
v -0.408430 0.318025 -0.465120
v -0.559123 0.119586 -0.080255
v -0.406447 0.158913 0.339406
v -0.560003 0.105246 0.102599
v 0.335591 0.215859 0.211364
v 0.250968 0.184909 0.386901
v 0.405546 0.564989 -0.410011
v 0.330672 0.561512 -0.642811
v 0.471593 0.218482 -0.021945
v 0.411821 0.320196 -0.468680
v 0.567564 0.115353 -0.095626
v 0.394818 0.157125 0.328261
v 0.563456 0.101226 0.095279
v -0.132374 -0.708787 0.281195
v -0.130174 -0.771348 -0.256193
v 0.106604 -0.716410 0.340583
v 0.125243 -0.764383 -0.258712
v -0.392479 -0.515066 0.390457
v -0.039594 -0.794560 0.564750
v -0.397523 -0.581411 0.675675
v -0.402050 -0.480644 -0.313306
v 0.003541 -0.589672 -0.346297
v -0.236086 -0.355515 -0.386287
v -0.460351 -0.285526 0.031053
v -0.351336 -0.210782 -0.311160
v -0.507288 -0.079612 -0.057712
v -0.436838 -0.316193 0.461648
v -0.530551 -0.106136 0.123239
v 0.378769 -0.548761 0.440508
v 0.344938 -0.560052 0.759565
v 0.397694 -0.473225 -0.315307
v 0.241526 -0.349040 -0.383110
v 0.471602 -0.288904 0.018075
v 0.361244 -0.206674 -0.311708
v 0.524535 -0.084658 -0.077871
v 0.436480 -0.318995 0.474079
v 0.551277 -0.110872 0.115293
v 0.240853 -0.135766 0.842126
v -0.239356 -0.134457 0.844295
v 0.178417 0.068817 0.663790
v -0.181799 0.067952 0.666479
v 0.360041 -0.030035 0.608351
v -0.352892 -0.033380 0.609949
v 0.166058 -0.003545 -0.572234
v -0.155909 -0.004372 -0.574716
v 0.228393 0.132771 -0.905953
v -0.248488 0.141280 -0.910083
v 0.347521 0.064214 -0.612898
v -0.339117 0.058112 -0.606837
v -0.220726 0.394483 -0.139619
v -0.259535 0.331747 -0.046870
v -0.254684 0.429747 -0.201262
v -0.302941 0.360545 -0.148542
v -0.315155 0.312498 -0.052243
v 0.231731 0.388909 -0.151901
v 0.267932 0.326205 -0.058011
v 0.261243 0.423300 -0.216342
v 0.310313 0.360491 -0.157695
v 0.319871 0.312593 -0.061440
v -0.347211 -0.741201 -0.019765
v -0.357258 -0.635051 0.070734
v -0.427178 -0.750373 -0.108790
v -0.428263 -0.609063 -0.059380
v -0.410783 -0.581610 0.047897
v 0.356366 -0.739088 -0.021154
v 0.355577 -0.632283 0.075990
v 0.430436 -0.756724 -0.123815
v 0.431065 -0.608734 -0.071702
v 0.409944 -0.580505 0.045689
v -0.097239 -0.651927 0.833059
v 0.058186 -0.625451 0.810564
v -0.003330 -0.423660 0.877198
v 0.107795 -0.495299 0.848345
v -0.122339 -0.509053 0.860711
v -0.035759 0.184958 0.488689
v 0.038305 0.181262 0.486298
v -0.002752 0.167356 0.536450
v 0.057185 0.177338 0.508779
v -0.060802 0.176386 0.516215
v -0.026609 -0.356324 -0.440446
v 0.038692 -0.356316 -0.441742
v 0.006307 -0.237724 -0.475662
v 0.056801 -0.278696 -0.459037
v -0.043695 -0.278593 -0.458572
v -0.062000 0.623981 -0.811977
v 0.069428 0.624609 -0.811369
v -0.004191 0.432075 -0.881619
v 0.099734 0.499527 -0.859119
v -0.103789 0.501245 -0.858108
v 0.523190 0.047867 -0.332766
v 0.518654 -0.009744 -0.308920
v 0.497201 0.012828 -0.378872
v 0.503376 0.054966 -0.403374
v 0.536849 0.014773 -0.275556
v 0.547339 0.028471 0.305542
v 0.551579 -0.058329 0.317404
v 0.521688 -0.046879 0.389143
v 0.518863 0.012114 0.376983
v 0.574070 -0.010792 0.271434
v -0.510563 0.059932 -0.313846
v -0.497674 -0.004663 -0.286521
v -0.475903 0.016344 -0.367119
v -0.487947 0.057467 -0.395224
v -0.525882 0.021804 -0.254283
v -0.537621 0.033382 0.305980
v -0.539969 -0.051965 0.323810
v -0.512324 -0.043974 0.392225
v -0.511967 0.014258 0.380309
v -0.569980 -0.002160 0.274507
v -0.074927 0.463070 -0.161711
v 0.095066 0.464372 -0.168171
v -0.031862 0.384771 -0.076337
v -0.038369 0.594592 -0.221350
v 0.051536 0.385419 -0.077629
v 0.055924 0.593153 -0.232439
v -0.212104 0.265295 0.144088
v -0.131548 0.210955 0.346258
v -0.125269 0.276412 0.141765
v -0.266079 0.224492 0.240901
v -0.084450 0.239976 0.245464
v -0.224216 0.205469 0.339227
v -0.314345 0.711596 -0.413040
v -0.219777 0.821354 -0.633980
v -0.192247 0.781405 -0.421031
v -0.530482 0.773849 -0.516066
v -0.180912 0.980766 -0.515366
v -0.305951 0.715560 -0.601848
v -0.382720 0.320150 -0.206808
v -0.493360 0.202959 -0.254802
v -0.353636 0.381789 -0.327119
v -0.462223 0.240856 -0.117854
v -0.415828 0.301698 -0.347730
v -0.516016 0.188757 -0.143972
v -0.428155 0.222385 0.108528
v -0.502199 0.142285 0.224457
v -0.414540 0.207992 0.202416
v -0.482593 0.199943 0.083747
v -0.449313 0.175798 0.260447
v -0.521415 0.153581 0.140501
v 0.218346 0.261221 0.133208
v 0.137204 0.203718 0.339511
v 0.136878 0.271595 0.134850
v 0.094836 0.234721 0.240563
v 0.263255 0.221088 0.228010
v 0.223324 0.202327 0.326884
v 0.278553 0.694157 -0.409570
v 0.231778 0.809688 -0.629112
v 0.184171 0.814462 -0.433865
v 0.207064 1.001685 -0.542257
v 0.478397 0.775843 -0.486419
v 0.310421 0.708587 -0.594945
v 0.382871 0.325064 -0.215677
v 0.500122 0.203310 -0.271265
v 0.358064 0.394559 -0.332098
v 0.459465 0.244230 -0.127341
v 0.420564 0.305679 -0.354532
v 0.515900 0.192488 -0.158743
v 0.416728 0.225232 0.095702
v 0.496147 0.142135 0.219016
v 0.399490 0.207840 0.188039
v 0.473666 0.203027 0.073383
v 0.434753 0.175613 0.250182
v 0.515731 0.153838 0.133264
v -0.130715 -0.732360 -0.021051
v 0.122726 -0.739822 -0.007529
v -0.065295 -0.708421 0.136160
v -0.080645 -0.709056 -0.124685
v 0.053632 -0.710458 0.150314
v 0.083403 -0.709658 -0.127146
v -0.284246 -0.645507 0.387874
v -0.288540 -0.899874 0.684799
v -0.203929 -0.691556 0.436929
v -0.341369 -0.619899 0.488321
v -0.196859 -0.841489 0.536145
v -0.393920 -0.725045 0.628795
v -0.311544 -0.741488 -0.358307
v -0.137822 -0.503635 -0.375602
v -0.183651 -0.731985 -0.340056
v -0.320040 -0.568200 -0.353973
v -0.108425 -0.601634 -0.349910
v -0.229182 -0.477481 -0.370959
v -0.446670 -0.388020 -0.135947
v -0.427934 -0.149214 -0.189499
v -0.423225 -0.370905 -0.234671
v -0.451191 -0.276191 -0.068080
v -0.395774 -0.241861 -0.242778
v -0.451036 -0.158697 -0.102426
v -0.442188 -0.401862 0.188602
v -0.483006 -0.206207 0.275195
v -0.430321 -0.410570 0.308819
v -0.464012 -0.295644 0.132341
v -0.450941 -0.312800 0.349602
v -0.490804 -0.200214 0.177279
v 0.263410 -0.668249 0.506204
v 0.286741 -0.970062 0.734293
v 0.142038 -0.738155 0.570602
v 0.196830 -0.866064 0.549669
v 0.351490 -0.789010 0.600146
v 0.167110 -0.876968 0.866536
v 0.310165 -0.734844 -0.369542
v 0.143558 -0.496012 -0.376557
v 0.181353 -0.715601 -0.334510
v 0.110997 -0.593885 -0.348859
v 0.320486 -0.556329 -0.356031
v 0.233650 -0.468422 -0.371376
v 0.446086 -0.387755 -0.148311
v 0.443204 -0.150047 -0.207247
v 0.419778 -0.368402 -0.240126
v 0.453643 -0.276736 -0.082225
v 0.400869 -0.239814 -0.251738
v 0.464967 -0.164881 -0.121837
v 0.450425 -0.407864 0.187870
v 0.492413 -0.209386 0.271475
v 0.433460 -0.422853 0.325123
v 0.474633 -0.299083 0.124592
v 0.453333 -0.317533 0.356534
v 0.502985 -0.203845 0.170458
v -0.005161 -0.126879 0.942626
v -0.003818 0.095670 0.721667
v 0.118654 -0.064245 0.864258
v -0.122885 -0.064734 0.861274
v 0.104192 0.052572 0.769811
v -0.109024 0.050228 0.767649
v 0.335292 -0.352884 0.779849
v 0.422300 -0.181587 0.565443
v 0.373039 -0.403935 0.700564
v 0.412984 -0.301598 0.581273
v 0.325124 -0.207560 0.764199
v 0.373482 -0.137556 0.649573
v -0.330031 -0.364057 0.781496
v -0.415611 -0.185286 0.565791
v -0.385571 -0.417979 0.682751
v -0.414323 -0.305682 0.571435
v -0.321188 -0.210554 0.770813
v -0.369038 -0.141271 0.653333
v 0.214218 0.146038 0.501838
v 0.375347 0.077367 0.456115
v 0.272259 0.161644 0.433373
v 0.346998 0.137795 0.405321
v 0.240453 0.093637 0.570029
v 0.326352 0.049671 0.546124
v -0.221262 0.152878 0.514067
v -0.376209 0.079664 0.462380
v -0.279226 0.166377 0.444981
v -0.354808 0.140268 0.415997
v -0.244048 0.094001 0.576354
v -0.325009 0.049386 0.551037
v 0.003068 0.004767 -0.584875
v -0.009372 0.152694 -0.866393
v 0.096538 0.011949 -0.680406
v -0.093119 0.020818 -0.677873
v 0.112534 0.076699 -0.836117
v -0.126582 0.093529 -0.839331
v 0.192499 -0.172835 -0.434620
v 0.348044 -0.056005 -0.414284
v 0.248801 -0.229248 -0.393570
v 0.310309 -0.163043 -0.359968
v 0.220217 -0.050041 -0.481768
v 0.308336 -0.008171 -0.498274
v -0.178505 -0.171533 -0.437557
v -0.331212 -0.052682 -0.410733
v -0.238999 -0.233773 -0.399424
v -0.302977 -0.165215 -0.368346
v -0.202792 -0.041038 -0.479852
v -0.293466 -0.005499 -0.499741
v 0.305791 0.360638 -0.868659
v 0.428580 0.195596 -0.600371
v 0.353488 0.413850 -0.701377
v 0.407038 0.312295 -0.595561
v 0.338769 0.204728 -0.911133
v 0.381348 0.156715 -0.710884
v -0.333439 0.361067 -0.838731
v -0.422366 0.189748 -0.592425
v -0.356380 0.412769 -0.691580
v -0.402437 0.307584 -0.587133
v -0.372478 0.202897 -0.871088
v -0.374667 0.151439 -0.688774
v 0.593371 0.009994 -0.085079
v 0.607827 0.000853 0.105449
v 0.602333 0.047879 -0.038495
v 0.606041 0.042217 0.055604
v 0.584140 -0.027316 -0.032208
v 0.599494 -0.035681 0.065147
v -0.576231 0.021069 -0.064343
v -0.588440 0.011443 0.111503
v -0.586997 0.058587 -0.021908
v -0.589078 0.056206 0.064264
v -0.565341 -0.020576 -0.013965
v -0.577879 -0.028812 0.074427
v -0.191933 0.354924 -0.055340
v -0.200466 0.495596 -0.228022
v -0.114372 0.371425 -0.069139
v -0.126569 0.551381 -0.234804
v -0.311502 0.276946 0.041694
v -0.160688 0.314303 0.040460
v -0.296151 0.246217 0.140637
v -0.282944 0.437626 -0.271507
v -0.198564 0.631314 -0.319124
v -0.397021 0.593421 -0.365285
v -0.361120 0.295147 -0.072012
v -0.309069 0.427636 -0.321207
v -0.408658 0.272705 -0.094527
v -0.366813 0.234826 0.127537
v -0.426158 0.241639 0.011792
v 0.205054 0.349489 -0.066174
v 0.207618 0.491989 -0.240694
v 0.133552 0.371856 -0.073721
v 0.141692 0.556933 -0.242980
v 0.312178 0.276884 0.029588
v 0.174178 0.310412 0.032228
v 0.292120 0.249414 0.126570
v 0.294394 0.436962 -0.269368
v 0.199112 0.633927 -0.328153
v 0.329514 0.583495 -0.370471
v 0.362787 0.300394 -0.080092
v 0.308763 0.431380 -0.316101
v 0.408203 0.278264 -0.102630
v 0.357351 0.239134 0.113416
v 0.419625 0.246146 0.000688
v -0.272735 -0.665748 0.075647
v -0.355492 -0.937541 -0.131884
v -0.172508 -0.690196 0.099570
v -0.151026 -0.921010 -0.148551
v -0.385467 -0.572724 0.170425
v -0.231241 -0.676646 0.249185
v -0.355779 -0.580873 0.318025
v -0.444926 -0.644531 -0.181700
v -0.260593 -0.914303 -0.337409
v -0.418902 -0.642782 -0.312769
v -0.436142 -0.498391 0.008885
v -0.447533 -0.509457 -0.219557
v -0.447746 -0.392783 -0.031549
v -0.414295 -0.501473 0.250892
v -0.446424 -0.395494 0.075653
v 0.273359 -0.660588 0.091982
v 0.354491 -0.939198 -0.126142
v 0.167830 -0.688681 0.130189
v 0.137272 -0.919146 -0.144729
v 0.384198 -0.576447 0.190280
v 0.214509 -0.674261 0.322599
v 0.348106 -0.600492 0.382636
v 0.454213 -0.646631 -0.205103
v 0.249342 -0.915105 -0.334036
v 0.412251 -0.633029 -0.313391
v 0.440540 -0.498292 -0.001116
v 0.450617 -0.508066 -0.228205
v 0.452825 -0.393098 -0.044236
v 0.412434 -0.511628 0.271923
v 0.455762 -0.398116 0.066244
v -0.035536 -0.753151 0.764041
v -0.248606 -0.636602 0.841742
v -0.117968 -0.925258 0.682280
v -0.361118 -0.762664 0.792592
v 0.227176 -0.592565 0.813799
v 0.048064 -0.778109 0.640572
v 0.428447 -0.710480 0.766602
v 0.123503 -0.355334 0.884201
v -0.123065 -0.358910 0.880437
v 0.127240 -0.205031 0.906492
v -0.126937 -0.206651 0.906428
v 0.350949 -0.517294 0.786407
v 0.242765 -0.282972 0.848750
v -0.357971 -0.545682 0.799982
v -0.239869 -0.287950 0.850518
v 0.004066 0.189249 0.442808
v -0.115067 0.188455 0.482526
v -0.039686 0.209394 0.347416
v -0.171695 0.193834 0.425899
v 0.113655 0.182356 0.471265
v 0.049465 0.204327 0.345073
v 0.170842 0.190692 0.411202
v 0.067193 0.155561 0.553362
v -0.075830 0.154190 0.564024
v 0.083239 0.113243 0.649661
v -0.089304 0.109283 0.650762
v 0.193334 0.173944 0.454116
v 0.152383 0.126998 0.573368
v -0.197746 0.180484 0.466565
v -0.158458 0.128337 0.581044
v 0.004391 -0.427640 -0.408125
v -0.095123 -0.333189 -0.429755
v -0.043799 -0.508693 -0.376314
v -0.156443 -0.398877 -0.398844
v 0.106825 -0.330726 -0.430602
v 0.050402 -0.505805 -0.376072
v 0.164500 -0.393109 -0.398897
v 0.065305 -0.178939 -0.472228
v -0.053268 -0.176812 -0.475763
v 0.077725 -0.044600 -0.511129
v -0.067251 -0.042483 -0.513665
v 0.178277 -0.288739 -0.416563
v 0.136127 -0.111722 -0.472286
v -0.166548 -0.293586 -0.419551
v -0.121752 -0.107546 -0.474748
v 0.005843 0.751390 -0.765112
v -0.193471 0.587803 -0.808544
v -0.077972 0.833784 -0.641290
v -0.270065 0.675738 -0.724904
v 0.198260 0.586542 -0.808375
v 0.093773 0.828856 -0.651174
v 0.272388 0.662737 -0.708995
v 0.111383 0.365736 -0.889644
v -0.131235 0.369004 -0.899209
v 0.122413 0.224405 -0.879375
v -0.152723 0.221849 -0.898846
v 0.293615 0.511348 -0.782966
v 0.218662 0.288200 -0.926389
v -0.300345 0.516375 -0.777720
v -0.266390 0.295699 -0.972585
v 0.491960 0.118755 -0.401661
v 0.545227 0.048508 -0.241478
v 0.470529 0.210225 -0.381202
v 0.538966 0.120158 -0.202015
v 0.463223 -0.043352 -0.330365
v 0.534451 -0.019386 -0.225602
v 0.420024 -0.129655 -0.281795
v 0.502057 -0.076777 -0.171705
v 0.463396 0.049718 -0.456628
v 0.385079 -0.098147 -0.344961
v 0.388021 0.023410 -0.490836
v 0.451383 0.210939 -0.489823
v 0.414550 0.100942 -0.559856
v 0.576995 0.052219 -0.141573
v 0.556880 -0.024656 -0.132238
v 0.490500 0.066305 0.340691
v 0.574076 0.036946 0.228591
v 0.462630 0.123031 0.297703
v 0.548992 0.092868 0.182641
v 0.508124 -0.123185 0.384710
v 0.577113 -0.052877 0.238615
v 0.482482 -0.213720 0.372447
v 0.540189 -0.116902 0.206350
v 0.480351 -0.023283 0.454789
v 0.457896 -0.206411 0.473264
v 0.426711 -0.075156 0.545289
v 0.421114 0.101864 0.374846
v 0.406701 0.008252 0.505732
v 0.600062 0.038798 0.146865
v 0.590493 -0.043096 0.154624
v -0.484751 0.123925 -0.392945
v -0.534543 0.068467 -0.219073
v -0.463589 0.211799 -0.372599
v -0.535740 0.127305 -0.182006
v -0.438235 -0.040018 -0.314511
v -0.515676 -0.016778 -0.201937
v -0.400223 -0.129205 -0.267741
v -0.484284 -0.073923 -0.150447
v -0.454402 0.043294 -0.459761
v -0.367185 -0.097538 -0.338878
v -0.377123 0.021577 -0.490799
v -0.455743 0.205326 -0.487464
v -0.416158 0.093306 -0.562705
v -0.563570 0.065982 -0.118693
v -0.538751 -0.019580 -0.108701
v -0.491710 0.072280 0.345807
v -0.566255 0.042830 0.229816
v -0.470470 0.128562 0.305093
v -0.548880 0.097894 0.187465
v -0.492316 -0.121593 0.388368
v -0.558879 -0.046651 0.244909
v -0.472303 -0.213606 0.375691
v -0.525669 -0.113793 0.212768
v -0.470511 -0.023543 0.457763
v -0.448905 -0.207970 0.472290
v -0.421412 -0.076804 0.548641
v -0.425534 0.106086 0.382033
v -0.401261 0.008448 0.509846
v -0.582300 0.051466 0.150728
v -0.568064 -0.038893 0.159084
v 0.008735 0.326367 0.029176
v -0.036840 0.277383 0.137639
v 0.006648 0.729177 -0.304043
v -0.066728 0.804239 -0.422932
v 0.050658 0.274974 0.134889
v 0.075514 0.820139 -0.434839
v -0.310067 0.197782 0.320360
v -0.382232 0.191558 0.290432
v -0.335261 0.177249 0.372558
v -0.358450 0.599740 -0.513189
v -0.347700 0.438631 -0.436628
v -0.362185 0.443271 -0.556415
v -0.524277 0.175113 -0.044918
v -0.526354 0.163295 0.050044
v -0.562275 0.111355 0.013076
v 0.299713 0.197081 0.303716
v 0.368913 0.190904 0.277274
v 0.324901 0.175462 0.358833
v 0.391313 0.628350 -0.503192
v 0.356641 0.447519 -0.441840
v 0.370150 0.446703 -0.557489
v 0.522680 0.176599 -0.054353
v 0.523568 0.164421 0.042735
v 0.568235 0.107630 0.001725
v -0.015286 -0.713979 0.312301
v -0.092403 -0.732637 0.449141
v 0.003963 -0.667415 -0.223112
v -0.065042 -0.664543 -0.303493
v 0.031789 -0.734797 0.510582
v 0.065719 -0.661184 -0.302527
v -0.390194 -0.549943 0.533556
v -0.418710 -0.423888 0.435289
v -0.408059 -0.432822 0.560373
v -0.313964 -0.420445 -0.352858
v -0.375211 -0.339603 -0.310560
v -0.304009 -0.289626 -0.357827
v -0.471981 -0.170408 -0.009470
v -0.488236 -0.187517 0.082651
v -0.526154 -0.090833 0.035008
v 0.355269 -0.606634 0.612400
v 0.412712 -0.441573 0.466793
v 0.390763 -0.438841 0.600071
v 0.316968 -0.414698 -0.355020
v 0.371715 -0.334062 -0.310103
v 0.308714 -0.285020 -0.353906
v 0.486293 -0.176696 -0.026969
v 0.507687 -0.193709 0.070742
v 0.547056 -0.096654 0.020480
v 0.211500 -0.014109 0.763879
v 0.307752 -0.077823 0.723673
v -0.212994 -0.012802 0.766092
v -0.304179 -0.078531 0.727395
v 0.273113 0.018646 0.648595
v -0.271915 0.017719 0.652066
v 0.207547 0.015835 -0.775777
v 0.262420 0.021285 -0.619685
v -0.200351 0.005422 -0.784410
v -0.251570 0.012987 -0.619917
v 0.313624 0.083897 -0.796106
v -0.312284 0.074815 -0.772478
v -0.248774 0.378329 -0.127550
v -0.265893 0.349600 -0.086994
v -0.261936 0.391112 -0.154300
v -0.285532 0.364045 -0.131245
v -0.289430 0.340759 -0.088932
v 0.259315 0.372953 -0.139120
v 0.275243 0.344822 -0.097935
v 0.271336 0.385260 -0.167349
v 0.293989 0.360744 -0.141835
v 0.297245 0.337945 -0.099218
v -0.377959 -0.697190 -0.020080
v -0.378824 -0.649385 0.019761
v -0.405140 -0.697905 -0.055700
v -0.413426 -0.643266 -0.036004
v -0.401841 -0.623414 0.011261
v 0.385055 -0.695887 -0.025654
v 0.379580 -0.646417 0.015156
v 0.410882 -0.699734 -0.064748
v 0.416480 -0.643182 -0.045389
v 0.402613 -0.622349 0.006970
v -0.048486 -0.584185 0.840110
v 0.018620 -0.577495 0.832475
v -0.007322 -0.487728 0.861468
v 0.041818 -0.519114 0.847523
v -0.061373 -0.526120 0.858772
v -0.015766 0.181131 0.499326
v 0.016524 0.180070 0.497856
v -0.001658 0.174175 0.518583
v 0.024919 0.177263 0.508175
v -0.027048 0.177657 0.511168
v -0.007360 -0.327971 -0.453412
v 0.021132 -0.328862 -0.456140
v 0.006688 -0.280412 -0.474319
v 0.028875 -0.295979 -0.463203
v -0.015757 -0.295843 -0.462834
v -0.026278 0.575467 -0.832717
v 0.030007 0.575807 -0.833112
v -0.001965 0.492022 -0.866853
v 0.044595 0.522988 -0.854107
v -0.045915 0.522775 -0.852830
v 0.521929 0.034067 -0.338792
v 0.520591 0.008180 -0.327590
v 0.511914 0.018245 -0.360441
v 0.512946 0.035377 -0.368667
v 0.527710 0.018607 -0.313763
v 0.550679 0.005335 0.322329
v 0.550573 -0.033395 0.327121
v 0.536700 -0.028134 0.357542
v 0.536824 -0.002964 0.353644
v 0.559722 -0.013283 0.306160
v -0.510535 0.039121 -0.322483
v -0.503058 0.014176 -0.308493
v -0.493695 0.022648 -0.345138
v -0.496945 0.039772 -0.355127
v -0.515816 0.024095 -0.294747
v -0.542821 0.009675 0.323921
v -0.547764 -0.026145 0.332461
v -0.535478 -0.022355 0.362294
v -0.532866 0.000580 0.357182
v -0.557402 -0.006373 0.309877
v -0.033327 0.474632 -0.160050
v 0.052647 0.475695 -0.163156
v -0.010747 0.426316 -0.125581
v -0.013264 0.535135 -0.192465
v 0.030656 0.426350 -0.126602
v 0.031553 0.535082 -0.195307
v -0.195373 0.250900 0.195234
v -0.153766 0.223995 0.295336
v -0.150615 0.256352 0.194539
v -0.220416 0.231596 0.243197
v -0.129977 0.239984 0.245188
v -0.199952 0.219846 0.293325
v -0.302754 0.762258 -0.478189
v -0.259975 0.850645 -0.587002
v -0.234103 0.813765 -0.485970
v -0.355683 0.752359 -0.522153
v -0.273672 0.961796 -0.520676
v -0.288784 0.770981 -0.576395
v -0.409376 0.299986 -0.217744
v -0.465615 0.239313 -0.243164
v -0.395672 0.321576 -0.275908
v -0.450236 0.256085 -0.173640
v -0.425375 0.287925 -0.289468
v -0.478175 0.227863 -0.185844
v -0.454438 0.204369 0.144644
v -0.490680 0.168463 0.202111
v -0.446159 0.198670 0.189753
v -0.479650 0.193989 0.129693
v -0.464674 0.182059 0.218819
v -0.501791 0.175473 0.160602
v 0.200961 0.247124 0.185007
v 0.160373 0.213526 0.288416
v 0.158974 0.250681 0.185968
v 0.138208 0.233491 0.238535
v 0.224222 0.227064 0.234276
v 0.202830 0.212793 0.283383
v 0.273405 0.765367 -0.467415
v 0.254942 0.839681 -0.578346
v 0.224924 0.846617 -0.484054
v 0.253261 0.960084 -0.532140
v 0.324457 0.768448 -0.503485
v 0.277181 0.770463 -0.565854
v 0.408394 0.303505 -0.227481
v 0.468968 0.241926 -0.255893
v 0.395726 0.326639 -0.282782
v 0.448886 0.259443 -0.183900
v 0.428033 0.290898 -0.297567
v 0.477800 0.231213 -0.198373
v 0.439121 0.207390 0.130921
v 0.480386 0.170351 0.193816
v 0.431305 0.200234 0.177151
v 0.468604 0.195634 0.119087
v 0.450037 0.184027 0.208442
v 0.490791 0.175549 0.151147
v -0.067550 -0.719026 -0.007291
v 0.063892 -0.720934 -0.000706
v -0.034306 -0.712204 0.066290
v -0.036171 -0.711514 -0.065623
v 0.027553 -0.713577 0.071101
v 0.037762 -0.712283 -0.064101
v -0.280484 -0.673573 0.479420
v -0.318947 -0.843899 0.590921
v -0.248401 -0.711558 0.495902
v -0.317986 -0.676446 0.515857
v -0.272631 -0.802076 0.529426
v -0.343997 -0.749596 0.579957
v -0.260502 -0.673751 -0.361775
v -0.174622 -0.552905 -0.365788
v -0.204780 -0.673679 -0.352897
v -0.268317 -0.595592 -0.360568
v -0.162484 -0.608576 -0.355909
v -0.223896 -0.541676 -0.365675
v -0.438964 -0.325428 -0.148884
v -0.425720 -0.203619 -0.173612
v -0.425983 -0.316305 -0.196031
v -0.443416 -0.270822 -0.115823
v -0.415311 -0.253861 -0.204064
v -0.439807 -0.210662 -0.130235
v -0.449871 -0.353193 0.215093
v -0.470768 -0.255163 0.258112
v -0.444612 -0.357130 0.272197
v -0.462326 -0.299699 0.184718
v -0.455116 -0.308596 0.292904
v -0.474207 -0.251354 0.206439
v 0.240487 -0.745916 0.624467
v 0.208846 -0.980831 0.698939
v 0.180574 -0.802617 0.633350
v 0.179591 -0.930894 0.677851
v 0.295714 -0.810134 0.653607
v 0.275845 -0.902125 0.728930
v 0.259539 -0.658165 -0.357974
v 0.177890 -0.541889 -0.365498
v 0.201160 -0.658115 -0.349058
v 0.163630 -0.597089 -0.354115
v 0.269545 -0.581761 -0.359783
v 0.227067 -0.530707 -0.365761
v 0.435251 -0.324360 -0.160339
v 0.428349 -0.202167 -0.187002
v 0.422044 -0.314925 -0.203826
v 0.438532 -0.269736 -0.128482
v 0.409268 -0.251032 -0.210647
v 0.439608 -0.210134 -0.144545
v 0.455465 -0.357837 0.215761
v 0.475462 -0.256815 0.255769
v 0.449370 -0.364015 0.279215
v 0.470475 -0.303488 0.180524
v 0.459864 -0.312743 0.297012
v 0.481485 -0.253511 0.202164
v -0.003998 -0.061288 0.886320
v -0.003326 0.055118 0.783892
v 0.056817 -0.030734 0.859887
v -0.064245 -0.029038 0.859512
v 0.053467 0.029424 0.809351
v -0.059627 0.028354 0.807771
v 0.358544 -0.307806 0.730233
v 0.399020 -0.221967 0.618627
v 0.378269 -0.332226 0.686514
v 0.398718 -0.284853 0.628699
v 0.353022 -0.238325 0.718417
v 0.375679 -0.199113 0.662860
v -0.354730 -0.317165 0.730136
v -0.395658 -0.226609 0.619622
v -0.379955 -0.342114 0.680098
v -0.398257 -0.291640 0.625239
v -0.353795 -0.243400 0.727356
v -0.373711 -0.203685 0.667491
v 0.253945 0.133980 0.492846
v 0.335992 0.096868 0.471746
v 0.281967 0.143745 0.455666
v 0.321640 0.126830 0.443996
v 0.268341 0.104306 0.525714
v 0.310395 0.084170 0.514717
v -0.261965 0.138181 0.505769
v -0.338729 0.099291 0.479114
v -0.290984 0.151569 0.468674
v -0.328332 0.132631 0.454449
v -0.272873 0.106712 0.534611
v -0.312352 0.085582 0.521779
v 0.000887 0.025394 -0.677265
v -0.004357 0.084104 -0.846660
v 0.050908 0.031863 -0.724842
v -0.051472 0.037418 -0.722180
v 0.053876 0.061083 -0.807290
v -0.061531 0.069950 -0.805583
v 0.230242 -0.141318 -0.427698
v 0.307038 -0.082096 -0.416689
v 0.254860 -0.169575 -0.402102
v 0.287988 -0.137309 -0.387838
v 0.244430 -0.080830 -0.448251
v 0.286969 -0.054980 -0.451462
v -0.216298 -0.139191 -0.431208
v -0.292183 -0.077984 -0.416307
v -0.243996 -0.170563 -0.407489
v -0.279095 -0.137385 -0.396297
v -0.228214 -0.075416 -0.450113
v -0.270279 -0.048720 -0.452096
v 0.353725 0.322154 -0.816116
v 0.418286 0.237956 -0.672670
v 0.371640 0.346188 -0.728374
v 0.406068 0.300235 -0.669176
v 0.377765 0.255502 -0.836321
v 0.391609 0.216480 -0.739729
v -0.369966 0.315831 -0.789420
v -0.401120 0.230918 -0.652815
v -0.373172 0.340703 -0.710371
v -0.395608 0.293320 -0.652376
v -0.382264 0.245058 -0.799273
v -0.385312 0.208510 -0.713101
v 0.606482 0.009883 -0.033067
v 0.611562 0.004021 0.059896
v 0.606747 0.025946 -0.012133
v 0.611388 0.023770 0.034565
v 0.611681 -0.003483 -0.008220
v 0.612658 -0.011685 0.038918
v -0.593139 0.019672 -0.017236
v -0.592664 0.014932 0.068772
v -0.592434 0.036383 0.002848
v -0.595136 0.035144 0.045179
v -0.590432 0.004159 0.009009
v -0.591024 -0.003114 0.050124
v -0.187505 0.412302 -0.149837
v -0.114231 0.445670 -0.165345
v -0.170690 0.389253 -0.107012
v -0.174330 0.462431 -0.193867
v -0.132792 0.399410 -0.116028
v -0.138467 0.486555 -0.198433
v -0.250950 0.313724 -0.002375
v -0.226644 0.280348 0.093379
v -0.214930 0.323758 -0.004745
v -0.276845 0.286657 0.044571
v -0.200572 0.305977 0.043143
v -0.266199 0.270880 0.092829
v -0.252374 0.482216 -0.250709
v -0.293391 0.631352 -0.352406
v -0.230677 0.524455 -0.263790
v -0.276305 0.499005 -0.291643
v -0.238944 0.595195 -0.312657
v -0.317146 0.579158 -0.333129
v -0.319967 0.352440 -0.166416
v -0.357385 0.331866 -0.196816
v -0.306694 0.387930 -0.230375
v -0.350869 0.316587 -0.125818
v -0.318650 0.376041 -0.249412
v -0.372163 0.305585 -0.138859
v -0.345034 0.285092 -0.011176
v -0.401367 0.240778 0.070770
v -0.343547 0.269517 0.036933
v -0.368368 0.277664 -0.020388
v -0.371905 0.248184 0.079086
v -0.399223 0.252799 0.021104
v 0.201498 0.406675 -0.163741
v 0.135089 0.447120 -0.172000
v 0.186283 0.383166 -0.119136
v 0.188240 0.461193 -0.205236
v 0.152054 0.396181 -0.125111
v 0.154915 0.487703 -0.206980
v 0.259115 0.309017 -0.013867
v 0.234205 0.276567 0.083140
v 0.226266 0.319115 -0.015339
v 0.281727 0.283603 0.032598
v 0.211605 0.301667 0.033029
v 0.269985 0.269239 0.080952
v 0.254707 0.474795 -0.265775
v 0.269377 0.616900 -0.356824
v 0.231839 0.519143 -0.276044
v 0.280267 0.493489 -0.291481
v 0.232732 0.589999 -0.320386
v 0.292960 0.563977 -0.340154
v 0.327014 0.357425 -0.174334
v 0.361692 0.337719 -0.202725
v 0.315221 0.389705 -0.233666
v 0.355152 0.323189 -0.133317
v 0.326890 0.381282 -0.251434
v 0.375594 0.311300 -0.145089
v 0.343571 0.288478 -0.021576
v 0.392189 0.244723 0.057749
v 0.341670 0.271109 0.025039
v 0.366995 0.281695 -0.029740
v 0.365408 0.251733 0.066586
v 0.393559 0.256887 0.010636
v -0.304952 -0.785842 -0.007837
v -0.180132 -0.776739 -0.017912
v -0.256185 -0.719559 0.025643
v -0.293190 -0.905382 -0.044321
v -0.203966 -0.721418 0.028240
v -0.202957 -0.899612 -0.054843
v -0.335053 -0.628449 0.135881
v -0.297304 -0.634352 0.295918
v -0.293874 -0.648495 0.147253
v -0.351740 -0.602126 0.191782
v -0.274079 -0.652572 0.231104
v -0.335286 -0.606215 0.268843
v -0.438032 -0.800353 -0.182663
v -0.369748 -0.801149 -0.343885
v -0.406144 -0.911837 -0.219947
v -0.447291 -0.730078 -0.225495
v -0.348192 -0.897550 -0.310883
v -0.424822 -0.732569 -0.300175
v -0.437901 -0.562861 -0.082225
v -0.447222 -0.449591 -0.120848
v -0.443856 -0.572694 -0.141729
v -0.439537 -0.503376 -0.047074
v -0.447647 -0.511150 -0.161484
v -0.445227 -0.449144 -0.066649
v -0.420336 -0.538925 0.086549
v -0.435291 -0.449237 0.157816
v -0.412822 -0.538218 0.147333
v -0.432989 -0.495478 0.065314
v -0.424941 -0.498347 0.185059
v -0.438852 -0.447557 0.099759
v 0.306915 -0.778887 -0.014000
v 0.176500 -0.775304 -0.008210
v 0.257083 -0.702696 0.027211
v 0.289572 -0.905854 -0.048078
v 0.200824 -0.706353 0.036740
v 0.203497 -0.898439 -0.043937
v 0.332211 -0.627742 0.160283
v 0.286600 -0.641628 0.377012
v 0.290269 -0.646903 0.181817
v 0.349142 -0.606956 0.226241
v 0.263808 -0.651211 0.294702
v 0.328496 -0.616589 0.328963
v 0.416280 -0.811153 -0.205949
v 0.357448 -0.794678 -0.338614
v 0.387614 -0.917753 -0.227778
v 0.432083 -0.730257 -0.251754
v 0.332942 -0.906191 -0.307537
v 0.407360 -0.725715 -0.306731
v 0.441687 -0.562002 -0.096140
v 0.449504 -0.448804 -0.133787
v 0.449090 -0.572497 -0.157841
v 0.444194 -0.502339 -0.058989
v 0.452895 -0.510951 -0.174519
v 0.449162 -0.448732 -0.078812
v 0.422039 -0.540068 0.084499
v 0.454277 -0.458181 0.150726
v 0.413989 -0.541510 0.154618
v 0.437570 -0.496381 0.058517
v 0.427355 -0.503945 0.192529
v 0.448112 -0.450679 0.091724
v -0.154347 -0.743338 0.841326
v -0.281919 -0.948611 0.770269
v -0.129425 -0.809621 0.800197
v -0.255190 -0.747318 0.850350
v -0.144911 -0.929858 0.785777
v -0.322121 -0.845504 0.820245
v 0.105043 -0.676363 0.783834
v 0.230456 -0.815934 0.731531
v 0.055251 -0.729927 0.750279
v 0.200286 -0.666679 0.788036
v 0.102725 -0.780576 0.710428
v 0.270178 -0.738333 0.768782
v -0.001387 -0.354243 0.898825
v -0.002100 -0.199745 1.001925
v 0.062010 -0.317199 0.903953
v -0.063381 -0.318445 0.905489
v 0.063090 -0.240867 0.928562
v -0.066170 -0.241907 0.930679
v 0.179124 -0.468681 0.849494
v 0.299392 -0.396987 0.818467
v 0.246180 -0.519897 0.839747
v 0.185899 -0.394133 0.866787
v 0.312844 -0.480710 0.823088
v 0.243858 -0.358181 0.845986
v -0.183846 -0.483872 0.853828
v -0.295906 -0.410710 0.821972
v -0.244635 -0.539211 0.839079
v -0.185535 -0.403974 0.861164
v -0.299562 -0.498835 0.820960
v -0.240046 -0.367535 0.845644
v -0.058307 0.191291 0.475266
v -0.107438 0.198279 0.395335
v -0.038999 0.192516 0.441488
v -0.100072 0.191080 0.467865
v -0.061872 0.199444 0.395474
v -0.126402 0.191960 0.435978
v 0.062516 0.184392 0.466634
v 0.113450 0.193299 0.390218
v 0.046035 0.185953 0.441141
v 0.102140 0.185650 0.455517
v 0.069543 0.192455 0.391576
v 0.130088 0.189790 0.425330
v -0.003546 0.155306 0.564201
v -0.003272 0.118949 0.661971
v 0.033749 0.146017 0.582312
v -0.041192 0.145444 0.585327
v 0.037683 0.125536 0.630327
v -0.044720 0.124588 0.632035
v 0.093150 0.174088 0.509051
v 0.173384 0.155801 0.508058
v 0.123527 0.177061 0.488356
v 0.099810 0.162677 0.530643
v 0.163076 0.170865 0.482666
v 0.141424 0.150445 0.536435
v -0.098423 0.174621 0.518932
v -0.179358 0.165328 0.518248
v -0.127107 0.182562 0.499104
v -0.107505 0.161977 0.543071
v -0.167949 0.176583 0.494947
v -0.148425 0.155275 0.546717
v -0.049226 -0.387044 -0.421634
v -0.104336 -0.460469 -0.388450
v -0.035289 -0.427231 -0.406750
v -0.086319 -0.378328 -0.417752
v -0.060770 -0.465577 -0.389334
v -0.115636 -0.412311 -0.401657
v 0.060001 -0.385305 -0.423329
v 0.111580 -0.455182 -0.389214
v 0.044108 -0.425377 -0.406980
v 0.096895 -0.375173 -0.419860
v 0.068457 -0.461833 -0.390619
v 0.124053 -0.408118 -0.402839
v 0.006304 -0.187080 -0.479499
v 0.004434 -0.046146 -0.513719
v 0.036742 -0.151463 -0.483971
v -0.025123 -0.151185 -0.487282
v 0.039421 -0.082208 -0.500857
v -0.029153 -0.080998 -0.501935
v 0.087807 -0.256357 -0.453758
v 0.156622 -0.202361 -0.441829
v 0.114341 -0.283385 -0.439556
v 0.092978 -0.205060 -0.460581
v 0.149434 -0.258673 -0.432633
v 0.127943 -0.174443 -0.457499
v -0.074221 -0.256628 -0.452770
v -0.141818 -0.202900 -0.443108
v -0.101553 -0.284077 -0.438859
v -0.079965 -0.203053 -0.462408
v -0.135862 -0.261186 -0.433558
v -0.113508 -0.172236 -0.459069
v -0.102854 0.677900 -0.787608
v -0.184051 0.773578 -0.692905
v -0.073984 0.741387 -0.761049
v -0.173659 0.662094 -0.783898
v -0.115184 0.786746 -0.700358
v -0.219076 0.715474 -0.748530
v 0.115245 0.677377 -0.781892
v 0.201221 0.772961 -0.690663
v 0.085747 0.742672 -0.752596
v 0.191109 0.664554 -0.781084
v 0.131345 0.793265 -0.704046
v 0.235197 0.713322 -0.731408
v -0.006415 0.366368 -0.888795
v -0.010582 0.224661 -0.880827
v 0.053977 0.331818 -0.888974
v -0.073062 0.332273 -0.895103
v 0.054253 0.259793 -0.883869
v -0.078071 0.260626 -0.891253
v 0.156696 0.470903 -0.867540
v 0.260556 0.400769 -0.886648
v 0.205257 0.511207 -0.840246
v 0.163909 0.401071 -0.888310
v 0.255531 0.475415 -0.836785
v 0.215050 0.362706 -0.907731
v -0.164444 0.473984 -0.862865
v -0.280958 0.402454 -0.866839
v -0.208804 0.513323 -0.835194
v -0.180115 0.405529 -0.893038
v -0.265499 0.478511 -0.829586
v -0.241287 0.367376 -0.911532
v 0.519772 0.072337 -0.321067
v 0.510531 0.160914 -0.288586
v 0.501736 0.117077 -0.354634
v 0.530036 0.077507 -0.272115
v 0.494884 0.162152 -0.341190
v 0.526118 0.119128 -0.254308
v 0.510484 -0.031194 -0.286540
v 0.463745 -0.106103 -0.231040
v 0.475605 -0.056543 -0.295089
v 0.517401 -0.036229 -0.245645
v 0.453191 -0.095738 -0.269069
v 0.494295 -0.072193 -0.215897
v 0.475684 0.004312 -0.394504
v 0.389213 -0.035054 -0.410902
v 0.448948 -0.030309 -0.366147
v 0.450732 0.020256 -0.431992
v 0.407917 -0.053332 -0.373422
v 0.409521 0.002999 -0.444474
v 0.487803 0.082556 -0.442488
v 0.444732 0.156010 -0.538710
v 0.482058 0.119523 -0.445753
v 0.464181 0.081851 -0.474333
v 0.465863 0.160499 -0.492380
v 0.441487 0.112340 -0.524862
v 0.546965 0.013437 -0.231458
v 0.575301 0.010781 -0.136063
v 0.554483 0.030505 -0.212084
v 0.549833 -0.004018 -0.205996
v 0.569573 0.030254 -0.163324
v 0.561896 -0.006025 -0.158823
v 0.535145 0.054718 0.284997
v 0.510303 0.111705 0.241679
v 0.506932 0.075126 0.302614
v 0.550402 0.059650 0.246202
v 0.493751 0.103736 0.280788
v 0.537829 0.088390 0.224172
v 0.545136 -0.088670 0.307025
v 0.510491 -0.164481 0.284472
v 0.521042 -0.124810 0.339933
v 0.555370 -0.084680 0.264950
v 0.505107 -0.166228 0.331471
v 0.534943 -0.120356 0.251539
v 0.498258 -0.075432 0.427012
v 0.446806 -0.143103 0.514931
v 0.491584 -0.116861 0.427621
v 0.480164 -0.062244 0.463657
v 0.466222 -0.154366 0.471182
v 0.451630 -0.093220 0.508055
v 0.487938 0.026895 0.398622
v 0.414283 0.058892 0.438601
v 0.472216 0.055368 0.379169
v 0.467240 0.010157 0.438642
v 0.435881 0.072314 0.397367
v 0.430010 0.026504 0.460709
v 0.590199 -0.008023 0.233524
v 0.604844 -0.003188 0.150011
v 0.594141 0.014563 0.211532
v 0.592235 -0.027268 0.215091
v 0.603263 0.016599 0.170143
v 0.601014 -0.023347 0.173567
v -0.509919 0.093429 -0.302170
v -0.506175 0.164573 -0.270376
v -0.494519 0.127392 -0.341071
v -0.523411 0.096511 -0.251908
v -0.487934 0.167406 -0.327966
v -0.524827 0.128644 -0.233987
v -0.485137 -0.027001 -0.262012
v -0.443521 -0.102995 -0.211378
v -0.451375 -0.052056 -0.275477
v -0.492091 -0.036286 -0.220025
v -0.431906 -0.094443 -0.251648
v -0.473276 -0.069428 -0.194016
v -0.446647 0.004702 -0.384202
v -0.370939 -0.032070 -0.405254
v -0.424944 -0.028123 -0.355256
v -0.433709 0.017688 -0.430092
v -0.387546 -0.052016 -0.365879
v -0.394497 0.002557 -0.442075
v -0.478631 0.079626 -0.441298
v -0.449936 0.147832 -0.541708
v -0.478012 0.116033 -0.444614
v -0.465886 0.072879 -0.480580
v -0.467005 0.153526 -0.493032
v -0.449600 0.102681 -0.531593
v -0.535112 0.021762 -0.208893
v -0.561496 0.022300 -0.112569
v -0.542715 0.043566 -0.188970
v -0.532982 0.002185 -0.181956
v -0.556540 0.043071 -0.139695
v -0.546581 0.002657 -0.134665
v -0.532681 0.060143 0.287453
v -0.512848 0.114236 0.246222
v -0.510455 0.081788 0.307141
v -0.547904 0.064507 0.248364
v -0.499458 0.109587 0.286728
v -0.536744 0.092970 0.227398
v -0.527718 -0.085463 0.314446
v -0.499433 -0.163153 0.290414
v -0.504983 -0.124197 0.346721
v -0.537020 -0.081585 0.272487
v -0.492934 -0.166724 0.337534
v -0.521455 -0.116731 0.258188
v -0.487753 -0.074727 0.429644
v -0.436332 -0.145652 0.515099
v -0.476684 -0.117066 0.428894
v -0.469999 -0.062878 0.466124
v -0.453521 -0.156316 0.471886
v -0.443720 -0.094333 0.510383
v -0.482554 0.029100 0.402779
v -0.412515 0.061000 0.443615
v -0.470683 0.060237 0.384084
v -0.461082 0.011703 0.442841
v -0.436159 0.076150 0.403006
v -0.425313 0.027712 0.465368
v -0.577772 0.002743 0.235760
v -0.585018 0.008963 0.153751
v -0.576537 0.024985 0.213046
v -0.574329 -0.016852 0.219334
v -0.582859 0.028093 0.172593
v -0.579163 -0.013683 0.177001
v -0.054103 0.350794 -0.022451
v -0.100990 0.299113 0.088039
v -0.096194 0.346234 -0.019238
v -0.119583 0.319854 0.036746
v -0.033933 0.324027 0.029842
v -0.057445 0.300190 0.085406
v -0.066098 0.646281 -0.264268
v -0.143788 0.732733 -0.368363
v -0.115431 0.619933 -0.273075
v -0.152185 0.662149 -0.319657
v -0.048143 0.708933 -0.310075
v -0.086746 0.751187 -0.365666
v 0.072344 0.352681 -0.024002
v 0.115279 0.295103 0.082500
v 0.113729 0.347514 -0.022365
v 0.134403 0.317690 0.030848
v 0.051655 0.325479 0.028625
v 0.072420 0.298318 0.082066
v 0.082907 0.645383 -0.277940
v 0.149086 0.754277 -0.381116
v 0.128754 0.625239 -0.283686
v 0.159019 0.670986 -0.330366
v 0.062034 0.714116 -0.319664
v 0.096790 0.768469 -0.378121
v -0.307780 0.221035 0.234926
v -0.380565 0.212633 0.213877
v -0.320776 0.231328 0.184094
v -0.357672 0.225786 0.176079
v -0.329122 0.206039 0.272899
v -0.365167 0.202803 0.260016
v -0.038875 0.239336 0.243851
v 0.050907 0.234168 0.241700
v -0.016981 0.222747 0.295385
v 0.028264 0.218575 0.295531
v -0.015353 0.255874 0.190132
v 0.029107 0.251763 0.188953
v -0.243077 0.196164 0.374824
v -0.268304 0.178937 0.423203
v -0.215864 0.190356 0.415574
v -0.227089 0.183670 0.434915
v -0.283273 0.190997 0.360394
v -0.295885 0.183155 0.385697
v -0.538263 0.637199 -0.468548
v -0.330998 0.451996 -0.383477
v -0.412257 0.575404 -0.433461
v -0.338687 0.486026 -0.381877
v -0.378534 0.613406 -0.439124
v -0.345275 0.500628 -0.427216
v -0.084536 0.871664 -0.527569
v 0.092073 0.879324 -0.543693
v -0.037839 0.854341 -0.588415
v 0.052938 0.849458 -0.603031
v -0.035453 0.837851 -0.483157
v 0.048446 0.841890 -0.492543
v -0.316379 0.640092 -0.622128
v -0.339749 0.487886 -0.669878
v -0.300063 0.620369 -0.686112
v -0.315491 0.542111 -0.713188
v -0.340297 0.582470 -0.579924
v -0.346251 0.504822 -0.601553
v -0.471716 0.227731 -0.064344
v -0.483683 0.208358 0.037900
v -0.445676 0.243048 -0.051383
v -0.453818 0.230675 0.001985
v -0.503789 0.199281 -0.026915
v -0.506379 0.192262 0.021751
v -0.409972 0.313331 -0.406367
v -0.407183 0.316372 -0.525243
v -0.438422 0.261397 -0.418595
v -0.435206 0.260780 -0.477936
v -0.378982 0.376957 -0.451698
v -0.381851 0.380185 -0.511346
v -0.539420 0.153633 -0.111245
v -0.572839 0.088431 -0.051025
v -0.548581 0.123970 -0.130274
v -0.566883 0.091670 -0.098506
v -0.543746 0.148526 -0.062707
v -0.560635 0.115754 -0.033360
v -0.428881 0.167472 0.300141
v -0.381058 0.149608 0.377956
v -0.439472 0.145400 0.322760
v -0.416399 0.135392 0.361266
v -0.395403 0.177101 0.316285
v -0.370915 0.168475 0.355719
v -0.541119 0.130077 0.121516
v -0.577540 0.079356 0.083854
v -0.555851 0.101722 0.145876
v -0.574283 0.077393 0.127431
v -0.544113 0.133980 0.077172
v -0.562789 0.107730 0.058699
v 0.300408 0.218451 0.220407
v 0.366935 0.212553 0.198644
v 0.314411 0.231022 0.170337
v 0.347308 0.226960 0.161612
v 0.318692 0.203413 0.257761
v 0.351823 0.202020 0.244931
v 0.238665 0.193053 0.360892
v 0.260991 0.174520 0.409354
v 0.211326 0.188389 0.398969
v 0.222813 0.179175 0.422139
v 0.275974 0.190323 0.346448
v 0.288006 0.181268 0.372658
v 0.556091 0.701867 -0.413365
v 0.331270 0.483693 -0.381493
v 0.370387 0.601452 -0.388627
v 0.314975 0.504573 -0.378606
v 0.493383 0.614205 -0.444629
v 0.361966 0.525599 -0.436649
v 0.328802 0.639163 -0.619561
v 0.339514 0.485390 -0.670856
v 0.302136 0.611981 -0.679181
v 0.312925 0.536730 -0.710873
v 0.356975 0.590284 -0.577665
v 0.353242 0.507170 -0.600586
v 0.467432 0.230708 -0.073034
v 0.474291 0.210099 0.026661
v 0.440601 0.247589 -0.061647
v 0.446309 0.234034 -0.009664
v 0.499154 0.200642 -0.033458
v 0.500974 0.192955 0.014692
v 0.414759 0.316160 -0.410337
v 0.410171 0.319318 -0.530030
v 0.440317 0.263249 -0.423999
v 0.433685 0.264077 -0.481561
v 0.382966 0.380693 -0.453705
v 0.388443 0.382721 -0.514110
v 0.545199 0.153529 -0.125905
v 0.586577 0.079182 -0.067006
v 0.555243 0.118789 -0.148533
v 0.573058 0.083681 -0.118755
v 0.546829 0.148688 -0.075686
v 0.568641 0.110866 -0.046773
v 0.416455 0.167299 0.290013
v 0.371352 0.146547 0.367089
v 0.429122 0.140621 0.313387
v 0.407227 0.130134 0.351741
v 0.383033 0.176347 0.304815
v 0.360464 0.167669 0.344525
v 0.538958 0.128082 0.114404
v 0.585552 0.072179 0.075305
v 0.557311 0.097323 0.139376
v 0.582296 0.069888 0.120874
v 0.543200 0.133402 0.069206
v 0.566039 0.104397 0.048846
v -0.097516 -0.706221 0.208036
v -0.168471 -0.708607 0.356319
v -0.152325 -0.700875 0.191748
v -0.187722 -0.708103 0.265737
v -0.074818 -0.712719 0.296133
v -0.112696 -0.716611 0.368287
v -0.105279 -0.747714 -0.190583
v -0.159152 -0.771640 -0.316276
v -0.149391 -0.849057 -0.221012
v -0.186884 -0.859210 -0.301596
v -0.073998 -0.700388 -0.231419
v -0.107333 -0.704559 -0.279515
v 0.079727 -0.710760 0.238618
v 0.125238 -0.712292 0.454438
v 0.140984 -0.708884 0.235265
v 0.164451 -0.704036 0.338391
v 0.043764 -0.715924 0.327761
v 0.066070 -0.721195 0.435838
v 0.101435 -0.743316 -0.193730
v 0.153069 -0.756006 -0.308483
v 0.136776 -0.841730 -0.225517
v 0.168606 -0.862560 -0.318497
v 0.082187 -0.687203 -0.231678
v 0.103227 -0.698820 -0.276623
v -0.368902 -0.567706 0.436603
v -0.413875 -0.463536 0.348091
v -0.375204 -0.551317 0.358554
v -0.400907 -0.505118 0.319269
v -0.388331 -0.530415 0.462969
v -0.407175 -0.472725 0.415690
v -0.119573 -0.821437 0.553951
v 0.047283 -0.803651 0.571354
v -0.099877 -0.823001 0.615168
v 0.003350 -0.792432 0.597807
v -0.068757 -0.767722 0.513038
v 0.001092 -0.767086 0.534987
v -0.397320 -0.662298 0.660811
v -0.392380 -0.498152 0.681530
v -0.394769 -0.671714 0.734536
v -0.392618 -0.577389 0.747074
v -0.395288 -0.569825 0.603343
v -0.399335 -0.501256 0.615224
v -0.368938 -0.529356 -0.340904
v -0.416500 -0.426159 -0.275077
v -0.411071 -0.558635 -0.314048
v -0.430229 -0.498977 -0.272513
v -0.357536 -0.451990 -0.335241
v -0.391206 -0.408970 -0.313624
v -0.052914 -0.593301 -0.346123
v 0.057779 -0.589934 -0.345741
v -0.021950 -0.550290 -0.362088
v 0.028853 -0.549011 -0.361872
v -0.028185 -0.627507 -0.324805
v 0.032644 -0.625849 -0.324758
v -0.233065 -0.416246 -0.378046
v -0.237064 -0.296901 -0.394493
v -0.196476 -0.380061 -0.393801
v -0.200640 -0.323936 -0.403254
v -0.273838 -0.388033 -0.369736
v -0.273720 -0.327417 -0.378094
v -0.456650 -0.280631 -0.018714
v -0.462567 -0.290007 0.080973
v -0.453162 -0.338068 0.000730
v -0.453681 -0.341204 0.052656
v -0.466329 -0.227749 0.010347
v -0.472086 -0.234692 0.058220
v -0.375959 -0.228530 -0.280000
v -0.327750 -0.189656 -0.340676
v -0.369052 -0.168775 -0.285764
v -0.353505 -0.151005 -0.320453
v -0.360285 -0.272891 -0.308784
v -0.330192 -0.251323 -0.336272
v -0.477282 -0.118402 -0.079772
v -0.538543 -0.046501 -0.035498
v -0.495987 -0.077807 -0.104727
v -0.525729 -0.045195 -0.083045
v -0.487928 -0.121953 -0.032772
v -0.518463 -0.083292 -0.010285
v -0.444621 -0.315553 0.405740
v -0.426905 -0.313374 0.516929
v -0.453712 -0.264116 0.417091
v -0.444049 -0.261820 0.469551
v -0.428379 -0.370866 0.450089
v -0.421124 -0.372106 0.509491
v -0.509599 -0.151969 0.149487
v -0.554189 -0.062854 0.098454
v -0.528836 -0.110964 0.167515
v -0.551079 -0.069752 0.141399
v -0.508660 -0.145609 0.103889
v -0.530031 -0.098026 0.079305
v 0.335759 -0.623322 0.512953
v 0.414372 -0.483508 0.377561
v 0.363445 -0.580652 0.418931
v 0.398722 -0.525931 0.355146
v 0.365866 -0.581293 0.524115
v 0.398538 -0.500227 0.455556
v 0.296934 -0.668060 0.869298
v 0.364326 -0.480330 0.720513
v 0.381013 -0.642406 0.795434
v 0.367229 -0.542228 0.771801
v 0.339399 -0.596376 0.704081
v 0.365722 -0.502627 0.674676
v 0.363865 -0.518599 -0.340419
v 0.416291 -0.420860 -0.280798
v 0.407392 -0.549795 -0.315463
v 0.424794 -0.492784 -0.274968
v 0.360752 -0.446713 -0.342632
v 0.387669 -0.402254 -0.315831
v 0.238686 -0.407829 -0.377194
v 0.244824 -0.289056 -0.387790
v 0.204215 -0.373092 -0.391835
v 0.209229 -0.317057 -0.399091
v 0.277388 -0.380855 -0.367603
v 0.277115 -0.320017 -0.370820
v 0.463153 -0.282812 -0.033018
v 0.475037 -0.294735 0.070216
v 0.459967 -0.340304 -0.012051
v 0.462900 -0.344159 0.041871
v 0.477601 -0.232176 -0.004455
v 0.487377 -0.239832 0.045306
v 0.383797 -0.225149 -0.284418
v 0.334484 -0.185410 -0.334613
v 0.385992 -0.165664 -0.293339
v 0.366255 -0.148161 -0.321314
v 0.363395 -0.268877 -0.308567
v 0.335118 -0.247559 -0.332426
v 0.493171 -0.123628 -0.099690
v 0.557449 -0.050598 -0.055998
v 0.512681 -0.081696 -0.125725
v 0.544226 -0.048389 -0.105262
v 0.503919 -0.127330 -0.051797
v 0.536188 -0.089238 -0.028787
v 0.445889 -0.320489 0.415948
v 0.425514 -0.312875 0.529740
v 0.459060 -0.264245 0.419893
v 0.448095 -0.260885 0.473518
v 0.423845 -0.379927 0.472769
v 0.414443 -0.376691 0.534009
v 0.526728 -0.156205 0.141410
v 0.578202 -0.068440 0.090419
v 0.546730 -0.114836 0.161413
v 0.573806 -0.072664 0.135604
v 0.529389 -0.151850 0.093913
v 0.552147 -0.105142 0.068225
v 0.180432 -0.100135 0.857823
v 0.289219 -0.173213 0.807777
v 0.190760 -0.170462 0.887843
v 0.246050 -0.208243 0.854916
v 0.226255 -0.070980 0.806007
v 0.278469 -0.105548 0.784441
v -0.181293 -0.099834 0.855014
v -0.285929 -0.172934 0.815745
v -0.184840 -0.171359 0.876007
v -0.244903 -0.209479 0.860492
v -0.226000 -0.069832 0.807671
v -0.275083 -0.104451 0.788076
v 0.143523 0.059783 0.715446
v 0.211129 0.082322 0.615789
v 0.130735 0.093948 0.661124
v 0.164611 0.101175 0.616371
v 0.193932 0.030587 0.713853
v 0.226508 0.044105 0.659494
v -0.147131 0.057674 0.715205
v -0.213580 0.079644 0.620262
v -0.135707 0.091893 0.662745
v -0.169365 0.099820 0.621241
v -0.195802 0.029624 0.715127
v -0.227343 0.042233 0.662389
v 0.370413 -0.080152 0.632807
v 0.343056 0.011438 0.577657
v 0.397118 -0.053302 0.579127
v 0.382424 -0.010697 0.554512
v 0.334275 -0.052881 0.664603
v 0.317565 -0.006526 0.630786
v -0.363538 -0.084385 0.634796
v -0.339437 0.010387 0.581390
v -0.388027 -0.057369 0.581043
v -0.377219 -0.011553 0.558175
v -0.328089 -0.056219 0.666133
v -0.314299 -0.007496 0.634308
v 0.135572 0.004852 -0.627150
v 0.194189 -0.018967 -0.517713
v 0.120624 -0.015813 -0.533831
v 0.148025 -0.044947 -0.501146
v 0.185685 0.007790 -0.667135
v 0.214817 0.006112 -0.601714
v -0.127065 0.006885 -0.628883
v -0.180705 -0.016292 -0.519802
v -0.110425 -0.013202 -0.538848
v -0.135346 -0.038949 -0.502016
v -0.177466 0.005046 -0.670485
v -0.203561 -0.001014 -0.605230
v 0.172746 0.099114 -0.869507
v 0.282420 0.152084 -0.973491
v 0.173387 0.181750 -0.888723
v 0.224086 0.208280 -0.925048
v 0.226820 0.055753 -0.871923
v 0.278417 0.089272 -0.910201
v -0.192344 0.112481 -0.877944
v -0.318139 0.133158 -0.946665
v -0.220069 0.183645 -0.916258
v -0.278233 0.202409 -0.996632
v -0.235796 0.050968 -0.879722
v -0.301941 0.074664 -0.888718
v 0.327329 0.026998 -0.555314
v 0.367392 0.106419 -0.666321
v 0.366473 0.044614 -0.546127
v 0.382832 0.084247 -0.590146
v 0.306895 0.042439 -0.623126
v 0.329115 0.078353 -0.694357
v -0.316570 0.024794 -0.554492
v -0.359866 0.100137 -0.653181
v -0.358350 0.041174 -0.545359
v -0.380377 0.079463 -0.588921
v -0.297665 0.035112 -0.618789
v -0.322379 0.070669 -0.680310
v -0.238718 0.361210 -0.091634
v -0.236513 0.415182 -0.171197
v -0.206145 0.374561 -0.099566
v -0.206569 0.437972 -0.185742
v -0.288860 0.321238 -0.047328
v -0.227400 0.342418 -0.050323
v -0.284382 0.303273 -0.002643
v -0.277647 0.395547 -0.178264
v -0.227507 0.461534 -0.217819
v -0.271112 0.437083 -0.233837
v -0.310258 0.334419 -0.098522
v -0.293288 0.395015 -0.204874
v -0.330602 0.325361 -0.111967
v -0.315013 0.294454 -0.005734
v -0.338333 0.304747 -0.061180
v 0.248424 0.355580 -0.103773
v 0.246176 0.406798 -0.186228
v 0.218466 0.369069 -0.111764
v 0.217139 0.433380 -0.199519
v 0.295269 0.318824 -0.057382
v 0.238002 0.336701 -0.061911
v 0.288974 0.300493 -0.014088
v 0.285752 0.391653 -0.190128
v 0.233176 0.454088 -0.236723
v 0.278066 0.433892 -0.242532
v 0.317513 0.334669 -0.107857
v 0.301859 0.394009 -0.211836
v 0.336408 0.330022 -0.120179
v 0.317442 0.294184 -0.016578
v 0.341503 0.307839 -0.069588
v -0.348925 -0.670369 0.014333
v -0.387572 -0.760354 -0.064129
v -0.306015 -0.696524 0.015777
v -0.357658 -0.836064 -0.056587
v -0.387235 -0.611414 0.062758
v -0.320379 -0.650756 0.070473
v -0.369834 -0.604161 0.122703
v -0.426165 -0.672789 -0.087688
v -0.408410 -0.839064 -0.121857
v -0.438848 -0.705336 -0.150444
v -0.419863 -0.592369 -0.006543
v -0.436915 -0.628000 -0.117263
v -0.432215 -0.552223 -0.026458
v -0.399921 -0.575183 0.106146
v -0.427021 -0.544043 0.029343
v 0.349142 -0.665889 0.011320
v 0.402002 -0.766375 -0.068068
v 0.308515 -0.685132 0.016181
v 0.385373 -0.844164 -0.047387
v 0.386158 -0.610395 0.065498
v 0.320023 -0.645695 0.079903
v 0.368009 -0.604932 0.137842
v 0.429125 -0.674753 -0.102941
v 0.418632 -0.858073 -0.126489
v 0.439936 -0.710777 -0.173860
v 0.420580 -0.591430 -0.013136
v 0.442720 -0.629677 -0.135069
v 0.435307 -0.551541 -0.036407
v 0.398763 -0.575650 0.111234
v 0.427709 -0.542776 0.022968
v -0.020108 -0.638300 0.818356
v -0.115822 -0.580522 0.848046
v -0.069871 -0.714566 0.807615
v -0.176364 -0.654647 0.844281
v 0.088902 -0.561317 0.829676
v 0.015950 -0.689555 0.789054
v 0.140791 -0.609940 0.808803
v 0.053188 -0.456727 0.865024
v -0.062961 -0.462324 0.868765
v 0.060129 -0.388858 0.885355
v -0.063120 -0.392139 0.883297
v 0.165156 -0.540741 0.831626
v 0.118466 -0.426594 0.867091
v -0.182566 -0.567355 0.847965
v -0.123797 -0.434726 0.867325
v 0.001355 0.182573 0.488195
v -0.050233 0.181976 0.500555
v -0.017424 0.184818 0.479424
v -0.074581 0.187644 0.486692
v 0.049769 0.179210 0.496350
v 0.022813 0.182104 0.474541
v 0.075438 0.181671 0.479518
v 0.028340 0.172912 0.521913
v -0.032976 0.171023 0.527336
v 0.030611 0.163070 0.545466
v -0.037406 0.163139 0.549381
v 0.085319 0.179922 0.492692
v 0.062578 0.168655 0.527327
v -0.087771 0.181987 0.500827
v -0.068767 0.167184 0.536122
v 0.006081 -0.360836 -0.447807
v -0.036884 -0.318523 -0.449467
v -0.012556 -0.392147 -0.426336
v -0.059817 -0.346873 -0.434321
v 0.049704 -0.318676 -0.450421
v 0.023400 -0.391635 -0.426528
v 0.072180 -0.345954 -0.436534
v 0.032668 -0.260758 -0.473089
v -0.018444 -0.263337 -0.475221
v 0.034757 -0.209882 -0.474998
v -0.021906 -0.211239 -0.476170
v 0.080530 -0.304118 -0.446039
v 0.061528 -0.231873 -0.465789
v -0.068391 -0.303245 -0.444164
v -0.048133 -0.233321 -0.466812
v 0.003689 0.628692 -0.810926
v -0.085447 0.563549 -0.835926
v -0.031821 0.686230 -0.789196
v -0.127671 0.610276 -0.813219
v 0.087927 0.562399 -0.835025
v 0.041674 0.686330 -0.786785
v 0.135853 0.609242 -0.811318
v 0.052057 0.465464 -0.876436
v -0.057486 0.464476 -0.874199
v 0.054109 0.401177 -0.887722
v -0.064975 0.400839 -0.887026
v 0.147316 0.539723 -0.837616
v 0.109794 0.435203 -0.881752
v -0.147374 0.541931 -0.836828
v -0.118766 0.437799 -0.882254
v 0.512787 0.053330 -0.369795
v 0.531919 0.031360 -0.302044
v 0.509872 0.073541 -0.366041
v 0.533464 0.045951 -0.289622
v 0.508456 0.000312 -0.343948
v 0.529445 0.002551 -0.291311
v 0.499690 -0.021201 -0.322940
v 0.527007 -0.016037 -0.269270
v 0.502006 0.033953 -0.393944
v 0.488366 -0.009225 -0.358120
v 0.487561 0.030022 -0.416985
v 0.499669 0.080516 -0.405755
v 0.489264 0.054018 -0.432473
v 0.541533 0.029933 -0.258661
v 0.537900 -0.001561 -0.249970
v 0.534379 0.022645 0.341446
v 0.564478 0.008891 0.288227
v 0.520947 0.047730 0.323114
v 0.559732 0.033841 0.267776
v 0.536533 -0.054601 0.353826
v 0.564502 -0.033860 0.292870
v 0.531362 -0.088482 0.348080
v 0.565789 -0.057079 0.278714
v 0.522429 -0.016755 0.386379
v 0.515522 -0.083912 0.388459
v 0.506095 -0.035803 0.423638
v 0.505671 0.038947 0.360994
v 0.502944 -0.002669 0.414714
v 0.578289 0.012232 0.250678
v 0.580131 -0.031549 0.255322
v -0.499417 0.059916 -0.356696
v -0.521734 0.039273 -0.282470
v -0.497726 0.090942 -0.350591
v -0.522271 0.065188 -0.267637
v -0.484314 0.004830 -0.325040
v -0.515592 0.006298 -0.270713
v -0.473812 -0.016157 -0.301525
v -0.507590 -0.011864 -0.245772
v -0.484330 0.034485 -0.385443
v -0.461158 -0.006388 -0.341839
v -0.464770 0.028310 -0.411462
v -0.488007 0.086975 -0.397206
v -0.474686 0.051159 -0.430216
v -0.531206 0.042693 -0.237016
v -0.524643 0.002537 -0.227954
v -0.524372 0.025707 0.342932
v -0.554830 0.015749 0.289299
v -0.517672 0.052890 0.325756
v -0.551311 0.038856 0.268327
v -0.526205 -0.051114 0.359120
v -0.560833 -0.024728 0.298758
v -0.516380 -0.085387 0.353820
v -0.551184 -0.050569 0.286010
v -0.519224 -0.014193 0.390998
v -0.502195 -0.081850 0.392030
v -0.496870 -0.035132 0.426453
v -0.502032 0.043449 0.364430
v -0.493547 -0.002333 0.418130
v -0.567050 0.020548 0.251739
v -0.571238 -0.019506 0.260643
v -0.052542 0.418297 -0.126867
v -0.057389 0.525593 -0.193777
v -0.093405 0.408982 -0.123610
v -0.099576 0.508096 -0.197586
v 0.072720 0.421043 -0.127903
v 0.075973 0.527542 -0.200485
v 0.113862 0.411702 -0.126061
v 0.117363 0.510681 -0.204694
v 0.009982 0.388079 -0.076502
v -0.073753 0.377059 -0.075600
v -0.011742 0.353687 -0.024587
v 0.008926 0.599304 -0.224245
v -0.083432 0.575267 -0.229697
v -0.014679 0.666267 -0.252726
v 0.093645 0.379766 -0.076289
v 0.030713 0.355136 -0.024544
v 0.101604 0.580209 -0.238357
v 0.033221 0.661234 -0.266511
v -0.169151 0.272319 0.143759
v -0.239952 0.243810 0.194321
v -0.185638 0.288828 0.092638
v -0.253921 0.256381 0.142732
v -0.108236 0.225678 0.296765
v -0.177179 0.208946 0.342678
v -0.085196 0.210078 0.347210
v -0.152827 0.198977 0.391082
v -0.105237 0.258283 0.193648
v -0.143889 0.295061 0.090693
v -0.081061 0.278234 0.140153
v -0.246663 0.213390 0.290430
v -0.281221 0.237146 0.189912
v -0.290428 0.208863 0.284027
v -0.062688 0.224557 0.296519
v -0.060252 0.257853 0.191666
v -0.199227 0.199222 0.385668
v -0.270597 0.201754 0.333386
v -0.246924 0.741704 -0.424334
v -0.417075 0.780097 -0.468540
v -0.247413 0.670044 -0.365388
v -0.377213 0.674375 -0.389220
v -0.216030 0.977924 -0.587672
v -0.263929 0.764336 -0.627704
v -0.159446 0.843892 -0.628025
v -0.239764 0.740319 -0.683445
v -0.193532 0.878338 -0.465781
v -0.195750 0.705394 -0.369853
v -0.134430 0.802690 -0.419768
v -0.353742 0.744689 -0.559428
v -0.519977 0.715921 -0.419340
v -0.403248 0.684375 -0.499115
v -0.133200 0.877902 -0.552816
v -0.120883 0.861284 -0.475511
v -0.282575 0.692876 -0.658184
v -0.345138 0.663902 -0.561731
v -0.369456 0.351431 -0.265708
v -0.423283 0.277896 -0.159880
v -0.344581 0.369547 -0.259548
v -0.396299 0.293269 -0.149388
v -0.453336 0.249310 -0.301687
v -0.505882 0.195841 -0.198495
v -0.475230 0.208387 -0.314238
v -0.520533 0.160942 -0.215495
v -0.385182 0.343846 -0.336486
v -0.337249 0.413998 -0.320196
v -0.347623 0.412885 -0.385930
v -0.489356 0.216890 -0.129941
v -0.435214 0.258863 -0.105555
v -0.499765 0.207323 -0.076454
v -0.443069 0.257428 -0.360063
v -0.375459 0.362633 -0.394042
v -0.530804 0.158326 -0.162092
v -0.522336 0.181979 -0.093310
v -0.423263 0.214604 0.155832
v -0.457106 0.211979 0.097227
v -0.399009 0.230829 0.119176
v -0.430665 0.230372 0.061604
v -0.475635 0.162222 0.242451
v -0.513172 0.148569 0.183187
v -0.486573 0.135281 0.264329
v -0.526403 0.121236 0.205918
v -0.432640 0.191757 0.232651
v -0.390415 0.221204 0.165945
v -0.400019 0.198654 0.246781
v -0.504024 0.178724 0.113556
v -0.456639 0.220486 0.049834
v -0.506623 0.185610 0.068418
v -0.458695 0.152608 0.282721
v -0.417717 0.185950 0.276402
v -0.535925 0.126334 0.164691
v -0.525233 0.158247 0.095993
v 0.178744 0.268337 0.134575
v 0.241397 0.241486 0.182340
v 0.196366 0.284400 0.083545
v 0.256494 0.255317 0.131054
v 0.116201 0.215909 0.291134
v 0.181657 0.202444 0.335835
v 0.093788 0.202731 0.344072
v 0.156580 0.196556 0.382600
v 0.116653 0.252577 0.187395
v 0.156583 0.291295 0.083269
v 0.094465 0.273355 0.134837
v 0.072859 0.215876 0.294577
v 0.073248 0.252465 0.188543
v 0.244282 0.211379 0.277601
v 0.279621 0.234940 0.177787
v 0.283132 0.207212 0.268839
v 0.198514 0.196624 0.372561
v 0.262158 0.198344 0.315503
v 0.230785 0.751125 -0.425594
v 0.346088 0.721697 -0.445857
v 0.233647 0.667411 -0.370527
v 0.318792 0.643230 -0.389883
v 0.259698 0.932969 -0.588656
v 0.265221 0.760628 -0.616861
v 0.171523 0.826065 -0.631045
v 0.248118 0.734521 -0.670015
v 0.169167 0.975644 -0.491654
v 0.193552 0.716514 -0.378520
v 0.136650 0.840376 -0.439535
v 0.148997 0.863548 -0.592403
v 0.120199 0.892328 -0.498283
v 0.373554 0.751140 -0.555170
v 0.400251 0.676960 -0.413837
v 0.519680 0.724242 -0.533736
v 0.288292 0.686373 -0.648661
v 0.380846 0.675582 -0.567255
v 0.367159 0.356300 -0.273795
v 0.421292 0.281821 -0.170747
v 0.344740 0.374390 -0.264109
v 0.396688 0.298671 -0.157897
v 0.462809 0.250707 -0.310822
v 0.504411 0.198832 -0.216307
v 0.488647 0.206843 -0.325967
v 0.519116 0.160038 -0.235617
v 0.387501 0.351558 -0.342798
v 0.326348 0.420958 -0.322845
v 0.351632 0.429931 -0.388688
v 0.487706 0.220255 -0.140604
v 0.433054 0.262651 -0.113024
v 0.493910 0.209443 -0.086376
v 0.451325 0.258196 -0.367512
v 0.379888 0.369896 -0.397433
v 0.531625 0.157843 -0.180808
v 0.520806 0.184299 -0.105806
v 0.410192 0.216612 0.142651
v 0.444424 0.215190 0.084513
v 0.387725 0.233273 0.105500
v 0.419855 0.234896 0.048630
v 0.467315 0.163717 0.236518
v 0.508843 0.150101 0.177566
v 0.481182 0.133619 0.259156
v 0.522821 0.118384 0.200935
v 0.419290 0.192924 0.221870
v 0.379479 0.222582 0.152445
v 0.385198 0.198741 0.232977
v 0.497565 0.181074 0.106886
v 0.447383 0.222835 0.038519
v 0.500312 0.187140 0.060774
v 0.449571 0.151587 0.274962
v 0.402687 0.186542 0.264146
v 0.532115 0.123533 0.158081
v 0.521353 0.158475 0.088941
v -0.094819 -0.712650 0.053857
v -0.107697 -0.732298 -0.075972
v -0.151193 -0.711269 0.035278
v -0.149091 -0.808354 -0.077367
v 0.088140 -0.714867 0.067912
v 0.107269 -0.732562 -0.071324
v 0.145494 -0.707052 0.050041
v 0.147339 -0.807687 -0.072261
v -0.005905 -0.710101 0.146439
v -0.121013 -0.702252 0.120066
v -0.039074 -0.708043 0.221978
v 0.003040 -0.694361 -0.120017
v -0.125298 -0.794014 -0.140133
v -0.041308 -0.680331 -0.171566
v 0.112696 -0.703715 0.144638
v 0.019504 -0.711558 0.232969
v 0.118514 -0.792470 -0.139972
v 0.048934 -0.675650 -0.173221
v -0.244438 -0.668194 0.421062
v -0.312447 -0.635154 0.446840
v -0.257258 -0.659946 0.321596
v -0.321860 -0.616106 0.353149
v -0.267121 -0.941834 0.596032
v -0.374791 -0.836374 0.663638
v -0.206287 -1.021094 0.679295
v -0.345380 -0.852044 0.741799
v -0.203648 -0.748448 0.493804
v -0.215787 -0.685960 0.341985
v -0.152443 -0.712778 0.442550
v -0.357875 -0.665018 0.555182
v -0.345776 -0.595240 0.400952
v -0.368921 -0.593300 0.515113
v -0.173741 -0.937492 0.593203
v -0.136190 -0.762676 0.502227
v -0.390923 -0.753910 0.706460
v -0.383968 -0.628217 0.586209
v -0.245512 -0.750207 -0.356193
v -0.317424 -0.656305 -0.359090
v -0.299053 -0.831125 -0.353778
v -0.375260 -0.712147 -0.354178
v -0.124439 -0.554484 -0.364362
v -0.183767 -0.494073 -0.374251
v -0.090556 -0.507302 -0.376196
v -0.148012 -0.450985 -0.386600
v -0.146346 -0.658620 -0.341487
v -0.215796 -0.836969 -0.346979
v -0.127441 -0.695902 -0.319043
v -0.272100 -0.521255 -0.361270
v -0.374122 -0.612533 -0.347013
v -0.318190 -0.491263 -0.351984
v -0.073586 -0.552863 -0.362552
v -0.088533 -0.640254 -0.330792
v -0.191265 -0.436246 -0.383427
v -0.273619 -0.452662 -0.364422
v -0.438696 -0.380966 -0.186992
v -0.446103 -0.331187 -0.100383
v -0.449329 -0.446820 -0.175972
v -0.447303 -0.391040 -0.084234
v -0.405847 -0.193135 -0.212521
v -0.440113 -0.153862 -0.147453
v -0.415823 -0.141005 -0.230265
v -0.455822 -0.110470 -0.169683
v -0.408178 -0.305070 -0.238433
v -0.437198 -0.439283 -0.228054
v -0.403420 -0.356919 -0.277535
v -0.450923 -0.217173 -0.084944
v -0.450276 -0.334875 -0.050110
v -0.459311 -0.222387 -0.037675
v -0.387422 -0.182664 -0.250410
v -0.387285 -0.291350 -0.277614
v -0.467168 -0.115233 -0.125668
v -0.462024 -0.165080 -0.056609
v -0.436848 -0.405684 0.247789
v -0.452905 -0.348700 0.159805
v -0.431107 -0.453476 0.219216
v -0.445245 -0.397851 0.131238
v -0.466386 -0.259010 0.311100
v -0.487712 -0.202637 0.225656
v -0.479583 -0.211887 0.326023
v -0.504438 -0.157185 0.242505
v -0.439635 -0.362258 0.331055
v -0.421552 -0.456927 0.282758
v -0.424699 -0.417176 0.372094
v -0.476320 -0.246951 0.156176
v -0.454130 -0.344770 0.105511
v -0.475196 -0.241258 0.106703
v -0.461406 -0.262484 0.363815
v -0.434425 -0.367140 0.390609
v -0.507865 -0.155524 0.195698
v -0.491268 -0.194616 0.129301
v 0.204779 -0.705619 0.542762
v 0.303408 -0.686071 0.574432
v 0.237446 -0.660197 0.422535
v 0.311334 -0.637439 0.444548
v 0.125626 -0.989430 0.623634
v 0.344317 -0.927996 0.761726
v 0.142585 -0.861226 0.678635
v 0.431005 -0.835401 0.721094
v 0.059753 -0.881176 0.765967
v 0.181709 -0.691867 0.447335
v 0.080154 -0.728388 0.573461
v 0.103453 -0.837413 0.613571
v 0.068850 -0.783343 0.586249
v 0.351853 -0.871039 0.677997
v 0.335717 -0.632708 0.496630
v 0.347672 -0.701033 0.598452
v 0.355353 -0.787852 0.781974
v 0.311238 -0.725571 0.712105
v 0.242573 -0.738317 -0.353784
v 0.317918 -0.638501 -0.357577
v 0.290543 -0.832728 -0.361862
v 0.369556 -0.693282 -0.347946
v 0.128869 -0.546654 -0.363581
v 0.189158 -0.484994 -0.375401
v 0.096816 -0.502330 -0.376208
v 0.155031 -0.444462 -0.387743
v 0.145903 -0.647554 -0.338348
v 0.218244 -0.807856 -0.341697
v 0.124878 -0.685338 -0.315464
v 0.079086 -0.548218 -0.362086
v 0.090165 -0.633449 -0.329170
v 0.274575 -0.511298 -0.363120
v 0.376172 -0.604407 -0.353518
v 0.319290 -0.482298 -0.355071
v 0.197540 -0.428581 -0.384103
v 0.276840 -0.444129 -0.364798
v 0.436365 -0.380515 -0.196086
v 0.446063 -0.330430 -0.113843
v 0.449588 -0.445989 -0.187301
v 0.449529 -0.391039 -0.097211
v 0.419488 -0.194183 -0.227403
v 0.452961 -0.155874 -0.165887
v 0.434458 -0.142830 -0.246844
v 0.471737 -0.110206 -0.189671
v 0.407131 -0.302308 -0.244853
v 0.436862 -0.436921 -0.236354
v 0.399001 -0.352469 -0.279041
v 0.452694 -0.217738 -0.100894
v 0.454856 -0.335917 -0.063856
v 0.462350 -0.223252 -0.053200
v 0.408152 -0.182993 -0.264652
v 0.387787 -0.286962 -0.279664
v 0.481647 -0.116690 -0.145957
v 0.475789 -0.171422 -0.075587
v 0.442219 -0.413927 0.255677
v 0.461172 -0.353086 0.154395
v 0.435816 -0.461131 0.226310
v 0.455117 -0.402559 0.124387
v 0.471678 -0.261762 0.311241
v 0.496652 -0.206325 0.220347
v 0.488273 -0.212935 0.322623
v 0.515161 -0.161514 0.236914
v 0.441382 -0.370934 0.343219
v 0.425551 -0.470625 0.301319
v 0.424148 -0.432784 0.395359
v 0.487525 -0.250446 0.149030
v 0.464278 -0.348822 0.096583
v 0.490309 -0.245959 0.096806
v 0.465528 -0.264614 0.366215
v 0.432837 -0.376946 0.408105
v 0.521058 -0.158494 0.189217
v 0.508078 -0.200673 0.120764
v 0.060085 -0.096319 0.901582
v -0.066178 -0.096562 0.900072
v 0.069846 -0.162891 0.947438
v -0.071831 -0.165568 0.949784
v 0.048419 0.075399 0.749315
v -0.054483 0.071925 0.747327
v 0.042665 0.105564 0.687330
v -0.049131 0.101428 0.686706
v 0.111784 -0.000797 0.820910
v 0.126512 -0.132510 0.899329
v 0.169775 -0.035856 0.819317
v -0.116684 -0.001692 0.819575
v -0.126992 -0.133149 0.895066
v -0.171938 -0.036061 0.817060
v 0.093646 0.090320 0.708213
v 0.159033 0.021003 0.773739
v -0.098530 0.085215 0.706362
v -0.161604 0.019751 0.771874
v 0.360271 -0.381067 0.741265
v 0.330338 -0.278827 0.772554
v 0.339421 -0.432103 0.784811
v 0.295466 -0.319583 0.815427
v 0.418512 -0.239580 0.573267
v 0.399468 -0.162156 0.608454
v 0.441092 -0.195994 0.520285
v 0.425165 -0.126309 0.556627
v 0.393054 -0.352085 0.640966
v 0.359201 -0.458006 0.752543
v 0.382171 -0.423864 0.654857
v 0.434470 -0.252977 0.524918
v 0.403981 -0.367377 0.590577
v 0.348548 -0.171973 0.705634
v 0.291519 -0.245029 0.813684
v 0.318845 -0.139659 0.748836
v 0.399559 -0.105364 0.595851
v 0.342520 -0.109814 0.687964
v -0.362228 -0.395877 0.735974
v -0.324267 -0.285309 0.778605
v -0.344418 -0.450229 0.794527
v -0.293663 -0.326781 0.824464
v -0.413803 -0.244324 0.569866
v -0.394279 -0.165867 0.610250
v -0.433228 -0.199075 0.519035
v -0.417942 -0.129211 0.558505
v -0.399401 -0.359345 0.625630
v -0.378648 -0.481657 0.745502
v -0.399417 -0.429807 0.622591
v -0.430859 -0.255862 0.520422
v -0.411973 -0.369049 0.568359
v -0.347989 -0.174608 0.713889
v -0.288475 -0.250232 0.821483
v -0.315997 -0.140227 0.756081
v -0.393765 -0.108461 0.598718
v -0.339886 -0.111894 0.693417
v 0.243315 0.155206 0.467368
v 0.226039 0.122048 0.533445
v 0.203824 0.163836 0.476249
v 0.184120 0.135743 0.537738
v 0.359852 0.109141 0.430441
v 0.351329 0.063530 0.499700
v 0.398861 0.090602 0.414893
v 0.391328 0.044208 0.481985
v 0.309414 0.152014 0.419252
v 0.232805 0.168279 0.443832
v 0.299021 0.168647 0.396250
v 0.384368 0.119852 0.390502
v 0.336216 0.161313 0.382873
v 0.283707 0.071026 0.560405
v 0.196684 0.112330 0.574288
v 0.255947 0.058236 0.608311
v 0.367209 0.027993 0.527614
v 0.299880 0.033875 0.595495
v -0.251238 0.163331 0.480036
v -0.232211 0.125706 0.542991
v -0.209211 0.169404 0.487945
v -0.190359 0.142541 0.547258
v -0.365109 0.111566 0.439023
v -0.350612 0.064870 0.505481
v -0.401598 0.094086 0.421218
v -0.388337 0.045505 0.485996
v -0.318599 0.157456 0.431633
v -0.238810 0.174113 0.456343
v -0.307839 0.172917 0.409204
v -0.391030 0.122914 0.399582
v -0.345105 0.161860 0.394331
v -0.284790 0.070930 0.566008
v -0.201458 0.112166 0.581440
v -0.256914 0.056659 0.612714
v -0.364112 0.028424 0.532299
v -0.298824 0.033194 0.599627
v 0.047236 0.011165 -0.632075
v -0.042577 0.012815 -0.631345
v 0.043491 -0.015447 -0.539494
v -0.035444 -0.013624 -0.543118
v 0.056673 0.112195 -0.856139
v -0.071489 0.124249 -0.854411
v 0.055219 0.186335 -0.873043
v -0.078046 0.189920 -0.878423
v 0.107725 0.029911 -0.781686
v 0.087220 -0.000583 -0.584452
v 0.152040 -0.005869 -0.732926
v -0.110054 0.046049 -0.770866
v -0.079404 0.001781 -0.585525
v -0.147010 0.021612 -0.725981
v 0.115519 0.146865 -0.867273
v 0.168995 0.011830 -0.836531
v -0.141964 0.154383 -0.879293
v -0.171793 0.050466 -0.818500
v 0.221005 -0.200853 -0.414899
v 0.203565 -0.111052 -0.450090
v 0.185074 -0.231078 -0.424249
v 0.165010 -0.142634 -0.454053
v 0.326810 -0.106236 -0.381791
v 0.328386 -0.033189 -0.453856
v 0.367274 -0.078643 -0.378782
v 0.368857 -0.014342 -0.452024
v 0.281152 -0.196635 -0.378648
v 0.214255 -0.260119 -0.406072
v 0.278110 -0.257313 -0.373455
v 0.346173 -0.127985 -0.349303
v 0.307831 -0.222343 -0.355135
v 0.265029 -0.027266 -0.491231
v 0.176143 -0.079100 -0.474309
v 0.240991 -0.003805 -0.540799
v 0.348098 0.006964 -0.498982
v 0.285635 0.009552 -0.554384
v -0.208105 -0.203403 -0.419056
v -0.186217 -0.106829 -0.450866
v -0.171236 -0.234883 -0.426891
v -0.149189 -0.139815 -0.455716
v -0.312785 -0.104211 -0.383000
v -0.313355 -0.026652 -0.451628
v -0.349628 -0.076584 -0.373642
v -0.354195 -0.012907 -0.449873
v -0.272108 -0.199554 -0.385138
v -0.203681 -0.265195 -0.410478
v -0.270973 -0.263000 -0.379324
v -0.333714 -0.130616 -0.352072
v -0.300585 -0.227498 -0.360948
v -0.249300 -0.020875 -0.492720
v -0.159720 -0.072453 -0.474690
v -0.226865 -0.007131 -0.544035
v -0.335648 0.007424 -0.498666
v -0.272931 0.007208 -0.554647
v 0.336731 0.391344 -0.782145
v 0.325490 0.287210 -0.917840
v 0.303097 0.436627 -0.824780
v 0.261914 0.318263 -0.949790
v 0.422307 0.251781 -0.603767
v 0.406561 0.180587 -0.655994
v 0.441741 0.205284 -0.544399
v 0.423129 0.145771 -0.584635
v 0.382520 0.363788 -0.649632
v 0.323697 0.462544 -0.745565
v 0.364725 0.432343 -0.626939
v 0.428220 0.260637 -0.540993
v 0.387508 0.377015 -0.579185
v 0.372449 0.184226 -0.812614
v 0.273937 0.244940 -0.980258
v 0.345172 0.131846 -0.887988
v 0.395996 0.129002 -0.628061
v 0.351987 0.124046 -0.761792
v -0.347649 0.388879 -0.764394
v -0.360557 0.283028 -0.869855
v -0.312809 0.435887 -0.809179
v -0.309304 0.329567 -0.914494
v -0.416881 0.246781 -0.594163
v -0.399974 0.173605 -0.641528
v -0.442013 0.199948 -0.541432
v -0.422426 0.138348 -0.582255
v -0.379088 0.359969 -0.639873
v -0.329391 0.464573 -0.738278
v -0.361790 0.430789 -0.622623
v -0.431920 0.256075 -0.536521
v -0.383224 0.373184 -0.574454
v -0.369711 0.175011 -0.774216
v -0.327562 0.239509 -0.932345
v -0.345872 0.124924 -0.834497
v -0.394238 0.122960 -0.621440
v -0.347681 0.117370 -0.733847
v 0.600332 0.026658 -0.060114
v 0.595638 -0.005229 -0.059145
v 0.585569 0.028626 -0.112330
v 0.577534 -0.006687 -0.109834
v 0.610346 0.022302 0.081000
v 0.608225 -0.016533 0.085679
v 0.607337 0.019651 0.126411
v 0.604573 -0.020748 0.130273
v 0.607987 0.042790 0.008844
v 0.590676 0.051058 -0.088953
v 0.590006 0.075803 -0.017846
v 0.603422 0.041566 0.102317
v 0.589362 0.073732 0.028973
v 0.597463 -0.025941 0.018860
v 0.570103 -0.026140 -0.082681
v 0.567663 -0.054265 -0.005400
v 0.597356 -0.038023 0.111283
v 0.576163 -0.062168 0.043811
v -0.585905 0.038604 -0.042208
v -0.574518 0.002430 -0.039326
v -0.571215 0.041923 -0.090218
v -0.560194 0.002835 -0.086358
v -0.591612 0.033433 0.087998
v -0.586925 -0.008086 0.092574
v -0.587198 0.030572 0.130948
v -0.584669 -0.010137 0.134426
v -0.590116 0.057786 0.021102
v -0.577765 0.064061 -0.068501
v -0.577722 0.084559 -0.005252
v -0.585958 0.054219 0.107829
v -0.578646 0.081522 0.039635
v -0.581088 -0.019544 0.031121
v -0.552178 -0.019856 -0.061404
v -0.550801 -0.047567 0.012030
v -0.573677 -0.034475 0.116396
v -0.555267 -0.053755 0.055883
v -0.154001 0.364802 -0.061762
v -0.176515 0.334215 -0.008563
v -0.166076 0.525084 -0.233610
v -0.198039 0.560817 -0.272363
v -0.137024 0.341756 -0.013741
v -0.159241 0.591971 -0.275573
v -0.304506 0.262191 0.090253
v -0.339877 0.254159 0.085784
v -0.331316 0.241840 0.134114
v -0.293073 0.513896 -0.342010
v -0.297807 0.438725 -0.300989
v -0.313970 0.512762 -0.375454
v -0.384540 0.283509 -0.082841
v -0.393796 0.267020 -0.030045
v -0.419225 0.255422 -0.040528
v 0.170272 0.361481 -0.070763
v 0.190026 0.329991 -0.017903
v 0.177003 0.525990 -0.244104
v 0.202693 0.560042 -0.282337
v 0.153104 0.339741 -0.020117
v 0.168273 0.596413 -0.284979
v 0.304022 0.261692 0.077268
v 0.335280 0.256610 0.072416
v 0.325637 0.243974 0.120611
v 0.299006 0.503163 -0.323931
v 0.300895 0.433424 -0.299866
v 0.302051 0.509174 -0.367387
v 0.385453 0.290676 -0.091094
v 0.391108 0.272600 -0.039402
v 0.415969 0.261139 -0.049952
v -0.222874 -0.680637 0.085220
v -0.249543 -0.668358 0.160343
v -0.243211 -0.979163 -0.146217
v -0.304572 -0.959826 -0.234298
v -0.202481 -0.686982 0.174787
v -0.210666 -0.967809 -0.249595
v -0.369738 -0.574049 0.241247
v -0.400254 -0.538608 0.213025
v -0.386609 -0.542170 0.283715
v -0.449452 -0.652960 -0.251033
v -0.448903 -0.578021 -0.204646
v -0.438469 -0.573849 -0.264005
v -0.443271 -0.447547 -0.012025
v -0.441161 -0.446640 0.043270
v -0.447729 -0.393693 0.021454
v 0.221710 -0.674960 0.108482
v 0.242968 -0.665788 0.203517
v 0.239100 -0.982371 -0.135349
v 0.277809 -0.967271 -0.240809
v 0.192482 -0.687052 0.223001
v 0.194467 -0.949847 -0.234826
v 0.367478 -0.584272 0.281307
v 0.399477 -0.546716 0.235335
v 0.382944 -0.558637 0.323939
v 0.445813 -0.647930 -0.264088
v 0.450133 -0.576015 -0.217304
v 0.433797 -0.568531 -0.269442
v 0.448265 -0.447664 -0.023578
v 0.447840 -0.447841 0.033115
v 0.454539 -0.395274 0.009902
v -0.079436 -0.823408 0.734187
v -0.005459 -0.754820 0.702409
v -0.317396 -0.711118 0.838014
v -0.310904 -0.597570 0.830494
v -0.076370 -0.778223 0.652358
v -0.366712 -0.656187 0.802391
v 0.301667 -0.649784 0.797247
v 0.317694 -0.566042 0.830618
v 0.385450 -0.610190 0.784529
v 0.125427 -0.280639 0.895963
v 0.186936 -0.319920 0.875065
v -0.125194 -0.282456 0.895713
v -0.183551 -0.324654 0.868840
v 0.187310 -0.244624 0.878674
v -0.184755 -0.247232 0.877737
v -0.017363 0.197626 0.396557
v 0.026095 0.194173 0.395317
v -0.142707 0.190001 0.457348
v -0.156319 0.186627 0.475903
v 0.005112 0.206663 0.347082
v -0.185819 0.188087 0.447337
v 0.142274 0.185488 0.444347
v 0.153206 0.179812 0.463041
v 0.182644 0.183341 0.433314
v 0.074817 0.133215 0.598564
v 0.108827 0.141861 0.565974
v -0.082094 0.133601 0.602233
v -0.116194 0.142426 0.574955
v 0.119067 0.118963 0.610662
v -0.125217 0.117821 0.615193
v -0.017735 -0.466758 -0.390927
v 0.025431 -0.465158 -0.391017
v -0.123950 -0.365054 -0.414473
v -0.130305 -0.315186 -0.424939
v 0.003680 -0.507963 -0.376060
v -0.162502 -0.347048 -0.409555
v 0.134610 -0.360821 -0.415145
v 0.142176 -0.311658 -0.424588
v 0.172453 -0.342000 -0.409160
v 0.070600 -0.114319 -0.487522
v 0.098898 -0.146609 -0.471505
v -0.059524 -0.111515 -0.491262
v -0.086782 -0.142073 -0.475563
v 0.107722 -0.079509 -0.492803
v -0.095644 -0.075567 -0.495876
v -0.032586 0.796516 -0.709942
v 0.051188 0.803109 -0.717872
v -0.245270 0.639801 -0.779344
v -0.258123 0.557533 -0.802711
v 0.010124 0.838578 -0.662125
v -0.294073 0.598015 -0.756209
v 0.250223 0.636416 -0.772812
v 0.257953 0.559009 -0.807781
v 0.283373 0.587944 -0.745824
v 0.114926 0.294271 -0.890507
v 0.166887 0.328701 -0.899171
v -0.142624 0.296388 -0.906750
v -0.197540 0.334329 -0.920583
v 0.177255 0.256025 -0.900611
v -0.218373 0.256839 -0.928823
v 0.482284 0.163520 -0.392733
v 0.473738 0.163513 -0.443243
v 0.543220 0.082703 -0.222201
v 0.559241 0.051616 -0.191857
v 0.460146 0.211704 -0.435464
v 0.557889 0.084563 -0.170798
v 0.439494 -0.083130 -0.303700
v 0.424266 -0.069378 -0.337878
v 0.522765 -0.040147 -0.200305
v 0.544259 -0.022703 -0.179919
v 0.402728 -0.114292 -0.312861
v 0.531585 -0.045326 -0.153138
v 0.426572 0.038567 -0.476131
v 0.436813 0.073866 -0.503492
v 0.403593 0.061010 -0.527975
v 0.476731 0.094109 0.319650
v 0.457301 0.084782 0.358552
v 0.563367 0.064186 0.206155
v 0.589543 0.037734 0.188584
v 0.442421 0.112654 0.335878
v 0.575029 0.066432 0.164262
v 0.495822 -0.166425 0.379307
v 0.483691 -0.162691 0.426452
v 0.562061 -0.079631 0.222599
v 0.583774 -0.047277 0.196711
v 0.471214 -0.212410 0.423890
v 0.567740 -0.076940 0.179580
v 0.454880 -0.047427 0.498263
v 0.444556 -0.009174 0.481194
v 0.420674 -0.030345 0.528043
v -0.476998 0.166229 -0.384138
v -0.471897 0.160413 -0.439394
v -0.536988 0.096807 -0.200384
v -0.548110 0.068249 -0.168979
v -0.458229 0.210417 -0.430450
v -0.550808 0.095070 -0.149257
v -0.417597 -0.081173 -0.289300
v -0.401981 -0.067360 -0.326481
v -0.502850 -0.040337 -0.176625
v -0.527825 -0.018058 -0.156533
v -0.382755 -0.113175 -0.302784
v -0.514259 -0.042915 -0.130611
v -0.420170 0.034122 -0.479540
v -0.437359 0.065333 -0.509431
v -0.399667 0.055817 -0.530429
v -0.482375 0.102268 0.326464
v -0.459716 0.089285 0.364242
v -0.558476 0.069908 0.209221
v -0.576980 0.047525 0.191182
v -0.449593 0.118823 0.343804
v -0.570122 0.073770 0.169669
v -0.482789 -0.166593 0.383772
v -0.469572 -0.163234 0.428246
v -0.543767 -0.075967 0.228751
v -0.565378 -0.041286 0.201784
v -0.461851 -0.213075 0.423983
v -0.548173 -0.072828 0.184624
v -0.446133 -0.048747 0.501210
v -0.437054 -0.008941 0.484902
v -0.413390 -0.031822 0.531409
v -0.013878 0.300358 0.083194
v 0.029355 0.300039 0.082244
v 0.007371 0.275707 0.136348
v -0.024947 0.763204 -0.364311
v 0.038360 0.772646 -0.366740
v 0.005984 0.806374 -0.427678
v -0.345857 0.195379 0.304636
v -0.322338 0.187474 0.346397
v -0.359358 0.183643 0.331664
v -0.343491 0.528104 -0.469979
v -0.348742 0.519904 -0.535222
v -0.354492 0.450227 -0.493929
v -0.525606 0.168507 0.002863
v -0.545245 0.142530 -0.014546
v -0.544590 0.137691 0.031545
v 0.334656 0.193251 0.290515
v 0.312722 0.187141 0.332740
v 0.348462 0.181979 0.319272
v 0.375830 0.531631 -0.468721
v 0.361592 0.528037 -0.529076
v 0.366278 0.452723 -0.492687
v 0.524103 0.170080 -0.004924
v 0.547863 0.142787 -0.025192
v 0.545420 0.137673 0.022189
v -0.052704 -0.721654 0.384714
v 0.007182 -0.722983 0.407075
v -0.029307 -0.737085 0.468803
v -0.032965 -0.673778 -0.270238
v 0.039593 -0.671431 -0.267753
v 0.001902 -0.653982 -0.299104
v -0.403552 -0.483804 0.482466
v -0.401951 -0.494741 0.548760
v -0.413849 -0.429664 0.497926
v -0.348714 -0.382289 -0.336033
v -0.310726 -0.354099 -0.358261
v -0.338492 -0.316130 -0.335754
v -0.481266 -0.176739 0.037310
v -0.498334 -0.126662 0.014057
v -0.505522 -0.136891 0.059019
v 0.385499 -0.515253 0.533612
v 0.374058 -0.517334 0.609534
v 0.401655 -0.445341 0.536183
v 0.353139 -0.381325 -0.342581
v 0.313699 -0.349225 -0.355593
v 0.340917 -0.311610 -0.333645
v 0.499233 -0.183618 0.022400
v 0.514859 -0.132479 -0.002432
v 0.525276 -0.143990 0.045528
v 0.264109 -0.045397 0.750293
v 0.244081 0.002143 0.704711
v 0.292625 -0.024382 0.689953
v -0.262181 -0.044196 0.753326
v -0.243689 0.002251 0.707466
v -0.289124 -0.025051 0.692301
v 0.236817 0.024371 -0.694643
v 0.260839 0.047126 -0.796789
v 0.285362 0.049244 -0.704300
v -0.227784 0.004715 -0.699475
v -0.260579 0.039840 -0.791428
v -0.279559 0.037766 -0.697388
f 1 647 644
f 1 644 643
f 1 643 645
f 1 645 646
f 1 646 647
f 2 649 652
f 6 672 670
f 12 702 699
f 11 696 695
f 8 679 681
f 4 662 659
f 4 659 658
f 4 658 660
f 4 660 661
f 4 661 662
f 5 666 665
f 3 654 657
f 7 673 677
f 9 685 686
f 10 692 688
f 12 701 698
f 6 669 668
f 2 650 648
f 8 682 678
f 11 697 693
f 6 671 669
f 12 700 701
f 11 694 697
f 8 680 682
f 2 651 650
f 10 690 689
f 5 663 664
f 3 655 653
f 7 676 674
f 9 687 684
f 10 691 690
f 5 667 663
f 3 656 655
f 7 675 676
f 9 683 687
f 6 668 672
f 2 648 649
f 8 678 679
f 11 693 696
f 12 698 702
f 10 688 691
f 5 665 667
f 3 657 656
f 7 677 675
f 9 686 683
f 5 664 666
f 3 653 654
f 7 674 673
f 9 684 685
f 10 689 692
f 6 670 671
f 12 699 700
f 11 695 694
f 8 681 680
f 2 652 651
f 35 837 838
f 18 735 736
f 19 742 741
f 40 868 867
f 42 880 879
f 34 832 831
f 33 827 828
f 25 778 780
f 36 844 846
f 20 749 747
f 32 819 820
f 23 765 767
f 24 773 771
f 37 850 849
f 41 876 875
f 34 833 834
f 33 826 825
f 25 779 777
f 36 845 843
f 20 748 750
f 17 729 727
f 14 711 709
f 13 706 703
f 15 718 715
f 16 724 721
f 18 737 733
f 35 839 835
f 42 882 878
f 40 870 866
f 19 744 740
f 30 807 805
f 27 789 787
f 22 762 758
f 28 797 793
f 29 802 799
f 32 821 817
f 23 766 763
f 24 774 770
f 37 852 848
f 41 874 872
f 35 838 836
f 18 736 734
f 19 741 739
f 40 867 865
f 42 879 877
f 34 831 829
f 33 828 824
f 25 780 776
f 36 846 842
f 20 747 745
f 32 820 818
f 23 767 764
f 24 771 769
f 37 849 847
f 41 875 871
f 34 834 830
f 33 825 823
f 25 777 775
f 36 843 841
f 20 750 746
f 14 714 710
f 13 707 704
f 15 719 716
f 16 725 722
f 17 732 728
f 21 755 752
f 31 814 811
f 26 784 781
f 38 857 853
f 39 862 860
f 27 792 788
f 22 759 757
f 28 796 794
f 29 803 800
f 30 810 806
f 31 815 812
f 26 785 782
f 38 856 854
f 39 863 859
f 21 754 751
f 14 712 714
f 13 705 707
f 15 717 719
f 16 723 725
f 17 730 732
f 21 753 755
f 31 816 814
f 26 786 784
f 38 858 857
f 39 861 862
f 27 791 792
f 22 761 759
f 28 795 796
f 29 801 803
f 30 808 810
f 31 813 815
f 26 783 785
f 38 855 856
f 39 864 863
f 21 756 754
f 14 709 712
f 13 703 705
f 15 715 717
f 16 721 723
f 17 727 730
f 21 751 753
f 31 812 816
f 26 782 786
f 38 854 858
f 39 859 861
f 27 787 791
f 22 758 761
f 28 793 795
f 29 799 801
f 30 805 808
f 31 811 813
f 26 781 783
f 38 853 855
f 39 860 864
f 21 752 756
f 17 728 731
f 14 710 713
f 13 704 708
f 15 716 720
f 16 722 726
f 18 734 738
f 35 836 840
f 42 877 881
f 40 865 869
f 19 739 743
f 30 806 809
f 27 788 790
f 22 757 760
f 28 794 798
f 29 800 804
f 32 818 822
f 23 764 768
f 24 769 772
f 37 847 851
f 41 871 873
f 35 835 837
f 18 733 735
f 19 740 742
f 40 866 868
f 42 878 880
f 34 830 832
f 33 823 827
f 25 775 778
f 36 841 844
f 20 746 749
f 32 817 819
f 23 763 765
f 24 770 773
f 37 848 850
f 41 872 876
f 34 829 833
f 33 824 826
f 25 776 779
f 36 842 845
f 20 745 748
f 17 731 729
f 14 713 711
f 13 708 706
f 15 720 718
f 16 726 724
f 18 738 737
f 35 840 839
f 42 881 882
f 40 869 870
f 19 743 744
f 30 809 807
f 27 790 789
f 22 760 762
f 28 798 797
f 29 804 802
f 32 822 821
f 23 768 766
f 24 772 774
f 37 851 852
f 41 873 874
f 107 1269 1270
f 103 1245 1246
f 104 1252 1251
f 110 1288 1287
f 113 1306 1305
f 118 1336 1335
f 154 1551 1552
f 141 1473 1474
f 162 1599 1600
f 121 1354 1353
f 142 1479 1480
f 129 1401 1402
f 130 1408 1407
f 144 1492 1491
f 146 1504 1503
f 151 1533 1534
f 131 1414 1413
f 136 1444 1443
f 161 1594 1593
f 126 1383 1384
f 116 1323 1324
f 108 1275 1276
f 106 1263 1264
f 112 1299 1300
f 115 1317 1318
f 119 1341 1342
f 156 1564 1563
f 139 1462 1461
f 160 1588 1587
f 120 1347 1348
f 149 1521 1522
f 132 1420 1419
f 128 1395 1396
f 145 1497 1498
f 148 1515 1516
f 155 1557 1558
f 133 1425 1426
f 134 1431 1432
f 157 1570 1569
f 124 1372 1371
f 109 1282 1281
f 105 1258 1257
f 111 1294 1293
f 114 1312 1311
f 117 1330 1329
f 125 1378 1377
f 152 1540 1539
f 137 1449 1450
f 158 1575 1576
f 123 1365 1366
f 143 1486 1485
f 127 1390 1389
f 135 1437 1438
f 147 1510 1509
f 150 1528 1527
f 153 1546 1545
f 140 1468 1467
f 138 1455 1456
f 159 1581 1582
f 122 1359 1360
f 107 1272 1271
f 103 1248 1247
f 104 1253 1254
f 110 1289 1290
f 113 1307 1308
f 118 1337 1338
f 154 1554 1553
f 141 1476 1475
f 162 1602 1601
f 121 1355 1356
f 142 1482 1481
f 129 1404 1403
f 130 1409 1410
f 144 1493 1494
f 146 1505 1506
f 151 1536 1535
f 131 1415 1416
f 136 1445 1446
f 161 1595 1596
f 126 1386 1385
f 47 909 907
f 44 891 889
f 43 886 883
f 45 898 895
f 46 904 901
f 49 922 919
f 72 1060 1057
f 102 1240 1237
f 96 1204 1201
f 79 1102 1099
f 62 999 997
f 59 981 979
f 58 976 973
f 60 988 985
f 61 994 991
f 66 1024 1021
f 54 952 949
f 73 1066 1063
f 85 1138 1135
f 92 1179 1177
f 101 1233 1231
f 69 1041 1039
f 50 927 925
f 82 1119 1117
f 97 1209 1207
f 71 1053 1051
f 100 1228 1225
f 94 1192 1189
f 80 1108 1105
f 51 933 931
f 90 1167 1165
f 63 1005 1003
f 55 957 955
f 76 1083 1081
f 87 1150 1147
f 91 1174 1171
f 67 1029 1027
f 56 963 961
f 75 1077 1075
f 83 1126 1123
f 68 1036 1033
f 48 915 913
f 78 1095 1093
f 93 1185 1183
f 98 1216 1213
f 88 1155 1153
f 65 1018 1015
f 57 970 967
f 77 1090 1087
f 86 1143 1141
f 64 1012 1009
f 53 945 943
f 74 1071 1069
f 84 1131 1129
f 89 1162 1159
f 70 1047 1045
f 99 1221 1219
f 95 1197 1195
f 81 1114 1111
f 52 940 937
f 109 1284 1280
f 105 1260 1256
f 111 1296 1292
f 114 1314 1310
f 117 1332 1328
f 125 1380 1376
f 152 1542 1538
f 137 1451 1447
f 158 1577 1573
f 123 1367 1363
f 143 1488 1484
f 127 1392 1388
f 135 1439 1435
f 147 1512 1508
f 150 1530 1526
f 153 1548 1544
f 140 1470 1466
f 138 1457 1453
f 159 1583 1579
f 122 1361 1357
f 107 1270 1268
f 103 1246 1244
f 104 1251 1249
f 110 1287 1285
f 113 1305 1303
f 118 1335 1333
f 154 1552 1550
f 141 1474 1472
f 162 1600 1598
f 121 1353 1351
f 142 1480 1478
f 129 1402 1400
f 130 1407 1405
f 144 1491 1489
f 146 1503 1501
f 151 1534 1532
f 131 1413 1411
f 136 1443 1441
f 161 1593 1591
f 126 1384 1382
f 116 1324 1322
f 108 1276 1274
f 106 1264 1262
f 112 1300 1298
f 115 1318 1316
f 119 1342 1340
f 156 1563 1561
f 139 1461 1459
f 160 1587 1585
f 120 1348 1346
f 149 1522 1520
f 132 1419 1417
f 128 1396 1394
f 145 1498 1496
f 148 1516 1514
f 155 1558 1556
f 133 1426 1424
f 134 1432 1430
f 157 1569 1567
f 124 1371 1369
f 109 1281 1279
f 105 1257 1255
f 111 1293 1291
f 114 1311 1309
f 117 1329 1327
f 125 1377 1375
f 152 1539 1537
f 137 1450 1448
f 158 1576 1574
f 123 1366 1364
f 143 1485 1483
f 127 1389 1387
f 135 1438 1436
f 147 1509 1507
f 150 1527 1525
f 153 1545 1543
f 140 1467 1465
f 138 1456 1454
f 159 1582 1580
f 122 1360 1358
f 107 1271 1267
f 103 1247 1243
f 104 1254 1250
f 110 1290 1286
f 113 1308 1304
f 118 1338 1334
f 154 1553 1549
f 141 1475 1471
f 162 1601 1597
f 121 1356 1352
f 142 1481 1477
f 129 1403 1399
f 130 1410 1406
f 144 1494 1490
f 146 1506 1502
f 151 1535 1531
f 131 1416 1412
f 136 1446 1442
f 161 1596 1592
f 126 1385 1381
f 44 894 890
f 43 887 884
f 45 899 896
f 46 905 902
f 47 912 908
f 52 941 938
f 70 1050 1046
f 99 1224 1220
f 95 1200 1196
f 81 1115 1112
f 59 984 980
f 58 977 974
f 60 989 986
f 61 995 992
f 62 1002 998
f 65 1019 1016
f 57 971 968
f 77 1091 1088
f 86 1146 1142
f 88 1158 1154
f 98 1217 1214
f 68 1037 1034
f 48 918 914
f 78 1098 1094
f 93 1188 1184
f 69 1044 1040
f 101 1236 1232
f 97 1212 1208
f 82 1122 1118
f 50 930 926
f 89 1163 1160
f 64 1013 1010
f 53 948 944
f 74 1074 1070
f 84 1134 1130
f 90 1170 1166
f 63 1008 1004
f 55 960 956
f 76 1086 1082
f 87 1151 1148
f 72 1061 1058
f 49 923 920
f 79 1103 1100
f 96 1205 1202
f 102 1241 1238
f 91 1175 1172
f 67 1032 1028
f 56 966 962
f 75 1080 1076
f 83 1127 1124
f 66 1025 1022
f 54 953 950
f 73 1067 1064
f 85 1139 1136
f 92 1182 1178
f 71 1056 1052
f 100 1229 1226
f 94 1193 1190
f 80 1109 1106
f 51 936 932
f 116 1325 1321
f 108 1277 1273
f 106 1265 1261
f 112 1301 1297
f 115 1319 1315
f 119 1343 1339
f 156 1566 1562
f 139 1464 1460
f 160 1590 1586
f 120 1349 1345
f 149 1523 1519
f 132 1422 1418
f 128 1397 1393
f 145 1499 1495
f 148 1517 1513
f 155 1559 1555
f 133 1427 1423
f 134 1433 1429
f 157 1572 1568
f 124 1374 1370
f 44 892 894
f 43 885 887
f 45 897 899
f 46 903 905
f 47 910 912
f 52 939 941
f 70 1048 1050
f 99 1222 1224
f 95 1198 1200
f 81 1113 1115
f 59 982 984
f 58 975 977
f 60 987 989
f 61 993 995
f 62 1000 1002
f 65 1017 1019
f 57 969 971
f 77 1089 1091
f 86 1144 1146
f 88 1156 1158
f 98 1215 1217
f 68 1035 1037
f 48 916 918
f 78 1096 1098
f 93 1186 1188
f 69 1042 1044
f 101 1234 1236
f 97 1210 1212
f 82 1120 1122
f 50 928 930
f 89 1161 1163
f 64 1011 1013
f 53 946 948
f 74 1072 1074
f 84 1132 1134
f 90 1168 1170
f 63 1006 1008
f 55 958 960
f 76 1084 1086
f 87 1149 1151
f 72 1059 1061
f 49 921 923
f 79 1101 1103
f 96 1203 1205
f 102 1239 1241
f 91 1173 1175
f 67 1030 1032
f 56 964 966
f 75 1078 1080
f 83 1125 1127
f 66 1023 1025
f 54 951 953
f 73 1065 1067
f 85 1137 1139
f 92 1180 1182
f 71 1054 1056
f 100 1227 1229
f 94 1191 1193
f 80 1107 1109
f 51 934 936
f 116 1326 1325
f 108 1278 1277
f 106 1266 1265
f 112 1302 1301
f 115 1320 1319
f 119 1344 1343
f 156 1565 1566
f 139 1463 1464
f 160 1589 1590
f 120 1350 1349
f 149 1524 1523
f 132 1421 1422
f 128 1398 1397
f 145 1500 1499
f 148 1518 1517
f 155 1560 1559
f 133 1428 1427
f 134 1434 1433
f 157 1571 1572
f 124 1373 1374
f 44 889 892
f 43 883 885
f 45 895 897
f 46 901 903
f 47 907 910
f 52 937 939
f 70 1045 1048
f 99 1219 1222
f 95 1195 1198
f 81 1111 1113
f 59 979 982
f 58 973 975
f 60 985 987
f 61 991 993
f 62 997 1000
f 65 1015 1017
f 57 967 969
f 77 1087 1089
f 86 1141 1144
f 88 1153 1156
f 98 1213 1215
f 68 1033 1035
f 48 913 916
f 78 1093 1096
f 93 1183 1186
f 69 1039 1042
f 101 1231 1234
f 97 1207 1210
f 82 1117 1120
f 50 925 928
f 89 1159 1161
f 64 1009 1011
f 53 943 946
f 74 1069 1072
f 84 1129 1132
f 90 1165 1168
f 63 1003 1006
f 55 955 958
f 76 1081 1084
f 87 1147 1149
f 72 1057 1059
f 49 919 921
f 79 1099 1101
f 96 1201 1203
f 102 1237 1239
f 91 1171 1173
f 67 1027 1030
f 56 961 964
f 75 1075 1078
f 83 1123 1125
f 66 1021 1023
f 54 949 951
f 73 1063 1065
f 85 1135 1137
f 92 1177 1180
f 71 1051 1054
f 100 1225 1227
f 94 1189 1191
f 80 1105 1107
f 51 931 934
f 116 1322 1326
f 108 1274 1278
f 106 1262 1266
f 112 1298 1302
f 115 1316 1320
f 119 1340 1344
f 156 1561 1565
f 139 1459 1463
f 160 1585 1589
f 120 1346 1350
f 149 1520 1524
f 132 1417 1421
f 128 1394 1398
f 145 1496 1500
f 148 1514 1518
f 155 1556 1560
f 133 1424 1428
f 134 1430 1434
f 157 1567 1571
f 124 1369 1373
f 47 908 911
f 44 890 893
f 43 884 888
f 45 896 900
f 46 902 906
f 49 920 924
f 72 1058 1062
f 102 1238 1242
f 96 1202 1206
f 79 1100 1104
f 62 998 1001
f 59 980 983
f 58 974 978
f 60 986 990
f 61 992 996
f 66 1022 1026
f 54 950 954
f 73 1064 1068
f 85 1136 1140
f 92 1178 1181
f 101 1232 1235
f 69 1040 1043
f 50 926 929
f 82 1118 1121
f 97 1208 1211
f 71 1052 1055
f 100 1226 1230
f 94 1190 1194
f 80 1106 1110
f 51 932 935
f 90 1166 1169
f 63 1004 1007
f 55 956 959
f 76 1082 1085
f 87 1148 1152
f 91 1172 1176
f 67 1028 1031
f 56 962 965
f 75 1076 1079
f 83 1124 1128
f 68 1034 1038
f 48 914 917
f 78 1094 1097
f 93 1184 1187
f 98 1214 1218
f 88 1154 1157
f 65 1016 1020
f 57 968 972
f 77 1088 1092
f 86 1142 1145
f 64 1010 1014
f 53 944 947
f 74 1070 1073
f 84 1130 1133
f 89 1160 1164
f 70 1046 1049
f 99 1220 1223
f 95 1196 1199
f 81 1112 1116
f 52 938 942
f 109 1279 1283
f 105 1255 1259
f 111 1291 1295
f 114 1309 1313
f 117 1327 1331
f 125 1375 1379
f 152 1537 1541
f 137 1448 1452
f 158 1574 1578
f 123 1364 1368
f 143 1483 1487
f 127 1387 1391
f 135 1436 1440
f 147 1507 1511
f 150 1525 1529
f 153 1543 1547
f 140 1465 1469
f 138 1454 1458
f 159 1580 1584
f 122 1358 1362
f 107 1267 1269
f 103 1243 1245
f 104 1250 1252
f 110 1286 1288
f 113 1304 1306
f 118 1334 1336
f 154 1549 1551
f 141 1471 1473
f 162 1597 1599
f 121 1352 1354
f 142 1477 1479
f 129 1399 1401
f 130 1406 1408
f 144 1490 1492
f 146 1502 1504
f 151 1531 1533
f 131 1412 1414
f 136 1442 1444
f 161 1592 1594
f 126 1381 1383
f 116 1321 1323
f 108 1273 1275
f 106 1261 1263
f 112 1297 1299
f 115 1315 1317
f 119 1339 1341
f 156 1562 1564
f 139 1460 1462
f 160 1586 1588
f 120 1345 1347
f 149 1519 1521
f 132 1418 1420
f 128 1393 1395
f 145 1495 1497
f 148 1513 1515
f 155 1555 1557
f 133 1423 1425
f 134 1429 1431
f 157 1568 1570
f 124 1370 1372
f 109 1280 1282
f 105 1256 1258
f 111 1292 1294
f 114 1310 1312
f 117 1328 1330
f 125 1376 1378
f 152 1538 1540
f 137 1447 1449
f 158 1573 1575
f 123 1363 1365
f 143 1484 1486
f 127 1388 1390
f 135 1435 1437
f 147 1508 1510
f 150 1526 1528
f 153 1544 1546
f 140 1466 1468
f 138 1453 1455
f 159 1579 1581
f 122 1357 1359
f 107 1268 1272
f 103 1244 1248
f 104 1249 1253
f 110 1285 1289
f 113 1303 1307
f 118 1333 1337
f 154 1550 1554
f 141 1472 1476
f 162 1598 1602
f 121 1351 1355
f 142 1478 1482
f 129 1400 1404
f 130 1405 1409
f 144 1489 1493
f 146 1501 1505
f 151 1532 1536
f 131 1411 1415
f 136 1441 1445
f 161 1591 1595
f 126 1382 1386
f 47 911 909
f 44 893 891
f 43 888 886
f 45 900 898
f 46 906 904
f 49 924 922
f 72 1062 1060
f 102 1242 1240
f 96 1206 1204
f 79 1104 1102
f 62 1001 999
f 59 983 981
f 58 978 976
f 60 990 988
f 61 996 994
f 66 1026 1024
f 54 954 952
f 73 1068 1066
f 85 1140 1138
f 92 1181 1179
f 101 1235 1233
f 69 1043 1041
f 50 929 927
f 82 1121 1119
f 97 1211 1209
f 71 1055 1053
f 100 1230 1228
f 94 1194 1192
f 80 1110 1108
f 51 935 933
f 90 1169 1167
f 63 1007 1005
f 55 959 957
f 76 1085 1083
f 87 1152 1150
f 91 1176 1174
f 67 1031 1029
f 56 965 963
f 75 1079 1077
f 83 1128 1126
f 68 1038 1036
f 48 917 915
f 78 1097 1095
f 93 1187 1185
f 98 1218 1216
f 88 1157 1155
f 65 1020 1018
f 57 972 970
f 77 1092 1090
f 86 1145 1143
f 64 1014 1012
f 53 947 945
f 74 1073 1071
f 84 1133 1131
f 89 1164 1162
f 70 1049 1047
f 99 1223 1221
f 95 1199 1197
f 81 1116 1114
f 52 942 940
f 109 1283 1284
f 105 1259 1260
f 111 1295 1296
f 114 1313 1314
f 117 1331 1332
f 125 1379 1380
f 152 1541 1542
f 137 1452 1451
f 158 1578 1577
f 123 1368 1367
f 143 1487 1488
f 127 1391 1392
f 135 1440 1439
f 147 1511 1512
f 150 1529 1530
f 153 1547 1548
f 140 1469 1470
f 138 1458 1457
f 159 1584 1583
f 122 1362 1361
f 407 1609 1616
f 403 1605 1608
f 404 1611 1606
f 410 1614 1612
f 413 1617 1615
f 422 1631 1624
f 486 1688 1692
f 573 1775 1782
f 561 1763 1765
f 512 1719 1714
f 452 1654 1661
f 448 1650 1653
f 449 1656 1651
f 455 1659 1657
f 458 1662 1660
f 470 1672 1675
f 437 1646 1639
f 494 1706 1696
f 531 1735 1733
f 539 1741 1751
f 568 1770 1779
f 478 1680 1683
f 419 1621 1626
f 509 1711 1721
f 554 1756 1766
f 482 1684 1689
f 576 1780 1778
f 558 1767 1760
f 516 1722 1718
f 425 1627 1629
f 542 1744 1747
f 463 1668 1665
f 434 1636 1641
f 497 1699 1704
f 528 1730 1737
f 546 1748 1750
f 464 1666 1676
f 440 1642 1644
f 500 1705 1702
f 524 1736 1726
f 479 1691 1681
f 418 1623 1620
f 508 1713 1710
f 553 1764 1755
f 569 1781 1771
f 538 1749 1740
f 471 1677 1673
f 443 1645 1647
f 501 1703 1707
f 523 1725 1734
f 467 1674 1669
f 433 1638 1635
f 493 1695 1698
f 527 1732 1729
f 543 1752 1745
f 485 1690 1687
f 572 1777 1774
f 557 1759 1762
f 515 1717 1720
f 428 1630 1632
f 591 2191 2189
f 587 1885 1883
f 588 1901 1903
f 594 2279 2281
f 597 2315 2317
f 600 2171 2173
f 634 2160 2158
f 619 2016 2012
f 639 2214 2210
f 602 1919 1924
f 624 2137 2135
f 608 1978 1973
f 610 1991 1996
f 627 2225 2227
f 630 2302 2304
f 635 2178 2176
f 615 2153 2155
f 617 2009 2014
f 637 2207 2212
f 604 1926 1922
f 416 1857 1864
f 408 1803 1810
f 406 1786 1795
f 412 1822 1831
f 415 1840 1849
f 424 1876 1887
f 492 2182 2193
f 582 2312 2321
f 565 2276 2285
f 514 1898 1907
f 461 2091 2098
f 453 2037 2044
f 451 1952 1961
f 457 2056 2067
f 460 2074 2083
f 475 2128 2139
f 439 1966 1975
f 496 1988 1997
f 533 2222 2231
f 551 2293 2298
f 579 2185 2190
f 483 1879 1884
f 426 1893 1900
f 521 2271 2278
f 566 2307 2314
f 489 2163 2170
f 578 2150 2159
f 560 2006 2015
f 518 2204 2213
f 429 1911 1918
f 547 2131 2136
f 465 1969 1977
f 441 1983 1990
f 504 2217 2224
f 537 2290 2301
f 550 2168 2177
f 476 2145 2152
f 444 2001 2008
f 502 2199 2206
f 526 1916 1925
f 481 1808 1817
f 420 1789 1797
f 510 1825 1833
f 555 1843 1851
f 571 1862 1871
f 540 1933 1941
f 473 2110 2119
f 447 2020 2029
f 507 2236 2247
f 534 2257 2262
f 469 2042 2051
f 435 1947 1954
f 498 2059 2064
f 529 2077 2085
f 545 2096 2105
f 487 2113 2121
f 574 2023 2031
f 562 2239 2244
f 520 2254 2265
f 432 1930 1939
f 589 1818 1814
f 583 1798 1793
f 586 1834 1829
f 593 1852 1847
f 596 1872 1868
f 599 1942 1937
f 633 2120 2124
f 620 2030 2034
f 640 2248 2250
f 603 2263 2261
f 622 2052 2050
f 607 1955 1960
f 612 2065 2063
f 626 2086 2081
f 629 2106 2102
f 631 2122 2117
f 614 2032 2027
f 618 2245 2243
f 641 2266 2268
f 605 1940 1944
f 409 1813 1804
f 405 1792 1785
f 411 1828 1821
f 414 1846 1839
f 417 1867 1858
f 431 1936 1929
f 488 2123 2114
f 575 2033 2024
f 563 2249 2240
f 519 2260 2253
f 454 2049 2038
f 450 1959 1951
f 456 2062 2055
f 459 2080 2073
f 462 2101 2092
f 472 2116 2109
f 446 2026 2019
f 506 2242 2235
f 535 2267 2258
f 541 1943 1934
f 570 1869 1861
f 480 1815 1807
f 421 1799 1790
f 511 1835 1826
f 556 1853 1844
f 484 1889 1880
f 580 2195 2186
f 567 2319 2308
f 522 2283 2272
f 427 1905 1894
f 544 2103 2095
f 468 2046 2041
f 436 1957 1948
f 499 2069 2060
f 530 2087 2078
f 548 2141 2132
f 466 1979 1970
f 442 1993 1984
f 505 2229 2218
f 536 2296 2289
f 491 2188 2181
f 423 1882 1875
f 513 1902 1897
f 564 2280 2275
f 581 2316 2311
f 549 2172 2167
f 477 2157 2146
f 445 2011 2002
f 503 2209 2200
f 525 1923 1915
f 474 2134 2127
f 438 1972 1965
f 495 1995 1987
f 532 2226 2221
f 552 2303 2294
f 490 2175 2164
f 577 2154 2149
f 559 2013 2005
f 517 2211 2203
f 430 1921 1912
f 590 1865 1870
f 584 1811 1816
f 585 1796 1800
f 592 1832 1836
f 595 1850 1854
f 598 1888 1890
f 636 2194 2196
f 621 2322 2320
f 642 2286 2284
f 601 1908 1906
f 623 2099 2104
f 611 2045 2047
f 609 1962 1958
f 625 2068 2070
f 628 2084 2088
f 632 2140 2142
f 613 1976 1980
f 616 1998 1994
f 638 2232 2230
f 606 2299 2297
f 407 2330 2329
f 403 2324 2323
f 404 2325 2326
f 410 2332 2333
f 413 2335 2336
f 422 2344 2345
f 486 2410 2409
f 573 2497 2496
f 561 2486 2485
f 512 2434 2435
f 452 2375 2374
f 448 2369 2368
f 449 2370 2371
f 455 2377 2378
f 458 2380 2381
f 470 2393 2392
f 437 2359 2360
f 494 2415 2416
f 531 2455 2456
f 539 2461 2460
f 568 2489 2488
f 478 2399 2398
f 419 2341 2340
f 509 2431 2430
f 554 2476 2475
f 482 2405 2404
f 576 2500 2501
f 558 2481 2482
f 516 2439 2440
f 425 2348 2347
f 542 2465 2464
f 463 2383 2384
f 434 2356 2355
f 497 2420 2419
f 528 2452 2451
f 546 2471 2470
f 464 2386 2385
f 440 2363 2362
f 500 2422 2423
f 524 2445 2446
f 479 2400 2401
f 418 2338 2339
f 508 2428 2429
f 553 2473 2474
f 569 2490 2491
f 538 2458 2459
f 471 2394 2395
f 443 2366 2365
f 501 2425 2424
f 523 2444 2443
f 467 2389 2390
f 433 2353 2354
f 493 2414 2413
f 527 2449 2450
f 543 2466 2467
f 485 2407 2408
f 572 2494 2495
f 557 2480 2479
f 515 2438 2437
f 428 2351 2350
f 591 2510 2511
f 587 2504 2505
f 588 2508 2507
f 594 2514 2513
f 597 2517 2516
f 600 2520 2519
f 634 2554 2556
f 619 2539 2540
f 639 2560 2561
f 602 2523 2521
f 624 2543 2544
f 608 2527 2529
f 610 2532 2530
f 627 2547 2546
f 630 2550 2549
f 635 2552 2553
f 615 2535 2534
f 617 2538 2536
f 637 2558 2557
f 604 2524 2525
f 167 1607 647
f 164 1603 644
f 163 1604 643
f 165 1610 645
f 166 1613 646
f 169 1622 649
f 192 1686 672
f 222 1773 702
f 216 1761 696
f 199 1712 679
f 182 1652 662
f 179 1648 659
f 178 1649 658
f 180 1655 660
f 181 1658 661
f 186 1670 666
f 174 1637 654
f 193 1694 673
f 205 1731 685
f 212 1739 692
f 221 1768 701
f 189 1678 669
f 170 1619 650
f 202 1709 682
f 217 1754 697
f 191 1682 671
f 220 1776 700
f 214 1758 694
f 200 1716 680
f 171 1625 651
f 210 1742 690
f 183 1663 663
f 175 1634 655
f 196 1697 676
f 207 1728 687
f 211 1746 691
f 187 1664 667
f 176 1640 656
f 195 1700 675
f 203 1724 683
f 188 1679 668
f 168 1618 648
f 198 1708 678
f 213 1753 693
f 218 1769 698
f 208 1738 688
f 185 1671 665
f 177 1643 657
f 197 1701 677
f 206 1723 686
f 184 1667 664
f 173 1633 653
f 194 1693 674
f 204 1727 684
f 209 1743 689
f 190 1685 670
f 219 1772 699
f 215 1757 695
f 201 1715 681
f 172 1628 652
f 357 2187 837
f 255 1881 735
f 262 1899 742
f 388 2277 868
f 400 2313 880
f 352 2169 832
f 347 2156 827
f 298 2010 778
f 364 2208 844
f 269 1917 749
f 339 2133 819
f 285 1971 765
f 293 1989 773
f 370 2223 850
f 396 2300 876
f 353 2174 833
f 346 2151 826
f 299 2007 779
f 365 2205 845
f 268 1920 748
f 249 1855 729
f 231 1801 711
f 226 1784 706
f 238 1820 718
f 244 1838 724
f 257 1874 737
f 359 2180 839
f 402 2310 882
f 390 2274 870
f 264 1896 744
f 327 2089 807
f 309 2035 789
f 282 1950 762
f 317 2054 797
f 322 2072 802
f 341 2126 821
f 286 1964 766
f 294 1986 774
f 372 2220 852
f 394 2291 874
f 358 2183 838
f 256 1877 736
f 261 1891 741
f 387 2269 867
f 399 2305 879
f 351 2161 831
f 348 2148 828
f 300 2004 780
f 366 2202 846
f 267 1909 747
f 340 2129 820
f 287 1967 767
f 291 1981 771
f 369 2215 849
f 395 2288 875
f 354 2166 834
f 345 2143 825
f 297 1999 777
f 363 2197 843
f 270 1914 750
f 234 1806 714
f 227 1787 707
f 239 1823 719
f 245 1841 725
f 252 1860 732
f 275 1931 755
f 334 2108 814
f 304 2018 784
f 377 2234 857
f 382 2255 862
f 312 2040 792
f 279 1945 759
f 316 2057 796
f 323 2075 803
f 330 2094 810
f 335 2111 815
f 305 2021 785
f 376 2237 856
f 383 2252 863
f 274 1928 754
f 232 1812 712
f 225 1791 705
f 237 1827 717
f 243 1845 723
f 250 1866 730
f 273 1935 753
f 336 2118 816
f 306 2028 786
f 378 2246 858
f 381 2259 861
f 311 2048 791
f 281 1953 761
f 315 2061 795
f 321 2079 801
f 328 2100 808
f 333 2115 813
f 303 2025 783
f 375 2241 855
f 384 2264 864
f 276 1938 756
f 229 1802 709
f 223 1783 703
f 235 1819 715
f 241 1837 721
f 247 1856 727
f 271 1927 751
f 332 2112 812
f 302 2022 782
f 374 2238 854
f 379 2251 859
f 307 2036 787
f 278 1949 758
f 313 2053 793
f 319 2071 799
f 325 2090 805
f 331 2107 811
f 301 2017 781
f 373 2233 853
f 380 2256 860
f 272 1932 752
f 248 1859 728
f 230 1805 710
f 224 1788 704
f 236 1824 716
f 242 1842 722
f 254 1878 734
f 356 2184 836
f 397 2306 877
f 385 2270 865
f 259 1892 739
f 326 2093 806
f 308 2039 788
f 277 1946 757
f 314 2058 794
f 320 2076 800
f 338 2130 818
f 284 1968 764
f 289 1982 769
f 367 2216 847
f 391 2287 871
f 355 2179 835
f 253 1873 733
f 260 1895 740
f 386 2273 866
f 398 2309 878
f 350 2165 830
f 343 2144 823
f 295 2000 775
f 361 2198 841
f 266 1913 746
f 337 2125 817
f 283 1963 763
f 290 1985 770
f 368 2219 848
f 392 2292 872
f 349 2162 829
f 344 2147 824
f 296 2003 776
f 362 2201 842
f 265 1910 745
f 251 1863 731
f 233 1809 713
f 228 1794 708
f 240 1830 720
f 246 1848 726
f 258 1886 738
f 360 2192 840
f 401 2318 881
f 389 2282 869
f 263 1904 743
f 329 2097 809
f 310 2043 790
f 280 1956 760
f 318 2066 798
f 324 2082 804
f 342 2138 822
f 288 1974 768
f 292 1992 772
f 371 2228 851
f 393 2295 873
f 409 2331 1269
f 405 2327 1245
f 411 2328 1252
f 414 2334 1288
f 417 2337 1306
f 431 2346 1336
f 488 2412 1551
f 575 2499 1473
f 563 2487 1599
f 519 2436 1354
f 454 2376 1479
f 450 2372 1401
f 456 2373 1408
f 459 2379 1492
f 462 2382 1504
f 472 2396 1533
f 446 2361 1414
f 506 2418 1444
f 535 2457 1594
f 541 2463 1383
f 570 2492 1323
f 480 2402 1275
f 421 2343 1263
f 511 2433 1299
f 556 2478 1317
f 484 2406 1341
f 580 2502 1564
f 567 2484 1462
f 522 2442 1588
f 427 2349 1347
f 544 2468 1521
f 468 2387 1420
f 436 2358 1395
f 499 2421 1497
f 530 2454 1515
f 548 2472 1557
f 466 2388 1425
f 442 2364 1431
f 505 2426 1570
f 536 2448 1372
f 491 2403 1282
f 423 2342 1258
f 513 2432 1294
f 564 2477 1312
f 581 2493 1330
f 549 2462 1378
f 477 2397 1540
f 445 2367 1449
f 503 2427 1575
f 525 2447 1365
f 474 2391 1486
f 438 2357 1390
f 495 2417 1437
f 532 2453 1510
f 552 2469 1528
f 490 2411 1546
f 577 2498 1468
f 559 2483 1455
f 517 2441 1581
f 430 2352 1359
f 590 2509 1272
f 584 2503 1248
f 585 2506 1253
f 592 2512 1289
f 595 2515 1307
f 598 2518 1337
f 636 2555 1554
f 621 2541 1476
f 642 2562 1602
f 601 2522 1355
f 623 2542 1482
f 611 2528 1404
f 609 2531 1409
f 625 2545 1493
f 628 2548 1505
f 632 2551 1536
f 613 2533 1415
f 616 2537 1445
f 638 2559 1595
f 606 2526 1386
f 407 1616 909
f 403 1608 891
f 404 1606 886
f 410 1612 898
f 413 1615 904
f 422 1624 922
f 486 1692 1060
f 573 1782 1240
f 561 1765 1204
f 512 1714 1102
f 452 1661 999
f 448 1653 981
f 449 1651 976
f 455 1657 988
f 458 1660 994
f 470 1675 1024
f 437 1639 952
f 494 1696 1066
f 531 1733 1138
f 539 1751 1179
f 568 1779 1233
f 478 1683 1041
f 419 1626 927
f 509 1721 1119
f 554 1766 1209
f 482 1689 1053
f 576 1778 1228
f 558 1760 1192
f 516 1718 1108
f 425 1629 933
f 542 1747 1167
f 463 1665 1005
f 434 1641 957
f 497 1704 1083
f 528 1737 1150
f 546 1750 1174
f 464 1676 1029
f 440 1644 963
f 500 1702 1077
f 524 1726 1126
f 479 1681 1036
f 418 1620 915
f 508 1710 1095
f 553 1755 1185
f 569 1771 1216
f 538 1740 1155
f 471 1673 1018
f 443 1647 970
f 501 1707 1090
f 523 1734 1143
f 467 1669 1012
f 433 1635 945
f 493 1698 1071
f 527 1729 1131
f 543 1745 1162
f 485 1687 1047
f 572 1774 1221
f 557 1762 1197
f 515 1720 1114
f 428 1632 940
f 591 2189 1284
f 587 1883 1260
f 588 1903 1296
f 594 2281 1314
f 597 2317 1332
f 600 2173 1380
f 634 2158 1542
f 619 2012 1451
f 639 2210 1577
f 602 1924 1367
f 624 2135 1488
f 608 1973 1392
f 610 1996 1439
f 627 2227 1512
f 630 2304 1530
f 635 2176 1548
f 615 2155 1470
f 617 2014 1457
f 637 2212 1583
f 604 1922 1361
f 416 1864 1270
f 408 1810 1246
f 406 1795 1251
f 412 1831 1287
f 415 1849 1305
f 424 1887 1335
f 492 2193 1552
f 582 2321 1474
f 565 2285 1600
f 514 1907 1353
f 461 2098 1480
f 453 2044 1402
f 451 1961 1407
f 457 2067 1491
f 460 2083 1503
f 475 2139 1534
f 439 1975 1413
f 496 1997 1443
f 533 2231 1593
f 551 2298 1384
f 579 2190 1324
f 483 1884 1276
f 426 1900 1264
f 521 2278 1300
f 566 2314 1318
f 489 2170 1342
f 578 2159 1563
f 560 2015 1461
f 518 2213 1587
f 429 1918 1348
f 547 2136 1522
f 465 1977 1419
f 441 1990 1396
f 504 2224 1498
f 537 2301 1516
f 550 2177 1558
f 476 2152 1426
f 444 2008 1432
f 502 2206 1569
f 526 1925 1371
f 481 1817 1281
f 420 1797 1257
f 510 1833 1293
f 555 1851 1311
f 571 1871 1329
f 540 1941 1377
f 473 2119 1539
f 447 2029 1450
f 507 2247 1576
f 534 2262 1366
f 469 2051 1485
f 435 1954 1389
f 498 2064 1438
f 529 2085 1509
f 545 2105 1527
f 487 2121 1545
f 574 2031 1467
f 562 2244 1456
f 520 2265 1582
f 432 1939 1360
f 589 1814 1271
f 583 1793 1247
f 586 1829 1254
f 593 1847 1290
f 596 1868 1308
f 599 1937 1338
f 633 2124 1553
f 620 2034 1475
f 640 2250 1601
f 603 2261 1356
f 622 2050 1481
f 607 1960 1403
f 612 2063 1410
f 626 2081 1494
f 629 2102 1506
f 631 2117 1535
f 614 2027 1416
f 618 2243 1446
f 641 2268 1596
f 605 1944 1385
f 409 1804 894
f 405 1785 887
f 411 1821 899
f 414 1839 905
f 417 1858 912
f 431 1929 941
f 488 2114 1050
f 575 2024 1224
f 563 2240 1200
f 519 2253 1115
f 454 2038 984
f 450 1951 977
f 456 2055 989
f 459 2073 995
f 462 2092 1002
f 472 2109 1019
f 446 2019 971
f 506 2235 1091
f 535 2258 1146
f 541 1934 1158
f 570 1861 1217
f 480 1807 1037
f 421 1790 918
f 511 1826 1098
f 556 1844 1188
f 484 1880 1044
f 580 2186 1236
f 567 2308 1212
f 522 2272 1122
f 427 1894 930
f 544 2095 1163
f 468 2041 1013
f 436 1948 948
f 499 2060 1074
f 530 2078 1134
f 548 2132 1170
f 466 1970 1008
f 442 1984 960
f 505 2218 1086
f 536 2289 1151
f 491 2181 1061
f 423 1875 923
f 513 1897 1103
f 564 2275 1205
f 581 2311 1241
f 549 2167 1175
f 477 2146 1032
f 445 2002 966
f 503 2200 1080
f 525 1915 1127
f 474 2127 1025
f 438 1965 953
f 495 1987 1067
f 532 2221 1139
f 552 2294 1182
f 490 2164 1056
f 577 2149 1229
f 559 2005 1193
f 517 2203 1109
f 430 1912 936
f 590 1870 1325
f 584 1816 1277
f 585 1800 1265
f 592 1836 1301
f 595 1854 1319
f 598 1890 1343
f 636 2196 1566
f 621 2320 1464
f 642 2284 1590
f 601 1906 1349
f 623 2104 1523
f 611 2047 1422
f 609 1958 1397
f 625 2070 1499
f 628 2088 1517
f 632 2142 1559
f 613 1980 1427
f 616 1994 1433
f 638 2230 1572
f 606 2297 1374
f 407 2329 892
f 403 2323 885
f 404 2326 897
f 410 2333 903
f 413 2336 910
f 422 2345 939
f 486 2409 1048
f 573 2496 1222
f 561 2485 1198
f 512 2435 1113
f 452 2374 982
f 448 2368 975
f 449 2371 987
f 455 2378 993
f 458 2381 1000
f 470 2392 1017
f 437 2360 969
f 494 2416 1089
f 531 2456 1144
f 539 2460 1156
f 568 2488 1215
f 478 2398 1035
f 419 2340 916
f 509 2430 1096
f 554 2475 1186
f 482 2404 1042
f 576 2501 1234
f 558 2482 1210
f 516 2440 1120
f 425 2347 928
f 542 2464 1161
f 463 2384 1011
f 434 2355 946
f 497 2419 1072
f 528 2451 1132
f 546 2470 1168
f 464 2385 1006
f 440 2362 958
f 500 2423 1084
f 524 2446 1149
f 479 2401 1059
f 418 2339 921
f 508 2429 1101
f 553 2474 1203
f 569 2491 1239
f 538 2459 1173
f 471 2395 1030
f 443 2365 964
f 501 2424 1078
f 523 2443 1125
f 467 2390 1023
f 433 2354 951
f 493 2413 1065
f 527 2450 1137
f 543 2467 1180
f 485 2408 1054
f 572 2495 1227
f 557 2479 1191
f 515 2437 1107
f 428 2350 934
f 591 2511 1326
f 587 2505 1278
f 588 2507 1266
f 594 2513 1302
f 597 2516 1320
f 600 2519 1344
f 634 2556 1565
f 619 2540 1463
f 639 2561 1589
f 602 2521 1350
f 624 2544 1524
f 608 2529 1421
f 610 2530 1398
f 627 2546 1500
f 630 2549 1518
f 635 2553 1560
f 615 2534 1428
f 617 2536 1434
f 637 2557 1571
f 604 2525 1373
f 164 1609 889
f 163 1605 883
f 165 1611 895
f 166 1614 901
f 167 1617 907
f 172 1631 937
f 190 1688 1045
f 219 1775 1219
f 215 1763 1195
f 201 1719 1111
f 179 1654 979
f 178 1650 973
f 180 1656 985
f 181 1659 991
f 182 1662 997
f 185 1672 1015
f 177 1646 967
f 197 1706 1087
f 206 1735 1141
f 208 1741 1153
f 218 1770 1213
f 188 1680 1033
f 168 1621 913
f 198 1711 1093
f 213 1756 1183
f 189 1684 1039
f 221 1780 1231
f 217 1767 1207
f 202 1722 1117
f 170 1627 925
f 209 1744 1159
f 184 1668 1009
f 173 1636 943
f 194 1699 1069
f 204 1730 1129
f 210 1748 1165
f 183 1666 1003
f 175 1642 955
f 196 1705 1081
f 207 1736 1147
f 192 1691 1057
f 169 1623 919
f 199 1713 1099
f 216 1764 1201
f 222 1781 1237
f 211 1749 1171
f 187 1677 1027
f 176 1645 961
f 195 1703 1075
f 203 1725 1123
f 186 1674 1021
f 174 1638 949
f 193 1695 1063
f 205 1732 1135
f 212 1752 1177
f 191 1690 1051
f 220 1777 1225
f 214 1759 1189
f 200 1717 1105
f 171 1630 931
f 358 2191 1322
f 256 1885 1274
f 261 1901 1262
f 387 2279 1298
f 399 2315 1316
f 351 2171 1340
f 348 2160 1561
f 300 2016 1459
f 366 2214 1585
f 267 1919 1346
f 340 2137 1520
f 287 1978 1417
f 291 1991 1394
f 369 2225 1496
f 395 2302 1514
f 354 2178 1556
f 345 2153 1424
f 297 2009 1430
f 363 2207 1567
f 270 1926 1369
f 247 1857 908
f 229 1803 890
f 223 1786 884
f 235 1822 896
f 241 1840 902
f 253 1876 920
f 355 2182 1058
f 398 2312 1238
f 386 2276 1202
f 260 1898 1100
f 325 2091 998
f 307 2037 980
f 278 1952 974
f 313 2056 986
f 319 2074 992
f 337 2128 1022
f 283 1966 950
f 290 1988 1064
f 368 2222 1136
f 392 2293 1178
f 356 2185 1232
f 254 1879 1040
f 259 1893 926
f 385 2271 1118
f 397 2307 1208
f 349 2163 1052
f 344 2150 1226
f 296 2006 1190
f 362 2204 1106
f 265 1911 932
f 338 2131 1166
f 284 1969 1004
f 289 1983 956
f 367 2217 1082
f 391 2290 1148
f 350 2168 1172
f 343 2145 1028
f 295 2001 962
f 361 2199 1076
f 266 1916 1124
f 230 1808 1034
f 224 1789 914
f 236 1825 1094
f 242 1843 1184
f 248 1862 1214
f 272 1933 1154
f 331 2110 1016
f 301 2020 968
f 373 2236 1088
f 380 2257 1142
f 308 2042 1010
f 277 1947 944
f 314 2059 1070
f 320 2077 1130
f 326 2096 1160
f 332 2113 1046
f 302 2023 1220
f 374 2239 1196
f 379 2254 1112
f 271 1930 938
f 234 1818 1279
f 227 1798 1255
f 239 1834 1291
f 245 1852 1309
f 252 1872 1327
f 275 1942 1375
f 334 2120 1537
f 304 2030 1448
f 377 2248 1574
f 382 2263 1364
f 312 2052 1483
f 279 1955 1387
f 316 2065 1436
f 323 2086 1507
f 330 2106 1525
f 335 2122 1543
f 305 2032 1465
f 376 2245 1454
f 383 2266 1580
f 274 1940 1358
f 232 1813 1267
f 225 1792 1243
f 237 1828 1250
f 243 1846 1286
f 250 1867 1304
f 273 1936 1334
f 336 2123 1549
f 306 2033 1471
f 378 2249 1597
f 381 2260 1352
f 311 2049 1477
f 281 1959 1399
f 315 2062 1406
f 321 2080 1490
f 328 2101 1502
f 333 2116 1531
f 303 2026 1412
f 375 2242 1442
f 384 2267 1592
f 276 1943 1381
f 251 1869 1321
f 233 1815 1273
f 228 1799 1261
f 240 1835 1297
f 246 1853 1315
f 258 1889 1339
f 360 2195 1562
f 401 2319 1460
f 389 2283 1586
f 263 1905 1345
f 329 2103 1519
f 310 2046 1418
f 280 1957 1393
f 318 2069 1495
f 324 2087 1513
f 342 2141 1555
f 288 1979 1423
f 292 1993 1429
f 371 2229 1568
f 393 2296 1370
f 357 2188 1280
f 255 1882 1256
f 262 1902 1292
f 388 2280 1310
f 400 2316 1328
f 352 2172 1376
f 347 2157 1538
f 298 2011 1447
f 364 2209 1573
f 269 1923 1363
f 339 2134 1484
f 285 1972 1388
f 293 1995 1435
f 370 2226 1508
f 396 2303 1526
f 353 2175 1544
f 346 2154 1466
f 299 2013 1453
f 365 2211 1579
f 268 1921 1357
f 249 1865 1268
f 231 1811 1244
f 226 1796 1249
f 238 1832 1285
f 244 1850 1303
f 257 1888 1333
f 359 2194 1550
f 402 2322 1472
f 390 2286 1598
f 264 1908 1351
f 327 2099 1478
f 309 2045 1400
f 282 1962 1405
f 317 2068 1489
f 322 2084 1501
f 341 2140 1532
f 286 1976 1411
f 294 1998 1441
f 372 2232 1591
f 394 2299 1382
f 416 2330 911
f 408 2324 893
f 406 2325 888
f 412 2332 900
f 415 2335 906
f 424 2344 924
f 492 2410 1062
f 582 2497 1242
f 565 2486 1206
f 514 2434 1104
f 461 2375 1001
f 453 2369 983
f 451 2370 978
f 457 2377 990
f 460 2380 996
f 475 2393 1026
f 439 2359 954
f 496 2415 1068
f 533 2455 1140
f 551 2461 1181
f 579 2489 1235
f 483 2399 1043
f 426 2341 929
f 521 2431 1121
f 566 2476 1211
f 489 2405 1055
f 578 2500 1230
f 560 2481 1194
f 518 2439 1110
f 429 2348 935
f 547 2465 1169
f 465 2383 1007
f 441 2356 959
f 504 2420 1085
f 537 2452 1152
f 550 2471 1176
f 476 2386 1031
f 444 2363 965
f 502 2422 1079
f 526 2445 1128
f 481 2400 1038
f 420 2338 917
f 510 2428 1097
f 555 2473 1187
f 571 2490 1218
f 540 2458 1157
f 473 2394 1020
f 447 2366 972
f 507 2425 1092
f 534 2444 1145
f 469 2389 1014
f 435 2353 947
f 498 2414 1073
f 529 2449 1133
f 545 2466 1164
f 487 2407 1049
f 574 2494 1223
f 562 2480 1199
f 520 2438 1116
f 432 2351 942
f 589 2510 1283
f 583 2504 1259
f 586 2508 1295
f 593 2514 1313
f 596 2517 1331
f 599 2520 1379
f 633 2554 1541
f 620 2539 1452
f 640 2560 1578
f 603 2523 1368
f 622 2543 1487
f 607 2527 1391
f 612 2532 1440
f 626 2547 1511
f 629 2550 1529
f 631 2552 1547
f 614 2535 1469
f 618 2538 1458
f 641 2558 1584
f 605 2524 1362
f 164 1607 1609
f 163 1603 1605
f 165 1604 1611
f 166 1610 1614
f 167 1613 1617
f 172 1622 1631
f 190 1686 1688
f 219 1773 1775
f 215 1761 1763
f 201 1712 1719
f 179 1652 1654
f 178 1648 1650
f 180 1649 1656
f 181 1655 1659
f 182 1658 1662
f 185 1670 1672
f 177 1637 1646
f 197 1694 1706
f 206 1731 1735
f 208 1739 1741
f 218 1768 1770
f 188 1678 1680
f 168 1619 1621
f 198 1709 1711
f 213 1754 1756
f 189 1682 1684
f 221 1776 1780
f 217 1758 1767
f 202 1716 1722
f 170 1625 1627
f 209 1742 1744
f 184 1663 1668
f 173 1634 1636
f 194 1697 1699
f 204 1728 1730
f 210 1746 1748
f 183 1664 1666
f 175 1640 1642
f 196 1700 1705
f 207 1724 1736
f 192 1679 1691
f 169 1618 1623
f 199 1708 1713
f 216 1753 1764
f 222 1769 1781
f 211 1738 1749
f 187 1671 1677
f 176 1643 1645
f 195 1701 1703
f 203 1723 1725
f 186 1667 1674
f 174 1633 1638
f 193 1693 1695
f 205 1727 1732
f 212 1743 1752
f 191 1685 1690
f 220 1772 1777
f 214 1757 1759
f 200 1715 1717
f 171 1628 1630
f 358 2187 2191
f 256 1881 1885
f 261 1899 1901
f 387 2277 2279
f 399 2313 2315
f 351 2169 2171
f 348 2156 2160
f 300 2010 2016
f 366 2208 2214
f 267 1917 1919
f 340 2133 2137
f 287 1971 1978
f 291 1989 1991
f 369 2223 2225
f 395 2300 2302
f 354 2174 2178
f 345 2151 2153
f 297 2007 2009
f 363 2205 2207
f 270 1920 1926
f 247 1855 1857
f 229 1801 1803
f 223 1784 1786
f 235 1820 1822
f 241 1838 1840
f 253 1874 1876
f 355 2180 2182
f 398 2310 2312
f 386 2274 2276
f 260 1896 1898
f 325 2089 2091
f 307 2035 2037
f 278 1950 1952
f 313 2054 2056
f 319 2072 2074
f 337 2126 2128
f 283 1964 1966
f 290 1986 1988
f 368 2220 2222
f 392 2291 2293
f 356 2183 2185
f 254 1877 1879
f 259 1891 1893
f 385 2269 2271
f 397 2305 2307
f 349 2161 2163
f 344 2148 2150
f 296 2004 2006
f 362 2202 2204
f 265 1909 1911
f 338 2129 2131
f 284 1967 1969
f 289 1981 1983
f 367 2215 2217
f 391 2288 2290
f 350 2166 2168
f 343 2143 2145
f 295 1999 2001
f 361 2197 2199
f 266 1914 1916
f 230 1806 1808
f 224 1787 1789
f 236 1823 1825
f 242 1841 1843
f 248 1860 1862
f 272 1931 1933
f 331 2108 2110
f 301 2018 2020
f 373 2234 2236
f 380 2255 2257
f 308 2040 2042
f 277 1945 1947
f 314 2057 2059
f 320 2075 2077
f 326 2094 2096
f 332 2111 2113
f 302 2021 2023
f 374 2237 2239
f 379 2252 2254
f 271 1928 1930
f 234 1812 1818
f 227 1791 1798
f 239 1827 1834
f 245 1845 1852
f 252 1866 1872
f 275 1935 1942
f 334 2118 2120
f 304 2028 2030
f 377 2246 2248
f 382 2259 2263
f 312 2048 2052
f 279 1953 1955
f 316 2061 2065
f 323 2079 2086
f 330 2100 2106
f 335 2115 2122
f 305 2025 2032
f 376 2241 2245
f 383 2264 2266
f 274 1938 1940
f 232 1802 1813
f 225 1783 1792
f 237 1819 1828
f 243 1837 1846
f 250 1856 1867
f 273 1927 1936
f 336 2112 2123
f 306 2022 2033
f 378 2238 2249
f 381 2251 2260
f 311 2036 2049
f 281 1949 1959
f 315 2053 2062
f 321 2071 2080
f 328 2090 2101
f 333 2107 2116
f 303 2017 2026
f 375 2233 2242
f 384 2256 2267
f 276 1932 1943
f 251 1859 1869
f 233 1805 1815
f 228 1788 1799
f 240 1824 1835
f 246 1842 1853
f 258 1878 1889
f 360 2184 2195
f 401 2306 2319
f 389 2270 2283
f 263 1892 1905
f 329 2093 2103
f 310 2039 2046
f 280 1946 1957
f 318 2058 2069
f 324 2076 2087
f 342 2130 2141
f 288 1968 1979
f 292 1982 1993
f 371 2216 2229
f 393 2287 2296
f 357 2179 2188
f 255 1873 1882
f 262 1895 1902
f 388 2273 2280
f 400 2309 2316
f 352 2165 2172
f 347 2144 2157
f 298 2000 2011
f 364 2198 2209
f 269 1913 1923
f 339 2125 2134
f 285 1963 1972
f 293 1985 1995
f 370 2219 2226
f 396 2292 2303
f 353 2162 2175
f 346 2147 2154
f 299 2003 2013
f 365 2201 2211
f 268 1910 1921
f 249 1863 1865
f 231 1809 1811
f 226 1794 1796
f 238 1830 1832
f 244 1848 1850
f 257 1886 1888
f 359 2192 2194
f 402 2318 2322
f 390 2282 2286
f 264 1904 1908
f 327 2097 2099
f 309 2043 2045
f 282 1956 1962
f 317 2066 2068
f 322 2082 2084
f 341 2138 2140
f 286 1974 1976
f 294 1992 1998
f 372 2228 2232
f 394 2295 2299
f 416 2331 2330
f 408 2327 2324
f 406 2328 2325
f 412 2334 2332
f 415 2337 2335
f 424 2346 2344
f 492 2412 2410
f 582 2499 2497
f 565 2487 2486
f 514 2436 2434
f 461 2376 2375
f 453 2372 2369
f 451 2373 2370
f 457 2379 2377
f 460 2382 2380
f 475 2396 2393
f 439 2361 2359
f 496 2418 2415
f 533 2457 2455
f 551 2463 2461
f 579 2492 2489
f 483 2402 2399
f 426 2343 2341
f 521 2433 2431
f 566 2478 2476
f 489 2406 2405
f 578 2502 2500
f 560 2484 2481
f 518 2442 2439
f 429 2349 2348
f 547 2468 2465
f 465 2387 2383
f 441 2358 2356
f 504 2421 2420
f 537 2454 2452
f 550 2472 2471
f 476 2388 2386
f 444 2364 2363
f 502 2426 2422
f 526 2448 2445
f 481 2403 2400
f 420 2342 2338
f 510 2432 2428
f 555 2477 2473
f 571 2493 2490
f 540 2462 2458
f 473 2397 2394
f 447 2367 2366
f 507 2427 2425
f 534 2447 2444
f 469 2391 2389
f 435 2357 2353
f 498 2417 2414
f 529 2453 2449
f 545 2469 2466
f 487 2411 2407
f 574 2498 2494
f 562 2483 2480
f 520 2441 2438
f 432 2352 2351
f 589 2509 2510
f 583 2503 2504
f 586 2506 2508
f 593 2512 2514
f 596 2515 2517
f 599 2518 2520
f 633 2555 2554
f 620 2541 2539
f 640 2562 2560
f 603 2522 2523
f 622 2542 2543
f 607 2528 2527
f 612 2531 2532
f 626 2545 2547
f 629 2548 2550
f 631 2551 2552
f 614 2533 2535
f 618 2537 2538
f 641 2559 2558
f 605 2526 2524
f 164 644 1607
f 163 643 1603
f 165 645 1604
f 166 646 1610
f 167 647 1613
f 172 652 1622
f 190 670 1686
f 219 699 1773
f 215 695 1761
f 201 681 1712
f 179 659 1652
f 178 658 1648
f 180 660 1649
f 181 661 1655
f 182 662 1658
f 185 665 1670
f 177 657 1637
f 197 677 1694
f 206 686 1731
f 208 688 1739
f 218 698 1768
f 188 668 1678
f 168 648 1619
f 198 678 1709
f 213 693 1754
f 189 669 1682
f 221 701 1776
f 217 697 1758
f 202 682 1716
f 170 650 1625
f 209 689 1742
f 184 664 1663
f 173 653 1634
f 194 674 1697
f 204 684 1728
f 210 690 1746
f 183 663 1664
f 175 655 1640
f 196 676 1700
f 207 687 1724
f 192 672 1679
f 169 649 1618
f 199 679 1708
f 216 696 1753
f 222 702 1769
f 211 691 1738
f 187 667 1671
f 176 656 1643
f 195 675 1701
f 203 683 1723
f 186 666 1667
f 174 654 1633
f 193 673 1693
f 205 685 1727
f 212 692 1743
f 191 671 1685
f 220 700 1772
f 214 694 1757
f 200 680 1715
f 171 651 1628
f 358 838 2187
f 256 736 1881
f 261 741 1899
f 387 867 2277
f 399 879 2313
f 351 831 2169
f 348 828 2156
f 300 780 2010
f 366 846 2208
f 267 747 1917
f 340 820 2133
f 287 767 1971
f 291 771 1989
f 369 849 2223
f 395 875 2300
f 354 834 2174
f 345 825 2151
f 297 777 2007
f 363 843 2205
f 270 750 1920
f 247 727 1855
f 229 709 1801
f 223 703 1784
f 235 715 1820
f 241 721 1838
f 253 733 1874
f 355 835 2180
f 398 878 2310
f 386 866 2274
f 260 740 1896
f 325 805 2089
f 307 787 2035
f 278 758 1950
f 313 793 2054
f 319 799 2072
f 337 817 2126
f 283 763 1964
f 290 770 1986
f 368 848 2220
f 392 872 2291
f 356 836 2183
f 254 734 1877
f 259 739 1891
f 385 865 2269
f 397 877 2305
f 349 829 2161
f 344 824 2148
f 296 776 2004
f 362 842 2202
f 265 745 1909
f 338 818 2129
f 284 764 1967
f 289 769 1981
f 367 847 2215
f 391 871 2288
f 350 830 2166
f 343 823 2143
f 295 775 1999
f 361 841 2197
f 266 746 1914
f 230 710 1806
f 224 704 1787
f 236 716 1823
f 242 722 1841
f 248 728 1860
f 272 752 1931
f 331 811 2108
f 301 781 2018
f 373 853 2234
f 380 860 2255
f 308 788 2040
f 277 757 1945
f 314 794 2057
f 320 800 2075
f 326 806 2094
f 332 812 2111
f 302 782 2021
f 374 854 2237
f 379 859 2252
f 271 751 1928
f 234 714 1812
f 227 707 1791
f 239 719 1827
f 245 725 1845
f 252 732 1866
f 275 755 1935
f 334 814 2118
f 304 784 2028
f 377 857 2246
f 382 862 2259
f 312 792 2048
f 279 759 1953
f 316 796 2061
f 323 803 2079
f 330 810 2100
f 335 815 2115
f 305 785 2025
f 376 856 2241
f 383 863 2264
f 274 754 1938
f 232 712 1802
f 225 705 1783
f 237 717 1819
f 243 723 1837
f 250 730 1856
f 273 753 1927
f 336 816 2112
f 306 786 2022
f 378 858 2238
f 381 861 2251
f 311 791 2036
f 281 761 1949
f 315 795 2053
f 321 801 2071
f 328 808 2090
f 333 813 2107
f 303 783 2017
f 375 855 2233
f 384 864 2256
f 276 756 1932
f 251 731 1859
f 233 713 1805
f 228 708 1788
f 240 720 1824
f 246 726 1842
f 258 738 1878
f 360 840 2184
f 401 881 2306
f 389 869 2270
f 263 743 1892
f 329 809 2093
f 310 790 2039
f 280 760 1946
f 318 798 2058
f 324 804 2076
f 342 822 2130
f 288 768 1968
f 292 772 1982
f 371 851 2216
f 393 873 2287
f 357 837 2179
f 255 735 1873
f 262 742 1895
f 388 868 2273
f 400 880 2309
f 352 832 2165
f 347 827 2144
f 298 778 2000
f 364 844 2198
f 269 749 1913
f 339 819 2125
f 285 765 1963
f 293 773 1985
f 370 850 2219
f 396 876 2292
f 353 833 2162
f 346 826 2147
f 299 779 2003
f 365 845 2201
f 268 748 1910
f 249 729 1863
f 231 711 1809
f 226 706 1794
f 238 718 1830
f 244 724 1848
f 257 737 1886
f 359 839 2192
f 402 882 2318
f 390 870 2282
f 264 744 1904
f 327 807 2097
f 309 789 2043
f 282 762 1956
f 317 797 2066
f 322 802 2082
f 341 821 2138
f 286 766 1974
f 294 774 1992
f 372 852 2228
f 394 874 2295
f 416 1270 2331
f 408 1246 2327
f 406 1251 2328
f 412 1287 2334
f 415 1305 2337
f 424 1335 2346
f 492 1552 2412
f 582 1474 2499
f 565 1600 2487
f 514 1353 2436
f 461 1480 2376
f 453 1402 2372
f 451 1407 2373
f 457 1491 2379
f 460 1503 2382
f 475 1534 2396
f 439 1413 2361
f 496 1443 2418
f 533 1593 2457
f 551 1384 2463
f 579 1324 2492
f 483 1276 2402
f 426 1264 2343
f 521 1300 2433
f 566 1318 2478
f 489 1342 2406
f 578 1563 2502
f 560 1461 2484
f 518 1587 2442
f 429 1348 2349
f 547 1522 2468
f 465 1419 2387
f 441 1396 2358
f 504 1498 2421
f 537 1516 2454
f 550 1558 2472
f 476 1426 2388
f 444 1432 2364
f 502 1569 2426
f 526 1371 2448
f 481 1281 2403
f 420 1257 2342
f 510 1293 2432
f 555 1311 2477
f 571 1329 2493
f 540 1377 2462
f 473 1539 2397
f 447 1450 2367
f 507 1576 2427
f 534 1366 2447
f 469 1485 2391
f 435 1389 2357
f 498 1438 2417
f 529 1509 2453
f 545 1527 2469
f 487 1545 2411
f 574 1467 2498
f 562 1456 2483
f 520 1582 2441
f 432 1360 2352
f 589 1271 2509
f 583 1247 2503
f 586 1254 2506
f 593 1290 2512
f 596 1308 2515
f 599 1338 2518
f 633 1553 2555
f 620 1475 2541
f 640 1601 2562
f 603 1356 2522
f 622 1481 2542
f 607 1403 2528
f 612 1410 2531
f 626 1494 2545
f 629 1506 2548
f 631 1535 2551
f 614 1416 2533
f 618 1446 2537
f 641 1596 2559
f 605 1385 2526
f 167 907 1616
f 164 889 1608
f 163 883 1606
f 165 895 1612
f 166 901 1615
f 169 919 1624
f 192 1057 1692
f 222 1237 1782
f 216 1201 1765
f 199 1099 1714
f 182 997 1661
f 179 979 1653
f 178 973 1651
f 180 985 1657
f 181 991 1660
f 186 1021 1675
f 174 949 1639
f 193 1063 1696
f 205 1135 1733
f 212 1177 1751
f 221 1231 1779
f 189 1039 1683
f 170 925 1626
f 202 1117 1721
f 217 1207 1766
f 191 1051 1689
f 220 1225 1778
f 214 1189 1760
f 200 1105 1718
f 171 931 1629
f 210 1165 1747
f 183 1003 1665
f 175 955 1641
f 196 1081 1704
f 207 1147 1737
f 211 1171 1750
f 187 1027 1676
f 176 961 1644
f 195 1075 1702
f 203 1123 1726
f 188 1033 1681
f 168 913 1620
f 198 1093 1710
f 213 1183 1755
f 218 1213 1771
f 208 1153 1740
f 185 1015 1673
f 177 967 1647
f 197 1087 1707
f 206 1141 1734
f 184 1009 1669
f 173 943 1635
f 194 1069 1698
f 204 1129 1729
f 209 1159 1745
f 190 1045 1687
f 219 1219 1774
f 215 1195 1762
f 201 1111 1720
f 172 937 1632
f 357 1280 2189
f 255 1256 1883
f 262 1292 1903
f 388 1310 2281
f 400 1328 2317
f 352 1376 2173
f 347 1538 2158
f 298 1447 2012
f 364 1573 2210
f 269 1363 1924
f 339 1484 2135
f 285 1388 1973
f 293 1435 1996
f 370 1508 2227
f 396 1526 2304
f 353 1544 2176
f 346 1466 2155
f 299 1453 2014
f 365 1579 2212
f 268 1357 1922
f 249 1268 1864
f 231 1244 1810
f 226 1249 1795
f 238 1285 1831
f 244 1303 1849
f 257 1333 1887
f 359 1550 2193
f 402 1472 2321
f 390 1598 2285
f 264 1351 1907
f 327 1478 2098
f 309 1400 2044
f 282 1405 1961
f 317 1489 2067
f 322 1501 2083
f 341 1532 2139
f 286 1411 1975
f 294 1441 1997
f 372 1591 2231
f 394 1382 2298
f 358 1322 2190
f 256 1274 1884
f 261 1262 1900
f 387 1298 2278
f 399 1316 2314
f 351 1340 2170
f 348 1561 2159
f 300 1459 2015
f 366 1585 2213
f 267 1346 1918
f 340 1520 2136
f 287 1417 1977
f 291 1394 1990
f 369 1496 2224
f 395 1514 2301
f 354 1556 2177
f 345 1424 2152
f 297 1430 2008
f 363 1567 2206
f 270 1369 1925
f 234 1279 1817
f 227 1255 1797
f 239 1291 1833
f 245 1309 1851
f 252 1327 1871
f 275 1375 1941
f 334 1537 2119
f 304 1448 2029
f 377 1574 2247
f 382 1364 2262
f 312 1483 2051
f 279 1387 1954
f 316 1436 2064
f 323 1507 2085
f 330 1525 2105
f 335 1543 2121
f 305 1465 2031
f 376 1454 2244
f 383 1580 2265
f 274 1358 1939
f 232 1267 1814
f 225 1243 1793
f 237 1250 1829
f 243 1286 1847
f 250 1304 1868
f 273 1334 1937
f 336 1549 2124
f 306 1471 2034
f 378 1597 2250
f 381 1352 2261
f 311 1477 2050
f 281 1399 1960
f 315 1406 2063
f 321 1490 2081
f 328 1502 2102
f 333 1531 2117
f 303 1412 2027
f 375 1442 2243
f 384 1592 2268
f 276 1381 1944
f 229 890 1804
f 223 884 1785
f 235 896 1821
f 241 902 1839
f 247 908 1858
f 271 938 1929
f 332 1046 2114
f 302 1220 2024
f 374 1196 2240
f 379 1112 2253
f 307 980 2038
f 278 974 1951
f 313 986 2055
f 319 992 2073
f 325 998 2092
f 331 1016 2109
f 301 968 2019
f 373 1088 2235
f 380 1142 2258
f 272 1154 1934
f 248 1214 1861
f 230 1034 1807
f 224 914 1790
f 236 1094 1826
f 242 1184 1844
f 254 1040 1880
f 356 1232 2186
f 397 1208 2308
f 385 1118 2272
f 259 926 1894
f 326 1160 2095
f 308 1010 2041
f 277 944 1948
f 314 1070 2060
f 320 1130 2078
f 338 1166 2132
f 284 1004 1970
f 289 956 1984
f 367 1082 2218
f 391 1148 2289
f 355 1058 2181
f 253 920 1875
f 260 1100 1897
f 386 1202 2275
f 398 1238 2311
f 350 1172 2167
f 343 1028 2146
f 295 962 2002
f 361 1076 2200
f 266 1124 1915
f 337 1022 2127
f 283 950 1965
f 290 1064 1987
f 368 1136 2221
f 392 1178 2294
f 349 1052 2164
f 344 1226 2149
f 296 1190 2005
f 362 1106 2203
f 265 932 1912
f 251 1321 1870
f 233 1273 1816
f 228 1261 1800
f 240 1297 1836
f 246 1315 1854
f 258 1339 1890
f 360 1562 2196
f 401 1460 2320
f 389 1586 2284
f 263 1345 1906
f 329 1519 2104
f 310 1418 2047
f 280 1393 1958
f 318 1495 2070
f 324 1513 2088
f 342 1555 2142
f 288 1423 1980
f 292 1429 1994
f 371 1568 2230
f 393 1370 2297
f 409 894 2329
f 405 887 2323
f 411 899 2326
f 414 905 2333
f 417 912 2336
f 431 941 2345
f 488 1050 2409
f 575 1224 2496
f 563 1200 2485
f 519 1115 2435
f 454 984 2374
f 450 977 2368
f 456 989 2371
f 459 995 2378
f 462 1002 2381
f 472 1019 2392
f 446 971 2360
f 506 1091 2416
f 535 1146 2456
f 541 1158 2460
f 570 1217 2488
f 480 1037 2398
f 421 918 2340
f 511 1098 2430
f 556 1188 2475
f 484 1044 2404
f 580 1236 2501
f 567 1212 2482
f 522 1122 2440
f 427 930 2347
f 544 1163 2464
f 468 1013 2384
f 436 948 2355
f 499 1074 2419
f 530 1134 2451
f 548 1170 2470
f 466 1008 2385
f 442 960 2362
f 505 1086 2423
f 536 1151 2446
f 491 1061 2401
f 423 923 2339
f 513 1103 2429
f 564 1205 2474
f 581 1241 2491
f 549 1175 2459
f 477 1032 2395
f 445 966 2365
f 503 1080 2424
f 525 1127 2443
f 474 1025 2390
f 438 953 2354
f 495 1067 2413
f 532 1139 2450
f 552 1182 2467
f 490 1056 2408
f 577 1229 2495
f 559 1193 2479
f 517 1109 2437
f 430 936 2350
f 590 1325 2511
f 584 1277 2505
f 585 1265 2507
f 592 1301 2513
f 595 1319 2516
f 598 1343 2519
f 636 1566 2556
f 621 1464 2540
f 642 1590 2561
f 601 1349 2521
f 623 1523 2544
f 611 1422 2529
f 609 1397 2530
f 625 1499 2546
f 628 1517 2549
f 632 1559 2553
f 613 1427 2534
f 616 1433 2536
f 638 1572 2557
f 606 1374 2525
f 407 892 1609
f 403 885 1605
f 404 897 1611
f 410 903 1614
f 413 910 1617
f 422 939 1631
f 486 1048 1688
f 573 1222 1775
f 561 1198 1763
f 512 1113 1719
f 452 982 1654
f 448 975 1650
f 449 987 1656
f 455 993 1659
f 458 1000 1662
f 470 1017 1672
f 437 969 1646
f 494 1089 1706
f 531 1144 1735
f 539 1156 1741
f 568 1215 1770
f 478 1035 1680
f 419 916 1621
f 509 1096 1711
f 554 1186 1756
f 482 1042 1684
f 576 1234 1780
f 558 1210 1767
f 516 1120 1722
f 425 928 1627
f 542 1161 1744
f 463 1011 1668
f 434 946 1636
f 497 1072 1699
f 528 1132 1730
f 546 1168 1748
f 464 1006 1666
f 440 958 1642
f 500 1084 1705
f 524 1149 1736
f 479 1059 1691
f 418 921 1623
f 508 1101 1713
f 553 1203 1764
f 569 1239 1781
f 538 1173 1749
f 471 1030 1677
f 443 964 1645
f 501 1078 1703
f 523 1125 1725
f 467 1023 1674
f 433 951 1638
f 493 1065 1695
f 527 1137 1732
f 543 1180 1752
f 485 1054 1690
f 572 1227 1777
f 557 1191 1759
f 515 1107 1717
f 428 934 1630
f 591 1326 2191
f 587 1278 1885
f 588 1266 1901
f 594 1302 2279
f 597 1320 2315
f 600 1344 2171
f 634 1565 2160
f 619 1463 2016
f 639 1589 2214
f 602 1350 1919
f 624 1524 2137
f 608 1421 1978
f 610 1398 1991
f 627 1500 2225
f 630 1518 2302
f 635 1560 2178
f 615 1428 2153
f 617 1434 2009
f 637 1571 2207
f 604 1373 1926
f 416 911 1857
f 408 893 1803
f 406 888 1786
f 412 900 1822
f 415 906 1840
f 424 924 1876
f 492 1062 2182
f 582 1242 2312
f 565 1206 2276
f 514 1104 1898
f 461 1001 2091
f 453 983 2037
f 451 978 1952
f 457 990 2056
f 460 996 2074
f 475 1026 2128
f 439 954 1966
f 496 1068 1988
f 533 1140 2222
f 551 1181 2293
f 579 1235 2185
f 483 1043 1879
f 426 929 1893
f 521 1121 2271
f 566 1211 2307
f 489 1055 2163
f 578 1230 2150
f 560 1194 2006
f 518 1110 2204
f 429 935 1911
f 547 1169 2131
f 465 1007 1969
f 441 959 1983
f 504 1085 2217
f 537 1152 2290
f 550 1176 2168
f 476 1031 2145
f 444 965 2001
f 502 1079 2199
f 526 1128 1916
f 481 1038 1808
f 420 917 1789
f 510 1097 1825
f 555 1187 1843
f 571 1218 1862
f 540 1157 1933
f 473 1020 2110
f 447 972 2020
f 507 1092 2236
f 534 1145 2257
f 469 1014 2042
f 435 947 1947
f 498 1073 2059
f 529 1133 2077
f 545 1164 2096
f 487 1049 2113
f 574 1223 2023
f 562 1199 2239
f 520 1116 2254
f 432 942 1930
f 589 1283 1818
f 583 1259 1798
f 586 1295 1834
f 593 1313 1852
f 596 1331 1872
f 599 1379 1942
f 633 1541 2120
f 620 1452 2030
f 640 1578 2248
f 603 1368 2263
f 622 1487 2052
f 607 1391 1955
f 612 1440 2065
f 626 1511 2086
f 629 1529 2106
f 631 1547 2122
f 614 1469 2032
f 618 1458 2245
f 641 1584 2266
f 605 1362 1940
f 409 1269 1813
f 405 1245 1792
f 411 1252 1828
f 414 1288 1846
f 417 1306 1867
f 431 1336 1936
f 488 1551 2123
f 575 1473 2033
f 563 1599 2249
f 519 1354 2260
f 454 1479 2049
f 450 1401 1959
f 456 1408 2062
f 459 1492 2080
f 462 1504 2101
f 472 1533 2116
f 446 1414 2026
f 506 1444 2242
f 535 1594 2267
f 541 1383 1943
f 570 1323 1869
f 480 1275 1815
f 421 1263 1799
f 511 1299 1835
f 556 1317 1853
f 484 1341 1889
f 580 1564 2195
f 567 1462 2319
f 522 1588 2283
f 427 1347 1905
f 544 1521 2103
f 468 1420 2046
f 436 1395 1957
f 499 1497 2069
f 530 1515 2087
f 548 1557 2141
f 466 1425 1979
f 442 1431 1993
f 505 1570 2229
f 536 1372 2296
f 491 1282 2188
f 423 1258 1882
f 513 1294 1902
f 564 1312 2280
f 581 1330 2316
f 549 1378 2172
f 477 1540 2157
f 445 1449 2011
f 503 1575 2209
f 525 1365 1923
f 474 1486 2134
f 438 1390 1972
f 495 1437 1995
f 532 1510 2226
f 552 1528 2303
f 490 1546 2175
f 577 1468 2154
f 559 1455 2013
f 517 1581 2211
f 430 1359 1921
f 590 1272 1865
f 584 1248 1811
f 585 1253 1796
f 592 1289 1832
f 595 1307 1850
f 598 1337 1888
f 636 1554 2194
f 621 1476 2322
f 642 1602 2286
f 601 1355 1908
f 623 1482 2099
f 611 1404 2045
f 609 1409 1962
f 625 1493 2068
f 628 1505 2084
f 632 1536 2140
f 613 1415 1976
f 616 1445 1998
f 638 1595 2232
f 606 1386 2299
f 407 909 2330
f 403 891 2324
f 404 886 2325
f 410 898 2332
f 413 904 2335
f 422 922 2344
f 486 1060 2410
f 573 1240 2497
f 561 1204 2486
f 512 1102 2434
f 452 999 2375
f 448 981 2369
f 449 976 2370
f 455 988 2377
f 458 994 2380
f 470 1024 2393
f 437 952 2359
f 494 1066 2415
f 531 1138 2455
f 539 1179 2461
f 568 1233 2489
f 478 1041 2399
f 419 927 2341
f 509 1119 2431
f 554 1209 2476
f 482 1053 2405
f 576 1228 2500
f 558 1192 2481
f 516 1108 2439
f 425 933 2348
f 542 1167 2465
f 463 1005 2383
f 434 957 2356
f 497 1083 2420
f 528 1150 2452
f 546 1174 2471
f 464 1029 2386
f 440 963 2363
f 500 1077 2422
f 524 1126 2445
f 479 1036 2400
f 418 915 2338
f 508 1095 2428
f 553 1185 2473
f 569 1216 2490
f 538 1155 2458
f 471 1018 2394
f 443 970 2366
f 501 1090 2425
f 523 1143 2444
f 467 1012 2389
f 433 945 2353
f 493 1071 2414
f 527 1131 2449
f 543 1162 2466
f 485 1047 2407
f 572 1221 2494
f 557 1197 2480
f 515 1114 2438
f 428 940 2351
f 591 1284 2510
f 587 1260 2504
f 588 1296 2508
f 594 1314 2514
f 597 1332 2517
f 600 1380 2520
f 634 1542 2554
f 619 1451 2539
f 639 1577 2560
f 602 1367 2523
f 624 1488 2543
f 608 1392 2527
f 610 1439 2532
f 627 1512 2547
f 630 1530 2550
f 635 1548 2552
f 615 1470 2535
f 617 1457 2538
f 637 1583 2558
f 604 1361 2524
f 167 1616 1607
f 164 1608 1603
f 163 1606 1604
f 165 1612 1610
f 166 1615 1613
f 169 1624 1622
f 192 1692 1686
f 222 1782 1773
f 216 1765 1761
f 199 1714 1712
f 182 1661 1652
f 179 1653 1648
f 178 1651 1649
f 180 1657 1655
f 181 1660 1658
f 186 1675 1670
f 174 1639 1637
f 193 1696 1694
f 205 1733 1731
f 212 1751 1739
f 221 1779 1768
f 189 1683 1678
f 170 1626 1619
f 202 1721 1709
f 217 1766 1754
f 191 1689 1682
f 220 1778 1776
f 214 1760 1758
f 200 1718 1716
f 171 1629 1625
f 210 1747 1742
f 183 1665 1663
f 175 1641 1634
f 196 1704 1697
f 207 1737 1728
f 211 1750 1746
f 187 1676 1664
f 176 1644 1640
f 195 1702 1700
f 203 1726 1724
f 188 1681 1679
f 168 1620 1618
f 198 1710 1708
f 213 1755 1753
f 218 1771 1769
f 208 1740 1738
f 185 1673 1671
f 177 1647 1643
f 197 1707 1701
f 206 1734 1723
f 184 1669 1667
f 173 1635 1633
f 194 1698 1693
f 204 1729 1727
f 209 1745 1743
f 190 1687 1685
f 219 1774 1772
f 215 1762 1757
f 201 1720 1715
f 172 1632 1628
f 357 2189 2187
f 255 1883 1881
f 262 1903 1899
f 388 2281 2277
f 400 2317 2313
f 352 2173 2169
f 347 2158 2156
f 298 2012 2010
f 364 2210 2208
f 269 1924 1917
f 339 2135 2133
f 285 1973 1971
f 293 1996 1989
f 370 2227 2223
f 396 2304 2300
f 353 2176 2174
f 346 2155 2151
f 299 2014 2007
f 365 2212 2205
f 268 1922 1920
f 249 1864 1855
f 231 1810 1801
f 226 1795 1784
f 238 1831 1820
f 244 1849 1838
f 257 1887 1874
f 359 2193 2180
f 402 2321 2310
f 390 2285 2274
f 264 1907 1896
f 327 2098 2089
f 309 2044 2035
f 282 1961 1950
f 317 2067 2054
f 322 2083 2072
f 341 2139 2126
f 286 1975 1964
f 294 1997 1986
f 372 2231 2220
f 394 2298 2291
f 358 2190 2183
f 256 1884 1877
f 261 1900 1891
f 387 2278 2269
f 399 2314 2305
f 351 2170 2161
f 348 2159 2148
f 300 2015 2004
f 366 2213 2202
f 267 1918 1909
f 340 2136 2129
f 287 1977 1967
f 291 1990 1981
f 369 2224 2215
f 395 2301 2288
f 354 2177 2166
f 345 2152 2143
f 297 2008 1999
f 363 2206 2197
f 270 1925 1914
f 234 1817 1806
f 227 1797 1787
f 239 1833 1823
f 245 1851 1841
f 252 1871 1860
f 275 1941 1931
f 334 2119 2108
f 304 2029 2018
f 377 2247 2234
f 382 2262 2255
f 312 2051 2040
f 279 1954 1945
f 316 2064 2057
f 323 2085 2075
f 330 2105 2094
f 335 2121 2111
f 305 2031 2021
f 376 2244 2237
f 383 2265 2252
f 274 1939 1928
f 232 1814 1812
f 225 1793 1791
f 237 1829 1827
f 243 1847 1845
f 250 1868 1866
f 273 1937 1935
f 336 2124 2118
f 306 2034 2028
f 378 2250 2246
f 381 2261 2259
f 311 2050 2048
f 281 1960 1953
f 315 2063 2061
f 321 2081 2079
f 328 2102 2100
f 333 2117 2115
f 303 2027 2025
f 375 2243 2241
f 384 2268 2264
f 276 1944 1938
f 229 1804 1802
f 223 1785 1783
f 235 1821 1819
f 241 1839 1837
f 247 1858 1856
f 271 1929 1927
f 332 2114 2112
f 302 2024 2022
f 374 2240 2238
f 379 2253 2251
f 307 2038 2036
f 278 1951 1949
f 313 2055 2053
f 319 2073 2071
f 325 2092 2090
f 331 2109 2107
f 301 2019 2017
f 373 2235 2233
f 380 2258 2256
f 272 1934 1932
f 248 1861 1859
f 230 1807 1805
f 224 1790 1788
f 236 1826 1824
f 242 1844 1842
f 254 1880 1878
f 356 2186 2184
f 397 2308 2306
f 385 2272 2270
f 259 1894 1892
f 326 2095 2093
f 308 2041 2039
f 277 1948 1946
f 314 2060 2058
f 320 2078 2076
f 338 2132 2130
f 284 1970 1968
f 289 1984 1982
f 367 2218 2216
f 391 2289 2287
f 355 2181 2179
f 253 1875 1873
f 260 1897 1895
f 386 2275 2273
f 398 2311 2309
f 350 2167 2165
f 343 2146 2144
f 295 2002 2000
f 361 2200 2198
f 266 1915 1913
f 337 2127 2125
f 283 1965 1963
f 290 1987 1985
f 368 2221 2219
f 392 2294 2292
f 349 2164 2162
f 344 2149 2147
f 296 2005 2003
f 362 2203 2201
f 265 1912 1910
f 251 1870 1863
f 233 1816 1809
f 228 1800 1794
f 240 1836 1830
f 246 1854 1848
f 258 1890 1886
f 360 2196 2192
f 401 2320 2318
f 389 2284 2282
f 263 1906 1904
f 329 2104 2097
f 310 2047 2043
f 280 1958 1956
f 318 2070 2066
f 324 2088 2082
f 342 2142 2138
f 288 1980 1974
f 292 1994 1992
f 371 2230 2228
f 393 2297 2295
f 409 2329 2331
f 405 2323 2327
f 411 2326 2328
f 414 2333 2334
f 417 2336 2337
f 431 2345 2346
f 488 2409 2412
f 575 2496 2499
f 563 2485 2487
f 519 2435 2436
f 454 2374 2376
f 450 2368 2372
f 456 2371 2373
f 459 2378 2379
f 462 2381 2382
f 472 2392 2396
f 446 2360 2361
f 506 2416 2418
f 535 2456 2457
f 541 2460 2463
f 570 2488 2492
f 480 2398 2402
f 421 2340 2343
f 511 2430 2433
f 556 2475 2478
f 484 2404 2406
f 580 2501 2502
f 567 2482 2484
f 522 2440 2442
f 427 2347 2349
f 544 2464 2468
f 468 2384 2387
f 436 2355 2358
f 499 2419 2421
f 530 2451 2454
f 548 2470 2472
f 466 2385 2388
f 442 2362 2364
f 505 2423 2426
f 536 2446 2448
f 491 2401 2403
f 423 2339 2342
f 513 2429 2432
f 564 2474 2477
f 581 2491 2493
f 549 2459 2462
f 477 2395 2397
f 445 2365 2367
f 503 2424 2427
f 525 2443 2447
f 474 2390 2391
f 438 2354 2357
f 495 2413 2417
f 532 2450 2453
f 552 2467 2469
f 490 2408 2411
f 577 2495 2498
f 559 2479 2483
f 517 2437 2441
f 430 2350 2352
f 590 2511 2509
f 584 2505 2503
f 585 2507 2506
f 592 2513 2512
f 595 2516 2515
f 598 2519 2518
f 636 2556 2555
f 621 2540 2541
f 642 2561 2562
f 601 2521 2522
f 623 2544 2542
f 611 2529 2528
f 609 2530 2531
f 625 2546 2545
f 628 2549 2548
f 632 2553 2551
f 613 2534 2533
f 616 2536 2537
f 638 2557 2559
f 606 2525 2526
f 1607 644 647
f 1603 643 644
f 1604 645 643
f 1610 646 645
f 1613 647 646
f 1622 652 649
f 1686 670 672
f 1773 699 702
f 1761 695 696
f 1712 681 679
f 1652 659 662
f 1648 658 659
f 1649 660 658
f 1655 661 660
f 1658 662 661
f 1670 665 666
f 1637 657 654
f 1694 677 673
f 1731 686 685
f 1739 688 692
f 1768 698 701
f 1678 668 669
f 1619 648 650
f 1709 678 682
f 1754 693 697
f 1682 669 671
f 1776 701 700
f 1758 697 694
f 1716 682 680
f 1625 650 651
f 1742 689 690
f 1663 664 663
f 1634 653 655
f 1697 674 676
f 1728 684 687
f 1746 690 691
f 1664 663 667
f 1640 655 656
f 1700 676 675
f 1724 687 683
f 1679 672 668
f 1618 649 648
f 1708 679 678
f 1753 696 693
f 1769 702 698
f 1738 691 688
f 1671 667 665
f 1643 656 657
f 1701 675 677
f 1723 683 686
f 1667 666 664
f 1633 654 653
f 1693 673 674
f 1727 685 684
f 1743 692 689
f 1685 671 670
f 1772 700 699
f 1757 694 695
f 1715 680 681
f 1628 651 652
f 2187 838 837
f 1881 736 735
f 1899 741 742
f 2277 867 868
f 2313 879 880
f 2169 831 832
f 2156 828 827
f 2010 780 778
f 2208 846 844
f 1917 747 749
f 2133 820 819
f 1971 767 765
f 1989 771 773
f 2223 849 850
f 2300 875 876
f 2174 834 833
f 2151 825 826
f 2007 777 779
f 2205 843 845
f 1920 750 748
f 1855 727 729
f 1801 709 711
f 1784 703 706
f 1820 715 718
f 1838 721 724
f 1874 733 737
f 2180 835 839
f 2310 878 882
f 2274 866 870
f 1896 740 744
f 2089 805 807
f 2035 787 789
f 1950 758 762
f 2054 793 797
f 2072 799 802
f 2126 817 821
f 1964 763 766
f 1986 770 774
f 2220 848 852
f 2291 872 874
f 2183 836 838
f 1877 734 736
f 1891 739 741
f 2269 865 867
f 2305 877 879
f 2161 829 831
f 2148 824 828
f 2004 776 780
f 2202 842 846
f 1909 745 747
f 2129 818 820
f 1967 764 767
f 1981 769 771
f 2215 847 849
f 2288 871 875
f 2166 830 834
f 2143 823 825
f 1999 775 777
f 2197 841 843
f 1914 746 750
f 1806 710 714
f 1787 704 707
f 1823 716 719
f 1841 722 725
f 1860 728 732
f 1931 752 755
f 2108 811 814
f 2018 781 784
f 2234 853 857
f 2255 860 862
f 2040 788 792
f 1945 757 759
f 2057 794 796
f 2075 800 803
f 2094 806 810
f 2111 812 815
f 2021 782 785
f 2237 854 856
f 2252 859 863
f 1928 751 754
f 1812 714 712
f 1791 707 705
f 1827 719 717
f 1845 725 723
f 1866 732 730
f 1935 755 753
f 2118 814 816
f 2028 784 786
f 2246 857 858
f 2259 862 861
f 2048 792 791
f 1953 759 761
f 2061 796 795
f 2079 803 801
f 2100 810 808
f 2115 815 813
f 2025 785 783
f 2241 856 855
f 2264 863 864
f 1938 754 756
f 1802 712 709
f 1783 705 703
f 1819 717 715
f 1837 723 721
f 1856 730 727
f 1927 753 751
f 2112 816 812
f 2022 786 782
f 2238 858 854
f 2251 861 859
f 2036 791 787
f 1949 761 758
f 2053 795 793
f 2071 801 799
f 2090 808 805
f 2107 813 811
f 2017 783 781
f 2233 855 853
f 2256 864 860
f 1932 756 752
f 1859 731 728
f 1805 713 710
f 1788 708 704
f 1824 720 716
f 1842 726 722
f 1878 738 734
f 2184 840 836
f 2306 881 877
f 2270 869 865
f 1892 743 739
f 2093 809 806
f 2039 790 788
f 1946 760 757
f 2058 798 794
f 2076 804 800
f 2130 822 818
f 1968 768 764
f 1982 772 769
f 2216 851 847
f 2287 873 871
f 2179 837 835
f 1873 735 733
f 1895 742 740
f 2273 868 866
f 2309 880 878
f 2165 832 830
f 2144 827 823
f 2000 778 775
f 2198 844 841
f 1913 749 746
f 2125 819 817
f 1963 765 763
f 1985 773 770
f 2219 850 848
f 2292 876 872
f 2162 833 829
f 2147 826 824
f 2003 779 776
f 2201 845 842
f 1910 748 745
f 1863 729 731
f 1809 711 713
f 1794 706 708
f 1830 718 720
f 1848 724 726
f 1886 737 738
f 2192 839 840
f 2318 882 881
f 2282 870 869
f 1904 744 743
f 2097 807 809
f 2043 789 790
f 1956 762 760
f 2066 797 798
f 2082 802 804
f 2138 821 822
f 1974 766 768
f 1992 774 772
f 2228 852 851
f 2295 874 873
f 2331 1270 1269
f 2327 1246 1245
f 2328 1251 1252
f 2334 1287 1288
f 2337 1305 1306
f 2346 1335 1336
f 2412 1552 1551
f 2499 1474 1473
f 2487 1600 1599
f 2436 1353 1354
f 2376 1480 1479
f 2372 1402 1401
f 2373 1407 1408
f 2379 1491 1492
f 2382 1503 1504
f 2396 1534 1533
f 2361 1413 1414
f 2418 1443 1444
f 2457 1593 1594
f 2463 1384 1383
f 2492 1324 1323
f 2402 1276 1275
f 2343 1264 1263
f 2433 1300 1299
f 2478 1318 1317
f 2406 1342 1341
f 2502 1563 1564
f 2484 1461 1462
f 2442 1587 1588
f 2349 1348 1347
f 2468 1522 1521
f 2387 1419 1420
f 2358 1396 1395
f 2421 1498 1497
f 2454 1516 1515
f 2472 1558 1557
f 2388 1426 1425
f 2364 1432 1431
f 2426 1569 1570
f 2448 1371 1372
f 2403 1281 1282
f 2342 1257 1258
f 2432 1293 1294
f 2477 1311 1312
f 2493 1329 1330
f 2462 1377 1378
f 2397 1539 1540
f 2367 1450 1449
f 2427 1576 1575
f 2447 1366 1365
f 2391 1485 1486
f 2357 1389 1390
f 2417 1438 1437
f 2453 1509 1510
f 2469 1527 1528
f 2411 1545 1546
f 2498 1467 1468
f 2483 1456 1455
f 2441 1582 1581
f 2352 1360 1359
f 2509 1271 1272
f 2503 1247 1248
f 2506 1254 1253
f 2512 1290 1289
f 2515 1308 1307
f 2518 1338 1337
f 2555 1553 1554
f 2541 1475 1476
f 2562 1601 1602
f 2522 1356 1355
f 2542 1481 1482
f 2528 1403 1404
f 2531 1410 1409
f 2545 1494 1493
f 2548 1506 1505
f 2551 1535 1536
f 2533 1416 1415
f 2537 1446 1445
f 2559 1596 1595
f 2526 1385 1386
f 1616 907 909
f 1608 889 891
f 1606 883 886
f 1612 895 898
f 1615 901 904
f 1624 919 922
f 1692 1057 1060
f 1782 1237 1240
f 1765 1201 1204
f 1714 1099 1102
f 1661 997 999
f 1653 979 981
f 1651 973 976
f 1657 985 988
f 1660 991 994
f 1675 1021 1024
f 1639 949 952
f 1696 1063 1066
f 1733 1135 1138
f 1751 1177 1179
f 1779 1231 1233
f 1683 1039 1041
f 1626 925 927
f 1721 1117 1119
f 1766 1207 1209
f 1689 1051 1053
f 1778 1225 1228
f 1760 1189 1192
f 1718 1105 1108
f 1629 931 933
f 1747 1165 1167
f 1665 1003 1005
f 1641 955 957
f 1704 1081 1083
f 1737 1147 1150
f 1750 1171 1174
f 1676 1027 1029
f 1644 961 963
f 1702 1075 1077
f 1726 1123 1126
f 1681 1033 1036
f 1620 913 915
f 1710 1093 1095
f 1755 1183 1185
f 1771 1213 1216
f 1740 1153 1155
f 1673 1015 1018
f 1647 967 970
f 1707 1087 1090
f 1734 1141 1143
f 1669 1009 1012
f 1635 943 945
f 1698 1069 1071
f 1729 1129 1131
f 1745 1159 1162
f 1687 1045 1047
f 1774 1219 1221
f 1762 1195 1197
f 1720 1111 1114
f 1632 937 940
f 2189 1280 1284
f 1883 1256 1260
f 1903 1292 1296
f 2281 1310 1314
f 2317 1328 1332
f 2173 1376 1380
f 2158 1538 1542
f 2012 1447 1451
f 2210 1573 1577
f 1924 1363 1367
f 2135 1484 1488
f 1973 1388 1392
f 1996 1435 1439
f 2227 1508 1512
f 2304 1526 1530
f 2176 1544 1548
f 2155 1466 1470
f 2014 1453 1457
f 2212 1579 1583
f 1922 1357 1361
f 1864 1268 1270
f 1810 1244 1246
f 1795 1249 1251
f 1831 1285 1287
f 1849 1303 1305
f 1887 1333 1335
f 2193 1550 1552
f 2321 1472 1474
f 2285 1598 1600
f 1907 1351 1353
f 2098 1478 1480
f 2044 1400 1402
f 1961 1405 1407
f 2067 1489 1491
f 2083 1501 1503
f 2139 1532 1534
f 1975 1411 1413
f 1997 1441 1443
f 2231 1591 1593
f 2298 1382 1384
f 2190 1322 1324
f 1884 1274 1276
f 1900 1262 1264
f 2278 1298 1300
f 2314 1316 1318
f 2170 1340 1342
f 2159 1561 1563
f 2015 1459 1461
f 2213 1585 1587
f 1918 1346 1348
f 2136 1520 1522
f 1977 1417 1419
f 1990 1394 1396
f 2224 1496 1498
f 2301 1514 1516
f 2177 1556 1558
f 2152 1424 1426
f 2008 1430 1432
f 2206 1567 1569
f 1925 1369 1371
f 1817 1279 1281
f 1797 1255 1257
f 1833 1291 1293
f 1851 1309 1311
f 1871 1327 1329
f 1941 1375 1377
f 2119 1537 1539
f 2029 1448 1450
f 2247 1574 1576
f 2262 1364 1366
f 2051 1483 1485
f 1954 1387 1389
f 2064 1436 1438
f 2085 1507 1509
f 2105 1525 1527
f 2121 1543 1545
f 2031 1465 1467
f 2244 1454 1456
f 2265 1580 1582
f 1939 1358 1360
f 1814 1267 1271
f 1793 1243 1247
f 1829 1250 1254
f 1847 1286 1290
f 1868 1304 1308
f 1937 1334 1338
f 2124 1549 1553
f 2034 1471 1475
f 2250 1597 1601
f 2261 1352 1356
f 2050 1477 1481
f 1960 1399 1403
f 2063 1406 1410
f 2081 1490 1494
f 2102 1502 1506
f 2117 1531 1535
f 2027 1412 1416
f 2243 1442 1446
f 2268 1592 1596
f 1944 1381 1385
f 1804 890 894
f 1785 884 887
f 1821 896 899
f 1839 902 905
f 1858 908 912
f 1929 938 941
f 2114 1046 1050
f 2024 1220 1224
f 2240 1196 1200
f 2253 1112 1115
f 2038 980 984
f 1951 974 977
f 2055 986 989
f 2073 992 995
f 2092 998 1002
f 2109 1016 1019
f 2019 968 971
f 2235 1088 1091
f 2258 1142 1146
f 1934 1154 1158
f 1861 1214 1217
f 1807 1034 1037
f 1790 914 918
f 1826 1094 1098
f 1844 1184 1188
f 1880 1040 1044
f 2186 1232 1236
f 2308 1208 1212
f 2272 1118 1122
f 1894 926 930
f 2095 1160 1163
f 2041 1010 1013
f 1948 944 948
f 2060 1070 1074
f 2078 1130 1134
f 2132 1166 1170
f 1970 1004 1008
f 1984 956 960
f 2218 1082 1086
f 2289 1148 1151
f 2181 1058 1061
f 1875 920 923
f 1897 1100 1103
f 2275 1202 1205
f 2311 1238 1241
f 2167 1172 1175
f 2146 1028 1032
f 2002 962 966
f 2200 1076 1080
f 1915 1124 1127
f 2127 1022 1025
f 1965 950 953
f 1987 1064 1067
f 2221 1136 1139
f 2294 1178 1182
f 2164 1052 1056
f 2149 1226 1229
f 2005 1190 1193
f 2203 1106 1109
f 1912 932 936
f 1870 1321 1325
f 1816 1273 1277
f 1800 1261 1265
f 1836 1297 1301
f 1854 1315 1319
f 1890 1339 1343
f 2196 1562 1566
f 2320 1460 1464
f 2284 1586 1590
f 1906 1345 1349
f 2104 1519 1523
f 2047 1418 1422
f 1958 1393 1397
f 2070 1495 1499
f 2088 1513 1517
f 2142 1555 1559
f 1980 1423 1427
f 1994 1429 1433
f 2230 1568 1572
f 2297 1370 1374
f 2329 894 892
f 2323 887 885
f 2326 899 897
f 2333 905 903
f 2336 912 910
f 2345 941 939
f 2409 1050 1048
f 2496 1224 1222
f 2485 1200 1198
f 2435 1115 1113
f 2374 984 982
f 2368 977 975
f 2371 989 987
f 2378 995 993
f 2381 1002 1000
f 2392 1019 1017
f 2360 971 969
f 2416 1091 1089
f 2456 1146 1144
f 2460 1158 1156
f 2488 1217 1215
f 2398 1037 1035
f 2340 918 916
f 2430 1098 1096
f 2475 1188 1186
f 2404 1044 1042
f 2501 1236 1234
f 2482 1212 1210
f 2440 1122 1120
f 2347 930 928
f 2464 1163 1161
f 2384 1013 1011
f 2355 948 946
f 2419 1074 1072
f 2451 1134 1132
f 2470 1170 1168
f 2385 1008 1006
f 2362 960 958
f 2423 1086 1084
f 2446 1151 1149
f 2401 1061 1059
f 2339 923 921
f 2429 1103 1101
f 2474 1205 1203
f 2491 1241 1239
f 2459 1175 1173
f 2395 1032 1030
f 2365 966 964
f 2424 1080 1078
f 2443 1127 1125
f 2390 1025 1023
f 2354 953 951
f 2413 1067 1065
f 2450 1139 1137
f 2467 1182 1180
f 2408 1056 1054
f 2495 1229 1227
f 2479 1193 1191
f 2437 1109 1107
f 2350 936 934
f 2511 1325 1326
f 2505 1277 1278
f 2507 1265 1266
f 2513 1301 1302
f 2516 1319 1320
f 2519 1343 1344
f 2556 1566 1565
f 2540 1464 1463
f 2561 1590 1589
f 2521 1349 1350
f 2544 1523 1524
f 2529 1422 1421
f 2530 1397 1398
f 2546 1499 1500
f 2549 1517 1518
f 2553 1559 1560
f 2534 1427 1428
f 2536 1433 1434
f 2557 1572 1571
f 2525 1374 1373
f 1609 892 889
f 1605 885 883
f 1611 897 895
f 1614 903 901
f 1617 910 907
f 1631 939 937
f 1688 1048 1045
f 1775 1222 1219
f 1763 1198 1195
f 1719 1113 1111
f 1654 982 979
f 1650 975 973
f 1656 987 985
f 1659 993 991
f 1662 1000 997
f 1672 1017 1015
f 1646 969 967
f 1706 1089 1087
f 1735 1144 1141
f 1741 1156 1153
f 1770 1215 1213
f 1680 1035 1033
f 1621 916 913
f 1711 1096 1093
f 1756 1186 1183
f 1684 1042 1039
f 1780 1234 1231
f 1767 1210 1207
f 1722 1120 1117
f 1627 928 925
f 1744 1161 1159
f 1668 1011 1009
f 1636 946 943
f 1699 1072 1069
f 1730 1132 1129
f 1748 1168 1165
f 1666 1006 1003
f 1642 958 955
f 1705 1084 1081
f 1736 1149 1147
f 1691 1059 1057
f 1623 921 919
f 1713 1101 1099
f 1764 1203 1201
f 1781 1239 1237
f 1749 1173 1171
f 1677 1030 1027
f 1645 964 961
f 1703 1078 1075
f 1725 1125 1123
f 1674 1023 1021
f 1638 951 949
f 1695 1065 1063
f 1732 1137 1135
f 1752 1180 1177
f 1690 1054 1051
f 1777 1227 1225
f 1759 1191 1189
f 1717 1107 1105
f 1630 934 931
f 2191 1326 1322
f 1885 1278 1274
f 1901 1266 1262
f 2279 1302 1298
f 2315 1320 1316
f 2171 1344 1340
f 2160 1565 1561
f 2016 1463 1459
f 2214 1589 1585
f 1919 1350 1346
f 2137 1524 1520
f 1978 1421 1417
f 1991 1398 1394
f 2225 1500 1496
f 2302 1518 1514
f 2178 1560 1556
f 2153 1428 1424
f 2009 1434 1430
f 2207 1571 1567
f 1926 1373 1369
f 1857 911 908
f 1803 893 890
f 1786 888 884
f 1822 900 896
f 1840 906 902
f 1876 924 920
f 2182 1062 1058
f 2312 1242 1238
f 2276 1206 1202
f 1898 1104 1100
f 2091 1001 998
f 2037 983 980
f 1952 978 974
f 2056 990 986
f 2074 996 992
f 2128 1026 1022
f 1966 954 950
f 1988 1068 1064
f 2222 1140 1136
f 2293 1181 1178
f 2185 1235 1232
f 1879 1043 1040
f 1893 929 926
f 2271 1121 1118
f 2307 1211 1208
f 2163 1055 1052
f 2150 1230 1226
f 2006 1194 1190
f 2204 1110 1106
f 1911 935 932
f 2131 1169 1166
f 1969 1007 1004
f 1983 959 956
f 2217 1085 1082
f 2290 1152 1148
f 2168 1176 1172
f 2145 1031 1028
f 2001 965 962
f 2199 1079 1076
f 1916 1128 1124
f 1808 1038 1034
f 1789 917 914
f 1825 1097 1094
f 1843 1187 1184
f 1862 1218 1214
f 1933 1157 1154
f 2110 1020 1016
f 2020 972 968
f 2236 1092 1088
f 2257 1145 1142
f 2042 1014 1010
f 1947 947 944
f 2059 1073 1070
f 2077 1133 1130
f 2096 1164 1160
f 2113 1049 1046
f 2023 1223 1220
f 2239 1199 1196
f 2254 1116 1112
f 1930 942 938
f 1818 1283 1279
f 1798 1259 1255
f 1834 1295 1291
f 1852 1313 1309
f 1872 1331 1327
f 1942 1379 1375
f 2120 1541 1537
f 2030 1452 1448
f 2248 1578 1574
f 2263 1368 1364
f 2052 1487 1483
f 1955 1391 1387
f 2065 1440 1436
f 2086 1511 1507
f 2106 1529 1525
f 2122 1547 1543
f 2032 1469 1465
f 2245 1458 1454
f 2266 1584 1580
f 1940 1362 1358
f 1813 1269 1267
f 1792 1245 1243
f 1828 1252 1250
f 1846 1288 1286
f 1867 1306 1304
f 1936 1336 1334
f 2123 1551 1549
f 2033 1473 1471
f 2249 1599 1597
f 2260 1354 1352
f 2049 1479 1477
f 1959 1401 1399
f 2062 1408 1406
f 2080 1492 1490
f 2101 1504 1502
f 2116 1533 1531
f 2026 1414 1412
f 2242 1444 1442
f 2267 1594 1592
f 1943 1383 1381
f 1869 1323 1321
f 1815 1275 1273
f 1799 1263 1261
f 1835 1299 1297
f 1853 1317 1315
f 1889 1341 1339
f 2195 1564 1562
f 2319 1462 1460
f 2283 1588 1586
f 1905 1347 1345
f 2103 1521 1519
f 2046 1420 1418
f 1957 1395 1393
f 2069 1497 1495
f 2087 1515 1513
f 2141 1557 1555
f 1979 1425 1423
f 1993 1431 1429
f 2229 1570 1568
f 2296 1372 1370
f 2188 1282 1280
f 1882 1258 1256
f 1902 1294 1292
f 2280 1312 1310
f 2316 1330 1328
f 2172 1378 1376
f 2157 1540 1538
f 2011 1449 1447
f 2209 1575 1573
f 1923 1365 1363
f 2134 1486 1484
f 1972 1390 1388
f 1995 1437 1435
f 2226 1510 1508
f 2303 1528 1526
f 2175 1546 1544
f 2154 1468 1466
f 2013 1455 1453
f 2211 1581 1579
f 1921 1359 1357
f 1865 1272 1268
f 1811 1248 1244
f 1796 1253 1249
f 1832 1289 1285
f 1850 1307 1303
f 1888 1337 1333
f 2194 1554 1550
f 2322 1476 1472
f 2286 1602 1598
f 1908 1355 1351
f 2099 1482 1478
f 2045 1404 1400
f 1962 1409 1405
f 2068 1493 1489
f 2084 1505 1501
f 2140 1536 1532
f 1976 1415 1411
f 1998 1445 1441
f 2232 1595 1591
f 2299 1386 1382
f 2330 909 911
f 2324 891 893
f 2325 886 888
f 2332 898 900
f 2335 904 906
f 2344 922 924
f 2410 1060 1062
f 2497 1240 1242
f 2486 1204 1206
f 2434 1102 1104
f 2375 999 1001
f 2369 981 983
f 2370 976 978
f 2377 988 990
f 2380 994 996
f 2393 1024 1026
f 2359 952 954
f 2415 1066 1068
f 2455 1138 1140
f 2461 1179 1181
f 2489 1233 1235
f 2399 1041 1043
f 2341 927 929
f 2431 1119 1121
f 2476 1209 1211
f 2405 1053 1055
f 2500 1228 1230
f 2481 1192 1194
f 2439 1108 1110
f 2348 933 935
f 2465 1167 1169
f 2383 1005 1007
f 2356 957 959
f 2420 1083 1085
f 2452 1150 1152
f 2471 1174 1176
f 2386 1029 1031
f 2363 963 965
f 2422 1077 1079
f 2445 1126 1128
f 2400 1036 1038
f 2338 915 917
f 2428 1095 1097
f 2473 1185 1187
f 2490 1216 1218
f 2458 1155 1157
f 2394 1018 1020
f 2366 970 972
f 2425 1090 1092
f 2444 1143 1145
f 2389 1012 1014
f 2353 945 947
f 2414 1071 1073
f 2449 1131 1133
f 2466 1162 1164
f 2407 1047 1049
f 2494 1221 1223
f 2480 1197 1199
f 2438 1114 1116
f 2351 940 942
f 2510 1284 1283
f 2504 1260 1259
f 2508 1296 1295
f 2514 1314 1313
f 2517 1332 1331
f 2520 1380 1379
f 2554 1542 1541
f 2539 1451 1452
f 2560 1577 1578
f 2523 1367 1368
f 2543 1488 1487
f 2527 1392 1391
f 2532 1439 1440
f 2547 1512 1511
f 2550 1530 1529
f 2552 1548 1547
f 2535 1470 1469
f 2538 1457 1458
f 2558 1583 1584
f 2524 1361 1362
f 1607 1616 1609
f 1603 1608 1605
f 1604 1606 1611
f 1610 1612 1614
f 1613 1615 1617
f 1622 1624 1631
f 1686 1692 1688
f 1773 1782 1775
f 1761 1765 1763
f 1712 1714 1719
f 1652 1661 1654
f 1648 1653 1650
f 1649 1651 1656
f 1655 1657 1659
f 1658 1660 1662
f 1670 1675 1672
f 1637 1639 1646
f 1694 1696 1706
f 1731 1733 1735
f 1739 1751 1741
f 1768 1779 1770
f 1678 1683 1680
f 1619 1626 1621
f 1709 1721 1711
f 1754 1766 1756
f 1682 1689 1684
f 1776 1778 1780
f 1758 1760 1767
f 1716 1718 1722
f 1625 1629 1627
f 1742 1747 1744
f 1663 1665 1668
f 1634 1641 1636
f 1697 1704 1699
f 1728 1737 1730
f 1746 1750 1748
f 1664 1676 1666
f 1640 1644 1642
f 1700 1702 1705
f 1724 1726 1736
f 1679 1681 1691
f 1618 1620 1623
f 1708 1710 1713
f 1753 1755 1764
f 1769 1771 1781
f 1738 1740 1749
f 1671 1673 1677
f 1643 1647 1645
f 1701 1707 1703
f 1723 1734 1725
f 1667 1669 1674
f 1633 1635 1638
f 1693 1698 1695
f 1727 1729 1732
f 1743 1745 1752
f 1685 1687 1690
f 1772 1774 1777
f 1757 1762 1759
f 1715 1720 1717
f 1628 1632 1630
f 2187 2189 2191
f 1881 1883 1885
f 1899 1903 1901
f 2277 2281 2279
f 2313 2317 2315
f 2169 2173 2171
f 2156 2158 2160
f 2010 2012 2016
f 2208 2210 2214
f 1917 1924 1919
f 2133 2135 2137
f 1971 1973 1978
f 1989 1996 1991
f 2223 2227 2225
f 2300 2304 2302
f 2174 2176 2178
f 2151 2155 2153
f 2007 2014 2009
f 2205 2212 2207
f 1920 1922 1926
f 1855 1864 1857
f 1801 1810 1803
f 1784 1795 1786
f 1820 1831 1822
f 1838 1849 1840
f 1874 1887 1876
f 2180 2193 2182
f 2310 2321 2312
f 2274 2285 2276
f 1896 1907 1898
f 2089 2098 2091
f 2035 2044 2037
f 1950 1961 1952
f 2054 2067 2056
f 2072 2083 2074
f 2126 2139 2128
f 1964 1975 1966
f 1986 1997 1988
f 2220 2231 2222
f 2291 2298 2293
f 2183 2190 2185
f 1877 1884 1879
f 1891 1900 1893
f 2269 2278 2271
f 2305 2314 2307
f 2161 2170 2163
f 2148 2159 2150
f 2004 2015 2006
f 2202 2213 2204
f 1909 1918 1911
f 2129 2136 2131
f 1967 1977 1969
f 1981 1990 1983
f 2215 2224 2217
f 2288 2301 2290
f 2166 2177 2168
f 2143 2152 2145
f 1999 2008 2001
f 2197 2206 2199
f 1914 1925 1916
f 1806 1817 1808
f 1787 1797 1789
f 1823 1833 1825
f 1841 1851 1843
f 1860 1871 1862
f 1931 1941 1933
f 2108 2119 2110
f 2018 2029 2020
f 2234 2247 2236
f 2255 2262 2257
f 2040 2051 2042
f 1945 1954 1947
f 2057 2064 2059
f 2075 2085 2077
f 2094 2105 2096
f 2111 2121 2113
f 2021 2031 2023
f 2237 2244 2239
f 2252 2265 2254
f 1928 1939 1930
f 1812 1814 1818
f 1791 1793 1798
f 1827 1829 1834
f 1845 1847 1852
f 1866 1868 1872
f 1935 1937 1942
f 2118 2124 2120
f 2028 2034 2030
f 2246 2250 2248
f 2259 2261 2263
f 2048 2050 2052
f 1953 1960 1955
f 2061 2063 2065
f 2079 2081 2086
f 2100 2102 2106
f 2115 2117 2122
f 2025 2027 2032
f 2241 2243 2245
f 2264 2268 2266
f 1938 1944 1940
f 1802 1804 1813
f 1783 1785 1792
f 1819 1821 1828
f 1837 1839 1846
f 1856 1858 1867
f 1927 1929 1936
f 2112 2114 2123
f 2022 2024 2033
f 2238 2240 2249
f 2251 2253 2260
f 2036 2038 2049
f 1949 1951 1959
f 2053 2055 2062
f 2071 2073 2080
f 2090 2092 2101
f 2107 2109 2116
f 2017 2019 2026
f 2233 2235 2242
f 2256 2258 2267
f 1932 1934 1943
f 1859 1861 1869
f 1805 1807 1815
f 1788 1790 1799
f 1824 1826 1835
f 1842 1844 1853
f 1878 1880 1889
f 2184 2186 2195
f 2306 2308 2319
f 2270 2272 2283
f 1892 1894 1905
f 2093 2095 2103
f 2039 2041 2046
f 1946 1948 1957
f 2058 2060 2069
f 2076 2078 2087
f 2130 2132 2141
f 1968 1970 1979
f 1982 1984 1993
f 2216 2218 2229
f 2287 2289 2296
f 2179 2181 2188
f 1873 1875 1882
f 1895 1897 1902
f 2273 2275 2280
f 2309 2311 2316
f 2165 2167 2172
f 2144 2146 2157
f 2000 2002 2011
f 2198 2200 2209
f 1913 1915 1923
f 2125 2127 2134
f 1963 1965 1972
f 1985 1987 1995
f 2219 2221 2226
f 2292 2294 2303
f 2162 2164 2175
f 2147 2149 2154
f 2003 2005 2013
f 2201 2203 2211
f 1910 1912 1921
f 1863 1870 1865
f 1809 1816 1811
f 1794 1800 1796
f 1830 1836 1832
f 1848 1854 1850
f 1886 1890 1888
f 2192 2196 2194
f 2318 2320 2322
f 2282 2284 2286
f 1904 1906 1908
f 2097 2104 2099
f 2043 2047 2045
f 1956 1958 1962
f 2066 2070 2068
f 2082 2088 2084
f 2138 2142 2140
f 1974 1980 1976
f 1992 1994 1998
f 2228 2230 2232
f 2295 2297 2299
f 2331 2329 2330
f 2327 2323 2324
f 2328 2326 2325
f 2334 2333 2332
f 2337 2336 2335
f 2346 2345 2344
f 2412 2409 2410
f 2499 2496 2497
f 2487 2485 2486
f 2436 2435 2434
f 2376 2374 2375
f 2372 2368 2369
f 2373 2371 2370
f 2379 2378 2377
f 2382 2381 2380
f 2396 2392 2393
f 2361 2360 2359
f 2418 2416 2415
f 2457 2456 2455
f 2463 2460 2461
f 2492 2488 2489
f 2402 2398 2399
f 2343 2340 2341
f 2433 2430 2431
f 2478 2475 2476
f 2406 2404 2405
f 2502 2501 2500
f 2484 2482 2481
f 2442 2440 2439
f 2349 2347 2348
f 2468 2464 2465
f 2387 2384 2383
f 2358 2355 2356
f 2421 2419 2420
f 2454 2451 2452
f 2472 2470 2471
f 2388 2385 2386
f 2364 2362 2363
f 2426 2423 2422
f 2448 2446 2445
f 2403 2401 2400
f 2342 2339 2338
f 2432 2429 2428
f 2477 2474 2473
f 2493 2491 2490
f 2462 2459 2458
f 2397 2395 2394
f 2367 2365 2366
f 2427 2424 2425
f 2447 2443 2444
f 2391 2390 2389
f 2357 2354 2353
f 2417 2413 2414
f 2453 2450 2449
f 2469 2467 2466
f 2411 2408 2407
f 2498 2495 2494
f 2483 2479 2480
f 2441 2437 2438
f 2352 2350 2351
f 2509 2511 2510
f 2503 2505 2504
f 2506 2507 2508
f 2512 2513 2514
f 2515 2516 2517
f 2518 2519 2520
f 2555 2556 2554
f 2541 2540 2539
f 2562 2561 2560
f 2522 2521 2523
f 2542 2544 2543
f 2528 2529 2527
f 2531 2530 2532
f 2545 2546 2547
f 2548 2549 2550
f 2551 2553 2552
f 2533 2534 2535
f 2537 2536 2538
f 2559 2557 2558
f 2526 2525 2524