v -0.220330 0.270979 -0.180068
v 0.214728 0.274159 -0.180810
v -0.380736 -0.655848 -0.013968
v 0.381895 -0.654347 -0.007223
v -0.005187 -0.542542 0.845974
v -0.001232 0.140958 0.490355
v 0.007104 -0.286691 -0.465682
v -0.000100 0.540939 -0.835925
v 0.367620 0.068397 -0.290258
v 0.402268 -0.036752 0.310074
v -0.372020 0.059904 -0.283897
v -0.400837 -0.034100 0.320498
v 0.007259 0.416191 -0.165053
v -0.164831 0.187835 0.197621
v -0.240539 0.796296 -0.535059
v -0.314113 0.187474 -0.262032
v -0.382355 0.061488 0.141005
v 0.168331 0.192111 0.189660
v 0.244171 0.825771 -0.561903
v 0.314427 0.181962 -0.276028
v 0.370975 0.060324 0.124786
v -0.005347 -0.707150 -0.001485
v -0.249144 -0.714624 0.489286
v -0.195051 -0.578886 -0.358184
v -0.421657 -0.242475 -0.155444
v -0.412886 -0.287174 0.234505
v 0.259492 -0.932310 0.584536
v 0.193932 -0.569757 -0.361700
v 0.418426 -0.238513 -0.162284
v 0.410245 -0.295947 0.248149
v -0.002615 0.014318 0.826171
v 0.380751 -0.239758 0.674839
v -0.377836 -0.255446 0.666783
v 0.273824 0.053915 0.474849
v -0.274573 0.050906 0.482396
v -0.004235 0.073117 -0.707343
v 0.222897 -0.059673 -0.384235
v -0.217459 -0.063242 -0.394560
v 0.375414 0.270917 -0.816365
v -0.383013 0.252617 -0.795412
v 0.406041 0.000887 0.005378
v -0.407503 0.007697 0.022682
v -0.138380 0.359356 -0.179430
v -0.198591 0.215368 -0.010594
v -0.261575 0.513513 -0.347142
v -0.280917 0.253836 -0.235911
v -0.293583 0.161351 -0.026708
v 0.148619 0.359882 -0.180915
v 0.199671 0.219090 -0.019881
v 0.233081 0.502596 -0.321058
v 0.263043 0.256337 -0.231452
v 0.282348 0.164566 -0.037072
v -0.228575 -0.778860 -0.004077
v -0.293275 -0.614864 0.203244
v -0.405632 -0.833879 -0.288491
v -0.442352 -0.489367 -0.104751
v -0.394793 -0.468743 0.119911
v 0.217942 -0.765729 -0.001347
v 0.277052 -0.630961 0.259608
v 0.399002 -0.829069 -0.309430
v 0.445252 -0.486480 -0.115414
v 0.391743 -0.477594 0.139520
v -0.111796 -0.897874 0.798155
v 0.142782 -0.764989 0.793383
v -0.003590 -0.275456 0.924055
v 0.247732 -0.424299 0.843878
v -0.253550 -0.446855 0.839730
v -0.077419 0.145851 0.364433
v 0.078019 0.144894 0.363210
v -0.001252 0.125747 0.639002
v 0.131586 0.119920 0.508072
v -0.133153 0.116214 0.511058
v -0.071866 -0.409362 -0.410754
v 0.080861 -0.406476 -0.411080
v 0.002302 -0.073471 -0.502091
v 0.111952 -0.198067 -0.454182
v -0.102828 -0.198053 -0.457090
v -0.140723 0.742729 -0.748276
v 0.154486 0.732001 -0.742748
v -0.007722 0.298373 -0.840128
v 0.187721 0.446489 -0.852014
v -0.187243 0.448461 -0.859919
v 0.366909 0.110291 -0.303913
v 0.361302 -0.030387 -0.194553
v 0.319187 0.028693 -0.350079
v 0.360271 0.132615 -0.486694
v 0.389356 0.035913 -0.153921
v 0.395738 0.017895 0.233684
v 0.411121 -0.129579 0.294566
v 0.394292 -0.119589 0.458480
v 0.371345 -0.007755 0.397691
v 0.407176 -0.014304 0.168645
v -0.364406 0.117160 -0.289963
v -0.364273 -0.041277 -0.195939
v -0.320859 0.014425 -0.350059
v -0.361677 0.130664 -0.468036
v -0.391240 0.036588 -0.141952
v -0.394373 0.019190 0.245932
v -0.411551 -0.127217 0.297476
v -0.394182 -0.120293 0.458828
v -0.372521 -0.006905 0.406818
v -0.404919 -0.010561 0.185187
v -0.070088 0.255126 -0.014839
v -0.104751 0.667590 -0.295874
v 0.080711 0.253415 -0.017386
v 0.115811 0.681628 -0.308816
v -0.291088 0.121834 0.175852
v 0.002120 0.205712 0.194023
v -0.225071 0.111179 0.351506
v -0.363885 0.595953 -0.433819
v 0.006552 0.849409 -0.534323
v -0.316893 0.548238 -0.678145
v -0.356390 0.094440 -0.058619
v -0.343510 0.290250 -0.487205
v -0.386880 0.056971 -0.103953
v -0.349244 0.056807 0.313196
v -0.398794 0.033627 0.077011
v 0.280799 0.124686 0.162021
v 0.221503 0.115956 0.342136
v 0.363207 0.537960 -0.469037
v 0.316666 0.570819 -0.655684
v 0.346550 0.100287 -0.074147
v 0.338878 0.308596 -0.488752
v 0.387253 0.049398 -0.120153
v 0.345386 0.058468 0.302706
v 0.398086 0.027089 0.061606
v -0.126382 -0.700820 0.263761
v -0.111966 -0.734353 -0.245723
v 0.095203 -0.708999 0.298813
v 0.114517 -0.731041 -0.244750
v -0.363692 -0.492849 0.366195
v -0.018458 -0.747935 0.557480
v -0.401961 -0.586987 0.645824
v -0.398036 -0.437990 -0.314358
v 0.001396 -0.573103 -0.340858
v -0.230663 -0.318668 -0.394083
v -0.438286 -0.272561 0.033158
v -0.335041 -0.172222 -0.302206
v -0.409612 -0.078168 -0.040745
v -0.402389 -0.302791 0.448326
v -0.415341 -0.106760 0.126047
v 0.363095 -0.527665 0.442208
v 0.340315 -0.528993 0.761537
v 0.393274 -0.427082 -0.331336
v 0.234752 -0.316192 -0.390266
v 0.439090 -0.271244 0.026237
v 0.339030 -0.164327 -0.300496
v 0.411913 -0.070191 -0.051334
v 0.395715 -0.303998 0.479130
v 0.416737 -0.105873 0.114118
v 0.244413 -0.106917 0.826246
v -0.249361 -0.120718 0.834172
v 0.187728 0.061273 0.673244
v -0.186647 0.057253 0.676553
v 0.329452 -0.048244 0.593467
v -0.328048 -0.051255 0.600234
v 0.114993 0.000964 -0.560489
v -0.116823 0.000820 -0.559987
v 0.165632 0.142624 -0.848935
v -0.173454 0.133228 -0.832058
v 0.278706 0.049487 -0.632412
v -0.282021 0.049623 -0.608261
v -0.186428 0.312639 -0.188290
v -0.210172 0.238875 -0.105841
v -0.225545 0.356822 -0.258988
v -0.250162 0.265581 -0.214502
v -0.250281 0.218655 -0.113564
v 0.185455 0.311022 -0.190490
v 0.207824 0.240954 -0.114753
v 0.217859 0.360274 -0.240935
v 0.236103 0.271649 -0.205746
v 0.242419 0.222620 -0.118312
v -0.334558 -0.735906 -0.015691
v -0.335375 -0.628019 0.076768
v -0.426666 -0.759934 -0.108541
v -0.420094 -0.598155 -0.060728
v -0.384964 -0.563373 0.048355
v 0.332367 -0.729653 -0.006585
v 0.329200 -0.629872 0.097169
v 0.428066 -0.755760 -0.113838
v 0.420609 -0.596434 -0.062649
v 0.383066 -0.567731 0.062045
v -0.084907 -0.650117 0.825989
v 0.069472 -0.633626 0.818885
v -0.006336 -0.420507 0.878197
v 0.112885 -0.500266 0.855683
v -0.120024 -0.510448 0.854918
v -0.035435 0.140456 0.434882
v 0.033677 0.140212 0.434496
v -0.001138 0.139576 0.557538
v 0.057652 0.137520 0.504926
v -0.059873 0.135500 0.505628
v -0.025015 -0.350512 -0.445905
v 0.038391 -0.346159 -0.445700
v 0.005584 -0.194153 -0.481238
v 0.054977 -0.258451 -0.471884
v -0.041101 -0.258770 -0.469505
v -0.058294 0.626888 -0.801799
v 0.068512 0.625652 -0.804939
v -0.004191 0.433103 -0.849564
v 0.092109 0.504010 -0.841283
v -0.091943 0.504534 -0.841555
v 0.372659 0.087570 -0.300708
v 0.363624 0.034062 -0.241097
v 0.351789 0.056267 -0.319955
v 0.362320 0.094660 -0.367635
v 0.378001 0.055429 -0.228613
v 0.399878 -0.007918 0.276467
v 0.406878 -0.070584 0.304349
v 0.400487 -0.070642 0.372613
v 0.395735 -0.024676 0.351035
v 0.404937 -0.025189 0.246917
v -0.375532 0.086631 -0.290175
v -0.364915 0.019633 -0.239866
v -0.355195 0.045116 -0.315593
v -0.368592 0.089947 -0.357938
v -0.380196 0.049700 -0.220566
v -0.396971 -0.006028 0.288646
v -0.405351 -0.068271 0.312714
v -0.400629 -0.068562 0.378774
v -0.395885 -0.023444 0.360842
v -0.400739 -0.022572 0.260062
v -0.074234 0.401293 -0.159077
v 0.089695 0.398732 -0.169126
v -0.026395 0.284892 -0.132974
v -0.048337 0.562659 -0.199958
v 0.043937 0.285643 -0.130459
v 0.056040 0.556299 -0.211193
v -0.187843 0.201897 0.095107
v -0.120587 0.161972 0.282812
v -0.128739 0.240533 0.107853
v -0.227856 0.156367 0.186015
v -0.083766 0.202062 0.196552
v -0.195191 0.144021 0.277206
v -0.303524 0.708719 -0.443979
v -0.214220 0.818775 -0.630272
v -0.185811 0.765418 -0.415029
v -0.481513 0.734741 -0.579863
v -0.186023 0.985354 -0.511464
v -0.297296 0.685865 -0.616857
v -0.282605 0.226887 -0.238984
v -0.343116 0.146273 -0.279828
v -0.288879 0.340949 -0.347201
v -0.333617 0.134790 -0.160395
v -0.318570 0.249266 -0.371186
v -0.360387 0.101003 -0.178944
v -0.344136 0.103368 0.062366
v -0.391331 0.040305 0.197814
v -0.347500 0.087700 0.163214
v -0.374616 0.069435 0.043741
v -0.376693 0.056805 0.232275
v -0.392984 0.044748 0.108608
v 0.191879 0.209918 0.087693
v 0.123405 0.162782 0.280330
v 0.131622 0.239282 0.097010
v 0.087960 0.203342 0.191611
v 0.226280 0.162191 0.176385
v 0.192683 0.146420 0.268017
v 0.248570 0.678509 -0.429752
v 0.202654 0.801165 -0.661225
v 0.207580 0.810710 -0.447694
v 0.202324 0.983993 -0.545987
v 0.378773 0.782553 -0.509455
v 0.288757 0.714998 -0.604678
v 0.289767 0.227923 -0.255094
v 0.344224 0.139099 -0.294570
v 0.307203 0.328951 -0.353319
v 0.329023 0.132478 -0.174972
v 0.319654 0.254472 -0.375803
v 0.356926 0.093781 -0.195077
v 0.328340 0.106830 0.046317
v 0.388602 0.038396 0.184359
v 0.330787 0.092038 0.145248
v 0.363693 0.074284 0.026902
v 0.369360 0.060165 0.217981
v 0.390932 0.040433 0.095151
v -0.119111 -0.726703 -0.011896
v 0.108376 -0.725235 -0.003997
v -0.066836 -0.705521 0.130524
v -0.068436 -0.694598 -0.132426
v 0.045222 -0.706885 0.139041
v 0.066254 -0.692876 -0.126462
v -0.261957 -0.631856 0.353881
v -0.261812 -0.950559 0.584310
v -0.180694 -0.690952 0.391765
v -0.319099 -0.601950 0.440159
v -0.145597 -0.766099 0.523590
v -0.347429 -0.727330 0.568427
v -0.280674 -0.725250 -0.361195
v -0.127398 -0.481436 -0.378870
v -0.157074 -0.700166 -0.327330
v -0.302388 -0.532537 -0.355688
v -0.095548 -0.579769 -0.347156
v -0.218348 -0.445091 -0.375771
v -0.443980 -0.364438 -0.134147
v -0.390229 -0.133578 -0.173086
v -0.421656 -0.338379 -0.230691
v -0.443451 -0.261245 -0.061991
v -0.387095 -0.212169 -0.237817
v -0.417574 -0.155302 -0.091852
v -0.405429 -0.377560 0.183481
v -0.414604 -0.202482 0.271950
v -0.394339 -0.386540 0.297763
v -0.422521 -0.280939 0.131416
v -0.407263 -0.296351 0.340424
v -0.420965 -0.192962 0.177808
v 0.225886 -0.667426 0.478004
v 0.157557 -0.914965 0.776905
v 0.143146 -0.705445 0.479697
v 0.099533 -0.823653 0.597079
v 0.345711 -0.711052 0.558878
v 0.371904 -0.816589 0.787256
v 0.268540 -0.706792 -0.368331
v 0.131715 -0.478274 -0.379830
v 0.156013 -0.691938 -0.326518
v 0.097787 -0.575624 -0.346859
v 0.293100 -0.521099 -0.365393
v 0.219472 -0.440011 -0.378274
v 0.442661 -0.360353 -0.145417
v 0.381575 -0.127536 -0.173705
v 0.410643 -0.333316 -0.234160
v 0.446649 -0.256718 -0.074428
v 0.378021 -0.207067 -0.235774
v 0.413467 -0.149804 -0.099920
v 0.402465 -0.387596 0.202623
v 0.412515 -0.207344 0.277107
v 0.390292 -0.402571 0.335551
v 0.421587 -0.283913 0.134433
v 0.401933 -0.305325 0.365100
v 0.418731 -0.195424 0.174713
v -0.000921 -0.118255 0.912046
v -0.001452 0.089393 0.732127
v 0.121251 -0.043288 0.845660
v -0.126729 -0.051750 0.847294
v 0.110691 0.052617 0.763770
v -0.111276 0.048653 0.765081
v 0.332226 -0.323839 0.774492
v 0.385210 -0.177361 0.559997
v 0.368476 -0.374360 0.699145
v 0.386742 -0.284260 0.582715
v 0.330439 -0.180323 0.756056
v 0.358833 -0.131204 0.640479
v -0.338357 -0.350939 0.771112
v -0.388071 -0.180873 0.555866
v -0.387487 -0.406602 0.665680
v -0.395220 -0.293391 0.557345
v -0.330733 -0.194506 0.765371
v -0.358372 -0.136057 0.646181
v 0.205086 0.089074 0.496943
v 0.331135 0.019893 0.440885
v 0.247699 0.087026 0.409568
v 0.311788 0.055162 0.386909
v 0.234815 0.055065 0.570906
v 0.301704 0.012074 0.537574
v -0.206239 0.085566 0.502938
v -0.331697 0.018761 0.449442
v -0.249750 0.082249 0.417922
v -0.312041 0.053729 0.394710
v -0.234372 0.052534 0.576475
v -0.301188 0.009806 0.544633
v -0.000663 0.014329 -0.580088
v -0.007100 0.160569 -0.820543
v 0.061263 0.033379 -0.645997
v -0.066984 0.031815 -0.642624
v 0.070948 0.106527 -0.774980
v -0.083787 0.102591 -0.766855
v 0.166279 -0.128457 -0.418576
v 0.277416 -0.007281 -0.369041
v 0.232155 -0.187913 -0.387285
v 0.280647 -0.116381 -0.347317
v 0.166229 -0.010640 -0.452184
v 0.240266 0.013817 -0.475666
v -0.164125 -0.131750 -0.435037
v -0.271782 -0.015032 -0.364968
v -0.230106 -0.191699 -0.402047
v -0.276327 -0.122644 -0.352519
v -0.164631 -0.015643 -0.461693
v -0.237898 0.012593 -0.470406
v 0.266656 0.367103 -0.876374
v 0.379803 0.183750 -0.647905
v 0.343406 0.426718 -0.742692
v 0.369709 0.309422 -0.639429
v 0.271795 0.208012 -0.922851
v 0.362819 0.094680 -0.799881
v -0.274603 0.375178 -0.920260
v -0.373488 0.180641 -0.613725
v -0.346923 0.407124 -0.742051
v -0.365250 0.292865 -0.620815
v -0.319030 0.155841 -0.964970
v -0.362113 0.107936 -0.747883
v 0.400628 0.016223 -0.075326
v 0.407620 -0.008674 0.087295
v 0.398996 0.026467 -0.053954
v 0.402797 0.015505 0.031449
v 0.409295 -0.019662 -0.018507
v 0.411168 -0.037172 0.060014
v -0.403652 0.022990 -0.058634
v -0.407376 -0.003393 0.104463
v -0.399253 0.033783 -0.037747
v -0.402981 0.022574 0.048199
v -0.408485 -0.018114 -0.002879
v -0.410291 -0.032113 0.077514
v -0.157850 0.259683 -0.112809
v -0.189384 0.441868 -0.254557
v -0.095845 0.276800 -0.124244
v -0.127225 0.508976 -0.225268
v -0.249933 0.189100 -0.015685
v -0.139903 0.240289 -0.010362
v -0.243547 0.169968 0.085312
v -0.271537 0.380570 -0.329603
v -0.195108 0.600834 -0.328608
v -0.444868 0.569812 -0.413044
v -0.284873 0.196641 -0.130367
v -0.287609 0.403086 -0.336185
v -0.311071 0.168032 -0.143901
v -0.298273 0.137062 0.075616
v -0.327984 0.129262 -0.041805
v 0.164364 0.258750 -0.121245
v 0.186728 0.441432 -0.248059
v 0.110246 0.273657 -0.125673
v 0.147532 0.513407 -0.215718
v 0.243451 0.192674 -0.025704
v 0.147058 0.241968 -0.017085
v 0.239154 0.174626 0.074609
v 0.256035 0.383041 -0.286102
v 0.189957 0.605305 -0.330637
v 0.296437 0.544246 -0.388534
v 0.272776 0.199725 -0.133945
v 0.292386 0.376835 -0.328434
v 0.301475 0.172091 -0.154168
v 0.285099 0.140845 0.061482
v 0.317091 0.133577 -0.053635
v -0.262155 -0.666158 0.090009
v -0.326043 -0.957453 -0.118225
v -0.173766 -0.697493 0.111774
v -0.147071 -0.845311 -0.143796
v -0.352678 -0.550256 0.164100
v -0.220254 -0.667522 0.236979
v -0.328002 -0.559099 0.296458
v -0.448905 -0.638492 -0.191412
v -0.222314 -0.904375 -0.329004
v -0.418327 -0.618472 -0.329298
v -0.420864 -0.477993 0.008229
v -0.437757 -0.481428 -0.218084
v -0.445130 -0.373223 -0.029507
v -0.374066 -0.472042 0.238880
v -0.423100 -0.375039 0.075264
v 0.249334 -0.658633 0.112126
v 0.323341 -0.960572 -0.118724
v 0.151720 -0.684218 0.130314
v 0.123698 -0.858597 -0.137309
v 0.345933 -0.563734 0.202822
v 0.193198 -0.683464 0.294553
v 0.316319 -0.587734 0.376279
v 0.457030 -0.631238 -0.208119
v 0.217567 -0.906930 -0.316836
v 0.379547 -0.603045 -0.303278
v 0.420615 -0.480107 0.009951
v 0.439816 -0.475989 -0.233127
v 0.445457 -0.372252 -0.038550
v 0.369155 -0.490260 0.282489
v 0.421561 -0.378439 0.078623
v -0.036036 -0.693806 0.748096
v -0.251995 -0.652125 0.861140
v -0.093855 -0.805720 0.647516
v -0.363562 -0.818016 0.763298
v 0.260425 -0.649422 0.866069
v 0.052741 -0.736348 0.687375
v 0.302669 -0.783593 0.804875
v 0.123916 -0.340649 0.890580
v -0.134363 -0.354819 0.883606
v 0.128298 -0.181026 0.901185
v -0.135471 -0.196607 0.896871
v 0.362187 -0.522105 0.787397
v 0.251419 -0.252282 0.852709
v -0.389439 -0.546084 0.797770
v -0.251247 -0.274576 0.846032
v 0.000052 0.147389 0.366641
v -0.107804 0.130821 0.437345
v -0.039830 0.170847 0.283685
v -0.152637 0.134131 0.360320
v 0.105492 0.131920 0.432446
v 0.044083 0.172440 0.283118
v 0.150823 0.134917 0.353664
v 0.076688 0.131337 0.583364
v -0.078183 0.129550 0.585549
v 0.094277 0.107778 0.671409
v -0.094341 0.102767 0.672493
v 0.178291 0.114081 0.425647
v 0.157239 0.098554 0.586895
v -0.181077 0.110276 0.433194
v -0.159527 0.097004 0.592239
v 0.004395 -0.420282 -0.411540
v -0.093880 -0.317417 -0.441875
v -0.040549 -0.493743 -0.377647
v -0.150488 -0.374734 -0.406042
v 0.106129 -0.315749 -0.445177
v 0.045509 -0.493460 -0.377114
v 0.158912 -0.374035 -0.406796
v 0.055292 -0.135017 -0.480992
v -0.047394 -0.134922 -0.482616
v 0.050288 -0.016920 -0.512667
v -0.049040 -0.016329 -0.515980
v 0.172775 -0.259598 -0.424994
v 0.103986 -0.066417 -0.456686
v -0.165184 -0.260315 -0.428818
v -0.102182 -0.070467 -0.471391
v 0.004215 0.745471 -0.749831
v -0.175447 0.595812 -0.808856
v -0.080783 0.828315 -0.643504
v -0.261692 0.681148 -0.734734
v 0.193030 0.592580 -0.801180
v 0.089167 0.823049 -0.649553
v 0.261039 0.675432 -0.721748
v 0.087739 0.367632 -0.850656
v -0.098725 0.368074 -0.851189
v 0.080413 0.227947 -0.837617
v -0.099165 0.225551 -0.833212
v 0.285781 0.526782 -0.801400
v 0.182264 0.292140 -0.877161
v -0.276102 0.519434 -0.804029
v -0.188962 0.287532 -0.876430
v 0.362367 0.133367 -0.394297
v 0.382346 0.067203 -0.223239
v 0.343342 0.180392 -0.396444
v 0.376217 0.076460 -0.212784
v 0.340942 -0.002367 -0.266338
v 0.377542 0.014815 -0.169489
v 0.349941 -0.093765 -0.240824
v 0.388174 -0.054679 -0.127022
v 0.342950 0.080880 -0.425365
v 0.314992 -0.052995 -0.304048
v 0.301429 0.046885 -0.468412
v 0.359274 0.206539 -0.509412
v 0.343979 0.097549 -0.577057
v 0.391620 0.044156 -0.139550
v 0.397140 0.000505 -0.094001
v 0.388678 0.008263 0.315380
v 0.402302 0.001768 0.198960
v 0.383361 0.035014 0.272102
v 0.398121 0.022671 0.148989
v 0.406367 -0.131744 0.380352
v 0.410993 -0.051537 0.224212
v 0.408267 -0.211876 0.378029
v 0.415250 -0.116044 0.203608
v 0.384305 -0.055304 0.433333
v 0.399731 -0.203459 0.472881
v 0.370012 -0.092092 0.529585
v 0.358331 0.027927 0.353575
v 0.351779 -0.027257 0.489605
v 0.403768 0.008581 0.116434
v 0.410698 -0.039477 0.141280
v -0.364488 0.134850 -0.380276
v -0.380897 0.070509 -0.210306
v -0.344415 0.184976 -0.383494
v -0.373265 0.086520 -0.197341
v -0.342167 -0.013162 -0.266037
v -0.377418 0.004753 -0.164226
v -0.353140 -0.101924 -0.243097
v -0.389826 -0.059087 -0.120182
v -0.345128 0.072558 -0.415464
v -0.309883 -0.060296 -0.301294
v -0.302419 0.042572 -0.457344
v -0.359076 0.201706 -0.492218
v -0.343222 0.099455 -0.551316
v -0.391445 0.050267 -0.124266
v -0.396473 0.000364 -0.081352
v -0.390687 0.010143 0.326540
v -0.399652 0.004443 0.212874
v -0.386506 0.036565 0.283830
v -0.397623 0.026747 0.163547
v -0.406445 -0.129999 0.379789
v -0.407898 -0.054723 0.238301
v -0.409950 -0.207838 0.367133
v -0.414544 -0.117436 0.212726
v -0.383840 -0.055185 0.439893
v -0.402858 -0.203164 0.462206
v -0.369508 -0.093792 0.533665
v -0.362677 0.028710 0.363907
v -0.350672 -0.028232 0.496834
v -0.402178 0.013095 0.132484
v -0.409696 -0.043011 0.159495
v 0.005705 0.256029 -0.019612
v -0.038471 0.234065 0.094069
v 0.008580 0.704504 -0.291191
v -0.064267 0.795125 -0.406242
v 0.045321 0.234014 0.091600
v 0.085284 0.823602 -0.419018
v -0.265147 0.115688 0.267531
v -0.328917 0.083237 0.253318
v -0.291694 0.082754 0.335495
v -0.355475 0.555422 -0.556594
v -0.332053 0.406033 -0.464715
v -0.342794 0.417356 -0.591994
v -0.376492 0.065784 -0.080406
v -0.388799 0.052587 0.015552
v -0.394250 0.042752 -0.013136
v 0.258665 0.120648 0.255563
v 0.320914 0.087723 0.240335
v 0.287458 0.087344 0.325072
v 0.406961 0.655639 -0.483735
v 0.299444 0.443322 -0.443753
v 0.344571 0.457464 -0.575121
v 0.371809 0.065692 -0.096938
v 0.387015 0.046585 0.001718
v 0.394992 0.034469 -0.028523
v -0.014587 -0.709300 0.283104
v -0.076973 -0.714136 0.417511
v -0.000197 -0.666055 -0.225094
v -0.053650 -0.649074 -0.301724
v 0.039078 -0.723626 0.447594
v 0.054426 -0.645727 -0.297272
v -0.371396 -0.537371 0.498966
v -0.391175 -0.404554 0.416942
v -0.394701 -0.420356 0.539780
v -0.306099 -0.380217 -0.356340
v -0.368447 -0.297221 -0.307971
v -0.298259 -0.247760 -0.362816
v -0.430348 -0.169687 -0.003692
v -0.424905 -0.184184 0.084509
v -0.413705 -0.091896 0.042443
v 0.375015 -0.570716 0.615145
v 0.384565 -0.418209 0.473958
v 0.378887 -0.410903 0.606122
v 0.306156 -0.374592 -0.362401
v 0.362607 -0.291489 -0.309378
v 0.305854 -0.242103 -0.362268
v 0.433580 -0.164338 -0.015927
v 0.426177 -0.183088 0.076817
v 0.418627 -0.090703 0.028390
v 0.215437 -0.005626 0.753242
v 0.305074 -0.068370 0.710951
v -0.217558 -0.009612 0.761742
v -0.302379 -0.075609 0.719695
v 0.267717 0.005872 0.644046
v -0.267583 0.003236 0.651678
v 0.135887 -0.000400 -0.745235
v 0.197196 0.007402 -0.618811
v -0.147623 0.002109 -0.736043
v -0.197647 0.011043 -0.607445
v 0.234993 0.050170 -0.826906
v -0.237935 0.008410 -0.821269
v -0.205814 0.289401 -0.184884
v -0.215390 0.254980 -0.147346
v -0.218554 0.302712 -0.216267
v -0.233354 0.269531 -0.195819
v -0.232704 0.245551 -0.152109
v 0.201654 0.289334 -0.187801
v 0.211297 0.255859 -0.154516
v 0.212405 0.305838 -0.210052
v 0.224474 0.274554 -0.191700
v 0.226038 0.248853 -0.154928
v -0.363068 -0.692976 -0.017157
v -0.359239 -0.642806 0.025250
v -0.396316 -0.696431 -0.054577
v -0.402131 -0.635651 -0.034927
v -0.382111 -0.611988 0.013782
v 0.364716 -0.689795 -0.009230
v 0.357192 -0.641572 0.036393
v 0.399942 -0.694249 -0.051602
v 0.402287 -0.633917 -0.031830
v 0.382202 -0.612975 0.023216
v -0.038841 -0.589424 0.837529
v 0.027270 -0.582923 0.833859
v -0.005007 -0.487679 0.858342
v 0.047498 -0.523605 0.849630
v -0.056674 -0.528824 0.850644
v -0.016535 0.140327 0.465870
v 0.014450 0.140954 0.466106
v -0.001436 0.141692 0.520662
v 0.024382 0.141454 0.499208
v -0.026912 0.139864 0.498721
v -0.006407 -0.317834 -0.458097
v 0.020579 -0.315292 -0.458104
v 0.006894 -0.249247 -0.474594
v 0.028240 -0.274614 -0.469025
v -0.014171 -0.275269 -0.468262
v -0.025955 0.579525 -0.824720
v 0.029853 0.578480 -0.824549
v -0.002125 0.493882 -0.844505
v 0.042040 0.525620 -0.838422
v -0.043934 0.527663 -0.844640
v 0.370901 0.077371 -0.295697
v 0.367383 0.056020 -0.267082
v 0.361530 0.065214 -0.303250
v 0.365019 0.079263 -0.323009
v 0.372446 0.062787 -0.262524
v 0.401158 -0.022617 0.294970
v 0.404109 -0.050795 0.307925
v 0.402061 -0.050010 0.337052
v 0.399777 -0.031731 0.328569
v 0.403576 -0.032493 0.282459
v -0.375525 0.072327 -0.287348
v -0.368847 0.043229 -0.263655
v -0.365489 0.054129 -0.298615
v -0.371957 0.073485 -0.315128
v -0.375406 0.055335 -0.256223
v -0.398780 -0.020767 0.306583
v -0.402646 -0.046806 0.317461
v -0.402168 -0.047602 0.345865
v -0.399968 -0.028820 0.338724
v -0.399987 -0.028194 0.293862
v -0.034387 0.413342 -0.162240
v 0.049247 0.411077 -0.167963
v -0.010969 0.347806 -0.149551
v -0.018228 0.491301 -0.176381
v 0.027068 0.348093 -0.150111
v 0.029355 0.486646 -0.184128
v -0.183804 0.197600 0.151155
v -0.142959 0.174200 0.240935
v -0.151647 0.219509 0.157596
v -0.197978 0.172654 0.192844
v -0.126714 0.199042 0.199549
v -0.179393 0.163863 0.237445
v -0.286151 0.761521 -0.490484
v -0.228774 0.839118 -0.586273
v -0.230961 0.811281 -0.473595
v -0.328947 0.752858 -0.549486
v -0.282607 0.958679 -0.509463
v -0.270452 0.748709 -0.580819
v -0.294913 0.206823 -0.251478
v -0.330039 0.165055 -0.271079
v -0.292557 0.249788 -0.304969
v -0.322666 0.158413 -0.210811
v -0.312112 0.218366 -0.315101
v -0.337323 0.141230 -0.220251
v -0.368761 0.079010 0.105278
v -0.386833 0.050520 0.170271
v -0.368225 0.073212 0.153534
v -0.380883 0.065611 0.093365
v -0.378841 0.058800 0.186301
v -0.388790 0.052982 0.124823
v 0.189998 0.208148 0.144418
v 0.145049 0.174926 0.236059
v 0.161431 0.218456 0.148564
v 0.130514 0.200591 0.192155
v 0.199123 0.178824 0.183708
v 0.179499 0.166562 0.229598
v 0.244744 0.764483 -0.495626
v 0.242416 0.834059 -0.616419
v 0.259076 0.857013 -0.525848
v 0.251620 0.948036 -0.599203
v 0.264800 0.769347 -0.526197
v 0.255918 0.774607 -0.585603
v 0.302277 0.206865 -0.265681
v 0.328574 0.158510 -0.285985
v 0.307182 0.247459 -0.314777
v 0.320647 0.153962 -0.225489
v 0.314348 0.217152 -0.325795
v 0.335251 0.133895 -0.235386
v 0.351326 0.080555 0.086943
v 0.383035 0.047174 0.157294
v 0.353050 0.075485 0.135899
v 0.367587 0.066448 0.075784
v 0.371611 0.058852 0.172213
v 0.384023 0.048574 0.111501
v -0.064090 -0.710656 -0.006024
v 0.053219 -0.711201 -0.000709
v -0.036438 -0.707034 0.062830
v -0.033835 -0.701410 -0.067752
v 0.020136 -0.707995 0.067599
v 0.029062 -0.701640 -0.064794
v -0.248928 -0.653000 0.439137
v -0.256460 -0.802462 0.538604
v -0.206783 -0.692386 0.452871
v -0.287563 -0.659398 0.469144
v -0.200081 -0.755881 0.504771
v -0.300667 -0.733553 0.523096
v -0.233175 -0.644840 -0.355928
v -0.159818 -0.525968 -0.366735
v -0.178504 -0.644215 -0.346070
v -0.248017 -0.563052 -0.360098
v -0.144813 -0.583009 -0.352384
v -0.208489 -0.511117 -0.367252
v -0.436363 -0.302113 -0.145246
v -0.405353 -0.186859 -0.164358
v -0.422335 -0.289870 -0.191974
v -0.433427 -0.253468 -0.109828
v -0.405461 -0.229480 -0.197971
v -0.420772 -0.197756 -0.121665
v -0.409258 -0.332813 0.210476
v -0.414350 -0.244200 0.254931
v -0.405013 -0.336623 0.265476
v -0.416706 -0.284384 0.182351
v -0.409650 -0.291689 0.286967
v -0.417555 -0.240216 0.205090
v 0.255438 -0.797499 0.517773
v 0.209472 -1.006806 0.712908
v 0.181711 -0.820104 0.529847
v 0.154073 -0.944451 0.605444
v 0.323936 -0.849181 0.557215
v 0.335645 -0.924607 0.721255
v 0.228085 -0.630952 -0.360872
v 0.160792 -0.520779 -0.368290
v 0.176492 -0.634825 -0.348041
v 0.144912 -0.576001 -0.354118
v 0.242579 -0.552608 -0.368065
v 0.207770 -0.504192 -0.371337
v 0.438307 -0.297650 -0.157088
v 0.398782 -0.181671 -0.167647
v 0.420009 -0.285293 -0.198078
v 0.434363 -0.249024 -0.120244
v 0.398758 -0.224521 -0.200577
v 0.417000 -0.193093 -0.128881
v 0.407477 -0.341407 0.227543
v 0.411504 -0.250755 0.264293
v 0.401932 -0.348021 0.289926
v 0.414743 -0.290111 0.190521
v 0.405661 -0.301442 0.306737
v 0.415592 -0.244881 0.209887
v -0.003183 -0.041717 0.871078
v -0.001357 0.058544 0.781001
v 0.059864 -0.008976 0.844959
v -0.066291 -0.012295 0.846061
v 0.057569 0.037350 0.798904
v -0.060764 0.035887 0.801022
v 0.366137 -0.276258 0.728574
v 0.382372 -0.207846 0.616433
v 0.372518 -0.305583 0.684978
v 0.382594 -0.265305 0.628887
v 0.360969 -0.211671 0.716529
v 0.372933 -0.181856 0.659528
v -0.362575 -0.301061 0.722106
v -0.384299 -0.216003 0.610000
v -0.380818 -0.327880 0.667330
v -0.388046 -0.278620 0.612105
v -0.360530 -0.225831 0.720330
v -0.370652 -0.191274 0.660388
v 0.240483 0.071720 0.487364
v 0.304841 0.036430 0.459501
v 0.260797 0.071178 0.442596
v 0.292866 0.054698 0.429944
v 0.254626 0.053777 0.521790
v 0.287552 0.034579 0.506648
v -0.241870 0.068444 0.494737
v -0.303834 0.034094 0.466767
v -0.262749 0.067447 0.450905
v -0.292974 0.051714 0.437681
v -0.255262 0.051215 0.528890
v -0.286834 0.031966 0.513584
v -0.002173 0.041283 -0.643460
v -0.005223 0.111102 -0.768837
v 0.030474 0.054649 -0.677543
v -0.037143 0.053474 -0.675178
v 0.032237 0.090114 -0.740720
v -0.042372 0.088502 -0.737498
v 0.194392 -0.093254 -0.399857
v 0.251200 -0.029801 -0.374186
v 0.227432 -0.123589 -0.383978
v 0.251670 -0.089778 -0.365721
v 0.194112 -0.031947 -0.411169
v 0.226723 -0.010029 -0.411167
v -0.192401 -0.098003 -0.418774
v -0.243899 -0.033404 -0.374643
v -0.224309 -0.127776 -0.398599
v -0.247747 -0.094215 -0.374888
v -0.190093 -0.035074 -0.423769
v -0.222315 -0.010762 -0.412418
v 0.344207 0.339156 -0.894909
v 0.401135 0.220533 -0.745658
v 0.358676 0.350242 -0.786369
v 0.393929 0.295122 -0.736553
v 0.347909 0.236219 -0.925011
v 0.381583 0.186802 -0.833367
v -0.344237 0.307324 -0.877039
v -0.391069 0.212447 -0.701648
v -0.365810 0.334205 -0.773969
v -0.383288 0.280453 -0.701074
v -0.349858 0.210865 -0.898458
v -0.385541 0.171893 -0.788419
v 0.404141 0.007830 -0.035068
v 0.407372 -0.004697 0.046186
v 0.402903 0.014468 -0.023570
v 0.405174 0.009303 0.018193
v 0.407267 -0.008969 -0.006768
v 0.408941 -0.015987 0.033171
v -0.406037 0.013991 -0.018235
v -0.408110 0.001505 0.063496
v -0.403859 0.021137 -0.006914
v -0.405449 0.015322 0.035044
v -0.409192 -0.002477 0.010693
v -0.409540 -0.009157 0.050796
v -0.164682 0.336619 -0.186428
v -0.109659 0.381595 -0.167117
v -0.143135 0.295081 -0.157895
v -0.163045 0.403154 -0.213812
v -0.114510 0.311408 -0.155548
v -0.135494 0.432448 -0.197327
v -0.204368 0.225151 -0.060134
v -0.193159 0.207903 0.041061
v -0.177387 0.236688 -0.061135
v -0.225387 0.202314 -0.012384
v -0.170431 0.228412 -0.010076
v -0.221352 0.193104 0.038471
v -0.240318 0.428699 -0.302521
v -0.290113 0.608552 -0.394176
v -0.221679 0.477258 -0.300228
v -0.273116 0.452324 -0.345023
v -0.233815 0.561866 -0.341143
v -0.321180 0.550815 -0.396015
v -0.268641 0.262537 -0.228539
v -0.280935 0.246055 -0.238348
v -0.272620 0.316341 -0.285036
v -0.282735 0.221003 -0.182597
v -0.275972 0.311665 -0.290120
v -0.292444 0.210200 -0.188455
v -0.270879 0.190655 -0.070913
v -0.318596 0.131622 0.017898
v -0.272497 0.175741 -0.020498
v -0.289003 0.177277 -0.078487
v -0.296708 0.148054 0.024370
v -0.312033 0.146175 -0.034033
v 0.168908 0.337527 -0.187526
v 0.123606 0.381223 -0.172733
v 0.152090 0.297327 -0.160152
v 0.168269 0.403648 -0.210784
v 0.128657 0.311990 -0.159225
v 0.150707 0.432578 -0.192761
v 0.204083 0.228704 -0.069283
v 0.195216 0.212907 0.032794
v 0.181406 0.238830 -0.069717
v 0.222405 0.206059 -0.022234
v 0.174951 0.231297 -0.017724
v 0.219190 0.197512 0.028449
v 0.224516 0.426410 -0.277658
v 0.241567 0.587583 -0.371185
v 0.208315 0.474186 -0.285319
v 0.247474 0.445015 -0.306173
v 0.213747 0.555886 -0.329759
v 0.261240 0.525730 -0.355156
v 0.248810 0.265022 -0.219111
v 0.277009 0.244184 -0.243523
v 0.261967 0.319318 -0.260371
v 0.267301 0.225447 -0.182280
v 0.277385 0.313227 -0.276637
v 0.281189 0.212857 -0.193665
v 0.261281 0.194254 -0.078351
v 0.304959 0.135118 0.004376
v 0.263119 0.178951 -0.031053
v 0.278235 0.180819 -0.085887
v 0.284372 0.151853 0.011681
v 0.300610 0.149067 -0.044593
v -0.289173 -0.773375 -0.001471
v -0.170569 -0.752128 -0.013276
v -0.248163 -0.703740 0.034397
v -0.273185 -0.894192 -0.025378
v -0.199315 -0.715310 0.043167
v -0.190148 -0.834325 -0.065085
v -0.312977 -0.617945 0.136774
v -0.276832 -0.620090 0.274956
v -0.277861 -0.641838 0.149022
v -0.325560 -0.584561 0.184343
v -0.258005 -0.641432 0.220204
v -0.310252 -0.587884 0.252297
v -0.419789 -0.813580 -0.195680
v -0.344757 -0.805713 -0.353820
v -0.381568 -0.910616 -0.223842
v -0.443540 -0.735128 -0.241610
v -0.327637 -0.908717 -0.331682
v -0.413777 -0.729971 -0.322277
v -0.432684 -0.547827 -0.084504
v -0.446791 -0.427897 -0.120873
v -0.442408 -0.557802 -0.145725
v -0.433263 -0.484390 -0.047597
v -0.444219 -0.489889 -0.162433
v -0.445555 -0.429221 -0.065749
v -0.389349 -0.515555 0.084434
v -0.400118 -0.423040 0.153115
v -0.375386 -0.511761 0.142421
v -0.407537 -0.472113 0.063575
v -0.383561 -0.468629 0.178298
v -0.410289 -0.423206 0.097301
v 0.278824 -0.758161 -0.003308
v 0.161804 -0.746574 -0.005663
v 0.236904 -0.682163 0.037883
v 0.266186 -0.881477 -0.019692
v 0.186553 -0.692255 0.045287
v 0.180184 -0.838124 -0.055080
v 0.302474 -0.625834 0.172216
v 0.252663 -0.643242 0.359338
v 0.263337 -0.649085 0.188194
v 0.314969 -0.600309 0.233157
v 0.236073 -0.657732 0.280853
v 0.294050 -0.609405 0.324692
v 0.436779 -0.819596 -0.203026
v 0.326203 -0.781972 -0.357361
v 0.379158 -0.925827 -0.237846
v 0.445584 -0.727822 -0.256033
v 0.322045 -0.902079 -0.329380
v 0.412991 -0.715344 -0.339478
v 0.435350 -0.545389 -0.091414
v 0.446837 -0.423795 -0.132810
v 0.449401 -0.552430 -0.158304
v 0.434456 -0.483948 -0.052789
v 0.448211 -0.483861 -0.176503
v 0.446447 -0.427591 -0.076414
v 0.387321 -0.522435 0.101783
v 0.397169 -0.432181 0.173331
v 0.371488 -0.522439 0.171175
v 0.405303 -0.477173 0.073856
v 0.379491 -0.481373 0.208806
v 0.407999 -0.429427 0.108136
v -0.126870 -0.737847 0.816224
v -0.160517 -0.992184 0.713155
v -0.092369 -0.767894 0.756999
v -0.217431 -0.771935 0.819020
v -0.095805 -0.874805 0.714175
v -0.247102 -0.935521 0.804972
v 0.110780 -0.693242 0.803460
v 0.148119 -0.854588 0.830429
v 0.054413 -0.716149 0.769183
v 0.209311 -0.729085 0.814861
v 0.080710 -0.768885 0.756942
v 0.237315 -0.826721 0.800887
v -0.005943 -0.347281 0.899425
v 0.002148 -0.204512 1.009634
v 0.060472 -0.305385 0.904157
v -0.071750 -0.314277 0.907219
v 0.065032 -0.227166 0.923190
v -0.072026 -0.238255 0.928981
v 0.181487 -0.469074 0.854535
v 0.298389 -0.374572 0.819463
v 0.250757 -0.531093 0.843518
v 0.183840 -0.380085 0.864170
v 0.305244 -0.476357 0.816740
v 0.246353 -0.335014 0.847384
v -0.188116 -0.483623 0.852733
v -0.306677 -0.400882 0.813813
v -0.253430 -0.542978 0.840599
v -0.193133 -0.397999 0.860333
v -0.318571 -0.496520 0.812331
v -0.251618 -0.357316 0.846030
v -0.056059 0.142059 0.400959
v -0.099590 0.152648 0.325341
v -0.039448 0.147266 0.366620
v -0.093385 0.138196 0.401722
v -0.059880 0.156173 0.325733
v -0.115206 0.141405 0.362701
v 0.055187 0.141704 0.399467
v 0.101266 0.153247 0.322782
v 0.039525 0.147648 0.365100
v 0.091780 0.137409 0.397015
v 0.062367 0.156472 0.324522
v 0.114797 0.140102 0.358808
v -0.000753 0.135883 0.598932
v -0.001451 0.109756 0.683295
v 0.041207 0.129812 0.614649
v -0.042914 0.131208 0.616325
v 0.045326 0.116979 0.657170
v -0.046705 0.116525 0.658389
v 0.094109 0.130303 0.508026
v 0.168784 0.105846 0.504251
v 0.118874 0.126361 0.470290
v 0.105930 0.127010 0.548333
v 0.155783 0.116182 0.467481
v 0.144178 0.110861 0.546893
v -0.095800 0.127096 0.509749
v -0.170026 0.101924 0.508803
v -0.120752 0.123493 0.473870
v -0.107489 0.122796 0.549582
v -0.157372 0.112209 0.472159
v -0.146011 0.108255 0.550829
v -0.047738 -0.378188 -0.428016
v -0.098224 -0.442607 -0.393892
v -0.033988 -0.418019 -0.411265
v -0.083471 -0.364617 -0.426711
v -0.057983 -0.451630 -0.393752
v -0.110809 -0.395046 -0.409378
v 0.058533 -0.374914 -0.428979
v 0.105016 -0.440502 -0.393836
v 0.042477 -0.415073 -0.411503
v 0.095334 -0.363028 -0.428840
v 0.064176 -0.450034 -0.394010
v 0.119976 -0.392452 -0.409751
v 0.003694 -0.134466 -0.490365
v 0.000676 -0.015224 -0.523370
v 0.028469 -0.103608 -0.492655
v -0.022022 -0.103834 -0.494497
v 0.025863 -0.041748 -0.506066
v -0.023250 -0.042313 -0.509337
v 0.084032 -0.229504 -0.465854
v 0.138788 -0.163708 -0.436539
v 0.113942 -0.263488 -0.456958
v 0.083368 -0.166287 -0.468618
v 0.142042 -0.230878 -0.440421
v 0.109036 -0.132435 -0.454344
v -0.071454 -0.230827 -0.464980
v -0.133975 -0.164878 -0.446802
v -0.100292 -0.261199 -0.451687
v -0.073937 -0.166376 -0.470186
v -0.133624 -0.229239 -0.442652
v -0.103140 -0.133819 -0.462755
v -0.096980 0.681807 -0.776009
v -0.180724 0.776805 -0.691914
v -0.072704 0.748160 -0.750725
v -0.160929 0.669266 -0.779708
v -0.113670 0.789507 -0.697518
v -0.209053 0.728035 -0.752458
v 0.110278 0.676895 -0.775600
v 0.188313 0.767462 -0.698005
v 0.083608 0.740658 -0.748579
v 0.179059 0.664862 -0.771196
v 0.120549 0.777355 -0.699421
v 0.222626 0.724225 -0.732707
v -0.005892 0.366771 -0.848968
v -0.008409 0.228603 -0.832438
v 0.038982 0.333188 -0.846437
v -0.053837 0.332555 -0.845728
v 0.037205 0.263727 -0.838832
v -0.054780 0.263175 -0.838376
v 0.140301 0.476241 -0.842078
v 0.233452 0.416452 -0.879665
v 0.192758 0.519622 -0.827755
v 0.136830 0.405559 -0.854066
v 0.240161 0.492380 -0.842288
v 0.184079 0.369570 -0.868411
v -0.139154 0.478666 -0.846268
v -0.232461 0.417943 -0.891486
v -0.183576 0.522727 -0.837053
v -0.143347 0.406814 -0.856602
v -0.235140 0.491127 -0.852476
v -0.188752 0.369541 -0.874547
v 0.372257 0.098536 -0.303670
v 0.356757 0.124465 -0.300674
v 0.364247 0.123506 -0.348947
v 0.375989 0.085902 -0.262052
v 0.355249 0.141907 -0.348872
v 0.370791 0.093611 -0.258770
v 0.361286 0.005259 -0.215959
v 0.368842 -0.074297 -0.180703
v 0.350466 -0.015971 -0.228023
v 0.370364 -0.007330 -0.181856
v 0.354409 -0.058212 -0.212568
v 0.374553 -0.044086 -0.161925
v 0.337194 0.042940 -0.336629
v 0.299138 0.012425 -0.361268
v 0.329655 0.013193 -0.305551
v 0.330381 0.055384 -0.388440
v 0.310975 -0.003466 -0.316810
v 0.310591 0.040904 -0.403286
v 0.360271 0.112382 -0.422043
v 0.365948 0.156067 -0.561365
v 0.362086 0.136967 -0.440062
v 0.352621 0.104205 -0.459944
v 0.362723 0.166726 -0.503863
v 0.355307 0.118755 -0.533578
v 0.383532 0.045529 -0.192219
v 0.395611 0.025929 -0.114901
v 0.386756 0.051650 -0.187535
v 0.385175 0.028551 -0.160461
v 0.391671 0.040656 -0.147279
v 0.393442 0.019524 -0.122457
v 0.397760 0.005326 0.255605
v 0.392822 0.028770 0.209830
v 0.392845 0.013509 0.274704
v 0.399015 0.008975 0.215492
v 0.390745 0.026358 0.252653
v 0.396877 0.020349 0.191474
v 0.409290 -0.096821 0.300051
v 0.412101 -0.166772 0.287027
v 0.409147 -0.132257 0.338329
v 0.411161 -0.091047 0.258032
v 0.411075 -0.169065 0.334290
v 0.412968 -0.124249 0.249417
v 0.398644 -0.093266 0.413442
v 0.389642 -0.147642 0.507162
v 0.401815 -0.127562 0.420354
v 0.389371 -0.085301 0.447451
v 0.399225 -0.158426 0.466850
v 0.384819 -0.107341 0.494878
v 0.386069 -0.017351 0.374575
v 0.353264 0.004714 0.420033
v 0.380952 0.000954 0.355840
v 0.377818 -0.029908 0.416746
v 0.365261 0.011082 0.376599
v 0.361734 -0.017305 0.442224
v 0.406217 -0.018570 0.208494
v 0.407757 -0.011179 0.128052
v 0.404814 -0.005934 0.183264
v 0.408345 -0.026911 0.195054
v 0.405876 -0.002207 0.142614
v 0.409083 -0.024361 0.154645
v -0.371013 0.101853 -0.291188
v -0.355016 0.131143 -0.286269
v -0.363275 0.128172 -0.335173
v -0.373665 0.091466 -0.248661
v -0.354091 0.147673 -0.334698
v -0.367489 0.102618 -0.244172
v -0.362890 -0.007995 -0.216299
v -0.374525 -0.085662 -0.183454
v -0.352259 -0.026464 -0.229332
v -0.371245 -0.016923 -0.178828
v -0.358829 -0.070730 -0.217555
v -0.378513 -0.053322 -0.160703
v -0.339628 0.030540 -0.334420
v -0.297982 -0.000976 -0.360711
v -0.331475 0.000265 -0.305998
v -0.332271 0.044290 -0.383106
v -0.311964 -0.017668 -0.318393
v -0.311150 0.029614 -0.399148
v -0.363332 0.108899 -0.408775
v -0.364806 0.154383 -0.535682
v -0.365103 0.136643 -0.423990
v -0.355231 0.100487 -0.444579
v -0.363049 0.164131 -0.483895
v -0.355101 0.117637 -0.510902
v -0.385416 0.043465 -0.181893
v -0.397955 0.029755 -0.100569
v -0.386611 0.052759 -0.175145
v -0.385591 0.023805 -0.151961
v -0.392323 0.044535 -0.133340
v -0.394360 0.019113 -0.111018
v -0.395396 0.007017 0.267971
v -0.393123 0.030317 0.222406
v -0.392553 0.014846 0.286426
v -0.397176 0.011953 0.229001
v -0.391128 0.027277 0.264319
v -0.396424 0.022902 0.204837
v -0.408600 -0.095024 0.306191
v -0.413777 -0.163147 0.286288
v -0.409723 -0.129641 0.339109
v -0.409930 -0.090834 0.266729
v -0.411741 -0.165703 0.330980
v -0.413607 -0.122269 0.255514
v -0.397495 -0.093524 0.416587
v -0.391596 -0.148923 0.505465
v -0.401712 -0.127019 0.419759
v -0.389062 -0.085350 0.451217
v -0.400741 -0.158220 0.462903
v -0.383543 -0.109321 0.496899
v -0.386621 -0.016384 0.383880
v -0.354307 0.004370 0.429067
v -0.382855 0.002180 0.365993
v -0.378262 -0.029237 0.424934
v -0.366608 0.011955 0.386138
v -0.361315 -0.017533 0.450200
v -0.402897 -0.016795 0.223531
v -0.406228 -0.008156 0.145167
v -0.401617 -0.002418 0.198615
v -0.406141 -0.027084 0.211332
v -0.403141 0.001501 0.158672
v -0.407068 -0.023556 0.172261
v -0.047265 0.267210 -0.074783
v -0.097141 0.246691 0.045816
v -0.082255 0.261634 -0.071851
v -0.106574 0.249555 -0.011666
v -0.032487 0.256282 -0.017890
v -0.056039 0.246746 0.041276
v -0.077110 0.624094 -0.233160
v -0.140891 0.712700 -0.357201
v -0.118033 0.589769 -0.256413
v -0.151597 0.635341 -0.313107
v -0.052525 0.687277 -0.291643
v -0.085700 0.734150 -0.351601
v 0.061082 0.262838 -0.076006
v 0.104576 0.248285 0.039807
v 0.095851 0.259259 -0.073798
v 0.115664 0.249289 -0.017123
v 0.043561 0.254446 -0.019253
v 0.064567 0.245515 0.037581
v 0.085248 0.620596 -0.254028
v 0.155495 0.742261 -0.375214
v 0.131583 0.596123 -0.262491
v 0.158452 0.648055 -0.323240
v 0.064237 0.697157 -0.301159
v 0.102869 0.761282 -0.360353
v -0.258699 0.139934 0.180286
v -0.322088 0.103826 0.171036
v -0.267031 0.145665 0.130961
v -0.296257 0.128524 0.126599
v -0.280017 0.118088 0.222508
v -0.313391 0.100534 0.217907
v -0.040971 0.203934 0.194743
v 0.045219 0.205467 0.192643
v -0.019156 0.188343 0.239484
v 0.023430 0.188606 0.238811
v -0.018892 0.219592 0.144391
v 0.023951 0.220228 0.142949
v -0.210943 0.126870 0.316092
v -0.237559 0.096513 0.385170
v -0.189477 0.123736 0.356800
v -0.203500 0.110077 0.392534
v -0.245187 0.113190 0.309325
v -0.259511 0.097178 0.344366
v -0.506707 0.620639 -0.497171
v -0.301660 0.459927 -0.388842
v -0.507666 0.656247 -0.400155
v -0.289956 0.541796 -0.380919
v -0.383324 0.556821 -0.499329
v -0.330713 0.482418 -0.452296
v -0.087174 0.863501 -0.520961
v 0.099020 0.880377 -0.543701
v -0.040739 0.847747 -0.589571
v 0.052453 0.846032 -0.594786
v -0.036243 0.831397 -0.466764
v 0.051238 0.843454 -0.480198
v -0.308581 0.618146 -0.648387
v -0.327859 0.476514 -0.709092
v -0.293221 0.615000 -0.710546
v -0.305603 0.540727 -0.745217
v -0.331888 0.552279 -0.615036
v -0.333688 0.482806 -0.638355
v -0.344849 0.113603 -0.109919
v -0.368050 0.078664 -0.006771
v -0.333334 0.129101 -0.100810
v -0.342790 0.110944 -0.049686
v -0.367141 0.079941 -0.069110
v -0.377115 0.067756 -0.019053
v -0.332117 0.274782 -0.427077
v -0.353568 0.295983 -0.551138
v -0.339915 0.233443 -0.435109
v -0.351360 0.243908 -0.492690
v -0.336515 0.343527 -0.477568
v -0.344784 0.352700 -0.540711
v -0.377712 0.071996 -0.140068
v -0.393415 0.045480 -0.070232
v -0.380724 0.069762 -0.150479
v -0.389282 0.054577 -0.114795
v -0.385146 0.057729 -0.092099
v -0.391028 0.048543 -0.058371
v -0.368221 0.057164 0.274446
v -0.329781 0.055032 0.352936
v -0.373489 0.046158 0.300323
v -0.355163 0.043410 0.339065
v -0.341091 0.069767 0.284990
v -0.320950 0.069251 0.324544
v -0.396002 0.038877 0.092430
v -0.400478 0.027883 0.062240
v -0.398246 0.029713 0.120263
v -0.400189 0.023992 0.104810
v -0.394902 0.043077 0.047048
v -0.397724 0.037840 0.032621
v 0.252987 0.144105 0.168582
v 0.306079 0.109342 0.153465
v 0.259266 0.150219 0.118828
v 0.283643 0.132580 0.111353
v 0.271731 0.122728 0.209658
v 0.300801 0.105244 0.202074
v 0.207103 0.130187 0.305831
v 0.234877 0.101977 0.376200
v 0.186711 0.126379 0.348614
v 0.200630 0.114490 0.384343
v 0.240339 0.117961 0.298499
v 0.254479 0.102325 0.333532
v 0.513708 0.625030 -0.555269
v 0.316080 0.423588 -0.398618
v 0.342417 0.552142 -0.427569
v 0.317479 0.451386 -0.388966
v 0.503050 0.733671 -0.363529
v 0.319806 0.492178 -0.420989
v 0.309048 0.642488 -0.622567
v 0.337101 0.499754 -0.700382
v 0.284387 0.619615 -0.688436
v 0.296512 0.547906 -0.728395
v 0.347438 0.601193 -0.576761
v 0.342636 0.521082 -0.620497
v 0.338077 0.114727 -0.124420
v 0.355346 0.086639 -0.023612
v 0.324225 0.134094 -0.113885
v 0.332157 0.117646 -0.063562
v 0.359929 0.082727 -0.085165
v 0.369600 0.069256 -0.034480
v 0.327551 0.287673 -0.428586
v 0.353024 0.314767 -0.558217
v 0.339690 0.239649 -0.442823
v 0.351294 0.253271 -0.503845
v 0.324426 0.371832 -0.467391
v 0.340427 0.383171 -0.532617
v 0.374904 0.066075 -0.156620
v 0.394478 0.037606 -0.086037
v 0.382533 0.060776 -0.166179
v 0.390141 0.047060 -0.130464
v 0.381484 0.053585 -0.108849
v 0.390956 0.041275 -0.074275
v 0.363374 0.059997 0.262657
v 0.328741 0.056721 0.344373
v 0.370419 0.045302 0.289652
v 0.352076 0.043542 0.329062
v 0.335996 0.073166 0.273662
v 0.319675 0.072567 0.315739
v 0.394795 0.033724 0.078202
v 0.400709 0.020846 0.046240
v 0.398301 0.024637 0.105631
v 0.401185 0.018170 0.089700
v 0.393287 0.036694 0.032448
v 0.397658 0.029653 0.017429
v -0.096844 -0.702381 0.197541
v -0.154979 -0.695654 0.329022
v -0.150342 -0.696362 0.187136
v -0.182570 -0.695220 0.253397
v -0.070352 -0.705049 0.273967
v -0.100995 -0.705238 0.340153
v -0.096096 -0.709221 -0.189368
v -0.130324 -0.733362 -0.295805
v -0.120818 -0.798344 -0.209085
v -0.143965 -0.817486 -0.284905
v -0.069517 -0.673618 -0.231229
v -0.088093 -0.681279 -0.272926
v 0.069695 -0.708252 0.216243
v 0.118058 -0.701238 0.388479
v 0.125201 -0.707700 0.216402
v 0.150733 -0.712879 0.302675
v 0.041004 -0.710248 0.291583
v 0.066778 -0.712556 0.376620
v 0.094051 -0.707893 -0.187061
v 0.131891 -0.729876 -0.293258
v 0.126807 -0.796174 -0.203955
v 0.153797 -0.817535 -0.279050
v 0.067827 -0.676202 -0.228740
v 0.086453 -0.681437 -0.270484
v -0.344250 -0.547232 0.403218
v -0.380526 -0.438838 0.331434
v -0.346342 -0.528174 0.333919
v -0.367218 -0.480085 0.301431
v -0.364810 -0.512228 0.431681
v -0.378856 -0.451707 0.393562
v -0.083979 -0.758448 0.539718
v 0.046986 -0.761888 0.577976
v -0.055655 -0.764367 0.601253
v 0.020027 -0.738554 0.620986
v -0.051000 -0.729807 0.493393
v 0.011662 -0.739674 0.507112
v -0.378826 -0.670138 0.615553
v -0.394903 -0.492075 0.658461
v -0.394424 -0.697994 0.697636
v -0.388872 -0.577191 0.715926
v -0.382319 -0.565170 0.568615
v -0.396728 -0.493534 0.590984
v -0.353958 -0.488809 -0.343082
v -0.413233 -0.388550 -0.270426
v -0.398813 -0.522042 -0.317615
v -0.424585 -0.463814 -0.268984
v -0.352074 -0.410163 -0.339237
v -0.386049 -0.364301 -0.310851
v -0.047202 -0.575881 -0.343491
v 0.050162 -0.573527 -0.341681
v -0.021280 -0.534445 -0.360169
v 0.025064 -0.533739 -0.359454
v -0.024694 -0.611285 -0.321068
v 0.026725 -0.610228 -0.320337
v -0.225341 -0.381299 -0.384360
v -0.235985 -0.257723 -0.407787
v -0.190931 -0.348639 -0.401064
v -0.197174 -0.288946 -0.411917
v -0.266435 -0.349356 -0.374839
v -0.267867 -0.285352 -0.383178
v -0.446968 -0.266874 -0.014270
v -0.429774 -0.277208 0.081684
v -0.443259 -0.321639 0.003677
v -0.432592 -0.324593 0.053686
v -0.438768 -0.220323 0.014414
v -0.432087 -0.226795 0.059951
v -0.364509 -0.192839 -0.274298
v -0.305431 -0.149028 -0.328926
v -0.346620 -0.136326 -0.272857
v -0.320165 -0.115066 -0.300556
v -0.352771 -0.233993 -0.307424
v -0.318231 -0.210079 -0.332439
v -0.413409 -0.115076 -0.064678
v -0.407965 -0.043511 -0.019355
v -0.401850 -0.069624 -0.081306
v -0.401587 -0.033387 -0.058363
v -0.419671 -0.123447 -0.022893
v -0.412255 -0.085200 0.000541
v -0.404281 -0.300941 0.393702
v -0.399166 -0.301269 0.502523
v -0.406919 -0.253096 0.406368
v -0.403705 -0.251497 0.457446
v -0.397949 -0.354813 0.434428
v -0.397306 -0.358084 0.492277
v -0.418090 -0.149754 0.151139
v -0.412020 -0.065525 0.101957
v -0.415319 -0.112751 0.169228
v -0.413155 -0.071057 0.143754
v -0.419132 -0.143937 0.106547
v -0.415051 -0.099330 0.083751
v 0.352016 -0.605974 0.503214
v 0.377002 -0.461785 0.386352
v 0.342145 -0.564812 0.414220
v 0.363218 -0.505285 0.360459
v 0.369624 -0.552141 0.527322
v 0.376302 -0.475794 0.462342
v 0.350863 -0.670090 0.818481
v 0.362841 -0.447437 0.723045
v 0.303823 -0.660496 0.804819
v 0.375523 -0.520987 0.784418
v 0.368362 -0.564222 0.705468
v 0.368572 -0.468958 0.683584
v 0.344103 -0.478581 -0.352220
v 0.403119 -0.381129 -0.279805
v 0.394406 -0.507624 -0.327986
v 0.417825 -0.454537 -0.281641
v 0.344739 -0.403642 -0.347326
v 0.383713 -0.356881 -0.321931
v 0.228770 -0.377738 -0.384582
v 0.236730 -0.253455 -0.391279
v 0.198030 -0.349994 -0.400750
v 0.203686 -0.289655 -0.408730
v 0.268827 -0.344311 -0.376306
v 0.271430 -0.281289 -0.376846
v 0.453127 -0.262427 -0.025821
v 0.428870 -0.278390 0.079801
v 0.444054 -0.320226 -0.004611
v 0.431706 -0.325773 0.051327
v 0.440568 -0.215990 0.004133
v 0.432063 -0.226055 0.053434
v 0.360881 -0.187129 -0.270585
v 0.311777 -0.140699 -0.327504
v 0.346395 -0.128869 -0.271229
v 0.323240 -0.105855 -0.297648
v 0.348476 -0.227267 -0.302116
v 0.332716 -0.201663 -0.339681
v 0.411316 -0.108850 -0.073726
v 0.411416 -0.036113 -0.031663
v 0.401183 -0.062012 -0.089756
v 0.405558 -0.025206 -0.069158
v 0.421057 -0.117331 -0.033982
v 0.417194 -0.080560 -0.012135
v 0.398710 -0.306762 0.423205
v 0.391855 -0.296612 0.532822
v 0.402389 -0.256717 0.425696
v 0.398906 -0.251919 0.476716
v 0.390580 -0.359618 0.479583
v 0.387174 -0.355696 0.539407
v 0.418629 -0.149925 0.143342
v 0.413351 -0.063727 0.086737
v 0.415812 -0.111312 0.158489
v 0.413087 -0.071550 0.128744
v 0.420738 -0.143620 0.096955
v 0.418161 -0.098403 0.070721
v 0.183972 -0.073924 0.840191
v 0.289425 -0.146233 0.792342
v 0.190433 -0.142086 0.866940
v 0.254667 -0.174572 0.850440
v 0.229114 -0.052427 0.790161
v 0.278292 -0.086220 0.767879
v -0.190681 -0.085909 0.844578
v -0.298533 -0.155785 0.809998
v -0.201865 -0.154812 0.872097
v -0.259153 -0.193015 0.853482
v -0.232523 -0.060634 0.799042
v -0.280400 -0.094593 0.779922
v 0.151773 0.057674 0.718641
v 0.212701 0.057684 0.621373
v 0.141818 0.087276 0.676846
v 0.171757 0.082272 0.629282
v 0.201645 0.031743 0.713926
v 0.231624 0.035134 0.663337
v -0.154510 0.057486 0.724768
v -0.212611 0.055368 0.627062
v -0.142740 0.084175 0.679876
v -0.172358 0.079776 0.633713
v -0.202422 0.029172 0.720822
v -0.230130 0.031709 0.668677
v 0.344649 -0.086307 0.618527
v 0.314455 -0.016098 0.566022
v 0.352280 -0.072070 0.562788
v 0.340220 -0.038129 0.539818
v 0.317954 -0.058458 0.650509
v 0.299984 -0.022751 0.620235
v -0.342983 -0.090240 0.624981
v -0.314832 -0.017683 0.573641
v -0.351161 -0.074133 0.568393
v -0.339770 -0.039521 0.546645
v -0.316591 -0.062594 0.658321
v -0.300761 -0.024695 0.628532
v 0.088781 0.012397 -0.608433
v 0.138559 -0.001014 -0.504111
v 0.079758 0.000589 -0.532563
v 0.103601 -0.013961 -0.487358
v 0.126034 0.001833 -0.648196
v 0.154538 0.000153 -0.592089
v -0.092775 0.012738 -0.605297
v -0.140341 -0.006261 -0.509369
v -0.080439 -0.002917 -0.534586
v -0.103655 -0.017014 -0.494206
v -0.132203 0.010087 -0.640190
v -0.156474 0.004923 -0.586066
v 0.115195 0.122977 -0.807703
v 0.221175 0.167549 -0.893728
v 0.122053 0.189550 -0.840160
v 0.176500 0.216153 -0.872164
v 0.152932 0.071427 -0.804860
v 0.204914 0.090893 -0.854849
v -0.127542 0.118470 -0.795689
v -0.228907 0.144426 -0.884092
v -0.137289 0.183273 -0.830239
v -0.183249 0.207003 -0.863789
v -0.159898 0.069704 -0.785751
v -0.205179 0.077069 -0.831581
v 0.256822 0.031328 -0.551290
v 0.310278 0.069598 -0.720191
v 0.291670 0.050264 -0.544160
v 0.318679 0.072374 -0.612396
v 0.237404 0.027448 -0.633702
v 0.256356 0.045273 -0.731508
v -0.256989 0.030629 -0.537599
v -0.316634 0.074630 -0.680309
v -0.292104 0.050326 -0.527033
v -0.318582 0.075661 -0.585616
v -0.239860 0.025423 -0.616367
v -0.266989 0.035732 -0.704388
v -0.194717 0.268421 -0.149393
v -0.205641 0.339290 -0.222091
v -0.170403 0.281950 -0.154345
v -0.186911 0.372950 -0.220855
v -0.231503 0.228341 -0.107764
v -0.185931 0.249459 -0.107827
v -0.228541 0.213929 -0.061085
v -0.236584 0.308650 -0.243659
v -0.211532 0.402242 -0.260680
v -0.249706 0.373606 -0.292484
v -0.249066 0.238169 -0.163049
v -0.257435 0.316834 -0.267287
v -0.266293 0.230652 -0.174359
v -0.250734 0.202470 -0.065046
v -0.268433 0.208270 -0.122016
v 0.193650 0.268161 -0.157811
v 0.200875 0.340164 -0.216069
v 0.173337 0.282086 -0.160731
v 0.185464 0.372484 -0.217388
v 0.226154 0.231584 -0.114774
v 0.187469 0.250594 -0.117307
v 0.224570 0.217336 -0.069806
v 0.226112 0.314463 -0.228391
v 0.204122 0.402272 -0.247388
v 0.236033 0.374629 -0.264450
v 0.239484 0.243030 -0.162064
v 0.242957 0.319782 -0.244705
v 0.253328 0.235883 -0.171569
v 0.243127 0.206101 -0.073227
v 0.257858 0.212619 -0.124973
v -0.331655 -0.670313 0.027583
v -0.376735 -0.762709 -0.062312
v -0.293324 -0.691717 0.029567
v -0.334200 -0.830908 -0.056778
v -0.362414 -0.597670 0.064655
v -0.301921 -0.651857 0.084688
v -0.343132 -0.589028 0.122071
v -0.425235 -0.672101 -0.089342
v -0.405624 -0.859551 -0.120576
v -0.441645 -0.707529 -0.158576
v -0.402422 -0.577901 -0.005452
v -0.437349 -0.621013 -0.121487
v -0.419250 -0.535088 -0.026918
v -0.367861 -0.554596 0.104424
v -0.404532 -0.523555 0.028520
v 0.326339 -0.661305 0.034068
v 0.393817 -0.764659 -0.053816
v 0.283424 -0.672254 0.033497
v 0.339485 -0.831054 -0.042216
v 0.358842 -0.602376 0.082975
v 0.292280 -0.648682 0.105576
v 0.336168 -0.597975 0.152182
v 0.423717 -0.667264 -0.093262
v 0.418220 -0.868489 -0.112201
v 0.448186 -0.704932 -0.168577
v 0.402242 -0.578781 -0.000230
v 0.439150 -0.616095 -0.130393
v 0.420247 -0.535269 -0.027286
v 0.364192 -0.562832 0.128435
v 0.403403 -0.526614 0.036402
v -0.010758 -0.637028 0.815851
v -0.106657 -0.585892 0.844114
v -0.059900 -0.689836 0.789373
v -0.162446 -0.662012 0.844088
v 0.098683 -0.573507 0.840719
v 0.022730 -0.675481 0.791054
v 0.155057 -0.639767 0.833857
v 0.054006 -0.455345 0.866088
v -0.064007 -0.459922 0.865332
v 0.057253 -0.381856 0.887504
v -0.072431 -0.390497 0.892386
v 0.177052 -0.560373 0.850969
v 0.118502 -0.420051 0.870228
v -0.177709 -0.572614 0.850191
v -0.129016 -0.432657 0.867691
v -0.000810 0.141234 0.434737
v -0.049165 0.137922 0.469429
v -0.018915 0.143551 0.400967
v -0.071009 0.136920 0.436524
v 0.047027 0.138615 0.468223
v 0.017924 0.143272 0.400968
v 0.069190 0.137156 0.433750
v 0.030316 0.139727 0.533977
v -0.033017 0.140309 0.536244
v 0.035627 0.135938 0.572377
v -0.037548 0.135990 0.574002
v 0.082142 0.133766 0.470188
v 0.066689 0.134020 0.541909
v -0.084584 0.132164 0.473140
v -0.068836 0.132220 0.543827
v 0.006394 -0.355422 -0.446713
v -0.034799 -0.307723 -0.458679
v -0.012211 -0.387947 -0.429308
v -0.058551 -0.337433 -0.444313
v 0.049024 -0.304505 -0.460006
v 0.022964 -0.384193 -0.429306
v 0.071585 -0.332948 -0.445619
v 0.030544 -0.224488 -0.476945
v -0.017638 -0.224511 -0.476708
v 0.029729 -0.165687 -0.483652
v -0.020322 -0.165639 -0.484173
v 0.080295 -0.287977 -0.460655
v 0.056892 -0.197293 -0.476574
v -0.066478 -0.289611 -0.457545
v -0.044587 -0.197997 -0.475607
v 0.003790 0.630710 -0.802860
v -0.080663 0.567214 -0.825627
v -0.030443 0.686842 -0.777757
v -0.117952 0.614868 -0.803699
v 0.086169 0.566631 -0.828700
v 0.040811 0.685622 -0.778492
v 0.134483 0.612755 -0.806362
v 0.043798 0.465976 -0.845125
v -0.049935 0.467983 -0.849922
v 0.041696 0.400684 -0.849239
v -0.052402 0.401110 -0.850775
v 0.142475 0.544972 -0.828362
v 0.090596 0.436917 -0.847907
v -0.133028 0.548040 -0.828232
v -0.097270 0.438645 -0.850653
v 0.367802 0.093289 -0.335627
v 0.375964 0.070849 -0.262709
v 0.367909 0.107939 -0.344681
v 0.377687 0.078791 -0.263048
v 0.358976 0.047146 -0.277416
v 0.373169 0.048186 -0.232216
v 0.353396 0.017674 -0.252350
v 0.370410 0.023371 -0.205646
v 0.357484 0.076087 -0.346203
v 0.345288 0.030055 -0.292065
v 0.346970 0.068717 -0.367991
v 0.364137 0.113115 -0.384033
v 0.356121 0.091777 -0.396334
v 0.381541 0.062284 -0.226024
v 0.378093 0.037190 -0.197529
v 0.397678 -0.015578 0.313535
v 0.402461 -0.016593 0.260334
v 0.395180 -0.000544 0.295009
v 0.400997 -0.003014 0.238134
v 0.404286 -0.073047 0.339933
v 0.406162 -0.044731 0.273494
v 0.406816 -0.100435 0.340291
v 0.408842 -0.063624 0.265709
v 0.398128 -0.045916 0.363875
v 0.404266 -0.098401 0.377838
v 0.394271 -0.064444 0.403546
v 0.392463 -0.006897 0.334621
v 0.390708 -0.038982 0.390552
v 0.403520 -0.010497 0.222621
v 0.407651 -0.034156 0.234980
v -0.374161 0.090200 -0.325516
v -0.378265 0.067446 -0.253369
v -0.370064 0.109099 -0.332420
v -0.377466 0.079478 -0.251271
v -0.359686 0.031300 -0.276379
v -0.373167 0.034755 -0.228875
v -0.354672 0.003655 -0.253094
v -0.371100 0.011382 -0.202966
v -0.362949 0.069295 -0.338459
v -0.347450 0.017060 -0.291196
v -0.349441 0.058804 -0.361724
v -0.368206 0.111581 -0.371404
v -0.359401 0.084211 -0.387300
v -0.382139 0.060484 -0.215363
v -0.378954 0.028609 -0.191591
v -0.396825 -0.013406 0.324542
v -0.399089 -0.014331 0.272992
v -0.394055 0.001152 0.306926
v -0.398048 -0.000712 0.251186
v -0.404248 -0.069627 0.346715
v -0.402165 -0.039897 0.284960
v -0.407202 -0.097179 0.344295
v -0.406252 -0.062264 0.276399
v -0.398858 -0.043820 0.372219
v -0.403577 -0.096971 0.381004
v -0.394664 -0.063222 0.409707
v -0.393031 -0.005637 0.345128
v -0.391078 -0.037980 0.398765
v -0.400382 -0.008614 0.236517
v -0.403564 -0.031177 0.249296
v -0.048593 0.341396 -0.149170
v -0.062373 0.481787 -0.173475
v -0.082670 0.328659 -0.151584
v -0.101183 0.457327 -0.179527
v 0.065157 0.340315 -0.153994
v 0.077851 0.475276 -0.184649
v 0.099722 0.327686 -0.156915
v 0.127609 0.457241 -0.171936
v 0.008511 0.286846 -0.132190
v -0.061703 0.282331 -0.129446
v -0.011428 0.268637 -0.076165
v 0.002801 0.565459 -0.204935
v -0.088755 0.540810 -0.205181
v -0.027988 0.632306 -0.237992
v 0.078350 0.280958 -0.127737
v 0.025148 0.266356 -0.077080
v 0.108283 0.539661 -0.209409
v 0.031262 0.634107 -0.247635
v -0.158489 0.220970 0.100614
v -0.208919 0.179183 0.142119
v -0.164178 0.222928 0.044166
v -0.215576 0.185807 0.089881
v -0.103116 0.181324 0.241263
v -0.158582 0.154945 0.280403
v -0.080846 0.167744 0.283154
v -0.136959 0.147213 0.322091
v -0.106598 0.220915 0.152676
v -0.132707 0.237156 0.046258
v -0.082509 0.236904 0.099815
v -0.214537 0.149421 0.233996
v -0.237380 0.162769 0.136057
v -0.246408 0.134922 0.227498
v -0.061843 0.185414 0.240227
v -0.062716 0.220486 0.148482
v -0.174701 0.138738 0.319899
v -0.230221 0.130542 0.272645
v -0.239461 0.729859 -0.429927
v -0.398816 0.778416 -0.506843
v -0.242174 0.650107 -0.384246
v -0.380701 0.661643 -0.446988
v -0.216517 0.978171 -0.585200
v -0.251766 0.751970 -0.628632
v -0.158272 0.844607 -0.636589
v -0.235564 0.743052 -0.685837
v -0.185354 0.869712 -0.452528
v -0.192161 0.682922 -0.369970
v -0.129405 0.790568 -0.406838
v -0.349034 0.694921 -0.577725
v -0.559844 0.746996 -0.455490
v -0.399745 0.631564 -0.546848
v -0.127211 0.881543 -0.572147
v -0.118817 0.854239 -0.458566
v -0.277646 0.685113 -0.671962
v -0.338748 0.622867 -0.593695
v -0.272272 0.277980 -0.290132
v -0.308924 0.174752 -0.200820
v -0.262375 0.301404 -0.279890
v -0.299119 0.193763 -0.193166
v -0.327135 0.189711 -0.323972
v -0.349496 0.125781 -0.229311
v -0.341130 0.166036 -0.330805
v -0.359296 0.113489 -0.237600
v -0.307282 0.293691 -0.360356
v -0.280605 0.389448 -0.333658
v -0.314485 0.384887 -0.405095
v -0.347054 0.117200 -0.169847
v -0.322045 0.150577 -0.151414
v -0.357386 0.094983 -0.119464
v -0.330032 0.211864 -0.378040
v -0.324563 0.324437 -0.417477
v -0.368264 0.091754 -0.188661
v -0.369995 0.078751 -0.129124
v -0.348372 0.094817 0.113581
v -0.362350 0.084469 0.054393
v -0.323574 0.120360 0.070064
v -0.336566 0.114138 0.010501
v -0.385645 0.047853 0.215156
v -0.391849 0.042831 0.153270
v -0.389394 0.037943 0.241060
v -0.394698 0.033403 0.180123
v -0.365267 0.068880 0.200478
v -0.324346 0.111102 0.120845
v -0.341758 0.084320 0.210035
v -0.388475 0.054190 0.079103
v -0.352180 0.096887 0.001949
v -0.383613 0.059702 0.030032
v -0.383758 0.047150 0.259903
v -0.358375 0.068066 0.245268
v -0.395799 0.036249 0.136394
v -0.391632 0.048639 0.062353
v 0.165520 0.226900 0.093750
v 0.212479 0.187522 0.135348
v 0.168731 0.227135 0.036308
v 0.215677 0.191538 0.081159
v 0.106729 0.182698 0.237374
v 0.158632 0.154509 0.274701
v 0.086298 0.167327 0.283968
v 0.137089 0.147595 0.317089
v 0.111913 0.221882 0.145564
v 0.138908 0.239461 0.039238
v 0.088381 0.238510 0.096079
v 0.066038 0.186909 0.238663
v 0.067170 0.220679 0.143498
v 0.211522 0.154028 0.223405
v 0.234846 0.168167 0.126062
v 0.241940 0.139453 0.216584
v 0.172267 0.139745 0.311503
v 0.225608 0.134650 0.261484
v 0.225274 0.743935 -0.448225
v 0.287362 0.711470 -0.470169
v 0.218332 0.646026 -0.382927
v 0.277313 0.616671 -0.409458
v 0.205400 0.874117 -0.621896
v 0.242598 0.759494 -0.632871
v 0.161087 0.810613 -0.642929
v 0.233459 0.741911 -0.686809
v 0.265874 0.971003 -0.516396
v 0.193212 0.700310 -0.384806
v 0.161146 0.840407 -0.428999
v 0.144428 0.856319 -0.593194
v 0.137703 0.939324 -0.495876
v 0.319084 0.754737 -0.570132
v 0.333147 0.649039 -0.447340
v 0.511110 0.774552 -0.540364
v 0.267355 0.690721 -0.657231
v 0.357867 0.668664 -0.557107
v 0.300109 0.274855 -0.303897
v 0.307248 0.175510 -0.215328
v 0.291376 0.297728 -0.290809
v 0.294457 0.196682 -0.204652
v 0.325444 0.184997 -0.336822
v 0.349462 0.115665 -0.244842
v 0.341899 0.160154 -0.344572
v 0.361137 0.103256 -0.253002
v 0.310582 0.295546 -0.363828
v 0.303855 0.356251 -0.344313
v 0.303897 0.385798 -0.398945
v 0.343101 0.111396 -0.184990
v 0.315523 0.153185 -0.164384
v 0.351268 0.094911 -0.135064
v 0.329584 0.214820 -0.387085
v 0.314021 0.339640 -0.412981
v 0.368235 0.082413 -0.204883
v 0.364501 0.075678 -0.145789
v 0.330403 0.097948 0.095813
v 0.347793 0.089419 0.037423
v 0.306621 0.124501 0.053886
v 0.323697 0.118668 -0.003510
v 0.381786 0.048097 0.202381
v 0.389636 0.039399 0.139781
v 0.387195 0.037619 0.228528
v 0.393992 0.030511 0.166325
v 0.352526 0.073234 0.184135
v 0.307899 0.115472 0.104082
v 0.329069 0.089362 0.194227
v 0.384554 0.050286 0.065385
v 0.340409 0.102200 -0.012991
v 0.379168 0.058065 0.016115
v 0.378618 0.047965 0.246748
v 0.348106 0.073376 0.230386
v 0.394920 0.032022 0.122828
v 0.389761 0.043502 0.048812
v -0.093325 -0.710412 0.057702
v -0.093133 -0.719150 -0.074243
v -0.149521 -0.711712 0.048822
v -0.138420 -0.772147 -0.074098
v 0.076065 -0.708702 0.066391
v 0.090237 -0.718851 -0.067457
v 0.129735 -0.700873 0.058245
v 0.137892 -0.767734 -0.071586
v -0.010385 -0.706914 0.136349
v -0.122217 -0.703701 0.122239
v -0.040296 -0.705316 0.205644
v -0.000310 -0.685763 -0.125622
v -0.115500 -0.753808 -0.136415
v -0.035294 -0.674062 -0.181119
v 0.099416 -0.703130 0.137826
v 0.015344 -0.707847 0.211937
v 0.111743 -0.747554 -0.135198
v 0.035606 -0.673911 -0.179246
v -0.222932 -0.662422 0.376269
v -0.287878 -0.614978 0.406955
v -0.240257 -0.648540 0.296706
v -0.297392 -0.597763 0.325658
v -0.191509 -0.839071 0.549165
v -0.329599 -0.844470 0.577115
v -0.171959 -0.904186 0.613608
v -0.346736 -0.940802 0.685479
v -0.161659 -0.718587 0.465009
v -0.201183 -0.676685 0.315016
v -0.132702 -0.704911 0.404805
v -0.326881 -0.653248 0.502129
v -0.320491 -0.574112 0.368522
v -0.348949 -0.577895 0.470012
v -0.124926 -0.806192 0.580577
v -0.110628 -0.726173 0.480209
v -0.391741 -0.823297 0.654536
v -0.359234 -0.621485 0.537811
v -0.216798 -0.723881 -0.346793
v -0.293831 -0.623232 -0.358067
v -0.264818 -0.827189 -0.358932
v -0.348943 -0.688917 -0.357323
v -0.112456 -0.533120 -0.364721
v -0.172116 -0.466563 -0.378417
v -0.083671 -0.489646 -0.378581
v -0.139599 -0.428306 -0.392286
v -0.126311 -0.632365 -0.334058
v -0.186512 -0.790790 -0.328471
v -0.105348 -0.669850 -0.309653
v -0.257807 -0.486627 -0.363611
v -0.354382 -0.581147 -0.353578
v -0.306360 -0.452210 -0.354651
v -0.066987 -0.534721 -0.361900
v -0.075726 -0.619929 -0.326469
v -0.182270 -0.407689 -0.389652
v -0.263367 -0.416139 -0.368708
v -0.435406 -0.353836 -0.184897
v -0.446334 -0.310835 -0.096580
v -0.440742 -0.421787 -0.174992
v -0.450589 -0.370132 -0.081840
v -0.388161 -0.172346 -0.203614
v -0.404487 -0.145919 -0.133291
v -0.372125 -0.119101 -0.209574
v -0.389939 -0.096662 -0.146005
v -0.403224 -0.273664 -0.234014
v -0.429213 -0.408024 -0.224942
v -0.399610 -0.318564 -0.273294
v -0.433100 -0.206181 -0.077414
v -0.455217 -0.316358 -0.046103
v -0.444225 -0.212034 -0.030663
v -0.370486 -0.153232 -0.239351
v -0.381130 -0.254817 -0.273830
v -0.402542 -0.106619 -0.105968
v -0.427907 -0.163383 -0.048849
v -0.398939 -0.381219 0.239885
v -0.415221 -0.329851 0.156951
v -0.391890 -0.424991 0.210790
v -0.413281 -0.376109 0.128595
v -0.411893 -0.248138 0.305161
v -0.417347 -0.197948 0.224873
v -0.412495 -0.205731 0.319673
v -0.415847 -0.158208 0.241590
v -0.402328 -0.341610 0.321205
v -0.384975 -0.430622 0.270304
v -0.391647 -0.394870 0.357032
v -0.421278 -0.236273 0.155820
v -0.422890 -0.327343 0.104741
v -0.427497 -0.231470 0.107266
v -0.409401 -0.251548 0.355497
v -0.399704 -0.348390 0.377644
v -0.417532 -0.154147 0.196265
v -0.422547 -0.189097 0.130522
v 0.186409 -0.681353 0.479639
v 0.282223 -0.710834 0.523186
v 0.208836 -0.668003 0.380636
v 0.273204 -0.625656 0.433057
v 0.117943 -0.885023 0.678746
v 0.262143 -0.922292 0.821187
v 0.097774 -0.829750 0.735169
v 0.234920 -0.863327 0.823329
v 0.122914 -0.796643 0.537352
v 0.164994 -0.690212 0.388428
v 0.094003 -0.715899 0.468889
v 0.080217 -0.788319 0.651522
v 0.070456 -0.757189 0.526792
v 0.394494 -0.809842 0.685933
v 0.314313 -0.624674 0.475669
v 0.374674 -0.655463 0.600711
v 0.297939 -0.809389 0.844284
v 0.377280 -0.681784 0.704965
v 0.210496 -0.712273 -0.348532
v 0.280728 -0.607553 -0.364579
v 0.250953 -0.812849 -0.357447
v 0.318569 -0.665663 -0.338722
v 0.115903 -0.528849 -0.364719
v 0.175182 -0.462621 -0.380355
v 0.088142 -0.488700 -0.377811
v 0.146352 -0.425461 -0.393789
v 0.126689 -0.626626 -0.335216
v 0.185790 -0.778382 -0.321837
v 0.105239 -0.665993 -0.308289
v 0.070433 -0.533026 -0.361144
v 0.077045 -0.616526 -0.324718
v 0.254167 -0.478588 -0.369154
v 0.334621 -0.563830 -0.340716
v 0.300917 -0.444131 -0.361661
v 0.187596 -0.405376 -0.390419
v 0.263180 -0.409875 -0.372201
v 0.432776 -0.349459 -0.193593
v 0.450578 -0.307061 -0.109431
v 0.439440 -0.415863 -0.186414
v 0.449763 -0.367459 -0.094163
v 0.378581 -0.167078 -0.202323
v 0.397964 -0.138845 -0.137517
v 0.366013 -0.111607 -0.207835
v 0.383099 -0.089098 -0.147657
v 0.394153 -0.268524 -0.234812
v 0.425578 -0.401761 -0.235818
v 0.389314 -0.313481 -0.274490
v 0.430923 -0.201937 -0.087740
v 0.457571 -0.313965 -0.058829
v 0.442538 -0.207135 -0.043386
v 0.361750 -0.149126 -0.237206
v 0.374730 -0.248745 -0.271957
v 0.398864 -0.100237 -0.112086
v 0.427793 -0.157056 -0.059155
v 0.395109 -0.394227 0.268180
v 0.413320 -0.336046 0.167278
v 0.387425 -0.438975 0.241186
v 0.411197 -0.382201 0.139229
v 0.408439 -0.255329 0.319221
v 0.415709 -0.201054 0.225591
v 0.410184 -0.211021 0.328138
v 0.414569 -0.160988 0.238819
v 0.397728 -0.354086 0.352830
v 0.380719 -0.448944 0.312187
v 0.387464 -0.410960 0.404134
v 0.420209 -0.239327 0.156448
v 0.421455 -0.330636 0.108311
v 0.425363 -0.233243 0.104419
v 0.405597 -0.257529 0.373115
v 0.394232 -0.358152 0.416261
v 0.416629 -0.155331 0.190665
v 0.421769 -0.190032 0.125360
v 0.062541 -0.072475 0.884556
v -0.068666 -0.077843 0.887990
v 0.066728 -0.136516 0.938330
v -0.071381 -0.155606 0.924199
v 0.053028 0.071992 0.750798
v -0.054964 0.070491 0.752271
v 0.048393 0.096636 0.702007
v -0.051369 0.101290 0.707285
v 0.116983 0.011143 0.806810
v 0.126307 -0.108223 0.880449
v 0.172728 -0.022096 0.801226
v -0.120196 0.006170 0.808997
v -0.132493 -0.120352 0.878689
v -0.177641 -0.027199 0.807721
v 0.101657 0.083487 0.716719
v 0.163337 0.022978 0.761794
v -0.102216 0.079308 0.718364
v -0.165969 0.020918 0.768048
v 0.355760 -0.352420 0.736330
v 0.334912 -0.247489 0.768195
v 0.336465 -0.411457 0.781913
v 0.295109 -0.290296 0.813393
v 0.388206 -0.227994 0.571699
v 0.374373 -0.156620 0.601157
v 0.394462 -0.192464 0.517196
v 0.378640 -0.131750 0.546069
v 0.379605 -0.327724 0.642191
v 0.362206 -0.425288 0.750354
v 0.374769 -0.395124 0.659325
v 0.394064 -0.242364 0.525500
v 0.383697 -0.345109 0.594269
v 0.354367 -0.151658 0.700733
v 0.297469 -0.213567 0.808581
v 0.321754 -0.119799 0.737618
v 0.363551 -0.111465 0.583206
v 0.337862 -0.100916 0.678399
v -0.368039 -0.383198 0.721673
v -0.334332 -0.269448 0.771033
v -0.356926 -0.439715 0.779435
v -0.297751 -0.314288 0.813260
v -0.392664 -0.234467 0.559052
v -0.375018 -0.161577 0.601535
v -0.397159 -0.194395 0.509450
v -0.379389 -0.134359 0.547079
v -0.391516 -0.346633 0.609754
v -0.381274 -0.473646 0.722754
v -0.396477 -0.418345 0.603170
v -0.399004 -0.246003 0.508296
v -0.396380 -0.356070 0.551019
v -0.352137 -0.159440 0.710057
v -0.301835 -0.232446 0.816966
v -0.319211 -0.130011 0.746817
v -0.363539 -0.114535 0.587371
v -0.336286 -0.105496 0.687481
v 0.226820 0.087256 0.452972
v 0.219203 0.073616 0.533555
v 0.191692 0.102528 0.461242
v 0.182250 0.092981 0.541997
v 0.320306 0.038552 0.413976
v 0.316896 0.015905 0.488001
v 0.344856 0.023496 0.396148
v 0.342591 -0.001340 0.466485
v 0.281001 0.071322 0.399274
v 0.213502 0.101386 0.418315
v 0.268065 0.087434 0.367063
v 0.336163 0.040837 0.370636
v 0.301101 0.071917 0.357443
v 0.270471 0.033525 0.556707
v 0.196580 0.076922 0.580828
v 0.251842 0.033380 0.608706
v 0.328939 -0.008426 0.514920
v 0.285020 0.008241 0.589251
v -0.228408 0.083139 0.460139
v -0.219876 0.070615 0.539590
v -0.193422 0.098462 0.467582
v -0.183341 0.090239 0.547020
v -0.321338 0.036680 0.422602
v -0.316295 0.013864 0.495638
v -0.346308 0.023709 0.405143
v -0.341338 -0.002776 0.474207
v -0.282176 0.067456 0.407613
v -0.215836 0.096764 0.426270
v -0.270619 0.082273 0.376251
v -0.338603 0.039868 0.379972
v -0.301418 0.068520 0.365436
v -0.269263 0.030690 0.562837
v -0.197339 0.074438 0.586159
v -0.250653 0.030945 0.614766
v -0.328011 -0.010590 0.522365
v -0.284351 0.005919 0.596261
v 0.028456 0.026816 -0.611642
v -0.031898 0.025697 -0.610461
v 0.026295 0.001459 -0.546888
v -0.025516 0.001986 -0.546145
v 0.034594 0.132840 -0.799349
v -0.048839 0.131753 -0.796416
v 0.035088 0.194106 -0.828292
v -0.052370 0.193249 -0.827475
v 0.066252 0.062822 -0.714155
v 0.056097 0.010465 -0.576382
v 0.097052 0.028220 -0.686461
v -0.075421 0.061236 -0.709175
v -0.057691 0.008818 -0.575485
v -0.105132 0.029426 -0.679993
v 0.076482 0.162096 -0.814977
v 0.106081 0.064696 -0.756399
v -0.093198 0.157483 -0.811608
v -0.116130 0.062711 -0.747341
v 0.199418 -0.158942 -0.403230
v 0.162639 -0.063981 -0.420424
v 0.171025 -0.194543 -0.422390
v 0.134555 -0.096818 -0.434969
v 0.273342 -0.057545 -0.348397
v 0.259343 0.006910 -0.414756
v 0.294560 -0.027771 -0.333449
v 0.287413 0.024832 -0.412133
v 0.259364 -0.152122 -0.366896
v 0.203072 -0.224197 -0.406870
v 0.266718 -0.216272 -0.372321
v 0.300700 -0.082040 -0.325238
v 0.293580 -0.177817 -0.352851
v 0.204049 0.001955 -0.465275
v 0.132035 -0.033349 -0.447375
v 0.179865 0.002031 -0.529839
v 0.272712 0.029179 -0.477738
v 0.219214 0.014016 -0.545660
v -0.197105 -0.161873 -0.418015
v -0.162277 -0.068813 -0.441428
v -0.166290 -0.196570 -0.432714
v -0.132572 -0.100469 -0.452460
v -0.269995 -0.062346 -0.350115
v -0.255696 0.002578 -0.411388
v -0.289998 -0.038359 -0.331875
v -0.285667 0.015615 -0.408626
v -0.255090 -0.156732 -0.378261
v -0.199747 -0.226570 -0.418393
v -0.265142 -0.220851 -0.385870
v -0.294871 -0.091223 -0.327205
v -0.285818 -0.184666 -0.356614
v -0.201100 0.000419 -0.463203
v -0.131829 -0.037383 -0.463644
v -0.179619 0.002658 -0.526977
v -0.271973 0.026150 -0.468253
v -0.218712 0.013990 -0.536933
v 0.323338 0.413998 -0.829923
v 0.295301 0.285429 -0.963581
v 0.267913 0.444682 -0.822522
v 0.232158 0.326845 -0.894092
v 0.379572 0.243824 -0.653494
v 0.383646 0.151908 -0.723015
v 0.369974 0.201366 -0.575266
v 0.366616 0.134398 -0.620292
v 0.373336 0.370481 -0.702001
v 0.311539 0.481649 -0.774800
v 0.349008 0.442521 -0.658947
v 0.363556 0.254586 -0.573480
v 0.354900 0.379898 -0.611350
v 0.331478 0.136919 -0.915572
v 0.233066 0.246322 -0.908004
v 0.248397 0.121645 -0.890231
v 0.358935 0.100096 -0.677592
v 0.268412 0.049252 -0.850224
v -0.326373 0.391425 -0.825234
v -0.298840 0.268972 -0.975310
v -0.278271 0.444732 -0.848812
v -0.235308 0.325157 -0.905481
v -0.373436 0.234612 -0.623710
v -0.384210 0.149977 -0.681239
v -0.366057 0.196295 -0.550478
v -0.362438 0.134595 -0.588964
v -0.366157 0.348242 -0.685329
v -0.319963 0.467401 -0.785033
v -0.345145 0.414241 -0.662927
v -0.361442 0.244286 -0.555165
v -0.352929 0.353118 -0.608976
v -0.332748 0.124155 -0.863533
v -0.237262 0.231398 -0.910485
v -0.265010 0.051783 -0.895641
v -0.354007 0.106573 -0.640266
v -0.301846 0.060953 -0.788172
v 0.400151 0.021777 -0.065133
v 0.404516 -0.000290 -0.045950
v 0.396207 0.030654 -0.106432
v 0.400426 0.010008 -0.084368
v 0.405866 0.004423 0.060123
v 0.409180 -0.020482 0.073543
v 0.405824 0.000705 0.101405
v 0.409266 -0.022653 0.114172
v 0.401472 0.020389 -0.011141
v 0.395512 0.034604 -0.096762
v 0.397120 0.030999 -0.041811
v 0.403625 0.011586 0.074251
v 0.399360 0.025446 0.002457
v 0.411198 -0.031064 0.019980
v 0.405074 -0.010125 -0.056801
v 0.413872 -0.050883 0.005623
v 0.410777 -0.039801 0.100651
v 0.414158 -0.061058 0.045406
v -0.401926 0.028494 -0.048641
v -0.406713 0.004920 -0.029644
v -0.397902 0.036443 -0.090832
v -0.402996 0.015179 -0.069329
v -0.405608 0.011183 0.077327
v -0.409574 -0.016085 0.091095
v -0.404794 0.005846 0.118277
v -0.408687 -0.021617 0.131766
v -0.401443 0.027073 0.005161
v -0.396041 0.041342 -0.081018
v -0.396550 0.038348 -0.025687
v -0.403044 0.018192 0.090789
v -0.399349 0.032709 0.018427
v -0.408961 -0.025371 0.037394
v -0.404860 -0.011006 -0.042946
v -0.410698 -0.052093 0.020536
v -0.411406 -0.037373 0.118296
v -0.411941 -0.059450 0.061027
v -0.128111 0.268266 -0.118818
v -0.148097 0.247787 -0.063730
v -0.161469 0.476535 -0.242201
v -0.193662 0.518850 -0.290303
v -0.116473 0.255830 -0.067053
v -0.157778 0.555175 -0.276089
v -0.247552 0.178411 0.034498
v -0.273133 0.163876 0.030109
v -0.271582 0.153551 0.081143
v -0.317949 0.469930 -0.387197
v -0.295283 0.393979 -0.341432
v -0.331760 0.498454 -0.401800
v -0.299323 0.183328 -0.137257
v -0.305279 0.163311 -0.086001
v -0.319974 0.146437 -0.093104
v 0.138986 0.266788 -0.123228
v 0.155706 0.248368 -0.070243
v 0.167677 0.478205 -0.238499
v 0.188388 0.519185 -0.284938
v 0.127285 0.255410 -0.071206
v 0.164406 0.560404 -0.276180
v 0.241763 0.182439 0.023902
v 0.263391 0.167220 0.018180
v 0.262737 0.157555 0.068447
v 0.272409 0.457248 -0.333971
v 0.275751 0.383952 -0.307286
v 0.296117 0.462280 -0.360647
v 0.287636 0.187623 -0.143718
v 0.294238 0.166284 -0.094161
v 0.309503 0.150976 -0.103730
v -0.222498 -0.676275 0.096636
v -0.239856 -0.661524 0.161331
v -0.204736 -0.957637 -0.124021
v -0.264345 -0.967931 -0.232365
v -0.198666 -0.682274 0.174929
v -0.150873 -0.916339 -0.238727
v -0.338828 -0.551344 0.228034
v -0.363073 -0.511795 0.203321
v -0.353562 -0.516691 0.267421
v -0.446002 -0.639863 -0.265562
v -0.446702 -0.559614 -0.209708
v -0.432763 -0.546948 -0.269014
v -0.434552 -0.427488 -0.011434
v -0.421909 -0.425164 0.042777
v -0.434063 -0.374447 0.022866
v 0.202950 -0.671742 0.121689
v 0.221618 -0.671040 0.201516
v 0.196923 -0.982730 -0.114955
v 0.278571 -0.971131 -0.230387
v 0.178207 -0.696554 0.211079
v 0.156603 -0.913863 -0.231624
v 0.329170 -0.571539 0.285172
v 0.357183 -0.528018 0.245945
v 0.346244 -0.540974 0.326761
v 0.449130 -0.625951 -0.282074
v 0.452201 -0.550691 -0.224901
v 0.433770 -0.534549 -0.279383
v 0.434306 -0.427821 -0.015820
v 0.421259 -0.427922 0.045487
v 0.433204 -0.375454 0.019406
v -0.067160 -0.756930 0.704620
v 0.006131 -0.700832 0.713759
v -0.318703 -0.755563 0.828063
v -0.316317 -0.610964 0.792340
v -0.029660 -0.733038 0.660076
v -0.383139 -0.672008 0.778293
v 0.354415 -0.763347 0.810673
v 0.337495 -0.607707 0.813133
v 0.414683 -0.689087 0.771759
v 0.126685 -0.261467 0.898557
v 0.189432 -0.298273 0.877202
v -0.135973 -0.276163 0.895416
v -0.195696 -0.315562 0.868634
v 0.190502 -0.217642 0.876325
v -0.197625 -0.235693 0.873016
v -0.019232 0.157946 0.325709
v 0.021405 0.158657 0.325455
v -0.130713 0.131456 0.400596
v -0.144436 0.121711 0.436090
v 0.002047 0.172708 0.283737
v -0.167788 0.121962 0.397907
v 0.128177 0.132071 0.393539
v 0.142113 0.124217 0.430072
v 0.164683 0.123979 0.389639
v 0.088594 0.123137 0.629185
v 0.118228 0.119466 0.589806
v -0.088420 0.123689 0.630692
v -0.120873 0.118755 0.593780
v 0.130192 0.107665 0.632984
v -0.131782 0.104493 0.636385
v -0.016934 -0.455391 -0.393585
v 0.023353 -0.454895 -0.394001
v -0.120965 -0.345446 -0.424276
v -0.129657 -0.291816 -0.437443
v 0.002721 -0.494443 -0.377172
v -0.159249 -0.319242 -0.418883
v 0.131896 -0.344886 -0.425453
v 0.140336 -0.291253 -0.438047
v 0.169295 -0.324232 -0.421860
v 0.052723 -0.073005 -0.491595
v 0.080391 -0.102256 -0.473433
v -0.048135 -0.072697 -0.494786
v -0.074858 -0.103065 -0.478885
v 0.076074 -0.039974 -0.484156
v -0.074017 -0.040093 -0.491792
v -0.040976 0.804607 -0.718047
v 0.049478 0.803263 -0.717176
v -0.220838 0.644458 -0.780969
v -0.231013 0.565068 -0.813707
v 0.006209 0.832188 -0.659474
v -0.279886 0.607633 -0.774821
v 0.254180 0.646478 -0.772417
v 0.250224 0.563667 -0.805732
v 0.271138 0.598951 -0.754294
v 0.084221 0.297771 -0.847452
v 0.134209 0.331547 -0.858561
v -0.101626 0.296811 -0.844884
v -0.145411 0.332034 -0.857711
v 0.128740 0.260228 -0.855320
v -0.150558 0.258961 -0.846532
v 0.355830 0.156380 -0.398355
v 0.359045 0.166385 -0.449595
v 0.381287 0.070896 -0.219124
v 0.387041 0.055413 -0.181864
v 0.351005 0.197965 -0.450733
v 0.386068 0.057935 -0.174962
v 0.340936 -0.041389 -0.245212
v 0.327494 -0.024310 -0.281392
v 0.380374 -0.016769 -0.146296
v 0.386001 0.007598 -0.131822
v 0.332645 -0.073724 -0.271447
v 0.392241 -0.022697 -0.108583
v 0.324937 0.064600 -0.450664
v 0.340239 0.089613 -0.495077
v 0.321173 0.070682 -0.524130
v 0.386063 0.022287 0.294529
v 0.376582 0.017054 0.335274
v 0.400371 0.012499 0.174200
v 0.403157 0.005000 0.157979
v 0.372505 0.032178 0.312851
v 0.401067 0.015387 0.132242
v 0.407411 -0.169858 0.380421
v 0.403837 -0.166231 0.424609
v 0.412682 -0.083036 0.214724
v 0.411284 -0.041774 0.182203
v 0.404022 -0.209772 0.426305
v 0.413141 -0.077017 0.171433
v 0.377743 -0.072848 0.479883
v 0.369497 -0.043063 0.462098
v 0.361370 -0.057064 0.510839
v -0.356114 0.159247 -0.383785
v -0.359548 0.165695 -0.433497
v -0.377852 0.079151 -0.204553
v -0.385671 0.060564 -0.167820
v -0.351258 0.198037 -0.436712
v -0.383390 0.066019 -0.159733
v -0.340425 -0.051192 -0.247156
v -0.326545 -0.033635 -0.280985
v -0.379966 -0.022769 -0.139383
v -0.386683 0.001027 -0.123785
v -0.332789 -0.082408 -0.274002
v -0.392010 -0.028523 -0.099340
v -0.326937 0.058412 -0.439361
v -0.342118 0.086810 -0.477924
v -0.320980 0.069000 -0.506397
v -0.387982 0.023954 0.305775
v -0.379919 0.018632 0.345843
v -0.398714 0.015962 0.188482
v -0.400718 0.008996 0.172766
v -0.375385 0.033337 0.323373
v -0.400211 0.020269 0.147543
v -0.408641 -0.167216 0.375222
v -0.405552 -0.164503 0.419324
v -0.411212 -0.085157 0.226362
v -0.408985 -0.049881 0.199146
v -0.407337 -0.206923 0.414808
v -0.412210 -0.079380 0.185283
v -0.376511 -0.073816 0.484733
v -0.369251 -0.043397 0.469099
v -0.360781 -0.057841 0.516902
v -0.015581 0.245310 0.037757
v 0.024406 0.244604 0.036879
v 0.003417 0.233090 0.091595
v -0.025615 0.758417 -0.343631
v 0.039388 0.768621 -0.347675
v 0.008722 0.802675 -0.408898
v -0.298618 0.098829 0.261509
v -0.278863 0.098478 0.302285
v -0.310463 0.083620 0.294130
v -0.342843 0.484191 -0.512654
v -0.340750 0.485243 -0.573389
v -0.340304 0.415109 -0.527038
v -0.385292 0.057611 -0.031529
v -0.388051 0.052644 -0.045325
v -0.392435 0.047236 0.001154
v 0.289534 0.104008 0.247747
v 0.273406 0.103423 0.291242
v 0.306289 0.087681 0.283526
v 0.340783 0.584879 -0.439923
v 0.352353 0.548743 -0.531106
v 0.328898 0.467432 -0.496862
v 0.381246 0.053690 -0.047098
v 0.386287 0.047083 -0.061304
v 0.390966 0.040706 -0.013841
v -0.045086 -0.711691 0.351487
v 0.011474 -0.714652 0.363501
v -0.018448 -0.722195 0.430274
v -0.031742 -0.658677 -0.264421
v 0.030273 -0.658242 -0.263436
v -0.000005 -0.639633 -0.296133
v -0.381271 -0.466936 0.457338
v -0.386739 -0.482622 0.522838
v -0.391954 -0.414328 0.477492
v -0.343730 -0.339666 -0.337208
v -0.303386 -0.312757 -0.359259
v -0.334863 -0.273076 -0.338406
v -0.427672 -0.177617 0.039795
v -0.420835 -0.130213 0.019772
v -0.420492 -0.137226 0.062949
v 0.376661 -0.485794 0.539567
v 0.375404 -0.485562 0.616242
v 0.382098 -0.419028 0.542435
v 0.340123 -0.334113 -0.341233
v 0.306932 -0.308259 -0.362585
v 0.336175 -0.267370 -0.340101
v 0.430445 -0.174657 0.029916
v 0.424467 -0.126449 0.008032
v 0.423232 -0.135318 0.051768
v 0.262144 -0.037187 0.735158
v 0.247020 0.003764 0.700491
v 0.284649 -0.028159 0.677856
v -0.263551 -0.042466 0.745363
v -0.247082 -0.000167 0.708531
v -0.284485 -0.032322 0.686383
v 0.170798 -0.009336 -0.691531
v 0.190810 0.014046 -0.809429
v 0.214762 0.018631 -0.723020
v -0.173545 0.008886 -0.673832
v -0.189743 0.021448 -0.767760
v -0.218656 0.009018 -0.704080
f 1 647 644
f 1 644 643
f 1 643 645
f 1 645 646
f 1 646 647
f 2 649 652
f 6 672 670
f 12 702 699
f 11 696 695
f 8 679 681
f 4 662 659
f 4 659 658
f 4 658 660
f 4 660 661
f 4 661 662
f 5 666 665
f 3 654 657
f 7 673 677
f 9 685 686
f 10 692 688
f 12 701 698
f 6 669 668
f 2 650 648
f 8 682 678
f 11 697 693
f 6 671 669
f 12 700 701
f 11 694 697
f 8 680 682
f 2 651 650
f 10 690 689
f 5 663 664
f 3 655 653
f 7 676 674
f 9 687 684
f 10 691 690
f 5 667 663
f 3 656 655
f 7 675 676
f 9 683 687
f 6 668 672
f 2 648 649
f 8 678 679
f 11 693 696
f 12 698 702
f 10 688 691
f 5 665 667
f 3 657 656
f 7 677 675
f 9 686 683
f 5 664 666
f 3 653 654
f 7 674 673
f 9 684 685
f 10 689 692
f 6 670 671
f 12 699 700
f 11 695 694
f 8 681 680
f 2 652 651
f 35 837 838
f 18 735 736
f 19 742 741
f 40 868 867
f 42 880 879
f 34 832 831
f 33 827 828
f 25 778 780
f 36 844 846
f 20 749 747
f 32 819 820
f 23 765 767
f 24 773 771
f 37 850 849
f 41 876 875
f 34 833 834
f 33 826 825
f 25 779 777
f 36 845 843
f 20 748 750
f 17 729 727
f 14 711 709
f 13 706 703
f 15 718 715
f 16 724 721
f 18 737 733
f 35 839 835
f 42 882 878
f 40 870 866
f 19 744 740
f 30 807 805
f 27 789 787
f 22 762 758
f 28 797 793
f 29 802 799
f 32 821 817
f 23 766 763
f 24 774 770
f 37 852 848
f 41 874 872
f 35 838 836
f 18 736 734
f 19 741 739
f 40 867 865
f 42 879 877
f 34 831 829
f 33 828 824
f 25 780 776
f 36 846 842
f 20 747 745
f 32 820 818
f 23 767 764
f 24 771 769
f 37 849 847
f 41 875 871
f 34 834 830
f 33 825 823
f 25 777 775
f 36 843 841
f 20 750 746
f 14 714 710
f 13 707 704
f 15 719 716
f 16 725 722
f 17 732 728
f 21 755 752
f 31 814 811
f 26 784 781
f 38 857 853
f 39 862 860
f 27 792 788
f 22 759 757
f 28 796 794
f 29 803 800
f 30 810 806
f 31 815 812
f 26 785 782
f 38 856 854
f 39 863 859
f 21 754 751
f 14 712 714
f 13 705 707
f 15 717 719
f 16 723 725
f 17 730 732
f 21 753 755
f 31 816 814
f 26 786 784
f 38 858 857
f 39 861 862
f 27 791 792
f 22 761 759
f 28 795 796
f 29 801 803
f 30 808 810
f 31 813 815
f 26 783 785
f 38 855 856
f 39 864 863
f 21 756 754
f 14 709 712
f 13 703 705
f 15 715 717
f 16 721 723
f 17 727 730
f 21 751 753
f 31 812 816
f 26 782 786
f 38 854 858
f 39 859 861
f 27 787 791
f 22 758 761
f 28 793 795
f 29 799 801
f 30 805 808
f 31 811 813
f 26 781 783
f 38 853 855
f 39 860 864
f 21 752 756
f 17 728 731
f 14 710 713
f 13 704 708
f 15 716 720
f 16 722 726
f 18 734 738
f 35 836 840
f 42 877 881
f 40 865 869
f 19 739 743
f 30 806 809
f 27 788 790
f 22 757 760
f 28 794 798
f 29 800 804
f 32 818 822
f 23 764 768
f 24 769 772
f 37 847 851
f 41 871 873
f 35 835 837
f 18 733 735
f 19 740 742
f 40 866 868
f 42 878 880
f 34 830 832
f 33 823 827
f 25 775 778
f 36 841 844
f 20 746 749
f 32 817 819
f 23 763 765
f 24 770 773
f 37 848 850
f 41 872 876
f 34 829 833
f 33 824 826
f 25 776 779
f 36 842 845
f 20 745 748
f 17 731 729
f 14 713 711
f 13 708 706
f 15 720 718
f 16 726 724
f 18 738 737
f 35 840 839
f 42 881 882
f 40 869 870
f 19 743 744
f 30 809 807
f 27 790 789
f 22 760 762
f 28 798 797
f 29 804 802
f 32 822 821
f 23 768 766
f 24 772 774
f 37 851 852
f 41 873 874
f 107 1269 1270
f 103 1245 1246
f 104 1252 1251
f 110 1288 1287
f 113 1306 1305
f 118 1336 1335
f 154 1551 1552
f 141 1473 1474
f 162 1599 1600
f 121 1354 1353
f 142 1479 1480
f 129 1401 1402
f 130 1408 1407
f 144 1492 1491
f 146 1504 1503
f 151 1533 1534
f 131 1414 1413
f 136 1444 1443
f 161 1594 1593
f 126 1383 1384
f 116 1323 1324
f 108 1275 1276
f 106 1263 1264
f 112 1299 1300
f 115 1317 1318
f 119 1341 1342
f 156 1564 1563
f 139 1462 1461
f 160 1588 1587
f 120 1347 1348
f 149 1521 1522
f 132 1420 1419
f 128 1395 1396
f 145 1497 1498
f 148 1515 1516
f 155 1557 1558
f 133 1425 1426
f 134 1431 1432
f 157 1570 1569
f 124 1372 1371
f 109 1282 1281
f 105 1258 1257
f 111 1294 1293
f 114 1312 1311
f 117 1330 1329
f 125 1378 1377
f 152 1540 1539
f 137 1449 1450
f 158 1575 1576
f 123 1365 1366
f 143 1486 1485
f 127 1390 1389
f 135 1437 1438
f 147 1510 1509
f 150 1528 1527
f 153 1546 1545
f 140 1468 1467
f 138 1455 1456
f 159 1581 1582
f 122 1359 1360
f 107 1272 1271
f 103 1248 1247
f 104 1253 1254
f 110 1289 1290
f 113 1307 1308
f 118 1337 1338
f 154 1554 1553
f 141 1476 1475
f 162 1602 1601
f 121 1355 1356
f 142 1482 1481
f 129 1404 1403
f 130 1409 1410
f 144 1493 1494
f 146 1505 1506
f 151 1536 1535
f 131 1415 1416
f 136 1445 1446
f 161 1595 1596
f 126 1386 1385
f 47 909 907
f 44 891 889
f 43 886 883
f 45 898 895
f 46 904 901
f 49 922 919
f 72 1060 1057
f 102 1240 1237
f 96 1204 1201
f 79 1102 1099
f 62 999 997
f 59 981 979
f 58 976 973
f 60 988 985
f 61 994 991
f 66 1024 1021
f 54 952 949
f 73 1066 1063
f 85 1138 1135
f 92 1179 1177
f 101 1233 1231
f 69 1041 1039
f 50 927 925
f 82 1119 1117
f 97 1209 1207
f 71 1053 1051
f 100 1228 1225
f 94 1192 1189
f 80 1108 1105
f 51 933 931
f 90 1167 1165
f 63 1005 1003
f 55 957 955
f 76 1083 1081
f 87 1150 1147
f 91 1174 1171
f 67 1029 1027
f 56 963 961
f 75 1077 1075
f 83 1126 1123
f 68 1036 1033
f 48 915 913
f 78 1095 1093
f 93 1185 1183
f 98 1216 1213
f 88 1155 1153
f 65 1018 1015
f 57 970 967
f 77 1090 1087
f 86 1143 1141
f 64 1012 1009
f 53 945 943
f 74 1071 1069
f 84 1131 1129
f 89 1162 1159
f 70 1047 1045
f 99 1221 1219
f 95 1197 1195
f 81 1114 1111
f 52 940 937
f 109 1284 1280
f 105 1260 1256
f 111 1296 1292
f 114 1314 1310
f 117 1332 1328
f 125 1380 1376
f 152 1542 1538
f 137 1451 1447
f 158 1577 1573
f 123 1367 1363
f 143 1488 1484
f 127 1392 1388
f 135 1439 1435
f 147 1512 1508
f 150 1530 1526
f 153 1548 1544
f 140 1470 1466
f 138 1457 1453
f 159 1583 1579
f 122 1361 1357
f 107 1270 1268
f 103 1246 1244
f 104 1251 1249
f 110 1287 1285
f 113 1305 1303
f 118 1335 1333
f 154 1552 1550
f 141 1474 1472
f 162 1600 1598
f 121 1353 1351
f 142 1480 1478
f 129 1402 1400
f 130 1407 1405
f 144 1491 1489
f 146 1503 1501
f 151 1534 1532
f 131 1413 1411
f 136 1443 1441
f 161 1593 1591
f 126 1384 1382
f 116 1324 1322
f 108 1276 1274
f 106 1264 1262
f 112 1300 1298
f 115 1318 1316
f 119 1342 1340
f 156 1563 1561
f 139 1461 1459
f 160 1587 1585
f 120 1348 1346
f 149 1522 1520
f 132 1419 1417
f 128 1396 1394
f 145 1498 1496
f 148 1516 1514
f 155 1558 1556
f 133 1426 1424
f 134 1432 1430
f 157 1569 1567
f 124 1371 1369
f 109 1281 1279
f 105 1257 1255
f 111 1293 1291
f 114 1311 1309
f 117 1329 1327
f 125 1377 1375
f 152 1539 1537
f 137 1450 1448
f 158 1576 1574
f 123 1366 1364
f 143 1485 1483
f 127 1389 1387
f 135 1438 1436
f 147 1509 1507
f 150 1527 1525
f 153 1545 1543
f 140 1467 1465
f 138 1456 1454
f 159 1582 1580
f 122 1360 1358
f 107 1271 1267
f 103 1247 1243
f 104 1254 1250
f 110 1290 1286
f 113 1308 1304
f 118 1338 1334
f 154 1553 1549
f 141 1475 1471
f 162 1601 1597
f 121 1356 1352
f 142 1481 1477
f 129 1403 1399
f 130 1410 1406
f 144 1494 1490
f 146 1506 1502
f 151 1535 1531
f 131 1416 1412
f 136 1446 1442
f 161 1596 1592
f 126 1385 1381
f 44 894 890
f 43 887 884
f 45 899 896
f 46 905 902
f 47 912 908
f 52 941 938
f 70 1050 1046
f 99 1224 1220
f 95 1200 1196
f 81 1115 1112
f 59 984 980
f 58 977 974
f 60 989 986
f 61 995 992
f 62 1002 998
f 65 1019 1016
f 57 971 968
f 77 1091 1088
f 86 1146 1142
f 88 1158 1154
f 98 1217 1214
f 68 1037 1034
f 48 918 914
f 78 1098 1094
f 93 1188 1184
f 69 1044 1040
f 101 1236 1232
f 97 1212 1208
f 82 1122 1118
f 50 930 926
f 89 1163 1160
f 64 1013 1010
f 53 948 944
f 74 1074 1070
f 84 1134 1130
f 90 1170 1166
f 63 1008 1004
f 55 960 956
f 76 1086 1082
f 87 1151 1148
f 72 1061 1058
f 49 923 920
f 79 1103 1100
f 96 1205 1202
f 102 1241 1238
f 91 1175 1172
f 67 1032 1028
f 56 966 962
f 75 1080 1076
f 83 1127 1124
f 66 1025 1022
f 54 953 950
f 73 1067 1064
f 85 1139 1136
f 92 1182 1178
f 71 1056 1052
f 100 1229 1226
f 94 1193 1190
f 80 1109 1106
f 51 936 932
f 116 1325 1321
f 108 1277 1273
f 106 1265 1261
f 112 1301 1297
f 115 1319 1315
f 119 1343 1339
f 156 1566 1562
f 139 1464 1460
f 160 1590 1586
f 120 1349 1345
f 149 1523 1519
f 132 1422 1418
f 128 1397 1393
f 145 1499 1495
f 148 1517 1513
f 155 1559 1555
f 133 1427 1423
f 134 1433 1429
f 157 1572 1568
f 124 1374 1370
f 44 892 894
f 43 885 887
f 45 897 899
f 46 903 905
f 47 910 912
f 52 939 941
f 70 1048 1050
f 99 1222 1224
f 95 1198 1200
f 81 1113 1115
f 59 982 984
f 58 975 977
f 60 987 989
f 61 993 995
f 62 1000 1002
f 65 1017 1019
f 57 969 971
f 77 1089 1091
f 86 1144 1146
f 88 1156 1158
f 98 1215 1217
f 68 1035 1037
f 48 916 918
f 78 1096 1098
f 93 1186 1188
f 69 1042 1044
f 101 1234 1236
f 97 1210 1212
f 82 1120 1122
f 50 928 930
f 89 1161 1163
f 64 1011 1013
f 53 946 948
f 74 1072 1074
f 84 1132 1134
f 90 1168 1170
f 63 1006 1008
f 55 958 960
f 76 1084 1086
f 87 1149 1151
f 72 1059 1061
f 49 921 923
f 79 1101 1103
f 96 1203 1205
f 102 1239 1241
f 91 1173 1175
f 67 1030 1032
f 56 964 966
f 75 1078 1080
f 83 1125 1127
f 66 1023 1025
f 54 951 953
f 73 1065 1067
f 85 1137 1139
f 92 1180 1182
f 71 1054 1056
f 100 1227 1229
f 94 1191 1193
f 80 1107 1109
f 51 934 936
f 116 1326 1325
f 108 1278 1277
f 106 1266 1265
f 112 1302 1301
f 115 1320 1319
f 119 1344 1343
f 156 1565 1566
f 139 1463 1464
f 160 1589 1590
f 120 1350 1349
f 149 1524 1523
f 132 1421 1422
f 128 1398 1397
f 145 1500 1499
f 148 1518 1517
f 155 1560 1559
f 133 1428 1427
f 134 1434 1433
f 157 1571 1572
f 124 1373 1374
f 44 889 892
f 43 883 885
f 45 895 897
f 46 901 903
f 47 907 910
f 52 937 939
f 70 1045 1048
f 99 1219 1222
f 95 1195 1198
f 81 1111 1113
f 59 979 982
f 58 973 975
f 60 985 987
f 61 991 993
f 62 997 1000
f 65 1015 1017
f 57 967 969
f 77 1087 1089
f 86 1141 1144
f 88 1153 1156
f 98 1213 1215
f 68 1033 1035
f 48 913 916
f 78 1093 1096
f 93 1183 1186
f 69 1039 1042
f 101 1231 1234
f 97 1207 1210
f 82 1117 1120
f 50 925 928
f 89 1159 1161
f 64 1009 1011
f 53 943 946
f 74 1069 1072
f 84 1129 1132
f 90 1165 1168
f 63 1003 1006
f 55 955 958
f 76 1081 1084
f 87 1147 1149
f 72 1057 1059
f 49 919 921
f 79 1099 1101
f 96 1201 1203
f 102 1237 1239
f 91 1171 1173
f 67 1027 1030
f 56 961 964
f 75 1075 1078
f 83 1123 1125
f 66 1021 1023
f 54 949 951
f 73 1063 1065
f 85 1135 1137
f 92 1177 1180
f 71 1051 1054
f 100 1225 1227
f 94 1189 1191
f 80 1105 1107
f 51 931 934
f 116 1322 1326
f 108 1274 1278
f 106 1262 1266
f 112 1298 1302
f 115 1316 1320
f 119 1340 1344
f 156 1561 1565
f 139 1459 1463
f 160 1585 1589
f 120 1346 1350
f 149 1520 1524
f 132 1417 1421
f 128 1394 1398
f 145 1496 1500
f 148 1514 1518
f 155 1556 1560
f 133 1424 1428
f 134 1430 1434
f 157 1567 1571
f 124 1369 1373
f 47 908 911
f 44 890 893
f 43 884 888
f 45 896 900
f 46 902 906
f 49 920 924
f 72 1058 1062
f 102 1238 1242
f 96 1202 1206
f 79 1100 1104
f 62 998 1001
f 59 980 983
f 58 974 978
f 60 986 990
f 61 992 996
f 66 1022 1026
f 54 950 954
f 73 1064 1068
f 85 1136 1140
f 92 1178 1181
f 101 1232 1235
f 69 1040 1043
f 50 926 929
f 82 1118 1121
f 97 1208 1211
f 71 1052 1055
f 100 1226 1230
f 94 1190 1194
f 80 1106 1110
f 51 932 935
f 90 1166 1169
f 63 1004 1007
f 55 956 959
f 76 1082 1085
f 87 1148 1152
f 91 1172 1176
f 67 1028 1031
f 56 962 965
f 75 1076 1079
f 83 1124 1128
f 68 1034 1038
f 48 914 917
f 78 1094 1097
f 93 1184 1187
f 98 1214 1218
f 88 1154 1157
f 65 1016 1020
f 57 968 972
f 77 1088 1092
f 86 1142 1145
f 64 1010 1014
f 53 944 947
f 74 1070 1073
f 84 1130 1133
f 89 1160 1164
f 70 1046 1049
f 99 1220 1223
f 95 1196 1199
f 81 1112 1116
f 52 938 942
f 109 1279 1283
f 105 1255 1259
f 111 1291 1295
f 114 1309 1313
f 117 1327 1331
f 125 1375 1379
f 152 1537 1541
f 137 1448 1452
f 158 1574 1578
f 123 1364 1368
f 143 1483 1487
f 127 1387 1391
f 135 1436 1440
f 147 1507 1511
f 150 1525 1529
f 153 1543 1547
f 140 1465 1469
f 138 1454 1458
f 159 1580 1584
f 122 1358 1362
f 107 1267 1269
f 103 1243 1245
f 104 1250 1252
f 110 1286 1288
f 113 1304 1306
f 118 1334 1336
f 154 1549 1551
f 141 1471 1473
f 162 1597 1599
f 121 1352 1354
f 142 1477 1479
f 129 1399 1401
f 130 1406 1408
f 144 1490 1492
f 146 1502 1504
f 151 1531 1533
f 131 1412 1414
f 136 1442 1444
f 161 1592 1594
f 126 1381 1383
f 116 1321 1323
f 108 1273 1275
f 106 1261 1263
f 112 1297 1299
f 115 1315 1317
f 119 1339 1341
f 156 1562 1564
f 139 1460 1462
f 160 1586 1588
f 120 1345 1347
f 149 1519 1521
f 132 1418 1420
f 128 1393 1395
f 145 1495 1497
f 148 1513 1515
f 155 1555 1557
f 133 1423 1425
f 134 1429 1431
f 157 1568 1570
f 124 1370 1372
f 109 1280 1282
f 105 1256 1258
f 111 1292 1294
f 114 1310 1312
f 117 1328 1330
f 125 1376 1378
f 152 1538 1540
f 137 1447 1449
f 158 1573 1575
f 123 1363 1365
f 143 1484 1486
f 127 1388 1390
f 135 1435 1437
f 147 1508 1510
f 150 1526 1528
f 153 1544 1546
f 140 1466 1468
f 138 1453 1455
f 159 1579 1581
f 122 1357 1359
f 107 1268 1272
f 103 1244 1248
f 104 1249 1253
f 110 1285 1289
f 113 1303 1307
f 118 1333 1337
f 154 1550 1554
f 141 1472 1476
f 162 1598 1602
f 121 1351 1355
f 142 1478 1482
f 129 1400 1404
f 130 1405 1409
f 144 1489 1493
f 146 1501 1505
f 151 1532 1536
f 131 1411 1415
f 136 1441 1445
f 161 1591 1595
f 126 1382 1386
f 47 911 909
f 44 893 891
f 43 888 886
f 45 900 898
f 46 906 904
f 49 924 922
f 72 1062 1060
f 102 1242 1240
f 96 1206 1204
f 79 1104 1102
f 62 1001 999
f 59 983 981
f 58 978 976
f 60 990 988
f 61 996 994
f 66 1026 1024
f 54 954 952
f 73 1068 1066
f 85 1140 1138
f 92 1181 1179
f 101 1235 1233
f 69 1043 1041
f 50 929 927
f 82 1121 1119
f 97 1211 1209
f 71 1055 1053
f 100 1230 1228
f 94 1194 1192
f 80 1110 1108
f 51 935 933
f 90 1169 1167
f 63 1007 1005
f 55 959 957
f 76 1085 1083
f 87 1152 1150
f 91 1176 1174
f 67 1031 1029
f 56 965 963
f 75 1079 1077
f 83 1128 1126
f 68 1038 1036
f 48 917 915
f 78 1097 1095
f 93 1187 1185
f 98 1218 1216
f 88 1157 1155
f 65 1020 1018
f 57 972 970
f 77 1092 1090
f 86 1145 1143
f 64 1014 1012
f 53 947 945
f 74 1073 1071
f 84 1133 1131
f 89 1164 1162
f 70 1049 1047
f 99 1223 1221
f 95 1199 1197
f 81 1116 1114
f 52 942 940
f 109 1283 1284
f 105 1259 1260
f 111 1295 1296
f 114 1313 1314
f 117 1331 1332
f 125 1379 1380
f 152 1541 1542
f 137 1452 1451
f 158 1578 1577
f 123 1368 1367
f 143 1487 1488
f 127 1391 1392
f 135 1440 1439
f 147 1511 1512
f 150 1529 1530
f 153 1547 1548
f 140 1469 1470
f 138 1458 1457
f 159 1584 1583
f 122 1362 1361
f 407 1609 1616
f 403 1605 1608
f 404 1611 1606
f 410 1614 1612
f 413 1617 1615
f 422 1631 1624
f 486 1688 1692
f 573 1775 1782
f 561 1763 1765
f 512 1719 1714
f 452 1654 1661
f 448 1650 1653
f 449 1656 1651
f 455 1659 1657
f 458 1662 1660
f 470 1672 1675
f 437 1646 1639
f 494 1706 1696
f 531 1735 1733
f 539 1741 1751
f 568 1770 1779
f 478 1680 1683
f 419 1621 1626
f 509 1711 1721
f 554 1756 1766
f 482 1684 1689
f 576 1780 1778
f 558 1767 1760
f 516 1722 1718
f 425 1627 1629
f 542 1744 1747
f 463 1668 1665
f 434 1636 1641
f 497 1699 1704
f 528 1730 1737
f 546 1748 1750
f 464 1666 1676
f 440 1642 1644
f 500 1705 1702
f 524 1736 1726
f 479 1691 1681
f 418 1623 1620
f 508 1713 1710
f 553 1764 1755
f 569 1781 1771
f 538 1749 1740
f 471 1677 1673
f 443 1645 1647
f 501 1703 1707
f 523 1725 1734
f 467 1674 1669
f 433 1638 1635
f 493 1695 1698
f 527 1732 1729
f 543 1752 1745
f 485 1690 1687
f 572 1777 1774
f 557 1759 1762
f 515 1717 1720
f 428 1630 1632
f 591 2191 2189
f 587 1885 1883
f 588 1901 1903
f 594 2279 2281
f 597 2315 2317
f 600 2171 2173
f 634 2160 2158
f 619 2016 2012
f 639 2214 2210
f 602 1919 1924
f 624 2137 2135
f 608 1978 1973
f 610 1991 1996
f 627 2225 2227
f 630 2302 2304
f 635 2178 2176
f 615 2153 2155
f 617 2009 2014
f 637 2207 2212
f 604 1926 1922
f 416 1857 1864
f 408 1803 1810
f 406 1786 1795
f 412 1822 1831
f 415 1840 1849
f 424 1876 1887
f 492 2182 2193
f 582 2312 2321
f 565 2276 2285
f 514 1898 1907
f 461 2091 2098
f 453 2037 2044
f 451 1952 1961
f 457 2056 2067
f 460 2074 2083
f 475 2128 2139
f 439 1966 1975
f 496 1988 1997
f 533 2222 2231
f 551 2293 2298
f 579 2185 2190
f 483 1879 1884
f 426 1893 1900
f 521 2271 2278
f 566 2307 2314
f 489 2163 2170
f 578 2150 2159
f 560 2006 2015
f 518 2204 2213
f 429 1911 1918
f 547 2131 2136
f 465 1969 1977
f 441 1983 1990
f 504 2217 2224
f 537 2290 2301
f 550 2168 2177
f 476 2145 2152
f 444 2001 2008
f 502 2199 2206
f 526 1916 1925
f 481 1808 1817
f 420 1789 1797
f 510 1825 1833
f 555 1843 1851
f 571 1862 1871
f 540 1933 1941
f 473 2110 2119
f 447 2020 2029
f 507 2236 2247
f 534 2257 2262
f 469 2042 2051
f 435 1947 1954
f 498 2059 2064
f 529 2077 2085
f 545 2096 2105
f 487 2113 2121
f 574 2023 2031
f 562 2239 2244
f 520 2254 2265
f 432 1930 1939
f 589 1818 1814
f 583 1798 1793
f 586 1834 1829
f 593 1852 1847
f 596 1872 1868
f 599 1942 1937
f 633 2120 2124
f 620 2030 2034
f 640 2248 2250
f 603 2263 2261
f 622 2052 2050
f 607 1955 1960
f 612 2065 2063
f 626 2086 2081
f 629 2106 2102
f 631 2122 2117
f 614 2032 2027
f 618 2245 2243
f 641 2266 2268
f 605 1940 1944
f 409 1813 1804
f 405 1792 1785
f 411 1828 1821
f 414 1846 1839
f 417 1867 1858
f 431 1936 1929
f 488 2123 2114
f 575 2033 2024
f 563 2249 2240
f 519 2260 2253
f 454 2049 2038
f 450 1959 1951
f 456 2062 2055
f 459 2080 2073
f 462 2101 2092
f 472 2116 2109
f 446 2026 2019
f 506 2242 2235
f 535 2267 2258
f 541 1943 1934
f 570 1869 1861
f 480 1815 1807
f 421 1799 1790
f 511 1835 1826
f 556 1853 1844
f 484 1889 1880
f 580 2195 2186
f 567 2319 2308
f 522 2283 2272
f 427 1905 1894
f 544 2103 2095
f 468 2046 2041
f 436 1957 1948
f 499 2069 2060
f 530 2087 2078
f 548 2141 2132
f 466 1979 1970
f 442 1993 1984
f 505 2229 2218
f 536 2296 2289
f 491 2188 2181
f 423 1882 1875
f 513 1902 1897
f 564 2280 2275
f 581 2316 2311
f 549 2172 2167
f 477 2157 2146
f 445 2011 2002
f 503 2209 2200
f 525 1923 1915
f 474 2134 2127
f 438 1972 1965
f 495 1995 1987
f 532 2226 2221
f 552 2303 2294
f 490 2175 2164
f 577 2154 2149
f 559 2013 2005
f 517 2211 2203
f 430 1921 1912
f 590 1865 1870
f 584 1811 1816
f 585 1796 1800
f 592 1832 1836
f 595 1850 1854
f 598 1888 1890
f 636 2194 2196
f 621 2322 2320
f 642 2286 2284
f 601 1908 1906
f 623 2099 2104
f 611 2045 2047
f 609 1962 1958
f 625 2068 2070
f 628 2084 2088
f 632 2140 2142
f 613 1976 1980
f 616 1998 1994
f 638 2232 2230
f 606 2299 2297
f 407 2330 2329
f 403 2324 2323
f 404 2325 2326
f 410 2332 2333
f 413 2335 2336
f 422 2344 2345
f 486 2410 2409
f 573 2497 2496
f 561 2486 2485
f 512 2434 2435
f 452 2375 2374
f 448 2369 2368
f 449 2370 2371
f 455 2377 2378
f 458 2380 2381
f 470 2393 2392
f 437 2359 2360
f 494 2415 2416
f 531 2455 2456
f 539 2461 2460
f 568 2489 2488
f 478 2399 2398
f 419 2341 2340
f 509 2431 2430
f 554 2476 2475
f 482 2405 2404
f 576 2500 2501
f 558 2481 2482
f 516 2439 2440
f 425 2348 2347
f 542 2465 2464
f 463 2383 2384
f 434 2356 2355
f 497 2420 2419
f 528 2452 2451
f 546 2471 2470
f 464 2386 2385
f 440 2363 2362
f 500 2422 2423
f 524 2445 2446
f 479 2400 2401
f 418 2338 2339
f 508 2428 2429
f 553 2473 2474
f 569 2490 2491
f 538 2458 2459
f 471 2394 2395
f 443 2366 2365
f 501 2425 2424
f 523 2444 2443
f 467 2389 2390
f 433 2353 2354
f 493 2414 2413
f 527 2449 2450
f 543 2466 2467
f 485 2407 2408
f 572 2494 2495
f 557 2480 2479
f 515 2438 2437
f 428 2351 2350
f 591 2510 2511
f 587 2504 2505
f 588 2508 2507
f 594 2514 2513
f 597 2517 2516
f 600 2520 2519
f 634 2554 2556
f 619 2539 2540
f 639 2560 2561
f 602 2523 2521
f 624 2543 2544
f 608 2527 2529
f 610 2532 2530
f 627 2547 2546
f 630 2550 2549
f 635 2552 2553
f 615 2535 2534
f 617 2538 2536
f 637 2558 2557
f 604 2524 2525
f 167 1607 647
f 164 1603 644
f 163 1604 643
f 165 1610 645
f 166 1613 646
f 169 1622 649
f 192 1686 672
f 222 1773 702
f 216 1761 696
f 199 1712 679
f 182 1652 662
f 179 1648 659
f 178 1649 658
f 180 1655 660
f 181 1658 661
f 186 1670 666
f 174 1637 654
f 193 1694 673
f 205 1731 685
f 212 1739 692
f 221 1768 701
f 189 1678 669
f 170 1619 650
f 202 1709 682
f 217 1754 697
f 191 1682 671
f 220 1776 700
f 214 1758 694
f 200 1716 680
f 171 1625 651
f 210 1742 690
f 183 1663 663
f 175 1634 655
f 196 1697 676
f 207 1728 687
f 211 1746 691
f 187 1664 667
f 176 1640 656
f 195 1700 675
f 203 1724 683
f 188 1679 668
f 168 1618 648
f 198 1708 678
f 213 1753 693
f 218 1769 698
f 208 1738 688
f 185 1671 665
f 177 1643 657
f 197 1701 677
f 206 1723 686
f 184 1667 664
f 173 1633 653
f 194 1693 674
f 204 1727 684
f 209 1743 689
f 190 1685 670
f 219 1772 699
f 215 1757 695
f 201 1715 681
f 172 1628 652
f 357 2187 837
f 255 1881 735
f 262 1899 742
f 388 2277 868
f 400 2313 880
f 352 2169 832
f 347 2156 827
f 298 2010 778
f 364 2208 844
f 269 1917 749
f 339 2133 819
f 285 1971 765
f 293 1989 773
f 370 2223 850
f 396 2300 876
f 353 2174 833
f 346 2151 826
f 299 2007 779
f 365 2205 845
f 268 1920 748
f 249 1855 729
f 231 1801 711
f 226 1784 706
f 238 1820 718
f 244 1838 724
f 257 1874 737
f 359 2180 839
f 402 2310 882
f 390 2274 870
f 264 1896 744
f 327 2089 807
f 309 2035 789
f 282 1950 762
f 317 2054 797
f 322 2072 802
f 341 2126 821
f 286 1964 766
f 294 1986 774
f 372 2220 852
f 394 2291 874
f 358 2183 838
f 256 1877 736
f 261 1891 741
f 387 2269 867
f 399 2305 879
f 351 2161 831
f 348 2148 828
f 300 2004 780
f 366 2202 846
f 267 1909 747
f 340 2129 820
f 287 1967 767
f 291 1981 771
f 369 2215 849
f 395 2288 875
f 354 2166 834
f 345 2143 825
f 297 1999 777
f 363 2197 843
f 270 1914 750
f 234 1806 714
f 227 1787 707
f 239 1823 719
f 245 1841 725
f 252 1860 732
f 275 1931 755
f 334 2108 814
f 304 2018 784
f 377 2234 857
f 382 2255 862
f 312 2040 792
f 279 1945 759
f 316 2057 796
f 323 2075 803
f 330 2094 810
f 335 2111 815
f 305 2021 785
f 376 2237 856
f 383 2252 863
f 274 1928 754
f 232 1812 712
f 225 1791 705
f 237 1827 717
f 243 1845 723
f 250 1866 730
f 273 1935 753
f 336 2118 816
f 306 2028 786
f 378 2246 858
f 381 2259 861
f 311 2048 791
f 281 1953 761
f 315 2061 795
f 321 2079 801
f 328 2100 808
f 333 2115 813
f 303 2025 783
f 375 2241 855
f 384 2264 864
f 276 1938 756
f 229 1802 709
f 223 1783 703
f 235 1819 715
f 241 1837 721
f 247 1856 727
f 271 1927 751
f 332 2112 812
f 302 2022 782
f 374 2238 854
f 379 2251 859
f 307 2036 787
f 278 1949 758
f 313 2053 793
f 319 2071 799
f 325 2090 805
f 331 2107 811
f 301 2017 781
f 373 2233 853
f 380 2256 860
f 272 1932 752
f 248 1859 728
f 230 1805 710
f 224 1788 704
f 236 1824 716
f 242 1842 722
f 254 1878 734
f 356 2184 836
f 397 2306 877
f 385 2270 865
f 259 1892 739
f 326 2093 806
f 308 2039 788
f 277 1946 757
f 314 2058 794
f 320 2076 800
f 338 2130 818
f 284 1968 764
f 289 1982 769
f 367 2216 847
f 391 2287 871
f 355 2179 835
f 253 1873 733
f 260 1895 740
f 386 2273 866
f 398 2309 878
f 350 2165 830
f 343 2144 823
f 295 2000 775
f 361 2198 841
f 266 1913 746
f 337 2125 817
f 283 1963 763
f 290 1985 770
f 368 2219 848
f 392 2292 872
f 349 2162 829
f 344 2147 824
f 296 2003 776
f 362 2201 842
f 265 1910 745
f 251 1863 731
f 233 1809 713
f 228 1794 708
f 240 1830 720
f 246 1848 726
f 258 1886 738
f 360 2192 840
f 401 2318 881
f 389 2282 869
f 263 1904 743
f 329 2097 809
f 310 2043 790
f 280 1956 760
f 318 2066 798
f 324 2082 804
f 342 2138 822
f 288 1974 768
f 292 1992 772
f 371 2228 851
f 393 2295 873
f 409 2331 1269
f 405 2327 1245
f 411 2328 1252
f 414 2334 1288
f 417 2337 1306
f 431 2346 1336
f 488 2412 1551
f 575 2499 1473
f 563 2487 1599
f 519 2436 1354
f 454 2376 1479
f 450 2372 1401
f 456 2373 1408
f 459 2379 1492
f 462 2382 1504
f 472 2396 1533
f 446 2361 1414
f 506 2418 1444
f 535 2457 1594
f 541 2463 1383
f 570 2492 1323
f 480 2402 1275
f 421 2343 1263
f 511 2433 1299
f 556 2478 1317
f 484 2406 1341
f 580 2502 1564
f 567 2484 1462
f 522 2442 1588
f 427 2349 1347
f 544 2468 1521
f 468 2387 1420
f 436 2358 1395
f 499 2421 1497
f 530 2454 1515
f 548 2472 1557
f 466 2388 1425
f 442 2364 1431
f 505 2426 1570
f 536 2448 1372
f 491 2403 1282
f 423 2342 1258
f 513 2432 1294
f 564 2477 1312
f 581 2493 1330
f 549 2462 1378
f 477 2397 1540
f 445 2367 1449
f 503 2427 1575
f 525 2447 1365
f 474 2391 1486
f 438 2357 1390
f 495 2417 1437
f 532 2453 1510
f 552 2469 1528
f 490 2411 1546
f 577 2498 1468
f 559 2483 1455
f 517 2441 1581
f 430 2352 1359
f 590 2509 1272
f 584 2503 1248
f 585 2506 1253
f 592 2512 1289
f 595 2515 1307
f 598 2518 1337
f 636 2555 1554
f 621 2541 1476
f 642 2562 1602
f 601 2522 1355
f 623 2542 1482
f 611 2528 1404
f 609 2531 1409
f 625 2545 1493
f 628 2548 1505
f 632 2551 1536
f 613 2533 1415
f 616 2537 1445
f 638 2559 1595
f 606 2526 1386
f 407 1616 909
f 403 1608 891
f 404 1606 886
f 410 1612 898
f 413 1615 904
f 422 1624 922
f 486 1692 1060
f 573 1782 1240
f 561 1765 1204
f 512 1714 1102
f 452 1661 999
f 448 1653 981
f 449 1651 976
f 455 1657 988
f 458 1660 994
f 470 1675 1024
f 437 1639 952
f 494 1696 1066
f 531 1733 1138
f 539 1751 1179
f 568 1779 1233
f 478 1683 1041
f 419 1626 927
f 509 1721 1119
f 554 1766 1209
f 482 1689 1053
f 576 1778 1228
f 558 1760 1192
f 516 1718 1108
f 425 1629 933
f 542 1747 1167
f 463 1665 1005
f 434 1641 957
f 497 1704 1083
f 528 1737 1150
f 546 1750 1174
f 464 1676 1029
f 440 1644 963
f 500 1702 1077
f 524 1726 1126
f 479 1681 1036
f 418 1620 915
f 508 1710 1095
f 553 1755 1185
f 569 1771 1216
f 538 1740 1155
f 471 1673 1018
f 443 1647 970
f 501 1707 1090
f 523 1734 1143
f 467 1669 1012
f 433 1635 945
f 493 1698 1071
f 527 1729 1131
f 543 1745 1162
f 485 1687 1047
f 572 1774 1221
f 557 1762 1197
f 515 1720 1114
f 428 1632 940
f 591 2189 1284
f 587 1883 1260
f 588 1903 1296
f 594 2281 1314
f 597 2317 1332
f 600 2173 1380
f 634 2158 1542
f 619 2012 1451
f 639 2210 1577
f 602 1924 1367
f 624 2135 1488
f 608 1973 1392
f 610 1996 1439
f 627 2227 1512
f 630 2304 1530
f 635 2176 1548
f 615 2155 1470
f 617 2014 1457
f 637 2212 1583
f 604 1922 1361
f 416 1864 1270
f 408 1810 1246
f 406 1795 1251
f 412 1831 1287
f 415 1849 1305
f 424 1887 1335
f 492 2193 1552
f 582 2321 1474
f 565 2285 1600
f 514 1907 1353
f 461 2098 1480
f 453 2044 1402
f 451 1961 1407
f 457 2067 1491
f 460 2083 1503
f 475 2139 1534
f 439 1975 1413
f 496 1997 1443
f 533 2231 1593
f 551 2298 1384
f 579 2190 1324
f 483 1884 1276
f 426 1900 1264
f 521 2278 1300
f 566 2314 1318
f 489 2170 1342
f 578 2159 1563
f 560 2015 1461
f 518 2213 1587
f 429 1918 1348
f 547 2136 1522
f 465 1977 1419
f 441 1990 1396
f 504 2224 1498
f 537 2301 1516
f 550 2177 1558
f 476 2152 1426
f 444 2008 1432
f 502 2206 1569
f 526 1925 1371
f 481 1817 1281
f 420 1797 1257
f 510 1833 1293
f 555 1851 1311
f 571 1871 1329
f 540 1941 1377
f 473 2119 1539
f 447 2029 1450
f 507 2247 1576
f 534 2262 1366
f 469 2051 1485
f 435 1954 1389
f 498 2064 1438
f 529 2085 1509
f 545 2105 1527
f 487 2121 1545
f 574 2031 1467
f 562 2244 1456
f 520 2265 1582
f 432 1939 1360
f 589 1814 1271
f 583 1793 1247
f 586 1829 1254
f 593 1847 1290
f 596 1868 1308
f 599 1937 1338
f 633 2124 1553
f 620 2034 1475
f 640 2250 1601
f 603 2261 1356
f 622 2050 1481
f 607 1960 1403
f 612 2063 1410
f 626 2081 1494
f 629 2102 1506
f 631 2117 1535
f 614 2027 1416
f 618 2243 1446
f 641 2268 1596
f 605 1944 1385
f 409 1804 894
f 405 1785 887
f 411 1821 899
f 414 1839 905
f 417 1858 912
f 431 1929 941
f 488 2114 1050
f 575 2024 1224
f 563 2240 1200
f 519 2253 1115
f 454 2038 984
f 450 1951 977
f 456 2055 989
f 459 2073 995
f 462 2092 1002
f 472 2109 1019
f 446 2019 971
f 506 2235 1091
f 535 2258 1146
f 541 1934 1158
f 570 1861 1217
f 480 1807 1037
f 421 1790 918
f 511 1826 1098
f 556 1844 1188
f 484 1880 1044
f 580 2186 1236
f 567 2308 1212
f 522 2272 1122
f 427 1894 930
f 544 2095 1163
f 468 2041 1013
f 436 1948 948
f 499 2060 1074
f 530 2078 1134
f 548 2132 1170
f 466 1970 1008
f 442 1984 960
f 505 2218 1086
f 536 2289 1151
f 491 2181 1061
f 423 1875 923
f 513 1897 1103
f 564 2275 1205
f 581 2311 1241
f 549 2167 1175
f 477 2146 1032
f 445 2002 966
f 503 2200 1080
f 525 1915 1127
f 474 2127 1025
f 438 1965 953
f 495 1987 1067
f 532 2221 1139
f 552 2294 1182
f 490 2164 1056
f 577 2149 1229
f 559 2005 1193
f 517 2203 1109
f 430 1912 936
f 590 1870 1325
f 584 1816 1277
f 585 1800 1265
f 592 1836 1301
f 595 1854 1319
f 598 1890 1343
f 636 2196 1566
f 621 2320 1464
f 642 2284 1590
f 601 1906 1349
f 623 2104 1523
f 611 2047 1422
f 609 1958 1397
f 625 2070 1499
f 628 2088 1517
f 632 2142 1559
f 613 1980 1427
f 616 1994 1433
f 638 2230 1572
f 606 2297 1374
f 407 2329 892
f 403 2323 885
f 404 2326 897
f 410 2333 903
f 413 2336 910
f 422 2345 939
f 486 2409 1048
f 573 2496 1222
f 561 2485 1198
f 512 2435 1113
f 452 2374 982
f 448 2368 975
f 449 2371 987
f 455 2378 993
f 458 2381 1000
f 470 2392 1017
f 437 2360 969
f 494 2416 1089
f 531 2456 1144
f 539 2460 1156
f 568 2488 1215
f 478 2398 1035
f 419 2340 916
f 509 2430 1096
f 554 2475 1186
f 482 2404 1042
f 576 2501 1234
f 558 2482 1210
f 516 2440 1120
f 425 2347 928
f 542 2464 1161
f 463 2384 1011
f 434 2355 946
f 497 2419 1072
f 528 2451 1132
f 546 2470 1168
f 464 2385 1006
f 440 2362 958
f 500 2423 1084
f 524 2446 1149
f 479 2401 1059
f 418 2339 921
f 508 2429 1101
f 553 2474 1203
f 569 2491 1239
f 538 2459 1173
f 471 2395 1030
f 443 2365 964
f 501 2424 1078
f 523 2443 1125
f 467 2390 1023
f 433 2354 951
f 493 2413 1065
f 527 2450 1137
f 543 2467 1180
f 485 2408 1054
f 572 2495 1227
f 557 2479 1191
f 515 2437 1107
f 428 2350 934
f 591 2511 1326
f 587 2505 1278
f 588 2507 1266
f 594 2513 1302
f 597 2516 1320
f 600 2519 1344
f 634 2556 1565
f 619 2540 1463
f 639 2561 1589
f 602 2521 1350
f 624 2544 1524
f 608 2529 1421
f 610 2530 1398
f 627 2546 1500
f 630 2549 1518
f 635 2553 1560
f 615 2534 1428
f 617 2536 1434
f 637 2557 1571
f 604 2525 1373
f 164 1609 889
f 163 1605 883
f 165 1611 895
f 166 1614 901
f 167 1617 907
f 172 1631 937
f 190 1688 1045
f 219 1775 1219
f 215 1763 1195
f 201 1719 1111
f 179 1654 979
f 178 1650 973
f 180 1656 985
f 181 1659 991
f 182 1662 997
f 185 1672 1015
f 177 1646 967
f 197 1706 1087
f 206 1735 1141
f 208 1741 1153
f 218 1770 1213
f 188 1680 1033
f 168 1621 913
f 198 1711 1093
f 213 1756 1183
f 189 1684 1039
f 221 1780 1231
f 217 1767 1207
f 202 1722 1117
f 170 1627 925
f 209 1744 1159
f 184 1668 1009
f 173 1636 943
f 194 1699 1069
f 204 1730 1129
f 210 1748 1165
f 183 1666 1003
f 175 1642 955
f 196 1705 1081
f 207 1736 1147
f 192 1691 1057
f 169 1623 919
f 199 1713 1099
f 216 1764 1201
f 222 1781 1237
f 211 1749 1171
f 187 1677 1027
f 176 1645 961
f 195 1703 1075
f 203 1725 1123
f 186 1674 1021
f 174 1638 949
f 193 1695 1063
f 205 1732 1135
f 212 1752 1177
f 191 1690 1051
f 220 1777 1225
f 214 1759 1189
f 200 1717 1105
f 171 1630 931
f 358 2191 1322
f 256 1885 1274
f 261 1901 1262
f 387 2279 1298
f 399 2315 1316
f 351 2171 1340
f 348 2160 1561
f 300 2016 1459
f 366 2214 1585
f 267 1919 1346
f 340 2137 1520
f 287 1978 1417
f 291 1991 1394
f 369 2225 1496
f 395 2302 1514
f 354 2178 1556
f 345 2153 1424
f 297 2009 1430
f 363 2207 1567
f 270 1926 1369
f 247 1857 908
f 229 1803 890
f 223 1786 884
f 235 1822 896
f 241 1840 902
f 253 1876 920
f 355 2182 1058
f 398 2312 1238
f 386 2276 1202
f 260 1898 1100
f 325 2091 998
f 307 2037 980
f 278 1952 974
f 313 2056 986
f 319 2074 992
f 337 2128 1022
f 283 1966 950
f 290 1988 1064
f 368 2222 1136
f 392 2293 1178
f 356 2185 1232
f 254 1879 1040
f 259 1893 926
f 385 2271 1118
f 397 2307 1208
f 349 2163 1052
f 344 2150 1226
f 296 2006 1190
f 362 2204 1106
f 265 1911 932
f 338 2131 1166
f 284 1969 1004
f 289 1983 956
f 367 2217 1082
f 391 2290 1148
f 350 2168 1172
f 343 2145 1028
f 295 2001 962
f 361 2199 1076
f 266 1916 1124
f 230 1808 1034
f 224 1789 914
f 236 1825 1094
f 242 1843 1184
f 248 1862 1214
f 272 1933 1154
f 331 2110 1016
f 301 2020 968
f 373 2236 1088
f 380 2257 1142
f 308 2042 1010
f 277 1947 944
f 314 2059 1070
f 320 2077 1130
f 326 2096 1160
f 332 2113 1046
f 302 2023 1220
f 374 2239 1196
f 379 2254 1112
f 271 1930 938
f 234 1818 1279
f 227 1798 1255
f 239 1834 1291
f 245 1852 1309
f 252 1872 1327
f 275 1942 1375
f 334 2120 1537
f 304 2030 1448
f 377 2248 1574
f 382 2263 1364
f 312 2052 1483
f 279 1955 1387
f 316 2065 1436
f 323 2086 1507
f 330 2106 1525
f 335 2122 1543
f 305 2032 1465
f 376 2245 1454
f 383 2266 1580
f 274 1940 1358
f 232 1813 1267
f 225 1792 1243
f 237 1828 1250
f 243 1846 1286
f 250 1867 1304
f 273 1936 1334
f 336 2123 1549
f 306 2033 1471
f 378 2249 1597
f 381 2260 1352
f 311 2049 1477
f 281 1959 1399
f 315 2062 1406
f 321 2080 1490
f 328 2101 1502
f 333 2116 1531
f 303 2026 1412
f 375 2242 1442
f 384 2267 1592
f 276 1943 1381
f 251 1869 1321
f 233 1815 1273
f 228 1799 1261
f 240 1835 1297
f 246 1853 1315
f 258 1889 1339
f 360 2195 1562
f 401 2319 1460
f 389 2283 1586
f 263 1905 1345
f 329 2103 1519
f 310 2046 1418
f 280 1957 1393
f 318 2069 1495
f 324 2087 1513
f 342 2141 1555
f 288 1979 1423
f 292 1993 1429
f 371 2229 1568
f 393 2296 1370
f 357 2188 1280
f 255 1882 1256
f 262 1902 1292
f 388 2280 1310
f 400 2316 1328
f 352 2172 1376
f 347 2157 1538
f 298 2011 1447
f 364 2209 1573
f 269 1923 1363
f 339 2134 1484
f 285 1972 1388
f 293 1995 1435
f 370 2226 1508
f 396 2303 1526
f 353 2175 1544
f 346 2154 1466
f 299 2013 1453
f 365 2211 1579
f 268 1921 1357
f 249 1865 1268
f 231 1811 1244
f 226 1796 1249
f 238 1832 1285
f 244 1850 1303
f 257 1888 1333
f 359 2194 1550
f 402 2322 1472
f 390 2286 1598
f 264 1908 1351
f 327 2099 1478
f 309 2045 1400
f 282 1962 1405
f 317 2068 1489
f 322 2084 1501
f 341 2140 1532
f 286 1976 1411
f 294 1998 1441
f 372 2232 1591
f 394 2299 1382
f 416 2330 911
f 408 2324 893
f 406 2325 888
f 412 2332 900
f 415 2335 906
f 424 2344 924
f 492 2410 1062
f 582 2497 1242
f 565 2486 1206
f 514 2434 1104
f 461 2375 1001
f 453 2369 983
f 451 2370 978
f 457 2377 990
f 460 2380 996
f 475 2393 1026
f 439 2359 954
f 496 2415 1068
f 533 2455 1140
f 551 2461 1181
f 579 2489 1235
f 483 2399 1043
f 426 2341 929
f 521 2431 1121
f 566 2476 1211
f 489 2405 1055
f 578 2500 1230
f 560 2481 1194
f 518 2439 1110
f 429 2348 935
f 547 2465 1169
f 465 2383 1007
f 441 2356 959
f 504 2420 1085
f 537 2452 1152
f 550 2471 1176
f 476 2386 1031
f 444 2363 965
f 502 2422 1079
f 526 2445 1128
f 481 2400 1038
f 420 2338 917
f 510 2428 1097
f 555 2473 1187
f 571 2490 1218
f 540 2458 1157
f 473 2394 1020
f 447 2366 972
f 507 2425 1092
f 534 2444 1145
f 469 2389 1014
f 435 2353 947
f 498 2414 1073
f 529 2449 1133
f 545 2466 1164
f 487 2407 1049
f 574 2494 1223
f 562 2480 1199
f 520 2438 1116
f 432 2351 942
f 589 2510 1283
f 583 2504 1259
f 586 2508 1295
f 593 2514 1313
f 596 2517 1331
f 599 2520 1379
f 633 2554 1541
f 620 2539 1452
f 640 2560 1578
f 603 2523 1368
f 622 2543 1487
f 607 2527 1391
f 612 2532 1440
f 626 2547 1511
f 629 2550 1529
f 631 2552 1547
f 614 2535 1469
f 618 2538 1458
f 641 2558 1584
f 605 2524 1362
f 164 1607 1609
f 163 1603 1605
f 165 1604 1611
f 166 1610 1614
f 167 1613 1617
f 172 1622 1631
f 190 1686 1688
f 219 1773 1775
f 215 1761 1763
f 201 1712 1719
f 179 1652 1654
f 178 1648 1650
f 180 1649 1656
f 181 1655 1659
f 182 1658 1662
f 185 1670 1672
f 177 1637 1646
f 197 1694 1706
f 206 1731 1735
f 208 1739 1741
f 218 1768 1770
f 188 1678 1680
f 168 1619 1621
f 198 1709 1711
f 213 1754 1756
f 189 1682 1684
f 221 1776 1780
f 217 1758 1767
f 202 1716 1722
f 170 1625 1627
f 209 1742 1744
f 184 1663 1668
f 173 1634 1636
f 194 1697 1699
f 204 1728 1730
f 210 1746 1748
f 183 1664 1666
f 175 1640 1642
f 196 1700 1705
f 207 1724 1736
f 192 1679 1691
f 169 1618 1623
f 199 1708 1713
f 216 1753 1764
f 222 1769 1781
f 211 1738 1749
f 187 1671 1677
f 176 1643 1645
f 195 1701 1703
f 203 1723 1725
f 186 1667 1674
f 174 1633 1638
f 193 1693 1695
f 205 1727 1732
f 212 1743 1752
f 191 1685 1690
f 220 1772 1777
f 214 1757 1759
f 200 1715 1717
f 171 1628 1630
f 358 2187 2191
f 256 1881 1885
f 261 1899 1901
f 387 2277 2279
f 399 2313 2315
f 351 2169 2171
f 348 2156 2160
f 300 2010 2016
f 366 2208 2214
f 267 1917 1919
f 340 2133 2137
f 287 1971 1978
f 291 1989 1991
f 369 2223 2225
f 395 2300 2302
f 354 2174 2178
f 345 2151 2153
f 297 2007 2009
f 363 2205 2207
f 270 1920 1926
f 247 1855 1857
f 229 1801 1803
f 223 1784 1786
f 235 1820 1822
f 241 1838 1840
f 253 1874 1876
f 355 2180 2182
f 398 2310 2312
f 386 2274 2276
f 260 1896 1898
f 325 2089 2091
f 307 2035 2037
f 278 1950 1952
f 313 2054 2056
f 319 2072 2074
f 337 2126 2128
f 283 1964 1966
f 290 1986 1988
f 368 2220 2222
f 392 2291 2293
f 356 2183 2185
f 254 1877 1879
f 259 1891 1893
f 385 2269 2271
f 397 2305 2307
f 349 2161 2163
f 344 2148 2150
f 296 2004 2006
f 362 2202 2204
f 265 1909 1911
f 338 2129 2131
f 284 1967 1969
f 289 1981 1983
f 367 2215 2217
f 391 2288 2290
f 350 2166 2168
f 343 2143 2145
f 295 1999 2001
f 361 2197 2199
f 266 1914 1916
f 230 1806 1808
f 224 1787 1789
f 236 1823 1825
f 242 1841 1843
f 248 1860 1862
f 272 1931 1933
f 331 2108 2110
f 301 2018 2020
f 373 2234 2236
f 380 2255 2257
f 308 2040 2042
f 277 1945 1947
f 314 2057 2059
f 320 2075 2077
f 326 2094 2096
f 332 2111 2113
f 302 2021 2023
f 374 2237 2239
f 379 2252 2254
f 271 1928 1930
f 234 1812 1818
f 227 1791 1798
f 239 1827 1834
f 245 1845 1852
f 252 1866 1872
f 275 1935 1942
f 334 2118 2120
f 304 2028 2030
f 377 2246 2248
f 382 2259 2263
f 312 2048 2052
f 279 1953 1955
f 316 2061 2065
f 323 2079 2086
f 330 2100 2106
f 335 2115 2122
f 305 2025 2032
f 376 2241 2245
f 383 2264 2266
f 274 1938 1940
f 232 1802 1813
f 225 1783 1792
f 237 1819 1828
f 243 1837 1846
f 250 1856 1867
f 273 1927 1936
f 336 2112 2123
f 306 2022 2033
f 378 2238 2249
f 381 2251 2260
f 311 2036 2049
f 281 1949 1959
f 315 2053 2062
f 321 2071 2080
f 328 2090 2101
f 333 2107 2116
f 303 2017 2026
f 375 2233 2242
f 384 2256 2267
f 276 1932 1943
f 251 1859 1869
f 233 1805 1815
f 228 1788 1799
f 240 1824 1835
f 246 1842 1853
f 258 1878 1889
f 360 2184 2195
f 401 2306 2319
f 389 2270 2283
f 263 1892 1905
f 329 2093 2103
f 310 2039 2046
f 280 1946 1957
f 318 2058 2069
f 324 2076 2087
f 342 2130 2141
f 288 1968 1979
f 292 1982 1993
f 371 2216 2229
f 393 2287 2296
f 357 2179 2188
f 255 1873 1882
f 262 1895 1902
f 388 2273 2280
f 400 2309 2316
f 352 2165 2172
f 347 2144 2157
f 298 2000 2011
f 364 2198 2209
f 269 1913 1923
f 339 2125 2134
f 285 1963 1972
f 293 1985 1995
f 370 2219 2226
f 396 2292 2303
f 353 2162 2175
f 346 2147 2154
f 299 2003 2013
f 365 2201 2211
f 268 1910 1921
f 249 1863 1865
f 231 1809 1811
f 226 1794 1796
f 238 1830 1832
f 244 1848 1850
f 257 1886 1888
f 359 2192 2194
f 402 2318 2322
f 390 2282 2286
f 264 1904 1908
f 327 2097 2099
f 309 2043 2045
f 282 1956 1962
f 317 2066 2068
f 322 2082 2084
f 341 2138 2140
f 286 1974 1976
f 294 1992 1998
f 372 2228 2232
f 394 2295 2299
f 416 2331 2330
f 408 2327 2324
f 406 2328 2325
f 412 2334 2332
f 415 2337 2335
f 424 2346 2344
f 492 2412 2410
f 582 2499 2497
f 565 2487 2486
f 514 2436 2434
f 461 2376 2375
f 453 2372 2369
f 451 2373 2370
f 457 2379 2377
f 460 2382 2380
f 475 2396 2393
f 439 2361 2359
f 496 2418 2415
f 533 2457 2455
f 551 2463 2461
f 579 2492 2489
f 483 2402 2399
f 426 2343 2341
f 521 2433 2431
f 566 2478 2476
f 489 2406 2405
f 578 2502 2500
f 560 2484 2481
f 518 2442 2439
f 429 2349 2348
f 547 2468 2465
f 465 2387 2383
f 441 2358 2356
f 504 2421 2420
f 537 2454 2452
f 550 2472 2471
f 476 2388 2386
f 444 2364 2363
f 502 2426 2422
f 526 2448 2445
f 481 2403 2400
f 420 2342 2338
f 510 2432 2428
f 555 2477 2473
f 571 2493 2490
f 540 2462 2458
f 473 2397 2394
f 447 2367 2366
f 507 2427 2425
f 534 2447 2444
f 469 2391 2389
f 435 2357 2353
f 498 2417 2414
f 529 2453 2449
f 545 2469 2466
f 487 2411 2407
f 574 2498 2494
f 562 2483 2480
f 520 2441 2438
f 432 2352 2351
f 589 2509 2510
f 583 2503 2504
f 586 2506 2508
f 593 2512 2514
f 596 2515 2517
f 599 2518 2520
f 633 2555 2554
f 620 2541 2539
f 640 2562 2560
f 603 2522 2523
f 622 2542 2543
f 607 2528 2527
f 612 2531 2532
f 626 2545 2547
f 629 2548 2550
f 631 2551 2552
f 614 2533 2535
f 618 2537 2538
f 641 2559 2558
f 605 2526 2524
f 164 644 1607
f 163 643 1603
f 165 645 1604
f 166 646 1610
f 167 647 1613
f 172 652 1622
f 190 670 1686
f 219 699 1773
f 215 695 1761
f 201 681 1712
f 179 659 1652
f 178 658 1648
f 180 660 1649
f 181 661 1655
f 182 662 1658
f 185 665 1670
f 177 657 1637
f 197 677 1694
f 206 686 1731
f 208 688 1739
f 218 698 1768
f 188 668 1678
f 168 648 1619
f 198 678 1709
f 213 693 1754
f 189 669 1682
f 221 701 1776
f 217 697 1758
f 202 682 1716
f 170 650 1625
f 209 689 1742
f 184 664 1663
f 173 653 1634
f 194 674 1697
f 204 684 1728
f 210 690 1746
f 183 663 1664
f 175 655 1640
f 196 676 1700
f 207 687 1724
f 192 672 1679
f 169 649 1618
f 199 679 1708
f 216 696 1753
f 222 702 1769
f 211 691 1738
f 187 667 1671
f 176 656 1643
f 195 675 1701
f 203 683 1723
f 186 666 1667
f 174 654 1633
f 193 673 1693
f 205 685 1727
f 212 692 1743
f 191 671 1685
f 220 700 1772
f 214 694 1757
f 200 680 1715
f 171 651 1628
f 358 838 2187
f 256 736 1881
f 261 741 1899
f 387 867 2277
f 399 879 2313
f 351 831 2169
f 348 828 2156
f 300 780 2010
f 366 846 2208
f 267 747 1917
f 340 820 2133
f 287 767 1971
f 291 771 1989
f 369 849 2223
f 395 875 2300
f 354 834 2174
f 345 825 2151
f 297 777 2007
f 363 843 2205
f 270 750 1920
f 247 727 1855
f 229 709 1801
f 223 703 1784
f 235 715 1820
f 241 721 1838
f 253 733 1874
f 355 835 2180
f 398 878 2310
f 386 866 2274
f 260 740 1896
f 325 805 2089
f 307 787 2035
f 278 758 1950
f 313 793 2054
f 319 799 2072
f 337 817 2126
f 283 763 1964
f 290 770 1986
f 368 848 2220
f 392 872 2291
f 356 836 2183
f 254 734 1877
f 259 739 1891
f 385 865 2269
f 397 877 2305
f 349 829 2161
f 344 824 2148
f 296 776 2004
f 362 842 2202
f 265 745 1909
f 338 818 2129
f 284 764 1967
f 289 769 1981
f 367 847 2215
f 391 871 2288
f 350 830 2166
f 343 823 2143
f 295 775 1999
f 361 841 2197
f 266 746 1914
f 230 710 1806
f 224 704 1787
f 236 716 1823
f 242 722 1841
f 248 728 1860
f 272 752 1931
f 331 811 2108
f 301 781 2018
f 373 853 2234
f 380 860 2255
f 308 788 2040
f 277 757 1945
f 314 794 2057
f 320 800 2075
f 326 806 2094
f 332 812 2111
f 302 782 2021
f 374 854 2237
f 379 859 2252
f 271 751 1928
f 234 714 1812
f 227 707 1791
f 239 719 1827
f 245 725 1845
f 252 732 1866
f 275 755 1935
f 334 814 2118
f 304 784 2028
f 377 857 2246
f 382 862 2259
f 312 792 2048
f 279 759 1953
f 316 796 2061
f 323 803 2079
f 330 810 2100
f 335 815 2115
f 305 785 2025
f 376 856 2241
f 383 863 2264
f 274 754 1938
f 232 712 1802
f 225 705 1783
f 237 717 1819
f 243 723 1837
f 250 730 1856
f 273 753 1927
f 336 816 2112
f 306 786 2022
f 378 858 2238
f 381 861 2251
f 311 791 2036
f 281 761 1949
f 315 795 2053
f 321 801 2071
f 328 808 2090
f 333 813 2107
f 303 783 2017
f 375 855 2233
f 384 864 2256
f 276 756 1932
f 251 731 1859
f 233 713 1805
f 228 708 1788
f 240 720 1824
f 246 726 1842
f 258 738 1878
f 360 840 2184
f 401 881 2306
f 389 869 2270
f 263 743 1892
f 329 809 2093
f 310 790 2039
f 280 760 1946
f 318 798 2058
f 324 804 2076
f 342 822 2130
f 288 768 1968
f 292 772 1982
f 371 851 2216
f 393 873 2287
f 357 837 2179
f 255 735 1873
f 262 742 1895
f 388 868 2273
f 400 880 2309
f 352 832 2165
f 347 827 2144
f 298 778 2000
f 364 844 2198
f 269 749 1913
f 339 819 2125
f 285 765 1963
f 293 773 1985
f 370 850 2219
f 396 876 2292
f 353 833 2162
f 346 826 2147
f 299 779 2003
f 365 845 2201
f 268 748 1910
f 249 729 1863
f 231 711 1809
f 226 706 1794
f 238 718 1830
f 244 724 1848
f 257 737 1886
f 359 839 2192
f 402 882 2318
f 390 870 2282
f 264 744 1904
f 327 807 2097
f 309 789 2043
f 282 762 1956
f 317 797 2066
f 322 802 2082
f 341 821 2138
f 286 766 1974
f 294 774 1992
f 372 852 2228
f 394 874 2295
f 416 1270 2331
f 408 1246 2327
f 406 1251 2328
f 412 1287 2334
f 415 1305 2337
f 424 1335 2346
f 492 1552 2412
f 582 1474 2499
f 565 1600 2487
f 514 1353 2436
f 461 1480 2376
f 453 1402 2372
f 451 1407 2373
f 457 1491 2379
f 460 1503 2382
f 475 1534 2396
f 439 1413 2361
f 496 1443 2418
f 533 1593 2457
f 551 1384 2463
f 579 1324 2492
f 483 1276 2402
f 426 1264 2343
f 521 1300 2433
f 566 1318 2478
f 489 1342 2406
f 578 1563 2502
f 560 1461 2484
f 518 1587 2442
f 429 1348 2349
f 547 1522 2468
f 465 1419 2387
f 441 1396 2358
f 504 1498 2421
f 537 1516 2454
f 550 1558 2472
f 476 1426 2388
f 444 1432 2364
f 502 1569 2426
f 526 1371 2448
f 481 1281 2403
f 420 1257 2342
f 510 1293 2432
f 555 1311 2477
f 571 1329 2493
f 540 1377 2462
f 473 1539 2397
f 447 1450 2367
f 507 1576 2427
f 534 1366 2447
f 469 1485 2391
f 435 1389 2357
f 498 1438 2417
f 529 1509 2453
f 545 1527 2469
f 487 1545 2411
f 574 1467 2498
f 562 1456 2483
f 520 1582 2441
f 432 1360 2352
f 589 1271 2509
f 583 1247 2503
f 586 1254 2506
f 593 1290 2512
f 596 1308 2515
f 599 1338 2518
f 633 1553 2555
f 620 1475 2541
f 640 1601 2562
f 603 1356 2522
f 622 1481 2542
f 607 1403 2528
f 612 1410 2531
f 626 1494 2545
f 629 1506 2548
f 631 1535 2551
f 614 1416 2533
f 618 1446 2537
f 641 1596 2559
f 605 1385 2526
f 167 907 1616
f 164 889 1608
f 163 883 1606
f 165 895 1612
f 166 901 1615
f 169 919 1624
f 192 1057 1692
f 222 1237 1782
f 216 1201 1765
f 199 1099 1714
f 182 997 1661
f 179 979 1653
f 178 973 1651
f 180 985 1657
f 181 991 1660
f 186 1021 1675
f 174 949 1639
f 193 1063 1696
f 205 1135 1733
f 212 1177 1751
f 221 1231 1779
f 189 1039 1683
f 170 925 1626
f 202 1117 1721
f 217 1207 1766
f 191 1051 1689
f 220 1225 1778
f 214 1189 1760
f 200 1105 1718
f 171 931 1629
f 210 1165 1747
f 183 1003 1665
f 175 955 1641
f 196 1081 1704
f 207 1147 1737
f 211 1171 1750
f 187 1027 1676
f 176 961 1644
f 195 1075 1702
f 203 1123 1726
f 188 1033 1681
f 168 913 1620
f 198 1093 1710
f 213 1183 1755
f 218 1213 1771
f 208 1153 1740
f 185 1015 1673
f 177 967 1647
f 197 1087 1707
f 206 1141 1734
f 184 1009 1669
f 173 943 1635
f 194 1069 1698
f 204 1129 1729
f 209 1159 1745
f 190 1045 1687
f 219 1219 1774
f 215 1195 1762
f 201 1111 1720
f 172 937 1632
f 357 1280 2189
f 255 1256 1883
f 262 1292 1903
f 388 1310 2281
f 400 1328 2317
f 352 1376 2173
f 347 1538 2158
f 298 1447 2012
f 364 1573 2210
f 269 1363 1924
f 339 1484 2135
f 285 1388 1973
f 293 1435 1996
f 370 1508 2227
f 396 1526 2304
f 353 1544 2176
f 346 1466 2155
f 299 1453 2014
f 365 1579 2212
f 268 1357 1922
f 249 1268 1864
f 231 1244 1810
f 226 1249 1795
f 238 1285 1831
f 244 1303 1849
f 257 1333 1887
f 359 1550 2193
f 402 1472 2321
f 390 1598 2285
f 264 1351 1907
f 327 1478 2098
f 309 1400 2044
f 282 1405 1961
f 317 1489 2067
f 322 1501 2083
f 341 1532 2139
f 286 1411 1975
f 294 1441 1997
f 372 1591 2231
f 394 1382 2298
f 358 1322 2190
f 256 1274 1884
f 261 1262 1900
f 387 1298 2278
f 399 1316 2314
f 351 1340 2170
f 348 1561 2159
f 300 1459 2015
f 366 1585 2213
f 267 1346 1918
f 340 1520 2136
f 287 1417 1977
f 291 1394 1990
f 369 1496 2224
f 395 1514 2301
f 354 1556 2177
f 345 1424 2152
f 297 1430 2008
f 363 1567 2206
f 270 1369 1925
f 234 1279 1817
f 227 1255 1797
f 239 1291 1833
f 245 1309 1851
f 252 1327 1871
f 275 1375 1941
f 334 1537 2119
f 304 1448 2029
f 377 1574 2247
f 382 1364 2262
f 312 1483 2051
f 279 1387 1954
f 316 1436 2064
f 323 1507 2085
f 330 1525 2105
f 335 1543 2121
f 305 1465 2031
f 376 1454 2244
f 383 1580 2265
f 274 1358 1939
f 232 1267 1814
f 225 1243 1793
f 237 1250 1829
f 243 1286 1847
f 250 1304 1868
f 273 1334 1937
f 336 1549 2124
f 306 1471 2034
f 378 1597 2250
f 381 1352 2261
f 311 1477 2050
f 281 1399 1960
f 315 1406 2063
f 321 1490 2081
f 328 1502 2102
f 333 1531 2117
f 303 1412 2027
f 375 1442 2243
f 384 1592 2268
f 276 1381 1944
f 229 890 1804
f 223 884 1785
f 235 896 1821
f 241 902 1839
f 247 908 1858
f 271 938 1929
f 332 1046 2114
f 302 1220 2024
f 374 1196 2240
f 379 1112 2253
f 307 980 2038
f 278 974 1951
f 313 986 2055
f 319 992 2073
f 325 998 2092
f 331 1016 2109
f 301 968 2019
f 373 1088 2235
f 380 1142 2258
f 272 1154 1934
f 248 1214 1861
f 230 1034 1807
f 224 914 1790
f 236 1094 1826
f 242 1184 1844
f 254 1040 1880
f 356 1232 2186
f 397 1208 2308
f 385 1118 2272
f 259 926 1894
f 326 1160 2095
f 308 1010 2041
f 277 944 1948
f 314 1070 2060
f 320 1130 2078
f 338 1166 2132
f 284 1004 1970
f 289 956 1984
f 367 1082 2218
f 391 1148 2289
f 355 1058 2181
f 253 920 1875
f 260 1100 1897
f 386 1202 2275
f 398 1238 2311
f 350 1172 2167
f 343 1028 2146
f 295 962 2002
f 361 1076 2200
f 266 1124 1915
f 337 1022 2127
f 283 950 1965
f 290 1064 1987
f 368 1136 2221
f 392 1178 2294
f 349 1052 2164
f 344 1226 2149
f 296 1190 2005
f 362 1106 2203
f 265 932 1912
f 251 1321 1870
f 233 1273 1816
f 228 1261 1800
f 240 1297 1836
f 246 1315 1854
f 258 1339 1890
f 360 1562 2196
f 401 1460 2320
f 389 1586 2284
f 263 1345 1906
f 329 1519 2104
f 310 1418 2047
f 280 1393 1958
f 318 1495 2070
f 324 1513 2088
f 342 1555 2142
f 288 1423 1980
f 292 1429 1994
f 371 1568 2230
f 393 1370 2297
f 409 894 2329
f 405 887 2323
f 411 899 2326
f 414 905 2333
f 417 912 2336
f 431 941 2345
f 488 1050 2409
f 575 1224 2496
f 563 1200 2485
f 519 1115 2435
f 454 984 2374
f 450 977 2368
f 456 989 2371
f 459 995 2378
f 462 1002 2381
f 472 1019 2392
f 446 971 2360
f 506 1091 2416
f 535 1146 2456
f 541 1158 2460
f 570 1217 2488
f 480 1037 2398
f 421 918 2340
f 511 1098 2430
f 556 1188 2475
f 484 1044 2404
f 580 1236 2501
f 567 1212 2482
f 522 1122 2440
f 427 930 2347
f 544 1163 2464
f 468 1013 2384
f 436 948 2355
f 499 1074 2419
f 530 1134 2451
f 548 1170 2470
f 466 1008 2385
f 442 960 2362
f 505 1086 2423
f 536 1151 2446
f 491 1061 2401
f 423 923 2339
f 513 1103 2429
f 564 1205 2474
f 581 1241 2491
f 549 1175 2459
f 477 1032 2395
f 445 966 2365
f 503 1080 2424
f 525 1127 2443
f 474 1025 2390
f 438 953 2354
f 495 1067 2413
f 532 1139 2450
f 552 1182 2467
f 490 1056 2408
f 577 1229 2495
f 559 1193 2479
f 517 1109 2437
f 430 936 2350
f 590 1325 2511
f 584 1277 2505
f 585 1265 2507
f 592 1301 2513
f 595 1319 2516
f 598 1343 2519
f 636 1566 2556
f 621 1464 2540
f 642 1590 2561
f 601 1349 2521
f 623 1523 2544
f 611 1422 2529
f 609 1397 2530
f 625 1499 2546
f 628 1517 2549
f 632 1559 2553
f 613 1427 2534
f 616 1433 2536
f 638 1572 2557
f 606 1374 2525
f 407 892 1609
f 403 885 1605
f 404 897 1611
f 410 903 1614
f 413 910 1617
f 422 939 1631
f 486 1048 1688
f 573 1222 1775
f 561 1198 1763
f 512 1113 1719
f 452 982 1654
f 448 975 1650
f 449 987 1656
f 455 993 1659
f 458 1000 1662
f 470 1017 1672
f 437 969 1646
f 494 1089 1706
f 531 1144 1735
f 539 1156 1741
f 568 1215 1770
f 478 1035 1680
f 419 916 1621
f 509 1096 1711
f 554 1186 1756
f 482 1042 1684
f 576 1234 1780
f 558 1210 1767
f 516 1120 1722
f 425 928 1627
f 542 1161 1744
f 463 1011 1668
f 434 946 1636
f 497 1072 1699
f 528 1132 1730
f 546 1168 1748
f 464 1006 1666
f 440 958 1642
f 500 1084 1705
f 524 1149 1736
f 479 1059 1691
f 418 921 1623
f 508 1101 1713
f 553 1203 1764
f 569 1239 1781
f 538 1173 1749
f 471 1030 1677
f 443 964 1645
f 501 1078 1703
f 523 1125 1725
f 467 1023 1674
f 433 951 1638
f 493 1065 1695
f 527 1137 1732
f 543 1180 1752
f 485 1054 1690
f 572 1227 1777
f 557 1191 1759
f 515 1107 1717
f 428 934 1630
f 591 1326 2191
f 587 1278 1885
f 588 1266 1901
f 594 1302 2279
f 597 1320 2315
f 600 1344 2171
f 634 1565 2160
f 619 1463 2016
f 639 1589 2214
f 602 1350 1919
f 624 1524 2137
f 608 1421 1978
f 610 1398 1991
f 627 1500 2225
f 630 1518 2302
f 635 1560 2178
f 615 1428 2153
f 617 1434 2009
f 637 1571 2207
f 604 1373 1926
f 416 911 1857
f 408 893 1803
f 406 888 1786
f 412 900 1822
f 415 906 1840
f 424 924 1876
f 492 1062 2182
f 582 1242 2312
f 565 1206 2276
f 514 1104 1898
f 461 1001 2091
f 453 983 2037
f 451 978 1952
f 457 990 2056
f 460 996 2074
f 475 1026 2128
f 439 954 1966
f 496 1068 1988
f 533 1140 2222
f 551 1181 2293
f 579 1235 2185
f 483 1043 1879
f 426 929 1893
f 521 1121 2271
f 566 1211 2307
f 489 1055 2163
f 578 1230 2150
f 560 1194 2006
f 518 1110 2204
f 429 935 1911
f 547 1169 2131
f 465 1007 1969
f 441 959 1983
f 504 1085 2217
f 537 1152 2290
f 550 1176 2168
f 476 1031 2145
f 444 965 2001
f 502 1079 2199
f 526 1128 1916
f 481 1038 1808
f 420 917 1789
f 510 1097 1825
f 555 1187 1843
f 571 1218 1862
f 540 1157 1933
f 473 1020 2110
f 447 972 2020
f 507 1092 2236
f 534 1145 2257
f 469 1014 2042
f 435 947 1947
f 498 1073 2059
f 529 1133 2077
f 545 1164 2096
f 487 1049 2113
f 574 1223 2023
f 562 1199 2239
f 520 1116 2254
f 432 942 1930
f 589 1283 1818
f 583 1259 1798
f 586 1295 1834
f 593 1313 1852
f 596 1331 1872
f 599 1379 1942
f 633 1541 2120
f 620 1452 2030
f 640 1578 2248
f 603 1368 2263
f 622 1487 2052
f 607 1391 1955
f 612 1440 2065
f 626 1511 2086
f 629 1529 2106
f 631 1547 2122
f 614 1469 2032
f 618 1458 2245
f 641 1584 2266
f 605 1362 1940
f 409 1269 1813
f 405 1245 1792
f 411 1252 1828
f 414 1288 1846
f 417 1306 1867
f 431 1336 1936
f 488 1551 2123
f 575 1473 2033
f 563 1599 2249
f 519 1354 2260
f 454 1479 2049
f 450 1401 1959
f 456 1408 2062
f 459 1492 2080
f 462 1504 2101
f 472 1533 2116
f 446 1414 2026
f 506 1444 2242
f 535 1594 2267
f 541 1383 1943
f 570 1323 1869
f 480 1275 1815
f 421 1263 1799
f 511 1299 1835
f 556 1317 1853
f 484 1341 1889
f 580 1564 2195
f 567 1462 2319
f 522 1588 2283
f 427 1347 1905
f 544 1521 2103
f 468 1420 2046
f 436 1395 1957
f 499 1497 2069
f 530 1515 2087
f 548 1557 2141
f 466 1425 1979
f 442 1431 1993
f 505 1570 2229
f 536 1372 2296
f 491 1282 2188
f 423 1258 1882
f 513 1294 1902
f 564 1312 2280
f 581 1330 2316
f 549 1378 2172
f 477 1540 2157
f 445 1449 2011
f 503 1575 2209
f 525 1365 1923
f 474 1486 2134
f 438 1390 1972
f 495 1437 1995
f 532 1510 2226
f 552 1528 2303
f 490 1546 2175
f 577 1468 2154
f 559 1455 2013
f 517 1581 2211
f 430 1359 1921
f 590 1272 1865
f 584 1248 1811
f 585 1253 1796
f 592 1289 1832
f 595 1307 1850
f 598 1337 1888
f 636 1554 2194
f 621 1476 2322
f 642 1602 2286
f 601 1355 1908
f 623 1482 2099
f 611 1404 2045
f 609 1409 1962
f 625 1493 2068
f 628 1505 2084
f 632 1536 2140
f 613 1415 1976
f 616 1445 1998
f 638 1595 2232
f 606 1386 2299
f 407 909 2330
f 403 891 2324
f 404 886 2325
f 410 898 2332
f 413 904 2335
f 422 922 2344
f 486 1060 2410
f 573 1240 2497
f 561 1204 2486
f 512 1102 2434
f 452 999 2375
f 448 981 2369
f 449 976 2370
f 455 988 2377
f 458 994 2380
f 470 1024 2393
f 437 952 2359
f 494 1066 2415
f 531 1138 2455
f 539 1179 2461
f 568 1233 2489
f 478 1041 2399
f 419 927 2341
f 509 1119 2431
f 554 1209 2476
f 482 1053 2405
f 576 1228 2500
f 558 1192 2481
f 516 1108 2439
f 425 933 2348
f 542 1167 2465
f 463 1005 2383
f 434 957 2356
f 497 1083 2420
f 528 1150 2452
f 546 1174 2471
f 464 1029 2386
f 440 963 2363
f 500 1077 2422
f 524 1126 2445
f 479 1036 2400
f 418 915 2338
f 508 1095 2428
f 553 1185 2473
f 569 1216 2490
f 538 1155 2458
f 471 1018 2394
f 443 970 2366
f 501 1090 2425
f 523 1143 2444
f 467 1012 2389
f 433 945 2353
f 493 1071 2414
f 527 1131 2449
f 543 1162 2466
f 485 1047 2407
f 572 1221 2494
f 557 1197 2480
f 515 1114 2438
f 428 940 2351
f 591 1284 2510
f 587 1260 2504
f 588 1296 2508
f 594 1314 2514
f 597 1332 2517
f 600 1380 2520
f 634 1542 2554
f 619 1451 2539
f 639 1577 2560
f 602 1367 2523
f 624 1488 2543
f 608 1392 2527
f 610 1439 2532
f 627 1512 2547
f 630 1530 2550
f 635 1548 2552
f 615 1470 2535
f 617 1457 2538
f 637 1583 2558
f 604 1361 2524
f 167 1616 1607
f 164 1608 1603
f 163 1606 1604
f 165 1612 1610
f 166 1615 1613
f 169 1624 1622
f 192 1692 1686
f 222 1782 1773
f 216 1765 1761
f 199 1714 1712
f 182 1661 1652
f 179 1653 1648
f 178 1651 1649
f 180 1657 1655
f 181 1660 1658
f 186 1675 1670
f 174 1639 1637
f 193 1696 1694
f 205 1733 1731
f 212 1751 1739
f 221 1779 1768
f 189 1683 1678
f 170 1626 1619
f 202 1721 1709
f 217 1766 1754
f 191 1689 1682
f 220 1778 1776
f 214 1760 1758
f 200 1718 1716
f 171 1629 1625
f 210 1747 1742
f 183 1665 1663
f 175 1641 1634
f 196 1704 1697
f 207 1737 1728
f 211 1750 1746
f 187 1676 1664
f 176 1644 1640
f 195 1702 1700
f 203 1726 1724
f 188 1681 1679
f 168 1620 1618
f 198 1710 1708
f 213 1755 1753
f 218 1771 1769
f 208 1740 1738
f 185 1673 1671
f 177 1647 1643
f 197 1707 1701
f 206 1734 1723
f 184 1669 1667
f 173 1635 1633
f 194 1698 1693
f 204 1729 1727
f 209 1745 1743
f 190 1687 1685
f 219 1774 1772
f 215 1762 1757
f 201 1720 1715
f 172 1632 1628
f 357 2189 2187
f 255 1883 1881
f 262 1903 1899
f 388 2281 2277
f 400 2317 2313
f 352 2173 2169
f 347 2158 2156
f 298 2012 2010
f 364 2210 2208
f 269 1924 1917
f 339 2135 2133
f 285 1973 1971
f 293 1996 1989
f 370 2227 2223
f 396 2304 2300
f 353 2176 2174
f 346 2155 2151
f 299 2014 2007
f 365 2212 2205
f 268 1922 1920
f 249 1864 1855
f 231 1810 1801
f 226 1795 1784
f 238 1831 1820
f 244 1849 1838
f 257 1887 1874
f 359 2193 2180
f 402 2321 2310
f 390 2285 2274
f 264 1907 1896
f 327 2098 2089
f 309 2044 2035
f 282 1961 1950
f 317 2067 2054
f 322 2083 2072
f 341 2139 2126
f 286 1975 1964
f 294 1997 1986
f 372 2231 2220
f 394 2298 2291
f 358 2190 2183
f 256 1884 1877
f 261 1900 1891
f 387 2278 2269
f 399 2314 2305
f 351 2170 2161
f 348 2159 2148
f 300 2015 2004
f 366 2213 2202
f 267 1918 1909
f 340 2136 2129
f 287 1977 1967
f 291 1990 1981
f 369 2224 2215
f 395 2301 2288
f 354 2177 2166
f 345 2152 2143
f 297 2008 1999
f 363 2206 2197
f 270 1925 1914
f 234 1817 1806
f 227 1797 1787
f 239 1833 1823
f 245 1851 1841
f 252 1871 1860
f 275 1941 1931
f 334 2119 2108
f 304 2029 2018
f 377 2247 2234
f 382 2262 2255
f 312 2051 2040
f 279 1954 1945
f 316 2064 2057
f 323 2085 2075
f 330 2105 2094
f 335 2121 2111
f 305 2031 2021
f 376 2244 2237
f 383 2265 2252
f 274 1939 1928
f 232 1814 1812
f 225 1793 1791
f 237 1829 1827
f 243 1847 1845
f 250 1868 1866
f 273 1937 1935
f 336 2124 2118
f 306 2034 2028
f 378 2250 2246
f 381 2261 2259
f 311 2050 2048
f 281 1960 1953
f 315 2063 2061
f 321 2081 2079
f 328 2102 2100
f 333 2117 2115
f 303 2027 2025
f 375 2243 2241
f 384 2268 2264
f 276 1944 1938
f 229 1804 1802
f 223 1785 1783
f 235 1821 1819
f 241 1839 1837
f 247 1858 1856
f 271 1929 1927
f 332 2114 2112
f 302 2024 2022
f 374 2240 2238
f 379 2253 2251
f 307 2038 2036
f 278 1951 1949
f 313 2055 2053
f 319 2073 2071
f 325 2092 2090
f 331 2109 2107
f 301 2019 2017
f 373 2235 2233
f 380 2258 2256
f 272 1934 1932
f 248 1861 1859
f 230 1807 1805
f 224 1790 1788
f 236 1826 1824
f 242 1844 1842
f 254 1880 1878
f 356 2186 2184
f 397 2308 2306
f 385 2272 2270
f 259 1894 1892
f 326 2095 2093
f 308 2041 2039
f 277 1948 1946
f 314 2060 2058
f 320 2078 2076
f 338 2132 2130
f 284 1970 1968
f 289 1984 1982
f 367 2218 2216
f 391 2289 2287
f 355 2181 2179
f 253 1875 1873
f 260 1897 1895
f 386 2275 2273
f 398 2311 2309
f 350 2167 2165
f 343 2146 2144
f 295 2002 2000
f 361 2200 2198
f 266 1915 1913
f 337 2127 2125
f 283 1965 1963
f 290 1987 1985
f 368 2221 2219
f 392 2294 2292
f 349 2164 2162
f 344 2149 2147
f 296 2005 2003
f 362 2203 2201
f 265 1912 1910
f 251 1870 1863
f 233 1816 1809
f 228 1800 1794
f 240 1836 1830
f 246 1854 1848
f 258 1890 1886
f 360 2196 2192
f 401 2320 2318
f 389 2284 2282
f 263 1906 1904
f 329 2104 2097
f 310 2047 2043
f 280 1958 1956
f 318 2070 2066
f 324 2088 2082
f 342 2142 2138
f 288 1980 1974
f 292 1994 1992
f 371 2230 2228
f 393 2297 2295
f 409 2329 2331
f 405 2323 2327
f 411 2326 2328
f 414 2333 2334
f 417 2336 2337
f 431 2345 2346
f 488 2409 2412
f 575 2496 2499
f 563 2485 2487
f 519 2435 2436
f 454 2374 2376
f 450 2368 2372
f 456 2371 2373
f 459 2378 2379
f 462 2381 2382
f 472 2392 2396
f 446 2360 2361
f 506 2416 2418
f 535 2456 2457
f 541 2460 2463
f 570 2488 2492
f 480 2398 2402
f 421 2340 2343
f 511 2430 2433
f 556 2475 2478
f 484 2404 2406
f 580 2501 2502
f 567 2482 2484
f 522 2440 2442
f 427 2347 2349
f 544 2464 2468
f 468 2384 2387
f 436 2355 2358
f 499 2419 2421
f 530 2451 2454
f 548 2470 2472
f 466 2385 2388
f 442 2362 2364
f 505 2423 2426
f 536 2446 2448
f 491 2401 2403
f 423 2339 2342
f 513 2429 2432
f 564 2474 2477
f 581 2491 2493
f 549 2459 2462
f 477 2395 2397
f 445 2365 2367
f 503 2424 2427
f 525 2443 2447
f 474 2390 2391
f 438 2354 2357
f 495 2413 2417
f 532 2450 2453
f 552 2467 2469
f 490 2408 2411
f 577 2495 2498
f 559 2479 2483
f 517 2437 2441
f 430 2350 2352
f 590 2511 2509
f 584 2505 2503
f 585 2507 2506
f 592 2513 2512
f 595 2516 2515
f 598 2519 2518
f 636 2556 2555
f 621 2540 2541
f 642 2561 2562
f 601 2521 2522
f 623 2544 2542
f 611 2529 2528
f 609 2530 2531
f 625 2546 2545
f 628 2549 2548
f 632 2553 2551
f 613 2534 2533
f 616 2536 2537
f 638 2557 2559
f 606 2525 2526
f 1607 644 647
f 1603 643 644
f 1604 645 643
f 1610 646 645
f 1613 647 646
f 1622 652 649
f 1686 670 672
f 1773 699 702
f 1761 695 696
f 1712 681 679
f 1652 659 662
f 1648 658 659
f 1649 660 658
f 1655 661 660
f 1658 662 661
f 1670 665 666
f 1637 657 654
f 1694 677 673
f 1731 686 685
f 1739 688 692
f 1768 698 701
f 1678 668 669
f 1619 648 650
f 1709 678 682
f 1754 693 697
f 1682 669 671
f 1776 701 700
f 1758 697 694
f 1716 682 680
f 1625 650 651
f 1742 689 690
f 1663 664 663
f 1634 653 655
f 1697 674 676
f 1728 684 687
f 1746 690 691
f 1664 663 667
f 1640 655 656
f 1700 676 675
f 1724 687 683
f 1679 672 668
f 1618 649 648
f 1708 679 678
f 1753 696 693
f 1769 702 698
f 1738 691 688
f 1671 667 665
f 1643 656 657
f 1701 675 677
f 1723 683 686
f 1667 666 664
f 1633 654 653
f 1693 673 674
f 1727 685 684
f 1743 692 689
f 1685 671 670
f 1772 700 699
f 1757 694 695
f 1715 680 681
f 1628 651 652
f 2187 838 837
f 1881 736 735
f 1899 741 742
f 2277 867 868
f 2313 879 880
f 2169 831 832
f 2156 828 827
f 2010 780 778
f 2208 846 844
f 1917 747 749
f 2133 820 819
f 1971 767 765
f 1989 771 773
f 2223 849 850
f 2300 875 876
f 2174 834 833
f 2151 825 826
f 2007 777 779
f 2205 843 845
f 1920 750 748
f 1855 727 729
f 1801 709 711
f 1784 703 706
f 1820 715 718
f 1838 721 724
f 1874 733 737
f 2180 835 839
f 2310 878 882
f 2274 866 870
f 1896 740 744
f 2089 805 807
f 2035 787 789
f 1950 758 762
f 2054 793 797
f 2072 799 802
f 2126 817 821
f 1964 763 766
f 1986 770 774
f 2220 848 852
f 2291 872 874
f 2183 836 838
f 1877 734 736
f 1891 739 741
f 2269 865 867
f 2305 877 879
f 2161 829 831
f 2148 824 828
f 2004 776 780
f 2202 842 846
f 1909 745 747
f 2129 818 820
f 1967 764 767
f 1981 769 771
f 2215 847 849
f 2288 871 875
f 2166 830 834
f 2143 823 825
f 1999 775 777
f 2197 841 843
f 1914 746 750
f 1806 710 714
f 1787 704 707
f 1823 716 719
f 1841 722 725
f 1860 728 732
f 1931 752 755
f 2108 811 814
f 2018 781 784
f 2234 853 857
f 2255 860 862
f 2040 788 792
f 1945 757 759
f 2057 794 796
f 2075 800 803
f 2094 806 810
f 2111 812 815
f 2021 782 785
f 2237 854 856
f 2252 859 863
f 1928 751 754
f 1812 714 712
f 1791 707 705
f 1827 719 717
f 1845 725 723
f 1866 732 730
f 1935 755 753
f 2118 814 816
f 2028 784 786
f 2246 857 858
f 2259 862 861
f 2048 792 791
f 1953 759 761
f 2061 796 795
f 2079 803 801
f 2100 810 808
f 2115 815 813
f 2025 785 783
f 2241 856 855
f 2264 863 864
f 1938 754 756
f 1802 712 709
f 1783 705 703
f 1819 717 715
f 1837 723 721
f 1856 730 727
f 1927 753 751
f 2112 816 812
f 2022 786 782
f 2238 858 854
f 2251 861 859
f 2036 791 787
f 1949 761 758
f 2053 795 793
f 2071 801 799
f 2090 808 805
f 2107 813 811
f 2017 783 781
f 2233 855 853
f 2256 864 860
f 1932 756 752
f 1859 731 728
f 1805 713 710
f 1788 708 704
f 1824 720 716
f 1842 726 722
f 1878 738 734
f 2184 840 836
f 2306 881 877
f 2270 869 865
f 1892 743 739
f 2093 809 806
f 2039 790 788
f 1946 760 757
f 2058 798 794
f 2076 804 800
f 2130 822 818
f 1968 768 764
f 1982 772 769
f 2216 851 847
f 2287 873 871
f 2179 837 835
f 1873 735 733
f 1895 742 740
f 2273 868 866
f 2309 880 878
f 2165 832 830
f 2144 827 823
f 2000 778 775
f 2198 844 841
f 1913 749 746
f 2125 819 817
f 1963 765 763
f 1985 773 770
f 2219 850 848
f 2292 876 872
f 2162 833 829
f 2147 826 824
f 2003 779 776
f 2201 845 842
f 1910 748 745
f 1863 729 731
f 1809 711 713
f 1794 706 708
f 1830 718 720
f 1848 724 726
f 1886 737 738
f 2192 839 840
f 2318 882 881
f 2282 870 869
f 1904 744 743
f 2097 807 809
f 2043 789 790
f 1956 762 760
f 2066 797 798
f 2082 802 804
f 2138 821 822
f 1974 766 768
f 1992 774 772
f 2228 852 851
f 2295 874 873
f 2331 1270 1269
f 2327 1246 1245
f 2328 1251 1252
f 2334 1287 1288
f 2337 1305 1306
f 2346 1335 1336
f 2412 1552 1551
f 2499 1474 1473
f 2487 1600 1599
f 2436 1353 1354
f 2376 1480 1479
f 2372 1402 1401
f 2373 1407 1408
f 2379 1491 1492
f 2382 1503 1504
f 2396 1534 1533
f 2361 1413 1414
f 2418 1443 1444
f 2457 1593 1594
f 2463 1384 1383
f 2492 1324 1323
f 2402 1276 1275
f 2343 1264 1263
f 2433 1300 1299
f 2478 1318 1317
f 2406 1342 1341
f 2502 1563 1564
f 2484 1461 1462
f 2442 1587 1588
f 2349 1348 1347
f 2468 1522 1521
f 2387 1419 1420
f 2358 1396 1395
f 2421 1498 1497
f 2454 1516 1515
f 2472 1558 1557
f 2388 1426 1425
f 2364 1432 1431
f 2426 1569 1570
f 2448 1371 1372
f 2403 1281 1282
f 2342 1257 1258
f 2432 1293 1294
f 2477 1311 1312
f 2493 1329 1330
f 2462 1377 1378
f 2397 1539 1540
f 2367 1450 1449
f 2427 1576 1575
f 2447 1366 1365
f 2391 1485 1486
f 2357 1389 1390
f 2417 1438 1437
f 2453 1509 1510
f 2469 1527 1528
f 2411 1545 1546
f 2498 1467 1468
f 2483 1456 1455
f 2441 1582 1581
f 2352 1360 1359
f 2509 1271 1272
f 2503 1247 1248
f 2506 1254 1253
f 2512 1290 1289
f 2515 1308 1307
f 2518 1338 1337
f 2555 1553 1554
f 2541 1475 1476
f 2562 1601 1602
f 2522 1356 1355
f 2542 1481 1482
f 2528 1403 1404
f 2531 1410 1409
f 2545 1494 1493
f 2548 1506 1505
f 2551 1535 1536
f 2533 1416 1415
f 2537 1446 1445
f 2559 1596 1595
f 2526 1385 1386
f 1616 907 909
f 1608 889 891
f 1606 883 886
f 1612 895 898
f 1615 901 904
f 1624 919 922
f 1692 1057 1060
f 1782 1237 1240
f 1765 1201 1204
f 1714 1099 1102
f 1661 997 999
f 1653 979 981
f 1651 973 976
f 1657 985 988
f 1660 991 994
f 1675 1021 1024
f 1639 949 952
f 1696 1063 1066
f 1733 1135 1138
f 1751 1177 1179
f 1779 1231 1233
f 1683 1039 1041
f 1626 925 927
f 1721 1117 1119
f 1766 1207 1209
f 1689 1051 1053
f 1778 1225 1228
f 1760 1189 1192
f 1718 1105 1108
f 1629 931 933
f 1747 1165 1167
f 1665 1003 1005
f 1641 955 957
f 1704 1081 1083
f 1737 1147 1150
f 1750 1171 1174
f 1676 1027 1029
f 1644 961 963
f 1702 1075 1077
f 1726 1123 1126
f 1681 1033 1036
f 1620 913 915
f 1710 1093 1095
f 1755 1183 1185
f 1771 1213 1216
f 1740 1153 1155
f 1673 1015 1018
f 1647 967 970
f 1707 1087 1090
f 1734 1141 1143
f 1669 1009 1012
f 1635 943 945
f 1698 1069 1071
f 1729 1129 1131
f 1745 1159 1162
f 1687 1045 1047
f 1774 1219 1221
f 1762 1195 1197
f 1720 1111 1114
f 1632 937 940
f 2189 1280 1284
f 1883 1256 1260
f 1903 1292 1296
f 2281 1310 1314
f 2317 1328 1332
f 2173 1376 1380
f 2158 1538 1542
f 2012 1447 1451
f 2210 1573 1577
f 1924 1363 1367
f 2135 1484 1488
f 1973 1388 1392
f 1996 1435 1439
f 2227 1508 1512
f 2304 1526 1530
f 2176 1544 1548
f 2155 1466 1470
f 2014 1453 1457
f 2212 1579 1583
f 1922 1357 1361
f 1864 1268 1270
f 1810 1244 1246
f 1795 1249 1251
f 1831 1285 1287
f 1849 1303 1305
f 1887 1333 1335
f 2193 1550 1552
f 2321 1472 1474
f 2285 1598 1600
f 1907 1351 1353
f 2098 1478 1480
f 2044 1400 1402
f 1961 1405 1407
f 2067 1489 1491
f 2083 1501 1503
f 2139 1532 1534
f 1975 1411 1413
f 1997 1441 1443
f 2231 1591 1593
f 2298 1382 1384
f 2190 1322 1324
f 1884 1274 1276
f 1900 1262 1264
f 2278 1298 1300
f 2314 1316 1318
f 2170 1340 1342
f 2159 1561 1563
f 2015 1459 1461
f 2213 1585 1587
f 1918 1346 1348
f 2136 1520 1522
f 1977 1417 1419
f 1990 1394 1396
f 2224 1496 1498
f 2301 1514 1516
f 2177 1556 1558
f 2152 1424 1426
f 2008 1430 1432
f 2206 1567 1569
f 1925 1369 1371
f 1817 1279 1281
f 1797 1255 1257
f 1833 1291 1293
f 1851 1309 1311
f 1871 1327 1329
f 1941 1375 1377
f 2119 1537 1539
f 2029 1448 1450
f 2247 1574 1576
f 2262 1364 1366
f 2051 1483 1485
f 1954 1387 1389
f 2064 1436 1438
f 2085 1507 1509
f 2105 1525 1527
f 2121 1543 1545
f 2031 1465 1467
f 2244 1454 1456
f 2265 1580 1582
f 1939 1358 1360
f 1814 1267 1271
f 1793 1243 1247
f 1829 1250 1254
f 1847 1286 1290
f 1868 1304 1308
f 1937 1334 1338
f 2124 1549 1553
f 2034 1471 1475
f 2250 1597 1601
f 2261 1352 1356
f 2050 1477 1481
f 1960 1399 1403
f 2063 1406 1410
f 2081 1490 1494
f 2102 1502 1506
f 2117 1531 1535
f 2027 1412 1416
f 2243 1442 1446
f 2268 1592 1596
f 1944 1381 1385
f 1804 890 894
f 1785 884 887
f 1821 896 899
f 1839 902 905
f 1858 908 912
f 1929 938 941
f 2114 1046 1050
f 2024 1220 1224
f 2240 1196 1200
f 2253 1112 1115
f 2038 980 984
f 1951 974 977
f 2055 986 989
f 2073 992 995
f 2092 998 1002
f 2109 1016 1019
f 2019 968 971
f 2235 1088 1091
f 2258 1142 1146
f 1934 1154 1158
f 1861 1214 1217
f 1807 1034 1037
f 1790 914 918
f 1826 1094 1098
f 1844 1184 1188
f 1880 1040 1044
f 2186 1232 1236
f 2308 1208 1212
f 2272 1118 1122
f 1894 926 930
f 2095 1160 1163
f 2041 1010 1013
f 1948 944 948
f 2060 1070 1074
f 2078 1130 1134
f 2132 1166 1170
f 1970 1004 1008
f 1984 956 960
f 2218 1082 1086
f 2289 1148 1151
f 2181 1058 1061
f 1875 920 923
f 1897 1100 1103
f 2275 1202 1205
f 2311 1238 1241
f 2167 1172 1175
f 2146 1028 1032
f 2002 962 966
f 2200 1076 1080
f 1915 1124 1127
f 2127 1022 1025
f 1965 950 953
f 1987 1064 1067
f 2221 1136 1139
f 2294 1178 1182
f 2164 1052 1056
f 2149 1226 1229
f 2005 1190 1193
f 2203 1106 1109
f 1912 932 936
f 1870 1321 1325
f 1816 1273 1277
f 1800 1261 1265
f 1836 1297 1301
f 1854 1315 1319
f 1890 1339 1343
f 2196 1562 1566
f 2320 1460 1464
f 2284 1586 1590
f 1906 1345 1349
f 2104 1519 1523
f 2047 1418 1422
f 1958 1393 1397
f 2070 1495 1499
f 2088 1513 1517
f 2142 1555 1559
f 1980 1423 1427
f 1994 1429 1433
f 2230 1568 1572
f 2297 1370 1374
f 2329 894 892
f 2323 887 885
f 2326 899 897
f 2333 905 903
f 2336 912 910
f 2345 941 939
f 2409 1050 1048
f 2496 1224 1222
f 2485 1200 1198
f 2435 1115 1113
f 2374 984 982
f 2368 977 975
f 2371 989 987
f 2378 995 993
f 2381 1002 1000
f 2392 1019 1017
f 2360 971 969
f 2416 1091 1089
f 2456 1146 1144
f 2460 1158 1156
f 2488 1217 1215
f 2398 1037 1035
f 2340 918 916
f 2430 1098 1096
f 2475 1188 1186
f 2404 1044 1042
f 2501 1236 1234
f 2482 1212 1210
f 2440 1122 1120
f 2347 930 928
f 2464 1163 1161
f 2384 1013 1011
f 2355 948 946
f 2419 1074 1072
f 2451 1134 1132
f 2470 1170 1168
f 2385 1008 1006
f 2362 960 958
f 2423 1086 1084
f 2446 1151 1149
f 2401 1061 1059
f 2339 923 921
f 2429 1103 1101
f 2474 1205 1203
f 2491 1241 1239
f 2459 1175 1173
f 2395 1032 1030
f 2365 966 964
f 2424 1080 1078
f 2443 1127 1125
f 2390 1025 1023
f 2354 953 951
f 2413 1067 1065
f 2450 1139 1137
f 2467 1182 1180
f 2408 1056 1054
f 2495 1229 1227
f 2479 1193 1191
f 2437 1109 1107
f 2350 936 934
f 2511 1325 1326
f 2505 1277 1278
f 2507 1265 1266
f 2513 1301 1302
f 2516 1319 1320
f 2519 1343 1344
f 2556 1566 1565
f 2540 1464 1463
f 2561 1590 1589
f 2521 1349 1350
f 2544 1523 1524
f 2529 1422 1421
f 2530 1397 1398
f 2546 1499 1500
f 2549 1517 1518
f 2553 1559 1560
f 2534 1427 1428
f 2536 1433 1434
f 2557 1572 1571
f 2525 1374 1373
f 1609 892 889
f 1605 885 883
f 1611 897 895
f 1614 903 901
f 1617 910 907
f 1631 939 937
f 1688 1048 1045
f 1775 1222 1219
f 1763 1198 1195
f 1719 1113 1111
f 1654 982 979
f 1650 975 973
f 1656 987 985
f 1659 993 991
f 1662 1000 997
f 1672 1017 1015
f 1646 969 967
f 1706 1089 1087
f 1735 1144 1141
f 1741 1156 1153
f 1770 1215 1213
f 1680 1035 1033
f 1621 916 913
f 1711 1096 1093
f 1756 1186 1183
f 1684 1042 1039
f 1780 1234 1231
f 1767 1210 1207
f 1722 1120 1117
f 1627 928 925
f 1744 1161 1159
f 1668 1011 1009
f 1636 946 943
f 1699 1072 1069
f 1730 1132 1129
f 1748 1168 1165
f 1666 1006 1003
f 1642 958 955
f 1705 1084 1081
f 1736 1149 1147
f 1691 1059 1057
f 1623 921 919
f 1713 1101 1099
f 1764 1203 1201
f 1781 1239 1237
f 1749 1173 1171
f 1677 1030 1027
f 1645 964 961
f 1703 1078 1075
f 1725 1125 1123
f 1674 1023 1021
f 1638 951 949
f 1695 1065 1063
f 1732 1137 1135
f 1752 1180 1177
f 1690 1054 1051
f 1777 1227 1225
f 1759 1191 1189
f 1717 1107 1105
f 1630 934 931
f 2191 1326 1322
f 1885 1278 1274
f 1901 1266 1262
f 2279 1302 1298
f 2315 1320 1316
f 2171 1344 1340
f 2160 1565 1561
f 2016 1463 1459
f 2214 1589 1585
f 1919 1350 1346
f 2137 1524 1520
f 1978 1421 1417
f 1991 1398 1394
f 2225 1500 1496
f 2302 1518 1514
f 2178 1560 1556
f 2153 1428 1424
f 2009 1434 1430
f 2207 1571 1567
f 1926 1373 1369
f 1857 911 908
f 1803 893 890
f 1786 888 884
f 1822 900 896
f 1840 906 902
f 1876 924 920
f 2182 1062 1058
f 2312 1242 1238
f 2276 1206 1202
f 1898 1104 1100
f 2091 1001 998
f 2037 983 980
f 1952 978 974
f 2056 990 986
f 2074 996 992
f 2128 1026 1022
f 1966 954 950
f 1988 1068 1064
f 2222 1140 1136
f 2293 1181 1178
f 2185 1235 1232
f 1879 1043 1040
f 1893 929 926
f 2271 1121 1118
f 2307 1211 1208
f 2163 1055 1052
f 2150 1230 1226
f 2006 1194 1190
f 2204 1110 1106
f 1911 935 932
f 2131 1169 1166
f 1969 1007 1004
f 1983 959 956
f 2217 1085 1082
f 2290 1152 1148
f 2168 1176 1172
f 2145 1031 1028
f 2001 965 962
f 2199 1079 1076
f 1916 1128 1124
f 1808 1038 1034
f 1789 917 914
f 1825 1097 1094
f 1843 1187 1184
f 1862 1218 1214
f 1933 1157 1154
f 2110 1020 1016
f 2020 972 968
f 2236 1092 1088
f 2257 1145 1142
f 2042 1014 1010
f 1947 947 944
f 2059 1073 1070
f 2077 1133 1130
f 2096 1164 1160
f 2113 1049 1046
f 2023 1223 1220
f 2239 1199 1196
f 2254 1116 1112
f 1930 942 938
f 1818 1283 1279
f 1798 1259 1255
f 1834 1295 1291
f 1852 1313 1309
f 1872 1331 1327
f 1942 1379 1375
f 2120 1541 1537
f 2030 1452 1448
f 2248 1578 1574
f 2263 1368 1364
f 2052 1487 1483
f 1955 1391 1387
f 2065 1440 1436
f 2086 1511 1507
f 2106 1529 1525
f 2122 1547 1543
f 2032 1469 1465
f 2245 1458 1454
f 2266 1584 1580
f 1940 1362 1358
f 1813 1269 1267
f 1792 1245 1243
f 1828 1252 1250
f 1846 1288 1286
f 1867 1306 1304
f 1936 1336 1334
f 2123 1551 1549
f 2033 1473 1471
f 2249 1599 1597
f 2260 1354 1352
f 2049 1479 1477
f 1959 1401 1399
f 2062 1408 1406
f 2080 1492 1490
f 2101 1504 1502
f 2116 1533 1531
f 2026 1414 1412
f 2242 1444 1442
f 2267 1594 1592
f 1943 1383 1381
f 1869 1323 1321
f 1815 1275 1273
f 1799 1263 1261
f 1835 1299 1297
f 1853 1317 1315
f 1889 1341 1339
f 2195 1564 1562
f 2319 1462 1460
f 2283 1588 1586
f 1905 1347 1345
f 2103 1521 1519
f 2046 1420 1418
f 1957 1395 1393
f 2069 1497 1495
f 2087 1515 1513
f 2141 1557 1555
f 1979 1425 1423
f 1993 1431 1429
f 2229 1570 1568
f 2296 1372 1370
f 2188 1282 1280
f 1882 1258 1256
f 1902 1294 1292
f 2280 1312 1310
f 2316 1330 1328
f 2172 1378 1376
f 2157 1540 1538
f 2011 1449 1447
f 2209 1575 1573
f 1923 1365 1363
f 2134 1486 1484
f 1972 1390 1388
f 1995 1437 1435
f 2226 1510 1508
f 2303 1528 1526
f 2175 1546 1544
f 2154 1468 1466
f 2013 1455 1453
f 2211 1581 1579
f 1921 1359 1357
f 1865 1272 1268
f 1811 1248 1244
f 1796 1253 1249
f 1832 1289 1285
f 1850 1307 1303
f 1888 1337 1333
f 2194 1554 1550
f 2322 1476 1472
f 2286 1602 1598
f 1908 1355 1351
f 2099 1482 1478
f 2045 1404 1400
f 1962 1409 1405
f 2068 1493 1489
f 2084 1505 1501
f 2140 1536 1532
f 1976 1415 1411
f 1998 1445 1441
f 2232 1595 1591
f 2299 1386 1382
f 2330 909 911
f 2324 891 893
f 2325 886 888
f 2332 898 900
f 2335 904 906
f 2344 922 924
f 2410 1060 1062
f 2497 1240 1242
f 2486 1204 1206
f 2434 1102 1104
f 2375 999 1001
f 2369 981 983
f 2370 976 978
f 2377 988 990
f 2380 994 996
f 2393 1024 1026
f 2359 952 954
f 2415 1066 1068
f 2455 1138 1140
f 2461 1179 1181
f 2489 1233 1235
f 2399 1041 1043
f 2341 927 929
f 2431 1119 1121
f 2476 1209 1211
f 2405 1053 1055
f 2500 1228 1230
f 2481 1192 1194
f 2439 1108 1110
f 2348 933 935
f 2465 1167 1169
f 2383 1005 1007
f 2356 957 959
f 2420 1083 1085
f 2452 1150 1152
f 2471 1174 1176
f 2386 1029 1031
f 2363 963 965
f 2422 1077 1079
f 2445 1126 1128
f 2400 1036 1038
f 2338 915 917
f 2428 1095 1097
f 2473 1185 1187
f 2490 1216 1218
f 2458 1155 1157
f 2394 1018 1020
f 2366 970 972
f 2425 1090 1092
f 2444 1143 1145
f 2389 1012 1014
f 2353 945 947
f 2414 1071 1073
f 2449 1131 1133
f 2466 1162 1164
f 2407 1047 1049
f 2494 1221 1223
f 2480 1197 1199
f 2438 1114 1116
f 2351 940 942
f 2510 1284 1283
f 2504 1260 1259
f 2508 1296 1295
f 2514 1314 1313
f 2517 1332 1331
f 2520 1380 1379
f 2554 1542 1541
f 2539 1451 1452
f 2560 1577 1578
f 2523 1367 1368
f 2543 1488 1487
f 2527 1392 1391
f 2532 1439 1440
f 2547 1512 1511
f 2550 1530 1529
f 2552 1548 1547
f 2535 1470 1469
f 2538 1457 1458
f 2558 1583 1584
f 2524 1361 1362
f 1607 1616 1609
f 1603 1608 1605
f 1604 1606 1611
f 1610 1612 1614
f 1613 1615 1617
f 1622 1624 1631
f 1686 1692 1688
f 1773 1782 1775
f 1761 1765 1763
f 1712 1714 1719
f 1652 1661 1654
f 1648 1653 1650
f 1649 1651 1656
f 1655 1657 1659
f 1658 1660 1662
f 1670 1675 1672
f 1637 1639 1646
f 1694 1696 1706
f 1731 1733 1735
f 1739 1751 1741
f 1768 1779 1770
f 1678 1683 1680
f 1619 1626 1621
f 1709 1721 1711
f 1754 1766 1756
f 1682 1689 1684
f 1776 1778 1780
f 1758 1760 1767
f 1716 1718 1722
f 1625 1629 1627
f 1742 1747 1744
f 1663 1665 1668
f 1634 1641 1636
f 1697 1704 1699
f 1728 1737 1730
f 1746 1750 1748
f 1664 1676 1666
f 1640 1644 1642
f 1700 1702 1705
f 1724 1726 1736
f 1679 1681 1691
f 1618 1620 1623
f 1708 1710 1713
f 1753 1755 1764
f 1769 1771 1781
f 1738 1740 1749
f 1671 1673 1677
f 1643 1647 1645
f 1701 1707 1703
f 1723 1734 1725
f 1667 1669 1674
f 1633 1635 1638
f 1693 1698 1695
f 1727 1729 1732
f 1743 1745 1752
f 1685 1687 1690
f 1772 1774 1777
f 1757 1762 1759
f 1715 1720 1717
f 1628 1632 1630
f 2187 2189 2191
f 1881 1883 1885
f 1899 1903 1901
f 2277 2281 2279
f 2313 2317 2315
f 2169 2173 2171
f 2156 2158 2160
f 2010 2012 2016
f 2208 2210 2214
f 1917 1924 1919
f 2133 2135 2137
f 1971 1973 1978
f 1989 1996 1991
f 2223 2227 2225
f 2300 2304 2302
f 2174 2176 2178
f 2151 2155 2153
f 2007 2014 2009
f 2205 2212 2207
f 1920 1922 1926
f 1855 1864 1857
f 1801 1810 1803
f 1784 1795 1786
f 1820 1831 1822
f 1838 1849 1840
f 1874 1887 1876
f 2180 2193 2182
f 2310 2321 2312
f 2274 2285 2276
f 1896 1907 1898
f 2089 2098 2091
f 2035 2044 2037
f 1950 1961 1952
f 2054 2067 2056
f 2072 2083 2074
f 2126 2139 2128
f 1964 1975 1966
f 1986 1997 1988
f 2220 2231 2222
f 2291 2298 2293
f 2183 2190 2185
f 1877 1884 1879
f 1891 1900 1893
f 2269 2278 2271
f 2305 2314 2307
f 2161 2170 2163
f 2148 2159 2150
f 2004 2015 2006
f 2202 2213 2204
f 1909 1918 1911
f 2129 2136 2131
f 1967 1977 1969
f 1981 1990 1983
f 2215 2224 2217
f 2288 2301 2290
f 2166 2177 2168
f 2143 2152 2145
f 1999 2008 2001
f 2197 2206 2199
f 1914 1925 1916
f 1806 1817 1808
f 1787 1797 1789
f 1823 1833 1825
f 1841 1851 1843
f 1860 1871 1862
f 1931 1941 1933
f 2108 2119 2110
f 2018 2029 2020
f 2234 2247 2236
f 2255 2262 2257
f 2040 2051 2042
f 1945 1954 1947
f 2057 2064 2059
f 2075 2085 2077
f 2094 2105 2096
f 2111 2121 2113
f 2021 2031 2023
f 2237 2244 2239
f 2252 2265 2254
f 1928 1939 1930
f 1812 1814 1818
f 1791 1793 1798
f 1827 1829 1834
f 1845 1847 1852
f 1866 1868 1872
f 1935 1937 1942
f 2118 2124 2120
f 2028 2034 2030
f 2246 2250 2248
f 2259 2261 2263
f 2048 2050 2052
f 1953 1960 1955
f 2061 2063 2065
f 2079 2081 2086
f 2100 2102 2106
f 2115 2117 2122
f 2025 2027 2032
f 2241 2243 2245
f 2264 2268 2266
f 1938 1944 1940
f 1802 1804 1813
f 1783 1785 1792
f 1819 1821 1828
f 1837 1839 1846
f 1856 1858 1867
f 1927 1929 1936
f 2112 2114 2123
f 2022 2024 2033
f 2238 2240 2249
f 2251 2253 2260
f 2036 2038 2049
f 1949 1951 1959
f 2053 2055 2062
f 2071 2073 2080
f 2090 2092 2101
f 2107 2109 2116
f 2017 2019 2026
f 2233 2235 2242
f 2256 2258 2267
f 1932 1934 1943
f 1859 1861 1869
f 1805 1807 1815
f 1788 1790 1799
f 1824 1826 1835
f 1842 1844 1853
f 1878 1880 1889
f 2184 2186 2195
f 2306 2308 2319
f 2270 2272 2283
f 1892 1894 1905
f 2093 2095 2103
f 2039 2041 2046
f 1946 1948 1957
f 2058 2060 2069
f 2076 2078 2087
f 2130 2132 2141
f 1968 1970 1979
f 1982 1984 1993
f 2216 2218 2229
f 2287 2289 2296
f 2179 2181 2188
f 1873 1875 1882
f 1895 1897 1902
f 2273 2275 2280
f 2309 2311 2316
f 2165 2167 2172
f 2144 2146 2157
f 2000 2002 2011
f 2198 2200 2209
f 1913 1915 1923
f 2125 2127 2134
f 1963 1965 1972
f 1985 1987 1995
f 2219 2221 2226
f 2292 2294 2303
f 2162 2164 2175
f 2147 2149 2154
f 2003 2005 2013
f 2201 2203 2211
f 1910 1912 1921
f 1863 1870 1865
f 1809 1816 1811
f 1794 1800 1796
f 1830 1836 1832
f 1848 1854 1850
f 1886 1890 1888
f 2192 2196 2194
f 2318 2320 2322
f 2282 2284 2286
f 1904 1906 1908
f 2097 2104 2099
f 2043 2047 2045
f 1956 1958 1962
f 2066 2070 2068
f 2082 2088 2084
f 2138 2142 2140
f 1974 1980 1976
f 1992 1994 1998
f 2228 2230 2232
f 2295 2297 2299
f 2331 2329 2330
f 2327 2323 2324
f 2328 2326 2325
f 2334 2333 2332
f 2337 2336 2335
f 2346 2345 2344
f 2412 2409 2410
f 2499 2496 2497
f 2487 2485 2486
f 2436 2435 2434
f 2376 2374 2375
f 2372 2368 2369
f 2373 2371 2370
f 2379 2378 2377
f 2382 2381 2380
f 2396 2392 2393
f 2361 2360 2359
f 2418 2416 2415
f 2457 2456 2455
f 2463 2460 2461
f 2492 2488 2489
f 2402 2398 2399
f 2343 2340 2341
f 2433 2430 2431
f 2478 2475 2476
f 2406 2404 2405
f 2502 2501 2500
f 2484 2482 2481
f 2442 2440 2439
f 2349 2347 2348
f 2468 2464 2465
f 2387 2384 2383
f 2358 2355 2356
f 2421 2419 2420
f 2454 2451 2452
f 2472 2470 2471
f 2388 2385 2386
f 2364 2362 2363
f 2426 2423 2422
f 2448 2446 2445
f 2403 2401 2400
f 2342 2339 2338
f 2432 2429 2428
f 2477 2474 2473
f 2493 2491 2490
f 2462 2459 2458
f 2397 2395 2394
f 2367 2365 2366
f 2427 2424 2425
f 2447 2443 2444
f 2391 2390 2389
f 2357 2354 2353
f 2417 2413 2414
f 2453 2450 2449
f 2469 2467 2466
f 2411 2408 2407
f 2498 2495 2494
f 2483 2479 2480
f 2441 2437 2438
f 2352 2350 2351
f 2509 2511 2510
f 2503 2505 2504
f 2506 2507 2508
f 2512 2513 2514
f 2515 2516 2517
f 2518 2519 2520
f 2555 2556 2554
f 2541 2540 2539
f 2562 2561 2560
f 2522 2521 2523
f 2542 2544 2543
f 2528 2529 2527
f 2531 2530 2532
f 2545 2546 2547
f 2548 2549 2550
f 2551 2553 2552
f 2533 2534 2535
f 2537 2536 2538
f 2559 2557 2558
f 2526 2525 2524