v -0.213455 0.260821 -0.190391
v 0.212265 0.272004 -0.182113
v -0.381854 -0.656264 -0.006815
v 0.377617 -0.655637 -0.001476
v -0.004728 -0.539167 0.845731
v -0.000750 0.140907 0.484547
v 0.006667 -0.278992 -0.462646
v -0.000937 0.543155 -0.834889
v 0.353374 0.066975 -0.289457
v 0.387818 -0.050979 0.312097
v -0.350459 0.057743 -0.281902
v -0.386575 -0.047892 0.320893
v 0.006026 0.408241 -0.163535
v -0.163038 0.192205 0.189353
v -0.244749 0.802478 -0.532701
v -0.305095 0.193846 -0.267204
v -0.351970 0.054691 0.131337
v 0.169005 0.193349 0.183913
v 0.205100 0.838477 -0.565400
v 0.316148 0.189065 -0.275650
v 0.350729 0.061109 0.118207
v -0.005483 -0.697002 0.003326
v -0.239261 -0.704478 0.486544
v -0.187621 -0.571667 -0.360280
v -0.420274 -0.236814 -0.153229
v -0.410233 -0.288439 0.233996
v 0.278846 -0.945363 0.547381
v 0.185446 -0.565467 -0.362679
v 0.416809 -0.231664 -0.161379
v 0.406108 -0.296028 0.250434
v -0.002475 0.017043 0.827386
v 0.381979 -0.234196 0.671712
v -0.378262 -0.252485 0.666970
v 0.274181 0.055671 0.476790
v -0.273095 0.052539 0.484100
v -0.002412 0.075114 -0.700540
v 0.216478 -0.055800 -0.388789
v -0.217729 -0.064449 -0.404456
v 0.360894 0.264447 -0.900166
v -0.384798 0.239515 -0.811018
v 0.385330 -0.010330 0.004894
v -0.383867 -0.010394 0.019819
v -0.143486 0.354087 -0.174924
v -0.196447 0.213433 -0.016072
v -0.268028 0.519765 -0.358057
v -0.271898 0.263166 -0.233538
v -0.280963 0.154465 -0.032683
v 0.147109 0.355433 -0.181069
v 0.197153 0.220058 -0.021061
v 0.231545 0.494027 -0.327085
v 0.261657 0.257997 -0.239173
v 0.277383 0.166759 -0.039405
v -0.217246 -0.766143 -0.001933
v -0.291486 -0.615729 0.200091
v -0.390803 -0.832879 -0.310826
v -0.442130 -0.482256 -0.103966
v -0.393422 -0.466890 0.119677
v 0.214639 -0.761473 0.000652
v 0.277496 -0.630551 0.256238
v 0.380590 -0.831267 -0.315709
v 0.444585 -0.477242 -0.113874
v 0.388376 -0.474587 0.141829
v -0.210626 -0.843796 0.793563
v 0.134380 -0.736024 0.801630
v -0.002308 -0.275418 0.925549
v 0.250451 -0.434395 0.845012
v -0.249391 -0.445643 0.841459
v -0.076433 0.148344 0.356401
v 0.075605 0.147290 0.352929
v -0.000700 0.126630 0.641014
v 0.132415 0.119298 0.505471
v -0.134705 0.120389 0.511095
v -0.070159 -0.402365 -0.412637
v 0.078776 -0.401559 -0.412992
v 0.001954 -0.070465 -0.501304
v 0.105571 -0.194156 -0.454649
v -0.099253 -0.193535 -0.461013
v -0.143616 0.734485 -0.745161
v 0.153994 0.724079 -0.737142
v -0.003193 0.298457 -0.834651
v 0.179434 0.439691 -0.841704
v -0.184085 0.443742 -0.856830
v 0.356825 0.123020 -0.302368
v 0.353956 -0.037194 -0.199007
v 0.309006 0.031155 -0.348431
v 0.355686 0.129290 -0.494689
v 0.370304 0.028721 -0.154571
v 0.369266 0.005839 0.229830
v 0.406021 -0.133205 0.297165
v 0.390741 -0.117623 0.459512
v 0.359388 -0.010582 0.398410
v 0.390404 -0.036354 0.170466
v -0.351537 0.120670 -0.290917
v -0.361038 -0.047544 -0.197810
v -0.309108 0.017921 -0.348916
v -0.349939 0.126448 -0.471916
v -0.367403 0.024960 -0.143575
v -0.368653 0.006773 0.241387
v -0.406636 -0.132577 0.299438
v -0.389538 -0.121278 0.460076
v -0.357950 -0.011668 0.407334
v -0.388823 -0.032833 0.184199
v -0.072273 0.255854 -0.014371
v -0.104540 0.659477 -0.300470
v 0.081201 0.254635 -0.017977
v 0.116562 0.672423 -0.310221
v -0.277918 0.121542 0.168692
v 0.001641 0.206320 0.184574
v -0.221061 0.112344 0.345795
v -0.356156 0.582181 -0.427608
v 0.012853 0.847744 -0.530252
v -0.324408 0.547723 -0.687571
v -0.336099 0.093896 -0.064937
v -0.344254 0.294088 -0.491883
v -0.359079 0.061692 -0.108022
v -0.333781 0.052075 0.311860
v -0.369026 0.024483 0.071035
v 0.271955 0.129396 0.155132
v 0.219123 0.115331 0.337489
v 0.358706 0.500188 -0.440752
v 0.322009 0.575207 -0.651631
v 0.335436 0.103089 -0.079166
v 0.341294 0.313505 -0.488677
v 0.364893 0.060640 -0.123360
v 0.331559 0.054954 0.299750
v 0.371065 0.023154 0.056744
v -0.123323 -0.706728 0.257855
v -0.108350 -0.725826 -0.239920
v 0.095994 -0.711872 0.292211
v 0.112400 -0.717640 -0.233740
v -0.358741 -0.490818 0.358559
v -0.011544 -0.730310 0.545281
v -0.385808 -0.587170 0.623461
v -0.394677 -0.422634 -0.309756
v 0.000040 -0.565260 -0.340484
v -0.227280 -0.313953 -0.400961
v -0.435852 -0.270142 0.033054
v -0.334593 -0.168894 -0.306508
v -0.401448 -0.087955 -0.042637
v -0.399431 -0.301485 0.447151
v -0.412736 -0.113620 0.126833
v 0.363717 -0.521660 0.433396
v 0.347284 -0.555413 0.768389
v 0.382773 -0.415305 -0.321113
v 0.228764 -0.308676 -0.394295
v 0.434034 -0.268971 0.029245
v 0.336389 -0.158400 -0.305601
v 0.402453 -0.082637 -0.053355
v 0.393856 -0.303695 0.479321
v 0.412258 -0.114315 0.116615
v 0.243760 -0.104194 0.822052
v -0.245922 -0.123326 0.825775
v 0.189048 0.063773 0.674136
v -0.187483 0.058439 0.678518
v 0.326504 -0.044321 0.592910
v -0.326484 -0.050601 0.600366
v 0.105761 0.003113 -0.558693
v -0.110752 0.002784 -0.558283
v 0.155682 0.149184 -0.823098
v -0.168023 0.135396 -0.824535
v 0.267198 0.050503 -0.644100
v -0.270333 0.039202 -0.607237
v -0.182494 0.298949 -0.197401
v -0.202708 0.230358 -0.116287
v -0.223902 0.356605 -0.265856
v -0.243951 0.262348 -0.224298
v -0.241946 0.211280 -0.121122
v 0.182815 0.306667 -0.193210
v 0.204305 0.240531 -0.114691
v 0.215642 0.356807 -0.244385
v 0.236300 0.271297 -0.208412
v 0.239416 0.222809 -0.119831
v -0.332341 -0.736234 -0.002995
v -0.335692 -0.629596 0.081456
v -0.419617 -0.753075 -0.109847
v -0.419102 -0.593789 -0.057707
v -0.385750 -0.562348 0.051514
v 0.326450 -0.731090 -0.005619
v 0.325451 -0.628976 0.102298
v 0.419386 -0.756667 -0.111499
v 0.419925 -0.593945 -0.059385
v 0.379372 -0.565662 0.066674
v -0.085751 -0.640372 0.826020
v 0.064089 -0.618896 0.817954
v -0.001755 -0.423819 0.878253
v 0.113164 -0.501927 0.854927
v -0.120251 -0.511583 0.854720
v -0.035012 0.141232 0.428632
v 0.034125 0.141218 0.428291
v -0.000711 0.140292 0.555636
v 0.058158 0.135863 0.499416
v -0.059675 0.136365 0.502002
v -0.023902 -0.345375 -0.448280
v 0.037430 -0.342286 -0.444265
v 0.004971 -0.186188 -0.477983
v 0.052790 -0.251121 -0.467368
v -0.040175 -0.249704 -0.468976
v -0.060628 0.625481 -0.806743
v 0.068518 0.627798 -0.805713
v -0.000837 0.435203 -0.841125
v 0.093924 0.504944 -0.843497
v -0.087963 0.505321 -0.838506
v 0.363508 0.091149 -0.298918
v 0.348474 0.030784 -0.240492
v 0.337190 0.056053 -0.318855
v 0.350915 0.094312 -0.368896
v 0.362167 0.049994 -0.228733
v 0.378750 -0.023036 0.275866
v 0.397811 -0.082039 0.307204
v 0.389593 -0.077584 0.374257
v 0.377575 -0.035167 0.351596
v 0.389412 -0.044876 0.249229
v -0.356309 0.086116 -0.289487
v -0.350514 0.016421 -0.238194
v -0.336316 0.043394 -0.314191
v -0.348895 0.087248 -0.357114
v -0.359362 0.043394 -0.220543
v -0.377873 -0.019997 0.287050
v -0.397257 -0.077679 0.314525
v -0.390245 -0.075339 0.379967
v -0.376419 -0.034200 0.359982
v -0.387668 -0.040109 0.260525
v -0.077098 0.395619 -0.160494
v 0.087705 0.391349 -0.167395
v -0.029745 0.287742 -0.122587
v -0.046971 0.550325 -0.190122
v 0.043782 0.285760 -0.124966
v 0.056388 0.544845 -0.208633
v -0.197459 0.209175 0.094953
v -0.118828 0.167923 0.273409
v -0.128370 0.242821 0.099778
v -0.225954 0.160350 0.180793
v -0.083355 0.205502 0.189099
v -0.192495 0.146721 0.269963
v -0.312315 0.704341 -0.451292
v -0.216973 0.818238 -0.645951
v -0.186196 0.766469 -0.418792
v -0.468579 0.703811 -0.569473
v -0.187811 0.974773 -0.501928
v -0.297707 0.685260 -0.621234
v -0.275563 0.232796 -0.241980
v -0.334330 0.157008 -0.282612
v -0.283783 0.349170 -0.351712
v -0.319136 0.135480 -0.164228
v -0.321097 0.260971 -0.374307
v -0.339113 0.110576 -0.183453
v -0.324266 0.095190 0.056448
v -0.360904 0.031110 0.189682
v -0.329327 0.080280 0.158086
v -0.350468 0.064724 0.035402
v -0.348405 0.050414 0.224434
v -0.361777 0.038539 0.099706
v 0.191085 0.209980 0.083676
v 0.119174 0.166596 0.268201
v 0.134893 0.240948 0.095463
v 0.087174 0.206908 0.185727
v 0.221707 0.162895 0.169521
v 0.190139 0.147345 0.261002
v 0.249802 0.673945 -0.436905
v 0.216383 0.800802 -0.653274
v 0.205825 0.817719 -0.446319
v 0.196881 1.001637 -0.573359
v 0.376939 0.738232 -0.542086
v 0.266302 0.722778 -0.575816
v 0.293583 0.232926 -0.257770
v 0.339242 0.154717 -0.292735
v 0.311833 0.324704 -0.344744
v 0.326568 0.138372 -0.177783
v 0.318712 0.262326 -0.371989
v 0.348684 0.107284 -0.197729
v 0.317542 0.108648 0.042270
v 0.359675 0.033663 0.176499
v 0.320551 0.091935 0.141376
v 0.346566 0.074946 0.021322
v 0.345509 0.055447 0.211184
v 0.361713 0.041251 0.086306
v -0.115209 -0.720936 -0.007114
v 0.102598 -0.721331 0.003646
v -0.063230 -0.704248 0.129783
v -0.072805 -0.680087 -0.125402
v 0.044728 -0.704858 0.140327
v 0.067548 -0.678866 -0.115853
v -0.258013 -0.629085 0.341527
v -0.264617 -0.952802 0.567564
v -0.176604 -0.687952 0.381331
v -0.311332 -0.597993 0.429469
v -0.134069 -0.753164 0.513203
v -0.332463 -0.729868 0.549775
v -0.268541 -0.713904 -0.362273
v -0.124020 -0.474903 -0.379899
v -0.146370 -0.698022 -0.328047
v -0.293616 -0.522510 -0.360270
v -0.090721 -0.573603 -0.347233
v -0.213007 -0.437982 -0.379154
v -0.445743 -0.356115 -0.132539
v -0.389565 -0.132735 -0.173246
v -0.415322 -0.328633 -0.228191
v -0.441782 -0.255564 -0.062162
v -0.380387 -0.208717 -0.235640
v -0.422259 -0.150800 -0.091593
v -0.403264 -0.375851 0.182239
v -0.412089 -0.204852 0.273024
v -0.391102 -0.385654 0.294771
v -0.419995 -0.280848 0.131429
v -0.405479 -0.294931 0.340575
v -0.416666 -0.197977 0.177852
v 0.237297 -0.665331 0.455084
v 0.136612 -0.959697 0.766000
v 0.145824 -0.714819 0.471222
v 0.105788 -0.801991 0.576089
v 0.337049 -0.684251 0.532101
v 0.406832 -0.845672 0.734776
v 0.259291 -0.705093 -0.360619
v 0.127347 -0.471472 -0.383364
v 0.154106 -0.685106 -0.321436
v 0.090250 -0.570320 -0.349108
v 0.284965 -0.513804 -0.361923
v 0.212628 -0.432279 -0.380649
v 0.446990 -0.348939 -0.144238
v 0.381817 -0.127211 -0.177334
v 0.414789 -0.320132 -0.236831
v 0.448158 -0.249640 -0.071130
v 0.376341 -0.200997 -0.238467
v 0.416460 -0.147519 -0.098874
v 0.399364 -0.385101 0.205579
v 0.408001 -0.210030 0.279899
v 0.387755 -0.400993 0.334988
v 0.418022 -0.283702 0.137212
v 0.398829 -0.305214 0.366211
v 0.414965 -0.199901 0.178185
v -0.003457 -0.107900 0.926938
v -0.001522 0.090161 0.733018
v 0.124313 -0.041367 0.844430
v -0.128356 -0.051336 0.849257
v 0.109829 0.051537 0.762383
v -0.111709 0.047734 0.765933
v 0.330094 -0.329873 0.768806
v 0.384121 -0.172802 0.560465
v 0.368628 -0.383156 0.697618
v 0.386967 -0.282811 0.581483
v 0.327664 -0.174673 0.754326
v 0.358889 -0.124357 0.640213
v -0.335568 -0.347571 0.771558
v -0.386238 -0.179437 0.556180
v -0.385926 -0.402839 0.662362
v -0.392405 -0.291235 0.556397
v -0.330760 -0.193676 0.760331
v -0.361157 -0.133580 0.645604
v 0.207852 0.091531 0.498430
v 0.327161 0.020414 0.442796
v 0.248228 0.087882 0.409874
v 0.308183 0.055648 0.387578
v 0.236009 0.057990 0.572404
v 0.298862 0.013144 0.538003
v -0.208058 0.088355 0.505278
v -0.324773 0.018102 0.450993
v -0.248060 0.083616 0.417432
v -0.307541 0.052539 0.397008
v -0.234772 0.054210 0.578585
v -0.297840 0.010067 0.545415
v -0.001677 0.015122 -0.577085
v -0.004389 0.158884 -0.814640
v 0.056583 0.034846 -0.638390
v -0.061255 0.036924 -0.636858
v 0.068563 0.104830 -0.762616
v -0.075324 0.105898 -0.762755
v 0.158117 -0.123449 -0.421874
v 0.270919 -0.005836 -0.372883
v 0.225452 -0.181751 -0.390696
v 0.277630 -0.110893 -0.348780
v 0.153479 -0.013454 -0.455658
v 0.226873 0.017766 -0.479297
v -0.158407 -0.126349 -0.435027
v -0.268287 -0.016124 -0.376540
v -0.224438 -0.187430 -0.402238
v -0.275785 -0.122218 -0.359544
v -0.156288 -0.011936 -0.458116
v -0.230110 0.009549 -0.471203
v 0.264420 0.391698 -0.907848
v 0.382128 0.172853 -0.674343
v 0.337130 0.422042 -0.752894
v 0.370830 0.308126 -0.655134
v 0.235452 0.209115 -0.917866
v 0.322498 0.101194 -0.825421
v -0.249046 0.343590 -0.882205
v -0.370205 0.171694 -0.624101
v -0.347163 0.402625 -0.754573
v -0.368374 0.287158 -0.631167
v -0.310813 0.189790 -0.988331
v -0.353696 0.100164 -0.744639
v 0.378057 0.007787 -0.076364
v 0.389574 -0.024625 0.087554
v 0.375299 0.025299 -0.055644
v 0.380005 0.008103 0.029659
v 0.391315 -0.035993 -0.019700
v 0.399016 -0.050767 0.061358
v -0.375921 0.005718 -0.062911
v -0.388120 -0.023107 0.102678
v -0.371711 0.025430 -0.040997
v -0.376550 0.009155 0.044441
v -0.389783 -0.037556 -0.005028
v -0.399211 -0.049472 0.076398
v -0.156280 0.252503 -0.119441
v -0.190878 0.437481 -0.255783
v -0.099109 0.275959 -0.118879
v -0.139420 0.509785 -0.204371
v -0.241842 0.184074 -0.022253
v -0.141978 0.241712 -0.012704
v -0.239401 0.168999 0.080649
v -0.271822 0.395538 -0.339593
v -0.197319 0.597926 -0.330332
v -0.513885 0.610453 -0.459416
v -0.276328 0.191711 -0.136400
v -0.285160 0.415906 -0.333480
v -0.301373 0.167255 -0.147914
v -0.284088 0.131970 0.069791
v -0.313220 0.124820 -0.047415
v 0.160919 0.256743 -0.121445
v 0.185635 0.436390 -0.247849
v 0.109899 0.273422 -0.123280
v 0.145300 0.506407 -0.214688
v 0.240031 0.193374 -0.027027
v 0.146471 0.242549 -0.017860
v 0.235110 0.177526 0.070620
v 0.250690 0.375754 -0.296384
v 0.188924 0.600977 -0.331042
v 0.294885 0.521294 -0.401463
v 0.271208 0.203541 -0.137101
v 0.290222 0.368125 -0.332893
v 0.299936 0.176283 -0.157792
v 0.279272 0.143317 0.058358
v 0.308879 0.137213 -0.057820
v -0.263780 -0.662084 0.092119
v -0.319558 -0.940115 -0.094387
v -0.165501 -0.686936 0.108540
v -0.134980 -0.830855 -0.120804
v -0.351504 -0.549472 0.163447
v -0.217341 -0.671775 0.231208
v -0.323476 -0.557601 0.289235
v -0.448584 -0.631525 -0.196113
v -0.207837 -0.915994 -0.302129
v -0.406083 -0.617292 -0.331858
v -0.419517 -0.473692 0.009772
v -0.450216 -0.472674 -0.220190
v -0.443791 -0.366830 -0.028880
v -0.370985 -0.470683 0.235121
v -0.421087 -0.371768 0.074687
v 0.246765 -0.664058 0.118958
v 0.327098 -0.944960 -0.104156
v 0.149650 -0.691084 0.134628
v 0.137261 -0.836061 -0.133961
v 0.343190 -0.561348 0.203363
v 0.195253 -0.685839 0.289817
v 0.317039 -0.584175 0.367098
v 0.454573 -0.626293 -0.211608
v 0.202783 -0.889807 -0.318355
v 0.392223 -0.598688 -0.349613
v 0.417147 -0.474725 0.013600
v 0.439837 -0.462622 -0.234151
v 0.442359 -0.363682 -0.034691
v 0.367284 -0.487337 0.282114
v 0.418839 -0.374361 0.082605
v -0.028987 -0.662159 0.741471
v -0.261786 -0.666552 0.842981
v -0.089500 -0.778799 0.643766
v -0.303538 -0.818657 0.723036
v 0.242988 -0.646371 0.852441
v 0.067160 -0.718471 0.679552
v 0.323728 -0.777724 0.839275
v 0.127417 -0.345413 0.887218
v -0.130392 -0.354667 0.884075
v 0.131980 -0.182788 0.897449
v -0.134980 -0.195709 0.898122
v 0.338496 -0.521753 0.757318
v 0.249203 -0.254931 0.849134
v -0.376329 -0.544827 0.781326
v -0.251667 -0.274911 0.849039
v -0.000114 0.149868 0.355966
v -0.106565 0.132524 0.431045
v -0.040052 0.174715 0.274190
v -0.150421 0.135618 0.352569
v 0.105259 0.132861 0.427713
v 0.040683 0.174005 0.272273
v 0.148952 0.137308 0.346413
v 0.076206 0.128877 0.583409
v -0.077745 0.129563 0.585618
v 0.093532 0.106893 0.671401
v -0.094552 0.103888 0.674175
v 0.179309 0.115261 0.423429
v 0.159134 0.099872 0.587816
v -0.179301 0.112164 0.428495
v -0.160300 0.098497 0.593763
v 0.005108 -0.414768 -0.412978
v -0.090186 -0.311617 -0.446568
v -0.039392 -0.487780 -0.378254
v -0.147009 -0.369507 -0.410037
v 0.102903 -0.313550 -0.446858
v 0.043089 -0.488102 -0.378488
v 0.154388 -0.366475 -0.411998
v 0.050256 -0.130092 -0.479095
v -0.045856 -0.129853 -0.482651
v 0.047458 -0.014753 -0.515894
v -0.048636 -0.011809 -0.514129
v 0.165926 -0.255148 -0.427473
v 0.092760 -0.062359 -0.455334
v -0.159550 -0.254603 -0.431709
v -0.098994 -0.067941 -0.473656
v 0.006563 0.743320 -0.751193
v -0.172014 0.593294 -0.812579
v -0.079875 0.834894 -0.646835
v -0.263593 0.676258 -0.747022
v 0.188711 0.591391 -0.797292
v 0.087862 0.818316 -0.649246
v 0.260629 0.672148 -0.715517
v 0.088860 0.369171 -0.841464
v -0.096281 0.368182 -0.842687
v 0.081297 0.227671 -0.826519
v -0.090388 0.226161 -0.826345
v 0.277326 0.523101 -0.801362
v 0.170325 0.299950 -0.863319
v -0.267932 0.512265 -0.808990
v -0.188352 0.289958 -0.870243
v 0.356893 0.140058 -0.394977
v 0.365540 0.072011 -0.222352
v 0.343826 0.196846 -0.394163
v 0.360451 0.090872 -0.213037
v 0.328755 -0.002567 -0.265087
v 0.361010 0.005699 -0.170060
v 0.346345 -0.093669 -0.244677
v 0.377751 -0.063360 -0.128356
v 0.331908 0.077374 -0.429604
v 0.313022 -0.051616 -0.309350
v 0.289356 0.049894 -0.471167
v 0.359835 0.208949 -0.516378
v 0.336691 0.090753 -0.589971
v 0.369474 0.047639 -0.140263
v 0.374920 -0.015957 -0.095763
v 0.365879 -0.000719 0.313080
v 0.379891 -0.014697 0.197375
v 0.354501 0.028927 0.264681
v 0.370263 0.013954 0.143627
v 0.401268 -0.131980 0.382054
v 0.400914 -0.073629 0.229044
v 0.403113 -0.212085 0.379981
v 0.409662 -0.125336 0.206925
v 0.373938 -0.057655 0.434329
v 0.397350 -0.200231 0.474441
v 0.366476 -0.089089 0.530038
v 0.345863 0.025491 0.353040
v 0.345181 -0.026280 0.490185
v 0.380491 -0.004819 0.114606
v 0.401414 -0.063996 0.144724
v -0.354758 0.134467 -0.381055
v -0.360639 0.069498 -0.211092
v -0.344059 0.191951 -0.385710
v -0.352848 0.092241 -0.199771
v -0.333672 -0.015654 -0.267595
v -0.363688 -0.003428 -0.163345
v -0.350680 -0.103296 -0.245195
v -0.385181 -0.069394 -0.122905
v -0.327718 0.069838 -0.416749
v -0.311124 -0.062693 -0.310940
v -0.289222 0.040695 -0.459074
v -0.357518 0.199786 -0.497912
v -0.327659 0.092217 -0.553736
v -0.365577 0.046866 -0.126872
v -0.375229 -0.020440 -0.084325
v -0.364729 -0.000417 0.323558
v -0.378410 -0.011444 0.210596
v -0.355698 0.027495 0.277392
v -0.369955 0.014030 0.157443
v -0.400519 -0.134344 0.381314
v -0.399337 -0.070272 0.240159
v -0.406018 -0.209942 0.368104
v -0.410334 -0.124528 0.213661
v -0.373658 -0.058551 0.440797
v -0.399567 -0.203108 0.462969
v -0.367503 -0.092610 0.534950
v -0.345047 0.024052 0.363538
v -0.343515 -0.029459 0.497494
v -0.378713 -0.003002 0.129237
v -0.401459 -0.061503 0.158557
v 0.004991 0.257883 -0.018069
v -0.038537 0.235092 0.089115
v 0.006454 0.704728 -0.283157
v -0.061665 0.797114 -0.406682
v 0.045741 0.235808 0.087485
v 0.083917 0.814719 -0.419720
v -0.256853 0.115681 0.260970
v -0.315495 0.079710 0.249292
v -0.285237 0.080980 0.333688
v -0.354413 0.558176 -0.555451
v -0.332128 0.409863 -0.467798
v -0.346334 0.416938 -0.597665
v -0.352606 0.068320 -0.084705
v -0.358334 0.051057 0.007979
v -0.365300 0.039371 -0.017700
v 0.251764 0.120049 0.248686
v 0.309387 0.087885 0.235212
v 0.284020 0.087366 0.323586
v 0.425346 0.640609 -0.499209
v 0.304174 0.448999 -0.422440
v 0.349819 0.458158 -0.574024
v 0.356968 0.070124 -0.101661
v 0.360578 0.052013 -0.006206
v 0.369471 0.038138 -0.032877
v -0.012955 -0.710916 0.276750
v -0.070305 -0.715135 0.403973
v -0.002818 -0.645342 -0.216831
v -0.052702 -0.634897 -0.295147
v 0.043101 -0.725682 0.431281
v 0.052988 -0.630743 -0.292882
v -0.363215 -0.536424 0.486809
v -0.387310 -0.402562 0.412076
v -0.393336 -0.417046 0.533920
v -0.302083 -0.369643 -0.358545
v -0.366763 -0.285238 -0.308129
v -0.294643 -0.240963 -0.362688
v -0.430946 -0.169784 -0.004311
v -0.423366 -0.186884 0.084930
v -0.411516 -0.100388 0.041703
v 0.381358 -0.565440 0.603122
v 0.385212 -0.417088 0.470529
v 0.378027 -0.416259 0.600720
v 0.297107 -0.362544 -0.358591
v 0.360528 -0.278774 -0.310508
v 0.295251 -0.233101 -0.358673
v 0.431626 -0.165603 -0.013980
v 0.422112 -0.186682 0.079637
v 0.410032 -0.101685 0.029318
v 0.215715 -0.002002 0.753349
v 0.302265 -0.063097 0.708800
v -0.217753 -0.010908 0.760474
v -0.303747 -0.075329 0.717421
v 0.266027 0.008122 0.643486
v -0.266481 0.002869 0.651040
v 0.129496 0.003317 -0.732358
v 0.182081 0.012024 -0.617879
v -0.131624 0.021154 -0.717025
v -0.186764 0.005318 -0.602969
v 0.223324 0.032567 -0.824528
v -0.246760 0.000799 -0.803364
v -0.199147 0.276443 -0.197571
v -0.206739 0.242477 -0.160181
v -0.214533 0.295574 -0.225599
v -0.227004 0.262652 -0.204870
v -0.224671 0.235685 -0.161417
v 0.198961 0.285788 -0.189941
v 0.207789 0.254518 -0.154415
v 0.211870 0.305237 -0.211351
v 0.223001 0.272686 -0.193831
v 0.223455 0.248047 -0.155357
v -0.364657 -0.695594 -0.006266
v -0.360453 -0.644233 0.031849
v -0.396048 -0.695399 -0.047439
v -0.401956 -0.633423 -0.030113
v -0.383417 -0.611815 0.018842
v 0.359998 -0.692064 -0.004623
v 0.353530 -0.641508 0.042756
v 0.396330 -0.696901 -0.047001
v 0.400183 -0.634750 -0.026519
v 0.378038 -0.612624 0.029221
v -0.039957 -0.580742 0.836195
v 0.025560 -0.574758 0.834601
v -0.003259 -0.488676 0.859690
v 0.047145 -0.521847 0.850438
v -0.056508 -0.527700 0.850428
v -0.016288 0.140886 0.460291
v 0.015134 0.141400 0.460143
v -0.000809 0.141211 0.515671
v 0.025058 0.140095 0.492715
v -0.026600 0.140012 0.493410
v -0.005891 -0.310235 -0.457507
v 0.020274 -0.309027 -0.455543
v 0.006107 -0.238955 -0.469869
v 0.027131 -0.267104 -0.464620
v -0.014015 -0.267163 -0.466296
v -0.025697 0.580107 -0.824675
v 0.027688 0.580993 -0.827189
v -0.001579 0.497379 -0.841707
v 0.041565 0.527491 -0.837386
v -0.043602 0.528558 -0.836918
v 0.357987 0.077631 -0.294438
v 0.352116 0.050646 -0.267509
v 0.347197 0.063316 -0.302867
v 0.352030 0.079385 -0.322516
v 0.357655 0.059315 -0.262616
v 0.383492 -0.037695 0.295800
v 0.392205 -0.064203 0.310161
v 0.388860 -0.061898 0.338751
v 0.383825 -0.043981 0.329659
v 0.388522 -0.048700 0.283978
v -0.353849 0.070128 -0.285971
v -0.349701 0.041309 -0.260482
v -0.344963 0.053544 -0.295252
v -0.349200 0.070743 -0.313449
v -0.354603 0.051554 -0.254763
v -0.382303 -0.034105 0.305976
v -0.391509 -0.060232 0.318498
v -0.388377 -0.059034 0.346361
v -0.382486 -0.042594 0.338136
v -0.387471 -0.044501 0.294065
v -0.035928 0.406094 -0.160788
v 0.048104 0.403117 -0.166169
v -0.012720 0.344349 -0.145415
v -0.017866 0.476843 -0.178659
v 0.026558 0.342957 -0.147811
v 0.028822 0.475272 -0.183186
v -0.184325 0.203523 0.145212
v -0.140521 0.179078 0.231410
v -0.150986 0.220378 0.149945
v -0.196470 0.177449 0.185745
v -0.125136 0.201183 0.190805
v -0.177882 0.168286 0.230315
v -0.291159 0.766914 -0.493605
v -0.232497 0.837446 -0.588665
v -0.235948 0.811954 -0.479889
v -0.334269 0.750004 -0.549514
v -0.292929 0.969265 -0.530821
v -0.264916 0.746847 -0.581436
v -0.287110 0.212861 -0.254632
v -0.320650 0.174305 -0.275773
v -0.287368 0.257443 -0.309701
v -0.310000 0.162537 -0.214956
v -0.308674 0.228790 -0.320417
v -0.323238 0.148436 -0.224672
v -0.344432 0.068959 0.097920
v -0.356898 0.042777 0.161562
v -0.345011 0.064134 0.146857
v -0.351757 0.059113 0.083600
v -0.352120 0.050403 0.178937
v -0.357376 0.046350 0.115475
v 0.186500 0.205016 0.137852
v 0.142924 0.179544 0.226029
v 0.156852 0.220448 0.143026
v 0.130508 0.203640 0.186221
v 0.197965 0.178600 0.178414
v 0.177759 0.168670 0.221900
v 0.243347 0.773293 -0.506324
v 0.234728 0.823326 -0.594698
v 0.245023 0.891021 -0.553490
v 0.281586 0.912509 -0.568704
v 0.261290 0.777700 -0.542750
v 0.249118 0.788717 -0.578874
v 0.306135 0.211913 -0.266632
v 0.327606 0.169265 -0.284867
v 0.307308 0.251320 -0.313202
v 0.320876 0.160869 -0.226884
v 0.314142 0.223624 -0.323766
v 0.332648 0.144643 -0.236486
v 0.339416 0.079237 0.083518
v 0.355750 0.047118 0.148499
v 0.339681 0.074555 0.131725
v 0.350623 0.065849 0.070674
v 0.349877 0.057282 0.165629
v 0.356632 0.050885 0.102128
v -0.061944 -0.704630 -0.001196
v 0.050365 -0.703544 0.005840
v -0.034897 -0.703391 0.066104
v -0.035120 -0.688851 -0.062188
v 0.019835 -0.702706 0.070531
v 0.027950 -0.687045 -0.057382
v -0.244872 -0.645221 0.420635
v -0.247456 -0.812238 0.507230
v -0.204480 -0.676751 0.443947
v -0.279244 -0.652093 0.464113
v -0.192981 -0.742164 0.498939
v -0.283966 -0.733277 0.514831
v -0.223167 -0.636410 -0.358339
v -0.154517 -0.518849 -0.368159
v -0.169185 -0.638720 -0.347552
v -0.239421 -0.554612 -0.363514
v -0.138070 -0.576400 -0.354014
v -0.202000 -0.503431 -0.369912
v -0.434360 -0.294968 -0.143661
v -0.407262 -0.180795 -0.163263
v -0.419622 -0.282040 -0.188761
v -0.433109 -0.247511 -0.108684
v -0.401702 -0.224324 -0.195691
v -0.423954 -0.191267 -0.121106
v -0.407334 -0.331547 0.209579
v -0.411817 -0.245919 0.255152
v -0.402372 -0.336089 0.263952
v -0.415201 -0.284158 0.182488
v -0.407361 -0.291850 0.286757
v -0.415290 -0.242096 0.205513
v 0.240927 -0.758139 0.512616
v 0.225325 -0.980588 0.668261
v 0.182898 -0.792175 0.529145
v 0.161272 -0.901280 0.566656
v 0.338734 -0.818007 0.521439
v 0.327200 -0.905753 0.635082
v 0.219116 -0.628332 -0.360374
v 0.154943 -0.514388 -0.371674
v 0.168993 -0.631379 -0.348278
v 0.138020 -0.571626 -0.355860
v 0.234166 -0.547623 -0.366147
v 0.200093 -0.498094 -0.373035
v 0.434217 -0.288269 -0.153807
v 0.398597 -0.177584 -0.168907
v 0.416080 -0.275948 -0.197412
v 0.437490 -0.240844 -0.117825
v 0.397397 -0.217889 -0.201923
v 0.420622 -0.187381 -0.129358
v 0.403248 -0.340133 0.229818
v 0.408071 -0.251874 0.267065
v 0.398183 -0.346906 0.291233
v 0.411260 -0.290049 0.193241
v 0.402036 -0.301238 0.308350
v 0.411777 -0.246901 0.212834
v -0.002652 -0.039007 0.873579
v -0.002032 0.059333 0.781485
v 0.061343 -0.008685 0.843455
v -0.066022 -0.012109 0.846087
v 0.057035 0.037458 0.797791
v -0.061218 0.036073 0.801179
v 0.359876 -0.278571 0.724213
v 0.383770 -0.202325 0.615812
v 0.377290 -0.303222 0.683527
v 0.384783 -0.261479 0.628031
v 0.353888 -0.208805 0.712122
v 0.371190 -0.175758 0.657401
v -0.365200 -0.295671 0.724289
v -0.383200 -0.213775 0.609835
v -0.380287 -0.322913 0.668197
v -0.386280 -0.275367 0.611984
v -0.367462 -0.223265 0.720595
v -0.373739 -0.188423 0.659862
v 0.243098 0.074579 0.489704
v 0.302963 0.037446 0.461372
v 0.262101 0.072862 0.444433
v 0.291635 0.055916 0.431433
v 0.257804 0.057596 0.524959
v 0.286457 0.036205 0.508113
v -0.241366 0.070354 0.495908
v -0.301488 0.035017 0.469431
v -0.260509 0.068883 0.451304
v -0.290755 0.052574 0.439849
v -0.254371 0.052890 0.530313
v -0.285585 0.033438 0.515719
v -0.001930 0.043518 -0.637939
v -0.002960 0.112247 -0.761244
v 0.028276 0.055776 -0.670031
v -0.033034 0.057224 -0.669432
v 0.030711 0.089808 -0.732087
v -0.036421 0.092148 -0.731354
v 0.185682 -0.089432 -0.403934
v 0.244998 -0.029348 -0.381020
v 0.219811 -0.118135 -0.385252
v 0.247883 -0.085051 -0.370539
v 0.182977 -0.030223 -0.414041
v 0.215649 -0.006356 -0.412963
v -0.188398 -0.093571 -0.419653
v -0.244758 -0.036873 -0.388707
v -0.219922 -0.125263 -0.401405
v -0.246467 -0.095186 -0.383092
v -0.187294 -0.029642 -0.423931
v -0.219967 -0.012223 -0.419470
v 0.306291 0.321448 -0.914189
v 0.377999 0.208099 -0.793226
v 0.348681 0.346565 -0.820135
v 0.385214 0.290216 -0.768870
v 0.278632 0.209264 -1.008437
v 0.324506 0.127200 -0.925996
v -0.343394 0.322001 -0.915852
v -0.395819 0.196809 -0.717409
v -0.372768 0.325791 -0.790283
v -0.392240 0.269990 -0.719199
v -0.305204 0.226881 -0.885601
v -0.375636 0.162500 -0.793680
v 0.381637 -0.002043 -0.036092
v 0.388195 -0.018058 0.045877
v 0.379994 0.007721 -0.024597
v 0.383338 -0.000241 0.016820
v 0.387852 -0.022525 -0.007562
v 0.391544 -0.029981 0.033214
v -0.380133 -0.002146 -0.021282
v -0.386614 -0.017075 0.061510
v -0.377813 0.007787 -0.009616
v -0.380360 0.000085 0.032128
v -0.386956 -0.022731 0.007412
v -0.390941 -0.028835 0.048915
v -0.162712 0.325148 -0.190886
v -0.114351 0.378147 -0.163543
v -0.143367 0.286395 -0.160609
v -0.167642 0.397114 -0.208273
v -0.117115 0.308427 -0.153738
v -0.155167 0.429131 -0.171406
v -0.199304 0.220687 -0.067729
v -0.195239 0.209698 0.037982
v -0.175288 0.233065 -0.067497
v -0.220272 0.198631 -0.018762
v -0.171409 0.228351 -0.013842
v -0.218337 0.192401 0.033421
v -0.241224 0.433036 -0.310605
v -0.299492 0.611819 -0.404730
v -0.223580 0.477647 -0.304957
v -0.276280 0.467159 -0.361072
v -0.237395 0.561179 -0.346531
v -0.340383 0.569935 -0.416081
v -0.263662 0.258644 -0.238086
v -0.295953 0.229796 -0.249637
v -0.280345 0.307682 -0.293789
v -0.276122 0.217259 -0.189396
v -0.280120 0.313358 -0.291420
v -0.285560 0.209816 -0.190739
v -0.260953 0.183282 -0.077377
v -0.302230 0.125067 0.012141
v -0.262119 0.168985 -0.027067
v -0.278263 0.171677 -0.084168
v -0.283265 0.141584 0.018849
v -0.298033 0.140241 -0.039824
v 0.166440 0.332885 -0.188191
v 0.121844 0.375364 -0.171725
v 0.149695 0.293513 -0.160573
v 0.167101 0.398474 -0.211044
v 0.126448 0.309034 -0.158075
v 0.151097 0.426393 -0.190961
v 0.200815 0.228270 -0.069770
v 0.193800 0.214075 0.030448
v 0.178465 0.238206 -0.070180
v 0.218772 0.207252 -0.023606
v 0.173564 0.231692 -0.019013
v 0.216417 0.199490 0.025641
v 0.221977 0.419612 -0.282602
v 0.242379 0.578736 -0.378242
v 0.207169 0.468151 -0.287195
v 0.244458 0.435231 -0.314573
v 0.212627 0.549960 -0.332643
v 0.260447 0.512139 -0.364849
v 0.249192 0.265897 -0.224457
v 0.277370 0.246656 -0.249830
v 0.255179 0.316013 -0.270479
v 0.267107 0.228609 -0.186959
v 0.268974 0.307650 -0.287508
v 0.280919 0.216322 -0.198352
v 0.258072 0.195519 -0.080366
v 0.296745 0.138180 0.001257
v 0.259474 0.180256 -0.032384
v 0.274892 0.183033 -0.088160
v 0.278968 0.153596 0.009207
v 0.293696 0.152611 -0.048187
v -0.279150 -0.765007 0.001357
v -0.167318 -0.740448 -0.011811
v -0.243479 -0.697766 0.034626
v -0.255034 -0.872075 -0.020696
v -0.191846 -0.702267 0.039852
v -0.174128 -0.828000 -0.052050
v -0.312420 -0.618562 0.137372
v -0.273674 -0.619857 0.268120
v -0.276995 -0.642173 0.148896
v -0.323830 -0.584816 0.183107
v -0.255750 -0.643213 0.215780
v -0.307031 -0.587087 0.246843
v -0.443709 -0.822984 -0.203092
v -0.329505 -0.798510 -0.363971
v -0.368656 -0.932392 -0.231193
v -0.452843 -0.733145 -0.256221
v -0.313672 -0.896340 -0.336563
v -0.403962 -0.726610 -0.337637
v -0.432154 -0.541701 -0.083319
v -0.446325 -0.419196 -0.119326
v -0.444812 -0.550260 -0.146655
v -0.431801 -0.478890 -0.045929
v -0.450028 -0.480914 -0.163532
v -0.442400 -0.421997 -0.063351
v -0.389143 -0.513857 0.086035
v -0.397998 -0.421030 0.151930
v -0.374238 -0.510173 0.142001
v -0.407440 -0.469134 0.064450
v -0.381100 -0.467013 0.176382
v -0.408939 -0.420523 0.096949
v 0.280278 -0.758976 0.000001
v 0.154695 -0.742365 -0.003283
v 0.231769 -0.684896 0.045621
v 0.273317 -0.883339 -0.008901
v 0.178495 -0.694400 0.053451
v 0.177737 -0.823337 -0.057609
v 0.299836 -0.625840 0.174373
v 0.257066 -0.643295 0.348852
v 0.262160 -0.650660 0.189966
v 0.312957 -0.598375 0.231264
v 0.237995 -0.659166 0.276628
v 0.295463 -0.607836 0.316606
v 0.439920 -0.824353 -0.208427
v 0.314180 -0.784013 -0.361785
v 0.375510 -0.933838 -0.232036
v 0.440439 -0.725984 -0.263216
v 0.285693 -0.907244 -0.348149
v 0.396029 -0.719233 -0.342006
v 0.435615 -0.539279 -0.090149
v 0.451473 -0.412868 -0.131763
v 0.453768 -0.543461 -0.162153
v 0.432774 -0.476693 -0.049883
v 0.449832 -0.473379 -0.177582
v 0.443024 -0.418136 -0.072173
v 0.383454 -0.519462 0.105405
v 0.393958 -0.430157 0.175587
v 0.367980 -0.519747 0.173571
v 0.402247 -0.473252 0.077014
v 0.376519 -0.478785 0.210365
v 0.405280 -0.425727 0.111166
v -0.133733 -0.723418 0.818918
v -0.214470 -0.983919 0.681827
v -0.096537 -0.744916 0.764528
v -0.235942 -0.811946 0.848756
v -0.102847 -0.859230 0.719525
v -0.285496 -0.918645 0.818355
v 0.104118 -0.669242 0.803017
v 0.134652 -0.826240 0.804878
v 0.059764 -0.683548 0.756923
v 0.194456 -0.697557 0.829918
v 0.085706 -0.745275 0.747198
v 0.226893 -0.780528 0.862254
v -0.001142 -0.351233 0.902506
v 0.002313 -0.213637 1.005601
v 0.063297 -0.308713 0.903340
v -0.067182 -0.315040 0.904803
v 0.066793 -0.230666 0.926398
v -0.069387 -0.236959 0.928107
v 0.182587 -0.473853 0.854385
v 0.301017 -0.382978 0.814533
v 0.248198 -0.532418 0.840005
v 0.189304 -0.388124 0.867687
v 0.314940 -0.481636 0.816469
v 0.249377 -0.342257 0.850193
v -0.186055 -0.485451 0.851009
v -0.303141 -0.396023 0.822306
v -0.252674 -0.546394 0.837570
v -0.188615 -0.398906 0.859505
v -0.316862 -0.490386 0.831137
v -0.248363 -0.356946 0.844517
v -0.055203 0.143519 0.393621
v -0.097135 0.157522 0.314746
v -0.038379 0.149864 0.356842
v -0.092026 0.139583 0.393523
v -0.058712 0.160029 0.315877
v -0.113753 0.143744 0.354824
v 0.054384 0.142209 0.391997
v 0.097261 0.155375 0.311723
v 0.037718 0.148500 0.354691
v 0.090855 0.139787 0.390111
v 0.058639 0.157206 0.314107
v 0.112430 0.143910 0.349601
v -0.000736 0.134888 0.597981
v -0.000862 0.111061 0.685345
v 0.040334 0.128924 0.614862
v -0.041430 0.129071 0.615636
v 0.044845 0.119787 0.659712
v -0.046126 0.118787 0.660875
v 0.094334 0.128877 0.503737
v 0.170684 0.106704 0.503549
v 0.119032 0.126235 0.465778
v 0.106930 0.124891 0.546993
v 0.156368 0.116357 0.464442
v 0.146146 0.111609 0.546762
v -0.096888 0.130554 0.508453
v -0.171449 0.105126 0.509354
v -0.120764 0.126475 0.470423
v -0.110061 0.128791 0.551910
v -0.157443 0.115035 0.469676
v -0.148092 0.112176 0.552584
v -0.045765 -0.372719 -0.431008
v -0.096298 -0.436411 -0.395551
v -0.032092 -0.411230 -0.412964
v -0.081323 -0.358888 -0.430053
v -0.055772 -0.445410 -0.395199
v -0.107868 -0.388221 -0.412004
v 0.057102 -0.371286 -0.429185
v 0.102007 -0.434043 -0.397446
v 0.041661 -0.412242 -0.412017
v 0.092216 -0.357730 -0.429994
v 0.062044 -0.445222 -0.395858
v 0.116221 -0.386863 -0.413609
v 0.003053 -0.129355 -0.489299
v -0.000534 -0.014652 -0.524214
v 0.025785 -0.099748 -0.491627
v -0.021809 -0.099520 -0.493060
v 0.024206 -0.041049 -0.509623
v -0.022815 -0.040644 -0.508812
v 0.079206 -0.229445 -0.467027
v 0.131352 -0.158850 -0.439366
v 0.108593 -0.261558 -0.458089
v 0.076602 -0.161950 -0.466019
v 0.135109 -0.226132 -0.442047
v 0.100489 -0.127951 -0.454247
v -0.069258 -0.223407 -0.467737
v -0.128984 -0.159742 -0.449257
v -0.096584 -0.262137 -0.465218
v -0.071545 -0.160861 -0.471816
v -0.128395 -0.224997 -0.448025
v -0.100016 -0.129601 -0.464734
v -0.097530 0.676792 -0.778941
v -0.188226 0.788610 -0.700287
v -0.071212 0.739481 -0.746847
v -0.160723 0.663871 -0.781102
v -0.116694 0.791391 -0.698468
v -0.210863 0.725455 -0.751312
v 0.111564 0.675297 -0.772784
v 0.198367 0.774238 -0.700973
v 0.087808 0.739632 -0.748839
v 0.179054 0.661584 -0.763393
v 0.124348 0.778187 -0.699867
v 0.238541 0.721095 -0.732249
v -0.001299 0.369177 -0.838632
v -0.003987 0.228516 -0.826100
v 0.043063 0.334265 -0.837623
v -0.048269 0.333598 -0.837764
v 0.040176 0.263084 -0.832492
v -0.047607 0.262771 -0.830553
v 0.138718 0.476405 -0.841696
v 0.224718 0.414244 -0.869689
v 0.187243 0.518048 -0.830936
v 0.134552 0.405108 -0.844822
v 0.229576 0.484748 -0.837544
v 0.176344 0.371744 -0.858059
v -0.135526 0.477503 -0.844487
v -0.227868 0.410680 -0.889675
v -0.178497 0.522062 -0.838445
v -0.142002 0.405182 -0.852010
v -0.223976 0.481447 -0.843888
v -0.189960 0.368848 -0.872426
v 0.362610 0.106474 -0.301877
v 0.349132 0.139667 -0.298790
v 0.357343 0.134107 -0.347746
v 0.362297 0.095253 -0.260728
v 0.350032 0.156046 -0.347083
v 0.357029 0.108299 -0.257687
v 0.349291 0.000028 -0.217386
v 0.366167 -0.080240 -0.186551
v 0.338570 -0.019584 -0.229661
v 0.358659 -0.014550 -0.183512
v 0.347223 -0.063069 -0.217136
v 0.366567 -0.051041 -0.164844
v 0.324555 0.045798 -0.333782
v 0.290423 0.014786 -0.360409
v 0.320273 0.014266 -0.305163
v 0.318997 0.058060 -0.386885
v 0.306873 -0.004584 -0.321333
v 0.298774 0.046033 -0.400624
v 0.352211 0.111116 -0.425624
v 0.365502 0.148881 -0.575965
v 0.357057 0.138746 -0.444284
v 0.344704 0.100644 -0.466124
v 0.361473 0.165133 -0.512002
v 0.351679 0.112150 -0.544981
v 0.366056 0.039885 -0.192508
v 0.373812 0.018304 -0.115799
v 0.368130 0.050150 -0.187003
v 0.366846 0.017586 -0.162143
v 0.370543 0.039047 -0.147393
v 0.373099 0.007358 -0.124238
v 0.373857 -0.008118 0.253446
v 0.364151 0.020092 0.203548
v 0.368069 0.002803 0.271488
v 0.374640 -0.004082 0.212762
v 0.362506 0.017115 0.246815
v 0.370034 0.009793 0.186892
v 0.403269 -0.103035 0.303236
v 0.407226 -0.169999 0.289655
v 0.403930 -0.134304 0.340618
v 0.405432 -0.098907 0.261470
v 0.405164 -0.171320 0.336668
v 0.407804 -0.129487 0.252339
v 0.390328 -0.095979 0.414684
v 0.387735 -0.143933 0.508456
v 0.397530 -0.125937 0.421604
v 0.381882 -0.085981 0.448225
v 0.396799 -0.154438 0.468480
v 0.379710 -0.105795 0.495590
v 0.369245 -0.024118 0.374602
v 0.346307 0.004818 0.421599
v 0.362984 -0.005111 0.355100
v 0.366555 -0.032432 0.417706
v 0.352717 0.008794 0.376813
v 0.353538 -0.017323 0.443218
v 0.389894 -0.041161 0.210734
v 0.390083 -0.031149 0.129454
v 0.385362 -0.024575 0.183128
v 0.395353 -0.053741 0.198811
v 0.384712 -0.020079 0.142110
v 0.395804 -0.049342 0.157860
v -0.355269 0.102884 -0.291651
v -0.344668 0.139215 -0.287936
v -0.352656 0.129873 -0.336183
v -0.355935 0.093257 -0.249239
v -0.347473 0.153166 -0.336518
v -0.351333 0.108184 -0.245578
v -0.353676 -0.012951 -0.216384
v -0.373413 -0.088183 -0.184652
v -0.345719 -0.031355 -0.230496
v -0.364097 -0.024191 -0.179832
v -0.354920 -0.072912 -0.217817
v -0.374461 -0.059679 -0.161777
v -0.324476 0.030737 -0.333247
v -0.290609 0.002163 -0.363518
v -0.321329 0.000917 -0.306167
v -0.317283 0.044349 -0.383434
v -0.305162 -0.016643 -0.321711
v -0.299785 0.032959 -0.399354
v -0.348897 0.105732 -0.410029
v -0.356644 0.148923 -0.542994
v -0.353589 0.133484 -0.426748
v -0.339295 0.096186 -0.446877
v -0.357123 0.160736 -0.489453
v -0.342199 0.112047 -0.515063
v -0.363356 0.034205 -0.182897
v -0.371555 0.014799 -0.103727
v -0.365020 0.047410 -0.175741
v -0.365783 0.011499 -0.152760
v -0.367261 0.036406 -0.135415
v -0.370756 0.002616 -0.113330
v -0.372703 -0.006221 0.265183
v -0.364193 0.019508 0.216488
v -0.367127 0.003620 0.282620
v -0.373445 -0.002189 0.225309
v -0.363124 0.016903 0.259341
v -0.369561 0.010806 0.199636
v -0.402572 -0.101773 0.308496
v -0.410085 -0.167028 0.287665
v -0.403894 -0.135017 0.340822
v -0.403941 -0.097999 0.269123
v -0.406859 -0.170268 0.332249
v -0.408569 -0.128487 0.257064
v -0.390475 -0.096547 0.418023
v -0.388281 -0.148630 0.506181
v -0.396188 -0.129551 0.421099
v -0.382091 -0.087412 0.452490
v -0.395780 -0.159707 0.463574
v -0.380371 -0.108830 0.498206
v -0.367859 -0.024094 0.383520
v -0.343670 0.002427 0.430136
v -0.361582 -0.005647 0.364704
v -0.365486 -0.033541 0.425512
v -0.351158 0.007366 0.386641
v -0.351422 -0.019916 0.451173
v -0.388146 -0.036558 0.223430
v -0.388883 -0.028048 0.143745
v -0.383722 -0.021891 0.196875
v -0.393972 -0.048937 0.211831
v -0.383538 -0.017363 0.156730
v -0.395014 -0.045829 0.171731
v -0.049574 0.267445 -0.069859
v -0.098323 0.247387 0.041449
v -0.085765 0.264602 -0.067980
v -0.108963 0.251372 -0.012953
v -0.033786 0.257694 -0.016124
v -0.057072 0.248321 0.038758
v -0.073750 0.608156 -0.240755
v -0.141420 0.711772 -0.360122
v -0.121237 0.583818 -0.251983
v -0.153241 0.631707 -0.313241
v -0.050817 0.683659 -0.289559
v -0.086033 0.734932 -0.350262
v 0.061436 0.264341 -0.073255
v 0.105135 0.247582 0.037082
v 0.095462 0.261746 -0.071653
v 0.116071 0.250133 -0.017142
v 0.043578 0.256209 -0.019194
v 0.064654 0.246689 0.035348
v 0.086594 0.613107 -0.248691
v 0.156032 0.736841 -0.375672
v 0.132472 0.591407 -0.257565
v 0.158242 0.643985 -0.321628
v 0.064429 0.689637 -0.298050
v 0.102735 0.752077 -0.363533
v -0.251717 0.141265 0.174397
v -0.305169 0.101001 0.164259
v -0.258925 0.145012 0.125703
v -0.282727 0.125645 0.120023
v -0.269374 0.118477 0.215689
v -0.298208 0.098618 0.210883
v -0.040574 0.205923 0.185921
v 0.043952 0.207755 0.185758
v -0.019777 0.190672 0.230506
v 0.021441 0.190504 0.229668
v -0.018691 0.221056 0.137901
v 0.023791 0.221778 0.137239
v -0.206789 0.128324 0.308319
v -0.234383 0.097547 0.381997
v -0.186386 0.125191 0.349932
v -0.200422 0.111406 0.387375
v -0.239992 0.113741 0.303931
v -0.253729 0.097104 0.340278
v -0.436443 0.653076 -0.485386
v -0.301179 0.461881 -0.393279
v -0.474670 0.650402 -0.374005
v -0.302954 0.533320 -0.374923
v -0.368587 0.566223 -0.496102
v -0.335633 0.482896 -0.450750
v -0.073054 0.875722 -0.523486
v 0.093840 0.870647 -0.540848
v -0.034231 0.854161 -0.590977
v 0.050166 0.845347 -0.593433
v -0.027817 0.837018 -0.468722
v 0.052554 0.837920 -0.477307
v -0.312654 0.617720 -0.655065
v -0.331493 0.474103 -0.717279
v -0.303198 0.616382 -0.726057
v -0.304954 0.535322 -0.751101
v -0.335678 0.552392 -0.619667
v -0.339115 0.481729 -0.645307
v -0.328164 0.111589 -0.114498
v -0.345231 0.075403 -0.013966
v -0.318911 0.128517 -0.105789
v -0.326688 0.107722 -0.055188
v -0.345405 0.077518 -0.074611
v -0.351024 0.066313 -0.026341
v -0.333516 0.282659 -0.431075
v -0.355023 0.295074 -0.557657
v -0.343019 0.238801 -0.437643
v -0.352199 0.244841 -0.498128
v -0.336547 0.348177 -0.481535
v -0.346519 0.353795 -0.546060
v -0.350870 0.083168 -0.144501
v -0.366107 0.043520 -0.073066
v -0.355566 0.077021 -0.154068
v -0.362700 0.055409 -0.118012
v -0.356051 0.065042 -0.096625
v -0.362661 0.049367 -0.062362
v -0.342366 0.051398 0.268495
v -0.322500 0.052261 0.354867
v -0.346510 0.039216 0.294963
v -0.339288 0.038890 0.338633
v -0.327080 0.064185 0.282929
v -0.313504 0.065664 0.325055
v -0.365407 0.032113 0.084486
v -0.373099 0.017050 0.057216
v -0.369883 0.018829 0.114712
v -0.374147 0.010803 0.100106
v -0.364091 0.037506 0.040088
v -0.367695 0.030932 0.027076
v 0.246698 0.145859 0.161864
v 0.297132 0.111476 0.148543
v 0.253419 0.153407 0.113450
v 0.276470 0.135877 0.106810
v 0.263412 0.124117 0.202332
v 0.291512 0.107023 0.196216
v 0.204778 0.129936 0.300116
v 0.233929 0.101674 0.374238
v 0.185188 0.127742 0.343018
v 0.199573 0.114688 0.380307
v 0.237214 0.116537 0.294083
v 0.253264 0.102190 0.331686
v 0.508283 0.607654 -0.473190
v 0.339547 0.415305 -0.366377
v 0.338089 0.524037 -0.425689
v 0.321686 0.433883 -0.380597
v 0.545768 0.709128 -0.384256
v 0.301569 0.542349 -0.381072
v 0.308197 0.650420 -0.612774
v 0.326738 0.498699 -0.698749
v 0.292466 0.624767 -0.687590
v 0.302552 0.550128 -0.731241
v 0.349821 0.601787 -0.573735
v 0.343136 0.523799 -0.613010
v 0.331116 0.119828 -0.128500
v 0.340222 0.088687 -0.029640
v 0.318951 0.137473 -0.117979
v 0.322950 0.120209 -0.068214
v 0.346623 0.086034 -0.090398
v 0.350385 0.072685 -0.041204
v 0.328532 0.294767 -0.425202
v 0.355583 0.317141 -0.564169
v 0.341251 0.249397 -0.441989
v 0.352317 0.258351 -0.508006
v 0.328693 0.375494 -0.460601
v 0.345585 0.385720 -0.532609
v 0.359059 0.080729 -0.159631
v 0.370390 0.042557 -0.088456
v 0.362485 0.075163 -0.168389
v 0.368031 0.054583 -0.132132
v 0.361488 0.065074 -0.113104
v 0.367491 0.047976 -0.077965
v 0.339619 0.054750 0.255698
v 0.321652 0.055070 0.343941
v 0.344838 0.041180 0.282958
v 0.339149 0.040394 0.327362
v 0.322909 0.070350 0.269834
v 0.311709 0.071058 0.313860
v 0.366075 0.032086 0.071011
v 0.375648 0.015634 0.042897
v 0.371001 0.018069 0.100566
v 0.375882 0.009855 0.086012
v 0.366206 0.037877 0.025795
v 0.370545 0.030217 0.011936
v -0.092869 -0.704356 0.193736
v -0.153333 -0.704664 0.321757
v -0.145120 -0.698141 0.183320
v -0.180970 -0.707218 0.247342
v -0.067436 -0.708543 0.267069
v -0.097174 -0.708847 0.331028
v -0.104205 -0.692627 -0.181088
v -0.124806 -0.728894 -0.292005
v -0.129297 -0.785840 -0.193731
v -0.132167 -0.823770 -0.274378
v -0.073937 -0.653024 -0.221021
v -0.084302 -0.668341 -0.271289
v 0.070241 -0.707820 0.213846
v 0.118565 -0.707449 0.376253
v 0.124364 -0.708737 0.215367
v 0.152105 -0.716332 0.296939
v 0.041587 -0.712421 0.285535
v 0.068094 -0.715867 0.365382
v 0.099920 -0.688772 -0.174135
v 0.136201 -0.716368 -0.281629
v 0.126511 -0.783678 -0.197787
v 0.151155 -0.802981 -0.267204
v 0.069113 -0.654733 -0.219252
v 0.086661 -0.662396 -0.264293
v -0.337400 -0.545098 0.392450
v -0.376487 -0.437538 0.326174
v -0.341262 -0.526312 0.325946
v -0.363430 -0.478058 0.296024
v -0.358551 -0.509789 0.422791
v -0.374638 -0.449041 0.387453
v -0.074748 -0.741875 0.528536
v 0.054122 -0.739198 0.567614
v -0.050870 -0.732466 0.594586
v 0.024970 -0.714374 0.614388
v -0.042351 -0.725566 0.475412
v 0.017838 -0.730454 0.491311
v -0.356251 -0.674399 0.592478
v -0.401933 -0.488746 0.652982
v -0.340721 -0.708729 0.674262
v -0.400396 -0.579507 0.713168
v -0.375370 -0.564898 0.552725
v -0.396675 -0.490625 0.579435
v -0.349650 -0.475831 -0.345102
v -0.408609 -0.375431 -0.268641
v -0.400340 -0.511147 -0.317075
v -0.420394 -0.453038 -0.268503
v -0.346175 -0.397211 -0.337362
v -0.384608 -0.348395 -0.312242
v -0.045460 -0.568134 -0.342602
v 0.044574 -0.566795 -0.343248
v -0.020812 -0.527652 -0.360311
v 0.022257 -0.527466 -0.360853
v -0.024625 -0.600662 -0.318718
v 0.024183 -0.599076 -0.318481
v -0.221278 -0.375011 -0.389387
v -0.230579 -0.253154 -0.410738
v -0.187426 -0.345581 -0.408043
v -0.193062 -0.284756 -0.418148
v -0.262877 -0.341491 -0.379409
v -0.265428 -0.278347 -0.387506
v -0.443676 -0.262417 -0.014533
v -0.427115 -0.276235 0.081593
v -0.440458 -0.316340 0.003157
v -0.429732 -0.321372 0.053071
v -0.437541 -0.218347 0.014294
v -0.430340 -0.226721 0.060477
v -0.359968 -0.189394 -0.273561
v -0.305754 -0.146601 -0.334634
v -0.343160 -0.135817 -0.274574
v -0.320913 -0.114423 -0.307012
v -0.353851 -0.225287 -0.310376
v -0.320308 -0.203477 -0.337214
v -0.410954 -0.119025 -0.065850
v -0.393594 -0.057908 -0.021028
v -0.394155 -0.078358 -0.082864
v -0.386443 -0.050359 -0.061320
v -0.416421 -0.127907 -0.023830
v -0.407514 -0.095677 -0.001364
v -0.402108 -0.299399 0.393579
v -0.396724 -0.299283 0.501563
v -0.403636 -0.253165 0.406660
v -0.400561 -0.251185 0.457502
v -0.395750 -0.352229 0.432158
v -0.395231 -0.355404 0.489593
v -0.415824 -0.155006 0.151721
v -0.406657 -0.076709 0.102353
v -0.411923 -0.119697 0.170009
v -0.407554 -0.084086 0.143898
v -0.417654 -0.149047 0.107108
v -0.412188 -0.108632 0.083666
v 0.351123 -0.594542 0.485266
v 0.375911 -0.458692 0.382565
v 0.342079 -0.558356 0.403634
v 0.361932 -0.501589 0.355752
v 0.371749 -0.546478 0.514464
v 0.377255 -0.472551 0.456134
v 0.381566 -0.676491 0.792750
v 0.359212 -0.461618 0.730319
v 0.321250 -0.675226 0.764411
v 0.398090 -0.546883 0.780150
v 0.375470 -0.572538 0.688285
v 0.367780 -0.482686 0.674857
v 0.336073 -0.468760 -0.346000
v 0.400467 -0.368508 -0.277614
v 0.389251 -0.498574 -0.337332
v 0.408906 -0.443585 -0.281480
v 0.336793 -0.390531 -0.340465
v 0.374424 -0.342192 -0.315499
v 0.222547 -0.369730 -0.388861
v 0.228819 -0.245606 -0.393269
v 0.191730 -0.341672 -0.406466
v 0.196098 -0.282021 -0.409164
v 0.260240 -0.334881 -0.375549
v 0.262356 -0.271339 -0.377436
v 0.444413 -0.259260 -0.022395
v 0.424721 -0.277228 0.082661
v 0.439273 -0.314276 -0.001130
v 0.427721 -0.321859 0.054679
v 0.435343 -0.216859 0.006568
v 0.428327 -0.226361 0.056093
v 0.355537 -0.181205 -0.272593
v 0.307607 -0.136226 -0.329714
v 0.342612 -0.125665 -0.274303
v 0.321789 -0.103683 -0.304158
v 0.351093 -0.217290 -0.307874
v 0.322516 -0.194563 -0.334577
v 0.411023 -0.112422 -0.074308
v 0.394131 -0.055556 -0.034013
v 0.390765 -0.073246 -0.091149
v 0.385914 -0.044611 -0.072001
v 0.417877 -0.123017 -0.033948
v 0.406782 -0.092970 -0.012659
v 0.396409 -0.306719 0.423670
v 0.390225 -0.296493 0.532284
v 0.399184 -0.256411 0.427453
v 0.396031 -0.250437 0.478061
v 0.390311 -0.359429 0.477585
v 0.387248 -0.356146 0.536582
v 0.415438 -0.154698 0.146288
v 0.406323 -0.078416 0.088671
v 0.412172 -0.119110 0.161288
v 0.406875 -0.085019 0.131375
v 0.417156 -0.148716 0.099530
v 0.411810 -0.108017 0.072529
v 0.185793 -0.071959 0.837679
v 0.290544 -0.140999 0.791358
v 0.192757 -0.140265 0.864518
v 0.254750 -0.171096 0.847873
v 0.230291 -0.046983 0.790009
v 0.277078 -0.081764 0.765796
v -0.190672 -0.086857 0.845074
v -0.294212 -0.158725 0.798670
v -0.197505 -0.159127 0.866192
v -0.251341 -0.196928 0.842816
v -0.233022 -0.061400 0.796974
v -0.279844 -0.096237 0.773886
v 0.152297 0.059199 0.718933
v 0.213648 0.060274 0.622373
v 0.142011 0.086992 0.676620
v 0.173595 0.084845 0.630826
v 0.200749 0.033183 0.712950
v 0.230871 0.037478 0.663161
v -0.154883 0.057370 0.726344
v -0.214173 0.057713 0.629559
v -0.143453 0.085040 0.682020
v -0.173332 0.081067 0.635795
v -0.202874 0.029158 0.721024
v -0.230028 0.032299 0.669180
v 0.341700 -0.081493 0.617644
v 0.312758 -0.013033 0.566629
v 0.348345 -0.068518 0.562468
v 0.335990 -0.035499 0.539920
v 0.315732 -0.053195 0.649348
v 0.298183 -0.019191 0.619912
v -0.344024 -0.088448 0.625005
v -0.310896 -0.018165 0.573471
v -0.349590 -0.073183 0.569201
v -0.335216 -0.039864 0.547031
v -0.317443 -0.061470 0.657848
v -0.298935 -0.024873 0.627987
v 0.083218 0.015218 -0.602685
v 0.128926 -0.002178 -0.508648
v 0.073736 -0.000829 -0.533213
v 0.095378 -0.016256 -0.489843
v 0.118117 0.008823 -0.639268
v 0.143137 0.003451 -0.588691
v -0.086898 0.017488 -0.600740
v -0.132894 -0.005180 -0.507911
v -0.078035 0.001354 -0.532629
v -0.098950 -0.013913 -0.493469
v -0.121440 0.013891 -0.633037
v -0.146416 0.003216 -0.582290
v 0.110466 0.122626 -0.791358
v 0.197748 0.180153 -0.864029
v 0.120079 0.191648 -0.823619
v 0.163992 0.225844 -0.853103
v 0.144159 0.070050 -0.780063
v 0.191959 0.095383 -0.822204
v -0.119802 0.119041 -0.790840
v -0.226723 0.152444 -0.879119
v -0.130697 0.184671 -0.823697
v -0.180225 0.210298 -0.856010
v -0.149874 0.070750 -0.779562
v -0.202618 0.075937 -0.821095
v 0.243688 0.037208 -0.556243
v 0.303998 0.067085 -0.744066
v 0.279350 0.052286 -0.551611
v 0.305739 0.070660 -0.626507
v 0.223752 0.031441 -0.640272
v 0.248422 0.043846 -0.746914
v -0.246353 0.023801 -0.537170
v -0.306894 0.059873 -0.679532
v -0.279226 0.044020 -0.527292
v -0.303797 0.067577 -0.585085
v -0.229481 0.016749 -0.613061
v -0.257869 0.026077 -0.700758
v -0.187250 0.253238 -0.163685
v -0.202930 0.331123 -0.230354
v -0.165253 0.268288 -0.164894
v -0.185428 0.364344 -0.225650
v -0.222964 0.219944 -0.117120
v -0.180235 0.241352 -0.118059
v -0.221557 0.208011 -0.069159
v -0.231899 0.305816 -0.254724
v -0.211363 0.399756 -0.265895
v -0.246997 0.376584 -0.305652
v -0.242172 0.231881 -0.170642
v -0.251710 0.309524 -0.284343
v -0.259263 0.225396 -0.181619
v -0.241766 0.195513 -0.072465
v -0.259590 0.201949 -0.128528
v 0.189742 0.264374 -0.159187
v 0.198893 0.335561 -0.219314
v 0.169790 0.277482 -0.162273
v 0.183622 0.367074 -0.218839
v 0.222562 0.231535 -0.115122
v 0.183509 0.248903 -0.117799
v 0.221043 0.217888 -0.070739
v 0.226133 0.315138 -0.230596
v 0.202150 0.397546 -0.250195
v 0.233175 0.369952 -0.270298
v 0.238451 0.243031 -0.163648
v 0.241514 0.318710 -0.250365
v 0.253226 0.237386 -0.174844
v 0.240181 0.206439 -0.074122
v 0.256220 0.213226 -0.127297
v -0.331005 -0.674481 0.037385
v -0.383832 -0.766016 -0.047520
v -0.291376 -0.690864 0.034068
v -0.336831 -0.828210 -0.037384
v -0.362918 -0.598223 0.068781
v -0.301909 -0.652488 0.088399
v -0.343110 -0.589044 0.123844
v -0.419747 -0.666315 -0.087741
v -0.388588 -0.847493 -0.117524
v -0.442473 -0.705211 -0.161312
v -0.403600 -0.575765 -0.001221
v -0.434692 -0.614880 -0.122676
v -0.418754 -0.530778 -0.024237
v -0.368025 -0.554087 0.106073
v -0.404804 -0.520947 0.031541
v 0.322279 -0.661505 0.041743
v 0.383604 -0.768193 -0.054031
v 0.279681 -0.675236 0.041915
v 0.336839 -0.832302 -0.048807
v 0.355134 -0.601060 0.088476
v 0.289538 -0.650347 0.111540
v 0.333045 -0.595996 0.155296
v 0.424487 -0.668435 -0.090736
v 0.384535 -0.849365 -0.129188
v 0.448438 -0.708475 -0.171066
v 0.399151 -0.576708 0.004624
v 0.440261 -0.613573 -0.131013
v 0.417494 -0.530463 -0.023457
v 0.360998 -0.560395 0.132137
v 0.400164 -0.522909 0.040404
v -0.010754 -0.621953 0.814705
v -0.108742 -0.583391 0.845417
v -0.052758 -0.668406 0.788871
v -0.167765 -0.665436 0.846709
v 0.094812 -0.567534 0.839991
v 0.023325 -0.652600 0.785390
v 0.145758 -0.627271 0.831371
v 0.056725 -0.457859 0.866398
v -0.061812 -0.462987 0.865308
v 0.061706 -0.385467 0.885644
v -0.065421 -0.392737 0.890654
v 0.171870 -0.560326 0.847046
v 0.122138 -0.426091 0.870468
v -0.182536 -0.576275 0.846972
v -0.125319 -0.434592 0.867874
v -0.000433 0.142070 0.427649
v -0.048747 0.138654 0.464343
v -0.018373 0.143751 0.394407
v -0.070605 0.138129 0.430451
v 0.047669 0.138808 0.462911
v 0.018094 0.143767 0.392860
v 0.069472 0.138366 0.429009
v 0.031212 0.139989 0.530525
v -0.032312 0.140511 0.532758
v 0.035810 0.135964 0.572404
v -0.037149 0.137252 0.574406
v 0.082542 0.134050 0.465397
v 0.067309 0.132828 0.539565
v -0.083931 0.134419 0.468033
v -0.069158 0.134138 0.542915
v 0.007892 -0.351545 -0.446736
v -0.034017 -0.301520 -0.461608
v -0.010402 -0.380939 -0.431270
v -0.056171 -0.331614 -0.448182
v 0.047356 -0.298351 -0.456563
v 0.023218 -0.379023 -0.429350
v 0.069041 -0.330165 -0.445316
v 0.028756 -0.216158 -0.472418
v -0.017387 -0.215734 -0.472983
v 0.027796 -0.159209 -0.480672
v -0.019844 -0.158833 -0.481857
v 0.077298 -0.283815 -0.459684
v 0.052236 -0.191683 -0.472736
v -0.063886 -0.283777 -0.462528
v -0.043606 -0.189975 -0.474493
v 0.003823 0.633677 -0.815021
v -0.081654 0.567163 -0.825917
v -0.032016 0.685541 -0.785807
v -0.117670 0.612979 -0.807775
v 0.086502 0.567475 -0.825897
v 0.044988 0.688652 -0.785894
v 0.134197 0.612863 -0.798121
v 0.045230 0.468523 -0.842318
v -0.045775 0.469243 -0.841713
v 0.044683 0.402887 -0.841322
v -0.047751 0.402829 -0.840590
v 0.145336 0.547475 -0.837456
v 0.091725 0.438667 -0.842483
v -0.128641 0.547379 -0.829957
v -0.092318 0.438388 -0.843728
v 0.357961 0.095529 -0.334830
v 0.362186 0.070579 -0.261530
v 0.360215 0.113812 -0.343362
v 0.364311 0.083046 -0.261615
v 0.342843 0.044216 -0.276427
v 0.356265 0.040219 -0.233588
v 0.338456 0.016538 -0.250964
v 0.356274 0.016253 -0.206796
v 0.344020 0.075286 -0.346594
v 0.331184 0.030992 -0.289869
v 0.333514 0.068056 -0.368414
v 0.356428 0.115581 -0.384681
v 0.343140 0.087836 -0.400584
v 0.365574 0.061088 -0.225541
v 0.360681 0.029298 -0.198446
v 0.378198 -0.028052 0.313219
v 0.384317 -0.033661 0.260932
v 0.372748 -0.012654 0.293306
v 0.379420 -0.018882 0.237402
v 0.394393 -0.081860 0.342025
v 0.393730 -0.062169 0.276905
v 0.400289 -0.104479 0.342647
v 0.399819 -0.078928 0.269295
v 0.383695 -0.054870 0.365124
v 0.396093 -0.102361 0.379634
v 0.382851 -0.069516 0.404641
v 0.371340 -0.017523 0.333626
v 0.375850 -0.045606 0.391359
v 0.384910 -0.029141 0.223540
v 0.394842 -0.058391 0.238977
v -0.353529 0.089035 -0.324679
v -0.357854 0.064846 -0.252636
v -0.354505 0.108568 -0.332518
v -0.358239 0.078855 -0.251548
v -0.342571 0.030169 -0.273735
v -0.355857 0.029933 -0.227863
v -0.342492 0.001728 -0.251454
v -0.358453 0.005011 -0.202247
v -0.342193 0.065419 -0.338135
v -0.332918 0.016264 -0.289981
v -0.331583 0.056071 -0.361965
v -0.352911 0.109673 -0.371956
v -0.340763 0.080449 -0.388254
v -0.361111 0.056587 -0.215487
v -0.360992 0.020517 -0.191200
v -0.376991 -0.025872 0.323186
v -0.382697 -0.029619 0.272062
v -0.371781 -0.010768 0.304136
v -0.377741 -0.015867 0.249301
v -0.394598 -0.078568 0.348226
v -0.392826 -0.057744 0.286258
v -0.399867 -0.103946 0.346177
v -0.398326 -0.074195 0.278493
v -0.382858 -0.053478 0.372544
v -0.396145 -0.102207 0.382612
v -0.383451 -0.068624 0.410718
v -0.370242 -0.016382 0.343431
v -0.375508 -0.044896 0.399043
v -0.382801 -0.025084 0.235768
v -0.393336 -0.053926 0.250303
v -0.050797 0.339395 -0.145875
v -0.064709 0.469985 -0.172423
v -0.086367 0.327677 -0.148517
v -0.108592 0.453767 -0.172564
v 0.063991 0.334836 -0.152090
v 0.074995 0.466554 -0.181554
v 0.097809 0.322596 -0.156455
v 0.120867 0.450034 -0.174469
v 0.007242 0.287931 -0.125461
v -0.065736 0.284303 -0.119707
v -0.012532 0.269871 -0.071069
v 0.005492 0.552115 -0.204083
v -0.094430 0.534494 -0.197369
v -0.021162 0.632457 -0.226472
v 0.078620 0.280861 -0.123989
v 0.024757 0.268649 -0.072011
v 0.105241 0.535043 -0.200129
v 0.033594 0.623998 -0.243191
v -0.166196 0.226927 0.098685
v -0.212904 0.185114 0.139858
v -0.168647 0.226245 0.041643
v -0.218037 0.188292 0.087138
v -0.101582 0.185713 0.232036
v -0.156411 0.158833 0.272170
v -0.079770 0.172973 0.274147
v -0.135130 0.150320 0.313779
v -0.106397 0.223342 0.145985
v -0.135335 0.239713 0.042652
v -0.081845 0.237442 0.092737
v -0.211584 0.153930 0.226962
v -0.235290 0.164953 0.132061
v -0.240675 0.137224 0.221064
v -0.060837 0.189189 0.231123
v -0.061736 0.221550 0.140107
v -0.172114 0.140536 0.312101
v -0.225348 0.132580 0.265665
v -0.242379 0.727875 -0.433866
v -0.400995 0.798511 -0.519576
v -0.245974 0.646413 -0.388949
v -0.404557 0.672962 -0.462169
v -0.242206 0.957375 -0.592889
v -0.249121 0.749713 -0.633298
v -0.166998 0.850542 -0.635547
v -0.233198 0.739335 -0.688600
v -0.189323 0.870603 -0.463918
v -0.193597 0.680510 -0.372979
v -0.129518 0.790174 -0.410519
v -0.347475 0.690749 -0.577354
v -0.575033 0.735111 -0.450248
v -0.383410 0.633878 -0.544207
v -0.126227 0.895418 -0.587350
v -0.112563 0.856051 -0.467986
v -0.274202 0.680237 -0.678370
v -0.338877 0.623714 -0.595502
v -0.268564 0.287578 -0.294294
v -0.298047 0.178478 -0.203443
v -0.261844 0.308635 -0.287107
v -0.293236 0.195474 -0.196895
v -0.324975 0.199760 -0.327049
v -0.334970 0.134005 -0.232992
v -0.338310 0.176656 -0.333452
v -0.344215 0.121994 -0.240047
v -0.304050 0.302354 -0.364998
v -0.272014 0.395618 -0.337741
v -0.311500 0.389924 -0.408305
v -0.329489 0.122742 -0.174098
v -0.310143 0.151816 -0.154926
v -0.338012 0.096902 -0.123849
v -0.333834 0.222916 -0.381442
v -0.322930 0.332212 -0.421495
v -0.346900 0.101799 -0.192039
v -0.346391 0.086222 -0.133612
v -0.327250 0.086702 0.107356
v -0.339280 0.079000 0.046647
v -0.304687 0.114399 0.063250
v -0.318907 0.108644 0.004321
v -0.356057 0.040050 0.207146
v -0.362119 0.034245 0.145270
v -0.358889 0.028779 0.233844
v -0.365742 0.022360 0.173103
v -0.343854 0.061731 0.194850
v -0.306233 0.106156 0.114406
v -0.325182 0.079078 0.205018
v -0.356807 0.050893 0.068943
v -0.333709 0.091763 -0.004295
v -0.354498 0.057618 0.021580
v -0.352274 0.039292 0.251618
v -0.337689 0.062774 0.239984
v -0.366006 0.026185 0.129592
v -0.360645 0.044040 0.053996
v 0.166587 0.226394 0.090497
v 0.210263 0.189294 0.129484
v 0.168863 0.227510 0.034136
v 0.213065 0.193690 0.076754
v 0.104045 0.185772 0.227820
v 0.155898 0.158891 0.264919
v 0.080843 0.170987 0.270822
v 0.134224 0.150321 0.307821
v 0.111768 0.224907 0.140598
v 0.140231 0.239181 0.037488
v 0.088244 0.238209 0.089850
v 0.063158 0.188887 0.228718
v 0.066930 0.223099 0.138033
v 0.208021 0.155196 0.216334
v 0.230349 0.170838 0.120577
v 0.236401 0.138417 0.209499
v 0.169904 0.141962 0.303915
v 0.221570 0.134288 0.255205
v 0.226170 0.749753 -0.452412
v 0.291232 0.698877 -0.482894
v 0.218897 0.641890 -0.386172
v 0.280790 0.600793 -0.419736
v 0.191871 0.863007 -0.612588
v 0.246452 0.762019 -0.622920
v 0.159201 0.815006 -0.647040
v 0.237631 0.738253 -0.679485
v 0.235620 0.978417 -0.501718
v 0.192628 0.698545 -0.385121
v 0.153451 0.832663 -0.434735
v 0.135325 0.853280 -0.590145
v 0.133296 0.902761 -0.486590
v 0.286699 0.814002 -0.547512
v 0.347488 0.616705 -0.455512
v 0.521185 0.758505 -0.500586
v 0.270150 0.695731 -0.649039
v 0.346453 0.681712 -0.537688
v 0.300624 0.275881 -0.302653
v 0.309197 0.182874 -0.217663
v 0.287520 0.295981 -0.295240
v 0.295769 0.201613 -0.208271
v 0.326353 0.197484 -0.333515
v 0.343100 0.131117 -0.245225
v 0.339856 0.177657 -0.341530
v 0.350805 0.120112 -0.252473
v 0.307393 0.296388 -0.359110
v 0.307691 0.351762 -0.334300
v 0.306308 0.390155 -0.382437
v 0.338143 0.121164 -0.187943
v 0.313594 0.158924 -0.167905
v 0.342418 0.102094 -0.139347
v 0.331876 0.227464 -0.384851
v 0.313216 0.344213 -0.404008
v 0.354758 0.099883 -0.206078
v 0.352062 0.089062 -0.149913
v 0.320995 0.097790 0.092454
v 0.333720 0.091040 0.032649
v 0.299839 0.125844 0.051195
v 0.313123 0.121695 -0.007875
v 0.353870 0.044297 0.193911
v 0.360906 0.037173 0.131823
v 0.358375 0.030780 0.221777
v 0.365422 0.023231 0.160019
v 0.336773 0.071282 0.179003
v 0.299226 0.117667 0.099847
v 0.315540 0.089560 0.188232
v 0.356427 0.056186 0.055370
v 0.328005 0.105144 -0.017990
v 0.354571 0.062166 0.008075
v 0.349775 0.042560 0.238246
v 0.331484 0.070322 0.225012
v 0.366023 0.027549 0.115799
v 0.361155 0.046644 0.040326
v -0.088839 -0.705740 0.059747
v -0.090358 -0.713689 -0.066429
v -0.141287 -0.708725 0.051792
v -0.138040 -0.758218 -0.070552
v 0.073468 -0.706381 0.071290
v 0.083306 -0.707447 -0.057597
v 0.125015 -0.705500 0.067452
v 0.129510 -0.760107 -0.063504
v -0.009219 -0.704812 0.136291
v -0.116065 -0.701246 0.120953
v -0.037664 -0.706834 0.201649
v -0.003199 -0.666020 -0.117086
v -0.111967 -0.743501 -0.126507
v -0.040725 -0.655469 -0.170916
v 0.097343 -0.702730 0.140150
v 0.015692 -0.707795 0.209146
v 0.109185 -0.734155 -0.122630
v 0.035501 -0.655776 -0.169251
v -0.219957 -0.661101 0.363601
v -0.282338 -0.611829 0.390914
v -0.237199 -0.650573 0.287629
v -0.293301 -0.595999 0.315997
v -0.176210 -0.829195 0.549729
v -0.287603 -0.845301 0.587557
v -0.122304 -0.931536 0.622957
v -0.301803 -0.912865 0.667019
v -0.156756 -0.701914 0.458134
v -0.197528 -0.680181 0.305424
v -0.125880 -0.705879 0.393632
v -0.315575 -0.651735 0.489512
v -0.314887 -0.572385 0.357494
v -0.338769 -0.577098 0.458212
v -0.110625 -0.794073 0.578350
v -0.101405 -0.718540 0.464821
v -0.358199 -0.820208 0.624930
v -0.347347 -0.621968 0.523378
v -0.204910 -0.719381 -0.347815
v -0.280790 -0.613891 -0.364918
v -0.256240 -0.815174 -0.348109
v -0.329176 -0.683409 -0.365808
v -0.108733 -0.526292 -0.365189
v -0.168562 -0.459949 -0.381143
v -0.081227 -0.483122 -0.379303
v -0.137098 -0.422211 -0.395409
v -0.119146 -0.627515 -0.335320
v -0.173523 -0.791057 -0.322116
v -0.100353 -0.660743 -0.307520
v -0.250710 -0.478266 -0.367552
v -0.344698 -0.570817 -0.356447
v -0.299912 -0.441755 -0.357394
v -0.064179 -0.528004 -0.362315
v -0.072489 -0.611044 -0.324162
v -0.178963 -0.402080 -0.393947
v -0.258276 -0.407566 -0.372807
v -0.437389 -0.344508 -0.182437
v -0.444374 -0.304298 -0.094458
v -0.446133 -0.411670 -0.173474
v -0.446053 -0.363301 -0.081014
v -0.384614 -0.170050 -0.202344
v -0.410764 -0.139573 -0.132679
v -0.369256 -0.120289 -0.210330
v -0.390191 -0.099162 -0.147158
v -0.397340 -0.266531 -0.231818
v -0.430278 -0.397830 -0.223466
v -0.390227 -0.309128 -0.269778
v -0.432471 -0.202522 -0.077267
v -0.446543 -0.310577 -0.046386
v -0.438727 -0.210609 -0.031955
v -0.365050 -0.154171 -0.240194
v -0.374484 -0.247119 -0.270711
v -0.402646 -0.109011 -0.107091
v -0.427234 -0.161968 -0.049075
v -0.396813 -0.379574 0.238017
v -0.413416 -0.328288 0.156467
v -0.388874 -0.423574 0.208376
v -0.411441 -0.373378 0.127726
v -0.409882 -0.248381 0.305729
v -0.413766 -0.202222 0.225259
v -0.409288 -0.208052 0.320652
v -0.411876 -0.163861 0.242422
v -0.399799 -0.340738 0.319757
v -0.381412 -0.429206 0.266450
v -0.388373 -0.393216 0.353184
v -0.418786 -0.238333 0.155976
v -0.421372 -0.324827 0.104213
v -0.423356 -0.233543 0.107603
v -0.406699 -0.251760 0.356158
v -0.398014 -0.346023 0.376201
v -0.413766 -0.160008 0.196872
v -0.419993 -0.192879 0.130885
v 0.193766 -0.696176 0.470419
v 0.283023 -0.685966 0.500014
v 0.214915 -0.671972 0.371743
v 0.279233 -0.625069 0.414531
v 0.124074 -0.883758 0.651341
v 0.295389 -0.951853 0.763749
v 0.109750 -0.831506 0.712134
v 0.241267 -0.888360 0.848212
v 0.129451 -0.774990 0.523332
v 0.168968 -0.693252 0.380473
v 0.095505 -0.723332 0.452224
v 0.085566 -0.766649 0.643945
v 0.075181 -0.747343 0.508025
v 0.372187 -0.761965 0.616592
v 0.316219 -0.618758 0.452603
v 0.378467 -0.639878 0.574255
v 0.324816 -0.805576 0.799011
v 0.413251 -0.678922 0.676119
v 0.199694 -0.714418 -0.353143
v 0.272757 -0.604263 -0.364523
v 0.231530 -0.822761 -0.349408
v 0.322267 -0.666620 -0.363605
v 0.109818 -0.523420 -0.367485
v 0.169920 -0.455396 -0.383301
v 0.085021 -0.481701 -0.380808
v 0.142043 -0.419471 -0.397694
v 0.120738 -0.619711 -0.333306
v 0.180815 -0.782402 -0.316324
v 0.106848 -0.650423 -0.301144
v 0.065642 -0.526529 -0.363185
v 0.073298 -0.605848 -0.323191
v 0.246546 -0.471088 -0.369522
v 0.329948 -0.558233 -0.356422
v 0.293524 -0.434279 -0.359953
v 0.182661 -0.397417 -0.395329
v 0.255671 -0.400865 -0.372718
v 0.433420 -0.337298 -0.192909
v 0.449935 -0.297693 -0.105820
v 0.447832 -0.403436 -0.187241
v 0.452301 -0.357334 -0.090898
v 0.378798 -0.163533 -0.206381
v 0.400275 -0.138639 -0.139678
v 0.363072 -0.111780 -0.211247
v 0.381857 -0.093418 -0.151426
v 0.399354 -0.256494 -0.236779
v 0.428149 -0.388833 -0.236339
v 0.387012 -0.301049 -0.274852
v 0.442913 -0.194238 -0.084767
v 0.452589 -0.305144 -0.054675
v 0.441397 -0.205484 -0.040699
v 0.359296 -0.146453 -0.240609
v 0.371978 -0.239183 -0.273727
v 0.395592 -0.104811 -0.113896
v 0.432208 -0.153348 -0.057374
v 0.392199 -0.392667 0.269441
v 0.409855 -0.334405 0.170219
v 0.384843 -0.436468 0.242352
v 0.408478 -0.379585 0.142991
v 0.404420 -0.255927 0.321290
v 0.411200 -0.205412 0.228857
v 0.405156 -0.212598 0.330381
v 0.409741 -0.166184 0.241808
v 0.395028 -0.352904 0.353551
v 0.378754 -0.446337 0.310992
v 0.386565 -0.410006 0.402344
v 0.417486 -0.240595 0.159601
v 0.418280 -0.328222 0.111510
v 0.421795 -0.234279 0.107353
v 0.401568 -0.258074 0.374800
v 0.392460 -0.358332 0.415821
v 0.412809 -0.160280 0.193699
v 0.418493 -0.193955 0.128414
v 0.064379 -0.074018 0.885142
v -0.071222 -0.077190 0.890172
v 0.074385 -0.142787 0.938053
v -0.081039 -0.147064 0.943001
v 0.052695 0.072059 0.750943
v -0.055576 0.069733 0.752782
v 0.048556 0.098800 0.703899
v -0.050824 0.098090 0.705973
v 0.117506 0.011718 0.804972
v 0.129641 -0.108271 0.878880
v 0.174975 -0.017141 0.801906
v -0.119774 0.004275 0.808575
v -0.135942 -0.118874 0.884218
v -0.178727 -0.027259 0.808839
v 0.101463 0.083088 0.716894
v 0.163222 0.025628 0.761346
v -0.103203 0.080155 0.720623
v -0.167086 0.021427 0.769694
v 0.358067 -0.358583 0.732023
v 0.325574 -0.248603 0.762252
v 0.339486 -0.419269 0.772076
v 0.292843 -0.294586 0.809067
v 0.388252 -0.223997 0.571975
v 0.374947 -0.150858 0.601066
v 0.392606 -0.188380 0.518845
v 0.376907 -0.127669 0.546565
v 0.379059 -0.330114 0.639685
v 0.363962 -0.444345 0.744780
v 0.372856 -0.403205 0.655826
v 0.393016 -0.239422 0.526394
v 0.382498 -0.347425 0.591107
v 0.352720 -0.144208 0.700066
v 0.294986 -0.211247 0.805975
v 0.320180 -0.113283 0.736599
v 0.362559 -0.106504 0.583239
v 0.335851 -0.093906 0.677180
v -0.365999 -0.378343 0.721961
v -0.333802 -0.266736 0.768647
v -0.347197 -0.437713 0.775277
v -0.296217 -0.311681 0.813113
v -0.390167 -0.232642 0.559114
v -0.378225 -0.158142 0.602452
v -0.393416 -0.194084 0.509729
v -0.378960 -0.132420 0.548140
v -0.389266 -0.343184 0.607997
v -0.382560 -0.470567 0.718874
v -0.395438 -0.414906 0.598701
v -0.395973 -0.244936 0.508176
v -0.394437 -0.353113 0.548476
v -0.355969 -0.157691 0.707096
v -0.297021 -0.232073 0.810428
v -0.323504 -0.127035 0.746040
v -0.365041 -0.111888 0.588302
v -0.337477 -0.104799 0.685243
v 0.228464 0.089031 0.453679
v 0.223583 0.078032 0.536808
v 0.193956 0.104122 0.461338
v 0.185246 0.095483 0.543390
v 0.317749 0.038936 0.416010
v 0.313532 0.016562 0.489341
v 0.338634 0.023608 0.397628
v 0.335628 -0.001246 0.467349
v 0.279279 0.071929 0.399682
v 0.214907 0.102514 0.418041
v 0.266712 0.087390 0.366553
v 0.330213 0.039929 0.371648
v 0.296639 0.071811 0.356622
v 0.269396 0.035319 0.557220
v 0.199423 0.080379 0.583007
v 0.251300 0.035683 0.609072
v 0.324355 -0.007507 0.515539
v 0.283457 0.010403 0.589514
v -0.228807 0.085597 0.461012
v -0.220615 0.072534 0.541542
v -0.193913 0.101044 0.466849
v -0.185042 0.092480 0.549216
v -0.316524 0.036689 0.425080
v -0.311741 0.014078 0.496906
v -0.336611 0.021741 0.407029
v -0.333457 -0.003993 0.475152
v -0.279629 0.068040 0.408564
v -0.214581 0.098718 0.424186
v -0.267188 0.082323 0.375337
v -0.329655 0.038196 0.381817
v -0.297438 0.066828 0.366644
v -0.268665 0.032273 0.564429
v -0.198247 0.076217 0.588383
v -0.250390 0.031859 0.615674
v -0.322558 -0.010942 0.522772
v -0.282880 0.006204 0.596690
v 0.025915 0.027364 -0.606529
v -0.029425 0.028868 -0.605968
v 0.023646 0.001725 -0.545187
v -0.026407 0.003980 -0.543737
v 0.033042 0.129149 -0.791402
v -0.040802 0.135998 -0.786348
v 0.036960 0.191659 -0.818217
v -0.045923 0.195656 -0.820298
v 0.062686 0.064547 -0.703914
v 0.051660 0.011356 -0.572986
v 0.091880 0.031701 -0.676678
v -0.067864 0.065957 -0.702222
v -0.055049 0.013126 -0.571998
v -0.095757 0.036931 -0.671515
v 0.074099 0.154457 -0.809928
v 0.101342 0.066191 -0.741663
v -0.084545 0.160319 -0.803052
v -0.106296 0.067335 -0.739649
v 0.191884 -0.153333 -0.406286
v 0.151162 -0.059927 -0.422253
v 0.162834 -0.189742 -0.424069
v 0.124333 -0.094174 -0.438499
v 0.272144 -0.055441 -0.355473
v 0.247000 0.012754 -0.415397
v 0.290903 -0.028853 -0.339654
v 0.274778 0.029810 -0.411873
v 0.252923 -0.145489 -0.370459
v 0.195680 -0.218435 -0.408441
v 0.259056 -0.207834 -0.374498
v 0.298080 -0.080122 -0.330317
v 0.287659 -0.170287 -0.354472
v 0.189464 0.004621 -0.467600
v 0.119181 -0.033260 -0.447892
v 0.166813 0.004152 -0.530908
v 0.260006 0.034101 -0.479966
v 0.204952 0.019867 -0.547798
v -0.191025 -0.156659 -0.418406
v -0.155202 -0.061404 -0.436712
v -0.160510 -0.190251 -0.433512
v -0.127432 -0.096468 -0.453254
v -0.268618 -0.065800 -0.362194
v -0.250714 0.002860 -0.418287
v -0.287254 -0.037780 -0.338801
v -0.277415 0.018715 -0.411339
v -0.252231 -0.154571 -0.381375
v -0.193327 -0.221122 -0.418965
v -0.260451 -0.215646 -0.385320
v -0.295136 -0.091713 -0.335572
v -0.286146 -0.180162 -0.360454
v -0.193088 -0.000967 -0.464199
v -0.123708 -0.031908 -0.459222
v -0.170320 0.000531 -0.524571
v -0.262130 0.025023 -0.469659
v -0.209329 0.009120 -0.535340
v 0.305700 0.400390 -0.837274
v 0.241076 0.295481 -0.964011
v 0.264432 0.444374 -0.851716
v 0.214593 0.340767 -0.892777
v 0.382109 0.238905 -0.678832
v 0.366787 0.132444 -0.761211
v 0.369910 0.197725 -0.590442
v 0.373018 0.115776 -0.640572
v 0.370099 0.368530 -0.715523
v 0.302669 0.474346 -0.781246
v 0.349047 0.443505 -0.661433
v 0.365460 0.254684 -0.585685
v 0.357086 0.380274 -0.617135
v 0.283255 0.140948 -0.909857
v 0.204721 0.264874 -0.897972
v 0.235628 0.123945 -0.869575
v 0.337872 0.093785 -0.697124
v 0.280578 0.082397 -0.886001
v -0.333713 0.391425 -0.851870
v -0.262747 0.285117 -0.926281
v -0.256957 0.415988 -0.823629
v -0.231848 0.322707 -0.900757
v -0.375513 0.226519 -0.636248
v -0.376314 0.139632 -0.693818
v -0.363288 0.191369 -0.559100
v -0.351989 0.126659 -0.595604
v -0.368404 0.340506 -0.695195
v -0.315781 0.460328 -0.790572
v -0.349551 0.411785 -0.671094
v -0.361929 0.240982 -0.563462
v -0.355635 0.350899 -0.616600
v -0.295257 0.147204 -0.851361
v -0.230078 0.242868 -0.900217
v -0.271919 0.062468 -0.887111
v -0.337844 0.096618 -0.642522
v -0.299010 0.048000 -0.790525
v 0.376694 0.017311 -0.066156
v 0.383463 -0.013058 -0.047149
v 0.373444 0.027873 -0.107120
v 0.377877 -0.003292 -0.086148
v 0.384551 -0.007916 0.058950
v 0.394008 -0.035764 0.074588
v 0.385113 -0.014226 0.100679
v 0.395102 -0.043300 0.116224
v 0.377820 0.016196 -0.013161
v 0.372782 0.035959 -0.098091
v 0.373299 0.031439 -0.044687
v 0.380325 0.001318 0.072110
v 0.374477 0.022972 -0.000711
v 0.395342 -0.044468 0.020446
v 0.384886 -0.026441 -0.058521
v 0.400262 -0.066018 0.005238
v 0.400334 -0.057932 0.102702
v 0.404092 -0.072331 0.046663
v -0.374263 0.016920 -0.051961
v -0.381890 -0.015472 -0.033434
v -0.370426 0.026195 -0.094174
v -0.376141 -0.007118 -0.073666
v -0.382223 -0.006731 0.074179
v -0.393550 -0.034739 0.090065
v -0.382974 -0.012222 0.115914
v -0.395080 -0.040253 0.130821
v -0.374594 0.016711 0.001708
v -0.368655 0.035784 -0.084280
v -0.368987 0.033077 -0.029077
v -0.378224 0.002874 0.087016
v -0.371152 0.024343 0.014099
v -0.395531 -0.044463 0.035352
v -0.383147 -0.029991 -0.045478
v -0.400406 -0.067086 0.018663
v -0.400904 -0.056745 0.117273
v -0.404591 -0.071953 0.060393
v -0.129466 0.264743 -0.119816
v -0.148791 0.245758 -0.067151
v -0.168850 0.474356 -0.232289
v -0.196050 0.516407 -0.290325
v -0.118801 0.257339 -0.066671
v -0.162906 0.552089 -0.269808
v -0.241278 0.174682 0.029107
v -0.262385 0.158317 0.024142
v -0.262174 0.149775 0.075547
v -0.321392 0.503667 -0.410566
v -0.302624 0.407473 -0.341583
v -0.351101 0.513996 -0.387749
v -0.290638 0.180511 -0.142564
v -0.294048 0.158709 -0.091379
v -0.307669 0.144164 -0.098382
v 0.136978 0.265208 -0.122711
v 0.154260 0.248016 -0.070403
v 0.167070 0.472752 -0.236529
v 0.187676 0.513793 -0.285072
v 0.126610 0.256030 -0.070704
v 0.163827 0.555347 -0.273418
v 0.238506 0.183926 0.021414
v 0.258926 0.168900 0.015770
v 0.257148 0.160531 0.064242
v 0.268413 0.442162 -0.347004
v 0.269345 0.374366 -0.319669
v 0.293913 0.442320 -0.373051
v 0.286068 0.191982 -0.147674
v 0.289961 0.170331 -0.097550
v 0.304411 0.155624 -0.107818
v -0.215865 -0.673557 0.098394
v -0.237212 -0.661683 0.158932
v -0.186764 -0.950814 -0.099951
v -0.263289 -0.995461 -0.229723
v -0.193608 -0.683438 0.171586
v -0.157034 -0.903483 -0.210627
v -0.336018 -0.550482 0.224191
v -0.360708 -0.510634 0.200522
v -0.349013 -0.515587 0.261896
v -0.439154 -0.635700 -0.267920
v -0.452963 -0.551030 -0.213387
v -0.435279 -0.539730 -0.270839
v -0.432462 -0.421785 -0.010163
v -0.420923 -0.420989 0.043032
v -0.431835 -0.369788 0.022486
v 0.198320 -0.677789 0.127956
v 0.219725 -0.673745 0.202061
v 0.175448 -0.951426 -0.120762
v 0.270283 -0.940268 -0.239743
v 0.176398 -0.700922 0.210415
v 0.149537 -0.922767 -0.249234
v 0.328581 -0.568604 0.280978
v 0.354713 -0.525394 0.245607
v 0.345317 -0.537279 0.322692
v 0.434723 -0.619969 -0.287727
v 0.444979 -0.542689 -0.228732
v 0.420633 -0.526768 -0.285859
v 0.431312 -0.420904 -0.012024
v 0.418077 -0.423027 0.049171
v 0.430536 -0.369543 0.022824
v -0.057626 -0.716734 0.700231
v 0.022202 -0.679779 0.709992
v -0.368895 -0.785107 0.811659
v -0.331906 -0.617255 0.822831
v -0.019662 -0.695757 0.654733
v -0.379790 -0.686627 0.781229
v 0.298648 -0.714851 0.851982
v 0.318782 -0.594188 0.825318
v 0.378390 -0.656480 0.771420
v 0.129153 -0.264174 0.894648
v 0.192064 -0.301405 0.876487
v -0.132113 -0.275597 0.893111
v -0.192193 -0.315955 0.869449
v 0.193596 -0.217620 0.875680
v -0.195281 -0.236468 0.872732
v -0.019782 0.161014 0.315510
v 0.019554 0.160855 0.314463
v -0.128740 0.132957 0.392667
v -0.143455 0.123732 0.431018
v 0.000243 0.175169 0.272961
v -0.165229 0.123280 0.390843
v 0.127400 0.134397 0.387703
v 0.142208 0.125250 0.426370
v 0.163921 0.126008 0.384679
v 0.084756 0.119512 0.626385
v 0.118564 0.118418 0.588892
v -0.085987 0.119608 0.629519
v -0.121139 0.120278 0.594660
v 0.130255 0.105984 0.632268
v -0.131537 0.104439 0.636955
v -0.016340 -0.449967 -0.394596
v 0.022982 -0.449989 -0.394988
v -0.117313 -0.340765 -0.428070
v -0.124198 -0.287102 -0.441529
v 0.001758 -0.488471 -0.378014
v -0.154667 -0.314327 -0.423183
v 0.127732 -0.338811 -0.429347
v 0.135789 -0.290723 -0.443766
v 0.163213 -0.314290 -0.424205
v 0.048096 -0.069784 -0.491362
v 0.072088 -0.097935 -0.470042
v -0.046875 -0.069928 -0.494270
v -0.072265 -0.099444 -0.479934
v 0.069299 -0.037690 -0.486195
v -0.072153 -0.038880 -0.492570
v -0.040005 0.793304 -0.709100
v 0.051599 0.793044 -0.710605
v -0.221976 0.643537 -0.790367
v -0.225321 0.567173 -0.823183
v 0.004538 0.828765 -0.658887
v -0.263280 0.589839 -0.764885
v 0.253365 0.653553 -0.777094
v 0.238990 0.563347 -0.806798
v 0.287675 0.602525 -0.763283
v 0.086195 0.299560 -0.836609
v 0.131488 0.335333 -0.845443
v -0.094861 0.296555 -0.837834
v -0.144482 0.331033 -0.851225
v 0.131110 0.265117 -0.835987
v -0.139076 0.256537 -0.843011
v 0.352613 0.167469 -0.398024
v 0.356781 0.171058 -0.452612
v 0.363546 0.082290 -0.218264
v 0.367399 0.060024 -0.181704
v 0.350878 0.207829 -0.452217
v 0.365536 0.068226 -0.175487
v 0.334375 -0.044071 -0.249496
v 0.324422 -0.025313 -0.286805
v 0.365585 -0.024906 -0.146275
v 0.369178 -0.005496 -0.133585
v 0.333952 -0.072360 -0.277759
v 0.374712 -0.034469 -0.108854
v 0.313872 0.064937 -0.453439
v 0.331576 0.086083 -0.502684
v 0.309497 0.069581 -0.532443
v 0.360079 0.014475 0.289703
v 0.357433 0.012124 0.333271
v 0.375333 -0.000039 0.170890
v 0.380095 -0.009855 0.156263
v 0.350565 0.026962 0.308529
v 0.375270 0.004438 0.128807
v 0.403206 -0.169480 0.382329
v 0.400837 -0.163638 0.426188
v 0.406679 -0.092889 0.218370
v 0.401095 -0.067594 0.186980
v 0.400314 -0.208469 0.428111
v 0.407410 -0.087817 0.174797
v 0.371158 -0.072120 0.480415
v 0.361897 -0.042732 0.462915
v 0.355658 -0.055310 0.511154
v -0.351616 0.161604 -0.385832
v -0.355160 0.164748 -0.436713
v -0.357381 0.081449 -0.205953
v -0.362882 0.058310 -0.169484
v -0.351107 0.199976 -0.439871
v -0.359634 0.068635 -0.162130
v -0.338988 -0.053654 -0.249980
v -0.323947 -0.036403 -0.286603
v -0.371328 -0.031755 -0.139553
v -0.369740 -0.011922 -0.124300
v -0.331523 -0.083895 -0.278278
v -0.378254 -0.040339 -0.100225
v -0.311101 0.056760 -0.441066
v -0.325652 0.082084 -0.479985
v -0.305671 0.064667 -0.507509
v -0.359830 0.014242 0.301141
v -0.355652 0.011043 0.343306
v -0.373998 0.001757 0.184362
v -0.378838 -0.007395 0.170289
v -0.350794 0.025857 0.320033
v -0.374336 0.005782 0.142826
v -0.403815 -0.170552 0.376468
v -0.400624 -0.166960 0.420293
v -0.405528 -0.093478 0.228120
v -0.400824 -0.065894 0.199781
v -0.403339 -0.208182 0.415721
v -0.407422 -0.088826 0.185983
v -0.370530 -0.074687 0.485909
v -0.360508 -0.045319 0.469972
v -0.355209 -0.058661 0.517693
v -0.015870 0.246981 0.035827
v 0.024305 0.246266 0.035029
v 0.003086 0.234546 0.087311
v -0.025859 0.762073 -0.337213
v 0.039087 0.764664 -0.345543
v 0.010935 0.802949 -0.407940
v -0.286956 0.097534 0.255506
v -0.271890 0.096826 0.298566
v -0.302214 0.080200 0.292195
v -0.345845 0.486416 -0.512658
v -0.344337 0.485266 -0.576982
v -0.342026 0.417047 -0.530579
v -0.355445 0.059271 -0.038503
v -0.359100 0.053972 -0.050531
v -0.362035 0.044893 -0.004870
v 0.281786 0.104217 0.242550
v 0.268840 0.102773 0.287545
v 0.298754 0.087484 0.280285
v 0.369757 0.572806 -0.437532
v 0.362037 0.546332 -0.530977
v 0.342378 0.465339 -0.492751
v 0.359030 0.059783 -0.053673
v 0.363912 0.053174 -0.066304
v 0.365172 0.044588 -0.020118
v -0.041322 -0.712932 0.341487
v 0.014319 -0.716403 0.353405
v -0.013112 -0.720804 0.416552
v -0.031855 -0.643915 -0.258392
v 0.027928 -0.641958 -0.257938
v -0.000888 -0.625293 -0.290289
v -0.375692 -0.464921 0.448968
v -0.382635 -0.480926 0.512256
v -0.388711 -0.412046 0.471666
v -0.340011 -0.327604 -0.337702
v -0.302111 -0.303286 -0.364201
v -0.334919 -0.263277 -0.341136
v -0.428043 -0.178740 0.040004
v -0.420448 -0.133711 0.019936
v -0.419360 -0.142079 0.063065
v 0.379658 -0.484339 0.532238
v 0.376381 -0.489541 0.606548
v 0.383082 -0.419510 0.537720
v 0.336890 -0.319964 -0.340617
v 0.297616 -0.296805 -0.359624
v 0.331276 -0.256116 -0.340070
v 0.426473 -0.177413 0.032012
v 0.418456 -0.132577 0.009374
v 0.418196 -0.141083 0.053947
v 0.263371 -0.031939 0.735787
v 0.245735 0.005759 0.699438
v 0.282722 -0.024745 0.676685
v -0.264450 -0.042552 0.743739
v -0.247221 -0.000395 0.707953
v -0.285284 -0.031599 0.686008
v 0.156736 -0.004834 -0.676594
v 0.175915 0.001076 -0.760065
v 0.196978 0.019422 -0.723094
v -0.159628 0.001463 -0.666950
v -0.178387 0.019730 -0.761313
v -0.207713 0.000096 -0.693775
f 1 647 644
f 1 644 643
f 1 643 645
f 1 645 646
f 1 646 647
f 2 649 652
f 6 672 670
f 12 702 699
f 11 696 695
f 8 679 681
f 4 662 659
f 4 659 658
f 4 658 660
f 4 660 661
f 4 661 662
f 5 666 665
f 3 654 657
f 7 673 677
f 9 685 686
f 10 692 688
f 12 701 698
f 6 669 668
f 2 650 648
f 8 682 678
f 11 697 693
f 6 671 669
f 12 700 701
f 11 694 697
f 8 680 682
f 2 651 650
f 10 690 689
f 5 663 664
f 3 655 653
f 7 676 674
f 9 687 684
f 10 691 690
f 5 667 663
f 3 656 655
f 7 675 676
f 9 683 687
f 6 668 672
f 2 648 649
f 8 678 679
f 11 693 696
f 12 698 702
f 10 688 691
f 5 665 667
f 3 657 656
f 7 677 675
f 9 686 683
f 5 664 666
f 3 653 654
f 7 674 673
f 9 684 685
f 10 689 692
f 6 670 671
f 12 699 700
f 11 695 694
f 8 681 680
f 2 652 651
f 35 837 838
f 18 735 736
f 19 742 741
f 40 868 867
f 42 880 879
f 34 832 831
f 33 827 828
f 25 778 780
f 36 844 846
f 20 749 747
f 32 819 820
f 23 765 767
f 24 773 771
f 37 850 849
f 41 876 875
f 34 833 834
f 33 826 825
f 25 779 777
f 36 845 843
f 20 748 750
f 17 729 727
f 14 711 709
f 13 706 703
f 15 718 715
f 16 724 721
f 18 737 733
f 35 839 835
f 42 882 878
f 40 870 866
f 19 744 740
f 30 807 805
f 27 789 787
f 22 762 758
f 28 797 793
f 29 802 799
f 32 821 817
f 23 766 763
f 24 774 770
f 37 852 848
f 41 874 872
f 35 838 836
f 18 736 734
f 19 741 739
f 40 867 865
f 42 879 877
f 34 831 829
f 33 828 824
f 25 780 776
f 36 846 842
f 20 747 745
f 32 820 818
f 23 767 764
f 24 771 769
f 37 849 847
f 41 875 871
f 34 834 830
f 33 825 823
f 25 777 775
f 36 843 841
f 20 750 746
f 14 714 710
f 13 707 704
f 15 719 716
f 16 725 722
f 17 732 728
f 21 755 752
f 31 814 811
f 26 784 781
f 38 857 853
f 39 862 860
f 27 792 788
f 22 759 757
f 28 796 794
f 29 803 800
f 30 810 806
f 31 815 812
f 26 785 782
f 38 856 854
f 39 863 859
f 21 754 751
f 14 712 714
f 13 705 707
f 15 717 719
f 16 723 725
f 17 730 732
f 21 753 755
f 31 816 814
f 26 786 784
f 38 858 857
f 39 861 862
f 27 791 792
f 22 761 759
f 28 795 796
f 29 801 803
f 30 808 810
f 31 813 815
f 26 783 785
f 38 855 856
f 39 864 863
f 21 756 754
f 14 709 712
f 13 703 705
f 15 715 717
f 16 721 723
f 17 727 730
f 21 751 753
f 31 812 816
f 26 782 786
f 38 854 858
f 39 859 861
f 27 787 791
f 22 758 761
f 28 793 795
f 29 799 801
f 30 805 808
f 31 811 813
f 26 781 783
f 38 853 855
f 39 860 864
f 21 752 756
f 17 728 731
f 14 710 713
f 13 704 708
f 15 716 720
f 16 722 726
f 18 734 738
f 35 836 840
f 42 877 881
f 40 865 869
f 19 739 743
f 30 806 809
f 27 788 790
f 22 757 760
f 28 794 798
f 29 800 804
f 32 818 822
f 23 764 768
f 24 769 772
f 37 847 851
f 41 871 873
f 35 835 837
f 18 733 735
f 19 740 742
f 40 866 868
f 42 878 880
f 34 830 832
f 33 823 827
f 25 775 778
f 36 841 844
f 20 746 749
f 32 817 819
f 23 763 765
f 24 770 773
f 37 848 850
f 41 872 876
f 34 829 833
f 33 824 826
f 25 776 779
f 36 842 845
f 20 745 748
f 17 731 729
f 14 713 711
f 13 708 706
f 15 720 718
f 16 726 724
f 18 738 737
f 35 840 839
f 42 881 882
f 40 869 870
f 19 743 744
f 30 809 807
f 27 790 789
f 22 760 762
f 28 798 797
f 29 804 802
f 32 822 821
f 23 768 766
f 24 772 774
f 37 851 852
f 41 873 874
f 107 1269 1270
f 103 1245 1246
f 104 1252 1251
f 110 1288 1287
f 113 1306 1305
f 118 1336 1335
f 154 1551 1552
f 141 1473 1474
f 162 1599 1600
f 121 1354 1353
f 142 1479 1480
f 129 1401 1402
f 130 1408 1407
f 144 1492 1491
f 146 1504 1503
f 151 1533 1534
f 131 1414 1413
f 136 1444 1443
f 161 1594 1593
f 126 1383 1384
f 116 1323 1324
f 108 1275 1276
f 106 1263 1264
f 112 1299 1300
f 115 1317 1318
f 119 1341 1342
f 156 1564 1563
f 139 1462 1461
f 160 1588 1587
f 120 1347 1348
f 149 1521 1522
f 132 1420 1419
f 128 1395 1396
f 145 1497 1498
f 148 1515 1516
f 155 1557 1558
f 133 1425 1426
f 134 1431 1432
f 157 1570 1569
f 124 1372 1371
f 109 1282 1281
f 105 1258 1257
f 111 1294 1293
f 114 1312 1311
f 117 1330 1329
f 125 1378 1377
f 152 1540 1539
f 137 1449 1450
f 158 1575 1576
f 123 1365 1366
f 143 1486 1485
f 127 1390 1389
f 135 1437 1438
f 147 1510 1509
f 150 1528 1527
f 153 1546 1545
f 140 1468 1467
f 138 1455 1456
f 159 1581 1582
f 122 1359 1360
f 107 1272 1271
f 103 1248 1247
f 104 1253 1254
f 110 1289 1290
f 113 1307 1308
f 118 1337 1338
f 154 1554 1553
f 141 1476 1475
f 162 1602 1601
f 121 1355 1356
f 142 1482 1481
f 129 1404 1403
f 130 1409 1410
f 144 1493 1494
f 146 1505 1506
f 151 1536 1535
f 131 1415 1416
f 136 1445 1446
f 161 1595 1596
f 126 1386 1385
f 47 909 907
f 44 891 889
f 43 886 883
f 45 898 895
f 46 904 901
f 49 922 919
f 72 1060 1057
f 102 1240 1237
f 96 1204 1201
f 79 1102 1099
f 62 999 997
f 59 981 979
f 58 976 973
f 60 988 985
f 61 994 991
f 66 1024 1021
f 54 952 949
f 73 1066 1063
f 85 1138 1135
f 92 1179 1177
f 101 1233 1231
f 69 1041 1039
f 50 927 925
f 82 1119 1117
f 97 1209 1207
f 71 1053 1051
f 100 1228 1225
f 94 1192 1189
f 80 1108 1105
f 51 933 931
f 90 1167 1165
f 63 1005 1003
f 55 957 955
f 76 1083 1081
f 87 1150 1147
f 91 1174 1171
f 67 1029 1027
f 56 963 961
f 75 1077 1075
f 83 1126 1123
f 68 1036 1033
f 48 915 913
f 78 1095 1093
f 93 1185 1183
f 98 1216 1213
f 88 1155 1153
f 65 1018 1015
f 57 970 967
f 77 1090 1087
f 86 1143 1141
f 64 1012 1009
f 53 945 943
f 74 1071 1069
f 84 1131 1129
f 89 1162 1159
f 70 1047 1045
f 99 1221 1219
f 95 1197 1195
f 81 1114 1111
f 52 940 937
f 109 1284 1280
f 105 1260 1256
f 111 1296 1292
f 114 1314 1310
f 117 1332 1328
f 125 1380 1376
f 152 1542 1538
f 137 1451 1447
f 158 1577 1573
f 123 1367 1363
f 143 1488 1484
f 127 1392 1388
f 135 1439 1435
f 147 1512 1508
f 150 1530 1526
f 153 1548 1544
f 140 1470 1466
f 138 1457 1453
f 159 1583 1579
f 122 1361 1357
f 107 1270 1268
f 103 1246 1244
f 104 1251 1249
f 110 1287 1285
f 113 1305 1303
f 118 1335 1333
f 154 1552 1550
f 141 1474 1472
f 162 1600 1598
f 121 1353 1351
f 142 1480 1478
f 129 1402 1400
f 130 1407 1405
f 144 1491 1489
f 146 1503 1501
f 151 1534 1532
f 131 1413 1411
f 136 1443 1441
f 161 1593 1591
f 126 1384 1382
f 116 1324 1322
f 108 1276 1274
f 106 1264 1262
f 112 1300 1298
f 115 1318 1316
f 119 1342 1340
f 156 1563 1561
f 139 1461 1459
f 160 1587 1585
f 120 1348 1346
f 149 1522 1520
f 132 1419 1417
f 128 1396 1394
f 145 1498 1496
f 148 1516 1514
f 155 1558 1556
f 133 1426 1424
f 134 1432 1430
f 157 1569 1567
f 124 1371 1369
f 109 1281 1279
f 105 1257 1255
f 111 1293 1291
f 114 1311 1309
f 117 1329 1327
f 125 1377 1375
f 152 1539 1537
f 137 1450 1448
f 158 1576 1574
f 123 1366 1364
f 143 1485 1483
f 127 1389 1387
f 135 1438 1436
f 147 1509 1507
f 150 1527 1525
f 153 1545 1543
f 140 1467 1465
f 138 1456 1454
f 159 1582 1580
f 122 1360 1358
f 107 1271 1267
f 103 1247 1243
f 104 1254 1250
f 110 1290 1286
f 113 1308 1304
f 118 1338 1334
f 154 1553 1549
f 141 1475 1471
f 162 1601 1597
f 121 1356 1352
f 142 1481 1477
f 129 1403 1399
f 130 1410 1406
f 144 1494 1490
f 146 1506 1502
f 151 1535 1531
f 131 1416 1412
f 136 1446 1442
f 161 1596 1592
f 126 1385 1381
f 44 894 890
f 43 887 884
f 45 899 896
f 46 905 902
f 47 912 908
f 52 941 938
f 70 1050 1046
f 99 1224 1220
f 95 1200 1196
f 81 1115 1112
f 59 984 980
f 58 977 974
f 60 989 986
f 61 995 992
f 62 1002 998
f 65 1019 1016
f 57 971 968
f 77 1091 1088
f 86 1146 1142
f 88 1158 1154
f 98 1217 1214
f 68 1037 1034
f 48 918 914
f 78 1098 1094
f 93 1188 1184
f 69 1044 1040
f 101 1236 1232
f 97 1212 1208
f 82 1122 1118
f 50 930 926
f 89 1163 1160
f 64 1013 1010
f 53 948 944
f 74 1074 1070
f 84 1134 1130
f 90 1170 1166
f 63 1008 1004
f 55 960 956
f 76 1086 1082
f 87 1151 1148
f 72 1061 1058
f 49 923 920
f 79 1103 1100
f 96 1205 1202
f 102 1241 1238
f 91 1175 1172
f 67 1032 1028
f 56 966 962
f 75 1080 1076
f 83 1127 1124
f 66 1025 1022
f 54 953 950
f 73 1067 1064
f 85 1139 1136
f 92 1182 1178
f 71 1056 1052
f 100 1229 1226
f 94 1193 1190
f 80 1109 1106
f 51 936 932
f 116 1325 1321
f 108 1277 1273
f 106 1265 1261
f 112 1301 1297
f 115 1319 1315
f 119 1343 1339
f 156 1566 1562
f 139 1464 1460
f 160 1590 1586
f 120 1349 1345
f 149 1523 1519
f 132 1422 1418
f 128 1397 1393
f 145 1499 1495
f 148 1517 1513
f 155 1559 1555
f 133 1427 1423
f 134 1433 1429
f 157 1572 1568
f 124 1374 1370
f 44 892 894
f 43 885 887
f 45 897 899
f 46 903 905
f 47 910 912
f 52 939 941
f 70 1048 1050
f 99 1222 1224
f 95 1198 1200
f 81 1113 1115
f 59 982 984
f 58 975 977
f 60 987 989
f 61 993 995
f 62 1000 1002
f 65 1017 1019
f 57 969 971
f 77 1089 1091
f 86 1144 1146
f 88 1156 1158
f 98 1215 1217
f 68 1035 1037
f 48 916 918
f 78 1096 1098
f 93 1186 1188
f 69 1042 1044
f 101 1234 1236
f 97 1210 1212
f 82 1120 1122
f 50 928 930
f 89 1161 1163
f 64 1011 1013
f 53 946 948
f 74 1072 1074
f 84 1132 1134
f 90 1168 1170
f 63 1006 1008
f 55 958 960
f 76 1084 1086
f 87 1149 1151
f 72 1059 1061
f 49 921 923
f 79 1101 1103
f 96 1203 1205
f 102 1239 1241
f 91 1173 1175
f 67 1030 1032
f 56 964 966
f 75 1078 1080
f 83 1125 1127
f 66 1023 1025
f 54 951 953
f 73 1065 1067
f 85 1137 1139
f 92 1180 1182
f 71 1054 1056
f 100 1227 1229
f 94 1191 1193
f 80 1107 1109
f 51 934 936
f 116 1326 1325
f 108 1278 1277
f 106 1266 1265
f 112 1302 1301
f 115 1320 1319
f 119 1344 1343
f 156 1565 1566
f 139 1463 1464
f 160 1589 1590
f 120 1350 1349
f 149 1524 1523
f 132 1421 1422
f 128 1398 1397
f 145 1500 1499
f 148 1518 1517
f 155 1560 1559
f 133 1428 1427
f 134 1434 1433
f 157 1571 1572
f 124 1373 1374
f 44 889 892
f 43 883 885
f 45 895 897
f 46 901 903
f 47 907 910
f 52 937 939
f 70 1045 1048
f 99 1219 1222
f 95 1195 1198
f 81 1111 1113
f 59 979 982
f 58 973 975
f 60 985 987
f 61 991 993
f 62 997 1000
f 65 1015 1017
f 57 967 969
f 77 1087 1089
f 86 1141 1144
f 88 1153 1156
f 98 1213 1215
f 68 1033 1035
f 48 913 916
f 78 1093 1096
f 93 1183 1186
f 69 1039 1042
f 101 1231 1234
f 97 1207 1210
f 82 1117 1120
f 50 925 928
f 89 1159 1161
f 64 1009 1011
f 53 943 946
f 74 1069 1072
f 84 1129 1132
f 90 1165 1168
f 63 1003 1006
f 55 955 958
f 76 1081 1084
f 87 1147 1149
f 72 1057 1059
f 49 919 921
f 79 1099 1101
f 96 1201 1203
f 102 1237 1239
f 91 1171 1173
f 67 1027 1030
f 56 961 964
f 75 1075 1078
f 83 1123 1125
f 66 1021 1023
f 54 949 951
f 73 1063 1065
f 85 1135 1137
f 92 1177 1180
f 71 1051 1054
f 100 1225 1227
f 94 1189 1191
f 80 1105 1107
f 51 931 934
f 116 1322 1326
f 108 1274 1278
f 106 1262 1266
f 112 1298 1302
f 115 1316 1320
f 119 1340 1344
f 156 1561 1565
f 139 1459 1463
f 160 1585 1589
f 120 1346 1350
f 149 1520 1524
f 132 1417 1421
f 128 1394 1398
f 145 1496 1500
f 148 1514 1518
f 155 1556 1560
f 133 1424 1428
f 134 1430 1434
f 157 1567 1571
f 124 1369 1373
f 47 908 911
f 44 890 893
f 43 884 888
f 45 896 900
f 46 902 906
f 49 920 924
f 72 1058 1062
f 102 1238 1242
f 96 1202 1206
f 79 1100 1104
f 62 998 1001
f 59 980 983
f 58 974 978
f 60 986 990
f 61 992 996
f 66 1022 1026
f 54 950 954
f 73 1064 1068
f 85 1136 1140
f 92 1178 1181
f 101 1232 1235
f 69 1040 1043
f 50 926 929
f 82 1118 1121
f 97 1208 1211
f 71 1052 1055
f 100 1226 1230
f 94 1190 1194
f 80 1106 1110
f 51 932 935
f 90 1166 1169
f 63 1004 1007
f 55 956 959
f 76 1082 1085
f 87 1148 1152
f 91 1172 1176
f 67 1028 1031
f 56 962 965
f 75 1076 1079
f 83 1124 1128
f 68 1034 1038
f 48 914 917
f 78 1094 1097
f 93 1184 1187
f 98 1214 1218
f 88 1154 1157
f 65 1016 1020
f 57 968 972
f 77 1088 1092
f 86 1142 1145
f 64 1010 1014
f 53 944 947
f 74 1070 1073
f 84 1130 1133
f 89 1160 1164
f 70 1046 1049
f 99 1220 1223
f 95 1196 1199
f 81 1112 1116
f 52 938 942
f 109 1279 1283
f 105 1255 1259
f 111 1291 1295
f 114 1309 1313
f 117 1327 1331
f 125 1375 1379
f 152 1537 1541
f 137 1448 1452
f 158 1574 1578
f 123 1364 1368
f 143 1483 1487
f 127 1387 1391
f 135 1436 1440
f 147 1507 1511
f 150 1525 1529
f 153 1543 1547
f 140 1465 1469
f 138 1454 1458
f 159 1580 1584
f 122 1358 1362
f 107 1267 1269
f 103 1243 1245
f 104 1250 1252
f 110 1286 1288
f 113 1304 1306
f 118 1334 1336
f 154 1549 1551
f 141 1471 1473
f 162 1597 1599
f 121 1352 1354
f 142 1477 1479
f 129 1399 1401
f 130 1406 1408
f 144 1490 1492
f 146 1502 1504
f 151 1531 1533
f 131 1412 1414
f 136 1442 1444
f 161 1592 1594
f 126 1381 1383
f 116 1321 1323
f 108 1273 1275
f 106 1261 1263
f 112 1297 1299
f 115 1315 1317
f 119 1339 1341
f 156 1562 1564
f 139 1460 1462
f 160 1586 1588
f 120 1345 1347
f 149 1519 1521
f 132 1418 1420
f 128 1393 1395
f 145 1495 1497
f 148 1513 1515
f 155 1555 1557
f 133 1423 1425
f 134 1429 1431
f 157 1568 1570
f 124 1370 1372
f 109 1280 1282
f 105 1256 1258
f 111 1292 1294
f 114 1310 1312
f 117 1328 1330
f 125 1376 1378
f 152 1538 1540
f 137 1447 1449
f 158 1573 1575
f 123 1363 1365
f 143 1484 1486
f 127 1388 1390
f 135 1435 1437
f 147 1508 1510
f 150 1526 1528
f 153 1544 1546
f 140 1466 1468
f 138 1453 1455
f 159 1579 1581
f 122 1357 1359
f 107 1268 1272
f 103 1244 1248
f 104 1249 1253
f 110 1285 1289
f 113 1303 1307
f 118 1333 1337
f 154 1550 1554
f 141 1472 1476
f 162 1598 1602
f 121 1351 1355
f 142 1478 1482
f 129 1400 1404
f 130 1405 1409
f 144 1489 1493
f 146 1501 1505
f 151 1532 1536
f 131 1411 1415
f 136 1441 1445
f 161 1591 1595
f 126 1382 1386
f 47 911 909
f 44 893 891
f 43 888 886
f 45 900 898
f 46 906 904
f 49 924 922
f 72 1062 1060
f 102 1242 1240
f 96 1206 1204
f 79 1104 1102
f 62 1001 999
f 59 983 981
f 58 978 976
f 60 990 988
f 61 996 994
f 66 1026 1024
f 54 954 952
f 73 1068 1066
f 85 1140 1138
f 92 1181 1179
f 101 1235 1233
f 69 1043 1041
f 50 929 927
f 82 1121 1119
f 97 1211 1209
f 71 1055 1053
f 100 1230 1228
f 94 1194 1192
f 80 1110 1108
f 51 935 933
f 90 1169 1167
f 63 1007 1005
f 55 959 957
f 76 1085 1083
f 87 1152 1150
f 91 1176 1174
f 67 1031 1029
f 56 965 963
f 75 1079 1077
f 83 1128 1126
f 68 1038 1036
f 48 917 915
f 78 1097 1095
f 93 1187 1185
f 98 1218 1216
f 88 1157 1155
f 65 1020 1018
f 57 972 970
f 77 1092 1090
f 86 1145 1143
f 64 1014 1012
f 53 947 945
f 74 1073 1071
f 84 1133 1131
f 89 1164 1162
f 70 1049 1047
f 99 1223 1221
f 95 1199 1197
f 81 1116 1114
f 52 942 940
f 109 1283 1284
f 105 1259 1260
f 111 1295 1296
f 114 1313 1314
f 117 1331 1332
f 125 1379 1380
f 152 1541 1542
f 137 1452 1451
f 158 1578 1577
f 123 1368 1367
f 143 1487 1488
f 127 1391 1392
f 135 1440 1439
f 147 1511 1512
f 150 1529 1530
f 153 1547 1548
f 140 1469 1470
f 138 1458 1457
f 159 1584 1583
f 122 1362 1361
f 407 1609 1616
f 403 1605 1608
f 404 1611 1606
f 410 1614 1612
f 413 1617 1615
f 422 1631 1624
f 486 1688 1692
f 573 1775 1782
f 561 1763 1765
f 512 1719 1714
f 452 1654 1661
f 448 1650 1653
f 449 1656 1651
f 455 1659 1657
f 458 1662 1660
f 470 1672 1675
f 437 1646 1639
f 494 1706 1696
f 531 1735 1733
f 539 1741 1751
f 568 1770 1779
f 478 1680 1683
f 419 1621 1626
f 509 1711 1721
f 554 1756 1766
f 482 1684 1689
f 576 1780 1778
f 558 1767 1760
f 516 1722 1718
f 425 1627 1629
f 542 1744 1747
f 463 1668 1665
f 434 1636 1641
f 497 1699 1704
f 528 1730 1737
f 546 1748 1750
f 464 1666 1676
f 440 1642 1644
f 500 1705 1702
f 524 1736 1726
f 479 1691 1681
f 418 1623 1620
f 508 1713 1710
f 553 1764 1755
f 569 1781 1771
f 538 1749 1740
f 471 1677 1673
f 443 1645 1647
f 501 1703 1707
f 523 1725 1734
f 467 1674 1669
f 433 1638 1635
f 493 1695 1698
f 527 1732 1729
f 543 1752 1745
f 485 1690 1687
f 572 1777 1774
f 557 1759 1762
f 515 1717 1720
f 428 1630 1632
f 591 2191 2189
f 587 1885 1883
f 588 1901 1903
f 594 2279 2281
f 597 2315 2317
f 600 2171 2173
f 634 2160 2158
f 619 2016 2012
f 639 2214 2210
f 602 1919 1924
f 624 2137 2135
f 608 1978 1973
f 610 1991 1996
f 627 2225 2227
f 630 2302 2304
f 635 2178 2176
f 615 2153 2155
f 617 2009 2014
f 637 2207 2212
f 604 1926 1922
f 416 1857 1864
f 408 1803 1810
f 406 1786 1795
f 412 1822 1831
f 415 1840 1849
f 424 1876 1887
f 492 2182 2193
f 582 2312 2321
f 565 2276 2285
f 514 1898 1907
f 461 2091 2098
f 453 2037 2044
f 451 1952 1961
f 457 2056 2067
f 460 2074 2083
f 475 2128 2139
f 439 1966 1975
f 496 1988 1997
f 533 2222 2231
f 551 2293 2298
f 579 2185 2190
f 483 1879 1884
f 426 1893 1900
f 521 2271 2278
f 566 2307 2314
f 489 2163 2170
f 578 2150 2159
f 560 2006 2015
f 518 2204 2213
f 429 1911 1918
f 547 2131 2136
f 465 1969 1977
f 441 1983 1990
f 504 2217 2224
f 537 2290 2301
f 550 2168 2177
f 476 2145 2152
f 444 2001 2008
f 502 2199 2206
f 526 1916 1925
f 481 1808 1817
f 420 1789 1797
f 510 1825 1833
f 555 1843 1851
f 571 1862 1871
f 540 1933 1941
f 473 2110 2119
f 447 2020 2029
f 507 2236 2247
f 534 2257 2262
f 469 2042 2051
f 435 1947 1954
f 498 2059 2064
f 529 2077 2085
f 545 2096 2105
f 487 2113 2121
f 574 2023 2031
f 562 2239 2244
f 520 2254 2265
f 432 1930 1939
f 589 1818 1814
f 583 1798 1793
f 586 1834 1829
f 593 1852 1847
f 596 1872 1868
f 599 1942 1937
f 633 2120 2124
f 620 2030 2034
f 640 2248 2250
f 603 2263 2261
f 622 2052 2050
f 607 1955 1960
f 612 2065 2063
f 626 2086 2081
f 629 2106 2102
f 631 2122 2117
f 614 2032 2027
f 618 2245 2243
f 641 2266 2268
f 605 1940 1944
f 409 1813 1804
f 405 1792 1785
f 411 1828 1821
f 414 1846 1839
f 417 1867 1858
f 431 1936 1929
f 488 2123 2114
f 575 2033 2024
f 563 2249 2240
f 519 2260 2253
f 454 2049 2038
f 450 1959 1951
f 456 2062 2055
f 459 2080 2073
f 462 2101 2092
f 472 2116 2109
f 446 2026 2019
f 506 2242 2235
f 535 2267 2258
f 541 1943 1934
f 570 1869 1861
f 480 1815 1807
f 421 1799 1790
f 511 1835 1826
f 556 1853 1844
f 484 1889 1880
f 580 2195 2186
f 567 2319 2308
f 522 2283 2272
f 427 1905 1894
f 544 2103 2095
f 468 2046 2041
f 436 1957 1948
f 499 2069 2060
f 530 2087 2078
f 548 2141 2132
f 466 1979 1970
f 442 1993 1984
f 505 2229 2218
f 536 2296 2289
f 491 2188 2181
f 423 1882 1875
f 513 1902 1897
f 564 2280 2275
f 581 2316 2311
f 549 2172 2167
f 477 2157 2146
f 445 2011 2002
f 503 2209 2200
f 525 1923 1915
f 474 2134 2127
f 438 1972 1965
f 495 1995 1987
f 532 2226 2221
f 552 2303 2294
f 490 2175 2164
f 577 2154 2149
f 559 2013 2005
f 517 2211 2203
f 430 1921 1912
f 590 1865 1870
f 584 1811 1816
f 585 1796 1800
f 592 1832 1836
f 595 1850 1854
f 598 1888 1890
f 636 2194 2196
f 621 2322 2320
f 642 2286 2284
f 601 1908 1906
f 623 2099 2104
f 611 2045 2047
f 609 1962 1958
f 625 2068 2070
f 628 2084 2088
f 632 2140 2142
f 613 1976 1980
f 616 1998 1994
f 638 2232 2230
f 606 2299 2297
f 407 2330 2329
f 403 2324 2323
f 404 2325 2326
f 410 2332 2333
f 413 2335 2336
f 422 2344 2345
f 486 2410 2409
f 573 2497 2496
f 561 2486 2485
f 512 2434 2435
f 452 2375 2374
f 448 2369 2368
f 449 2370 2371
f 455 2377 2378
f 458 2380 2381
f 470 2393 2392
f 437 2359 2360
f 494 2415 2416
f 531 2455 2456
f 539 2461 2460
f 568 2489 2488
f 478 2399 2398
f 419 2341 2340
f 509 2431 2430
f 554 2476 2475
f 482 2405 2404
f 576 2500 2501
f 558 2481 2482
f 516 2439 2440
f 425 2348 2347
f 542 2465 2464
f 463 2383 2384
f 434 2356 2355
f 497 2420 2419
f 528 2452 2451
f 546 2471 2470
f 464 2386 2385
f 440 2363 2362
f 500 2422 2423
f 524 2445 2446
f 479 2400 2401
f 418 2338 2339
f 508 2428 2429
f 553 2473 2474
f 569 2490 2491
f 538 2458 2459
f 471 2394 2395
f 443 2366 2365
f 501 2425 2424
f 523 2444 2443
f 467 2389 2390
f 433 2353 2354
f 493 2414 2413
f 527 2449 2450
f 543 2466 2467
f 485 2407 2408
f 572 2494 2495
f 557 2480 2479
f 515 2438 2437
f 428 2351 2350
f 591 2510 2511
f 587 2504 2505
f 588 2508 2507
f 594 2514 2513
f 597 2517 2516
f 600 2520 2519
f 634 2554 2556
f 619 2539 2540
f 639 2560 2561
f 602 2523 2521
f 624 2543 2544
f 608 2527 2529
f 610 2532 2530
f 627 2547 2546
f 630 2550 2549
f 635 2552 2553
f 615 2535 2534
f 617 2538 2536
f 637 2558 2557
f 604 2524 2525
f 167 1607 647
f 164 1603 644
f 163 1604 643
f 165 1610 645
f 166 1613 646
f 169 1622 649
f 192 1686 672
f 222 1773 702
f 216 1761 696
f 199 1712 679
f 182 1652 662
f 179 1648 659
f 178 1649 658
f 180 1655 660
f 181 1658 661
f 186 1670 666
f 174 1637 654
f 193 1694 673
f 205 1731 685
f 212 1739 692
f 221 1768 701
f 189 1678 669
f 170 1619 650
f 202 1709 682
f 217 1754 697
f 191 1682 671
f 220 1776 700
f 214 1758 694
f 200 1716 680
f 171 1625 651
f 210 1742 690
f 183 1663 663
f 175 1634 655
f 196 1697 676
f 207 1728 687
f 211 1746 691
f 187 1664 667
f 176 1640 656
f 195 1700 675
f 203 1724 683
f 188 1679 668
f 168 1618 648
f 198 1708 678
f 213 1753 693
f 218 1769 698
f 208 1738 688
f 185 1671 665
f 177 1643 657
f 197 1701 677
f 206 1723 686
f 184 1667 664
f 173 1633 653
f 194 1693 674
f 204 1727 684
f 209 1743 689
f 190 1685 670
f 219 1772 699
f 215 1757 695
f 201 1715 681
f 172 1628 652
f 357 2187 837
f 255 1881 735
f 262 1899 742
f 388 2277 868
f 400 2313 880
f 352 2169 832
f 347 2156 827
f 298 2010 778
f 364 2208 844
f 269 1917 749
f 339 2133 819
f 285 1971 765
f 293 1989 773
f 370 2223 850
f 396 2300 876
f 353 2174 833
f 346 2151 826
f 299 2007 779
f 365 2205 845
f 268 1920 748
f 249 1855 729
f 231 1801 711
f 226 1784 706
f 238 1820 718
f 244 1838 724
f 257 1874 737
f 359 2180 839
f 402 2310 882
f 390 2274 870
f 264 1896 744
f 327 2089 807
f 309 2035 789
f 282 1950 762
f 317 2054 797
f 322 2072 802
f 341 2126 821
f 286 1964 766
f 294 1986 774
f 372 2220 852
f 394 2291 874
f 358 2183 838
f 256 1877 736
f 261 1891 741
f 387 2269 867
f 399 2305 879
f 351 2161 831
f 348 2148 828
f 300 2004 780
f 366 2202 846
f 267 1909 747
f 340 2129 820
f 287 1967 767
f 291 1981 771
f 369 2215 849
f 395 2288 875
f 354 2166 834
f 345 2143 825
f 297 1999 777
f 363 2197 843
f 270 1914 750
f 234 1806 714
f 227 1787 707
f 239 1823 719
f 245 1841 725
f 252 1860 732
f 275 1931 755
f 334 2108 814
f 304 2018 784
f 377 2234 857
f 382 2255 862
f 312 2040 792
f 279 1945 759
f 316 2057 796
f 323 2075 803
f 330 2094 810
f 335 2111 815
f 305 2021 785
f 376 2237 856
f 383 2252 863
f 274 1928 754
f 232 1812 712
f 225 1791 705
f 237 1827 717
f 243 1845 723
f 250 1866 730
f 273 1935 753
f 336 2118 816
f 306 2028 786
f 378 2246 858
f 381 2259 861
f 311 2048 791
f 281 1953 761
f 315 2061 795
f 321 2079 801
f 328 2100 808
f 333 2115 813
f 303 2025 783
f 375 2241 855
f 384 2264 864
f 276 1938 756
f 229 1802 709
f 223 1783 703
f 235 1819 715
f 241 1837 721
f 247 1856 727
f 271 1927 751
f 332 2112 812
f 302 2022 782
f 374 2238 854
f 379 2251 859
f 307 2036 787
f 278 1949 758
f 313 2053 793
f 319 2071 799
f 325 2090 805
f 331 2107 811
f 301 2017 781
f 373 2233 853
f 380 2256 860
f 272 1932 752
f 248 1859 728
f 230 1805 710
f 224 1788 704
f 236 1824 716
f 242 1842 722
f 254 1878 734
f 356 2184 836
f 397 2306 877
f 385 2270 865
f 259 1892 739
f 326 2093 806
f 308 2039 788
f 277 1946 757
f 314 2058 794
f 320 2076 800
f 338 2130 818
f 284 1968 764
f 289 1982 769
f 367 2216 847
f 391 2287 871
f 355 2179 835
f 253 1873 733
f 260 1895 740
f 386 2273 866
f 398 2309 878
f 350 2165 830
f 343 2144 823
f 295 2000 775
f 361 2198 841
f 266 1913 746
f 337 2125 817
f 283 1963 763
f 290 1985 770
f 368 2219 848
f 392 2292 872
f 349 2162 829
f 344 2147 824
f 296 2003 776
f 362 2201 842
f 265 1910 745
f 251 1863 731
f 233 1809 713
f 228 1794 708
f 240 1830 720
f 246 1848 726
f 258 1886 738
f 360 2192 840
f 401 2318 881
f 389 2282 869
f 263 1904 743
f 329 2097 809
f 310 2043 790
f 280 1956 760
f 318 2066 798
f 324 2082 804
f 342 2138 822
f 288 1974 768
f 292 1992 772
f 371 2228 851
f 393 2295 873
f 409 2331 1269
f 405 2327 1245
f 411 2328 1252
f 414 2334 1288
f 417 2337 1306
f 431 2346 1336
f 488 2412 1551
f 575 2499 1473
f 563 2487 1599
f 519 2436 1354
f 454 2376 1479
f 450 2372 1401
f 456 2373 1408
f 459 2379 1492
f 462 2382 1504
f 472 2396 1533
f 446 2361 1414
f 506 2418 1444
f 535 2457 1594
f 541 2463 1383
f 570 2492 1323
f 480 2402 1275
f 421 2343 1263
f 511 2433 1299
f 556 2478 1317
f 484 2406 1341
f 580 2502 1564
f 567 2484 1462
f 522 2442 1588
f 427 2349 1347
f 544 2468 1521
f 468 2387 1420
f 436 2358 1395
f 499 2421 1497
f 530 2454 1515
f 548 2472 1557
f 466 2388 1425
f 442 2364 1431
f 505 2426 1570
f 536 2448 1372
f 491 2403 1282
f 423 2342 1258
f 513 2432 1294
f 564 2477 1312
f 581 2493 1330
f 549 2462 1378
f 477 2397 1540
f 445 2367 1449
f 503 2427 1575
f 525 2447 1365
f 474 2391 1486
f 438 2357 1390
f 495 2417 1437
f 532 2453 1510
f 552 2469 1528
f 490 2411 1546
f 577 2498 1468
f 559 2483 1455
f 517 2441 1581
f 430 2352 1359
f 590 2509 1272
f 584 2503 1248
f 585 2506 1253
f 592 2512 1289
f 595 2515 1307
f 598 2518 1337
f 636 2555 1554
f 621 2541 1476
f 642 2562 1602
f 601 2522 1355
f 623 2542 1482
f 611 2528 1404
f 609 2531 1409
f 625 2545 1493
f 628 2548 1505
f 632 2551 1536
f 613 2533 1415
f 616 2537 1445
f 638 2559 1595
f 606 2526 1386
f 407 1616 909
f 403 1608 891
f 404 1606 886
f 410 1612 898
f 413 1615 904
f 422 1624 922
f 486 1692 1060
f 573 1782 1240
f 561 1765 1204
f 512 1714 1102
f 452 1661 999
f 448 1653 981
f 449 1651 976
f 455 1657 988
f 458 1660 994
f 470 1675 1024
f 437 1639 952
f 494 1696 1066
f 531 1733 1138
f 539 1751 1179
f 568 1779 1233
f 478 1683 1041
f 419 1626 927
f 509 1721 1119
f 554 1766 1209
f 482 1689 1053
f 576 1778 1228
f 558 1760 1192
f 516 1718 1108
f 425 1629 933
f 542 1747 1167
f 463 1665 1005
f 434 1641 957
f 497 1704 1083
f 528 1737 1150
f 546 1750 1174
f 464 1676 1029
f 440 1644 963
f 500 1702 1077
f 524 1726 1126
f 479 1681 1036
f 418 1620 915
f 508 1710 1095
f 553 1755 1185
f 569 1771 1216
f 538 1740 1155
f 471 1673 1018
f 443 1647 970
f 501 1707 1090
f 523 1734 1143
f 467 1669 1012
f 433 1635 945
f 493 1698 1071
f 527 1729 1131
f 543 1745 1162
f 485 1687 1047
f 572 1774 1221
f 557 1762 1197
f 515 1720 1114
f 428 1632 940
f 591 2189 1284
f 587 1883 1260
f 588 1903 1296
f 594 2281 1314
f 597 2317 1332
f 600 2173 1380
f 634 2158 1542
f 619 2012 1451
f 639 2210 1577
f 602 1924 1367
f 624 2135 1488
f 608 1973 1392
f 610 1996 1439
f 627 2227 1512
f 630 2304 1530
f 635 2176 1548
f 615 2155 1470
f 617 2014 1457
f 637 2212 1583
f 604 1922 1361
f 416 1864 1270
f 408 1810 1246
f 406 1795 1251
f 412 1831 1287
f 415 1849 1305
f 424 1887 1335
f 492 2193 1552
f 582 2321 1474
f 565 2285 1600
f 514 1907 1353
f 461 2098 1480
f 453 2044 1402
f 451 1961 1407
f 457 2067 1491
f 460 2083 1503
f 475 2139 1534
f 439 1975 1413
f 496 1997 1443
f 533 2231 1593
f 551 2298 1384
f 579 2190 1324
f 483 1884 1276
f 426 1900 1264
f 521 2278 1300
f 566 2314 1318
f 489 2170 1342
f 578 2159 1563
f 560 2015 1461
f 518 2213 1587
f 429 1918 1348
f 547 2136 1522
f 465 1977 1419
f 441 1990 1396
f 504 2224 1498
f 537 2301 1516
f 550 2177 1558
f 476 2152 1426
f 444 2008 1432
f 502 2206 1569
f 526 1925 1371
f 481 1817 1281
f 420 1797 1257
f 510 1833 1293
f 555 1851 1311
f 571 1871 1329
f 540 1941 1377
f 473 2119 1539
f 447 2029 1450
f 507 2247 1576
f 534 2262 1366
f 469 2051 1485
f 435 1954 1389
f 498 2064 1438
f 529 2085 1509
f 545 2105 1527
f 487 2121 1545
f 574 2031 1467
f 562 2244 1456
f 520 2265 1582
f 432 1939 1360
f 589 1814 1271
f 583 1793 1247
f 586 1829 1254
f 593 1847 1290
f 596 1868 1308
f 599 1937 1338
f 633 2124 1553
f 620 2034 1475
f 640 2250 1601
f 603 2261 1356
f 622 2050 1481
f 607 1960 1403
f 612 2063 1410
f 626 2081 1494
f 629 2102 1506
f 631 2117 1535
f 614 2027 1416
f 618 2243 1446
f 641 2268 1596
f 605 1944 1385
f 409 1804 894
f 405 1785 887
f 411 1821 899
f 414 1839 905
f 417 1858 912
f 431 1929 941
f 488 2114 1050
f 575 2024 1224
f 563 2240 1200
f 519 2253 1115
f 454 2038 984
f 450 1951 977
f 456 2055 989
f 459 2073 995
f 462 2092 1002
f 472 2109 1019
f 446 2019 971
f 506 2235 1091
f 535 2258 1146
f 541 1934 1158
f 570 1861 1217
f 480 1807 1037
f 421 1790 918
f 511 1826 1098
f 556 1844 1188
f 484 1880 1044
f 580 2186 1236
f 567 2308 1212
f 522 2272 1122
f 427 1894 930
f 544 2095 1163
f 468 2041 1013
f 436 1948 948
f 499 2060 1074
f 530 2078 1134
f 548 2132 1170
f 466 1970 1008
f 442 1984 960
f 505 2218 1086
f 536 2289 1151
f 491 2181 1061
f 423 1875 923
f 513 1897 1103
f 564 2275 1205
f 581 2311 1241
f 549 2167 1175
f 477 2146 1032
f 445 2002 966
f 503 2200 1080
f 525 1915 1127
f 474 2127 1025
f 438 1965 953
f 495 1987 1067
f 532 2221 1139
f 552 2294 1182
f 490 2164 1056
f 577 2149 1229
f 559 2005 1193
f 517 2203 1109
f 430 1912 936
f 590 1870 1325
f 584 1816 1277
f 585 1800 1265
f 592 1836 1301
f 595 1854 1319
f 598 1890 1343
f 636 2196 1566
f 621 2320 1464
f 642 2284 1590
f 601 1906 1349
f 623 2104 1523
f 611 2047 1422
f 609 1958 1397
f 625 2070 1499
f 628 2088 1517
f 632 2142 1559
f 613 1980 1427
f 616 1994 1433
f 638 2230 1572
f 606 2297 1374
f 407 2329 892
f 403 2323 885
f 404 2326 897
f 410 2333 903
f 413 2336 910
f 422 2345 939
f 486 2409 1048
f 573 2496 1222
f 561 2485 1198
f 512 2435 1113
f 452 2374 982
f 448 2368 975
f 449 2371 987
f 455 2378 993
f 458 2381 1000
f 470 2392 1017
f 437 2360 969
f 494 2416 1089
f 531 2456 1144
f 539 2460 1156
f 568 2488 1215
f 478 2398 1035
f 419 2340 916
f 509 2430 1096
f 554 2475 1186
f 482 2404 1042
f 576 2501 1234
f 558 2482 1210
f 516 2440 1120
f 425 2347 928
f 542 2464 1161
f 463 2384 1011
f 434 2355 946
f 497 2419 1072
f 528 2451 1132
f 546 2470 1168
f 464 2385 1006
f 440 2362 958
f 500 2423 1084
f 524 2446 1149
f 479 2401 1059
f 418 2339 921
f 508 2429 1101
f 553 2474 1203
f 569 2491 1239
f 538 2459 1173
f 471 2395 1030
f 443 2365 964
f 501 2424 1078
f 523 2443 1125
f 467 2390 1023
f 433 2354 951
f 493 2413 1065
f 527 2450 1137
f 543 2467 1180
f 485 2408 1054
f 572 2495 1227
f 557 2479 1191
f 515 2437 1107
f 428 2350 934
f 591 2511 1326
f 587 2505 1278
f 588 2507 1266
f 594 2513 1302
f 597 2516 1320
f 600 2519 1344
f 634 2556 1565
f 619 2540 1463
f 639 2561 1589
f 602 2521 1350
f 624 2544 1524
f 608 2529 1421
f 610 2530 1398
f 627 2546 1500
f 630 2549 1518
f 635 2553 1560
f 615 2534 1428
f 617 2536 1434
f 637 2557 1571
f 604 2525 1373
f 164 1609 889
f 163 1605 883
f 165 1611 895
f 166 1614 901
f 167 1617 907
f 172 1631 937
f 190 1688 1045
f 219 1775 1219
f 215 1763 1195
f 201 1719 1111
f 179 1654 979
f 178 1650 973
f 180 1656 985
f 181 1659 991
f 182 1662 997
f 185 1672 1015
f 177 1646 967
f 197 1706 1087
f 206 1735 1141
f 208 1741 1153
f 218 1770 1213
f 188 1680 1033
f 168 1621 913
f 198 1711 1093
f 213 1756 1183
f 189 1684 1039
f 221 1780 1231
f 217 1767 1207
f 202 1722 1117
f 170 1627 925
f 209 1744 1159
f 184 1668 1009
f 173 1636 943
f 194 1699 1069
f 204 1730 1129
f 210 1748 1165
f 183 1666 1003
f 175 1642 955
f 196 1705 1081
f 207 1736 1147
f 192 1691 1057
f 169 1623 919
f 199 1713 1099
f 216 1764 1201
f 222 1781 1237
f 211 1749 1171
f 187 1677 1027
f 176 1645 961
f 195 1703 1075
f 203 1725 1123
f 186 1674 1021
f 174 1638 949
f 193 1695 1063
f 205 1732 1135
f 212 1752 1177
f 191 1690 1051
f 220 1777 1225
f 214 1759 1189
f 200 1717 1105
f 171 1630 931
f 358 2191 1322
f 256 1885 1274
f 261 1901 1262
f 387 2279 1298
f 399 2315 1316
f 351 2171 1340
f 348 2160 1561
f 300 2016 1459
f 366 2214 1585
f 267 1919 1346
f 340 2137 1520
f 287 1978 1417
f 291 1991 1394
f 369 2225 1496
f 395 2302 1514
f 354 2178 1556
f 345 2153 1424
f 297 2009 1430
f 363 2207 1567
f 270 1926 1369
f 247 1857 908
f 229 1803 890
f 223 1786 884
f 235 1822 896
f 241 1840 902
f 253 1876 920
f 355 2182 1058
f 398 2312 1238
f 386 2276 1202
f 260 1898 1100
f 325 2091 998
f 307 2037 980
f 278 1952 974
f 313 2056 986
f 319 2074 992
f 337 2128 1022
f 283 1966 950
f 290 1988 1064
f 368 2222 1136
f 392 2293 1178
f 356 2185 1232
f 254 1879 1040
f 259 1893 926
f 385 2271 1118
f 397 2307 1208
f 349 2163 1052
f 344 2150 1226
f 296 2006 1190
f 362 2204 1106
f 265 1911 932
f 338 2131 1166
f 284 1969 1004
f 289 1983 956
f 367 2217 1082
f 391 2290 1148
f 350 2168 1172
f 343 2145 1028
f 295 2001 962
f 361 2199 1076
f 266 1916 1124
f 230 1808 1034
f 224 1789 914
f 236 1825 1094
f 242 1843 1184
f 248 1862 1214
f 272 1933 1154
f 331 2110 1016
f 301 2020 968
f 373 2236 1088
f 380 2257 1142
f 308 2042 1010
f 277 1947 944
f 314 2059 1070
f 320 2077 1130
f 326 2096 1160
f 332 2113 1046
f 302 2023 1220
f 374 2239 1196
f 379 2254 1112
f 271 1930 938
f 234 1818 1279
f 227 1798 1255
f 239 1834 1291
f 245 1852 1309
f 252 1872 1327
f 275 1942 1375
f 334 2120 1537
f 304 2030 1448
f 377 2248 1574
f 382 2263 1364
f 312 2052 1483
f 279 1955 1387
f 316 2065 1436
f 323 2086 1507
f 330 2106 1525
f 335 2122 1543
f 305 2032 1465
f 376 2245 1454
f 383 2266 1580
f 274 1940 1358
f 232 1813 1267
f 225 1792 1243
f 237 1828 1250
f 243 1846 1286
f 250 1867 1304
f 273 1936 1334
f 336 2123 1549
f 306 2033 1471
f 378 2249 1597
f 381 2260 1352
f 311 2049 1477
f 281 1959 1399
f 315 2062 1406
f 321 2080 1490
f 328 2101 1502
f 333 2116 1531
f 303 2026 1412
f 375 2242 1442
f 384 2267 1592
f 276 1943 1381
f 251 1869 1321
f 233 1815 1273
f 228 1799 1261
f 240 1835 1297
f 246 1853 1315
f 258 1889 1339
f 360 2195 1562
f 401 2319 1460
f 389 2283 1586
f 263 1905 1345
f 329 2103 1519
f 310 2046 1418
f 280 1957 1393
f 318 2069 1495
f 324 2087 1513
f 342 2141 1555
f 288 1979 1423
f 292 1993 1429
f 371 2229 1568
f 393 2296 1370
f 357 2188 1280
f 255 1882 1256
f 262 1902 1292
f 388 2280 1310
f 400 2316 1328
f 352 2172 1376
f 347 2157 1538
f 298 2011 1447
f 364 2209 1573
f 269 1923 1363
f 339 2134 1484
f 285 1972 1388
f 293 1995 1435
f 370 2226 1508
f 396 2303 1526
f 353 2175 1544
f 346 2154 1466
f 299 2013 1453
f 365 2211 1579
f 268 1921 1357
f 249 1865 1268
f 231 1811 1244
f 226 1796 1249
f 238 1832 1285
f 244 1850 1303
f 257 1888 1333
f 359 2194 1550
f 402 2322 1472
f 390 2286 1598
f 264 1908 1351
f 327 2099 1478
f 309 2045 1400
f 282 1962 1405
f 317 2068 1489
f 322 2084 1501
f 341 2140 1532
f 286 1976 1411
f 294 1998 1441
f 372 2232 1591
f 394 2299 1382
f 416 2330 911
f 408 2324 893
f 406 2325 888
f 412 2332 900
f 415 2335 906
f 424 2344 924
f 492 2410 1062
f 582 2497 1242
f 565 2486 1206
f 514 2434 1104
f 461 2375 1001
f 453 2369 983
f 451 2370 978
f 457 2377 990
f 460 2380 996
f 475 2393 1026
f 439 2359 954
f 496 2415 1068
f 533 2455 1140
f 551 2461 1181
f 579 2489 1235
f 483 2399 1043
f 426 2341 929
f 521 2431 1121
f 566 2476 1211
f 489 2405 1055
f 578 2500 1230
f 560 2481 1194
f 518 2439 1110
f 429 2348 935
f 547 2465 1169
f 465 2383 1007
f 441 2356 959
f 504 2420 1085
f 537 2452 1152
f 550 2471 1176
f 476 2386 1031
f 444 2363 965
f 502 2422 1079
f 526 2445 1128
f 481 2400 1038
f 420 2338 917
f 510 2428 1097
f 555 2473 1187
f 571 2490 1218
f 540 2458 1157
f 473 2394 1020
f 447 2366 972
f 507 2425 1092
f 534 2444 1145
f 469 2389 1014
f 435 2353 947
f 498 2414 1073
f 529 2449 1133
f 545 2466 1164
f 487 2407 1049
f 574 2494 1223
f 562 2480 1199
f 520 2438 1116
f 432 2351 942
f 589 2510 1283
f 583 2504 1259
f 586 2508 1295
f 593 2514 1313
f 596 2517 1331
f 599 2520 1379
f 633 2554 1541
f 620 2539 1452
f 640 2560 1578
f 603 2523 1368
f 622 2543 1487
f 607 2527 1391
f 612 2532 1440
f 626 2547 1511
f 629 2550 1529
f 631 2552 1547
f 614 2535 1469
f 618 2538 1458
f 641 2558 1584
f 605 2524 1362
f 164 1607 1609
f 163 1603 1605
f 165 1604 1611
f 166 1610 1614
f 167 1613 1617
f 172 1622 1631
f 190 1686 1688
f 219 1773 1775
f 215 1761 1763
f 201 1712 1719
f 179 1652 1654
f 178 1648 1650
f 180 1649 1656
f 181 1655 1659
f 182 1658 1662
f 185 1670 1672
f 177 1637 1646
f 197 1694 1706
f 206 1731 1735
f 208 1739 1741
f 218 1768 1770
f 188 1678 1680
f 168 1619 1621
f 198 1709 1711
f 213 1754 1756
f 189 1682 1684
f 221 1776 1780
f 217 1758 1767
f 202 1716 1722
f 170 1625 1627
f 209 1742 1744
f 184 1663 1668
f 173 1634 1636
f 194 1697 1699
f 204 1728 1730
f 210 1746 1748
f 183 1664 1666
f 175 1640 1642
f 196 1700 1705
f 207 1724 1736
f 192 1679 1691
f 169 1618 1623
f 199 1708 1713
f 216 1753 1764
f 222 1769 1781
f 211 1738 1749
f 187 1671 1677
f 176 1643 1645
f 195 1701 1703
f 203 1723 1725
f 186 1667 1674
f 174 1633 1638
f 193 1693 1695
f 205 1727 1732
f 212 1743 1752
f 191 1685 1690
f 220 1772 1777
f 214 1757 1759
f 200 1715 1717
f 171 1628 1630
f 358 2187 2191
f 256 1881 1885
f 261 1899 1901
f 387 2277 2279
f 399 2313 2315
f 351 2169 2171
f 348 2156 2160
f 300 2010 2016
f 366 2208 2214
f 267 1917 1919
f 340 2133 2137
f 287 1971 1978
f 291 1989 1991
f 369 2223 2225
f 395 2300 2302
f 354 2174 2178
f 345 2151 2153
f 297 2007 2009
f 363 2205 2207
f 270 1920 1926
f 247 1855 1857
f 229 1801 1803
f 223 1784 1786
f 235 1820 1822
f 241 1838 1840
f 253 1874 1876
f 355 2180 2182
f 398 2310 2312
f 386 2274 2276
f 260 1896 1898
f 325 2089 2091
f 307 2035 2037
f 278 1950 1952
f 313 2054 2056
f 319 2072 2074
f 337 2126 2128
f 283 1964 1966
f 290 1986 1988
f 368 2220 2222
f 392 2291 2293
f 356 2183 2185
f 254 1877 1879
f 259 1891 1893
f 385 2269 2271
f 397 2305 2307
f 349 2161 2163
f 344 2148 2150
f 296 2004 2006
f 362 2202 2204
f 265 1909 1911
f 338 2129 2131
f 284 1967 1969
f 289 1981 1983
f 367 2215 2217
f 391 2288 2290
f 350 2166 2168
f 343 2143 2145
f 295 1999 2001
f 361 2197 2199
f 266 1914 1916
f 230 1806 1808
f 224 1787 1789
f 236 1823 1825
f 242 1841 1843
f 248 1860 1862
f 272 1931 1933
f 331 2108 2110
f 301 2018 2020
f 373 2234 2236
f 380 2255 2257
f 308 2040 2042
f 277 1945 1947
f 314 2057 2059
f 320 2075 2077
f 326 2094 2096
f 332 2111 2113
f 302 2021 2023
f 374 2237 2239
f 379 2252 2254
f 271 1928 1930
f 234 1812 1818
f 227 1791 1798
f 239 1827 1834
f 245 1845 1852
f 252 1866 1872
f 275 1935 1942
f 334 2118 2120
f 304 2028 2030
f 377 2246 2248
f 382 2259 2263
f 312 2048 2052
f 279 1953 1955
f 316 2061 2065
f 323 2079 2086
f 330 2100 2106
f 335 2115 2122
f 305 2025 2032
f 376 2241 2245
f 383 2264 2266
f 274 1938 1940
f 232 1802 1813
f 225 1783 1792
f 237 1819 1828
f 243 1837 1846
f 250 1856 1867
f 273 1927 1936
f 336 2112 2123
f 306 2022 2033
f 378 2238 2249
f 381 2251 2260
f 311 2036 2049
f 281 1949 1959
f 315 2053 2062
f 321 2071 2080
f 328 2090 2101
f 333 2107 2116
f 303 2017 2026
f 375 2233 2242
f 384 2256 2267
f 276 1932 1943
f 251 1859 1869
f 233 1805 1815
f 228 1788 1799
f 240 1824 1835
f 246 1842 1853
f 258 1878 1889
f 360 2184 2195
f 401 2306 2319
f 389 2270 2283
f 263 1892 1905
f 329 2093 2103
f 310 2039 2046
f 280 1946 1957
f 318 2058 2069
f 324 2076 2087
f 342 2130 2141
f 288 1968 1979
f 292 1982 1993
f 371 2216 2229
f 393 2287 2296
f 357 2179 2188
f 255 1873 1882
f 262 1895 1902
f 388 2273 2280
f 400 2309 2316
f 352 2165 2172
f 347 2144 2157
f 298 2000 2011
f 364 2198 2209
f 269 1913 1923
f 339 2125 2134
f 285 1963 1972
f 293 1985 1995
f 370 2219 2226
f 396 2292 2303
f 353 2162 2175
f 346 2147 2154
f 299 2003 2013
f 365 2201 2211
f 268 1910 1921
f 249 1863 1865
f 231 1809 1811
f 226 1794 1796
f 238 1830 1832
f 244 1848 1850
f 257 1886 1888
f 359 2192 2194
f 402 2318 2322
f 390 2282 2286
f 264 1904 1908
f 327 2097 2099
f 309 2043 2045
f 282 1956 1962
f 317 2066 2068
f 322 2082 2084
f 341 2138 2140
f 286 1974 1976
f 294 1992 1998
f 372 2228 2232
f 394 2295 2299
f 416 2331 2330
f 408 2327 2324
f 406 2328 2325
f 412 2334 2332
f 415 2337 2335
f 424 2346 2344
f 492 2412 2410
f 582 2499 2497
f 565 2487 2486
f 514 2436 2434
f 461 2376 2375
f 453 2372 2369
f 451 2373 2370
f 457 2379 2377
f 460 2382 2380
f 475 2396 2393
f 439 2361 2359
f 496 2418 2415
f 533 2457 2455
f 551 2463 2461
f 579 2492 2489
f 483 2402 2399
f 426 2343 2341
f 521 2433 2431
f 566 2478 2476
f 489 2406 2405
f 578 2502 2500
f 560 2484 2481
f 518 2442 2439
f 429 2349 2348
f 547 2468 2465
f 465 2387 2383
f 441 2358 2356
f 504 2421 2420
f 537 2454 2452
f 550 2472 2471
f 476 2388 2386
f 444 2364 2363
f 502 2426 2422
f 526 2448 2445
f 481 2403 2400
f 420 2342 2338
f 510 2432 2428
f 555 2477 2473
f 571 2493 2490
f 540 2462 2458
f 473 2397 2394
f 447 2367 2366
f 507 2427 2425
f 534 2447 2444
f 469 2391 2389
f 435 2357 2353
f 498 2417 2414
f 529 2453 2449
f 545 2469 2466
f 487 2411 2407
f 574 2498 2494
f 562 2483 2480
f 520 2441 2438
f 432 2352 2351
f 589 2509 2510
f 583 2503 2504
f 586 2506 2508
f 593 2512 2514
f 596 2515 2517
f 599 2518 2520
f 633 2555 2554
f 620 2541 2539
f 640 2562 2560
f 603 2522 2523
f 622 2542 2543
f 607 2528 2527
f 612 2531 2532
f 626 2545 2547
f 629 2548 2550
f 631 2551 2552
f 614 2533 2535
f 618 2537 2538
f 641 2559 2558
f 605 2526 2524
f 164 644 1607
f 163 643 1603
f 165 645 1604
f 166 646 1610
f 167 647 1613
f 172 652 1622
f 190 670 1686
f 219 699 1773
f 215 695 1761
f 201 681 1712
f 179 659 1652
f 178 658 1648
f 180 660 1649
f 181 661 1655
f 182 662 1658
f 185 665 1670
f 177 657 1637
f 197 677 1694
f 206 686 1731
f 208 688 1739
f 218 698 1768
f 188 668 1678
f 168 648 1619
f 198 678 1709
f 213 693 1754
f 189 669 1682
f 221 701 1776
f 217 697 1758
f 202 682 1716
f 170 650 1625
f 209 689 1742
f 184 664 1663
f 173 653 1634
f 194 674 1697
f 204 684 1728
f 210 690 1746
f 183 663 1664
f 175 655 1640
f 196 676 1700
f 207 687 1724
f 192 672 1679
f 169 649 1618
f 199 679 1708
f 216 696 1753
f 222 702 1769
f 211 691 1738
f 187 667 1671
f 176 656 1643
f 195 675 1701
f 203 683 1723
f 186 666 1667
f 174 654 1633
f 193 673 1693
f 205 685 1727
f 212 692 1743
f 191 671 1685
f 220 700 1772
f 214 694 1757
f 200 680 1715
f 171 651 1628
f 358 838 2187
f 256 736 1881
f 261 741 1899
f 387 867 2277
f 399 879 2313
f 351 831 2169
f 348 828 2156
f 300 780 2010
f 366 846 2208
f 267 747 1917
f 340 820 2133
f 287 767 1971
f 291 771 1989
f 369 849 2223
f 395 875 2300
f 354 834 2174
f 345 825 2151
f 297 777 2007
f 363 843 2205
f 270 750 1920
f 247 727 1855
f 229 709 1801
f 223 703 1784
f 235 715 1820
f 241 721 1838
f 253 733 1874
f 355 835 2180
f 398 878 2310
f 386 866 2274
f 260 740 1896
f 325 805 2089
f 307 787 2035
f 278 758 1950
f 313 793 2054
f 319 799 2072
f 337 817 2126
f 283 763 1964
f 290 770 1986
f 368 848 2220
f 392 872 2291
f 356 836 2183
f 254 734 1877
f 259 739 1891
f 385 865 2269
f 397 877 2305
f 349 829 2161
f 344 824 2148
f 296 776 2004
f 362 842 2202
f 265 745 1909
f 338 818 2129
f 284 764 1967
f 289 769 1981
f 367 847 2215
f 391 871 2288
f 350 830 2166
f 343 823 2143
f 295 775 1999
f 361 841 2197
f 266 746 1914
f 230 710 1806
f 224 704 1787
f 236 716 1823
f 242 722 1841
f 248 728 1860
f 272 752 1931
f 331 811 2108
f 301 781 2018
f 373 853 2234
f 380 860 2255
f 308 788 2040
f 277 757 1945
f 314 794 2057
f 320 800 2075
f 326 806 2094
f 332 812 2111
f 302 782 2021
f 374 854 2237
f 379 859 2252
f 271 751 1928
f 234 714 1812
f 227 707 1791
f 239 719 1827
f 245 725 1845
f 252 732 1866
f 275 755 1935
f 334 814 2118
f 304 784 2028
f 377 857 2246
f 382 862 2259
f 312 792 2048
f 279 759 1953
f 316 796 2061
f 323 803 2079
f 330 810 2100
f 335 815 2115
f 305 785 2025
f 376 856 2241
f 383 863 2264
f 274 754 1938
f 232 712 1802
f 225 705 1783
f 237 717 1819
f 243 723 1837
f 250 730 1856
f 273 753 1927
f 336 816 2112
f 306 786 2022
f 378 858 2238
f 381 861 2251
f 311 791 2036
f 281 761 1949
f 315 795 2053
f 321 801 2071
f 328 808 2090
f 333 813 2107
f 303 783 2017
f 375 855 2233
f 384 864 2256
f 276 756 1932
f 251 731 1859
f 233 713 1805
f 228 708 1788
f 240 720 1824
f 246 726 1842
f 258 738 1878
f 360 840 2184
f 401 881 2306
f 389 869 2270
f 263 743 1892
f 329 809 2093
f 310 790 2039
f 280 760 1946
f 318 798 2058
f 324 804 2076
f 342 822 2130
f 288 768 1968
f 292 772 1982
f 371 851 2216
f 393 873 2287
f 357 837 2179
f 255 735 1873
f 262 742 1895
f 388 868 2273
f 400 880 2309
f 352 832 2165
f 347 827 2144
f 298 778 2000
f 364 844 2198
f 269 749 1913
f 339 819 2125
f 285 765 1963
f 293 773 1985
f 370 850 2219
f 396 876 2292
f 353 833 2162
f 346 826 2147
f 299 779 2003
f 365 845 2201
f 268 748 1910
f 249 729 1863
f 231 711 1809
f 226 706 1794
f 238 718 1830
f 244 724 1848
f 257 737 1886
f 359 839 2192
f 402 882 2318
f 390 870 2282
f 264 744 1904
f 327 807 2097
f 309 789 2043
f 282 762 1956
f 317 797 2066
f 322 802 2082
f 341 821 2138
f 286 766 1974
f 294 774 1992
f 372 852 2228
f 394 874 2295
f 416 1270 2331
f 408 1246 2327
f 406 1251 2328
f 412 1287 2334
f 415 1305 2337
f 424 1335 2346
f 492 1552 2412
f 582 1474 2499
f 565 1600 2487
f 514 1353 2436
f 461 1480 2376
f 453 1402 2372
f 451 1407 2373
f 457 1491 2379
f 460 1503 2382
f 475 1534 2396
f 439 1413 2361
f 496 1443 2418
f 533 1593 2457
f 551 1384 2463
f 579 1324 2492
f 483 1276 2402
f 426 1264 2343
f 521 1300 2433
f 566 1318 2478
f 489 1342 2406
f 578 1563 2502
f 560 1461 2484
f 518 1587 2442
f 429 1348 2349
f 547 1522 2468
f 465 1419 2387
f 441 1396 2358
f 504 1498 2421
f 537 1516 2454
f 550 1558 2472
f 476 1426 2388
f 444 1432 2364
f 502 1569 2426
f 526 1371 2448
f 481 1281 2403
f 420 1257 2342
f 510 1293 2432
f 555 1311 2477
f 571 1329 2493
f 540 1377 2462
f 473 1539 2397
f 447 1450 2367
f 507 1576 2427
f 534 1366 2447
f 469 1485 2391
f 435 1389 2357
f 498 1438 2417
f 529 1509 2453
f 545 1527 2469
f 487 1545 2411
f 574 1467 2498
f 562 1456 2483
f 520 1582 2441
f 432 1360 2352
f 589 1271 2509
f 583 1247 2503
f 586 1254 2506
f 593 1290 2512
f 596 1308 2515
f 599 1338 2518
f 633 1553 2555
f 620 1475 2541
f 640 1601 2562
f 603 1356 2522
f 622 1481 2542
f 607 1403 2528
f 612 1410 2531
f 626 1494 2545
f 629 1506 2548
f 631 1535 2551
f 614 1416 2533
f 618 1446 2537
f 641 1596 2559
f 605 1385 2526
f 167 907 1616
f 164 889 1608
f 163 883 1606
f 165 895 1612
f 166 901 1615
f 169 919 1624
f 192 1057 1692
f 222 1237 1782
f 216 1201 1765
f 199 1099 1714
f 182 997 1661
f 179 979 1653
f 178 973 1651
f 180 985 1657
f 181 991 1660
f 186 1021 1675
f 174 949 1639
f 193 1063 1696
f 205 1135 1733
f 212 1177 1751
f 221 1231 1779
f 189 1039 1683
f 170 925 1626
f 202 1117 1721
f 217 1207 1766
f 191 1051 1689
f 220 1225 1778
f 214 1189 1760
f 200 1105 1718
f 171 931 1629
f 210 1165 1747
f 183 1003 1665
f 175 955 1641
f 196 1081 1704
f 207 1147 1737
f 211 1171 1750
f 187 1027 1676
f 176 961 1644
f 195 1075 1702
f 203 1123 1726
f 188 1033 1681
f 168 913 1620
f 198 1093 1710
f 213 1183 1755
f 218 1213 1771
f 208 1153 1740
f 185 1015 1673
f 177 967 1647
f 197 1087 1707
f 206 1141 1734
f 184 1009 1669
f 173 943 1635
f 194 1069 1698
f 204 1129 1729
f 209 1159 1745
f 190 1045 1687
f 219 1219 1774
f 215 1195 1762
f 201 1111 1720
f 172 937 1632
f 357 1280 2189
f 255 1256 1883
f 262 1292 1903
f 388 1310 2281
f 400 1328 2317
f 352 1376 2173
f 347 1538 2158
f 298 1447 2012
f 364 1573 2210
f 269 1363 1924
f 339 1484 2135
f 285 1388 1973
f 293 1435 1996
f 370 1508 2227
f 396 1526 2304
f 353 1544 2176
f 346 1466 2155
f 299 1453 2014
f 365 1579 2212
f 268 1357 1922
f 249 1268 1864
f 231 1244 1810
f 226 1249 1795
f 238 1285 1831
f 244 1303 1849
f 257 1333 1887
f 359 1550 2193
f 402 1472 2321
f 390 1598 2285
f 264 1351 1907
f 327 1478 2098
f 309 1400 2044
f 282 1405 1961
f 317 1489 2067
f 322 1501 2083
f 341 1532 2139
f 286 1411 1975
f 294 1441 1997
f 372 1591 2231
f 394 1382 2298
f 358 1322 2190
f 256 1274 1884
f 261 1262 1900
f 387 1298 2278
f 399 1316 2314
f 351 1340 2170
f 348 1561 2159
f 300 1459 2015
f 366 1585 2213
f 267 1346 1918
f 340 1520 2136
f 287 1417 1977
f 291 1394 1990
f 369 1496 2224
f 395 1514 2301
f 354 1556 2177
f 345 1424 2152
f 297 1430 2008
f 363 1567 2206
f 270 1369 1925
f 234 1279 1817
f 227 1255 1797
f 239 1291 1833
f 245 1309 1851
f 252 1327 1871
f 275 1375 1941
f 334 1537 2119
f 304 1448 2029
f 377 1574 2247
f 382 1364 2262
f 312 1483 2051
f 279 1387 1954
f 316 1436 2064
f 323 1507 2085
f 330 1525 2105
f 335 1543 2121
f 305 1465 2031
f 376 1454 2244
f 383 1580 2265
f 274 1358 1939
f 232 1267 1814
f 225 1243 1793
f 237 1250 1829
f 243 1286 1847
f 250 1304 1868
f 273 1334 1937
f 336 1549 2124
f 306 1471 2034
f 378 1597 2250
f 381 1352 2261
f 311 1477 2050
f 281 1399 1960
f 315 1406 2063
f 321 1490 2081
f 328 1502 2102
f 333 1531 2117
f 303 1412 2027
f 375 1442 2243
f 384 1592 2268
f 276 1381 1944
f 229 890 1804
f 223 884 1785
f 235 896 1821
f 241 902 1839
f 247 908 1858
f 271 938 1929
f 332 1046 2114
f 302 1220 2024
f 374 1196 2240
f 379 1112 2253
f 307 980 2038
f 278 974 1951
f 313 986 2055
f 319 992 2073
f 325 998 2092
f 331 1016 2109
f 301 968 2019
f 373 1088 2235
f 380 1142 2258
f 272 1154 1934
f 248 1214 1861
f 230 1034 1807
f 224 914 1790
f 236 1094 1826
f 242 1184 1844
f 254 1040 1880
f 356 1232 2186
f 397 1208 2308
f 385 1118 2272
f 259 926 1894
f 326 1160 2095
f 308 1010 2041
f 277 944 1948
f 314 1070 2060
f 320 1130 2078
f 338 1166 2132
f 284 1004 1970
f 289 956 1984
f 367 1082 2218
f 391 1148 2289
f 355 1058 2181
f 253 920 1875
f 260 1100 1897
f 386 1202 2275
f 398 1238 2311
f 350 1172 2167
f 343 1028 2146
f 295 962 2002
f 361 1076 2200
f 266 1124 1915
f 337 1022 2127
f 283 950 1965
f 290 1064 1987
f 368 1136 2221
f 392 1178 2294
f 349 1052 2164
f 344 1226 2149
f 296 1190 2005
f 362 1106 2203
f 265 932 1912
f 251 1321 1870
f 233 1273 1816
f 228 1261 1800
f 240 1297 1836
f 246 1315 1854
f 258 1339 1890
f 360 1562 2196
f 401 1460 2320
f 389 1586 2284
f 263 1345 1906
f 329 1519 2104
f 310 1418 2047
f 280 1393 1958
f 318 1495 2070
f 324 1513 2088
f 342 1555 2142
f 288 1423 1980
f 292 1429 1994
f 371 1568 2230
f 393 1370 2297
f 409 894 2329
f 405 887 2323
f 411 899 2326
f 414 905 2333
f 417 912 2336
f 431 941 2345
f 488 1050 2409
f 575 1224 2496
f 563 1200 2485
f 519 1115 2435
f 454 984 2374
f 450 977 2368
f 456 989 2371
f 459 995 2378
f 462 1002 2381
f 472 1019 2392
f 446 971 2360
f 506 1091 2416
f 535 1146 2456
f 541 1158 2460
f 570 1217 2488
f 480 1037 2398
f 421 918 2340
f 511 1098 2430
f 556 1188 2475
f 484 1044 2404
f 580 1236 2501
f 567 1212 2482
f 522 1122 2440
f 427 930 2347
f 544 1163 2464
f 468 1013 2384
f 436 948 2355
f 499 1074 2419
f 530 1134 2451
f 548 1170 2470
f 466 1008 2385
f 442 960 2362
f 505 1086 2423
f 536 1151 2446
f 491 1061 2401
f 423 923 2339
f 513 1103 2429
f 564 1205 2474
f 581 1241 2491
f 549 1175 2459
f 477 1032 2395
f 445 966 2365
f 503 1080 2424
f 525 1127 2443
f 474 1025 2390
f 438 953 2354
f 495 1067 2413
f 532 1139 2450
f 552 1182 2467
f 490 1056 2408
f 577 1229 2495
f 559 1193 2479
f 517 1109 2437
f 430 936 2350
f 590 1325 2511
f 584 1277 2505
f 585 1265 2507
f 592 1301 2513
f 595 1319 2516
f 598 1343 2519
f 636 1566 2556
f 621 1464 2540
f 642 1590 2561
f 601 1349 2521
f 623 1523 2544
f 611 1422 2529
f 609 1397 2530
f 625 1499 2546
f 628 1517 2549
f 632 1559 2553
f 613 1427 2534
f 616 1433 2536
f 638 1572 2557
f 606 1374 2525
f 407 892 1609
f 403 885 1605
f 404 897 1611
f 410 903 1614
f 413 910 1617
f 422 939 1631
f 486 1048 1688
f 573 1222 1775
f 561 1198 1763
f 512 1113 1719
f 452 982 1654
f 448 975 1650
f 449 987 1656
f 455 993 1659
f 458 1000 1662
f 470 1017 1672
f 437 969 1646
f 494 1089 1706
f 531 1144 1735
f 539 1156 1741
f 568 1215 1770
f 478 1035 1680
f 419 916 1621
f 509 1096 1711
f 554 1186 1756
f 482 1042 1684
f 576 1234 1780
f 558 1210 1767
f 516 1120 1722
f 425 928 1627
f 542 1161 1744
f 463 1011 1668
f 434 946 1636
f 497 1072 1699
f 528 1132 1730
f 546 1168 1748
f 464 1006 1666
f 440 958 1642
f 500 1084 1705
f 524 1149 1736
f 479 1059 1691
f 418 921 1623
f 508 1101 1713
f 553 1203 1764
f 569 1239 1781
f 538 1173 1749
f 471 1030 1677
f 443 964 1645
f 501 1078 1703
f 523 1125 1725
f 467 1023 1674
f 433 951 1638
f 493 1065 1695
f 527 1137 1732
f 543 1180 1752
f 485 1054 1690
f 572 1227 1777
f 557 1191 1759
f 515 1107 1717
f 428 934 1630
f 591 1326 2191
f 587 1278 1885
f 588 1266 1901
f 594 1302 2279
f 597 1320 2315
f 600 1344 2171
f 634 1565 2160
f 619 1463 2016
f 639 1589 2214
f 602 1350 1919
f 624 1524 2137
f 608 1421 1978
f 610 1398 1991
f 627 1500 2225
f 630 1518 2302
f 635 1560 2178
f 615 1428 2153
f 617 1434 2009
f 637 1571 2207
f 604 1373 1926
f 416 911 1857
f 408 893 1803
f 406 888 1786
f 412 900 1822
f 415 906 1840
f 424 924 1876
f 492 1062 2182
f 582 1242 2312
f 565 1206 2276
f 514 1104 1898
f 461 1001 2091
f 453 983 2037
f 451 978 1952
f 457 990 2056
f 460 996 2074
f 475 1026 2128
f 439 954 1966
f 496 1068 1988
f 533 1140 2222
f 551 1181 2293
f 579 1235 2185
f 483 1043 1879
f 426 929 1893
f 521 1121 2271
f 566 1211 2307
f 489 1055 2163
f 578 1230 2150
f 560 1194 2006
f 518 1110 2204
f 429 935 1911
f 547 1169 2131
f 465 1007 1969
f 441 959 1983
f 504 1085 2217
f 537 1152 2290
f 550 1176 2168
f 476 1031 2145
f 444 965 2001
f 502 1079 2199
f 526 1128 1916
f 481 1038 1808
f 420 917 1789
f 510 1097 1825
f 555 1187 1843
f 571 1218 1862
f 540 1157 1933
f 473 1020 2110
f 447 972 2020
f 507 1092 2236
f 534 1145 2257
f 469 1014 2042
f 435 947 1947
f 498 1073 2059
f 529 1133 2077
f 545 1164 2096
f 487 1049 2113
f 574 1223 2023
f 562 1199 2239
f 520 1116 2254
f 432 942 1930
f 589 1283 1818
f 583 1259 1798
f 586 1295 1834
f 593 1313 1852
f 596 1331 1872
f 599 1379 1942
f 633 1541 2120
f 620 1452 2030
f 640 1578 2248
f 603 1368 2263
f 622 1487 2052
f 607 1391 1955
f 612 1440 2065
f 626 1511 2086
f 629 1529 2106
f 631 1547 2122
f 614 1469 2032
f 618 1458 2245
f 641 1584 2266
f 605 1362 1940
f 409 1269 1813
f 405 1245 1792
f 411 1252 1828
f 414 1288 1846
f 417 1306 1867
f 431 1336 1936
f 488 1551 2123
f 575 1473 2033
f 563 1599 2249
f 519 1354 2260
f 454 1479 2049
f 450 1401 1959
f 456 1408 2062
f 459 1492 2080
f 462 1504 2101
f 472 1533 2116
f 446 1414 2026
f 506 1444 2242
f 535 1594 2267
f 541 1383 1943
f 570 1323 1869
f 480 1275 1815
f 421 1263 1799
f 511 1299 1835
f 556 1317 1853
f 484 1341 1889
f 580 1564 2195
f 567 1462 2319
f 522 1588 2283
f 427 1347 1905
f 544 1521 2103
f 468 1420 2046
f 436 1395 1957
f 499 1497 2069
f 530 1515 2087
f 548 1557 2141
f 466 1425 1979
f 442 1431 1993
f 505 1570 2229
f 536 1372 2296
f 491 1282 2188
f 423 1258 1882
f 513 1294 1902
f 564 1312 2280
f 581 1330 2316
f 549 1378 2172
f 477 1540 2157
f 445 1449 2011
f 503 1575 2209
f 525 1365 1923
f 474 1486 2134
f 438 1390 1972
f 495 1437 1995
f 532 1510 2226
f 552 1528 2303
f 490 1546 2175
f 577 1468 2154
f 559 1455 2013
f 517 1581 2211
f 430 1359 1921
f 590 1272 1865
f 584 1248 1811
f 585 1253 1796
f 592 1289 1832
f 595 1307 1850
f 598 1337 1888
f 636 1554 2194
f 621 1476 2322
f 642 1602 2286
f 601 1355 1908
f 623 1482 2099
f 611 1404 2045
f 609 1409 1962
f 625 1493 2068
f 628 1505 2084
f 632 1536 2140
f 613 1415 1976
f 616 1445 1998
f 638 1595 2232
f 606 1386 2299
f 407 909 2330
f 403 891 2324
f 404 886 2325
f 410 898 2332
f 413 904 2335
f 422 922 2344
f 486 1060 2410
f 573 1240 2497
f 561 1204 2486
f 512 1102 2434
f 452 999 2375
f 448 981 2369
f 449 976 2370
f 455 988 2377
f 458 994 2380
f 470 1024 2393
f 437 952 2359
f 494 1066 2415
f 531 1138 2455
f 539 1179 2461
f 568 1233 2489
f 478 1041 2399
f 419 927 2341
f 509 1119 2431
f 554 1209 2476
f 482 1053 2405
f 576 1228 2500
f 558 1192 2481
f 516 1108 2439
f 425 933 2348
f 542 1167 2465
f 463 1005 2383
f 434 957 2356
f 497 1083 2420
f 528 1150 2452
f 546 1174 2471
f 464 1029 2386
f 440 963 2363
f 500 1077 2422
f 524 1126 2445
f 479 1036 2400
f 418 915 2338
f 508 1095 2428
f 553 1185 2473
f 569 1216 2490
f 538 1155 2458
f 471 1018 2394
f 443 970 2366
f 501 1090 2425
f 523 1143 2444
f 467 1012 2389
f 433 945 2353
f 493 1071 2414
f 527 1131 2449
f 543 1162 2466
f 485 1047 2407
f 572 1221 2494
f 557 1197 2480
f 515 1114 2438
f 428 940 2351
f 591 1284 2510
f 587 1260 2504
f 588 1296 2508
f 594 1314 2514
f 597 1332 2517
f 600 1380 2520
f 634 1542 2554
f 619 1451 2539
f 639 1577 2560
f 602 1367 2523
f 624 1488 2543
f 608 1392 2527
f 610 1439 2532
f 627 1512 2547
f 630 1530 2550
f 635 1548 2552
f 615 1470 2535
f 617 1457 2538
f 637 1583 2558
f 604 1361 2524
f 167 1616 1607
f 164 1608 1603
f 163 1606 1604
f 165 1612 1610
f 166 1615 1613
f 169 1624 1622
f 192 1692 1686
f 222 1782 1773
f 216 1765 1761
f 199 1714 1712
f 182 1661 1652
f 179 1653 1648
f 178 1651 1649
f 180 1657 1655
f 181 1660 1658
f 186 1675 1670
f 174 1639 1637
f 193 1696 1694
f 205 1733 1731
f 212 1751 1739
f 221 1779 1768
f 189 1683 1678
f 170 1626 1619
f 202 1721 1709
f 217 1766 1754
f 191 1689 1682
f 220 1778 1776
f 214 1760 1758
f 200 1718 1716
f 171 1629 1625
f 210 1747 1742
f 183 1665 1663
f 175 1641 1634
f 196 1704 1697
f 207 1737 1728
f 211 1750 1746
f 187 1676 1664
f 176 1644 1640
f 195 1702 1700
f 203 1726 1724
f 188 1681 1679
f 168 1620 1618
f 198 1710 1708
f 213 1755 1753
f 218 1771 1769
f 208 1740 1738
f 185 1673 1671
f 177 1647 1643
f 197 1707 1701
f 206 1734 1723
f 184 1669 1667
f 173 1635 1633
f 194 1698 1693
f 204 1729 1727
f 209 1745 1743
f 190 1687 1685
f 219 1774 1772
f 215 1762 1757
f 201 1720 1715
f 172 1632 1628
f 357 2189 2187
f 255 1883 1881
f 262 1903 1899
f 388 2281 2277
f 400 2317 2313
f 352 2173 2169
f 347 2158 2156
f 298 2012 2010
f 364 2210 2208
f 269 1924 1917
f 339 2135 2133
f 285 1973 1971
f 293 1996 1989
f 370 2227 2223
f 396 2304 2300
f 353 2176 2174
f 346 2155 2151
f 299 2014 2007
f 365 2212 2205
f 268 1922 1920
f 249 1864 1855
f 231 1810 1801
f 226 1795 1784
f 238 1831 1820
f 244 1849 1838
f 257 1887 1874
f 359 2193 2180
f 402 2321 2310
f 390 2285 2274
f 264 1907 1896
f 327 2098 2089
f 309 2044 2035
f 282 1961 1950
f 317 2067 2054
f 322 2083 2072
f 341 2139 2126
f 286 1975 1964
f 294 1997 1986
f 372 2231 2220
f 394 2298 2291
f 358 2190 2183
f 256 1884 1877
f 261 1900 1891
f 387 2278 2269
f 399 2314 2305
f 351 2170 2161
f 348 2159 2148
f 300 2015 2004
f 366 2213 2202
f 267 1918 1909
f 340 2136 2129
f 287 1977 1967
f 291 1990 1981
f 369 2224 2215
f 395 2301 2288
f 354 2177 2166
f 345 2152 2143
f 297 2008 1999
f 363 2206 2197
f 270 1925 1914
f 234 1817 1806
f 227 1797 1787
f 239 1833 1823
f 245 1851 1841
f 252 1871 1860
f 275 1941 1931
f 334 2119 2108
f 304 2029 2018
f 377 2247 2234
f 382 2262 2255
f 312 2051 2040
f 279 1954 1945
f 316 2064 2057
f 323 2085 2075
f 330 2105 2094
f 335 2121 2111
f 305 2031 2021
f 376 2244 2237
f 383 2265 2252
f 274 1939 1928
f 232 1814 1812
f 225 1793 1791
f 237 1829 1827
f 243 1847 1845
f 250 1868 1866
f 273 1937 1935
f 336 2124 2118
f 306 2034 2028
f 378 2250 2246
f 381 2261 2259
f 311 2050 2048
f 281 1960 1953
f 315 2063 2061
f 321 2081 2079
f 328 2102 2100
f 333 2117 2115
f 303 2027 2025
f 375 2243 2241
f 384 2268 2264
f 276 1944 1938
f 229 1804 1802
f 223 1785 1783
f 235 1821 1819
f 241 1839 1837
f 247 1858 1856
f 271 1929 1927
f 332 2114 2112
f 302 2024 2022
f 374 2240 2238
f 379 2253 2251
f 307 2038 2036
f 278 1951 1949
f 313 2055 2053
f 319 2073 2071
f 325 2092 2090
f 331 2109 2107
f 301 2019 2017
f 373 2235 2233
f 380 2258 2256
f 272 1934 1932
f 248 1861 1859
f 230 1807 1805
f 224 1790 1788
f 236 1826 1824
f 242 1844 1842
f 254 1880 1878
f 356 2186 2184
f 397 2308 2306
f 385 2272 2270
f 259 1894 1892
f 326 2095 2093
f 308 2041 2039
f 277 1948 1946
f 314 2060 2058
f 320 2078 2076
f 338 2132 2130
f 284 1970 1968
f 289 1984 1982
f 367 2218 2216
f 391 2289 2287
f 355 2181 2179
f 253 1875 1873
f 260 1897 1895
f 386 2275 2273
f 398 2311 2309
f 350 2167 2165
f 343 2146 2144
f 295 2002 2000
f 361 2200 2198
f 266 1915 1913
f 337 2127 2125
f 283 1965 1963
f 290 1987 1985
f 368 2221 2219
f 392 2294 2292
f 349 2164 2162
f 344 2149 2147
f 296 2005 2003
f 362 2203 2201
f 265 1912 1910
f 251 1870 1863
f 233 1816 1809
f 228 1800 1794
f 240 1836 1830
f 246 1854 1848
f 258 1890 1886
f 360 2196 2192
f 401 2320 2318
f 389 2284 2282
f 263 1906 1904
f 329 2104 2097
f 310 2047 2043
f 280 1958 1956
f 318 2070 2066
f 324 2088 2082
f 342 2142 2138
f 288 1980 1974
f 292 1994 1992
f 371 2230 2228
f 393 2297 2295
f 409 2329 2331
f 405 2323 2327
f 411 2326 2328
f 414 2333 2334
f 417 2336 2337
f 431 2345 2346
f 488 2409 2412
f 575 2496 2499
f 563 2485 2487
f 519 2435 2436
f 454 2374 2376
f 450 2368 2372
f 456 2371 2373
f 459 2378 2379
f 462 2381 2382
f 472 2392 2396
f 446 2360 2361
f 506 2416 2418
f 535 2456 2457
f 541 2460 2463
f 570 2488 2492
f 480 2398 2402
f 421 2340 2343
f 511 2430 2433
f 556 2475 2478
f 484 2404 2406
f 580 2501 2502
f 567 2482 2484
f 522 2440 2442
f 427 2347 2349
f 544 2464 2468
f 468 2384 2387
f 436 2355 2358
f 499 2419 2421
f 530 2451 2454
f 548 2470 2472
f 466 2385 2388
f 442 2362 2364
f 505 2423 2426
f 536 2446 2448
f 491 2401 2403
f 423 2339 2342
f 513 2429 2432
f 564 2474 2477
f 581 2491 2493
f 549 2459 2462
f 477 2395 2397
f 445 2365 2367
f 503 2424 2427
f 525 2443 2447
f 474 2390 2391
f 438 2354 2357
f 495 2413 2417
f 532 2450 2453
f 552 2467 2469
f 490 2408 2411
f 577 2495 2498
f 559 2479 2483
f 517 2437 2441
f 430 2350 2352
f 590 2511 2509
f 584 2505 2503
f 585 2507 2506
f 592 2513 2512
f 595 2516 2515
f 598 2519 2518
f 636 2556 2555
f 621 2540 2541
f 642 2561 2562
f 601 2521 2522
f 623 2544 2542
f 611 2529 2528
f 609 2530 2531
f 625 2546 2545
f 628 2549 2548
f 632 2553 2551
f 613 2534 2533
f 616 2536 2537
f 638 2557 2559
f 606 2525 2526
f 1607 644 647
f 1603 643 644
f 1604 645 643
f 1610 646 645
f 1613 647 646
f 1622 652 649
f 1686 670 672
f 1773 699 702
f 1761 695 696
f 1712 681 679
f 1652 659 662
f 1648 658 659
f 1649 660 658
f 1655 661 660
f 1658 662 661
f 1670 665 666
f 1637 657 654
f 1694 677 673
f 1731 686 685
f 1739 688 692
f 1768 698 701
f 1678 668 669
f 1619 648 650
f 1709 678 682
f 1754 693 697
f 1682 669 671
f 1776 701 700
f 1758 697 694
f 1716 682 680
f 1625 650 651
f 1742 689 690
f 1663 664 663
f 1634 653 655
f 1697 674 676
f 1728 684 687
f 1746 690 691
f 1664 663 667
f 1640 655 656
f 1700 676 675
f 1724 687 683
f 1679 672 668
f 1618 649 648
f 1708 679 678
f 1753 696 693
f 1769 702 698
f 1738 691 688
f 1671 667 665
f 1643 656 657
f 1701 675 677
f 1723 683 686
f 1667 666 664
f 1633 654 653
f 1693 673 674
f 1727 685 684
f 1743 692 689
f 1685 671 670
f 1772 700 699
f 1757 694 695
f 1715 680 681
f 1628 651 652
f 2187 838 837
f 1881 736 735
f 1899 741 742
f 2277 867 868
f 2313 879 880
f 2169 831 832
f 2156 828 827
f 2010 780 778
f 2208 846 844
f 1917 747 749
f 2133 820 819
f 1971 767 765
f 1989 771 773
f 2223 849 850
f 2300 875 876
f 2174 834 833
f 2151 825 826
f 2007 777 779
f 2205 843 845
f 1920 750 748
f 1855 727 729
f 1801 709 711
f 1784 703 706
f 1820 715 718
f 1838 721 724
f 1874 733 737
f 2180 835 839
f 2310 878 882
f 2274 866 870
f 1896 740 744
f 2089 805 807
f 2035 787 789
f 1950 758 762
f 2054 793 797
f 2072 799 802
f 2126 817 821
f 1964 763 766
f 1986 770 774
f 2220 848 852
f 2291 872 874
f 2183 836 838
f 1877 734 736
f 1891 739 741
f 2269 865 867
f 2305 877 879
f 2161 829 831
f 2148 824 828
f 2004 776 780
f 2202 842 846
f 1909 745 747
f 2129 818 820
f 1967 764 767
f 1981 769 771
f 2215 847 849
f 2288 871 875
f 2166 830 834
f 2143 823 825
f 1999 775 777
f 2197 841 843
f 1914 746 750
f 1806 710 714
f 1787 704 707
f 1823 716 719
f 1841 722 725
f 1860 728 732
f 1931 752 755
f 2108 811 814
f 2018 781 784
f 2234 853 857
f 2255 860 862
f 2040 788 792
f 1945 757 759
f 2057 794 796
f 2075 800 803
f 2094 806 810
f 2111 812 815
f 2021 782 785
f 2237 854 856
f 2252 859 863
f 1928 751 754
f 1812 714 712
f 1791 707 705
f 1827 719 717
f 1845 725 723
f 1866 732 730
f 1935 755 753
f 2118 814 816
f 2028 784 786
f 2246 857 858
f 2259 862 861
f 2048 792 791
f 1953 759 761
f 2061 796 795
f 2079 803 801
f 2100 810 808
f 2115 815 813
f 2025 785 783
f 2241 856 855
f 2264 863 864
f 1938 754 756
f 1802 712 709
f 1783 705 703
f 1819 717 715
f 1837 723 721
f 1856 730 727
f 1927 753 751
f 2112 816 812
f 2022 786 782
f 2238 858 854
f 2251 861 859
f 2036 791 787
f 1949 761 758
f 2053 795 793
f 2071 801 799
f 2090 808 805
f 2107 813 811
f 2017 783 781
f 2233 855 853
f 2256 864 860
f 1932 756 752
f 1859 731 728
f 1805 713 710
f 1788 708 704
f 1824 720 716
f 1842 726 722
f 1878 738 734
f 2184 840 836
f 2306 881 877
f 2270 869 865
f 1892 743 739
f 2093 809 806
f 2039 790 788
f 1946 760 757
f 2058 798 794
f 2076 804 800
f 2130 822 818
f 1968 768 764
f 1982 772 769
f 2216 851 847
f 2287 873 871
f 2179 837 835
f 1873 735 733
f 1895 742 740
f 2273 868 866
f 2309 880 878
f 2165 832 830
f 2144 827 823
f 2000 778 775
f 2198 844 841
f 1913 749 746
f 2125 819 817
f 1963 765 763
f 1985 773 770
f 2219 850 848
f 2292 876 872
f 2162 833 829
f 2147 826 824
f 2003 779 776
f 2201 845 842
f 1910 748 745
f 1863 729 731
f 1809 711 713
f 1794 706 708
f 1830 718 720
f 1848 724 726
f 1886 737 738
f 2192 839 840
f 2318 882 881
f 2282 870 869
f 1904 744 743
f 2097 807 809
f 2043 789 790
f 1956 762 760
f 2066 797 798
f 2082 802 804
f 2138 821 822
f 1974 766 768
f 1992 774 772
f 2228 852 851
f 2295 874 873
f 2331 1270 1269
f 2327 1246 1245
f 2328 1251 1252
f 2334 1287 1288
f 2337 1305 1306
f 2346 1335 1336
f 2412 1552 1551
f 2499 1474 1473
f 2487 1600 1599
f 2436 1353 1354
f 2376 1480 1479
f 2372 1402 1401
f 2373 1407 1408
f 2379 1491 1492
f 2382 1503 1504
f 2396 1534 1533
f 2361 1413 1414
f 2418 1443 1444
f 2457 1593 1594
f 2463 1384 1383
f 2492 1324 1323
f 2402 1276 1275
f 2343 1264 1263
f 2433 1300 1299
f 2478 1318 1317
f 2406 1342 1341
f 2502 1563 1564
f 2484 1461 1462
f 2442 1587 1588
f 2349 1348 1347
f 2468 1522 1521
f 2387 1419 1420
f 2358 1396 1395
f 2421 1498 1497
f 2454 1516 1515
f 2472 1558 1557
f 2388 1426 1425
f 2364 1432 1431
f 2426 1569 1570
f 2448 1371 1372
f 2403 1281 1282
f 2342 1257 1258
f 2432 1293 1294
f 2477 1311 1312
f 2493 1329 1330
f 2462 1377 1378
f 2397 1539 1540
f 2367 1450 1449
f 2427 1576 1575
f 2447 1366 1365
f 2391 1485 1486
f 2357 1389 1390
f 2417 1438 1437
f 2453 1509 1510
f 2469 1527 1528
f 2411 1545 1546
f 2498 1467 1468
f 2483 1456 1455
f 2441 1582 1581
f 2352 1360 1359
f 2509 1271 1272
f 2503 1247 1248
f 2506 1254 1253
f 2512 1290 1289
f 2515 1308 1307
f 2518 1338 1337
f 2555 1553 1554
f 2541 1475 1476
f 2562 1601 1602
f 2522 1356 1355
f 2542 1481 1482
f 2528 1403 1404
f 2531 1410 1409
f 2545 1494 1493
f 2548 1506 1505
f 2551 1535 1536
f 2533 1416 1415
f 2537 1446 1445
f 2559 1596 1595
f 2526 1385 1386
f 1616 907 909
f 1608 889 891
f 1606 883 886
f 1612 895 898
f 1615 901 904
f 1624 919 922
f 1692 1057 1060
f 1782 1237 1240
f 1765 1201 1204
f 1714 1099 1102
f 1661 997 999
f 1653 979 981
f 1651 973 976
f 1657 985 988
f 1660 991 994
f 1675 1021 1024
f 1639 949 952
f 1696 1063 1066
f 1733 1135 1138
f 1751 1177 1179
f 1779 1231 1233
f 1683 1039 1041
f 1626 925 927
f 1721 1117 1119
f 1766 1207 1209
f 1689 1051 1053
f 1778 1225 1228
f 1760 1189 1192
f 1718 1105 1108
f 1629 931 933
f 1747 1165 1167
f 1665 1003 1005
f 1641 955 957
f 1704 1081 1083
f 1737 1147 1150
f 1750 1171 1174
f 1676 1027 1029
f 1644 961 963
f 1702 1075 1077
f 1726 1123 1126
f 1681 1033 1036
f 1620 913 915
f 1710 1093 1095
f 1755 1183 1185
f 1771 1213 1216
f 1740 1153 1155
f 1673 1015 1018
f 1647 967 970
f 1707 1087 1090
f 1734 1141 1143
f 1669 1009 1012
f 1635 943 945
f 1698 1069 1071
f 1729 1129 1131
f 1745 1159 1162
f 1687 1045 1047
f 1774 1219 1221
f 1762 1195 1197
f 1720 1111 1114
f 1632 937 940
f 2189 1280 1284
f 1883 1256 1260
f 1903 1292 1296
f 2281 1310 1314
f 2317 1328 1332
f 2173 1376 1380
f 2158 1538 1542
f 2012 1447 1451
f 2210 1573 1577
f 1924 1363 1367
f 2135 1484 1488
f 1973 1388 1392
f 1996 1435 1439
f 2227 1508 1512
f 2304 1526 1530
f 2176 1544 1548
f 2155 1466 1470
f 2014 1453 1457
f 2212 1579 1583
f 1922 1357 1361
f 1864 1268 1270
f 1810 1244 1246
f 1795 1249 1251
f 1831 1285 1287
f 1849 1303 1305
f 1887 1333 1335
f 2193 1550 1552
f 2321 1472 1474
f 2285 1598 1600
f 1907 1351 1353
f 2098 1478 1480
f 2044 1400 1402
f 1961 1405 1407
f 2067 1489 1491
f 2083 1501 1503
f 2139 1532 1534
f 1975 1411 1413
f 1997 1441 1443
f 2231 1591 1593
f 2298 1382 1384
f 2190 1322 1324
f 1884 1274 1276
f 1900 1262 1264
f 2278 1298 1300
f 2314 1316 1318
f 2170 1340 1342
f 2159 1561 1563
f 2015 1459 1461
f 2213 1585 1587
f 1918 1346 1348
f 2136 1520 1522
f 1977 1417 1419
f 1990 1394 1396
f 2224 1496 1498
f 2301 1514 1516
f 2177 1556 1558
f 2152 1424 1426
f 2008 1430 1432
f 2206 1567 1569
f 1925 1369 1371
f 1817 1279 1281
f 1797 1255 1257
f 1833 1291 1293
f 1851 1309 1311
f 1871 1327 1329
f 1941 1375 1377
f 2119 1537 1539
f 2029 1448 1450
f 2247 1574 1576
f 2262 1364 1366
f 2051 1483 1485
f 1954 1387 1389
f 2064 1436 1438
f 2085 1507 1509
f 2105 1525 1527
f 2121 1543 1545
f 2031 1465 1467
f 2244 1454 1456
f 2265 1580 1582
f 1939 1358 1360
f 1814 1267 1271
f 1793 1243 1247
f 1829 1250 1254
f 1847 1286 1290
f 1868 1304 1308
f 1937 1334 1338
f 2124 1549 1553
f 2034 1471 1475
f 2250 1597 1601
f 2261 1352 1356
f 2050 1477 1481
f 1960 1399 1403
f 2063 1406 1410
f 2081 1490 1494
f 2102 1502 1506
f 2117 1531 1535
f 2027 1412 1416
f 2243 1442 1446
f 2268 1592 1596
f 1944 1381 1385
f 1804 890 894
f 1785 884 887
f 1821 896 899
f 1839 902 905
f 1858 908 912
f 1929 938 941
f 2114 1046 1050
f 2024 1220 1224
f 2240 1196 1200
f 2253 1112 1115
f 2038 980 984
f 1951 974 977
f 2055 986 989
f 2073 992 995
f 2092 998 1002
f 2109 1016 1019
f 2019 968 971
f 2235 1088 1091
f 2258 1142 1146
f 1934 1154 1158
f 1861 1214 1217
f 1807 1034 1037
f 1790 914 918
f 1826 1094 1098
f 1844 1184 1188
f 1880 1040 1044
f 2186 1232 1236
f 2308 1208 1212
f 2272 1118 1122
f 1894 926 930
f 2095 1160 1163
f 2041 1010 1013
f 1948 944 948
f 2060 1070 1074
f 2078 1130 1134
f 2132 1166 1170
f 1970 1004 1008
f 1984 956 960
f 2218 1082 1086
f 2289 1148 1151
f 2181 1058 1061
f 1875 920 923
f 1897 1100 1103
f 2275 1202 1205
f 2311 1238 1241
f 2167 1172 1175
f 2146 1028 1032
f 2002 962 966
f 2200 1076 1080
f 1915 1124 1127
f 2127 1022 1025
f 1965 950 953
f 1987 1064 1067
f 2221 1136 1139
f 2294 1178 1182
f 2164 1052 1056
f 2149 1226 1229
f 2005 1190 1193
f 2203 1106 1109
f 1912 932 936
f 1870 1321 1325
f 1816 1273 1277
f 1800 1261 1265
f 1836 1297 1301
f 1854 1315 1319
f 1890 1339 1343
f 2196 1562 1566
f 2320 1460 1464
f 2284 1586 1590
f 1906 1345 1349
f 2104 1519 1523
f 2047 1418 1422
f 1958 1393 1397
f 2070 1495 1499
f 2088 1513 1517
f 2142 1555 1559
f 1980 1423 1427
f 1994 1429 1433
f 2230 1568 1572
f 2297 1370 1374
f 2329 894 892
f 2323 887 885
f 2326 899 897
f 2333 905 903
f 2336 912 910
f 2345 941 939
f 2409 1050 1048
f 2496 1224 1222
f 2485 1200 1198
f 2435 1115 1113
f 2374 984 982
f 2368 977 975
f 2371 989 987
f 2378 995 993
f 2381 1002 1000
f 2392 1019 1017
f 2360 971 969
f 2416 1091 1089
f 2456 1146 1144
f 2460 1158 1156
f 2488 1217 1215
f 2398 1037 1035
f 2340 918 916
f 2430 1098 1096
f 2475 1188 1186
f 2404 1044 1042
f 2501 1236 1234
f 2482 1212 1210
f 2440 1122 1120
f 2347 930 928
f 2464 1163 1161
f 2384 1013 1011
f 2355 948 946
f 2419 1074 1072
f 2451 1134 1132
f 2470 1170 1168
f 2385 1008 1006
f 2362 960 958
f 2423 1086 1084
f 2446 1151 1149
f 2401 1061 1059
f 2339 923 921
f 2429 1103 1101
f 2474 1205 1203
f 2491 1241 1239
f 2459 1175 1173
f 2395 1032 1030
f 2365 966 964
f 2424 1080 1078
f 2443 1127 1125
f 2390 1025 1023
f 2354 953 951
f 2413 1067 1065
f 2450 1139 1137
f 2467 1182 1180
f 2408 1056 1054
f 2495 1229 1227
f 2479 1193 1191
f 2437 1109 1107
f 2350 936 934
f 2511 1325 1326
f 2505 1277 1278
f 2507 1265 1266
f 2513 1301 1302
f 2516 1319 1320
f 2519 1343 1344
f 2556 1566 1565
f 2540 1464 1463
f 2561 1590 1589
f 2521 1349 1350
f 2544 1523 1524
f 2529 1422 1421
f 2530 1397 1398
f 2546 1499 1500
f 2549 1517 1518
f 2553 1559 1560
f 2534 1427 1428
f 2536 1433 1434
f 2557 1572 1571
f 2525 1374 1373
f 1609 892 889
f 1605 885 883
f 1611 897 895
f 1614 903 901
f 1617 910 907
f 1631 939 937
f 1688 1048 1045
f 1775 1222 1219
f 1763 1198 1195
f 1719 1113 1111
f 1654 982 979
f 1650 975 973
f 1656 987 985
f 1659 993 991
f 1662 1000 997
f 1672 1017 1015
f 1646 969 967
f 1706 1089 1087
f 1735 1144 1141
f 1741 1156 1153
f 1770 1215 1213
f 1680 1035 1033
f 1621 916 913
f 1711 1096 1093
f 1756 1186 1183
f 1684 1042 1039
f 1780 1234 1231
f 1767 1210 1207
f 1722 1120 1117
f 1627 928 925
f 1744 1161 1159
f 1668 1011 1009
f 1636 946 943
f 1699 1072 1069
f 1730 1132 1129
f 1748 1168 1165
f 1666 1006 1003
f 1642 958 955
f 1705 1084 1081
f 1736 1149 1147
f 1691 1059 1057
f 1623 921 919
f 1713 1101 1099
f 1764 1203 1201
f 1781 1239 1237
f 1749 1173 1171
f 1677 1030 1027
f 1645 964 961
f 1703 1078 1075
f 1725 1125 1123
f 1674 1023 1021
f 1638 951 949
f 1695 1065 1063
f 1732 1137 1135
f 1752 1180 1177
f 1690 1054 1051
f 1777 1227 1225
f 1759 1191 1189
f 1717 1107 1105
f 1630 934 931
f 2191 1326 1322
f 1885 1278 1274
f 1901 1266 1262
f 2279 1302 1298
f 2315 1320 1316
f 2171 1344 1340
f 2160 1565 1561
f 2016 1463 1459
f 2214 1589 1585
f 1919 1350 1346
f 2137 1524 1520
f 1978 1421 1417
f 1991 1398 1394
f 2225 1500 1496
f 2302 1518 1514
f 2178 1560 1556
f 2153 1428 1424
f 2009 1434 1430
f 2207 1571 1567
f 1926 1373 1369
f 1857 911 908
f 1803 893 890
f 1786 888 884
f 1822 900 896
f 1840 906 902
f 1876 924 920
f 2182 1062 1058
f 2312 1242 1238
f 2276 1206 1202
f 1898 1104 1100
f 2091 1001 998
f 2037 983 980
f 1952 978 974
f 2056 990 986
f 2074 996 992
f 2128 1026 1022
f 1966 954 950
f 1988 1068 1064
f 2222 1140 1136
f 2293 1181 1178
f 2185 1235 1232
f 1879 1043 1040
f 1893 929 926
f 2271 1121 1118
f 2307 1211 1208
f 2163 1055 1052
f 2150 1230 1226
f 2006 1194 1190
f 2204 1110 1106
f 1911 935 932
f 2131 1169 1166
f 1969 1007 1004
f 1983 959 956
f 2217 1085 1082
f 2290 1152 1148
f 2168 1176 1172
f 2145 1031 1028
f 2001 965 962
f 2199 1079 1076
f 1916 1128 1124
f 1808 1038 1034
f 1789 917 914
f 1825 1097 1094
f 1843 1187 1184
f 1862 1218 1214
f 1933 1157 1154
f 2110 1020 1016
f 2020 972 968
f 2236 1092 1088
f 2257 1145 1142
f 2042 1014 1010
f 1947 947 944
f 2059 1073 1070
f 2077 1133 1130
f 2096 1164 1160
f 2113 1049 1046
f 2023 1223 1220
f 2239 1199 1196
f 2254 1116 1112
f 1930 942 938
f 1818 1283 1279
f 1798 1259 1255
f 1834 1295 1291
f 1852 1313 1309
f 1872 1331 1327
f 1942 1379 1375
f 2120 1541 1537
f 2030 1452 1448
f 2248 1578 1574
f 2263 1368 1364
f 2052 1487 1483
f 1955 1391 1387
f 2065 1440 1436
f 2086 1511 1507
f 2106 1529 1525
f 2122 1547 1543
f 2032 1469 1465
f 2245 1458 1454
f 2266 1584 1580
f 1940 1362 1358
f 1813 1269 1267
f 1792 1245 1243
f 1828 1252 1250
f 1846 1288 1286
f 1867 1306 1304
f 1936 1336 1334
f 2123 1551 1549
f 2033 1473 1471
f 2249 1599 1597
f 2260 1354 1352
f 2049 1479 1477
f 1959 1401 1399
f 2062 1408 1406
f 2080 1492 1490
f 2101 1504 1502
f 2116 1533 1531
f 2026 1414 1412
f 2242 1444 1442
f 2267 1594 1592
f 1943 1383 1381
f 1869 1323 1321
f 1815 1275 1273
f 1799 1263 1261
f 1835 1299 1297
f 1853 1317 1315
f 1889 1341 1339
f 2195 1564 1562
f 2319 1462 1460
f 2283 1588 1586
f 1905 1347 1345
f 2103 1521 1519
f 2046 1420 1418
f 1957 1395 1393
f 2069 1497 1495
f 2087 1515 1513
f 2141 1557 1555
f 1979 1425 1423
f 1993 1431 1429
f 2229 1570 1568
f 2296 1372 1370
f 2188 1282 1280
f 1882 1258 1256
f 1902 1294 1292
f 2280 1312 1310
f 2316 1330 1328
f 2172 1378 1376
f 2157 1540 1538
f 2011 1449 1447
f 2209 1575 1573
f 1923 1365 1363
f 2134 1486 1484
f 1972 1390 1388
f 1995 1437 1435
f 2226 1510 1508
f 2303 1528 1526
f 2175 1546 1544
f 2154 1468 1466
f 2013 1455 1453
f 2211 1581 1579
f 1921 1359 1357
f 1865 1272 1268
f 1811 1248 1244
f 1796 1253 1249
f 1832 1289 1285
f 1850 1307 1303
f 1888 1337 1333
f 2194 1554 1550
f 2322 1476 1472
f 2286 1602 1598
f 1908 1355 1351
f 2099 1482 1478
f 2045 1404 1400
f 1962 1409 1405
f 2068 1493 1489
f 2084 1505 1501
f 2140 1536 1532
f 1976 1415 1411
f 1998 1445 1441
f 2232 1595 1591
f 2299 1386 1382
f 2330 909 911
f 2324 891 893
f 2325 886 888
f 2332 898 900
f 2335 904 906
f 2344 922 924
f 2410 1060 1062
f 2497 1240 1242
f 2486 1204 1206
f 2434 1102 1104
f 2375 999 1001
f 2369 981 983
f 2370 976 978
f 2377 988 990
f 2380 994 996
f 2393 1024 1026
f 2359 952 954
f 2415 1066 1068
f 2455 1138 1140
f 2461 1179 1181
f 2489 1233 1235
f 2399 1041 1043
f 2341 927 929
f 2431 1119 1121
f 2476 1209 1211
f 2405 1053 1055
f 2500 1228 1230
f 2481 1192 1194
f 2439 1108 1110
f 2348 933 935
f 2465 1167 1169
f 2383 1005 1007
f 2356 957 959
f 2420 1083 1085
f 2452 1150 1152
f 2471 1174 1176
f 2386 1029 1031
f 2363 963 965
f 2422 1077 1079
f 2445 1126 1128
f 2400 1036 1038
f 2338 915 917
f 2428 1095 1097
f 2473 1185 1187
f 2490 1216 1218
f 2458 1155 1157
f 2394 1018 1020
f 2366 970 972
f 2425 1090 1092
f 2444 1143 1145
f 2389 1012 1014
f 2353 945 947
f 2414 1071 1073
f 2449 1131 1133
f 2466 1162 1164
f 2407 1047 1049
f 2494 1221 1223
f 2480 1197 1199
f 2438 1114 1116
f 2351 940 942
f 2510 1284 1283
f 2504 1260 1259
f 2508 1296 1295
f 2514 1314 1313
f 2517 1332 1331
f 2520 1380 1379
f 2554 1542 1541
f 2539 1451 1452
f 2560 1577 1578
f 2523 1367 1368
f 2543 1488 1487
f 2527 1392 1391
f 2532 1439 1440
f 2547 1512 1511
f 2550 1530 1529
f 2552 1548 1547
f 2535 1470 1469
f 2538 1457 1458
f 2558 1583 1584
f 2524 1361 1362
f 1607 1616 1609
f 1603 1608 1605
f 1604 1606 1611
f 1610 1612 1614
f 1613 1615 1617
f 1622 1624 1631
f 1686 1692 1688
f 1773 1782 1775
f 1761 1765 1763
f 1712 1714 1719
f 1652 1661 1654
f 1648 1653 1650
f 1649 1651 1656
f 1655 1657 1659
f 1658 1660 1662
f 1670 1675 1672
f 1637 1639 1646
f 1694 1696 1706
f 1731 1733 1735
f 1739 1751 1741
f 1768 1779 1770
f 1678 1683 1680
f 1619 1626 1621
f 1709 1721 1711
f 1754 1766 1756
f 1682 1689 1684
f 1776 1778 1780
f 1758 1760 1767
f 1716 1718 1722
f 1625 1629 1627
f 1742 1747 1744
f 1663 1665 1668
f 1634 1641 1636
f 1697 1704 1699
f 1728 1737 1730
f 1746 1750 1748
f 1664 1676 1666
f 1640 1644 1642
f 1700 1702 1705
f 1724 1726 1736
f 1679 1681 1691
f 1618 1620 1623
f 1708 1710 1713
f 1753 1755 1764
f 1769 1771 1781
f 1738 1740 1749
f 1671 1673 1677
f 1643 1647 1645
f 1701 1707 1703
f 1723 1734 1725
f 1667 1669 1674
f 1633 1635 1638
f 1693 1698 1695
f 1727 1729 1732
f 1743 1745 1752
f 1685 1687 1690
f 1772 1774 1777
f 1757 1762 1759
f 1715 1720 1717
f 1628 1632 1630
f 2187 2189 2191
f 1881 1883 1885
f 1899 1903 1901
f 2277 2281 2279
f 2313 2317 2315
f 2169 2173 2171
f 2156 2158 2160
f 2010 2012 2016
f 2208 2210 2214
f 1917 1924 1919
f 2133 2135 2137
f 1971 1973 1978
f 1989 1996 1991
f 2223 2227 2225
f 2300 2304 2302
f 2174 2176 2178
f 2151 2155 2153
f 2007 2014 2009
f 2205 2212 2207
f 1920 1922 1926
f 1855 1864 1857
f 1801 1810 1803
f 1784 1795 1786
f 1820 1831 1822
f 1838 1849 1840
f 1874 1887 1876
f 2180 2193 2182
f 2310 2321 2312
f 2274 2285 2276
f 1896 1907 1898
f 2089 2098 2091
f 2035 2044 2037
f 1950 1961 1952
f 2054 2067 2056
f 2072 2083 2074
f 2126 2139 2128
f 1964 1975 1966
f 1986 1997 1988
f 2220 2231 2222
f 2291 2298 2293
f 2183 2190 2185
f 1877 1884 1879
f 1891 1900 1893
f 2269 2278 2271
f 2305 2314 2307
f 2161 2170 2163
f 2148 2159 2150
f 2004 2015 2006
f 2202 2213 2204
f 1909 1918 1911
f 2129 2136 2131
f 1967 1977 1969
f 1981 1990 1983
f 2215 2224 2217
f 2288 2301 2290
f 2166 2177 2168
f 2143 2152 2145
f 1999 2008 2001
f 2197 2206 2199
f 1914 1925 1916
f 1806 1817 1808
f 1787 1797 1789
f 1823 1833 1825
f 1841 1851 1843
f 1860 1871 1862
f 1931 1941 1933
f 2108 2119 2110
f 2018 2029 2020
f 2234 2247 2236
f 2255 2262 2257
f 2040 2051 2042
f 1945 1954 1947
f 2057 2064 2059
f 2075 2085 2077
f 2094 2105 2096
f 2111 2121 2113
f 2021 2031 2023
f 2237 2244 2239
f 2252 2265 2254
f 1928 1939 1930
f 1812 1814 1818
f 1791 1793 1798
f 1827 1829 1834
f 1845 1847 1852
f 1866 1868 1872
f 1935 1937 1942
f 2118 2124 2120
f 2028 2034 2030
f 2246 2250 2248
f 2259 2261 2263
f 2048 2050 2052
f 1953 1960 1955
f 2061 2063 2065
f 2079 2081 2086
f 2100 2102 2106
f 2115 2117 2122
f 2025 2027 2032
f 2241 2243 2245
f 2264 2268 2266
f 1938 1944 1940
f 1802 1804 1813
f 1783 1785 1792
f 1819 1821 1828
f 1837 1839 1846
f 1856 1858 1867
f 1927 1929 1936
f 2112 2114 2123
f 2022 2024 2033
f 2238 2240 2249
f 2251 2253 2260
f 2036 2038 2049
f 1949 1951 1959
f 2053 2055 2062
f 2071 2073 2080
f 2090 2092 2101
f 2107 2109 2116
f 2017 2019 2026
f 2233 2235 2242
f 2256 2258 2267
f 1932 1934 1943
f 1859 1861 1869
f 1805 1807 1815
f 1788 1790 1799
f 1824 1826 1835
f 1842 1844 1853
f 1878 1880 1889
f 2184 2186 2195
f 2306 2308 2319
f 2270 2272 2283
f 1892 1894 1905
f 2093 2095 2103
f 2039 2041 2046
f 1946 1948 1957
f 2058 2060 2069
f 2076 2078 2087
f 2130 2132 2141
f 1968 1970 1979
f 1982 1984 1993
f 2216 2218 2229
f 2287 2289 2296
f 2179 2181 2188
f 1873 1875 1882
f 1895 1897 1902
f 2273 2275 2280
f 2309 2311 2316
f 2165 2167 2172
f 2144 2146 2157
f 2000 2002 2011
f 2198 2200 2209
f 1913 1915 1923
f 2125 2127 2134
f 1963 1965 1972
f 1985 1987 1995
f 2219 2221 2226
f 2292 2294 2303
f 2162 2164 2175
f 2147 2149 2154
f 2003 2005 2013
f 2201 2203 2211
f 1910 1912 1921
f 1863 1870 1865
f 1809 1816 1811
f 1794 1800 1796
f 1830 1836 1832
f 1848 1854 1850
f 1886 1890 1888
f 2192 2196 2194
f 2318 2320 2322
f 2282 2284 2286
f 1904 1906 1908
f 2097 2104 2099
f 2043 2047 2045
f 1956 1958 1962
f 2066 2070 2068
f 2082 2088 2084
f 2138 2142 2140
f 1974 1980 1976
f 1992 1994 1998
f 2228 2230 2232
f 2295 2297 2299
f 2331 2329 2330
f 2327 2323 2324
f 2328 2326 2325
f 2334 2333 2332
f 2337 2336 2335
f 2346 2345 2344
f 2412 2409 2410
f 2499 2496 2497
f 2487 2485 2486
f 2436 2435 2434
f 2376 2374 2375
f 2372 2368 2369
f 2373 2371 2370
f 2379 2378 2377
f 2382 2381 2380
f 2396 2392 2393
f 2361 2360 2359
f 2418 2416 2415
f 2457 2456 2455
f 2463 2460 2461
f 2492 2488 2489
f 2402 2398 2399
f 2343 2340 2341
f 2433 2430 2431
f 2478 2475 2476
f 2406 2404 2405
f 2502 2501 2500
f 2484 2482 2481
f 2442 2440 2439
f 2349 2347 2348
f 2468 2464 2465
f 2387 2384 2383
f 2358 2355 2356
f 2421 2419 2420
f 2454 2451 2452
f 2472 2470 2471
f 2388 2385 2386
f 2364 2362 2363
f 2426 2423 2422
f 2448 2446 2445
f 2403 2401 2400
f 2342 2339 2338
f 2432 2429 2428
f 2477 2474 2473
f 2493 2491 2490
f 2462 2459 2458
f 2397 2395 2394
f 2367 2365 2366
f 2427 2424 2425
f 2447 2443 2444
f 2391 2390 2389
f 2357 2354 2353
f 2417 2413 2414
f 2453 2450 2449
f 2469 2467 2466
f 2411 2408 2407
f 2498 2495 2494
f 2483 2479 2480
f 2441 2437 2438
f 2352 2350 2351
f 2509 2511 2510
f 2503 2505 2504
f 2506 2507 2508
f 2512 2513 2514
f 2515 2516 2517
f 2518 2519 2520
f 2555 2556 2554
f 2541 2540 2539
f 2562 2561 2560
f 2522 2521 2523
f 2542 2544 2543
f 2528 2529 2527
f 2531 2530 2532
f 2545 2546 2547
f 2548 2549 2550
f 2551 2553 2552
f 2533 2534 2535
f 2537 2536 2538
f 2559 2557 2558
f 2526 2525 2524