v -0.415066 0.626142 -0.016109
v 0.410053 0.633666 -0.019763
v -0.434510 -0.704121 -0.009157
v 0.435315 -0.707710 -0.012882
v 0.003525 -0.569194 0.839390
v 0.001809 0.380851 0.681890
v 0.001628 -0.432350 -0.699264
v -0.001576 0.530911 -0.851656
v 0.687610 -0.003279 -0.418689
v 0.719243 0.000061 0.441783
v -0.663811 0.002052 -0.402994
v -0.737104 -0.000028 0.453898
v 0.019789 0.720754 -0.062353
v -0.233530 0.532638 0.366566
v -0.269758 0.808698 -0.515981
v -0.640134 0.393498 -0.243902
v -0.663160 0.397408 0.254446
v 0.239307 0.523563 0.355221
v 0.258120 0.806936 -0.512221
v 0.648499 0.399351 -0.261003
v 0.646610 0.385954 0.245878
v 0.007422 -0.819025 -0.005591
v -0.304891 -0.735831 0.604820
v -0.248295 -0.664662 -0.395241
v -0.621091 -0.362067 -0.229005
v -0.655470 -0.411041 0.259428
v 0.274055 -0.861594 0.606056
v 0.252971 -0.662080 -0.411552
v 0.626857 -0.368628 -0.250019
v 0.663717 -0.417110 0.258196
v -0.000763 -0.013259 0.843521
v 0.421603 -0.275113 0.697807
v -0.427821 -0.277143 0.714316
v 0.398518 0.240329 0.643095
v -0.410041 0.249009 0.664398
v 0.002829 0.020563 -0.847432
v 0.413251 -0.254996 -0.661419
v -0.393117 -0.242614 -0.641745
v 0.435183 0.283971 -0.756609
v -0.429607 0.277988 -0.746439
v 0.852003 -0.002888 -0.010791
v -0.829459 0.001410 0.009218
v -0.201442 0.679277 -0.039918
v -0.335432 0.590427 0.161972
v -0.351018 0.682226 -0.241686
v -0.542877 0.560578 -0.132081
v -0.541989 0.534091 0.108866
v 0.207787 0.691481 -0.037341
v 0.333781 0.596015 0.154470
v 0.351414 0.682873 -0.235788
v 0.547922 0.562537 -0.136044
v 0.534103 0.536838 0.103486
v -0.246743 -0.835771 -0.020306
v -0.364767 -0.683165 0.213913
v -0.424034 -0.818957 -0.238092
v -0.525182 -0.558503 -0.102967
v -0.562951 -0.584893 0.136746
v 0.250045 -0.835673 -0.021143
v 0.350501 -0.680043 0.235741
v 0.429154 -0.826797 -0.251491
v 0.535016 -0.567167 -0.115709
v 0.571541 -0.604699 0.128668
v -0.207785 -0.878472 0.847187
v 0.160861 -0.714214 0.734661
v 0.003519 -0.260450 0.914930
v 0.252290 -0.445860 0.841589
v -0.241512 -0.443625 0.838756
v -0.110365 0.455033 0.559424
v 0.115118 0.445246 0.548943
v -0.000823 0.230858 0.764295
v 0.176948 0.331238 0.681854
v -0.184223 0.330088 0.687039
v -0.109031 -0.527898 -0.571472
v 0.120316 -0.533042 -0.581632
v 0.000754 -0.253871 -0.774086
v 0.198001 -0.366562 -0.709757
v -0.178221 -0.350367 -0.688336
v -0.150878 0.726973 -0.738123
v 0.155336 0.723465 -0.740677
v -0.002952 0.291956 -0.961747
v 0.237307 0.440519 -0.866218
v -0.233013 0.437801 -0.866344
v 0.703455 0.178689 -0.369620
v 0.691028 -0.176349 -0.362292
v 0.585424 -0.122290 -0.548067
v 0.588366 0.128984 -0.570679
v 0.797363 -0.003493 -0.246644
v 0.709064 0.180557 0.364835
v 0.708496 -0.186935 0.364597
v 0.599157 -0.117247 0.560336
v 0.597398 0.112434 0.558455
v 0.819867 -0.003219 0.258181
v -0.680964 0.179882 -0.342186
v -0.676098 -0.180233 -0.339133
v -0.571482 -0.119609 -0.554527
v -0.568755 0.125010 -0.556305
v -0.761455 0.000392 -0.219465
v -0.726026 0.189004 0.373797
v -0.722639 -0.191467 0.371166
v -0.613850 -0.119899 0.583567
v -0.610710 0.115185 0.579293
v -0.809624 -0.000060 0.251442
v -0.097315 0.631333 0.154428
v -0.094531 0.759472 -0.282761
v 0.121666 0.628174 0.145415
v 0.103855 0.779701 -0.276034
v -0.465480 0.483406 0.336134
v 0.009495 0.544210 0.363648
v -0.348476 0.423953 0.540140
v -0.518952 0.632445 -0.404456
v 0.000905 0.851486 -0.542638
v -0.360054 0.568453 -0.636432
v -0.688383 0.401716 -0.001652
v -0.523079 0.345948 -0.481181
v -0.776588 0.210015 -0.114431
v -0.561823 0.348906 0.485226
v -0.787568 0.210762 0.125189
v 0.456026 0.497252 0.331965
v 0.340242 0.428963 0.532021
v 0.493506 0.622551 -0.408904
v 0.368904 0.555518 -0.644800
v 0.689941 0.412306 -0.008197
v 0.540379 0.352005 -0.506630
v 0.791184 0.203774 -0.136384
v 0.548707 0.336486 0.468864
v 0.793125 0.212146 0.124891
v -0.075465 -0.746721 0.257537
v -0.142860 -0.859638 -0.250203
v 0.087280 -0.732822 0.326210
v 0.140925 -0.863037 -0.244856
v -0.494121 -0.598214 0.410113
v -0.059779 -0.844573 0.565438
v -0.401490 -0.585620 0.688082
v -0.439180 -0.518646 -0.330929
v -0.000587 -0.691026 -0.419558
v -0.329038 -0.448867 -0.537345
v -0.673952 -0.390126 0.008916
v -0.525537 -0.322364 -0.464223
v -0.775030 -0.209133 -0.113325
v -0.559529 -0.376678 0.503703
v -0.786956 -0.211375 0.124830
v 0.489718 -0.593616 0.410933
v 0.398557 -0.576100 0.702356
v 0.450805 -0.519043 -0.345164
v 0.340892 -0.447701 -0.544636
v 0.678853 -0.397164 0.001498
v 0.532749 -0.324237 -0.474169
v 0.788312 -0.211133 -0.132720
v 0.560541 -0.373853 0.491410
v 0.793241 -0.217232 0.126110
v 0.222682 -0.138433 0.836609
v -0.228327 -0.140099 0.835020
v 0.199860 0.115483 0.761043
v -0.209932 0.114349 0.756716
v 0.417808 -0.004704 0.690071
v -0.425678 -0.003787 0.707592
v 0.228494 -0.125225 -0.778841
v -0.206791 -0.119863 -0.733994
v 0.267825 0.146197 -0.913774
v -0.258689 0.147146 -0.925348
v 0.432907 0.016007 -0.716644
v -0.414574 0.013080 -0.699423
v -0.321487 0.649756 -0.024982
v -0.378902 0.611729 0.064290
v -0.385276 0.647167 -0.112958
v -0.477107 0.605477 -0.070477
v -0.474200 0.588643 0.038884
v 0.320057 0.660215 -0.024978
v 0.375678 0.624450 0.060742
v 0.384447 0.649260 -0.110286
v 0.479886 0.604979 -0.072299
v 0.469730 0.594933 0.034561
v -0.359999 -0.774505 -0.021288
v -0.405050 -0.689173 0.080352
v -0.429058 -0.760727 -0.101615
v -0.484718 -0.652649 -0.049629
v -0.500515 -0.650607 0.061466
v 0.360298 -0.775888 -0.015637
v 0.405343 -0.701831 0.085280
v 0.427584 -0.763538 -0.106504
v 0.485925 -0.654121 -0.057798
v 0.501508 -0.657927 0.055909
v -0.102006 -0.674136 0.790267
v 0.071862 -0.648455 0.811430
v 0.004547 -0.433383 0.878685
v 0.121622 -0.516567 0.852122
v -0.117505 -0.524598 0.828177
v -0.047144 0.413806 0.633554
v 0.051052 0.410677 0.629964
v 0.000657 0.325405 0.720015
v 0.078155 0.365541 0.690842
v -0.078090 0.363407 0.689594
v -0.048247 -0.477771 -0.647626
v 0.053331 -0.479290 -0.651773
v 0.001215 -0.359809 -0.735834
v 0.086581 -0.406106 -0.707284
v -0.079305 -0.400632 -0.698174
v -0.069457 0.617308 -0.810450
v 0.065015 0.617167 -0.807167
v -0.000724 0.425643 -0.903377
v 0.108542 0.497988 -0.866328
v -0.108952 0.493451 -0.864541
v 0.702777 0.077992 -0.401806
v 0.698956 -0.080636 -0.399449
v 0.656684 -0.059239 -0.482463
v 0.649037 0.051168 -0.482705
v 0.738607 -0.002492 -0.347248
v 0.722391 0.077577 0.411939
v 0.719434 -0.080410 0.409928
v 0.676030 -0.048834 0.499648
v 0.673214 0.049260 0.498345
v 0.761720 -0.000469 0.363329
v -0.678058 0.084153 -0.380055
v -0.674158 -0.082203 -0.376626
v -0.625688 -0.052283 -0.468837
v -0.624623 0.055185 -0.470419
v -0.707669 0.000245 -0.323725
v -0.739687 0.081087 0.423108
v -0.738057 -0.082435 0.421216
v -0.685073 -0.051635 0.515256
v -0.684554 0.051469 0.515030
v -0.782624 -0.001491 0.370823
v -0.079759 0.706380 -0.055619
v 0.106446 0.709984 -0.055185
v -0.032291 0.677246 0.039639
v -0.027284 0.743759 -0.164821
v 0.069079 0.678217 0.035751
v 0.057608 0.750694 -0.160134
v -0.287025 0.561101 0.262879
v -0.175190 0.498212 0.469871
v -0.166621 0.584667 0.265105
v -0.353879 0.508859 0.355752
v -0.111788 0.545530 0.369069
v -0.297225 0.480011 0.459357
v -0.322344 0.743152 -0.383156
v -0.223813 0.807622 -0.618920
v -0.187509 0.803428 -0.406072
v -0.459951 0.776177 -0.508070
v -0.172881 0.985671 -0.511437
v -0.336876 0.716166 -0.596354
v -0.595220 0.491064 -0.188403
v -0.664699 0.283751 -0.295315
v -0.551430 0.491202 -0.315873
v -0.670024 0.395903 -0.118255
v -0.582917 0.371874 -0.363201
v -0.715100 0.301764 -0.176436
v -0.606894 0.472587 0.183131
v -0.703945 0.303546 0.318889
v -0.568250 0.451413 0.302340
v -0.685307 0.402140 0.124572
v -0.615477 0.375429 0.372217
v -0.732324 0.308654 0.190190
v 0.288796 0.561833 0.252693
v 0.179432 0.484565 0.456217
v 0.180088 0.576931 0.254077
v 0.125751 0.536709 0.360253
v 0.348964 0.516654 0.348818
v 0.292384 0.476986 0.447719
v 0.323352 0.748635 -0.380360
v 0.240451 0.819463 -0.633637
v 0.186774 0.826842 -0.420154
v 0.184906 0.979932 -0.558762
v 0.470489 0.774997 -0.512121
v 0.348685 0.707590 -0.596000
v 0.600255 0.500328 -0.195711
v 0.681768 0.284658 -0.321204
v 0.560421 0.492003 -0.325809
v 0.679163 0.411758 -0.132430
v 0.596377 0.376894 -0.383210
v 0.723097 0.299383 -0.198374
v 0.595207 0.466773 0.175752
v 0.683200 0.289266 0.309107
v 0.553411 0.447101 0.292145
v 0.683403 0.406356 0.122688
v 0.598489 0.361695 0.358955
v 0.731089 0.310648 0.190307
v -0.116010 -0.817463 -0.030442
v 0.126170 -0.828918 -0.015683
v -0.036882 -0.789585 0.110119
v -0.072764 -0.814646 -0.108858
v 0.057816 -0.784979 0.128971
v 0.076977 -0.830913 -0.106001
v -0.311826 -0.680246 0.388258
v -0.374976 -0.882445 0.695494
v -0.183010 -0.724884 0.449219
v -0.378859 -0.650976 0.496281
v -0.235210 -0.986629 0.689664
v -0.382845 -0.718229 0.642090
v -0.351335 -0.776742 -0.351280
v -0.174924 -0.587397 -0.483894
v -0.209723 -0.796263 -0.352398
v -0.350495 -0.604700 -0.369527
v -0.129245 -0.684912 -0.412776
v -0.280973 -0.544460 -0.459572
v -0.572690 -0.455108 -0.163348
v -0.659289 -0.272933 -0.290243
v -0.530824 -0.437003 -0.282031
v -0.656426 -0.377837 -0.107885
v -0.576509 -0.344653 -0.348390
v -0.705327 -0.288218 -0.172368
v -0.609060 -0.506039 0.200176
v -0.699861 -0.306316 0.317486
v -0.584933 -0.517635 0.333082
v -0.671174 -0.405522 0.132006
v -0.621112 -0.403946 0.385227
v -0.729540 -0.314110 0.191536
v 0.276489 -0.699575 0.455979
v 0.265294 -0.784477 0.614247
v 0.182387 -0.885633 0.830160
v 0.147634 -0.914187 0.586189
v 0.253446 -0.726732 0.575551
v 0.373742 -0.888449 0.770773
v 0.336197 -0.758357 -0.346402
v 0.186056 -0.592175 -0.496235
v 0.212398 -0.788733 -0.352615
v 0.131456 -0.686886 -0.419474
v 0.354864 -0.594238 -0.376680
v 0.293795 -0.544839 -0.474229
v 0.582761 -0.467347 -0.182436
v 0.665627 -0.273327 -0.312066
v 0.538072 -0.440640 -0.300696
v 0.671906 -0.396347 -0.127480
v 0.581565 -0.347082 -0.367257
v 0.720686 -0.301267 -0.197317
v 0.619213 -0.517020 0.194795
v 0.689957 -0.302648 0.312022
v 0.589135 -0.518600 0.326860
v 0.688269 -0.420775 0.127554
v 0.614105 -0.400583 0.376410
v 0.736205 -0.319485 0.193464
v -0.001481 -0.140612 0.935785
v -0.000477 0.108830 0.786361
v 0.112125 -0.072120 0.865962
v -0.116094 -0.074706 0.866483
v 0.101742 0.050802 0.804760
v -0.103557 0.044321 0.786151
v 0.338117 -0.359209 0.776416
v 0.512182 -0.193927 0.625859
v 0.417551 -0.422218 0.691197
v 0.501781 -0.332914 0.605233
v 0.328873 -0.208297 0.779401
v 0.426677 -0.136067 0.707519
v -0.333081 -0.358996 0.785128
v -0.523377 -0.197681 0.645396
v -0.413085 -0.430077 0.699968
v -0.502754 -0.338089 0.618072
v -0.333903 -0.209596 0.785187
v -0.431424 -0.137259 0.718929
v 0.284958 0.291436 0.666067
v 0.508910 0.179221 0.612505
v 0.374152 0.350519 0.594121
v 0.485888 0.299083 0.570375
v 0.299083 0.178340 0.703594
v 0.409567 0.121409 0.669657
v -0.296252 0.291985 0.678152
v -0.518093 0.187260 0.631255
v -0.388854 0.353288 0.614144
v -0.496220 0.309252 0.585010
v -0.310380 0.183129 0.717092
v -0.421560 0.124934 0.692874
v 0.003739 -0.119704 -0.794690
v -0.005176 0.146493 -0.940336
v 0.120248 -0.049030 -0.812450
v -0.113413 -0.047160 -0.787281
v 0.131588 0.081325 -0.893105
v -0.137328 0.074560 -0.901915
v 0.313845 -0.316512 -0.696517
v 0.503961 -0.187418 -0.610835
v 0.382203 -0.357280 -0.609367
v 0.476484 -0.293194 -0.570078
v 0.329594 -0.198885 -0.732062
v 0.441054 -0.141564 -0.713159
v -0.282677 -0.296764 -0.663991
v -0.493366 -0.184000 -0.613025
v -0.369669 -0.351953 -0.598261
v -0.464812 -0.288644 -0.564790
v -0.295859 -0.179856 -0.690803
v -0.403840 -0.119600 -0.665692
v 0.343841 0.363661 -0.824177
v 0.509519 0.217753 -0.669147
v 0.396142 0.402088 -0.699384
v 0.482099 0.316039 -0.632002
v 0.353359 0.230242 -0.839739
v 0.440152 0.167858 -0.749986
v -0.338719 0.363168 -0.828675
v -0.510702 0.201446 -0.653357
v -0.391402 0.416286 -0.691601
v -0.480486 0.318873 -0.612786
v -0.380203 0.220901 -0.890668
v -0.433592 0.144276 -0.755578
v 0.835351 -0.003911 -0.129903
v 0.845077 -0.003075 0.126233
v 0.831548 0.104334 -0.070735
v 0.841889 0.106107 0.056626
v 0.836784 -0.105977 -0.072292
v 0.841337 -0.112308 0.057722
v -0.802508 0.001323 -0.098339
v -0.826020 -0.000103 0.123794
v -0.813639 0.109407 -0.049714
v -0.818306 0.107929 0.063362
v -0.810608 -0.105719 -0.050689
v -0.813976 -0.106393 0.064250
v -0.267567 0.634925 0.065251
v -0.269537 0.682768 -0.138455
v -0.145531 0.656925 0.054043
v -0.137681 0.719930 -0.153114
v -0.444454 0.563347 0.145469
v -0.216653 0.610719 0.160970
v -0.404570 0.535421 0.253686
v -0.453809 0.621809 -0.194966
v -0.223930 0.727014 -0.268593
v -0.440479 0.665035 -0.344093
v -0.560693 0.556904 -0.009391
v -0.522172 0.579540 -0.265509
v -0.623017 0.489516 -0.066010
v -0.507313 0.509338 0.223958
v -0.631334 0.487658 0.058156
v 0.271485 0.643912 0.060240
v 0.273210 0.696186 -0.131179
v 0.164948 0.665082 0.046754
v 0.151947 0.735479 -0.140709
v 0.440721 0.580868 0.142917
v 0.226924 0.613013 0.151671
v 0.398813 0.552766 0.248079
v 0.458799 0.621505 -0.194390
v 0.226672 0.742576 -0.260375
v 0.447161 0.662889 -0.338880
v 0.554592 0.552388 -0.015156
v 0.522567 0.575476 -0.268360
v 0.616983 0.492327 -0.072216
v 0.499673 0.519741 0.220367
v 0.620444 0.483879 0.051414
v -0.294042 -0.732130 0.079816
v -0.348110 -0.904946 -0.127434
v -0.162080 -0.766740 0.094917
v -0.198152 -0.938052 -0.131749
v -0.492772 -0.643462 0.182708
v -0.227411 -0.717148 0.243372
v -0.437241 -0.645203 0.325203
v -0.456633 -0.661657 -0.165752
v -0.295112 -0.941598 -0.289582
v -0.431766 -0.653435 -0.287427
v -0.553183 -0.574157 0.016635
v -0.488451 -0.540765 -0.219570
v -0.600628 -0.471640 -0.041986
v -0.541441 -0.595955 0.264954
v -0.615395 -0.493110 0.074853
v 0.284901 -0.734976 0.102347
v 0.360153 -0.923386 -0.126122
v 0.161455 -0.761416 0.115830
v 0.194136 -0.969150 -0.145646
v 0.491202 -0.660521 0.179627
v 0.206838 -0.714233 0.308234
v 0.423755 -0.642532 0.337024
v 0.454182 -0.663126 -0.173327
v 0.287808 -0.936962 -0.297513
v 0.424968 -0.652642 -0.292909
v 0.568254 -0.585032 0.008087
v 0.496469 -0.546530 -0.234924
v 0.617316 -0.491908 -0.058170
v 0.550326 -0.605107 0.259600
v 0.618782 -0.499975 0.068236
v -0.025194 -0.756652 0.769288
v -0.251041 -0.643746 0.821818
v -0.120464 -0.870994 0.772018
v -0.334587 -0.700658 0.774134
v 0.261056 -0.652435 0.836500
v 0.062378 -0.782492 0.651974
v 0.329405 -0.671628 0.741809
v 0.126016 -0.356070 0.887176
v -0.121610 -0.354137 0.887800
v 0.123236 -0.204673 0.915720
v -0.122912 -0.205338 0.909802
v 0.357005 -0.520381 0.778693
v 0.235794 -0.281690 0.854642
v -0.349198 -0.523671 0.804736
v -0.235980 -0.279702 0.853860
v 0.003939 0.453504 0.553347
v -0.154599 0.405992 0.636974
v -0.053164 0.501102 0.465894
v -0.228874 0.448368 0.557166
v 0.153378 0.399023 0.623546
v 0.065405 0.493378 0.460788
v 0.225605 0.436061 0.540071
v 0.090033 0.286217 0.739897
v -0.094441 0.280597 0.731910
v 0.100897 0.178840 0.783920
v -0.101428 0.172007 0.765010
v 0.260098 0.378442 0.611142
v 0.192277 0.235344 0.731633
v -0.269605 0.380185 0.623719
v -0.201446 0.231544 0.729007
v 0.002130 -0.541358 -0.580429
v -0.151788 -0.450994 -0.640866
v -0.059056 -0.605852 -0.496647
v -0.219162 -0.499656 -0.560126
v 0.165875 -0.463316 -0.655081
v 0.063931 -0.609610 -0.501313
v 0.242544 -0.516199 -0.584303
v 0.104549 -0.311845 -0.754168
v -0.095150 -0.303039 -0.736549
v 0.117105 -0.192644 -0.788022
v -0.106145 -0.190998 -0.757452
v 0.287237 -0.430734 -0.651861
v 0.219084 -0.255590 -0.750663
v -0.257486 -0.403663 -0.619446
v -0.197437 -0.244795 -0.725609
v -0.003423 0.743502 -0.753220
v -0.206978 0.583558 -0.808057
v -0.085845 0.831279 -0.644399
v -0.281945 0.662649 -0.713045
v 0.203617 0.581169 -0.800650
v 0.092354 0.837735 -0.653865
v 0.284278 0.663732 -0.714233
v 0.133088 0.368415 -0.930513
v -0.129934 0.363403 -0.933571
v 0.154407 0.224591 -0.959676
v -0.149785 0.215991 -0.965912
v 0.311117 0.503293 -0.764463
v 0.272435 0.308413 -0.938462
v -0.310109 0.508947 -0.762899
v -0.266346 0.299453 -0.968425
v 0.654425 0.159528 -0.475930
v 0.755268 0.091733 -0.304238
v 0.634042 0.261204 -0.439848
v 0.764551 0.195489 -0.262692
v 0.642236 -0.155409 -0.460617
v 0.756020 -0.095307 -0.303850
v 0.614886 -0.251673 -0.419538
v 0.752069 -0.197816 -0.258372
v 0.590108 0.001383 -0.557894
v 0.567986 -0.228414 -0.525003
v 0.514249 -0.063000 -0.630545
v 0.577750 0.241284 -0.557917
v 0.535854 0.095712 -0.669305
v 0.810838 0.099771 -0.194873
v 0.819553 -0.102056 -0.195425
v 0.656857 0.152491 0.466624
v 0.776437 0.092246 0.311979
v 0.632363 0.262509 0.418526
v 0.760456 0.201148 0.252131
v 0.658519 -0.158701 0.466987
v 0.771869 -0.095213 0.310943
v 0.638023 -0.277996 0.422726
v 0.760814 -0.206135 0.253507
v 0.608598 0.000746 0.575007
v 0.584986 -0.244232 0.530398
v 0.522303 -0.063569 0.640755
v 0.579483 0.229211 0.523765
v 0.518563 0.060227 0.632178
v 0.822965 0.103098 0.193227
v 0.818124 -0.109072 0.193039
v -0.624904 0.156830 -0.450713
v -0.729079 0.097843 -0.277881
v -0.608114 0.257294 -0.411323
v -0.740506 0.199541 -0.233801
v -0.621492 -0.156957 -0.445753
v -0.729800 -0.097211 -0.278845
v -0.607296 -0.252975 -0.404668
v -0.732351 -0.197940 -0.230516
v -0.566457 0.003911 -0.555306
v -0.551822 -0.223836 -0.513563
v -0.490986 -0.059234 -0.620264
v -0.560197 0.232933 -0.531704
v -0.500444 0.075051 -0.644167
v -0.791781 0.109422 -0.167318
v -0.780349 -0.105497 -0.167017
v -0.668845 0.158658 0.481224
v -0.784360 0.097420 0.313078
v -0.644895 0.272906 0.430289
v -0.769065 0.205442 0.253678
v -0.668025 -0.160816 0.478117
v -0.783308 -0.100878 0.313432
v -0.643270 -0.281099 0.431016
v -0.767612 -0.208729 0.254077
v -0.614626 0.000531 0.591114
v -0.591595 -0.247990 0.545324
v -0.533969 -0.065596 0.665046
v -0.589542 0.235881 0.539046
v -0.530386 0.063619 0.658423
v -0.814790 0.105302 0.189116
v -0.814196 -0.106969 0.189645
v 0.016804 0.637395 0.144218
v -0.045905 0.590446 0.259227
v 0.010520 0.776700 -0.286703
v -0.060864 0.811505 -0.420590
v 0.070101 0.587136 0.255439
v 0.066341 0.830024 -0.439067
v -0.414622 0.456089 0.442023
v -0.520906 0.425320 0.417628
v -0.465578 0.394073 0.520977
v -0.442845 0.640444 -0.520114
v -0.496814 0.487593 -0.432638
v -0.432355 0.459450 -0.552414
v -0.740937 0.308657 -0.060769
v -0.742011 0.309525 0.061721
v -0.793223 0.212377 -0.001085
v 0.405828 0.469611 0.439527
v 0.506679 0.427230 0.404770
v 0.450586 0.402537 0.513315
v 0.459224 0.614550 -0.533734
v 0.509327 0.486415 -0.447326
v 0.445218 0.445225 -0.570376
v 0.740642 0.306854 -0.070327
v 0.751988 0.320208 0.058050
v 0.799741 0.211576 -0.010327
v 0.016274 -0.769819 0.286186
v -0.038959 -0.773324 0.468519
v 0.000513 -0.774903 -0.194864
v -0.073223 -0.759532 -0.325930
v 0.069008 -0.804370 0.496336
v 0.073930 -0.745959 -0.321994
v -0.433702 -0.598704 0.557092
v -0.532789 -0.506311 0.465210
v -0.471087 -0.478555 0.588492
v -0.382235 -0.481522 -0.432381
v -0.484773 -0.418707 -0.400767
v -0.433888 -0.392545 -0.509405
v -0.728616 -0.296094 -0.055132
v -0.735058 -0.306474 0.064621
v -0.788399 -0.209737 0.000503
v 0.385497 -0.622058 0.648264
v 0.526143 -0.500529 0.457983
v 0.470090 -0.471161 0.586846
v 0.392168 -0.474815 -0.441024
v 0.499097 -0.423301 -0.420368
v 0.437908 -0.385917 -0.511355
v 0.742409 -0.312691 -0.066414
v 0.754225 -0.322912 0.058187
v 0.794667 -0.215218 -0.007069
v 0.207037 -0.009197 0.790722
v 0.316399 -0.072316 0.754701
v -0.216141 -0.011571 0.790588
v -0.324971 -0.073103 0.764974
v 0.305836 0.056184 0.726472
v -0.316698 0.056393 0.739144
v 0.232085 0.016635 -0.816278
v 0.321923 -0.058484 -0.738460
v -0.221598 0.021243 -0.798420
v -0.303660 -0.048255 -0.711218
v 0.333407 0.095938 -0.789784
v -0.337455 0.082155 -0.812449
v -0.375026 0.637135 -0.020231
v -0.399362 0.622596 0.019858
v -0.401891 0.636418 -0.059085
v -0.443183 0.617440 -0.040525
v -0.441305 0.609422 0.008432
v 0.371054 0.645820 -0.021106
v 0.395298 0.632162 0.017180
v 0.400264 0.640653 -0.058559
v 0.443731 0.622900 -0.042968
v 0.438066 0.617535 0.004072
v -0.401761 -0.733132 -0.015303
v -0.421212 -0.698007 0.029850
v -0.429895 -0.728089 -0.049045
v -0.460552 -0.685235 -0.026486
v -0.460966 -0.676428 0.022162
v 0.399117 -0.733756 -0.018496
v 0.422111 -0.706718 0.028855
v 0.429981 -0.728319 -0.054396
v 0.462146 -0.689340 -0.032948
v 0.463048 -0.682917 0.017837
v -0.034564 -0.627874 0.828316
v 0.035274 -0.607312 0.831313
v 0.003520 -0.508592 0.854662
v 0.056094 -0.544385 0.846794
v -0.052378 -0.553895 0.833874
v -0.019696 0.396707 0.664380
v 0.022861 0.394578 0.665827
v 0.001448 0.360206 0.702423
v 0.035807 0.374090 0.688663
v -0.031792 0.377704 0.688965
v -0.021796 -0.456379 -0.680478
v 0.024879 -0.456774 -0.681233
v 0.001433 -0.400168 -0.714950
v 0.038759 -0.422231 -0.703468
v -0.035160 -0.419701 -0.698869
v -0.031835 0.568702 -0.833929
v 0.027695 0.569121 -0.832550
v -0.001068 0.484408 -0.874809
v 0.046796 0.516920 -0.858628
v -0.050396 0.515105 -0.858453
v 0.697148 0.033299 -0.412768
v 0.695356 -0.037547 -0.411047
v 0.666762 -0.025048 -0.442046
v 0.668571 0.019262 -0.444326
v 0.722403 -0.002981 -0.393539
v 0.721097 0.033930 0.429296
v 0.720868 -0.034360 0.428532
v 0.705940 -0.019002 0.470243
v 0.704430 0.021198 0.470563
v 0.737645 -0.000761 0.407732
v -0.671398 0.039722 -0.392926
v -0.668170 -0.036311 -0.390904
v -0.645722 -0.020568 -0.429825
v -0.648026 0.025247 -0.432697
v -0.684966 0.002218 -0.368928
v -0.737953 0.034971 0.440377
v -0.736995 -0.036363 0.439831
v -0.714478 -0.022040 0.481211
v -0.715389 0.021875 0.482279
v -0.759667 -0.000204 0.418442
v -0.025422 0.717365 -0.061207
v 0.062484 0.717508 -0.061260
v -0.002162 0.702068 -0.014625
v -0.003778 0.734411 -0.112331
v 0.043469 0.699491 -0.013888
v 0.037272 0.736597 -0.110019
v -0.261701 0.547780 0.314852
v -0.204349 0.515719 0.418389
v -0.200565 0.557183 0.317744
v -0.294351 0.520800 0.361965
v -0.173632 0.541964 0.371853
v -0.265892 0.506472 0.414154
v -0.301280 0.777714 -0.452222
v -0.241587 0.835872 -0.563891
v -0.235333 0.835962 -0.464947
v -0.350276 0.770954 -0.505523
v -0.246239 0.977200 -0.519250
v -0.295437 0.756974 -0.563771
v -0.617308 0.443840 -0.214904
v -0.652892 0.339359 -0.270211
v -0.596146 0.441101 -0.280204
v -0.657321 0.395738 -0.179150
v -0.613205 0.385531 -0.304947
v -0.676006 0.345965 -0.209182
v -0.637522 0.437531 0.220808
v -0.685271 0.352356 0.287157
v -0.617990 0.427685 0.281108
v -0.676712 0.401762 0.189952
v -0.642972 0.388798 0.315488
v -0.698002 0.353716 0.222670
v 0.265070 0.543547 0.303247
v 0.210513 0.504137 0.405629
v 0.209393 0.549999 0.305260
v 0.183579 0.531169 0.359334
v 0.294341 0.519729 0.351703
v 0.266187 0.500637 0.402007
v 0.300380 0.785061 -0.451326
v 0.240895 0.837102 -0.563075
v 0.242195 0.863221 -0.468528
v 0.268863 0.980347 -0.531368
v 0.351717 0.761126 -0.504298
v 0.297811 0.750801 -0.550439
v 0.627252 0.453269 -0.229018
v 0.665201 0.342205 -0.291583
v 0.605434 0.444852 -0.292818
v 0.666228 0.406118 -0.196407
v 0.625569 0.389480 -0.324003
v 0.685252 0.349236 -0.228830
v 0.624506 0.429349 0.212753
v 0.666256 0.338327 0.277477
v 0.600697 0.416538 0.269669
v 0.667885 0.396767 0.186122
v 0.622673 0.373874 0.302980
v 0.690633 0.352430 0.219632
v -0.053719 -0.816893 -0.012543
v 0.066897 -0.819933 -0.005402
v -0.018705 -0.806738 0.050551
v -0.028222 -0.820052 -0.058692
v 0.035252 -0.805291 0.056948
v 0.038587 -0.823923 -0.056471
v -0.299980 -0.691995 0.492936
v -0.317524 -0.803738 0.692004
v -0.253004 -0.736062 0.556346
v -0.344027 -0.685429 0.534508
v -0.285341 -0.767893 0.771787
v -0.371362 -0.765809 0.591177
v -0.294121 -0.715967 -0.370274
v -0.209530 -0.620822 -0.435398
v -0.232151 -0.732918 -0.376782
v -0.301343 -0.639250 -0.383945
v -0.190536 -0.679051 -0.406984
v -0.263469 -0.600977 -0.423512
v -0.595691 -0.407046 -0.195545
v -0.643929 -0.316614 -0.261109
v -0.577042 -0.398351 -0.256475
v -0.639747 -0.369602 -0.167938
v -0.600745 -0.353927 -0.289626
v -0.664624 -0.326119 -0.200998
v -0.632855 -0.461081 0.230392
v -0.679986 -0.360281 0.289433
v -0.619620 -0.463488 0.295275
v -0.667095 -0.410642 0.194859
v -0.642532 -0.410659 0.323932
v -0.692038 -0.361488 0.224775
v 0.278738 -0.789218 0.562725
v 0.335325 -0.847932 0.545901
v 0.358998 -0.958888 0.681010
v 0.276794 -0.936238 0.574153
v 0.183152 -0.833869 0.602802
v 0.260733 -0.858458 0.659085
v 0.293071 -0.707345 -0.377102
v 0.218321 -0.624083 -0.451625
v 0.234117 -0.727327 -0.384963
v 0.195156 -0.679385 -0.417676
v 0.307187 -0.634349 -0.398777
v 0.272390 -0.600573 -0.440660
v 0.604724 -0.417817 -0.216017
v 0.647885 -0.321091 -0.282465
v 0.581665 -0.403572 -0.276025
v 0.650674 -0.383236 -0.189253
v 0.602303 -0.355152 -0.309829
v 0.673717 -0.335279 -0.223934
v 0.642201 -0.468708 0.226917
v 0.676932 -0.360170 0.285474
v 0.626301 -0.467723 0.291548
v 0.677867 -0.419496 0.193421
v 0.639505 -0.409774 0.317996
v 0.699667 -0.367340 0.225433
v -0.000587 -0.075190 0.888658
v -0.001441 0.044637 0.801860
v 0.055272 -0.041835 0.861841
v -0.058033 -0.042917 0.865859
v 0.051978 0.018181 0.823133
v -0.054042 0.016440 0.817315
v 0.378743 -0.316904 0.737083
v 0.464461 -0.233345 0.659413
v 0.420185 -0.348600 0.693562
v 0.461931 -0.305324 0.652721
v 0.377247 -0.243180 0.740253
v 0.422155 -0.203378 0.703003
v -0.374905 -0.317000 0.744572
v -0.473462 -0.237642 0.675689
v -0.417039 -0.351589 0.702577
v -0.466313 -0.308790 0.667293
v -0.383721 -0.244760 0.752524
v -0.430093 -0.206607 0.716768
v 0.340518 0.266798 0.654507
v 0.453752 0.211844 0.627584
v 0.388710 0.299503 0.622512
v 0.443355 0.270824 0.607610
v 0.349525 0.208583 0.673580
v 0.406154 0.181475 0.660159
v -0.353049 0.271546 0.672455
v -0.466973 0.221494 0.652870
v -0.401041 0.307062 0.644247
v -0.457980 0.282936 0.632614
v -0.360391 0.215385 0.692566
v -0.416691 0.189084 0.682773
v 0.005021 -0.046664 -0.812549
v -0.001007 0.081463 -0.897256
v 0.063760 -0.014211 -0.830655
v -0.056629 -0.011865 -0.816670
v 0.065174 0.052515 -0.873039
v -0.064273 0.048315 -0.870667
v 0.368916 -0.288354 -0.684665
v 0.459511 -0.221113 -0.638341
v 0.398932 -0.307400 -0.637503
v 0.446006 -0.274710 -0.615908
v 0.378641 -0.231035 -0.705168
v 0.427290 -0.198156 -0.687708
v -0.336876 -0.269925 -0.650974
v -0.450985 -0.215330 -0.633180
v -0.381680 -0.297896 -0.620974
v -0.438758 -0.272437 -0.614088
v -0.344035 -0.212827 -0.666130
v -0.400163 -0.183056 -0.654437
v 0.406918 0.323564 -0.807496
v 0.471298 0.248278 -0.710635
v 0.420110 0.342516 -0.734500
v 0.455506 0.301842 -0.692361
v 0.401386 0.261574 -0.806042
v 0.443489 0.234192 -0.767875
v -0.387205 0.322557 -0.794608
v -0.474003 0.237840 -0.700396
v -0.411251 0.345317 -0.721334
v -0.456406 0.298450 -0.679810
v -0.400605 0.250869 -0.815772
v -0.434284 0.210715 -0.757806
v 0.845287 -0.006227 -0.071364
v 0.852977 -0.002499 0.058441
v 0.840396 0.049786 -0.040519
v 0.847999 0.051366 0.023991
v 0.843007 -0.056071 -0.040435
v 0.852534 -0.057605 0.024013
v -0.820504 0.001822 -0.039983
v -0.825557 0.000515 0.066536
v -0.819977 0.055546 -0.018869
v -0.826476 0.055490 0.036041
v -0.822239 -0.052690 -0.018205
v -0.821632 -0.053095 0.036781
v -0.262021 0.661754 -0.031580
v -0.138537 0.693591 -0.047734
v -0.232846 0.655361 0.014997
v -0.233250 0.683200 -0.087982
v -0.172356 0.669092 0.006880
v -0.167725 0.701886 -0.094984
v -0.358161 0.602199 0.112186
v -0.311650 0.576220 0.211839
v -0.300590 0.612514 0.112880
v -0.392324 0.577915 0.156843
v -0.276317 0.601079 0.162783
v -0.369287 0.562396 0.207284
v -0.366749 0.661194 -0.174360
v -0.337026 0.708389 -0.313046
v -0.309497 0.684434 -0.190268
v -0.405111 0.652910 -0.221037
v -0.290258 0.706990 -0.257351
v -0.393460 0.674936 -0.294275
v -0.511467 0.585919 -0.101055
v -0.571657 0.529826 -0.161711
v -0.499309 0.591593 -0.164175
v -0.553081 0.558428 -0.069084
v -0.532373 0.567624 -0.198036
v -0.584173 0.527801 -0.100367
v -0.507961 0.562428 0.073001
v -0.574066 0.503927 0.145438
v -0.495249 0.549907 0.130144
v -0.553087 0.545205 0.049334
v -0.526251 0.521535 0.166953
v -0.586834 0.512861 0.084344
v 0.266353 0.676403 -0.030588
v 0.154799 0.702640 -0.046590
v 0.239991 0.665830 0.010586
v 0.238705 0.698140 -0.080835
v 0.185354 0.678456 0.003635
v 0.180892 0.712861 -0.088759
v 0.354995 0.610854 0.107306
v 0.311958 0.579854 0.202598
v 0.301179 0.619321 0.107636
v 0.387210 0.589332 0.151743
v 0.279948 0.603494 0.154491
v 0.366460 0.577229 0.202356
v 0.367696 0.663584 -0.170051
v 0.337996 0.711201 -0.305976
v 0.310422 0.690800 -0.183244
v 0.407824 0.650424 -0.217534
v 0.291287 0.715167 -0.249822
v 0.396877 0.673590 -0.287820
v 0.515018 0.587812 -0.104964
v 0.570261 0.530418 -0.165534
v 0.503502 0.592383 -0.166449
v 0.555447 0.560393 -0.075541
v 0.534361 0.566154 -0.200706
v 0.586212 0.534266 -0.105225
v 0.501585 0.567108 0.068032
v 0.566016 0.503092 0.139689
v 0.488484 0.562072 0.125667
v 0.545013 0.544102 0.044057
v 0.519311 0.529383 0.162049
v 0.579701 0.511297 0.078759
v -0.308236 -0.811946 -0.021480
v -0.179609 -0.827307 -0.029636
v -0.265863 -0.767426 0.018473
v -0.298414 -0.913210 -0.049184
v -0.201865 -0.782973 0.017709
v -0.221978 -0.916371 -0.059132
v -0.388152 -0.684366 0.142183
v -0.335337 -0.676881 0.295806
v -0.325794 -0.703826 0.149944
v -0.429113 -0.664575 0.198813
v -0.296863 -0.700275 0.229981
v -0.402320 -0.660843 0.272995
v -0.429584 -0.795819 -0.164752
v -0.401749 -0.814947 -0.312895
v -0.402326 -0.892244 -0.188781
v -0.444598 -0.733353 -0.201172
v -0.373736 -0.894999 -0.265393
v -0.437592 -0.735917 -0.269542
v -0.505084 -0.608492 -0.075419
v -0.551646 -0.507827 -0.133033
v -0.482661 -0.603356 -0.132463
v -0.540934 -0.565542 -0.044185
v -0.507630 -0.550218 -0.161644
v -0.566099 -0.515915 -0.073175
v -0.537756 -0.624154 0.102275
v -0.586142 -0.547014 0.169448
v -0.534905 -0.625282 0.163614
v -0.561560 -0.582629 0.076671
v -0.554473 -0.589902 0.198713
v -0.587047 -0.541772 0.107550
v 0.309320 -0.813860 -0.019986
v 0.188107 -0.837748 -0.021315
v 0.262935 -0.774641 0.031221
v 0.300064 -0.891661 -0.068667
v 0.200912 -0.785681 0.031251
v 0.236997 -0.908782 -0.078435
v 0.382403 -0.694217 0.154068
v 0.310331 -0.679994 0.338032
v 0.314960 -0.708072 0.175548
v 0.425846 -0.672486 0.205121
v 0.277414 -0.698768 0.272895
v 0.388993 -0.658438 0.288207
v 0.431226 -0.803213 -0.174353
v 0.373133 -0.803098 -0.303054
v 0.393665 -0.894636 -0.200688
v 0.442669 -0.738390 -0.214048
v 0.365721 -0.898317 -0.278587
v 0.432993 -0.738550 -0.280855
v 0.510849 -0.613880 -0.085242
v 0.559875 -0.517781 -0.148544
v 0.491010 -0.608767 -0.142017
v 0.555322 -0.576309 -0.054630
v 0.515017 -0.556945 -0.174563
v 0.578580 -0.530400 -0.087558
v 0.542144 -0.631004 0.095264
v 0.596275 -0.562132 0.161729
v 0.540849 -0.641352 0.155272
v 0.568940 -0.592839 0.070117
v 0.565380 -0.607161 0.192173
v 0.596163 -0.554731 0.099878
v -0.156121 -0.763314 0.805208
v -0.258043 -0.858214 0.779282
v -0.119349 -0.799420 0.793028
v -0.220888 -0.792926 0.834172
v -0.166411 -0.858388 0.791118
v -0.291830 -0.810193 0.852527
v 0.115639 -0.686031 0.778693
v 0.210115 -0.743511 0.677580
v 0.068402 -0.732645 0.747257
v 0.205733 -0.673145 0.778711
v 0.114489 -0.754199 0.692798
v 0.249198 -0.696585 0.733908
v 0.005020 -0.351261 0.901551
v -0.001501 -0.211249 1.004140
v 0.064863 -0.313078 0.905533
v -0.059397 -0.312837 0.905903
v 0.064367 -0.238691 0.934406
v -0.063212 -0.238418 0.935680
v 0.189263 -0.485721 0.851397
v 0.298784 -0.402092 0.814100
v 0.262183 -0.540455 0.839271
v 0.187193 -0.399484 0.864787
v 0.322076 -0.490397 0.819391
v 0.242850 -0.361304 0.847916
v -0.181622 -0.486617 0.836192
v -0.291270 -0.400596 0.821315
v -0.247770 -0.535315 0.829315
v -0.180566 -0.398627 0.857528
v -0.304071 -0.487057 0.827011
v -0.239429 -0.354910 0.852272
v -0.078072 0.432784 0.599704
v -0.143012 0.477805 0.517009
v -0.052505 0.456408 0.558609
v -0.133529 0.430563 0.599060
v -0.083094 0.478934 0.515480
v -0.168475 0.453567 0.559124
v 0.082546 0.428407 0.591315
v 0.147347 0.465294 0.503559
v 0.060252 0.450224 0.551450
v 0.136143 0.422837 0.588501
v 0.091547 0.468206 0.506199
v 0.170121 0.440288 0.544956
v -0.000379 0.280207 0.739648
v 0.001016 0.173641 0.780627
v 0.045853 0.257412 0.752148
v -0.046556 0.255211 0.747406
v 0.048033 0.203473 0.773418
v -0.049417 0.199695 0.767198
v 0.125453 0.351397 0.688149
v 0.229481 0.313362 0.674685
v 0.165801 0.369601 0.654121
v 0.134551 0.308615 0.714810
v 0.219040 0.354443 0.647259
v 0.186025 0.287547 0.708570
v -0.131030 0.348729 0.690446
v -0.239593 0.310893 0.682530
v -0.170777 0.370511 0.661769
v -0.140177 0.306037 0.713103
v -0.227420 0.355159 0.657805
v -0.194191 0.283541 0.709821
v -0.077692 -0.501555 -0.611953
v -0.142642 -0.556161 -0.529559
v -0.053270 -0.536249 -0.574867
v -0.131335 -0.490504 -0.607847
v -0.083890 -0.559776 -0.529283
v -0.164345 -0.516325 -0.568757
v 0.085714 -0.504725 -0.617133
v 0.154012 -0.563153 -0.541136
v 0.059851 -0.537566 -0.581791
v 0.144561 -0.498539 -0.619196
v 0.093027 -0.569087 -0.540004
v 0.182335 -0.529123 -0.586758
v 0.001794 -0.308443 -0.753354
v 0.001767 -0.190576 -0.788214
v 0.054243 -0.283790 -0.764119
v -0.049011 -0.279695 -0.760047
v 0.056739 -0.226081 -0.785870
v -0.055157 -0.223167 -0.778723
v 0.139560 -0.387318 -0.708537
v 0.256241 -0.342972 -0.705563
v 0.183100 -0.416559 -0.682425
v 0.151479 -0.337220 -0.732302
v 0.244154 -0.401467 -0.686889
v 0.209274 -0.312264 -0.731851
v -0.128255 -0.377694 -0.696430
v -0.229467 -0.323540 -0.676661
v -0.165370 -0.402290 -0.665143
v -0.138166 -0.326244 -0.715050
v -0.217727 -0.376727 -0.654042
v -0.188471 -0.298239 -0.708777
v -0.110475 0.670606 -0.778956
v -0.194172 0.767367 -0.686128
v -0.079645 0.736323 -0.747196
v -0.184724 0.656659 -0.780483
v -0.126229 0.793763 -0.712378
v -0.231852 0.704784 -0.744079
v 0.107105 0.670679 -0.778795
v 0.202148 0.771624 -0.694584
v 0.073402 0.750678 -0.770737
v 0.182284 0.651715 -0.769879
v 0.122053 0.792226 -0.720632
v 0.243238 0.714200 -0.752104
v -0.001153 0.360632 -0.932941
v -0.006913 0.216998 -0.964103
v 0.067325 0.330035 -0.946471
v -0.068226 0.326804 -0.951487
v 0.073132 0.260135 -0.973554
v -0.077469 0.256374 -0.960757
v 0.173356 0.471493 -0.868698
v 0.292553 0.404395 -0.849089
v 0.220600 0.509433 -0.831282
v 0.189995 0.406523 -0.904445
v 0.278476 0.473340 -0.818861
v 0.260992 0.380363 -0.914860
v -0.170611 0.467543 -0.867742
v -0.290871 0.402818 -0.855015
v -0.219820 0.508671 -0.832787
v -0.184781 0.400779 -0.905226
v -0.277354 0.474638 -0.819269
v -0.249801 0.369019 -0.911959
v 0.705290 0.127943 -0.387599
v 0.696849 0.230230 -0.347732
v 0.678996 0.169407 -0.423584
v 0.731611 0.136069 -0.335901
v 0.675566 0.220863 -0.406286
v 0.730649 0.187815 -0.315325
v 0.698780 -0.128110 -0.383860
v 0.680044 -0.225381 -0.338248
v 0.664797 -0.165936 -0.413047
v 0.725985 -0.136637 -0.333401
v 0.653267 -0.214016 -0.390346
v 0.720509 -0.186923 -0.310271
v 0.621423 -0.091321 -0.512360
v 0.546602 -0.154979 -0.581504
v 0.615173 -0.141854 -0.504354
v 0.588588 -0.064869 -0.549290
v 0.579165 -0.177219 -0.540327
v 0.552097 -0.098207 -0.588468
v 0.621985 0.088982 -0.524736
v 0.551677 0.172781 -0.619213
v 0.621027 0.145455 -0.523113
v 0.590521 0.066942 -0.566807
v 0.583183 0.187334 -0.566787
v 0.558598 0.112042 -0.618461
v 0.762013 -0.003651 -0.296000
v 0.827568 -0.003723 -0.191292
v 0.777266 0.044893 -0.274171
v 0.778613 -0.052241 -0.273428
v 0.810961 0.047130 -0.221731
v 0.823399 -0.053941 -0.222666
v 0.717686 0.126694 0.390053
v 0.695699 0.233263 0.336167
v 0.683593 0.167059 0.417150
v 0.743328 0.137438 0.337649
v 0.671397 0.221941 0.391985
v 0.733858 0.190701 0.309433
v 0.714989 -0.131738 0.388154
v 0.699847 -0.244016 0.339173
v 0.683317 -0.174505 0.416155
v 0.741517 -0.141688 0.337190
v 0.674240 -0.232252 0.392816
v 0.733920 -0.196987 0.309756
v 0.640141 -0.081162 0.529924
v 0.559484 -0.154726 0.594545
v 0.632308 -0.138984 0.515432
v 0.607823 -0.057185 0.572685
v 0.592028 -0.179636 0.546596
v 0.562861 -0.091211 0.602159
v 0.638686 0.079373 0.530367
v 0.556440 0.146721 0.590222
v 0.632001 0.135006 0.516066
v 0.607151 0.056596 0.571861
v 0.589148 0.169923 0.543677
v 0.562912 0.088567 0.598422
v 0.791345 -0.001895 0.312743
v 0.833538 -0.002977 0.193874
v 0.799159 0.045803 0.284043
v 0.798290 -0.049090 0.284536
v 0.824535 0.048782 0.226592
v 0.821688 -0.054598 0.226259
v -0.681040 0.132372 -0.362635
v -0.673957 0.230794 -0.319678
v -0.652448 0.169613 -0.396672
v -0.709190 0.141284 -0.309642
v -0.648800 0.218931 -0.376014
v -0.710936 0.190386 -0.288257
v -0.677632 -0.130794 -0.359953
v -0.669896 -0.227007 -0.316214
v -0.647864 -0.170580 -0.393082
v -0.710418 -0.142397 -0.310196
v -0.641991 -0.217307 -0.371375
v -0.705032 -0.189541 -0.286257
v -0.599574 -0.084570 -0.510823
v -0.520847 -0.151781 -0.576706
v -0.596325 -0.138957 -0.498207
v -0.569718 -0.060824 -0.556602
v -0.560303 -0.173058 -0.533109
v -0.529620 -0.091943 -0.586388
v -0.597497 0.088373 -0.511213
v -0.539369 0.160191 -0.602357
v -0.598196 0.141661 -0.503788
v -0.566596 0.065110 -0.555656
v -0.567909 0.177958 -0.547445
v -0.529278 0.103859 -0.598667
v -0.734041 -0.000247 -0.273564
v -0.781739 0.001986 -0.159877
v -0.745188 0.049962 -0.248204
v -0.747708 -0.050333 -0.249123
v -0.771258 0.053200 -0.190505
v -0.773378 -0.053343 -0.192539
v -0.733348 0.132647 0.399534
v -0.716357 0.247064 0.347367
v -0.696388 0.174195 0.427817
v -0.758483 0.143780 0.343611
v -0.685752 0.231505 0.401918
v -0.751823 0.199597 0.315669
v -0.731569 -0.135568 0.397215
v -0.712392 -0.249094 0.344221
v -0.693676 -0.177581 0.424912
v -0.758061 -0.147475 0.343238
v -0.683735 -0.235622 0.399889
v -0.748573 -0.202545 0.314759
v -0.653957 -0.085328 0.553142
v -0.566495 -0.158484 0.610862
v -0.641564 -0.143522 0.532235
v -0.616578 -0.059695 0.591776
v -0.605460 -0.184390 0.566297
v -0.578057 -0.094410 0.627644
v -0.652322 0.084835 0.552568
v -0.564150 0.149992 0.605618
v -0.642240 0.139957 0.535147
v -0.612732 0.059858 0.586977
v -0.599487 0.174614 0.559919
v -0.572464 0.090637 0.621241
v -0.796796 -0.000751 0.312540
v -0.816538 0.000363 0.187498
v -0.802891 0.049999 0.282639
v -0.800744 -0.051354 0.283132
v -0.815287 0.052281 0.220473
v -0.813612 -0.052542 0.220959
v -0.064688 0.654890 0.096951
v -0.132041 0.606465 0.209952
v -0.121774 0.646177 0.102940
v -0.156688 0.620691 0.158151
v -0.039586 0.634972 0.148761
v -0.072237 0.612572 0.206154
v -0.052992 0.751154 -0.220413
v -0.139183 0.774636 -0.346086
v -0.112107 0.736044 -0.216044
v -0.157728 0.744299 -0.276797
v -0.038758 0.767998 -0.284870
v -0.078055 0.781976 -0.350675
v 0.094861 0.653903 0.089187
v 0.149901 0.602225 0.200575
v 0.144407 0.646997 0.094488
v 0.173553 0.621168 0.147922
v 0.070075 0.632706 0.143619
v 0.096213 0.607034 0.200059
v 0.076745 0.767822 -0.211618
v 0.141043 0.795061 -0.349949
v 0.122771 0.758502 -0.199779
v 0.162599 0.764838 -0.269539
v 0.056575 0.783564 -0.283433
v 0.087361 0.805001 -0.358317
v -0.412007 0.498294 0.348651
v -0.518842 0.468218 0.321365
v -0.435176 0.508546 0.295426
v -0.487246 0.495540 0.280236
v -0.442235 0.471420 0.390921
v -0.493993 0.454970 0.376722
v -0.050171 0.545591 0.365683
v 0.068828 0.542772 0.362970
v -0.021623 0.523041 0.415531
v 0.037740 0.519306 0.413376
v -0.018275 0.566484 0.312030
v 0.040815 0.565436 0.310539
v -0.324494 0.454776 0.501405
v -0.369864 0.389665 0.577444
v -0.288052 0.437029 0.548254
v -0.309745 0.402669 0.583272
v -0.384391 0.441766 0.492693
v -0.409644 0.411259 0.533998
v -0.562520 0.721360 -0.466737
v -0.513792 0.552595 -0.355600
v -0.499563 0.661352 -0.378991
v -0.512627 0.598821 -0.333387
v -0.526329 0.660907 -0.484056
v -0.492656 0.563072 -0.415690
v -0.087902 0.869049 -0.537067
v 0.102210 0.873141 -0.540674
v -0.043005 0.854596 -0.591522
v 0.052505 0.855461 -0.592290
v -0.039742 0.837120 -0.488254
v 0.042624 0.843313 -0.496642
v -0.353260 0.646693 -0.616471
v -0.371626 0.490097 -0.661834
v -0.322823 0.616198 -0.677016
v -0.335246 0.539391 -0.701076
v -0.392741 0.602019 -0.574904
v -0.387346 0.516465 -0.591480
v -0.684536 0.398939 -0.061883
v -0.688127 0.401817 0.060555
v -0.656852 0.445837 -0.033263
v -0.658021 0.445059 0.028868
v -0.716170 0.356527 -0.032629
v -0.716705 0.356464 0.029359
v -0.549785 0.354849 -0.420188
v -0.499747 0.331578 -0.545843
v -0.567103 0.300789 -0.446870
v -0.544028 0.286613 -0.509337
v -0.504818 0.410021 -0.453546
v -0.476743 0.400344 -0.515854
v -0.745503 0.257345 -0.143375
v -0.803166 0.159694 -0.081264
v -0.761277 0.206881 -0.172711
v -0.790567 0.161611 -0.141046
v -0.759447 0.261098 -0.086304
v -0.789863 0.213723 -0.058913
v -0.587991 0.362026 0.428646
v -0.530695 0.331431 0.535799
v -0.604261 0.310576 0.458612
v -0.577546 0.294837 0.514097
v -0.541906 0.394596 0.452336
v -0.515122 0.377746 0.506062
v -0.760042 0.259622 0.157480
v -0.804765 0.159401 0.093370
v -0.780012 0.208081 0.189612
v -0.801191 0.158693 0.156534
v -0.767260 0.261220 0.093134
v -0.788551 0.210870 0.061701
v 0.403995 0.511795 0.343346
v 0.505885 0.473508 0.313428
v 0.428704 0.527050 0.290860
v 0.478554 0.508051 0.276257
v 0.432508 0.484364 0.386916
v 0.482302 0.462911 0.369591
v 0.316650 0.455527 0.491447
v 0.359107 0.395205 0.567783
v 0.281501 0.432337 0.535746
v 0.300247 0.402970 0.571808
v 0.374985 0.453225 0.488369
v 0.398593 0.422184 0.527365
v 0.547875 0.722587 -0.456237
v 0.513509 0.545211 -0.359931
v 0.500431 0.656839 -0.379225
v 0.501002 0.585376 -0.336949
v 0.513704 0.631802 -0.476297
v 0.503706 0.554852 -0.424678
v 0.363394 0.634058 -0.621091
v 0.378848 0.475106 -0.669786
v 0.327523 0.609125 -0.679294
v 0.339561 0.530207 -0.705512
v 0.405586 0.583538 -0.584995
v 0.406274 0.500561 -0.605511
v 0.680972 0.409034 -0.069747
v 0.691546 0.411779 0.057576
v 0.653770 0.451956 -0.040342
v 0.661586 0.455052 0.023571
v 0.713088 0.360116 -0.038778
v 0.719845 0.365248 0.025165
v 0.567428 0.365219 -0.444215
v 0.512985 0.334465 -0.571274
v 0.587094 0.306324 -0.473255
v 0.560808 0.293591 -0.535924
v 0.520985 0.415673 -0.476208
v 0.492172 0.397350 -0.538812
v 0.760173 0.250941 -0.167001
v 0.817901 0.155679 -0.104123
v 0.783690 0.200225 -0.201299
v 0.806937 0.153390 -0.167630
v 0.770560 0.252190 -0.102386
v 0.794518 0.205107 -0.073002
v 0.573526 0.349360 0.413723
v 0.520386 0.320713 0.523002
v 0.592785 0.301930 0.444621
v 0.564891 0.283842 0.497822
v 0.527468 0.383315 0.437172
v 0.500040 0.369448 0.492197
v 0.766936 0.264261 0.158684
v 0.823339 0.160428 0.091233
v 0.781650 0.208638 0.190785
v 0.810732 0.157760 0.158776
v 0.774824 0.266573 0.090913
v 0.801902 0.214177 0.056991
v -0.049770 -0.772375 0.174536
v -0.122003 -0.729740 0.351150
v -0.118300 -0.758672 0.171652
v -0.154167 -0.732880 0.254092
v -0.019173 -0.764008 0.261904
v -0.053128 -0.746583 0.357874
v -0.119310 -0.834953 -0.167843
v -0.180249 -0.852847 -0.322720
v -0.151541 -0.938983 -0.205013
v -0.209211 -0.920962 -0.294059
v -0.079315 -0.804025 -0.211680
v -0.110837 -0.806104 -0.286996
v 0.074402 -0.762789 0.211924
v 0.139689 -0.780076 0.493029
v 0.124965 -0.747750 0.215812
v 0.147599 -0.733886 0.333655
v 0.051638 -0.758702 0.299645
v 0.088155 -0.774195 0.429112
v 0.107277 -0.852205 -0.170168
v 0.182699 -0.841033 -0.310897
v 0.135277 -0.961102 -0.210178
v 0.214994 -0.913264 -0.271127
v 0.084397 -0.792469 -0.208424
v 0.114691 -0.791410 -0.279082
v -0.436119 -0.625747 0.450862
v -0.547654 -0.567436 0.372196
v -0.467512 -0.626250 0.370681
v -0.524823 -0.602869 0.335044
v -0.464697 -0.596906 0.483394
v -0.518907 -0.563395 0.443488
v -0.223245 -0.837648 0.539916
v 0.056439 -0.855604 0.556531
v -0.087929 -0.888763 0.669626
v -0.000373 -0.795767 0.596164
v -0.056715 -0.822241 0.542539
v 0.013564 -0.829307 0.536642
v -0.400557 -0.668398 0.679244
v -0.408090 -0.506586 0.694768
v -0.375349 -0.640577 0.732395
v -0.377102 -0.558518 0.744863
v -0.411076 -0.603804 0.629622
v -0.430227 -0.531719 0.636248
v -0.396310 -0.562149 -0.351995
v -0.484865 -0.476851 -0.307052
v -0.429375 -0.581456 -0.305168
v -0.462461 -0.526795 -0.274750
v -0.412080 -0.503449 -0.383373
v -0.460335 -0.466397 -0.364244
v -0.066007 -0.686792 -0.415557
v 0.067346 -0.692747 -0.421581
v -0.031904 -0.651134 -0.461806
v 0.033211 -0.650943 -0.461557
v -0.035256 -0.722992 -0.371768
v 0.033217 -0.723910 -0.374270
v -0.304137 -0.494965 -0.498335
v -0.352683 -0.405165 -0.572429
v -0.274393 -0.475352 -0.549971
v -0.297312 -0.431419 -0.584541
v -0.352574 -0.458825 -0.483177
v -0.379398 -0.418065 -0.522136
v -0.670113 -0.384479 -0.048576
v -0.674910 -0.399879 0.068649
v -0.636380 -0.430212 -0.015585
v -0.642119 -0.440342 0.042352
v -0.704986 -0.344919 -0.025098
v -0.706806 -0.351162 0.034837
v -0.552368 -0.334779 -0.407196
v -0.494571 -0.306226 -0.515852
v -0.568401 -0.288060 -0.435510
v -0.540313 -0.273617 -0.490445
v -0.508527 -0.370992 -0.435970
v -0.481390 -0.357252 -0.490724
v -0.744055 -0.250101 -0.143874
v -0.789482 -0.157315 -0.082784
v -0.756413 -0.204301 -0.172964
v -0.777322 -0.156251 -0.140167
v -0.752687 -0.249259 -0.084031
v -0.789499 -0.211051 -0.059870
v -0.589678 -0.391015 0.445069
v -0.532191 -0.359282 0.562714
v -0.602544 -0.328060 0.466247
v -0.575577 -0.312116 0.523950
v -0.545151 -0.441254 0.484223
v -0.516972 -0.426893 0.544661
v -0.758405 -0.262987 0.158513
v -0.801742 -0.159302 0.095180
v -0.778363 -0.210340 0.190708
v -0.800029 -0.159779 0.157432
v -0.760085 -0.259956 0.094618
v -0.784444 -0.209536 0.062784
v 0.381356 -0.651400 0.496819
v 0.550111 -0.566797 0.366008
v 0.454228 -0.620796 0.378007
v 0.528005 -0.602451 0.330844
v 0.429214 -0.609602 0.515914
v 0.510164 -0.558376 0.438925
v 0.447588 -0.692053 0.724300
v 0.408696 -0.497204 0.694332
v 0.390716 -0.631363 0.743508
v 0.382560 -0.546216 0.738915
v 0.389074 -0.604521 0.701540
v 0.421799 -0.522235 0.653070
v 0.405095 -0.558288 -0.363500
v 0.495267 -0.479425 -0.324417
v 0.437075 -0.580687 -0.316966
v 0.474307 -0.531408 -0.290089
v 0.422880 -0.499258 -0.394724
v 0.473631 -0.468984 -0.382123
v 0.317095 -0.493836 -0.509941
v 0.361877 -0.401694 -0.577892
v 0.290838 -0.483931 -0.564005
v 0.314678 -0.438427 -0.597741
v 0.368359 -0.458002 -0.493497
v 0.389011 -0.414535 -0.526845
v 0.683120 -0.401217 -0.063044
v 0.689017 -0.412596 0.063332
v 0.654772 -0.451678 -0.027888
v 0.649863 -0.451849 0.034241
v 0.715477 -0.355182 -0.032499
v 0.710228 -0.357162 0.026941
v 0.560446 -0.337223 -0.426077
v 0.504941 -0.308800 -0.522158
v 0.574896 -0.288303 -0.447978
v 0.548509 -0.274910 -0.498650
v 0.516954 -0.374644 -0.449607
v 0.487998 -0.357512 -0.497178
v 0.754398 -0.259164 -0.164378
v 0.817856 -0.158813 -0.102517
v 0.774411 -0.206398 -0.196893
v 0.806495 -0.156347 -0.165458
v 0.764703 -0.262820 -0.099385
v 0.790729 -0.211502 -0.069316
v 0.587352 -0.388247 0.434404
v 0.535215 -0.356732 0.549731
v 0.601557 -0.325267 0.455049
v 0.573935 -0.308764 0.512174
v 0.544640 -0.438534 0.472214
v 0.516564 -0.421801 0.534890
v 0.765897 -0.269278 0.159797
v 0.818647 -0.165120 0.092562
v 0.783279 -0.213867 0.193095
v 0.810571 -0.163621 0.160295
v 0.776506 -0.271585 0.092840
v 0.804066 -0.220288 0.058866
v 0.168846 -0.104091 0.858296
v 0.277225 -0.173767 0.810751
v 0.176506 -0.169754 0.885568
v 0.232838 -0.205970 0.859025
v 0.215210 -0.072489 0.814338
v 0.268788 -0.106252 0.792735
v -0.172923 -0.106895 0.854501
v -0.281871 -0.174046 0.811949
v -0.178406 -0.173009 0.873846
v -0.234352 -0.207348 0.850986
v -0.222389 -0.075269 0.814459
v -0.277749 -0.107287 0.798957
v 0.151735 0.083857 0.785708
v 0.250038 0.148026 0.734661
v 0.149245 0.145419 0.772951
v 0.197273 0.176303 0.748195
v 0.202120 0.053797 0.773800
v 0.252605 0.085458 0.745309
v -0.157404 0.080235 0.773368
v -0.259983 0.149347 0.737466
v -0.154811 0.142486 0.760607
v -0.207513 0.176529 0.745968
v -0.212055 0.050846 0.769412
v -0.262389 0.084812 0.748895
v 0.421986 -0.069490 0.699099
v 0.413423 0.058837 0.679995
v 0.473370 -0.035075 0.668706
v 0.468517 0.028179 0.660033
v 0.366179 -0.038520 0.721014
v 0.361731 0.025131 0.708331
v -0.428218 -0.070209 0.713716
v -0.423794 0.060788 0.700895
v -0.480034 -0.034916 0.687066
v -0.479508 0.030178 0.683938
v -0.373703 -0.037666 0.736012
v -0.371117 0.027384 0.726074
v 0.173791 -0.087017 -0.793442
v 0.277899 -0.164564 -0.754571
v 0.173561 -0.158850 -0.783173
v 0.225347 -0.193620 -0.765096
v 0.226454 -0.051875 -0.790022
v 0.276135 -0.092056 -0.760675
v -0.160776 -0.083577 -0.757351
v -0.251601 -0.150159 -0.714719
v -0.156408 -0.156217 -0.741371
v -0.202987 -0.186452 -0.728711
v -0.210759 -0.045841 -0.750361
v -0.254579 -0.080484 -0.725364
v 0.207526 0.107462 -0.912713
v 0.309436 0.191487 -0.878196
v 0.237953 0.184775 -0.948482
v 0.282451 0.228962 -0.950258
v 0.246537 0.081972 -0.859427
v 0.297712 0.122029 -0.844503
v -0.206742 0.098088 -0.934447
v -0.314557 0.186222 -0.909083
v -0.229939 0.176812 -0.985605
v -0.270708 0.222827 -0.958822
v -0.241210 0.080568 -0.864089
v -0.295507 0.115647 -0.864128
v 0.437699 -0.062354 -0.713477
v 0.435862 0.092620 -0.731370
v 0.476053 -0.024721 -0.673909
v 0.481272 0.053310 -0.689938
v 0.381053 -0.020306 -0.734748
v 0.384153 0.057344 -0.750838
v -0.409487 -0.052433 -0.675938
v -0.424193 0.078469 -0.728941
v -0.451593 -0.021503 -0.655104
v -0.458880 0.043702 -0.674654
v -0.362505 -0.018101 -0.710841
v -0.375866 0.047866 -0.751383
v -0.350049 0.634097 0.022312
v -0.352586 0.652765 -0.069793
v -0.293132 0.644427 0.019797
v -0.295242 0.667335 -0.079425
v -0.428934 0.600322 0.055612
v -0.325058 0.623741 0.066416
v -0.413501 0.591488 0.106620
v -0.434032 0.626717 -0.094553
v -0.330614 0.666259 -0.126777
v -0.418922 0.636684 -0.154589
v -0.480793 0.597813 -0.014579
v -0.466271 0.611847 -0.130119
v -0.520518 0.582776 -0.041310
v -0.460325 0.576051 0.091319
v -0.516751 0.573116 0.016294
v 0.345954 0.640992 0.020077
v 0.350870 0.658505 -0.067820
v 0.294036 0.653522 0.016852
v 0.296421 0.677472 -0.075495
v 0.425594 0.614652 0.052589
v 0.323570 0.631654 0.062317
v 0.409240 0.604176 0.103208
v 0.435009 0.627210 -0.093719
v 0.330023 0.671910 -0.121871
v 0.421424 0.637760 -0.152296
v 0.477785 0.599764 -0.018129
v 0.469468 0.611863 -0.130745
v 0.517979 0.581217 -0.045470
v 0.458496 0.590884 0.089348
v 0.512646 0.574482 0.011874
v -0.372503 -0.719887 0.025131
v -0.396172 -0.780232 -0.062650
v -0.324137 -0.748455 0.021569
v -0.356601 -0.848226 -0.065808
v -0.455454 -0.672122 0.075092
v -0.351586 -0.713120 0.082198
v -0.445890 -0.665664 0.133045
v -0.455404 -0.701791 -0.078538
v -0.397387 -0.833388 -0.119139
v -0.449235 -0.719374 -0.136523
v -0.494851 -0.649588 0.005010
v -0.471685 -0.657775 -0.106225
v -0.519519 -0.612291 -0.017777
v -0.499773 -0.650316 0.120944
v -0.532405 -0.618597 0.040985
v 0.373253 -0.728531 0.030095
v 0.397191 -0.781581 -0.062852
v 0.322454 -0.756345 0.035588
v 0.358793 -0.843863 -0.065726
v 0.457746 -0.682846 0.072560
v 0.347377 -0.719196 0.094793
v 0.448059 -0.680771 0.133123
v 0.452965 -0.701934 -0.085744
v 0.405806 -0.845587 -0.117792
v 0.443570 -0.720108 -0.144924
v 0.496243 -0.652675 -0.001839
v 0.471927 -0.659891 -0.115085
v 0.527011 -0.618768 -0.026646
v 0.505448 -0.666286 0.115283
v 0.536611 -0.623728 0.033847
v -0.013314 -0.660169 0.808240
v -0.113589 -0.616822 0.792426
v -0.067714 -0.725537 0.794623
v -0.188740 -0.684056 0.764672
v 0.107820 -0.589543 0.832508
v 0.024982 -0.702385 0.784993
v 0.160763 -0.640962 0.811127
v 0.063716 -0.472443 0.866311
v -0.056428 -0.475870 0.858672
v 0.065624 -0.393357 0.886949
v -0.058386 -0.395615 0.894695
v 0.187105 -0.574073 0.839363
v 0.126412 -0.437185 0.868950
v -0.184700 -0.580557 0.811380
v -0.119960 -0.439105 0.860353
v 0.002211 0.414132 0.632189
v -0.065701 0.391305 0.666123
v -0.023708 0.433834 0.595639
v -0.100192 0.409553 0.636253
v 0.066966 0.390332 0.662311
v 0.029510 0.430744 0.593372
v 0.101423 0.405697 0.628003
v 0.041240 0.348901 0.710171
v -0.037479 0.350364 0.710383
v 0.043422 0.308333 0.730154
v -0.045147 0.303565 0.727178
v 0.115533 0.382886 0.661885
v 0.085783 0.331288 0.715555
v -0.116838 0.383618 0.666667
v -0.087183 0.326458 0.711596
v 0.001905 -0.482929 -0.650891
v -0.069575 -0.445536 -0.679155
v -0.024496 -0.509648 -0.615046
v -0.099484 -0.466216 -0.644406
v 0.072290 -0.447754 -0.683176
v 0.030010 -0.509562 -0.617316
v 0.107941 -0.471563 -0.651548
v 0.045836 -0.383933 -0.725515
v -0.042597 -0.379637 -0.721755
v 0.050391 -0.337962 -0.744729
v -0.046548 -0.333842 -0.740290
v 0.125358 -0.431782 -0.681848
v 0.096479 -0.362237 -0.731570
v -0.115853 -0.424244 -0.672197
v -0.088834 -0.354586 -0.718338
v -0.002245 0.621983 -0.808334
v -0.093881 0.556070 -0.839792
v -0.039037 0.678363 -0.781264
v -0.137750 0.604082 -0.812950
v 0.090801 0.557439 -0.834519
v 0.032711 0.680800 -0.783736
v 0.134211 0.602207 -0.803346
v 0.056337 0.458976 -0.886278
v -0.057430 0.456817 -0.886319
v 0.062623 0.396361 -0.915881
v -0.062610 0.393565 -0.918581
v 0.156812 0.538815 -0.836832
v 0.120990 0.433976 -0.895939
v -0.156999 0.535516 -0.838500
v -0.119336 0.428773 -0.895863
v 0.677674 0.067636 -0.443611
v 0.724612 0.038910 -0.373010
v 0.686381 0.119288 -0.438922
v 0.728582 0.085764 -0.354329
v 0.674358 -0.070759 -0.439926
v 0.720918 -0.044032 -0.371374
v 0.672255 -0.117626 -0.428331
v 0.728634 -0.088833 -0.354235
v 0.645590 -0.002277 -0.481734
v 0.651435 -0.107302 -0.472828
v 0.622517 -0.031902 -0.516879
v 0.656534 0.107077 -0.483424
v 0.620369 0.028641 -0.520976
v 0.746784 0.042142 -0.322889
v 0.746321 -0.048477 -0.323332
v 0.698930 0.065896 0.457152
v 0.745349 0.039753 0.386827
v 0.691553 0.114816 0.438382
v 0.748773 0.085846 0.363943
v 0.698746 -0.067011 0.456537
v 0.743123 -0.042633 0.385615
v 0.691210 -0.118839 0.437946
v 0.744327 -0.089208 0.361943
v 0.681085 0.001278 0.506436
v 0.668794 -0.101247 0.485222
v 0.646980 -0.024807 0.540496
v 0.665950 0.099210 0.484861
v 0.646311 0.027432 0.539946
v 0.772139 0.043231 0.337949
v 0.768637 -0.046543 0.336351
v -0.653805 0.073699 -0.426697
v -0.694460 0.044730 -0.350722
v -0.654575 0.121173 -0.414493
v -0.703820 0.091806 -0.331631
v -0.648412 -0.069648 -0.422952
v -0.692827 -0.042624 -0.347525
v -0.651924 -0.118511 -0.410376
v -0.701091 -0.090902 -0.328081
v -0.624417 0.002588 -0.472146
v -0.625286 -0.105334 -0.459528
v -0.599851 -0.027484 -0.515535
v -0.627916 0.108531 -0.464701
v -0.597477 0.031742 -0.514017
v -0.719211 0.047417 -0.301292
v -0.719314 -0.047586 -0.299544
v -0.712991 0.068669 0.470998
v -0.763497 0.041506 0.394968
v -0.703630 0.119363 0.450791
v -0.764748 0.090926 0.370840
v -0.714248 -0.068880 0.470906
v -0.762784 -0.043496 0.394421
v -0.701844 -0.121300 0.447548
v -0.761650 -0.093045 0.369562
v -0.688285 0.000280 0.521141
v -0.680549 -0.106034 0.502046
v -0.656777 -0.027571 0.559268
v -0.681284 0.104570 0.504598
v -0.658367 0.028854 0.560213
v -0.786062 0.046526 0.341825
v -0.785110 -0.048704 0.341734
v -0.054657 0.693258 -0.009116
v -0.048071 0.729946 -0.110244
v -0.110520 0.684755 -0.001082
v -0.105342 0.715536 -0.103339
v 0.089048 0.697267 -0.012475
v 0.081097 0.731908 -0.105681
v 0.135096 0.689546 -0.004993
v 0.126445 0.723233 -0.096359
v 0.020729 0.680605 0.034186
v -0.087545 0.671610 0.046601
v -0.008127 0.659034 0.089936
v 0.014973 0.748763 -0.164804
v -0.073926 0.734515 -0.160314
v -0.008690 0.760072 -0.222266
v 0.116846 0.673285 0.039329
v 0.045109 0.658844 0.086576
v 0.100117 0.745819 -0.150306
v 0.034357 0.767451 -0.220163
v -0.227766 0.570878 0.265001
v -0.320829 0.534495 0.309982
v -0.252208 0.588582 0.213507
v -0.345980 0.547225 0.258462
v -0.144601 0.523267 0.422098
v -0.235067 0.491241 0.465371
v -0.114069 0.502153 0.469922
v -0.203809 0.474389 0.516593
v -0.139589 0.564489 0.316900
v -0.191609 0.598045 0.212944
v -0.105612 0.589949 0.262827
v -0.326509 0.496001 0.408184
v -0.380396 0.522908 0.305174
v -0.385305 0.484556 0.400883
v -0.082630 0.524441 0.418278
v -0.078350 0.567522 0.314318
v -0.263956 0.466584 0.509916
v -0.355748 0.469187 0.451099
v -0.253628 0.776308 -0.395206
v -0.380789 0.751544 -0.439455
v -0.271695 0.735846 -0.326699
v -0.389907 0.712139 -0.366384
v -0.247019 0.966576 -0.575983
v -0.268412 0.753665 -0.614756
v -0.170065 0.828297 -0.624031
v -0.253962 0.734768 -0.677530
v -0.178960 0.877802 -0.464416
v -0.204452 0.759798 -0.338921
v -0.122228 0.810901 -0.413793
v -0.394001 0.757266 -0.557165
v -0.458384 0.726299 -0.416064
v -0.497099 0.738752 -0.546365
v -0.136250 0.887215 -0.578981
v -0.109793 0.858085 -0.476364
v -0.303192 0.688558 -0.650385
v -0.405830 0.692604 -0.569015
v -0.576141 0.490402 -0.254186
v -0.628190 0.441872 -0.149743
v -0.558279 0.535195 -0.227958
v -0.608478 0.489911 -0.125109
v -0.624896 0.327621 -0.328914
v -0.691751 0.294650 -0.237382
v -0.636548 0.270229 -0.352402
v -0.703908 0.242256 -0.264231
v -0.567717 0.434050 -0.339357
v -0.536997 0.540995 -0.290914
v -0.523924 0.490348 -0.375277
v -0.694511 0.350392 -0.147176
v -0.646526 0.444560 -0.092047
v -0.708160 0.351388 -0.088393
v -0.594920 0.312937 -0.386972
v -0.537558 0.423436 -0.397078
v -0.728428 0.251286 -0.205591
v -0.727157 0.305995 -0.112348
v -0.588123 0.461182 0.242608
v -0.651351 0.442536 0.156409
v -0.557543 0.492587 0.204736
v -0.621857 0.481483 0.120770
v -0.660800 0.341403 0.345957
v -0.721205 0.306727 0.255924
v -0.674267 0.289122 0.374892
v -0.739075 0.255057 0.286621
v -0.596680 0.421526 0.341505
v -0.539062 0.482742 0.263302
v -0.545233 0.437805 0.359815
v -0.710542 0.356637 0.157470
v -0.659034 0.445549 0.091826
v -0.717751 0.357329 0.091987
v -0.633337 0.328053 0.403508
v -0.569837 0.406940 0.397388
v -0.752409 0.258222 0.222956
v -0.741498 0.310197 0.124264
v 0.233994 0.568923 0.253023
v 0.320414 0.538610 0.302251
v 0.258141 0.588388 0.203004
v 0.343240 0.557387 0.250574
v 0.154304 0.508789 0.409697
v 0.236380 0.478507 0.451314
v 0.123180 0.490184 0.459154
v 0.203316 0.459084 0.498310
v 0.154313 0.558329 0.308301
v 0.203703 0.595076 0.201401
v 0.124342 0.583749 0.255092
v 0.095775 0.515294 0.411409
v 0.097870 0.563232 0.309789
v 0.323103 0.498910 0.399810
v 0.374912 0.535035 0.299516
v 0.379918 0.495519 0.396151
v 0.259512 0.455438 0.494504
v 0.350956 0.476668 0.446771
v 0.253411 0.787995 -0.397372
v 0.383883 0.751765 -0.439173
v 0.272079 0.746261 -0.321842
v 0.391821 0.709840 -0.361552
v 0.256606 0.954540 -0.611790
v 0.281162 0.754663 -0.609693
v 0.184159 0.842803 -0.646446
v 0.261726 0.735175 -0.676243
v 0.181267 0.977731 -0.494608
v 0.204229 0.774415 -0.335477
v 0.126563 0.842543 -0.443258
v 0.161267 0.872056 -0.573350
v 0.116307 0.889446 -0.513901
v 0.413962 0.757014 -0.568671
v 0.461339 0.714205 -0.415795
v 0.526717 0.714623 -0.558061
v 0.311653 0.684132 -0.649480
v 0.417479 0.668061 -0.572700
v 0.583311 0.495208 -0.262042
v 0.639744 0.457672 -0.164545
v 0.559432 0.532427 -0.232092
v 0.602746 0.494427 -0.131208
v 0.640086 0.331014 -0.351859
v 0.705096 0.293494 -0.261190
v 0.657028 0.273927 -0.380052
v 0.721980 0.239730 -0.290812
v 0.580482 0.437590 -0.354510
v 0.539659 0.537232 -0.296975
v 0.536715 0.490650 -0.387832
v 0.702920 0.355800 -0.165730
v 0.640927 0.449974 -0.100507
v 0.710913 0.359537 -0.100941
v 0.613674 0.319103 -0.411892
v 0.552531 0.429214 -0.415911
v 0.745162 0.246382 -0.231683
v 0.736607 0.305353 -0.133571
v 0.576168 0.456934 0.234892
v 0.642365 0.439316 0.151544
v 0.548788 0.494410 0.199027
v 0.610567 0.476570 0.114091
v 0.641982 0.326298 0.334564
v 0.708051 0.299659 0.250495
v 0.657528 0.276304 0.364311
v 0.722125 0.246645 0.280798
v 0.577784 0.406824 0.326465
v 0.529787 0.485315 0.257941
v 0.529204 0.435764 0.348027
v 0.708671 0.359118 0.157495
v 0.654193 0.447953 0.087186
v 0.718498 0.363957 0.091085
v 0.617895 0.313927 0.390383
v 0.552946 0.395737 0.381776
v 0.747997 0.256951 0.221759
v 0.744932 0.315596 0.125026
v -0.076134 -0.799715 0.040254
v -0.092714 -0.834794 -0.071107
v -0.137374 -0.793284 0.027278
v -0.157029 -0.868150 -0.075021
v 0.089593 -0.801414 0.053914
v 0.102765 -0.844347 -0.063828
v 0.144568 -0.795643 0.042455
v 0.167862 -0.880649 -0.074434
v 0.010571 -0.793552 0.123945
v -0.095405 -0.778543 0.101527
v -0.005808 -0.781464 0.192106
v 0.004590 -0.810395 -0.098222
v -0.136153 -0.866138 -0.128176
v -0.040530 -0.797600 -0.140328
v 0.106760 -0.774316 0.120973
v 0.033729 -0.775595 0.206525
v 0.134588 -0.884735 -0.124787
v 0.044903 -0.797406 -0.143216
v -0.248249 -0.696439 0.419886
v -0.351496 -0.666956 0.446126
v -0.269072 -0.696413 0.317793
v -0.374617 -0.663562 0.356085
v -0.311850 -0.886454 0.742334
v -0.412087 -0.833469 0.669126
v -0.222621 -0.906947 0.734513
v -0.328468 -0.782895 0.729202
v -0.198762 -0.800672 0.591285
v -0.196905 -0.711767 0.335274
v -0.110520 -0.759443 0.463825
v -0.374854 -0.675852 0.570140
v -0.406769 -0.647778 0.407872
v -0.411014 -0.633298 0.530019
v -0.213161 -0.929945 0.775304
v -0.123542 -0.837874 0.564416
v -0.378252 -0.723083 0.704267
v -0.392265 -0.645536 0.608323
v -0.280187 -0.799380 -0.357164
v -0.350941 -0.681958 -0.357194
v -0.338418 -0.880040 -0.344770
v -0.409626 -0.719711 -0.329994
v -0.153020 -0.634402 -0.446004
v -0.229391 -0.569709 -0.473145
v -0.118274 -0.597308 -0.488864
v -0.197440 -0.544444 -0.523967
v -0.169615 -0.736295 -0.377865
v -0.253979 -0.866684 -0.329168
v -0.141834 -0.781707 -0.341421
v -0.314734 -0.572790 -0.411690
v -0.394664 -0.633598 -0.334469
v -0.364220 -0.538985 -0.398851
v -0.093262 -0.643209 -0.453239
v -0.103764 -0.729451 -0.374153
v -0.250922 -0.521634 -0.511674
v -0.332339 -0.513598 -0.447270
v -0.552460 -0.446079 -0.222961
v -0.613347 -0.414173 -0.134608
v -0.531648 -0.494387 -0.191161
v -0.589608 -0.464292 -0.102915
v -0.619013 -0.309000 -0.319688
v -0.685241 -0.281768 -0.231833
v -0.633824 -0.263751 -0.347964
v -0.697991 -0.236365 -0.260774
v -0.555541 -0.390363 -0.316429
v -0.507662 -0.484127 -0.248913
v -0.508154 -0.428583 -0.341107
v -0.684773 -0.333495 -0.140462
v -0.628994 -0.421552 -0.072960
v -0.698630 -0.339325 -0.081967
v -0.594301 -0.298431 -0.378509
v -0.531764 -0.381743 -0.375580
v -0.726554 -0.246446 -0.203916
v -0.720675 -0.293338 -0.113277
v -0.598525 -0.514028 0.265803
v -0.640536 -0.455585 0.166328
v -0.577326 -0.554827 0.233586
v -0.615392 -0.500338 0.136636
v -0.659915 -0.354268 0.349581
v -0.717699 -0.311699 0.256223
v -0.671926 -0.294718 0.375366
v -0.736106 -0.257743 0.285432
v -0.604551 -0.462198 0.360857
v -0.563832 -0.566597 0.301270
v -0.564356 -0.513688 0.400667
v -0.702532 -0.361760 0.159530
v -0.643358 -0.449408 0.103358
v -0.704267 -0.355788 0.097570
v -0.630741 -0.341983 0.408551
v -0.576921 -0.453799 0.423250
v -0.750415 -0.261821 0.223071
v -0.734590 -0.311125 0.127451
v 0.258359 -0.763581 0.556511
v 0.260150 -0.700161 0.505180
v 0.238216 -0.695694 0.391754
v 0.336133 -0.666997 0.390953
v 0.223855 -0.848600 0.577883
v 0.330439 -0.796405 0.662564
v 0.168476 -0.786999 0.629961
v 0.299146 -0.732109 0.691902
v 0.161737 -1.005063 0.679428
v 0.189913 -0.749569 0.482105
v 0.148986 -0.858195 0.566376
v 0.115405 -0.825654 0.589681
v 0.081105 -0.870715 0.585187
v 0.164275 -0.922995 0.832642
v 0.354492 -0.661680 0.444251
v 0.316440 -0.703233 0.657564
v 0.400557 -0.721952 0.734277
v 0.254808 -0.718582 0.891819
v 0.278871 -0.784541 -0.357816
v 0.345002 -0.672983 -0.359969
v 0.322301 -0.846710 -0.332029
v 0.382546 -0.709675 -0.319110
v 0.158849 -0.638050 -0.455378
v 0.242388 -0.573312 -0.487423
v 0.125536 -0.602124 -0.498880
v 0.215562 -0.552996 -0.541592
v 0.170425 -0.731678 -0.382718
v 0.262830 -0.863122 -0.332420
v 0.142617 -0.774792 -0.340691
v 0.096690 -0.646483 -0.459880
v 0.104117 -0.732546 -0.380442
v 0.322104 -0.567426 -0.423384
v 0.393926 -0.628951 -0.340046
v 0.370272 -0.529107 -0.406441
v 0.266661 -0.529079 -0.527612
v 0.343671 -0.510312 -0.457798
v 0.558301 -0.449443 -0.241908
v 0.627327 -0.431944 -0.155412
v 0.539332 -0.504587 -0.208885
v 0.602718 -0.480925 -0.121265
v 0.623227 -0.309599 -0.339258
v 0.695136 -0.287182 -0.257913
v 0.639534 -0.262956 -0.366719
v 0.710683 -0.237977 -0.286599
v 0.561111 -0.393559 -0.336047
v 0.516313 -0.490707 -0.266778
v 0.518363 -0.432486 -0.361113
v 0.696490 -0.348680 -0.162432
v 0.645161 -0.444964 -0.092224
v 0.714388 -0.358031 -0.098531
v 0.599683 -0.300129 -0.395765
v 0.541959 -0.385170 -0.396394
v 0.738201 -0.250032 -0.228499
v 0.735891 -0.310852 -0.132094
v 0.606553 -0.518233 0.261386
v 0.652753 -0.468277 0.161553
v 0.585922 -0.564486 0.228159
v 0.625956 -0.515052 0.129538
v 0.652266 -0.350813 0.343209
v 0.714191 -0.312490 0.254142
v 0.663639 -0.291398 0.368305
v 0.725219 -0.254159 0.282881
v 0.600102 -0.459909 0.351120
v 0.571691 -0.567018 0.296722
v 0.558658 -0.509757 0.391078
v 0.713696 -0.371602 0.160142
v 0.655397 -0.463379 0.096399
v 0.721912 -0.371012 0.092724
v 0.626481 -0.339637 0.400315
v 0.572878 -0.450551 0.413020
v 0.751622 -0.264446 0.224181
v 0.745888 -0.322236 0.126265
v 0.060071 -0.104993 0.904199
v -0.061468 -0.106020 0.905779
v 0.065959 -0.169741 0.946267
v -0.065554 -0.169663 0.952345
v 0.048479 0.078312 0.794008
v -0.051488 0.077157 0.791376
v 0.048963 0.142031 0.781876
v -0.049807 0.140312 0.777446
v 0.106388 -0.010115 0.832339
v 0.119503 -0.133308 0.905706
v 0.160345 -0.040605 0.827678
v -0.110233 -0.013125 0.827447
v -0.121573 -0.137922 0.898798
v -0.166361 -0.043885 0.824864
v 0.100104 0.112688 0.785836
v 0.154283 0.021330 0.802699
v -0.102215 0.108543 0.774664
v -0.160917 0.016481 0.792564
v 0.381204 -0.392362 0.735494
v 0.332275 -0.281676 0.777876
v 0.346985 -0.438894 0.776850
v 0.288609 -0.321669 0.815479
v 0.505400 -0.262075 0.615037
v 0.473020 -0.165672 0.670840
v 0.549964 -0.220464 0.579881
v 0.516677 -0.127485 0.633895
v 0.458094 -0.377031 0.646669
v 0.383145 -0.469108 0.736167
v 0.447526 -0.449433 0.643378
v 0.543215 -0.287556 0.566757
v 0.493374 -0.403101 0.593649
v 0.377031 -0.172578 0.742405
v 0.283150 -0.243807 0.819670
v 0.323600 -0.139451 0.769798
v 0.475075 -0.099652 0.672270
v 0.372342 -0.104596 0.733218
v -0.370389 -0.395802 0.741629
v -0.334406 -0.281657 0.787643
v -0.337689 -0.440915 0.789160
v -0.288260 -0.317626 0.825145
v -0.513395 -0.266906 0.630271
v -0.481972 -0.168901 0.686971
v -0.558181 -0.224400 0.596573
v -0.527942 -0.131334 0.654453
v -0.459061 -0.384792 0.658757
v -0.378058 -0.476314 0.750039
v -0.443749 -0.457775 0.646567
v -0.545838 -0.291713 0.579613
v -0.488540 -0.409209 0.603322
v -0.381922 -0.174605 0.750364
v -0.286935 -0.243265 0.825236
v -0.329802 -0.140550 0.776237
v -0.481286 -0.100893 0.689000
v -0.377721 -0.104959 0.743707
v 0.329511 0.319448 0.630109
v 0.293064 0.236952 0.686928
v 0.273206 0.337271 0.639187
v 0.238668 0.264073 0.700075
v 0.497947 0.239588 0.593783
v 0.461008 0.152316 0.641390
v 0.546538 0.204990 0.571772
v 0.513615 0.121136 0.620197
v 0.431941 0.329579 0.584317
v 0.316412 0.368197 0.603841
v 0.417141 0.382180 0.558589
v 0.534528 0.263772 0.548952
v 0.469281 0.355381 0.543216
v 0.354540 0.149676 0.687468
v 0.244894 0.208351 0.719922
v 0.303434 0.117884 0.715746
v 0.464296 0.090960 0.650511
v 0.357714 0.088635 0.697991
v -0.343041 0.322423 0.649077
v -0.304765 0.239442 0.699250
v -0.284976 0.338962 0.652693
v -0.249537 0.261503 0.705453
v -0.507019 0.249319 0.610020
v -0.473793 0.157973 0.667846
v -0.552079 0.210650 0.582964
v -0.526285 0.125142 0.648008
v -0.446269 0.337190 0.605999
v -0.328558 0.365724 0.618020
v -0.429308 0.375955 0.568718
v -0.541888 0.271995 0.560391
v -0.481378 0.356890 0.554081
v -0.365248 0.153874 0.704359
v -0.256523 0.207465 0.723833
v -0.313741 0.119910 0.726741
v -0.476949 0.093874 0.678343
v -0.368955 0.091214 0.715490
v 0.063016 -0.083140 -0.804788
v -0.053079 -0.083216 -0.790280
v 0.060149 -0.155419 -0.792748
v -0.052678 -0.156147 -0.779643
v 0.068566 0.114427 -0.923595
v -0.074546 0.107303 -0.928566
v 0.071310 0.181160 -0.957790
v -0.079012 0.178464 -0.950730
v 0.123609 0.018625 -0.845188
v 0.118120 -0.120884 -0.794039
v 0.175786 -0.013217 -0.813227
v -0.120178 0.018158 -0.832312
v -0.107153 -0.121954 -0.760893
v -0.166487 -0.010140 -0.781263
v 0.144953 0.143583 -0.946909
v 0.186053 0.048738 -0.855891
v -0.150886 0.140401 -0.943890
v -0.182400 0.046808 -0.852508
v 0.353084 -0.340922 -0.658143
v 0.326309 -0.262107 -0.718847
v 0.299898 -0.372212 -0.672777
v 0.267706 -0.287532 -0.727137
v 0.495322 -0.245609 -0.596030
v 0.471115 -0.163844 -0.657402
v 0.536771 -0.209522 -0.567669
v 0.513894 -0.129604 -0.624275
v 0.427890 -0.323708 -0.589051
v 0.336586 -0.394483 -0.630140
v 0.409089 -0.370148 -0.557886
v 0.523309 -0.260129 -0.547791
v 0.457294 -0.340939 -0.541690
v 0.386656 -0.173129 -0.724850
v 0.277078 -0.229438 -0.746395
v 0.328347 -0.133407 -0.738486
v 0.476295 -0.098467 -0.669912
v 0.382953 -0.100427 -0.728062
v -0.326515 -0.325001 -0.632596
v -0.291251 -0.241329 -0.680072
v -0.271119 -0.351087 -0.643518
v -0.239521 -0.270662 -0.696168
v -0.480519 -0.236419 -0.591894
v -0.454716 -0.154813 -0.645005
v -0.516250 -0.201697 -0.560780
v -0.492833 -0.126613 -0.620202
v -0.424282 -0.325725 -0.589566
v -0.312894 -0.378831 -0.609723
v -0.403196 -0.375103 -0.558496
v -0.505862 -0.254792 -0.537356
v -0.448539 -0.340068 -0.537607
v -0.349305 -0.150875 -0.676864
v -0.246285 -0.215070 -0.710185
v -0.299902 -0.115129 -0.699427
v -0.452490 -0.090927 -0.649967
v -0.354989 -0.083786 -0.689700
v 0.377249 0.385556 -0.767163
v 0.354364 0.295679 -0.841660
v 0.326938 0.429350 -0.793684
v 0.304893 0.336127 -0.877692
v 0.495795 0.264299 -0.652640
v 0.481834 0.197349 -0.716484
v 0.541366 0.227194 -0.610748
v 0.526821 0.162276 -0.675726
v 0.436544 0.352543 -0.664145
v 0.354853 0.454598 -0.733856
v 0.420244 0.423923 -0.634918
v 0.531840 0.279280 -0.599429
v 0.464003 0.375828 -0.602445
v 0.394762 0.203955 -0.795054
v 0.311377 0.264642 -0.888474
v 0.345771 0.162585 -0.819818
v 0.484185 0.128401 -0.705716
v 0.389384 0.130075 -0.773057
v -0.366367 0.390673 -0.760400
v -0.361874 0.296790 -0.867587
v -0.323849 0.435868 -0.795197
v -0.303803 0.330559 -0.895876
v -0.499606 0.256803 -0.637527
v -0.473044 0.174217 -0.703599
v -0.534681 0.218438 -0.591872
v -0.505042 0.140125 -0.651997
v -0.434847 0.366991 -0.651882
v -0.350078 0.463384 -0.728521
v -0.412195 0.439206 -0.622048
v -0.522413 0.273208 -0.572985
v -0.456239 0.385633 -0.583504
v -0.394921 0.178822 -0.823677
v -0.321853 0.262911 -0.928300
v -0.342344 0.141686 -0.871998
v -0.468589 0.109729 -0.694992
v -0.388819 0.110804 -0.795114
v 0.834125 0.048815 -0.100063
v 0.832142 -0.053707 -0.099722
v 0.828236 0.048842 -0.161503
v 0.832436 -0.054591 -0.163167
v 0.849662 0.051853 0.091454
v 0.849668 -0.058020 0.091806
v 0.836145 0.050676 0.159680
v 0.835135 -0.057059 0.159700
v 0.841430 0.106418 -0.009298
v 0.824961 0.103506 -0.133773
v 0.820160 0.158468 -0.041545
v 0.833197 0.105417 0.125360
v 0.823069 0.160845 0.022924
v 0.841194 -0.111493 -0.009011
v 0.833534 -0.101220 -0.132313
v 0.816679 -0.161606 -0.039701
v 0.832165 -0.111322 0.125933
v 0.821418 -0.164930 0.025427
v -0.813203 0.056322 -0.073914
v -0.810430 -0.053234 -0.072909
v -0.793034 0.055391 -0.131563
v -0.792538 -0.052293 -0.133293
v -0.825989 0.053810 0.094382
v -0.821726 -0.052770 0.095552
v -0.821153 0.053885 0.155761
v -0.820809 -0.053331 0.155820
v -0.819450 0.109325 0.002784
v -0.804461 0.110984 -0.107128
v -0.808713 0.160764 -0.028061
v -0.821247 0.106407 0.124632
v -0.804844 0.159958 0.030024
v -0.814473 -0.107172 0.003515
v -0.793238 -0.105299 -0.105693
v -0.797589 -0.158492 -0.025737
v -0.816057 -0.106587 0.123824
v -0.799932 -0.158584 0.033163
v -0.206087 0.646036 0.060427
v -0.241070 0.623358 0.111989
v -0.204870 0.701771 -0.146774
v -0.246418 0.704318 -0.202207
v -0.181770 0.633451 0.108291
v -0.178687 0.720726 -0.208895
v -0.426293 0.549329 0.200156
v -0.476708 0.536173 0.185216
v -0.456469 0.522027 0.240009
v -0.443526 0.639165 -0.265805
v -0.490109 0.604538 -0.232123
v -0.485986 0.624505 -0.304764
v -0.591032 0.524271 -0.036075
v -0.596013 0.522573 0.023914
v -0.625669 0.485731 -0.003952
v 0.217289 0.653114 0.053290
v 0.248489 0.628655 0.104604
v 0.212644 0.717866 -0.137367
v 0.249335 0.716727 -0.192552
v 0.195917 0.637928 0.099608
v 0.185670 0.740840 -0.197859
v 0.419893 0.565313 0.195744
v 0.471457 0.554225 0.183514
v 0.451057 0.541856 0.238446
v 0.449240 0.636618 -0.263309
v 0.494524 0.602103 -0.233580
v 0.488905 0.618892 -0.304039
v 0.596014 0.530437 -0.044424
v 0.587674 0.518991 0.017335
v 0.626555 0.491262 -0.011983
v -0.229018 -0.750753 0.085499
v -0.260278 -0.724299 0.158664
v -0.275037 -0.965588 -0.120702
v -0.340003 -0.954490 -0.203965
v -0.191744 -0.741934 0.167774
v -0.251049 -0.957778 -0.209366
v -0.470055 -0.643210 0.247804
v -0.518624 -0.627534 0.225663
v -0.497444 -0.626358 0.294728
v -0.449447 -0.663142 -0.228054
v -0.469878 -0.600672 -0.192001
v -0.453418 -0.592243 -0.249982
v -0.576820 -0.523798 -0.012973
v -0.584081 -0.533016 0.046456
v -0.608795 -0.481412 0.016124
v 0.221677 -0.749036 0.110915
v 0.246893 -0.722046 0.194236
v 0.281337 -0.963415 -0.129444
v 0.336151 -0.956021 -0.219020
v 0.183070 -0.735664 0.210394
v 0.240135 -0.988724 -0.220073
v 0.466949 -0.650995 0.251871
v 0.528189 -0.635848 0.220976
v 0.501127 -0.623689 0.292025
v 0.445827 -0.664507 -0.237574
v 0.473663 -0.604681 -0.203040
v 0.457782 -0.595966 -0.262437
v 0.590875 -0.539219 -0.023984
v 0.593222 -0.544355 0.039124
v 0.621636 -0.497362 0.004972
v -0.082784 -0.799339 0.757557
v 0.016196 -0.767801 0.717443
v -0.353077 -0.695396 0.832825
v -0.325487 -0.574892 0.828668
v -0.042558 -0.794887 0.692162
v -0.351865 -0.611383 0.790609
v 0.288067 -0.646680 0.779560
v 0.334798 -0.583669 0.820330
v 0.347461 -0.600041 0.766734
v 0.124562 -0.279143 0.905253
v 0.183677 -0.320044 0.877907
v -0.121687 -0.275790 0.901113
v -0.181144 -0.314726 0.877332
v 0.181123 -0.242389 0.890554
v -0.179426 -0.242790 0.878832
v -0.023904 0.477693 0.512166
v 0.034443 0.473282 0.508431
v -0.191033 0.425971 0.597337
v -0.211609 0.395324 0.631451
v 0.006626 0.497855 0.462947
v -0.249722 0.415329 0.590242
v 0.190385 0.417307 0.584624
v 0.205584 0.389686 0.617435
v 0.245087 0.408896 0.578491
v 0.094977 0.234206 0.760396
v 0.139931 0.262242 0.739185
v -0.097462 0.228294 0.749230
v -0.146679 0.255578 0.732200
v 0.145941 0.206635 0.760630
v -0.153572 0.202927 0.751835
v -0.027978 -0.573531 -0.539932
v 0.032255 -0.575151 -0.541761
v -0.184717 -0.474353 -0.601685
v -0.203135 -0.427964 -0.630313
v 0.001786 -0.612792 -0.502311
v -0.240768 -0.452919 -0.592634
v 0.205689 -0.492916 -0.623321
v 0.226366 -0.450537 -0.657167
v 0.266396 -0.475207 -0.620236
v 0.111845 -0.256080 -0.775389
v 0.161563 -0.283105 -0.754328
v -0.101312 -0.248361 -0.751551
v -0.146612 -0.272887 -0.733094
v 0.172831 -0.225133 -0.775177
v -0.152074 -0.217651 -0.738260
v -0.045422 0.795109 -0.708788
v 0.036840 0.810318 -0.720142
v -0.266331 0.634729 -0.777687
v -0.273258 0.552044 -0.795438
v 0.000168 0.838581 -0.655688
v -0.298702 0.586734 -0.738082
v 0.256201 0.634305 -0.767257
v 0.269737 0.551707 -0.794917
v 0.298158 0.582152 -0.738465
v 0.148143 0.302768 -0.961690
v 0.207725 0.340612 -0.940098
v -0.142963 0.292919 -0.962695
v -0.202957 0.336819 -0.958980
v 0.241361 0.275520 -0.968510
v -0.225071 0.254864 -0.996844
v 0.645632 0.210821 -0.460767
v 0.621971 0.201688 -0.517434
v 0.761657 0.143118 -0.283457
v 0.788812 0.095701 -0.252133
v 0.606433 0.253202 -0.498678
v 0.792160 0.149362 -0.229100
v 0.628522 -0.203571 -0.442614
v 0.605806 -0.192362 -0.492756
v 0.761440 -0.145460 -0.285729
v 0.791338 -0.100176 -0.252746
v 0.591435 -0.240537 -0.472353
v 0.790842 -0.152018 -0.228931
v 0.548124 -0.028366 -0.589805
v 0.555602 0.043085 -0.605434
v 0.519149 0.010526 -0.641493
v 0.646386 0.207298 0.444395
v 0.619428 0.190663 0.494739
v 0.769098 0.145484 0.281879
v 0.804292 0.098283 0.256145
v 0.607361 0.246927 0.471935
v 0.797339 0.153859 0.224260
v 0.649965 -0.217925 0.445754
v 0.622582 -0.200618 0.497164
v 0.767671 -0.150197 0.282031
v 0.799255 -0.101982 0.255395
v 0.614237 -0.262720 0.476419
v 0.794543 -0.158557 0.224985
v 0.571256 -0.028392 0.610154
v 0.568688 0.030122 0.606998
v 0.524721 -0.001058 0.641459
v -0.618504 0.207168 -0.432689
v -0.592423 0.193340 -0.489826
v -0.740482 0.149280 -0.256786
v -0.758351 0.102320 -0.224122
v -0.582244 0.245537 -0.470612
v -0.766555 0.154625 -0.200822
v -0.615076 -0.206233 -0.426609
v -0.589379 -0.193262 -0.480420
v -0.738177 -0.149588 -0.256912
v -0.758033 -0.102903 -0.224858
v -0.579843 -0.240725 -0.460037
v -0.759217 -0.154233 -0.199370
v -0.529566 -0.027273 -0.590012
v -0.533700 0.039456 -0.597380
v -0.488696 0.008826 -0.623401
v -0.658113 0.215876 0.458312
v -0.630284 0.197431 0.511614
v -0.779538 0.151245 0.284303
v -0.802515 0.102336 0.252510
v -0.618001 0.254779 0.486573
v -0.794383 0.155861 0.221642
v -0.655511 -0.220345 0.454594
v -0.629074 -0.202955 0.509441
v -0.777920 -0.154540 0.284270
v -0.801256 -0.104559 0.253812
v -0.615639 -0.265463 0.488079
v -0.793439 -0.158571 0.222955
v -0.578021 -0.030940 0.632228
v -0.577375 0.031742 0.629585
v -0.533007 0.000017 0.665591
v -0.014137 0.612753 0.202372
v 0.042474 0.611391 0.200152
v 0.012657 0.589684 0.256311
v -0.020001 0.789426 -0.353895
v 0.033861 0.799897 -0.357564
v 0.003870 0.818866 -0.426986
v -0.470644 0.440709 0.431437
v -0.441126 0.425172 0.482692
v -0.493973 0.410454 0.468993
v -0.458532 0.564388 -0.465770
v -0.411294 0.545485 -0.519583
v -0.457092 0.473537 -0.485115
v -0.743825 0.309911 -0.001428
v -0.767533 0.262057 -0.030705
v -0.767144 0.261023 0.030585
v 0.458008 0.453905 0.426409
v 0.429116 0.443067 0.480762
v 0.480841 0.416199 0.460270
v 0.473100 0.553318 -0.480396
v 0.428935 0.526266 -0.536622
v 0.472035 0.466665 -0.505958
v 0.743021 0.311197 -0.007292
v 0.771378 0.256809 -0.041207
v 0.778167 0.265418 0.024072
v -0.001400 -0.761363 0.368503
v 0.038640 -0.775544 0.391480
v 0.007654 -0.787019 0.470206
v -0.043906 -0.765575 -0.259127
v 0.040845 -0.757547 -0.258426
v -0.001026 -0.745411 -0.318769
v -0.483034 -0.554853 0.510576
v -0.448547 -0.545392 0.574613
v -0.497526 -0.493144 0.527089
v -0.435214 -0.453592 -0.421508
v -0.407095 -0.434771 -0.470552
v -0.460662 -0.408002 -0.457968
v -0.736339 -0.304213 0.002531
v -0.766056 -0.257054 -0.030092
v -0.762354 -0.258707 0.031480
v 0.467643 -0.552454 0.519058
v 0.440006 -0.542729 0.598418
v 0.496948 -0.488796 0.521439
v 0.444886 -0.447990 -0.432274
v 0.417544 -0.427625 -0.479184
v 0.468491 -0.402935 -0.465954
v 0.745227 -0.315095 -0.006132
v 0.765222 -0.263530 -0.036889
v 0.775828 -0.270648 0.024844
v 0.259877 -0.039464 0.774221
v 0.255394 0.023180 0.757914
v 0.308294 -0.007268 0.738686
v -0.271051 -0.041689 0.779690
v -0.266343 0.022268 0.762615
v -0.320259 -0.007482 0.751519
v 0.276249 -0.017428 -0.775812
v 0.283093 0.055126 -0.806131
v 0.328404 0.021687 -0.762620
v -0.262286 -0.010311 -0.747731
v -0.280100 0.052972 -0.807111
v -0.320586 0.017803 -0.756918
f 1 647 644
f 1 644 643
f 1 643 645
f 1 645 646
f 1 646 647
f 2 649 652
f 6 672 670
f 12 702 699
f 11 696 695
f 8 679 681
f 4 662 659
f 4 659 658
f 4 658 660
f 4 660 661
f 4 661 662
f 5 666 665
f 3 654 657
f 7 673 677
f 9 685 686
f 10 692 688
f 12 701 698
f 6 669 668
f 2 650 648
f 8 682 678
f 11 697 693
f 6 671 669
f 12 700 701
f 11 694 697
f 8 680 682
f 2 651 650
f 10 690 689
f 5 663 664
f 3 655 653
f 7 676 674
f 9 687 684
f 10 691 690
f 5 667 663
f 3 656 655
f 7 675 676
f 9 683 687
f 6 668 672
f 2 648 649
f 8 678 679
f 11 693 696
f 12 698 702
f 10 688 691
f 5 665 667
f 3 657 656
f 7 677 675
f 9 686 683
f 5 664 666
f 3 653 654
f 7 674 673
f 9 684 685
f 10 689 692
f 6 670 671
f 12 699 700
f 11 695 694
f 8 681 680
f 2 652 651
f 35 837 838
f 18 735 736
f 19 742 741
f 40 868 867
f 42 880 879
f 34 832 831
f 33 827 828
f 25 778 780
f 36 844 846
f 20 749 747
f 32 819 820
f 23 765 767
f 24 773 771
f 37 850 849
f 41 876 875
f 34 833 834
f 33 826 825
f 25 779 777
f 36 845 843
f 20 748 750
f 17 729 727
f 14 711 709
f 13 706 703
f 15 718 715
f 16 724 721
f 18 737 733
f 35 839 835
f 42 882 878
f 40 870 866
f 19 744 740
f 30 807 805
f 27 789 787
f 22 762 758
f 28 797 793
f 29 802 799
f 32 821 817
f 23 766 763
f 24 774 770
f 37 852 848
f 41 874 872
f 35 838 836
f 18 736 734
f 19 741 739
f 40 867 865
f 42 879 877
f 34 831 829
f 33 828 824
f 25 780 776
f 36 846 842
f 20 747 745
f 32 820 818
f 23 767 764
f 24 771 769
f 37 849 847
f 41 875 871
f 34 834 830
f 33 825 823
f 25 777 775
f 36 843 841
f 20 750 746
f 14 714 710
f 13 707 704
f 15 719 716
f 16 725 722
f 17 732 728
f 21 755 752
f 31 814 811
f 26 784 781
f 38 857 853
f 39 862 860
f 27 792 788
f 22 759 757
f 28 796 794
f 29 803 800
f 30 810 806
f 31 815 812
f 26 785 782
f 38 856 854
f 39 863 859
f 21 754 751
f 14 712 714
f 13 705 707
f 15 717 719
f 16 723 725
f 17 730 732
f 21 753 755
f 31 816 814
f 26 786 784
f 38 858 857
f 39 861 862
f 27 791 792
f 22 761 759
f 28 795 796
f 29 801 803
f 30 808 810
f 31 813 815
f 26 783 785
f 38 855 856
f 39 864 863
f 21 756 754
f 14 709 712
f 13 703 705
f 15 715 717
f 16 721 723
f 17 727 730
f 21 751 753
f 31 812 816
f 26 782 786
f 38 854 858
f 39 859 861
f 27 787 791
f 22 758 761
f 28 793 795
f 29 799 801
f 30 805 808
f 31 811 813
f 26 781 783
f 38 853 855
f 39 860 864
f 21 752 756
f 17 728 731
f 14 710 713
f 13 704 708
f 15 716 720
f 16 722 726
f 18 734 738
f 35 836 840
f 42 877 881
f 40 865 869
f 19 739 743
f 30 806 809
f 27 788 790
f 22 757 760
f 28 794 798
f 29 800 804
f 32 818 822
f 23 764 768
f 24 769 772
f 37 847 851
f 41 871 873
f 35 835 837
f 18 733 735
f 19 740 742
f 40 866 868
f 42 878 880
f 34 830 832
f 33 823 827
f 25 775 778
f 36 841 844
f 20 746 749
f 32 817 819
f 23 763 765
f 24 770 773
f 37 848 850
f 41 872 876
f 34 829 833
f 33 824 826
f 25 776 779
f 36 842 845
f 20 745 748
f 17 731 729
f 14 713 711
f 13 708 706
f 15 720 718
f 16 726 724
f 18 738 737
f 35 840 839
f 42 881 882
f 40 869 870
f 19 743 744
f 30 809 807
f 27 790 789
f 22 760 762
f 28 798 797
f 29 804 802
f 32 822 821
f 23 768 766
f 24 772 774
f 37 851 852
f 41 873 874
f 107 1269 1270
f 103 1245 1246
f 104 1252 1251
f 110 1288 1287
f 113 1306 1305
f 118 1336 1335
f 154 1551 1552
f 141 1473 1474
f 162 1599 1600
f 121 1354 1353
f 142 1479 1480
f 129 1401 1402
f 130 1408 1407
f 144 1492 1491
f 146 1504 1503
f 151 1533 1534
f 131 1414 1413
f 136 1444 1443
f 161 1594 1593
f 126 1383 1384
f 116 1323 1324
f 108 1275 1276
f 106 1263 1264
f 112 1299 1300
f 115 1317 1318
f 119 1341 1342
f 156 1564 1563
f 139 1462 1461
f 160 1588 1587
f 120 1347 1348
f 149 1521 1522
f 132 1420 1419
f 128 1395 1396
f 145 1497 1498
f 148 1515 1516
f 155 1557 1558
f 133 1425 1426
f 134 1431 1432
f 157 1570 1569
f 124 1372 1371
f 109 1282 1281
f 105 1258 1257
f 111 1294 1293
f 114 1312 1311
f 117 1330 1329
f 125 1378 1377
f 152 1540 1539
f 137 1449 1450
f 158 1575 1576
f 123 1365 1366
f 143 1486 1485
f 127 1390 1389
f 135 1437 1438
f 147 1510 1509
f 150 1528 1527
f 153 1546 1545
f 140 1468 1467
f 138 1455 1456
f 159 1581 1582
f 122 1359 1360
f 107 1272 1271
f 103 1248 1247
f 104 1253 1254
f 110 1289 1290
f 113 1307 1308
f 118 1337 1338
f 154 1554 1553
f 141 1476 1475
f 162 1602 1601
f 121 1355 1356
f 142 1482 1481
f 129 1404 1403
f 130 1409 1410
f 144 1493 1494
f 146 1505 1506
f 151 1536 1535
f 131 1415 1416
f 136 1445 1446
f 161 1595 1596
f 126 1386 1385
f 47 909 907
f 44 891 889
f 43 886 883
f 45 898 895
f 46 904 901
f 49 922 919
f 72 1060 1057
f 102 1240 1237
f 96 1204 1201
f 79 1102 1099
f 62 999 997
f 59 981 979
f 58 976 973
f 60 988 985
f 61 994 991
f 66 1024 1021
f 54 952 949
f 73 1066 1063
f 85 1138 1135
f 92 1179 1177
f 101 1233 1231
f 69 1041 1039
f 50 927 925
f 82 1119 1117
f 97 1209 1207
f 71 1053 1051
f 100 1228 1225
f 94 1192 1189
f 80 1108 1105
f 51 933 931
f 90 1167 1165
f 63 1005 1003
f 55 957 955
f 76 1083 1081
f 87 1150 1147
f 91 1174 1171
f 67 1029 1027
f 56 963 961
f 75 1077 1075
f 83 1126 1123
f 68 1036 1033
f 48 915 913
f 78 1095 1093
f 93 1185 1183
f 98 1216 1213
f 88 1155 1153
f 65 1018 1015
f 57 970 967
f 77 1090 1087
f 86 1143 1141
f 64 1012 1009
f 53 945 943
f 74 1071 1069
f 84 1131 1129
f 89 1162 1159
f 70 1047 1045
f 99 1221 1219
f 95 1197 1195
f 81 1114 1111
f 52 940 937
f 109 1284 1280
f 105 1260 1256
f 111 1296 1292
f 114 1314 1310
f 117 1332 1328
f 125 1380 1376
f 152 1542 1538
f 137 1451 1447
f 158 1577 1573
f 123 1367 1363
f 143 1488 1484
f 127 1392 1388
f 135 1439 1435
f 147 1512 1508
f 150 1530 1526
f 153 1548 1544
f 140 1470 1466
f 138 1457 1453
f 159 1583 1579
f 122 1361 1357
f 107 1270 1268
f 103 1246 1244
f 104 1251 1249
f 110 1287 1285
f 113 1305 1303
f 118 1335 1333
f 154 1552 1550
f 141 1474 1472
f 162 1600 1598
f 121 1353 1351
f 142 1480 1478
f 129 1402 1400
f 130 1407 1405
f 144 1491 1489
f 146 1503 1501
f 151 1534 1532
f 131 1413 1411
f 136 1443 1441
f 161 1593 1591
f 126 1384 1382
f 116 1324 1322
f 108 1276 1274
f 106 1264 1262
f 112 1300 1298
f 115 1318 1316
f 119 1342 1340
f 156 1563 1561
f 139 1461 1459
f 160 1587 1585
f 120 1348 1346
f 149 1522 1520
f 132 1419 1417
f 128 1396 1394
f 145 1498 1496
f 148 1516 1514
f 155 1558 1556
f 133 1426 1424
f 134 1432 1430
f 157 1569 1567
f 124 1371 1369
f 109 1281 1279
f 105 1257 1255
f 111 1293 1291
f 114 1311 1309
f 117 1329 1327
f 125 1377 1375
f 152 1539 1537
f 137 1450 1448
f 158 1576 1574
f 123 1366 1364
f 143 1485 1483
f 127 1389 1387
f 135 1438 1436
f 147 1509 1507
f 150 1527 1525
f 153 1545 1543
f 140 1467 1465
f 138 1456 1454
f 159 1582 1580
f 122 1360 1358
f 107 1271 1267
f 103 1247 1243
f 104 1254 1250
f 110 1290 1286
f 113 1308 1304
f 118 1338 1334
f 154 1553 1549
f 141 1475 1471
f 162 1601 1597
f 121 1356 1352
f 142 1481 1477
f 129 1403 1399
f 130 1410 1406
f 144 1494 1490
f 146 1506 1502
f 151 1535 1531
f 131 1416 1412
f 136 1446 1442
f 161 1596 1592
f 126 1385 1381
f 44 894 890
f 43 887 884
f 45 899 896
f 46 905 902
f 47 912 908
f 52 941 938
f 70 1050 1046
f 99 1224 1220
f 95 1200 1196
f 81 1115 1112
f 59 984 980
f 58 977 974
f 60 989 986
f 61 995 992
f 62 1002 998
f 65 1019 1016
f 57 971 968
f 77 1091 1088
f 86 1146 1142
f 88 1158 1154
f 98 1217 1214
f 68 1037 1034
f 48 918 914
f 78 1098 1094
f 93 1188 1184
f 69 1044 1040
f 101 1236 1232
f 97 1212 1208
f 82 1122 1118
f 50 930 926
f 89 1163 1160
f 64 1013 1010
f 53 948 944
f 74 1074 1070
f 84 1134 1130
f 90 1170 1166
f 63 1008 1004
f 55 960 956
f 76 1086 1082
f 87 1151 1148
f 72 1061 1058
f 49 923 920
f 79 1103 1100
f 96 1205 1202
f 102 1241 1238
f 91 1175 1172
f 67 1032 1028
f 56 966 962
f 75 1080 1076
f 83 1127 1124
f 66 1025 1022
f 54 953 950
f 73 1067 1064
f 85 1139 1136
f 92 1182 1178
f 71 1056 1052
f 100 1229 1226
f 94 1193 1190
f 80 1109 1106
f 51 936 932
f 116 1325 1321
f 108 1277 1273
f 106 1265 1261
f 112 1301 1297
f 115 1319 1315
f 119 1343 1339
f 156 1566 1562
f 139 1464 1460
f 160 1590 1586
f 120 1349 1345
f 149 1523 1519
f 132 1422 1418
f 128 1397 1393
f 145 1499 1495
f 148 1517 1513
f 155 1559 1555
f 133 1427 1423
f 134 1433 1429
f 157 1572 1568
f 124 1374 1370
f 44 892 894
f 43 885 887
f 45 897 899
f 46 903 905
f 47 910 912
f 52 939 941
f 70 1048 1050
f 99 1222 1224
f 95 1198 1200
f 81 1113 1115
f 59 982 984
f 58 975 977
f 60 987 989
f 61 993 995
f 62 1000 1002
f 65 1017 1019
f 57 969 971
f 77 1089 1091
f 86 1144 1146
f 88 1156 1158
f 98 1215 1217
f 68 1035 1037
f 48 916 918
f 78 1096 1098
f 93 1186 1188
f 69 1042 1044
f 101 1234 1236
f 97 1210 1212
f 82 1120 1122
f 50 928 930
f 89 1161 1163
f 64 1011 1013
f 53 946 948
f 74 1072 1074
f 84 1132 1134
f 90 1168 1170
f 63 1006 1008
f 55 958 960
f 76 1084 1086
f 87 1149 1151
f 72 1059 1061
f 49 921 923
f 79 1101 1103
f 96 1203 1205
f 102 1239 1241
f 91 1173 1175
f 67 1030 1032
f 56 964 966
f 75 1078 1080
f 83 1125 1127
f 66 1023 1025
f 54 951 953
f 73 1065 1067
f 85 1137 1139
f 92 1180 1182
f 71 1054 1056
f 100 1227 1229
f 94 1191 1193
f 80 1107 1109
f 51 934 936
f 116 1326 1325
f 108 1278 1277
f 106 1266 1265
f 112 1302 1301
f 115 1320 1319
f 119 1344 1343
f 156 1565 1566
f 139 1463 1464
f 160 1589 1590
f 120 1350 1349
f 149 1524 1523
f 132 1421 1422
f 128 1398 1397
f 145 1500 1499
f 148 1518 1517
f 155 1560 1559
f 133 1428 1427
f 134 1434 1433
f 157 1571 1572
f 124 1373 1374
f 44 889 892
f 43 883 885
f 45 895 897
f 46 901 903
f 47 907 910
f 52 937 939
f 70 1045 1048
f 99 1219 1222
f 95 1195 1198
f 81 1111 1113
f 59 979 982
f 58 973 975
f 60 985 987
f 61 991 993
f 62 997 1000
f 65 1015 1017
f 57 967 969
f 77 1087 1089
f 86 1141 1144
f 88 1153 1156
f 98 1213 1215
f 68 1033 1035
f 48 913 916
f 78 1093 1096
f 93 1183 1186
f 69 1039 1042
f 101 1231 1234
f 97 1207 1210
f 82 1117 1120
f 50 925 928
f 89 1159 1161
f 64 1009 1011
f 53 943 946
f 74 1069 1072
f 84 1129 1132
f 90 1165 1168
f 63 1003 1006
f 55 955 958
f 76 1081 1084
f 87 1147 1149
f 72 1057 1059
f 49 919 921
f 79 1099 1101
f 96 1201 1203
f 102 1237 1239
f 91 1171 1173
f 67 1027 1030
f 56 961 964
f 75 1075 1078
f 83 1123 1125
f 66 1021 1023
f 54 949 951
f 73 1063 1065
f 85 1135 1137
f 92 1177 1180
f 71 1051 1054
f 100 1225 1227
f 94 1189 1191
f 80 1105 1107
f 51 931 934
f 116 1322 1326
f 108 1274 1278
f 106 1262 1266
f 112 1298 1302
f 115 1316 1320
f 119 1340 1344
f 156 1561 1565
f 139 1459 1463
f 160 1585 1589
f 120 1346 1350
f 149 1520 1524
f 132 1417 1421
f 128 1394 1398
f 145 1496 1500
f 148 1514 1518
f 155 1556 1560
f 133 1424 1428
f 134 1430 1434
f 157 1567 1571
f 124 1369 1373
f 47 908 911
f 44 890 893
f 43 884 888
f 45 896 900
f 46 902 906
f 49 920 924
f 72 1058 1062
f 102 1238 1242
f 96 1202 1206
f 79 1100 1104
f 62 998 1001
f 59 980 983
f 58 974 978
f 60 986 990
f 61 992 996
f 66 1022 1026
f 54 950 954
f 73 1064 1068
f 85 1136 1140
f 92 1178 1181
f 101 1232 1235
f 69 1040 1043
f 50 926 929
f 82 1118 1121
f 97 1208 1211
f 71 1052 1055
f 100 1226 1230
f 94 1190 1194
f 80 1106 1110
f 51 932 935
f 90 1166 1169
f 63 1004 1007
f 55 956 959
f 76 1082 1085
f 87 1148 1152
f 91 1172 1176
f 67 1028 1031
f 56 962 965
f 75 1076 1079
f 83 1124 1128
f 68 1034 1038
f 48 914 917
f 78 1094 1097
f 93 1184 1187
f 98 1214 1218
f 88 1154 1157
f 65 1016 1020
f 57 968 972
f 77 1088 1092
f 86 1142 1145
f 64 1010 1014
f 53 944 947
f 74 1070 1073
f 84 1130 1133
f 89 1160 1164
f 70 1046 1049
f 99 1220 1223
f 95 1196 1199
f 81 1112 1116
f 52 938 942
f 109 1279 1283
f 105 1255 1259
f 111 1291 1295
f 114 1309 1313
f 117 1327 1331
f 125 1375 1379
f 152 1537 1541
f 137 1448 1452
f 158 1574 1578
f 123 1364 1368
f 143 1483 1487
f 127 1387 1391
f 135 1436 1440
f 147 1507 1511
f 150 1525 1529
f 153 1543 1547
f 140 1465 1469
f 138 1454 1458
f 159 1580 1584
f 122 1358 1362
f 107 1267 1269
f 103 1243 1245
f 104 1250 1252
f 110 1286 1288
f 113 1304 1306
f 118 1334 1336
f 154 1549 1551
f 141 1471 1473
f 162 1597 1599
f 121 1352 1354
f 142 1477 1479
f 129 1399 1401
f 130 1406 1408
f 144 1490 1492
f 146 1502 1504
f 151 1531 1533
f 131 1412 1414
f 136 1442 1444
f 161 1592 1594
f 126 1381 1383
f 116 1321 1323
f 108 1273 1275
f 106 1261 1263
f 112 1297 1299
f 115 1315 1317
f 119 1339 1341
f 156 1562 1564
f 139 1460 1462
f 160 1586 1588
f 120 1345 1347
f 149 1519 1521
f 132 1418 1420
f 128 1393 1395
f 145 1495 1497
f 148 1513 1515
f 155 1555 1557
f 133 1423 1425
f 134 1429 1431
f 157 1568 1570
f 124 1370 1372
f 109 1280 1282
f 105 1256 1258
f 111 1292 1294
f 114 1310 1312
f 117 1328 1330
f 125 1376 1378
f 152 1538 1540
f 137 1447 1449
f 158 1573 1575
f 123 1363 1365
f 143 1484 1486
f 127 1388 1390
f 135 1435 1437
f 147 1508 1510
f 150 1526 1528
f 153 1544 1546
f 140 1466 1468
f 138 1453 1455
f 159 1579 1581
f 122 1357 1359
f 107 1268 1272
f 103 1244 1248
f 104 1249 1253
f 110 1285 1289
f 113 1303 1307
f 118 1333 1337
f 154 1550 1554
f 141 1472 1476
f 162 1598 1602
f 121 1351 1355
f 142 1478 1482
f 129 1400 1404
f 130 1405 1409
f 144 1489 1493
f 146 1501 1505
f 151 1532 1536
f 131 1411 1415
f 136 1441 1445
f 161 1591 1595
f 126 1382 1386
f 47 911 909
f 44 893 891
f 43 888 886
f 45 900 898
f 46 906 904
f 49 924 922
f 72 1062 1060
f 102 1242 1240
f 96 1206 1204
f 79 1104 1102
f 62 1001 999
f 59 983 981
f 58 978 976
f 60 990 988
f 61 996 994
f 66 1026 1024
f 54 954 952
f 73 1068 1066
f 85 1140 1138
f 92 1181 1179
f 101 1235 1233
f 69 1043 1041
f 50 929 927
f 82 1121 1119
f 97 1211 1209
f 71 1055 1053
f 100 1230 1228
f 94 1194 1192
f 80 1110 1108
f 51 935 933
f 90 1169 1167
f 63 1007 1005
f 55 959 957
f 76 1085 1083
f 87 1152 1150
f 91 1176 1174
f 67 1031 1029
f 56 965 963
f 75 1079 1077
f 83 1128 1126
f 68 1038 1036
f 48 917 915
f 78 1097 1095
f 93 1187 1185
f 98 1218 1216
f 88 1157 1155
f 65 1020 1018
f 57 972 970
f 77 1092 1090
f 86 1145 1143
f 64 1014 1012
f 53 947 945
f 74 1073 1071
f 84 1133 1131
f 89 1164 1162
f 70 1049 1047
f 99 1223 1221
f 95 1199 1197
f 81 1116 1114
f 52 942 940
f 109 1283 1284
f 105 1259 1260
f 111 1295 1296
f 114 1313 1314
f 117 1331 1332
f 125 1379 1380
f 152 1541 1542
f 137 1452 1451
f 158 1578 1577
f 123 1368 1367
f 143 1487 1488
f 127 1391 1392
f 135 1440 1439
f 147 1511 1512
f 150 1529 1530
f 153 1547 1548
f 140 1469 1470
f 138 1458 1457
f 159 1584 1583
f 122 1362 1361
f 407 1609 1616
f 403 1605 1608
f 404 1611 1606
f 410 1614 1612
f 413 1617 1615
f 422 1631 1624
f 486 1688 1692
f 573 1775 1782
f 561 1763 1765
f 512 1719 1714
f 452 1654 1661
f 448 1650 1653
f 449 1656 1651
f 455 1659 1657
f 458 1662 1660
f 470 1672 1675
f 437 1646 1639
f 494 1706 1696
f 531 1735 1733
f 539 1741 1751
f 568 1770 1779
f 478 1680 1683
f 419 1621 1626
f 509 1711 1721
f 554 1756 1766
f 482 1684 1689
f 576 1780 1778
f 558 1767 1760
f 516 1722 1718
f 425 1627 1629
f 542 1744 1747
f 463 1668 1665
f 434 1636 1641
f 497 1699 1704
f 528 1730 1737
f 546 1748 1750
f 464 1666 1676
f 440 1642 1644
f 500 1705 1702
f 524 1736 1726
f 479 1691 1681
f 418 1623 1620
f 508 1713 1710
f 553 1764 1755
f 569 1781 1771
f 538 1749 1740
f 471 1677 1673
f 443 1645 1647
f 501 1703 1707
f 523 1725 1734
f 467 1674 1669
f 433 1638 1635
f 493 1695 1698
f 527 1732 1729
f 543 1752 1745
f 485 1690 1687
f 572 1777 1774
f 557 1759 1762
f 515 1717 1720
f 428 1630 1632
f 591 2191 2189
f 587 1885 1883
f 588 1901 1903
f 594 2279 2281
f 597 2315 2317
f 600 2171 2173
f 634 2160 2158
f 619 2016 2012
f 639 2214 2210
f 602 1919 1924
f 624 2137 2135
f 608 1978 1973
f 610 1991 1996
f 627 2225 2227
f 630 2302 2304
f 635 2178 2176
f 615 2153 2155
f 617 2009 2014
f 637 2207 2212
f 604 1926 1922
f 416 1857 1864
f 408 1803 1810
f 406 1786 1795
f 412 1822 1831
f 415 1840 1849
f 424 1876 1887
f 492 2182 2193
f 582 2312 2321
f 565 2276 2285
f 514 1898 1907
f 461 2091 2098
f 453 2037 2044
f 451 1952 1961
f 457 2056 2067
f 460 2074 2083
f 475 2128 2139
f 439 1966 1975
f 496 1988 1997
f 533 2222 2231
f 551 2293 2298
f 579 2185 2190
f 483 1879 1884
f 426 1893 1900
f 521 2271 2278
f 566 2307 2314
f 489 2163 2170
f 578 2150 2159
f 560 2006 2015
f 518 2204 2213
f 429 1911 1918
f 547 2131 2136
f 465 1969 1977
f 441 1983 1990
f 504 2217 2224
f 537 2290 2301
f 550 2168 2177
f 476 2145 2152
f 444 2001 2008
f 502 2199 2206
f 526 1916 1925
f 481 1808 1817
f 420 1789 1797
f 510 1825 1833
f 555 1843 1851
f 571 1862 1871
f 540 1933 1941
f 473 2110 2119
f 447 2020 2029
f 507 2236 2247
f 534 2257 2262
f 469 2042 2051
f 435 1947 1954
f 498 2059 2064
f 529 2077 2085
f 545 2096 2105
f 487 2113 2121
f 574 2023 2031
f 562 2239 2244
f 520 2254 2265
f 432 1930 1939
f 589 1818 1814
f 583 1798 1793
f 586 1834 1829
f 593 1852 1847
f 596 1872 1868
f 599 1942 1937
f 633 2120 2124
f 620 2030 2034
f 640 2248 2250
f 603 2263 2261
f 622 2052 2050
f 607 1955 1960
f 612 2065 2063
f 626 2086 2081
f 629 2106 2102
f 631 2122 2117
f 614 2032 2027
f 618 2245 2243
f 641 2266 2268
f 605 1940 1944
f 409 1813 1804
f 405 1792 1785
f 411 1828 1821
f 414 1846 1839
f 417 1867 1858
f 431 1936 1929
f 488 2123 2114
f 575 2033 2024
f 563 2249 2240
f 519 2260 2253
f 454 2049 2038
f 450 1959 1951
f 456 2062 2055
f 459 2080 2073
f 462 2101 2092
f 472 2116 2109
f 446 2026 2019
f 506 2242 2235
f 535 2267 2258
f 541 1943 1934
f 570 1869 1861
f 480 1815 1807
f 421 1799 1790
f 511 1835 1826
f 556 1853 1844
f 484 1889 1880
f 580 2195 2186
f 567 2319 2308
f 522 2283 2272
f 427 1905 1894
f 544 2103 2095
f 468 2046 2041
f 436 1957 1948
f 499 2069 2060
f 530 2087 2078
f 548 2141 2132
f 466 1979 1970
f 442 1993 1984
f 505 2229 2218
f 536 2296 2289
f 491 2188 2181
f 423 1882 1875
f 513 1902 1897
f 564 2280 2275
f 581 2316 2311
f 549 2172 2167
f 477 2157 2146
f 445 2011 2002
f 503 2209 2200
f 525 1923 1915
f 474 2134 2127
f 438 1972 1965
f 495 1995 1987
f 532 2226 2221
f 552 2303 2294
f 490 2175 2164
f 577 2154 2149
f 559 2013 2005
f 517 2211 2203
f 430 1921 1912
f 590 1865 1870
f 584 1811 1816
f 585 1796 1800
f 592 1832 1836
f 595 1850 1854
f 598 1888 1890
f 636 2194 2196
f 621 2322 2320
f 642 2286 2284
f 601 1908 1906
f 623 2099 2104
f 611 2045 2047
f 609 1962 1958
f 625 2068 2070
f 628 2084 2088
f 632 2140 2142
f 613 1976 1980
f 616 1998 1994
f 638 2232 2230
f 606 2299 2297
f 407 2330 2329
f 403 2324 2323
f 404 2325 2326
f 410 2332 2333
f 413 2335 2336
f 422 2344 2345
f 486 2410 2409
f 573 2497 2496
f 561 2486 2485
f 512 2434 2435
f 452 2375 2374
f 448 2369 2368
f 449 2370 2371
f 455 2377 2378
f 458 2380 2381
f 470 2393 2392
f 437 2359 2360
f 494 2415 2416
f 531 2455 2456
f 539 2461 2460
f 568 2489 2488
f 478 2399 2398
f 419 2341 2340
f 509 2431 2430
f 554 2476 2475
f 482 2405 2404
f 576 2500 2501
f 558 2481 2482
f 516 2439 2440
f 425 2348 2347
f 542 2465 2464
f 463 2383 2384
f 434 2356 2355
f 497 2420 2419
f 528 2452 2451
f 546 2471 2470
f 464 2386 2385
f 440 2363 2362
f 500 2422 2423
f 524 2445 2446
f 479 2400 2401
f 418 2338 2339
f 508 2428 2429
f 553 2473 2474
f 569 2490 2491
f 538 2458 2459
f 471 2394 2395
f 443 2366 2365
f 501 2425 2424
f 523 2444 2443
f 467 2389 2390
f 433 2353 2354
f 493 2414 2413
f 527 2449 2450
f 543 2466 2467
f 485 2407 2408
f 572 2494 2495
f 557 2480 2479
f 515 2438 2437
f 428 2351 2350
f 591 2510 2511
f 587 2504 2505
f 588 2508 2507
f 594 2514 2513
f 597 2517 2516
f 600 2520 2519
f 634 2554 2556
f 619 2539 2540
f 639 2560 2561
f 602 2523 2521
f 624 2543 2544
f 608 2527 2529
f 610 2532 2530
f 627 2547 2546
f 630 2550 2549
f 635 2552 2553
f 615 2535 2534
f 617 2538 2536
f 637 2558 2557
f 604 2524 2525
f 167 1607 647
f 164 1603 644
f 163 1604 643
f 165 1610 645
f 166 1613 646
f 169 1622 649
f 192 1686 672
f 222 1773 702
f 216 1761 696
f 199 1712 679
f 182 1652 662
f 179 1648 659
f 178 1649 658
f 180 1655 660
f 181 1658 661
f 186 1670 666
f 174 1637 654
f 193 1694 673
f 205 1731 685
f 212 1739 692
f 221 1768 701
f 189 1678 669
f 170 1619 650
f 202 1709 682
f 217 1754 697
f 191 1682 671
f 220 1776 700
f 214 1758 694
f 200 1716 680
f 171 1625 651
f 210 1742 690
f 183 1663 663
f 175 1634 655
f 196 1697 676
f 207 1728 687
f 211 1746 691
f 187 1664 667
f 176 1640 656
f 195 1700 675
f 203 1724 683
f 188 1679 668
f 168 1618 648
f 198 1708 678
f 213 1753 693
f 218 1769 698
f 208 1738 688
f 185 1671 665
f 177 1643 657
f 197 1701 677
f 206 1723 686
f 184 1667 664
f 173 1633 653
f 194 1693 674
f 204 1727 684
f 209 1743 689
f 190 1685 670
f 219 1772 699
f 215 1757 695
f 201 1715 681
f 172 1628 652
f 357 2187 837
f 255 1881 735
f 262 1899 742
f 388 2277 868
f 400 2313 880
f 352 2169 832
f 347 2156 827
f 298 2010 778
f 364 2208 844
f 269 1917 749
f 339 2133 819
f 285 1971 765
f 293 1989 773
f 370 2223 850
f 396 2300 876
f 353 2174 833
f 346 2151 826
f 299 2007 779
f 365 2205 845
f 268 1920 748
f 249 1855 729
f 231 1801 711
f 226 1784 706
f 238 1820 718
f 244 1838 724
f 257 1874 737
f 359 2180 839
f 402 2310 882
f 390 2274 870
f 264 1896 744
f 327 2089 807
f 309 2035 789
f 282 1950 762
f 317 2054 797
f 322 2072 802
f 341 2126 821
f 286 1964 766
f 294 1986 774
f 372 2220 852
f 394 2291 874
f 358 2183 838
f 256 1877 736
f 261 1891 741
f 387 2269 867
f 399 2305 879
f 351 2161 831
f 348 2148 828
f 300 2004 780
f 366 2202 846
f 267 1909 747
f 340 2129 820
f 287 1967 767
f 291 1981 771
f 369 2215 849
f 395 2288 875
f 354 2166 834
f 345 2143 825
f 297 1999 777
f 363 2197 843
f 270 1914 750
f 234 1806 714
f 227 1787 707
f 239 1823 719
f 245 1841 725
f 252 1860 732
f 275 1931 755
f 334 2108 814
f 304 2018 784
f 377 2234 857
f 382 2255 862
f 312 2040 792
f 279 1945 759
f 316 2057 796
f 323 2075 803
f 330 2094 810
f 335 2111 815
f 305 2021 785
f 376 2237 856
f 383 2252 863
f 274 1928 754
f 232 1812 712
f 225 1791 705
f 237 1827 717
f 243 1845 723
f 250 1866 730
f 273 1935 753
f 336 2118 816
f 306 2028 786
f 378 2246 858
f 381 2259 861
f 311 2048 791
f 281 1953 761
f 315 2061 795
f 321 2079 801
f 328 2100 808
f 333 2115 813
f 303 2025 783
f 375 2241 855
f 384 2264 864
f 276 1938 756
f 229 1802 709
f 223 1783 703
f 235 1819 715
f 241 1837 721
f 247 1856 727
f 271 1927 751
f 332 2112 812
f 302 2022 782
f 374 2238 854
f 379 2251 859
f 307 2036 787
f 278 1949 758
f 313 2053 793
f 319 2071 799
f 325 2090 805
f 331 2107 811
f 301 2017 781
f 373 2233 853
f 380 2256 860
f 272 1932 752
f 248 1859 728
f 230 1805 710
f 224 1788 704
f 236 1824 716
f 242 1842 722
f 254 1878 734
f 356 2184 836
f 397 2306 877
f 385 2270 865
f 259 1892 739
f 326 2093 806
f 308 2039 788
f 277 1946 757
f 314 2058 794
f 320 2076 800
f 338 2130 818
f 284 1968 764
f 289 1982 769
f 367 2216 847
f 391 2287 871
f 355 2179 835
f 253 1873 733
f 260 1895 740
f 386 2273 866
f 398 2309 878
f 350 2165 830
f 343 2144 823
f 295 2000 775
f 361 2198 841
f 266 1913 746
f 337 2125 817
f 283 1963 763
f 290 1985 770
f 368 2219 848
f 392 2292 872
f 349 2162 829
f 344 2147 824
f 296 2003 776
f 362 2201 842
f 265 1910 745
f 251 1863 731
f 233 1809 713
f 228 1794 708
f 240 1830 720
f 246 1848 726
f 258 1886 738
f 360 2192 840
f 401 2318 881
f 389 2282 869
f 263 1904 743
f 329 2097 809
f 310 2043 790
f 280 1956 760
f 318 2066 798
f 324 2082 804
f 342 2138 822
f 288 1974 768
f 292 1992 772
f 371 2228 851
f 393 2295 873
f 409 2331 1269
f 405 2327 1245
f 411 2328 1252
f 414 2334 1288
f 417 2337 1306
f 431 2346 1336
f 488 2412 1551
f 575 2499 1473
f 563 2487 1599
f 519 2436 1354
f 454 2376 1479
f 450 2372 1401
f 456 2373 1408
f 459 2379 1492
f 462 2382 1504
f 472 2396 1533
f 446 2361 1414
f 506 2418 1444
f 535 2457 1594
f 541 2463 1383
f 570 2492 1323
f 480 2402 1275
f 421 2343 1263
f 511 2433 1299
f 556 2478 1317
f 484 2406 1341
f 580 2502 1564
f 567 2484 1462
f 522 2442 1588
f 427 2349 1347
f 544 2468 1521
f 468 2387 1420
f 436 2358 1395
f 499 2421 1497
f 530 2454 1515
f 548 2472 1557
f 466 2388 1425
f 442 2364 1431
f 505 2426 1570
f 536 2448 1372
f 491 2403 1282
f 423 2342 1258
f 513 2432 1294
f 564 2477 1312
f 581 2493 1330
f 549 2462 1378
f 477 2397 1540
f 445 2367 1449
f 503 2427 1575
f 525 2447 1365
f 474 2391 1486
f 438 2357 1390
f 495 2417 1437
f 532 2453 1510
f 552 2469 1528
f 490 2411 1546
f 577 2498 1468
f 559 2483 1455
f 517 2441 1581
f 430 2352 1359
f 590 2509 1272
f 584 2503 1248
f 585 2506 1253
f 592 2512 1289
f 595 2515 1307
f 598 2518 1337
f 636 2555 1554
f 621 2541 1476
f 642 2562 1602
f 601 2522 1355
f 623 2542 1482
f 611 2528 1404
f 609 2531 1409
f 625 2545 1493
f 628 2548 1505
f 632 2551 1536
f 613 2533 1415
f 616 2537 1445
f 638 2559 1595
f 606 2526 1386
f 407 1616 909
f 403 1608 891
f 404 1606 886
f 410 1612 898
f 413 1615 904
f 422 1624 922
f 486 1692 1060
f 573 1782 1240
f 561 1765 1204
f 512 1714 1102
f 452 1661 999
f 448 1653 981
f 449 1651 976
f 455 1657 988
f 458 1660 994
f 470 1675 1024
f 437 1639 952
f 494 1696 1066
f 531 1733 1138
f 539 1751 1179
f 568 1779 1233
f 478 1683 1041
f 419 1626 927
f 509 1721 1119
f 554 1766 1209
f 482 1689 1053
f 576 1778 1228
f 558 1760 1192
f 516 1718 1108
f 425 1629 933
f 542 1747 1167
f 463 1665 1005
f 434 1641 957
f 497 1704 1083
f 528 1737 1150
f 546 1750 1174
f 464 1676 1029
f 440 1644 963
f 500 1702 1077
f 524 1726 1126
f 479 1681 1036
f 418 1620 915
f 508 1710 1095
f 553 1755 1185
f 569 1771 1216
f 538 1740 1155
f 471 1673 1018
f 443 1647 970
f 501 1707 1090
f 523 1734 1143
f 467 1669 1012
f 433 1635 945
f 493 1698 1071
f 527 1729 1131
f 543 1745 1162
f 485 1687 1047
f 572 1774 1221
f 557 1762 1197
f 515 1720 1114
f 428 1632 940
f 591 2189 1284
f 587 1883 1260
f 588 1903 1296
f 594 2281 1314
f 597 2317 1332
f 600 2173 1380
f 634 2158 1542
f 619 2012 1451
f 639 2210 1577
f 602 1924 1367
f 624 2135 1488
f 608 1973 1392
f 610 1996 1439
f 627 2227 1512
f 630 2304 1530
f 635 2176 1548
f 615 2155 1470
f 617 2014 1457
f 637 2212 1583
f 604 1922 1361
f 416 1864 1270
f 408 1810 1246
f 406 1795 1251
f 412 1831 1287
f 415 1849 1305
f 424 1887 1335
f 492 2193 1552
f 582 2321 1474
f 565 2285 1600
f 514 1907 1353
f 461 2098 1480
f 453 2044 1402
f 451 1961 1407
f 457 2067 1491
f 460 2083 1503
f 475 2139 1534
f 439 1975 1413
f 496 1997 1443
f 533 2231 1593
f 551 2298 1384
f 579 2190 1324
f 483 1884 1276
f 426 1900 1264
f 521 2278 1300
f 566 2314 1318
f 489 2170 1342
f 578 2159 1563
f 560 2015 1461
f 518 2213 1587
f 429 1918 1348
f 547 2136 1522
f 465 1977 1419
f 441 1990 1396
f 504 2224 1498
f 537 2301 1516
f 550 2177 1558
f 476 2152 1426
f 444 2008 1432
f 502 2206 1569
f 526 1925 1371
f 481 1817 1281
f 420 1797 1257
f 510 1833 1293
f 555 1851 1311
f 571 1871 1329
f 540 1941 1377
f 473 2119 1539
f 447 2029 1450
f 507 2247 1576
f 534 2262 1366
f 469 2051 1485
f 435 1954 1389
f 498 2064 1438
f 529 2085 1509
f 545 2105 1527
f 487 2121 1545
f 574 2031 1467
f 562 2244 1456
f 520 2265 1582
f 432 1939 1360
f 589 1814 1271
f 583 1793 1247
f 586 1829 1254
f 593 1847 1290
f 596 1868 1308
f 599 1937 1338
f 633 2124 1553
f 620 2034 1475
f 640 2250 1601
f 603 2261 1356
f 622 2050 1481
f 607 1960 1403
f 612 2063 1410
f 626 2081 1494
f 629 2102 1506
f 631 2117 1535
f 614 2027 1416
f 618 2243 1446
f 641 2268 1596
f 605 1944 1385
f 409 1804 894
f 405 1785 887
f 411 1821 899
f 414 1839 905
f 417 1858 912
f 431 1929 941
f 488 2114 1050
f 575 2024 1224
f 563 2240 1200
f 519 2253 1115
f 454 2038 984
f 450 1951 977
f 456 2055 989
f 459 2073 995
f 462 2092 1002
f 472 2109 1019
f 446 2019 971
f 506 2235 1091
f 535 2258 1146
f 541 1934 1158
f 570 1861 1217
f 480 1807 1037
f 421 1790 918
f 511 1826 1098
f 556 1844 1188
f 484 1880 1044
f 580 2186 1236
f 567 2308 1212
f 522 2272 1122
f 427 1894 930
f 544 2095 1163
f 468 2041 1013
f 436 1948 948
f 499 2060 1074
f 530 2078 1134
f 548 2132 1170
f 466 1970 1008
f 442 1984 960
f 505 2218 1086
f 536 2289 1151
f 491 2181 1061
f 423 1875 923
f 513 1897 1103
f 564 2275 1205
f 581 2311 1241
f 549 2167 1175
f 477 2146 1032
f 445 2002 966
f 503 2200 1080
f 525 1915 1127
f 474 2127 1025
f 438 1965 953
f 495 1987 1067
f 532 2221 1139
f 552 2294 1182
f 490 2164 1056
f 577 2149 1229
f 559 2005 1193
f 517 2203 1109
f 430 1912 936
f 590 1870 1325
f 584 1816 1277
f 585 1800 1265
f 592 1836 1301
f 595 1854 1319
f 598 1890 1343
f 636 2196 1566
f 621 2320 1464
f 642 2284 1590
f 601 1906 1349
f 623 2104 1523
f 611 2047 1422
f 609 1958 1397
f 625 2070 1499
f 628 2088 1517
f 632 2142 1559
f 613 1980 1427
f 616 1994 1433
f 638 2230 1572
f 606 2297 1374
f 407 2329 892
f 403 2323 885
f 404 2326 897
f 410 2333 903
f 413 2336 910
f 422 2345 939
f 486 2409 1048
f 573 2496 1222
f 561 2485 1198
f 512 2435 1113
f 452 2374 982
f 448 2368 975
f 449 2371 987
f 455 2378 993
f 458 2381 1000
f 470 2392 1017
f 437 2360 969
f 494 2416 1089
f 531 2456 1144
f 539 2460 1156
f 568 2488 1215
f 478 2398 1035
f 419 2340 916
f 509 2430 1096
f 554 2475 1186
f 482 2404 1042
f 576 2501 1234
f 558 2482 1210
f 516 2440 1120
f 425 2347 928
f 542 2464 1161
f 463 2384 1011
f 434 2355 946
f 497 2419 1072
f 528 2451 1132
f 546 2470 1168
f 464 2385 1006
f 440 2362 958
f 500 2423 1084
f 524 2446 1149
f 479 2401 1059
f 418 2339 921
f 508 2429 1101
f 553 2474 1203
f 569 2491 1239
f 538 2459 1173
f 471 2395 1030
f 443 2365 964
f 501 2424 1078
f 523 2443 1125
f 467 2390 1023
f 433 2354 951
f 493 2413 1065
f 527 2450 1137
f 543 2467 1180
f 485 2408 1054
f 572 2495 1227
f 557 2479 1191
f 515 2437 1107
f 428 2350 934
f 591 2511 1326
f 587 2505 1278
f 588 2507 1266
f 594 2513 1302
f 597 2516 1320
f 600 2519 1344
f 634 2556 1565
f 619 2540 1463
f 639 2561 1589
f 602 2521 1350
f 624 2544 1524
f 608 2529 1421
f 610 2530 1398
f 627 2546 1500
f 630 2549 1518
f 635 2553 1560
f 615 2534 1428
f 617 2536 1434
f 637 2557 1571
f 604 2525 1373
f 164 1609 889
f 163 1605 883
f 165 1611 895
f 166 1614 901
f 167 1617 907
f 172 1631 937
f 190 1688 1045
f 219 1775 1219
f 215 1763 1195
f 201 1719 1111
f 179 1654 979
f 178 1650 973
f 180 1656 985
f 181 1659 991
f 182 1662 997
f 185 1672 1015
f 177 1646 967
f 197 1706 1087
f 206 1735 1141
f 208 1741 1153
f 218 1770 1213
f 188 1680 1033
f 168 1621 913
f 198 1711 1093
f 213 1756 1183
f 189 1684 1039
f 221 1780 1231
f 217 1767 1207
f 202 1722 1117
f 170 1627 925
f 209 1744 1159
f 184 1668 1009
f 173 1636 943
f 194 1699 1069
f 204 1730 1129
f 210 1748 1165
f 183 1666 1003
f 175 1642 955
f 196 1705 1081
f 207 1736 1147
f 192 1691 1057
f 169 1623 919
f 199 1713 1099
f 216 1764 1201
f 222 1781 1237
f 211 1749 1171
f 187 1677 1027
f 176 1645 961
f 195 1703 1075
f 203 1725 1123
f 186 1674 1021
f 174 1638 949
f 193 1695 1063
f 205 1732 1135
f 212 1752 1177
f 191 1690 1051
f 220 1777 1225
f 214 1759 1189
f 200 1717 1105
f 171 1630 931
f 358 2191 1322
f 256 1885 1274
f 261 1901 1262
f 387 2279 1298
f 399 2315 1316
f 351 2171 1340
f 348 2160 1561
f 300 2016 1459
f 366 2214 1585
f 267 1919 1346
f 340 2137 1520
f 287 1978 1417
f 291 1991 1394
f 369 2225 1496
f 395 2302 1514
f 354 2178 1556
f 345 2153 1424
f 297 2009 1430
f 363 2207 1567
f 270 1926 1369
f 247 1857 908
f 229 1803 890
f 223 1786 884
f 235 1822 896
f 241 1840 902
f 253 1876 920
f 355 2182 1058
f 398 2312 1238
f 386 2276 1202
f 260 1898 1100
f 325 2091 998
f 307 2037 980
f 278 1952 974
f 313 2056 986
f 319 2074 992
f 337 2128 1022
f 283 1966 950
f 290 1988 1064
f 368 2222 1136
f 392 2293 1178
f 356 2185 1232
f 254 1879 1040
f 259 1893 926
f 385 2271 1118
f 397 2307 1208
f 349 2163 1052
f 344 2150 1226
f 296 2006 1190
f 362 2204 1106
f 265 1911 932
f 338 2131 1166
f 284 1969 1004
f 289 1983 956
f 367 2217 1082
f 391 2290 1148
f 350 2168 1172
f 343 2145 1028
f 295 2001 962
f 361 2199 1076
f 266 1916 1124
f 230 1808 1034
f 224 1789 914
f 236 1825 1094
f 242 1843 1184
f 248 1862 1214
f 272 1933 1154
f 331 2110 1016
f 301 2020 968
f 373 2236 1088
f 380 2257 1142
f 308 2042 1010
f 277 1947 944
f 314 2059 1070
f 320 2077 1130
f 326 2096 1160
f 332 2113 1046
f 302 2023 1220
f 374 2239 1196
f 379 2254 1112
f 271 1930 938
f 234 1818 1279
f 227 1798 1255
f 239 1834 1291
f 245 1852 1309
f 252 1872 1327
f 275 1942 1375
f 334 2120 1537
f 304 2030 1448
f 377 2248 1574
f 382 2263 1364
f 312 2052 1483
f 279 1955 1387
f 316 2065 1436
f 323 2086 1507
f 330 2106 1525
f 335 2122 1543
f 305 2032 1465
f 376 2245 1454
f 383 2266 1580
f 274 1940 1358
f 232 1813 1267
f 225 1792 1243
f 237 1828 1250
f 243 1846 1286
f 250 1867 1304
f 273 1936 1334
f 336 2123 1549
f 306 2033 1471
f 378 2249 1597
f 381 2260 1352
f 311 2049 1477
f 281 1959 1399
f 315 2062 1406
f 321 2080 1490
f 328 2101 1502
f 333 2116 1531
f 303 2026 1412
f 375 2242 1442
f 384 2267 1592
f 276 1943 1381
f 251 1869 1321
f 233 1815 1273
f 228 1799 1261
f 240 1835 1297
f 246 1853 1315
f 258 1889 1339
f 360 2195 1562
f 401 2319 1460
f 389 2283 1586
f 263 1905 1345
f 329 2103 1519
f 310 2046 1418
f 280 1957 1393
f 318 2069 1495
f 324 2087 1513
f 342 2141 1555
f 288 1979 1423
f 292 1993 1429
f 371 2229 1568
f 393 2296 1370
f 357 2188 1280
f 255 1882 1256
f 262 1902 1292
f 388 2280 1310
f 400 2316 1328
f 352 2172 1376
f 347 2157 1538
f 298 2011 1447
f 364 2209 1573
f 269 1923 1363
f 339 2134 1484
f 285 1972 1388
f 293 1995 1435
f 370 2226 1508
f 396 2303 1526
f 353 2175 1544
f 346 2154 1466
f 299 2013 1453
f 365 2211 1579
f 268 1921 1357
f 249 1865 1268
f 231 1811 1244
f 226 1796 1249
f 238 1832 1285
f 244 1850 1303
f 257 1888 1333
f 359 2194 1550
f 402 2322 1472
f 390 2286 1598
f 264 1908 1351
f 327 2099 1478
f 309 2045 1400
f 282 1962 1405
f 317 2068 1489
f 322 2084 1501
f 341 2140 1532
f 286 1976 1411
f 294 1998 1441
f 372 2232 1591
f 394 2299 1382
f 416 2330 911
f 408 2324 893
f 406 2325 888
f 412 2332 900
f 415 2335 906
f 424 2344 924
f 492 2410 1062
f 582 2497 1242
f 565 2486 1206
f 514 2434 1104
f 461 2375 1001
f 453 2369 983
f 451 2370 978
f 457 2377 990
f 460 2380 996
f 475 2393 1026
f 439 2359 954
f 496 2415 1068
f 533 2455 1140
f 551 2461 1181
f 579 2489 1235
f 483 2399 1043
f 426 2341 929
f 521 2431 1121
f 566 2476 1211
f 489 2405 1055
f 578 2500 1230
f 560 2481 1194
f 518 2439 1110
f 429 2348 935
f 547 2465 1169
f 465 2383 1007
f 441 2356 959
f 504 2420 1085
f 537 2452 1152
f 550 2471 1176
f 476 2386 1031
f 444 2363 965
f 502 2422 1079
f 526 2445 1128
f 481 2400 1038
f 420 2338 917
f 510 2428 1097
f 555 2473 1187
f 571 2490 1218
f 540 2458 1157
f 473 2394 1020
f 447 2366 972
f 507 2425 1092
f 534 2444 1145
f 469 2389 1014
f 435 2353 947
f 498 2414 1073
f 529 2449 1133
f 545 2466 1164
f 487 2407 1049
f 574 2494 1223
f 562 2480 1199
f 520 2438 1116
f 432 2351 942
f 589 2510 1283
f 583 2504 1259
f 586 2508 1295
f 593 2514 1313
f 596 2517 1331
f 599 2520 1379
f 633 2554 1541
f 620 2539 1452
f 640 2560 1578
f 603 2523 1368
f 622 2543 1487
f 607 2527 1391
f 612 2532 1440
f 626 2547 1511
f 629 2550 1529
f 631 2552 1547
f 614 2535 1469
f 618 2538 1458
f 641 2558 1584
f 605 2524 1362
f 164 1607 1609
f 163 1603 1605
f 165 1604 1611
f 166 1610 1614
f 167 1613 1617
f 172 1622 1631
f 190 1686 1688
f 219 1773 1775
f 215 1761 1763
f 201 1712 1719
f 179 1652 1654
f 178 1648 1650
f 180 1649 1656
f 181 1655 1659
f 182 1658 1662
f 185 1670 1672
f 177 1637 1646
f 197 1694 1706
f 206 1731 1735
f 208 1739 1741
f 218 1768 1770
f 188 1678 1680
f 168 1619 1621
f 198 1709 1711
f 213 1754 1756
f 189 1682 1684
f 221 1776 1780
f 217 1758 1767
f 202 1716 1722
f 170 1625 1627
f 209 1742 1744
f 184 1663 1668
f 173 1634 1636
f 194 1697 1699
f 204 1728 1730
f 210 1746 1748
f 183 1664 1666
f 175 1640 1642
f 196 1700 1705
f 207 1724 1736
f 192 1679 1691
f 169 1618 1623
f 199 1708 1713
f 216 1753 1764
f 222 1769 1781
f 211 1738 1749
f 187 1671 1677
f 176 1643 1645
f 195 1701 1703
f 203 1723 1725
f 186 1667 1674
f 174 1633 1638
f 193 1693 1695
f 205 1727 1732
f 212 1743 1752
f 191 1685 1690
f 220 1772 1777
f 214 1757 1759
f 200 1715 1717
f 171 1628 1630
f 358 2187 2191
f 256 1881 1885
f 261 1899 1901
f 387 2277 2279
f 399 2313 2315
f 351 2169 2171
f 348 2156 2160
f 300 2010 2016
f 366 2208 2214
f 267 1917 1919
f 340 2133 2137
f 287 1971 1978
f 291 1989 1991
f 369 2223 2225
f 395 2300 2302
f 354 2174 2178
f 345 2151 2153
f 297 2007 2009
f 363 2205 2207
f 270 1920 1926
f 247 1855 1857
f 229 1801 1803
f 223 1784 1786
f 235 1820 1822
f 241 1838 1840
f 253 1874 1876
f 355 2180 2182
f 398 2310 2312
f 386 2274 2276
f 260 1896 1898
f 325 2089 2091
f 307 2035 2037
f 278 1950 1952
f 313 2054 2056
f 319 2072 2074
f 337 2126 2128
f 283 1964 1966
f 290 1986 1988
f 368 2220 2222
f 392 2291 2293
f 356 2183 2185
f 254 1877 1879
f 259 1891 1893
f 385 2269 2271
f 397 2305 2307
f 349 2161 2163
f 344 2148 2150
f 296 2004 2006
f 362 2202 2204
f 265 1909 1911
f 338 2129 2131
f 284 1967 1969
f 289 1981 1983
f 367 2215 2217
f 391 2288 2290
f 350 2166 2168
f 343 2143 2145
f 295 1999 2001
f 361 2197 2199
f 266 1914 1916
f 230 1806 1808
f 224 1787 1789
f 236 1823 1825
f 242 1841 1843
f 248 1860 1862
f 272 1931 1933
f 331 2108 2110
f 301 2018 2020
f 373 2234 2236
f 380 2255 2257
f 308 2040 2042
f 277 1945 1947
f 314 2057 2059
f 320 2075 2077
f 326 2094 2096
f 332 2111 2113
f 302 2021 2023
f 374 2237 2239
f 379 2252 2254
f 271 1928 1930
f 234 1812 1818
f 227 1791 1798
f 239 1827 1834
f 245 1845 1852
f 252 1866 1872
f 275 1935 1942
f 334 2118 2120
f 304 2028 2030
f 377 2246 2248
f 382 2259 2263
f 312 2048 2052
f 279 1953 1955
f 316 2061 2065
f 323 2079 2086
f 330 2100 2106
f 335 2115 2122
f 305 2025 2032
f 376 2241 2245
f 383 2264 2266
f 274 1938 1940
f 232 1802 1813
f 225 1783 1792
f 237 1819 1828
f 243 1837 1846
f 250 1856 1867
f 273 1927 1936
f 336 2112 2123
f 306 2022 2033
f 378 2238 2249
f 381 2251 2260
f 311 2036 2049
f 281 1949 1959
f 315 2053 2062
f 321 2071 2080
f 328 2090 2101
f 333 2107 2116
f 303 2017 2026
f 375 2233 2242
f 384 2256 2267
f 276 1932 1943
f 251 1859 1869
f 233 1805 1815
f 228 1788 1799
f 240 1824 1835
f 246 1842 1853
f 258 1878 1889
f 360 2184 2195
f 401 2306 2319
f 389 2270 2283
f 263 1892 1905
f 329 2093 2103
f 310 2039 2046
f 280 1946 1957
f 318 2058 2069
f 324 2076 2087
f 342 2130 2141
f 288 1968 1979
f 292 1982 1993
f 371 2216 2229
f 393 2287 2296
f 357 2179 2188
f 255 1873 1882
f 262 1895 1902
f 388 2273 2280
f 400 2309 2316
f 352 2165 2172
f 347 2144 2157
f 298 2000 2011
f 364 2198 2209
f 269 1913 1923
f 339 2125 2134
f 285 1963 1972
f 293 1985 1995
f 370 2219 2226
f 396 2292 2303
f 353 2162 2175
f 346 2147 2154
f 299 2003 2013
f 365 2201 2211
f 268 1910 1921
f 249 1863 1865
f 231 1809 1811
f 226 1794 1796
f 238 1830 1832
f 244 1848 1850
f 257 1886 1888
f 359 2192 2194
f 402 2318 2322
f 390 2282 2286
f 264 1904 1908
f 327 2097 2099
f 309 2043 2045
f 282 1956 1962
f 317 2066 2068
f 322 2082 2084
f 341 2138 2140
f 286 1974 1976
f 294 1992 1998
f 372 2228 2232
f 394 2295 2299
f 416 2331 2330
f 408 2327 2324
f 406 2328 2325
f 412 2334 2332
f 415 2337 2335
f 424 2346 2344
f 492 2412 2410
f 582 2499 2497
f 565 2487 2486
f 514 2436 2434
f 461 2376 2375
f 453 2372 2369
f 451 2373 2370
f 457 2379 2377
f 460 2382 2380
f 475 2396 2393
f 439 2361 2359
f 496 2418 2415
f 533 2457 2455
f 551 2463 2461
f 579 2492 2489
f 483 2402 2399
f 426 2343 2341
f 521 2433 2431
f 566 2478 2476
f 489 2406 2405
f 578 2502 2500
f 560 2484 2481
f 518 2442 2439
f 429 2349 2348
f 547 2468 2465
f 465 2387 2383
f 441 2358 2356
f 504 2421 2420
f 537 2454 2452
f 550 2472 2471
f 476 2388 2386
f 444 2364 2363
f 502 2426 2422
f 526 2448 2445
f 481 2403 2400
f 420 2342 2338
f 510 2432 2428
f 555 2477 2473
f 571 2493 2490
f 540 2462 2458
f 473 2397 2394
f 447 2367 2366
f 507 2427 2425
f 534 2447 2444
f 469 2391 2389
f 435 2357 2353
f 498 2417 2414
f 529 2453 2449
f 545 2469 2466
f 487 2411 2407
f 574 2498 2494
f 562 2483 2480
f 520 2441 2438
f 432 2352 2351
f 589 2509 2510
f 583 2503 2504
f 586 2506 2508
f 593 2512 2514
f 596 2515 2517
f 599 2518 2520
f 633 2555 2554
f 620 2541 2539
f 640 2562 2560
f 603 2522 2523
f 622 2542 2543
f 607 2528 2527
f 612 2531 2532
f 626 2545 2547
f 629 2548 2550
f 631 2551 2552
f 614 2533 2535
f 618 2537 2538
f 641 2559 2558
f 605 2526 2524
f 164 644 1607
f 163 643 1603
f 165 645 1604
f 166 646 1610
f 167 647 1613
f 172 652 1622
f 190 670 1686
f 219 699 1773
f 215 695 1761
f 201 681 1712
f 179 659 1652
f 178 658 1648
f 180 660 1649
f 181 661 1655
f 182 662 1658
f 185 665 1670
f 177 657 1637
f 197 677 1694
f 206 686 1731
f 208 688 1739
f 218 698 1768
f 188 668 1678
f 168 648 1619
f 198 678 1709
f 213 693 1754
f 189 669 1682
f 221 701 1776
f 217 697 1758
f 202 682 1716
f 170 650 1625
f 209 689 1742
f 184 664 1663
f 173 653 1634
f 194 674 1697
f 204 684 1728
f 210 690 1746
f 183 663 1664
f 175 655 1640
f 196 676 1700
f 207 687 1724
f 192 672 1679
f 169 649 1618
f 199 679 1708
f 216 696 1753
f 222 702 1769
f 211 691 1738
f 187 667 1671
f 176 656 1643
f 195 675 1701
f 203 683 1723
f 186 666 1667
f 174 654 1633
f 193 673 1693
f 205 685 1727
f 212 692 1743
f 191 671 1685
f 220 700 1772
f 214 694 1757
f 200 680 1715
f 171 651 1628
f 358 838 2187
f 256 736 1881
f 261 741 1899
f 387 867 2277
f 399 879 2313
f 351 831 2169
f 348 828 2156
f 300 780 2010
f 366 846 2208
f 267 747 1917
f 340 820 2133
f 287 767 1971
f 291 771 1989
f 369 849 2223
f 395 875 2300
f 354 834 2174
f 345 825 2151
f 297 777 2007
f 363 843 2205
f 270 750 1920
f 247 727 1855
f 229 709 1801
f 223 703 1784
f 235 715 1820
f 241 721 1838
f 253 733 1874
f 355 835 2180
f 398 878 2310
f 386 866 2274
f 260 740 1896
f 325 805 2089
f 307 787 2035
f 278 758 1950
f 313 793 2054
f 319 799 2072
f 337 817 2126
f 283 763 1964
f 290 770 1986
f 368 848 2220
f 392 872 2291
f 356 836 2183
f 254 734 1877
f 259 739 1891
f 385 865 2269
f 397 877 2305
f 349 829 2161
f 344 824 2148
f 296 776 2004
f 362 842 2202
f 265 745 1909
f 338 818 2129
f 284 764 1967
f 289 769 1981
f 367 847 2215
f 391 871 2288
f 350 830 2166
f 343 823 2143
f 295 775 1999
f 361 841 2197
f 266 746 1914
f 230 710 1806
f 224 704 1787
f 236 716 1823
f 242 722 1841
f 248 728 1860
f 272 752 1931
f 331 811 2108
f 301 781 2018
f 373 853 2234
f 380 860 2255
f 308 788 2040
f 277 757 1945
f 314 794 2057
f 320 800 2075
f 326 806 2094
f 332 812 2111
f 302 782 2021
f 374 854 2237
f 379 859 2252
f 271 751 1928
f 234 714 1812
f 227 707 1791
f 239 719 1827
f 245 725 1845
f 252 732 1866
f 275 755 1935
f 334 814 2118
f 304 784 2028
f 377 857 2246
f 382 862 2259
f 312 792 2048
f 279 759 1953
f 316 796 2061
f 323 803 2079
f 330 810 2100
f 335 815 2115
f 305 785 2025
f 376 856 2241
f 383 863 2264
f 274 754 1938
f 232 712 1802
f 225 705 1783
f 237 717 1819
f 243 723 1837
f 250 730 1856
f 273 753 1927
f 336 816 2112
f 306 786 2022
f 378 858 2238
f 381 861 2251
f 311 791 2036
f 281 761 1949
f 315 795 2053
f 321 801 2071
f 328 808 2090
f 333 813 2107
f 303 783 2017
f 375 855 2233
f 384 864 2256
f 276 756 1932
f 251 731 1859
f 233 713 1805
f 228 708 1788
f 240 720 1824
f 246 726 1842
f 258 738 1878
f 360 840 2184
f 401 881 2306
f 389 869 2270
f 263 743 1892
f 329 809 2093
f 310 790 2039
f 280 760 1946
f 318 798 2058
f 324 804 2076
f 342 822 2130
f 288 768 1968
f 292 772 1982
f 371 851 2216
f 393 873 2287
f 357 837 2179
f 255 735 1873
f 262 742 1895
f 388 868 2273
f 400 880 2309
f 352 832 2165
f 347 827 2144
f 298 778 2000
f 364 844 2198
f 269 749 1913
f 339 819 2125
f 285 765 1963
f 293 773 1985
f 370 850 2219
f 396 876 2292
f 353 833 2162
f 346 826 2147
f 299 779 2003
f 365 845 2201
f 268 748 1910
f 249 729 1863
f 231 711 1809
f 226 706 1794
f 238 718 1830
f 244 724 1848
f 257 737 1886
f 359 839 2192
f 402 882 2318
f 390 870 2282
f 264 744 1904
f 327 807 2097
f 309 789 2043
f 282 762 1956
f 317 797 2066
f 322 802 2082
f 341 821 2138
f 286 766 1974
f 294 774 1992
f 372 852 2228
f 394 874 2295
f 416 1270 2331
f 408 1246 2327
f 406 1251 2328
f 412 1287 2334
f 415 1305 2337
f 424 1335 2346
f 492 1552 2412
f 582 1474 2499
f 565 1600 2487
f 514 1353 2436
f 461 1480 2376
f 453 1402 2372
f 451 1407 2373
f 457 1491 2379
f 460 1503 2382
f 475 1534 2396
f 439 1413 2361
f 496 1443 2418
f 533 1593 2457
f 551 1384 2463
f 579 1324 2492
f 483 1276 2402
f 426 1264 2343
f 521 1300 2433
f 566 1318 2478
f 489 1342 2406
f 578 1563 2502
f 560 1461 2484
f 518 1587 2442
f 429 1348 2349
f 547 1522 2468
f 465 1419 2387
f 441 1396 2358
f 504 1498 2421
f 537 1516 2454
f 550 1558 2472
f 476 1426 2388
f 444 1432 2364
f 502 1569 2426
f 526 1371 2448
f 481 1281 2403
f 420 1257 2342
f 510 1293 2432
f 555 1311 2477
f 571 1329 2493
f 540 1377 2462
f 473 1539 2397
f 447 1450 2367
f 507 1576 2427
f 534 1366 2447
f 469 1485 2391
f 435 1389 2357
f 498 1438 2417
f 529 1509 2453
f 545 1527 2469
f 487 1545 2411
f 574 1467 2498
f 562 1456 2483
f 520 1582 2441
f 432 1360 2352
f 589 1271 2509
f 583 1247 2503
f 586 1254 2506
f 593 1290 2512
f 596 1308 2515
f 599 1338 2518
f 633 1553 2555
f 620 1475 2541
f 640 1601 2562
f 603 1356 2522
f 622 1481 2542
f 607 1403 2528
f 612 1410 2531
f 626 1494 2545
f 629 1506 2548
f 631 1535 2551
f 614 1416 2533
f 618 1446 2537
f 641 1596 2559
f 605 1385 2526
f 167 907 1616
f 164 889 1608
f 163 883 1606
f 165 895 1612
f 166 901 1615
f 169 919 1624
f 192 1057 1692
f 222 1237 1782
f 216 1201 1765
f 199 1099 1714
f 182 997 1661
f 179 979 1653
f 178 973 1651
f 180 985 1657
f 181 991 1660
f 186 1021 1675
f 174 949 1639
f 193 1063 1696
f 205 1135 1733
f 212 1177 1751
f 221 1231 1779
f 189 1039 1683
f 170 925 1626
f 202 1117 1721
f 217 1207 1766
f 191 1051 1689
f 220 1225 1778
f 214 1189 1760
f 200 1105 1718
f 171 931 1629
f 210 1165 1747
f 183 1003 1665
f 175 955 1641
f 196 1081 1704
f 207 1147 1737
f 211 1171 1750
f 187 1027 1676
f 176 961 1644
f 195 1075 1702
f 203 1123 1726
f 188 1033 1681
f 168 913 1620
f 198 1093 1710
f 213 1183 1755
f 218 1213 1771
f 208 1153 1740
f 185 1015 1673
f 177 967 1647
f 197 1087 1707
f 206 1141 1734
f 184 1009 1669
f 173 943 1635
f 194 1069 1698
f 204 1129 1729
f 209 1159 1745
f 190 1045 1687
f 219 1219 1774
f 215 1195 1762
f 201 1111 1720
f 172 937 1632
f 357 1280 2189
f 255 1256 1883
f 262 1292 1903
f 388 1310 2281
f 400 1328 2317
f 352 1376 2173
f 347 1538 2158
f 298 1447 2012
f 364 1573 2210
f 269 1363 1924
f 339 1484 2135
f 285 1388 1973
f 293 1435 1996
f 370 1508 2227
f 396 1526 2304
f 353 1544 2176
f 346 1466 2155
f 299 1453 2014
f 365 1579 2212
f 268 1357 1922
f 249 1268 1864
f 231 1244 1810
f 226 1249 1795
f 238 1285 1831
f 244 1303 1849
f 257 1333 1887
f 359 1550 2193
f 402 1472 2321
f 390 1598 2285
f 264 1351 1907
f 327 1478 2098
f 309 1400 2044
f 282 1405 1961
f 317 1489 2067
f 322 1501 2083
f 341 1532 2139
f 286 1411 1975
f 294 1441 1997
f 372 1591 2231
f 394 1382 2298
f 358 1322 2190
f 256 1274 1884
f 261 1262 1900
f 387 1298 2278
f 399 1316 2314
f 351 1340 2170
f 348 1561 2159
f 300 1459 2015
f 366 1585 2213
f 267 1346 1918
f 340 1520 2136
f 287 1417 1977
f 291 1394 1990
f 369 1496 2224
f 395 1514 2301
f 354 1556 2177
f 345 1424 2152
f 297 1430 2008
f 363 1567 2206
f 270 1369 1925
f 234 1279 1817
f 227 1255 1797
f 239 1291 1833
f 245 1309 1851
f 252 1327 1871
f 275 1375 1941
f 334 1537 2119
f 304 1448 2029
f 377 1574 2247
f 382 1364 2262
f 312 1483 2051
f 279 1387 1954
f 316 1436 2064
f 323 1507 2085
f 330 1525 2105
f 335 1543 2121
f 305 1465 2031
f 376 1454 2244
f 383 1580 2265
f 274 1358 1939
f 232 1267 1814
f 225 1243 1793
f 237 1250 1829
f 243 1286 1847
f 250 1304 1868
f 273 1334 1937
f 336 1549 2124
f 306 1471 2034
f 378 1597 2250
f 381 1352 2261
f 311 1477 2050
f 281 1399 1960
f 315 1406 2063
f 321 1490 2081
f 328 1502 2102
f 333 1531 2117
f 303 1412 2027
f 375 1442 2243
f 384 1592 2268
f 276 1381 1944
f 229 890 1804
f 223 884 1785
f 235 896 1821
f 241 902 1839
f 247 908 1858
f 271 938 1929
f 332 1046 2114
f 302 1220 2024
f 374 1196 2240
f 379 1112 2253
f 307 980 2038
f 278 974 1951
f 313 986 2055
f 319 992 2073
f 325 998 2092
f 331 1016 2109
f 301 968 2019
f 373 1088 2235
f 380 1142 2258
f 272 1154 1934
f 248 1214 1861
f 230 1034 1807
f 224 914 1790
f 236 1094 1826
f 242 1184 1844
f 254 1040 1880
f 356 1232 2186
f 397 1208 2308
f 385 1118 2272
f 259 926 1894
f 326 1160 2095
f 308 1010 2041
f 277 944 1948
f 314 1070 2060
f 320 1130 2078
f 338 1166 2132
f 284 1004 1970
f 289 956 1984
f 367 1082 2218
f 391 1148 2289
f 355 1058 2181
f 253 920 1875
f 260 1100 1897
f 386 1202 2275
f 398 1238 2311
f 350 1172 2167
f 343 1028 2146
f 295 962 2002
f 361 1076 2200
f 266 1124 1915
f 337 1022 2127
f 283 950 1965
f 290 1064 1987
f 368 1136 2221
f 392 1178 2294
f 349 1052 2164
f 344 1226 2149
f 296 1190 2005
f 362 1106 2203
f 265 932 1912
f 251 1321 1870
f 233 1273 1816
f 228 1261 1800
f 240 1297 1836
f 246 1315 1854
f 258 1339 1890
f 360 1562 2196
f 401 1460 2320
f 389 1586 2284
f 263 1345 1906
f 329 1519 2104
f 310 1418 2047
f 280 1393 1958
f 318 1495 2070
f 324 1513 2088
f 342 1555 2142
f 288 1423 1980
f 292 1429 1994
f 371 1568 2230
f 393 1370 2297
f 409 894 2329
f 405 887 2323
f 411 899 2326
f 414 905 2333
f 417 912 2336
f 431 941 2345
f 488 1050 2409
f 575 1224 2496
f 563 1200 2485
f 519 1115 2435
f 454 984 2374
f 450 977 2368
f 456 989 2371
f 459 995 2378
f 462 1002 2381
f 472 1019 2392
f 446 971 2360
f 506 1091 2416
f 535 1146 2456
f 541 1158 2460
f 570 1217 2488
f 480 1037 2398
f 421 918 2340
f 511 1098 2430
f 556 1188 2475
f 484 1044 2404
f 580 1236 2501
f 567 1212 2482
f 522 1122 2440
f 427 930 2347
f 544 1163 2464
f 468 1013 2384
f 436 948 2355
f 499 1074 2419
f 530 1134 2451
f 548 1170 2470
f 466 1008 2385
f 442 960 2362
f 505 1086 2423
f 536 1151 2446
f 491 1061 2401
f 423 923 2339
f 513 1103 2429
f 564 1205 2474
f 581 1241 2491
f 549 1175 2459
f 477 1032 2395
f 445 966 2365
f 503 1080 2424
f 525 1127 2443
f 474 1025 2390
f 438 953 2354
f 495 1067 2413
f 532 1139 2450
f 552 1182 2467
f 490 1056 2408
f 577 1229 2495
f 559 1193 2479
f 517 1109 2437
f 430 936 2350
f 590 1325 2511
f 584 1277 2505
f 585 1265 2507
f 592 1301 2513
f 595 1319 2516
f 598 1343 2519
f 636 1566 2556
f 621 1464 2540
f 642 1590 2561
f 601 1349 2521
f 623 1523 2544
f 611 1422 2529
f 609 1397 2530
f 625 1499 2546
f 628 1517 2549
f 632 1559 2553
f 613 1427 2534
f 616 1433 2536
f 638 1572 2557
f 606 1374 2525
f 407 892 1609
f 403 885 1605
f 404 897 1611
f 410 903 1614
f 413 910 1617
f 422 939 1631
f 486 1048 1688
f 573 1222 1775
f 561 1198 1763
f 512 1113 1719
f 452 982 1654
f 448 975 1650
f 449 987 1656
f 455 993 1659
f 458 1000 1662
f 470 1017 1672
f 437 969 1646
f 494 1089 1706
f 531 1144 1735
f 539 1156 1741
f 568 1215 1770
f 478 1035 1680
f 419 916 1621
f 509 1096 1711
f 554 1186 1756
f 482 1042 1684
f 576 1234 1780
f 558 1210 1767
f 516 1120 1722
f 425 928 1627
f 542 1161 1744
f 463 1011 1668
f 434 946 1636
f 497 1072 1699
f 528 1132 1730
f 546 1168 1748
f 464 1006 1666
f 440 958 1642
f 500 1084 1705
f 524 1149 1736
f 479 1059 1691
f 418 921 1623
f 508 1101 1713
f 553 1203 1764
f 569 1239 1781
f 538 1173 1749
f 471 1030 1677
f 443 964 1645
f 501 1078 1703
f 523 1125 1725
f 467 1023 1674
f 433 951 1638
f 493 1065 1695
f 527 1137 1732
f 543 1180 1752
f 485 1054 1690
f 572 1227 1777
f 557 1191 1759
f 515 1107 1717
f 428 934 1630
f 591 1326 2191
f 587 1278 1885
f 588 1266 1901
f 594 1302 2279
f 597 1320 2315
f 600 1344 2171
f 634 1565 2160
f 619 1463 2016
f 639 1589 2214
f 602 1350 1919
f 624 1524 2137
f 608 1421 1978
f 610 1398 1991
f 627 1500 2225
f 630 1518 2302
f 635 1560 2178
f 615 1428 2153
f 617 1434 2009
f 637 1571 2207
f 604 1373 1926
f 416 911 1857
f 408 893 1803
f 406 888 1786
f 412 900 1822
f 415 906 1840
f 424 924 1876
f 492 1062 2182
f 582 1242 2312
f 565 1206 2276
f 514 1104 1898
f 461 1001 2091
f 453 983 2037
f 451 978 1952
f 457 990 2056
f 460 996 2074
f 475 1026 2128
f 439 954 1966
f 496 1068 1988
f 533 1140 2222
f 551 1181 2293
f 579 1235 2185
f 483 1043 1879
f 426 929 1893
f 521 1121 2271
f 566 1211 2307
f 489 1055 2163
f 578 1230 2150
f 560 1194 2006
f 518 1110 2204
f 429 935 1911
f 547 1169 2131
f 465 1007 1969
f 441 959 1983
f 504 1085 2217
f 537 1152 2290
f 550 1176 2168
f 476 1031 2145
f 444 965 2001
f 502 1079 2199
f 526 1128 1916
f 481 1038 1808
f 420 917 1789
f 510 1097 1825
f 555 1187 1843
f 571 1218 1862
f 540 1157 1933
f 473 1020 2110
f 447 972 2020
f 507 1092 2236
f 534 1145 2257
f 469 1014 2042
f 435 947 1947
f 498 1073 2059
f 529 1133 2077
f 545 1164 2096
f 487 1049 2113
f 574 1223 2023
f 562 1199 2239
f 520 1116 2254
f 432 942 1930
f 589 1283 1818
f 583 1259 1798
f 586 1295 1834
f 593 1313 1852
f 596 1331 1872
f 599 1379 1942
f 633 1541 2120
f 620 1452 2030
f 640 1578 2248
f 603 1368 2263
f 622 1487 2052
f 607 1391 1955
f 612 1440 2065
f 626 1511 2086
f 629 1529 2106
f 631 1547 2122
f 614 1469 2032
f 618 1458 2245
f 641 1584 2266
f 605 1362 1940
f 409 1269 1813
f 405 1245 1792
f 411 1252 1828
f 414 1288 1846
f 417 1306 1867
f 431 1336 1936
f 488 1551 2123
f 575 1473 2033
f 563 1599 2249
f 519 1354 2260
f 454 1479 2049
f 450 1401 1959
f 456 1408 2062
f 459 1492 2080
f 462 1504 2101
f 472 1533 2116
f 446 1414 2026
f 506 1444 2242
f 535 1594 2267
f 541 1383 1943
f 570 1323 1869
f 480 1275 1815
f 421 1263 1799
f 511 1299 1835
f 556 1317 1853
f 484 1341 1889
f 580 1564 2195
f 567 1462 2319
f 522 1588 2283
f 427 1347 1905
f 544 1521 2103
f 468 1420 2046
f 436 1395 1957
f 499 1497 2069
f 530 1515 2087
f 548 1557 2141
f 466 1425 1979
f 442 1431 1993
f 505 1570 2229
f 536 1372 2296
f 491 1282 2188
f 423 1258 1882
f 513 1294 1902
f 564 1312 2280
f 581 1330 2316
f 549 1378 2172
f 477 1540 2157
f 445 1449 2011
f 503 1575 2209
f 525 1365 1923
f 474 1486 2134
f 438 1390 1972
f 495 1437 1995
f 532 1510 2226
f 552 1528 2303
f 490 1546 2175
f 577 1468 2154
f 559 1455 2013
f 517 1581 2211
f 430 1359 1921
f 590 1272 1865
f 584 1248 1811
f 585 1253 1796
f 592 1289 1832
f 595 1307 1850
f 598 1337 1888
f 636 1554 2194
f 621 1476 2322
f 642 1602 2286
f 601 1355 1908
f 623 1482 2099
f 611 1404 2045
f 609 1409 1962
f 625 1493 2068
f 628 1505 2084
f 632 1536 2140
f 613 1415 1976
f 616 1445 1998
f 638 1595 2232
f 606 1386 2299
f 407 909 2330
f 403 891 2324
f 404 886 2325
f 410 898 2332
f 413 904 2335
f 422 922 2344
f 486 1060 2410
f 573 1240 2497
f 561 1204 2486
f 512 1102 2434
f 452 999 2375
f 448 981 2369
f 449 976 2370
f 455 988 2377
f 458 994 2380
f 470 1024 2393
f 437 952 2359
f 494 1066 2415
f 531 1138 2455
f 539 1179 2461
f 568 1233 2489
f 478 1041 2399
f 419 927 2341
f 509 1119 2431
f 554 1209 2476
f 482 1053 2405
f 576 1228 2500
f 558 1192 2481
f 516 1108 2439
f 425 933 2348
f 542 1167 2465
f 463 1005 2383
f 434 957 2356
f 497 1083 2420
f 528 1150 2452
f 546 1174 2471
f 464 1029 2386
f 440 963 2363
f 500 1077 2422
f 524 1126 2445
f 479 1036 2400
f 418 915 2338
f 508 1095 2428
f 553 1185 2473
f 569 1216 2490
f 538 1155 2458
f 471 1018 2394
f 443 970 2366
f 501 1090 2425
f 523 1143 2444
f 467 1012 2389
f 433 945 2353
f 493 1071 2414
f 527 1131 2449
f 543 1162 2466
f 485 1047 2407
f 572 1221 2494
f 557 1197 2480
f 515 1114 2438
f 428 940 2351
f 591 1284 2510
f 587 1260 2504
f 588 1296 2508
f 594 1314 2514
f 597 1332 2517
f 600 1380 2520
f 634 1542 2554
f 619 1451 2539
f 639 1577 2560
f 602 1367 2523
f 624 1488 2543
f 608 1392 2527
f 610 1439 2532
f 627 1512 2547
f 630 1530 2550
f 635 1548 2552
f 615 1470 2535
f 617 1457 2538
f 637 1583 2558
f 604 1361 2524
f 167 1616 1607
f 164 1608 1603
f 163 1606 1604
f 165 1612 1610
f 166 1615 1613
f 169 1624 1622
f 192 1692 1686
f 222 1782 1773
f 216 1765 1761
f 199 1714 1712
f 182 1661 1652
f 179 1653 1648
f 178 1651 1649
f 180 1657 1655
f 181 1660 1658
f 186 1675 1670
f 174 1639 1637
f 193 1696 1694
f 205 1733 1731
f 212 1751 1739
f 221 1779 1768
f 189 1683 1678
f 170 1626 1619
f 202 1721 1709
f 217 1766 1754
f 191 1689 1682
f 220 1778 1776
f 214 1760 1758
f 200 1718 1716
f 171 1629 1625
f 210 1747 1742
f 183 1665 1663
f 175 1641 1634
f 196 1704 1697
f 207 1737 1728
f 211 1750 1746
f 187 1676 1664
f 176 1644 1640
f 195 1702 1700
f 203 1726 1724
f 188 1681 1679
f 168 1620 1618
f 198 1710 1708
f 213 1755 1753
f 218 1771 1769
f 208 1740 1738
f 185 1673 1671
f 177 1647 1643
f 197 1707 1701
f 206 1734 1723
f 184 1669 1667
f 173 1635 1633
f 194 1698 1693
f 204 1729 1727
f 209 1745 1743
f 190 1687 1685
f 219 1774 1772
f 215 1762 1757
f 201 1720 1715
f 172 1632 1628
f 357 2189 2187
f 255 1883 1881
f 262 1903 1899
f 388 2281 2277
f 400 2317 2313
f 352 2173 2169
f 347 2158 2156
f 298 2012 2010
f 364 2210 2208
f 269 1924 1917
f 339 2135 2133
f 285 1973 1971
f 293 1996 1989
f 370 2227 2223
f 396 2304 2300
f 353 2176 2174
f 346 2155 2151
f 299 2014 2007
f 365 2212 2205
f 268 1922 1920
f 249 1864 1855
f 231 1810 1801
f 226 1795 1784
f 238 1831 1820
f 244 1849 1838
f 257 1887 1874
f 359 2193 2180
f 402 2321 2310
f 390 2285 2274
f 264 1907 1896
f 327 2098 2089
f 309 2044 2035
f 282 1961 1950
f 317 2067 2054
f 322 2083 2072
f 341 2139 2126
f 286 1975 1964
f 294 1997 1986
f 372 2231 2220
f 394 2298 2291
f 358 2190 2183
f 256 1884 1877
f 261 1900 1891
f 387 2278 2269
f 399 2314 2305
f 351 2170 2161
f 348 2159 2148
f 300 2015 2004
f 366 2213 2202
f 267 1918 1909
f 340 2136 2129
f 287 1977 1967
f 291 1990 1981
f 369 2224 2215
f 395 2301 2288
f 354 2177 2166
f 345 2152 2143
f 297 2008 1999
f 363 2206 2197
f 270 1925 1914
f 234 1817 1806
f 227 1797 1787
f 239 1833 1823
f 245 1851 1841
f 252 1871 1860
f 275 1941 1931
f 334 2119 2108
f 304 2029 2018
f 377 2247 2234
f 382 2262 2255
f 312 2051 2040
f 279 1954 1945
f 316 2064 2057
f 323 2085 2075
f 330 2105 2094
f 335 2121 2111
f 305 2031 2021
f 376 2244 2237
f 383 2265 2252
f 274 1939 1928
f 232 1814 1812
f 225 1793 1791
f 237 1829 1827
f 243 1847 1845
f 250 1868 1866
f 273 1937 1935
f 336 2124 2118
f 306 2034 2028
f 378 2250 2246
f 381 2261 2259
f 311 2050 2048
f 281 1960 1953
f 315 2063 2061
f 321 2081 2079
f 328 2102 2100
f 333 2117 2115
f 303 2027 2025
f 375 2243 2241
f 384 2268 2264
f 276 1944 1938
f 229 1804 1802
f 223 1785 1783
f 235 1821 1819
f 241 1839 1837
f 247 1858 1856
f 271 1929 1927
f 332 2114 2112
f 302 2024 2022
f 374 2240 2238
f 379 2253 2251
f 307 2038 2036
f 278 1951 1949
f 313 2055 2053
f 319 2073 2071
f 325 2092 2090
f 331 2109 2107
f 301 2019 2017
f 373 2235 2233
f 380 2258 2256
f 272 1934 1932
f 248 1861 1859
f 230 1807 1805
f 224 1790 1788
f 236 1826 1824
f 242 1844 1842
f 254 1880 1878
f 356 2186 2184
f 397 2308 2306
f 385 2272 2270
f 259 1894 1892
f 326 2095 2093
f 308 2041 2039
f 277 1948 1946
f 314 2060 2058
f 320 2078 2076
f 338 2132 2130
f 284 1970 1968
f 289 1984 1982
f 367 2218 2216
f 391 2289 2287
f 355 2181 2179
f 253 1875 1873
f 260 1897 1895
f 386 2275 2273
f 398 2311 2309
f 350 2167 2165
f 343 2146 2144
f 295 2002 2000
f 361 2200 2198
f 266 1915 1913
f 337 2127 2125
f 283 1965 1963
f 290 1987 1985
f 368 2221 2219
f 392 2294 2292
f 349 2164 2162
f 344 2149 2147
f 296 2005 2003
f 362 2203 2201
f 265 1912 1910
f 251 1870 1863
f 233 1816 1809
f 228 1800 1794
f 240 1836 1830
f 246 1854 1848
f 258 1890 1886
f 360 2196 2192
f 401 2320 2318
f 389 2284 2282
f 263 1906 1904
f 329 2104 2097
f 310 2047 2043
f 280 1958 1956
f 318 2070 2066
f 324 2088 2082
f 342 2142 2138
f 288 1980 1974
f 292 1994 1992
f 371 2230 2228
f 393 2297 2295
f 409 2329 2331
f 405 2323 2327
f 411 2326 2328
f 414 2333 2334
f 417 2336 2337
f 431 2345 2346
f 488 2409 2412
f 575 2496 2499
f 563 2485 2487
f 519 2435 2436
f 454 2374 2376
f 450 2368 2372
f 456 2371 2373
f 459 2378 2379
f 462 2381 2382
f 472 2392 2396
f 446 2360 2361
f 506 2416 2418
f 535 2456 2457
f 541 2460 2463
f 570 2488 2492
f 480 2398 2402
f 421 2340 2343
f 511 2430 2433
f 556 2475 2478
f 484 2404 2406
f 580 2501 2502
f 567 2482 2484
f 522 2440 2442
f 427 2347 2349
f 544 2464 2468
f 468 2384 2387
f 436 2355 2358
f 499 2419 2421
f 530 2451 2454
f 548 2470 2472
f 466 2385 2388
f 442 2362 2364
f 505 2423 2426
f 536 2446 2448
f 491 2401 2403
f 423 2339 2342
f 513 2429 2432
f 564 2474 2477
f 581 2491 2493
f 549 2459 2462
f 477 2395 2397
f 445 2365 2367
f 503 2424 2427
f 525 2443 2447
f 474 2390 2391
f 438 2354 2357
f 495 2413 2417
f 532 2450 2453
f 552 2467 2469
f 490 2408 2411
f 577 2495 2498
f 559 2479 2483
f 517 2437 2441
f 430 2350 2352
f 590 2511 2509
f 584 2505 2503
f 585 2507 2506
f 592 2513 2512
f 595 2516 2515
f 598 2519 2518
f 636 2556 2555
f 621 2540 2541
f 642 2561 2562
f 601 2521 2522
f 623 2544 2542
f 611 2529 2528
f 609 2530 2531
f 625 2546 2545
f 628 2549 2548
f 632 2553 2551
f 613 2534 2533
f 616 2536 2537
f 638 2557 2559
f 606 2525 2526
f 1607 644 647
f 1603 643 644
f 1604 645 643
f 1610 646 645
f 1613 647 646
f 1622 652 649
f 1686 670 672
f 1773 699 702
f 1761 695 696
f 1712 681 679
f 1652 659 662
f 1648 658 659
f 1649 660 658
f 1655 661 660
f 1658 662 661
f 1670 665 666
f 1637 657 654
f 1694 677 673
f 1731 686 685
f 1739 688 692
f 1768 698 701
f 1678 668 669
f 1619 648 650
f 1709 678 682
f 1754 693 697
f 1682 669 671
f 1776 701 700
f 1758 697 694
f 1716 682 680
f 1625 650 651
f 1742 689 690
f 1663 664 663
f 1634 653 655
f 1697 674 676
f 1728 684 687
f 1746 690 691
f 1664 663 667
f 1640 655 656
f 1700 676 675
f 1724 687 683
f 1679 672 668
f 1618 649 648
f 1708 679 678
f 1753 696 693
f 1769 702 698
f 1738 691 688
f 1671 667 665
f 1643 656 657
f 1701 675 677
f 1723 683 686
f 1667 666 664
f 1633 654 653
f 1693 673 674
f 1727 685 684
f 1743 692 689
f 1685 671 670
f 1772 700 699
f 1757 694 695
f 1715 680 681
f 1628 651 652
f 2187 838 837
f 1881 736 735
f 1899 741 742
f 2277 867 868
f 2313 879 880
f 2169 831 832
f 2156 828 827
f 2010 780 778
f 2208 846 844
f 1917 747 749
f 2133 820 819
f 1971 767 765
f 1989 771 773
f 2223 849 850
f 2300 875 876
f 2174 834 833
f 2151 825 826
f 2007 777 779
f 2205 843 845
f 1920 750 748
f 1855 727 729
f 1801 709 711
f 1784 703 706
f 1820 715 718
f 1838 721 724
f 1874 733 737
f 2180 835 839
f 2310 878 882
f 2274 866 870
f 1896 740 744
f 2089 805 807
f 2035 787 789
f 1950 758 762
f 2054 793 797
f 2072 799 802
f 2126 817 821
f 1964 763 766
f 1986 770 774
f 2220 848 852
f 2291 872 874
f 2183 836 838
f 1877 734 736
f 1891 739 741
f 2269 865 867
f 2305 877 879
f 2161 829 831
f 2148 824 828
f 2004 776 780
f 2202 842 846
f 1909 745 747
f 2129 818 820
f 1967 764 767
f 1981 769 771
f 2215 847 849
f 2288 871 875
f 2166 830 834
f 2143 823 825
f 1999 775 777
f 2197 841 843
f 1914 746 750
f 1806 710 714
f 1787 704 707
f 1823 716 719
f 1841 722 725
f 1860 728 732
f 1931 752 755
f 2108 811 814
f 2018 781 784
f 2234 853 857
f 2255 860 862
f 2040 788 792
f 1945 757 759
f 2057 794 796
f 2075 800 803
f 2094 806 810
f 2111 812 815
f 2021 782 785
f 2237 854 856
f 2252 859 863
f 1928 751 754
f 1812 714 712
f 1791 707 705
f 1827 719 717
f 1845 725 723
f 1866 732 730
f 1935 755 753
f 2118 814 816
f 2028 784 786
f 2246 857 858
f 2259 862 861
f 2048 792 791
f 1953 759 761
f 2061 796 795
f 2079 803 801
f 2100 810 808
f 2115 815 813
f 2025 785 783
f 2241 856 855
f 2264 863 864
f 1938 754 756
f 1802 712 709
f 1783 705 703
f 1819 717 715
f 1837 723 721
f 1856 730 727
f 1927 753 751
f 2112 816 812
f 2022 786 782
f 2238 858 854
f 2251 861 859
f 2036 791 787
f 1949 761 758
f 2053 795 793
f 2071 801 799
f 2090 808 805
f 2107 813 811
f 2017 783 781
f 2233 855 853
f 2256 864 860
f 1932 756 752
f 1859 731 728
f 1805 713 710
f 1788 708 704
f 1824 720 716
f 1842 726 722
f 1878 738 734
f 2184 840 836
f 2306 881 877
f 2270 869 865
f 1892 743 739
f 2093 809 806
f 2039 790 788
f 1946 760 757
f 2058 798 794
f 2076 804 800
f 2130 822 818
f 1968 768 764
f 1982 772 769
f 2216 851 847
f 2287 873 871
f 2179 837 835
f 1873 735 733
f 1895 742 740
f 2273 868 866
f 2309 880 878
f 2165 832 830
f 2144 827 823
f 2000 778 775
f 2198 844 841
f 1913 749 746
f 2125 819 817
f 1963 765 763
f 1985 773 770
f 2219 850 848
f 2292 876 872
f 2162 833 829
f 2147 826 824
f 2003 779 776
f 2201 845 842
f 1910 748 745
f 1863 729 731
f 1809 711 713
f 1794 706 708
f 1830 718 720
f 1848 724 726
f 1886 737 738
f 2192 839 840
f 2318 882 881
f 2282 870 869
f 1904 744 743
f 2097 807 809
f 2043 789 790
f 1956 762 760
f 2066 797 798
f 2082 802 804
f 2138 821 822
f 1974 766 768
f 1992 774 772
f 2228 852 851
f 2295 874 873
f 2331 1270 1269
f 2327 1246 1245
f 2328 1251 1252
f 2334 1287 1288
f 2337 1305 1306
f 2346 1335 1336
f 2412 1552 1551
f 2499 1474 1473
f 2487 1600 1599
f 2436 1353 1354
f 2376 1480 1479
f 2372 1402 1401
f 2373 1407 1408
f 2379 1491 1492
f 2382 1503 1504
f 2396 1534 1533
f 2361 1413 1414
f 2418 1443 1444
f 2457 1593 1594
f 2463 1384 1383
f 2492 1324 1323
f 2402 1276 1275
f 2343 1264 1263
f 2433 1300 1299
f 2478 1318 1317
f 2406 1342 1341
f 2502 1563 1564
f 2484 1461 1462
f 2442 1587 1588
f 2349 1348 1347
f 2468 1522 1521
f 2387 1419 1420
f 2358 1396 1395
f 2421 1498 1497
f 2454 1516 1515
f 2472 1558 1557
f 2388 1426 1425
f 2364 1432 1431
f 2426 1569 1570
f 2448 1371 1372
f 2403 1281 1282
f 2342 1257 1258
f 2432 1293 1294
f 2477 1311 1312
f 2493 1329 1330
f 2462 1377 1378
f 2397 1539 1540
f 2367 1450 1449
f 2427 1576 1575
f 2447 1366 1365
f 2391 1485 1486
f 2357 1389 1390
f 2417 1438 1437
f 2453 1509 1510
f 2469 1527 1528
f 2411 1545 1546
f 2498 1467 1468
f 2483 1456 1455
f 2441 1582 1581
f 2352 1360 1359
f 2509 1271 1272
f 2503 1247 1248
f 2506 1254 1253
f 2512 1290 1289
f 2515 1308 1307
f 2518 1338 1337
f 2555 1553 1554
f 2541 1475 1476
f 2562 1601 1602
f 2522 1356 1355
f 2542 1481 1482
f 2528 1403 1404
f 2531 1410 1409
f 2545 1494 1493
f 2548 1506 1505
f 2551 1535 1536
f 2533 1416 1415
f 2537 1446 1445
f 2559 1596 1595
f 2526 1385 1386
f 1616 907 909
f 1608 889 891
f 1606 883 886
f 1612 895 898
f 1615 901 904
f 1624 919 922
f 1692 1057 1060
f 1782 1237 1240
f 1765 1201 1204
f 1714 1099 1102
f 1661 997 999
f 1653 979 981
f 1651 973 976
f 1657 985 988
f 1660 991 994
f 1675 1021 1024
f 1639 949 952
f 1696 1063 1066
f 1733 1135 1138
f 1751 1177 1179
f 1779 1231 1233
f 1683 1039 1041
f 1626 925 927
f 1721 1117 1119
f 1766 1207 1209
f 1689 1051 1053
f 1778 1225 1228
f 1760 1189 1192
f 1718 1105 1108
f 1629 931 933
f 1747 1165 1167
f 1665 1003 1005
f 1641 955 957
f 1704 1081 1083
f 1737 1147 1150
f 1750 1171 1174
f 1676 1027 1029
f 1644 961 963
f 1702 1075 1077
f 1726 1123 1126
f 1681 1033 1036
f 1620 913 915
f 1710 1093 1095
f 1755 1183 1185
f 1771 1213 1216
f 1740 1153 1155
f 1673 1015 1018
f 1647 967 970
f 1707 1087 1090
f 1734 1141 1143
f 1669 1009 1012
f 1635 943 945
f 1698 1069 1071
f 1729 1129 1131
f 1745 1159 1162
f 1687 1045 1047
f 1774 1219 1221
f 1762 1195 1197
f 1720 1111 1114
f 1632 937 940
f 2189 1280 1284
f 1883 1256 1260
f 1903 1292 1296
f 2281 1310 1314
f 2317 1328 1332
f 2173 1376 1380
f 2158 1538 1542
f 2012 1447 1451
f 2210 1573 1577
f 1924 1363 1367
f 2135 1484 1488
f 1973 1388 1392
f 1996 1435 1439
f 2227 1508 1512
f 2304 1526 1530
f 2176 1544 1548
f 2155 1466 1470
f 2014 1453 1457
f 2212 1579 1583
f 1922 1357 1361
f 1864 1268 1270
f 1810 1244 1246
f 1795 1249 1251
f 1831 1285 1287
f 1849 1303 1305
f 1887 1333 1335
f 2193 1550 1552
f 2321 1472 1474
f 2285 1598 1600
f 1907 1351 1353
f 2098 1478 1480
f 2044 1400 1402
f 1961 1405 1407
f 2067 1489 1491
f 2083 1501 1503
f 2139 1532 1534
f 1975 1411 1413
f 1997 1441 1443
f 2231 1591 1593
f 2298 1382 1384
f 2190 1322 1324
f 1884 1274 1276
f 1900 1262 1264
f 2278 1298 1300
f 2314 1316 1318
f 2170 1340 1342
f 2159 1561 1563
f 2015 1459 1461
f 2213 1585 1587
f 1918 1346 1348
f 2136 1520 1522
f 1977 1417 1419
f 1990 1394 1396
f 2224 1496 1498
f 2301 1514 1516
f 2177 1556 1558
f 2152 1424 1426
f 2008 1430 1432
f 2206 1567 1569
f 1925 1369 1371
f 1817 1279 1281
f 1797 1255 1257
f 1833 1291 1293
f 1851 1309 1311
f 1871 1327 1329
f 1941 1375 1377
f 2119 1537 1539
f 2029 1448 1450
f 2247 1574 1576
f 2262 1364 1366
f 2051 1483 1485
f 1954 1387 1389
f 2064 1436 1438
f 2085 1507 1509
f 2105 1525 1527
f 2121 1543 1545
f 2031 1465 1467
f 2244 1454 1456
f 2265 1580 1582
f 1939 1358 1360
f 1814 1267 1271
f 1793 1243 1247
f 1829 1250 1254
f 1847 1286 1290
f 1868 1304 1308
f 1937 1334 1338
f 2124 1549 1553
f 2034 1471 1475
f 2250 1597 1601
f 2261 1352 1356
f 2050 1477 1481
f 1960 1399 1403
f 2063 1406 1410
f 2081 1490 1494
f 2102 1502 1506
f 2117 1531 1535
f 2027 1412 1416
f 2243 1442 1446
f 2268 1592 1596
f 1944 1381 1385
f 1804 890 894
f 1785 884 887
f 1821 896 899
f 1839 902 905
f 1858 908 912
f 1929 938 941
f 2114 1046 1050
f 2024 1220 1224
f 2240 1196 1200
f 2253 1112 1115
f 2038 980 984
f 1951 974 977
f 2055 986 989
f 2073 992 995
f 2092 998 1002
f 2109 1016 1019
f 2019 968 971
f 2235 1088 1091
f 2258 1142 1146
f 1934 1154 1158
f 1861 1214 1217
f 1807 1034 1037
f 1790 914 918
f 1826 1094 1098
f 1844 1184 1188
f 1880 1040 1044
f 2186 1232 1236
f 2308 1208 1212
f 2272 1118 1122
f 1894 926 930
f 2095 1160 1163
f 2041 1010 1013
f 1948 944 948
f 2060 1070 1074
f 2078 1130 1134
f 2132 1166 1170
f 1970 1004 1008
f 1984 956 960
f 2218 1082 1086
f 2289 1148 1151
f 2181 1058 1061
f 1875 920 923
f 1897 1100 1103
f 2275 1202 1205
f 2311 1238 1241
f 2167 1172 1175
f 2146 1028 1032
f 2002 962 966
f 2200 1076 1080
f 1915 1124 1127
f 2127 1022 1025
f 1965 950 953
f 1987 1064 1067
f 2221 1136 1139
f 2294 1178 1182
f 2164 1052 1056
f 2149 1226 1229
f 2005 1190 1193
f 2203 1106 1109
f 1912 932 936
f 1870 1321 1325
f 1816 1273 1277
f 1800 1261 1265
f 1836 1297 1301
f 1854 1315 1319
f 1890 1339 1343
f 2196 1562 1566
f 2320 1460 1464
f 2284 1586 1590
f 1906 1345 1349
f 2104 1519 1523
f 2047 1418 1422
f 1958 1393 1397
f 2070 1495 1499
f 2088 1513 1517
f 2142 1555 1559
f 1980 1423 1427
f 1994 1429 1433
f 2230 1568 1572
f 2297 1370 1374
f 2329 894 892
f 2323 887 885
f 2326 899 897
f 2333 905 903
f 2336 912 910
f 2345 941 939
f 2409 1050 1048
f 2496 1224 1222
f 2485 1200 1198
f 2435 1115 1113
f 2374 984 982
f 2368 977 975
f 2371 989 987
f 2378 995 993
f 2381 1002 1000
f 2392 1019 1017
f 2360 971 969
f 2416 1091 1089
f 2456 1146 1144
f 2460 1158 1156
f 2488 1217 1215
f 2398 1037 1035
f 2340 918 916
f 2430 1098 1096
f 2475 1188 1186
f 2404 1044 1042
f 2501 1236 1234
f 2482 1212 1210
f 2440 1122 1120
f 2347 930 928
f 2464 1163 1161
f 2384 1013 1011
f 2355 948 946
f 2419 1074 1072
f 2451 1134 1132
f 2470 1170 1168
f 2385 1008 1006
f 2362 960 958
f 2423 1086 1084
f 2446 1151 1149
f 2401 1061 1059
f 2339 923 921
f 2429 1103 1101
f 2474 1205 1203
f 2491 1241 1239
f 2459 1175 1173
f 2395 1032 1030
f 2365 966 964
f 2424 1080 1078
f 2443 1127 1125
f 2390 1025 1023
f 2354 953 951
f 2413 1067 1065
f 2450 1139 1137
f 2467 1182 1180
f 2408 1056 1054
f 2495 1229 1227
f 2479 1193 1191
f 2437 1109 1107
f 2350 936 934
f 2511 1325 1326
f 2505 1277 1278
f 2507 1265 1266
f 2513 1301 1302
f 2516 1319 1320
f 2519 1343 1344
f 2556 1566 1565
f 2540 1464 1463
f 2561 1590 1589
f 2521 1349 1350
f 2544 1523 1524
f 2529 1422 1421
f 2530 1397 1398
f 2546 1499 1500
f 2549 1517 1518
f 2553 1559 1560
f 2534 1427 1428
f 2536 1433 1434
f 2557 1572 1571
f 2525 1374 1373
f 1609 892 889
f 1605 885 883
f 1611 897 895
f 1614 903 901
f 1617 910 907
f 1631 939 937
f 1688 1048 1045
f 1775 1222 1219
f 1763 1198 1195
f 1719 1113 1111
f 1654 982 979
f 1650 975 973
f 1656 987 985
f 1659 993 991
f 1662 1000 997
f 1672 1017 1015
f 1646 969 967
f 1706 1089 1087
f 1735 1144 1141
f 1741 1156 1153
f 1770 1215 1213
f 1680 1035 1033
f 1621 916 913
f 1711 1096 1093
f 1756 1186 1183
f 1684 1042 1039
f 1780 1234 1231
f 1767 1210 1207
f 1722 1120 1117
f 1627 928 925
f 1744 1161 1159
f 1668 1011 1009
f 1636 946 943
f 1699 1072 1069
f 1730 1132 1129
f 1748 1168 1165
f 1666 1006 1003
f 1642 958 955
f 1705 1084 1081
f 1736 1149 1147
f 1691 1059 1057
f 1623 921 919
f 1713 1101 1099
f 1764 1203 1201
f 1781 1239 1237
f 1749 1173 1171
f 1677 1030 1027
f 1645 964 961
f 1703 1078 1075
f 1725 1125 1123
f 1674 1023 1021
f 1638 951 949
f 1695 1065 1063
f 1732 1137 1135
f 1752 1180 1177
f 1690 1054 1051
f 1777 1227 1225
f 1759 1191 1189
f 1717 1107 1105
f 1630 934 931
f 2191 1326 1322
f 1885 1278 1274
f 1901 1266 1262
f 2279 1302 1298
f 2315 1320 1316
f 2171 1344 1340
f 2160 1565 1561
f 2016 1463 1459
f 2214 1589 1585
f 1919 1350 1346
f 2137 1524 1520
f 1978 1421 1417
f 1991 1398 1394
f 2225 1500 1496
f 2302 1518 1514
f 2178 1560 1556
f 2153 1428 1424
f 2009 1434 1430
f 2207 1571 1567
f 1926 1373 1369
f 1857 911 908
f 1803 893 890
f 1786 888 884
f 1822 900 896
f 1840 906 902
f 1876 924 920
f 2182 1062 1058
f 2312 1242 1238
f 2276 1206 1202
f 1898 1104 1100
f 2091 1001 998
f 2037 983 980
f 1952 978 974
f 2056 990 986
f 2074 996 992
f 2128 1026 1022
f 1966 954 950
f 1988 1068 1064
f 2222 1140 1136
f 2293 1181 1178
f 2185 1235 1232
f 1879 1043 1040
f 1893 929 926
f 2271 1121 1118
f 2307 1211 1208
f 2163 1055 1052
f 2150 1230 1226
f 2006 1194 1190
f 2204 1110 1106
f 1911 935 932
f 2131 1169 1166
f 1969 1007 1004
f 1983 959 956
f 2217 1085 1082
f 2290 1152 1148
f 2168 1176 1172
f 2145 1031 1028
f 2001 965 962
f 2199 1079 1076
f 1916 1128 1124
f 1808 1038 1034
f 1789 917 914
f 1825 1097 1094
f 1843 1187 1184
f 1862 1218 1214
f 1933 1157 1154
f 2110 1020 1016
f 2020 972 968
f 2236 1092 1088
f 2257 1145 1142
f 2042 1014 1010
f 1947 947 944
f 2059 1073 1070
f 2077 1133 1130
f 2096 1164 1160
f 2113 1049 1046
f 2023 1223 1220
f 2239 1199 1196
f 2254 1116 1112
f 1930 942 938
f 1818 1283 1279
f 1798 1259 1255
f 1834 1295 1291
f 1852 1313 1309
f 1872 1331 1327
f 1942 1379 1375
f 2120 1541 1537
f 2030 1452 1448
f 2248 1578 1574
f 2263 1368 1364
f 2052 1487 1483
f 1955 1391 1387
f 2065 1440 1436
f 2086 1511 1507
f 2106 1529 1525
f 2122 1547 1543
f 2032 1469 1465
f 2245 1458 1454
f 2266 1584 1580
f 1940 1362 1358
f 1813 1269 1267
f 1792 1245 1243
f 1828 1252 1250
f 1846 1288 1286
f 1867 1306 1304
f 1936 1336 1334
f 2123 1551 1549
f 2033 1473 1471
f 2249 1599 1597
f 2260 1354 1352
f 2049 1479 1477
f 1959 1401 1399
f 2062 1408 1406
f 2080 1492 1490
f 2101 1504 1502
f 2116 1533 1531
f 2026 1414 1412
f 2242 1444 1442
f 2267 1594 1592
f 1943 1383 1381
f 1869 1323 1321
f 1815 1275 1273
f 1799 1263 1261
f 1835 1299 1297
f 1853 1317 1315
f 1889 1341 1339
f 2195 1564 1562
f 2319 1462 1460
f 2283 1588 1586
f 1905 1347 1345
f 2103 1521 1519
f 2046 1420 1418
f 1957 1395 1393
f 2069 1497 1495
f 2087 1515 1513
f 2141 1557 1555
f 1979 1425 1423
f 1993 1431 1429
f 2229 1570 1568
f 2296 1372 1370
f 2188 1282 1280
f 1882 1258 1256
f 1902 1294 1292
f 2280 1312 1310
f 2316 1330 1328
f 2172 1378 1376
f 2157 1540 1538
f 2011 1449 1447
f 2209 1575 1573
f 1923 1365 1363
f 2134 1486 1484
f 1972 1390 1388
f 1995 1437 1435
f 2226 1510 1508
f 2303 1528 1526
f 2175 1546 1544
f 2154 1468 1466
f 2013 1455 1453
f 2211 1581 1579
f 1921 1359 1357
f 1865 1272 1268
f 1811 1248 1244
f 1796 1253 1249
f 1832 1289 1285
f 1850 1307 1303
f 1888 1337 1333
f 2194 1554 1550
f 2322 1476 1472
f 2286 1602 1598
f 1908 1355 1351
f 2099 1482 1478
f 2045 1404 1400
f 1962 1409 1405
f 2068 1493 1489
f 2084 1505 1501
f 2140 1536 1532
f 1976 1415 1411
f 1998 1445 1441
f 2232 1595 1591
f 2299 1386 1382
f 2330 909 911
f 2324 891 893
f 2325 886 888
f 2332 898 900
f 2335 904 906
f 2344 922 924
f 2410 1060 1062
f 2497 1240 1242
f 2486 1204 1206
f 2434 1102 1104
f 2375 999 1001
f 2369 981 983
f 2370 976 978
f 2377 988 990
f 2380 994 996
f 2393 1024 1026
f 2359 952 954
f 2415 1066 1068
f 2455 1138 1140
f 2461 1179 1181
f 2489 1233 1235
f 2399 1041 1043
f 2341 927 929
f 2431 1119 1121
f 2476 1209 1211
f 2405 1053 1055
f 2500 1228 1230
f 2481 1192 1194
f 2439 1108 1110
f 2348 933 935
f 2465 1167 1169
f 2383 1005 1007
f 2356 957 959
f 2420 1083 1085
f 2452 1150 1152
f 2471 1174 1176
f 2386 1029 1031
f 2363 963 965
f 2422 1077 1079
f 2445 1126 1128
f 2400 1036 1038
f 2338 915 917
f 2428 1095 1097
f 2473 1185 1187
f 2490 1216 1218
f 2458 1155 1157
f 2394 1018 1020
f 2366 970 972
f 2425 1090 1092
f 2444 1143 1145
f 2389 1012 1014
f 2353 945 947
f 2414 1071 1073
f 2449 1131 1133
f 2466 1162 1164
f 2407 1047 1049
f 2494 1221 1223
f 2480 1197 1199
f 2438 1114 1116
f 2351 940 942
f 2510 1284 1283
f 2504 1260 1259
f 2508 1296 1295
f 2514 1314 1313
f 2517 1332 1331
f 2520 1380 1379
f 2554 1542 1541
f 2539 1451 1452
f 2560 1577 1578
f 2523 1367 1368
f 2543 1488 1487
f 2527 1392 1391
f 2532 1439 1440
f 2547 1512 1511
f 2550 1530 1529
f 2552 1548 1547
f 2535 1470 1469
f 2538 1457 1458
f 2558 1583 1584
f 2524 1361 1362
f 1607 1616 1609
f 1603 1608 1605
f 1604 1606 1611
f 1610 1612 1614
f 1613 1615 1617
f 1622 1624 1631
f 1686 1692 1688
f 1773 1782 1775
f 1761 1765 1763
f 1712 1714 1719
f 1652 1661 1654
f 1648 1653 1650
f 1649 1651 1656
f 1655 1657 1659
f 1658 1660 1662
f 1670 1675 1672
f 1637 1639 1646
f 1694 1696 1706
f 1731 1733 1735
f 1739 1751 1741
f 1768 1779 1770
f 1678 1683 1680
f 1619 1626 1621
f 1709 1721 1711
f 1754 1766 1756
f 1682 1689 1684
f 1776 1778 1780
f 1758 1760 1767
f 1716 1718 1722
f 1625 1629 1627
f 1742 1747 1744
f 1663 1665 1668
f 1634 1641 1636
f 1697 1704 1699
f 1728 1737 1730
f 1746 1750 1748
f 1664 1676 1666
f 1640 1644 1642
f 1700 1702 1705
f 1724 1726 1736
f 1679 1681 1691
f 1618 1620 1623
f 1708 1710 1713
f 1753 1755 1764
f 1769 1771 1781
f 1738 1740 1749
f 1671 1673 1677
f 1643 1647 1645
f 1701 1707 1703
f 1723 1734 1725
f 1667 1669 1674
f 1633 1635 1638
f 1693 1698 1695
f 1727 1729 1732
f 1743 1745 1752
f 1685 1687 1690
f 1772 1774 1777
f 1757 1762 1759
f 1715 1720 1717
f 1628 1632 1630
f 2187 2189 2191
f 1881 1883 1885
f 1899 1903 1901
f 2277 2281 2279
f 2313 2317 2315
f 2169 2173 2171
f 2156 2158 2160
f 2010 2012 2016
f 2208 2210 2214
f 1917 1924 1919
f 2133 2135 2137
f 1971 1973 1978
f 1989 1996 1991
f 2223 2227 2225
f 2300 2304 2302
f 2174 2176 2178
f 2151 2155 2153
f 2007 2014 2009
f 2205 2212 2207
f 1920 1922 1926
f 1855 1864 1857
f 1801 1810 1803
f 1784 1795 1786
f 1820 1831 1822
f 1838 1849 1840
f 1874 1887 1876
f 2180 2193 2182
f 2310 2321 2312
f 2274 2285 2276
f 1896 1907 1898
f 2089 2098 2091
f 2035 2044 2037
f 1950 1961 1952
f 2054 2067 2056
f 2072 2083 2074
f 2126 2139 2128
f 1964 1975 1966
f 1986 1997 1988
f 2220 2231 2222
f 2291 2298 2293
f 2183 2190 2185
f 1877 1884 1879
f 1891 1900 1893
f 2269 2278 2271
f 2305 2314 2307
f 2161 2170 2163
f 2148 2159 2150
f 2004 2015 2006
f 2202 2213 2204
f 1909 1918 1911
f 2129 2136 2131
f 1967 1977 1969
f 1981 1990 1983
f 2215 2224 2217
f 2288 2301 2290
f 2166 2177 2168
f 2143 2152 2145
f 1999 2008 2001
f 2197 2206 2199
f 1914 1925 1916
f 1806 1817 1808
f 1787 1797 1789
f 1823 1833 1825
f 1841 1851 1843
f 1860 1871 1862
f 1931 1941 1933
f 2108 2119 2110
f 2018 2029 2020
f 2234 2247 2236
f 2255 2262 2257
f 2040 2051 2042
f 1945 1954 1947
f 2057 2064 2059
f 2075 2085 2077
f 2094 2105 2096
f 2111 2121 2113
f 2021 2031 2023
f 2237 2244 2239
f 2252 2265 2254
f 1928 1939 1930
f 1812 1814 1818
f 1791 1793 1798
f 1827 1829 1834
f 1845 1847 1852
f 1866 1868 1872
f 1935 1937 1942
f 2118 2124 2120
f 2028 2034 2030
f 2246 2250 2248
f 2259 2261 2263
f 2048 2050 2052
f 1953 1960 1955
f 2061 2063 2065
f 2079 2081 2086
f 2100 2102 2106
f 2115 2117 2122
f 2025 2027 2032
f 2241 2243 2245
f 2264 2268 2266
f 1938 1944 1940
f 1802 1804 1813
f 1783 1785 1792
f 1819 1821 1828
f 1837 1839 1846
f 1856 1858 1867
f 1927 1929 1936
f 2112 2114 2123
f 2022 2024 2033
f 2238 2240 2249
f 2251 2253 2260
f 2036 2038 2049
f 1949 1951 1959
f 2053 2055 2062
f 2071 2073 2080
f 2090 2092 2101
f 2107 2109 2116
f 2017 2019 2026
f 2233 2235 2242
f 2256 2258 2267
f 1932 1934 1943
f 1859 1861 1869
f 1805 1807 1815
f 1788 1790 1799
f 1824 1826 1835
f 1842 1844 1853
f 1878 1880 1889
f 2184 2186 2195
f 2306 2308 2319
f 2270 2272 2283
f 1892 1894 1905
f 2093 2095 2103
f 2039 2041 2046
f 1946 1948 1957
f 2058 2060 2069
f 2076 2078 2087
f 2130 2132 2141
f 1968 1970 1979
f 1982 1984 1993
f 2216 2218 2229
f 2287 2289 2296
f 2179 2181 2188
f 1873 1875 1882
f 1895 1897 1902
f 2273 2275 2280
f 2309 2311 2316
f 2165 2167 2172
f 2144 2146 2157
f 2000 2002 2011
f 2198 2200 2209
f 1913 1915 1923
f 2125 2127 2134
f 1963 1965 1972
f 1985 1987 1995
f 2219 2221 2226
f 2292 2294 2303
f 2162 2164 2175
f 2147 2149 2154
f 2003 2005 2013
f 2201 2203 2211
f 1910 1912 1921
f 1863 1870 1865
f 1809 1816 1811
f 1794 1800 1796
f 1830 1836 1832
f 1848 1854 1850
f 1886 1890 1888
f 2192 2196 2194
f 2318 2320 2322
f 2282 2284 2286
f 1904 1906 1908
f 2097 2104 2099
f 2043 2047 2045
f 1956 1958 1962
f 2066 2070 2068
f 2082 2088 2084
f 2138 2142 2140
f 1974 1980 1976
f 1992 1994 1998
f 2228 2230 2232
f 2295 2297 2299
f 2331 2329 2330
f 2327 2323 2324
f 2328 2326 2325
f 2334 2333 2332
f 2337 2336 2335
f 2346 2345 2344
f 2412 2409 2410
f 2499 2496 2497
f 2487 2485 2486
f 2436 2435 2434
f 2376 2374 2375
f 2372 2368 2369
f 2373 2371 2370
f 2379 2378 2377
f 2382 2381 2380
f 2396 2392 2393
f 2361 2360 2359
f 2418 2416 2415
f 2457 2456 2455
f 2463 2460 2461
f 2492 2488 2489
f 2402 2398 2399
f 2343 2340 2341
f 2433 2430 2431
f 2478 2475 2476
f 2406 2404 2405
f 2502 2501 2500
f 2484 2482 2481
f 2442 2440 2439
f 2349 2347 2348
f 2468 2464 2465
f 2387 2384 2383
f 2358 2355 2356
f 2421 2419 2420
f 2454 2451 2452
f 2472 2470 2471
f 2388 2385 2386
f 2364 2362 2363
f 2426 2423 2422
f 2448 2446 2445
f 2403 2401 2400
f 2342 2339 2338
f 2432 2429 2428
f 2477 2474 2473
f 2493 2491 2490
f 2462 2459 2458
f 2397 2395 2394
f 2367 2365 2366
f 2427 2424 2425
f 2447 2443 2444
f 2391 2390 2389
f 2357 2354 2353
f 2417 2413 2414
f 2453 2450 2449
f 2469 2467 2466
f 2411 2408 2407
f 2498 2495 2494
f 2483 2479 2480
f 2441 2437 2438
f 2352 2350 2351
f 2509 2511 2510
f 2503 2505 2504
f 2506 2507 2508
f 2512 2513 2514
f 2515 2516 2517
f 2518 2519 2520
f 2555 2556 2554
f 2541 2540 2539
f 2562 2561 2560
f 2522 2521 2523
f 2542 2544 2543
f 2528 2529 2527
f 2531 2530 2532
f 2545 2546 2547
f 2548 2549 2550
f 2551 2553 2552
f 2533 2534 2535
f 2537 2536 2538
f 2559 2557 2558
f 2526 2525 2524