v -0.218072 0.263724 -0.194666
v 0.211895 0.272372 -0.180927
v -0.378137 -0.650646 -0.007395
v 0.374773 -0.648248 0.002960
v -0.008431 -0.524129 0.843463
v -0.000670 0.140394 0.476169
v 0.005219 -0.268072 -0.466547
v 0.002021 0.541501 -0.829173
v 0.343272 0.061707 -0.293615
v 0.385615 -0.058726 0.313922
v -0.339378 0.053652 -0.283321
v -0.385599 -0.058641 0.321542
v 0.006219 0.401387 -0.161437
v -0.164533 0.195460 0.184371
v -0.240079 0.784964 -0.543429
v -0.300701 0.207420 -0.272437
v -0.336269 0.064296 0.122613
v 0.173588 0.200750 0.178062
v 0.251100 0.829850 -0.566027
v 0.313827 0.206743 -0.271683
v 0.330233 0.068519 0.107419
v -0.006642 -0.697260 0.005735
v -0.225337 -0.697082 0.468554
v -0.182360 -0.563766 -0.359215
v -0.419864 -0.231705 -0.153545
v -0.409612 -0.290017 0.233413
v 0.246225 -0.904780 0.516082
v 0.184236 -0.555857 -0.359599
v 0.418824 -0.223093 -0.158196
v 0.403712 -0.296556 0.252962
v -0.002565 0.018088 0.826731
v 0.384180 -0.234813 0.671360
v -0.377873 -0.252196 0.665348
v 0.266803 0.054352 0.474052
v -0.267652 0.053359 0.482525
v -0.003397 0.088574 -0.684400
v 0.205732 -0.055422 -0.399371
v -0.206076 -0.062778 -0.402918
v 0.384934 0.284983 -0.935863
v -0.397806 0.216801 -0.872066
v 0.382671 -0.021865 0.003997
v -0.380198 -0.021240 0.017307
v -0.147157 0.347937 -0.181238
v -0.195204 0.215914 -0.021229
v -0.265133 0.508918 -0.362523
v -0.266245 0.256451 -0.244010
v -0.277485 0.161972 -0.038050
v 0.148845 0.350240 -0.182666
v 0.196731 0.220904 -0.024674
v 0.227183 0.487710 -0.329934
v 0.258025 0.259821 -0.236668
v 0.268339 0.170604 -0.044218
v -0.218198 -0.752673 0.001365
v -0.284581 -0.613621 0.195630
v -0.400431 -0.839196 -0.303861
v -0.445134 -0.475285 -0.105037
v -0.389104 -0.463537 0.117089
v 0.214586 -0.747800 0.003933
v 0.273150 -0.631174 0.245470
v 0.391402 -0.837347 -0.312156
v 0.444941 -0.467762 -0.107293
v 0.383646 -0.470808 0.141431
v -0.141457 -0.853647 0.807085
v 0.128779 -0.750317 0.810792
v -0.003495 -0.277272 0.925695
v 0.234875 -0.423639 0.845836
v -0.254794 -0.450994 0.842638
v -0.075532 0.150624 0.343959
v 0.076569 0.154517 0.341768
v -0.000794 0.125844 0.636534
v 0.135047 0.124610 0.503547
v -0.132051 0.118976 0.506270
v -0.067432 -0.391971 -0.418913
v 0.074925 -0.393749 -0.418911
v 0.000870 -0.066010 -0.503531
v 0.101500 -0.185171 -0.460793
v -0.095268 -0.186573 -0.461314
v -0.147380 0.741374 -0.748059
v 0.160792 0.739272 -0.746174
v -0.004188 0.299890 -0.822917
v 0.179923 0.450522 -0.851436
v -0.179039 0.443932 -0.854367
v 0.346214 0.131809 -0.305733
v 0.350436 -0.040998 -0.200840
v 0.299793 0.028163 -0.353986
v 0.348811 0.124826 -0.506468
v 0.364439 0.023755 -0.155933
v 0.360116 0.003668 0.226341
v 0.408505 -0.140963 0.303424
v 0.385921 -0.122689 0.462112
v 0.348027 -0.016040 0.396719
v 0.389653 -0.047668 0.172236
v -0.342390 0.128151 -0.293343
v -0.355841 -0.053378 -0.200769
v -0.302521 0.014214 -0.350001
v -0.344161 0.120295 -0.479335
v -0.358658 0.021082 -0.144726
v -0.358797 0.001745 0.238731
v -0.411137 -0.139022 0.301463
v -0.388601 -0.125325 0.460972
v -0.350363 -0.016646 0.406941
v -0.389375 -0.045589 0.184283
v -0.072111 0.256600 -0.020237
v -0.109907 0.655918 -0.296931
v 0.081556 0.253689 -0.023155
v 0.116300 0.662325 -0.301656
v -0.270215 0.126640 0.161988
v 0.002172 0.210790 0.175751
v -0.216672 0.115521 0.339795
v -0.361095 0.575970 -0.451703
v 0.013560 0.847585 -0.531705
v -0.313800 0.537212 -0.685746
v -0.330509 0.105568 -0.070417
v -0.349879 0.295900 -0.500207
v -0.352019 0.076482 -0.111930
v -0.319000 0.054694 0.306210
v -0.359166 0.025721 0.067498
v 0.263209 0.133223 0.148901
v 0.215529 0.118556 0.332230
v 0.336948 0.513292 -0.421637
v 0.317801 0.571636 -0.661008
v 0.323500 0.115232 -0.082686
v 0.344612 0.309977 -0.503609
v 0.352833 0.073962 -0.124050
v 0.314125 0.055527 0.292456
v 0.360762 0.027482 0.052481
v -0.119690 -0.704055 0.252897
v -0.101614 -0.729074 -0.232234
v 0.094142 -0.700221 0.282058
v 0.100040 -0.718172 -0.231246
v -0.353448 -0.489402 0.354531
v -0.000634 -0.704615 0.532776
v -0.418461 -0.602000 0.625461
v -0.386694 -0.414734 -0.323235
v 0.001425 -0.557786 -0.341211
v -0.222630 -0.301980 -0.402271
v -0.435745 -0.267190 0.035389
v -0.329944 -0.164344 -0.306448
v -0.402193 -0.099037 -0.043935
v -0.398202 -0.303790 0.444607
v -0.414321 -0.127064 0.127125
v 0.354138 -0.516307 0.418855
v 0.417306 -0.593889 0.715760
v 0.378766 -0.406356 -0.327432
v 0.220121 -0.295529 -0.393898
v 0.434174 -0.264581 0.034761
v 0.330426 -0.151796 -0.307209
v 0.405255 -0.093322 -0.053861
v 0.396249 -0.306695 0.476141
v 0.411605 -0.130643 0.120753
v 0.246427 -0.101075 0.817717
v -0.248046 -0.122539 0.825435
v 0.187367 0.061911 0.672525
v -0.186753 0.059040 0.678070
v 0.323576 -0.043283 0.593167
v -0.324306 -0.050760 0.601162
v 0.104253 0.014434 -0.554991
v -0.103923 0.011632 -0.551509
v 0.137656 0.161136 -0.800377
v -0.148912 0.145375 -0.806933
v 0.234552 0.011277 -0.639962
v -0.252227 0.019296 -0.623321
v -0.190193 0.302262 -0.197899
v -0.206156 0.233151 -0.119238
v -0.228818 0.353240 -0.266609
v -0.245731 0.265333 -0.224222
v -0.244067 0.215662 -0.125159
v 0.185433 0.306541 -0.190352
v 0.204601 0.241568 -0.115801
v 0.211608 0.354097 -0.244254
v 0.231787 0.271005 -0.207863
v 0.236235 0.224106 -0.121124
v -0.323621 -0.726802 -0.003614
v -0.329877 -0.622678 0.078546
v -0.428871 -0.754437 -0.099549
v -0.418537 -0.591319 -0.059157
v -0.380774 -0.557598 0.048703
v 0.321246 -0.722775 0.000032
v 0.323028 -0.627122 0.103133
v 0.428967 -0.749233 -0.100738
v 0.416930 -0.585919 -0.053533
v 0.376429 -0.560468 0.068438
v -0.081272 -0.624457 0.813532
v 0.047834 -0.599210 0.817012
v -0.005801 -0.417974 0.878576
v 0.100485 -0.487257 0.856627
v -0.116512 -0.503709 0.852198
v -0.034702 0.142416 0.417941
v 0.033829 0.143075 0.417890
v -0.000800 0.139415 0.548989
v 0.059075 0.138309 0.492635
v -0.058722 0.135392 0.494546
v -0.023748 -0.332987 -0.451142
v 0.034258 -0.334298 -0.450478
v 0.003132 -0.178354 -0.480082
v 0.048245 -0.235666 -0.467926
v -0.039567 -0.237990 -0.469559
v -0.055577 0.627738 -0.801953
v 0.072206 0.629910 -0.807522
v -0.001752 0.432362 -0.834013
v 0.092235 0.504728 -0.832848
v -0.086991 0.504854 -0.835583
v 0.347908 0.091815 -0.304095
v 0.342653 0.024236 -0.241359
v 0.330171 0.048998 -0.324021
v 0.339944 0.091965 -0.375346
v 0.352847 0.046569 -0.230698
v 0.374420 -0.029014 0.275717
v 0.398496 -0.089957 0.311711
v 0.387141 -0.083512 0.377095
v 0.371614 -0.041632 0.351992
v 0.388738 -0.054403 0.251429
v -0.344399 0.086755 -0.290958
v -0.341572 0.012047 -0.238586
v -0.327684 0.037794 -0.316102
v -0.336824 0.084256 -0.360168
v -0.347164 0.040994 -0.219704
v -0.373687 -0.029612 0.286648
v -0.399539 -0.089716 0.316142
v -0.387612 -0.084550 0.380957
v -0.371843 -0.042422 0.360086
v -0.389889 -0.052973 0.261411
v -0.078002 0.384717 -0.165018
v 0.090746 0.387638 -0.166813
v -0.028723 0.278761 -0.128389
v -0.051830 0.544403 -0.184548
v 0.043339 0.279435 -0.128148
v 0.056087 0.541264 -0.204380
v -0.186144 0.207113 0.084260
v -0.120720 0.173554 0.266635
v -0.128568 0.243367 0.092242
v -0.220595 0.160410 0.173244
v -0.084769 0.208539 0.180834
v -0.188251 0.148435 0.261280
v -0.297513 0.698338 -0.448552
v -0.225197 0.812528 -0.636219
v -0.189389 0.761546 -0.418041
v -0.463872 0.758079 -0.534598
v -0.169731 0.997846 -0.514294
v -0.300203 0.683063 -0.624919
v -0.279146 0.241412 -0.256329
v -0.324662 0.170809 -0.287443
v -0.297270 0.359341 -0.360290
v -0.313432 0.153694 -0.171257
v -0.320372 0.270158 -0.380644
v -0.330793 0.132964 -0.189117
v -0.314115 0.105759 0.048927
v -0.346472 0.033438 0.183927
v -0.315530 0.090614 0.149649
v -0.338661 0.076121 0.028239
v -0.330913 0.057584 0.215615
v -0.348142 0.044180 0.094058
v 0.193371 0.212393 0.078649
v 0.121018 0.175769 0.260311
v 0.133838 0.238744 0.085717
v 0.088874 0.210142 0.176505
v 0.221733 0.168292 0.164440
v 0.189761 0.154134 0.255047
v 0.254999 0.663479 -0.441364
v 0.207094 0.801981 -0.640356
v 0.207575 0.812071 -0.442400
v 0.133516 0.971102 -0.547282
v 0.413466 0.731716 -0.504328
v 0.287606 0.733459 -0.570467
v 0.289988 0.237319 -0.256384
v 0.333512 0.173232 -0.293545
v 0.301212 0.323100 -0.335838
v 0.316914 0.156204 -0.177100
v 0.320437 0.270525 -0.372925
v 0.335341 0.131677 -0.196386
v 0.302652 0.115059 0.034345
v 0.345575 0.035794 0.169558
v 0.303775 0.096771 0.132605
v 0.330314 0.084235 0.012840
v 0.325095 0.060537 0.200259
v 0.346216 0.047723 0.078981
v -0.110410 -0.716551 0.003033
v 0.101727 -0.714151 0.001213
v -0.061096 -0.700251 0.129963
v -0.056860 -0.688580 -0.115094
v 0.043895 -0.699818 0.136078
v 0.052023 -0.692626 -0.115409
v -0.248911 -0.631271 0.332919
v -0.227783 -0.944191 0.571415
v -0.170448 -0.689066 0.370866
v -0.299111 -0.595535 0.420897
v -0.130840 -0.737644 0.502114
v -0.336213 -0.716502 0.558483
v -0.265272 -0.705599 -0.360896
v -0.119910 -0.465451 -0.384526
v -0.150191 -0.684212 -0.315677
v -0.287807 -0.514660 -0.360991
v -0.087557 -0.564842 -0.346308
v -0.207384 -0.427903 -0.382559
v -0.448571 -0.345822 -0.132509
v -0.386868 -0.135230 -0.174548
v -0.418559 -0.317317 -0.230919
v -0.447667 -0.246755 -0.057741
v -0.387757 -0.198613 -0.236059
v -0.414087 -0.158404 -0.091844
v -0.399766 -0.375800 0.180586
v -0.413168 -0.209573 0.273629
v -0.389294 -0.386074 0.292354
v -0.419131 -0.281531 0.131816
v -0.405910 -0.297752 0.338599
v -0.417261 -0.203345 0.178863
v 0.228021 -0.663865 0.434279
v 0.162777 -0.991506 0.724175
v 0.141427 -0.708106 0.456374
v 0.109889 -0.776155 0.582979
v 0.312257 -0.676819 0.502092
v 0.293178 -0.762948 0.640487
v 0.257910 -0.700364 -0.360435
v 0.123787 -0.462270 -0.383744
v 0.144483 -0.679552 -0.318335
v 0.090791 -0.561141 -0.346568
v 0.284551 -0.506682 -0.359412
v 0.209150 -0.421948 -0.380722
v 0.445037 -0.338628 -0.139386
v 0.381442 -0.125818 -0.176674
v 0.409424 -0.310019 -0.236239
v 0.445949 -0.243129 -0.067668
v 0.381108 -0.188981 -0.237279
v 0.412478 -0.150494 -0.097927
v 0.394372 -0.383080 0.204560
v 0.408628 -0.214150 0.284293
v 0.383766 -0.399159 0.330431
v 0.415720 -0.283157 0.141411
v 0.398558 -0.305670 0.366651
v 0.414499 -0.205308 0.183171
v -0.003877 -0.114407 0.916525
v -0.000706 0.089837 0.731895
v 0.126054 -0.039140 0.841137
v -0.132506 -0.049201 0.849357
v 0.109928 0.051251 0.760099
v -0.113040 0.047387 0.764676
v 0.331169 -0.330331 0.773104
v 0.384632 -0.173065 0.561094
v 0.382081 -0.394904 0.691860
v 0.392274 -0.286857 0.578414
v 0.328262 -0.172863 0.750393
v 0.358569 -0.121921 0.638986
v -0.337258 -0.348359 0.772777
v -0.389643 -0.178412 0.557043
v -0.386360 -0.400856 0.663383
v -0.392878 -0.291671 0.555040
v -0.332030 -0.192012 0.760404
v -0.362297 -0.131316 0.646559
v 0.204140 0.091841 0.494907
v 0.313770 0.016870 0.439116
v 0.242824 0.087706 0.406765
v 0.295691 0.054295 0.383219
v 0.232040 0.057286 0.570476
v 0.291683 0.012326 0.536126
v -0.204445 0.090450 0.502145
v -0.316329 0.015975 0.449664
v -0.243711 0.086880 0.414567
v -0.297722 0.053722 0.393954
v -0.232184 0.054939 0.577748
v -0.293484 0.009488 0.545366
v -0.000909 0.023686 -0.571699
v -0.005080 0.168663 -0.791315
v 0.054622 0.052560 -0.625062
v -0.058968 0.049720 -0.623604
v 0.062969 0.124877 -0.741857
v -0.071468 0.121816 -0.737046
v 0.153379 -0.118599 -0.432784
v 0.259388 -0.009684 -0.380496
v 0.215651 -0.173627 -0.395571
v 0.264147 -0.108541 -0.353047
v 0.150868 -0.015282 -0.468079
v 0.214921 0.002557 -0.487307
v -0.151546 -0.122353 -0.435037
v -0.257302 -0.014260 -0.370931
v -0.220286 -0.179797 -0.403790
v -0.268309 -0.116463 -0.355183
v -0.146439 -0.018371 -0.463443
v -0.212378 0.006471 -0.473926
v 0.242685 0.372626 -0.902733
v 0.405387 0.163155 -0.695019
v 0.329875 0.424767 -0.770891
v 0.374501 0.306884 -0.676851
v 0.234828 0.194776 -0.898190
v 0.299766 0.047586 -0.845391
v -0.277060 0.355565 -0.923801
v -0.370942 0.157483 -0.643408
v -0.349289 0.396937 -0.763083
v -0.372160 0.281067 -0.646972
v -0.238283 0.160626 -0.916478
v -0.325590 0.061585 -0.798356
v 0.374682 -0.000704 -0.078087
v 0.387158 -0.037568 0.088424
v 0.367561 0.025439 -0.057629
v 0.372886 0.004901 0.027890
v 0.392754 -0.054687 -0.022242
v 0.398440 -0.072358 0.062086
v -0.370923 -0.001904 -0.065665
v -0.385574 -0.036758 0.101979
v -0.364983 0.026416 -0.043778
v -0.369910 0.005360 0.042279
v -0.390666 -0.056024 -0.010207
v -0.398686 -0.070450 0.073733
v -0.157709 0.251550 -0.122394
v -0.197358 0.433426 -0.257227
v -0.098025 0.267512 -0.126160
v -0.149939 0.503820 -0.205341
v -0.239904 0.187886 -0.026931
v -0.140330 0.240995 -0.018493
v -0.233536 0.172277 0.073439
v -0.284413 0.392739 -0.318934
v -0.200350 0.592318 -0.332578
v -0.421777 0.580711 -0.431018
v -0.274097 0.199570 -0.139004
v -0.262448 0.419674 -0.347729
v -0.296455 0.172286 -0.153546
v -0.276892 0.139610 0.062655
v -0.307216 0.132918 -0.052852
v 0.164416 0.256596 -0.122134
v 0.184235 0.431430 -0.249815
v 0.111924 0.269565 -0.125750
v 0.143866 0.502048 -0.220299
v 0.234762 0.195955 -0.031120
v 0.147529 0.242075 -0.022197
v 0.231399 0.179388 0.065233
v 0.241871 0.370158 -0.299313
v 0.189130 0.592061 -0.329910
v 0.287252 0.519105 -0.411137
v 0.265494 0.206019 -0.138945
v 0.276675 0.359813 -0.338547
v 0.292820 0.182150 -0.159125
v 0.268475 0.147292 0.051851
v 0.299574 0.142217 -0.062305
v -0.254844 -0.660788 0.092103
v -0.322560 -0.931218 -0.073926
v -0.163953 -0.689054 0.112242
v -0.144016 -0.829461 -0.110957
v -0.345168 -0.546370 0.159060
v -0.210408 -0.670690 0.227554
v -0.315714 -0.556429 0.283427
v -0.448673 -0.630441 -0.196128
v -0.204341 -0.906254 -0.314239
v -0.398101 -0.604453 -0.332847
v -0.418358 -0.468812 0.008241
v -0.450755 -0.461462 -0.224951
v -0.445502 -0.358222 -0.027210
v -0.366109 -0.468603 0.231314
v -0.419590 -0.368278 0.074520
v 0.245106 -0.665952 0.115419
v 0.323278 -0.942682 -0.086539
v 0.148824 -0.694414 0.130710
v 0.133261 -0.825563 -0.113602
v 0.337619 -0.559198 0.196984
v 0.200586 -0.698163 0.279725
v 0.308616 -0.586196 0.347718
v 0.455268 -0.620508 -0.201567
v 0.201547 -0.920899 -0.304942
v 0.385829 -0.602066 -0.338337
v 0.414395 -0.468296 0.017747
v 0.434869 -0.451963 -0.228541
v 0.440178 -0.356151 -0.028986
v 0.360489 -0.485283 0.273587
v 0.415382 -0.369941 0.085716
v -0.049894 -0.634965 0.722560
v -0.250848 -0.673077 0.857375
v -0.080116 -0.758734 0.624890
v -0.288908 -0.828710 0.735656
v 0.196125 -0.609580 0.842559
v 0.073893 -0.716552 0.671547
v 0.289637 -0.801991 0.840371
v 0.122837 -0.343599 0.886564
v -0.129534 -0.355474 0.883251
v 0.130513 -0.186433 0.891034
v -0.140883 -0.198097 0.901091
v 0.328301 -0.526732 0.802982
v 0.253171 -0.251925 0.848435
v -0.391241 -0.584985 0.802329
v -0.248751 -0.276672 0.844718
v 0.001128 0.156852 0.342000
v -0.105294 0.133428 0.423567
v -0.039398 0.179470 0.262796
v -0.148766 0.137069 0.344700
v 0.105487 0.136949 0.419962
v 0.042884 0.181191 0.261815
v 0.148357 0.142448 0.339065
v 0.079524 0.135216 0.581006
v -0.077280 0.130191 0.583583
v 0.094478 0.109103 0.672504
v -0.094972 0.104701 0.674401
v 0.176755 0.117116 0.417940
v 0.159296 0.102714 0.586183
v -0.176989 0.114711 0.423987
v -0.159085 0.098612 0.592343
v 0.004147 -0.405401 -0.420044
v -0.086947 -0.303225 -0.452262
v -0.037135 -0.477711 -0.381046
v -0.143339 -0.357846 -0.416832
v 0.097604 -0.306387 -0.455856
v 0.043185 -0.476884 -0.381024
v 0.148417 -0.355450 -0.412856
v 0.048774 -0.123334 -0.483443
v -0.045139 -0.123783 -0.483926
v 0.047519 -0.010822 -0.518107
v -0.047207 -0.011920 -0.517120
v 0.159087 -0.243024 -0.431260
v 0.096476 -0.062850 -0.472408
v -0.157185 -0.248687 -0.440647
v -0.094429 -0.064995 -0.475533
v 0.007048 0.752441 -0.757991
v -0.174807 0.591312 -0.806164
v -0.081308 0.832317 -0.637708
v -0.257182 0.660734 -0.734743
v 0.187598 0.596029 -0.803535
v 0.084308 0.827577 -0.650920
v 0.261778 0.678942 -0.723834
v 0.082777 0.370456 -0.838846
v -0.088459 0.368226 -0.840360
v 0.072424 0.235313 -0.816031
v -0.082065 0.231797 -0.813564
v 0.270252 0.525622 -0.802530
v 0.160648 0.299480 -0.857198
v -0.274532 0.511337 -0.810172
v -0.169358 0.286974 -0.871974
v 0.348666 0.142827 -0.403048
v 0.354011 0.074897 -0.224204
v 0.342298 0.204919 -0.401861
v 0.348053 0.105345 -0.213695
v 0.321328 -0.004877 -0.268783
v 0.358762 -0.004429 -0.171963
v 0.342249 -0.091486 -0.247160
v 0.378866 -0.071985 -0.130934
v 0.319858 0.070232 -0.437176
v 0.302236 -0.052623 -0.314403
v 0.277248 0.033653 -0.480527
v 0.362895 0.209316 -0.531336
v 0.318375 0.074616 -0.600658
v 0.360887 0.050745 -0.141555
v 0.379151 -0.031188 -0.100366
v 0.355259 -0.005456 0.310233
v 0.375869 -0.020094 0.196918
v 0.339867 0.028296 0.258753
v 0.361366 0.013511 0.140300
v 0.400832 -0.137995 0.386838
v 0.402121 -0.088371 0.234082
v 0.403412 -0.215972 0.383171
v 0.412081 -0.135666 0.214032
v 0.367486 -0.062800 0.435567
v 0.397400 -0.203395 0.476220
v 0.361866 -0.090558 0.530846
v 0.330315 0.022230 0.348116
v 0.337495 -0.029330 0.489787
v 0.375284 -0.009313 0.113611
v 0.401455 -0.083645 0.148811
v -0.343260 0.136238 -0.385226
v -0.350471 0.072915 -0.212381
v -0.334300 0.197638 -0.391969
v -0.347160 0.105811 -0.201527
v -0.328533 -0.022616 -0.272469
v -0.357318 -0.009712 -0.163774
v -0.348247 -0.104624 -0.248547
v -0.382924 -0.079774 -0.126165
v -0.318481 0.063913 -0.420525
v -0.303150 -0.062487 -0.308899
v -0.276295 0.036312 -0.462714
v -0.353409 0.198222 -0.507393
v -0.321403 0.076894 -0.571308
v -0.357519 0.050338 -0.129449
v -0.376712 -0.035948 -0.090613
v -0.355853 -0.006401 0.321605
v -0.374166 -0.020970 0.209642
v -0.341555 0.026359 0.272193
v -0.359531 0.011244 0.154947
v -0.401523 -0.139746 0.382672
v -0.404786 -0.084411 0.241613
v -0.405768 -0.213745 0.367440
v -0.413920 -0.134031 0.216093
v -0.368811 -0.064354 0.441073
v -0.397642 -0.206711 0.462115
v -0.366580 -0.094226 0.535821
v -0.331838 0.021477 0.359596
v -0.338749 -0.032315 0.497769
v -0.372596 -0.010688 0.127663
v -0.402778 -0.079674 0.159013
v 0.004831 0.257484 -0.023084
v -0.039121 0.238223 0.082486
v 0.002334 0.697987 -0.277473
v -0.061719 0.793299 -0.401034
v 0.046563 0.237877 0.081011
v 0.081367 0.805598 -0.412996
v -0.251452 0.119220 0.255020
v -0.303676 0.086040 0.243073
v -0.278811 0.085753 0.330094
v -0.349314 0.561120 -0.564689
v -0.336286 0.414885 -0.477374
v -0.348576 0.415085 -0.606206
v -0.341485 0.094108 -0.092405
v -0.348011 0.062255 0.002349
v -0.357389 0.047476 -0.021482
v 0.246749 0.124144 0.243709
v 0.294905 0.089105 0.227996
v 0.274792 0.087612 0.319214
v 0.428804 0.606235 -0.542288
v 0.315094 0.428212 -0.438722
v 0.346535 0.441820 -0.598266
v 0.341859 0.090327 -0.103646
v 0.345167 0.065513 -0.012135
v 0.358157 0.046628 -0.035623
v -0.011046 -0.703147 0.269683
v -0.065849 -0.706650 0.393374
v -0.000632 -0.652929 -0.215362
v -0.048751 -0.633114 -0.290876
v 0.045947 -0.712381 0.420997
v 0.049083 -0.631285 -0.290840
v -0.362913 -0.531937 0.486127
v -0.388057 -0.400767 0.410987
v -0.392353 -0.418059 0.532021
v -0.294080 -0.360064 -0.361124
v -0.359955 -0.277567 -0.309674
v -0.295538 -0.230044 -0.368410
v -0.432229 -0.170903 -0.000958
v -0.424350 -0.190954 0.086449
v -0.412882 -0.114868 0.040281
v 0.388587 -0.578283 0.577177
v 0.386097 -0.416491 0.460977
v 0.396912 -0.423697 0.585188
v 0.293182 -0.351307 -0.363428
v 0.354475 -0.267150 -0.311654
v 0.288651 -0.221515 -0.363383
v 0.441399 -0.160623 -0.011746
v 0.422649 -0.190862 0.083924
v 0.412615 -0.114509 0.030603
v 0.212432 -0.004213 0.747442
v 0.301270 -0.060673 0.706354
v -0.218605 -0.010050 0.760552
v -0.304054 -0.072930 0.718590
v 0.267252 0.012927 0.644664
v -0.266127 0.005409 0.652432
v 0.117144 0.071453 -0.682949
v 0.166020 0.015080 -0.600612
v -0.126724 0.058240 -0.685431
v -0.171557 0.009414 -0.597089
v 0.184326 0.062766 -0.769424
v -0.203985 0.042338 -0.798301
v -0.205371 0.278831 -0.199668
v -0.211818 0.245450 -0.162943
v -0.218377 0.297132 -0.229184
v -0.230196 0.264132 -0.210431
v -0.228890 0.239313 -0.165965
v 0.199645 0.286230 -0.187858
v 0.208501 0.254791 -0.154800
v 0.209658 0.303488 -0.210364
v 0.220873 0.272647 -0.193055
v 0.222034 0.249162 -0.155662
v -0.360086 -0.687751 -0.005961
v -0.355575 -0.637037 0.030134
v -0.394968 -0.691239 -0.045871
v -0.399037 -0.629716 -0.031462
v -0.378369 -0.606572 0.016908
v 0.355531 -0.684870 0.000347
v 0.351951 -0.637426 0.046494
v 0.392209 -0.686196 -0.041732
v 0.396236 -0.626114 -0.022486
v 0.374888 -0.606624 0.032284
v -0.040169 -0.564621 0.829267
v 0.016770 -0.556395 0.830759
v -0.007176 -0.477687 0.859404
v 0.038622 -0.507226 0.849851
v -0.054856 -0.516285 0.847884
v -0.016034 0.140711 0.450187
v 0.014443 0.141180 0.449771
v -0.000890 0.140049 0.508275
v 0.024970 0.140161 0.484454
v -0.026596 0.139107 0.485691
v -0.006765 -0.298733 -0.461554
v 0.017887 -0.298404 -0.461124
v 0.004555 -0.228722 -0.470737
v 0.024088 -0.254978 -0.467224
v -0.014007 -0.256320 -0.468285
v -0.022386 0.579671 -0.820843
v 0.032021 0.580738 -0.823564
v 0.000356 0.492998 -0.833277
v 0.044329 0.527370 -0.835383
v -0.042134 0.526428 -0.832248
v 0.345669 0.075103 -0.298806
v 0.343135 0.046079 -0.269274
v 0.338208 0.056652 -0.307252
v 0.341193 0.075215 -0.327800
v 0.347507 0.055730 -0.264976
v 0.380897 -0.044884 0.297242
v 0.391270 -0.071992 0.313345
v 0.386607 -0.068916 0.341374
v 0.380167 -0.051349 0.330927
v 0.386879 -0.057246 0.286450
v -0.342074 0.068016 -0.287079
v -0.339603 0.035507 -0.262626
v -0.334730 0.047100 -0.298000
v -0.337792 0.067422 -0.315532
v -0.343113 0.048192 -0.255009
v -0.380343 -0.045501 0.306362
v -0.392619 -0.071270 0.319898
v -0.386627 -0.069525 0.347388
v -0.379497 -0.052194 0.338430
v -0.387948 -0.056471 0.294885
v -0.036781 0.396362 -0.161304
v 0.050393 0.397784 -0.162927
v -0.012432 0.335910 -0.147409
v -0.019655 0.470155 -0.174689
v 0.026856 0.336054 -0.147841
v 0.029454 0.470038 -0.179903
v -0.180912 0.205421 0.137949
v -0.142372 0.182413 0.225246
v -0.156559 0.223085 0.145774
v -0.194352 0.178799 0.179319
v -0.129146 0.205466 0.186484
v -0.175644 0.169815 0.222445
v -0.278365 0.765858 -0.495232
v -0.245228 0.843260 -0.589866
v -0.237567 0.808392 -0.475267
v -0.317448 0.747562 -0.541618
v -0.261645 0.957551 -0.513526
v -0.277596 0.743475 -0.593103
v -0.290811 0.227290 -0.262100
v -0.311925 0.188995 -0.280897
v -0.295353 0.271205 -0.314817
v -0.306575 0.179289 -0.221259
v -0.306071 0.241606 -0.325163
v -0.316412 0.166769 -0.230381
v -0.328933 0.080796 0.088821
v -0.341326 0.048887 0.153930
v -0.329251 0.075227 0.137855
v -0.337529 0.069931 0.075385
v -0.333996 0.060501 0.169129
v -0.342938 0.053486 0.108365
v 0.191902 0.209472 0.133029
v 0.145596 0.187381 0.218875
v 0.166539 0.219102 0.139540
v 0.132943 0.207168 0.178053
v 0.201233 0.186181 0.172816
v 0.180002 0.176902 0.216097
v 0.248686 0.753868 -0.514388
v 0.238073 0.831602 -0.614343
v 0.267408 0.888674 -0.545240
v 0.243240 0.963576 -0.599779
v 0.278819 0.757034 -0.536999
v 0.261733 0.782499 -0.571410
v 0.303107 0.222385 -0.262900
v 0.323878 0.190299 -0.282900
v 0.303230 0.258486 -0.307659
v 0.315272 0.179962 -0.224098
v 0.314125 0.237649 -0.320496
v 0.324747 0.166527 -0.233950
v 0.320163 0.087352 0.073547
v 0.337329 0.052456 0.138931
v 0.319246 0.081325 0.121131
v 0.330938 0.074835 0.060525
v 0.328225 0.064260 0.153944
v 0.338437 0.058258 0.092782
v -0.058439 -0.701189 0.004441
v 0.047076 -0.702816 0.005309
v -0.033607 -0.699654 0.068309
v -0.032254 -0.690631 -0.056127
v 0.018542 -0.700375 0.069670
v 0.022174 -0.694835 -0.055615
v -0.232722 -0.648059 0.410004
v -0.227719 -0.794339 0.509627
v -0.195361 -0.680465 0.428487
v -0.264940 -0.649204 0.449539
v -0.182365 -0.732439 0.485445
v -0.279627 -0.721703 0.508129
v -0.218296 -0.629384 -0.356315
v -0.150044 -0.509909 -0.369834
v -0.166156 -0.628605 -0.343377
v -0.234661 -0.546553 -0.363373
v -0.134222 -0.567293 -0.352870
v -0.196798 -0.494834 -0.371874
v -0.434941 -0.286668 -0.143298
v -0.403767 -0.181517 -0.163777
v -0.420253 -0.273755 -0.190667
v -0.433822 -0.242421 -0.107258
v -0.404195 -0.217513 -0.197094
v -0.418188 -0.193427 -0.120942
v -0.404772 -0.332798 0.208134
v -0.413451 -0.248353 0.255245
v -0.401311 -0.337221 0.262664
v -0.413420 -0.286321 0.181932
v -0.407422 -0.294106 0.285756
v -0.414999 -0.245458 0.205682
v 0.219268 -0.742477 0.498419
v 0.271286 -0.976443 0.669895
v 0.175275 -0.769513 0.519621
v 0.176294 -0.848326 0.582799
v 0.274505 -0.773766 0.528121
v 0.314501 -0.875250 0.590892
v 0.218227 -0.619894 -0.355838
v 0.152550 -0.504494 -0.369881
v 0.164570 -0.622120 -0.344679
v 0.135695 -0.561665 -0.353727
v 0.233729 -0.538923 -0.362661
v 0.197938 -0.488280 -0.371766
v 0.432970 -0.279345 -0.149807
v 0.400533 -0.172309 -0.167064
v 0.414734 -0.265408 -0.194686
v 0.434460 -0.235007 -0.114113
v 0.403533 -0.206785 -0.198700
v 0.414975 -0.185776 -0.125803
v 0.399648 -0.340011 0.230648
v 0.407163 -0.254558 0.270513
v 0.394681 -0.346755 0.290239
v 0.408953 -0.290230 0.196590
v 0.400025 -0.302290 0.309405
v 0.410254 -0.249766 0.216889
v -0.003207 -0.037852 0.870631
v -0.001825 0.060013 0.780614
v 0.062009 -0.007612 0.841273
v -0.067492 -0.012400 0.844086
v 0.057471 0.038438 0.796944
v -0.062219 0.035337 0.799539
v 0.362459 -0.280258 0.724181
v 0.387602 -0.200593 0.615726
v 0.379159 -0.311970 0.680699
v 0.387309 -0.266343 0.625245
v 0.361841 -0.204591 0.712244
v 0.377641 -0.170782 0.657554
v -0.364831 -0.296666 0.721477
v -0.387395 -0.211939 0.610038
v -0.380652 -0.322529 0.666728
v -0.386599 -0.275814 0.610243
v -0.365718 -0.222219 0.719055
v -0.374788 -0.186451 0.659537
v 0.236708 0.073275 0.486285
v 0.291956 0.035348 0.457737
v 0.254307 0.071614 0.440695
v 0.282419 0.054197 0.428271
v 0.249510 0.055104 0.520956
v 0.278552 0.034697 0.505507
v -0.236945 0.071939 0.493631
v -0.294809 0.034860 0.468159
v -0.255419 0.070826 0.449200
v -0.283549 0.053421 0.437738
v -0.250641 0.053667 0.529189
v -0.280629 0.033417 0.514958
v -0.002296 0.055082 -0.627292
v -0.004126 0.124605 -0.742363
v 0.026698 0.071490 -0.655358
v -0.032914 0.069938 -0.654566
v 0.028969 0.106731 -0.713933
v -0.036680 0.105543 -0.711540
v 0.179246 -0.085349 -0.415013
v 0.232426 -0.029910 -0.388122
v 0.210864 -0.113648 -0.395956
v 0.234747 -0.082388 -0.375911
v 0.176896 -0.031499 -0.428990
v 0.207990 -0.013979 -0.428780
v -0.179668 -0.091796 -0.420652
v -0.231584 -0.033864 -0.382670
v -0.212695 -0.120869 -0.401476
v -0.237423 -0.089678 -0.377778
v -0.174356 -0.034926 -0.426760
v -0.202340 -0.014879 -0.419359
v 0.278095 0.312240 -0.943288
v 0.391837 0.206506 -0.804996
v 0.351373 0.359434 -0.851593
v 0.385866 0.295227 -0.793733
v 0.280377 0.206937 -0.982657
v 0.347352 0.145129 -0.920922
v -0.344812 0.286595 -0.929347
v -0.374882 0.177021 -0.747822
v -0.362551 0.312882 -0.812824
v -0.378108 0.255532 -0.740115
v -0.292542 0.153511 -0.960645
v -0.354496 0.114601 -0.852148
v 0.378957 -0.011845 -0.037781
v 0.385177 -0.030595 0.045743
v 0.374906 0.001833 -0.026181
v 0.378001 -0.008067 0.016084
v 0.387690 -0.037019 -0.008840
v 0.390728 -0.046371 0.032935
v -0.375893 -0.012221 -0.024255
v -0.383178 -0.029652 0.059632
v -0.372094 0.002652 -0.012327
v -0.375185 -0.007017 0.030390
v -0.385221 -0.037543 0.004218
v -0.389026 -0.045120 0.046369
v -0.169985 0.322815 -0.193277
v -0.116972 0.368274 -0.170609
v -0.145735 0.283205 -0.164383
v -0.173291 0.392949 -0.212680
v -0.117461 0.296919 -0.161943
v -0.158757 0.423344 -0.182828
v -0.200470 0.223742 -0.071630
v -0.190567 0.210165 0.030836
v -0.176073 0.234854 -0.070676
v -0.218466 0.202707 -0.023533
v -0.169658 0.228971 -0.019345
v -0.214584 0.194937 0.026758
v -0.245001 0.424719 -0.311885
v -0.288381 0.600674 -0.407589
v -0.226901 0.470840 -0.307077
v -0.282493 0.457260 -0.350104
v -0.237320 0.553812 -0.349418
v -0.319535 0.551902 -0.412886
v -0.256734 0.262135 -0.236861
v -0.271869 0.252788 -0.250233
v -0.267673 0.320088 -0.289978
v -0.270469 0.224852 -0.190792
v -0.266588 0.324091 -0.296895
v -0.280033 0.215962 -0.198088
v -0.260165 0.189687 -0.081820
v -0.296009 0.133613 0.005831
v -0.259335 0.175262 -0.032239
v -0.276929 0.178663 -0.088210
v -0.277556 0.149214 0.012192
v -0.293859 0.147618 -0.044907
v 0.168552 0.330291 -0.188145
v 0.123690 0.371111 -0.174156
v 0.154386 0.291114 -0.159850
v 0.166102 0.394023 -0.213871
v 0.130453 0.304840 -0.156670
v 0.145247 0.422372 -0.202011
v 0.200389 0.228876 -0.072371
v 0.194169 0.215381 0.025700
v 0.179579 0.239317 -0.072381
v 0.216627 0.208710 -0.027244
v 0.174385 0.232767 -0.023118
v 0.214159 0.201443 0.021365
v 0.217563 0.415328 -0.284173
v 0.241222 0.571043 -0.381730
v 0.204364 0.462572 -0.288959
v 0.236477 0.429621 -0.318877
v 0.211382 0.542169 -0.334039
v 0.253658 0.506203 -0.371724
v 0.244322 0.266799 -0.222726
v 0.274545 0.250075 -0.247881
v 0.248176 0.311721 -0.270780
v 0.261713 0.230628 -0.186812
v 0.264292 0.304756 -0.287193
v 0.275986 0.219940 -0.197858
v 0.251888 0.197813 -0.083079
v 0.285712 0.142736 -0.004620
v 0.251945 0.183711 -0.037009
v 0.267209 0.186958 -0.091483
v 0.269026 0.157592 0.003742
v 0.284239 0.157195 -0.053046
v -0.275301 -0.751555 0.002760
v -0.162401 -0.737067 0.000824
v -0.238254 -0.691854 0.039997
v -0.255264 -0.833892 -0.034880
v -0.188049 -0.695940 0.047412
v -0.186260 -0.807280 -0.045067
v -0.306084 -0.614453 0.134111
v -0.265671 -0.619811 0.262095
v -0.270177 -0.639511 0.146307
v -0.317105 -0.582124 0.178293
v -0.248486 -0.642462 0.211894
v -0.299367 -0.586287 0.241102
v -0.423788 -0.815769 -0.190961
v -0.333754 -0.799671 -0.362977
v -0.380460 -0.927286 -0.209398
v -0.454897 -0.733332 -0.258591
v -0.309557 -0.922196 -0.319902
v -0.403786 -0.725001 -0.333991
v -0.434043 -0.537838 -0.085004
v -0.457268 -0.408372 -0.120021
v -0.444577 -0.545741 -0.148172
v -0.433542 -0.472897 -0.047296
v -0.451700 -0.472850 -0.165375
v -0.444939 -0.413461 -0.064655
v -0.384231 -0.509079 0.082786
v -0.394379 -0.419174 0.149552
v -0.369187 -0.506452 0.138406
v -0.402978 -0.465060 0.062271
v -0.376852 -0.464591 0.173111
v -0.406558 -0.417065 0.095567
v 0.272871 -0.751750 0.008728
v 0.155617 -0.726364 -0.004437
v 0.231037 -0.685913 0.047637
v 0.261720 -0.862798 -0.008013
v 0.177851 -0.694426 0.052134
v 0.179337 -0.809108 -0.045405
v 0.296880 -0.624915 0.169710
v 0.251567 -0.645257 0.331482
v 0.259325 -0.651530 0.183691
v 0.307983 -0.597661 0.222444
v 0.236076 -0.663010 0.265534
v 0.289376 -0.609663 0.300592
v 0.442004 -0.812881 -0.202616
v 0.309305 -0.788483 -0.352703
v 0.379848 -0.932448 -0.221606
v 0.451972 -0.727795 -0.265216
v 0.296682 -0.910656 -0.315672
v 0.404657 -0.720711 -0.351204
v 0.432026 -0.531525 -0.082991
v 0.453108 -0.401054 -0.126655
v 0.447821 -0.536264 -0.151175
v 0.429795 -0.468949 -0.043696
v 0.460024 -0.459928 -0.172437
v 0.441898 -0.409220 -0.066446
v 0.379505 -0.515054 0.105694
v 0.388853 -0.426504 0.174842
v 0.362762 -0.516725 0.169696
v 0.398938 -0.468619 0.079530
v 0.371124 -0.476177 0.205919
v 0.401148 -0.421481 0.112988
v -0.122958 -0.721195 0.806330
v -0.242660 -0.967258 0.730468
v -0.131269 -0.722749 0.736034
v -0.194735 -0.777816 0.848136
v -0.119445 -0.831346 0.695800
v -0.294895 -0.884168 0.849682
v 0.084332 -0.659647 0.810014
v 0.154666 -0.880894 0.789808
v 0.046661 -0.677093 0.760200
v 0.164621 -0.697235 0.847012
v 0.098436 -0.743218 0.741345
v 0.202890 -0.803466 0.839330
v -0.004949 -0.351687 0.901539
v -0.003415 -0.204924 0.999850
v 0.061738 -0.312041 0.905598
v -0.068736 -0.317027 0.906001
v 0.064994 -0.233696 0.923337
v -0.073004 -0.239477 0.929469
v 0.167475 -0.460602 0.856702
v 0.297869 -0.377114 0.820103
v 0.219367 -0.514217 0.844863
v 0.183538 -0.380592 0.870247
v 0.293694 -0.472221 0.832116
v 0.246429 -0.337117 0.848832
v -0.187234 -0.483879 0.852196
v -0.305832 -0.398001 0.821658
v -0.263878 -0.554227 0.843454
v -0.190298 -0.398590 0.860876
v -0.330251 -0.515209 0.824979
v -0.247609 -0.358994 0.844257
v -0.055128 0.145121 0.382431
v -0.097508 0.159256 0.305440
v -0.037806 0.153866 0.343580
v -0.091246 0.141268 0.383897
v -0.058497 0.163745 0.304436
v -0.112813 0.144838 0.344628
v 0.055058 0.147809 0.380621
v 0.098716 0.163175 0.302103
v 0.039627 0.156600 0.343087
v 0.091351 0.144999 0.380614
v 0.062068 0.166580 0.304117
v 0.112547 0.150279 0.340477
v -0.001202 0.135220 0.592808
v -0.000741 0.111064 0.683507
v 0.041236 0.131021 0.610215
v -0.041874 0.131447 0.613113
v 0.045096 0.120713 0.657579
v -0.046279 0.117789 0.658698
v 0.097085 0.133559 0.500202
v 0.170362 0.109739 0.501016
v 0.119694 0.129864 0.461015
v 0.113363 0.131760 0.547462
v 0.156350 0.119413 0.460248
v 0.148518 0.116268 0.545545
v -0.094506 0.128899 0.501805
v -0.169615 0.106467 0.506621
v -0.118911 0.126656 0.464262
v -0.106982 0.124198 0.547101
v -0.155385 0.116285 0.465483
v -0.146241 0.110986 0.550458
v -0.044419 -0.361096 -0.435812
v -0.092018 -0.427107 -0.401545
v -0.031191 -0.401377 -0.419146
v -0.078644 -0.347868 -0.435949
v -0.053355 -0.435510 -0.400804
v -0.104691 -0.377504 -0.418310
v 0.053373 -0.363484 -0.435991
v 0.098617 -0.424970 -0.400170
v 0.039579 -0.402710 -0.419142
v 0.086708 -0.352432 -0.437496
v 0.061045 -0.435212 -0.400072
v 0.111359 -0.377722 -0.417458
v 0.002347 -0.123646 -0.492999
v -0.000488 -0.011044 -0.524499
v 0.024799 -0.094027 -0.494221
v -0.022011 -0.094990 -0.495774
v 0.023733 -0.037440 -0.510005
v -0.023410 -0.037817 -0.509470
v 0.074811 -0.212994 -0.467410
v 0.127848 -0.152186 -0.448124
v 0.104091 -0.251953 -0.467442
v 0.074795 -0.152923 -0.470871
v 0.130261 -0.215407 -0.448589
v 0.098785 -0.122429 -0.463415
v -0.067774 -0.215017 -0.469092
v -0.122077 -0.154799 -0.447983
v -0.094372 -0.247089 -0.461030
v -0.069395 -0.153942 -0.472254
v -0.124621 -0.218453 -0.451227
v -0.095123 -0.124400 -0.464461
v -0.096496 0.680690 -0.776088
v -0.187824 0.776389 -0.697421
v -0.070147 0.747337 -0.747599
v -0.162362 0.663400 -0.776466
v -0.114125 0.791134 -0.696595
v -0.215435 0.715246 -0.742663
v 0.112188 0.680278 -0.774852
v 0.184956 0.774318 -0.697195
v 0.083034 0.744164 -0.748528
v 0.173774 0.665244 -0.770126
v 0.125627 0.792485 -0.707128
v 0.223119 0.723493 -0.754642
v -0.002650 0.366918 -0.831583
v -0.005079 0.234361 -0.809113
v 0.038472 0.334543 -0.829833
v -0.045313 0.333468 -0.830441
v 0.035761 0.267876 -0.818755
v -0.044463 0.266515 -0.818013
v 0.138602 0.480031 -0.840854
v 0.216578 0.417904 -0.872810
v 0.189527 0.521773 -0.829984
v 0.130553 0.408798 -0.846085
v 0.229477 0.489883 -0.837768
v 0.170166 0.375799 -0.861125
v -0.132982 0.476141 -0.839508
v -0.227663 0.407027 -0.884646
v -0.180939 0.519727 -0.834617
v -0.132849 0.404099 -0.849896
v -0.228799 0.484766 -0.849690
v -0.177001 0.366517 -0.871258
v 0.348553 0.111349 -0.306466
v 0.341216 0.152904 -0.301310
v 0.347020 0.140305 -0.353680
v 0.349705 0.102217 -0.263379
v 0.343921 0.165621 -0.352334
v 0.346367 0.119975 -0.259173
v 0.343998 -0.004626 -0.218084
v 0.364868 -0.082735 -0.188576
v 0.334855 -0.023698 -0.234282
v 0.354724 -0.021814 -0.184877
v 0.345425 -0.065408 -0.221547
v 0.365638 -0.058135 -0.167362
v 0.318063 0.040566 -0.338889
v 0.282377 0.010355 -0.369249
v 0.311380 0.011073 -0.310445
v 0.310254 0.051323 -0.393338
v 0.297309 -0.008091 -0.328678
v 0.291002 0.034878 -0.411489
v 0.341619 0.108010 -0.435579
v 0.366194 0.143227 -0.591417
v 0.349849 0.138003 -0.454521
v 0.333362 0.094612 -0.475687
v 0.360633 0.164037 -0.526186
v 0.340744 0.103485 -0.556867
v 0.358324 0.035323 -0.194139
v 0.369360 0.011110 -0.117841
v 0.358549 0.048989 -0.188786
v 0.363002 0.009366 -0.164221
v 0.363043 0.037086 -0.148955
v 0.370593 -0.003250 -0.127320
v 0.367054 -0.012902 0.252128
v 0.352517 0.019854 0.198408
v 0.357711 -0.000776 0.267969
v 0.368049 -0.008036 0.211144
v 0.350292 0.015500 0.242223
v 0.361131 0.008276 0.183604
v 0.404983 -0.112162 0.308739
v 0.409820 -0.174905 0.295288
v 0.405113 -0.140879 0.346128
v 0.407672 -0.110478 0.267681
v 0.406833 -0.176090 0.341784
v 0.411057 -0.138732 0.259211
v 0.386594 -0.101655 0.417660
v 0.385266 -0.146284 0.510231
v 0.394668 -0.132126 0.425522
v 0.376923 -0.090600 0.450255
v 0.394223 -0.158828 0.471280
v 0.375309 -0.108584 0.497180
v 0.360838 -0.030387 0.374205
v 0.332147 -0.000325 0.418328
v 0.351656 -0.010647 0.352942
v 0.357213 -0.038335 0.417469
v 0.338434 0.003817 0.373212
v 0.343294 -0.022389 0.442262
v 0.389490 -0.051125 0.213182
v 0.388661 -0.043214 0.130666
v 0.383783 -0.032604 0.184585
v 0.396384 -0.066441 0.202741
v 0.382675 -0.028686 0.142943
v 0.395700 -0.064220 0.160803
v -0.344782 0.107045 -0.293057
v -0.335364 0.150141 -0.292013
v -0.341891 0.134535 -0.339596
v -0.347216 0.099825 -0.250788
v -0.336856 0.160387 -0.341165
v -0.344802 0.118257 -0.247038
v -0.346715 -0.016655 -0.216952
v -0.369663 -0.093101 -0.186828
v -0.342008 -0.038427 -0.236501
v -0.357639 -0.028783 -0.180293
v -0.352465 -0.077614 -0.222411
v -0.370294 -0.067177 -0.164502
v -0.317667 0.027096 -0.333927
v -0.282331 0.000737 -0.362218
v -0.314844 -0.004175 -0.308800
v -0.308402 0.040189 -0.384638
v -0.299215 -0.019876 -0.323125
v -0.289304 0.028083 -0.400719
v -0.338097 0.101727 -0.415273
v -0.354518 0.138735 -0.555650
v -0.344606 0.131420 -0.432576
v -0.331083 0.089905 -0.453264
v -0.351892 0.156362 -0.497404
v -0.337672 0.101766 -0.526646
v -0.352847 0.031429 -0.183203
v -0.364986 0.009666 -0.105628
v -0.354212 0.046604 -0.177403
v -0.358468 0.005321 -0.153570
v -0.359220 0.036544 -0.137126
v -0.366185 -0.006341 -0.115831
v -0.366174 -0.013722 0.263922
v -0.352117 0.017517 0.212113
v -0.357585 -0.002117 0.280516
v -0.366882 -0.009720 0.223682
v -0.350578 0.013778 0.255008
v -0.359613 0.006151 0.197152
v -0.406590 -0.111456 0.310712
v -0.413102 -0.171477 0.289329
v -0.406295 -0.141374 0.342347
v -0.409538 -0.108947 0.271492
v -0.409092 -0.174673 0.333290
v -0.413322 -0.136648 0.259518
v -0.387936 -0.103404 0.418958
v -0.389083 -0.150203 0.506972
v -0.395523 -0.134770 0.422130
v -0.378668 -0.093024 0.452921
v -0.394675 -0.163441 0.463794
v -0.379400 -0.111676 0.499086
v -0.361738 -0.030871 0.382919
v -0.333917 -0.001455 0.428453
v -0.353811 -0.010887 0.363593
v -0.358690 -0.039535 0.425389
v -0.340175 0.003160 0.384124
v -0.344026 -0.024294 0.450655
v -0.390331 -0.049474 0.224178
v -0.387653 -0.041876 0.143491
v -0.381806 -0.032859 0.196580
v -0.397848 -0.063838 0.213255
v -0.380725 -0.028317 0.156318
v -0.396250 -0.061058 0.172285
v -0.049411 0.265531 -0.074884
v -0.097951 0.251236 0.035160
v -0.084900 0.261156 -0.073381
v -0.107967 0.250847 -0.018714
v -0.033682 0.258032 -0.021840
v -0.057411 0.251463 0.032379
v -0.080317 0.601625 -0.238336
v -0.144636 0.706714 -0.359746
v -0.129746 0.577344 -0.251685
v -0.158270 0.626090 -0.314272
v -0.055922 0.680503 -0.283270
v -0.087548 0.731931 -0.345154
v 0.061314 0.264435 -0.075748
v 0.104797 0.246193 0.030383
v 0.095924 0.261054 -0.074673
v 0.116394 0.249895 -0.022131
v 0.044087 0.256179 -0.023342
v 0.065113 0.246792 0.029530
v 0.085282 0.608663 -0.240832
v 0.156800 0.729192 -0.367043
v 0.132567 0.584481 -0.251722
v 0.158533 0.633947 -0.317332
v 0.062959 0.681678 -0.289306
v 0.102395 0.747478 -0.349028
v -0.245264 0.143147 0.167076
v -0.293834 0.108782 0.156335
v -0.252640 0.148884 0.118817
v -0.275037 0.131919 0.112926
v -0.262377 0.121985 0.209261
v -0.288162 0.105577 0.203975
v -0.040806 0.210120 0.177185
v 0.045147 0.211043 0.175275
v -0.019074 0.195453 0.219997
v 0.023297 0.196328 0.219375
v -0.018562 0.225029 0.130546
v 0.024494 0.224761 0.129250
v -0.202013 0.130313 0.300650
v -0.230925 0.101702 0.378158
v -0.183294 0.127097 0.342974
v -0.197559 0.114372 0.381981
v -0.234246 0.117161 0.297244
v -0.248639 0.101797 0.335589
v -0.436754 0.662686 -0.480887
v -0.301774 0.470695 -0.410024
v -0.516772 0.618142 -0.364955
v -0.281850 0.573809 -0.403074
v -0.365261 0.571004 -0.509541
v -0.321093 0.490754 -0.469209
v -0.080457 0.872138 -0.527860
v 0.089332 0.870790 -0.534105
v -0.037278 0.851968 -0.584602
v 0.047448 0.848760 -0.590588
v -0.028700 0.832987 -0.465927
v 0.056831 0.830837 -0.476074
v -0.306618 0.610139 -0.654767
v -0.326678 0.466076 -0.720616
v -0.287845 0.598761 -0.713220
v -0.299988 0.525655 -0.750722
v -0.329414 0.548300 -0.623477
v -0.336236 0.476485 -0.650792
v -0.321557 0.129059 -0.121210
v -0.334549 0.090864 -0.021380
v -0.312374 0.137846 -0.112015
v -0.318755 0.118908 -0.061648
v -0.336868 0.100415 -0.081555
v -0.342374 0.080256 -0.032348
v -0.336607 0.288209 -0.438282
v -0.359989 0.293603 -0.569405
v -0.340237 0.243045 -0.445856
v -0.352049 0.245031 -0.507677
v -0.352351 0.351926 -0.487412
v -0.353933 0.353924 -0.554823
v -0.342932 0.103237 -0.149144
v -0.359019 0.050732 -0.076738
v -0.348686 0.091272 -0.156678
v -0.355907 0.064538 -0.120640
v -0.346770 0.086514 -0.102608
v -0.355480 0.061439 -0.066182
v -0.325576 0.055970 0.261020
v -0.309815 0.054232 0.350441
v -0.331988 0.040103 0.289812
v -0.324945 0.038521 0.333630
v -0.313071 0.070118 0.276608
v -0.302390 0.069913 0.320455
v -0.353796 0.034866 0.080837
v -0.364712 0.016027 0.054901
v -0.359364 0.017898 0.111464
v -0.365220 0.007188 0.098583
v -0.353466 0.043520 0.035824
v -0.358547 0.035505 0.023463
v 0.242492 0.150387 0.156607
v 0.283706 0.114971 0.141051
v 0.247648 0.156188 0.108005
v 0.266549 0.139249 0.100333
v 0.257232 0.127765 0.197241
v 0.279429 0.110385 0.189290
v 0.202217 0.134847 0.293743
v 0.229173 0.102885 0.370224
v 0.182547 0.131745 0.335937
v 0.196700 0.117228 0.375121
v 0.233070 0.121043 0.289004
v 0.245784 0.103932 0.326066
v 0.545430 0.632617 -0.445807
v 0.320265 0.390259 -0.351915
v 0.338020 0.531062 -0.422843
v 0.296355 0.424389 -0.387210
v 0.413877 0.635717 -0.472182
v 0.284859 0.505970 -0.386116
v 0.308444 0.653911 -0.605280
v 0.321619 0.496604 -0.714984
v 0.290993 0.627617 -0.691039
v 0.297740 0.550961 -0.737976
v 0.348639 0.590653 -0.582636
v 0.338344 0.508244 -0.634227
v 0.319908 0.134398 -0.130028
v 0.327054 0.098617 -0.035073
v 0.308803 0.147155 -0.120604
v 0.312237 0.128746 -0.072704
v 0.333475 0.101822 -0.092946
v 0.336217 0.086485 -0.046168
v 0.331303 0.295754 -0.434300
v 0.358765 0.312848 -0.583090
v 0.342970 0.252364 -0.452376
v 0.355922 0.258630 -0.523019
v 0.332077 0.365459 -0.475879
v 0.346485 0.374102 -0.553338
v 0.344685 0.101005 -0.159590
v 0.360048 0.049352 -0.090586
v 0.350920 0.088999 -0.168663
v 0.357188 0.062792 -0.133291
v 0.347599 0.083114 -0.113852
v 0.355392 0.059580 -0.079899
v 0.320300 0.057570 0.246444
v 0.305902 0.054721 0.337872
v 0.328468 0.041732 0.276097
v 0.322075 0.039635 0.321046
v 0.305957 0.071362 0.262028
v 0.297128 0.070460 0.307750
v 0.353631 0.037393 0.065478
v 0.367236 0.016614 0.040225
v 0.361176 0.020161 0.096731
v 0.368534 0.009187 0.083359
v 0.353282 0.045466 0.020850
v 0.360010 0.035727 0.008361
v -0.089362 -0.700868 0.191073
v -0.151193 -0.708231 0.315576
v -0.142251 -0.698318 0.182074
v -0.174449 -0.705242 0.243393
v -0.065089 -0.703390 0.261762
v -0.093524 -0.704825 0.323424
v -0.079945 -0.707310 -0.172761
v -0.128702 -0.722485 -0.280002
v -0.119690 -0.792706 -0.183829
v -0.131683 -0.822213 -0.279302
v -0.054358 -0.667813 -0.218799
v -0.077048 -0.672251 -0.262406
v 0.068872 -0.699569 0.206977
v 0.118984 -0.702946 0.364259
v 0.121357 -0.697229 0.207178
v 0.146593 -0.698698 0.283852
v 0.042157 -0.703023 0.277264
v 0.068915 -0.706756 0.354419
v 0.081835 -0.695855 -0.173444
v 0.121253 -0.714502 -0.281247
v 0.113615 -0.785841 -0.184119
v 0.131330 -0.812911 -0.262293
v 0.054550 -0.664887 -0.219709
v 0.076821 -0.668933 -0.262763
v -0.329483 -0.542963 0.387204
v -0.372696 -0.437239 0.322907
v -0.333807 -0.524408 0.320972
v -0.357804 -0.476863 0.291767
v -0.354282 -0.507388 0.419327
v -0.371990 -0.448277 0.384517
v -0.070563 -0.719387 0.515419
v 0.064808 -0.713665 0.557745
v -0.039606 -0.705870 0.576652
v 0.045659 -0.678462 0.603554
v -0.036568 -0.710092 0.462815
v 0.023917 -0.712717 0.480392
v -0.383556 -0.693175 0.601106
v -0.399728 -0.492711 0.651275
v -0.325684 -0.810015 0.670925
v -0.369374 -0.611723 0.703194
v -0.384287 -0.557144 0.556385
v -0.398122 -0.491335 0.579295
v -0.337892 -0.468969 -0.347540
v -0.408367 -0.365339 -0.275811
v -0.392746 -0.503156 -0.327939
v -0.421910 -0.442432 -0.277253
v -0.335337 -0.389707 -0.341630
v -0.370575 -0.343744 -0.312118
v -0.043310 -0.560325 -0.342070
v 0.046111 -0.558644 -0.342158
v -0.018588 -0.519009 -0.362229
v 0.023220 -0.518626 -0.362389
v -0.022827 -0.595405 -0.318356
v 0.024148 -0.594937 -0.316926
v -0.215883 -0.363752 -0.391959
v -0.224857 -0.240551 -0.406285
v -0.182909 -0.332916 -0.412359
v -0.189766 -0.275715 -0.424693
v -0.256719 -0.330348 -0.380682
v -0.261062 -0.266281 -0.386970
v -0.446285 -0.256692 -0.010895
v -0.426510 -0.275292 0.082798
v -0.441314 -0.310341 0.005823
v -0.429181 -0.318146 0.054196
v -0.437726 -0.217246 0.017163
v -0.430753 -0.227286 0.062463
v -0.359908 -0.182753 -0.272922
v -0.300585 -0.141733 -0.333318
v -0.340597 -0.133269 -0.275629
v -0.314698 -0.112708 -0.306729
v -0.345945 -0.219028 -0.308138
v -0.317583 -0.196432 -0.339611
v -0.408499 -0.127061 -0.066314
v -0.396440 -0.076464 -0.026277
v -0.393549 -0.090508 -0.086089
v -0.388797 -0.066148 -0.066395
v -0.416467 -0.134563 -0.022515
v -0.408891 -0.107570 -0.002262
v -0.401138 -0.302245 0.391352
v -0.395840 -0.300919 0.499504
v -0.402516 -0.256477 0.405098
v -0.399124 -0.253839 0.455741
v -0.395511 -0.353484 0.430160
v -0.394045 -0.357045 0.487101
v -0.417399 -0.162809 0.153081
v -0.407288 -0.097193 0.100822
v -0.414384 -0.130521 0.171825
v -0.408527 -0.102060 0.143932
v -0.419386 -0.157200 0.108075
v -0.413858 -0.122283 0.083164
v 0.336226 -0.591778 0.464991
v 0.370316 -0.454670 0.373474
v 0.331778 -0.557215 0.386018
v 0.354641 -0.498650 0.344515
v 0.365256 -0.546701 0.495382
v 0.373312 -0.468279 0.444554
v 0.433204 -0.726237 0.697211
v 0.393137 -0.485993 0.707397
v 0.339012 -0.707396 0.763469
v 0.365197 -0.571724 0.759698
v 0.420963 -0.598648 0.646713
v 0.406232 -0.501912 0.647489
v 0.332976 -0.460895 -0.347570
v 0.405054 -0.354111 -0.283545
v 0.384881 -0.493325 -0.332894
v 0.411942 -0.429996 -0.284472
v 0.333223 -0.380300 -0.344613
v 0.369892 -0.331045 -0.319687
v 0.216881 -0.357764 -0.389470
v 0.219376 -0.234092 -0.395360
v 0.185107 -0.327682 -0.405410
v 0.187917 -0.268593 -0.411170
v 0.255746 -0.323216 -0.378183
v 0.254805 -0.259657 -0.379674
v 0.445099 -0.252303 -0.016913
v 0.424377 -0.274665 0.087984
v 0.439368 -0.307293 0.005203
v 0.426548 -0.317232 0.059521
v 0.438341 -0.212659 0.011070
v 0.429169 -0.225394 0.061216
v 0.363592 -0.168214 -0.276432
v 0.297043 -0.131861 -0.332362
v 0.338473 -0.120357 -0.276064
v 0.311651 -0.101732 -0.306513
v 0.344804 -0.205942 -0.309174
v 0.313067 -0.185811 -0.337016
v 0.410244 -0.119122 -0.073781
v 0.398547 -0.073106 -0.036740
v 0.392821 -0.083782 -0.093216
v 0.391683 -0.060814 -0.075721
v 0.420138 -0.127428 -0.032188
v 0.410858 -0.104282 -0.012345
v 0.397018 -0.308162 0.421908
v 0.395116 -0.298535 0.529204
v 0.399726 -0.259110 0.427903
v 0.397390 -0.253580 0.477603
v 0.392891 -0.361618 0.471074
v 0.394477 -0.360621 0.528534
v 0.415198 -0.165147 0.151117
v 0.405689 -0.100619 0.090985
v 0.412054 -0.133723 0.167010
v 0.406372 -0.105514 0.135467
v 0.417116 -0.159013 0.103292
v 0.412332 -0.123892 0.075028
v 0.189058 -0.068880 0.833332
v 0.291140 -0.137307 0.786878
v 0.195554 -0.138849 0.858791
v 0.260368 -0.167056 0.844457
v 0.227920 -0.048214 0.782899
v 0.276706 -0.078834 0.761346
v -0.192430 -0.086258 0.841738
v -0.292826 -0.159096 0.796713
v -0.200442 -0.159730 0.866479
v -0.256860 -0.196286 0.847642
v -0.232936 -0.061154 0.794520
v -0.280016 -0.094390 0.773180
v 0.151598 0.058426 0.716895
v 0.212328 0.060125 0.621816
v 0.141302 0.086460 0.675230
v 0.171432 0.083218 0.628189
v 0.199136 0.032340 0.710801
v 0.229188 0.037298 0.661881
v -0.155961 0.058284 0.726734
v -0.211553 0.057442 0.627692
v -0.143788 0.085551 0.682450
v -0.173338 0.082661 0.636029
v -0.201994 0.028934 0.720012
v -0.230274 0.035392 0.670127
v 0.340161 -0.079745 0.617469
v 0.306743 -0.013358 0.565592
v 0.344537 -0.068682 0.562806
v 0.329644 -0.036956 0.539580
v 0.315574 -0.050172 0.649413
v 0.297101 -0.016520 0.620326
v -0.342326 -0.088366 0.625437
v -0.307855 -0.018422 0.574201
v -0.347703 -0.074165 0.569910
v -0.331903 -0.041246 0.547729
v -0.316368 -0.060168 0.659229
v -0.297244 -0.023937 0.629104
v 0.079778 0.033305 -0.592212
v 0.127507 -0.000271 -0.512502
v 0.074983 0.005216 -0.534364
v 0.097420 -0.011868 -0.497793
v 0.110279 0.040849 -0.617595
v 0.134326 0.019396 -0.577067
v -0.083017 0.029291 -0.589504
v -0.123336 -0.003421 -0.504782
v -0.073720 0.003350 -0.530447
v -0.094203 -0.015820 -0.496029
v -0.115812 0.032597 -0.617182
v -0.137335 0.012538 -0.573368
v 0.098065 0.144283 -0.769053
v 0.182266 0.178265 -0.842481
v 0.105430 0.200223 -0.812367
v 0.150165 0.226600 -0.837439
v 0.126224 0.110279 -0.746413
v 0.164773 0.114918 -0.789694
v -0.108863 0.135498 -0.767230
v -0.192083 0.153599 -0.855851
v -0.116690 0.191751 -0.810306
v -0.160100 0.210615 -0.847189
v -0.137822 0.094327 -0.751696
v -0.177993 0.094540 -0.801310
v 0.224440 0.007756 -0.556833
v 0.259507 0.012459 -0.747832
v 0.260560 0.025490 -0.556052
v 0.280908 0.039563 -0.633159
v 0.197539 -0.005403 -0.623941
v 0.192184 -0.004130 -0.723320
v -0.229840 0.014641 -0.543253
v -0.284925 0.031613 -0.713287
v -0.265347 0.032351 -0.537190
v -0.292545 0.048003 -0.605822
v -0.209920 0.001543 -0.616679
v -0.232098 -0.010761 -0.723936
v -0.193359 0.255211 -0.165646
v -0.207928 0.329954 -0.232567
v -0.170745 0.268983 -0.165934
v -0.192340 0.362154 -0.227516
v -0.225975 0.223662 -0.120421
v -0.183577 0.243156 -0.120263
v -0.222402 0.211407 -0.073143
v -0.237128 0.307231 -0.253637
v -0.215370 0.395241 -0.268157
v -0.255589 0.373915 -0.296688
v -0.244958 0.236245 -0.173850
v -0.255325 0.320208 -0.273097
v -0.258610 0.232677 -0.182679
v -0.242464 0.200077 -0.076445
v -0.260484 0.208045 -0.131598
v 0.191995 0.264925 -0.158612
v 0.198236 0.333901 -0.217522
v 0.174171 0.277569 -0.160788
v 0.183357 0.363973 -0.218511
v 0.221212 0.232622 -0.116502
v 0.185697 0.249819 -0.118081
v 0.218909 0.219188 -0.073291
v 0.221532 0.312452 -0.230720
v 0.199651 0.393264 -0.250574
v 0.226661 0.365731 -0.271560
v 0.235362 0.244039 -0.163776
v 0.233454 0.315128 -0.251433
v 0.248109 0.238566 -0.175034
v 0.235958 0.208268 -0.076918
v 0.250760 0.216141 -0.129001
v -0.326396 -0.664146 0.034543
v -0.377238 -0.757923 -0.044236
v -0.285854 -0.682346 0.036732
v -0.328817 -0.826870 -0.019430
v -0.357617 -0.592512 0.065992
v -0.296407 -0.644791 0.086078
v -0.336406 -0.584504 0.119645
v -0.422087 -0.665742 -0.086527
v -0.391891 -0.850562 -0.105682
v -0.450142 -0.711212 -0.159124
v -0.399426 -0.571474 -0.003865
v -0.436522 -0.613718 -0.122442
v -0.417498 -0.526518 -0.026384
v -0.362410 -0.549536 0.102402
v -0.400753 -0.516577 0.028672
v 0.320166 -0.661600 0.049338
v 0.372747 -0.752066 -0.046895
v 0.279746 -0.673815 0.047173
v 0.331479 -0.819834 -0.037016
v 0.352228 -0.596991 0.089071
v 0.287417 -0.649774 0.111570
v 0.329267 -0.593894 0.152321
v 0.422496 -0.659027 -0.083969
v 0.396872 -0.851123 -0.106914
v 0.457712 -0.701401 -0.164123
v 0.396697 -0.569766 0.008583
v 0.438762 -0.605832 -0.122850
v 0.414794 -0.523778 -0.018375
v 0.356680 -0.556901 0.130181
v 0.396853 -0.517389 0.043348
v -0.019719 -0.598046 0.805546
v -0.098577 -0.571444 0.835852
v -0.069869 -0.629784 0.767733
v -0.143914 -0.658174 0.833316
v 0.079135 -0.549392 0.839570
v 0.005618 -0.630172 0.779590
v 0.120838 -0.609065 0.835299
v 0.049504 -0.448390 0.867731
v -0.062426 -0.455759 0.865648
v 0.056068 -0.382430 0.886995
v -0.065811 -0.389886 0.888631
v 0.149160 -0.538562 0.847558
v 0.113415 -0.417171 0.870972
v -0.173228 -0.566775 0.843346
v -0.125626 -0.431366 0.867385
v -0.000767 0.143761 0.416740
v -0.048146 0.138177 0.454822
v -0.018500 0.147693 0.381293
v -0.069686 0.138922 0.420768
v 0.047394 0.140000 0.454042
v 0.018778 0.149237 0.380534
v 0.069291 0.141518 0.419200
v 0.031566 0.139588 0.523877
v -0.032357 0.137707 0.524500
v 0.036685 0.137181 0.566079
v -0.037155 0.136129 0.568624
v 0.082895 0.136671 0.458405
v 0.070532 0.138411 0.536521
v -0.082757 0.133869 0.460645
v -0.068046 0.133148 0.537805
v 0.005904 -0.341662 -0.452835
v -0.032629 -0.290277 -0.463382
v -0.011294 -0.369746 -0.436298
v -0.053812 -0.321468 -0.451500
v 0.043376 -0.287892 -0.462657
v 0.021193 -0.369795 -0.436378
v 0.064589 -0.321665 -0.451726
v 0.025834 -0.205319 -0.473393
v -0.018342 -0.205961 -0.473962
v 0.025834 -0.151623 -0.483066
v -0.020453 -0.151664 -0.483524
v 0.072328 -0.270222 -0.463241
v 0.049534 -0.180425 -0.474287
v -0.061366 -0.275912 -0.465851
v -0.043151 -0.181981 -0.475799
v 0.006619 0.634908 -0.811393
v -0.076474 0.567256 -0.821397
v -0.027496 0.689077 -0.780980
v -0.117024 0.613264 -0.799698
v 0.087454 0.568166 -0.821961
v 0.044504 0.692137 -0.789792
v 0.135954 0.614816 -0.800824
v 0.044357 0.466233 -0.835063
v -0.044808 0.465878 -0.835250
v 0.041950 0.401559 -0.835166
v -0.045406 0.400522 -0.835698
v 0.142691 0.546794 -0.823995
v 0.088547 0.438933 -0.838825
v -0.127705 0.545489 -0.822991
v -0.088934 0.436743 -0.839893
v 0.344859 0.094755 -0.340177
v 0.350121 0.069329 -0.264901
v 0.347171 0.116304 -0.349847
v 0.350892 0.084819 -0.264951
v 0.335199 0.036834 -0.279888
v 0.348634 0.034423 -0.234880
v 0.332123 0.011109 -0.253585
v 0.350507 0.008852 -0.207968
v 0.334776 0.069634 -0.352626
v 0.324060 0.025497 -0.293963
v 0.324805 0.061309 -0.375055
v 0.345397 0.115560 -0.393012
v 0.332645 0.082855 -0.408214
v 0.354489 0.060026 -0.227522
v 0.355194 0.022351 -0.200061
v 0.373227 -0.034271 0.313842
v 0.381562 -0.040872 0.261946
v 0.365107 -0.017640 0.292125
v 0.375093 -0.024636 0.237013
v 0.393682 -0.088539 0.345928
v 0.393859 -0.071570 0.279972
v 0.400665 -0.111661 0.347523
v 0.401405 -0.089159 0.274273
v 0.380020 -0.061267 0.366812
v 0.394619 -0.108596 0.383756
v 0.378478 -0.074822 0.406760
v 0.363007 -0.022914 0.332554
v 0.369318 -0.051409 0.392083
v 0.382669 -0.037367 0.224492
v 0.395448 -0.069953 0.242699
v -0.341302 0.087618 -0.327205
v -0.345680 0.063692 -0.253186
v -0.343714 0.110835 -0.334410
v -0.347410 0.081325 -0.252370
v -0.334639 0.024867 -0.274842
v -0.344386 0.026532 -0.226543
v -0.336685 -0.004141 -0.254540
v -0.348974 0.001490 -0.201311
v -0.331462 0.061172 -0.339974
v -0.327023 0.010925 -0.292223
v -0.322070 0.051659 -0.363388
v -0.341717 0.108896 -0.375600
v -0.329568 0.075966 -0.391512
v -0.349532 0.056365 -0.216102
v -0.350537 0.016627 -0.190296
v -0.372560 -0.035152 0.323103
v -0.382064 -0.040511 0.272717
v -0.365250 -0.018515 0.303162
v -0.373934 -0.024977 0.248883
v -0.393928 -0.089324 0.349455
v -0.395516 -0.070474 0.287499
v -0.401453 -0.112458 0.348033
v -0.403031 -0.087557 0.280085
v -0.379218 -0.062770 0.372911
v -0.395580 -0.109608 0.384187
v -0.379117 -0.076319 0.411102
v -0.363790 -0.023857 0.342757
v -0.370093 -0.052402 0.399235
v -0.382007 -0.036779 0.235571
v -0.398206 -0.066665 0.251747
v -0.049923 0.326271 -0.151884
v -0.067725 0.461489 -0.169788
v -0.085187 0.312309 -0.157070
v -0.112684 0.444725 -0.179138
v 0.065515 0.329351 -0.151064
v 0.079925 0.463720 -0.177370
v 0.100667 0.317247 -0.154997
v 0.123282 0.447306 -0.181055
v 0.007206 0.280806 -0.128557
v -0.063975 0.272905 -0.127864
v -0.012609 0.267151 -0.076166
v 0.002918 0.546747 -0.198991
v -0.099894 0.523566 -0.200643
v -0.027926 0.621248 -0.229661
v 0.078875 0.275227 -0.127105
v 0.024680 0.266826 -0.075658
v 0.107979 0.531698 -0.199984
v 0.030058 0.621244 -0.236350
v -0.160857 0.227879 0.090243
v -0.206954 0.184527 0.131837
v -0.164019 0.226431 0.034445
v -0.210558 0.189168 0.078879
v -0.104471 0.190581 0.225140
v -0.155249 0.161507 0.264342
v -0.080373 0.176329 0.264522
v -0.134018 0.152703 0.305026
v -0.108187 0.225816 0.138820
v -0.133483 0.240897 0.035842
v -0.082809 0.240084 0.086648
v -0.205465 0.154202 0.217897
v -0.229362 0.166302 0.124677
v -0.234610 0.136063 0.213775
v -0.061852 0.193686 0.222307
v -0.062594 0.225291 0.133281
v -0.168736 0.141899 0.303139
v -0.220049 0.133912 0.258335
v -0.239032 0.723809 -0.435223
v -0.368440 0.797437 -0.509080
v -0.242687 0.640598 -0.391440
v -0.371976 0.661241 -0.452123
v -0.231036 0.961792 -0.577607
v -0.261518 0.749677 -0.639090
v -0.159983 0.837468 -0.626458
v -0.239206 0.730735 -0.690080
v -0.184865 0.867166 -0.460062
v -0.195325 0.675445 -0.375090
v -0.130422 0.786541 -0.407530
v -0.343608 0.696892 -0.576494
v -0.544464 0.741466 -0.463134
v -0.379885 0.647084 -0.543221
v -0.133742 0.873188 -0.559624
v -0.111031 0.859618 -0.461202
v -0.275964 0.672245 -0.676482
v -0.333490 0.624146 -0.600703
v -0.281735 0.301780 -0.308602
v -0.296796 0.191537 -0.211872
v -0.265492 0.320682 -0.301479
v -0.288263 0.203207 -0.204145
v -0.311834 0.211218 -0.333301
v -0.326627 0.152599 -0.237871
v -0.327419 0.186807 -0.338899
v -0.336372 0.136296 -0.243436
v -0.312016 0.312730 -0.370999
v -0.281701 0.407519 -0.354274
v -0.317024 0.397634 -0.418626
v -0.322531 0.143523 -0.180609
v -0.305062 0.161655 -0.161833
v -0.329297 0.121675 -0.130924
v -0.324224 0.230503 -0.388157
v -0.333606 0.337810 -0.427050
v -0.339490 0.120045 -0.196007
v -0.335939 0.113227 -0.140756
v -0.316700 0.096556 0.100053
v -0.329074 0.088536 0.040060
v -0.296830 0.123027 0.056419
v -0.311608 0.117628 -0.001787
v -0.339015 0.045113 0.199460
v -0.347345 0.037822 0.139160
v -0.344797 0.029651 0.228199
v -0.353230 0.021910 0.169337
v -0.325522 0.072975 0.184703
v -0.296719 0.114355 0.106877
v -0.310879 0.087642 0.197061
v -0.343467 0.060662 0.061779
v -0.325267 0.101890 -0.010535
v -0.342993 0.070092 0.014871
v -0.336881 0.041986 0.245322
v -0.320232 0.071154 0.230998
v -0.353329 0.027723 0.125038
v -0.348529 0.051983 0.048660
v 0.169327 0.227516 0.084661
v 0.211844 0.193419 0.123941
v 0.170179 0.228171 0.029063
v 0.212832 0.196020 0.071871
v 0.106218 0.192762 0.219331
v 0.157100 0.166778 0.258470
v 0.082958 0.180030 0.261990
v 0.134698 0.157643 0.299836
v 0.114605 0.225404 0.133259
v 0.140447 0.239301 0.030695
v 0.088751 0.237118 0.081567
v 0.064933 0.196019 0.219153
v 0.068202 0.224589 0.129661
v 0.208570 0.161054 0.211512
v 0.228487 0.174206 0.115165
v 0.233471 0.144173 0.204421
v 0.169708 0.147938 0.297434
v 0.220451 0.137899 0.250666
v 0.232670 0.740192 -0.452278
v 0.303787 0.688247 -0.485403
v 0.221059 0.632538 -0.386791
v 0.281909 0.595488 -0.426416
v 0.186944 0.876191 -0.600824
v 0.252090 0.770114 -0.623539
v 0.154091 0.819619 -0.645841
v 0.247781 0.754892 -0.690170
v 0.226738 0.979114 -0.497550
v 0.194894 0.689514 -0.382115
v 0.153726 0.834309 -0.412041
v 0.130307 0.857316 -0.589606
v 0.123963 0.882823 -0.480089
v 0.325977 0.783508 -0.519645
v 0.361937 0.622542 -0.456014
v 0.520085 0.761089 -0.508239
v 0.275209 0.704442 -0.651116
v 0.338331 0.697064 -0.489928
v 0.293116 0.276262 -0.300632
v 0.304096 0.193419 -0.215608
v 0.280740 0.293974 -0.295301
v 0.290443 0.207220 -0.207381
v 0.326342 0.216015 -0.334240
v 0.333571 0.152808 -0.244159
v 0.336668 0.191139 -0.345111
v 0.340949 0.136751 -0.252703
v 0.306972 0.300266 -0.351636
v 0.295463 0.344436 -0.334153
v 0.297405 0.381025 -0.372442
v 0.326747 0.143870 -0.186540
v 0.305768 0.168392 -0.168095
v 0.329520 0.121837 -0.139759
v 0.333245 0.237929 -0.390051
v 0.316244 0.340249 -0.407200
v 0.342431 0.119321 -0.205801
v 0.337890 0.111202 -0.149598
v 0.303855 0.104487 0.083509
v 0.317746 0.098748 0.024224
v 0.286111 0.130943 0.043839
v 0.301514 0.127321 -0.013993
v 0.335515 0.048000 0.184556
v 0.346007 0.041564 0.124213
v 0.342871 0.031852 0.214019
v 0.353750 0.024759 0.154368
v 0.316810 0.076669 0.168465
v 0.285720 0.121797 0.092475
v 0.300827 0.091904 0.180791
v 0.338486 0.065551 0.046588
v 0.315329 0.112356 -0.024413
v 0.337704 0.074811 -0.000004
v 0.332534 0.044471 0.230466
v 0.312472 0.073261 0.215561
v 0.353737 0.030930 0.110105
v 0.345844 0.055687 0.033410
v -0.085668 -0.702730 0.064312
v -0.084636 -0.710187 -0.056176
v -0.137586 -0.702282 0.056771
v -0.134485 -0.754978 -0.054178
v 0.072203 -0.703290 0.068590
v 0.077651 -0.711540 -0.058247
v 0.125481 -0.704799 0.063902
v 0.133954 -0.742515 -0.063575
v -0.008672 -0.700021 0.134334
v -0.113567 -0.697863 0.122299
v -0.036490 -0.701334 0.198256
v -0.005265 -0.674799 -0.115248
v -0.109770 -0.736557 -0.116362
v -0.029788 -0.665095 -0.168628
v 0.096645 -0.698887 0.135551
v 0.016185 -0.701078 0.203895
v 0.111565 -0.727686 -0.119248
v 0.025678 -0.664870 -0.168848
v -0.211154 -0.662723 0.353842
v -0.270011 -0.611675 0.382112
v -0.229326 -0.651025 0.281142
v -0.284396 -0.595994 0.308537
v -0.169179 -0.810596 0.544340
v -0.314630 -0.827202 0.576703
v -0.137789 -0.913248 0.608178
v -0.362006 -0.891874 0.685173
v -0.151077 -0.700607 0.442620
v -0.190845 -0.680373 0.298916
v -0.121191 -0.702895 0.382974
v -0.307527 -0.642967 0.486835
v -0.305456 -0.571089 0.350576
v -0.333295 -0.572452 0.454545
v -0.109215 -0.770786 0.564712
v -0.095724 -0.711496 0.449984
v -0.444353 -0.843121 0.657049
v -0.350121 -0.616776 0.525020
v -0.198562 -0.708446 -0.342592
v -0.278770 -0.606945 -0.363084
v -0.236055 -0.809965 -0.351281
v -0.336547 -0.676739 -0.359578
v -0.104914 -0.516964 -0.366784
v -0.163417 -0.450208 -0.385209
v -0.077775 -0.473859 -0.382763
v -0.132572 -0.412142 -0.401319
v -0.117979 -0.617022 -0.329895
v -0.173377 -0.780085 -0.317385
v -0.099136 -0.655101 -0.299767
v -0.245192 -0.469038 -0.369077
v -0.337708 -0.562842 -0.359926
v -0.291709 -0.433203 -0.359466
v -0.061640 -0.518855 -0.363447
v -0.069628 -0.604141 -0.321448
v -0.173901 -0.391187 -0.399222
v -0.251898 -0.397238 -0.374502
v -0.435234 -0.334617 -0.183577
v -0.447821 -0.295088 -0.093104
v -0.448816 -0.400957 -0.175784
v -0.452232 -0.353125 -0.079227
v -0.388812 -0.165520 -0.203216
v -0.401454 -0.148092 -0.134539
v -0.368651 -0.120799 -0.212995
v -0.384949 -0.106533 -0.149011
v -0.403201 -0.255926 -0.234079
v -0.432745 -0.386273 -0.228785
v -0.392161 -0.298423 -0.273150
v -0.431879 -0.201249 -0.075132
v -0.458336 -0.298227 -0.040519
v -0.441719 -0.206262 -0.028099
v -0.366832 -0.150040 -0.241417
v -0.375037 -0.238457 -0.272370
v -0.398294 -0.117608 -0.108565
v -0.424420 -0.165795 -0.047286
v -0.392734 -0.380534 0.235265
v -0.411051 -0.328640 0.155580
v -0.384509 -0.422411 0.205691
v -0.409019 -0.371813 0.126399
v -0.410078 -0.252407 0.304976
v -0.415376 -0.206637 0.226193
v -0.410103 -0.212321 0.320704
v -0.414554 -0.170179 0.244169
v -0.399588 -0.341731 0.317919
v -0.377796 -0.427763 0.263570
v -0.387018 -0.393392 0.350720
v -0.418616 -0.240900 0.156946
v -0.419244 -0.323774 0.104260
v -0.423620 -0.235365 0.109005
v -0.405700 -0.255555 0.354581
v -0.397993 -0.347231 0.373893
v -0.415805 -0.167335 0.198619
v -0.420253 -0.197974 0.132134
v 0.185863 -0.694601 0.455632
v 0.257060 -0.673153 0.482895
v 0.211779 -0.675648 0.356452
v 0.271923 -0.631742 0.388260
v 0.114666 -0.916645 0.656439
v 0.322047 -0.943766 0.689834
v 0.169255 -0.829900 0.704430
v 0.263899 -0.915586 0.802107
v 0.133035 -0.750050 0.521691
v 0.167403 -0.695764 0.366455
v 0.096949 -0.715853 0.437750
v 0.096516 -0.770303 0.628584
v 0.079598 -0.729014 0.500829
v 0.360473 -0.763848 0.552614
v 0.301731 -0.616969 0.429913
v 0.357132 -0.643643 0.545053
v 0.409291 -0.851287 0.714914
v 0.372900 -0.705233 0.669612
v 0.193453 -0.703457 -0.346069
v 0.275108 -0.598400 -0.359875
v 0.232818 -0.815265 -0.362526
v 0.325405 -0.670010 -0.362233
v 0.108944 -0.513211 -0.366102
v 0.166067 -0.445651 -0.383560
v 0.083882 -0.472036 -0.382425
v 0.137603 -0.409002 -0.399044
v 0.116646 -0.613204 -0.331264
v 0.164430 -0.776716 -0.319290
v 0.096328 -0.651450 -0.301132
v 0.066066 -0.516792 -0.363267
v 0.070357 -0.601907 -0.321620
v 0.244234 -0.461938 -0.369207
v 0.331709 -0.555325 -0.353693
v 0.289531 -0.425175 -0.361841
v 0.177189 -0.386159 -0.395241
v 0.251413 -0.390426 -0.374142
v 0.430194 -0.326299 -0.189213
v 0.447657 -0.289553 -0.101987
v 0.451747 -0.388958 -0.182405
v 0.447504 -0.348305 -0.085739
v 0.384096 -0.156407 -0.206174
v 0.394001 -0.140992 -0.137571
v 0.364222 -0.109470 -0.213816
v 0.381246 -0.096785 -0.151732
v 0.394974 -0.247724 -0.236938
v 0.425441 -0.376281 -0.234660
v 0.383271 -0.289265 -0.276338
v 0.429868 -0.195095 -0.082919
v 0.454234 -0.295880 -0.048876
v 0.441375 -0.200614 -0.036962
v 0.363530 -0.138785 -0.243314
v 0.372273 -0.227125 -0.274596
v 0.394231 -0.110776 -0.114017
v 0.431750 -0.152685 -0.052407
v 0.387460 -0.391174 0.266508
v 0.406819 -0.332654 0.172325
v 0.379276 -0.434654 0.238245
v 0.404292 -0.376444 0.144463
v 0.404165 -0.258224 0.323800
v 0.412137 -0.209086 0.234123
v 0.406255 -0.216198 0.334355
v 0.411894 -0.172372 0.247925
v 0.392319 -0.352851 0.351306
v 0.372751 -0.443740 0.304504
v 0.383115 -0.407779 0.395628
v 0.414795 -0.243617 0.163795
v 0.416309 -0.324849 0.115596
v 0.421580 -0.235562 0.111901
v 0.402522 -0.259184 0.377073
v 0.391741 -0.357885 0.412069
v 0.413419 -0.169338 0.199664
v 0.418160 -0.199408 0.132993
v 0.065998 -0.070492 0.881133
v -0.073671 -0.077949 0.887552
v 0.065932 -0.152325 0.918281
v -0.086611 -0.151448 0.943657
v 0.052970 0.071594 0.749047
v -0.055659 0.069549 0.751184
v 0.049018 0.098731 0.702486
v -0.051054 0.098582 0.705655
v 0.118286 0.012715 0.803104
v 0.131174 -0.106595 0.873625
v 0.175016 -0.017309 0.797414
v -0.121227 0.003569 0.806582
v -0.142642 -0.118674 0.886170
v -0.179615 -0.027316 0.805902
v 0.101114 0.081663 0.714324
v 0.163755 0.026072 0.759668
v -0.103832 0.080913 0.720164
v -0.169149 0.021700 0.770015
v 0.361639 -0.364932 0.733898
v 0.329885 -0.247982 0.762764
v 0.333137 -0.421064 0.784245
v 0.295702 -0.291216 0.811817
v 0.390287 -0.226282 0.571097
v 0.376412 -0.148775 0.601287
v 0.392895 -0.189834 0.520011
v 0.374266 -0.128634 0.547338
v 0.388836 -0.337091 0.634122
v 0.364431 -0.459130 0.746387
v 0.393553 -0.415857 0.641717
v 0.394753 -0.242077 0.525648
v 0.393711 -0.353654 0.582823
v 0.352959 -0.141030 0.696414
v 0.295232 -0.210185 0.802280
v 0.318879 -0.109521 0.732116
v 0.360263 -0.105856 0.583434
v 0.334534 -0.091038 0.675197
v -0.366023 -0.375306 0.724526
v -0.334426 -0.266340 0.768336
v -0.350245 -0.445562 0.778622
v -0.296394 -0.313748 0.813917
v -0.390956 -0.233452 0.558243
v -0.382349 -0.155401 0.604190
v -0.393037 -0.196341 0.509384
v -0.381522 -0.131663 0.549830
v -0.389555 -0.343084 0.606691
v -0.370593 -0.476489 0.721225
v -0.393735 -0.416281 0.596911
v -0.395541 -0.246672 0.507035
v -0.393615 -0.354349 0.546198
v -0.354708 -0.155930 0.705977
v -0.297233 -0.232622 0.810235
v -0.322747 -0.125999 0.744991
v -0.365946 -0.111161 0.589584
v -0.336874 -0.103260 0.685718
v 0.224066 0.088885 0.450624
v 0.217209 0.075831 0.532537
v 0.191673 0.104601 0.457753
v 0.183009 0.096905 0.540311
v 0.304497 0.036632 0.411827
v 0.302962 0.014325 0.486264
v 0.322747 0.019774 0.393044
v 0.324431 -0.004891 0.465036
v 0.271177 0.071220 0.396505
v 0.210660 0.102759 0.413711
v 0.259877 0.087766 0.362966
v 0.314142 0.037942 0.366251
v 0.285581 0.070665 0.352332
v 0.264587 0.035116 0.555863
v 0.195994 0.079361 0.580034
v 0.247843 0.036007 0.607442
v 0.315689 -0.009703 0.513737
v 0.279444 0.011066 0.588545
v -0.224792 0.088319 0.457935
v -0.218222 0.074393 0.540347
v -0.191055 0.103518 0.463517
v -0.183798 0.094650 0.548035
v -0.306995 0.035918 0.422678
v -0.305908 0.013066 0.496496
v -0.324952 0.018845 0.404389
v -0.327104 -0.006628 0.474812
v -0.272307 0.070539 0.405518
v -0.211432 0.102009 0.420601
v -0.261101 0.086412 0.371701
v -0.316708 0.037277 0.377993
v -0.288702 0.070141 0.363212
v -0.264997 0.032305 0.563829
v -0.197199 0.077957 0.587800
v -0.248019 0.032500 0.615220
v -0.318129 -0.012193 0.523180
v -0.280097 0.006582 0.597044
v 0.025481 0.039001 -0.598626
v -0.028624 0.038038 -0.597379
v 0.024201 0.008493 -0.544088
v -0.025118 0.008225 -0.542870
v 0.032960 0.144563 -0.771342
v -0.041278 0.146780 -0.765140
v 0.034275 0.203238 -0.801766
v -0.043741 0.202148 -0.798699
v 0.058199 0.086560 -0.683671
v 0.051016 0.021437 -0.568592
v 0.085237 0.064115 -0.652720
v -0.065341 0.082440 -0.681958
v -0.052435 0.021486 -0.566000
v -0.091486 0.057336 -0.651774
v 0.068617 0.173778 -0.790107
v 0.090903 0.099667 -0.713263
v -0.077081 0.171193 -0.782401
v -0.100303 0.091073 -0.712836
v 0.184120 -0.146685 -0.414108
v 0.148522 -0.057389 -0.436544
v 0.158039 -0.181055 -0.432325
v 0.123966 -0.090653 -0.451853
v 0.257562 -0.053213 -0.357201
v 0.238854 0.000554 -0.430711
v 0.279900 -0.029490 -0.344069
v 0.266228 0.016208 -0.425661
v 0.242161 -0.140352 -0.375584
v 0.187372 -0.208074 -0.413702
v 0.249821 -0.199022 -0.377511
v 0.284744 -0.079300 -0.333139
v 0.276831 -0.164451 -0.356817
v 0.182929 -0.005154 -0.478728
v 0.121439 -0.033206 -0.464359
v 0.158719 0.002577 -0.530206
v 0.246684 0.016515 -0.489006
v 0.190880 0.001913 -0.545852
v -0.185345 -0.152209 -0.420977
v -0.146141 -0.061172 -0.438666
v -0.155849 -0.185595 -0.436852
v -0.121158 -0.093675 -0.454154
v -0.260517 -0.061322 -0.356777
v -0.233020 0.002027 -0.415636
v -0.282018 -0.038353 -0.339127
v -0.262913 0.016878 -0.409538
v -0.246648 -0.147140 -0.380946
v -0.189051 -0.213816 -0.422218
v -0.254621 -0.206224 -0.384796
v -0.288243 -0.088704 -0.333313
v -0.282558 -0.172230 -0.360216
v -0.178442 -0.003431 -0.467856
v -0.117921 -0.036410 -0.465812
v -0.157257 -0.000218 -0.522504
v -0.245699 0.021553 -0.471976
v -0.192831 0.004540 -0.536333
v 0.296521 0.404230 -0.853209
v 0.248825 0.284677 -0.912003
v 0.257216 0.444985 -0.838500
v 0.209258 0.337489 -0.886888
v 0.406757 0.237935 -0.701965
v 0.370363 0.111125 -0.781413
v 0.379536 0.195189 -0.608322
v 0.360914 0.107750 -0.657215
v 0.358020 0.366667 -0.736906
v 0.300143 0.477032 -0.787156
v 0.341677 0.435373 -0.681813
v 0.373515 0.253462 -0.604061
v 0.354370 0.372811 -0.638037
v 0.268176 0.105238 -0.935761
v 0.198437 0.254138 -0.873844
v 0.208230 0.118314 -0.849665
v 0.317479 0.064921 -0.712056
v 0.216157 0.058002 -0.834368
v -0.325637 0.381032 -0.851753
v -0.264961 0.251235 -0.997447
v -0.272510 0.436360 -0.852661
v -0.220757 0.317057 -0.912216
v -0.376856 0.216054 -0.653904
v -0.367979 0.110064 -0.725718
v -0.361759 0.183992 -0.572343
v -0.350834 0.109901 -0.615530
v -0.367016 0.334282 -0.711894
v -0.310309 0.454937 -0.794636
v -0.348920 0.406353 -0.680059
v -0.362675 0.236291 -0.576135
v -0.360255 0.347619 -0.628229
v -0.277109 0.078811 -0.901779
v -0.207691 0.228430 -0.899971
v -0.222403 0.092996 -0.853215
v -0.332893 0.073442 -0.673893
v -0.243355 0.035013 -0.830795
v 0.371340 0.012852 -0.068092
v 0.382984 -0.027052 -0.049505
v 0.367235 0.024817 -0.108943
v 0.377381 -0.015577 -0.089234
v 0.380020 -0.015986 0.058461
v 0.392734 -0.053815 0.075463
v 0.381912 -0.022551 0.100950
v 0.394948 -0.059889 0.118228
v 0.370389 0.014033 -0.015142
v 0.364063 0.037259 -0.099522
v 0.362960 0.036517 -0.046884
v 0.374553 -0.002905 0.070636
v 0.365479 0.025506 -0.003451
v 0.396118 -0.064319 0.019376
v 0.387491 -0.043296 -0.062109
v 0.402747 -0.083571 0.004217
v 0.399797 -0.079301 0.105158
v 0.404815 -0.092753 0.046979
v -0.368080 0.013059 -0.055131
v -0.379791 -0.028669 -0.037363
v -0.363673 0.024155 -0.095785
v -0.373666 -0.018203 -0.077197
v -0.377430 -0.015354 0.072531
v -0.391981 -0.052265 0.088422
v -0.379243 -0.022491 0.114968
v -0.394193 -0.057491 0.130452
v -0.367706 0.015244 -0.000959
v -0.361636 0.038216 -0.087052
v -0.361342 0.038135 -0.032636
v -0.371721 -0.003452 0.085287
v -0.363366 0.026270 0.011057
v -0.396000 -0.063017 0.032455
v -0.384354 -0.046901 -0.051557
v -0.402423 -0.083880 0.015813
v -0.400606 -0.076329 0.116471
v -0.405386 -0.091541 0.057741
v -0.129213 0.259331 -0.124948
v -0.148517 0.244640 -0.071389
v -0.175472 0.468840 -0.236330
v -0.200947 0.511042 -0.292343
v -0.118356 0.254123 -0.072369
v -0.169440 0.547395 -0.271366
v -0.237181 0.179053 0.022773
v -0.258092 0.163852 0.018141
v -0.255649 0.155725 0.068339
v -0.318974 0.488198 -0.383737
v -0.281246 0.403526 -0.348650
v -0.323654 0.509969 -0.403049
v -0.285608 0.187872 -0.146587
v -0.290210 0.166088 -0.095549
v -0.301714 0.151620 -0.103619
v 0.140493 0.263583 -0.124100
v 0.156076 0.248145 -0.073027
v 0.165385 0.467478 -0.240224
v 0.186093 0.507317 -0.285625
v 0.128036 0.255405 -0.073769
v 0.162926 0.547615 -0.273722
v 0.233129 0.186388 0.016043
v 0.251222 0.172278 0.010503
v 0.250285 0.162904 0.059285
v 0.254469 0.435661 -0.355052
v 0.259648 0.369267 -0.323515
v 0.279803 0.435989 -0.383377
v 0.279091 0.195381 -0.149042
v 0.282304 0.174717 -0.100951
v 0.296064 0.161143 -0.110661
v -0.211121 -0.675945 0.102132
v -0.230721 -0.661977 0.158594
v -0.202857 -0.934906 -0.075924
v -0.262742 -0.983378 -0.198793
v -0.188862 -0.684039 0.170667
v -0.134435 -0.925699 -0.199626
v -0.329403 -0.548059 0.219421
v -0.354985 -0.507676 0.196507
v -0.343256 -0.513704 0.257190
v -0.450679 -0.631248 -0.273371
v -0.450544 -0.544623 -0.215199
v -0.430262 -0.531015 -0.273125
v -0.433365 -0.415641 -0.011009
v -0.419209 -0.416412 0.042536
v -0.431885 -0.364307 0.023150
v 0.199173 -0.684540 0.123975
v 0.219164 -0.676341 0.195350
v 0.193111 -0.935544 -0.094001
v 0.256758 -0.974818 -0.198103
v 0.173750 -0.695532 0.202801
v 0.129636 -0.931611 -0.200762
v 0.321349 -0.568574 0.269241
v 0.348521 -0.523395 0.237910
v 0.337793 -0.536428 0.310007
v 0.433390 -0.620996 -0.277201
v 0.450819 -0.532546 -0.218310
v 0.412625 -0.521704 -0.279561
v 0.428959 -0.413878 -0.006404
v 0.414925 -0.417605 0.052993
v 0.428366 -0.363363 0.028440
v -0.064474 -0.697138 0.675634
v 0.011778 -0.644745 0.693364
v -0.314614 -0.798976 0.839680
v -0.364506 -0.693365 0.837096
v -0.010128 -0.668853 0.634592
v -0.229555 -0.746522 0.737600
v 0.243808 -0.707659 0.839207
v 0.272027 -0.582562 0.835080
v 0.332598 -0.659430 0.846366
v 0.129148 -0.266331 0.895818
v 0.189947 -0.300471 0.872871
v -0.133830 -0.278012 0.895859
v -0.192399 -0.317947 0.870982
v 0.194587 -0.218797 0.870860
v -0.197050 -0.237652 0.874626
v -0.018453 0.167551 0.303302
v 0.021483 0.168277 0.302886
v -0.127398 0.134302 0.384604
v -0.141154 0.125010 0.424558
v 0.001802 0.180675 0.262453
v -0.162710 0.125542 0.384020
v 0.127004 0.138639 0.379943
v 0.141868 0.128506 0.420180
v 0.162047 0.129221 0.378194
v 0.086042 0.123977 0.624689
v 0.121810 0.123318 0.588312
v -0.085936 0.119933 0.628310
v -0.118391 0.115499 0.590660
v 0.129676 0.106333 0.630083
v -0.131221 0.104573 0.636530
v -0.015191 -0.440276 -0.399771
v 0.022941 -0.439785 -0.399574
v -0.114500 -0.327999 -0.434170
v -0.122515 -0.276528 -0.449169
v 0.003165 -0.478535 -0.380601
v -0.151821 -0.304192 -0.431061
v 0.121777 -0.328737 -0.433545
v 0.129206 -0.277515 -0.447193
v 0.155801 -0.300404 -0.423941
v 0.047804 -0.064679 -0.494823
v 0.072811 -0.093295 -0.478798
v -0.046083 -0.066011 -0.496147
v -0.070071 -0.094248 -0.480779
v 0.071425 -0.035809 -0.494999
v -0.069643 -0.036630 -0.495186
v -0.042046 0.817245 -0.717867
v 0.043475 0.803419 -0.711703
v -0.225959 0.640108 -0.783338
v -0.228932 0.560035 -0.816485
v 0.005255 0.837546 -0.649853
v -0.271446 0.587039 -0.776677
v 0.236350 0.652077 -0.777636
v 0.232337 0.564849 -0.801615
v 0.282752 0.604812 -0.764832
v 0.077438 0.301270 -0.831542
v 0.122197 0.337214 -0.845021
v -0.085510 0.298378 -0.832640
v -0.129519 0.331402 -0.851210
v 0.113701 0.266809 -0.833955
v -0.123999 0.258851 -0.838923
v 0.348054 0.173300 -0.406021
v 0.353413 0.173449 -0.463651
v 0.351766 0.090319 -0.219915
v 0.357167 0.062995 -0.183449
v 0.351514 0.211788 -0.462802
v 0.354435 0.076716 -0.176464
v 0.326875 -0.045672 -0.253826
v 0.312270 -0.028026 -0.291418
v 0.364744 -0.034814 -0.147495
v 0.369201 -0.018316 -0.136686
v 0.321675 -0.072329 -0.280409
v 0.378064 -0.048531 -0.112192
v 0.301681 0.053692 -0.461782
v 0.317442 0.075425 -0.511692
v 0.293163 0.050679 -0.540258
v 0.347137 0.011755 0.285160
v 0.343291 0.007860 0.329067
v 0.368957 -0.003404 0.169137
v 0.375878 -0.015260 0.155625
v 0.335911 0.025122 0.303658
v 0.369021 0.002339 0.126576
v 0.403552 -0.174254 0.386859
v 0.399954 -0.168494 0.430076
v 0.408025 -0.109036 0.224881
v 0.402175 -0.086186 0.191873
v 0.400755 -0.211935 0.430613
v 0.407521 -0.108160 0.180547
v 0.364467 -0.075936 0.481502
v 0.354014 -0.047284 0.463217
v 0.349054 -0.057913 0.511456
v -0.341216 0.166028 -0.391608
v -0.346374 0.165349 -0.443498
v -0.349665 0.089551 -0.207621
v -0.354165 0.062403 -0.171211
v -0.344432 0.202818 -0.447899
v -0.352632 0.077470 -0.164372
v -0.334763 -0.060838 -0.257128
v -0.316353 -0.041131 -0.289056
v -0.369419 -0.043707 -0.144650
v -0.367619 -0.022820 -0.127550
v -0.325743 -0.085933 -0.280770
v -0.379850 -0.055969 -0.106367
v -0.301324 0.049953 -0.445548
v -0.318092 0.073519 -0.488530
v -0.295993 0.054084 -0.518102
v -0.348664 0.010118 0.298078
v -0.345176 0.006714 0.340652
v -0.366675 -0.005102 0.182982
v -0.373532 -0.016452 0.169035
v -0.337844 0.023698 0.316220
v -0.366367 0.000315 0.141401
v -0.404211 -0.175082 0.376986
v -0.399455 -0.171633 0.420528
v -0.410128 -0.106239 0.230416
v -0.404195 -0.082130 0.201126
v -0.401500 -0.212555 0.414761
v -0.409497 -0.104676 0.187631
v -0.366901 -0.078991 0.486232
v -0.354958 -0.050068 0.469952
v -0.352104 -0.061264 0.518305
v -0.016283 0.249020 0.029884
v 0.025129 0.247948 0.029728
v 0.004087 0.237332 0.080473
v -0.025302 0.752752 -0.333411
v 0.038704 0.751197 -0.340122
v 0.010629 0.794640 -0.404485
v -0.279456 0.104083 0.250243
v -0.265214 0.102474 0.293199
v -0.293419 0.085326 0.287638
v -0.343845 0.490664 -0.524256
v -0.342178 0.485078 -0.584819
v -0.345699 0.419763 -0.539268
v -0.346178 0.075733 -0.044407
v -0.350626 0.069379 -0.055717
v -0.352470 0.055634 -0.009650
v 0.271359 0.107272 0.235918
v 0.261206 0.105488 0.282311
v 0.286519 0.087769 0.274382
v 0.348888 0.526571 -0.490348
v 0.357550 0.518352 -0.562679
v 0.341093 0.442349 -0.519856
v 0.343883 0.076878 -0.057936
v 0.349913 0.068551 -0.069077
v 0.352251 0.055441 -0.023919
v -0.038067 -0.705447 0.333071
v 0.016287 -0.706515 0.343798
v -0.009132 -0.708992 0.405666
v -0.025833 -0.647835 -0.256302
v 0.026022 -0.647094 -0.255723
v 0.000718 -0.624470 -0.288279
v -0.374890 -0.462786 0.447164
v -0.383581 -0.478007 0.512060
v -0.388008 -0.411600 0.470096
v -0.332366 -0.318078 -0.341462
v -0.294734 -0.293231 -0.363771
v -0.328713 -0.254841 -0.342695
v -0.429483 -0.181413 0.042644
v -0.421641 -0.141058 0.021132
v -0.421542 -0.149020 0.064226
v 0.383773 -0.485256 0.515361
v 0.398957 -0.497554 0.582365
v 0.392030 -0.422736 0.524521
v 0.331540 -0.307836 -0.345919
v 0.293385 -0.284013 -0.365211
v 0.330012 -0.242266 -0.347541
v 0.430091 -0.177757 0.035635
v 0.422951 -0.138091 0.011269
v 0.419710 -0.149359 0.057001
v 0.256857 -0.034991 0.728160
v 0.241609 0.003862 0.695051
v 0.281186 -0.023416 0.674822
v -0.264329 -0.041301 0.743810
v -0.247417 0.001944 0.708844
v -0.284949 -0.029403 0.687601
v 0.141832 0.041939 -0.646103
v 0.151057 0.071996 -0.719239
v 0.172305 0.029642 -0.680495
v -0.150784 0.028039 -0.648745
v -0.164697 0.046985 -0.731983
v -0.187406 0.012543 -0.687624
f 1 647 644
f 1 644 643
f 1 643 645
f 1 645 646
f 1 646 647
f 2 649 652
f 6 672 670
f 12 702 699
f 11 696 695
f 8 679 681
f 4 662 659
f 4 659 658
f 4 658 660
f 4 660 661
f 4 661 662
f 5 666 665
f 3 654 657
f 7 673 677
f 9 685 686
f 10 692 688
f 12 701 698
f 6 669 668
f 2 650 648
f 8 682 678
f 11 697 693
f 6 671 669
f 12 700 701
f 11 694 697
f 8 680 682
f 2 651 650
f 10 690 689
f 5 663 664
f 3 655 653
f 7 676 674
f 9 687 684
f 10 691 690
f 5 667 663
f 3 656 655
f 7 675 676
f 9 683 687
f 6 668 672
f 2 648 649
f 8 678 679
f 11 693 696
f 12 698 702
f 10 688 691
f 5 665 667
f 3 657 656
f 7 677 675
f 9 686 683
f 5 664 666
f 3 653 654
f 7 674 673
f 9 684 685
f 10 689 692
f 6 670 671
f 12 699 700
f 11 695 694
f 8 681 680
f 2 652 651
f 35 837 838
f 18 735 736
f 19 742 741
f 40 868 867
f 42 880 879
f 34 832 831
f 33 827 828
f 25 778 780
f 36 844 846
f 20 749 747
f 32 819 820
f 23 765 767
f 24 773 771
f 37 850 849
f 41 876 875
f 34 833 834
f 33 826 825
f 25 779 777
f 36 845 843
f 20 748 750
f 17 729 727
f 14 711 709
f 13 706 703
f 15 718 715
f 16 724 721
f 18 737 733
f 35 839 835
f 42 882 878
f 40 870 866
f 19 744 740
f 30 807 805
f 27 789 787
f 22 762 758
f 28 797 793
f 29 802 799
f 32 821 817
f 23 766 763
f 24 774 770
f 37 852 848
f 41 874 872
f 35 838 836
f 18 736 734
f 19 741 739
f 40 867 865
f 42 879 877
f 34 831 829
f 33 828 824
f 25 780 776
f 36 846 842
f 20 747 745
f 32 820 818
f 23 767 764
f 24 771 769
f 37 849 847
f 41 875 871
f 34 834 830
f 33 825 823
f 25 777 775
f 36 843 841
f 20 750 746
f 14 714 710
f 13 707 704
f 15 719 716
f 16 725 722
f 17 732 728
f 21 755 752
f 31 814 811
f 26 784 781
f 38 857 853
f 39 862 860
f 27 792 788
f 22 759 757
f 28 796 794
f 29 803 800
f 30 810 806
f 31 815 812
f 26 785 782
f 38 856 854
f 39 863 859
f 21 754 751
f 14 712 714
f 13 705 707
f 15 717 719
f 16 723 725
f 17 730 732
f 21 753 755
f 31 816 814
f 26 786 784
f 38 858 857
f 39 861 862
f 27 791 792
f 22 761 759
f 28 795 796
f 29 801 803
f 30 808 810
f 31 813 815
f 26 783 785
f 38 855 856
f 39 864 863
f 21 756 754
f 14 709 712
f 13 703 705
f 15 715 717
f 16 721 723
f 17 727 730
f 21 751 753
f 31 812 816
f 26 782 786
f 38 854 858
f 39 859 861
f 27 787 791
f 22 758 761
f 28 793 795
f 29 799 801
f 30 805 808
f 31 811 813
f 26 781 783
f 38 853 855
f 39 860 864
f 21 752 756
f 17 728 731
f 14 710 713
f 13 704 708
f 15 716 720
f 16 722 726
f 18 734 738
f 35 836 840
f 42 877 881
f 40 865 869
f 19 739 743
f 30 806 809
f 27 788 790
f 22 757 760
f 28 794 798
f 29 800 804
f 32 818 822
f 23 764 768
f 24 769 772
f 37 847 851
f 41 871 873
f 35 835 837
f 18 733 735
f 19 740 742
f 40 866 868
f 42 878 880
f 34 830 832
f 33 823 827
f 25 775 778
f 36 841 844
f 20 746 749
f 32 817 819
f 23 763 765
f 24 770 773
f 37 848 850
f 41 872 876
f 34 829 833
f 33 824 826
f 25 776 779
f 36 842 845
f 20 745 748
f 17 731 729
f 14 713 711
f 13 708 706
f 15 720 718
f 16 726 724
f 18 738 737
f 35 840 839
f 42 881 882
f 40 869 870
f 19 743 744
f 30 809 807
f 27 790 789
f 22 760 762
f 28 798 797
f 29 804 802
f 32 822 821
f 23 768 766
f 24 772 774
f 37 851 852
f 41 873 874
f 107 1269 1270
f 103 1245 1246
f 104 1252 1251
f 110 1288 1287
f 113 1306 1305
f 118 1336 1335
f 154 1551 1552
f 141 1473 1474
f 162 1599 1600
f 121 1354 1353
f 142 1479 1480
f 129 1401 1402
f 130 1408 1407
f 144 1492 1491
f 146 1504 1503
f 151 1533 1534
f 131 1414 1413
f 136 1444 1443
f 161 1594 1593
f 126 1383 1384
f 116 1323 1324
f 108 1275 1276
f 106 1263 1264
f 112 1299 1300
f 115 1317 1318
f 119 1341 1342
f 156 1564 1563
f 139 1462 1461
f 160 1588 1587
f 120 1347 1348
f 149 1521 1522
f 132 1420 1419
f 128 1395 1396
f 145 1497 1498
f 148 1515 1516
f 155 1557 1558
f 133 1425 1426
f 134 1431 1432
f 157 1570 1569
f 124 1372 1371
f 109 1282 1281
f 105 1258 1257
f 111 1294 1293
f 114 1312 1311
f 117 1330 1329
f 125 1378 1377
f 152 1540 1539
f 137 1449 1450
f 158 1575 1576
f 123 1365 1366
f 143 1486 1485
f 127 1390 1389
f 135 1437 1438
f 147 1510 1509
f 150 1528 1527
f 153 1546 1545
f 140 1468 1467
f 138 1455 1456
f 159 1581 1582
f 122 1359 1360
f 107 1272 1271
f 103 1248 1247
f 104 1253 1254
f 110 1289 1290
f 113 1307 1308
f 118 1337 1338
f 154 1554 1553
f 141 1476 1475
f 162 1602 1601
f 121 1355 1356
f 142 1482 1481
f 129 1404 1403
f 130 1409 1410
f 144 1493 1494
f 146 1505 1506
f 151 1536 1535
f 131 1415 1416
f 136 1445 1446
f 161 1595 1596
f 126 1386 1385
f 47 909 907
f 44 891 889
f 43 886 883
f 45 898 895
f 46 904 901
f 49 922 919
f 72 1060 1057
f 102 1240 1237
f 96 1204 1201
f 79 1102 1099
f 62 999 997
f 59 981 979
f 58 976 973
f 60 988 985
f 61 994 991
f 66 1024 1021
f 54 952 949
f 73 1066 1063
f 85 1138 1135
f 92 1179 1177
f 101 1233 1231
f 69 1041 1039
f 50 927 925
f 82 1119 1117
f 97 1209 1207
f 71 1053 1051
f 100 1228 1225
f 94 1192 1189
f 80 1108 1105
f 51 933 931
f 90 1167 1165
f 63 1005 1003
f 55 957 955
f 76 1083 1081
f 87 1150 1147
f 91 1174 1171
f 67 1029 1027
f 56 963 961
f 75 1077 1075
f 83 1126 1123
f 68 1036 1033
f 48 915 913
f 78 1095 1093
f 93 1185 1183
f 98 1216 1213
f 88 1155 1153
f 65 1018 1015
f 57 970 967
f 77 1090 1087
f 86 1143 1141
f 64 1012 1009
f 53 945 943
f 74 1071 1069
f 84 1131 1129
f 89 1162 1159
f 70 1047 1045
f 99 1221 1219
f 95 1197 1195
f 81 1114 1111
f 52 940 937
f 109 1284 1280
f 105 1260 1256
f 111 1296 1292
f 114 1314 1310
f 117 1332 1328
f 125 1380 1376
f 152 1542 1538
f 137 1451 1447
f 158 1577 1573
f 123 1367 1363
f 143 1488 1484
f 127 1392 1388
f 135 1439 1435
f 147 1512 1508
f 150 1530 1526
f 153 1548 1544
f 140 1470 1466
f 138 1457 1453
f 159 1583 1579
f 122 1361 1357
f 107 1270 1268
f 103 1246 1244
f 104 1251 1249
f 110 1287 1285
f 113 1305 1303
f 118 1335 1333
f 154 1552 1550
f 141 1474 1472
f 162 1600 1598
f 121 1353 1351
f 142 1480 1478
f 129 1402 1400
f 130 1407 1405
f 144 1491 1489
f 146 1503 1501
f 151 1534 1532
f 131 1413 1411
f 136 1443 1441
f 161 1593 1591
f 126 1384 1382
f 116 1324 1322
f 108 1276 1274
f 106 1264 1262
f 112 1300 1298
f 115 1318 1316
f 119 1342 1340
f 156 1563 1561
f 139 1461 1459
f 160 1587 1585
f 120 1348 1346
f 149 1522 1520
f 132 1419 1417
f 128 1396 1394
f 145 1498 1496
f 148 1516 1514
f 155 1558 1556
f 133 1426 1424
f 134 1432 1430
f 157 1569 1567
f 124 1371 1369
f 109 1281 1279
f 105 1257 1255
f 111 1293 1291
f 114 1311 1309
f 117 1329 1327
f 125 1377 1375
f 152 1539 1537
f 137 1450 1448
f 158 1576 1574
f 123 1366 1364
f 143 1485 1483
f 127 1389 1387
f 135 1438 1436
f 147 1509 1507
f 150 1527 1525
f 153 1545 1543
f 140 1467 1465
f 138 1456 1454
f 159 1582 1580
f 122 1360 1358
f 107 1271 1267
f 103 1247 1243
f 104 1254 1250
f 110 1290 1286
f 113 1308 1304
f 118 1338 1334
f 154 1553 1549
f 141 1475 1471
f 162 1601 1597
f 121 1356 1352
f 142 1481 1477
f 129 1403 1399
f 130 1410 1406
f 144 1494 1490
f 146 1506 1502
f 151 1535 1531
f 131 1416 1412
f 136 1446 1442
f 161 1596 1592
f 126 1385 1381
f 44 894 890
f 43 887 884
f 45 899 896
f 46 905 902
f 47 912 908
f 52 941 938
f 70 1050 1046
f 99 1224 1220
f 95 1200 1196
f 81 1115 1112
f 59 984 980
f 58 977 974
f 60 989 986
f 61 995 992
f 62 1002 998
f 65 1019 1016
f 57 971 968
f 77 1091 1088
f 86 1146 1142
f 88 1158 1154
f 98 1217 1214
f 68 1037 1034
f 48 918 914
f 78 1098 1094
f 93 1188 1184
f 69 1044 1040
f 101 1236 1232
f 97 1212 1208
f 82 1122 1118
f 50 930 926
f 89 1163 1160
f 64 1013 1010
f 53 948 944
f 74 1074 1070
f 84 1134 1130
f 90 1170 1166
f 63 1008 1004
f 55 960 956
f 76 1086 1082
f 87 1151 1148
f 72 1061 1058
f 49 923 920
f 79 1103 1100
f 96 1205 1202
f 102 1241 1238
f 91 1175 1172
f 67 1032 1028
f 56 966 962
f 75 1080 1076
f 83 1127 1124
f 66 1025 1022
f 54 953 950
f 73 1067 1064
f 85 1139 1136
f 92 1182 1178
f 71 1056 1052
f 100 1229 1226
f 94 1193 1190
f 80 1109 1106
f 51 936 932
f 116 1325 1321
f 108 1277 1273
f 106 1265 1261
f 112 1301 1297
f 115 1319 1315
f 119 1343 1339
f 156 1566 1562
f 139 1464 1460
f 160 1590 1586
f 120 1349 1345
f 149 1523 1519
f 132 1422 1418
f 128 1397 1393
f 145 1499 1495
f 148 1517 1513
f 155 1559 1555
f 133 1427 1423
f 134 1433 1429
f 157 1572 1568
f 124 1374 1370
f 44 892 894
f 43 885 887
f 45 897 899
f 46 903 905
f 47 910 912
f 52 939 941
f 70 1048 1050
f 99 1222 1224
f 95 1198 1200
f 81 1113 1115
f 59 982 984
f 58 975 977
f 60 987 989
f 61 993 995
f 62 1000 1002
f 65 1017 1019
f 57 969 971
f 77 1089 1091
f 86 1144 1146
f 88 1156 1158
f 98 1215 1217
f 68 1035 1037
f 48 916 918
f 78 1096 1098
f 93 1186 1188
f 69 1042 1044
f 101 1234 1236
f 97 1210 1212
f 82 1120 1122
f 50 928 930
f 89 1161 1163
f 64 1011 1013
f 53 946 948
f 74 1072 1074
f 84 1132 1134
f 90 1168 1170
f 63 1006 1008
f 55 958 960
f 76 1084 1086
f 87 1149 1151
f 72 1059 1061
f 49 921 923
f 79 1101 1103
f 96 1203 1205
f 102 1239 1241
f 91 1173 1175
f 67 1030 1032
f 56 964 966
f 75 1078 1080
f 83 1125 1127
f 66 1023 1025
f 54 951 953
f 73 1065 1067
f 85 1137 1139
f 92 1180 1182
f 71 1054 1056
f 100 1227 1229
f 94 1191 1193
f 80 1107 1109
f 51 934 936
f 116 1326 1325
f 108 1278 1277
f 106 1266 1265
f 112 1302 1301
f 115 1320 1319
f 119 1344 1343
f 156 1565 1566
f 139 1463 1464
f 160 1589 1590
f 120 1350 1349
f 149 1524 1523
f 132 1421 1422
f 128 1398 1397
f 145 1500 1499
f 148 1518 1517
f 155 1560 1559
f 133 1428 1427
f 134 1434 1433
f 157 1571 1572
f 124 1373 1374
f 44 889 892
f 43 883 885
f 45 895 897
f 46 901 903
f 47 907 910
f 52 937 939
f 70 1045 1048
f 99 1219 1222
f 95 1195 1198
f 81 1111 1113
f 59 979 982
f 58 973 975
f 60 985 987
f 61 991 993
f 62 997 1000
f 65 1015 1017
f 57 967 969
f 77 1087 1089
f 86 1141 1144
f 88 1153 1156
f 98 1213 1215
f 68 1033 1035
f 48 913 916
f 78 1093 1096
f 93 1183 1186
f 69 1039 1042
f 101 1231 1234
f 97 1207 1210
f 82 1117 1120
f 50 925 928
f 89 1159 1161
f 64 1009 1011
f 53 943 946
f 74 1069 1072
f 84 1129 1132
f 90 1165 1168
f 63 1003 1006
f 55 955 958
f 76 1081 1084
f 87 1147 1149
f 72 1057 1059
f 49 919 921
f 79 1099 1101
f 96 1201 1203
f 102 1237 1239
f 91 1171 1173
f 67 1027 1030
f 56 961 964
f 75 1075 1078
f 83 1123 1125
f 66 1021 1023
f 54 949 951
f 73 1063 1065
f 85 1135 1137
f 92 1177 1180
f 71 1051 1054
f 100 1225 1227
f 94 1189 1191
f 80 1105 1107
f 51 931 934
f 116 1322 1326
f 108 1274 1278
f 106 1262 1266
f 112 1298 1302
f 115 1316 1320
f 119 1340 1344
f 156 1561 1565
f 139 1459 1463
f 160 1585 1589
f 120 1346 1350
f 149 1520 1524
f 132 1417 1421
f 128 1394 1398
f 145 1496 1500
f 148 1514 1518
f 155 1556 1560
f 133 1424 1428
f 134 1430 1434
f 157 1567 1571
f 124 1369 1373
f 47 908 911
f 44 890 893
f 43 884 888
f 45 896 900
f 46 902 906
f 49 920 924
f 72 1058 1062
f 102 1238 1242
f 96 1202 1206
f 79 1100 1104
f 62 998 1001
f 59 980 983
f 58 974 978
f 60 986 990
f 61 992 996
f 66 1022 1026
f 54 950 954
f 73 1064 1068
f 85 1136 1140
f 92 1178 1181
f 101 1232 1235
f 69 1040 1043
f 50 926 929
f 82 1118 1121
f 97 1208 1211
f 71 1052 1055
f 100 1226 1230
f 94 1190 1194
f 80 1106 1110
f 51 932 935
f 90 1166 1169
f 63 1004 1007
f 55 956 959
f 76 1082 1085
f 87 1148 1152
f 91 1172 1176
f 67 1028 1031
f 56 962 965
f 75 1076 1079
f 83 1124 1128
f 68 1034 1038
f 48 914 917
f 78 1094 1097
f 93 1184 1187
f 98 1214 1218
f 88 1154 1157
f 65 1016 1020
f 57 968 972
f 77 1088 1092
f 86 1142 1145
f 64 1010 1014
f 53 944 947
f 74 1070 1073
f 84 1130 1133
f 89 1160 1164
f 70 1046 1049
f 99 1220 1223
f 95 1196 1199
f 81 1112 1116
f 52 938 942
f 109 1279 1283
f 105 1255 1259
f 111 1291 1295
f 114 1309 1313
f 117 1327 1331
f 125 1375 1379
f 152 1537 1541
f 137 1448 1452
f 158 1574 1578
f 123 1364 1368
f 143 1483 1487
f 127 1387 1391
f 135 1436 1440
f 147 1507 1511
f 150 1525 1529
f 153 1543 1547
f 140 1465 1469
f 138 1454 1458
f 159 1580 1584
f 122 1358 1362
f 107 1267 1269
f 103 1243 1245
f 104 1250 1252
f 110 1286 1288
f 113 1304 1306
f 118 1334 1336
f 154 1549 1551
f 141 1471 1473
f 162 1597 1599
f 121 1352 1354
f 142 1477 1479
f 129 1399 1401
f 130 1406 1408
f 144 1490 1492
f 146 1502 1504
f 151 1531 1533
f 131 1412 1414
f 136 1442 1444
f 161 1592 1594
f 126 1381 1383
f 116 1321 1323
f 108 1273 1275
f 106 1261 1263
f 112 1297 1299
f 115 1315 1317
f 119 1339 1341
f 156 1562 1564
f 139 1460 1462
f 160 1586 1588
f 120 1345 1347
f 149 1519 1521
f 132 1418 1420
f 128 1393 1395
f 145 1495 1497
f 148 1513 1515
f 155 1555 1557
f 133 1423 1425
f 134 1429 1431
f 157 1568 1570
f 124 1370 1372
f 109 1280 1282
f 105 1256 1258
f 111 1292 1294
f 114 1310 1312
f 117 1328 1330
f 125 1376 1378
f 152 1538 1540
f 137 1447 1449
f 158 1573 1575
f 123 1363 1365
f 143 1484 1486
f 127 1388 1390
f 135 1435 1437
f 147 1508 1510
f 150 1526 1528
f 153 1544 1546
f 140 1466 1468
f 138 1453 1455
f 159 1579 1581
f 122 1357 1359
f 107 1268 1272
f 103 1244 1248
f 104 1249 1253
f 110 1285 1289
f 113 1303 1307
f 118 1333 1337
f 154 1550 1554
f 141 1472 1476
f 162 1598 1602
f 121 1351 1355
f 142 1478 1482
f 129 1400 1404
f 130 1405 1409
f 144 1489 1493
f 146 1501 1505
f 151 1532 1536
f 131 1411 1415
f 136 1441 1445
f 161 1591 1595
f 126 1382 1386
f 47 911 909
f 44 893 891
f 43 888 886
f 45 900 898
f 46 906 904
f 49 924 922
f 72 1062 1060
f 102 1242 1240
f 96 1206 1204
f 79 1104 1102
f 62 1001 999
f 59 983 981
f 58 978 976
f 60 990 988
f 61 996 994
f 66 1026 1024
f 54 954 952
f 73 1068 1066
f 85 1140 1138
f 92 1181 1179
f 101 1235 1233
f 69 1043 1041
f 50 929 927
f 82 1121 1119
f 97 1211 1209
f 71 1055 1053
f 100 1230 1228
f 94 1194 1192
f 80 1110 1108
f 51 935 933
f 90 1169 1167
f 63 1007 1005
f 55 959 957
f 76 1085 1083
f 87 1152 1150
f 91 1176 1174
f 67 1031 1029
f 56 965 963
f 75 1079 1077
f 83 1128 1126
f 68 1038 1036
f 48 917 915
f 78 1097 1095
f 93 1187 1185
f 98 1218 1216
f 88 1157 1155
f 65 1020 1018
f 57 972 970
f 77 1092 1090
f 86 1145 1143
f 64 1014 1012
f 53 947 945
f 74 1073 1071
f 84 1133 1131
f 89 1164 1162
f 70 1049 1047
f 99 1223 1221
f 95 1199 1197
f 81 1116 1114
f 52 942 940
f 109 1283 1284
f 105 1259 1260
f 111 1295 1296
f 114 1313 1314
f 117 1331 1332
f 125 1379 1380
f 152 1541 1542
f 137 1452 1451
f 158 1578 1577
f 123 1368 1367
f 143 1487 1488
f 127 1391 1392
f 135 1440 1439
f 147 1511 1512
f 150 1529 1530
f 153 1547 1548
f 140 1469 1470
f 138 1458 1457
f 159 1584 1583
f 122 1362 1361
f 407 1609 1616
f 403 1605 1608
f 404 1611 1606
f 410 1614 1612
f 413 1617 1615
f 422 1631 1624
f 486 1688 1692
f 573 1775 1782
f 561 1763 1765
f 512 1719 1714
f 452 1654 1661
f 448 1650 1653
f 449 1656 1651
f 455 1659 1657
f 458 1662 1660
f 470 1672 1675
f 437 1646 1639
f 494 1706 1696
f 531 1735 1733
f 539 1741 1751
f 568 1770 1779
f 478 1680 1683
f 419 1621 1626
f 509 1711 1721
f 554 1756 1766
f 482 1684 1689
f 576 1780 1778
f 558 1767 1760
f 516 1722 1718
f 425 1627 1629
f 542 1744 1747
f 463 1668 1665
f 434 1636 1641
f 497 1699 1704
f 528 1730 1737
f 546 1748 1750
f 464 1666 1676
f 440 1642 1644
f 500 1705 1702
f 524 1736 1726
f 479 1691 1681
f 418 1623 1620
f 508 1713 1710
f 553 1764 1755
f 569 1781 1771
f 538 1749 1740
f 471 1677 1673
f 443 1645 1647
f 501 1703 1707
f 523 1725 1734
f 467 1674 1669
f 433 1638 1635
f 493 1695 1698
f 527 1732 1729
f 543 1752 1745
f 485 1690 1687
f 572 1777 1774
f 557 1759 1762
f 515 1717 1720
f 428 1630 1632
f 591 2191 2189
f 587 1885 1883
f 588 1901 1903
f 594 2279 2281
f 597 2315 2317
f 600 2171 2173
f 634 2160 2158
f 619 2016 2012
f 639 2214 2210
f 602 1919 1924
f 624 2137 2135
f 608 1978 1973
f 610 1991 1996
f 627 2225 2227
f 630 2302 2304
f 635 2178 2176
f 615 2153 2155
f 617 2009 2014
f 637 2207 2212
f 604 1926 1922
f 416 1857 1864
f 408 1803 1810
f 406 1786 1795
f 412 1822 1831
f 415 1840 1849
f 424 1876 1887
f 492 2182 2193
f 582 2312 2321
f 565 2276 2285
f 514 1898 1907
f 461 2091 2098
f 453 2037 2044
f 451 1952 1961
f 457 2056 2067
f 460 2074 2083
f 475 2128 2139
f 439 1966 1975
f 496 1988 1997
f 533 2222 2231
f 551 2293 2298
f 579 2185 2190
f 483 1879 1884
f 426 1893 1900
f 521 2271 2278
f 566 2307 2314
f 489 2163 2170
f 578 2150 2159
f 560 2006 2015
f 518 2204 2213
f 429 1911 1918
f 547 2131 2136
f 465 1969 1977
f 441 1983 1990
f 504 2217 2224
f 537 2290 2301
f 550 2168 2177
f 476 2145 2152
f 444 2001 2008
f 502 2199 2206
f 526 1916 1925
f 481 1808 1817
f 420 1789 1797
f 510 1825 1833
f 555 1843 1851
f 571 1862 1871
f 540 1933 1941
f 473 2110 2119
f 447 2020 2029
f 507 2236 2247
f 534 2257 2262
f 469 2042 2051
f 435 1947 1954
f 498 2059 2064
f 529 2077 2085
f 545 2096 2105
f 487 2113 2121
f 574 2023 2031
f 562 2239 2244
f 520 2254 2265
f 432 1930 1939
f 589 1818 1814
f 583 1798 1793
f 586 1834 1829
f 593 1852 1847
f 596 1872 1868
f 599 1942 1937
f 633 2120 2124
f 620 2030 2034
f 640 2248 2250
f 603 2263 2261
f 622 2052 2050
f 607 1955 1960
f 612 2065 2063
f 626 2086 2081
f 629 2106 2102
f 631 2122 2117
f 614 2032 2027
f 618 2245 2243
f 641 2266 2268
f 605 1940 1944
f 409 1813 1804
f 405 1792 1785
f 411 1828 1821
f 414 1846 1839
f 417 1867 1858
f 431 1936 1929
f 488 2123 2114
f 575 2033 2024
f 563 2249 2240
f 519 2260 2253
f 454 2049 2038
f 450 1959 1951
f 456 2062 2055
f 459 2080 2073
f 462 2101 2092
f 472 2116 2109
f 446 2026 2019
f 506 2242 2235
f 535 2267 2258
f 541 1943 1934
f 570 1869 1861
f 480 1815 1807
f 421 1799 1790
f 511 1835 1826
f 556 1853 1844
f 484 1889 1880
f 580 2195 2186
f 567 2319 2308
f 522 2283 2272
f 427 1905 1894
f 544 2103 2095
f 468 2046 2041
f 436 1957 1948
f 499 2069 2060
f 530 2087 2078
f 548 2141 2132
f 466 1979 1970
f 442 1993 1984
f 505 2229 2218
f 536 2296 2289
f 491 2188 2181
f 423 1882 1875
f 513 1902 1897
f 564 2280 2275
f 581 2316 2311
f 549 2172 2167
f 477 2157 2146
f 445 2011 2002
f 503 2209 2200
f 525 1923 1915
f 474 2134 2127
f 438 1972 1965
f 495 1995 1987
f 532 2226 2221
f 552 2303 2294
f 490 2175 2164
f 577 2154 2149
f 559 2013 2005
f 517 2211 2203
f 430 1921 1912
f 590 1865 1870
f 584 1811 1816
f 585 1796 1800
f 592 1832 1836
f 595 1850 1854
f 598 1888 1890
f 636 2194 2196
f 621 2322 2320
f 642 2286 2284
f 601 1908 1906
f 623 2099 2104
f 611 2045 2047
f 609 1962 1958
f 625 2068 2070
f 628 2084 2088
f 632 2140 2142
f 613 1976 1980
f 616 1998 1994
f 638 2232 2230
f 606 2299 2297
f 407 2330 2329
f 403 2324 2323
f 404 2325 2326
f 410 2332 2333
f 413 2335 2336
f 422 2344 2345
f 486 2410 2409
f 573 2497 2496
f 561 2486 2485
f 512 2434 2435
f 452 2375 2374
f 448 2369 2368
f 449 2370 2371
f 455 2377 2378
f 458 2380 2381
f 470 2393 2392
f 437 2359 2360
f 494 2415 2416
f 531 2455 2456
f 539 2461 2460
f 568 2489 2488
f 478 2399 2398
f 419 2341 2340
f 509 2431 2430
f 554 2476 2475
f 482 2405 2404
f 576 2500 2501
f 558 2481 2482
f 516 2439 2440
f 425 2348 2347
f 542 2465 2464
f 463 2383 2384
f 434 2356 2355
f 497 2420 2419
f 528 2452 2451
f 546 2471 2470
f 464 2386 2385
f 440 2363 2362
f 500 2422 2423
f 524 2445 2446
f 479 2400 2401
f 418 2338 2339
f 508 2428 2429
f 553 2473 2474
f 569 2490 2491
f 538 2458 2459
f 471 2394 2395
f 443 2366 2365
f 501 2425 2424
f 523 2444 2443
f 467 2389 2390
f 433 2353 2354
f 493 2414 2413
f 527 2449 2450
f 543 2466 2467
f 485 2407 2408
f 572 2494 2495
f 557 2480 2479
f 515 2438 2437
f 428 2351 2350
f 591 2510 2511
f 587 2504 2505
f 588 2508 2507
f 594 2514 2513
f 597 2517 2516
f 600 2520 2519
f 634 2554 2556
f 619 2539 2540
f 639 2560 2561
f 602 2523 2521
f 624 2543 2544
f 608 2527 2529
f 610 2532 2530
f 627 2547 2546
f 630 2550 2549
f 635 2552 2553
f 615 2535 2534
f 617 2538 2536
f 637 2558 2557
f 604 2524 2525
f 167 1607 647
f 164 1603 644
f 163 1604 643
f 165 1610 645
f 166 1613 646
f 169 1622 649
f 192 1686 672
f 222 1773 702
f 216 1761 696
f 199 1712 679
f 182 1652 662
f 179 1648 659
f 178 1649 658
f 180 1655 660
f 181 1658 661
f 186 1670 666
f 174 1637 654
f 193 1694 673
f 205 1731 685
f 212 1739 692
f 221 1768 701
f 189 1678 669
f 170 1619 650
f 202 1709 682
f 217 1754 697
f 191 1682 671
f 220 1776 700
f 214 1758 694
f 200 1716 680
f 171 1625 651
f 210 1742 690
f 183 1663 663
f 175 1634 655
f 196 1697 676
f 207 1728 687
f 211 1746 691
f 187 1664 667
f 176 1640 656
f 195 1700 675
f 203 1724 683
f 188 1679 668
f 168 1618 648
f 198 1708 678
f 213 1753 693
f 218 1769 698
f 208 1738 688
f 185 1671 665
f 177 1643 657
f 197 1701 677
f 206 1723 686
f 184 1667 664
f 173 1633 653
f 194 1693 674
f 204 1727 684
f 209 1743 689
f 190 1685 670
f 219 1772 699
f 215 1757 695
f 201 1715 681
f 172 1628 652
f 357 2187 837
f 255 1881 735
f 262 1899 742
f 388 2277 868
f 400 2313 880
f 352 2169 832
f 347 2156 827
f 298 2010 778
f 364 2208 844
f 269 1917 749
f 339 2133 819
f 285 1971 765
f 293 1989 773
f 370 2223 850
f 396 2300 876
f 353 2174 833
f 346 2151 826
f 299 2007 779
f 365 2205 845
f 268 1920 748
f 249 1855 729
f 231 1801 711
f 226 1784 706
f 238 1820 718
f 244 1838 724
f 257 1874 737
f 359 2180 839
f 402 2310 882
f 390 2274 870
f 264 1896 744
f 327 2089 807
f 309 2035 789
f 282 1950 762
f 317 2054 797
f 322 2072 802
f 341 2126 821
f 286 1964 766
f 294 1986 774
f 372 2220 852
f 394 2291 874
f 358 2183 838
f 256 1877 736
f 261 1891 741
f 387 2269 867
f 399 2305 879
f 351 2161 831
f 348 2148 828
f 300 2004 780
f 366 2202 846
f 267 1909 747
f 340 2129 820
f 287 1967 767
f 291 1981 771
f 369 2215 849
f 395 2288 875
f 354 2166 834
f 345 2143 825
f 297 1999 777
f 363 2197 843
f 270 1914 750
f 234 1806 714
f 227 1787 707
f 239 1823 719
f 245 1841 725
f 252 1860 732
f 275 1931 755
f 334 2108 814
f 304 2018 784
f 377 2234 857
f 382 2255 862
f 312 2040 792
f 279 1945 759
f 316 2057 796
f 323 2075 803
f 330 2094 810
f 335 2111 815
f 305 2021 785
f 376 2237 856
f 383 2252 863
f 274 1928 754
f 232 1812 712
f 225 1791 705
f 237 1827 717
f 243 1845 723
f 250 1866 730
f 273 1935 753
f 336 2118 816
f 306 2028 786
f 378 2246 858
f 381 2259 861
f 311 2048 791
f 281 1953 761
f 315 2061 795
f 321 2079 801
f 328 2100 808
f 333 2115 813
f 303 2025 783
f 375 2241 855
f 384 2264 864
f 276 1938 756
f 229 1802 709
f 223 1783 703
f 235 1819 715
f 241 1837 721
f 247 1856 727
f 271 1927 751
f 332 2112 812
f 302 2022 782
f 374 2238 854
f 379 2251 859
f 307 2036 787
f 278 1949 758
f 313 2053 793
f 319 2071 799
f 325 2090 805
f 331 2107 811
f 301 2017 781
f 373 2233 853
f 380 2256 860
f 272 1932 752
f 248 1859 728
f 230 1805 710
f 224 1788 704
f 236 1824 716
f 242 1842 722
f 254 1878 734
f 356 2184 836
f 397 2306 877
f 385 2270 865
f 259 1892 739
f 326 2093 806
f 308 2039 788
f 277 1946 757
f 314 2058 794
f 320 2076 800
f 338 2130 818
f 284 1968 764
f 289 1982 769
f 367 2216 847
f 391 2287 871
f 355 2179 835
f 253 1873 733
f 260 1895 740
f 386 2273 866
f 398 2309 878
f 350 2165 830
f 343 2144 823
f 295 2000 775
f 361 2198 841
f 266 1913 746
f 337 2125 817
f 283 1963 763
f 290 1985 770
f 368 2219 848
f 392 2292 872
f 349 2162 829
f 344 2147 824
f 296 2003 776
f 362 2201 842
f 265 1910 745
f 251 1863 731
f 233 1809 713
f 228 1794 708
f 240 1830 720
f 246 1848 726
f 258 1886 738
f 360 2192 840
f 401 2318 881
f 389 2282 869
f 263 1904 743
f 329 2097 809
f 310 2043 790
f 280 1956 760
f 318 2066 798
f 324 2082 804
f 342 2138 822
f 288 1974 768
f 292 1992 772
f 371 2228 851
f 393 2295 873
f 409 2331 1269
f 405 2327 1245
f 411 2328 1252
f 414 2334 1288
f 417 2337 1306
f 431 2346 1336
f 488 2412 1551
f 575 2499 1473
f 563 2487 1599
f 519 2436 1354
f 454 2376 1479
f 450 2372 1401
f 456 2373 1408
f 459 2379 1492
f 462 2382 1504
f 472 2396 1533
f 446 2361 1414
f 506 2418 1444
f 535 2457 1594
f 541 2463 1383
f 570 2492 1323
f 480 2402 1275
f 421 2343 1263
f 511 2433 1299
f 556 2478 1317
f 484 2406 1341
f 580 2502 1564
f 567 2484 1462
f 522 2442 1588
f 427 2349 1347
f 544 2468 1521
f 468 2387 1420
f 436 2358 1395
f 499 2421 1497
f 530 2454 1515
f 548 2472 1557
f 466 2388 1425
f 442 2364 1431
f 505 2426 1570
f 536 2448 1372
f 491 2403 1282
f 423 2342 1258
f 513 2432 1294
f 564 2477 1312
f 581 2493 1330
f 549 2462 1378
f 477 2397 1540
f 445 2367 1449
f 503 2427 1575
f 525 2447 1365
f 474 2391 1486
f 438 2357 1390
f 495 2417 1437
f 532 2453 1510
f 552 2469 1528
f 490 2411 1546
f 577 2498 1468
f 559 2483 1455
f 517 2441 1581
f 430 2352 1359
f 590 2509 1272
f 584 2503 1248
f 585 2506 1253
f 592 2512 1289
f 595 2515 1307
f 598 2518 1337
f 636 2555 1554
f 621 2541 1476
f 642 2562 1602
f 601 2522 1355
f 623 2542 1482
f 611 2528 1404
f 609 2531 1409
f 625 2545 1493
f 628 2548 1505
f 632 2551 1536
f 613 2533 1415
f 616 2537 1445
f 638 2559 1595
f 606 2526 1386
f 407 1616 909
f 403 1608 891
f 404 1606 886
f 410 1612 898
f 413 1615 904
f 422 1624 922
f 486 1692 1060
f 573 1782 1240
f 561 1765 1204
f 512 1714 1102
f 452 1661 999
f 448 1653 981
f 449 1651 976
f 455 1657 988
f 458 1660 994
f 470 1675 1024
f 437 1639 952
f 494 1696 1066
f 531 1733 1138
f 539 1751 1179
f 568 1779 1233
f 478 1683 1041
f 419 1626 927
f 509 1721 1119
f 554 1766 1209
f 482 1689 1053
f 576 1778 1228
f 558 1760 1192
f 516 1718 1108
f 425 1629 933
f 542 1747 1167
f 463 1665 1005
f 434 1641 957
f 497 1704 1083
f 528 1737 1150
f 546 1750 1174
f 464 1676 1029
f 440 1644 963
f 500 1702 1077
f 524 1726 1126
f 479 1681 1036
f 418 1620 915
f 508 1710 1095
f 553 1755 1185
f 569 1771 1216
f 538 1740 1155
f 471 1673 1018
f 443 1647 970
f 501 1707 1090
f 523 1734 1143
f 467 1669 1012
f 433 1635 945
f 493 1698 1071
f 527 1729 1131
f 543 1745 1162
f 485 1687 1047
f 572 1774 1221
f 557 1762 1197
f 515 1720 1114
f 428 1632 940
f 591 2189 1284
f 587 1883 1260
f 588 1903 1296
f 594 2281 1314
f 597 2317 1332
f 600 2173 1380
f 634 2158 1542
f 619 2012 1451
f 639 2210 1577
f 602 1924 1367
f 624 2135 1488
f 608 1973 1392
f 610 1996 1439
f 627 2227 1512
f 630 2304 1530
f 635 2176 1548
f 615 2155 1470
f 617 2014 1457
f 637 2212 1583
f 604 1922 1361
f 416 1864 1270
f 408 1810 1246
f 406 1795 1251
f 412 1831 1287
f 415 1849 1305
f 424 1887 1335
f 492 2193 1552
f 582 2321 1474
f 565 2285 1600
f 514 1907 1353
f 461 2098 1480
f 453 2044 1402
f 451 1961 1407
f 457 2067 1491
f 460 2083 1503
f 475 2139 1534
f 439 1975 1413
f 496 1997 1443
f 533 2231 1593
f 551 2298 1384
f 579 2190 1324
f 483 1884 1276
f 426 1900 1264
f 521 2278 1300
f 566 2314 1318
f 489 2170 1342
f 578 2159 1563
f 560 2015 1461
f 518 2213 1587
f 429 1918 1348
f 547 2136 1522
f 465 1977 1419
f 441 1990 1396
f 504 2224 1498
f 537 2301 1516
f 550 2177 1558
f 476 2152 1426
f 444 2008 1432
f 502 2206 1569
f 526 1925 1371
f 481 1817 1281
f 420 1797 1257
f 510 1833 1293
f 555 1851 1311
f 571 1871 1329
f 540 1941 1377
f 473 2119 1539
f 447 2029 1450
f 507 2247 1576
f 534 2262 1366
f 469 2051 1485
f 435 1954 1389
f 498 2064 1438
f 529 2085 1509
f 545 2105 1527
f 487 2121 1545
f 574 2031 1467
f 562 2244 1456
f 520 2265 1582
f 432 1939 1360
f 589 1814 1271
f 583 1793 1247
f 586 1829 1254
f 593 1847 1290
f 596 1868 1308
f 599 1937 1338
f 633 2124 1553
f 620 2034 1475
f 640 2250 1601
f 603 2261 1356
f 622 2050 1481
f 607 1960 1403
f 612 2063 1410
f 626 2081 1494
f 629 2102 1506
f 631 2117 1535
f 614 2027 1416
f 618 2243 1446
f 641 2268 1596
f 605 1944 1385
f 409 1804 894
f 405 1785 887
f 411 1821 899
f 414 1839 905
f 417 1858 912
f 431 1929 941
f 488 2114 1050
f 575 2024 1224
f 563 2240 1200
f 519 2253 1115
f 454 2038 984
f 450 1951 977
f 456 2055 989
f 459 2073 995
f 462 2092 1002
f 472 2109 1019
f 446 2019 971
f 506 2235 1091
f 535 2258 1146
f 541 1934 1158
f 570 1861 1217
f 480 1807 1037
f 421 1790 918
f 511 1826 1098
f 556 1844 1188
f 484 1880 1044
f 580 2186 1236
f 567 2308 1212
f 522 2272 1122
f 427 1894 930
f 544 2095 1163
f 468 2041 1013
f 436 1948 948
f 499 2060 1074
f 530 2078 1134
f 548 2132 1170
f 466 1970 1008
f 442 1984 960
f 505 2218 1086
f 536 2289 1151
f 491 2181 1061
f 423 1875 923
f 513 1897 1103
f 564 2275 1205
f 581 2311 1241
f 549 2167 1175
f 477 2146 1032
f 445 2002 966
f 503 2200 1080
f 525 1915 1127
f 474 2127 1025
f 438 1965 953
f 495 1987 1067
f 532 2221 1139
f 552 2294 1182
f 490 2164 1056
f 577 2149 1229
f 559 2005 1193
f 517 2203 1109
f 430 1912 936
f 590 1870 1325
f 584 1816 1277
f 585 1800 1265
f 592 1836 1301
f 595 1854 1319
f 598 1890 1343
f 636 2196 1566
f 621 2320 1464
f 642 2284 1590
f 601 1906 1349
f 623 2104 1523
f 611 2047 1422
f 609 1958 1397
f 625 2070 1499
f 628 2088 1517
f 632 2142 1559
f 613 1980 1427
f 616 1994 1433
f 638 2230 1572
f 606 2297 1374
f 407 2329 892
f 403 2323 885
f 404 2326 897
f 410 2333 903
f 413 2336 910
f 422 2345 939
f 486 2409 1048
f 573 2496 1222
f 561 2485 1198
f 512 2435 1113
f 452 2374 982
f 448 2368 975
f 449 2371 987
f 455 2378 993
f 458 2381 1000
f 470 2392 1017
f 437 2360 969
f 494 2416 1089
f 531 2456 1144
f 539 2460 1156
f 568 2488 1215
f 478 2398 1035
f 419 2340 916
f 509 2430 1096
f 554 2475 1186
f 482 2404 1042
f 576 2501 1234
f 558 2482 1210
f 516 2440 1120
f 425 2347 928
f 542 2464 1161
f 463 2384 1011
f 434 2355 946
f 497 2419 1072
f 528 2451 1132
f 546 2470 1168
f 464 2385 1006
f 440 2362 958
f 500 2423 1084
f 524 2446 1149
f 479 2401 1059
f 418 2339 921
f 508 2429 1101
f 553 2474 1203
f 569 2491 1239
f 538 2459 1173
f 471 2395 1030
f 443 2365 964
f 501 2424 1078
f 523 2443 1125
f 467 2390 1023
f 433 2354 951
f 493 2413 1065
f 527 2450 1137
f 543 2467 1180
f 485 2408 1054
f 572 2495 1227
f 557 2479 1191
f 515 2437 1107
f 428 2350 934
f 591 2511 1326
f 587 2505 1278
f 588 2507 1266
f 594 2513 1302
f 597 2516 1320
f 600 2519 1344
f 634 2556 1565
f 619 2540 1463
f 639 2561 1589
f 602 2521 1350
f 624 2544 1524
f 608 2529 1421
f 610 2530 1398
f 627 2546 1500
f 630 2549 1518
f 635 2553 1560
f 615 2534 1428
f 617 2536 1434
f 637 2557 1571
f 604 2525 1373
f 164 1609 889
f 163 1605 883
f 165 1611 895
f 166 1614 901
f 167 1617 907
f 172 1631 937
f 190 1688 1045
f 219 1775 1219
f 215 1763 1195
f 201 1719 1111
f 179 1654 979
f 178 1650 973
f 180 1656 985
f 181 1659 991
f 182 1662 997
f 185 1672 1015
f 177 1646 967
f 197 1706 1087
f 206 1735 1141
f 208 1741 1153
f 218 1770 1213
f 188 1680 1033
f 168 1621 913
f 198 1711 1093
f 213 1756 1183
f 189 1684 1039
f 221 1780 1231
f 217 1767 1207
f 202 1722 1117
f 170 1627 925
f 209 1744 1159
f 184 1668 1009
f 173 1636 943
f 194 1699 1069
f 204 1730 1129
f 210 1748 1165
f 183 1666 1003
f 175 1642 955
f 196 1705 1081
f 207 1736 1147
f 192 1691 1057
f 169 1623 919
f 199 1713 1099
f 216 1764 1201
f 222 1781 1237
f 211 1749 1171
f 187 1677 1027
f 176 1645 961
f 195 1703 1075
f 203 1725 1123
f 186 1674 1021
f 174 1638 949
f 193 1695 1063
f 205 1732 1135
f 212 1752 1177
f 191 1690 1051
f 220 1777 1225
f 214 1759 1189
f 200 1717 1105
f 171 1630 931
f 358 2191 1322
f 256 1885 1274
f 261 1901 1262
f 387 2279 1298
f 399 2315 1316
f 351 2171 1340
f 348 2160 1561
f 300 2016 1459
f 366 2214 1585
f 267 1919 1346
f 340 2137 1520
f 287 1978 1417
f 291 1991 1394
f 369 2225 1496
f 395 2302 1514
f 354 2178 1556
f 345 2153 1424
f 297 2009 1430
f 363 2207 1567
f 270 1926 1369
f 247 1857 908
f 229 1803 890
f 223 1786 884
f 235 1822 896
f 241 1840 902
f 253 1876 920
f 355 2182 1058
f 398 2312 1238
f 386 2276 1202
f 260 1898 1100
f 325 2091 998
f 307 2037 980
f 278 1952 974
f 313 2056 986
f 319 2074 992
f 337 2128 1022
f 283 1966 950
f 290 1988 1064
f 368 2222 1136
f 392 2293 1178
f 356 2185 1232
f 254 1879 1040
f 259 1893 926
f 385 2271 1118
f 397 2307 1208
f 349 2163 1052
f 344 2150 1226
f 296 2006 1190
f 362 2204 1106
f 265 1911 932
f 338 2131 1166
f 284 1969 1004
f 289 1983 956
f 367 2217 1082
f 391 2290 1148
f 350 2168 1172
f 343 2145 1028
f 295 2001 962
f 361 2199 1076
f 266 1916 1124
f 230 1808 1034
f 224 1789 914
f 236 1825 1094
f 242 1843 1184
f 248 1862 1214
f 272 1933 1154
f 331 2110 1016
f 301 2020 968
f 373 2236 1088
f 380 2257 1142
f 308 2042 1010
f 277 1947 944
f 314 2059 1070
f 320 2077 1130
f 326 2096 1160
f 332 2113 1046
f 302 2023 1220
f 374 2239 1196
f 379 2254 1112
f 271 1930 938
f 234 1818 1279
f 227 1798 1255
f 239 1834 1291
f 245 1852 1309
f 252 1872 1327
f 275 1942 1375
f 334 2120 1537
f 304 2030 1448
f 377 2248 1574
f 382 2263 1364
f 312 2052 1483
f 279 1955 1387
f 316 2065 1436
f 323 2086 1507
f 330 2106 1525
f 335 2122 1543
f 305 2032 1465
f 376 2245 1454
f 383 2266 1580
f 274 1940 1358
f 232 1813 1267
f 225 1792 1243
f 237 1828 1250
f 243 1846 1286
f 250 1867 1304
f 273 1936 1334
f 336 2123 1549
f 306 2033 1471
f 378 2249 1597
f 381 2260 1352
f 311 2049 1477
f 281 1959 1399
f 315 2062 1406
f 321 2080 1490
f 328 2101 1502
f 333 2116 1531
f 303 2026 1412
f 375 2242 1442
f 384 2267 1592
f 276 1943 1381
f 251 1869 1321
f 233 1815 1273
f 228 1799 1261
f 240 1835 1297
f 246 1853 1315
f 258 1889 1339
f 360 2195 1562
f 401 2319 1460
f 389 2283 1586
f 263 1905 1345
f 329 2103 1519
f 310 2046 1418
f 280 1957 1393
f 318 2069 1495
f 324 2087 1513
f 342 2141 1555
f 288 1979 1423
f 292 1993 1429
f 371 2229 1568
f 393 2296 1370
f 357 2188 1280
f 255 1882 1256
f 262 1902 1292
f 388 2280 1310
f 400 2316 1328
f 352 2172 1376
f 347 2157 1538
f 298 2011 1447
f 364 2209 1573
f 269 1923 1363
f 339 2134 1484
f 285 1972 1388
f 293 1995 1435
f 370 2226 1508
f 396 2303 1526
f 353 2175 1544
f 346 2154 1466
f 299 2013 1453
f 365 2211 1579
f 268 1921 1357
f 249 1865 1268
f 231 1811 1244
f 226 1796 1249
f 238 1832 1285
f 244 1850 1303
f 257 1888 1333
f 359 2194 1550
f 402 2322 1472
f 390 2286 1598
f 264 1908 1351
f 327 2099 1478
f 309 2045 1400
f 282 1962 1405
f 317 2068 1489
f 322 2084 1501
f 341 2140 1532
f 286 1976 1411
f 294 1998 1441
f 372 2232 1591
f 394 2299 1382
f 416 2330 911
f 408 2324 893
f 406 2325 888
f 412 2332 900
f 415 2335 906
f 424 2344 924
f 492 2410 1062
f 582 2497 1242
f 565 2486 1206
f 514 2434 1104
f 461 2375 1001
f 453 2369 983
f 451 2370 978
f 457 2377 990
f 460 2380 996
f 475 2393 1026
f 439 2359 954
f 496 2415 1068
f 533 2455 1140
f 551 2461 1181
f 579 2489 1235
f 483 2399 1043
f 426 2341 929
f 521 2431 1121
f 566 2476 1211
f 489 2405 1055
f 578 2500 1230
f 560 2481 1194
f 518 2439 1110
f 429 2348 935
f 547 2465 1169
f 465 2383 1007
f 441 2356 959
f 504 2420 1085
f 537 2452 1152
f 550 2471 1176
f 476 2386 1031
f 444 2363 965
f 502 2422 1079
f 526 2445 1128
f 481 2400 1038
f 420 2338 917
f 510 2428 1097
f 555 2473 1187
f 571 2490 1218
f 540 2458 1157
f 473 2394 1020
f 447 2366 972
f 507 2425 1092
f 534 2444 1145
f 469 2389 1014
f 435 2353 947
f 498 2414 1073
f 529 2449 1133
f 545 2466 1164
f 487 2407 1049
f 574 2494 1223
f 562 2480 1199
f 520 2438 1116
f 432 2351 942
f 589 2510 1283
f 583 2504 1259
f 586 2508 1295
f 593 2514 1313
f 596 2517 1331
f 599 2520 1379
f 633 2554 1541
f 620 2539 1452
f 640 2560 1578
f 603 2523 1368
f 622 2543 1487
f 607 2527 1391
f 612 2532 1440
f 626 2547 1511
f 629 2550 1529
f 631 2552 1547
f 614 2535 1469
f 618 2538 1458
f 641 2558 1584
f 605 2524 1362
f 164 1607 1609
f 163 1603 1605
f 165 1604 1611
f 166 1610 1614
f 167 1613 1617
f 172 1622 1631
f 190 1686 1688
f 219 1773 1775
f 215 1761 1763
f 201 1712 1719
f 179 1652 1654
f 178 1648 1650
f 180 1649 1656
f 181 1655 1659
f 182 1658 1662
f 185 1670 1672
f 177 1637 1646
f 197 1694 1706
f 206 1731 1735
f 208 1739 1741
f 218 1768 1770
f 188 1678 1680
f 168 1619 1621
f 198 1709 1711
f 213 1754 1756
f 189 1682 1684
f 221 1776 1780
f 217 1758 1767
f 202 1716 1722
f 170 1625 1627
f 209 1742 1744
f 184 1663 1668
f 173 1634 1636
f 194 1697 1699
f 204 1728 1730
f 210 1746 1748
f 183 1664 1666
f 175 1640 1642
f 196 1700 1705
f 207 1724 1736
f 192 1679 1691
f 169 1618 1623
f 199 1708 1713
f 216 1753 1764
f 222 1769 1781
f 211 1738 1749
f 187 1671 1677
f 176 1643 1645
f 195 1701 1703
f 203 1723 1725
f 186 1667 1674
f 174 1633 1638
f 193 1693 1695
f 205 1727 1732
f 212 1743 1752
f 191 1685 1690
f 220 1772 1777
f 214 1757 1759
f 200 1715 1717
f 171 1628 1630
f 358 2187 2191
f 256 1881 1885
f 261 1899 1901
f 387 2277 2279
f 399 2313 2315
f 351 2169 2171
f 348 2156 2160
f 300 2010 2016
f 366 2208 2214
f 267 1917 1919
f 340 2133 2137
f 287 1971 1978
f 291 1989 1991
f 369 2223 2225
f 395 2300 2302
f 354 2174 2178
f 345 2151 2153
f 297 2007 2009
f 363 2205 2207
f 270 1920 1926
f 247 1855 1857
f 229 1801 1803
f 223 1784 1786
f 235 1820 1822
f 241 1838 1840
f 253 1874 1876
f 355 2180 2182
f 398 2310 2312
f 386 2274 2276
f 260 1896 1898
f 325 2089 2091
f 307 2035 2037
f 278 1950 1952
f 313 2054 2056
f 319 2072 2074
f 337 2126 2128
f 283 1964 1966
f 290 1986 1988
f 368 2220 2222
f 392 2291 2293
f 356 2183 2185
f 254 1877 1879
f 259 1891 1893
f 385 2269 2271
f 397 2305 2307
f 349 2161 2163
f 344 2148 2150
f 296 2004 2006
f 362 2202 2204
f 265 1909 1911
f 338 2129 2131
f 284 1967 1969
f 289 1981 1983
f 367 2215 2217
f 391 2288 2290
f 350 2166 2168
f 343 2143 2145
f 295 1999 2001
f 361 2197 2199
f 266 1914 1916
f 230 1806 1808
f 224 1787 1789
f 236 1823 1825
f 242 1841 1843
f 248 1860 1862
f 272 1931 1933
f 331 2108 2110
f 301 2018 2020
f 373 2234 2236
f 380 2255 2257
f 308 2040 2042
f 277 1945 1947
f 314 2057 2059
f 320 2075 2077
f 326 2094 2096
f 332 2111 2113
f 302 2021 2023
f 374 2237 2239
f 379 2252 2254
f 271 1928 1930
f 234 1812 1818
f 227 1791 1798
f 239 1827 1834
f 245 1845 1852
f 252 1866 1872
f 275 1935 1942
f 334 2118 2120
f 304 2028 2030
f 377 2246 2248
f 382 2259 2263
f 312 2048 2052
f 279 1953 1955
f 316 2061 2065
f 323 2079 2086
f 330 2100 2106
f 335 2115 2122
f 305 2025 2032
f 376 2241 2245
f 383 2264 2266
f 274 1938 1940
f 232 1802 1813
f 225 1783 1792
f 237 1819 1828
f 243 1837 1846
f 250 1856 1867
f 273 1927 1936
f 336 2112 2123
f 306 2022 2033
f 378 2238 2249
f 381 2251 2260
f 311 2036 2049
f 281 1949 1959
f 315 2053 2062
f 321 2071 2080
f 328 2090 2101
f 333 2107 2116
f 303 2017 2026
f 375 2233 2242
f 384 2256 2267
f 276 1932 1943
f 251 1859 1869
f 233 1805 1815
f 228 1788 1799
f 240 1824 1835
f 246 1842 1853
f 258 1878 1889
f 360 2184 2195
f 401 2306 2319
f 389 2270 2283
f 263 1892 1905
f 329 2093 2103
f 310 2039 2046
f 280 1946 1957
f 318 2058 2069
f 324 2076 2087
f 342 2130 2141
f 288 1968 1979
f 292 1982 1993
f 371 2216 2229
f 393 2287 2296
f 357 2179 2188
f 255 1873 1882
f 262 1895 1902
f 388 2273 2280
f 400 2309 2316
f 352 2165 2172
f 347 2144 2157
f 298 2000 2011
f 364 2198 2209
f 269 1913 1923
f 339 2125 2134
f 285 1963 1972
f 293 1985 1995
f 370 2219 2226
f 396 2292 2303
f 353 2162 2175
f 346 2147 2154
f 299 2003 2013
f 365 2201 2211
f 268 1910 1921
f 249 1863 1865
f 231 1809 1811
f 226 1794 1796
f 238 1830 1832
f 244 1848 1850
f 257 1886 1888
f 359 2192 2194
f 402 2318 2322
f 390 2282 2286
f 264 1904 1908
f 327 2097 2099
f 309 2043 2045
f 282 1956 1962
f 317 2066 2068
f 322 2082 2084
f 341 2138 2140
f 286 1974 1976
f 294 1992 1998
f 372 2228 2232
f 394 2295 2299
f 416 2331 2330
f 408 2327 2324
f 406 2328 2325
f 412 2334 2332
f 415 2337 2335
f 424 2346 2344
f 492 2412 2410
f 582 2499 2497
f 565 2487 2486
f 514 2436 2434
f 461 2376 2375
f 453 2372 2369
f 451 2373 2370
f 457 2379 2377
f 460 2382 2380
f 475 2396 2393
f 439 2361 2359
f 496 2418 2415
f 533 2457 2455
f 551 2463 2461
f 579 2492 2489
f 483 2402 2399
f 426 2343 2341
f 521 2433 2431
f 566 2478 2476
f 489 2406 2405
f 578 2502 2500
f 560 2484 2481
f 518 2442 2439
f 429 2349 2348
f 547 2468 2465
f 465 2387 2383
f 441 2358 2356
f 504 2421 2420
f 537 2454 2452
f 550 2472 2471
f 476 2388 2386
f 444 2364 2363
f 502 2426 2422
f 526 2448 2445
f 481 2403 2400
f 420 2342 2338
f 510 2432 2428
f 555 2477 2473
f 571 2493 2490
f 540 2462 2458
f 473 2397 2394
f 447 2367 2366
f 507 2427 2425
f 534 2447 2444
f 469 2391 2389
f 435 2357 2353
f 498 2417 2414
f 529 2453 2449
f 545 2469 2466
f 487 2411 2407
f 574 2498 2494
f 562 2483 2480
f 520 2441 2438
f 432 2352 2351
f 589 2509 2510
f 583 2503 2504
f 586 2506 2508
f 593 2512 2514
f 596 2515 2517
f 599 2518 2520
f 633 2555 2554
f 620 2541 2539
f 640 2562 2560
f 603 2522 2523
f 622 2542 2543
f 607 2528 2527
f 612 2531 2532
f 626 2545 2547
f 629 2548 2550
f 631 2551 2552
f 614 2533 2535
f 618 2537 2538
f 641 2559 2558
f 605 2526 2524
f 164 644 1607
f 163 643 1603
f 165 645 1604
f 166 646 1610
f 167 647 1613
f 172 652 1622
f 190 670 1686
f 219 699 1773
f 215 695 1761
f 201 681 1712
f 179 659 1652
f 178 658 1648
f 180 660 1649
f 181 661 1655
f 182 662 1658
f 185 665 1670
f 177 657 1637
f 197 677 1694
f 206 686 1731
f 208 688 1739
f 218 698 1768
f 188 668 1678
f 168 648 1619
f 198 678 1709
f 213 693 1754
f 189 669 1682
f 221 701 1776
f 217 697 1758
f 202 682 1716
f 170 650 1625
f 209 689 1742
f 184 664 1663
f 173 653 1634
f 194 674 1697
f 204 684 1728
f 210 690 1746
f 183 663 1664
f 175 655 1640
f 196 676 1700
f 207 687 1724
f 192 672 1679
f 169 649 1618
f 199 679 1708
f 216 696 1753
f 222 702 1769
f 211 691 1738
f 187 667 1671
f 176 656 1643
f 195 675 1701
f 203 683 1723
f 186 666 1667
f 174 654 1633
f 193 673 1693
f 205 685 1727
f 212 692 1743
f 191 671 1685
f 220 700 1772
f 214 694 1757
f 200 680 1715
f 171 651 1628
f 358 838 2187
f 256 736 1881
f 261 741 1899
f 387 867 2277
f 399 879 2313
f 351 831 2169
f 348 828 2156
f 300 780 2010
f 366 846 2208
f 267 747 1917
f 340 820 2133
f 287 767 1971
f 291 771 1989
f 369 849 2223
f 395 875 2300
f 354 834 2174
f 345 825 2151
f 297 777 2007
f 363 843 2205
f 270 750 1920
f 247 727 1855
f 229 709 1801
f 223 703 1784
f 235 715 1820
f 241 721 1838
f 253 733 1874
f 355 835 2180
f 398 878 2310
f 386 866 2274
f 260 740 1896
f 325 805 2089
f 307 787 2035
f 278 758 1950
f 313 793 2054
f 319 799 2072
f 337 817 2126
f 283 763 1964
f 290 770 1986
f 368 848 2220
f 392 872 2291
f 356 836 2183
f 254 734 1877
f 259 739 1891
f 385 865 2269
f 397 877 2305
f 349 829 2161
f 344 824 2148
f 296 776 2004
f 362 842 2202
f 265 745 1909
f 338 818 2129
f 284 764 1967
f 289 769 1981
f 367 847 2215
f 391 871 2288
f 350 830 2166
f 343 823 2143
f 295 775 1999
f 361 841 2197
f 266 746 1914
f 230 710 1806
f 224 704 1787
f 236 716 1823
f 242 722 1841
f 248 728 1860
f 272 752 1931
f 331 811 2108
f 301 781 2018
f 373 853 2234
f 380 860 2255
f 308 788 2040
f 277 757 1945
f 314 794 2057
f 320 800 2075
f 326 806 2094
f 332 812 2111
f 302 782 2021
f 374 854 2237
f 379 859 2252
f 271 751 1928
f 234 714 1812
f 227 707 1791
f 239 719 1827
f 245 725 1845
f 252 732 1866
f 275 755 1935
f 334 814 2118
f 304 784 2028
f 377 857 2246
f 382 862 2259
f 312 792 2048
f 279 759 1953
f 316 796 2061
f 323 803 2079
f 330 810 2100
f 335 815 2115
f 305 785 2025
f 376 856 2241
f 383 863 2264
f 274 754 1938
f 232 712 1802
f 225 705 1783
f 237 717 1819
f 243 723 1837
f 250 730 1856
f 273 753 1927
f 336 816 2112
f 306 786 2022
f 378 858 2238
f 381 861 2251
f 311 791 2036
f 281 761 1949
f 315 795 2053
f 321 801 2071
f 328 808 2090
f 333 813 2107
f 303 783 2017
f 375 855 2233
f 384 864 2256
f 276 756 1932
f 251 731 1859
f 233 713 1805
f 228 708 1788
f 240 720 1824
f 246 726 1842
f 258 738 1878
f 360 840 2184
f 401 881 2306
f 389 869 2270
f 263 743 1892
f 329 809 2093
f 310 790 2039
f 280 760 1946
f 318 798 2058
f 324 804 2076
f 342 822 2130
f 288 768 1968
f 292 772 1982
f 371 851 2216
f 393 873 2287
f 357 837 2179
f 255 735 1873
f 262 742 1895
f 388 868 2273
f 400 880 2309
f 352 832 2165
f 347 827 2144
f 298 778 2000
f 364 844 2198
f 269 749 1913
f 339 819 2125
f 285 765 1963
f 293 773 1985
f 370 850 2219
f 396 876 2292
f 353 833 2162
f 346 826 2147
f 299 779 2003
f 365 845 2201
f 268 748 1910
f 249 729 1863
f 231 711 1809
f 226 706 1794
f 238 718 1830
f 244 724 1848
f 257 737 1886
f 359 839 2192
f 402 882 2318
f 390 870 2282
f 264 744 1904
f 327 807 2097
f 309 789 2043
f 282 762 1956
f 317 797 2066
f 322 802 2082
f 341 821 2138
f 286 766 1974
f 294 774 1992
f 372 852 2228
f 394 874 2295
f 416 1270 2331
f 408 1246 2327
f 406 1251 2328
f 412 1287 2334
f 415 1305 2337
f 424 1335 2346
f 492 1552 2412
f 582 1474 2499
f 565 1600 2487
f 514 1353 2436
f 461 1480 2376
f 453 1402 2372
f 451 1407 2373
f 457 1491 2379
f 460 1503 2382
f 475 1534 2396
f 439 1413 2361
f 496 1443 2418
f 533 1593 2457
f 551 1384 2463
f 579 1324 2492
f 483 1276 2402
f 426 1264 2343
f 521 1300 2433
f 566 1318 2478
f 489 1342 2406
f 578 1563 2502
f 560 1461 2484
f 518 1587 2442
f 429 1348 2349
f 547 1522 2468
f 465 1419 2387
f 441 1396 2358
f 504 1498 2421
f 537 1516 2454
f 550 1558 2472
f 476 1426 2388
f 444 1432 2364
f 502 1569 2426
f 526 1371 2448
f 481 1281 2403
f 420 1257 2342
f 510 1293 2432
f 555 1311 2477
f 571 1329 2493
f 540 1377 2462
f 473 1539 2397
f 447 1450 2367
f 507 1576 2427
f 534 1366 2447
f 469 1485 2391
f 435 1389 2357
f 498 1438 2417
f 529 1509 2453
f 545 1527 2469
f 487 1545 2411
f 574 1467 2498
f 562 1456 2483
f 520 1582 2441
f 432 1360 2352
f 589 1271 2509
f 583 1247 2503
f 586 1254 2506
f 593 1290 2512
f 596 1308 2515
f 599 1338 2518
f 633 1553 2555
f 620 1475 2541
f 640 1601 2562
f 603 1356 2522
f 622 1481 2542
f 607 1403 2528
f 612 1410 2531
f 626 1494 2545
f 629 1506 2548
f 631 1535 2551
f 614 1416 2533
f 618 1446 2537
f 641 1596 2559
f 605 1385 2526
f 167 907 1616
f 164 889 1608
f 163 883 1606
f 165 895 1612
f 166 901 1615
f 169 919 1624
f 192 1057 1692
f 222 1237 1782
f 216 1201 1765
f 199 1099 1714
f 182 997 1661
f 179 979 1653
f 178 973 1651
f 180 985 1657
f 181 991 1660
f 186 1021 1675
f 174 949 1639
f 193 1063 1696
f 205 1135 1733
f 212 1177 1751
f 221 1231 1779
f 189 1039 1683
f 170 925 1626
f 202 1117 1721
f 217 1207 1766
f 191 1051 1689
f 220 1225 1778
f 214 1189 1760
f 200 1105 1718
f 171 931 1629
f 210 1165 1747
f 183 1003 1665
f 175 955 1641
f 196 1081 1704
f 207 1147 1737
f 211 1171 1750
f 187 1027 1676
f 176 961 1644
f 195 1075 1702
f 203 1123 1726
f 188 1033 1681
f 168 913 1620
f 198 1093 1710
f 213 1183 1755
f 218 1213 1771
f 208 1153 1740
f 185 1015 1673
f 177 967 1647
f 197 1087 1707
f 206 1141 1734
f 184 1009 1669
f 173 943 1635
f 194 1069 1698
f 204 1129 1729
f 209 1159 1745
f 190 1045 1687
f 219 1219 1774
f 215 1195 1762
f 201 1111 1720
f 172 937 1632
f 357 1280 2189
f 255 1256 1883
f 262 1292 1903
f 388 1310 2281
f 400 1328 2317
f 352 1376 2173
f 347 1538 2158
f 298 1447 2012
f 364 1573 2210
f 269 1363 1924
f 339 1484 2135
f 285 1388 1973
f 293 1435 1996
f 370 1508 2227
f 396 1526 2304
f 353 1544 2176
f 346 1466 2155
f 299 1453 2014
f 365 1579 2212
f 268 1357 1922
f 249 1268 1864
f 231 1244 1810
f 226 1249 1795
f 238 1285 1831
f 244 1303 1849
f 257 1333 1887
f 359 1550 2193
f 402 1472 2321
f 390 1598 2285
f 264 1351 1907
f 327 1478 2098
f 309 1400 2044
f 282 1405 1961
f 317 1489 2067
f 322 1501 2083
f 341 1532 2139
f 286 1411 1975
f 294 1441 1997
f 372 1591 2231
f 394 1382 2298
f 358 1322 2190
f 256 1274 1884
f 261 1262 1900
f 387 1298 2278
f 399 1316 2314
f 351 1340 2170
f 348 1561 2159
f 300 1459 2015
f 366 1585 2213
f 267 1346 1918
f 340 1520 2136
f 287 1417 1977
f 291 1394 1990
f 369 1496 2224
f 395 1514 2301
f 354 1556 2177
f 345 1424 2152
f 297 1430 2008
f 363 1567 2206
f 270 1369 1925
f 234 1279 1817
f 227 1255 1797
f 239 1291 1833
f 245 1309 1851
f 252 1327 1871
f 275 1375 1941
f 334 1537 2119
f 304 1448 2029
f 377 1574 2247
f 382 1364 2262
f 312 1483 2051
f 279 1387 1954
f 316 1436 2064
f 323 1507 2085
f 330 1525 2105
f 335 1543 2121
f 305 1465 2031
f 376 1454 2244
f 383 1580 2265
f 274 1358 1939
f 232 1267 1814
f 225 1243 1793
f 237 1250 1829
f 243 1286 1847
f 250 1304 1868
f 273 1334 1937
f 336 1549 2124
f 306 1471 2034
f 378 1597 2250
f 381 1352 2261
f 311 1477 2050
f 281 1399 1960
f 315 1406 2063
f 321 1490 2081
f 328 1502 2102
f 333 1531 2117
f 303 1412 2027
f 375 1442 2243
f 384 1592 2268
f 276 1381 1944
f 229 890 1804
f 223 884 1785
f 235 896 1821
f 241 902 1839
f 247 908 1858
f 271 938 1929
f 332 1046 2114
f 302 1220 2024
f 374 1196 2240
f 379 1112 2253
f 307 980 2038
f 278 974 1951
f 313 986 2055
f 319 992 2073
f 325 998 2092
f 331 1016 2109
f 301 968 2019
f 373 1088 2235
f 380 1142 2258
f 272 1154 1934
f 248 1214 1861
f 230 1034 1807
f 224 914 1790
f 236 1094 1826
f 242 1184 1844
f 254 1040 1880
f 356 1232 2186
f 397 1208 2308
f 385 1118 2272
f 259 926 1894
f 326 1160 2095
f 308 1010 2041
f 277 944 1948
f 314 1070 2060
f 320 1130 2078
f 338 1166 2132
f 284 1004 1970
f 289 956 1984
f 367 1082 2218
f 391 1148 2289
f 355 1058 2181
f 253 920 1875
f 260 1100 1897
f 386 1202 2275
f 398 1238 2311
f 350 1172 2167
f 343 1028 2146
f 295 962 2002
f 361 1076 2200
f 266 1124 1915
f 337 1022 2127
f 283 950 1965
f 290 1064 1987
f 368 1136 2221
f 392 1178 2294
f 349 1052 2164
f 344 1226 2149
f 296 1190 2005
f 362 1106 2203
f 265 932 1912
f 251 1321 1870
f 233 1273 1816
f 228 1261 1800
f 240 1297 1836
f 246 1315 1854
f 258 1339 1890
f 360 1562 2196
f 401 1460 2320
f 389 1586 2284
f 263 1345 1906
f 329 1519 2104
f 310 1418 2047
f 280 1393 1958
f 318 1495 2070
f 324 1513 2088
f 342 1555 2142
f 288 1423 1980
f 292 1429 1994
f 371 1568 2230
f 393 1370 2297
f 409 894 2329
f 405 887 2323
f 411 899 2326
f 414 905 2333
f 417 912 2336
f 431 941 2345
f 488 1050 2409
f 575 1224 2496
f 563 1200 2485
f 519 1115 2435
f 454 984 2374
f 450 977 2368
f 456 989 2371
f 459 995 2378
f 462 1002 2381
f 472 1019 2392
f 446 971 2360
f 506 1091 2416
f 535 1146 2456
f 541 1158 2460
f 570 1217 2488
f 480 1037 2398
f 421 918 2340
f 511 1098 2430
f 556 1188 2475
f 484 1044 2404
f 580 1236 2501
f 567 1212 2482
f 522 1122 2440
f 427 930 2347
f 544 1163 2464
f 468 1013 2384
f 436 948 2355
f 499 1074 2419
f 530 1134 2451
f 548 1170 2470
f 466 1008 2385
f 442 960 2362
f 505 1086 2423
f 536 1151 2446
f 491 1061 2401
f 423 923 2339
f 513 1103 2429
f 564 1205 2474
f 581 1241 2491
f 549 1175 2459
f 477 1032 2395
f 445 966 2365
f 503 1080 2424
f 525 1127 2443
f 474 1025 2390
f 438 953 2354
f 495 1067 2413
f 532 1139 2450
f 552 1182 2467
f 490 1056 2408
f 577 1229 2495
f 559 1193 2479
f 517 1109 2437
f 430 936 2350
f 590 1325 2511
f 584 1277 2505
f 585 1265 2507
f 592 1301 2513
f 595 1319 2516
f 598 1343 2519
f 636 1566 2556
f 621 1464 2540
f 642 1590 2561
f 601 1349 2521
f 623 1523 2544
f 611 1422 2529
f 609 1397 2530
f 625 1499 2546
f 628 1517 2549
f 632 1559 2553
f 613 1427 2534
f 616 1433 2536
f 638 1572 2557
f 606 1374 2525
f 407 892 1609
f 403 885 1605
f 404 897 1611
f 410 903 1614
f 413 910 1617
f 422 939 1631
f 486 1048 1688
f 573 1222 1775
f 561 1198 1763
f 512 1113 1719
f 452 982 1654
f 448 975 1650
f 449 987 1656
f 455 993 1659
f 458 1000 1662
f 470 1017 1672
f 437 969 1646
f 494 1089 1706
f 531 1144 1735
f 539 1156 1741
f 568 1215 1770
f 478 1035 1680
f 419 916 1621
f 509 1096 1711
f 554 1186 1756
f 482 1042 1684
f 576 1234 1780
f 558 1210 1767
f 516 1120 1722
f 425 928 1627
f 542 1161 1744
f 463 1011 1668
f 434 946 1636
f 497 1072 1699
f 528 1132 1730
f 546 1168 1748
f 464 1006 1666
f 440 958 1642
f 500 1084 1705
f 524 1149 1736
f 479 1059 1691
f 418 921 1623
f 508 1101 1713
f 553 1203 1764
f 569 1239 1781
f 538 1173 1749
f 471 1030 1677
f 443 964 1645
f 501 1078 1703
f 523 1125 1725
f 467 1023 1674
f 433 951 1638
f 493 1065 1695
f 527 1137 1732
f 543 1180 1752
f 485 1054 1690
f 572 1227 1777
f 557 1191 1759
f 515 1107 1717
f 428 934 1630
f 591 1326 2191
f 587 1278 1885
f 588 1266 1901
f 594 1302 2279
f 597 1320 2315
f 600 1344 2171
f 634 1565 2160
f 619 1463 2016
f 639 1589 2214
f 602 1350 1919
f 624 1524 2137
f 608 1421 1978
f 610 1398 1991
f 627 1500 2225
f 630 1518 2302
f 635 1560 2178
f 615 1428 2153
f 617 1434 2009
f 637 1571 2207
f 604 1373 1926
f 416 911 1857
f 408 893 1803
f 406 888 1786
f 412 900 1822
f 415 906 1840
f 424 924 1876
f 492 1062 2182
f 582 1242 2312
f 565 1206 2276
f 514 1104 1898
f 461 1001 2091
f 453 983 2037
f 451 978 1952
f 457 990 2056
f 460 996 2074
f 475 1026 2128
f 439 954 1966
f 496 1068 1988
f 533 1140 2222
f 551 1181 2293
f 579 1235 2185
f 483 1043 1879
f 426 929 1893
f 521 1121 2271
f 566 1211 2307
f 489 1055 2163
f 578 1230 2150
f 560 1194 2006
f 518 1110 2204
f 429 935 1911
f 547 1169 2131
f 465 1007 1969
f 441 959 1983
f 504 1085 2217
f 537 1152 2290
f 550 1176 2168
f 476 1031 2145
f 444 965 2001
f 502 1079 2199
f 526 1128 1916
f 481 1038 1808
f 420 917 1789
f 510 1097 1825
f 555 1187 1843
f 571 1218 1862
f 540 1157 1933
f 473 1020 2110
f 447 972 2020
f 507 1092 2236
f 534 1145 2257
f 469 1014 2042
f 435 947 1947
f 498 1073 2059
f 529 1133 2077
f 545 1164 2096
f 487 1049 2113
f 574 1223 2023
f 562 1199 2239
f 520 1116 2254
f 432 942 1930
f 589 1283 1818
f 583 1259 1798
f 586 1295 1834
f 593 1313 1852
f 596 1331 1872
f 599 1379 1942
f 633 1541 2120
f 620 1452 2030
f 640 1578 2248
f 603 1368 2263
f 622 1487 2052
f 607 1391 1955
f 612 1440 2065
f 626 1511 2086
f 629 1529 2106
f 631 1547 2122
f 614 1469 2032
f 618 1458 2245
f 641 1584 2266
f 605 1362 1940
f 409 1269 1813
f 405 1245 1792
f 411 1252 1828
f 414 1288 1846
f 417 1306 1867
f 431 1336 1936
f 488 1551 2123
f 575 1473 2033
f 563 1599 2249
f 519 1354 2260
f 454 1479 2049
f 450 1401 1959
f 456 1408 2062
f 459 1492 2080
f 462 1504 2101
f 472 1533 2116
f 446 1414 2026
f 506 1444 2242
f 535 1594 2267
f 541 1383 1943
f 570 1323 1869
f 480 1275 1815
f 421 1263 1799
f 511 1299 1835
f 556 1317 1853
f 484 1341 1889
f 580 1564 2195
f 567 1462 2319
f 522 1588 2283
f 427 1347 1905
f 544 1521 2103
f 468 1420 2046
f 436 1395 1957
f 499 1497 2069
f 530 1515 2087
f 548 1557 2141
f 466 1425 1979
f 442 1431 1993
f 505 1570 2229
f 536 1372 2296
f 491 1282 2188
f 423 1258 1882
f 513 1294 1902
f 564 1312 2280
f 581 1330 2316
f 549 1378 2172
f 477 1540 2157
f 445 1449 2011
f 503 1575 2209
f 525 1365 1923
f 474 1486 2134
f 438 1390 1972
f 495 1437 1995
f 532 1510 2226
f 552 1528 2303
f 490 1546 2175
f 577 1468 2154
f 559 1455 2013
f 517 1581 2211
f 430 1359 1921
f 590 1272 1865
f 584 1248 1811
f 585 1253 1796
f 592 1289 1832
f 595 1307 1850
f 598 1337 1888
f 636 1554 2194
f 621 1476 2322
f 642 1602 2286
f 601 1355 1908
f 623 1482 2099
f 611 1404 2045
f 609 1409 1962
f 625 1493 2068
f 628 1505 2084
f 632 1536 2140
f 613 1415 1976
f 616 1445 1998
f 638 1595 2232
f 606 1386 2299
f 407 909 2330
f 403 891 2324
f 404 886 2325
f 410 898 2332
f 413 904 2335
f 422 922 2344
f 486 1060 2410
f 573 1240 2497
f 561 1204 2486
f 512 1102 2434
f 452 999 2375
f 448 981 2369
f 449 976 2370
f 455 988 2377
f 458 994 2380
f 470 1024 2393
f 437 952 2359
f 494 1066 2415
f 531 1138 2455
f 539 1179 2461
f 568 1233 2489
f 478 1041 2399
f 419 927 2341
f 509 1119 2431
f 554 1209 2476
f 482 1053 2405
f 576 1228 2500
f 558 1192 2481
f 516 1108 2439
f 425 933 2348
f 542 1167 2465
f 463 1005 2383
f 434 957 2356
f 497 1083 2420
f 528 1150 2452
f 546 1174 2471
f 464 1029 2386
f 440 963 2363
f 500 1077 2422
f 524 1126 2445
f 479 1036 2400
f 418 915 2338
f 508 1095 2428
f 553 1185 2473
f 569 1216 2490
f 538 1155 2458
f 471 1018 2394
f 443 970 2366
f 501 1090 2425
f 523 1143 2444
f 467 1012 2389
f 433 945 2353
f 493 1071 2414
f 527 1131 2449
f 543 1162 2466
f 485 1047 2407
f 572 1221 2494
f 557 1197 2480
f 515 1114 2438
f 428 940 2351
f 591 1284 2510
f 587 1260 2504
f 588 1296 2508
f 594 1314 2514
f 597 1332 2517
f 600 1380 2520
f 634 1542 2554
f 619 1451 2539
f 639 1577 2560
f 602 1367 2523
f 624 1488 2543
f 608 1392 2527
f 610 1439 2532
f 627 1512 2547
f 630 1530 2550
f 635 1548 2552
f 615 1470 2535
f 617 1457 2538
f 637 1583 2558
f 604 1361 2524
f 167 1616 1607
f 164 1608 1603
f 163 1606 1604
f 165 1612 1610
f 166 1615 1613
f 169 1624 1622
f 192 1692 1686
f 222 1782 1773
f 216 1765 1761
f 199 1714 1712
f 182 1661 1652
f 179 1653 1648
f 178 1651 1649
f 180 1657 1655
f 181 1660 1658
f 186 1675 1670
f 174 1639 1637
f 193 1696 1694
f 205 1733 1731
f 212 1751 1739
f 221 1779 1768
f 189 1683 1678
f 170 1626 1619
f 202 1721 1709
f 217 1766 1754
f 191 1689 1682
f 220 1778 1776
f 214 1760 1758
f 200 1718 1716
f 171 1629 1625
f 210 1747 1742
f 183 1665 1663
f 175 1641 1634
f 196 1704 1697
f 207 1737 1728
f 211 1750 1746
f 187 1676 1664
f 176 1644 1640
f 195 1702 1700
f 203 1726 1724
f 188 1681 1679
f 168 1620 1618
f 198 1710 1708
f 213 1755 1753
f 218 1771 1769
f 208 1740 1738
f 185 1673 1671
f 177 1647 1643
f 197 1707 1701
f 206 1734 1723
f 184 1669 1667
f 173 1635 1633
f 194 1698 1693
f 204 1729 1727
f 209 1745 1743
f 190 1687 1685
f 219 1774 1772
f 215 1762 1757
f 201 1720 1715
f 172 1632 1628
f 357 2189 2187
f 255 1883 1881
f 262 1903 1899
f 388 2281 2277
f 400 2317 2313
f 352 2173 2169
f 347 2158 2156
f 298 2012 2010
f 364 2210 2208
f 269 1924 1917
f 339 2135 2133
f 285 1973 1971
f 293 1996 1989
f 370 2227 2223
f 396 2304 2300
f 353 2176 2174
f 346 2155 2151
f 299 2014 2007
f 365 2212 2205
f 268 1922 1920
f 249 1864 1855
f 231 1810 1801
f 226 1795 1784
f 238 1831 1820
f 244 1849 1838
f 257 1887 1874
f 359 2193 2180
f 402 2321 2310
f 390 2285 2274
f 264 1907 1896
f 327 2098 2089
f 309 2044 2035
f 282 1961 1950
f 317 2067 2054
f 322 2083 2072
f 341 2139 2126
f 286 1975 1964
f 294 1997 1986
f 372 2231 2220
f 394 2298 2291
f 358 2190 2183
f 256 1884 1877
f 261 1900 1891
f 387 2278 2269
f 399 2314 2305
f 351 2170 2161
f 348 2159 2148
f 300 2015 2004
f 366 2213 2202
f 267 1918 1909
f 340 2136 2129
f 287 1977 1967
f 291 1990 1981
f 369 2224 2215
f 395 2301 2288
f 354 2177 2166
f 345 2152 2143
f 297 2008 1999
f 363 2206 2197
f 270 1925 1914
f 234 1817 1806
f 227 1797 1787
f 239 1833 1823
f 245 1851 1841
f 252 1871 1860
f 275 1941 1931
f 334 2119 2108
f 304 2029 2018
f 377 2247 2234
f 382 2262 2255
f 312 2051 2040
f 279 1954 1945
f 316 2064 2057
f 323 2085 2075
f 330 2105 2094
f 335 2121 2111
f 305 2031 2021
f 376 2244 2237
f 383 2265 2252
f 274 1939 1928
f 232 1814 1812
f 225 1793 1791
f 237 1829 1827
f 243 1847 1845
f 250 1868 1866
f 273 1937 1935
f 336 2124 2118
f 306 2034 2028
f 378 2250 2246
f 381 2261 2259
f 311 2050 2048
f 281 1960 1953
f 315 2063 2061
f 321 2081 2079
f 328 2102 2100
f 333 2117 2115
f 303 2027 2025
f 375 2243 2241
f 384 2268 2264
f 276 1944 1938
f 229 1804 1802
f 223 1785 1783
f 235 1821 1819
f 241 1839 1837
f 247 1858 1856
f 271 1929 1927
f 332 2114 2112
f 302 2024 2022
f 374 2240 2238
f 379 2253 2251
f 307 2038 2036
f 278 1951 1949
f 313 2055 2053
f 319 2073 2071
f 325 2092 2090
f 331 2109 2107
f 301 2019 2017
f 373 2235 2233
f 380 2258 2256
f 272 1934 1932
f 248 1861 1859
f 230 1807 1805
f 224 1790 1788
f 236 1826 1824
f 242 1844 1842
f 254 1880 1878
f 356 2186 2184
f 397 2308 2306
f 385 2272 2270
f 259 1894 1892
f 326 2095 2093
f 308 2041 2039
f 277 1948 1946
f 314 2060 2058
f 320 2078 2076
f 338 2132 2130
f 284 1970 1968
f 289 1984 1982
f 367 2218 2216
f 391 2289 2287
f 355 2181 2179
f 253 1875 1873
f 260 1897 1895
f 386 2275 2273
f 398 2311 2309
f 350 2167 2165
f 343 2146 2144
f 295 2002 2000
f 361 2200 2198
f 266 1915 1913
f 337 2127 2125
f 283 1965 1963
f 290 1987 1985
f 368 2221 2219
f 392 2294 2292
f 349 2164 2162
f 344 2149 2147
f 296 2005 2003
f 362 2203 2201
f 265 1912 1910
f 251 1870 1863
f 233 1816 1809
f 228 1800 1794
f 240 1836 1830
f 246 1854 1848
f 258 1890 1886
f 360 2196 2192
f 401 2320 2318
f 389 2284 2282
f 263 1906 1904
f 329 2104 2097
f 310 2047 2043
f 280 1958 1956
f 318 2070 2066
f 324 2088 2082
f 342 2142 2138
f 288 1980 1974
f 292 1994 1992
f 371 2230 2228
f 393 2297 2295
f 409 2329 2331
f 405 2323 2327
f 411 2326 2328
f 414 2333 2334
f 417 2336 2337
f 431 2345 2346
f 488 2409 2412
f 575 2496 2499
f 563 2485 2487
f 519 2435 2436
f 454 2374 2376
f 450 2368 2372
f 456 2371 2373
f 459 2378 2379
f 462 2381 2382
f 472 2392 2396
f 446 2360 2361
f 506 2416 2418
f 535 2456 2457
f 541 2460 2463
f 570 2488 2492
f 480 2398 2402
f 421 2340 2343
f 511 2430 2433
f 556 2475 2478
f 484 2404 2406
f 580 2501 2502
f 567 2482 2484
f 522 2440 2442
f 427 2347 2349
f 544 2464 2468
f 468 2384 2387
f 436 2355 2358
f 499 2419 2421
f 530 2451 2454
f 548 2470 2472
f 466 2385 2388
f 442 2362 2364
f 505 2423 2426
f 536 2446 2448
f 491 2401 2403
f 423 2339 2342
f 513 2429 2432
f 564 2474 2477
f 581 2491 2493
f 549 2459 2462
f 477 2395 2397
f 445 2365 2367
f 503 2424 2427
f 525 2443 2447
f 474 2390 2391
f 438 2354 2357
f 495 2413 2417
f 532 2450 2453
f 552 2467 2469
f 490 2408 2411
f 577 2495 2498
f 559 2479 2483
f 517 2437 2441
f 430 2350 2352
f 590 2511 2509
f 584 2505 2503
f 585 2507 2506
f 592 2513 2512
f 595 2516 2515
f 598 2519 2518
f 636 2556 2555
f 621 2540 2541
f 642 2561 2562
f 601 2521 2522
f 623 2544 2542
f 611 2529 2528
f 609 2530 2531
f 625 2546 2545
f 628 2549 2548
f 632 2553 2551
f 613 2534 2533
f 616 2536 2537
f 638 2557 2559
f 606 2525 2526
f 1607 644 647
f 1603 643 644
f 1604 645 643
f 1610 646 645
f 1613 647 646
f 1622 652 649
f 1686 670 672
f 1773 699 702
f 1761 695 696
f 1712 681 679
f 1652 659 662
f 1648 658 659
f 1649 660 658
f 1655 661 660
f 1658 662 661
f 1670 665 666
f 1637 657 654
f 1694 677 673
f 1731 686 685
f 1739 688 692
f 1768 698 701
f 1678 668 669
f 1619 648 650
f 1709 678 682
f 1754 693 697
f 1682 669 671
f 1776 701 700
f 1758 697 694
f 1716 682 680
f 1625 650 651
f 1742 689 690
f 1663 664 663
f 1634 653 655
f 1697 674 676
f 1728 684 687
f 1746 690 691
f 1664 663 667
f 1640 655 656
f 1700 676 675
f 1724 687 683
f 1679 672 668
f 1618 649 648
f 1708 679 678
f 1753 696 693
f 1769 702 698
f 1738 691 688
f 1671 667 665
f 1643 656 657
f 1701 675 677
f 1723 683 686
f 1667 666 664
f 1633 654 653
f 1693 673 674
f 1727 685 684
f 1743 692 689
f 1685 671 670
f 1772 700 699
f 1757 694 695
f 1715 680 681
f 1628 651 652
f 2187 838 837
f 1881 736 735
f 1899 741 742
f 2277 867 868
f 2313 879 880
f 2169 831 832
f 2156 828 827
f 2010 780 778
f 2208 846 844
f 1917 747 749
f 2133 820 819
f 1971 767 765
f 1989 771 773
f 2223 849 850
f 2300 875 876
f 2174 834 833
f 2151 825 826
f 2007 777 779
f 2205 843 845
f 1920 750 748
f 1855 727 729
f 1801 709 711
f 1784 703 706
f 1820 715 718
f 1838 721 724
f 1874 733 737
f 2180 835 839
f 2310 878 882
f 2274 866 870
f 1896 740 744
f 2089 805 807
f 2035 787 789
f 1950 758 762
f 2054 793 797
f 2072 799 802
f 2126 817 821
f 1964 763 766
f 1986 770 774
f 2220 848 852
f 2291 872 874
f 2183 836 838
f 1877 734 736
f 1891 739 741
f 2269 865 867
f 2305 877 879
f 2161 829 831
f 2148 824 828
f 2004 776 780
f 2202 842 846
f 1909 745 747
f 2129 818 820
f 1967 764 767
f 1981 769 771
f 2215 847 849
f 2288 871 875
f 2166 830 834
f 2143 823 825
f 1999 775 777
f 2197 841 843
f 1914 746 750
f 1806 710 714
f 1787 704 707
f 1823 716 719
f 1841 722 725
f 1860 728 732
f 1931 752 755
f 2108 811 814
f 2018 781 784
f 2234 853 857
f 2255 860 862
f 2040 788 792
f 1945 757 759
f 2057 794 796
f 2075 800 803
f 2094 806 810
f 2111 812 815
f 2021 782 785
f 2237 854 856
f 2252 859 863
f 1928 751 754
f 1812 714 712
f 1791 707 705
f 1827 719 717
f 1845 725 723
f 1866 732 730
f 1935 755 753
f 2118 814 816
f 2028 784 786
f 2246 857 858
f 2259 862 861
f 2048 792 791
f 1953 759 761
f 2061 796 795
f 2079 803 801
f 2100 810 808
f 2115 815 813
f 2025 785 783
f 2241 856 855
f 2264 863 864
f 1938 754 756
f 1802 712 709
f 1783 705 703
f 1819 717 715
f 1837 723 721
f 1856 730 727
f 1927 753 751
f 2112 816 812
f 2022 786 782
f 2238 858 854
f 2251 861 859
f 2036 791 787
f 1949 761 758
f 2053 795 793
f 2071 801 799
f 2090 808 805
f 2107 813 811
f 2017 783 781
f 2233 855 853
f 2256 864 860
f 1932 756 752
f 1859 731 728
f 1805 713 710
f 1788 708 704
f 1824 720 716
f 1842 726 722
f 1878 738 734
f 2184 840 836
f 2306 881 877
f 2270 869 865
f 1892 743 739
f 2093 809 806
f 2039 790 788
f 1946 760 757
f 2058 798 794
f 2076 804 800
f 2130 822 818
f 1968 768 764
f 1982 772 769
f 2216 851 847
f 2287 873 871
f 2179 837 835
f 1873 735 733
f 1895 742 740
f 2273 868 866
f 2309 880 878
f 2165 832 830
f 2144 827 823
f 2000 778 775
f 2198 844 841
f 1913 749 746
f 2125 819 817
f 1963 765 763
f 1985 773 770
f 2219 850 848
f 2292 876 872
f 2162 833 829
f 2147 826 824
f 2003 779 776
f 2201 845 842
f 1910 748 745
f 1863 729 731
f 1809 711 713
f 1794 706 708
f 1830 718 720
f 1848 724 726
f 1886 737 738
f 2192 839 840
f 2318 882 881
f 2282 870 869
f 1904 744 743
f 2097 807 809
f 2043 789 790
f 1956 762 760
f 2066 797 798
f 2082 802 804
f 2138 821 822
f 1974 766 768
f 1992 774 772
f 2228 852 851
f 2295 874 873
f 2331 1270 1269
f 2327 1246 1245
f 2328 1251 1252
f 2334 1287 1288
f 2337 1305 1306
f 2346 1335 1336
f 2412 1552 1551
f 2499 1474 1473
f 2487 1600 1599
f 2436 1353 1354
f 2376 1480 1479
f 2372 1402 1401
f 2373 1407 1408
f 2379 1491 1492
f 2382 1503 1504
f 2396 1534 1533
f 2361 1413 1414
f 2418 1443 1444
f 2457 1593 1594
f 2463 1384 1383
f 2492 1324 1323
f 2402 1276 1275
f 2343 1264 1263
f 2433 1300 1299
f 2478 1318 1317
f 2406 1342 1341
f 2502 1563 1564
f 2484 1461 1462
f 2442 1587 1588
f 2349 1348 1347
f 2468 1522 1521
f 2387 1419 1420
f 2358 1396 1395
f 2421 1498 1497
f 2454 1516 1515
f 2472 1558 1557
f 2388 1426 1425
f 2364 1432 1431
f 2426 1569 1570
f 2448 1371 1372
f 2403 1281 1282
f 2342 1257 1258
f 2432 1293 1294
f 2477 1311 1312
f 2493 1329 1330
f 2462 1377 1378
f 2397 1539 1540
f 2367 1450 1449
f 2427 1576 1575
f 2447 1366 1365
f 2391 1485 1486
f 2357 1389 1390
f 2417 1438 1437
f 2453 1509 1510
f 2469 1527 1528
f 2411 1545 1546
f 2498 1467 1468
f 2483 1456 1455
f 2441 1582 1581
f 2352 1360 1359
f 2509 1271 1272
f 2503 1247 1248
f 2506 1254 1253
f 2512 1290 1289
f 2515 1308 1307
f 2518 1338 1337
f 2555 1553 1554
f 2541 1475 1476
f 2562 1601 1602
f 2522 1356 1355
f 2542 1481 1482
f 2528 1403 1404
f 2531 1410 1409
f 2545 1494 1493
f 2548 1506 1505
f 2551 1535 1536
f 2533 1416 1415
f 2537 1446 1445
f 2559 1596 1595
f 2526 1385 1386
f 1616 907 909
f 1608 889 891
f 1606 883 886
f 1612 895 898
f 1615 901 904
f 1624 919 922
f 1692 1057 1060
f 1782 1237 1240
f 1765 1201 1204
f 1714 1099 1102
f 1661 997 999
f 1653 979 981
f 1651 973 976
f 1657 985 988
f 1660 991 994
f 1675 1021 1024
f 1639 949 952
f 1696 1063 1066
f 1733 1135 1138
f 1751 1177 1179
f 1779 1231 1233
f 1683 1039 1041
f 1626 925 927
f 1721 1117 1119
f 1766 1207 1209
f 1689 1051 1053
f 1778 1225 1228
f 1760 1189 1192
f 1718 1105 1108
f 1629 931 933
f 1747 1165 1167
f 1665 1003 1005
f 1641 955 957
f 1704 1081 1083
f 1737 1147 1150
f 1750 1171 1174
f 1676 1027 1029
f 1644 961 963
f 1702 1075 1077
f 1726 1123 1126
f 1681 1033 1036
f 1620 913 915
f 1710 1093 1095
f 1755 1183 1185
f 1771 1213 1216
f 1740 1153 1155
f 1673 1015 1018
f 1647 967 970
f 1707 1087 1090
f 1734 1141 1143
f 1669 1009 1012
f 1635 943 945
f 1698 1069 1071
f 1729 1129 1131
f 1745 1159 1162
f 1687 1045 1047
f 1774 1219 1221
f 1762 1195 1197
f 1720 1111 1114
f 1632 937 940
f 2189 1280 1284
f 1883 1256 1260
f 1903 1292 1296
f 2281 1310 1314
f 2317 1328 1332
f 2173 1376 1380
f 2158 1538 1542
f 2012 1447 1451
f 2210 1573 1577
f 1924 1363 1367
f 2135 1484 1488
f 1973 1388 1392
f 1996 1435 1439
f 2227 1508 1512
f 2304 1526 1530
f 2176 1544 1548
f 2155 1466 1470
f 2014 1453 1457
f 2212 1579 1583
f 1922 1357 1361
f 1864 1268 1270
f 1810 1244 1246
f 1795 1249 1251
f 1831 1285 1287
f 1849 1303 1305
f 1887 1333 1335
f 2193 1550 1552
f 2321 1472 1474
f 2285 1598 1600
f 1907 1351 1353
f 2098 1478 1480
f 2044 1400 1402
f 1961 1405 1407
f 2067 1489 1491
f 2083 1501 1503
f 2139 1532 1534
f 1975 1411 1413
f 1997 1441 1443
f 2231 1591 1593
f 2298 1382 1384
f 2190 1322 1324
f 1884 1274 1276
f 1900 1262 1264
f 2278 1298 1300
f 2314 1316 1318
f 2170 1340 1342
f 2159 1561 1563
f 2015 1459 1461
f 2213 1585 1587
f 1918 1346 1348
f 2136 1520 1522
f 1977 1417 1419
f 1990 1394 1396
f 2224 1496 1498
f 2301 1514 1516
f 2177 1556 1558
f 2152 1424 1426
f 2008 1430 1432
f 2206 1567 1569
f 1925 1369 1371
f 1817 1279 1281
f 1797 1255 1257
f 1833 1291 1293
f 1851 1309 1311
f 1871 1327 1329
f 1941 1375 1377
f 2119 1537 1539
f 2029 1448 1450
f 2247 1574 1576
f 2262 1364 1366
f 2051 1483 1485
f 1954 1387 1389
f 2064 1436 1438
f 2085 1507 1509
f 2105 1525 1527
f 2121 1543 1545
f 2031 1465 1467
f 2244 1454 1456
f 2265 1580 1582
f 1939 1358 1360
f 1814 1267 1271
f 1793 1243 1247
f 1829 1250 1254
f 1847 1286 1290
f 1868 1304 1308
f 1937 1334 1338
f 2124 1549 1553
f 2034 1471 1475
f 2250 1597 1601
f 2261 1352 1356
f 2050 1477 1481
f 1960 1399 1403
f 2063 1406 1410
f 2081 1490 1494
f 2102 1502 1506
f 2117 1531 1535
f 2027 1412 1416
f 2243 1442 1446
f 2268 1592 1596
f 1944 1381 1385
f 1804 890 894
f 1785 884 887
f 1821 896 899
f 1839 902 905
f 1858 908 912
f 1929 938 941
f 2114 1046 1050
f 2024 1220 1224
f 2240 1196 1200
f 2253 1112 1115
f 2038 980 984
f 1951 974 977
f 2055 986 989
f 2073 992 995
f 2092 998 1002
f 2109 1016 1019
f 2019 968 971
f 2235 1088 1091
f 2258 1142 1146
f 1934 1154 1158
f 1861 1214 1217
f 1807 1034 1037
f 1790 914 918
f 1826 1094 1098
f 1844 1184 1188
f 1880 1040 1044
f 2186 1232 1236
f 2308 1208 1212
f 2272 1118 1122
f 1894 926 930
f 2095 1160 1163
f 2041 1010 1013
f 1948 944 948
f 2060 1070 1074
f 2078 1130 1134
f 2132 1166 1170
f 1970 1004 1008
f 1984 956 960
f 2218 1082 1086
f 2289 1148 1151
f 2181 1058 1061
f 1875 920 923
f 1897 1100 1103
f 2275 1202 1205
f 2311 1238 1241
f 2167 1172 1175
f 2146 1028 1032
f 2002 962 966
f 2200 1076 1080
f 1915 1124 1127
f 2127 1022 1025
f 1965 950 953
f 1987 1064 1067
f 2221 1136 1139
f 2294 1178 1182
f 2164 1052 1056
f 2149 1226 1229
f 2005 1190 1193
f 2203 1106 1109
f 1912 932 936
f 1870 1321 1325
f 1816 1273 1277
f 1800 1261 1265
f 1836 1297 1301
f 1854 1315 1319
f 1890 1339 1343
f 2196 1562 1566
f 2320 1460 1464
f 2284 1586 1590
f 1906 1345 1349
f 2104 1519 1523
f 2047 1418 1422
f 1958 1393 1397
f 2070 1495 1499
f 2088 1513 1517
f 2142 1555 1559
f 1980 1423 1427
f 1994 1429 1433
f 2230 1568 1572
f 2297 1370 1374
f 2329 894 892
f 2323 887 885
f 2326 899 897
f 2333 905 903
f 2336 912 910
f 2345 941 939
f 2409 1050 1048
f 2496 1224 1222
f 2485 1200 1198
f 2435 1115 1113
f 2374 984 982
f 2368 977 975
f 2371 989 987
f 2378 995 993
f 2381 1002 1000
f 2392 1019 1017
f 2360 971 969
f 2416 1091 1089
f 2456 1146 1144
f 2460 1158 1156
f 2488 1217 1215
f 2398 1037 1035
f 2340 918 916
f 2430 1098 1096
f 2475 1188 1186
f 2404 1044 1042
f 2501 1236 1234
f 2482 1212 1210
f 2440 1122 1120
f 2347 930 928
f 2464 1163 1161
f 2384 1013 1011
f 2355 948 946
f 2419 1074 1072
f 2451 1134 1132
f 2470 1170 1168
f 2385 1008 1006
f 2362 960 958
f 2423 1086 1084
f 2446 1151 1149
f 2401 1061 1059
f 2339 923 921
f 2429 1103 1101
f 2474 1205 1203
f 2491 1241 1239
f 2459 1175 1173
f 2395 1032 1030
f 2365 966 964
f 2424 1080 1078
f 2443 1127 1125
f 2390 1025 1023
f 2354 953 951
f 2413 1067 1065
f 2450 1139 1137
f 2467 1182 1180
f 2408 1056 1054
f 2495 1229 1227
f 2479 1193 1191
f 2437 1109 1107
f 2350 936 934
f 2511 1325 1326
f 2505 1277 1278
f 2507 1265 1266
f 2513 1301 1302
f 2516 1319 1320
f 2519 1343 1344
f 2556 1566 1565
f 2540 1464 1463
f 2561 1590 1589
f 2521 1349 1350
f 2544 1523 1524
f 2529 1422 1421
f 2530 1397 1398
f 2546 1499 1500
f 2549 1517 1518
f 2553 1559 1560
f 2534 1427 1428
f 2536 1433 1434
f 2557 1572 1571
f 2525 1374 1373
f 1609 892 889
f 1605 885 883
f 1611 897 895
f 1614 903 901
f 1617 910 907
f 1631 939 937
f 1688 1048 1045
f 1775 1222 1219
f 1763 1198 1195
f 1719 1113 1111
f 1654 982 979
f 1650 975 973
f 1656 987 985
f 1659 993 991
f 1662 1000 997
f 1672 1017 1015
f 1646 969 967
f 1706 1089 1087
f 1735 1144 1141
f 1741 1156 1153
f 1770 1215 1213
f 1680 1035 1033
f 1621 916 913
f 1711 1096 1093
f 1756 1186 1183
f 1684 1042 1039
f 1780 1234 1231
f 1767 1210 1207
f 1722 1120 1117
f 1627 928 925
f 1744 1161 1159
f 1668 1011 1009
f 1636 946 943
f 1699 1072 1069
f 1730 1132 1129
f 1748 1168 1165
f 1666 1006 1003
f 1642 958 955
f 1705 1084 1081
f 1736 1149 1147
f 1691 1059 1057
f 1623 921 919
f 1713 1101 1099
f 1764 1203 1201
f 1781 1239 1237
f 1749 1173 1171
f 1677 1030 1027
f 1645 964 961
f 1703 1078 1075
f 1725 1125 1123
f 1674 1023 1021
f 1638 951 949
f 1695 1065 1063
f 1732 1137 1135
f 1752 1180 1177
f 1690 1054 1051
f 1777 1227 1225
f 1759 1191 1189
f 1717 1107 1105
f 1630 934 931
f 2191 1326 1322
f 1885 1278 1274
f 1901 1266 1262
f 2279 1302 1298
f 2315 1320 1316
f 2171 1344 1340
f 2160 1565 1561
f 2016 1463 1459
f 2214 1589 1585
f 1919 1350 1346
f 2137 1524 1520
f 1978 1421 1417
f 1991 1398 1394
f 2225 1500 1496
f 2302 1518 1514
f 2178 1560 1556
f 2153 1428 1424
f 2009 1434 1430
f 2207 1571 1567
f 1926 1373 1369
f 1857 911 908
f 1803 893 890
f 1786 888 884
f 1822 900 896
f 1840 906 902
f 1876 924 920
f 2182 1062 1058
f 2312 1242 1238
f 2276 1206 1202
f 1898 1104 1100
f 2091 1001 998
f 2037 983 980
f 1952 978 974
f 2056 990 986
f 2074 996 992
f 2128 1026 1022
f 1966 954 950
f 1988 1068 1064
f 2222 1140 1136
f 2293 1181 1178
f 2185 1235 1232
f 1879 1043 1040
f 1893 929 926
f 2271 1121 1118
f 2307 1211 1208
f 2163 1055 1052
f 2150 1230 1226
f 2006 1194 1190
f 2204 1110 1106
f 1911 935 932
f 2131 1169 1166
f 1969 1007 1004
f 1983 959 956
f 2217 1085 1082
f 2290 1152 1148
f 2168 1176 1172
f 2145 1031 1028
f 2001 965 962
f 2199 1079 1076
f 1916 1128 1124
f 1808 1038 1034
f 1789 917 914
f 1825 1097 1094
f 1843 1187 1184
f 1862 1218 1214
f 1933 1157 1154
f 2110 1020 1016
f 2020 972 968
f 2236 1092 1088
f 2257 1145 1142
f 2042 1014 1010
f 1947 947 944
f 2059 1073 1070
f 2077 1133 1130
f 2096 1164 1160
f 2113 1049 1046
f 2023 1223 1220
f 2239 1199 1196
f 2254 1116 1112
f 1930 942 938
f 1818 1283 1279
f 1798 1259 1255
f 1834 1295 1291
f 1852 1313 1309
f 1872 1331 1327
f 1942 1379 1375
f 2120 1541 1537
f 2030 1452 1448
f 2248 1578 1574
f 2263 1368 1364
f 2052 1487 1483
f 1955 1391 1387
f 2065 1440 1436
f 2086 1511 1507
f 2106 1529 1525
f 2122 1547 1543
f 2032 1469 1465
f 2245 1458 1454
f 2266 1584 1580
f 1940 1362 1358
f 1813 1269 1267
f 1792 1245 1243
f 1828 1252 1250
f 1846 1288 1286
f 1867 1306 1304
f 1936 1336 1334
f 2123 1551 1549
f 2033 1473 1471
f 2249 1599 1597
f 2260 1354 1352
f 2049 1479 1477
f 1959 1401 1399
f 2062 1408 1406
f 2080 1492 1490
f 2101 1504 1502
f 2116 1533 1531
f 2026 1414 1412
f 2242 1444 1442
f 2267 1594 1592
f 1943 1383 1381
f 1869 1323 1321
f 1815 1275 1273
f 1799 1263 1261
f 1835 1299 1297
f 1853 1317 1315
f 1889 1341 1339
f 2195 1564 1562
f 2319 1462 1460
f 2283 1588 1586
f 1905 1347 1345
f 2103 1521 1519
f 2046 1420 1418
f 1957 1395 1393
f 2069 1497 1495
f 2087 1515 1513
f 2141 1557 1555
f 1979 1425 1423
f 1993 1431 1429
f 2229 1570 1568
f 2296 1372 1370
f 2188 1282 1280
f 1882 1258 1256
f 1902 1294 1292
f 2280 1312 1310
f 2316 1330 1328
f 2172 1378 1376
f 2157 1540 1538
f 2011 1449 1447
f 2209 1575 1573
f 1923 1365 1363
f 2134 1486 1484
f 1972 1390 1388
f 1995 1437 1435
f 2226 1510 1508
f 2303 1528 1526
f 2175 1546 1544
f 2154 1468 1466
f 2013 1455 1453
f 2211 1581 1579
f 1921 1359 1357
f 1865 1272 1268
f 1811 1248 1244
f 1796 1253 1249
f 1832 1289 1285
f 1850 1307 1303
f 1888 1337 1333
f 2194 1554 1550
f 2322 1476 1472
f 2286 1602 1598
f 1908 1355 1351
f 2099 1482 1478
f 2045 1404 1400
f 1962 1409 1405
f 2068 1493 1489
f 2084 1505 1501
f 2140 1536 1532
f 1976 1415 1411
f 1998 1445 1441
f 2232 1595 1591
f 2299 1386 1382
f 2330 909 911
f 2324 891 893
f 2325 886 888
f 2332 898 900
f 2335 904 906
f 2344 922 924
f 2410 1060 1062
f 2497 1240 1242
f 2486 1204 1206
f 2434 1102 1104
f 2375 999 1001
f 2369 981 983
f 2370 976 978
f 2377 988 990
f 2380 994 996
f 2393 1024 1026
f 2359 952 954
f 2415 1066 1068
f 2455 1138 1140
f 2461 1179 1181
f 2489 1233 1235
f 2399 1041 1043
f 2341 927 929
f 2431 1119 1121
f 2476 1209 1211
f 2405 1053 1055
f 2500 1228 1230
f 2481 1192 1194
f 2439 1108 1110
f 2348 933 935
f 2465 1167 1169
f 2383 1005 1007
f 2356 957 959
f 2420 1083 1085
f 2452 1150 1152
f 2471 1174 1176
f 2386 1029 1031
f 2363 963 965
f 2422 1077 1079
f 2445 1126 1128
f 2400 1036 1038
f 2338 915 917
f 2428 1095 1097
f 2473 1185 1187
f 2490 1216 1218
f 2458 1155 1157
f 2394 1018 1020
f 2366 970 972
f 2425 1090 1092
f 2444 1143 1145
f 2389 1012 1014
f 2353 945 947
f 2414 1071 1073
f 2449 1131 1133
f 2466 1162 1164
f 2407 1047 1049
f 2494 1221 1223
f 2480 1197 1199
f 2438 1114 1116
f 2351 940 942
f 2510 1284 1283
f 2504 1260 1259
f 2508 1296 1295
f 2514 1314 1313
f 2517 1332 1331
f 2520 1380 1379
f 2554 1542 1541
f 2539 1451 1452
f 2560 1577 1578
f 2523 1367 1368
f 2543 1488 1487
f 2527 1392 1391
f 2532 1439 1440
f 2547 1512 1511
f 2550 1530 1529
f 2552 1548 1547
f 2535 1470 1469
f 2538 1457 1458
f 2558 1583 1584
f 2524 1361 1362
f 1607 1616 1609
f 1603 1608 1605
f 1604 1606 1611
f 1610 1612 1614
f 1613 1615 1617
f 1622 1624 1631
f 1686 1692 1688
f 1773 1782 1775
f 1761 1765 1763
f 1712 1714 1719
f 1652 1661 1654
f 1648 1653 1650
f 1649 1651 1656
f 1655 1657 1659
f 1658 1660 1662
f 1670 1675 1672
f 1637 1639 1646
f 1694 1696 1706
f 1731 1733 1735
f 1739 1751 1741
f 1768 1779 1770
f 1678 1683 1680
f 1619 1626 1621
f 1709 1721 1711
f 1754 1766 1756
f 1682 1689 1684
f 1776 1778 1780
f 1758 1760 1767
f 1716 1718 1722
f 1625 1629 1627
f 1742 1747 1744
f 1663 1665 1668
f 1634 1641 1636
f 1697 1704 1699
f 1728 1737 1730
f 1746 1750 1748
f 1664 1676 1666
f 1640 1644 1642
f 1700 1702 1705
f 1724 1726 1736
f 1679 1681 1691
f 1618 1620 1623
f 1708 1710 1713
f 1753 1755 1764
f 1769 1771 1781
f 1738 1740 1749
f 1671 1673 1677
f 1643 1647 1645
f 1701 1707 1703
f 1723 1734 1725
f 1667 1669 1674
f 1633 1635 1638
f 1693 1698 1695
f 1727 1729 1732
f 1743 1745 1752
f 1685 1687 1690
f 1772 1774 1777
f 1757 1762 1759
f 1715 1720 1717
f 1628 1632 1630
f 2187 2189 2191
f 1881 1883 1885
f 1899 1903 1901
f 2277 2281 2279
f 2313 2317 2315
f 2169 2173 2171
f 2156 2158 2160
f 2010 2012 2016
f 2208 2210 2214
f 1917 1924 1919
f 2133 2135 2137
f 1971 1973 1978
f 1989 1996 1991
f 2223 2227 2225
f 2300 2304 2302
f 2174 2176 2178
f 2151 2155 2153
f 2007 2014 2009
f 2205 2212 2207
f 1920 1922 1926
f 1855 1864 1857
f 1801 1810 1803
f 1784 1795 1786
f 1820 1831 1822
f 1838 1849 1840
f 1874 1887 1876
f 2180 2193 2182
f 2310 2321 2312
f 2274 2285 2276
f 1896 1907 1898
f 2089 2098 2091
f 2035 2044 2037
f 1950 1961 1952
f 2054 2067 2056
f 2072 2083 2074
f 2126 2139 2128
f 1964 1975 1966
f 1986 1997 1988
f 2220 2231 2222
f 2291 2298 2293
f 2183 2190 2185
f 1877 1884 1879
f 1891 1900 1893
f 2269 2278 2271
f 2305 2314 2307
f 2161 2170 2163
f 2148 2159 2150
f 2004 2015 2006
f 2202 2213 2204
f 1909 1918 1911
f 2129 2136 2131
f 1967 1977 1969
f 1981 1990 1983
f 2215 2224 2217
f 2288 2301 2290
f 2166 2177 2168
f 2143 2152 2145
f 1999 2008 2001
f 2197 2206 2199
f 1914 1925 1916
f 1806 1817 1808
f 1787 1797 1789
f 1823 1833 1825
f 1841 1851 1843
f 1860 1871 1862
f 1931 1941 1933
f 2108 2119 2110
f 2018 2029 2020
f 2234 2247 2236
f 2255 2262 2257
f 2040 2051 2042
f 1945 1954 1947
f 2057 2064 2059
f 2075 2085 2077
f 2094 2105 2096
f 2111 2121 2113
f 2021 2031 2023
f 2237 2244 2239
f 2252 2265 2254
f 1928 1939 1930
f 1812 1814 1818
f 1791 1793 1798
f 1827 1829 1834
f 1845 1847 1852
f 1866 1868 1872
f 1935 1937 1942
f 2118 2124 2120
f 2028 2034 2030
f 2246 2250 2248
f 2259 2261 2263
f 2048 2050 2052
f 1953 1960 1955
f 2061 2063 2065
f 2079 2081 2086
f 2100 2102 2106
f 2115 2117 2122
f 2025 2027 2032
f 2241 2243 2245
f 2264 2268 2266
f 1938 1944 1940
f 1802 1804 1813
f 1783 1785 1792
f 1819 1821 1828
f 1837 1839 1846
f 1856 1858 1867
f 1927 1929 1936
f 2112 2114 2123
f 2022 2024 2033
f 2238 2240 2249
f 2251 2253 2260
f 2036 2038 2049
f 1949 1951 1959
f 2053 2055 2062
f 2071 2073 2080
f 2090 2092 2101
f 2107 2109 2116
f 2017 2019 2026
f 2233 2235 2242
f 2256 2258 2267
f 1932 1934 1943
f 1859 1861 1869
f 1805 1807 1815
f 1788 1790 1799
f 1824 1826 1835
f 1842 1844 1853
f 1878 1880 1889
f 2184 2186 2195
f 2306 2308 2319
f 2270 2272 2283
f 1892 1894 1905
f 2093 2095 2103
f 2039 2041 2046
f 1946 1948 1957
f 2058 2060 2069
f 2076 2078 2087
f 2130 2132 2141
f 1968 1970 1979
f 1982 1984 1993
f 2216 2218 2229
f 2287 2289 2296
f 2179 2181 2188
f 1873 1875 1882
f 1895 1897 1902
f 2273 2275 2280
f 2309 2311 2316
f 2165 2167 2172
f 2144 2146 2157
f 2000 2002 2011
f 2198 2200 2209
f 1913 1915 1923
f 2125 2127 2134
f 1963 1965 1972
f 1985 1987 1995
f 2219 2221 2226
f 2292 2294 2303
f 2162 2164 2175
f 2147 2149 2154
f 2003 2005 2013
f 2201 2203 2211
f 1910 1912 1921
f 1863 1870 1865
f 1809 1816 1811
f 1794 1800 1796
f 1830 1836 1832
f 1848 1854 1850
f 1886 1890 1888
f 2192 2196 2194
f 2318 2320 2322
f 2282 2284 2286
f 1904 1906 1908
f 2097 2104 2099
f 2043 2047 2045
f 1956 1958 1962
f 2066 2070 2068
f 2082 2088 2084
f 2138 2142 2140
f 1974 1980 1976
f 1992 1994 1998
f 2228 2230 2232
f 2295 2297 2299
f 2331 2329 2330
f 2327 2323 2324
f 2328 2326 2325
f 2334 2333 2332
f 2337 2336 2335
f 2346 2345 2344
f 2412 2409 2410
f 2499 2496 2497
f 2487 2485 2486
f 2436 2435 2434
f 2376 2374 2375
f 2372 2368 2369
f 2373 2371 2370
f 2379 2378 2377
f 2382 2381 2380
f 2396 2392 2393
f 2361 2360 2359
f 2418 2416 2415
f 2457 2456 2455
f 2463 2460 2461
f 2492 2488 2489
f 2402 2398 2399
f 2343 2340 2341
f 2433 2430 2431
f 2478 2475 2476
f 2406 2404 2405
f 2502 2501 2500
f 2484 2482 2481
f 2442 2440 2439
f 2349 2347 2348
f 2468 2464 2465
f 2387 2384 2383
f 2358 2355 2356
f 2421 2419 2420
f 2454 2451 2452
f 2472 2470 2471
f 2388 2385 2386
f 2364 2362 2363
f 2426 2423 2422
f 2448 2446 2445
f 2403 2401 2400
f 2342 2339 2338
f 2432 2429 2428
f 2477 2474 2473
f 2493 2491 2490
f 2462 2459 2458
f 2397 2395 2394
f 2367 2365 2366
f 2427 2424 2425
f 2447 2443 2444
f 2391 2390 2389
f 2357 2354 2353
f 2417 2413 2414
f 2453 2450 2449
f 2469 2467 2466
f 2411 2408 2407
f 2498 2495 2494
f 2483 2479 2480
f 2441 2437 2438
f 2352 2350 2351
f 2509 2511 2510
f 2503 2505 2504
f 2506 2507 2508
f 2512 2513 2514
f 2515 2516 2517
f 2518 2519 2520
f 2555 2556 2554
f 2541 2540 2539
f 2562 2561 2560
f 2522 2521 2523
f 2542 2544 2543
f 2528 2529 2527
f 2531 2530 2532
f 2545 2546 2547
f 2548 2549 2550
f 2551 2553 2552
f 2533 2534 2535
f 2537 2536 2538
f 2559 2557 2558
f 2526 2525 2524