v -0.336093 0.453923 -0.018741
v 0.336031 0.453920 -0.018848
v -0.357437 -0.557664 0.006931
v 0.357253 -0.557687 0.006327
v 0.000008 -0.448416 0.706272
v -0.000001 0.296917 0.614618
v -0.000040 -0.288755 -0.610563
v 0.000381 0.423147 -0.706238
v 0.603039 0.001863 -0.383520
v 0.625340 0.000639 0.384038
v -0.603029 0.001860 -0.383499
v -0.625343 0.000643 0.384015
v 0.000207 0.524098 -0.049503
v -0.199720 0.377023 0.312051
v -0.213758 0.657566 -0.447987
v -0.517492 0.286071 -0.204416
v -0.549611 0.277411 0.214532
v 0.199837 0.377360 0.312016
v 0.213535 0.657508 -0.448641
v 0.516819 0.286105 -0.204598
v 0.549629 0.277407 0.214523
v -0.000134 -0.638503 0.012788
v -0.248464 -0.672334 0.457235
v -0.205855 -0.506143 -0.326374
v -0.524099 -0.270642 -0.196620
v -0.536886 -0.301031 0.217912
v 0.248392 -0.672512 0.457259
v 0.205870 -0.506386 -0.326667
v 0.524400 -0.270088 -0.196754
v 0.536792 -0.300924 0.218153
v -0.000065 -0.003604 0.709945
v 0.348209 -0.220033 0.584292
v -0.348486 -0.219837 0.583957
v 0.347216 0.194362 0.565538
v -0.347246 0.194430 0.565578
v 0.000029 0.015731 -0.725278
v 0.342611 -0.192889 -0.565140
v -0.342626 -0.192975 -0.565101
v 0.360881 0.217602 -0.620855
v -0.361060 0.217678 -0.620859
v 0.711619 -0.000084 0.013412
v -0.711604 -0.000084 0.013426
v -0.168464 0.503091 -0.037333
v -0.280094 0.426487 0.127230
v -0.279862 0.524945 -0.202235
v -0.432453 0.406613 -0.103402
v -0.444465 0.372388 0.091081
v 0.168480 0.502949 -0.037160
v 0.280219 0.426211 0.127211
v 0.280349 0.525566 -0.203571
v 0.432267 0.406465 -0.103717
v 0.444484 0.372346 0.091203
v -0.205779 -0.666032 0.001191
v -0.295732 -0.547374 0.189442
v -0.355918 -0.669239 -0.184519
v -0.428296 -0.426100 -0.077231
v -0.447120 -0.441246 0.116936
v 0.205337 -0.666215 0.001237
v 0.295857 -0.547672 0.189202
v 0.355620 -0.669383 -0.184631
v 0.428425 -0.426132 -0.077551
v 0.447143 -0.441307 0.116787
v -0.141565 -0.659734 0.698224
v 0.140737 -0.660037 0.697202
v 0.000081 -0.230950 0.763483
v 0.187535 -0.365978 0.697242
v -0.187605 -0.365714 0.696768
v -0.099065 0.328915 0.501440
v 0.099024 0.328929 0.501794
v -0.000028 0.206467 0.669387
v 0.163928 0.273063 0.618037
v -0.163933 0.273059 0.618049
v -0.092216 -0.359431 -0.479488
v 0.092278 -0.359363 -0.479543
v 0.000046 -0.205645 -0.659197
v 0.160073 -0.261788 -0.614358
v -0.160021 -0.261729 -0.614306
v -0.129835 0.575892 -0.633847
v 0.130084 0.575901 -0.633754
v 0.000020 0.243008 -0.795213
v 0.190607 0.352553 -0.718894
v -0.190738 0.352309 -0.719197
v 0.594424 0.126721 -0.314044
v 0.588021 -0.131645 -0.311963
v 0.497500 -0.084202 -0.476756
v 0.511465 0.086944 -0.493854
v 0.662023 -0.000187 -0.207460
v 0.603142 0.133187 0.312947
v 0.601530 -0.134412 0.310147
v 0.512075 -0.083460 0.479216
v 0.511841 0.086083 0.479928
v 0.693098 0.000097 0.221209
v -0.594367 0.126628 -0.314224
v -0.588075 -0.131753 -0.311998
v -0.497535 -0.084328 -0.476655
v -0.511402 0.086890 -0.494032
v -0.662025 -0.000111 -0.207417
v -0.603449 0.133084 0.312830
v -0.601840 -0.134308 0.310204
v -0.512009 -0.083731 0.479082
v -0.512237 0.086194 0.480542
v -0.693099 0.000111 0.221191
v -0.090182 0.460703 0.122700
v -0.083931 0.589536 -0.242453
v 0.090157 0.460656 0.122821
v 0.084037 0.589632 -0.242488
v -0.394974 0.340967 0.286404
v -0.000281 0.391595 0.314369
v -0.299013 0.306730 0.480866
v -0.405939 0.490119 -0.330876
v 0.000032 0.699803 -0.454404
v -0.306534 0.443965 -0.540960
v -0.565697 0.287921 0.013687
v -0.451982 0.272579 -0.420830
v -0.644330 0.144903 -0.093255
v -0.473161 0.252392 0.412521
v -0.652162 0.149278 0.116766
v 0.394932 0.341134 0.286385
v 0.299029 0.306732 0.480910
v 0.406526 0.490255 -0.333086
v 0.305910 0.443219 -0.541444
v 0.565685 0.287921 0.013934
v 0.451958 0.272686 -0.420774
v 0.644326 0.144882 -0.093144
v 0.473183 0.252343 0.412537
v 0.652148 0.149296 0.116761
v -0.086149 -0.594830 0.223646
v -0.110146 -0.690823 -0.186932
v 0.086298 -0.594932 0.223664
v 0.108995 -0.689712 -0.186693
v -0.403007 -0.464124 0.336080
v -0.000079 -0.667202 0.469484
v -0.335105 -0.481546 0.568826
v -0.367970 -0.385104 -0.271137
v -0.000214 -0.512408 -0.329350
v -0.280446 -0.311860 -0.463601
v -0.561298 -0.290732 0.018497
v -0.459360 -0.236077 -0.411845
v -0.641490 -0.148438 -0.093704
v -0.461286 -0.283605 0.414869
v -0.650740 -0.151887 0.115606
v 0.402934 -0.463948 0.336100
v 0.334749 -0.481899 0.568826
v 0.367640 -0.384909 -0.270780
v 0.280529 -0.311585 -0.463833
v 0.561075 -0.290915 0.018318
v 0.459317 -0.236029 -0.411898
v 0.641513 -0.148467 -0.093752
v 0.461610 -0.283478 0.415007
v 0.650741 -0.151870 0.115592
v 0.192420 -0.114075 0.697125
v -0.192336 -0.114074 0.697133
v 0.187136 0.104984 0.659070
v -0.187161 0.104638 0.658917
v 0.371172 0.003229 0.602807
v -0.371148 0.003186 0.602956
v 0.183762 -0.097485 -0.654941
v -0.183797 -0.097338 -0.655389
v 0.225627 0.126195 -0.785494
v -0.225535 0.127402 -0.784571
v 0.365913 0.008777 -0.608383
v -0.365979 0.008935 -0.608610
v -0.263472 0.479343 -0.028831
v -0.315688 0.445986 0.047060
v -0.308259 0.479254 -0.096618
v -0.384984 0.437129 -0.055649
v -0.388419 0.418521 0.030742
v 0.263514 0.478839 -0.028720
v 0.315575 0.446035 0.047247
v 0.308372 0.479307 -0.097329
v 0.384701 0.437264 -0.055611
v 0.388218 0.418451 0.030959
v -0.296941 -0.615438 -0.001151
v -0.334809 -0.553149 0.080434
v -0.347934 -0.603929 -0.069707
v -0.393561 -0.508471 -0.031590
v -0.406159 -0.506471 0.058141
v 0.296807 -0.615586 -0.001390
v 0.334832 -0.552924 0.080634
v 0.347904 -0.604172 -0.069384
v 0.393750 -0.508947 -0.030960
v 0.406042 -0.506399 0.058154
v -0.057854 -0.528446 0.693802
v 0.057869 -0.528364 0.693589
v 0.000185 -0.351200 0.724617
v 0.086378 -0.416320 0.709349
v -0.086482 -0.416719 0.709076
v -0.044527 0.310215 0.574595
v 0.044583 0.310194 0.574597
v 0.000004 0.273998 0.647569
v 0.072288 0.289802 0.622031
v -0.072299 0.289763 0.622026
v -0.042328 -0.313313 -0.560147
v 0.042328 -0.313362 -0.560101
v -0.000012 -0.264273 -0.643303
v 0.070819 -0.279592 -0.618995
v -0.070757 -0.279587 -0.619014
v -0.054484 0.490017 -0.674466
v 0.054516 0.489699 -0.674451
v 0.000030 0.343098 -0.746975
v 0.086387 0.395379 -0.716258
v -0.085977 0.395271 -0.715849
v 0.609809 0.055571 -0.359247
v 0.601402 -0.055677 -0.354866
v 0.562781 -0.033910 -0.429644
v 0.568454 0.036857 -0.434253
v 0.634542 0.000952 -0.312388
v 0.624574 0.056425 0.357205
v 0.625419 -0.054989 0.355386
v 0.584100 -0.032677 0.430733
v 0.583397 0.035848 0.432254
v 0.659683 0.000109 0.313850
v -0.609793 0.055602 -0.359310
v -0.601346 -0.055590 -0.354879
v -0.562928 -0.033954 -0.429686
v -0.568430 0.036819 -0.434258
v -0.634537 0.000991 -0.312358
v -0.624582 0.056386 0.357216
v -0.625411 -0.054993 0.355463
v -0.584037 -0.032648 0.430781
v -0.583276 0.035779 0.432161
v -0.659725 0.000136 0.313812
v -0.074434 0.518268 -0.043352
v 0.074481 0.518091 -0.043148
v -0.040850 0.498416 0.030994
v -0.032634 0.548785 -0.136391
v 0.040682 0.498529 0.030988
v 0.032605 0.548717 -0.136047
v -0.242336 0.402884 0.216576
v -0.151997 0.352142 0.409643
v -0.144710 0.418311 0.218162
v -0.300377 0.361391 0.304960
v -0.099677 0.388010 0.314026
v -0.254209 0.339980 0.403129
v -0.257924 0.599684 -0.324232
v -0.184209 0.638654 -0.541864
v -0.155754 0.670717 -0.358735
v -0.387215 0.633660 -0.414067
v -0.153478 0.811412 -0.458584
v -0.283891 0.567080 -0.502107
v -0.476167 0.356446 -0.152339
v -0.559718 0.206364 -0.259392
v -0.441298 0.370369 -0.263359
v -0.546762 0.287308 -0.092759
v -0.485999 0.283585 -0.314636
v -0.586389 0.214298 -0.147707
v -0.500989 0.325937 0.154443
v -0.582012 0.213294 0.266775
v -0.478599 0.314726 0.255349
v -0.564559 0.283766 0.113769
v -0.518185 0.267240 0.315638
v -0.607357 0.221883 0.167109
v 0.242315 0.402836 0.216825
v 0.151809 0.352456 0.409187
v 0.144604 0.418578 0.218202
v 0.099576 0.388463 0.314206
v 0.300489 0.361538 0.304919
v 0.254075 0.340138 0.402902
v 0.258953 0.601121 -0.325753
v 0.184061 0.638769 -0.541192
v 0.155948 0.670711 -0.358763
v 0.153511 0.811388 -0.458782
v 0.388029 0.632785 -0.418359
v 0.283537 0.565655 -0.502883
v 0.475736 0.356484 -0.152377
v 0.559808 0.206258 -0.259320
v 0.441365 0.370538 -0.263416
v 0.547028 0.287391 -0.092757
v 0.485975 0.283398 -0.315003
v 0.586103 0.214175 -0.147647
v 0.500996 0.325902 0.154519
v 0.582019 0.213280 0.266759
v 0.478638 0.314691 0.255275
v 0.564555 0.283792 0.113779
v 0.518249 0.267291 0.315664
v 0.607366 0.221904 0.167101
v -0.102331 -0.654860 0.006345
v 0.101578 -0.654661 0.006706
v -0.045337 -0.619149 0.109868
v -0.064426 -0.643343 -0.076127
v 0.045153 -0.619283 0.109721
v 0.063705 -0.642897 -0.075931
v -0.257188 -0.559117 0.328000
v -0.223582 -0.790031 0.619877
v -0.145161 -0.601262 0.361177
v -0.325605 -0.548423 0.402115
v -0.122812 -0.716815 0.472355
v -0.317678 -0.614505 0.538878
v -0.293966 -0.624864 -0.288416
v -0.144734 -0.419828 -0.395198
v -0.168846 -0.639549 -0.283010
v -0.293354 -0.453610 -0.301970
v -0.104607 -0.516310 -0.331059
v -0.237268 -0.390410 -0.382961
v -0.474383 -0.344495 -0.133362
v -0.566347 -0.203497 -0.260327
v -0.447948 -0.327368 -0.238240
v -0.547252 -0.281797 -0.086841
v -0.499469 -0.254442 -0.309173
v -0.592405 -0.213138 -0.146939
v -0.491262 -0.373659 0.170200
v -0.573591 -0.219770 0.263556
v -0.471068 -0.381868 0.274462
v -0.555098 -0.298167 0.118315
v -0.503437 -0.296246 0.317792
v -0.603193 -0.226716 0.165433
v 0.257405 -0.559322 0.328000
v 0.221502 -0.791416 0.618536
v 0.145442 -0.601267 0.361277
v 0.122724 -0.716253 0.472095
v 0.325514 -0.548008 0.402101
v 0.317861 -0.615255 0.538769
v 0.292806 -0.625115 -0.287890
v 0.144471 -0.419816 -0.395327
v 0.167779 -0.639930 -0.282708
v 0.104075 -0.516380 -0.331566
v 0.293027 -0.453697 -0.301904
v 0.237141 -0.390430 -0.382756
v 0.474636 -0.344384 -0.133701
v 0.566325 -0.203490 -0.260356
v 0.447781 -0.327560 -0.238270
v 0.547109 -0.281683 -0.086695
v 0.499588 -0.254275 -0.309298
v 0.592451 -0.213180 -0.146972
v 0.492065 -0.373971 0.170270
v 0.573695 -0.219562 0.263527
v 0.471204 -0.382004 0.274630
v 0.554836 -0.298274 0.118251
v 0.503762 -0.296468 0.317752
v 0.603141 -0.226735 0.165464
v 0.000126 -0.108888 0.776899
v -0.000067 0.105021 0.683601
v 0.096888 -0.058332 0.717043
v -0.096960 -0.058632 0.716121
v 0.094860 0.050263 0.686048
v -0.094351 0.050263 0.685823
v 0.272197 -0.296113 0.648376
v 0.430102 -0.147169 0.528786
v 0.339186 -0.345188 0.575478
v 0.409946 -0.258254 0.504930
v 0.276623 -0.169874 0.650199
v 0.364022 -0.103442 0.598943
v -0.271726 -0.296283 0.647784
v -0.430177 -0.147407 0.528378
v -0.339335 -0.345355 0.575428
v -0.410018 -0.258738 0.505351
v -0.276329 -0.170065 0.649425
v -0.363829 -0.103118 0.598553
v 0.257500 0.240493 0.598280
v 0.432821 0.141433 0.526339
v 0.329167 0.267482 0.535309
v 0.415243 0.228889 0.497854
v 0.271367 0.153380 0.619710
v 0.361777 0.100403 0.587454
v -0.257514 0.240463 0.598315
v -0.432827 0.141279 0.526175
v -0.329163 0.267502 0.535298
v -0.415195 0.228928 0.497828
v -0.271377 0.153316 0.619683
v -0.361993 0.100827 0.587805
v 0.000041 -0.098129 -0.677861
v -0.000118 0.129535 -0.785590
v 0.096149 -0.041210 -0.693710
v -0.096104 -0.041151 -0.693417
v 0.106267 0.072238 -0.755088
v -0.106711 0.070546 -0.759587
v 0.253671 -0.233872 -0.596056
v 0.422464 -0.137992 -0.522453
v 0.320648 -0.252704 -0.533944
v 0.406742 -0.216450 -0.499099
v 0.266676 -0.150445 -0.613358
v 0.354646 -0.097839 -0.583422
v -0.253676 -0.233837 -0.595887
v -0.422452 -0.138053 -0.522497
v -0.320647 -0.252702 -0.533923
v -0.406699 -0.216569 -0.499023
v -0.266667 -0.150144 -0.613554
v -0.354700 -0.097882 -0.583177
v 0.280753 0.289293 -0.682623
v 0.440264 0.148220 -0.557235
v 0.330886 0.325464 -0.580939
v 0.408933 0.249009 -0.521323
v 0.308179 0.181338 -0.722876
v 0.383317 0.114387 -0.640029
v -0.281387 0.289390 -0.683376
v -0.440397 0.148197 -0.557450
v -0.330408 0.325209 -0.580535
v -0.408876 0.248988 -0.521192
v -0.308208 0.181437 -0.722736
v -0.383074 0.114183 -0.640089
v 0.691804 -0.000125 -0.094347
v 0.704386 -0.000037 0.118154
v 0.691186 0.073307 -0.039471
v 0.692930 0.074642 0.065392
v 0.684058 -0.075773 -0.039951
v 0.688975 -0.076199 0.065070
v -0.691850 -0.000106 -0.094340
v -0.704420 -0.000039 0.118134
v -0.691169 0.073270 -0.039447
v -0.692883 0.074609 0.065386
v -0.683983 -0.075814 -0.039971
v -0.688964 -0.076175 0.065102
v -0.224130 0.469506 0.047286
v -0.219293 0.514830 -0.120439
v -0.126877 0.490292 0.040156
v -0.115544 0.537577 -0.128696
v -0.367452 0.401264 0.115263
v -0.185097 0.446935 0.128173
v -0.337692 0.382562 0.207043
v -0.360807 0.468115 -0.158547
v -0.182905 0.568878 -0.230580
v -0.353793 0.530963 -0.275548
v -0.448088 0.387521 -0.002527
v -0.407401 0.436715 -0.214427
v -0.502637 0.346692 -0.043451
v -0.425130 0.357239 0.186243
v -0.509413 0.336329 0.056132
v 0.224059 0.468646 0.047078
v 0.219068 0.514045 -0.120602
v 0.126702 0.490345 0.040221
v 0.115770 0.537535 -0.128708
v 0.367260 0.401399 0.115379
v 0.185094 0.447043 0.128408
v 0.337408 0.382398 0.207116
v 0.361081 0.468433 -0.159798
v 0.183131 0.569237 -0.230984
v 0.355800 0.535203 -0.278491
v 0.447960 0.387471 -0.002353
v 0.406653 0.436714 -0.215874
v 0.502678 0.346530 -0.043285
v 0.425132 0.357252 0.186305
v 0.509395 0.336201 0.056399
v -0.239908 -0.582820 0.084554
v -0.298508 -0.747618 -0.079386
v -0.136395 -0.606062 0.092032
v -0.162509 -0.769015 -0.079178
v -0.392421 -0.508995 0.158156
v -0.188791 -0.571145 0.211800
v -0.356321 -0.515990 0.274435
v -0.378749 -0.521155 -0.127417
v -0.233130 -0.784368 -0.222541
v -0.354312 -0.512634 -0.228337
v -0.446114 -0.434108 0.018012
v -0.403777 -0.414768 -0.176441
v -0.493591 -0.356295 -0.031027
v -0.431822 -0.451083 0.223251
v -0.500634 -0.365874 0.069310
v 0.239871 -0.582747 0.084416
v 0.298033 -0.748445 -0.079587
v 0.136527 -0.605980 0.092329
v 0.160499 -0.766971 -0.079977
v 0.392575 -0.508927 0.158188
v 0.188773 -0.571063 0.211856
v 0.355980 -0.515823 0.274383
v 0.379117 -0.521359 -0.127127
v 0.232221 -0.784587 -0.222427
v 0.353969 -0.513001 -0.228529
v 0.445839 -0.434259 0.017804
v 0.404283 -0.414904 -0.176334
v 0.493644 -0.356200 -0.031088
v 0.431751 -0.450985 0.223033
v 0.500571 -0.366034 0.068965
v -0.000344 -0.613521 0.656484
v -0.178818 -0.508422 0.696887
v -0.064999 -0.689517 0.587160
v -0.284738 -0.620728 0.676348
v 0.178330 -0.508946 0.697050
v 0.064257 -0.689306 0.585959
v 0.284606 -0.621789 0.676467
v 0.095295 -0.295262 0.728805
v -0.095603 -0.295149 0.729231
v 0.097727 -0.172923 0.741721
v -0.097847 -0.172837 0.741946
v 0.283366 -0.441456 0.664858
v 0.190639 -0.235309 0.702283
v -0.283633 -0.441396 0.664772
v -0.190990 -0.235284 0.702816
v -0.000085 0.331993 0.501982
v -0.138187 0.303971 0.572358
v -0.050472 0.358601 0.411190
v -0.199688 0.320543 0.496309
v 0.138195 0.303959 0.572374
v 0.050232 0.358839 0.410072
v 0.199684 0.320461 0.496390
v 0.085271 0.243932 0.651385
v -0.085300 0.243937 0.651352
v 0.091247 0.154855 0.666913
v -0.091354 0.154426 0.666900
v 0.235361 0.291071 0.560600
v 0.179336 0.204799 0.642835
v -0.235407 0.291097 0.560603
v -0.179306 0.204807 0.642826
v -0.000096 -0.366352 -0.480783
v -0.132284 -0.300422 -0.563448
v -0.048614 -0.433100 -0.401894
v -0.185648 -0.342066 -0.473427
v 0.132280 -0.300395 -0.563294
v 0.048808 -0.432534 -0.401977
v 0.185779 -0.341322 -0.473684
v 0.084796 -0.244677 -0.648405
v -0.084854 -0.244782 -0.648333
v 0.090530 -0.155386 -0.661995
v -0.090688 -0.155793 -0.661853
v 0.226406 -0.281017 -0.552428
v 0.175152 -0.204166 -0.635345
v -0.226359 -0.281163 -0.552361
v -0.175017 -0.204217 -0.635333
v 0.000195 0.588879 -0.633850
v -0.165265 0.461698 -0.673119
v -0.068915 0.667282 -0.556777
v -0.227856 0.520830 -0.598268
v 0.165259 0.461966 -0.673224
v 0.068863 0.667186 -0.556833
v 0.228171 0.520756 -0.598957
v 0.105408 0.298075 -0.772372
v -0.104780 0.297719 -0.771842
v 0.117622 0.189894 -0.821083
v -0.117504 0.188511 -0.822230
v 0.253700 0.401299 -0.637577
v 0.222660 0.248762 -0.787962
v -0.254151 0.401585 -0.637882
v -0.222684 0.248984 -0.787915
v 0.558605 0.110977 -0.409544
v 0.637632 0.064567 -0.261386
v 0.534394 0.193874 -0.367849
v 0.618904 0.137409 -0.204753
v 0.545556 -0.111640 -0.399995
v 0.630729 -0.066808 -0.259571
v 0.531120 -0.189397 -0.364693
v 0.615305 -0.140780 -0.204758
v 0.512478 0.002506 -0.495150
v 0.482707 -0.169164 -0.453111
v 0.434154 -0.042809 -0.541360
v 0.488157 0.175810 -0.464043
v 0.447790 0.053049 -0.561318
v 0.665197 0.069751 -0.150422
v 0.657473 -0.072142 -0.150154
v 0.563177 0.114632 0.401561
v 0.659399 0.066932 0.267239
v 0.544273 0.199803 0.363796
v 0.636677 0.144875 0.217247
v 0.563481 -0.114486 0.398860
v 0.659294 -0.066534 0.266125
v 0.536693 -0.206145 0.359117
v 0.634699 -0.146318 0.214830
v 0.527955 0.003500 0.498758
v 0.487309 -0.182282 0.447747
v 0.454229 -0.041757 0.553739
v 0.491850 0.173181 0.449030
v 0.452789 0.049843 0.551827
v 0.683787 0.072715 0.169080
v 0.680531 -0.073299 0.168266
v -0.558593 0.111031 -0.409691
v -0.637629 0.064506 -0.261377
v -0.534470 0.193751 -0.368089
v -0.618940 0.137348 -0.204947
v -0.545433 -0.111733 -0.399908
v -0.630935 -0.066650 -0.259548
v -0.531067 -0.189290 -0.364616
v -0.615741 -0.140874 -0.204892
v -0.512456 0.002535 -0.495200
v -0.482766 -0.169180 -0.453144
v -0.434457 -0.042905 -0.541618
v -0.488281 0.175829 -0.464164
v -0.448223 0.052873 -0.561491
v -0.665186 0.069761 -0.150397
v -0.657457 -0.072224 -0.150254
v -0.563316 0.114710 0.401559
v -0.659403 0.066904 0.267252
v -0.544294 0.199721 0.363787
v -0.636672 0.144877 0.217261
v -0.563814 -0.114453 0.398924
v -0.659257 -0.066519 0.266121
v -0.536752 -0.206092 0.359180
v -0.634599 -0.146321 0.214871
v -0.527900 0.003513 0.498857
v -0.487236 -0.182425 0.447779
v -0.454187 -0.041660 0.553705
v -0.491966 0.173246 0.449114
v -0.452728 0.049764 0.551870
v -0.683802 0.072717 0.169097
v -0.680518 -0.073283 0.168262
v 0.000146 0.466980 0.116682
v -0.047800 0.426430 0.216772
v 0.000001 0.594718 -0.243906
v -0.056765 0.673015 -0.352320
v 0.047955 0.426496 0.216677
v 0.056908 0.673130 -0.352446
v -0.353609 0.323524 0.387901
v -0.440991 0.301247 0.356823
v -0.391179 0.286129 0.453005
v -0.371988 0.492062 -0.449242
v -0.407953 0.376110 -0.373603
v -0.375949 0.358611 -0.480062
v -0.609599 0.220881 -0.037497
v -0.616033 0.223719 0.066127
v -0.658943 0.149957 0.014065
v 0.353605 0.323607 0.387877
v 0.441020 0.301168 0.356781
v 0.391230 0.286108 0.452983
v 0.371192 0.488717 -0.450301
v 0.408260 0.375593 -0.373799
v 0.376166 0.358132 -0.480091
v 0.609551 0.220873 -0.037278
v 0.616060 0.223723 0.066151
v 0.658943 0.149902 0.014051
v 0.000033 -0.609427 0.229045
v -0.047070 -0.626355 0.355588
v -0.000304 -0.602311 -0.158070
v -0.056399 -0.588041 -0.256269
v 0.047438 -0.626264 0.355168
v 0.056000 -0.588335 -0.256295
v -0.367628 -0.477521 0.451905
v -0.433477 -0.380183 0.379760
v -0.390918 -0.371684 0.482561
v -0.326384 -0.349863 -0.366311
v -0.414230 -0.302945 -0.342302
v -0.373005 -0.275350 -0.444593
v -0.613065 -0.221388 -0.036574
v -0.614251 -0.226193 0.066126
v -0.657385 -0.153610 0.013369
v 0.367757 -0.477702 0.451530
v 0.433602 -0.380323 0.379435
v 0.390996 -0.371867 0.482473
v 0.326322 -0.349533 -0.366281
v 0.414393 -0.303006 -0.342384
v 0.372951 -0.275338 -0.444576
v 0.612962 -0.221522 -0.036512
v 0.614186 -0.226215 0.066128
v 0.657452 -0.153598 0.013312
v 0.191694 -0.001465 0.678353
v 0.282019 -0.053928 0.647878
v -0.191645 -0.001452 0.678510
v -0.282158 -0.053505 0.649117
v 0.283418 0.054959 0.642147
v -0.283412 0.054993 0.642138
v 0.196962 0.015236 -0.699391
v 0.277740 -0.042553 -0.639795
v -0.196814 0.015271 -0.699611
v -0.277283 -0.042380 -0.640053
v 0.294609 0.068349 -0.684108
v -0.294536 0.068265 -0.684241
v -0.304802 0.465953 -0.023424
v -0.329007 0.451551 0.011194
v -0.324072 0.464091 -0.052397
v -0.359896 0.447544 -0.034343
v -0.361662 0.439134 0.003941
v 0.304801 0.465989 -0.023351
v 0.328926 0.451644 0.011385
v 0.323702 0.464228 -0.052292
v 0.359548 0.447485 -0.034313
v 0.361445 0.439060 0.004058
v -0.331729 -0.584006 0.003128
v -0.348878 -0.556725 0.037996
v -0.351325 -0.575833 -0.026619
v -0.375421 -0.539007 -0.010052
v -0.378401 -0.533715 0.029486
v 0.331908 -0.583807 0.002767
v 0.349029 -0.556574 0.038243
v 0.351528 -0.576063 -0.026896
v 0.375616 -0.539099 -0.010634
v 0.377801 -0.533068 0.029325
v -0.024561 -0.483278 0.701281
v 0.023988 -0.482868 0.700684
v 0.000026 -0.404939 0.713935
v 0.038517 -0.434753 0.708624
v -0.038572 -0.435059 0.708962
v -0.019648 0.303019 0.600286
v 0.019666 0.302978 0.600271
v -0.000005 0.288701 0.631160
v 0.031790 0.294451 0.619731
v -0.031798 0.294439 0.619729
v -0.018953 -0.297430 -0.593738
v 0.019045 -0.297501 -0.593744
v 0.000079 -0.278290 -0.628886
v 0.031149 -0.284987 -0.616457
v -0.031020 -0.284975 -0.616462
v -0.023813 0.452352 -0.692136
v 0.023526 0.452187 -0.692055
v -0.000026 0.387652 -0.723600
v 0.037967 0.411587 -0.711036
v -0.037968 0.411323 -0.711010
v 0.608860 0.025670 -0.374839
v 0.605553 -0.022455 -0.373120
v 0.587680 -0.013186 -0.405543
v 0.589664 0.016990 -0.406874
v 0.620121 0.001883 -0.354922
v 0.628852 0.024073 0.374602
v 0.629029 -0.022987 0.373422
v 0.610230 -0.013446 0.406398
v 0.610022 0.015517 0.407187
v 0.641811 0.000277 0.354224
v -0.608874 0.025631 -0.374787
v -0.605561 -0.022384 -0.373148
v -0.587681 -0.013199 -0.405588
v -0.589662 0.016999 -0.406837
v -0.620136 0.001841 -0.354904
v -0.628878 0.024093 0.374574
v -0.629026 -0.022974 0.373436
v -0.610239 -0.013463 0.406421
v -0.610026 0.015545 0.407182
v -0.641819 0.000279 0.354178
v -0.036536 0.522426 -0.047756
v 0.036533 0.522309 -0.047752
v -0.019268 0.511512 -0.008617
v -0.016781 0.535435 -0.091617
v 0.019364 0.511414 -0.008837
v 0.017246 0.535485 -0.091725
v -0.222157 0.390471 0.264116
v -0.176370 0.364678 0.360973
v -0.172239 0.397438 0.265435
v -0.250228 0.370162 0.309417
v -0.149382 0.383480 0.313852
v -0.227021 0.358256 0.358032
v -0.237161 0.635922 -0.390091
v -0.203322 0.665108 -0.495835
v -0.199762 0.699417 -0.403535
v -0.287707 0.628165 -0.426730
v -0.218258 0.793244 -0.470294
v -0.256564 0.618523 -0.476405
v -0.495903 0.323205 -0.178089
v -0.538385 0.246717 -0.231594
v -0.479642 0.326150 -0.233772
v -0.532423 0.286870 -0.148270
v -0.501638 0.285674 -0.259796
v -0.552377 0.249515 -0.175885
v -0.526895 0.302474 0.185327
v -0.568276 0.248549 0.241776
v -0.516108 0.298093 0.236179
v -0.558999 0.280917 0.163961
v -0.536068 0.273066 0.265308
v -0.580587 0.252614 0.191491
v 0.221793 0.390345 0.264176
v 0.176347 0.364787 0.361021
v 0.172327 0.397638 0.265431
v 0.149411 0.383628 0.313235
v 0.250158 0.370008 0.309206
v 0.227442 0.358103 0.358430
v 0.237077 0.636111 -0.391385
v 0.203168 0.665113 -0.496191
v 0.199627 0.699180 -0.404228
v 0.218581 0.793338 -0.470280
v 0.288310 0.627169 -0.428448
v 0.256047 0.617477 -0.477268
v 0.496405 0.323129 -0.178066
v 0.538858 0.246754 -0.231509
v 0.479786 0.326052 -0.233155
v 0.532678 0.286749 -0.148616
v 0.501671 0.285456 -0.259995
v 0.552466 0.249558 -0.175921
v 0.526929 0.302467 0.185346
v 0.568255 0.248535 0.241716
v 0.516153 0.298076 0.236145
v 0.559032 0.280926 0.164026
v 0.536104 0.273070 0.265288
v 0.580614 0.252642 0.191445
v -0.051679 -0.643512 0.011253
v 0.051261 -0.643383 0.011134
v -0.024042 -0.631409 0.059928
v -0.029009 -0.641737 -0.031993
v 0.024035 -0.631296 0.060028
v 0.027989 -0.642286 -0.031967
v -0.245915 -0.593546 0.401276
v -0.267409 -0.774937 0.527132
v -0.195520 -0.643577 0.410980
v -0.286682 -0.598088 0.438763
v -0.197234 -0.760075 0.462417
v -0.296868 -0.663010 0.503165
v -0.244953 -0.563464 -0.305150
v -0.172933 -0.457750 -0.355372
v -0.190811 -0.575249 -0.307810
v -0.252700 -0.485245 -0.316789
v -0.155710 -0.515754 -0.331145
v -0.219229 -0.441113 -0.347166
v -0.499251 -0.306624 -0.164369
v -0.548059 -0.236433 -0.229492
v -0.487066 -0.298658 -0.218979
v -0.536141 -0.276653 -0.141488
v -0.512530 -0.262850 -0.252852
v -0.560462 -0.242043 -0.172759
v -0.514078 -0.338022 0.194665
v -0.556329 -0.261258 0.240794
v -0.502989 -0.340247 0.245730
v -0.547369 -0.300101 0.168026
v -0.521179 -0.299442 0.268073
v -0.571440 -0.263585 0.191158
v 0.245850 -0.593696 0.401448
v 0.266313 -0.775814 0.526540
v 0.195803 -0.643592 0.411000
v 0.197436 -0.759966 0.462228
v 0.286583 -0.598187 0.439200
v 0.296705 -0.663435 0.502770
v 0.244699 -0.563985 -0.305285
v 0.172981 -0.457878 -0.355549
v 0.190416 -0.576051 -0.307728
v 0.155412 -0.515621 -0.330595
v 0.252655 -0.485592 -0.317029
v 0.219164 -0.441008 -0.347058
v 0.499616 -0.305708 -0.164642
v 0.547959 -0.236474 -0.229387
v 0.487005 -0.298548 -0.218608
v 0.536134 -0.276268 -0.141241
v 0.512557 -0.262930 -0.252859
v 0.560539 -0.242125 -0.172658
v 0.514295 -0.338207 0.194794
v 0.556139 -0.261090 0.240933
v 0.502801 -0.340063 0.245721
v 0.547240 -0.300127 0.168043
v 0.521627 -0.299735 0.267911
v 0.571320 -0.263477 0.191061
v 0.000250 -0.057232 0.734089
v -0.000090 0.050429 0.694070
v 0.048136 -0.030693 0.716841
v -0.047823 -0.030339 0.716930
v 0.047468 0.023719 0.698957
v -0.047658 0.023802 0.698988
v 0.309542 -0.257877 0.615528
v 0.388520 -0.182687 0.555577
v 0.342663 -0.281061 0.579025
v 0.379569 -0.240893 0.546409
v 0.313580 -0.196273 0.619156
v 0.355213 -0.160711 0.590864
v -0.309507 -0.258485 0.614885
v -0.388626 -0.183206 0.555204
v -0.342759 -0.280933 0.578874
v -0.379648 -0.240847 0.546208
v -0.313645 -0.196014 0.618481
v -0.355207 -0.160795 0.590987
v 0.302871 0.218680 0.582941
v 0.391129 0.169278 0.547509
v 0.339616 0.236811 0.553489
v 0.383202 0.214560 0.535241
v 0.309896 0.174415 0.593854
v 0.354692 0.148238 0.576820
v -0.302936 0.218680 0.583089
v -0.391110 0.169357 0.547573
v -0.339638 0.236771 0.553540
v -0.383140 0.214559 0.535206
v -0.309802 0.173932 0.593546
v -0.354489 0.148178 0.576542
v -0.000047 -0.040778 -0.696214
v -0.000058 0.072344 -0.757391
v 0.049314 -0.012435 -0.709596
v -0.049200 -0.012142 -0.709540
v 0.051651 0.044200 -0.740183
v -0.051896 0.043659 -0.742020
v 0.299301 -0.215568 -0.582392
v 0.383360 -0.166034 -0.544528
v 0.332897 -0.225714 -0.552267
v 0.375531 -0.205040 -0.533916
v 0.307214 -0.177555 -0.591776
v 0.349756 -0.149806 -0.574332
v -0.299320 -0.215523 -0.582305
v -0.383390 -0.166108 -0.544613
v -0.332944 -0.225748 -0.552222
v -0.375586 -0.205036 -0.533890
v -0.307234 -0.177668 -0.591619
v -0.349795 -0.149790 -0.574340
v 0.321285 0.253520 -0.652357
v 0.400474 0.182466 -0.588487
v 0.345805 0.270691 -0.600965
v 0.385243 0.234082 -0.570508
v 0.334881 0.200113 -0.669980
v 0.375163 0.165266 -0.635906
v -0.320953 0.253368 -0.652557
v -0.400402 0.182432 -0.588465
v -0.345259 0.270808 -0.600935
v -0.385113 0.234317 -0.570427
v -0.334763 0.200027 -0.670251
v -0.375371 0.165426 -0.636128
v 0.705142 -0.000048 -0.039195
v 0.708360 -0.000132 0.065577
v 0.707029 0.036814 -0.012746
v 0.706661 0.037119 0.039351
v 0.703523 -0.037662 -0.012740
v 0.704310 -0.037891 0.039353
v -0.705201 -0.000034 -0.039156
v -0.708401 -0.000142 0.065564
v -0.707039 0.036765 -0.012773
v -0.706662 0.037110 0.039349
v -0.703552 -0.037602 -0.012700
v -0.704353 -0.037926 0.039370
v -0.217257 0.491496 -0.033336
v -0.118330 0.512102 -0.039308
v -0.195963 0.487253 0.005729
v -0.192426 0.508727 -0.078327
v -0.146487 0.498165 0.002478
v -0.140946 0.519522 -0.081377
v -0.298272 0.436796 0.085696
v -0.261706 0.414873 0.170820
v -0.252497 0.448457 0.087361
v -0.325241 0.414491 0.122712
v -0.233197 0.437559 0.128772
v -0.308352 0.404051 0.166979
v -0.293189 0.498759 -0.147099
v -0.269198 0.559497 -0.261178
v -0.248440 0.520217 -0.162053
v -0.322520 0.497678 -0.182320
v -0.232441 0.548200 -0.218630
v -0.314671 0.529041 -0.240377
v -0.409002 0.423765 -0.079042
v -0.455771 0.384663 -0.127591
v -0.397013 0.437275 -0.132149
v -0.444043 0.396601 -0.051017
v -0.419919 0.419208 -0.157957
v -0.468384 0.376266 -0.073385
v -0.416085 0.395905 0.060119
v -0.473377 0.349138 0.122778
v -0.407086 0.387367 0.104667
v -0.447832 0.379617 0.044344
v -0.436313 0.364857 0.138086
v -0.477428 0.355283 0.074478
v 0.217412 0.491537 -0.033743
v 0.118354 0.512185 -0.039512
v 0.195776 0.487394 0.005822
v 0.192561 0.508428 -0.078904
v 0.146537 0.498008 0.002302
v 0.141030 0.519516 -0.081502
v 0.298381 0.436870 0.085818
v 0.261824 0.415163 0.170843
v 0.252396 0.448233 0.087451
v 0.325344 0.414427 0.123055
v 0.233179 0.437227 0.128927
v 0.308401 0.404052 0.167103
v 0.293401 0.498947 -0.147624
v 0.269987 0.560831 -0.263068
v 0.248156 0.519655 -0.162692
v 0.322878 0.497934 -0.183791
v 0.233155 0.549422 -0.219249
v 0.315724 0.529949 -0.242798
v 0.409286 0.423764 -0.079275
v 0.455807 0.384880 -0.127726
v 0.396704 0.437223 -0.132882
v 0.443895 0.396642 -0.050987
v 0.419656 0.419160 -0.158607
v 0.468317 0.376159 -0.073559
v 0.416019 0.395757 0.060346
v 0.473409 0.349073 0.122937
v 0.407108 0.387389 0.104878
v 0.447759 0.379507 0.044530
v 0.436430 0.364894 0.138177
v 0.477412 0.355151 0.074669
v -0.255070 -0.648192 0.000099
v -0.152966 -0.665143 0.002365
v -0.218806 -0.615913 0.035055
v -0.250404 -0.723196 -0.029823
v -0.167961 -0.627324 0.037944
v -0.189239 -0.717402 -0.037537
v -0.316246 -0.549409 0.131166
v -0.275548 -0.550746 0.254389
v -0.266523 -0.563083 0.138768
v -0.346317 -0.530485 0.174848
v -0.243451 -0.560321 0.201758
v -0.326885 -0.532970 0.234792
v -0.349267 -0.637352 -0.121445
v -0.336977 -0.666935 -0.250825
v -0.334131 -0.727788 -0.139188
v -0.363880 -0.585165 -0.154560
v -0.314770 -0.744041 -0.210198
v -0.358423 -0.590293 -0.212408
v -0.411334 -0.469726 -0.054062
v -0.450402 -0.385045 -0.104736
v -0.400500 -0.469346 -0.101374
v -0.438966 -0.430825 -0.029970
v -0.416968 -0.421790 -0.126543
v -0.460266 -0.389951 -0.054785
v -0.425912 -0.474005 0.087889
v -0.468955 -0.407944 0.144370
v -0.421338 -0.477038 0.138650
v -0.448626 -0.437678 0.066837
v -0.441304 -0.445622 0.169011
v -0.473510 -0.403925 0.093616
v 0.254968 -0.648228 0.000058
v 0.152482 -0.664774 0.002020
v 0.218616 -0.615861 0.034969
v 0.249456 -0.724285 -0.029971
v 0.167882 -0.627294 0.038268
v 0.188178 -0.717333 -0.037562
v 0.316138 -0.549158 0.131270
v 0.276040 -0.550370 0.254622
v 0.266704 -0.563188 0.138941
v 0.345909 -0.530462 0.174767
v 0.243621 -0.560262 0.201750
v 0.326653 -0.532724 0.234897
v 0.349548 -0.637784 -0.121539
v 0.336644 -0.667462 -0.251263
v 0.334075 -0.727563 -0.139187
v 0.363111 -0.585340 -0.154294
v 0.314686 -0.744229 -0.210112
v 0.358718 -0.590229 -0.212955
v 0.411248 -0.469960 -0.054053
v 0.450158 -0.384509 -0.104636
v 0.400071 -0.469128 -0.101551
v 0.438979 -0.430499 -0.029756
v 0.417034 -0.421505 -0.126514
v 0.460618 -0.390271 -0.054875
v 0.425778 -0.473802 0.087819
v 0.470020 -0.408182 0.144664
v 0.421148 -0.476888 0.138610
v 0.448888 -0.437660 0.066883
v 0.441030 -0.445370 0.168749
v 0.473525 -0.404030 0.093525
v -0.097054 -0.583217 0.688978
v -0.184404 -0.750826 0.680287
v -0.068398 -0.627288 0.665568
v -0.165156 -0.584390 0.697122
v -0.102645 -0.691569 0.646959
v -0.219918 -0.662853 0.700854
v 0.096662 -0.583484 0.688491
v 0.182958 -0.752511 0.679619
v 0.067652 -0.627376 0.665869
v 0.164571 -0.585092 0.697243
v 0.101956 -0.691406 0.646045
v 0.219259 -0.664473 0.700887
v 0.000026 -0.292469 0.739425
v 0.000100 -0.166297 0.825926
v 0.047989 -0.262344 0.744530
v -0.047923 -0.262723 0.743620
v 0.048740 -0.200862 0.763400
v -0.048861 -0.201467 0.763009
v 0.137071 -0.393764 0.705876
v 0.233697 -0.333080 0.679784
v 0.184551 -0.435824 0.696013
v 0.141361 -0.329451 0.712291
v 0.236172 -0.404291 0.683872
v 0.189666 -0.299273 0.700444
v -0.137316 -0.393796 0.705533
v -0.233901 -0.332992 0.679655
v -0.185258 -0.435378 0.696572
v -0.141308 -0.329453 0.712003
v -0.236488 -0.404227 0.683941
v -0.190143 -0.299191 0.701584
v -0.071696 0.318893 0.541837
v -0.126054 0.340137 0.456860
v -0.049218 0.331267 0.501527
v -0.120497 0.316020 0.541031
v -0.075187 0.343304 0.456580
v -0.149590 0.325317 0.500977
v 0.071618 0.318884 0.541844
v 0.125719 0.340125 0.456379
v 0.049149 0.331192 0.501810
v 0.120460 0.315982 0.541067
v 0.075101 0.343275 0.456390
v 0.149628 0.325274 0.501226
v -0.000033 0.246911 0.660366
v 0.000059 0.158531 0.677182
v 0.043171 0.226377 0.662124
v -0.043230 0.226389 0.662172
v 0.044930 0.180876 0.669749
v -0.044918 0.180901 0.669739
v 0.116987 0.282808 0.621492
v 0.211155 0.258949 0.610354
v 0.152361 0.290535 0.597076
v 0.125716 0.261200 0.637888
v 0.200409 0.282440 0.592042
v 0.172870 0.245109 0.632958
v -0.116999 0.282767 0.621509
v -0.211150 0.258946 0.610347
v -0.152390 0.290512 0.597090
v -0.125737 0.261182 0.637865
v -0.200427 0.282442 0.592048
v -0.172893 0.245110 0.632923
v -0.067070 -0.334246 -0.520960
v -0.118066 -0.387908 -0.437260
v -0.046006 -0.364081 -0.480618
v -0.112624 -0.328804 -0.520348
v -0.071217 -0.394618 -0.439978
v -0.138824 -0.351832 -0.477320
v 0.067056 -0.334416 -0.520898
v 0.117954 -0.387633 -0.437314
v 0.045914 -0.364334 -0.480463
v 0.112720 -0.328424 -0.520584
v 0.070831 -0.394434 -0.439716
v 0.138849 -0.351994 -0.477312
v -0.000038 -0.243329 -0.653410
v -0.000003 -0.153887 -0.666182
v 0.043779 -0.229436 -0.656049
v -0.043835 -0.229341 -0.656035
v 0.044991 -0.180948 -0.661468
v -0.044841 -0.181164 -0.661495
v 0.114505 -0.272008 -0.619111
v 0.206729 -0.248914 -0.606333
v 0.148098 -0.280538 -0.594210
v 0.123277 -0.253551 -0.634078
v 0.194674 -0.270543 -0.587574
v 0.168951 -0.238529 -0.627216
v -0.114425 -0.271991 -0.619116
v -0.206714 -0.248905 -0.606196
v -0.148006 -0.280458 -0.594264
v -0.123317 -0.253509 -0.634021
v -0.194588 -0.270549 -0.587473
v -0.168963 -0.238511 -0.627133
v -0.090049 0.531790 -0.654905
v -0.162922 0.612504 -0.597739
v -0.065409 0.585168 -0.633661
v -0.150469 0.519155 -0.655010
v -0.102141 0.627872 -0.603026
v -0.189422 0.557951 -0.628658
v 0.090627 0.531694 -0.654806
v 0.163247 0.612409 -0.597931
v 0.065611 0.585400 -0.633553
v 0.150562 0.519207 -0.654707
v 0.102395 0.628030 -0.602880
v 0.189783 0.557881 -0.628725
v 0.000080 0.294759 -0.772530
v 0.000019 0.187683 -0.803131
v 0.054566 0.270256 -0.786397
v -0.054705 0.269945 -0.785994
v 0.057785 0.217227 -0.807760
v -0.057892 0.216577 -0.807441
v 0.137638 0.375491 -0.719343
v 0.239142 0.323344 -0.707667
v 0.177089 0.405677 -0.693011
v 0.150436 0.325190 -0.748895
v 0.225774 0.378460 -0.682602
v 0.207560 0.301606 -0.753803
v -0.137658 0.375504 -0.719248
v -0.238674 0.323572 -0.707602
v -0.177129 0.405675 -0.692949
v -0.150680 0.325357 -0.749514
v -0.225578 0.378590 -0.682750
v -0.207512 0.301792 -0.754159
v 0.605169 0.089645 -0.338704
v 0.578920 0.165890 -0.287148
v 0.580159 0.119381 -0.364680
v 0.617698 0.095611 -0.287383
v 0.567294 0.159035 -0.341044
v 0.606167 0.132738 -0.260093
v 0.594759 -0.092767 -0.333744
v 0.579448 -0.169262 -0.288143
v 0.567648 -0.122433 -0.357605
v 0.610573 -0.099349 -0.285406
v 0.561471 -0.161918 -0.338421
v 0.602157 -0.136646 -0.259535
v 0.531927 -0.058173 -0.453292
v 0.460520 -0.110668 -0.499640
v 0.522735 -0.099352 -0.439923
v 0.504750 -0.040291 -0.486613
v 0.490209 -0.128011 -0.465672
v 0.467015 -0.065097 -0.509371
v 0.541839 0.060238 -0.463227
v 0.478003 0.116382 -0.525933
v 0.535250 0.100350 -0.452281
v 0.516849 0.044697 -0.499568
v 0.501444 0.130592 -0.481358
v 0.486344 0.071297 -0.533194
v 0.647824 0.000184 -0.261896
v 0.676858 -0.000218 -0.151085
v 0.652913 0.032854 -0.234891
v 0.649014 -0.033621 -0.234196
v 0.667251 0.034148 -0.179189
v 0.662979 -0.035334 -0.178896
v 0.613914 0.093593 0.335266
v 0.592494 0.173316 0.290141
v 0.584945 0.125204 0.358848
v 0.631587 0.100119 0.289533
v 0.573908 0.166026 0.337538
v 0.620409 0.139330 0.265617
v 0.614617 -0.093229 0.333220
v 0.587668 -0.176826 0.286807
v 0.584279 -0.125796 0.355754
v 0.631723 -0.100183 0.287662
v 0.569607 -0.169584 0.333912
v 0.618359 -0.141012 0.263098
v 0.550190 -0.056280 0.455201
v 0.471590 -0.114614 0.503489
v 0.538449 -0.100847 0.439350
v 0.523750 -0.037763 0.492898
v 0.499671 -0.132525 0.463698
v 0.484799 -0.063567 0.518153
v 0.549104 0.060232 0.456536
v 0.473249 0.113613 0.503684
v 0.538784 0.101213 0.441669
v 0.522974 0.043705 0.493916
v 0.501261 0.129612 0.465244
v 0.484505 0.068827 0.518462
v 0.678122 0.000088 0.268892
v 0.699129 0.000003 0.170317
v 0.682340 0.033453 0.244960
v 0.681491 -0.033270 0.244584
v 0.693053 0.035336 0.195638
v 0.691313 -0.035354 0.195323
v -0.605161 0.089636 -0.338726
v -0.579208 0.165805 -0.287345
v -0.580157 0.119282 -0.364749
v -0.617641 0.095593 -0.287477
v -0.567252 0.158925 -0.341317
v -0.606245 0.132621 -0.260208
v -0.594763 -0.092787 -0.333780
v -0.579466 -0.169253 -0.288110
v -0.567323 -0.122335 -0.357385
v -0.610667 -0.099164 -0.285245
v -0.561569 -0.162164 -0.338619
v -0.602618 -0.136967 -0.259719
v -0.531921 -0.058192 -0.453231
v -0.460469 -0.110863 -0.499635
v -0.522742 -0.099331 -0.439911
v -0.504758 -0.040413 -0.486579
v -0.490408 -0.128128 -0.465747
v -0.466881 -0.064824 -0.509390
v -0.541801 0.060205 -0.463321
v -0.478004 0.116167 -0.526114
v -0.535206 0.100227 -0.452453
v -0.516826 0.044631 -0.499628
v -0.501548 0.130432 -0.481477
v -0.486199 0.071287 -0.533281
v -0.647890 0.000256 -0.261881
v -0.676868 -0.000172 -0.151014
v -0.652939 0.032894 -0.234907
v -0.649015 -0.033717 -0.234136
v -0.667253 0.034171 -0.179198
v -0.663016 -0.035294 -0.178921
v -0.613763 0.093655 0.335310
v -0.592424 0.173324 0.290144
v -0.584928 0.125135 0.358872
v -0.631583 0.100100 0.289589
v -0.573792 0.165965 0.337558
v -0.620373 0.139412 0.265628
v -0.614529 -0.093246 0.333145
v -0.587680 -0.176749 0.286876
v -0.584034 -0.125689 0.355689
v -0.631610 -0.100282 0.287643
v -0.569611 -0.169442 0.333909
v -0.618340 -0.140985 0.263180
v -0.550343 -0.056333 0.455035
v -0.471483 -0.114555 0.503627
v -0.538444 -0.100997 0.439580
v -0.523782 -0.037700 0.492951
v -0.499072 -0.132229 0.463695
v -0.485086 -0.063627 0.518184
v -0.549101 0.060368 0.456309
v -0.473764 0.113476 0.504469
v -0.538867 0.101450 0.441819
v -0.522849 0.043614 0.493692
v -0.501519 0.129643 0.465211
v -0.484306 0.069096 0.518150
v -0.678108 0.000115 0.268848
v -0.699136 -0.000009 0.170318
v -0.682335 0.033423 0.244934
v -0.681485 -0.033218 0.244568
v -0.693076 0.035329 0.195631
v -0.691305 -0.035319 0.195320
v -0.064040 0.482552 0.074041
v -0.117147 0.438883 0.170898
v -0.108906 0.476626 0.079764
v -0.137237 0.454607 0.126231
v -0.044468 0.464887 0.118855
v -0.069518 0.444036 0.168694
v -0.054480 0.565885 -0.186440
v -0.117029 0.623356 -0.300617
v -0.097987 0.560424 -0.183189
v -0.131594 0.582225 -0.238647
v -0.041002 0.593624 -0.243758
v -0.071137 0.630292 -0.299824
v 0.064014 0.482409 0.074071
v 0.117172 0.438940 0.170851
v 0.108974 0.476698 0.079745
v 0.137057 0.454275 0.126303
v 0.044517 0.465218 0.118750
v 0.069788 0.444069 0.168426
v 0.054708 0.565993 -0.186318
v 0.117054 0.623188 -0.300726
v 0.097671 0.560568 -0.183333
v 0.131913 0.582491 -0.238648
v 0.040888 0.593552 -0.243645
v 0.071017 0.630226 -0.299915
v -0.349120 0.351691 0.297476
v -0.437701 0.328623 0.271963
v -0.366621 0.361250 0.246968
v -0.411173 0.349270 0.235696
v -0.375723 0.332289 0.337467
v -0.419637 0.321181 0.323169
v -0.049423 0.390950 0.314371
v 0.049863 0.390977 0.314124
v -0.025104 0.374713 0.362850
v 0.025247 0.375137 0.362630
v -0.024304 0.409570 0.265303
v 0.024476 0.409112 0.265449
v -0.279244 0.323080 0.445926
v -0.315385 0.289092 0.510407
v -0.249894 0.314349 0.490019
v -0.268051 0.298829 0.522618
v -0.327949 0.314989 0.435969
v -0.345994 0.297428 0.468107
v -0.456476 0.594833 -0.368600
v -0.400507 0.422953 -0.293830
v -0.393520 0.524156 -0.305874
v -0.395677 0.460323 -0.272912
v -0.401844 0.505339 -0.393986
v -0.387647 0.432426 -0.350301
v -0.073766 0.715038 -0.452617
v 0.073865 0.714971 -0.452789
v -0.035682 0.693071 -0.507339
v 0.035750 0.692979 -0.507028
v -0.032980 0.693481 -0.403305
v 0.033033 0.693409 -0.403347
v -0.297382 0.507006 -0.523018
v -0.316912 0.383235 -0.559917
v -0.267487 0.482791 -0.569848
v -0.279783 0.422599 -0.589367
v -0.336324 0.466821 -0.494322
v -0.340823 0.401689 -0.510422
v -0.558602 0.288040 -0.038329
v -0.567018 0.286253 0.063891
v -0.535290 0.317237 -0.014386
v -0.538913 0.314218 0.035861
v -0.589067 0.256464 -0.010911
v -0.592959 0.257266 0.040489
v -0.469991 0.279161 -0.368782
v -0.432208 0.261959 -0.472191
v -0.492836 0.232388 -0.393641
v -0.471473 0.223501 -0.443708
v -0.430428 0.323446 -0.397497
v -0.412473 0.314973 -0.449542
v -0.617192 0.179641 -0.120145
v -0.669061 0.109412 -0.066378
v -0.631848 0.141370 -0.148970
v -0.657009 0.106780 -0.121714
v -0.628350 0.183272 -0.065020
v -0.654893 0.147973 -0.038575
v -0.497769 0.261246 0.365548
v -0.445332 0.241342 0.456566
v -0.510584 0.229274 0.389136
v -0.483738 0.216402 0.432802
v -0.458937 0.279266 0.386949
v -0.433477 0.271299 0.434198
v -0.630602 0.186394 0.142083
v -0.673698 0.112129 0.091253
v -0.646949 0.148085 0.167550
v -0.668599 0.111013 0.142636
v -0.635384 0.187418 0.091374
v -0.656330 0.149974 0.065587
v 0.349015 0.351748 0.297437
v 0.437649 0.328704 0.271901
v 0.366789 0.361327 0.247080
v 0.411160 0.349344 0.235669
v 0.375783 0.332430 0.337484
v 0.419638 0.321312 0.323097
v 0.279180 0.322943 0.445824
v 0.315405 0.289050 0.510442
v 0.249881 0.314237 0.490039
v 0.268027 0.298772 0.522647
v 0.327923 0.315002 0.436004
v 0.346041 0.297384 0.468163
v 0.457311 0.595549 -0.373862
v 0.400882 0.423022 -0.294346
v 0.395409 0.528081 -0.308976
v 0.396167 0.460580 -0.274086
v 0.401936 0.503676 -0.395953
v 0.388059 0.431974 -0.350931
v 0.296547 0.505803 -0.523141
v 0.317237 0.382992 -0.560369
v 0.267558 0.482498 -0.569833
v 0.280119 0.422536 -0.589436
v 0.335853 0.464891 -0.494690
v 0.340822 0.401209 -0.510703
v 0.558629 0.288087 -0.038197
v 0.567058 0.286082 0.063950
v 0.535149 0.317323 -0.014223
v 0.538831 0.314132 0.036132
v 0.589049 0.256535 -0.010729
v 0.593008 0.257184 0.040589
v 0.469737 0.279288 -0.368984
v 0.431504 0.262074 -0.471947
v 0.493322 0.232135 -0.393859
v 0.471833 0.223220 -0.443583
v 0.430609 0.323031 -0.397448
v 0.413073 0.314690 -0.450138
v 0.617172 0.179709 -0.119983
v 0.669062 0.109411 -0.066358
v 0.631881 0.141395 -0.148790
v 0.657041 0.106782 -0.121745
v 0.628267 0.183280 -0.064872
v 0.654832 0.147965 -0.038552
v 0.497804 0.261219 0.365530
v 0.445352 0.241329 0.456603
v 0.510581 0.229312 0.389177
v 0.483691 0.216496 0.432805
v 0.458958 0.279271 0.386947
v 0.433525 0.271284 0.434200
v 0.630600 0.186417 0.142086
v 0.673689 0.112143 0.091241
v 0.646947 0.148113 0.167557
v 0.668574 0.111033 0.142628
v 0.635371 0.187436 0.091375
v 0.656327 0.149972 0.065580
v -0.064616 -0.605015 0.162614
v -0.111592 -0.590482 0.291188
v -0.109785 -0.595791 0.155647
v -0.135062 -0.582998 0.218849
v -0.042800 -0.605453 0.227444
v -0.064427 -0.602122 0.292015
v -0.087861 -0.670669 -0.128521
v -0.138541 -0.681772 -0.242626
v -0.124760 -0.758733 -0.145150
v -0.158295 -0.771676 -0.216155
v -0.064256 -0.627417 -0.166745
v -0.086021 -0.632588 -0.220774
v 0.064343 -0.604656 0.162510
v 0.111873 -0.590471 0.291367
v 0.109957 -0.595764 0.155823
v 0.135238 -0.582997 0.218927
v 0.042827 -0.605346 0.227592
v 0.064691 -0.602184 0.292152
v 0.087279 -0.669898 -0.127949
v 0.137894 -0.681506 -0.242052
v 0.124318 -0.756910 -0.144191
v 0.156596 -0.770850 -0.215273
v 0.063989 -0.626733 -0.166179
v 0.085424 -0.632234 -0.220436
v -0.364415 -0.504361 0.368181
v -0.439164 -0.424384 0.304939
v -0.381576 -0.494066 0.308057
v -0.419596 -0.458041 0.279310
v -0.384405 -0.469829 0.393249
v -0.419513 -0.425108 0.359399
v -0.059365 -0.681479 0.471302
v 0.059348 -0.681624 0.471242
v -0.032109 -0.669718 0.523439
v 0.032588 -0.669265 0.523228
v -0.026682 -0.652914 0.412789
v 0.026958 -0.653022 0.412873
v -0.329877 -0.551280 0.559620
v -0.337252 -0.411938 0.572599
v -0.318338 -0.552485 0.626429
v -0.311754 -0.467830 0.620414
v -0.352090 -0.482952 0.510738
v -0.359980 -0.422755 0.522284
v -0.329320 -0.417465 -0.285375
v -0.408145 -0.355204 -0.255684
v -0.353958 -0.441926 -0.244502
v -0.386887 -0.401525 -0.224118
v -0.347948 -0.368429 -0.318606
v -0.389924 -0.342166 -0.305641
v -0.052421 -0.514212 -0.330004
v 0.052140 -0.513739 -0.329966
v -0.025326 -0.472754 -0.364946
v 0.025157 -0.473084 -0.365765
v -0.026962 -0.550543 -0.293006
v 0.027048 -0.550234 -0.292840
v -0.257993 -0.348395 -0.422570
v -0.303771 -0.278236 -0.505833
v -0.233017 -0.328243 -0.469091
v -0.255367 -0.293928 -0.511644
v -0.303935 -0.330591 -0.414916
v -0.327224 -0.293869 -0.455942
v -0.556309 -0.286304 -0.033273
v -0.559210 -0.295027 0.068344
v -0.526759 -0.323254 -0.006818
v -0.529664 -0.327907 0.044153
v -0.589495 -0.255600 -0.008614
v -0.589862 -0.259162 0.042282
v -0.481536 -0.245301 -0.362275
v -0.434611 -0.226717 -0.458257
v -0.497279 -0.213966 -0.389694
v -0.472943 -0.204671 -0.435713
v -0.439880 -0.266988 -0.380368
v -0.417400 -0.256112 -0.430033
v -0.618761 -0.182181 -0.120178
v -0.662702 -0.112799 -0.067081
v -0.628296 -0.144441 -0.149124
v -0.650160 -0.110004 -0.122062
v -0.630096 -0.186196 -0.065015
v -0.652510 -0.152083 -0.039233
v -0.483463 -0.291105 0.366905
v -0.436935 -0.272757 0.461544
v -0.499142 -0.243758 0.386085
v -0.475219 -0.233217 0.431674
v -0.447451 -0.332625 0.397849
v -0.424942 -0.326026 0.446915
v -0.629470 -0.189682 0.140435
v -0.670539 -0.114133 0.090534
v -0.645389 -0.150029 0.165698
v -0.665819 -0.112436 0.141499
v -0.634615 -0.190572 0.090492
v -0.655020 -0.153002 0.064844
v 0.363997 -0.504011 0.367825
v 0.439173 -0.424434 0.304923
v 0.381869 -0.493953 0.308244
v 0.419473 -0.457864 0.279225
v 0.384766 -0.469919 0.393839
v 0.419300 -0.424926 0.359111
v 0.329905 -0.551446 0.559704
v 0.336832 -0.412084 0.572681
v 0.318199 -0.552504 0.626564
v 0.312144 -0.468413 0.621550
v 0.351913 -0.483511 0.510758
v 0.360221 -0.423319 0.522433
v 0.329158 -0.417736 -0.285264
v 0.408037 -0.356540 -0.255676
v 0.354200 -0.442075 -0.244352
v 0.386637 -0.401012 -0.223704
v 0.347881 -0.368460 -0.318453
v 0.390035 -0.341894 -0.305371
v 0.258061 -0.349013 -0.422523
v 0.303756 -0.278334 -0.505810
v 0.233067 -0.328041 -0.469230
v 0.255526 -0.293826 -0.511775
v 0.304008 -0.330861 -0.414931
v 0.327215 -0.294108 -0.455696
v 0.555872 -0.286286 -0.033509
v 0.559044 -0.295134 0.068312
v 0.527268 -0.322988 -0.006366
v 0.529510 -0.328039 0.044012
v 0.589540 -0.255726 -0.008639
v 0.589662 -0.259347 0.042268
v 0.481598 -0.245250 -0.362412
v 0.434640 -0.226568 -0.458306
v 0.497237 -0.213997 -0.389761
v 0.472979 -0.204684 -0.435773
v 0.440096 -0.266819 -0.380536
v 0.417484 -0.256304 -0.430120
v 0.618885 -0.182239 -0.120348
v 0.662797 -0.112815 -0.067057
v 0.628569 -0.144615 -0.149153
v 0.650209 -0.110010 -0.121986
v 0.630141 -0.186167 -0.065123
v 0.652771 -0.152002 -0.039239
v 0.483429 -0.290820 0.367299
v 0.436904 -0.273146 0.461443
v 0.498326 -0.243575 0.386008
v 0.475669 -0.233366 0.431734
v 0.447548 -0.333223 0.398046
v 0.425104 -0.325750 0.446898
v 0.629399 -0.189659 0.140498
v 0.670543 -0.114147 0.090484
v 0.645420 -0.149986 0.165718
v 0.665813 -0.112444 0.141496
v 0.634651 -0.190600 0.090465
v 0.655046 -0.153022 0.064777
v 0.145549 -0.086236 0.710152
v 0.235620 -0.142506 0.675517
v 0.147614 -0.143036 0.724641
v 0.192088 -0.173342 0.702240
v 0.192223 -0.056569 0.688017
v 0.236953 -0.083980 0.671648
v -0.145447 -0.086061 0.709831
v -0.235624 -0.142391 0.675509
v -0.147763 -0.143280 0.724949
v -0.192078 -0.173354 0.702662
v -0.192180 -0.056785 0.688198
v -0.236722 -0.084127 0.671183
v 0.141122 0.077313 0.672461
v 0.231479 0.131251 0.642886
v 0.138593 0.129253 0.663222
v 0.183453 0.155629 0.650257
v 0.190172 0.052172 0.668434
v 0.236327 0.080410 0.653052
v -0.141341 0.077496 0.672333
v -0.231459 0.131320 0.642946
v -0.138608 0.129313 0.663238
v -0.183491 0.155663 0.650275
v -0.189882 0.052505 0.668356
v -0.236340 0.080417 0.653191
v 0.368318 -0.049106 0.601615
v 0.368687 0.052854 0.597974
v 0.413656 -0.020505 0.579439
v 0.413685 0.028102 0.578364
v 0.326703 -0.024266 0.625731
v 0.327680 0.028757 0.624109
v -0.368140 -0.049237 0.601487
v -0.368625 0.052806 0.597985
v -0.413593 -0.020448 0.579623
v -0.413693 0.027945 0.578457
v -0.326300 -0.024577 0.625310
v -0.327709 0.028617 0.624195
v 0.140817 -0.069516 -0.675559
v 0.225353 -0.123921 -0.634776
v 0.136600 -0.126446 -0.659886
v 0.179152 -0.152475 -0.643332
v 0.189271 -0.040965 -0.672285
v 0.230839 -0.069394 -0.648887
v -0.140604 -0.069549 -0.674957
v -0.225691 -0.124020 -0.634586
v -0.136912 -0.126731 -0.659733
v -0.179411 -0.152372 -0.643216
v -0.189142 -0.040820 -0.672095
v -0.230875 -0.069324 -0.648901
v 0.163465 0.100138 -0.769885
v 0.274251 0.158312 -0.766153
v 0.174096 0.158328 -0.812808
v 0.229292 0.189976 -0.801458
v 0.207699 0.070987 -0.735764
v 0.259342 0.098380 -0.730076
v -0.163887 0.098444 -0.773461
v -0.274469 0.158443 -0.766095
v -0.173648 0.158052 -0.812105
v -0.229528 0.190251 -0.801383
v -0.207675 0.071032 -0.735393
v -0.258839 0.098637 -0.729453
v 0.359479 -0.044140 -0.594883
v 0.373845 0.061362 -0.623691
v 0.400489 -0.018272 -0.574743
v 0.408128 0.032341 -0.586585
v 0.322765 -0.016366 -0.626558
v 0.330269 0.038000 -0.644686
v -0.359512 -0.044102 -0.594807
v -0.374155 0.061407 -0.623837
v -0.400976 -0.018224 -0.574430
v -0.407711 0.032059 -0.586504
v -0.323235 -0.016414 -0.626810
v -0.330749 0.037858 -0.644942
v -0.289444 0.463994 0.011314
v -0.284874 0.479916 -0.063552
v -0.243734 0.475101 0.008437
v -0.240288 0.495439 -0.072475
v -0.353102 0.431912 0.041186
v -0.271465 0.457854 0.048211
v -0.340725 0.423918 0.080825
v -0.347501 0.458838 -0.078645
v -0.265943 0.497886 -0.110275
v -0.334201 0.475230 -0.128055
v -0.392773 0.427510 -0.010306
v -0.372516 0.450426 -0.105282
v -0.419199 0.413577 -0.029436
v -0.379245 0.409996 0.072242
v -0.420154 0.404220 0.015852
v 0.289158 0.463972 0.011560
v 0.284581 0.480274 -0.064348
v 0.243588 0.475217 0.008649
v 0.240434 0.495008 -0.072746
v 0.352922 0.431861 0.041384
v 0.271578 0.458061 0.048310
v 0.340501 0.423927 0.080954
v 0.347213 0.458787 -0.079018
v 0.265748 0.497836 -0.110433
v 0.334355 0.475145 -0.129023
v 0.392547 0.427514 -0.010063
v 0.372478 0.449896 -0.105844
v 0.419033 0.413623 -0.029189
v 0.379010 0.409950 0.072390
v 0.420070 0.403998 0.016149
v -0.311668 -0.578711 0.038937
v -0.324560 -0.619939 -0.035496
v -0.267815 -0.596960 0.033881
v -0.292012 -0.670393 -0.037967
v -0.377252 -0.533213 0.071134
v -0.289528 -0.569975 0.084287
v -0.363715 -0.530980 0.120115
v -0.370398 -0.552091 -0.053215
v -0.325982 -0.669140 -0.080241
v -0.366171 -0.568865 -0.100577
v -0.400249 -0.505058 0.013032
v -0.386388 -0.514829 -0.077572
v -0.419626 -0.469868 -0.007204
v -0.402916 -0.507590 0.106107
v -0.425435 -0.471816 0.039702
v 0.311758 -0.578888 0.039068
v 0.324656 -0.620009 -0.035829
v 0.267408 -0.596917 0.033709
v 0.291664 -0.671110 -0.037650
v 0.377474 -0.533206 0.071211
v 0.289558 -0.570165 0.084113
v 0.363973 -0.530898 0.120100
v 0.370073 -0.552182 -0.052449
v 0.326640 -0.669452 -0.080104
v 0.365897 -0.569303 -0.100345
v 0.400374 -0.505072 0.013201
v 0.386599 -0.514839 -0.077862
v 0.419298 -0.470233 -0.007116
v 0.402881 -0.507479 0.105948
v 0.425409 -0.471839 0.039697
v -0.000092 -0.529286 0.691573
v -0.075874 -0.474151 0.702113
v -0.032647 -0.576516 0.679920
v -0.117441 -0.522882 0.696968
v 0.075766 -0.474180 0.701918
v 0.031353 -0.576608 0.679576
v 0.117449 -0.523147 0.697129
v 0.043708 -0.381263 0.717544
v -0.044071 -0.381310 0.717140
v 0.046629 -0.323442 0.729974
v -0.046553 -0.323163 0.728701
v 0.130482 -0.459172 0.701889
v 0.091783 -0.356694 0.717431
v -0.130640 -0.458847 0.701640
v -0.091921 -0.356644 0.717436
v 0.000041 0.311005 0.575186
v -0.060848 0.300710 0.600356
v -0.023793 0.320300 0.541801
v -0.090529 0.307853 0.574100
v 0.060881 0.300691 0.600397
v 0.023699 0.320339 0.541819
v 0.090557 0.307817 0.574092
v 0.037547 0.282555 0.637588
v -0.037555 0.282556 0.637608
v 0.041033 0.261822 0.652236
v -0.041040 0.261845 0.652219
v 0.105523 0.296598 0.600019
v 0.080029 0.273783 0.639721
v -0.105515 0.296612 0.600016
v -0.080043 0.273751 0.639728
v 0.000010 -0.314882 -0.559875
v -0.058889 -0.294423 -0.594313
v -0.022079 -0.338162 -0.520613
v -0.086226 -0.308211 -0.561612
v 0.058961 -0.294462 -0.594266
v 0.022160 -0.338326 -0.520585
v 0.086229 -0.308225 -0.561524
v 0.037118 -0.272034 -0.634292
v -0.037087 -0.272017 -0.634278
v 0.040997 -0.255365 -0.647589
v -0.041034 -0.255418 -0.647586
v 0.102549 -0.288402 -0.596462
v 0.078935 -0.264357 -0.636485
v -0.102456 -0.288390 -0.596530
v -0.078903 -0.264309 -0.636454
v 0.000140 0.493956 -0.674346
v -0.073053 0.442399 -0.693590
v -0.029986 0.538468 -0.655052
v -0.109811 0.478863 -0.674629
v 0.073388 0.442602 -0.694389
v 0.030028 0.538024 -0.654593
v 0.110516 0.479329 -0.674998
v 0.044977 0.367687 -0.733212
v -0.045111 0.367475 -0.733010
v 0.050271 0.320167 -0.758885
v -0.050208 0.320403 -0.759496
v 0.125438 0.426998 -0.695581
v 0.096040 0.347052 -0.742019
v -0.124942 0.426699 -0.695138
v -0.095816 0.347251 -0.742056
v 0.589677 0.048163 -0.398220
v 0.626021 0.029338 -0.336114
v 0.586519 0.082430 -0.383466
v 0.624879 0.060701 -0.313286
v 0.582070 -0.046630 -0.393411
v 0.622566 -0.027500 -0.334563
v 0.574289 -0.083666 -0.375987
v 0.618104 -0.062225 -0.310642
v 0.568532 0.002046 -0.436713
v 0.553700 -0.072308 -0.415752
v 0.540388 -0.017565 -0.463548
v 0.564714 0.072931 -0.424307
v 0.544744 0.021464 -0.467892
v 0.639119 0.031374 -0.287802
v 0.635792 -0.031255 -0.286795
v 0.606392 0.047442 0.397109
v 0.646313 0.028563 0.335590
v 0.596407 0.085109 0.379279
v 0.641953 0.062591 0.313500
v 0.607338 -0.045328 0.395117
v 0.646406 -0.028010 0.334585
v 0.597776 -0.083301 0.377011
v 0.642465 -0.061731 0.312058
v 0.586286 0.001674 0.436274
v 0.575323 -0.071469 0.416922
v 0.557495 -0.016285 0.465144
v 0.573956 0.074037 0.418934
v 0.557165 0.021068 0.465987
v 0.664316 0.031459 0.291612
v 0.664123 -0.031130 0.290931
v -0.589663 0.048142 -0.398249
v -0.626071 0.029310 -0.336035
v -0.586506 0.082391 -0.383529
v -0.624875 0.060651 -0.313354
v -0.582038 -0.046660 -0.393341
v -0.622533 -0.027443 -0.334618
v -0.574404 -0.083648 -0.376016
v -0.618030 -0.062212 -0.310610
v -0.568530 0.002023 -0.436717
v -0.553500 -0.072243 -0.415536
v -0.540459 -0.017655 -0.463528
v -0.564644 0.072926 -0.424421
v -0.544769 0.021409 -0.467909
v -0.639121 0.031410 -0.287779
v -0.635741 -0.031325 -0.286819
v -0.606386 0.047440 0.397105
v -0.646335 0.028554 0.335567
v -0.596374 0.085042 0.379225
v -0.642006 0.062573 0.313509
v -0.607319 -0.045325 0.395185
v -0.646394 -0.027948 0.334574
v -0.597758 -0.083353 0.376961
v -0.642453 -0.061761 0.312111
v -0.586266 0.001702 0.436316
v -0.575432 -0.071476 0.416842
v -0.557430 -0.016219 0.465234
v -0.573922 0.074104 0.418801
v -0.557086 0.020989 0.465971
v -0.664313 0.031435 0.291590
v -0.664114 -0.031098 0.290905
v -0.058899 0.509281 -0.006087
v -0.050207 0.532232 -0.086874
v -0.100265 0.505371 -0.001631
v -0.083993 0.526884 -0.078432
v 0.058910 0.508872 -0.005775
v 0.050166 0.532063 -0.086659
v 0.100067 0.505225 -0.001723
v 0.083563 0.526935 -0.078251
v -0.000090 0.500429 0.028145
v -0.082466 0.495361 0.035526
v -0.020756 0.487609 0.065761
v -0.000174 0.550605 -0.138954
v -0.057647 0.540404 -0.124001
v -0.018281 0.569288 -0.189769
v 0.082192 0.495416 0.035349
v 0.020324 0.487772 0.065876
v 0.057462 0.540281 -0.123896
v 0.018232 0.569157 -0.189861
v -0.193476 0.411086 0.218131
v -0.271325 0.381944 0.260867
v -0.213799 0.424820 0.172463
v -0.290804 0.393519 0.213245
v -0.125543 0.369746 0.361639
v -0.202875 0.346760 0.407012
v -0.100694 0.356223 0.410100
v -0.177233 0.335678 0.455843
v -0.122760 0.403203 0.265783
v -0.165202 0.432737 0.171765
v -0.095863 0.423076 0.217649
v -0.278405 0.350599 0.354283
v -0.319600 0.372222 0.255341
v -0.329591 0.341904 0.348911
v -0.075068 0.373052 0.362461
v -0.073209 0.406560 0.265968
v -0.227788 0.329989 0.450965
v -0.306477 0.332187 0.399137
v -0.201620 0.629369 -0.345395
v -0.308739 0.617331 -0.367868
v -0.218182 0.585670 -0.278964
v -0.312738 0.570710 -0.301546
v -0.167013 0.712912 -0.504702
v -0.231232 0.601631 -0.523362
v -0.132448 0.660766 -0.551284
v -0.208312 0.578921 -0.573256
v -0.172980 0.810294 -0.408049
v -0.166712 0.608451 -0.293172
v -0.111885 0.689126 -0.355303
v -0.327763 0.596007 -0.460967
v -0.371978 0.587356 -0.339922
v -0.415428 0.591811 -0.458023
v -0.107887 0.705892 -0.503504
v -0.100339 0.731993 -0.404977
v -0.252516 0.542996 -0.548622
v -0.338574 0.536671 -0.481340
v -0.459175 0.363095 -0.208059
v -0.512095 0.321080 -0.122210
v -0.440414 0.394696 -0.183074
v -0.491116 0.351216 -0.097106
v -0.524013 0.243334 -0.286833
v -0.572751 0.210791 -0.203728
v -0.547649 0.200867 -0.314389
v -0.591410 0.171362 -0.232057
v -0.462724 0.327790 -0.288607
v -0.423161 0.407824 -0.238684
v -0.422886 0.375607 -0.318119
v -0.566668 0.251924 -0.119839
v -0.525947 0.319610 -0.066881
v -0.579529 0.254189 -0.064553
v -0.509644 0.238942 -0.341127
v -0.447035 0.327621 -0.343198
v -0.604094 0.175656 -0.176118
v -0.599441 0.217662 -0.091809
v -0.492302 0.320758 0.204793
v -0.534096 0.306569 0.135056
v -0.465663 0.342840 0.171799
v -0.506723 0.331101 0.105013
v -0.552117 0.243406 0.291905
v -0.597461 0.219005 0.217231
v -0.563879 0.206682 0.315681
v -0.609204 0.179347 0.241668
v -0.500445 0.292543 0.286956
v -0.453401 0.335979 0.221510
v -0.460707 0.307890 0.305864
v -0.587690 0.254578 0.140960
v -0.538262 0.310560 0.085392
v -0.591825 0.256246 0.090707
v -0.532672 0.237015 0.341352
v -0.480931 0.286072 0.337292
v -0.623162 0.184546 0.192361
v -0.612961 0.223057 0.116648
v 0.193524 0.411016 0.218544
v 0.271240 0.381777 0.260867
v 0.213419 0.424337 0.172554
v 0.290621 0.393379 0.212949
v 0.125628 0.369909 0.361839
v 0.202754 0.346721 0.406682
v 0.100762 0.356204 0.409675
v 0.177387 0.335542 0.456057
v 0.122726 0.403339 0.265860
v 0.165355 0.432778 0.172543
v 0.096211 0.423418 0.217610
v 0.075382 0.373134 0.362272
v 0.073851 0.407260 0.266079
v 0.278465 0.350799 0.354299
v 0.319763 0.372161 0.255385
v 0.329442 0.341942 0.348772
v 0.227887 0.330006 0.450929
v 0.306473 0.332131 0.399083
v 0.201940 0.629501 -0.346117
v 0.310597 0.620115 -0.369919
v 0.218920 0.586501 -0.279872
v 0.315100 0.575244 -0.304008
v 0.166668 0.713008 -0.504270
v 0.230698 0.601225 -0.523731
v 0.132168 0.660544 -0.551293
v 0.207816 0.579061 -0.573147
v 0.173119 0.810443 -0.407825
v 0.167058 0.608861 -0.293331
v 0.111882 0.688986 -0.355267
v 0.108042 0.705911 -0.503575
v 0.100094 0.732032 -0.404926
v 0.327401 0.593406 -0.461868
v 0.379206 0.601995 -0.343989
v 0.411864 0.583219 -0.460311
v 0.252552 0.542405 -0.548832
v 0.337829 0.533521 -0.482294
v 0.459231 0.363036 -0.208148
v 0.512138 0.321246 -0.122151
v 0.440021 0.394558 -0.183527
v 0.491264 0.351392 -0.097410
v 0.523946 0.243478 -0.286947
v 0.572701 0.210584 -0.203682
v 0.547548 0.200868 -0.314417
v 0.591303 0.171239 -0.232022
v 0.462533 0.327419 -0.289233
v 0.423166 0.407954 -0.239288
v 0.422718 0.375024 -0.318524
v 0.566905 0.251727 -0.120001
v 0.526023 0.319466 -0.066866
v 0.579484 0.254343 -0.064305
v 0.509808 0.238500 -0.341577
v 0.446442 0.327259 -0.343614
v 0.604082 0.175731 -0.176148
v 0.599419 0.217812 -0.091635
v 0.492327 0.320735 0.204812
v 0.534106 0.306599 0.135081
v 0.465660 0.342824 0.171935
v 0.506721 0.331016 0.105135
v 0.552165 0.243438 0.291897
v 0.597486 0.219006 0.217227
v 0.563890 0.206703 0.315696
v 0.609240 0.179420 0.241652
v 0.500472 0.292530 0.286921
v 0.453395 0.335976 0.221549
v 0.460642 0.307838 0.305742
v 0.587688 0.254632 0.140982
v 0.538271 0.310483 0.085477
v 0.591870 0.256317 0.090752
v 0.532727 0.237019 0.341348
v 0.480936 0.286037 0.337290
v 0.623173 0.184554 0.192379
v 0.612960 0.223113 0.116638
v -0.072279 -0.632691 0.056143
v -0.082512 -0.661562 -0.035718
v -0.119831 -0.632398 0.047468
v -0.133397 -0.694561 -0.038105
v 0.071962 -0.632719 0.056074
v 0.081946 -0.661347 -0.035857
v 0.119684 -0.632519 0.047361
v 0.132461 -0.693609 -0.038405
v -0.000316 -0.621230 0.112608
v -0.090440 -0.614413 0.102118
v -0.021806 -0.611621 0.168127
v -0.000274 -0.626794 -0.071871
v -0.109620 -0.699528 -0.083910
v -0.036072 -0.618208 -0.114645
v 0.090640 -0.614549 0.102736
v 0.021656 -0.611826 0.168206
v 0.108986 -0.698322 -0.083956
v 0.035405 -0.618068 -0.114370
v -0.200799 -0.578166 0.352403
v -0.293688 -0.560207 0.369151
v -0.221401 -0.563448 0.272883
v -0.308576 -0.540960 0.299939
v -0.165358 -0.805521 0.535910
v -0.302808 -0.717807 0.587919
v -0.125375 -0.779846 0.621010
v -0.267537 -0.718326 0.663743
v -0.139064 -0.665690 0.414985
v -0.164928 -0.576957 0.285683
v -0.094038 -0.616847 0.360135
v -0.318818 -0.579736 0.468563
v -0.338866 -0.527360 0.337339
v -0.350200 -0.519575 0.429727
v -0.095025 -0.724191 0.535236
v -0.081541 -0.659984 0.414378
v -0.317027 -0.638080 0.618823
v -0.339283 -0.537788 0.493375
v -0.234038 -0.657310 -0.300407
v -0.292085 -0.531527 -0.290947
v -0.277172 -0.727345 -0.271532
v -0.339166 -0.574034 -0.265698
v -0.124927 -0.467952 -0.362576
v -0.191434 -0.407117 -0.389401
v -0.097296 -0.428733 -0.399873
v -0.165083 -0.378637 -0.433378
v -0.135409 -0.569106 -0.302834
v -0.200194 -0.739176 -0.275455
v -0.111334 -0.612045 -0.267066
v -0.262921 -0.418155 -0.338277
v -0.326865 -0.488679 -0.269464
v -0.305399 -0.392928 -0.328877
v -0.075605 -0.471845 -0.364845
v -0.081004 -0.558213 -0.296809
v -0.211703 -0.365635 -0.428471
v -0.282138 -0.371069 -0.375404
v -0.462055 -0.336996 -0.186398
v -0.511002 -0.312321 -0.110916
v -0.438720 -0.378549 -0.155478
v -0.484969 -0.350653 -0.082030
v -0.535707 -0.230150 -0.286437
v -0.579397 -0.208350 -0.203646
v -0.551748 -0.197737 -0.315249
v -0.592661 -0.173363 -0.232673
v -0.473844 -0.288817 -0.273439
v -0.424428 -0.368588 -0.205860
v -0.431912 -0.315815 -0.290451
v -0.573053 -0.247125 -0.116625
v -0.520165 -0.318199 -0.058407
v -0.583135 -0.251558 -0.061664
v -0.518803 -0.222572 -0.340089
v -0.457982 -0.278282 -0.327238
v -0.605795 -0.177779 -0.176520
v -0.604215 -0.217500 -0.090975
v -0.482315 -0.377589 0.221971
v -0.522633 -0.335371 0.144037
v -0.461476 -0.412492 0.196513
v -0.497793 -0.369884 0.119337
v -0.538730 -0.257259 0.290055
v -0.590571 -0.224268 0.214479
v -0.554790 -0.213709 0.311890
v -0.605141 -0.182896 0.238631
v -0.486917 -0.339750 0.296657
v -0.451371 -0.418057 0.250128
v -0.453508 -0.381999 0.327319
v -0.580297 -0.263339 0.141918
v -0.527963 -0.332009 0.094068
v -0.586282 -0.261819 0.092275
v -0.519551 -0.251286 0.338701
v -0.468190 -0.337173 0.347548
v -0.620555 -0.187316 0.189750
v -0.609803 -0.226993 0.116094
v 0.200970 -0.578158 0.352512
v 0.293799 -0.559848 0.369471
v 0.221697 -0.563515 0.272916
v 0.308294 -0.540974 0.300158
v 0.164790 -0.805105 0.535423
v 0.302270 -0.719144 0.587404
v 0.122988 -0.778686 0.619042
v 0.267002 -0.720998 0.663040
v 0.138990 -0.665728 0.414876
v 0.165120 -0.576957 0.285741
v 0.094572 -0.616791 0.360216
v 0.093756 -0.724142 0.534357
v 0.081399 -0.659907 0.414688
v 0.319016 -0.580010 0.468365
v 0.338487 -0.527233 0.337301
v 0.350261 -0.519981 0.430088
v 0.316788 -0.638891 0.618639
v 0.339436 -0.538191 0.493535
v 0.234159 -0.659036 -0.300762
v 0.291227 -0.532075 -0.291225
v 0.276535 -0.727970 -0.271428
v 0.339043 -0.574926 -0.266304
v 0.125087 -0.468071 -0.362616
v 0.191517 -0.407174 -0.389518
v 0.097034 -0.428826 -0.400103
v 0.165046 -0.378290 -0.433454
v 0.135052 -0.569672 -0.302945
v 0.199511 -0.739377 -0.275198
v 0.110617 -0.611514 -0.267049
v 0.075241 -0.471646 -0.364816
v 0.080930 -0.559046 -0.297062
v 0.262772 -0.418191 -0.337984
v 0.326920 -0.488692 -0.269545
v 0.305223 -0.393129 -0.328796
v 0.211736 -0.365179 -0.428485
v 0.282123 -0.371194 -0.375309
v 0.462007 -0.336953 -0.186084
v 0.511009 -0.312191 -0.110877
v 0.438238 -0.377619 -0.155185
v 0.485077 -0.350774 -0.081992
v 0.535671 -0.230206 -0.286464
v 0.579395 -0.208417 -0.203686
v 0.551712 -0.197859 -0.315300
v 0.592687 -0.173647 -0.232868
v 0.473094 -0.289488 -0.272807
v 0.424471 -0.368909 -0.205747
v 0.432326 -0.315664 -0.290637
v 0.573023 -0.247148 -0.116624
v 0.520710 -0.317557 -0.058041
v 0.583083 -0.251620 -0.061679
v 0.518792 -0.222620 -0.340202
v 0.458275 -0.277900 -0.327601
v 0.605978 -0.177950 -0.176604
v 0.604117 -0.217562 -0.090915
v 0.482678 -0.377788 0.222074
v 0.522728 -0.335549 0.144134
v 0.461636 -0.412247 0.196549
v 0.497950 -0.369960 0.119332
v 0.538532 -0.257205 0.290077
v 0.590496 -0.224264 0.214368
v 0.554770 -0.213508 0.311950
v 0.605192 -0.182786 0.238533
v 0.487229 -0.339754 0.296747
v 0.451499 -0.417987 0.250202
v 0.453589 -0.382150 0.326913
v 0.580122 -0.263244 0.141933
v 0.528043 -0.332206 0.093946
v 0.586201 -0.261869 0.092274
v 0.519263 -0.251451 0.338563
v 0.468364 -0.337285 0.347559
v 0.620576 -0.187353 0.189721
v 0.609749 -0.227018 0.116094
v 0.048621 -0.084967 0.740690
v -0.048641 -0.084949 0.740801
v 0.049210 -0.141023 0.765651
v -0.049066 -0.141281 0.764922
v 0.047172 0.077423 0.685832
v -0.047046 0.077254 0.686036
v 0.045949 0.130060 0.676596
v -0.045957 0.130179 0.676565
v 0.095747 -0.003842 0.699848
v 0.098073 -0.114199 0.733895
v 0.144090 -0.030408 0.696049
v -0.095973 -0.003641 0.699667
v -0.097436 -0.114368 0.733639
v -0.144375 -0.030212 0.696563
v 0.092999 0.103552 0.675178
v 0.143128 0.024453 0.683656
v -0.093051 0.103077 0.675298
v -0.143045 0.024452 0.683540
v 0.307447 -0.322938 0.614381
v 0.273671 -0.231676 0.648453
v 0.274143 -0.365346 0.651782
v 0.233143 -0.266458 0.678122
v 0.418908 -0.202353 0.516685
v 0.398526 -0.126470 0.565373
v 0.459832 -0.165994 0.489365
v 0.442050 -0.093536 0.541490
v 0.372924 -0.300841 0.538581
v 0.308503 -0.392902 0.616873
v 0.366642 -0.361514 0.531082
v 0.447780 -0.219389 0.475285
v 0.400103 -0.315432 0.493813
v 0.319028 -0.136607 0.622500
v 0.234815 -0.203070 0.678407
v 0.279415 -0.111134 0.649199
v 0.409267 -0.071337 0.575893
v 0.323359 -0.079549 0.624661
v -0.307495 -0.323210 0.613943
v -0.273348 -0.231462 0.647884
v -0.274052 -0.364949 0.651546
v -0.232872 -0.266407 0.677181
v -0.419056 -0.202293 0.516603
v -0.398400 -0.126629 0.565510
v -0.459396 -0.166605 0.489287
v -0.442571 -0.093649 0.541752
v -0.373148 -0.300504 0.538168
v -0.308940 -0.392321 0.616638
v -0.366600 -0.361492 0.530739
v -0.447969 -0.219073 0.475148
v -0.400107 -0.315135 0.494080
v -0.319293 -0.136675 0.622437
v -0.234575 -0.202981 0.677962
v -0.279215 -0.110912 0.648906
v -0.409134 -0.071302 0.575916
v -0.323759 -0.079298 0.625186
v 0.294318 0.254951 0.569095
v 0.264804 0.199329 0.609295
v 0.248005 0.270699 0.582602
v 0.219455 0.224634 0.623605
v 0.423984 0.187029 0.512951
v 0.399141 0.122139 0.558975
v 0.463514 0.158564 0.489470
v 0.443193 0.095452 0.540428
v 0.373544 0.251077 0.518532
v 0.282990 0.280726 0.549493
v 0.361207 0.277101 0.495780
v 0.454261 0.201662 0.473635
v 0.404736 0.261737 0.478076
v 0.316854 0.126636 0.604483
v 0.225934 0.180156 0.633388
v 0.277676 0.104771 0.630679
v 0.407589 0.075192 0.570434
v 0.323119 0.078469 0.615229
v -0.294321 0.254943 0.569092
v -0.264838 0.199405 0.609375
v -0.247997 0.270711 0.582591
v -0.219475 0.224624 0.623590
v -0.423982 0.187018 0.512919
v -0.399214 0.122273 0.559152
v -0.463731 0.158544 0.489331
v -0.443035 0.095560 0.540214
v -0.373558 0.251067 0.518548
v -0.282997 0.280751 0.549473
v -0.361179 0.277118 0.495768
v -0.454253 0.201603 0.473605
v -0.404712 0.261757 0.478067
v -0.316500 0.126751 0.604069
v -0.225951 0.180177 0.633415
v -0.277774 0.104830 0.630941
v -0.407530 0.075162 0.570457
v -0.323131 0.078387 0.615277
v 0.047415 -0.069854 -0.685597
v -0.047347 -0.069743 -0.685902
v 0.046079 -0.126209 -0.671353
v -0.046025 -0.126498 -0.670871
v 0.054712 0.101470 -0.772367
v -0.055242 0.099716 -0.777420
v 0.057436 0.159288 -0.799269
v -0.057467 0.157794 -0.802236
v 0.100457 0.015545 -0.720775
v 0.092889 -0.098208 -0.674464
v 0.146082 -0.012774 -0.698216
v -0.100465 0.015094 -0.722013
v -0.092864 -0.098434 -0.674193
v -0.145912 -0.012360 -0.698034
v 0.113115 0.129652 -0.796359
v 0.153728 0.043775 -0.729493
v -0.114435 0.124132 -0.810967
v -0.153554 0.043282 -0.731262
v 0.288399 -0.243526 -0.567664
v 0.261828 -0.199651 -0.605671
v 0.241976 -0.258375 -0.579196
v 0.215460 -0.220539 -0.617576
v 0.416098 -0.181564 -0.512894
v 0.389272 -0.119213 -0.553536
v 0.454694 -0.156012 -0.490322
v 0.428177 -0.091021 -0.531698
v 0.364514 -0.235768 -0.517721
v 0.274561 -0.267575 -0.545817
v 0.348928 -0.262982 -0.492755
v 0.446503 -0.194616 -0.477675
v 0.392863 -0.245772 -0.477091
v 0.311439 -0.124349 -0.600072
v 0.220769 -0.175946 -0.625063
v 0.271261 -0.096579 -0.624777
v 0.394661 -0.069141 -0.563172
v 0.316723 -0.070645 -0.611698
v -0.288439 -0.243530 -0.567621
v -0.261792 -0.199800 -0.605548
v -0.241952 -0.258322 -0.579191
v -0.215425 -0.220508 -0.617520
v -0.416259 -0.181575 -0.512998
v -0.388731 -0.118866 -0.553239
v -0.454851 -0.155998 -0.490360
v -0.427991 -0.090813 -0.531714
v -0.364500 -0.235839 -0.517686
v -0.274570 -0.267596 -0.545774
v -0.348958 -0.262782 -0.492822
v -0.446498 -0.194574 -0.477659
v -0.392852 -0.245753 -0.477138
v -0.311261 -0.124479 -0.599986
v -0.220797 -0.175631 -0.624971
v -0.271346 -0.097046 -0.624763
v -0.394592 -0.068683 -0.563028
v -0.316318 -0.070487 -0.611506
v 0.305842 0.308039 -0.631069
v 0.295507 0.235401 -0.705591
v 0.266577 0.344245 -0.658870
v 0.255420 0.270852 -0.738590
v 0.424756 0.197894 -0.540417
v 0.415736 0.131211 -0.603419
v 0.464289 0.163143 -0.510719
v 0.453699 0.100282 -0.569152
v 0.369580 0.287471 -0.550810
v 0.292635 0.364116 -0.609599
v 0.354341 0.342773 -0.530332
v 0.448978 0.211526 -0.492562
v 0.392318 0.302138 -0.500916
v 0.346483 0.147541 -0.680615
v 0.270301 0.216590 -0.764949
v 0.304590 0.124678 -0.709254
v 0.414917 0.082240 -0.598350
v 0.339365 0.092251 -0.664324
v -0.306402 0.307987 -0.631122
v -0.295390 0.235555 -0.705696
v -0.266464 0.344012 -0.659022
v -0.255870 0.271127 -0.739113
v -0.424629 0.198198 -0.540179
v -0.415760 0.131195 -0.603620
v -0.464156 0.163213 -0.510609
v -0.453532 0.100248 -0.569248
v -0.369295 0.287439 -0.550872
v -0.292158 0.364137 -0.609336
v -0.354213 0.343182 -0.530441
v -0.448665 0.211997 -0.492112
v -0.391985 0.301791 -0.500581
v -0.346218 0.147515 -0.680692
v -0.270355 0.216679 -0.764827
v -0.304537 0.124363 -0.708996
v -0.415136 0.082127 -0.598598
v -0.340308 0.092478 -0.664815
v 0.696061 0.036250 -0.066646
v 0.691730 -0.037287 -0.066890
v 0.682114 0.035312 -0.122574
v 0.677555 -0.036455 -0.122661
v 0.703292 0.037133 0.091726
v 0.700968 -0.037634 0.091615
v 0.698197 0.036531 0.144096
v 0.696265 -0.036788 0.143859
v 0.696041 0.074359 0.013278
v 0.678964 0.071785 -0.094240
v 0.677842 0.111514 -0.012634
v 0.688750 0.074196 0.117487
v 0.676959 0.112264 0.039485
v 0.691171 -0.076526 0.013063
v 0.671633 -0.074231 -0.094707
v 0.672762 -0.115024 -0.013265
v 0.685257 -0.075182 0.116932
v 0.673440 -0.114996 0.038915
v -0.696037 0.036225 -0.066597
v -0.691772 -0.037206 -0.066839
v -0.682110 0.035315 -0.122528
v -0.677556 -0.036420 -0.122609
v -0.703276 0.037142 0.091748
v -0.700965 -0.037686 0.091590
v -0.698181 0.036547 0.144117
v -0.696238 -0.036767 0.143852
v -0.696051 0.074300 0.013254
v -0.678925 0.071759 -0.094285
v -0.677814 0.111516 -0.012598
v -0.688759 0.074182 0.117486
v -0.676948 0.112249 0.039503
v -0.691142 -0.076490 0.013087
v -0.671618 -0.074105 -0.094635
v -0.672658 -0.114998 -0.013291
v -0.685213 -0.075144 0.116942
v -0.673377 -0.114940 0.038961
v -0.175459 0.480774 0.044615
v -0.204557 0.458892 0.086633
v -0.168834 0.528016 -0.126609
v -0.199907 0.538228 -0.173067
v -0.156239 0.468915 0.083983
v -0.148721 0.551532 -0.179896
v -0.353463 0.392191 0.160230
v -0.395706 0.378959 0.150501
v -0.382522 0.370263 0.197961
v -0.352286 0.493345 -0.215811
v -0.386132 0.455824 -0.188011
v -0.379016 0.482310 -0.247233
v -0.476668 0.368957 -0.022048
v -0.478544 0.361693 0.026435
v -0.508443 0.341467 0.007066
v 0.175204 0.480745 0.044578
v 0.204528 0.458526 0.086992
v 0.169326 0.528278 -0.126915
v 0.199802 0.537597 -0.173260
v 0.156165 0.468275 0.084283
v 0.149025 0.551716 -0.180310
v 0.353582 0.392275 0.160328
v 0.395751 0.379120 0.150596
v 0.382457 0.370442 0.198121
v 0.352868 0.493668 -0.218185
v 0.385958 0.456220 -0.189315
v 0.379464 0.482861 -0.249676
v 0.476534 0.368879 -0.021986
v 0.478461 0.361629 0.026621
v 0.508366 0.341495 0.007305
v -0.187627 -0.595640 0.087243
v -0.213870 -0.574310 0.144526
v -0.230825 -0.785598 -0.081345
v -0.275586 -0.787079 -0.152908
v -0.160546 -0.585617 0.150163
v -0.192900 -0.799762 -0.149458
v -0.377676 -0.511976 0.215025
v -0.412475 -0.481432 0.192762
v -0.399443 -0.487189 0.249563
v -0.369592 -0.522148 -0.178555
v -0.388119 -0.466221 -0.150143
v -0.374776 -0.459087 -0.199504
v -0.468575 -0.395203 -0.005188
v -0.473686 -0.399760 0.044333
v -0.499258 -0.361364 0.019056
v 0.187644 -0.595749 0.087361
v 0.214040 -0.574472 0.144716
v 0.228938 -0.785885 -0.081542
v 0.275089 -0.787382 -0.152931
v 0.160626 -0.585764 0.150412
v 0.190362 -0.799621 -0.149026
v 0.378017 -0.512109 0.215158
v 0.412421 -0.481295 0.192690
v 0.399504 -0.487173 0.249709
v 0.369676 -0.522603 -0.178661
v 0.387904 -0.466035 -0.150080
v 0.374788 -0.458813 -0.199662
v 0.468710 -0.395417 -0.005850
v 0.473643 -0.399907 0.043951
v 0.499536 -0.361016 0.019367
v -0.035302 -0.638177 0.623968
v 0.035130 -0.637874 0.623761
v -0.234262 -0.567797 0.697556
v -0.237681 -0.481868 0.690075
v 0.000302 -0.636153 0.570635
v -0.287422 -0.527357 0.672755
v 0.233899 -0.568146 0.697838
v 0.237441 -0.482094 0.690188
v 0.287283 -0.527766 0.672725
v 0.096774 -0.233549 0.738050
v 0.143957 -0.266020 0.719525
v -0.096749 -0.233514 0.737325
v -0.144300 -0.265788 0.720880
v 0.145420 -0.203978 0.722764
v -0.145737 -0.203841 0.723813
v -0.025114 0.344872 0.456445
v 0.025003 0.344865 0.456487
v -0.169859 0.311888 0.537707
v -0.186552 0.298326 0.567216
v 0.000050 0.359395 0.409842
v -0.219051 0.306159 0.531074
v 0.169849 0.311868 0.537736
v 0.186528 0.298315 0.567231
v 0.219045 0.306147 0.531106
v 0.088764 0.202484 0.659541
v 0.131730 0.225203 0.648108
v -0.088758 0.202601 0.659555
v -0.131749 0.225221 0.648098
v 0.135695 0.178895 0.655300
v -0.135675 0.179151 0.655422
v -0.023777 -0.397771 -0.441207
v 0.023560 -0.398008 -0.440905
v -0.159153 -0.320152 -0.518286
v -0.178664 -0.292295 -0.558158
v 0.000278 -0.434022 -0.402147
v -0.206430 -0.309311 -0.514094
v 0.159229 -0.320423 -0.518132
v 0.178761 -0.292155 -0.558191
v 0.206528 -0.308847 -0.514442
v 0.089051 -0.212758 -0.655282
v 0.129662 -0.227874 -0.643784
v -0.089037 -0.212581 -0.655360
v -0.129709 -0.227992 -0.643798
v 0.134018 -0.185661 -0.650143
v -0.133742 -0.185174 -0.650262
v -0.034748 0.637388 -0.607316
v 0.035118 0.637405 -0.607238
v -0.207025 0.499201 -0.649933
v -0.216898 0.438013 -0.666291
v 0.000155 0.677778 -0.568400
v -0.242684 0.461117 -0.618947
v 0.207126 0.499317 -0.649702
v 0.217303 0.438167 -0.665726
v 0.242489 0.460752 -0.618688
v 0.114478 0.247611 -0.807232
v 0.164701 0.275364 -0.786208
v -0.114596 0.247493 -0.807466
v -0.164740 0.275507 -0.786151
v 0.173931 0.220416 -0.813980
v -0.173992 0.220377 -0.813809
v 0.549197 0.151315 -0.390641
v 0.526388 0.142059 -0.436868
v 0.630336 0.100188 -0.233296
v 0.651127 0.067458 -0.206624
v 0.513252 0.186160 -0.417351
v 0.643478 0.103764 -0.177654
v 0.538825 -0.151571 -0.383573
v 0.515081 -0.140338 -0.426021
v 0.624314 -0.103615 -0.232390
v 0.644097 -0.069703 -0.205575
v 0.507659 -0.179645 -0.410455
v 0.637151 -0.107119 -0.177512
v 0.473559 -0.019075 -0.518709
v 0.480778 0.026346 -0.527126
v 0.440966 0.005304 -0.551725
v 0.553457 0.157054 0.383174
v 0.528369 0.144201 0.425022
v 0.648237 0.105180 0.242115
v 0.675690 0.070159 0.219252
v 0.519779 0.187943 0.408037
v 0.662305 0.108971 0.193244
v 0.551205 -0.160038 0.379504
v 0.527178 -0.147601 0.422525
v 0.647655 -0.105533 0.240418
v 0.673852 -0.070261 0.218390
v 0.514834 -0.195447 0.404786
v 0.660273 -0.109733 0.191761
v 0.494397 -0.016945 0.528660
v 0.493737 0.025627 0.528652
v 0.456862 0.004765 0.556301
v -0.549179 0.151343 -0.390778
v -0.526337 0.141883 -0.436977
v -0.630260 0.100088 -0.233458
v -0.651118 0.067423 -0.206566
v -0.513185 0.185912 -0.417262
v -0.643424 0.103729 -0.177856
v -0.538879 -0.151751 -0.383649
v -0.515081 -0.140454 -0.425989
v -0.623852 -0.103605 -0.232274
v -0.644214 -0.069776 -0.205686
v -0.507638 -0.179649 -0.410507
v -0.636869 -0.106962 -0.177432
v -0.473528 -0.019002 -0.518783
v -0.480758 0.026373 -0.527265
v -0.441184 0.005297 -0.551740
v -0.553458 0.157044 0.383211
v -0.528231 0.144049 0.424854
v -0.648230 0.105100 0.242133
v -0.675686 0.070133 0.219268
v -0.519635 0.187890 0.408028
v -0.662313 0.108978 0.193265
v -0.551578 -0.160107 0.379568
v -0.526003 -0.147731 0.422444
v -0.647631 -0.105591 0.240431
v -0.673892 -0.070226 0.218364
v -0.515061 -0.196078 0.404668
v -0.660255 -0.109762 0.191717
v -0.494331 -0.016937 0.528747
v -0.493629 0.025530 0.528721
v -0.456860 0.004639 0.556373
v -0.023104 0.446371 0.167142
v 0.023060 0.446394 0.167075
v -0.000005 0.427631 0.216251
v -0.023976 0.630576 -0.298327
v 0.024357 0.630658 -0.298414
v -0.000008 0.665326 -0.351257
v -0.398909 0.313630 0.374101
v -0.374188 0.305622 0.422681
v -0.418085 0.294192 0.406558
v -0.376746 0.430692 -0.406537
v -0.363825 0.419446 -0.460326
v -0.394401 0.370155 -0.427798
v -0.616026 0.223430 0.015253
v -0.636750 0.186454 -0.011285
v -0.638075 0.187646 0.040407
v 0.398913 0.313616 0.374059
v 0.374200 0.305590 0.422691
v 0.418111 0.294168 0.406523
v 0.376488 0.429679 -0.406921
v 0.363629 0.418420 -0.461077
v 0.394639 0.369917 -0.427793
v 0.616037 0.223400 0.015344
v 0.636735 0.186371 -0.011233
v 0.638077 0.187616 0.040435
v -0.021553 -0.612206 0.291436
v 0.021728 -0.612257 0.291412
v 0.000271 -0.629221 0.353834
v -0.031779 -0.598278 -0.207865
v 0.031133 -0.597957 -0.207620
v -0.000350 -0.578957 -0.252252
v -0.399784 -0.426577 0.413827
v -0.380551 -0.427059 0.468866
v -0.412642 -0.377687 0.431181
v -0.370500 -0.326379 -0.355576
v -0.349198 -0.310812 -0.405299
v -0.394420 -0.289519 -0.393472
v -0.616663 -0.224531 0.015555
v -0.637846 -0.189490 -0.011626
v -0.637887 -0.190518 0.039885
v 0.399712 -0.426641 0.414072
v 0.380334 -0.427618 0.468561
v 0.412726 -0.377660 0.431589
v 0.370470 -0.326805 -0.355301
v 0.349244 -0.310896 -0.405203
v 0.394276 -0.289597 -0.393200
v 0.616603 -0.224571 0.015566
v 0.637859 -0.189392 -0.011660
v 0.637893 -0.190475 0.039846
v 0.239235 -0.026664 0.668904
v 0.239857 0.028319 0.663204
v 0.284581 0.002331 0.647917
v -0.239031 -0.026910 0.668840
v -0.239910 0.028146 0.663343
v -0.284611 0.002080 0.647932
v 0.237928 -0.013639 -0.669161
v 0.247329 0.042155 -0.696267
v 0.285245 0.012771 -0.660057
v -0.237463 -0.013843 -0.668872
v -0.246397 0.042209 -0.696427
v -0.285134 0.012807 -0.659873
f 1 647 644
f 1 644 643
f 1 643 645
f 1 645 646
f 1 646 647
f 2 649 652
f 6 672 670
f 12 702 699
f 11 696 695
f 8 679 681
f 4 662 659
f 4 659 658
f 4 658 660
f 4 660 661
f 4 661 662
f 5 666 665
f 3 654 657
f 7 673 677
f 9 685 686
f 10 692 688
f 12 701 698
f 6 669 668
f 2 650 648
f 8 682 678
f 11 697 693
f 6 671 669
f 12 700 701
f 11 694 697
f 8 680 682
f 2 651 650
f 10 690 689
f 5 663 664
f 3 655 653
f 7 676 674
f 9 687 684
f 10 691 690
f 5 667 663
f 3 656 655
f 7 675 676
f 9 683 687
f 6 668 672
f 2 648 649
f 8 678 679
f 11 693 696
f 12 698 702
f 10 688 691
f 5 665 667
f 3 657 656
f 7 677 675
f 9 686 683
f 5 664 666
f 3 653 654
f 7 674 673
f 9 684 685
f 10 689 692
f 6 670 671
f 12 699 700
f 11 695 694
f 8 681 680
f 2 652 651
f 35 837 838
f 18 735 736
f 19 742 741
f 40 868 867
f 42 880 879
f 34 832 831
f 33 827 828
f 25 778 780
f 36 844 846
f 20 749 747
f 32 819 820
f 23 765 767
f 24 773 771
f 37 850 849
f 41 876 875
f 34 833 834
f 33 826 825
f 25 779 777
f 36 845 843
f 20 748 750
f 17 729 727
f 14 711 709
f 13 706 703
f 15 718 715
f 16 724 721
f 18 737 733
f 35 839 835
f 42 882 878
f 40 870 866
f 19 744 740
f 30 807 805
f 27 789 787
f 22 762 758
f 28 797 793
f 29 802 799
f 32 821 817
f 23 766 763
f 24 774 770
f 37 852 848
f 41 874 872
f 35 838 836
f 18 736 734
f 19 741 739
f 40 867 865
f 42 879 877
f 34 831 829
f 33 828 824
f 25 780 776
f 36 846 842
f 20 747 745
f 32 820 818
f 23 767 764
f 24 771 769
f 37 849 847
f 41 875 871
f 34 834 830
f 33 825 823
f 25 777 775
f 36 843 841
f 20 750 746
f 14 714 710
f 13 707 704
f 15 719 716
f 16 725 722
f 17 732 728
f 21 755 752
f 31 814 811
f 26 784 781
f 38 857 853
f 39 862 860
f 27 792 788
f 22 759 757
f 28 796 794
f 29 803 800
f 30 810 806
f 31 815 812
f 26 785 782
f 38 856 854
f 39 863 859
f 21 754 751
f 14 712 714
f 13 705 707
f 15 717 719
f 16 723 725
f 17 730 732
f 21 753 755
f 31 816 814
f 26 786 784
f 38 858 857
f 39 861 862
f 27 791 792
f 22 761 759
f 28 795 796
f 29 801 803
f 30 808 810
f 31 813 815
f 26 783 785
f 38 855 856
f 39 864 863
f 21 756 754
f 14 709 712
f 13 703 705
f 15 715 717
f 16 721 723
f 17 727 730
f 21 751 753
f 31 812 816
f 26 782 786
f 38 854 858
f 39 859 861
f 27 787 791
f 22 758 761
f 28 793 795
f 29 799 801
f 30 805 808
f 31 811 813
f 26 781 783
f 38 853 855
f 39 860 864
f 21 752 756
f 17 728 731
f 14 710 713
f 13 704 708
f 15 716 720
f 16 722 726
f 18 734 738
f 35 836 840
f 42 877 881
f 40 865 869
f 19 739 743
f 30 806 809
f 27 788 790
f 22 757 760
f 28 794 798
f 29 800 804
f 32 818 822
f 23 764 768
f 24 769 772
f 37 847 851
f 41 871 873
f 35 835 837
f 18 733 735
f 19 740 742
f 40 866 868
f 42 878 880
f 34 830 832
f 33 823 827
f 25 775 778
f 36 841 844
f 20 746 749
f 32 817 819
f 23 763 765
f 24 770 773
f 37 848 850
f 41 872 876
f 34 829 833
f 33 824 826
f 25 776 779
f 36 842 845
f 20 745 748
f 17 731 729
f 14 713 711
f 13 708 706
f 15 720 718
f 16 726 724
f 18 738 737
f 35 840 839
f 42 881 882
f 40 869 870
f 19 743 744
f 30 809 807
f 27 790 789
f 22 760 762
f 28 798 797
f 29 804 802
f 32 822 821
f 23 768 766
f 24 772 774
f 37 851 852
f 41 873 874
f 107 1269 1270
f 103 1245 1246
f 104 1252 1251
f 110 1288 1287
f 113 1306 1305
f 118 1336 1335
f 154 1551 1552
f 141 1473 1474
f 162 1599 1600
f 121 1354 1353
f 142 1479 1480
f 129 1401 1402
f 130 1408 1407
f 144 1492 1491
f 146 1504 1503
f 151 1533 1534
f 131 1414 1413
f 136 1444 1443
f 161 1594 1593
f 126 1383 1384
f 116 1323 1324
f 108 1275 1276
f 106 1263 1264
f 112 1299 1300
f 115 1317 1318
f 119 1341 1342
f 156 1564 1563
f 139 1462 1461
f 160 1588 1587
f 120 1347 1348
f 149 1521 1522
f 132 1420 1419
f 128 1395 1396
f 145 1497 1498
f 148 1515 1516
f 155 1557 1558
f 133 1425 1426
f 134 1431 1432
f 157 1570 1569
f 124 1372 1371
f 109 1282 1281
f 105 1258 1257
f 111 1294 1293
f 114 1312 1311
f 117 1330 1329
f 125 1378 1377
f 152 1540 1539
f 137 1449 1450
f 158 1575 1576
f 123 1365 1366
f 143 1486 1485
f 127 1390 1389
f 135 1437 1438
f 147 1510 1509
f 150 1528 1527
f 153 1546 1545
f 140 1468 1467
f 138 1455 1456
f 159 1581 1582
f 122 1359 1360
f 107 1272 1271
f 103 1248 1247
f 104 1253 1254
f 110 1289 1290
f 113 1307 1308
f 118 1337 1338
f 154 1554 1553
f 141 1476 1475
f 162 1602 1601
f 121 1355 1356
f 142 1482 1481
f 129 1404 1403
f 130 1409 1410
f 144 1493 1494
f 146 1505 1506
f 151 1536 1535
f 131 1415 1416
f 136 1445 1446
f 161 1595 1596
f 126 1386 1385
f 47 909 907
f 44 891 889
f 43 886 883
f 45 898 895
f 46 904 901
f 49 922 919
f 72 1060 1057
f 102 1240 1237
f 96 1204 1201
f 79 1102 1099
f 62 999 997
f 59 981 979
f 58 976 973
f 60 988 985
f 61 994 991
f 66 1024 1021
f 54 952 949
f 73 1066 1063
f 85 1138 1135
f 92 1179 1177
f 101 1233 1231
f 69 1041 1039
f 50 927 925
f 82 1119 1117
f 97 1209 1207
f 71 1053 1051
f 100 1228 1225
f 94 1192 1189
f 80 1108 1105
f 51 933 931
f 90 1167 1165
f 63 1005 1003
f 55 957 955
f 76 1083 1081
f 87 1150 1147
f 91 1174 1171
f 67 1029 1027
f 56 963 961
f 75 1077 1075
f 83 1126 1123
f 68 1036 1033
f 48 915 913
f 78 1095 1093
f 93 1185 1183
f 98 1216 1213
f 88 1155 1153
f 65 1018 1015
f 57 970 967
f 77 1090 1087
f 86 1143 1141
f 64 1012 1009
f 53 945 943
f 74 1071 1069
f 84 1131 1129
f 89 1162 1159
f 70 1047 1045
f 99 1221 1219
f 95 1197 1195
f 81 1114 1111
f 52 940 937
f 109 1284 1280
f 105 1260 1256
f 111 1296 1292
f 114 1314 1310
f 117 1332 1328
f 125 1380 1376
f 152 1542 1538
f 137 1451 1447
f 158 1577 1573
f 123 1367 1363
f 143 1488 1484
f 127 1392 1388
f 135 1439 1435
f 147 1512 1508
f 150 1530 1526
f 153 1548 1544
f 140 1470 1466
f 138 1457 1453
f 159 1583 1579
f 122 1361 1357
f 107 1270 1268
f 103 1246 1244
f 104 1251 1249
f 110 1287 1285
f 113 1305 1303
f 118 1335 1333
f 154 1552 1550
f 141 1474 1472
f 162 1600 1598
f 121 1353 1351
f 142 1480 1478
f 129 1402 1400
f 130 1407 1405
f 144 1491 1489
f 146 1503 1501
f 151 1534 1532
f 131 1413 1411
f 136 1443 1441
f 161 1593 1591
f 126 1384 1382
f 116 1324 1322
f 108 1276 1274
f 106 1264 1262
f 112 1300 1298
f 115 1318 1316
f 119 1342 1340
f 156 1563 1561
f 139 1461 1459
f 160 1587 1585
f 120 1348 1346
f 149 1522 1520
f 132 1419 1417
f 128 1396 1394
f 145 1498 1496
f 148 1516 1514
f 155 1558 1556
f 133 1426 1424
f 134 1432 1430
f 157 1569 1567
f 124 1371 1369
f 109 1281 1279
f 105 1257 1255
f 111 1293 1291
f 114 1311 1309
f 117 1329 1327
f 125 1377 1375
f 152 1539 1537
f 137 1450 1448
f 158 1576 1574
f 123 1366 1364
f 143 1485 1483
f 127 1389 1387
f 135 1438 1436
f 147 1509 1507
f 150 1527 1525
f 153 1545 1543
f 140 1467 1465
f 138 1456 1454
f 159 1582 1580
f 122 1360 1358
f 107 1271 1267
f 103 1247 1243
f 104 1254 1250
f 110 1290 1286
f 113 1308 1304
f 118 1338 1334
f 154 1553 1549
f 141 1475 1471
f 162 1601 1597
f 121 1356 1352
f 142 1481 1477
f 129 1403 1399
f 130 1410 1406
f 144 1494 1490
f 146 1506 1502
f 151 1535 1531
f 131 1416 1412
f 136 1446 1442
f 161 1596 1592
f 126 1385 1381
f 44 894 890
f 43 887 884
f 45 899 896
f 46 905 902
f 47 912 908
f 52 941 938
f 70 1050 1046
f 99 1224 1220
f 95 1200 1196
f 81 1115 1112
f 59 984 980
f 58 977 974
f 60 989 986
f 61 995 992
f 62 1002 998
f 65 1019 1016
f 57 971 968
f 77 1091 1088
f 86 1146 1142
f 88 1158 1154
f 98 1217 1214
f 68 1037 1034
f 48 918 914
f 78 1098 1094
f 93 1188 1184
f 69 1044 1040
f 101 1236 1232
f 97 1212 1208
f 82 1122 1118
f 50 930 926
f 89 1163 1160
f 64 1013 1010
f 53 948 944
f 74 1074 1070
f 84 1134 1130
f 90 1170 1166
f 63 1008 1004
f 55 960 956
f 76 1086 1082
f 87 1151 1148
f 72 1061 1058
f 49 923 920
f 79 1103 1100
f 96 1205 1202
f 102 1241 1238
f 91 1175 1172
f 67 1032 1028
f 56 966 962
f 75 1080 1076
f 83 1127 1124
f 66 1025 1022
f 54 953 950
f 73 1067 1064
f 85 1139 1136
f 92 1182 1178
f 71 1056 1052
f 100 1229 1226
f 94 1193 1190
f 80 1109 1106
f 51 936 932
f 116 1325 1321
f 108 1277 1273
f 106 1265 1261
f 112 1301 1297
f 115 1319 1315
f 119 1343 1339
f 156 1566 1562
f 139 1464 1460
f 160 1590 1586
f 120 1349 1345
f 149 1523 1519
f 132 1422 1418
f 128 1397 1393
f 145 1499 1495
f 148 1517 1513
f 155 1559 1555
f 133 1427 1423
f 134 1433 1429
f 157 1572 1568
f 124 1374 1370
f 44 892 894
f 43 885 887
f 45 897 899
f 46 903 905
f 47 910 912
f 52 939 941
f 70 1048 1050
f 99 1222 1224
f 95 1198 1200
f 81 1113 1115
f 59 982 984
f 58 975 977
f 60 987 989
f 61 993 995
f 62 1000 1002
f 65 1017 1019
f 57 969 971
f 77 1089 1091
f 86 1144 1146
f 88 1156 1158
f 98 1215 1217
f 68 1035 1037
f 48 916 918
f 78 1096 1098
f 93 1186 1188
f 69 1042 1044
f 101 1234 1236
f 97 1210 1212
f 82 1120 1122
f 50 928 930
f 89 1161 1163
f 64 1011 1013
f 53 946 948
f 74 1072 1074
f 84 1132 1134
f 90 1168 1170
f 63 1006 1008
f 55 958 960
f 76 1084 1086
f 87 1149 1151
f 72 1059 1061
f 49 921 923
f 79 1101 1103
f 96 1203 1205
f 102 1239 1241
f 91 1173 1175
f 67 1030 1032
f 56 964 966
f 75 1078 1080
f 83 1125 1127
f 66 1023 1025
f 54 951 953
f 73 1065 1067
f 85 1137 1139
f 92 1180 1182
f 71 1054 1056
f 100 1227 1229
f 94 1191 1193
f 80 1107 1109
f 51 934 936
f 116 1326 1325
f 108 1278 1277
f 106 1266 1265
f 112 1302 1301
f 115 1320 1319
f 119 1344 1343
f 156 1565 1566
f 139 1463 1464
f 160 1589 1590
f 120 1350 1349
f 149 1524 1523
f 132 1421 1422
f 128 1398 1397
f 145 1500 1499
f 148 1518 1517
f 155 1560 1559
f 133 1428 1427
f 134 1434 1433
f 157 1571 1572
f 124 1373 1374
f 44 889 892
f 43 883 885
f 45 895 897
f 46 901 903
f 47 907 910
f 52 937 939
f 70 1045 1048
f 99 1219 1222
f 95 1195 1198
f 81 1111 1113
f 59 979 982
f 58 973 975
f 60 985 987
f 61 991 993
f 62 997 1000
f 65 1015 1017
f 57 967 969
f 77 1087 1089
f 86 1141 1144
f 88 1153 1156
f 98 1213 1215
f 68 1033 1035
f 48 913 916
f 78 1093 1096
f 93 1183 1186
f 69 1039 1042
f 101 1231 1234
f 97 1207 1210
f 82 1117 1120
f 50 925 928
f 89 1159 1161
f 64 1009 1011
f 53 943 946
f 74 1069 1072
f 84 1129 1132
f 90 1165 1168
f 63 1003 1006
f 55 955 958
f 76 1081 1084
f 87 1147 1149
f 72 1057 1059
f 49 919 921
f 79 1099 1101
f 96 1201 1203
f 102 1237 1239
f 91 1171 1173
f 67 1027 1030
f 56 961 964
f 75 1075 1078
f 83 1123 1125
f 66 1021 1023
f 54 949 951
f 73 1063 1065
f 85 1135 1137
f 92 1177 1180
f 71 1051 1054
f 100 1225 1227
f 94 1189 1191
f 80 1105 1107
f 51 931 934
f 116 1322 1326
f 108 1274 1278
f 106 1262 1266
f 112 1298 1302
f 115 1316 1320
f 119 1340 1344
f 156 1561 1565
f 139 1459 1463
f 160 1585 1589
f 120 1346 1350
f 149 1520 1524
f 132 1417 1421
f 128 1394 1398
f 145 1496 1500
f 148 1514 1518
f 155 1556 1560
f 133 1424 1428
f 134 1430 1434
f 157 1567 1571
f 124 1369 1373
f 47 908 911
f 44 890 893
f 43 884 888
f 45 896 900
f 46 902 906
f 49 920 924
f 72 1058 1062
f 102 1238 1242
f 96 1202 1206
f 79 1100 1104
f 62 998 1001
f 59 980 983
f 58 974 978
f 60 986 990
f 61 992 996
f 66 1022 1026
f 54 950 954
f 73 1064 1068
f 85 1136 1140
f 92 1178 1181
f 101 1232 1235
f 69 1040 1043
f 50 926 929
f 82 1118 1121
f 97 1208 1211
f 71 1052 1055
f 100 1226 1230
f 94 1190 1194
f 80 1106 1110
f 51 932 935
f 90 1166 1169
f 63 1004 1007
f 55 956 959
f 76 1082 1085
f 87 1148 1152
f 91 1172 1176
f 67 1028 1031
f 56 962 965
f 75 1076 1079
f 83 1124 1128
f 68 1034 1038
f 48 914 917
f 78 1094 1097
f 93 1184 1187
f 98 1214 1218
f 88 1154 1157
f 65 1016 1020
f 57 968 972
f 77 1088 1092
f 86 1142 1145
f 64 1010 1014
f 53 944 947
f 74 1070 1073
f 84 1130 1133
f 89 1160 1164
f 70 1046 1049
f 99 1220 1223
f 95 1196 1199
f 81 1112 1116
f 52 938 942
f 109 1279 1283
f 105 1255 1259
f 111 1291 1295
f 114 1309 1313
f 117 1327 1331
f 125 1375 1379
f 152 1537 1541
f 137 1448 1452
f 158 1574 1578
f 123 1364 1368
f 143 1483 1487
f 127 1387 1391
f 135 1436 1440
f 147 1507 1511
f 150 1525 1529
f 153 1543 1547
f 140 1465 1469
f 138 1454 1458
f 159 1580 1584
f 122 1358 1362
f 107 1267 1269
f 103 1243 1245
f 104 1250 1252
f 110 1286 1288
f 113 1304 1306
f 118 1334 1336
f 154 1549 1551
f 141 1471 1473
f 162 1597 1599
f 121 1352 1354
f 142 1477 1479
f 129 1399 1401
f 130 1406 1408
f 144 1490 1492
f 146 1502 1504
f 151 1531 1533
f 131 1412 1414
f 136 1442 1444
f 161 1592 1594
f 126 1381 1383
f 116 1321 1323
f 108 1273 1275
f 106 1261 1263
f 112 1297 1299
f 115 1315 1317
f 119 1339 1341
f 156 1562 1564
f 139 1460 1462
f 160 1586 1588
f 120 1345 1347
f 149 1519 1521
f 132 1418 1420
f 128 1393 1395
f 145 1495 1497
f 148 1513 1515
f 155 1555 1557
f 133 1423 1425
f 134 1429 1431
f 157 1568 1570
f 124 1370 1372
f 109 1280 1282
f 105 1256 1258
f 111 1292 1294
f 114 1310 1312
f 117 1328 1330
f 125 1376 1378
f 152 1538 1540
f 137 1447 1449
f 158 1573 1575
f 123 1363 1365
f 143 1484 1486
f 127 1388 1390
f 135 1435 1437
f 147 1508 1510
f 150 1526 1528
f 153 1544 1546
f 140 1466 1468
f 138 1453 1455
f 159 1579 1581
f 122 1357 1359
f 107 1268 1272
f 103 1244 1248
f 104 1249 1253
f 110 1285 1289
f 113 1303 1307
f 118 1333 1337
f 154 1550 1554
f 141 1472 1476
f 162 1598 1602
f 121 1351 1355
f 142 1478 1482
f 129 1400 1404
f 130 1405 1409
f 144 1489 1493
f 146 1501 1505
f 151 1532 1536
f 131 1411 1415
f 136 1441 1445
f 161 1591 1595
f 126 1382 1386
f 47 911 909
f 44 893 891
f 43 888 886
f 45 900 898
f 46 906 904
f 49 924 922
f 72 1062 1060
f 102 1242 1240
f 96 1206 1204
f 79 1104 1102
f 62 1001 999
f 59 983 981
f 58 978 976
f 60 990 988
f 61 996 994
f 66 1026 1024
f 54 954 952
f 73 1068 1066
f 85 1140 1138
f 92 1181 1179
f 101 1235 1233
f 69 1043 1041
f 50 929 927
f 82 1121 1119
f 97 1211 1209
f 71 1055 1053
f 100 1230 1228
f 94 1194 1192
f 80 1110 1108
f 51 935 933
f 90 1169 1167
f 63 1007 1005
f 55 959 957
f 76 1085 1083
f 87 1152 1150
f 91 1176 1174
f 67 1031 1029
f 56 965 963
f 75 1079 1077
f 83 1128 1126
f 68 1038 1036
f 48 917 915
f 78 1097 1095
f 93 1187 1185
f 98 1218 1216
f 88 1157 1155
f 65 1020 1018
f 57 972 970
f 77 1092 1090
f 86 1145 1143
f 64 1014 1012
f 53 947 945
f 74 1073 1071
f 84 1133 1131
f 89 1164 1162
f 70 1049 1047
f 99 1223 1221
f 95 1199 1197
f 81 1116 1114
f 52 942 940
f 109 1283 1284
f 105 1259 1260
f 111 1295 1296
f 114 1313 1314
f 117 1331 1332
f 125 1379 1380
f 152 1541 1542
f 137 1452 1451
f 158 1578 1577
f 123 1368 1367
f 143 1487 1488
f 127 1391 1392
f 135 1440 1439
f 147 1511 1512
f 150 1529 1530
f 153 1547 1548
f 140 1469 1470
f 138 1458 1457
f 159 1584 1583
f 122 1362 1361
f 407 1609 1616
f 403 1605 1608
f 404 1611 1606
f 410 1614 1612
f 413 1617 1615
f 422 1631 1624
f 486 1688 1692
f 573 1775 1782
f 561 1763 1765
f 512 1719 1714
f 452 1654 1661
f 448 1650 1653
f 449 1656 1651
f 455 1659 1657
f 458 1662 1660
f 470 1672 1675
f 437 1646 1639
f 494 1706 1696
f 531 1735 1733
f 539 1741 1751
f 568 1770 1779
f 478 1680 1683
f 419 1621 1626
f 509 1711 1721
f 554 1756 1766
f 482 1684 1689
f 576 1780 1778
f 558 1767 1760
f 516 1722 1718
f 425 1627 1629
f 542 1744 1747
f 463 1668 1665
f 434 1636 1641
f 497 1699 1704
f 528 1730 1737
f 546 1748 1750
f 464 1666 1676
f 440 1642 1644
f 500 1705 1702
f 524 1736 1726
f 479 1691 1681
f 418 1623 1620
f 508 1713 1710
f 553 1764 1755
f 569 1781 1771
f 538 1749 1740
f 471 1677 1673
f 443 1645 1647
f 501 1703 1707
f 523 1725 1734
f 467 1674 1669
f 433 1638 1635
f 493 1695 1698
f 527 1732 1729
f 543 1752 1745
f 485 1690 1687
f 572 1777 1774
f 557 1759 1762
f 515 1717 1720
f 428 1630 1632
f 591 2191 2189
f 587 1885 1883
f 588 1901 1903
f 594 2279 2281
f 597 2315 2317
f 600 2171 2173
f 634 2160 2158
f 619 2016 2012
f 639 2214 2210
f 602 1919 1924
f 624 2137 2135
f 608 1978 1973
f 610 1991 1996
f 627 2225 2227
f 630 2302 2304
f 635 2178 2176
f 615 2153 2155
f 617 2009 2014
f 637 2207 2212
f 604 1926 1922
f 416 1857 1864
f 408 1803 1810
f 406 1786 1795
f 412 1822 1831
f 415 1840 1849
f 424 1876 1887
f 492 2182 2193
f 582 2312 2321
f 565 2276 2285
f 514 1898 1907
f 461 2091 2098
f 453 2037 2044
f 451 1952 1961
f 457 2056 2067
f 460 2074 2083
f 475 2128 2139
f 439 1966 1975
f 496 1988 1997
f 533 2222 2231
f 551 2293 2298
f 579 2185 2190
f 483 1879 1884
f 426 1893 1900
f 521 2271 2278
f 566 2307 2314
f 489 2163 2170
f 578 2150 2159
f 560 2006 2015
f 518 2204 2213
f 429 1911 1918
f 547 2131 2136
f 465 1969 1977
f 441 1983 1990
f 504 2217 2224
f 537 2290 2301
f 550 2168 2177
f 476 2145 2152
f 444 2001 2008
f 502 2199 2206
f 526 1916 1925
f 481 1808 1817
f 420 1789 1797
f 510 1825 1833
f 555 1843 1851
f 571 1862 1871
f 540 1933 1941
f 473 2110 2119
f 447 2020 2029
f 507 2236 2247
f 534 2257 2262
f 469 2042 2051
f 435 1947 1954
f 498 2059 2064
f 529 2077 2085
f 545 2096 2105
f 487 2113 2121
f 574 2023 2031
f 562 2239 2244
f 520 2254 2265
f 432 1930 1939
f 589 1818 1814
f 583 1798 1793
f 586 1834 1829
f 593 1852 1847
f 596 1872 1868
f 599 1942 1937
f 633 2120 2124
f 620 2030 2034
f 640 2248 2250
f 603 2263 2261
f 622 2052 2050
f 607 1955 1960
f 612 2065 2063
f 626 2086 2081
f 629 2106 2102
f 631 2122 2117
f 614 2032 2027
f 618 2245 2243
f 641 2266 2268
f 605 1940 1944
f 409 1813 1804
f 405 1792 1785
f 411 1828 1821
f 414 1846 1839
f 417 1867 1858
f 431 1936 1929
f 488 2123 2114
f 575 2033 2024
f 563 2249 2240
f 519 2260 2253
f 454 2049 2038
f 450 1959 1951
f 456 2062 2055
f 459 2080 2073
f 462 2101 2092
f 472 2116 2109
f 446 2026 2019
f 506 2242 2235
f 535 2267 2258
f 541 1943 1934
f 570 1869 1861
f 480 1815 1807
f 421 1799 1790
f 511 1835 1826
f 556 1853 1844
f 484 1889 1880
f 580 2195 2186
f 567 2319 2308
f 522 2283 2272
f 427 1905 1894
f 544 2103 2095
f 468 2046 2041
f 436 1957 1948
f 499 2069 2060
f 530 2087 2078
f 548 2141 2132
f 466 1979 1970
f 442 1993 1984
f 505 2229 2218
f 536 2296 2289
f 491 2188 2181
f 423 1882 1875
f 513 1902 1897
f 564 2280 2275
f 581 2316 2311
f 549 2172 2167
f 477 2157 2146
f 445 2011 2002
f 503 2209 2200
f 525 1923 1915
f 474 2134 2127
f 438 1972 1965
f 495 1995 1987
f 532 2226 2221
f 552 2303 2294
f 490 2175 2164
f 577 2154 2149
f 559 2013 2005
f 517 2211 2203
f 430 1921 1912
f 590 1865 1870
f 584 1811 1816
f 585 1796 1800
f 592 1832 1836
f 595 1850 1854
f 598 1888 1890
f 636 2194 2196
f 621 2322 2320
f 642 2286 2284
f 601 1908 1906
f 623 2099 2104
f 611 2045 2047
f 609 1962 1958
f 625 2068 2070
f 628 2084 2088
f 632 2140 2142
f 613 1976 1980
f 616 1998 1994
f 638 2232 2230
f 606 2299 2297
f 407 2330 2329
f 403 2324 2323
f 404 2325 2326
f 410 2332 2333
f 413 2335 2336
f 422 2344 2345
f 486 2410 2409
f 573 2497 2496
f 561 2486 2485
f 512 2434 2435
f 452 2375 2374
f 448 2369 2368
f 449 2370 2371
f 455 2377 2378
f 458 2380 2381
f 470 2393 2392
f 437 2359 2360
f 494 2415 2416
f 531 2455 2456
f 539 2461 2460
f 568 2489 2488
f 478 2399 2398
f 419 2341 2340
f 509 2431 2430
f 554 2476 2475
f 482 2405 2404
f 576 2500 2501
f 558 2481 2482
f 516 2439 2440
f 425 2348 2347
f 542 2465 2464
f 463 2383 2384
f 434 2356 2355
f 497 2420 2419
f 528 2452 2451
f 546 2471 2470
f 464 2386 2385
f 440 2363 2362
f 500 2422 2423
f 524 2445 2446
f 479 2400 2401
f 418 2338 2339
f 508 2428 2429
f 553 2473 2474
f 569 2490 2491
f 538 2458 2459
f 471 2394 2395
f 443 2366 2365
f 501 2425 2424
f 523 2444 2443
f 467 2389 2390
f 433 2353 2354
f 493 2414 2413
f 527 2449 2450
f 543 2466 2467
f 485 2407 2408
f 572 2494 2495
f 557 2480 2479
f 515 2438 2437
f 428 2351 2350
f 591 2510 2511
f 587 2504 2505
f 588 2508 2507
f 594 2514 2513
f 597 2517 2516
f 600 2520 2519
f 634 2554 2556
f 619 2539 2540
f 639 2560 2561
f 602 2523 2521
f 624 2543 2544
f 608 2527 2529
f 610 2532 2530
f 627 2547 2546
f 630 2550 2549
f 635 2552 2553
f 615 2535 2534
f 617 2538 2536
f 637 2558 2557
f 604 2524 2525
f 167 1607 647
f 164 1603 644
f 163 1604 643
f 165 1610 645
f 166 1613 646
f 169 1622 649
f 192 1686 672
f 222 1773 702
f 216 1761 696
f 199 1712 679
f 182 1652 662
f 179 1648 659
f 178 1649 658
f 180 1655 660
f 181 1658 661
f 186 1670 666
f 174 1637 654
f 193 1694 673
f 205 1731 685
f 212 1739 692
f 221 1768 701
f 189 1678 669
f 170 1619 650
f 202 1709 682
f 217 1754 697
f 191 1682 671
f 220 1776 700
f 214 1758 694
f 200 1716 680
f 171 1625 651
f 210 1742 690
f 183 1663 663
f 175 1634 655
f 196 1697 676
f 207 1728 687
f 211 1746 691
f 187 1664 667
f 176 1640 656
f 195 1700 675
f 203 1724 683
f 188 1679 668
f 168 1618 648
f 198 1708 678
f 213 1753 693
f 218 1769 698
f 208 1738 688
f 185 1671 665
f 177 1643 657
f 197 1701 677
f 206 1723 686
f 184 1667 664
f 173 1633 653
f 194 1693 674
f 204 1727 684
f 209 1743 689
f 190 1685 670
f 219 1772 699
f 215 1757 695
f 201 1715 681
f 172 1628 652
f 357 2187 837
f 255 1881 735
f 262 1899 742
f 388 2277 868
f 400 2313 880
f 352 2169 832
f 347 2156 827
f 298 2010 778
f 364 2208 844
f 269 1917 749
f 339 2133 819
f 285 1971 765
f 293 1989 773
f 370 2223 850
f 396 2300 876
f 353 2174 833
f 346 2151 826
f 299 2007 779
f 365 2205 845
f 268 1920 748
f 249 1855 729
f 231 1801 711
f 226 1784 706
f 238 1820 718
f 244 1838 724
f 257 1874 737
f 359 2180 839
f 402 2310 882
f 390 2274 870
f 264 1896 744
f 327 2089 807
f 309 2035 789
f 282 1950 762
f 317 2054 797
f 322 2072 802
f 341 2126 821
f 286 1964 766
f 294 1986 774
f 372 2220 852
f 394 2291 874
f 358 2183 838
f 256 1877 736
f 261 1891 741
f 387 2269 867
f 399 2305 879
f 351 2161 831
f 348 2148 828
f 300 2004 780
f 366 2202 846
f 267 1909 747
f 340 2129 820
f 287 1967 767
f 291 1981 771
f 369 2215 849
f 395 2288 875
f 354 2166 834
f 345 2143 825
f 297 1999 777
f 363 2197 843
f 270 1914 750
f 234 1806 714
f 227 1787 707
f 239 1823 719
f 245 1841 725
f 252 1860 732
f 275 1931 755
f 334 2108 814
f 304 2018 784
f 377 2234 857
f 382 2255 862
f 312 2040 792
f 279 1945 759
f 316 2057 796
f 323 2075 803
f 330 2094 810
f 335 2111 815
f 305 2021 785
f 376 2237 856
f 383 2252 863
f 274 1928 754
f 232 1812 712
f 225 1791 705
f 237 1827 717
f 243 1845 723
f 250 1866 730
f 273 1935 753
f 336 2118 816
f 306 2028 786
f 378 2246 858
f 381 2259 861
f 311 2048 791
f 281 1953 761
f 315 2061 795
f 321 2079 801
f 328 2100 808
f 333 2115 813
f 303 2025 783
f 375 2241 855
f 384 2264 864
f 276 1938 756
f 229 1802 709
f 223 1783 703
f 235 1819 715
f 241 1837 721
f 247 1856 727
f 271 1927 751
f 332 2112 812
f 302 2022 782
f 374 2238 854
f 379 2251 859
f 307 2036 787
f 278 1949 758
f 313 2053 793
f 319 2071 799
f 325 2090 805
f 331 2107 811
f 301 2017 781
f 373 2233 853
f 380 2256 860
f 272 1932 752
f 248 1859 728
f 230 1805 710
f 224 1788 704
f 236 1824 716
f 242 1842 722
f 254 1878 734
f 356 2184 836
f 397 2306 877
f 385 2270 865
f 259 1892 739
f 326 2093 806
f 308 2039 788
f 277 1946 757
f 314 2058 794
f 320 2076 800
f 338 2130 818
f 284 1968 764
f 289 1982 769
f 367 2216 847
f 391 2287 871
f 355 2179 835
f 253 1873 733
f 260 1895 740
f 386 2273 866
f 398 2309 878
f 350 2165 830
f 343 2144 823
f 295 2000 775
f 361 2198 841
f 266 1913 746
f 337 2125 817
f 283 1963 763
f 290 1985 770
f 368 2219 848
f 392 2292 872
f 349 2162 829
f 344 2147 824
f 296 2003 776
f 362 2201 842
f 265 1910 745
f 251 1863 731
f 233 1809 713
f 228 1794 708
f 240 1830 720
f 246 1848 726
f 258 1886 738
f 360 2192 840
f 401 2318 881
f 389 2282 869
f 263 1904 743
f 329 2097 809
f 310 2043 790
f 280 1956 760
f 318 2066 798
f 324 2082 804
f 342 2138 822
f 288 1974 768
f 292 1992 772
f 371 2228 851
f 393 2295 873
f 409 2331 1269
f 405 2327 1245
f 411 2328 1252
f 414 2334 1288
f 417 2337 1306
f 431 2346 1336
f 488 2412 1551
f 575 2499 1473
f 563 2487 1599
f 519 2436 1354
f 454 2376 1479
f 450 2372 1401
f 456 2373 1408
f 459 2379 1492
f 462 2382 1504
f 472 2396 1533
f 446 2361 1414
f 506 2418 1444
f 535 2457 1594
f 541 2463 1383
f 570 2492 1323
f 480 2402 1275
f 421 2343 1263
f 511 2433 1299
f 556 2478 1317
f 484 2406 1341
f 580 2502 1564
f 567 2484 1462
f 522 2442 1588
f 427 2349 1347
f 544 2468 1521
f 468 2387 1420
f 436 2358 1395
f 499 2421 1497
f 530 2454 1515
f 548 2472 1557
f 466 2388 1425
f 442 2364 1431
f 505 2426 1570
f 536 2448 1372
f 491 2403 1282
f 423 2342 1258
f 513 2432 1294
f 564 2477 1312
f 581 2493 1330
f 549 2462 1378
f 477 2397 1540
f 445 2367 1449
f 503 2427 1575
f 525 2447 1365
f 474 2391 1486
f 438 2357 1390
f 495 2417 1437
f 532 2453 1510
f 552 2469 1528
f 490 2411 1546
f 577 2498 1468
f 559 2483 1455
f 517 2441 1581
f 430 2352 1359
f 590 2509 1272
f 584 2503 1248
f 585 2506 1253
f 592 2512 1289
f 595 2515 1307
f 598 2518 1337
f 636 2555 1554
f 621 2541 1476
f 642 2562 1602
f 601 2522 1355
f 623 2542 1482
f 611 2528 1404
f 609 2531 1409
f 625 2545 1493
f 628 2548 1505
f 632 2551 1536
f 613 2533 1415
f 616 2537 1445
f 638 2559 1595
f 606 2526 1386
f 407 1616 909
f 403 1608 891
f 404 1606 886
f 410 1612 898
f 413 1615 904
f 422 1624 922
f 486 1692 1060
f 573 1782 1240
f 561 1765 1204
f 512 1714 1102
f 452 1661 999
f 448 1653 981
f 449 1651 976
f 455 1657 988
f 458 1660 994
f 470 1675 1024
f 437 1639 952
f 494 1696 1066
f 531 1733 1138
f 539 1751 1179
f 568 1779 1233
f 478 1683 1041
f 419 1626 927
f 509 1721 1119
f 554 1766 1209
f 482 1689 1053
f 576 1778 1228
f 558 1760 1192
f 516 1718 1108
f 425 1629 933
f 542 1747 1167
f 463 1665 1005
f 434 1641 957
f 497 1704 1083
f 528 1737 1150
f 546 1750 1174
f 464 1676 1029
f 440 1644 963
f 500 1702 1077
f 524 1726 1126
f 479 1681 1036
f 418 1620 915
f 508 1710 1095
f 553 1755 1185
f 569 1771 1216
f 538 1740 1155
f 471 1673 1018
f 443 1647 970
f 501 1707 1090
f 523 1734 1143
f 467 1669 1012
f 433 1635 945
f 493 1698 1071
f 527 1729 1131
f 543 1745 1162
f 485 1687 1047
f 572 1774 1221
f 557 1762 1197
f 515 1720 1114
f 428 1632 940
f 591 2189 1284
f 587 1883 1260
f 588 1903 1296
f 594 2281 1314
f 597 2317 1332
f 600 2173 1380
f 634 2158 1542
f 619 2012 1451
f 639 2210 1577
f 602 1924 1367
f 624 2135 1488
f 608 1973 1392
f 610 1996 1439
f 627 2227 1512
f 630 2304 1530
f 635 2176 1548
f 615 2155 1470
f 617 2014 1457
f 637 2212 1583
f 604 1922 1361
f 416 1864 1270
f 408 1810 1246
f 406 1795 1251
f 412 1831 1287
f 415 1849 1305
f 424 1887 1335
f 492 2193 1552
f 582 2321 1474
f 565 2285 1600
f 514 1907 1353
f 461 2098 1480
f 453 2044 1402
f 451 1961 1407
f 457 2067 1491
f 460 2083 1503
f 475 2139 1534
f 439 1975 1413
f 496 1997 1443
f 533 2231 1593
f 551 2298 1384
f 579 2190 1324
f 483 1884 1276
f 426 1900 1264
f 521 2278 1300
f 566 2314 1318
f 489 2170 1342
f 578 2159 1563
f 560 2015 1461
f 518 2213 1587
f 429 1918 1348
f 547 2136 1522
f 465 1977 1419
f 441 1990 1396
f 504 2224 1498
f 537 2301 1516
f 550 2177 1558
f 476 2152 1426
f 444 2008 1432
f 502 2206 1569
f 526 1925 1371
f 481 1817 1281
f 420 1797 1257
f 510 1833 1293
f 555 1851 1311
f 571 1871 1329
f 540 1941 1377
f 473 2119 1539
f 447 2029 1450
f 507 2247 1576
f 534 2262 1366
f 469 2051 1485
f 435 1954 1389
f 498 2064 1438
f 529 2085 1509
f 545 2105 1527
f 487 2121 1545
f 574 2031 1467
f 562 2244 1456
f 520 2265 1582
f 432 1939 1360
f 589 1814 1271
f 583 1793 1247
f 586 1829 1254
f 593 1847 1290
f 596 1868 1308
f 599 1937 1338
f 633 2124 1553
f 620 2034 1475
f 640 2250 1601
f 603 2261 1356
f 622 2050 1481
f 607 1960 1403
f 612 2063 1410
f 626 2081 1494
f 629 2102 1506
f 631 2117 1535
f 614 2027 1416
f 618 2243 1446
f 641 2268 1596
f 605 1944 1385
f 409 1804 894
f 405 1785 887
f 411 1821 899
f 414 1839 905
f 417 1858 912
f 431 1929 941
f 488 2114 1050
f 575 2024 1224
f 563 2240 1200
f 519 2253 1115
f 454 2038 984
f 450 1951 977
f 456 2055 989
f 459 2073 995
f 462 2092 1002
f 472 2109 1019
f 446 2019 971
f 506 2235 1091
f 535 2258 1146
f 541 1934 1158
f 570 1861 1217
f 480 1807 1037
f 421 1790 918
f 511 1826 1098
f 556 1844 1188
f 484 1880 1044
f 580 2186 1236
f 567 2308 1212
f 522 2272 1122
f 427 1894 930
f 544 2095 1163
f 468 2041 1013
f 436 1948 948
f 499 2060 1074
f 530 2078 1134
f 548 2132 1170
f 466 1970 1008
f 442 1984 960
f 505 2218 1086
f 536 2289 1151
f 491 2181 1061
f 423 1875 923
f 513 1897 1103
f 564 2275 1205
f 581 2311 1241
f 549 2167 1175
f 477 2146 1032
f 445 2002 966
f 503 2200 1080
f 525 1915 1127
f 474 2127 1025
f 438 1965 953
f 495 1987 1067
f 532 2221 1139
f 552 2294 1182
f 490 2164 1056
f 577 2149 1229
f 559 2005 1193
f 517 2203 1109
f 430 1912 936
f 590 1870 1325
f 584 1816 1277
f 585 1800 1265
f 592 1836 1301
f 595 1854 1319
f 598 1890 1343
f 636 2196 1566
f 621 2320 1464
f 642 2284 1590
f 601 1906 1349
f 623 2104 1523
f 611 2047 1422
f 609 1958 1397
f 625 2070 1499
f 628 2088 1517
f 632 2142 1559
f 613 1980 1427
f 616 1994 1433
f 638 2230 1572
f 606 2297 1374
f 407 2329 892
f 403 2323 885
f 404 2326 897
f 410 2333 903
f 413 2336 910
f 422 2345 939
f 486 2409 1048
f 573 2496 1222
f 561 2485 1198
f 512 2435 1113
f 452 2374 982
f 448 2368 975
f 449 2371 987
f 455 2378 993
f 458 2381 1000
f 470 2392 1017
f 437 2360 969
f 494 2416 1089
f 531 2456 1144
f 539 2460 1156
f 568 2488 1215
f 478 2398 1035
f 419 2340 916
f 509 2430 1096
f 554 2475 1186
f 482 2404 1042
f 576 2501 1234
f 558 2482 1210
f 516 2440 1120
f 425 2347 928
f 542 2464 1161
f 463 2384 1011
f 434 2355 946
f 497 2419 1072
f 528 2451 1132
f 546 2470 1168
f 464 2385 1006
f 440 2362 958
f 500 2423 1084
f 524 2446 1149
f 479 2401 1059
f 418 2339 921
f 508 2429 1101
f 553 2474 1203
f 569 2491 1239
f 538 2459 1173
f 471 2395 1030
f 443 2365 964
f 501 2424 1078
f 523 2443 1125
f 467 2390 1023
f 433 2354 951
f 493 2413 1065
f 527 2450 1137
f 543 2467 1180
f 485 2408 1054
f 572 2495 1227
f 557 2479 1191
f 515 2437 1107
f 428 2350 934
f 591 2511 1326
f 587 2505 1278
f 588 2507 1266
f 594 2513 1302
f 597 2516 1320
f 600 2519 1344
f 634 2556 1565
f 619 2540 1463
f 639 2561 1589
f 602 2521 1350
f 624 2544 1524
f 608 2529 1421
f 610 2530 1398
f 627 2546 1500
f 630 2549 1518
f 635 2553 1560
f 615 2534 1428
f 617 2536 1434
f 637 2557 1571
f 604 2525 1373
f 164 1609 889
f 163 1605 883
f 165 1611 895
f 166 1614 901
f 167 1617 907
f 172 1631 937
f 190 1688 1045
f 219 1775 1219
f 215 1763 1195
f 201 1719 1111
f 179 1654 979
f 178 1650 973
f 180 1656 985
f 181 1659 991
f 182 1662 997
f 185 1672 1015
f 177 1646 967
f 197 1706 1087
f 206 1735 1141
f 208 1741 1153
f 218 1770 1213
f 188 1680 1033
f 168 1621 913
f 198 1711 1093
f 213 1756 1183
f 189 1684 1039
f 221 1780 1231
f 217 1767 1207
f 202 1722 1117
f 170 1627 925
f 209 1744 1159
f 184 1668 1009
f 173 1636 943
f 194 1699 1069
f 204 1730 1129
f 210 1748 1165
f 183 1666 1003
f 175 1642 955
f 196 1705 1081
f 207 1736 1147
f 192 1691 1057
f 169 1623 919
f 199 1713 1099
f 216 1764 1201
f 222 1781 1237
f 211 1749 1171
f 187 1677 1027
f 176 1645 961
f 195 1703 1075
f 203 1725 1123
f 186 1674 1021
f 174 1638 949
f 193 1695 1063
f 205 1732 1135
f 212 1752 1177
f 191 1690 1051
f 220 1777 1225
f 214 1759 1189
f 200 1717 1105
f 171 1630 931
f 358 2191 1322
f 256 1885 1274
f 261 1901 1262
f 387 2279 1298
f 399 2315 1316
f 351 2171 1340
f 348 2160 1561
f 300 2016 1459
f 366 2214 1585
f 267 1919 1346
f 340 2137 1520
f 287 1978 1417
f 291 1991 1394
f 369 2225 1496
f 395 2302 1514
f 354 2178 1556
f 345 2153 1424
f 297 2009 1430
f 363 2207 1567
f 270 1926 1369
f 247 1857 908
f 229 1803 890
f 223 1786 884
f 235 1822 896
f 241 1840 902
f 253 1876 920
f 355 2182 1058
f 398 2312 1238
f 386 2276 1202
f 260 1898 1100
f 325 2091 998
f 307 2037 980
f 278 1952 974
f 313 2056 986
f 319 2074 992
f 337 2128 1022
f 283 1966 950
f 290 1988 1064
f 368 2222 1136
f 392 2293 1178
f 356 2185 1232
f 254 1879 1040
f 259 1893 926
f 385 2271 1118
f 397 2307 1208
f 349 2163 1052
f 344 2150 1226
f 296 2006 1190
f 362 2204 1106
f 265 1911 932
f 338 2131 1166
f 284 1969 1004
f 289 1983 956
f 367 2217 1082
f 391 2290 1148
f 350 2168 1172
f 343 2145 1028
f 295 2001 962
f 361 2199 1076
f 266 1916 1124
f 230 1808 1034
f 224 1789 914
f 236 1825 1094
f 242 1843 1184
f 248 1862 1214
f 272 1933 1154
f 331 2110 1016
f 301 2020 968
f 373 2236 1088
f 380 2257 1142
f 308 2042 1010
f 277 1947 944
f 314 2059 1070
f 320 2077 1130
f 326 2096 1160
f 332 2113 1046
f 302 2023 1220
f 374 2239 1196
f 379 2254 1112
f 271 1930 938
f 234 1818 1279
f 227 1798 1255
f 239 1834 1291
f 245 1852 1309
f 252 1872 1327
f 275 1942 1375
f 334 2120 1537
f 304 2030 1448
f 377 2248 1574
f 382 2263 1364
f 312 2052 1483
f 279 1955 1387
f 316 2065 1436
f 323 2086 1507
f 330 2106 1525
f 335 2122 1543
f 305 2032 1465
f 376 2245 1454
f 383 2266 1580
f 274 1940 1358
f 232 1813 1267
f 225 1792 1243
f 237 1828 1250
f 243 1846 1286
f 250 1867 1304
f 273 1936 1334
f 336 2123 1549
f 306 2033 1471
f 378 2249 1597
f 381 2260 1352
f 311 2049 1477
f 281 1959 1399
f 315 2062 1406
f 321 2080 1490
f 328 2101 1502
f 333 2116 1531
f 303 2026 1412
f 375 2242 1442
f 384 2267 1592
f 276 1943 1381
f 251 1869 1321
f 233 1815 1273
f 228 1799 1261
f 240 1835 1297
f 246 1853 1315
f 258 1889 1339
f 360 2195 1562
f 401 2319 1460
f 389 2283 1586
f 263 1905 1345
f 329 2103 1519
f 310 2046 1418
f 280 1957 1393
f 318 2069 1495
f 324 2087 1513
f 342 2141 1555
f 288 1979 1423
f 292 1993 1429
f 371 2229 1568
f 393 2296 1370
f 357 2188 1280
f 255 1882 1256
f 262 1902 1292
f 388 2280 1310
f 400 2316 1328
f 352 2172 1376
f 347 2157 1538
f 298 2011 1447
f 364 2209 1573
f 269 1923 1363
f 339 2134 1484
f 285 1972 1388
f 293 1995 1435
f 370 2226 1508
f 396 2303 1526
f 353 2175 1544
f 346 2154 1466
f 299 2013 1453
f 365 2211 1579
f 268 1921 1357
f 249 1865 1268
f 231 1811 1244
f 226 1796 1249
f 238 1832 1285
f 244 1850 1303
f 257 1888 1333
f 359 2194 1550
f 402 2322 1472
f 390 2286 1598
f 264 1908 1351
f 327 2099 1478
f 309 2045 1400
f 282 1962 1405
f 317 2068 1489
f 322 2084 1501
f 341 2140 1532
f 286 1976 1411
f 294 1998 1441
f 372 2232 1591
f 394 2299 1382
f 416 2330 911
f 408 2324 893
f 406 2325 888
f 412 2332 900
f 415 2335 906
f 424 2344 924
f 492 2410 1062
f 582 2497 1242
f 565 2486 1206
f 514 2434 1104
f 461 2375 1001
f 453 2369 983
f 451 2370 978
f 457 2377 990
f 460 2380 996
f 475 2393 1026
f 439 2359 954
f 496 2415 1068
f 533 2455 1140
f 551 2461 1181
f 579 2489 1235
f 483 2399 1043
f 426 2341 929
f 521 2431 1121
f 566 2476 1211
f 489 2405 1055
f 578 2500 1230
f 560 2481 1194
f 518 2439 1110
f 429 2348 935
f 547 2465 1169
f 465 2383 1007
f 441 2356 959
f 504 2420 1085
f 537 2452 1152
f 550 2471 1176
f 476 2386 1031
f 444 2363 965
f 502 2422 1079
f 526 2445 1128
f 481 2400 1038
f 420 2338 917
f 510 2428 1097
f 555 2473 1187
f 571 2490 1218
f 540 2458 1157
f 473 2394 1020
f 447 2366 972
f 507 2425 1092
f 534 2444 1145
f 469 2389 1014
f 435 2353 947
f 498 2414 1073
f 529 2449 1133
f 545 2466 1164
f 487 2407 1049
f 574 2494 1223
f 562 2480 1199
f 520 2438 1116
f 432 2351 942
f 589 2510 1283
f 583 2504 1259
f 586 2508 1295
f 593 2514 1313
f 596 2517 1331
f 599 2520 1379
f 633 2554 1541
f 620 2539 1452
f 640 2560 1578
f 603 2523 1368
f 622 2543 1487
f 607 2527 1391
f 612 2532 1440
f 626 2547 1511
f 629 2550 1529
f 631 2552 1547
f 614 2535 1469
f 618 2538 1458
f 641 2558 1584
f 605 2524 1362
f 164 1607 1609
f 163 1603 1605
f 165 1604 1611
f 166 1610 1614
f 167 1613 1617
f 172 1622 1631
f 190 1686 1688
f 219 1773 1775
f 215 1761 1763
f 201 1712 1719
f 179 1652 1654
f 178 1648 1650
f 180 1649 1656
f 181 1655 1659
f 182 1658 1662
f 185 1670 1672
f 177 1637 1646
f 197 1694 1706
f 206 1731 1735
f 208 1739 1741
f 218 1768 1770
f 188 1678 1680
f 168 1619 1621
f 198 1709 1711
f 213 1754 1756
f 189 1682 1684
f 221 1776 1780
f 217 1758 1767
f 202 1716 1722
f 170 1625 1627
f 209 1742 1744
f 184 1663 1668
f 173 1634 1636
f 194 1697 1699
f 204 1728 1730
f 210 1746 1748
f 183 1664 1666
f 175 1640 1642
f 196 1700 1705
f 207 1724 1736
f 192 1679 1691
f 169 1618 1623
f 199 1708 1713
f 216 1753 1764
f 222 1769 1781
f 211 1738 1749
f 187 1671 1677
f 176 1643 1645
f 195 1701 1703
f 203 1723 1725
f 186 1667 1674
f 174 1633 1638
f 193 1693 1695
f 205 1727 1732
f 212 1743 1752
f 191 1685 1690
f 220 1772 1777
f 214 1757 1759
f 200 1715 1717
f 171 1628 1630
f 358 2187 2191
f 256 1881 1885
f 261 1899 1901
f 387 2277 2279
f 399 2313 2315
f 351 2169 2171
f 348 2156 2160
f 300 2010 2016
f 366 2208 2214
f 267 1917 1919
f 340 2133 2137
f 287 1971 1978
f 291 1989 1991
f 369 2223 2225
f 395 2300 2302
f 354 2174 2178
f 345 2151 2153
f 297 2007 2009
f 363 2205 2207
f 270 1920 1926
f 247 1855 1857
f 229 1801 1803
f 223 1784 1786
f 235 1820 1822
f 241 1838 1840
f 253 1874 1876
f 355 2180 2182
f 398 2310 2312
f 386 2274 2276
f 260 1896 1898
f 325 2089 2091
f 307 2035 2037
f 278 1950 1952
f 313 2054 2056
f 319 2072 2074
f 337 2126 2128
f 283 1964 1966
f 290 1986 1988
f 368 2220 2222
f 392 2291 2293
f 356 2183 2185
f 254 1877 1879
f 259 1891 1893
f 385 2269 2271
f 397 2305 2307
f 349 2161 2163
f 344 2148 2150
f 296 2004 2006
f 362 2202 2204
f 265 1909 1911
f 338 2129 2131
f 284 1967 1969
f 289 1981 1983
f 367 2215 2217
f 391 2288 2290
f 350 2166 2168
f 343 2143 2145
f 295 1999 2001
f 361 2197 2199
f 266 1914 1916
f 230 1806 1808
f 224 1787 1789
f 236 1823 1825
f 242 1841 1843
f 248 1860 1862
f 272 1931 1933
f 331 2108 2110
f 301 2018 2020
f 373 2234 2236
f 380 2255 2257
f 308 2040 2042
f 277 1945 1947
f 314 2057 2059
f 320 2075 2077
f 326 2094 2096
f 332 2111 2113
f 302 2021 2023
f 374 2237 2239
f 379 2252 2254
f 271 1928 1930
f 234 1812 1818
f 227 1791 1798
f 239 1827 1834
f 245 1845 1852
f 252 1866 1872
f 275 1935 1942
f 334 2118 2120
f 304 2028 2030
f 377 2246 2248
f 382 2259 2263
f 312 2048 2052
f 279 1953 1955
f 316 2061 2065
f 323 2079 2086
f 330 2100 2106
f 335 2115 2122
f 305 2025 2032
f 376 2241 2245
f 383 2264 2266
f 274 1938 1940
f 232 1802 1813
f 225 1783 1792
f 237 1819 1828
f 243 1837 1846
f 250 1856 1867
f 273 1927 1936
f 336 2112 2123
f 306 2022 2033
f 378 2238 2249
f 381 2251 2260
f 311 2036 2049
f 281 1949 1959
f 315 2053 2062
f 321 2071 2080
f 328 2090 2101
f 333 2107 2116
f 303 2017 2026
f 375 2233 2242
f 384 2256 2267
f 276 1932 1943
f 251 1859 1869
f 233 1805 1815
f 228 1788 1799
f 240 1824 1835
f 246 1842 1853
f 258 1878 1889
f 360 2184 2195
f 401 2306 2319
f 389 2270 2283
f 263 1892 1905
f 329 2093 2103
f 310 2039 2046
f 280 1946 1957
f 318 2058 2069
f 324 2076 2087
f 342 2130 2141
f 288 1968 1979
f 292 1982 1993
f 371 2216 2229
f 393 2287 2296
f 357 2179 2188
f 255 1873 1882
f 262 1895 1902
f 388 2273 2280
f 400 2309 2316
f 352 2165 2172
f 347 2144 2157
f 298 2000 2011
f 364 2198 2209
f 269 1913 1923
f 339 2125 2134
f 285 1963 1972
f 293 1985 1995
f 370 2219 2226
f 396 2292 2303
f 353 2162 2175
f 346 2147 2154
f 299 2003 2013
f 365 2201 2211
f 268 1910 1921
f 249 1863 1865
f 231 1809 1811
f 226 1794 1796
f 238 1830 1832
f 244 1848 1850
f 257 1886 1888
f 359 2192 2194
f 402 2318 2322
f 390 2282 2286
f 264 1904 1908
f 327 2097 2099
f 309 2043 2045
f 282 1956 1962
f 317 2066 2068
f 322 2082 2084
f 341 2138 2140
f 286 1974 1976
f 294 1992 1998
f 372 2228 2232
f 394 2295 2299
f 416 2331 2330
f 408 2327 2324
f 406 2328 2325
f 412 2334 2332
f 415 2337 2335
f 424 2346 2344
f 492 2412 2410
f 582 2499 2497
f 565 2487 2486
f 514 2436 2434
f 461 2376 2375
f 453 2372 2369
f 451 2373 2370
f 457 2379 2377
f 460 2382 2380
f 475 2396 2393
f 439 2361 2359
f 496 2418 2415
f 533 2457 2455
f 551 2463 2461
f 579 2492 2489
f 483 2402 2399
f 426 2343 2341
f 521 2433 2431
f 566 2478 2476
f 489 2406 2405
f 578 2502 2500
f 560 2484 2481
f 518 2442 2439
f 429 2349 2348
f 547 2468 2465
f 465 2387 2383
f 441 2358 2356
f 504 2421 2420
f 537 2454 2452
f 550 2472 2471
f 476 2388 2386
f 444 2364 2363
f 502 2426 2422
f 526 2448 2445
f 481 2403 2400
f 420 2342 2338
f 510 2432 2428
f 555 2477 2473
f 571 2493 2490
f 540 2462 2458
f 473 2397 2394
f 447 2367 2366
f 507 2427 2425
f 534 2447 2444
f 469 2391 2389
f 435 2357 2353
f 498 2417 2414
f 529 2453 2449
f 545 2469 2466
f 487 2411 2407
f 574 2498 2494
f 562 2483 2480
f 520 2441 2438
f 432 2352 2351
f 589 2509 2510
f 583 2503 2504
f 586 2506 2508
f 593 2512 2514
f 596 2515 2517
f 599 2518 2520
f 633 2555 2554
f 620 2541 2539
f 640 2562 2560
f 603 2522 2523
f 622 2542 2543
f 607 2528 2527
f 612 2531 2532
f 626 2545 2547
f 629 2548 2550
f 631 2551 2552
f 614 2533 2535
f 618 2537 2538
f 641 2559 2558
f 605 2526 2524
f 164 644 1607
f 163 643 1603
f 165 645 1604
f 166 646 1610
f 167 647 1613
f 172 652 1622
f 190 670 1686
f 219 699 1773
f 215 695 1761
f 201 681 1712
f 179 659 1652
f 178 658 1648
f 180 660 1649
f 181 661 1655
f 182 662 1658
f 185 665 1670
f 177 657 1637
f 197 677 1694
f 206 686 1731
f 208 688 1739
f 218 698 1768
f 188 668 1678
f 168 648 1619
f 198 678 1709
f 213 693 1754
f 189 669 1682
f 221 701 1776
f 217 697 1758
f 202 682 1716
f 170 650 1625
f 209 689 1742
f 184 664 1663
f 173 653 1634
f 194 674 1697
f 204 684 1728
f 210 690 1746
f 183 663 1664
f 175 655 1640
f 196 676 1700
f 207 687 1724
f 192 672 1679
f 169 649 1618
f 199 679 1708
f 216 696 1753
f 222 702 1769
f 211 691 1738
f 187 667 1671
f 176 656 1643
f 195 675 1701
f 203 683 1723
f 186 666 1667
f 174 654 1633
f 193 673 1693
f 205 685 1727
f 212 692 1743
f 191 671 1685
f 220 700 1772
f 214 694 1757
f 200 680 1715
f 171 651 1628
f 358 838 2187
f 256 736 1881
f 261 741 1899
f 387 867 2277
f 399 879 2313
f 351 831 2169
f 348 828 2156
f 300 780 2010
f 366 846 2208
f 267 747 1917
f 340 820 2133
f 287 767 1971
f 291 771 1989
f 369 849 2223
f 395 875 2300
f 354 834 2174
f 345 825 2151
f 297 777 2007
f 363 843 2205
f 270 750 1920
f 247 727 1855
f 229 709 1801
f 223 703 1784
f 235 715 1820
f 241 721 1838
f 253 733 1874
f 355 835 2180
f 398 878 2310
f 386 866 2274
f 260 740 1896
f 325 805 2089
f 307 787 2035
f 278 758 1950
f 313 793 2054
f 319 799 2072
f 337 817 2126
f 283 763 1964
f 290 770 1986
f 368 848 2220
f 392 872 2291
f 356 836 2183
f 254 734 1877
f 259 739 1891
f 385 865 2269
f 397 877 2305
f 349 829 2161
f 344 824 2148
f 296 776 2004
f 362 842 2202
f 265 745 1909
f 338 818 2129
f 284 764 1967
f 289 769 1981
f 367 847 2215
f 391 871 2288
f 350 830 2166
f 343 823 2143
f 295 775 1999
f 361 841 2197
f 266 746 1914
f 230 710 1806
f 224 704 1787
f 236 716 1823
f 242 722 1841
f 248 728 1860
f 272 752 1931
f 331 811 2108
f 301 781 2018
f 373 853 2234
f 380 860 2255
f 308 788 2040
f 277 757 1945
f 314 794 2057
f 320 800 2075
f 326 806 2094
f 332 812 2111
f 302 782 2021
f 374 854 2237
f 379 859 2252
f 271 751 1928
f 234 714 1812
f 227 707 1791
f 239 719 1827
f 245 725 1845
f 252 732 1866
f 275 755 1935
f 334 814 2118
f 304 784 2028
f 377 857 2246
f 382 862 2259
f 312 792 2048
f 279 759 1953
f 316 796 2061
f 323 803 2079
f 330 810 2100
f 335 815 2115
f 305 785 2025
f 376 856 2241
f 383 863 2264
f 274 754 1938
f 232 712 1802
f 225 705 1783
f 237 717 1819
f 243 723 1837
f 250 730 1856
f 273 753 1927
f 336 816 2112
f 306 786 2022
f 378 858 2238
f 381 861 2251
f 311 791 2036
f 281 761 1949
f 315 795 2053
f 321 801 2071
f 328 808 2090
f 333 813 2107
f 303 783 2017
f 375 855 2233
f 384 864 2256
f 276 756 1932
f 251 731 1859
f 233 713 1805
f 228 708 1788
f 240 720 1824
f 246 726 1842
f 258 738 1878
f 360 840 2184
f 401 881 2306
f 389 869 2270
f 263 743 1892
f 329 809 2093
f 310 790 2039
f 280 760 1946
f 318 798 2058
f 324 804 2076
f 342 822 2130
f 288 768 1968
f 292 772 1982
f 371 851 2216
f 393 873 2287
f 357 837 2179
f 255 735 1873
f 262 742 1895
f 388 868 2273
f 400 880 2309
f 352 832 2165
f 347 827 2144
f 298 778 2000
f 364 844 2198
f 269 749 1913
f 339 819 2125
f 285 765 1963
f 293 773 1985
f 370 850 2219
f 396 876 2292
f 353 833 2162
f 346 826 2147
f 299 779 2003
f 365 845 2201
f 268 748 1910
f 249 729 1863
f 231 711 1809
f 226 706 1794
f 238 718 1830
f 244 724 1848
f 257 737 1886
f 359 839 2192
f 402 882 2318
f 390 870 2282
f 264 744 1904
f 327 807 2097
f 309 789 2043
f 282 762 1956
f 317 797 2066
f 322 802 2082
f 341 821 2138
f 286 766 1974
f 294 774 1992
f 372 852 2228
f 394 874 2295
f 416 1270 2331
f 408 1246 2327
f 406 1251 2328
f 412 1287 2334
f 415 1305 2337
f 424 1335 2346
f 492 1552 2412
f 582 1474 2499
f 565 1600 2487
f 514 1353 2436
f 461 1480 2376
f 453 1402 2372
f 451 1407 2373
f 457 1491 2379
f 460 1503 2382
f 475 1534 2396
f 439 1413 2361
f 496 1443 2418
f 533 1593 2457
f 551 1384 2463
f 579 1324 2492
f 483 1276 2402
f 426 1264 2343
f 521 1300 2433
f 566 1318 2478
f 489 1342 2406
f 578 1563 2502
f 560 1461 2484
f 518 1587 2442
f 429 1348 2349
f 547 1522 2468
f 465 1419 2387
f 441 1396 2358
f 504 1498 2421
f 537 1516 2454
f 550 1558 2472
f 476 1426 2388
f 444 1432 2364
f 502 1569 2426
f 526 1371 2448
f 481 1281 2403
f 420 1257 2342
f 510 1293 2432
f 555 1311 2477
f 571 1329 2493
f 540 1377 2462
f 473 1539 2397
f 447 1450 2367
f 507 1576 2427
f 534 1366 2447
f 469 1485 2391
f 435 1389 2357
f 498 1438 2417
f 529 1509 2453
f 545 1527 2469
f 487 1545 2411
f 574 1467 2498
f 562 1456 2483
f 520 1582 2441
f 432 1360 2352
f 589 1271 2509
f 583 1247 2503
f 586 1254 2506
f 593 1290 2512
f 596 1308 2515
f 599 1338 2518
f 633 1553 2555
f 620 1475 2541
f 640 1601 2562
f 603 1356 2522
f 622 1481 2542
f 607 1403 2528
f 612 1410 2531
f 626 1494 2545
f 629 1506 2548
f 631 1535 2551
f 614 1416 2533
f 618 1446 2537
f 641 1596 2559
f 605 1385 2526
f 167 907 1616
f 164 889 1608
f 163 883 1606
f 165 895 1612
f 166 901 1615
f 169 919 1624
f 192 1057 1692
f 222 1237 1782
f 216 1201 1765
f 199 1099 1714
f 182 997 1661
f 179 979 1653
f 178 973 1651
f 180 985 1657
f 181 991 1660
f 186 1021 1675
f 174 949 1639
f 193 1063 1696
f 205 1135 1733
f 212 1177 1751
f 221 1231 1779
f 189 1039 1683
f 170 925 1626
f 202 1117 1721
f 217 1207 1766
f 191 1051 1689
f 220 1225 1778
f 214 1189 1760
f 200 1105 1718
f 171 931 1629
f 210 1165 1747
f 183 1003 1665
f 175 955 1641
f 196 1081 1704
f 207 1147 1737
f 211 1171 1750
f 187 1027 1676
f 176 961 1644
f 195 1075 1702
f 203 1123 1726
f 188 1033 1681
f 168 913 1620
f 198 1093 1710
f 213 1183 1755
f 218 1213 1771
f 208 1153 1740
f 185 1015 1673
f 177 967 1647
f 197 1087 1707
f 206 1141 1734
f 184 1009 1669
f 173 943 1635
f 194 1069 1698
f 204 1129 1729
f 209 1159 1745
f 190 1045 1687
f 219 1219 1774
f 215 1195 1762
f 201 1111 1720
f 172 937 1632
f 357 1280 2189
f 255 1256 1883
f 262 1292 1903
f 388 1310 2281
f 400 1328 2317
f 352 1376 2173
f 347 1538 2158
f 298 1447 2012
f 364 1573 2210
f 269 1363 1924
f 339 1484 2135
f 285 1388 1973
f 293 1435 1996
f 370 1508 2227
f 396 1526 2304
f 353 1544 2176
f 346 1466 2155
f 299 1453 2014
f 365 1579 2212
f 268 1357 1922
f 249 1268 1864
f 231 1244 1810
f 226 1249 1795
f 238 1285 1831
f 244 1303 1849
f 257 1333 1887
f 359 1550 2193
f 402 1472 2321
f 390 1598 2285
f 264 1351 1907
f 327 1478 2098
f 309 1400 2044
f 282 1405 1961
f 317 1489 2067
f 322 1501 2083
f 341 1532 2139
f 286 1411 1975
f 294 1441 1997
f 372 1591 2231
f 394 1382 2298
f 358 1322 2190
f 256 1274 1884
f 261 1262 1900
f 387 1298 2278
f 399 1316 2314
f 351 1340 2170
f 348 1561 2159
f 300 1459 2015
f 366 1585 2213
f 267 1346 1918
f 340 1520 2136
f 287 1417 1977
f 291 1394 1990
f 369 1496 2224
f 395 1514 2301
f 354 1556 2177
f 345 1424 2152
f 297 1430 2008
f 363 1567 2206
f 270 1369 1925
f 234 1279 1817
f 227 1255 1797
f 239 1291 1833
f 245 1309 1851
f 252 1327 1871
f 275 1375 1941
f 334 1537 2119
f 304 1448 2029
f 377 1574 2247
f 382 1364 2262
f 312 1483 2051
f 279 1387 1954
f 316 1436 2064
f 323 1507 2085
f 330 1525 2105
f 335 1543 2121
f 305 1465 2031
f 376 1454 2244
f 383 1580 2265
f 274 1358 1939
f 232 1267 1814
f 225 1243 1793
f 237 1250 1829
f 243 1286 1847
f 250 1304 1868
f 273 1334 1937
f 336 1549 2124
f 306 1471 2034
f 378 1597 2250
f 381 1352 2261
f 311 1477 2050
f 281 1399 1960
f 315 1406 2063
f 321 1490 2081
f 328 1502 2102
f 333 1531 2117
f 303 1412 2027
f 375 1442 2243
f 384 1592 2268
f 276 1381 1944
f 229 890 1804
f 223 884 1785
f 235 896 1821
f 241 902 1839
f 247 908 1858
f 271 938 1929
f 332 1046 2114
f 302 1220 2024
f 374 1196 2240
f 379 1112 2253
f 307 980 2038
f 278 974 1951
f 313 986 2055
f 319 992 2073
f 325 998 2092
f 331 1016 2109
f 301 968 2019
f 373 1088 2235
f 380 1142 2258
f 272 1154 1934
f 248 1214 1861
f 230 1034 1807
f 224 914 1790
f 236 1094 1826
f 242 1184 1844
f 254 1040 1880
f 356 1232 2186
f 397 1208 2308
f 385 1118 2272
f 259 926 1894
f 326 1160 2095
f 308 1010 2041
f 277 944 1948
f 314 1070 2060
f 320 1130 2078
f 338 1166 2132
f 284 1004 1970
f 289 956 1984
f 367 1082 2218
f 391 1148 2289
f 355 1058 2181
f 253 920 1875
f 260 1100 1897
f 386 1202 2275
f 398 1238 2311
f 350 1172 2167
f 343 1028 2146
f 295 962 2002
f 361 1076 2200
f 266 1124 1915
f 337 1022 2127
f 283 950 1965
f 290 1064 1987
f 368 1136 2221
f 392 1178 2294
f 349 1052 2164
f 344 1226 2149
f 296 1190 2005
f 362 1106 2203
f 265 932 1912
f 251 1321 1870
f 233 1273 1816
f 228 1261 1800
f 240 1297 1836
f 246 1315 1854
f 258 1339 1890
f 360 1562 2196
f 401 1460 2320
f 389 1586 2284
f 263 1345 1906
f 329 1519 2104
f 310 1418 2047
f 280 1393 1958
f 318 1495 2070
f 324 1513 2088
f 342 1555 2142
f 288 1423 1980
f 292 1429 1994
f 371 1568 2230
f 393 1370 2297
f 409 894 2329
f 405 887 2323
f 411 899 2326
f 414 905 2333
f 417 912 2336
f 431 941 2345
f 488 1050 2409
f 575 1224 2496
f 563 1200 2485
f 519 1115 2435
f 454 984 2374
f 450 977 2368
f 456 989 2371
f 459 995 2378
f 462 1002 2381
f 472 1019 2392
f 446 971 2360
f 506 1091 2416
f 535 1146 2456
f 541 1158 2460
f 570 1217 2488
f 480 1037 2398
f 421 918 2340
f 511 1098 2430
f 556 1188 2475
f 484 1044 2404
f 580 1236 2501
f 567 1212 2482
f 522 1122 2440
f 427 930 2347
f 544 1163 2464
f 468 1013 2384
f 436 948 2355
f 499 1074 2419
f 530 1134 2451
f 548 1170 2470
f 466 1008 2385
f 442 960 2362
f 505 1086 2423
f 536 1151 2446
f 491 1061 2401
f 423 923 2339
f 513 1103 2429
f 564 1205 2474
f 581 1241 2491
f 549 1175 2459
f 477 1032 2395
f 445 966 2365
f 503 1080 2424
f 525 1127 2443
f 474 1025 2390
f 438 953 2354
f 495 1067 2413
f 532 1139 2450
f 552 1182 2467
f 490 1056 2408
f 577 1229 2495
f 559 1193 2479
f 517 1109 2437
f 430 936 2350
f 590 1325 2511
f 584 1277 2505
f 585 1265 2507
f 592 1301 2513
f 595 1319 2516
f 598 1343 2519
f 636 1566 2556
f 621 1464 2540
f 642 1590 2561
f 601 1349 2521
f 623 1523 2544
f 611 1422 2529
f 609 1397 2530
f 625 1499 2546
f 628 1517 2549
f 632 1559 2553
f 613 1427 2534
f 616 1433 2536
f 638 1572 2557
f 606 1374 2525
f 407 892 1609
f 403 885 1605
f 404 897 1611
f 410 903 1614
f 413 910 1617
f 422 939 1631
f 486 1048 1688
f 573 1222 1775
f 561 1198 1763
f 512 1113 1719
f 452 982 1654
f 448 975 1650
f 449 987 1656
f 455 993 1659
f 458 1000 1662
f 470 1017 1672
f 437 969 1646
f 494 1089 1706
f 531 1144 1735
f 539 1156 1741
f 568 1215 1770
f 478 1035 1680
f 419 916 1621
f 509 1096 1711
f 554 1186 1756
f 482 1042 1684
f 576 1234 1780
f 558 1210 1767
f 516 1120 1722
f 425 928 1627
f 542 1161 1744
f 463 1011 1668
f 434 946 1636
f 497 1072 1699
f 528 1132 1730
f 546 1168 1748
f 464 1006 1666
f 440 958 1642
f 500 1084 1705
f 524 1149 1736
f 479 1059 1691
f 418 921 1623
f 508 1101 1713
f 553 1203 1764
f 569 1239 1781
f 538 1173 1749
f 471 1030 1677
f 443 964 1645
f 501 1078 1703
f 523 1125 1725
f 467 1023 1674
f 433 951 1638
f 493 1065 1695
f 527 1137 1732
f 543 1180 1752
f 485 1054 1690
f 572 1227 1777
f 557 1191 1759
f 515 1107 1717
f 428 934 1630
f 591 1326 2191
f 587 1278 1885
f 588 1266 1901
f 594 1302 2279
f 597 1320 2315
f 600 1344 2171
f 634 1565 2160
f 619 1463 2016
f 639 1589 2214
f 602 1350 1919
f 624 1524 2137
f 608 1421 1978
f 610 1398 1991
f 627 1500 2225
f 630 1518 2302
f 635 1560 2178
f 615 1428 2153
f 617 1434 2009
f 637 1571 2207
f 604 1373 1926
f 416 911 1857
f 408 893 1803
f 406 888 1786
f 412 900 1822
f 415 906 1840
f 424 924 1876
f 492 1062 2182
f 582 1242 2312
f 565 1206 2276
f 514 1104 1898
f 461 1001 2091
f 453 983 2037
f 451 978 1952
f 457 990 2056
f 460 996 2074
f 475 1026 2128
f 439 954 1966
f 496 1068 1988
f 533 1140 2222
f 551 1181 2293
f 579 1235 2185
f 483 1043 1879
f 426 929 1893
f 521 1121 2271
f 566 1211 2307
f 489 1055 2163
f 578 1230 2150
f 560 1194 2006
f 518 1110 2204
f 429 935 1911
f 547 1169 2131
f 465 1007 1969
f 441 959 1983
f 504 1085 2217
f 537 1152 2290
f 550 1176 2168
f 476 1031 2145
f 444 965 2001
f 502 1079 2199
f 526 1128 1916
f 481 1038 1808
f 420 917 1789
f 510 1097 1825
f 555 1187 1843
f 571 1218 1862
f 540 1157 1933
f 473 1020 2110
f 447 972 2020
f 507 1092 2236
f 534 1145 2257
f 469 1014 2042
f 435 947 1947
f 498 1073 2059
f 529 1133 2077
f 545 1164 2096
f 487 1049 2113
f 574 1223 2023
f 562 1199 2239
f 520 1116 2254
f 432 942 1930
f 589 1283 1818
f 583 1259 1798
f 586 1295 1834
f 593 1313 1852
f 596 1331 1872
f 599 1379 1942
f 633 1541 2120
f 620 1452 2030
f 640 1578 2248
f 603 1368 2263
f 622 1487 2052
f 607 1391 1955
f 612 1440 2065
f 626 1511 2086
f 629 1529 2106
f 631 1547 2122
f 614 1469 2032
f 618 1458 2245
f 641 1584 2266
f 605 1362 1940
f 409 1269 1813
f 405 1245 1792
f 411 1252 1828
f 414 1288 1846
f 417 1306 1867
f 431 1336 1936
f 488 1551 2123
f 575 1473 2033
f 563 1599 2249
f 519 1354 2260
f 454 1479 2049
f 450 1401 1959
f 456 1408 2062
f 459 1492 2080
f 462 1504 2101
f 472 1533 2116
f 446 1414 2026
f 506 1444 2242
f 535 1594 2267
f 541 1383 1943
f 570 1323 1869
f 480 1275 1815
f 421 1263 1799
f 511 1299 1835
f 556 1317 1853
f 484 1341 1889
f 580 1564 2195
f 567 1462 2319
f 522 1588 2283
f 427 1347 1905
f 544 1521 2103
f 468 1420 2046
f 436 1395 1957
f 499 1497 2069
f 530 1515 2087
f 548 1557 2141
f 466 1425 1979
f 442 1431 1993
f 505 1570 2229
f 536 1372 2296
f 491 1282 2188
f 423 1258 1882
f 513 1294 1902
f 564 1312 2280
f 581 1330 2316
f 549 1378 2172
f 477 1540 2157
f 445 1449 2011
f 503 1575 2209
f 525 1365 1923
f 474 1486 2134
f 438 1390 1972
f 495 1437 1995
f 532 1510 2226
f 552 1528 2303
f 490 1546 2175
f 577 1468 2154
f 559 1455 2013
f 517 1581 2211
f 430 1359 1921
f 590 1272 1865
f 584 1248 1811
f 585 1253 1796
f 592 1289 1832
f 595 1307 1850
f 598 1337 1888
f 636 1554 2194
f 621 1476 2322
f 642 1602 2286
f 601 1355 1908
f 623 1482 2099
f 611 1404 2045
f 609 1409 1962
f 625 1493 2068
f 628 1505 2084
f 632 1536 2140
f 613 1415 1976
f 616 1445 1998
f 638 1595 2232
f 606 1386 2299
f 407 909 2330
f 403 891 2324
f 404 886 2325
f 410 898 2332
f 413 904 2335
f 422 922 2344
f 486 1060 2410
f 573 1240 2497
f 561 1204 2486
f 512 1102 2434
f 452 999 2375
f 448 981 2369
f 449 976 2370
f 455 988 2377
f 458 994 2380
f 470 1024 2393
f 437 952 2359
f 494 1066 2415
f 531 1138 2455
f 539 1179 2461
f 568 1233 2489
f 478 1041 2399
f 419 927 2341
f 509 1119 2431
f 554 1209 2476
f 482 1053 2405
f 576 1228 2500
f 558 1192 2481
f 516 1108 2439
f 425 933 2348
f 542 1167 2465
f 463 1005 2383
f 434 957 2356
f 497 1083 2420
f 528 1150 2452
f 546 1174 2471
f 464 1029 2386
f 440 963 2363
f 500 1077 2422
f 524 1126 2445
f 479 1036 2400
f 418 915 2338
f 508 1095 2428
f 553 1185 2473
f 569 1216 2490
f 538 1155 2458
f 471 1018 2394
f 443 970 2366
f 501 1090 2425
f 523 1143 2444
f 467 1012 2389
f 433 945 2353
f 493 1071 2414
f 527 1131 2449
f 543 1162 2466
f 485 1047 2407
f 572 1221 2494
f 557 1197 2480
f 515 1114 2438
f 428 940 2351
f 591 1284 2510
f 587 1260 2504
f 588 1296 2508
f 594 1314 2514
f 597 1332 2517
f 600 1380 2520
f 634 1542 2554
f 619 1451 2539
f 639 1577 2560
f 602 1367 2523
f 624 1488 2543
f 608 1392 2527
f 610 1439 2532
f 627 1512 2547
f 630 1530 2550
f 635 1548 2552
f 615 1470 2535
f 617 1457 2538
f 637 1583 2558
f 604 1361 2524
f 167 1616 1607
f 164 1608 1603
f 163 1606 1604
f 165 1612 1610
f 166 1615 1613
f 169 1624 1622
f 192 1692 1686
f 222 1782 1773
f 216 1765 1761
f 199 1714 1712
f 182 1661 1652
f 179 1653 1648
f 178 1651 1649
f 180 1657 1655
f 181 1660 1658
f 186 1675 1670
f 174 1639 1637
f 193 1696 1694
f 205 1733 1731
f 212 1751 1739
f 221 1779 1768
f 189 1683 1678
f 170 1626 1619
f 202 1721 1709
f 217 1766 1754
f 191 1689 1682
f 220 1778 1776
f 214 1760 1758
f 200 1718 1716
f 171 1629 1625
f 210 1747 1742
f 183 1665 1663
f 175 1641 1634
f 196 1704 1697
f 207 1737 1728
f 211 1750 1746
f 187 1676 1664
f 176 1644 1640
f 195 1702 1700
f 203 1726 1724
f 188 1681 1679
f 168 1620 1618
f 198 1710 1708
f 213 1755 1753
f 218 1771 1769
f 208 1740 1738
f 185 1673 1671
f 177 1647 1643
f 197 1707 1701
f 206 1734 1723
f 184 1669 1667
f 173 1635 1633
f 194 1698 1693
f 204 1729 1727
f 209 1745 1743
f 190 1687 1685
f 219 1774 1772
f 215 1762 1757
f 201 1720 1715
f 172 1632 1628
f 357 2189 2187
f 255 1883 1881
f 262 1903 1899
f 388 2281 2277
f 400 2317 2313
f 352 2173 2169
f 347 2158 2156
f 298 2012 2010
f 364 2210 2208
f 269 1924 1917
f 339 2135 2133
f 285 1973 1971
f 293 1996 1989
f 370 2227 2223
f 396 2304 2300
f 353 2176 2174
f 346 2155 2151
f 299 2014 2007
f 365 2212 2205
f 268 1922 1920
f 249 1864 1855
f 231 1810 1801
f 226 1795 1784
f 238 1831 1820
f 244 1849 1838
f 257 1887 1874
f 359 2193 2180
f 402 2321 2310
f 390 2285 2274
f 264 1907 1896
f 327 2098 2089
f 309 2044 2035
f 282 1961 1950
f 317 2067 2054
f 322 2083 2072
f 341 2139 2126
f 286 1975 1964
f 294 1997 1986
f 372 2231 2220
f 394 2298 2291
f 358 2190 2183
f 256 1884 1877
f 261 1900 1891
f 387 2278 2269
f 399 2314 2305
f 351 2170 2161
f 348 2159 2148
f 300 2015 2004
f 366 2213 2202
f 267 1918 1909
f 340 2136 2129
f 287 1977 1967
f 291 1990 1981
f 369 2224 2215
f 395 2301 2288
f 354 2177 2166
f 345 2152 2143
f 297 2008 1999
f 363 2206 2197
f 270 1925 1914
f 234 1817 1806
f 227 1797 1787
f 239 1833 1823
f 245 1851 1841
f 252 1871 1860
f 275 1941 1931
f 334 2119 2108
f 304 2029 2018
f 377 2247 2234
f 382 2262 2255
f 312 2051 2040
f 279 1954 1945
f 316 2064 2057
f 323 2085 2075
f 330 2105 2094
f 335 2121 2111
f 305 2031 2021
f 376 2244 2237
f 383 2265 2252
f 274 1939 1928
f 232 1814 1812
f 225 1793 1791
f 237 1829 1827
f 243 1847 1845
f 250 1868 1866
f 273 1937 1935
f 336 2124 2118
f 306 2034 2028
f 378 2250 2246
f 381 2261 2259
f 311 2050 2048
f 281 1960 1953
f 315 2063 2061
f 321 2081 2079
f 328 2102 2100
f 333 2117 2115
f 303 2027 2025
f 375 2243 2241
f 384 2268 2264
f 276 1944 1938
f 229 1804 1802
f 223 1785 1783
f 235 1821 1819
f 241 1839 1837
f 247 1858 1856
f 271 1929 1927
f 332 2114 2112
f 302 2024 2022
f 374 2240 2238
f 379 2253 2251
f 307 2038 2036
f 278 1951 1949
f 313 2055 2053
f 319 2073 2071
f 325 2092 2090
f 331 2109 2107
f 301 2019 2017
f 373 2235 2233
f 380 2258 2256
f 272 1934 1932
f 248 1861 1859
f 230 1807 1805
f 224 1790 1788
f 236 1826 1824
f 242 1844 1842
f 254 1880 1878
f 356 2186 2184
f 397 2308 2306
f 385 2272 2270
f 259 1894 1892
f 326 2095 2093
f 308 2041 2039
f 277 1948 1946
f 314 2060 2058
f 320 2078 2076
f 338 2132 2130
f 284 1970 1968
f 289 1984 1982
f 367 2218 2216
f 391 2289 2287
f 355 2181 2179
f 253 1875 1873
f 260 1897 1895
f 386 2275 2273
f 398 2311 2309
f 350 2167 2165
f 343 2146 2144
f 295 2002 2000
f 361 2200 2198
f 266 1915 1913
f 337 2127 2125
f 283 1965 1963
f 290 1987 1985
f 368 2221 2219
f 392 2294 2292
f 349 2164 2162
f 344 2149 2147
f 296 2005 2003
f 362 2203 2201
f 265 1912 1910
f 251 1870 1863
f 233 1816 1809
f 228 1800 1794
f 240 1836 1830
f 246 1854 1848
f 258 1890 1886
f 360 2196 2192
f 401 2320 2318
f 389 2284 2282
f 263 1906 1904
f 329 2104 2097
f 310 2047 2043
f 280 1958 1956
f 318 2070 2066
f 324 2088 2082
f 342 2142 2138
f 288 1980 1974
f 292 1994 1992
f 371 2230 2228
f 393 2297 2295
f 409 2329 2331
f 405 2323 2327
f 411 2326 2328
f 414 2333 2334
f 417 2336 2337
f 431 2345 2346
f 488 2409 2412
f 575 2496 2499
f 563 2485 2487
f 519 2435 2436
f 454 2374 2376
f 450 2368 2372
f 456 2371 2373
f 459 2378 2379
f 462 2381 2382
f 472 2392 2396
f 446 2360 2361
f 506 2416 2418
f 535 2456 2457
f 541 2460 2463
f 570 2488 2492
f 480 2398 2402
f 421 2340 2343
f 511 2430 2433
f 556 2475 2478
f 484 2404 2406
f 580 2501 2502
f 567 2482 2484
f 522 2440 2442
f 427 2347 2349
f 544 2464 2468
f 468 2384 2387
f 436 2355 2358
f 499 2419 2421
f 530 2451 2454
f 548 2470 2472
f 466 2385 2388
f 442 2362 2364
f 505 2423 2426
f 536 2446 2448
f 491 2401 2403
f 423 2339 2342
f 513 2429 2432
f 564 2474 2477
f 581 2491 2493
f 549 2459 2462
f 477 2395 2397
f 445 2365 2367
f 503 2424 2427
f 525 2443 2447
f 474 2390 2391
f 438 2354 2357
f 495 2413 2417
f 532 2450 2453
f 552 2467 2469
f 490 2408 2411
f 577 2495 2498
f 559 2479 2483
f 517 2437 2441
f 430 2350 2352
f 590 2511 2509
f 584 2505 2503
f 585 2507 2506
f 592 2513 2512
f 595 2516 2515
f 598 2519 2518
f 636 2556 2555
f 621 2540 2541
f 642 2561 2562
f 601 2521 2522
f 623 2544 2542
f 611 2529 2528
f 609 2530 2531
f 625 2546 2545
f 628 2549 2548
f 632 2553 2551
f 613 2534 2533
f 616 2536 2537
f 638 2557 2559
f 606 2525 2526
f 1607 644 647
f 1603 643 644
f 1604 645 643
f 1610 646 645
f 1613 647 646
f 1622 652 649
f 1686 670 672
f 1773 699 702
f 1761 695 696
f 1712 681 679
f 1652 659 662
f 1648 658 659
f 1649 660 658
f 1655 661 660
f 1658 662 661
f 1670 665 666
f 1637 657 654
f 1694 677 673
f 1731 686 685
f 1739 688 692
f 1768 698 701
f 1678 668 669
f 1619 648 650
f 1709 678 682
f 1754 693 697
f 1682 669 671
f 1776 701 700
f 1758 697 694
f 1716 682 680
f 1625 650 651
f 1742 689 690
f 1663 664 663
f 1634 653 655
f 1697 674 676
f 1728 684 687
f 1746 690 691
f 1664 663 667
f 1640 655 656
f 1700 676 675
f 1724 687 683
f 1679 672 668
f 1618 649 648
f 1708 679 678
f 1753 696 693
f 1769 702 698
f 1738 691 688
f 1671 667 665
f 1643 656 657
f 1701 675 677
f 1723 683 686
f 1667 666 664
f 1633 654 653
f 1693 673 674
f 1727 685 684
f 1743 692 689
f 1685 671 670
f 1772 700 699
f 1757 694 695
f 1715 680 681
f 1628 651 652
f 2187 838 837
f 1881 736 735
f 1899 741 742
f 2277 867 868
f 2313 879 880
f 2169 831 832
f 2156 828 827
f 2010 780 778
f 2208 846 844
f 1917 747 749
f 2133 820 819
f 1971 767 765
f 1989 771 773
f 2223 849 850
f 2300 875 876
f 2174 834 833
f 2151 825 826
f 2007 777 779
f 2205 843 845
f 1920 750 748
f 1855 727 729
f 1801 709 711
f 1784 703 706
f 1820 715 718
f 1838 721 724
f 1874 733 737
f 2180 835 839
f 2310 878 882
f 2274 866 870
f 1896 740 744
f 2089 805 807
f 2035 787 789
f 1950 758 762
f 2054 793 797
f 2072 799 802
f 2126 817 821
f 1964 763 766
f 1986 770 774
f 2220 848 852
f 2291 872 874
f 2183 836 838
f 1877 734 736
f 1891 739 741
f 2269 865 867
f 2305 877 879
f 2161 829 831
f 2148 824 828
f 2004 776 780
f 2202 842 846
f 1909 745 747
f 2129 818 820
f 1967 764 767
f 1981 769 771
f 2215 847 849
f 2288 871 875
f 2166 830 834
f 2143 823 825
f 1999 775 777
f 2197 841 843
f 1914 746 750
f 1806 710 714
f 1787 704 707
f 1823 716 719
f 1841 722 725
f 1860 728 732
f 1931 752 755
f 2108 811 814
f 2018 781 784
f 2234 853 857
f 2255 860 862
f 2040 788 792
f 1945 757 759
f 2057 794 796
f 2075 800 803
f 2094 806 810
f 2111 812 815
f 2021 782 785
f 2237 854 856
f 2252 859 863
f 1928 751 754
f 1812 714 712
f 1791 707 705
f 1827 719 717
f 1845 725 723
f 1866 732 730
f 1935 755 753
f 2118 814 816
f 2028 784 786
f 2246 857 858
f 2259 862 861
f 2048 792 791
f 1953 759 761
f 2061 796 795
f 2079 803 801
f 2100 810 808
f 2115 815 813
f 2025 785 783
f 2241 856 855
f 2264 863 864
f 1938 754 756
f 1802 712 709
f 1783 705 703
f 1819 717 715
f 1837 723 721
f 1856 730 727
f 1927 753 751
f 2112 816 812
f 2022 786 782
f 2238 858 854
f 2251 861 859
f 2036 791 787
f 1949 761 758
f 2053 795 793
f 2071 801 799
f 2090 808 805
f 2107 813 811
f 2017 783 781
f 2233 855 853
f 2256 864 860
f 1932 756 752
f 1859 731 728
f 1805 713 710
f 1788 708 704
f 1824 720 716
f 1842 726 722
f 1878 738 734
f 2184 840 836
f 2306 881 877
f 2270 869 865
f 1892 743 739
f 2093 809 806
f 2039 790 788
f 1946 760 757
f 2058 798 794
f 2076 804 800
f 2130 822 818
f 1968 768 764
f 1982 772 769
f 2216 851 847
f 2287 873 871
f 2179 837 835
f 1873 735 733
f 1895 742 740
f 2273 868 866
f 2309 880 878
f 2165 832 830
f 2144 827 823
f 2000 778 775
f 2198 844 841
f 1913 749 746
f 2125 819 817
f 1963 765 763
f 1985 773 770
f 2219 850 848
f 2292 876 872
f 2162 833 829
f 2147 826 824
f 2003 779 776
f 2201 845 842
f 1910 748 745
f 1863 729 731
f 1809 711 713
f 1794 706 708
f 1830 718 720
f 1848 724 726
f 1886 737 738
f 2192 839 840
f 2318 882 881
f 2282 870 869
f 1904 744 743
f 2097 807 809
f 2043 789 790
f 1956 762 760
f 2066 797 798
f 2082 802 804
f 2138 821 822
f 1974 766 768
f 1992 774 772
f 2228 852 851
f 2295 874 873
f 2331 1270 1269
f 2327 1246 1245
f 2328 1251 1252
f 2334 1287 1288
f 2337 1305 1306
f 2346 1335 1336
f 2412 1552 1551
f 2499 1474 1473
f 2487 1600 1599
f 2436 1353 1354
f 2376 1480 1479
f 2372 1402 1401
f 2373 1407 1408
f 2379 1491 1492
f 2382 1503 1504
f 2396 1534 1533
f 2361 1413 1414
f 2418 1443 1444
f 2457 1593 1594
f 2463 1384 1383
f 2492 1324 1323
f 2402 1276 1275
f 2343 1264 1263
f 2433 1300 1299
f 2478 1318 1317
f 2406 1342 1341
f 2502 1563 1564
f 2484 1461 1462
f 2442 1587 1588
f 2349 1348 1347
f 2468 1522 1521
f 2387 1419 1420
f 2358 1396 1395
f 2421 1498 1497
f 2454 1516 1515
f 2472 1558 1557
f 2388 1426 1425
f 2364 1432 1431
f 2426 1569 1570
f 2448 1371 1372
f 2403 1281 1282
f 2342 1257 1258
f 2432 1293 1294
f 2477 1311 1312
f 2493 1329 1330
f 2462 1377 1378
f 2397 1539 1540
f 2367 1450 1449
f 2427 1576 1575
f 2447 1366 1365
f 2391 1485 1486
f 2357 1389 1390
f 2417 1438 1437
f 2453 1509 1510
f 2469 1527 1528
f 2411 1545 1546
f 2498 1467 1468
f 2483 1456 1455
f 2441 1582 1581
f 2352 1360 1359
f 2509 1271 1272
f 2503 1247 1248
f 2506 1254 1253
f 2512 1290 1289
f 2515 1308 1307
f 2518 1338 1337
f 2555 1553 1554
f 2541 1475 1476
f 2562 1601 1602
f 2522 1356 1355
f 2542 1481 1482
f 2528 1403 1404
f 2531 1410 1409
f 2545 1494 1493
f 2548 1506 1505
f 2551 1535 1536
f 2533 1416 1415
f 2537 1446 1445
f 2559 1596 1595
f 2526 1385 1386
f 1616 907 909
f 1608 889 891
f 1606 883 886
f 1612 895 898
f 1615 901 904
f 1624 919 922
f 1692 1057 1060
f 1782 1237 1240
f 1765 1201 1204
f 1714 1099 1102
f 1661 997 999
f 1653 979 981
f 1651 973 976
f 1657 985 988
f 1660 991 994
f 1675 1021 1024
f 1639 949 952
f 1696 1063 1066
f 1733 1135 1138
f 1751 1177 1179
f 1779 1231 1233
f 1683 1039 1041
f 1626 925 927
f 1721 1117 1119
f 1766 1207 1209
f 1689 1051 1053
f 1778 1225 1228
f 1760 1189 1192
f 1718 1105 1108
f 1629 931 933
f 1747 1165 1167
f 1665 1003 1005
f 1641 955 957
f 1704 1081 1083
f 1737 1147 1150
f 1750 1171 1174
f 1676 1027 1029
f 1644 961 963
f 1702 1075 1077
f 1726 1123 1126
f 1681 1033 1036
f 1620 913 915
f 1710 1093 1095
f 1755 1183 1185
f 1771 1213 1216
f 1740 1153 1155
f 1673 1015 1018
f 1647 967 970
f 1707 1087 1090
f 1734 1141 1143
f 1669 1009 1012
f 1635 943 945
f 1698 1069 1071
f 1729 1129 1131
f 1745 1159 1162
f 1687 1045 1047
f 1774 1219 1221
f 1762 1195 1197
f 1720 1111 1114
f 1632 937 940
f 2189 1280 1284
f 1883 1256 1260
f 1903 1292 1296
f 2281 1310 1314
f 2317 1328 1332
f 2173 1376 1380
f 2158 1538 1542
f 2012 1447 1451
f 2210 1573 1577
f 1924 1363 1367
f 2135 1484 1488
f 1973 1388 1392
f 1996 1435 1439
f 2227 1508 1512
f 2304 1526 1530
f 2176 1544 1548
f 2155 1466 1470
f 2014 1453 1457
f 2212 1579 1583
f 1922 1357 1361
f 1864 1268 1270
f 1810 1244 1246
f 1795 1249 1251
f 1831 1285 1287
f 1849 1303 1305
f 1887 1333 1335
f 2193 1550 1552
f 2321 1472 1474
f 2285 1598 1600
f 1907 1351 1353
f 2098 1478 1480
f 2044 1400 1402
f 1961 1405 1407
f 2067 1489 1491
f 2083 1501 1503
f 2139 1532 1534
f 1975 1411 1413
f 1997 1441 1443
f 2231 1591 1593
f 2298 1382 1384
f 2190 1322 1324
f 1884 1274 1276
f 1900 1262 1264
f 2278 1298 1300
f 2314 1316 1318
f 2170 1340 1342
f 2159 1561 1563
f 2015 1459 1461
f 2213 1585 1587
f 1918 1346 1348
f 2136 1520 1522
f 1977 1417 1419
f 1990 1394 1396
f 2224 1496 1498
f 2301 1514 1516
f 2177 1556 1558
f 2152 1424 1426
f 2008 1430 1432
f 2206 1567 1569
f 1925 1369 1371
f 1817 1279 1281
f 1797 1255 1257
f 1833 1291 1293
f 1851 1309 1311
f 1871 1327 1329
f 1941 1375 1377
f 2119 1537 1539
f 2029 1448 1450
f 2247 1574 1576
f 2262 1364 1366
f 2051 1483 1485
f 1954 1387 1389
f 2064 1436 1438
f 2085 1507 1509
f 2105 1525 1527
f 2121 1543 1545
f 2031 1465 1467
f 2244 1454 1456
f 2265 1580 1582
f 1939 1358 1360
f 1814 1267 1271
f 1793 1243 1247
f 1829 1250 1254
f 1847 1286 1290
f 1868 1304 1308
f 1937 1334 1338
f 2124 1549 1553
f 2034 1471 1475
f 2250 1597 1601
f 2261 1352 1356
f 2050 1477 1481
f 1960 1399 1403
f 2063 1406 1410
f 2081 1490 1494
f 2102 1502 1506
f 2117 1531 1535
f 2027 1412 1416
f 2243 1442 1446
f 2268 1592 1596
f 1944 1381 1385
f 1804 890 894
f 1785 884 887
f 1821 896 899
f 1839 902 905
f 1858 908 912
f 1929 938 941
f 2114 1046 1050
f 2024 1220 1224
f 2240 1196 1200
f 2253 1112 1115
f 2038 980 984
f 1951 974 977
f 2055 986 989
f 2073 992 995
f 2092 998 1002
f 2109 1016 1019
f 2019 968 971
f 2235 1088 1091
f 2258 1142 1146
f 1934 1154 1158
f 1861 1214 1217
f 1807 1034 1037
f 1790 914 918
f 1826 1094 1098
f 1844 1184 1188
f 1880 1040 1044
f 2186 1232 1236
f 2308 1208 1212
f 2272 1118 1122
f 1894 926 930
f 2095 1160 1163
f 2041 1010 1013
f 1948 944 948
f 2060 1070 1074
f 2078 1130 1134
f 2132 1166 1170
f 1970 1004 1008
f 1984 956 960
f 2218 1082 1086
f 2289 1148 1151
f 2181 1058 1061
f 1875 920 923
f 1897 1100 1103
f 2275 1202 1205
f 2311 1238 1241
f 2167 1172 1175
f 2146 1028 1032
f 2002 962 966
f 2200 1076 1080
f 1915 1124 1127
f 2127 1022 1025
f 1965 950 953
f 1987 1064 1067
f 2221 1136 1139
f 2294 1178 1182
f 2164 1052 1056
f 2149 1226 1229
f 2005 1190 1193
f 2203 1106 1109
f 1912 932 936
f 1870 1321 1325
f 1816 1273 1277
f 1800 1261 1265
f 1836 1297 1301
f 1854 1315 1319
f 1890 1339 1343
f 2196 1562 1566
f 2320 1460 1464
f 2284 1586 1590
f 1906 1345 1349
f 2104 1519 1523
f 2047 1418 1422
f 1958 1393 1397
f 2070 1495 1499
f 2088 1513 1517
f 2142 1555 1559
f 1980 1423 1427
f 1994 1429 1433
f 2230 1568 1572
f 2297 1370 1374
f 2329 894 892
f 2323 887 885
f 2326 899 897
f 2333 905 903
f 2336 912 910
f 2345 941 939
f 2409 1050 1048
f 2496 1224 1222
f 2485 1200 1198
f 2435 1115 1113
f 2374 984 982
f 2368 977 975
f 2371 989 987
f 2378 995 993
f 2381 1002 1000
f 2392 1019 1017
f 2360 971 969
f 2416 1091 1089
f 2456 1146 1144
f 2460 1158 1156
f 2488 1217 1215
f 2398 1037 1035
f 2340 918 916
f 2430 1098 1096
f 2475 1188 1186
f 2404 1044 1042
f 2501 1236 1234
f 2482 1212 1210
f 2440 1122 1120
f 2347 930 928
f 2464 1163 1161
f 2384 1013 1011
f 2355 948 946
f 2419 1074 1072
f 2451 1134 1132
f 2470 1170 1168
f 2385 1008 1006
f 2362 960 958
f 2423 1086 1084
f 2446 1151 1149
f 2401 1061 1059
f 2339 923 921
f 2429 1103 1101
f 2474 1205 1203
f 2491 1241 1239
f 2459 1175 1173
f 2395 1032 1030
f 2365 966 964
f 2424 1080 1078
f 2443 1127 1125
f 2390 1025 1023
f 2354 953 951
f 2413 1067 1065
f 2450 1139 1137
f 2467 1182 1180
f 2408 1056 1054
f 2495 1229 1227
f 2479 1193 1191
f 2437 1109 1107
f 2350 936 934
f 2511 1325 1326
f 2505 1277 1278
f 2507 1265 1266
f 2513 1301 1302
f 2516 1319 1320
f 2519 1343 1344
f 2556 1566 1565
f 2540 1464 1463
f 2561 1590 1589
f 2521 1349 1350
f 2544 1523 1524
f 2529 1422 1421
f 2530 1397 1398
f 2546 1499 1500
f 2549 1517 1518
f 2553 1559 1560
f 2534 1427 1428
f 2536 1433 1434
f 2557 1572 1571
f 2525 1374 1373
f 1609 892 889
f 1605 885 883
f 1611 897 895
f 1614 903 901
f 1617 910 907
f 1631 939 937
f 1688 1048 1045
f 1775 1222 1219
f 1763 1198 1195
f 1719 1113 1111
f 1654 982 979
f 1650 975 973
f 1656 987 985
f 1659 993 991
f 1662 1000 997
f 1672 1017 1015
f 1646 969 967
f 1706 1089 1087
f 1735 1144 1141
f 1741 1156 1153
f 1770 1215 1213
f 1680 1035 1033
f 1621 916 913
f 1711 1096 1093
f 1756 1186 1183
f 1684 1042 1039
f 1780 1234 1231
f 1767 1210 1207
f 1722 1120 1117
f 1627 928 925
f 1744 1161 1159
f 1668 1011 1009
f 1636 946 943
f 1699 1072 1069
f 1730 1132 1129
f 1748 1168 1165
f 1666 1006 1003
f 1642 958 955
f 1705 1084 1081
f 1736 1149 1147
f 1691 1059 1057
f 1623 921 919
f 1713 1101 1099
f 1764 1203 1201
f 1781 1239 1237
f 1749 1173 1171
f 1677 1030 1027
f 1645 964 961
f 1703 1078 1075
f 1725 1125 1123
f 1674 1023 1021
f 1638 951 949
f 1695 1065 1063
f 1732 1137 1135
f 1752 1180 1177
f 1690 1054 1051
f 1777 1227 1225
f 1759 1191 1189
f 1717 1107 1105
f 1630 934 931
f 2191 1326 1322
f 1885 1278 1274
f 1901 1266 1262
f 2279 1302 1298
f 2315 1320 1316
f 2171 1344 1340
f 2160 1565 1561
f 2016 1463 1459
f 2214 1589 1585
f 1919 1350 1346
f 2137 1524 1520
f 1978 1421 1417
f 1991 1398 1394
f 2225 1500 1496
f 2302 1518 1514
f 2178 1560 1556
f 2153 1428 1424
f 2009 1434 1430
f 2207 1571 1567
f 1926 1373 1369
f 1857 911 908
f 1803 893 890
f 1786 888 884
f 1822 900 896
f 1840 906 902
f 1876 924 920
f 2182 1062 1058
f 2312 1242 1238
f 2276 1206 1202
f 1898 1104 1100
f 2091 1001 998
f 2037 983 980
f 1952 978 974
f 2056 990 986
f 2074 996 992
f 2128 1026 1022
f 1966 954 950
f 1988 1068 1064
f 2222 1140 1136
f 2293 1181 1178
f 2185 1235 1232
f 1879 1043 1040
f 1893 929 926
f 2271 1121 1118
f 2307 1211 1208
f 2163 1055 1052
f 2150 1230 1226
f 2006 1194 1190
f 2204 1110 1106
f 1911 935 932
f 2131 1169 1166
f 1969 1007 1004
f 1983 959 956
f 2217 1085 1082
f 2290 1152 1148
f 2168 1176 1172
f 2145 1031 1028
f 2001 965 962
f 2199 1079 1076
f 1916 1128 1124
f 1808 1038 1034
f 1789 917 914
f 1825 1097 1094
f 1843 1187 1184
f 1862 1218 1214
f 1933 1157 1154
f 2110 1020 1016
f 2020 972 968
f 2236 1092 1088
f 2257 1145 1142
f 2042 1014 1010
f 1947 947 944
f 2059 1073 1070
f 2077 1133 1130
f 2096 1164 1160
f 2113 1049 1046
f 2023 1223 1220
f 2239 1199 1196
f 2254 1116 1112
f 1930 942 938
f 1818 1283 1279
f 1798 1259 1255
f 1834 1295 1291
f 1852 1313 1309
f 1872 1331 1327
f 1942 1379 1375
f 2120 1541 1537
f 2030 1452 1448
f 2248 1578 1574
f 2263 1368 1364
f 2052 1487 1483
f 1955 1391 1387
f 2065 1440 1436
f 2086 1511 1507
f 2106 1529 1525
f 2122 1547 1543
f 2032 1469 1465
f 2245 1458 1454
f 2266 1584 1580
f 1940 1362 1358
f 1813 1269 1267
f 1792 1245 1243
f 1828 1252 1250
f 1846 1288 1286
f 1867 1306 1304
f 1936 1336 1334
f 2123 1551 1549
f 2033 1473 1471
f 2249 1599 1597
f 2260 1354 1352
f 2049 1479 1477
f 1959 1401 1399
f 2062 1408 1406
f 2080 1492 1490
f 2101 1504 1502
f 2116 1533 1531
f 2026 1414 1412
f 2242 1444 1442
f 2267 1594 1592
f 1943 1383 1381
f 1869 1323 1321
f 1815 1275 1273
f 1799 1263 1261
f 1835 1299 1297
f 1853 1317 1315
f 1889 1341 1339
f 2195 1564 1562
f 2319 1462 1460
f 2283 1588 1586
f 1905 1347 1345
f 2103 1521 1519
f 2046 1420 1418
f 1957 1395 1393
f 2069 1497 1495
f 2087 1515 1513
f 2141 1557 1555
f 1979 1425 1423
f 1993 1431 1429
f 2229 1570 1568
f 2296 1372 1370
f 2188 1282 1280
f 1882 1258 1256
f 1902 1294 1292
f 2280 1312 1310
f 2316 1330 1328
f 2172 1378 1376
f 2157 1540 1538
f 2011 1449 1447
f 2209 1575 1573
f 1923 1365 1363
f 2134 1486 1484
f 1972 1390 1388
f 1995 1437 1435
f 2226 1510 1508
f 2303 1528 1526
f 2175 1546 1544
f 2154 1468 1466
f 2013 1455 1453
f 2211 1581 1579
f 1921 1359 1357
f 1865 1272 1268
f 1811 1248 1244
f 1796 1253 1249
f 1832 1289 1285
f 1850 1307 1303
f 1888 1337 1333
f 2194 1554 1550
f 2322 1476 1472
f 2286 1602 1598
f 1908 1355 1351
f 2099 1482 1478
f 2045 1404 1400
f 1962 1409 1405
f 2068 1493 1489
f 2084 1505 1501
f 2140 1536 1532
f 1976 1415 1411
f 1998 1445 1441
f 2232 1595 1591
f 2299 1386 1382
f 2330 909 911
f 2324 891 893
f 2325 886 888
f 2332 898 900
f 2335 904 906
f 2344 922 924
f 2410 1060 1062
f 2497 1240 1242
f 2486 1204 1206
f 2434 1102 1104
f 2375 999 1001
f 2369 981 983
f 2370 976 978
f 2377 988 990
f 2380 994 996
f 2393 1024 1026
f 2359 952 954
f 2415 1066 1068
f 2455 1138 1140
f 2461 1179 1181
f 2489 1233 1235
f 2399 1041 1043
f 2341 927 929
f 2431 1119 1121
f 2476 1209 1211
f 2405 1053 1055
f 2500 1228 1230
f 2481 1192 1194
f 2439 1108 1110
f 2348 933 935
f 2465 1167 1169
f 2383 1005 1007
f 2356 957 959
f 2420 1083 1085
f 2452 1150 1152
f 2471 1174 1176
f 2386 1029 1031
f 2363 963 965
f 2422 1077 1079
f 2445 1126 1128
f 2400 1036 1038
f 2338 915 917
f 2428 1095 1097
f 2473 1185 1187
f 2490 1216 1218
f 2458 1155 1157
f 2394 1018 1020
f 2366 970 972
f 2425 1090 1092
f 2444 1143 1145
f 2389 1012 1014
f 2353 945 947
f 2414 1071 1073
f 2449 1131 1133
f 2466 1162 1164
f 2407 1047 1049
f 2494 1221 1223
f 2480 1197 1199
f 2438 1114 1116
f 2351 940 942
f 2510 1284 1283
f 2504 1260 1259
f 2508 1296 1295
f 2514 1314 1313
f 2517 1332 1331
f 2520 1380 1379
f 2554 1542 1541
f 2539 1451 1452
f 2560 1577 1578
f 2523 1367 1368
f 2543 1488 1487
f 2527 1392 1391
f 2532 1439 1440
f 2547 1512 1511
f 2550 1530 1529
f 2552 1548 1547
f 2535 1470 1469
f 2538 1457 1458
f 2558 1583 1584
f 2524 1361 1362
f 1607 1616 1609
f 1603 1608 1605
f 1604 1606 1611
f 1610 1612 1614
f 1613 1615 1617
f 1622 1624 1631
f 1686 1692 1688
f 1773 1782 1775
f 1761 1765 1763
f 1712 1714 1719
f 1652 1661 1654
f 1648 1653 1650
f 1649 1651 1656
f 1655 1657 1659
f 1658 1660 1662
f 1670 1675 1672
f 1637 1639 1646
f 1694 1696 1706
f 1731 1733 1735
f 1739 1751 1741
f 1768 1779 1770
f 1678 1683 1680
f 1619 1626 1621
f 1709 1721 1711
f 1754 1766 1756
f 1682 1689 1684
f 1776 1778 1780
f 1758 1760 1767
f 1716 1718 1722
f 1625 1629 1627
f 1742 1747 1744
f 1663 1665 1668
f 1634 1641 1636
f 1697 1704 1699
f 1728 1737 1730
f 1746 1750 1748
f 1664 1676 1666
f 1640 1644 1642
f 1700 1702 1705
f 1724 1726 1736
f 1679 1681 1691
f 1618 1620 1623
f 1708 1710 1713
f 1753 1755 1764
f 1769 1771 1781
f 1738 1740 1749
f 1671 1673 1677
f 1643 1647 1645
f 1701 1707 1703
f 1723 1734 1725
f 1667 1669 1674
f 1633 1635 1638
f 1693 1698 1695
f 1727 1729 1732
f 1743 1745 1752
f 1685 1687 1690
f 1772 1774 1777
f 1757 1762 1759
f 1715 1720 1717
f 1628 1632 1630
f 2187 2189 2191
f 1881 1883 1885
f 1899 1903 1901
f 2277 2281 2279
f 2313 2317 2315
f 2169 2173 2171
f 2156 2158 2160
f 2010 2012 2016
f 2208 2210 2214
f 1917 1924 1919
f 2133 2135 2137
f 1971 1973 1978
f 1989 1996 1991
f 2223 2227 2225
f 2300 2304 2302
f 2174 2176 2178
f 2151 2155 2153
f 2007 2014 2009
f 2205 2212 2207
f 1920 1922 1926
f 1855 1864 1857
f 1801 1810 1803
f 1784 1795 1786
f 1820 1831 1822
f 1838 1849 1840
f 1874 1887 1876
f 2180 2193 2182
f 2310 2321 2312
f 2274 2285 2276
f 1896 1907 1898
f 2089 2098 2091
f 2035 2044 2037
f 1950 1961 1952
f 2054 2067 2056
f 2072 2083 2074
f 2126 2139 2128
f 1964 1975 1966
f 1986 1997 1988
f 2220 2231 2222
f 2291 2298 2293
f 2183 2190 2185
f 1877 1884 1879
f 1891 1900 1893
f 2269 2278 2271
f 2305 2314 2307
f 2161 2170 2163
f 2148 2159 2150
f 2004 2015 2006
f 2202 2213 2204
f 1909 1918 1911
f 2129 2136 2131
f 1967 1977 1969
f 1981 1990 1983
f 2215 2224 2217
f 2288 2301 2290
f 2166 2177 2168
f 2143 2152 2145
f 1999 2008 2001
f 2197 2206 2199
f 1914 1925 1916
f 1806 1817 1808
f 1787 1797 1789
f 1823 1833 1825
f 1841 1851 1843
f 1860 1871 1862
f 1931 1941 1933
f 2108 2119 2110
f 2018 2029 2020
f 2234 2247 2236
f 2255 2262 2257
f 2040 2051 2042
f 1945 1954 1947
f 2057 2064 2059
f 2075 2085 2077
f 2094 2105 2096
f 2111 2121 2113
f 2021 2031 2023
f 2237 2244 2239
f 2252 2265 2254
f 1928 1939 1930
f 1812 1814 1818
f 1791 1793 1798
f 1827 1829 1834
f 1845 1847 1852
f 1866 1868 1872
f 1935 1937 1942
f 2118 2124 2120
f 2028 2034 2030
f 2246 2250 2248
f 2259 2261 2263
f 2048 2050 2052
f 1953 1960 1955
f 2061 2063 2065
f 2079 2081 2086
f 2100 2102 2106
f 2115 2117 2122
f 2025 2027 2032
f 2241 2243 2245
f 2264 2268 2266
f 1938 1944 1940
f 1802 1804 1813
f 1783 1785 1792
f 1819 1821 1828
f 1837 1839 1846
f 1856 1858 1867
f 1927 1929 1936
f 2112 2114 2123
f 2022 2024 2033
f 2238 2240 2249
f 2251 2253 2260
f 2036 2038 2049
f 1949 1951 1959
f 2053 2055 2062
f 2071 2073 2080
f 2090 2092 2101
f 2107 2109 2116
f 2017 2019 2026
f 2233 2235 2242
f 2256 2258 2267
f 1932 1934 1943
f 1859 1861 1869
f 1805 1807 1815
f 1788 1790 1799
f 1824 1826 1835
f 1842 1844 1853
f 1878 1880 1889
f 2184 2186 2195
f 2306 2308 2319
f 2270 2272 2283
f 1892 1894 1905
f 2093 2095 2103
f 2039 2041 2046
f 1946 1948 1957
f 2058 2060 2069
f 2076 2078 2087
f 2130 2132 2141
f 1968 1970 1979
f 1982 1984 1993
f 2216 2218 2229
f 2287 2289 2296
f 2179 2181 2188
f 1873 1875 1882
f 1895 1897 1902
f 2273 2275 2280
f 2309 2311 2316
f 2165 2167 2172
f 2144 2146 2157
f 2000 2002 2011
f 2198 2200 2209
f 1913 1915 1923
f 2125 2127 2134
f 1963 1965 1972
f 1985 1987 1995
f 2219 2221 2226
f 2292 2294 2303
f 2162 2164 2175
f 2147 2149 2154
f 2003 2005 2013
f 2201 2203 2211
f 1910 1912 1921
f 1863 1870 1865
f 1809 1816 1811
f 1794 1800 1796
f 1830 1836 1832
f 1848 1854 1850
f 1886 1890 1888
f 2192 2196 2194
f 2318 2320 2322
f 2282 2284 2286
f 1904 1906 1908
f 2097 2104 2099
f 2043 2047 2045
f 1956 1958 1962
f 2066 2070 2068
f 2082 2088 2084
f 2138 2142 2140
f 1974 1980 1976
f 1992 1994 1998
f 2228 2230 2232
f 2295 2297 2299
f 2331 2329 2330
f 2327 2323 2324
f 2328 2326 2325
f 2334 2333 2332
f 2337 2336 2335
f 2346 2345 2344
f 2412 2409 2410
f 2499 2496 2497
f 2487 2485 2486
f 2436 2435 2434
f 2376 2374 2375
f 2372 2368 2369
f 2373 2371 2370
f 2379 2378 2377
f 2382 2381 2380
f 2396 2392 2393
f 2361 2360 2359
f 2418 2416 2415
f 2457 2456 2455
f 2463 2460 2461
f 2492 2488 2489
f 2402 2398 2399
f 2343 2340 2341
f 2433 2430 2431
f 2478 2475 2476
f 2406 2404 2405
f 2502 2501 2500
f 2484 2482 2481
f 2442 2440 2439
f 2349 2347 2348
f 2468 2464 2465
f 2387 2384 2383
f 2358 2355 2356
f 2421 2419 2420
f 2454 2451 2452
f 2472 2470 2471
f 2388 2385 2386
f 2364 2362 2363
f 2426 2423 2422
f 2448 2446 2445
f 2403 2401 2400
f 2342 2339 2338
f 2432 2429 2428
f 2477 2474 2473
f 2493 2491 2490
f 2462 2459 2458
f 2397 2395 2394
f 2367 2365 2366
f 2427 2424 2425
f 2447 2443 2444
f 2391 2390 2389
f 2357 2354 2353
f 2417 2413 2414
f 2453 2450 2449
f 2469 2467 2466
f 2411 2408 2407
f 2498 2495 2494
f 2483 2479 2480
f 2441 2437 2438
f 2352 2350 2351
f 2509 2511 2510
f 2503 2505 2504
f 2506 2507 2508
f 2512 2513 2514
f 2515 2516 2517
f 2518 2519 2520
f 2555 2556 2554
f 2541 2540 2539
f 2562 2561 2560
f 2522 2521 2523
f 2542 2544 2543
f 2528 2529 2527
f 2531 2530 2532
f 2545 2546 2547
f 2548 2549 2550
f 2551 2553 2552
f 2533 2534 2535
f 2537 2536 2538
f 2559 2557 2558
f 2526 2525 2524