v -0.323388 0.428330 -0.025944
v 0.323072 0.428052 -0.026116
v -0.350041 -0.550635 0.005693
v 0.350034 -0.550520 0.005501
v -0.000275 -0.447838 0.706655
v -0.000021 0.273861 0.601018
v 0.000015 -0.266282 -0.594742
v -0.000098 0.422735 -0.706241
v 0.583501 0.002049 -0.371742
v 0.606439 0.001892 0.370995
v -0.583516 0.002026 -0.371758
v -0.606387 0.001945 0.370988
v -0.000064 0.502793 -0.056045
v -0.194149 0.347697 0.301050
v -0.214958 0.657324 -0.447218
v -0.495928 0.272012 -0.200924
v -0.532220 0.256850 0.209232
v 0.194426 0.347693 0.301046
v 0.214824 0.656633 -0.448324
v 0.496199 0.271786 -0.200650
v 0.532177 0.256793 0.209245
v -0.000304 -0.625937 0.012550
v -0.246884 -0.670282 0.456992
v -0.202719 -0.498597 -0.319253
v -0.501249 -0.252795 -0.188528
v -0.514870 -0.285893 0.214065
v 0.246410 -0.670455 0.456959
v 0.202510 -0.498931 -0.319753
v 0.501276 -0.252667 -0.188645
v 0.515141 -0.286116 0.214121
v 0.000194 -0.004910 0.698198
v 0.340008 -0.218115 0.576168
v -0.339707 -0.217942 0.576242
v 0.335970 0.183852 0.546917
v -0.335816 0.183770 0.546847
v -0.000152 0.019548 -0.714757
v 0.330082 -0.180264 -0.544287
v -0.330176 -0.180248 -0.544176
v 0.354078 0.216279 -0.614789
v -0.354064 0.216262 -0.614764
v 0.688729 -0.000033 0.014646
v -0.688745 -0.000008 0.014688
v -0.167623 0.479239 -0.046394
v -0.271713 0.397305 0.118555
v -0.271623 0.510147 -0.207700
v -0.413083 0.385485 -0.105826
v -0.428312 0.345888 0.085866
v 0.167572 0.478648 -0.046325
v 0.271285 0.397156 0.118599
v 0.271766 0.510644 -0.209968
v 0.412735 0.385244 -0.106759
v 0.428203 0.345830 0.086026
v -0.207053 -0.659835 -0.000315
v -0.290704 -0.539127 0.188474
v -0.355691 -0.671800 -0.184307
v -0.412704 -0.416299 -0.074134
v -0.430338 -0.428427 0.115714
v 0.206429 -0.660373 -0.000437
v 0.290648 -0.539060 0.188488
v 0.355399 -0.671796 -0.184448
v 0.412673 -0.416228 -0.073930
v 0.430815 -0.428653 0.115669
v -0.140054 -0.655916 0.694055
v 0.138975 -0.656199 0.693085
v -0.000081 -0.230926 0.762930
v 0.187133 -0.366056 0.697955
v -0.187147 -0.366008 0.697367
v -0.096668 0.300340 0.491432
v 0.096712 0.300584 0.490689
v -0.000174 0.202134 0.644931
v 0.158413 0.256359 0.601058
v -0.158435 0.256325 0.601094
v -0.088435 -0.337934 -0.461375
v 0.088446 -0.337865 -0.461475
v -0.000003 -0.195140 -0.635371
v 0.153173 -0.244606 -0.593572
v -0.153169 -0.244644 -0.593498
v -0.127981 0.575646 -0.633957
v 0.128114 0.575779 -0.633814
v 0.000075 0.242073 -0.792655
v 0.189376 0.351865 -0.719641
v -0.189311 0.352320 -0.719729
v 0.574790 0.116883 -0.306011
v 0.568468 -0.118936 -0.302739
v 0.480147 -0.076263 -0.460367
v 0.496903 0.083017 -0.481805
v 0.638932 -0.000346 -0.201172
v 0.583358 0.122241 0.303910
v 0.580665 -0.124054 0.300859
v 0.495069 -0.079459 0.463108
v 0.495961 0.081029 0.463192
v 0.670952 0.000715 0.215880
v -0.574802 0.116816 -0.306082
v -0.568542 -0.118986 -0.302731
v -0.480312 -0.076392 -0.460328
v -0.496958 0.083016 -0.481844
v -0.638933 -0.000321 -0.201184
v -0.583990 0.122306 0.304073
v -0.580294 -0.124243 0.301114
v -0.495307 -0.079794 0.463000
v -0.496534 0.081167 0.463946
v -0.670960 0.000677 0.215880
v -0.089299 0.431688 0.115575
v -0.084472 0.582568 -0.248373
v 0.089825 0.431268 0.116262
v 0.084733 0.582771 -0.248210
v -0.383663 0.314044 0.277229
v -0.000223 0.361510 0.303584
v -0.291312 0.281867 0.469977
v -0.394402 0.482267 -0.328130
v -0.000178 0.700336 -0.455902
v -0.303548 0.444043 -0.541147
v -0.546170 0.268081 0.014191
v -0.437944 0.265060 -0.416487
v -0.622435 0.132901 -0.089353
v -0.458437 0.233866 0.400370
v -0.629633 0.136648 0.115129
v 0.383645 0.314074 0.277256
v 0.291377 0.281985 0.469962
v 0.395130 0.483030 -0.329994
v 0.303718 0.442985 -0.541925
v 0.546183 0.268082 0.014388
v 0.437878 0.265282 -0.416060
v 0.622490 0.132941 -0.089495
v 0.458495 0.233864 0.400390
v 0.629649 0.136682 0.115141
v -0.089803 -0.585742 0.226839
v -0.109321 -0.685171 -0.186981
v 0.090204 -0.586627 0.227125
v 0.108371 -0.684222 -0.186410
v -0.391737 -0.454329 0.333777
v 0.000068 -0.660517 0.470295
v -0.331979 -0.480060 0.567850
v -0.353989 -0.371259 -0.259825
v -0.000212 -0.500190 -0.320248
v -0.268557 -0.292798 -0.446461
v -0.535646 -0.273770 0.019751
v -0.441879 -0.217162 -0.397885
v -0.619237 -0.134040 -0.089916
v -0.445247 -0.274486 0.407688
v -0.627919 -0.138275 0.113424
v 0.391776 -0.454263 0.334100
v 0.332577 -0.480567 0.568073
v 0.353966 -0.370915 -0.259755
v 0.268634 -0.292348 -0.446595
v 0.534992 -0.274115 0.019290
v 0.441904 -0.216922 -0.397888
v 0.619177 -0.133981 -0.089873
v 0.446178 -0.274652 0.408134
v 0.627935 -0.138243 0.113385
v 0.191342 -0.114214 0.693374
v -0.191344 -0.114322 0.693239
v 0.179917 0.099546 0.635501
v -0.179954 0.099298 0.635389
v 0.358227 0.001331 0.581443
v -0.358193 0.001477 0.581340
v 0.177819 -0.088798 -0.635568
v -0.177538 -0.089188 -0.634638
v 0.226429 0.123088 -0.784741
v -0.226549 0.124888 -0.783506
v 0.356067 0.011782 -0.595705
v -0.356133 0.012192 -0.595897
v -0.255859 0.453812 -0.036995
v -0.303796 0.417115 0.038516
v -0.296808 0.458200 -0.103270
v -0.367092 0.413390 -0.061589
v -0.372049 0.391176 0.024298
v 0.255642 0.453824 -0.037058
v 0.303504 0.416800 0.038961
v 0.296963 0.458036 -0.103903
v 0.366355 0.413058 -0.062097
v 0.371728 0.391072 0.024452
v -0.294619 -0.610472 -0.001998
v -0.326738 -0.543149 0.078590
v -0.345186 -0.601721 -0.069466
v -0.384158 -0.501388 -0.030502
v -0.393627 -0.496226 0.057627
v 0.294247 -0.610472 -0.002162
v 0.326770 -0.543079 0.078575
v 0.345671 -0.602125 -0.069290
v 0.383796 -0.500956 -0.030896
v 0.393532 -0.495928 0.057506
v -0.057967 -0.526715 0.693518
v 0.057392 -0.527401 0.693330
v -0.000089 -0.351122 0.724231
v 0.085912 -0.416295 0.708906
v -0.085962 -0.415956 0.708993
v -0.043535 0.283944 0.564640
v 0.043472 0.283931 0.564689
v 0.000033 0.258013 0.629448
v 0.069957 0.268765 0.606794
v -0.069976 0.268790 0.606783
v -0.040495 -0.290580 -0.542643
v 0.040553 -0.290621 -0.542539
v 0.000039 -0.248303 -0.621887
v 0.067860 -0.259571 -0.601958
v -0.067797 -0.259555 -0.601973
v -0.053779 0.489656 -0.674755
v 0.053994 0.489076 -0.674282
v -0.000079 0.342124 -0.746452
v 0.085419 0.394831 -0.715899
v -0.085154 0.394942 -0.716046
v 0.591327 0.050813 -0.349819
v 0.581195 -0.050408 -0.343781
v 0.544409 -0.030724 -0.415409
v 0.551558 0.034785 -0.421636
v 0.612952 0.000880 -0.303040
v 0.605353 0.051572 0.346369
v 0.606354 -0.048311 0.343718
v 0.566180 -0.028340 0.415462
v 0.565423 0.034189 0.417258
v 0.639085 0.001144 0.304240
v -0.591302 0.050775 -0.349894
v -0.581171 -0.050390 -0.343693
v -0.544429 -0.030709 -0.415459
v -0.551554 0.034792 -0.421716
v -0.612928 0.000918 -0.303048
v -0.605109 0.051686 0.346242
v -0.606462 -0.048420 0.343654
v -0.566245 -0.028432 0.415558
v -0.565309 0.034269 0.417157
v -0.639113 0.001148 0.304266
v -0.077965 0.495903 -0.051865
v 0.077808 0.495973 -0.051841
v -0.041895 0.472079 0.027335
v -0.035771 0.533313 -0.146330
v 0.041486 0.472300 0.027191
v 0.036065 0.533151 -0.146239
v -0.235477 0.373605 0.206914
v -0.148008 0.322637 0.398179
v -0.140882 0.388225 0.208935
v -0.291769 0.332925 0.294401
v -0.096752 0.357689 0.303359
v -0.247742 0.311633 0.392503
v -0.253430 0.594942 -0.327486
v -0.183246 0.639017 -0.541731
v -0.156353 0.670759 -0.358438
v -0.388613 0.634136 -0.410663
v -0.153913 0.811821 -0.458420
v -0.283634 0.567874 -0.501855
v -0.455924 0.339396 -0.151705
v -0.538542 0.194106 -0.253291
v -0.421200 0.358492 -0.260626
v -0.526341 0.269848 -0.090699
v -0.465957 0.272509 -0.309787
v -0.563959 0.200009 -0.143691
v -0.484700 0.301705 0.149771
v -0.561649 0.195658 0.259411
v -0.463971 0.290485 0.247844
v -0.545464 0.262678 0.111553
v -0.501832 0.247242 0.306790
v -0.586665 0.204658 0.163793
v 0.235839 0.373552 0.207050
v 0.147859 0.322754 0.398325
v 0.141065 0.388550 0.208765
v 0.097053 0.358012 0.303365
v 0.291983 0.332885 0.294424
v 0.247724 0.311799 0.392116
v 0.254826 0.597148 -0.329522
v 0.183393 0.638587 -0.542015
v 0.156575 0.670795 -0.358757
v 0.154035 0.811772 -0.458368
v 0.393636 0.632498 -0.414705
v 0.283846 0.566275 -0.503098
v 0.455923 0.339359 -0.152055
v 0.537851 0.194155 -0.253251
v 0.420497 0.358023 -0.260902
v 0.526167 0.269820 -0.090422
v 0.466009 0.272418 -0.309544
v 0.564412 0.199829 -0.143432
v 0.484723 0.301685 0.149867
v 0.561850 0.195872 0.259460
v 0.463975 0.290402 0.247779
v 0.545505 0.262736 0.111598
v 0.501876 0.247232 0.306785
v 0.586674 0.204668 0.163870
v -0.103952 -0.643952 0.006023
v 0.103325 -0.643736 0.006107
v -0.046798 -0.605892 0.111186
v -0.065987 -0.632606 -0.078193
v 0.046650 -0.606168 0.111661
v 0.065202 -0.632089 -0.078212
v -0.254460 -0.552407 0.329682
v -0.219022 -0.792205 0.618596
v -0.144709 -0.590639 0.363477
v -0.320998 -0.542350 0.402474
v -0.120960 -0.711586 0.471562
v -0.316757 -0.615056 0.538065
v -0.294129 -0.626254 -0.290091
v -0.139523 -0.403210 -0.379453
v -0.166242 -0.635678 -0.281331
v -0.289076 -0.447816 -0.297507
v -0.102286 -0.505184 -0.322687
v -0.228402 -0.373941 -0.366590
v -0.453655 -0.329578 -0.127489
v -0.545026 -0.184941 -0.251737
v -0.428738 -0.311583 -0.228409
v -0.521850 -0.264577 -0.082495
v -0.478811 -0.235676 -0.297567
v -0.568512 -0.194418 -0.141222
v -0.472161 -0.359581 0.167903
v -0.550718 -0.205974 0.257286
v -0.452651 -0.367846 0.270776
v -0.531396 -0.281593 0.116730
v -0.484452 -0.284107 0.311910
v -0.579765 -0.210263 0.161896
v 0.254582 -0.552397 0.329652
v 0.216793 -0.793811 0.616652
v 0.145055 -0.590776 0.363395
v 0.120718 -0.710368 0.471278
v 0.320345 -0.542421 0.402189
v 0.316187 -0.615999 0.537790
v 0.293329 -0.626833 -0.289904
v 0.139759 -0.403099 -0.379346
v 0.166146 -0.635199 -0.280748
v 0.101845 -0.505309 -0.322179
v 0.288559 -0.447706 -0.297169
v 0.228247 -0.373880 -0.366496
v 0.453532 -0.329691 -0.127604
v 0.544971 -0.184937 -0.251756
v 0.428896 -0.311836 -0.228411
v 0.522270 -0.264338 -0.082479
v 0.478802 -0.235400 -0.297534
v 0.568637 -0.194470 -0.141279
v 0.472524 -0.359647 0.168204
v 0.550876 -0.206046 0.257273
v 0.453214 -0.368352 0.270543
v 0.530826 -0.281726 0.116729
v 0.485091 -0.284291 0.311877
v 0.579648 -0.210236 0.161929
v 0.000122 -0.108118 0.779112
v 0.000190 0.099074 0.659578
v 0.095180 -0.059082 0.708715
v -0.095452 -0.059244 0.709069
v 0.091754 0.046833 0.667247
v -0.091516 0.047007 0.667183
v 0.269041 -0.295760 0.646064
v 0.416817 -0.144016 0.515176
v 0.333815 -0.343277 0.571595
v 0.398096 -0.253737 0.497612
v 0.271924 -0.169585 0.643691
v 0.353181 -0.102887 0.584568
v -0.268807 -0.295654 0.645103
v -0.416579 -0.144508 0.515366
v -0.333827 -0.343133 0.571699
v -0.398037 -0.253579 0.497361
v -0.271532 -0.169622 0.643223
v -0.353144 -0.102720 0.584634
v 0.248757 0.226797 0.579601
v 0.419312 0.133288 0.508214
v 0.319062 0.249674 0.521009
v 0.401831 0.212875 0.481988
v 0.261833 0.146554 0.597353
v 0.349994 0.095816 0.566145
v -0.248755 0.226876 0.579585
v -0.419292 0.133086 0.508160
v -0.319050 0.249726 0.520964
v -0.401814 0.212913 0.481869
v -0.261721 0.146313 0.597193
v -0.349516 0.095328 0.565915
v 0.000136 -0.090804 -0.656337
v -0.000047 0.129875 -0.784131
v 0.094307 -0.034874 -0.677349
v -0.094143 -0.034750 -0.677252
v 0.106333 0.073745 -0.749119
v -0.107171 0.069148 -0.758264
v 0.243759 -0.218695 -0.574537
v 0.407414 -0.126534 -0.504296
v 0.308098 -0.234283 -0.516099
v 0.391918 -0.199807 -0.481559
v 0.257263 -0.140389 -0.592799
v 0.341593 -0.087571 -0.565064
v -0.243755 -0.218685 -0.574587
v -0.407474 -0.126641 -0.504258
v -0.308064 -0.234376 -0.516120
v -0.391899 -0.199956 -0.481525
v -0.256896 -0.139710 -0.592759
v -0.341322 -0.087531 -0.565301
v 0.279674 0.289193 -0.683381
v 0.427860 0.145558 -0.546171
v 0.326764 0.325555 -0.579069
v 0.400518 0.246470 -0.516460
v 0.304699 0.179340 -0.717826
v 0.375630 0.111906 -0.632755
v -0.279903 0.289067 -0.683896
v -0.428676 0.144586 -0.547388
v -0.327066 0.325620 -0.580069
v -0.400446 0.246421 -0.516402
v -0.304987 0.179552 -0.717849
v -0.376200 0.111801 -0.633341
v 0.667252 -0.000412 -0.091071
v 0.681386 0.000297 0.116499
v 0.669437 0.066336 -0.036616
v 0.670115 0.067822 0.065509
v 0.661639 -0.068276 -0.037652
v 0.666243 -0.068579 0.064597
v -0.667300 -0.000442 -0.091023
v -0.681363 0.000277 0.116497
v -0.669421 0.066326 -0.036645
v -0.670050 0.067810 0.065483
v -0.661465 -0.068276 -0.037708
v -0.666178 -0.068522 0.064613
v -0.218741 0.440887 0.038448
v -0.214512 0.495592 -0.128564
v -0.128608 0.460808 0.033531
v -0.117666 0.520356 -0.139577
v -0.354712 0.373347 0.107813
v -0.181329 0.417346 0.120288
v -0.326847 0.354004 0.197902
v -0.346069 0.450132 -0.162565
v -0.179801 0.558058 -0.237050
v -0.342488 0.518314 -0.277200
v -0.429112 0.362827 -0.006566
v -0.388847 0.421694 -0.215542
v -0.483069 0.325333 -0.044041
v -0.411267 0.330289 0.178885
v -0.490826 0.312696 0.053726
v 0.218710 0.440643 0.038654
v 0.214055 0.495573 -0.128872
v 0.128607 0.460486 0.033663
v 0.118547 0.520454 -0.139780
v 0.354584 0.373222 0.108007
v 0.181313 0.417442 0.120133
v 0.326648 0.354059 0.197771
v 0.345449 0.450323 -0.164658
v 0.180356 0.558549 -0.237375
v 0.345678 0.524839 -0.280282
v 0.429063 0.362625 -0.006311
v 0.389094 0.422395 -0.217053
v 0.483071 0.325123 -0.043782
v 0.411199 0.330303 0.179052
v 0.490830 0.312683 0.053899
v -0.237538 -0.570293 0.080357
v -0.298618 -0.748004 -0.081261
v -0.138682 -0.591310 0.092069
v -0.162618 -0.770502 -0.078101
v -0.381461 -0.498385 0.157097
v -0.189683 -0.565304 0.212884
v -0.347883 -0.507018 0.273765
v -0.373378 -0.517947 -0.125979
v -0.231590 -0.784506 -0.222745
v -0.351681 -0.510473 -0.227404
v -0.429157 -0.422639 0.018851
v -0.390214 -0.404661 -0.170206
v -0.471683 -0.341482 -0.028235
v -0.416272 -0.437965 0.220671
v -0.479427 -0.351464 0.068903
v 0.237889 -0.570316 0.080357
v 0.297890 -0.748662 -0.081646
v 0.138701 -0.591237 0.092285
v 0.160949 -0.769508 -0.079224
v 0.381469 -0.498132 0.156859
v 0.189882 -0.565111 0.212792
v 0.348390 -0.506836 0.273946
v 0.373404 -0.517794 -0.126355
v 0.230714 -0.784751 -0.222524
v 0.351896 -0.510976 -0.228064
v 0.429240 -0.422300 0.019120
v 0.389997 -0.404503 -0.170046
v 0.471801 -0.340704 -0.027116
v 0.415603 -0.437706 0.220462
v 0.479827 -0.351270 0.069307
v -0.000140 -0.610125 0.656217
v -0.178004 -0.508419 0.697110
v -0.064002 -0.685625 0.586544
v -0.284300 -0.622073 0.676561
v 0.177698 -0.508604 0.697303
v 0.063384 -0.685530 0.585680
v 0.284232 -0.623002 0.676568
v 0.095080 -0.295706 0.728481
v -0.095047 -0.295502 0.727511
v 0.097994 -0.172725 0.741525
v -0.098069 -0.172603 0.741612
v 0.283203 -0.441435 0.665575
v 0.191039 -0.235402 0.704353
v -0.283532 -0.441280 0.665445
v -0.190893 -0.235394 0.704189
v -0.000101 0.303213 0.490536
v -0.134529 0.279247 0.560716
v -0.049068 0.328846 0.399240
v -0.195168 0.293262 0.486402
v 0.134514 0.279287 0.560752
v 0.048918 0.328680 0.399308
v 0.195027 0.293164 0.486454
v 0.082101 0.234258 0.630976
v -0.082163 0.234356 0.630979
v 0.087746 0.148410 0.642715
v -0.087783 0.147844 0.642787
v 0.228243 0.269168 0.547065
v 0.172718 0.196968 0.619988
v -0.228298 0.269161 0.547045
v -0.172777 0.197019 0.619882
v -0.000027 -0.344722 -0.462885
v -0.126575 -0.278446 -0.546018
v -0.047124 -0.415918 -0.387075
v -0.178039 -0.321528 -0.455822
v 0.126634 -0.278436 -0.545993
v 0.047295 -0.416021 -0.387337
v 0.177944 -0.321556 -0.455771
v 0.081038 -0.232868 -0.624788
v -0.081070 -0.232812 -0.624733
v 0.087372 -0.145692 -0.639305
v -0.087320 -0.145510 -0.639138
v 0.217160 -0.261059 -0.535463
v 0.168209 -0.192712 -0.611619
v -0.217019 -0.261204 -0.535203
v -0.168126 -0.192553 -0.611844
v 0.000129 0.587242 -0.634544
v -0.162851 0.461570 -0.673372
v -0.068326 0.666142 -0.558434
v -0.226854 0.521611 -0.599471
v 0.163214 0.461819 -0.673586
v 0.068226 0.666274 -0.558362
v 0.226498 0.520966 -0.599862
v 0.105466 0.297503 -0.772619
v -0.104995 0.297015 -0.772018
v 0.118954 0.189868 -0.820703
v -0.118388 0.186860 -0.822299
v 0.252457 0.401994 -0.638943
v 0.222358 0.247651 -0.787658
v -0.252449 0.401763 -0.639406
v -0.222451 0.247901 -0.787484
v 0.542869 0.104303 -0.400082
v 0.616707 0.058527 -0.254024
v 0.515731 0.183372 -0.360484
v 0.597837 0.126445 -0.199003
v 0.528037 -0.101878 -0.387522
v 0.609640 -0.060398 -0.252046
v 0.512796 -0.172101 -0.353009
v 0.594210 -0.127290 -0.198436
v 0.497433 0.003820 -0.481272
v 0.466475 -0.155238 -0.437551
v 0.420863 -0.038065 -0.526303
v 0.476890 0.170648 -0.456586
v 0.436197 0.051724 -0.549420
v 0.643177 0.063128 -0.145448
v 0.635298 -0.065277 -0.145571
v 0.545132 0.105807 0.388569
v 0.638014 0.061023 0.260329
v 0.525705 0.183472 0.352512
v 0.614249 0.132324 0.212132
v 0.546404 -0.105920 0.386666
v 0.638459 -0.059194 0.258265
v 0.515034 -0.194721 0.349882
v 0.613271 -0.133927 0.209112
v 0.512074 0.005145 0.480641
v 0.471153 -0.174976 0.436796
v 0.440313 -0.039916 0.535381
v 0.476486 0.161189 0.434882
v 0.438140 0.048155 0.530623
v 0.661565 0.066103 0.166091
v 0.658610 -0.065760 0.164294
v -0.542879 0.104189 -0.400159
v -0.616680 0.058509 -0.254046
v -0.515689 0.183829 -0.360340
v -0.597809 0.126388 -0.198928
v -0.527469 -0.101622 -0.387108
v -0.609783 -0.060328 -0.252091
v -0.512758 -0.172167 -0.352971
v -0.594252 -0.127373 -0.198453
v -0.497566 0.003807 -0.481217
v -0.466485 -0.155159 -0.437497
v -0.420975 -0.037413 -0.526403
v -0.476724 0.170743 -0.456500
v -0.436438 0.051953 -0.549831
v -0.643168 0.063180 -0.145461
v -0.635291 -0.065281 -0.145452
v -0.545098 0.105953 0.388609
v -0.637805 0.061051 0.260305
v -0.525603 0.183515 0.352492
v -0.614487 0.132361 0.212200
v -0.546122 -0.106128 0.386486
v -0.638416 -0.059203 0.258225
v -0.515443 -0.194804 0.349476
v -0.613396 -0.133925 0.208953
v -0.511971 0.005117 0.480694
v -0.471186 -0.175266 0.436808
v -0.440166 -0.039888 0.535550
v -0.476377 0.160826 0.434593
v -0.438089 0.048252 0.530670
v -0.661485 0.066088 0.166101
v -0.658623 -0.065762 0.164338
v -0.000107 0.438097 0.110943
v -0.047052 0.396489 0.207731
v 0.000065 0.588916 -0.249442
v -0.057307 0.672474 -0.354209
v 0.047246 0.396861 0.207478
v 0.056891 0.672798 -0.353981
v -0.344580 0.297072 0.377711
v -0.428230 0.277921 0.346901
v -0.379984 0.264816 0.441097
v -0.368148 0.490229 -0.446433
v -0.388772 0.367477 -0.369786
v -0.366999 0.355264 -0.478218
v -0.588054 0.204652 -0.035247
v -0.594793 0.206494 0.065918
v -0.636566 0.137289 0.015353
v 0.344456 0.297091 0.377760
v 0.428311 0.277942 0.346875
v 0.380017 0.264813 0.441099
v 0.367116 0.488303 -0.448403
v 0.389190 0.366959 -0.369479
v 0.366756 0.354879 -0.477686
v 0.588053 0.204729 -0.035183
v 0.594861 0.206450 0.066002
v 0.636573 0.137285 0.015410
v 0.000105 -0.598537 0.230937
v -0.046819 -0.614701 0.357757
v -0.000490 -0.590540 -0.159217
v -0.055451 -0.578961 -0.252730
v 0.046986 -0.614904 0.357529
v 0.055213 -0.579175 -0.252637
v -0.361020 -0.472266 0.449780
v -0.420282 -0.371512 0.375166
v -0.381306 -0.366245 0.478006
v -0.313249 -0.332035 -0.351223
v -0.396297 -0.284753 -0.328492
v -0.357311 -0.257045 -0.427821
v -0.589171 -0.202490 -0.033391
v -0.590083 -0.208340 0.066037
v -0.634841 -0.138704 0.014450
v 0.361311 -0.473160 0.450219
v 0.419978 -0.371432 0.375197
v 0.381066 -0.366664 0.477954
v 0.313101 -0.332426 -0.351011
v 0.396334 -0.285454 -0.328159
v 0.357559 -0.256909 -0.428418
v 0.589183 -0.202446 -0.033520
v 0.589966 -0.208280 0.066006
v 0.634793 -0.138795 0.014408
v 0.185382 -0.004262 0.660679
v 0.273924 -0.055448 0.632694
v -0.185487 -0.004078 0.661065
v -0.273922 -0.055407 0.632624
v 0.273096 0.051604 0.618165
v -0.273046 0.051754 0.618066
v 0.193795 0.018166 -0.689428
v 0.269633 -0.036067 -0.624439
v -0.193893 0.018299 -0.689714
v -0.269762 -0.035808 -0.624902
v 0.290093 0.068764 -0.677602
v -0.290088 0.068993 -0.676869
v -0.294184 0.440432 -0.030927
v -0.317011 0.424375 0.003488
v -0.311304 0.440365 -0.059524
v -0.343912 0.422081 -0.041392
v -0.346824 0.412422 -0.003126
v 0.294180 0.440431 -0.030894
v 0.316861 0.424059 0.004052
v 0.311181 0.440404 -0.059825
v 0.344215 0.421966 -0.041189
v 0.346630 0.412094 -0.002760
v -0.326867 -0.577525 0.001844
v -0.340777 -0.547887 0.036970
v -0.345798 -0.570786 -0.026815
v -0.366742 -0.531543 -0.010246
v -0.367923 -0.524361 0.028817
v 0.327306 -0.577878 0.001547
v 0.340818 -0.547982 0.036615
v 0.345940 -0.571405 -0.027212
v 0.366928 -0.531773 -0.010655
v 0.368154 -0.524266 0.028586
v -0.024544 -0.481833 0.700673
v 0.024441 -0.482264 0.700457
v -0.000234 -0.404825 0.713877
v 0.038387 -0.434212 0.708462
v -0.038533 -0.433884 0.708636
v -0.019154 0.278236 0.588671
v 0.019100 0.278233 0.588674
v -0.000008 0.268086 0.615651
v 0.030767 0.272230 0.605694
v -0.030810 0.272237 0.605693
v -0.018292 -0.273368 -0.579145
v 0.018223 -0.273404 -0.579139
v 0.000027 -0.258545 -0.611143
v 0.029872 -0.263325 -0.601320
v -0.029855 -0.263307 -0.601337
v -0.023415 0.451874 -0.692241
v 0.023436 0.451575 -0.691878
v 0.000217 0.387065 -0.723530
v 0.037835 0.410728 -0.710890
v -0.037501 0.411147 -0.711237
v 0.589605 0.023726 -0.363934
v 0.585379 -0.020148 -0.361313
v 0.568436 -0.011743 -0.392466
v 0.571029 0.016078 -0.394372
v 0.599523 0.001902 -0.344266
v 0.609938 0.022602 0.362485
v 0.610266 -0.019050 0.360782
v 0.591863 -0.010623 0.392105
v 0.591518 0.015392 0.393215
v 0.622245 0.001463 0.342678
v -0.589569 0.023671 -0.363990
v -0.585374 -0.020171 -0.361319
v -0.568503 -0.011748 -0.392450
v -0.571043 0.016067 -0.394416
v -0.599529 0.001890 -0.344235
v -0.609870 0.022554 0.362460
v -0.610229 -0.019034 0.360824
v -0.591807 -0.010536 0.392146
v -0.591489 0.015355 0.393170
v -0.622215 0.001500 0.342642
v -0.038661 0.500846 -0.054960
v 0.038297 0.501188 -0.055114
v -0.019877 0.490358 -0.013181
v -0.018329 0.517184 -0.100390
v 0.019645 0.490201 -0.013253
v 0.018572 0.517148 -0.100309
v -0.215579 0.360741 0.253449
v -0.171494 0.335040 0.349285
v -0.167417 0.367480 0.255058
v -0.243083 0.340859 0.298461
v -0.145163 0.353648 0.302826
v -0.220560 0.329227 0.346933
v -0.235969 0.635159 -0.391801
v -0.202813 0.665323 -0.496410
v -0.198965 0.698572 -0.404326
v -0.287805 0.628480 -0.426425
v -0.218322 0.793447 -0.469739
v -0.256266 0.618291 -0.476533
v -0.475260 0.307663 -0.175822
v -0.516782 0.233869 -0.226578
v -0.459083 0.312703 -0.230482
v -0.511228 0.271055 -0.145843
v -0.480632 0.272839 -0.255250
v -0.531030 0.235084 -0.171922
v -0.510116 0.279897 0.180400
v -0.549641 0.229953 0.235599
v -0.499880 0.275513 0.229645
v -0.540742 0.259993 0.160297
v -0.519046 0.252619 0.258138
v -0.561432 0.233741 0.187185
v 0.215582 0.360853 0.253377
v 0.171753 0.334965 0.349474
v 0.167580 0.367464 0.255264
v 0.145475 0.353484 0.302979
v 0.242974 0.340963 0.298514
v 0.221347 0.329347 0.347094
v 0.235528 0.635394 -0.393955
v 0.202978 0.665074 -0.496996
v 0.199001 0.698431 -0.405168
v 0.218331 0.793466 -0.469815
v 0.289352 0.627588 -0.428815
v 0.256635 0.617179 -0.477811
v 0.475970 0.307792 -0.175614
v 0.516662 0.233746 -0.226551
v 0.459186 0.312413 -0.230484
v 0.511553 0.270865 -0.145480
v 0.480979 0.272922 -0.255239
v 0.530908 0.234884 -0.171932
v 0.510075 0.279832 0.180477
v 0.549773 0.229995 0.235552
v 0.499873 0.275447 0.229659
v 0.540747 0.259982 0.160415
v 0.519119 0.252578 0.258139
v 0.561518 0.233699 0.187244
v -0.053159 -0.631321 0.010834
v 0.052341 -0.630910 0.010661
v -0.024942 -0.618060 0.060783
v -0.029381 -0.629889 -0.033254
v 0.024398 -0.617496 0.060574
v 0.028843 -0.629689 -0.033239
v -0.243355 -0.587151 0.402746
v -0.263576 -0.777149 0.526211
v -0.194286 -0.637789 0.410881
v -0.283995 -0.594889 0.439008
v -0.195888 -0.758534 0.460982
v -0.299058 -0.666094 0.501027
v -0.243215 -0.560575 -0.302797
v -0.168409 -0.445835 -0.343687
v -0.188743 -0.570494 -0.304154
v -0.248665 -0.478209 -0.311475
v -0.153074 -0.506227 -0.322755
v -0.213656 -0.430349 -0.335443
v -0.477315 -0.289992 -0.157304
v -0.525268 -0.217634 -0.220932
v -0.465518 -0.282158 -0.209629
v -0.511993 -0.259127 -0.135263
v -0.490298 -0.244840 -0.242917
v -0.535768 -0.223594 -0.165842
v -0.493867 -0.323689 0.191650
v -0.534841 -0.246628 0.235636
v -0.483141 -0.326026 0.241725
v -0.524445 -0.284259 0.165250
v -0.501319 -0.286096 0.263065
v -0.548031 -0.247487 0.187416
v 0.243254 -0.586836 0.403086
v 0.262168 -0.778038 0.525471
v 0.194616 -0.637862 0.411148
v 0.195864 -0.758508 0.460732
v 0.284234 -0.594928 0.439325
v 0.299349 -0.666970 0.500625
v 0.242887 -0.560553 -0.302730
v 0.168411 -0.445979 -0.343746
v 0.188235 -0.570658 -0.304205
v 0.152795 -0.506205 -0.322917
v 0.248364 -0.478768 -0.311374
v 0.213410 -0.430272 -0.335647
v 0.476950 -0.290197 -0.157310
v 0.525381 -0.217607 -0.220916
v 0.465462 -0.281991 -0.209312
v 0.512034 -0.259069 -0.135192
v 0.490254 -0.244897 -0.242628
v 0.535956 -0.223588 -0.165734
v 0.494074 -0.323569 0.191973
v 0.535137 -0.247079 0.235328
v 0.483865 -0.326448 0.241605
v 0.524428 -0.284287 0.165176
v 0.501560 -0.286274 0.262619
v 0.547810 -0.247586 0.187482
v 0.000155 -0.056465 0.730908
v 0.000119 0.046963 0.675319
v 0.047283 -0.031693 0.707668
v -0.047378 -0.031221 0.708695
v 0.046229 0.020858 0.682742
v -0.046223 0.021337 0.682975
v 0.304021 -0.256430 0.610661
v 0.377322 -0.180056 0.544385
v 0.335729 -0.279025 0.573280
v 0.370716 -0.237523 0.538542
v 0.306956 -0.194958 0.611258
v 0.345736 -0.159232 0.580439
v -0.304029 -0.256880 0.610283
v -0.377319 -0.180285 0.544380
v -0.335917 -0.279064 0.572971
v -0.370040 -0.237716 0.537899
v -0.306852 -0.195277 0.611154
v -0.345812 -0.159495 0.580107
v 0.292845 0.206528 0.564333
v 0.378483 0.159575 0.528637
v 0.328602 0.222214 0.536702
v 0.370690 0.200856 0.517899
v 0.299253 0.164876 0.572802
v 0.342835 0.140293 0.556225
v -0.292810 0.206477 0.564314
v -0.378440 0.159501 0.528596
v -0.328672 0.222247 0.536679
v -0.370638 0.200891 0.517844
v -0.299550 0.165282 0.573223
v -0.342702 0.140169 0.556025
v 0.000159 -0.034470 -0.679771
v -0.000155 0.073916 -0.751517
v 0.048729 -0.007538 -0.696203
v -0.048483 -0.007506 -0.696416
v 0.051693 0.046801 -0.731244
v -0.051676 0.045424 -0.734967
v 0.288031 -0.201422 -0.560836
v 0.369499 -0.153946 -0.524811
v 0.320235 -0.209730 -0.532189
v 0.361753 -0.190099 -0.514431
v 0.295940 -0.165935 -0.569954
v 0.336886 -0.138904 -0.553721
v -0.288105 -0.201475 -0.560830
v -0.369554 -0.154010 -0.524785
v -0.320208 -0.209743 -0.532127
v -0.361799 -0.190096 -0.514394
v -0.296223 -0.166371 -0.569984
v -0.336895 -0.139010 -0.553740
v 0.317682 0.252786 -0.650203
v 0.391248 0.180179 -0.579821
v 0.340863 0.270393 -0.598737
v 0.378399 0.232186 -0.565614
v 0.330424 0.198731 -0.666511
v 0.366380 0.163633 -0.627030
v -0.317171 0.252591 -0.650148
v -0.391259 0.180064 -0.580122
v -0.341227 0.270204 -0.598568
v -0.377641 0.232445 -0.565251
v -0.330506 0.198834 -0.666332
v -0.366286 0.163609 -0.626903
v 0.681092 -0.000228 -0.036953
v 0.685235 0.000099 0.065501
v 0.684077 0.033156 -0.010761
v 0.683846 0.033582 0.040119
v 0.680312 -0.033946 -0.011148
v 0.681543 -0.033949 0.039784
v -0.681103 -0.000226 -0.036864
v -0.685295 0.000080 0.065521
v -0.684101 0.033156 -0.010759
v -0.683842 0.033622 0.040157
v -0.680289 -0.033927 -0.011050
v -0.681530 -0.033993 0.039781
v -0.212987 0.467254 -0.042148
v -0.121122 0.488675 -0.049063
v -0.193116 0.460313 -0.003143
v -0.190044 0.487594 -0.087485
v -0.147657 0.470568 -0.005997
v -0.142359 0.498894 -0.091472
v -0.287656 0.407501 0.077072
v -0.254051 0.385814 0.161915
v -0.244988 0.419348 0.078608
v -0.314073 0.385642 0.114521
v -0.227431 0.407813 0.120280
v -0.299180 0.375411 0.158217
v -0.282969 0.480862 -0.153514
v -0.262294 0.549015 -0.265584
v -0.241492 0.503601 -0.168664
v -0.311032 0.481441 -0.187114
v -0.227147 0.535905 -0.224665
v -0.304874 0.515445 -0.243992
v -0.390251 0.401362 -0.083628
v -0.435014 0.365434 -0.128925
v -0.379320 0.417930 -0.134949
v -0.422623 0.373079 -0.055136
v -0.401268 0.401410 -0.159912
v -0.447445 0.354553 -0.075740
v -0.399509 0.368554 0.054328
v -0.457362 0.323641 0.118068
v -0.392148 0.359972 0.098143
v -0.430289 0.353867 0.039849
v -0.421582 0.338091 0.131890
v -0.460193 0.330250 0.070691
v 0.212619 0.466876 -0.042418
v 0.121375 0.488468 -0.049110
v 0.193185 0.460247 -0.002929
v 0.189717 0.487212 -0.087434
v 0.147931 0.470136 -0.005902
v 0.141830 0.498521 -0.091195
v 0.287988 0.407668 0.077465
v 0.253859 0.385692 0.161812
v 0.244720 0.418908 0.078868
v 0.314455 0.385716 0.114705
v 0.226887 0.408164 0.120352
v 0.299196 0.375570 0.158065
v 0.283312 0.480571 -0.154719
v 0.263847 0.551107 -0.267820
v 0.241738 0.503891 -0.169983
v 0.310837 0.481788 -0.189485
v 0.227662 0.536731 -0.225635
v 0.306071 0.518492 -0.246838
v 0.389357 0.401141 -0.084164
v 0.434765 0.365551 -0.129221
v 0.378858 0.417518 -0.136221
v 0.423248 0.373063 -0.054815
v 0.401078 0.401235 -0.160512
v 0.447541 0.354744 -0.075490
v 0.399099 0.368446 0.054442
v 0.457327 0.323583 0.118199
v 0.392325 0.359959 0.098302
v 0.430198 0.353772 0.040081
v 0.421525 0.338144 0.132041
v 0.460162 0.330221 0.070888
v -0.255444 -0.643220 -0.001601
v -0.154662 -0.656518 0.001279
v -0.218926 -0.606039 0.031982
v -0.253352 -0.725671 -0.030132
v -0.169668 -0.614898 0.035256
v -0.190940 -0.714767 -0.037992
v -0.309661 -0.539151 0.129345
v -0.271649 -0.543442 0.254654
v -0.263198 -0.553914 0.137100
v -0.337525 -0.520419 0.173581
v -0.241186 -0.553791 0.201337
v -0.320015 -0.524101 0.234145
v -0.347909 -0.637875 -0.121173
v -0.335670 -0.669074 -0.250489
v -0.333264 -0.730365 -0.139526
v -0.361261 -0.584735 -0.154083
v -0.313171 -0.745599 -0.209912
v -0.361522 -0.593250 -0.214341
v -0.398875 -0.461636 -0.052433
v -0.431204 -0.371004 -0.098960
v -0.390439 -0.462920 -0.099678
v -0.422881 -0.419825 -0.027864
v -0.401223 -0.411271 -0.121355
v -0.440814 -0.376258 -0.050395
v -0.411816 -0.462859 0.086917
v -0.450494 -0.394121 0.142479
v -0.406818 -0.465025 0.137026
v -0.432748 -0.425526 0.066890
v -0.424627 -0.432737 0.166697
v -0.454725 -0.390627 0.092836
v 0.254485 -0.643462 -0.001602
v 0.154079 -0.656034 0.000325
v 0.218759 -0.606017 0.032008
v 0.252183 -0.727186 -0.029830
v 0.169360 -0.614855 0.035497
v 0.189909 -0.714665 -0.038682
v 0.309675 -0.539067 0.129344
v 0.272126 -0.543435 0.255082
v 0.262821 -0.553566 0.137127
v 0.337342 -0.520414 0.173771
v 0.241327 -0.553777 0.201503
v 0.320763 -0.524543 0.234522
v 0.347708 -0.638203 -0.121420
v 0.335322 -0.669505 -0.250789
v 0.333220 -0.730738 -0.139572
v 0.362074 -0.585462 -0.154414
v 0.312826 -0.746039 -0.209943
v 0.361118 -0.593273 -0.214566
v 0.398749 -0.461736 -0.052541
v 0.430930 -0.370638 -0.098920
v 0.390458 -0.462736 -0.099414
v 0.422520 -0.419727 -0.027621
v 0.401374 -0.411062 -0.121312
v 0.441300 -0.376340 -0.050495
v 0.412108 -0.462735 0.087227
v 0.451091 -0.394534 0.142813
v 0.407003 -0.464899 0.137140
v 0.432251 -0.425458 0.066489
v 0.424712 -0.432594 0.166851
v 0.454489 -0.390621 0.092818
v -0.096487 -0.581138 0.687999
v -0.182076 -0.751205 0.680218
v -0.067499 -0.624445 0.664946
v -0.164516 -0.583602 0.696693
v -0.101221 -0.688680 0.646200
v -0.218706 -0.664544 0.701355
v 0.096152 -0.581170 0.687384
v 0.180624 -0.752708 0.679482
v 0.066955 -0.623959 0.664382
v 0.164378 -0.584555 0.697102
v 0.100429 -0.688100 0.644638
v 0.218185 -0.666490 0.701599
v -0.000159 -0.292440 0.739274
v 0.000097 -0.166102 0.825760
v 0.047699 -0.262976 0.743418
v -0.048102 -0.262780 0.744075
v 0.048791 -0.201534 0.762713
v -0.048454 -0.201575 0.762934
v 0.136609 -0.393845 0.706123
v 0.232477 -0.332930 0.679051
v 0.184194 -0.435910 0.696935
v 0.141120 -0.329659 0.712777
v 0.236133 -0.404295 0.684645
v 0.190008 -0.299575 0.702975
v -0.136838 -0.393951 0.706143
v -0.232475 -0.332703 0.679206
v -0.185122 -0.435611 0.696893
v -0.141342 -0.329778 0.713235
v -0.236544 -0.403997 0.684576
v -0.190358 -0.299443 0.702991
v -0.070003 0.291171 0.532707
v -0.122684 0.311257 0.445090
v -0.048150 0.302487 0.490842
v -0.117662 0.288830 0.531161
v -0.073203 0.314175 0.445261
v -0.146260 0.297207 0.491401
v 0.070000 0.291024 0.532671
v 0.122954 0.311029 0.446128
v 0.048123 0.302732 0.490610
v 0.117627 0.288765 0.531222
v 0.073098 0.314007 0.445765
v 0.146130 0.297045 0.491041
v -0.000037 0.238374 0.639553
v 0.000312 0.149720 0.649716
v 0.041537 0.218610 0.639362
v -0.041687 0.218636 0.639348
v 0.043232 0.174138 0.644441
v -0.043124 0.173939 0.644355
v 0.113137 0.263670 0.605249
v 0.203991 0.244471 0.592650
v 0.147688 0.269217 0.582964
v 0.121346 0.248360 0.619130
v 0.193979 0.262841 0.576972
v 0.166900 0.234689 0.613371
v -0.113162 0.263666 0.605268
v -0.203960 0.244463 0.592650
v -0.147714 0.269217 0.582918
v -0.121386 0.248349 0.619135
v -0.193993 0.262842 0.576962
v -0.166914 0.234691 0.613320
v -0.064096 -0.311813 -0.503059
v -0.113356 -0.367543 -0.419532
v -0.044114 -0.342244 -0.462548
v -0.107854 -0.306949 -0.502561
v -0.068173 -0.374286 -0.422576
v -0.133116 -0.331584 -0.459227
v 0.064243 -0.311723 -0.503142
v 0.113398 -0.367803 -0.419635
v 0.044102 -0.342150 -0.462443
v 0.107924 -0.306887 -0.502701
v 0.068298 -0.374454 -0.422586
v 0.133050 -0.331478 -0.459284
v -0.000016 -0.232300 -0.630091
v 0.000117 -0.145330 -0.643212
v 0.041937 -0.220086 -0.631756
v -0.042015 -0.220175 -0.631770
v 0.043302 -0.171542 -0.638064
v -0.043262 -0.171955 -0.637884
v 0.109564 -0.253549 -0.599946
v 0.198209 -0.232841 -0.585038
v 0.141915 -0.260109 -0.577297
v 0.117852 -0.238706 -0.611695
v 0.186617 -0.251811 -0.569186
v 0.161906 -0.224799 -0.604441
v -0.109526 -0.253590 -0.599947
v -0.198194 -0.232840 -0.585047
v -0.141860 -0.260143 -0.577262
v -0.117823 -0.238714 -0.611633
v -0.186594 -0.251882 -0.569133
v -0.161931 -0.224742 -0.604576
v -0.088878 0.530906 -0.654793
v -0.161567 0.612707 -0.599106
v -0.064447 0.584113 -0.634225
v -0.148516 0.519048 -0.655050
v -0.100818 0.626779 -0.603694
v -0.187446 0.558775 -0.629597
v 0.089247 0.531034 -0.654949
v 0.161615 0.612900 -0.598874
v 0.064630 0.584195 -0.634136
v 0.148761 0.519570 -0.655391
v 0.100918 0.626873 -0.603843
v 0.187892 0.558990 -0.629437
v 0.000163 0.293978 -0.771720
v -0.000111 0.186618 -0.799682
v 0.054738 0.269556 -0.784932
v -0.054470 0.269196 -0.785012
v 0.058167 0.216541 -0.805172
v -0.058069 0.215198 -0.805190
v 0.136957 0.374989 -0.719438
v 0.238731 0.323713 -0.709800
v 0.175731 0.405621 -0.693429
v 0.150060 0.324701 -0.749414
v 0.224746 0.379018 -0.684303
v 0.206809 0.301037 -0.754210
v -0.136661 0.374798 -0.719637
v -0.238403 0.323510 -0.709372
v -0.175561 0.405738 -0.693587
v -0.149916 0.324717 -0.749405
v -0.224390 0.378842 -0.684049
v -0.206868 0.301125 -0.754650
v 0.586525 0.081909 -0.330195
v 0.558296 0.154812 -0.280155
v 0.562807 0.110511 -0.356058
v 0.597827 0.087336 -0.279692
v 0.547993 0.148460 -0.333158
v 0.585758 0.122343 -0.253253
v 0.574765 -0.084033 -0.323543
v 0.559270 -0.152810 -0.279297
v 0.549064 -0.111245 -0.346734
v 0.590667 -0.089826 -0.277204
v 0.542544 -0.146609 -0.328151
v 0.581995 -0.123672 -0.252065
v 0.514132 -0.052448 -0.438123
v 0.444679 -0.101303 -0.482671
v 0.505401 -0.090501 -0.425299
v 0.488601 -0.035986 -0.471402
v 0.473696 -0.117016 -0.449614
v 0.451765 -0.058439 -0.493578
v 0.526543 0.056990 -0.450932
v 0.463319 0.112744 -0.513063
v 0.520077 0.095410 -0.441474
v 0.502486 0.042566 -0.486639
v 0.486973 0.126261 -0.470461
v 0.472810 0.067646 -0.520872
v 0.625528 0.000033 -0.254087
v 0.653044 -0.000421 -0.146211
v 0.630790 0.029578 -0.227963
v 0.626593 -0.030635 -0.227178
v 0.644651 0.030683 -0.173647
v 0.639981 -0.032107 -0.173442
v 0.594187 0.085835 0.325319
v 0.572374 0.158918 0.282009
v 0.565538 0.114880 0.347629
v 0.611322 0.091473 0.281778
v 0.554806 0.152531 0.327525
v 0.599925 0.127853 0.258690
v 0.594308 -0.084841 0.322606
v 0.566272 -0.164795 0.279041
v 0.564381 -0.116286 0.344662
v 0.610247 -0.091187 0.278933
v 0.548681 -0.158418 0.324446
v 0.596838 -0.129782 0.255563
v 0.532730 -0.051899 0.438982
v 0.455826 -0.110802 0.488455
v 0.521454 -0.094358 0.425821
v 0.507279 -0.034578 0.475303
v 0.482956 -0.126597 0.450356
v 0.468219 -0.061375 0.500149
v 0.532439 0.056672 0.440671
v 0.458429 0.106773 0.485944
v 0.521994 0.094276 0.427128
v 0.507189 0.042469 0.475937
v 0.485411 0.120910 0.449128
v 0.469974 0.066084 0.499889
v 0.656995 0.000934 0.261584
v 0.676757 0.000452 0.166915
v 0.660875 0.030411 0.239150
v 0.660108 -0.028837 0.237873
v 0.670982 0.032112 0.191706
v 0.669224 -0.031039 0.190623
v -0.586581 0.081840 -0.330243
v -0.558020 0.154822 -0.280072
v -0.562816 0.110468 -0.356186
v -0.597828 0.087217 -0.279816
v -0.547901 0.148520 -0.333110
v -0.585807 0.122256 -0.253182
v -0.574919 -0.084062 -0.323543
v -0.559216 -0.152784 -0.279249
v -0.548977 -0.111231 -0.346643
v -0.590777 -0.089822 -0.277300
v -0.542547 -0.146577 -0.328114
v -0.582272 -0.123823 -0.252189
v -0.514163 -0.052651 -0.438156
v -0.444526 -0.100978 -0.482644
v -0.505485 -0.090663 -0.425398
v -0.488672 -0.036024 -0.471387
v -0.473728 -0.117037 -0.449558
v -0.451365 -0.058238 -0.493241
v -0.526469 0.056914 -0.451060
v -0.462940 0.112821 -0.513131
v -0.520077 0.095264 -0.441459
v -0.502482 0.042475 -0.486734
v -0.486712 0.126171 -0.470378
v -0.472827 0.067579 -0.520898
v -0.625535 0.000092 -0.254098
v -0.653069 -0.000450 -0.146273
v -0.630798 0.029649 -0.228002
v -0.626587 -0.030557 -0.227194
v -0.644633 0.030719 -0.173672
v -0.640005 -0.032030 -0.173415
v -0.594602 0.085805 0.325278
v -0.572733 0.158952 0.282078
v -0.565603 0.114838 0.347465
v -0.611946 0.091554 0.281675
v -0.554741 0.152471 0.327426
v -0.600428 0.127798 0.258735
v -0.594319 -0.084889 0.322602
v -0.565796 -0.164877 0.279252
v -0.564441 -0.116179 0.344796
v -0.610361 -0.091229 0.278880
v -0.549174 -0.158473 0.324927
v -0.596984 -0.129787 0.255443
v -0.532654 -0.051922 0.439006
v -0.456198 -0.110408 0.488409
v -0.521607 -0.094434 0.425615
v -0.507187 -0.034540 0.475416
v -0.483366 -0.126514 0.450117
v -0.468115 -0.061387 0.499936
v -0.532344 0.056692 0.440478
v -0.458616 0.106779 0.486301
v -0.521928 0.094377 0.427153
v -0.506946 0.042548 0.475676
v -0.485927 0.120994 0.449523
v -0.469874 0.066041 0.499644
v -0.656978 0.000951 0.261573
v -0.676731 0.000439 0.166895
v -0.660803 0.030460 0.239110
v -0.660122 -0.028818 0.237911
v -0.670974 0.032113 0.191686
v -0.669234 -0.030987 0.190656
v -0.064919 0.453438 0.069741
v -0.115328 0.409326 0.162423
v -0.109309 0.447406 0.073675
v -0.135380 0.425382 0.118318
v -0.044243 0.436251 0.112372
v -0.069109 0.414254 0.160688
v -0.056589 0.553441 -0.195405
v -0.117159 0.620973 -0.303428
v -0.099112 0.547059 -0.192615
v -0.131381 0.574200 -0.244866
v -0.042043 0.587697 -0.249213
v -0.072289 0.629484 -0.302094
v 0.064685 0.453378 0.069691
v 0.115337 0.409436 0.162408
v 0.109429 0.447450 0.073898
v 0.135505 0.424808 0.118535
v 0.044684 0.436014 0.113072
v 0.068845 0.414358 0.160894
v 0.056707 0.553154 -0.195486
v 0.117696 0.620691 -0.303439
v 0.099220 0.547088 -0.192640
v 0.131258 0.573843 -0.245095
v 0.042007 0.587587 -0.249133
v 0.072387 0.629264 -0.302264
v -0.338961 0.324033 0.287548
v -0.424514 0.302943 0.263473
v -0.355688 0.333669 0.237936
v -0.398636 0.322329 0.227314
v -0.365709 0.305516 0.327681
v -0.407863 0.295814 0.313839
v -0.048254 0.360416 0.303847
v 0.048520 0.360415 0.303809
v -0.024426 0.344518 0.351869
v 0.024540 0.345089 0.352357
v -0.023924 0.378312 0.255603
v 0.023875 0.378421 0.255551
v -0.272750 0.295821 0.435806
v -0.306231 0.267389 0.497694
v -0.243674 0.288118 0.479379
v -0.260579 0.275317 0.510580
v -0.319872 0.289169 0.425840
v -0.336515 0.274377 0.456691
v -0.456710 0.590183 -0.361728
v -0.381816 0.413705 -0.291791
v -0.383333 0.513199 -0.304528
v -0.378174 0.448438 -0.272435
v -0.396606 0.501554 -0.390562
v -0.372697 0.426128 -0.347983
v -0.074096 0.715271 -0.453991
v 0.074023 0.715146 -0.453816
v -0.035853 0.692613 -0.508898
v 0.035891 0.692378 -0.508946
v -0.033291 0.694563 -0.404858
v 0.033319 0.694311 -0.404967
v -0.296427 0.507076 -0.522338
v -0.313728 0.383321 -0.560319
v -0.266700 0.483986 -0.570898
v -0.277537 0.422489 -0.590140
v -0.332996 0.466145 -0.493376
v -0.336679 0.401493 -0.510477
v -0.538900 0.269293 -0.036772
v -0.547729 0.265634 0.063103
v -0.515898 0.296470 -0.014115
v -0.520035 0.292445 0.035086
v -0.568986 0.238673 -0.009108
v -0.572891 0.238613 0.040879
v -0.451762 0.269918 -0.363231
v -0.420559 0.257487 -0.467106
v -0.477211 0.223321 -0.387880
v -0.461835 0.217130 -0.438790
v -0.413543 0.315062 -0.393029
v -0.399851 0.309209 -0.446186
v -0.594928 0.166151 -0.116104
v -0.647548 0.099710 -0.063056
v -0.610297 0.129882 -0.144011
v -0.635490 0.097386 -0.117255
v -0.606193 0.169028 -0.061989
v -0.633278 0.135636 -0.035891
v -0.482402 0.242024 0.355193
v -0.431082 0.223833 0.442456
v -0.494033 0.212280 0.377524
v -0.467823 0.199919 0.418840
v -0.445477 0.258595 0.376238
v -0.420556 0.251444 0.421963
v -0.608581 0.171139 0.139586
v -0.650767 0.102270 0.090515
v -0.624582 0.135460 0.164320
v -0.646211 0.101307 0.140347
v -0.613035 0.172007 0.090437
v -0.633551 0.137247 0.065446
v 0.338962 0.324000 0.287493
v 0.424540 0.302982 0.263516
v 0.355900 0.333694 0.238128
v 0.398577 0.322393 0.227441
v 0.365613 0.305523 0.327706
v 0.407838 0.295816 0.313814
v 0.272548 0.295716 0.435634
v 0.306221 0.267373 0.497675
v 0.243700 0.288056 0.479426
v 0.260598 0.275409 0.510589
v 0.319841 0.289177 0.425778
v 0.336581 0.274389 0.456668
v 0.458490 0.590795 -0.366951
v 0.381485 0.413339 -0.291655
v 0.385266 0.518738 -0.307496
v 0.378165 0.449509 -0.273635
v 0.395831 0.500018 -0.392291
v 0.372800 0.425211 -0.348099
v 0.295772 0.505805 -0.523575
v 0.313692 0.382728 -0.560022
v 0.265947 0.483177 -0.571211
v 0.278007 0.422549 -0.590561
v 0.332321 0.464650 -0.494186
v 0.336411 0.400130 -0.510625
v 0.538809 0.269245 -0.036500
v 0.547765 0.265604 0.063174
v 0.515930 0.296478 -0.013931
v 0.519999 0.292350 0.035307
v 0.568967 0.238664 -0.009042
v 0.572969 0.238603 0.040957
v 0.452388 0.270397 -0.363686
v 0.420620 0.257390 -0.467142
v 0.476635 0.223348 -0.387962
v 0.461990 0.216971 -0.438749
v 0.414012 0.315083 -0.393530
v 0.399774 0.308833 -0.446322
v 0.594732 0.166208 -0.116115
v 0.647580 0.099719 -0.062969
v 0.610304 0.129899 -0.144115
v 0.635520 0.097372 -0.117227
v 0.606320 0.169060 -0.062078
v 0.633246 0.135640 -0.035798
v 0.482424 0.241998 0.355187
v 0.431212 0.223768 0.442537
v 0.494171 0.212228 0.377583
v 0.467903 0.199794 0.418925
v 0.445472 0.258600 0.376218
v 0.420528 0.251468 0.421960
v 0.608594 0.171170 0.139623
v 0.650785 0.102296 0.090503
v 0.624692 0.135531 0.164316
v 0.646246 0.101362 0.140333
v 0.613047 0.172045 0.090496
v 0.633563 0.137265 0.065480
v -0.067220 -0.593365 0.165541
v -0.113240 -0.580829 0.293641
v -0.112105 -0.582554 0.157315
v -0.137937 -0.574919 0.220988
v -0.044517 -0.595161 0.230270
v -0.066620 -0.592919 0.294064
v -0.088318 -0.663319 -0.129968
v -0.137014 -0.677341 -0.241472
v -0.123042 -0.757882 -0.146339
v -0.157417 -0.770830 -0.216248
v -0.065035 -0.617655 -0.167479
v -0.085196 -0.625223 -0.220030
v 0.067450 -0.593401 0.165778
v 0.113355 -0.580636 0.293513
v 0.112193 -0.582232 0.157357
v 0.137965 -0.574647 0.221049
v 0.044906 -0.595531 0.230207
v 0.066778 -0.592823 0.294409
v 0.087783 -0.662224 -0.129815
v 0.136043 -0.677076 -0.240735
v 0.122632 -0.755283 -0.145950
v 0.155387 -0.769635 -0.215553
v 0.064578 -0.616945 -0.167257
v 0.084840 -0.624515 -0.219650
v -0.357488 -0.497209 0.367692
v -0.423093 -0.411327 0.301525
v -0.374019 -0.485986 0.307409
v -0.404863 -0.445491 0.276547
v -0.375993 -0.462608 0.391449
v -0.407232 -0.415772 0.355962
v -0.058849 -0.674923 0.471746
v 0.058725 -0.674479 0.471505
v -0.031703 -0.664511 0.524161
v 0.031981 -0.664256 0.524061
v -0.026463 -0.643933 0.414114
v 0.026976 -0.643894 0.414069
v -0.327928 -0.550703 0.559578
v -0.332661 -0.409950 0.570372
v -0.319071 -0.553071 0.627779
v -0.311204 -0.467563 0.620868
v -0.347322 -0.480103 0.509455
v -0.354373 -0.419516 0.519373
v -0.322425 -0.409488 -0.278480
v -0.391087 -0.341076 -0.244845
v -0.348846 -0.436074 -0.240539
v -0.373463 -0.390085 -0.216056
v -0.334060 -0.351898 -0.304848
v -0.373553 -0.325289 -0.292834
v -0.051372 -0.501671 -0.320989
v 0.050758 -0.501927 -0.320824
v -0.024557 -0.458518 -0.353638
v 0.024560 -0.458554 -0.353676
v -0.026691 -0.539978 -0.286752
v 0.026496 -0.539941 -0.286905
v -0.247374 -0.329908 -0.405353
v -0.291258 -0.258379 -0.489206
v -0.223177 -0.308792 -0.451491
v -0.244183 -0.274832 -0.493168
v -0.291373 -0.312238 -0.398466
v -0.313508 -0.274976 -0.439215
v -0.530196 -0.269230 -0.030668
v -0.534999 -0.278214 0.068389
v -0.503405 -0.307247 -0.004357
v -0.506296 -0.312346 0.044429
v -0.564739 -0.236889 -0.006074
v -0.565592 -0.241215 0.043215
v -0.462353 -0.226078 -0.349416
v -0.418769 -0.208738 -0.442957
v -0.479211 -0.195677 -0.376514
v -0.456106 -0.187620 -0.420668
v -0.420018 -0.249159 -0.364544
v -0.400737 -0.237293 -0.415009
v -0.595908 -0.164980 -0.115690
v -0.640759 -0.101758 -0.064060
v -0.606761 -0.130803 -0.144111
v -0.628260 -0.099340 -0.117766
v -0.607087 -0.168566 -0.061640
v -0.630415 -0.137023 -0.036697
v -0.465862 -0.280639 0.359922
v -0.422813 -0.265730 0.453485
v -0.480517 -0.233482 0.377601
v -0.458295 -0.224907 0.422502
v -0.432653 -0.324047 0.391886
v -0.412124 -0.318529 0.440779
v -0.606193 -0.173996 0.137528
v -0.647830 -0.103237 0.089149
v -0.623154 -0.136829 0.161683
v -0.643617 -0.101879 0.138401
v -0.611031 -0.174167 0.089340
v -0.632079 -0.138814 0.064321
v 0.357532 -0.497186 0.367388
v 0.423328 -0.411551 0.301456
v 0.373790 -0.485411 0.307771
v 0.405162 -0.445305 0.276713
v 0.375850 -0.462924 0.391492
v 0.406928 -0.415859 0.355840
v 0.328071 -0.551575 0.559340
v 0.332538 -0.410541 0.570466
v 0.318992 -0.553295 0.627797
v 0.310851 -0.468052 0.621024
v 0.347528 -0.480888 0.509356
v 0.354069 -0.419912 0.519618
v 0.322339 -0.409435 -0.278445
v 0.390788 -0.340821 -0.244693
v 0.348686 -0.436398 -0.241238
v 0.373417 -0.390111 -0.215931
v 0.333845 -0.351675 -0.304453
v 0.373531 -0.325781 -0.292554
v 0.247357 -0.330003 -0.405383
v 0.291417 -0.258366 -0.489465
v 0.223244 -0.308925 -0.451559
v 0.244354 -0.274367 -0.493596
v 0.291245 -0.312275 -0.398412
v 0.313166 -0.275583 -0.438506
v 0.529981 -0.269365 -0.030918
v 0.535275 -0.278275 0.068351
v 0.503060 -0.307420 -0.004761
v 0.507525 -0.312458 0.044801
v 0.564613 -0.236868 -0.006147
v 0.565027 -0.241177 0.043081
v 0.462430 -0.225778 -0.349500
v 0.418791 -0.208506 -0.442937
v 0.479192 -0.195491 -0.376586
v 0.456116 -0.187456 -0.420712
v 0.420500 -0.248727 -0.365089
v 0.400842 -0.237117 -0.415187
v 0.595897 -0.164958 -0.115675
v 0.640671 -0.101764 -0.064034
v 0.606651 -0.130781 -0.144150
v 0.628154 -0.099331 -0.117795
v 0.607125 -0.168526 -0.061598
v 0.630303 -0.137018 -0.036649
v 0.466095 -0.280575 0.359935
v 0.422865 -0.266180 0.453679
v 0.480176 -0.233492 0.377703
v 0.458759 -0.224917 0.422594
v 0.432756 -0.323967 0.392230
v 0.411965 -0.318874 0.440960
v 0.606209 -0.173914 0.137462
v 0.647826 -0.103242 0.089128
v 0.623163 -0.136794 0.161665
v 0.643698 -0.101852 0.138379
v 0.611052 -0.174154 0.089310
v 0.632097 -0.138819 0.064288
v 0.143624 -0.086908 0.703286
v 0.234409 -0.142033 0.673834
v 0.149267 -0.142283 0.726534
v 0.192583 -0.173130 0.704179
v 0.187289 -0.058711 0.675502
v 0.231966 -0.085112 0.661418
v -0.143724 -0.086888 0.703506
v -0.234652 -0.142137 0.673634
v -0.149117 -0.142356 0.726414
v -0.192851 -0.173102 0.704128
v -0.187676 -0.058706 0.675670
v -0.232305 -0.085100 0.661491
v 0.136456 0.072982 0.651255
v 0.222706 0.125332 0.618642
v 0.133609 0.123673 0.640096
v 0.176480 0.149017 0.626414
v 0.183280 0.048387 0.647268
v 0.227107 0.075925 0.628812
v -0.136549 0.073674 0.651750
v -0.222531 0.125220 0.618466
v -0.133849 0.123423 0.640124
v -0.176426 0.148940 0.626504
v -0.183134 0.048459 0.647208
v -0.227094 0.075779 0.628649
v 0.357670 -0.049016 0.584802
v 0.355702 0.049773 0.575222
v 0.400629 -0.020343 0.560266
v 0.399749 0.026590 0.556881
v 0.315867 -0.026057 0.606228
v 0.315851 0.025692 0.601219
v -0.357693 -0.049124 0.584924
v -0.355871 0.049720 0.575256
v -0.400650 -0.020224 0.560278
v -0.399771 0.026493 0.556822
v -0.316189 -0.026203 0.606433
v -0.315814 0.025697 0.600967
v 0.136991 -0.062248 -0.657294
v 0.218000 -0.114854 -0.614429
v 0.132277 -0.117378 -0.638724
v 0.172783 -0.141979 -0.621470
v 0.184217 -0.034452 -0.655482
v 0.224089 -0.061929 -0.631096
v -0.136920 -0.062099 -0.656835
v -0.217648 -0.114692 -0.614068
v -0.132379 -0.117166 -0.638658
v -0.172854 -0.142623 -0.620617
v -0.184236 -0.033922 -0.655076
v -0.223947 -0.061747 -0.630508
v 0.165437 0.098292 -0.769945
v 0.273527 0.155507 -0.765463
v 0.175738 0.156961 -0.812441
v 0.229771 0.187824 -0.800703
v 0.206805 0.070786 -0.730780
v 0.259006 0.096463 -0.728260
v -0.166344 0.093537 -0.778349
v -0.274385 0.156387 -0.765578
v -0.174776 0.155376 -0.811493
v -0.230026 0.188330 -0.800555
v -0.206847 0.070682 -0.732019
v -0.258416 0.097948 -0.726899
v 0.347999 -0.037706 -0.579137
v 0.365386 0.062024 -0.614161
v 0.388764 -0.013922 -0.559792
v 0.397091 0.033308 -0.574720
v 0.313809 -0.011812 -0.612995
v 0.323048 0.039877 -0.634454
v -0.347963 -0.037600 -0.579218
v -0.365393 0.061700 -0.614050
v -0.388709 -0.014188 -0.560214
v -0.397152 0.033306 -0.574761
v -0.313376 -0.011104 -0.613000
v -0.323101 0.040498 -0.634209
v -0.279181 0.436137 0.002654
v -0.275267 0.457300 -0.071419
v -0.237389 0.448202 -0.000075
v -0.234406 0.473504 -0.080482
v -0.339094 0.403835 0.033637
v -0.262238 0.428559 0.039470
v -0.328293 0.395538 0.073015
v -0.332900 0.436277 -0.084948
v -0.257407 0.477888 -0.117395
v -0.321305 0.455906 -0.133712
v -0.373913 0.401004 -0.016944
v -0.356351 0.429069 -0.110288
v -0.398607 0.388421 -0.035078
v -0.364470 0.382128 0.065264
v -0.401536 0.377751 0.010349
v 0.278811 0.435793 0.002697
v 0.274994 0.457247 -0.071823
v 0.237044 0.447959 -0.000104
v 0.234134 0.473019 -0.081050
v 0.339196 0.403733 0.034158
v 0.262487 0.428612 0.039740
v 0.328090 0.395252 0.073213
v 0.333115 0.436219 -0.085244
v 0.257764 0.478001 -0.118359
v 0.321097 0.455692 -0.134869
v 0.373955 0.400890 -0.016560
v 0.355801 0.429040 -0.111079
v 0.399120 0.388239 -0.034695
v 0.365176 0.382186 0.065678
v 0.401470 0.377673 0.010535
v -0.306808 -0.569685 0.035989
v -0.322242 -0.617018 -0.035900
v -0.265331 -0.588093 0.030494
v -0.291947 -0.669484 -0.038749
v -0.365172 -0.522248 0.070403
v -0.285328 -0.559321 0.080725
v -0.352581 -0.520038 0.118969
v -0.364163 -0.547110 -0.052335
v -0.328707 -0.671436 -0.080431
v -0.362126 -0.566823 -0.100013
v -0.388686 -0.496247 0.013110
v -0.378813 -0.509375 -0.076597
v -0.406080 -0.460377 -0.006570
v -0.390890 -0.496547 0.104799
v -0.410543 -0.460611 0.039446
v 0.307040 -0.569691 0.036091
v 0.322277 -0.617589 -0.036063
v 0.265213 -0.588225 0.030392
v 0.291825 -0.670038 -0.038275
v 0.365016 -0.522191 0.070322
v 0.285050 -0.559321 0.080816
v 0.352288 -0.520018 0.118794
v 0.363734 -0.547157 -0.052634
v 0.328496 -0.671808 -0.079917
v 0.362258 -0.566904 -0.100028
v 0.388089 -0.496096 0.013219
v 0.378370 -0.509812 -0.076719
v 0.405832 -0.460383 -0.006384
v 0.390557 -0.496548 0.104798
v 0.410414 -0.460571 0.039534
v -0.000021 -0.527807 0.691344
v -0.075725 -0.473668 0.701854
v -0.031810 -0.573702 0.679510
v -0.117042 -0.522142 0.696804
v 0.075511 -0.473489 0.701842
v 0.031357 -0.573748 0.679245
v 0.116902 -0.522410 0.697047
v 0.043872 -0.381032 0.717216
v -0.043765 -0.380930 0.717144
v 0.046512 -0.323340 0.729072
v -0.046532 -0.323449 0.729041
v 0.129600 -0.458646 0.701840
v 0.091725 -0.357006 0.717632
v -0.129755 -0.458180 0.701311
v -0.091911 -0.356703 0.717118
v -0.000039 0.284443 0.565629
v -0.059176 0.276656 0.587755
v -0.023110 0.292379 0.532488
v -0.088314 0.282066 0.563341
v 0.059139 0.276665 0.587770
v 0.023240 0.292282 0.532495
v 0.088267 0.282110 0.563343
v 0.036285 0.263908 0.620924
v -0.036262 0.263909 0.620933
v 0.039414 0.249847 0.633037
v -0.039410 0.249861 0.632993
v 0.102435 0.273780 0.586690
v 0.077229 0.257356 0.621646
v -0.102441 0.273789 0.586670
v -0.077236 0.257347 0.621668
v 0.000023 -0.292405 -0.542063
v -0.056562 -0.271408 -0.579184
v -0.021185 -0.315531 -0.502771
v -0.082591 -0.285884 -0.544272
v 0.056524 -0.271432 -0.579123
v 0.021293 -0.315512 -0.502779
v 0.082597 -0.285913 -0.544192
v 0.035534 -0.254006 -0.614851
v -0.035449 -0.254010 -0.614879
v 0.039184 -0.241604 -0.625047
v -0.039161 -0.241596 -0.625006
v 0.098333 -0.266426 -0.581027
v 0.075427 -0.248027 -0.615377
v -0.098328 -0.266429 -0.581092
v -0.075374 -0.248072 -0.615370
v 0.000154 0.492902 -0.674165
v -0.072223 0.442407 -0.694525
v -0.029654 0.537571 -0.655140
v -0.108427 0.478750 -0.675385
v 0.072429 0.442253 -0.693840
v 0.029633 0.537222 -0.655020
v 0.108638 0.478464 -0.674558
v 0.044893 0.366817 -0.732945
v -0.044821 0.367033 -0.733123
v 0.050015 0.319399 -0.759100
v -0.049844 0.319400 -0.758491
v 0.124122 0.426330 -0.695145
v 0.095722 0.346507 -0.741866
v -0.123766 0.426687 -0.695638
v -0.095711 0.346546 -0.742134
v 0.572235 0.044652 -0.387281
v 0.605550 0.026734 -0.326443
v 0.570002 0.076073 -0.374201
v 0.604610 0.055206 -0.304661
v 0.562459 -0.042368 -0.380363
v 0.601495 -0.024767 -0.324432
v 0.555384 -0.076039 -0.364200
v 0.597380 -0.056261 -0.301497
v 0.550723 0.002470 -0.422846
v 0.535526 -0.065788 -0.402203
v 0.523724 -0.015289 -0.448988
v 0.548502 0.068370 -0.413256
v 0.528772 0.020792 -0.454128
v 0.617791 0.028406 -0.279497
v 0.614083 -0.028363 -0.278370
v 0.588014 0.043917 0.384311
v 0.626423 0.026397 0.325371
v 0.577554 0.078089 0.367396
v 0.621510 0.057113 0.304507
v 0.589013 -0.039384 0.381494
v 0.626488 -0.023821 0.323691
v 0.578976 -0.075392 0.364634
v 0.622178 -0.054754 0.302241
v 0.568493 0.003187 0.420820
v 0.557860 -0.065054 0.402845
v 0.540540 -0.013411 0.448530
v 0.556557 0.068428 0.405176
v 0.540313 0.021275 0.449328
v 0.643659 0.028763 0.283609
v 0.643552 -0.026762 0.282143
v -0.572219 0.044695 -0.387374
v -0.605505 0.026764 -0.326475
v -0.570043 0.076079 -0.374248
v -0.604601 0.055151 -0.304708
v -0.562483 -0.042285 -0.380387
v -0.601487 -0.024751 -0.324454
v -0.555345 -0.075939 -0.364065
v -0.597299 -0.056303 -0.301356
v -0.550723 0.002465 -0.422863
v -0.535284 -0.065689 -0.402033
v -0.523677 -0.015305 -0.449115
v -0.548491 0.068343 -0.413375
v -0.528775 0.020782 -0.454203
v -0.617754 0.028452 -0.279584
v -0.614089 -0.028288 -0.278354
v -0.587876 0.043945 0.384226
v -0.626353 0.026429 0.325344
v -0.577566 0.078136 0.367575
v -0.621249 0.057117 0.304540
v -0.589181 -0.039526 0.381556
v -0.626466 -0.023865 0.323732
v -0.579072 -0.075655 0.364487
v -0.622221 -0.054829 0.302131
v -0.568455 0.003178 0.420798
v -0.557754 -0.065157 0.402814
v -0.540536 -0.013477 0.448663
v -0.556545 0.068397 0.405152
v -0.540245 0.021291 0.449265
v -0.643609 0.028856 0.283579
v -0.643563 -0.026809 0.282197
v -0.060413 0.485155 -0.011580
v -0.054704 0.513399 -0.097120
v -0.103208 0.478165 -0.009044
v -0.091641 0.507369 -0.092049
v 0.060415 0.484991 -0.011687
v 0.054848 0.513098 -0.097289
v 0.103243 0.478120 -0.008891
v 0.091606 0.507239 -0.091702
v -0.000171 0.475026 0.025611
v -0.084687 0.466483 0.030545
v -0.021081 0.459639 0.063688
v -0.000246 0.535498 -0.148014
v -0.068959 0.526097 -0.140487
v -0.018825 0.556690 -0.197285
v 0.084367 0.466452 0.030664
v 0.020876 0.459627 0.063550
v 0.068613 0.525925 -0.140221
v 0.018952 0.556635 -0.197385
v -0.188543 0.381475 0.208753
v -0.263734 0.353158 0.250667
v -0.208031 0.395089 0.163714
v -0.282291 0.364379 0.203819
v -0.122363 0.339528 0.350666
v -0.197386 0.317935 0.395718
v -0.098126 0.326787 0.398351
v -0.172866 0.307055 0.445222
v -0.119732 0.373026 0.255771
v -0.161794 0.402864 0.163690
v -0.093963 0.393456 0.208348
v -0.270738 0.322108 0.343491
v -0.310175 0.343801 0.245437
v -0.321025 0.314038 0.338613
v -0.073168 0.342939 0.351944
v -0.071640 0.376695 0.255883
v -0.222580 0.302056 0.440574
v -0.299271 0.304343 0.388927
v -0.198234 0.625410 -0.349640
v -0.304774 0.620032 -0.370305
v -0.214082 0.577424 -0.283930
v -0.305178 0.561577 -0.303831
v -0.166807 0.713279 -0.505156
v -0.230644 0.602697 -0.523500
v -0.131351 0.660461 -0.552222
v -0.207027 0.579953 -0.573897
v -0.172531 0.810252 -0.407571
v -0.163659 0.601469 -0.298599
v -0.112546 0.688839 -0.355876
v -0.329793 0.596672 -0.458258
v -0.363454 0.573085 -0.337934
v -0.422768 0.593795 -0.452811
v -0.107464 0.705666 -0.504446
v -0.099989 0.732206 -0.405662
v -0.251940 0.544001 -0.548885
v -0.338980 0.536940 -0.479269
v -0.439467 0.348758 -0.206234
v -0.491669 0.303951 -0.120341
v -0.420830 0.378803 -0.183094
v -0.471296 0.332231 -0.096820
v -0.503026 0.231841 -0.281253
v -0.550596 0.197612 -0.198794
v -0.526521 0.189724 -0.307512
v -0.569622 0.159489 -0.225910
v -0.442519 0.315822 -0.284194
v -0.404766 0.395055 -0.238013
v -0.402342 0.365333 -0.314280
v -0.545454 0.235963 -0.116889
v -0.506755 0.300364 -0.065683
v -0.558411 0.237125 -0.062319
v -0.489898 0.228303 -0.334900
v -0.427236 0.317587 -0.338946
v -0.582090 0.163077 -0.171107
v -0.577323 0.202376 -0.088835
v -0.476762 0.296406 0.198685
v -0.516652 0.283992 0.131662
v -0.450493 0.316927 0.165862
v -0.489622 0.307228 0.101671
v -0.533676 0.224653 0.283760
v -0.577007 0.201832 0.212100
v -0.544252 0.189338 0.306234
v -0.588364 0.164690 0.235493
v -0.485007 0.270307 0.278910
v -0.439194 0.310046 0.214227
v -0.447055 0.284077 0.297109
v -0.567796 0.235379 0.138370
v -0.519657 0.288115 0.083238
v -0.571638 0.237121 0.089672
v -0.515294 0.219134 0.331607
v -0.466451 0.264500 0.327875
v -0.601435 0.169315 0.188232
v -0.591674 0.205544 0.114947
v 0.188105 0.381000 0.208655
v 0.263028 0.352755 0.250351
v 0.208002 0.394917 0.163592
v 0.281880 0.364240 0.203518
v 0.122613 0.339768 0.351220
v 0.197480 0.317965 0.395814
v 0.098308 0.326351 0.399591
v 0.172516 0.307163 0.444095
v 0.119648 0.373359 0.255773
v 0.161831 0.403098 0.163285
v 0.093950 0.393285 0.208193
v 0.073457 0.342910 0.352065
v 0.071238 0.377173 0.255402
v 0.270849 0.322265 0.343597
v 0.310097 0.343676 0.245536
v 0.320881 0.314086 0.338453
v 0.222502 0.302094 0.440386
v 0.299038 0.304253 0.388829
v 0.198630 0.625870 -0.350086
v 0.308421 0.623101 -0.373097
v 0.214526 0.578466 -0.285130
v 0.308663 0.568240 -0.306839
v 0.166373 0.712704 -0.504154
v 0.230736 0.601438 -0.524263
v 0.131674 0.660537 -0.552118
v 0.206871 0.579373 -0.574522
v 0.172740 0.810101 -0.407520
v 0.164102 0.601924 -0.298658
v 0.112636 0.689286 -0.355370
v 0.107537 0.705724 -0.504546
v 0.100384 0.732496 -0.405612
v 0.329966 0.594496 -0.460356
v 0.373527 0.595227 -0.341785
v 0.418768 0.588089 -0.456294
v 0.251846 0.542877 -0.549460
v 0.337823 0.534513 -0.481105
v 0.439095 0.348602 -0.207044
v 0.491851 0.303523 -0.120420
v 0.420529 0.378694 -0.184145
v 0.471406 0.332008 -0.096402
v 0.503358 0.231577 -0.281076
v 0.550525 0.197489 -0.198551
v 0.525906 0.189797 -0.307012
v 0.569931 0.159394 -0.225879
v 0.442811 0.316530 -0.284899
v 0.404140 0.394998 -0.238870
v 0.402439 0.364910 -0.314169
v 0.545160 0.236036 -0.116612
v 0.506631 0.300372 -0.065376
v 0.558328 0.237117 -0.062205
v 0.489771 0.228388 -0.335045
v 0.427449 0.317314 -0.339286
v 0.582126 0.163152 -0.170917
v 0.577028 0.202321 -0.088730
v 0.476796 0.296347 0.198701
v 0.516668 0.284023 0.131739
v 0.450472 0.316910 0.166007
v 0.489595 0.307180 0.101741
v 0.533800 0.224792 0.283728
v 0.577193 0.201952 0.212021
v 0.544208 0.189437 0.306271
v 0.588401 0.164778 0.235517
v 0.485034 0.270277 0.278851
v 0.439153 0.310057 0.214328
v 0.447006 0.284009 0.297006
v 0.567850 0.235349 0.138458
v 0.519724 0.288052 0.083343
v 0.571732 0.237083 0.089707
v 0.515328 0.219169 0.331570
v 0.466501 0.264488 0.327849
v 0.601492 0.169364 0.188172
v 0.591755 0.205596 0.115030
v -0.073633 -0.619255 0.056001
v -0.085007 -0.650920 -0.037184
v -0.121640 -0.619178 0.046091
v -0.134937 -0.688205 -0.038529
v 0.073241 -0.619524 0.056528
v 0.084331 -0.650276 -0.036934
v 0.121245 -0.618944 0.046341
v 0.133862 -0.687649 -0.039166
v -0.000093 -0.607712 0.113877
v -0.092286 -0.600036 0.103204
v -0.022559 -0.599886 0.170364
v -0.000358 -0.613837 -0.074076
v -0.110279 -0.693438 -0.084861
v -0.037102 -0.606028 -0.117029
v 0.092209 -0.600106 0.103306
v 0.022727 -0.599586 0.170197
v 0.109774 -0.692463 -0.084758
v 0.036229 -0.605808 -0.116943
v -0.199201 -0.568150 0.355379
v -0.289504 -0.552185 0.371000
v -0.220182 -0.557990 0.273770
v -0.302978 -0.533246 0.300537
v -0.160113 -0.803559 0.531825
v -0.301583 -0.721869 0.587165
v -0.122114 -0.778617 0.619629
v -0.265898 -0.722202 0.663377
v -0.138175 -0.659059 0.414613
v -0.165163 -0.568184 0.287587
v -0.093935 -0.605051 0.362596
v -0.315991 -0.577068 0.468432
v -0.332280 -0.519758 0.337414
v -0.345134 -0.514596 0.429056
v -0.092525 -0.720178 0.534422
v -0.080892 -0.651225 0.415376
v -0.316986 -0.639562 0.618766
v -0.335889 -0.534842 0.492294
v -0.233273 -0.657982 -0.300660
v -0.289926 -0.528658 -0.289408
v -0.275193 -0.728959 -0.271689
v -0.340317 -0.575351 -0.267936
v -0.121892 -0.455143 -0.350764
v -0.184571 -0.390303 -0.372354
v -0.094046 -0.412368 -0.385179
v -0.158469 -0.358582 -0.415641
v -0.133136 -0.561840 -0.297879
v -0.196623 -0.737703 -0.275523
v -0.109622 -0.604851 -0.263874
v -0.255358 -0.406506 -0.325511
v -0.323814 -0.484626 -0.266826
v -0.294729 -0.378799 -0.315461
v -0.073369 -0.457847 -0.353409
v -0.079870 -0.548788 -0.290654
v -0.203212 -0.346478 -0.410930
v -0.270742 -0.353130 -0.359327
v -0.441919 -0.322223 -0.178088
v -0.487385 -0.296147 -0.105497
v -0.420242 -0.364814 -0.148581
v -0.463341 -0.335290 -0.077163
v -0.514724 -0.210918 -0.276473
v -0.556611 -0.189932 -0.196515
v -0.532077 -0.179436 -0.305406
v -0.571344 -0.157018 -0.225371
v -0.452733 -0.272193 -0.261893
v -0.407463 -0.355259 -0.197414
v -0.413394 -0.298574 -0.278238
v -0.546866 -0.228596 -0.111398
v -0.496441 -0.301996 -0.054447
v -0.557250 -0.232817 -0.057934
v -0.499758 -0.203442 -0.329015
v -0.437497 -0.260749 -0.313405
v -0.583490 -0.161125 -0.170545
v -0.579872 -0.198631 -0.086531
v -0.463987 -0.363876 0.218841
v -0.500966 -0.320085 0.142231
v -0.444334 -0.399409 0.194205
v -0.477892 -0.355574 0.118277
v -0.517336 -0.244063 0.283654
v -0.568221 -0.209073 0.209507
v -0.533234 -0.201284 0.304329
v -0.583311 -0.169340 0.232378
v -0.469426 -0.327391 0.291972
v -0.435528 -0.405145 0.247407
v -0.438121 -0.371064 0.322837
v -0.555403 -0.246324 0.139495
v -0.505651 -0.316732 0.093238
v -0.561003 -0.244130 0.091352
v -0.499587 -0.239789 0.331244
v -0.452064 -0.327280 0.342178
v -0.598235 -0.172519 0.184984
v -0.585702 -0.209896 0.114256
v 0.199192 -0.568135 0.355536
v 0.289640 -0.552268 0.371370
v 0.220409 -0.558030 0.273814
v 0.302948 -0.533196 0.300378
v 0.159451 -0.803024 0.530948
v 0.300983 -0.723652 0.586202
v 0.119431 -0.776946 0.617361
v 0.265461 -0.724916 0.662395
v 0.138191 -0.658101 0.415038
v 0.165317 -0.568242 0.287678
v 0.094432 -0.605406 0.362327
v 0.091918 -0.719790 0.533007
v 0.080560 -0.650349 0.415966
v 0.315115 -0.577306 0.468817
v 0.332436 -0.520021 0.337210
v 0.344331 -0.515100 0.429230
v 0.316878 -0.640487 0.618533
v 0.335718 -0.535649 0.493018
v 0.232993 -0.659488 -0.301030
v 0.289971 -0.529362 -0.289549
v 0.274597 -0.729748 -0.271599
v 0.339826 -0.575955 -0.268259
v 0.121372 -0.454912 -0.350211
v 0.184370 -0.390229 -0.372421
v 0.093839 -0.412035 -0.385142
v 0.158356 -0.358577 -0.415565
v 0.133048 -0.562253 -0.297405
v 0.195736 -0.737963 -0.275102
v 0.109398 -0.604756 -0.264074
v 0.073225 -0.457851 -0.353312
v 0.079520 -0.548968 -0.290776
v 0.255307 -0.406548 -0.325774
v 0.323932 -0.485077 -0.267020
v 0.294654 -0.378787 -0.315270
v 0.203098 -0.346353 -0.410938
v 0.270769 -0.353259 -0.359024
v 0.442191 -0.321771 -0.177931
v 0.487283 -0.296464 -0.105669
v 0.420665 -0.364945 -0.148605
v 0.463364 -0.335211 -0.077183
v 0.514821 -0.210830 -0.276584
v 0.556657 -0.189927 -0.196573
v 0.532098 -0.179427 -0.305397
v 0.571362 -0.157016 -0.225332
v 0.452911 -0.272177 -0.261990
v 0.407400 -0.355175 -0.197393
v 0.413399 -0.299273 -0.278273
v 0.546919 -0.228427 -0.111354
v 0.496348 -0.301742 -0.054580
v 0.557237 -0.232679 -0.057943
v 0.499759 -0.203405 -0.329093
v 0.437588 -0.260877 -0.313546
v 0.583528 -0.161053 -0.170543
v 0.579975 -0.198690 -0.086602
v 0.463798 -0.363532 0.218794
v 0.501626 -0.320299 0.142447
v 0.443914 -0.398994 0.194088
v 0.477853 -0.355705 0.117818
v 0.517585 -0.244184 0.283790
v 0.567875 -0.209243 0.209601
v 0.533238 -0.201334 0.304241
v 0.582834 -0.169448 0.232423
v 0.469775 -0.327798 0.291922
v 0.434391 -0.404287 0.247086
v 0.438309 -0.371178 0.322973
v 0.555243 -0.246407 0.139515
v 0.506481 -0.316606 0.093404
v 0.560706 -0.244382 0.091220
v 0.499574 -0.239722 0.331171
v 0.452237 -0.326743 0.342087
v 0.598183 -0.172461 0.185027
v 0.585585 -0.209763 0.114247
v 0.048763 -0.084718 0.738389
v -0.048388 -0.084781 0.738132
v 0.049124 -0.140607 0.764709
v -0.048879 -0.141005 0.764305
v 0.045755 0.072615 0.664720
v -0.045270 0.072801 0.664650
v 0.044358 0.124207 0.652360
v -0.044526 0.123973 0.652509
v 0.093403 -0.005502 0.685755
v 0.097385 -0.114417 0.730667
v 0.141204 -0.032223 0.683759
v -0.093332 -0.005371 0.686642
v -0.097372 -0.114286 0.731110
v -0.141017 -0.032241 0.684128
v 0.089995 0.098508 0.653240
v 0.138612 0.021125 0.666154
v -0.090260 0.099014 0.652639
v -0.139271 0.021448 0.666416
v 0.303886 -0.321970 0.612019
v 0.269243 -0.230561 0.644241
v 0.273424 -0.364685 0.652423
v 0.231260 -0.265860 0.675955
v 0.406964 -0.198095 0.506154
v 0.386641 -0.124551 0.551845
v 0.445117 -0.160852 0.477081
v 0.427426 -0.091393 0.525506
v 0.364057 -0.297271 0.532347
v 0.306922 -0.391226 0.615918
v 0.358698 -0.358289 0.526440
v 0.433987 -0.213245 0.465690
v 0.389376 -0.310260 0.487980
v 0.311475 -0.135971 0.612250
v 0.232024 -0.202939 0.675225
v 0.273863 -0.111037 0.640685
v 0.396778 -0.070023 0.559649
v 0.315120 -0.079699 0.611114
v -0.303673 -0.321634 0.611564
v -0.268973 -0.231165 0.643510
v -0.273849 -0.364838 0.652632
v -0.231313 -0.266319 0.675565
v -0.406841 -0.198447 0.505937
v -0.386239 -0.124584 0.551708
v -0.444459 -0.161312 0.477167
v -0.427720 -0.091833 0.525334
v -0.364118 -0.296734 0.532356
v -0.306552 -0.391775 0.616393
v -0.358752 -0.357642 0.525842
v -0.433632 -0.213277 0.465229
v -0.389299 -0.309824 0.487978
v -0.312034 -0.135691 0.613071
v -0.231711 -0.202705 0.674632
v -0.273656 -0.111067 0.639849
v -0.396880 -0.069795 0.559690
v -0.315218 -0.079598 0.611317
v 0.284858 0.239333 0.552939
v 0.255808 0.190533 0.589057
v 0.239915 0.252976 0.566786
v 0.211841 0.214666 0.603083
v 0.410300 0.174567 0.495613
v 0.386341 0.115850 0.538824
v 0.448441 0.147447 0.472245
v 0.429146 0.090880 0.520396
v 0.361774 0.234424 0.503531
v 0.274350 0.260798 0.535523
v 0.350546 0.257381 0.482878
v 0.439496 0.187088 0.458067
v 0.392245 0.243281 0.464436
v 0.305800 0.120854 0.582424
v 0.217836 0.173434 0.610753
v 0.267954 0.100320 0.607570
v 0.394025 0.071706 0.548814
v 0.311664 0.074401 0.592170
v -0.284856 0.239379 0.552901
v -0.255762 0.190479 0.588962
v -0.239867 0.253020 0.566775
v -0.211918 0.214745 0.603117
v -0.410279 0.174472 0.495540
v -0.386283 0.115929 0.538919
v -0.448537 0.147426 0.472452
v -0.429117 0.090926 0.520445
v -0.361766 0.234467 0.503481
v -0.274318 0.260872 0.535506
v -0.350535 0.257398 0.482868
v -0.439582 0.187012 0.458142
v -0.392205 0.243294 0.464409
v -0.305920 0.120922 0.582567
v -0.217884 0.173377 0.610711
v -0.267763 0.100205 0.607460
v -0.394015 0.071736 0.548898
v -0.311978 0.074446 0.592434
v 0.046368 -0.062656 -0.665971
v -0.046232 -0.062367 -0.665863
v 0.044616 -0.117690 -0.648837
v -0.044536 -0.118287 -0.648945
v 0.055204 0.102156 -0.768404
v -0.055353 0.099356 -0.773754
v 0.057682 0.159138 -0.796349
v -0.058043 0.156438 -0.802125
v 0.099519 0.019308 -0.710207
v 0.090268 -0.090315 -0.653877
v 0.143359 -0.007658 -0.684387
v -0.099904 0.017925 -0.712651
v -0.090165 -0.090357 -0.653547
v -0.143343 -0.006939 -0.683936
v 0.113984 0.129804 -0.791675
v 0.152538 0.045545 -0.722485
v -0.115640 0.121594 -0.809808
v -0.152891 0.043967 -0.726141
v 0.277135 -0.226588 -0.547842
v 0.251834 -0.186665 -0.583312
v 0.232179 -0.240558 -0.559951
v 0.206840 -0.206925 -0.594628
v 0.401484 -0.167746 -0.494532
v 0.375216 -0.108767 -0.535042
v 0.439078 -0.143272 -0.472844
v 0.413963 -0.082774 -0.514905
v 0.350683 -0.218117 -0.499729
v 0.263653 -0.248278 -0.528825
v 0.335454 -0.243672 -0.477015
v 0.430862 -0.178955 -0.460793
v 0.378347 -0.226999 -0.462001
v 0.300146 -0.114737 -0.580518
v 0.212456 -0.164309 -0.603138
v 0.262703 -0.088839 -0.605846
v 0.381350 -0.061304 -0.546768
v 0.306149 -0.062865 -0.594846
v -0.277081 -0.226677 -0.547760
v -0.252029 -0.186680 -0.583446
v -0.232158 -0.240667 -0.559843
v -0.206862 -0.206914 -0.594789
v -0.401490 -0.167608 -0.494475
v -0.375722 -0.109357 -0.534981
v -0.439129 -0.143284 -0.472817
v -0.413832 -0.082649 -0.514660
v -0.350702 -0.218251 -0.499752
v -0.263601 -0.248398 -0.528783
v -0.335351 -0.243580 -0.476925
v -0.430796 -0.179023 -0.460734
v -0.378352 -0.227126 -0.462039
v -0.299891 -0.114116 -0.580182
v -0.212565 -0.164666 -0.602693
v -0.262271 -0.088591 -0.605711
v -0.381325 -0.061898 -0.546748
v -0.306066 -0.062510 -0.594626
v 0.303014 0.307613 -0.630192
v 0.294394 0.234739 -0.706144
v 0.264865 0.344384 -0.659467
v 0.257066 0.270999 -0.742200
v 0.415873 0.195016 -0.533659
v 0.403051 0.129274 -0.590749
v 0.452000 0.159655 -0.501310
v 0.439472 0.096671 -0.555716
v 0.363296 0.285779 -0.548396
v 0.289936 0.364185 -0.609840
v 0.348064 0.341300 -0.528931
v 0.439550 0.207677 -0.486693
v 0.383467 0.299099 -0.497592
v 0.339091 0.144912 -0.672808
v 0.271446 0.215819 -0.767219
v 0.301583 0.122959 -0.705239
v 0.406396 0.080830 -0.589277
v 0.333334 0.091839 -0.656931
v -0.303514 0.307807 -0.630631
v -0.293976 0.234651 -0.705503
v -0.265310 0.344505 -0.660281
v -0.257215 0.271408 -0.742953
v -0.415298 0.195055 -0.533219
v -0.403147 0.129275 -0.590558
v -0.452096 0.159491 -0.501415
v -0.439318 0.096671 -0.555564
v -0.363795 0.286042 -0.548287
v -0.290138 0.364380 -0.610541
v -0.348583 0.341938 -0.528861
v -0.439734 0.207855 -0.486645
v -0.383371 0.299599 -0.497847
v -0.339374 0.144886 -0.672914
v -0.271582 0.215964 -0.767153
v -0.302072 0.123139 -0.705538
v -0.406638 0.080804 -0.589492
v -0.333140 0.091982 -0.657005
v 0.672812 0.032513 -0.063538
v 0.667663 -0.033684 -0.064073
v 0.658789 0.031676 -0.118303
v 0.653878 -0.033035 -0.118553
v 0.680097 0.033689 0.091055
v 0.677904 -0.033579 0.090512
v 0.675510 0.033207 0.141816
v 0.673564 -0.032716 0.141022
v 0.673612 0.067402 0.014796
v 0.656898 0.064923 -0.090382
v 0.655829 0.101588 -0.010484
v 0.665888 0.067446 0.116073
v 0.654327 0.102387 0.040220
v 0.668674 -0.068868 0.014030
v 0.648540 -0.066953 -0.091196
v 0.650610 -0.103634 -0.011559
v 0.662669 -0.067615 0.114797
v 0.650977 -0.103847 0.039144
v -0.672756 0.032497 -0.063582
v -0.667733 -0.033705 -0.064080
v -0.658752 0.031706 -0.118291
v -0.653915 -0.033023 -0.118605
v -0.680089 0.033716 0.091087
v -0.677921 -0.033592 0.090515
v -0.675484 0.033197 0.141811
v -0.673557 -0.032711 0.141030
v -0.673616 0.067368 0.014748
v -0.656903 0.064889 -0.090434
v -0.655837 0.101596 -0.010512
v -0.665859 0.067419 0.116065
v -0.654326 0.102357 0.040211
v -0.668588 -0.068817 0.014041
v -0.648569 -0.066898 -0.091236
v -0.650650 -0.103567 -0.011559
v -0.662634 -0.067597 0.114819
v -0.650951 -0.103778 0.039176
v -0.173449 0.453241 0.036410
v -0.200094 0.430013 0.078420
v -0.167961 0.510331 -0.135912
v -0.195970 0.522830 -0.180707
v -0.154691 0.439873 0.076662
v -0.148112 0.538327 -0.188634
v -0.341769 0.364116 0.152053
v -0.382431 0.351529 0.143138
v -0.370322 0.342853 0.189771
v -0.339069 0.478001 -0.218772
v -0.369458 0.439230 -0.189963
v -0.362639 0.467971 -0.249140
v -0.456717 0.345653 -0.024569
v -0.460037 0.337442 0.023424
v -0.489656 0.318770 0.005913
v 0.173801 0.453167 0.036765
v 0.200177 0.430492 0.078434
v 0.167286 0.509946 -0.135960
v 0.196378 0.523447 -0.181189
v 0.154826 0.440024 0.076725
v 0.147933 0.537980 -0.188669
v 0.341776 0.363972 0.152150
v 0.382419 0.351545 0.143407
v 0.370339 0.342815 0.190074
v 0.338503 0.479149 -0.222514
v 0.368892 0.439738 -0.192511
v 0.362092 0.469902 -0.252313
v 0.456825 0.345522 -0.024435
v 0.459997 0.337434 0.023616
v 0.489468 0.318826 0.006022
v -0.187677 -0.581492 0.084119
v -0.212590 -0.563364 0.142901
v -0.232418 -0.785542 -0.082144
v -0.274854 -0.787308 -0.153414
v -0.160825 -0.572213 0.149302
v -0.192087 -0.799591 -0.150148
v -0.368451 -0.502208 0.214198
v -0.398254 -0.469084 0.190773
v -0.386662 -0.475936 0.247857
v -0.366096 -0.520217 -0.177974
v -0.381491 -0.461421 -0.148627
v -0.368442 -0.453794 -0.196691
v -0.449246 -0.382241 -0.003451
v -0.453943 -0.386462 0.044017
v -0.477526 -0.346656 0.020323
v 0.187588 -0.581508 0.084249
v 0.212863 -0.563217 0.143071
v 0.230525 -0.786068 -0.082634
v 0.274080 -0.787697 -0.153410
v 0.160908 -0.572253 0.149487
v 0.189352 -0.799419 -0.149996
v 0.368429 -0.501759 0.213890
v 0.398380 -0.469190 0.190576
v 0.386912 -0.475939 0.247650
v 0.366659 -0.520405 -0.178052
v 0.381340 -0.461768 -0.148586
v 0.368125 -0.453694 -0.196667
v 0.449165 -0.382036 -0.003339
v 0.454437 -0.386581 0.044432
v 0.478252 -0.346245 0.020794
v -0.035236 -0.633614 0.624170
v 0.034987 -0.633406 0.624042
v -0.233566 -0.567945 0.697545
v -0.236965 -0.481737 0.689708
v 0.000468 -0.630811 0.571832
v -0.287304 -0.527795 0.673057
v 0.233088 -0.568768 0.697812
v 0.236503 -0.482060 0.689763
v 0.287056 -0.528001 0.673184
v 0.096944 -0.233702 0.737787
v 0.144696 -0.266167 0.721948
v -0.096872 -0.233732 0.737503
v -0.145323 -0.266244 0.722805
v 0.146134 -0.203933 0.724213
v -0.146311 -0.203710 0.725024
v -0.024314 0.315565 0.445763
v 0.024136 0.315555 0.445499
v -0.165574 0.285610 0.526859
v -0.181182 0.274946 0.554466
v -0.000234 0.329760 0.399383
v -0.213266 0.281086 0.519712
v 0.165617 0.285673 0.526929
v 0.181151 0.274979 0.554491
v 0.213362 0.281242 0.519756
v 0.085406 0.194246 0.636099
v 0.126762 0.215473 0.625914
v -0.085334 0.194131 0.636139
v -0.126841 0.215567 0.625838
v 0.130725 0.171849 0.631921
v -0.130541 0.171917 0.632118
v -0.022866 -0.377612 -0.423692
v 0.022650 -0.377490 -0.423678
v -0.152495 -0.299410 -0.500420
v -0.171137 -0.271362 -0.540954
v 0.000166 -0.416900 -0.387659
v -0.197720 -0.289015 -0.496536
v 0.152435 -0.299515 -0.500433
v 0.171287 -0.271225 -0.541218
v 0.197812 -0.288854 -0.496816
v 0.085335 -0.203077 -0.630355
v 0.124210 -0.217360 -0.619751
v -0.085311 -0.203123 -0.630649
v -0.124148 -0.217285 -0.620032
v 0.128602 -0.173009 -0.626606
v -0.128468 -0.172477 -0.626478
v -0.034358 0.635298 -0.609194
v 0.034597 0.635210 -0.609182
v -0.204777 0.499982 -0.650988
v -0.215206 0.438641 -0.667301
v 0.000075 0.676747 -0.572216
v -0.240974 0.461609 -0.620454
v 0.205220 0.500142 -0.650772
v 0.215539 0.438789 -0.667274
v 0.240890 0.461315 -0.620256
v 0.114796 0.247126 -0.807372
v 0.164427 0.274758 -0.786723
v -0.114982 0.246583 -0.808038
v -0.164729 0.274826 -0.786921
v 0.174643 0.219564 -0.814232
v -0.174548 0.219199 -0.814093
v 0.533940 0.142442 -0.382891
v 0.510899 0.135974 -0.427371
v 0.609739 0.091398 -0.226743
v 0.629614 0.061070 -0.200453
v 0.500406 0.178071 -0.410831
v 0.622385 0.094654 -0.172177
v 0.520766 -0.137817 -0.371197
v 0.498115 -0.128379 -0.411972
v 0.603137 -0.093688 -0.225597
v 0.622424 -0.063171 -0.199557
v 0.490158 -0.163781 -0.396567
v 0.615525 -0.096681 -0.171999
v 0.459401 -0.015758 -0.504334
v 0.467338 0.026123 -0.514132
v 0.428523 0.007383 -0.538276
v 0.534966 0.144482 0.371021
v 0.511271 0.133542 0.411110
v 0.627201 0.095978 0.236228
v 0.653610 0.063693 0.214481
v 0.502536 0.173310 0.395038
v 0.640050 0.099341 0.189266
v 0.531795 -0.150089 0.368422
v 0.509130 -0.139795 0.410184
v 0.626349 -0.095740 0.233648
v 0.652284 -0.062573 0.212391
v 0.494931 -0.186318 0.394335
v 0.638452 -0.099291 0.186691
v 0.479596 -0.014627 0.509875
v 0.478710 0.025839 0.509005
v 0.442460 0.005358 0.536041
v -0.533933 0.142407 -0.383058
v -0.510934 0.135964 -0.427479
v -0.609753 0.091336 -0.226789
v -0.629615 0.061081 -0.200487
v -0.500274 0.178137 -0.410745
v -0.622396 0.094567 -0.172217
v -0.520907 -0.137958 -0.371309
v -0.498311 -0.128513 -0.412131
v -0.602642 -0.093567 -0.225341
v -0.622167 -0.063138 -0.199434
v -0.490223 -0.163865 -0.396552
v -0.615030 -0.096603 -0.171784
v -0.459623 -0.016201 -0.504494
v -0.467307 0.026342 -0.514044
v -0.428696 0.007403 -0.538098
v -0.534882 0.144377 0.371066
v -0.512089 0.133836 0.411730
v -0.627239 0.096084 0.236283
v -0.653536 0.063752 0.214485
v -0.502473 0.173056 0.395019
v -0.640098 0.099375 0.189311
v -0.531871 -0.149935 0.368835
v -0.509070 -0.139358 0.410376
v -0.626281 -0.095825 0.233494
v -0.652251 -0.062643 0.212433
v -0.494657 -0.186145 0.394116
v -0.638402 -0.099358 0.186693
v -0.479536 -0.014593 0.510018
v -0.478648 0.025905 0.508932
v -0.442512 0.005220 0.536029
v -0.022575 0.416762 0.159577
v 0.023101 0.417166 0.158933
v 0.000146 0.397790 0.207709
v -0.024541 0.628495 -0.301545
v 0.024209 0.627743 -0.301516
v 0.000249 0.665016 -0.353294
v -0.387954 0.288595 0.363934
v -0.364000 0.281400 0.411883
v -0.406196 0.271645 0.395591
v -0.364072 0.425959 -0.405173
v -0.354378 0.416817 -0.459476
v -0.378046 0.363660 -0.424429
v -0.595086 0.206757 0.016560
v -0.614932 0.171664 -0.009365
v -0.615837 0.172463 0.040911
v 0.387931 0.288658 0.363868
v 0.364100 0.281452 0.411859
v 0.406237 0.271692 0.395550
v 0.363710 0.425186 -0.405402
v 0.353863 0.415550 -0.459858
v 0.378340 0.362850 -0.424432
v 0.595132 0.206765 0.016631
v 0.614955 0.171712 -0.009308
v 0.615804 0.172484 0.041003
v -0.022174 -0.602429 0.293829
v 0.022695 -0.602645 0.293737
v 0.000181 -0.619115 0.355184
v -0.031453 -0.588839 -0.206949
v 0.031000 -0.588685 -0.206939
v -0.000347 -0.569160 -0.249142
v -0.389820 -0.419852 0.410786
v -0.372689 -0.421528 0.466203
v -0.401417 -0.370565 0.427201
v -0.354951 -0.308706 -0.341081
v -0.334810 -0.292098 -0.389876
v -0.377852 -0.270584 -0.378716
v -0.592920 -0.205838 0.017209
v -0.614802 -0.171642 -0.009521
v -0.614577 -0.173365 0.040353
v 0.389718 -0.419157 0.410881
v 0.372685 -0.421861 0.465758
v 0.401368 -0.370207 0.426653
v 0.354648 -0.309725 -0.340629
v 0.334702 -0.292356 -0.389374
v 0.377352 -0.271632 -0.377939
v 0.592859 -0.205834 0.017076
v 0.614818 -0.171665 -0.009529
v 0.614552 -0.173375 0.040299
v 0.230980 -0.029613 0.649779
v 0.230909 0.025066 0.640552
v 0.273805 -0.001112 0.625436
v -0.231170 -0.029472 0.650238
v -0.230386 0.024406 0.640164
v -0.273739 -0.001217 0.625279
v 0.232479 -0.008990 -0.655859
v 0.243696 0.043718 -0.688520
v 0.279686 0.015902 -0.648802
v -0.232354 -0.008374 -0.655792
v -0.243409 0.044201 -0.688599
v -0.278789 0.016361 -0.648681
f 1 647 644
f 1 644 643
f 1 643 645
f 1 645 646
f 1 646 647
f 2 649 652
f 6 672 670
f 12 702 699
f 11 696 695
f 8 679 681
f 4 662 659
f 4 659 658
f 4 658 660
f 4 660 661
f 4 661 662
f 5 666 665
f 3 654 657
f 7 673 677
f 9 685 686
f 10 692 688
f 12 701 698
f 6 669 668
f 2 650 648
f 8 682 678
f 11 697 693
f 6 671 669
f 12 700 701
f 11 694 697
f 8 680 682
f 2 651 650
f 10 690 689
f 5 663 664
f 3 655 653
f 7 676 674
f 9 687 684
f 10 691 690
f 5 667 663
f 3 656 655
f 7 675 676
f 9 683 687
f 6 668 672
f 2 648 649
f 8 678 679
f 11 693 696
f 12 698 702
f 10 688 691
f 5 665 667
f 3 657 656
f 7 677 675
f 9 686 683
f 5 664 666
f 3 653 654
f 7 674 673
f 9 684 685
f 10 689 692
f 6 670 671
f 12 699 700
f 11 695 694
f 8 681 680
f 2 652 651
f 35 837 838
f 18 735 736
f 19 742 741
f 40 868 867
f 42 880 879
f 34 832 831
f 33 827 828
f 25 778 780
f 36 844 846
f 20 749 747
f 32 819 820
f 23 765 767
f 24 773 771
f 37 850 849
f 41 876 875
f 34 833 834
f 33 826 825
f 25 779 777
f 36 845 843
f 20 748 750
f 17 729 727
f 14 711 709
f 13 706 703
f 15 718 715
f 16 724 721
f 18 737 733
f 35 839 835
f 42 882 878
f 40 870 866
f 19 744 740
f 30 807 805
f 27 789 787
f 22 762 758
f 28 797 793
f 29 802 799
f 32 821 817
f 23 766 763
f 24 774 770
f 37 852 848
f 41 874 872
f 35 838 836
f 18 736 734
f 19 741 739
f 40 867 865
f 42 879 877
f 34 831 829
f 33 828 824
f 25 780 776
f 36 846 842
f 20 747 745
f 32 820 818
f 23 767 764
f 24 771 769
f 37 849 847
f 41 875 871
f 34 834 830
f 33 825 823
f 25 777 775
f 36 843 841
f 20 750 746
f 14 714 710
f 13 707 704
f 15 719 716
f 16 725 722
f 17 732 728
f 21 755 752
f 31 814 811
f 26 784 781
f 38 857 853
f 39 862 860
f 27 792 788
f 22 759 757
f 28 796 794
f 29 803 800
f 30 810 806
f 31 815 812
f 26 785 782
f 38 856 854
f 39 863 859
f 21 754 751
f 14 712 714
f 13 705 707
f 15 717 719
f 16 723 725
f 17 730 732
f 21 753 755
f 31 816 814
f 26 786 784
f 38 858 857
f 39 861 862
f 27 791 792
f 22 761 759
f 28 795 796
f 29 801 803
f 30 808 810
f 31 813 815
f 26 783 785
f 38 855 856
f 39 864 863
f 21 756 754
f 14 709 712
f 13 703 705
f 15 715 717
f 16 721 723
f 17 727 730
f 21 751 753
f 31 812 816
f 26 782 786
f 38 854 858
f 39 859 861
f 27 787 791
f 22 758 761
f 28 793 795
f 29 799 801
f 30 805 808
f 31 811 813
f 26 781 783
f 38 853 855
f 39 860 864
f 21 752 756
f 17 728 731
f 14 710 713
f 13 704 708
f 15 716 720
f 16 722 726
f 18 734 738
f 35 836 840
f 42 877 881
f 40 865 869
f 19 739 743
f 30 806 809
f 27 788 790
f 22 757 760
f 28 794 798
f 29 800 804
f 32 818 822
f 23 764 768
f 24 769 772
f 37 847 851
f 41 871 873
f 35 835 837
f 18 733 735
f 19 740 742
f 40 866 868
f 42 878 880
f 34 830 832
f 33 823 827
f 25 775 778
f 36 841 844
f 20 746 749
f 32 817 819
f 23 763 765
f 24 770 773
f 37 848 850
f 41 872 876
f 34 829 833
f 33 824 826
f 25 776 779
f 36 842 845
f 20 745 748
f 17 731 729
f 14 713 711
f 13 708 706
f 15 720 718
f 16 726 724
f 18 738 737
f 35 840 839
f 42 881 882
f 40 869 870
f 19 743 744
f 30 809 807
f 27 790 789
f 22 760 762
f 28 798 797
f 29 804 802
f 32 822 821
f 23 768 766
f 24 772 774
f 37 851 852
f 41 873 874
f 107 1269 1270
f 103 1245 1246
f 104 1252 1251
f 110 1288 1287
f 113 1306 1305
f 118 1336 1335
f 154 1551 1552
f 141 1473 1474
f 162 1599 1600
f 121 1354 1353
f 142 1479 1480
f 129 1401 1402
f 130 1408 1407
f 144 1492 1491
f 146 1504 1503
f 151 1533 1534
f 131 1414 1413
f 136 1444 1443
f 161 1594 1593
f 126 1383 1384
f 116 1323 1324
f 108 1275 1276
f 106 1263 1264
f 112 1299 1300
f 115 1317 1318
f 119 1341 1342
f 156 1564 1563
f 139 1462 1461
f 160 1588 1587
f 120 1347 1348
f 149 1521 1522
f 132 1420 1419
f 128 1395 1396
f 145 1497 1498
f 148 1515 1516
f 155 1557 1558
f 133 1425 1426
f 134 1431 1432
f 157 1570 1569
f 124 1372 1371
f 109 1282 1281
f 105 1258 1257
f 111 1294 1293
f 114 1312 1311
f 117 1330 1329
f 125 1378 1377
f 152 1540 1539
f 137 1449 1450
f 158 1575 1576
f 123 1365 1366
f 143 1486 1485
f 127 1390 1389
f 135 1437 1438
f 147 1510 1509
f 150 1528 1527
f 153 1546 1545
f 140 1468 1467
f 138 1455 1456
f 159 1581 1582
f 122 1359 1360
f 107 1272 1271
f 103 1248 1247
f 104 1253 1254
f 110 1289 1290
f 113 1307 1308
f 118 1337 1338
f 154 1554 1553
f 141 1476 1475
f 162 1602 1601
f 121 1355 1356
f 142 1482 1481
f 129 1404 1403
f 130 1409 1410
f 144 1493 1494
f 146 1505 1506
f 151 1536 1535
f 131 1415 1416
f 136 1445 1446
f 161 1595 1596
f 126 1386 1385
f 47 909 907
f 44 891 889
f 43 886 883
f 45 898 895
f 46 904 901
f 49 922 919
f 72 1060 1057
f 102 1240 1237
f 96 1204 1201
f 79 1102 1099
f 62 999 997
f 59 981 979
f 58 976 973
f 60 988 985
f 61 994 991
f 66 1024 1021
f 54 952 949
f 73 1066 1063
f 85 1138 1135
f 92 1179 1177
f 101 1233 1231
f 69 1041 1039
f 50 927 925
f 82 1119 1117
f 97 1209 1207
f 71 1053 1051
f 100 1228 1225
f 94 1192 1189
f 80 1108 1105
f 51 933 931
f 90 1167 1165
f 63 1005 1003
f 55 957 955
f 76 1083 1081
f 87 1150 1147
f 91 1174 1171
f 67 1029 1027
f 56 963 961
f 75 1077 1075
f 83 1126 1123
f 68 1036 1033
f 48 915 913
f 78 1095 1093
f 93 1185 1183
f 98 1216 1213
f 88 1155 1153
f 65 1018 1015
f 57 970 967
f 77 1090 1087
f 86 1143 1141
f 64 1012 1009
f 53 945 943
f 74 1071 1069
f 84 1131 1129
f 89 1162 1159
f 70 1047 1045
f 99 1221 1219
f 95 1197 1195
f 81 1114 1111
f 52 940 937
f 109 1284 1280
f 105 1260 1256
f 111 1296 1292
f 114 1314 1310
f 117 1332 1328
f 125 1380 1376
f 152 1542 1538
f 137 1451 1447
f 158 1577 1573
f 123 1367 1363
f 143 1488 1484
f 127 1392 1388
f 135 1439 1435
f 147 1512 1508
f 150 1530 1526
f 153 1548 1544
f 140 1470 1466
f 138 1457 1453
f 159 1583 1579
f 122 1361 1357
f 107 1270 1268
f 103 1246 1244
f 104 1251 1249
f 110 1287 1285
f 113 1305 1303
f 118 1335 1333
f 154 1552 1550
f 141 1474 1472
f 162 1600 1598
f 121 1353 1351
f 142 1480 1478
f 129 1402 1400
f 130 1407 1405
f 144 1491 1489
f 146 1503 1501
f 151 1534 1532
f 131 1413 1411
f 136 1443 1441
f 161 1593 1591
f 126 1384 1382
f 116 1324 1322
f 108 1276 1274
f 106 1264 1262
f 112 1300 1298
f 115 1318 1316
f 119 1342 1340
f 156 1563 1561
f 139 1461 1459
f 160 1587 1585
f 120 1348 1346
f 149 1522 1520
f 132 1419 1417
f 128 1396 1394
f 145 1498 1496
f 148 1516 1514
f 155 1558 1556
f 133 1426 1424
f 134 1432 1430
f 157 1569 1567
f 124 1371 1369
f 109 1281 1279
f 105 1257 1255
f 111 1293 1291
f 114 1311 1309
f 117 1329 1327
f 125 1377 1375
f 152 1539 1537
f 137 1450 1448
f 158 1576 1574
f 123 1366 1364
f 143 1485 1483
f 127 1389 1387
f 135 1438 1436
f 147 1509 1507
f 150 1527 1525
f 153 1545 1543
f 140 1467 1465
f 138 1456 1454
f 159 1582 1580
f 122 1360 1358
f 107 1271 1267
f 103 1247 1243
f 104 1254 1250
f 110 1290 1286
f 113 1308 1304
f 118 1338 1334
f 154 1553 1549
f 141 1475 1471
f 162 1601 1597
f 121 1356 1352
f 142 1481 1477
f 129 1403 1399
f 130 1410 1406
f 144 1494 1490
f 146 1506 1502
f 151 1535 1531
f 131 1416 1412
f 136 1446 1442
f 161 1596 1592
f 126 1385 1381
f 44 894 890
f 43 887 884
f 45 899 896
f 46 905 902
f 47 912 908
f 52 941 938
f 70 1050 1046
f 99 1224 1220
f 95 1200 1196
f 81 1115 1112
f 59 984 980
f 58 977 974
f 60 989 986
f 61 995 992
f 62 1002 998
f 65 1019 1016
f 57 971 968
f 77 1091 1088
f 86 1146 1142
f 88 1158 1154
f 98 1217 1214
f 68 1037 1034
f 48 918 914
f 78 1098 1094
f 93 1188 1184
f 69 1044 1040
f 101 1236 1232
f 97 1212 1208
f 82 1122 1118
f 50 930 926
f 89 1163 1160
f 64 1013 1010
f 53 948 944
f 74 1074 1070
f 84 1134 1130
f 90 1170 1166
f 63 1008 1004
f 55 960 956
f 76 1086 1082
f 87 1151 1148
f 72 1061 1058
f 49 923 920
f 79 1103 1100
f 96 1205 1202
f 102 1241 1238
f 91 1175 1172
f 67 1032 1028
f 56 966 962
f 75 1080 1076
f 83 1127 1124
f 66 1025 1022
f 54 953 950
f 73 1067 1064
f 85 1139 1136
f 92 1182 1178
f 71 1056 1052
f 100 1229 1226
f 94 1193 1190
f 80 1109 1106
f 51 936 932
f 116 1325 1321
f 108 1277 1273
f 106 1265 1261
f 112 1301 1297
f 115 1319 1315
f 119 1343 1339
f 156 1566 1562
f 139 1464 1460
f 160 1590 1586
f 120 1349 1345
f 149 1523 1519
f 132 1422 1418
f 128 1397 1393
f 145 1499 1495
f 148 1517 1513
f 155 1559 1555
f 133 1427 1423
f 134 1433 1429
f 157 1572 1568
f 124 1374 1370
f 44 892 894
f 43 885 887
f 45 897 899
f 46 903 905
f 47 910 912
f 52 939 941
f 70 1048 1050
f 99 1222 1224
f 95 1198 1200
f 81 1113 1115
f 59 982 984
f 58 975 977
f 60 987 989
f 61 993 995
f 62 1000 1002
f 65 1017 1019
f 57 969 971
f 77 1089 1091
f 86 1144 1146
f 88 1156 1158
f 98 1215 1217
f 68 1035 1037
f 48 916 918
f 78 1096 1098
f 93 1186 1188
f 69 1042 1044
f 101 1234 1236
f 97 1210 1212
f 82 1120 1122
f 50 928 930
f 89 1161 1163
f 64 1011 1013
f 53 946 948
f 74 1072 1074
f 84 1132 1134
f 90 1168 1170
f 63 1006 1008
f 55 958 960
f 76 1084 1086
f 87 1149 1151
f 72 1059 1061
f 49 921 923
f 79 1101 1103
f 96 1203 1205
f 102 1239 1241
f 91 1173 1175
f 67 1030 1032
f 56 964 966
f 75 1078 1080
f 83 1125 1127
f 66 1023 1025
f 54 951 953
f 73 1065 1067
f 85 1137 1139
f 92 1180 1182
f 71 1054 1056
f 100 1227 1229
f 94 1191 1193
f 80 1107 1109
f 51 934 936
f 116 1326 1325
f 108 1278 1277
f 106 1266 1265
f 112 1302 1301
f 115 1320 1319
f 119 1344 1343
f 156 1565 1566
f 139 1463 1464
f 160 1589 1590
f 120 1350 1349
f 149 1524 1523
f 132 1421 1422
f 128 1398 1397
f 145 1500 1499
f 148 1518 1517
f 155 1560 1559
f 133 1428 1427
f 134 1434 1433
f 157 1571 1572
f 124 1373 1374
f 44 889 892
f 43 883 885
f 45 895 897
f 46 901 903
f 47 907 910
f 52 937 939
f 70 1045 1048
f 99 1219 1222
f 95 1195 1198
f 81 1111 1113
f 59 979 982
f 58 973 975
f 60 985 987
f 61 991 993
f 62 997 1000
f 65 1015 1017
f 57 967 969
f 77 1087 1089
f 86 1141 1144
f 88 1153 1156
f 98 1213 1215
f 68 1033 1035
f 48 913 916
f 78 1093 1096
f 93 1183 1186
f 69 1039 1042
f 101 1231 1234
f 97 1207 1210
f 82 1117 1120
f 50 925 928
f 89 1159 1161
f 64 1009 1011
f 53 943 946
f 74 1069 1072
f 84 1129 1132
f 90 1165 1168
f 63 1003 1006
f 55 955 958
f 76 1081 1084
f 87 1147 1149
f 72 1057 1059
f 49 919 921
f 79 1099 1101
f 96 1201 1203
f 102 1237 1239
f 91 1171 1173
f 67 1027 1030
f 56 961 964
f 75 1075 1078
f 83 1123 1125
f 66 1021 1023
f 54 949 951
f 73 1063 1065
f 85 1135 1137
f 92 1177 1180
f 71 1051 1054
f 100 1225 1227
f 94 1189 1191
f 80 1105 1107
f 51 931 934
f 116 1322 1326
f 108 1274 1278
f 106 1262 1266
f 112 1298 1302
f 115 1316 1320
f 119 1340 1344
f 156 1561 1565
f 139 1459 1463
f 160 1585 1589
f 120 1346 1350
f 149 1520 1524
f 132 1417 1421
f 128 1394 1398
f 145 1496 1500
f 148 1514 1518
f 155 1556 1560
f 133 1424 1428
f 134 1430 1434
f 157 1567 1571
f 124 1369 1373
f 47 908 911
f 44 890 893
f 43 884 888
f 45 896 900
f 46 902 906
f 49 920 924
f 72 1058 1062
f 102 1238 1242
f 96 1202 1206
f 79 1100 1104
f 62 998 1001
f 59 980 983
f 58 974 978
f 60 986 990
f 61 992 996
f 66 1022 1026
f 54 950 954
f 73 1064 1068
f 85 1136 1140
f 92 1178 1181
f 101 1232 1235
f 69 1040 1043
f 50 926 929
f 82 1118 1121
f 97 1208 1211
f 71 1052 1055
f 100 1226 1230
f 94 1190 1194
f 80 1106 1110
f 51 932 935
f 90 1166 1169
f 63 1004 1007
f 55 956 959
f 76 1082 1085
f 87 1148 1152
f 91 1172 1176
f 67 1028 1031
f 56 962 965
f 75 1076 1079
f 83 1124 1128
f 68 1034 1038
f 48 914 917
f 78 1094 1097
f 93 1184 1187
f 98 1214 1218
f 88 1154 1157
f 65 1016 1020
f 57 968 972
f 77 1088 1092
f 86 1142 1145
f 64 1010 1014
f 53 944 947
f 74 1070 1073
f 84 1130 1133
f 89 1160 1164
f 70 1046 1049
f 99 1220 1223
f 95 1196 1199
f 81 1112 1116
f 52 938 942
f 109 1279 1283
f 105 1255 1259
f 111 1291 1295
f 114 1309 1313
f 117 1327 1331
f 125 1375 1379
f 152 1537 1541
f 137 1448 1452
f 158 1574 1578
f 123 1364 1368
f 143 1483 1487
f 127 1387 1391
f 135 1436 1440
f 147 1507 1511
f 150 1525 1529
f 153 1543 1547
f 140 1465 1469
f 138 1454 1458
f 159 1580 1584
f 122 1358 1362
f 107 1267 1269
f 103 1243 1245
f 104 1250 1252
f 110 1286 1288
f 113 1304 1306
f 118 1334 1336
f 154 1549 1551
f 141 1471 1473
f 162 1597 1599
f 121 1352 1354
f 142 1477 1479
f 129 1399 1401
f 130 1406 1408
f 144 1490 1492
f 146 1502 1504
f 151 1531 1533
f 131 1412 1414
f 136 1442 1444
f 161 1592 1594
f 126 1381 1383
f 116 1321 1323
f 108 1273 1275
f 106 1261 1263
f 112 1297 1299
f 115 1315 1317
f 119 1339 1341
f 156 1562 1564
f 139 1460 1462
f 160 1586 1588
f 120 1345 1347
f 149 1519 1521
f 132 1418 1420
f 128 1393 1395
f 145 1495 1497
f 148 1513 1515
f 155 1555 1557
f 133 1423 1425
f 134 1429 1431
f 157 1568 1570
f 124 1370 1372
f 109 1280 1282
f 105 1256 1258
f 111 1292 1294
f 114 1310 1312
f 117 1328 1330
f 125 1376 1378
f 152 1538 1540
f 137 1447 1449
f 158 1573 1575
f 123 1363 1365
f 143 1484 1486
f 127 1388 1390
f 135 1435 1437
f 147 1508 1510
f 150 1526 1528
f 153 1544 1546
f 140 1466 1468
f 138 1453 1455
f 159 1579 1581
f 122 1357 1359
f 107 1268 1272
f 103 1244 1248
f 104 1249 1253
f 110 1285 1289
f 113 1303 1307
f 118 1333 1337
f 154 1550 1554
f 141 1472 1476
f 162 1598 1602
f 121 1351 1355
f 142 1478 1482
f 129 1400 1404
f 130 1405 1409
f 144 1489 1493
f 146 1501 1505
f 151 1532 1536
f 131 1411 1415
f 136 1441 1445
f 161 1591 1595
f 126 1382 1386
f 47 911 909
f 44 893 891
f 43 888 886
f 45 900 898
f 46 906 904
f 49 924 922
f 72 1062 1060
f 102 1242 1240
f 96 1206 1204
f 79 1104 1102
f 62 1001 999
f 59 983 981
f 58 978 976
f 60 990 988
f 61 996 994
f 66 1026 1024
f 54 954 952
f 73 1068 1066
f 85 1140 1138
f 92 1181 1179
f 101 1235 1233
f 69 1043 1041
f 50 929 927
f 82 1121 1119
f 97 1211 1209
f 71 1055 1053
f 100 1230 1228
f 94 1194 1192
f 80 1110 1108
f 51 935 933
f 90 1169 1167
f 63 1007 1005
f 55 959 957
f 76 1085 1083
f 87 1152 1150
f 91 1176 1174
f 67 1031 1029
f 56 965 963
f 75 1079 1077
f 83 1128 1126
f 68 1038 1036
f 48 917 915
f 78 1097 1095
f 93 1187 1185
f 98 1218 1216
f 88 1157 1155
f 65 1020 1018
f 57 972 970
f 77 1092 1090
f 86 1145 1143
f 64 1014 1012
f 53 947 945
f 74 1073 1071
f 84 1133 1131
f 89 1164 1162
f 70 1049 1047
f 99 1223 1221
f 95 1199 1197
f 81 1116 1114
f 52 942 940
f 109 1283 1284
f 105 1259 1260
f 111 1295 1296
f 114 1313 1314
f 117 1331 1332
f 125 1379 1380
f 152 1541 1542
f 137 1452 1451
f 158 1578 1577
f 123 1368 1367
f 143 1487 1488
f 127 1391 1392
f 135 1440 1439
f 147 1511 1512
f 150 1529 1530
f 153 1547 1548
f 140 1469 1470
f 138 1458 1457
f 159 1584 1583
f 122 1362 1361
f 407 1609 1616
f 403 1605 1608
f 404 1611 1606
f 410 1614 1612
f 413 1617 1615
f 422 1631 1624
f 486 1688 1692
f 573 1775 1782
f 561 1763 1765
f 512 1719 1714
f 452 1654 1661
f 448 1650 1653
f 449 1656 1651
f 455 1659 1657
f 458 1662 1660
f 470 1672 1675
f 437 1646 1639
f 494 1706 1696
f 531 1735 1733
f 539 1741 1751
f 568 1770 1779
f 478 1680 1683
f 419 1621 1626
f 509 1711 1721
f 554 1756 1766
f 482 1684 1689
f 576 1780 1778
f 558 1767 1760
f 516 1722 1718
f 425 1627 1629
f 542 1744 1747
f 463 1668 1665
f 434 1636 1641
f 497 1699 1704
f 528 1730 1737
f 546 1748 1750
f 464 1666 1676
f 440 1642 1644
f 500 1705 1702
f 524 1736 1726
f 479 1691 1681
f 418 1623 1620
f 508 1713 1710
f 553 1764 1755
f 569 1781 1771
f 538 1749 1740
f 471 1677 1673
f 443 1645 1647
f 501 1703 1707
f 523 1725 1734
f 467 1674 1669
f 433 1638 1635
f 493 1695 1698
f 527 1732 1729
f 543 1752 1745
f 485 1690 1687
f 572 1777 1774
f 557 1759 1762
f 515 1717 1720
f 428 1630 1632
f 591 2191 2189
f 587 1885 1883
f 588 1901 1903
f 594 2279 2281
f 597 2315 2317
f 600 2171 2173
f 634 2160 2158
f 619 2016 2012
f 639 2214 2210
f 602 1919 1924
f 624 2137 2135
f 608 1978 1973
f 610 1991 1996
f 627 2225 2227
f 630 2302 2304
f 635 2178 2176
f 615 2153 2155
f 617 2009 2014
f 637 2207 2212
f 604 1926 1922
f 416 1857 1864
f 408 1803 1810
f 406 1786 1795
f 412 1822 1831
f 415 1840 1849
f 424 1876 1887
f 492 2182 2193
f 582 2312 2321
f 565 2276 2285
f 514 1898 1907
f 461 2091 2098
f 453 2037 2044
f 451 1952 1961
f 457 2056 2067
f 460 2074 2083
f 475 2128 2139
f 439 1966 1975
f 496 1988 1997
f 533 2222 2231
f 551 2293 2298
f 579 2185 2190
f 483 1879 1884
f 426 1893 1900
f 521 2271 2278
f 566 2307 2314
f 489 2163 2170
f 578 2150 2159
f 560 2006 2015
f 518 2204 2213
f 429 1911 1918
f 547 2131 2136
f 465 1969 1977
f 441 1983 1990
f 504 2217 2224
f 537 2290 2301
f 550 2168 2177
f 476 2145 2152
f 444 2001 2008
f 502 2199 2206
f 526 1916 1925
f 481 1808 1817
f 420 1789 1797
f 510 1825 1833
f 555 1843 1851
f 571 1862 1871
f 540 1933 1941
f 473 2110 2119
f 447 2020 2029
f 507 2236 2247
f 534 2257 2262
f 469 2042 2051
f 435 1947 1954
f 498 2059 2064
f 529 2077 2085
f 545 2096 2105
f 487 2113 2121
f 574 2023 2031
f 562 2239 2244
f 520 2254 2265
f 432 1930 1939
f 589 1818 1814
f 583 1798 1793
f 586 1834 1829
f 593 1852 1847
f 596 1872 1868
f 599 1942 1937
f 633 2120 2124
f 620 2030 2034
f 640 2248 2250
f 603 2263 2261
f 622 2052 2050
f 607 1955 1960
f 612 2065 2063
f 626 2086 2081
f 629 2106 2102
f 631 2122 2117
f 614 2032 2027
f 618 2245 2243
f 641 2266 2268
f 605 1940 1944
f 409 1813 1804
f 405 1792 1785
f 411 1828 1821
f 414 1846 1839
f 417 1867 1858
f 431 1936 1929
f 488 2123 2114
f 575 2033 2024
f 563 2249 2240
f 519 2260 2253
f 454 2049 2038
f 450 1959 1951
f 456 2062 2055
f 459 2080 2073
f 462 2101 2092
f 472 2116 2109
f 446 2026 2019
f 506 2242 2235
f 535 2267 2258
f 541 1943 1934
f 570 1869 1861
f 480 1815 1807
f 421 1799 1790
f 511 1835 1826
f 556 1853 1844
f 484 1889 1880
f 580 2195 2186
f 567 2319 2308
f 522 2283 2272
f 427 1905 1894
f 544 2103 2095
f 468 2046 2041
f 436 1957 1948
f 499 2069 2060
f 530 2087 2078
f 548 2141 2132
f 466 1979 1970
f 442 1993 1984
f 505 2229 2218
f 536 2296 2289
f 491 2188 2181
f 423 1882 1875
f 513 1902 1897
f 564 2280 2275
f 581 2316 2311
f 549 2172 2167
f 477 2157 2146
f 445 2011 2002
f 503 2209 2200
f 525 1923 1915
f 474 2134 2127
f 438 1972 1965
f 495 1995 1987
f 532 2226 2221
f 552 2303 2294
f 490 2175 2164
f 577 2154 2149
f 559 2013 2005
f 517 2211 2203
f 430 1921 1912
f 590 1865 1870
f 584 1811 1816
f 585 1796 1800
f 592 1832 1836
f 595 1850 1854
f 598 1888 1890
f 636 2194 2196
f 621 2322 2320
f 642 2286 2284
f 601 1908 1906
f 623 2099 2104
f 611 2045 2047
f 609 1962 1958
f 625 2068 2070
f 628 2084 2088
f 632 2140 2142
f 613 1976 1980
f 616 1998 1994
f 638 2232 2230
f 606 2299 2297
f 407 2330 2329
f 403 2324 2323
f 404 2325 2326
f 410 2332 2333
f 413 2335 2336
f 422 2344 2345
f 486 2410 2409
f 573 2497 2496
f 561 2486 2485
f 512 2434 2435
f 452 2375 2374
f 448 2369 2368
f 449 2370 2371
f 455 2377 2378
f 458 2380 2381
f 470 2393 2392
f 437 2359 2360
f 494 2415 2416
f 531 2455 2456
f 539 2461 2460
f 568 2489 2488
f 478 2399 2398
f 419 2341 2340
f 509 2431 2430
f 554 2476 2475
f 482 2405 2404
f 576 2500 2501
f 558 2481 2482
f 516 2439 2440
f 425 2348 2347
f 542 2465 2464
f 463 2383 2384
f 434 2356 2355
f 497 2420 2419
f 528 2452 2451
f 546 2471 2470
f 464 2386 2385
f 440 2363 2362
f 500 2422 2423
f 524 2445 2446
f 479 2400 2401
f 418 2338 2339
f 508 2428 2429
f 553 2473 2474
f 569 2490 2491
f 538 2458 2459
f 471 2394 2395
f 443 2366 2365
f 501 2425 2424
f 523 2444 2443
f 467 2389 2390
f 433 2353 2354
f 493 2414 2413
f 527 2449 2450
f 543 2466 2467
f 485 2407 2408
f 572 2494 2495
f 557 2480 2479
f 515 2438 2437
f 428 2351 2350
f 591 2510 2511
f 587 2504 2505
f 588 2508 2507
f 594 2514 2513
f 597 2517 2516
f 600 2520 2519
f 634 2554 2556
f 619 2539 2540
f 639 2560 2561
f 602 2523 2521
f 624 2543 2544
f 608 2527 2529
f 610 2532 2530
f 627 2547 2546
f 630 2550 2549
f 635 2552 2553
f 615 2535 2534
f 617 2538 2536
f 637 2558 2557
f 604 2524 2525
f 167 1607 647
f 164 1603 644
f 163 1604 643
f 165 1610 645
f 166 1613 646
f 169 1622 649
f 192 1686 672
f 222 1773 702
f 216 1761 696
f 199 1712 679
f 182 1652 662
f 179 1648 659
f 178 1649 658
f 180 1655 660
f 181 1658 661
f 186 1670 666
f 174 1637 654
f 193 1694 673
f 205 1731 685
f 212 1739 692
f 221 1768 701
f 189 1678 669
f 170 1619 650
f 202 1709 682
f 217 1754 697
f 191 1682 671
f 220 1776 700
f 214 1758 694
f 200 1716 680
f 171 1625 651
f 210 1742 690
f 183 1663 663
f 175 1634 655
f 196 1697 676
f 207 1728 687
f 211 1746 691
f 187 1664 667
f 176 1640 656
f 195 1700 675
f 203 1724 683
f 188 1679 668
f 168 1618 648
f 198 1708 678
f 213 1753 693
f 218 1769 698
f 208 1738 688
f 185 1671 665
f 177 1643 657
f 197 1701 677
f 206 1723 686
f 184 1667 664
f 173 1633 653
f 194 1693 674
f 204 1727 684
f 209 1743 689
f 190 1685 670
f 219 1772 699
f 215 1757 695
f 201 1715 681
f 172 1628 652
f 357 2187 837
f 255 1881 735
f 262 1899 742
f 388 2277 868
f 400 2313 880
f 352 2169 832
f 347 2156 827
f 298 2010 778
f 364 2208 844
f 269 1917 749
f 339 2133 819
f 285 1971 765
f 293 1989 773
f 370 2223 850
f 396 2300 876
f 353 2174 833
f 346 2151 826
f 299 2007 779
f 365 2205 845
f 268 1920 748
f 249 1855 729
f 231 1801 711
f 226 1784 706
f 238 1820 718
f 244 1838 724
f 257 1874 737
f 359 2180 839
f 402 2310 882
f 390 2274 870
f 264 1896 744
f 327 2089 807
f 309 2035 789
f 282 1950 762
f 317 2054 797
f 322 2072 802
f 341 2126 821
f 286 1964 766
f 294 1986 774
f 372 2220 852
f 394 2291 874
f 358 2183 838
f 256 1877 736
f 261 1891 741
f 387 2269 867
f 399 2305 879
f 351 2161 831
f 348 2148 828
f 300 2004 780
f 366 2202 846
f 267 1909 747
f 340 2129 820
f 287 1967 767
f 291 1981 771
f 369 2215 849
f 395 2288 875
f 354 2166 834
f 345 2143 825
f 297 1999 777
f 363 2197 843
f 270 1914 750
f 234 1806 714
f 227 1787 707
f 239 1823 719
f 245 1841 725
f 252 1860 732
f 275 1931 755
f 334 2108 814
f 304 2018 784
f 377 2234 857
f 382 2255 862
f 312 2040 792
f 279 1945 759
f 316 2057 796
f 323 2075 803
f 330 2094 810
f 335 2111 815
f 305 2021 785
f 376 2237 856
f 383 2252 863
f 274 1928 754
f 232 1812 712
f 225 1791 705
f 237 1827 717
f 243 1845 723
f 250 1866 730
f 273 1935 753
f 336 2118 816
f 306 2028 786
f 378 2246 858
f 381 2259 861
f 311 2048 791
f 281 1953 761
f 315 2061 795
f 321 2079 801
f 328 2100 808
f 333 2115 813
f 303 2025 783
f 375 2241 855
f 384 2264 864
f 276 1938 756
f 229 1802 709
f 223 1783 703
f 235 1819 715
f 241 1837 721
f 247 1856 727
f 271 1927 751
f 332 2112 812
f 302 2022 782
f 374 2238 854
f 379 2251 859
f 307 2036 787
f 278 1949 758
f 313 2053 793
f 319 2071 799
f 325 2090 805
f 331 2107 811
f 301 2017 781
f 373 2233 853
f 380 2256 860
f 272 1932 752
f 248 1859 728
f 230 1805 710
f 224 1788 704
f 236 1824 716
f 242 1842 722
f 254 1878 734
f 356 2184 836
f 397 2306 877
f 385 2270 865
f 259 1892 739
f 326 2093 806
f 308 2039 788
f 277 1946 757
f 314 2058 794
f 320 2076 800
f 338 2130 818
f 284 1968 764
f 289 1982 769
f 367 2216 847
f 391 2287 871
f 355 2179 835
f 253 1873 733
f 260 1895 740
f 386 2273 866
f 398 2309 878
f 350 2165 830
f 343 2144 823
f 295 2000 775
f 361 2198 841
f 266 1913 746
f 337 2125 817
f 283 1963 763
f 290 1985 770
f 368 2219 848
f 392 2292 872
f 349 2162 829
f 344 2147 824
f 296 2003 776
f 362 2201 842
f 265 1910 745
f 251 1863 731
f 233 1809 713
f 228 1794 708
f 240 1830 720
f 246 1848 726
f 258 1886 738
f 360 2192 840
f 401 2318 881
f 389 2282 869
f 263 1904 743
f 329 2097 809
f 310 2043 790
f 280 1956 760
f 318 2066 798
f 324 2082 804
f 342 2138 822
f 288 1974 768
f 292 1992 772
f 371 2228 851
f 393 2295 873
f 409 2331 1269
f 405 2327 1245
f 411 2328 1252
f 414 2334 1288
f 417 2337 1306
f 431 2346 1336
f 488 2412 1551
f 575 2499 1473
f 563 2487 1599
f 519 2436 1354
f 454 2376 1479
f 450 2372 1401
f 456 2373 1408
f 459 2379 1492
f 462 2382 1504
f 472 2396 1533
f 446 2361 1414
f 506 2418 1444
f 535 2457 1594
f 541 2463 1383
f 570 2492 1323
f 480 2402 1275
f 421 2343 1263
f 511 2433 1299
f 556 2478 1317
f 484 2406 1341
f 580 2502 1564
f 567 2484 1462
f 522 2442 1588
f 427 2349 1347
f 544 2468 1521
f 468 2387 1420
f 436 2358 1395
f 499 2421 1497
f 530 2454 1515
f 548 2472 1557
f 466 2388 1425
f 442 2364 1431
f 505 2426 1570
f 536 2448 1372
f 491 2403 1282
f 423 2342 1258
f 513 2432 1294
f 564 2477 1312
f 581 2493 1330
f 549 2462 1378
f 477 2397 1540
f 445 2367 1449
f 503 2427 1575
f 525 2447 1365
f 474 2391 1486
f 438 2357 1390
f 495 2417 1437
f 532 2453 1510
f 552 2469 1528
f 490 2411 1546
f 577 2498 1468
f 559 2483 1455
f 517 2441 1581
f 430 2352 1359
f 590 2509 1272
f 584 2503 1248
f 585 2506 1253
f 592 2512 1289
f 595 2515 1307
f 598 2518 1337
f 636 2555 1554
f 621 2541 1476
f 642 2562 1602
f 601 2522 1355
f 623 2542 1482
f 611 2528 1404
f 609 2531 1409
f 625 2545 1493
f 628 2548 1505
f 632 2551 1536
f 613 2533 1415
f 616 2537 1445
f 638 2559 1595
f 606 2526 1386
f 407 1616 909
f 403 1608 891
f 404 1606 886
f 410 1612 898
f 413 1615 904
f 422 1624 922
f 486 1692 1060
f 573 1782 1240
f 561 1765 1204
f 512 1714 1102
f 452 1661 999
f 448 1653 981
f 449 1651 976
f 455 1657 988
f 458 1660 994
f 470 1675 1024
f 437 1639 952
f 494 1696 1066
f 531 1733 1138
f 539 1751 1179
f 568 1779 1233
f 478 1683 1041
f 419 1626 927
f 509 1721 1119
f 554 1766 1209
f 482 1689 1053
f 576 1778 1228
f 558 1760 1192
f 516 1718 1108
f 425 1629 933
f 542 1747 1167
f 463 1665 1005
f 434 1641 957
f 497 1704 1083
f 528 1737 1150
f 546 1750 1174
f 464 1676 1029
f 440 1644 963
f 500 1702 1077
f 524 1726 1126
f 479 1681 1036
f 418 1620 915
f 508 1710 1095
f 553 1755 1185
f 569 1771 1216
f 538 1740 1155
f 471 1673 1018
f 443 1647 970
f 501 1707 1090
f 523 1734 1143
f 467 1669 1012
f 433 1635 945
f 493 1698 1071
f 527 1729 1131
f 543 1745 1162
f 485 1687 1047
f 572 1774 1221
f 557 1762 1197
f 515 1720 1114
f 428 1632 940
f 591 2189 1284
f 587 1883 1260
f 588 1903 1296
f 594 2281 1314
f 597 2317 1332
f 600 2173 1380
f 634 2158 1542
f 619 2012 1451
f 639 2210 1577
f 602 1924 1367
f 624 2135 1488
f 608 1973 1392
f 610 1996 1439
f 627 2227 1512
f 630 2304 1530
f 635 2176 1548
f 615 2155 1470
f 617 2014 1457
f 637 2212 1583
f 604 1922 1361
f 416 1864 1270
f 408 1810 1246
f 406 1795 1251
f 412 1831 1287
f 415 1849 1305
f 424 1887 1335
f 492 2193 1552
f 582 2321 1474
f 565 2285 1600
f 514 1907 1353
f 461 2098 1480
f 453 2044 1402
f 451 1961 1407
f 457 2067 1491
f 460 2083 1503
f 475 2139 1534
f 439 1975 1413
f 496 1997 1443
f 533 2231 1593
f 551 2298 1384
f 579 2190 1324
f 483 1884 1276
f 426 1900 1264
f 521 2278 1300
f 566 2314 1318
f 489 2170 1342
f 578 2159 1563
f 560 2015 1461
f 518 2213 1587
f 429 1918 1348
f 547 2136 1522
f 465 1977 1419
f 441 1990 1396
f 504 2224 1498
f 537 2301 1516
f 550 2177 1558
f 476 2152 1426
f 444 2008 1432
f 502 2206 1569
f 526 1925 1371
f 481 1817 1281
f 420 1797 1257
f 510 1833 1293
f 555 1851 1311
f 571 1871 1329
f 540 1941 1377
f 473 2119 1539
f 447 2029 1450
f 507 2247 1576
f 534 2262 1366
f 469 2051 1485
f 435 1954 1389
f 498 2064 1438
f 529 2085 1509
f 545 2105 1527
f 487 2121 1545
f 574 2031 1467
f 562 2244 1456
f 520 2265 1582
f 432 1939 1360
f 589 1814 1271
f 583 1793 1247
f 586 1829 1254
f 593 1847 1290
f 596 1868 1308
f 599 1937 1338
f 633 2124 1553
f 620 2034 1475
f 640 2250 1601
f 603 2261 1356
f 622 2050 1481
f 607 1960 1403
f 612 2063 1410
f 626 2081 1494
f 629 2102 1506
f 631 2117 1535
f 614 2027 1416
f 618 2243 1446
f 641 2268 1596
f 605 1944 1385
f 409 1804 894
f 405 1785 887
f 411 1821 899
f 414 1839 905
f 417 1858 912
f 431 1929 941
f 488 2114 1050
f 575 2024 1224
f 563 2240 1200
f 519 2253 1115
f 454 2038 984
f 450 1951 977
f 456 2055 989
f 459 2073 995
f 462 2092 1002
f 472 2109 1019
f 446 2019 971
f 506 2235 1091
f 535 2258 1146
f 541 1934 1158
f 570 1861 1217
f 480 1807 1037
f 421 1790 918
f 511 1826 1098
f 556 1844 1188
f 484 1880 1044
f 580 2186 1236
f 567 2308 1212
f 522 2272 1122
f 427 1894 930
f 544 2095 1163
f 468 2041 1013
f 436 1948 948
f 499 2060 1074
f 530 2078 1134
f 548 2132 1170
f 466 1970 1008
f 442 1984 960
f 505 2218 1086
f 536 2289 1151
f 491 2181 1061
f 423 1875 923
f 513 1897 1103
f 564 2275 1205
f 581 2311 1241
f 549 2167 1175
f 477 2146 1032
f 445 2002 966
f 503 2200 1080
f 525 1915 1127
f 474 2127 1025
f 438 1965 953
f 495 1987 1067
f 532 2221 1139
f 552 2294 1182
f 490 2164 1056
f 577 2149 1229
f 559 2005 1193
f 517 2203 1109
f 430 1912 936
f 590 1870 1325
f 584 1816 1277
f 585 1800 1265
f 592 1836 1301
f 595 1854 1319
f 598 1890 1343
f 636 2196 1566
f 621 2320 1464
f 642 2284 1590
f 601 1906 1349
f 623 2104 1523
f 611 2047 1422
f 609 1958 1397
f 625 2070 1499
f 628 2088 1517
f 632 2142 1559
f 613 1980 1427
f 616 1994 1433
f 638 2230 1572
f 606 2297 1374
f 407 2329 892
f 403 2323 885
f 404 2326 897
f 410 2333 903
f 413 2336 910
f 422 2345 939
f 486 2409 1048
f 573 2496 1222
f 561 2485 1198
f 512 2435 1113
f 452 2374 982
f 448 2368 975
f 449 2371 987
f 455 2378 993
f 458 2381 1000
f 470 2392 1017
f 437 2360 969
f 494 2416 1089
f 531 2456 1144
f 539 2460 1156
f 568 2488 1215
f 478 2398 1035
f 419 2340 916
f 509 2430 1096
f 554 2475 1186
f 482 2404 1042
f 576 2501 1234
f 558 2482 1210
f 516 2440 1120
f 425 2347 928
f 542 2464 1161
f 463 2384 1011
f 434 2355 946
f 497 2419 1072
f 528 2451 1132
f 546 2470 1168
f 464 2385 1006
f 440 2362 958
f 500 2423 1084
f 524 2446 1149
f 479 2401 1059
f 418 2339 921
f 508 2429 1101
f 553 2474 1203
f 569 2491 1239
f 538 2459 1173
f 471 2395 1030
f 443 2365 964
f 501 2424 1078
f 523 2443 1125
f 467 2390 1023
f 433 2354 951
f 493 2413 1065
f 527 2450 1137
f 543 2467 1180
f 485 2408 1054
f 572 2495 1227
f 557 2479 1191
f 515 2437 1107
f 428 2350 934
f 591 2511 1326
f 587 2505 1278
f 588 2507 1266
f 594 2513 1302
f 597 2516 1320
f 600 2519 1344
f 634 2556 1565
f 619 2540 1463
f 639 2561 1589
f 602 2521 1350
f 624 2544 1524
f 608 2529 1421
f 610 2530 1398
f 627 2546 1500
f 630 2549 1518
f 635 2553 1560
f 615 2534 1428
f 617 2536 1434
f 637 2557 1571
f 604 2525 1373
f 164 1609 889
f 163 1605 883
f 165 1611 895
f 166 1614 901
f 167 1617 907
f 172 1631 937
f 190 1688 1045
f 219 1775 1219
f 215 1763 1195
f 201 1719 1111
f 179 1654 979
f 178 1650 973
f 180 1656 985
f 181 1659 991
f 182 1662 997
f 185 1672 1015
f 177 1646 967
f 197 1706 1087
f 206 1735 1141
f 208 1741 1153
f 218 1770 1213
f 188 1680 1033
f 168 1621 913
f 198 1711 1093
f 213 1756 1183
f 189 1684 1039
f 221 1780 1231
f 217 1767 1207
f 202 1722 1117
f 170 1627 925
f 209 1744 1159
f 184 1668 1009
f 173 1636 943
f 194 1699 1069
f 204 1730 1129
f 210 1748 1165
f 183 1666 1003
f 175 1642 955
f 196 1705 1081
f 207 1736 1147
f 192 1691 1057
f 169 1623 919
f 199 1713 1099
f 216 1764 1201
f 222 1781 1237
f 211 1749 1171
f 187 1677 1027
f 176 1645 961
f 195 1703 1075
f 203 1725 1123
f 186 1674 1021
f 174 1638 949
f 193 1695 1063
f 205 1732 1135
f 212 1752 1177
f 191 1690 1051
f 220 1777 1225
f 214 1759 1189
f 200 1717 1105
f 171 1630 931
f 358 2191 1322
f 256 1885 1274
f 261 1901 1262
f 387 2279 1298
f 399 2315 1316
f 351 2171 1340
f 348 2160 1561
f 300 2016 1459
f 366 2214 1585
f 267 1919 1346
f 340 2137 1520
f 287 1978 1417
f 291 1991 1394
f 369 2225 1496
f 395 2302 1514
f 354 2178 1556
f 345 2153 1424
f 297 2009 1430
f 363 2207 1567
f 270 1926 1369
f 247 1857 908
f 229 1803 890
f 223 1786 884
f 235 1822 896
f 241 1840 902
f 253 1876 920
f 355 2182 1058
f 398 2312 1238
f 386 2276 1202
f 260 1898 1100
f 325 2091 998
f 307 2037 980
f 278 1952 974
f 313 2056 986
f 319 2074 992
f 337 2128 1022
f 283 1966 950
f 290 1988 1064
f 368 2222 1136
f 392 2293 1178
f 356 2185 1232
f 254 1879 1040
f 259 1893 926
f 385 2271 1118
f 397 2307 1208
f 349 2163 1052
f 344 2150 1226
f 296 2006 1190
f 362 2204 1106
f 265 1911 932
f 338 2131 1166
f 284 1969 1004
f 289 1983 956
f 367 2217 1082
f 391 2290 1148
f 350 2168 1172
f 343 2145 1028
f 295 2001 962
f 361 2199 1076
f 266 1916 1124
f 230 1808 1034
f 224 1789 914
f 236 1825 1094
f 242 1843 1184
f 248 1862 1214
f 272 1933 1154
f 331 2110 1016
f 301 2020 968
f 373 2236 1088
f 380 2257 1142
f 308 2042 1010
f 277 1947 944
f 314 2059 1070
f 320 2077 1130
f 326 2096 1160
f 332 2113 1046
f 302 2023 1220
f 374 2239 1196
f 379 2254 1112
f 271 1930 938
f 234 1818 1279
f 227 1798 1255
f 239 1834 1291
f 245 1852 1309
f 252 1872 1327
f 275 1942 1375
f 334 2120 1537
f 304 2030 1448
f 377 2248 1574
f 382 2263 1364
f 312 2052 1483
f 279 1955 1387
f 316 2065 1436
f 323 2086 1507
f 330 2106 1525
f 335 2122 1543
f 305 2032 1465
f 376 2245 1454
f 383 2266 1580
f 274 1940 1358
f 232 1813 1267
f 225 1792 1243
f 237 1828 1250
f 243 1846 1286
f 250 1867 1304
f 273 1936 1334
f 336 2123 1549
f 306 2033 1471
f 378 2249 1597
f 381 2260 1352
f 311 2049 1477
f 281 1959 1399
f 315 2062 1406
f 321 2080 1490
f 328 2101 1502
f 333 2116 1531
f 303 2026 1412
f 375 2242 1442
f 384 2267 1592
f 276 1943 1381
f 251 1869 1321
f 233 1815 1273
f 228 1799 1261
f 240 1835 1297
f 246 1853 1315
f 258 1889 1339
f 360 2195 1562
f 401 2319 1460
f 389 2283 1586
f 263 1905 1345
f 329 2103 1519
f 310 2046 1418
f 280 1957 1393
f 318 2069 1495
f 324 2087 1513
f 342 2141 1555
f 288 1979 1423
f 292 1993 1429
f 371 2229 1568
f 393 2296 1370
f 357 2188 1280
f 255 1882 1256
f 262 1902 1292
f 388 2280 1310
f 400 2316 1328
f 352 2172 1376
f 347 2157 1538
f 298 2011 1447
f 364 2209 1573
f 269 1923 1363
f 339 2134 1484
f 285 1972 1388
f 293 1995 1435
f 370 2226 1508
f 396 2303 1526
f 353 2175 1544
f 346 2154 1466
f 299 2013 1453
f 365 2211 1579
f 268 1921 1357
f 249 1865 1268
f 231 1811 1244
f 226 1796 1249
f 238 1832 1285
f 244 1850 1303
f 257 1888 1333
f 359 2194 1550
f 402 2322 1472
f 390 2286 1598
f 264 1908 1351
f 327 2099 1478
f 309 2045 1400
f 282 1962 1405
f 317 2068 1489
f 322 2084 1501
f 341 2140 1532
f 286 1976 1411
f 294 1998 1441
f 372 2232 1591
f 394 2299 1382
f 416 2330 911
f 408 2324 893
f 406 2325 888
f 412 2332 900
f 415 2335 906
f 424 2344 924
f 492 2410 1062
f 582 2497 1242
f 565 2486 1206
f 514 2434 1104
f 461 2375 1001
f 453 2369 983
f 451 2370 978
f 457 2377 990
f 460 2380 996
f 475 2393 1026
f 439 2359 954
f 496 2415 1068
f 533 2455 1140
f 551 2461 1181
f 579 2489 1235
f 483 2399 1043
f 426 2341 929
f 521 2431 1121
f 566 2476 1211
f 489 2405 1055
f 578 2500 1230
f 560 2481 1194
f 518 2439 1110
f 429 2348 935
f 547 2465 1169
f 465 2383 1007
f 441 2356 959
f 504 2420 1085
f 537 2452 1152
f 550 2471 1176
f 476 2386 1031
f 444 2363 965
f 502 2422 1079
f 526 2445 1128
f 481 2400 1038
f 420 2338 917
f 510 2428 1097
f 555 2473 1187
f 571 2490 1218
f 540 2458 1157
f 473 2394 1020
f 447 2366 972
f 507 2425 1092
f 534 2444 1145
f 469 2389 1014
f 435 2353 947
f 498 2414 1073
f 529 2449 1133
f 545 2466 1164
f 487 2407 1049
f 574 2494 1223
f 562 2480 1199
f 520 2438 1116
f 432 2351 942
f 589 2510 1283
f 583 2504 1259
f 586 2508 1295
f 593 2514 1313
f 596 2517 1331
f 599 2520 1379
f 633 2554 1541
f 620 2539 1452
f 640 2560 1578
f 603 2523 1368
f 622 2543 1487
f 607 2527 1391
f 612 2532 1440
f 626 2547 1511
f 629 2550 1529
f 631 2552 1547
f 614 2535 1469
f 618 2538 1458
f 641 2558 1584
f 605 2524 1362
f 164 1607 1609
f 163 1603 1605
f 165 1604 1611
f 166 1610 1614
f 167 1613 1617
f 172 1622 1631
f 190 1686 1688
f 219 1773 1775
f 215 1761 1763
f 201 1712 1719
f 179 1652 1654
f 178 1648 1650
f 180 1649 1656
f 181 1655 1659
f 182 1658 1662
f 185 1670 1672
f 177 1637 1646
f 197 1694 1706
f 206 1731 1735
f 208 1739 1741
f 218 1768 1770
f 188 1678 1680
f 168 1619 1621
f 198 1709 1711
f 213 1754 1756
f 189 1682 1684
f 221 1776 1780
f 217 1758 1767
f 202 1716 1722
f 170 1625 1627
f 209 1742 1744
f 184 1663 1668
f 173 1634 1636
f 194 1697 1699
f 204 1728 1730
f 210 1746 1748
f 183 1664 1666
f 175 1640 1642
f 196 1700 1705
f 207 1724 1736
f 192 1679 1691
f 169 1618 1623
f 199 1708 1713
f 216 1753 1764
f 222 1769 1781
f 211 1738 1749
f 187 1671 1677
f 176 1643 1645
f 195 1701 1703
f 203 1723 1725
f 186 1667 1674
f 174 1633 1638
f 193 1693 1695
f 205 1727 1732
f 212 1743 1752
f 191 1685 1690
f 220 1772 1777
f 214 1757 1759
f 200 1715 1717
f 171 1628 1630
f 358 2187 2191
f 256 1881 1885
f 261 1899 1901
f 387 2277 2279
f 399 2313 2315
f 351 2169 2171
f 348 2156 2160
f 300 2010 2016
f 366 2208 2214
f 267 1917 1919
f 340 2133 2137
f 287 1971 1978
f 291 1989 1991
f 369 2223 2225
f 395 2300 2302
f 354 2174 2178
f 345 2151 2153
f 297 2007 2009
f 363 2205 2207
f 270 1920 1926
f 247 1855 1857
f 229 1801 1803
f 223 1784 1786
f 235 1820 1822
f 241 1838 1840
f 253 1874 1876
f 355 2180 2182
f 398 2310 2312
f 386 2274 2276
f 260 1896 1898
f 325 2089 2091
f 307 2035 2037
f 278 1950 1952
f 313 2054 2056
f 319 2072 2074
f 337 2126 2128
f 283 1964 1966
f 290 1986 1988
f 368 2220 2222
f 392 2291 2293
f 356 2183 2185
f 254 1877 1879
f 259 1891 1893
f 385 2269 2271
f 397 2305 2307
f 349 2161 2163
f 344 2148 2150
f 296 2004 2006
f 362 2202 2204
f 265 1909 1911
f 338 2129 2131
f 284 1967 1969
f 289 1981 1983
f 367 2215 2217
f 391 2288 2290
f 350 2166 2168
f 343 2143 2145
f 295 1999 2001
f 361 2197 2199
f 266 1914 1916
f 230 1806 1808
f 224 1787 1789
f 236 1823 1825
f 242 1841 1843
f 248 1860 1862
f 272 1931 1933
f 331 2108 2110
f 301 2018 2020
f 373 2234 2236
f 380 2255 2257
f 308 2040 2042
f 277 1945 1947
f 314 2057 2059
f 320 2075 2077
f 326 2094 2096
f 332 2111 2113
f 302 2021 2023
f 374 2237 2239
f 379 2252 2254
f 271 1928 1930
f 234 1812 1818
f 227 1791 1798
f 239 1827 1834
f 245 1845 1852
f 252 1866 1872
f 275 1935 1942
f 334 2118 2120
f 304 2028 2030
f 377 2246 2248
f 382 2259 2263
f 312 2048 2052
f 279 1953 1955
f 316 2061 2065
f 323 2079 2086
f 330 2100 2106
f 335 2115 2122
f 305 2025 2032
f 376 2241 2245
f 383 2264 2266
f 274 1938 1940
f 232 1802 1813
f 225 1783 1792
f 237 1819 1828
f 243 1837 1846
f 250 1856 1867
f 273 1927 1936
f 336 2112 2123
f 306 2022 2033
f 378 2238 2249
f 381 2251 2260
f 311 2036 2049
f 281 1949 1959
f 315 2053 2062
f 321 2071 2080
f 328 2090 2101
f 333 2107 2116
f 303 2017 2026
f 375 2233 2242
f 384 2256 2267
f 276 1932 1943
f 251 1859 1869
f 233 1805 1815
f 228 1788 1799
f 240 1824 1835
f 246 1842 1853
f 258 1878 1889
f 360 2184 2195
f 401 2306 2319
f 389 2270 2283
f 263 1892 1905
f 329 2093 2103
f 310 2039 2046
f 280 1946 1957
f 318 2058 2069
f 324 2076 2087
f 342 2130 2141
f 288 1968 1979
f 292 1982 1993
f 371 2216 2229
f 393 2287 2296
f 357 2179 2188
f 255 1873 1882
f 262 1895 1902
f 388 2273 2280
f 400 2309 2316
f 352 2165 2172
f 347 2144 2157
f 298 2000 2011
f 364 2198 2209
f 269 1913 1923
f 339 2125 2134
f 285 1963 1972
f 293 1985 1995
f 370 2219 2226
f 396 2292 2303
f 353 2162 2175
f 346 2147 2154
f 299 2003 2013
f 365 2201 2211
f 268 1910 1921
f 249 1863 1865
f 231 1809 1811
f 226 1794 1796
f 238 1830 1832
f 244 1848 1850
f 257 1886 1888
f 359 2192 2194
f 402 2318 2322
f 390 2282 2286
f 264 1904 1908
f 327 2097 2099
f 309 2043 2045
f 282 1956 1962
f 317 2066 2068
f 322 2082 2084
f 341 2138 2140
f 286 1974 1976
f 294 1992 1998
f 372 2228 2232
f 394 2295 2299
f 416 2331 2330
f 408 2327 2324
f 406 2328 2325
f 412 2334 2332
f 415 2337 2335
f 424 2346 2344
f 492 2412 2410
f 582 2499 2497
f 565 2487 2486
f 514 2436 2434
f 461 2376 2375
f 453 2372 2369
f 451 2373 2370
f 457 2379 2377
f 460 2382 2380
f 475 2396 2393
f 439 2361 2359
f 496 2418 2415
f 533 2457 2455
f 551 2463 2461
f 579 2492 2489
f 483 2402 2399
f 426 2343 2341
f 521 2433 2431
f 566 2478 2476
f 489 2406 2405
f 578 2502 2500
f 560 2484 2481
f 518 2442 2439
f 429 2349 2348
f 547 2468 2465
f 465 2387 2383
f 441 2358 2356
f 504 2421 2420
f 537 2454 2452
f 550 2472 2471
f 476 2388 2386
f 444 2364 2363
f 502 2426 2422
f 526 2448 2445
f 481 2403 2400
f 420 2342 2338
f 510 2432 2428
f 555 2477 2473
f 571 2493 2490
f 540 2462 2458
f 473 2397 2394
f 447 2367 2366
f 507 2427 2425
f 534 2447 2444
f 469 2391 2389
f 435 2357 2353
f 498 2417 2414
f 529 2453 2449
f 545 2469 2466
f 487 2411 2407
f 574 2498 2494
f 562 2483 2480
f 520 2441 2438
f 432 2352 2351
f 589 2509 2510
f 583 2503 2504
f 586 2506 2508
f 593 2512 2514
f 596 2515 2517
f 599 2518 2520
f 633 2555 2554
f 620 2541 2539
f 640 2562 2560
f 603 2522 2523
f 622 2542 2543
f 607 2528 2527
f 612 2531 2532
f 626 2545 2547
f 629 2548 2550
f 631 2551 2552
f 614 2533 2535
f 618 2537 2538
f 641 2559 2558
f 605 2526 2524
f 164 644 1607
f 163 643 1603
f 165 645 1604
f 166 646 1610
f 167 647 1613
f 172 652 1622
f 190 670 1686
f 219 699 1773
f 215 695 1761
f 201 681 1712
f 179 659 1652
f 178 658 1648
f 180 660 1649
f 181 661 1655
f 182 662 1658
f 185 665 1670
f 177 657 1637
f 197 677 1694
f 206 686 1731
f 208 688 1739
f 218 698 1768
f 188 668 1678
f 168 648 1619
f 198 678 1709
f 213 693 1754
f 189 669 1682
f 221 701 1776
f 217 697 1758
f 202 682 1716
f 170 650 1625
f 209 689 1742
f 184 664 1663
f 173 653 1634
f 194 674 1697
f 204 684 1728
f 210 690 1746
f 183 663 1664
f 175 655 1640
f 196 676 1700
f 207 687 1724
f 192 672 1679
f 169 649 1618
f 199 679 1708
f 216 696 1753
f 222 702 1769
f 211 691 1738
f 187 667 1671
f 176 656 1643
f 195 675 1701
f 203 683 1723
f 186 666 1667
f 174 654 1633
f 193 673 1693
f 205 685 1727
f 212 692 1743
f 191 671 1685
f 220 700 1772
f 214 694 1757
f 200 680 1715
f 171 651 1628
f 358 838 2187
f 256 736 1881
f 261 741 1899
f 387 867 2277
f 399 879 2313
f 351 831 2169
f 348 828 2156
f 300 780 2010
f 366 846 2208
f 267 747 1917
f 340 820 2133
f 287 767 1971
f 291 771 1989
f 369 849 2223
f 395 875 2300
f 354 834 2174
f 345 825 2151
f 297 777 2007
f 363 843 2205
f 270 750 1920
f 247 727 1855
f 229 709 1801
f 223 703 1784
f 235 715 1820
f 241 721 1838
f 253 733 1874
f 355 835 2180
f 398 878 2310
f 386 866 2274
f 260 740 1896
f 325 805 2089
f 307 787 2035
f 278 758 1950
f 313 793 2054
f 319 799 2072
f 337 817 2126
f 283 763 1964
f 290 770 1986
f 368 848 2220
f 392 872 2291
f 356 836 2183
f 254 734 1877
f 259 739 1891
f 385 865 2269
f 397 877 2305
f 349 829 2161
f 344 824 2148
f 296 776 2004
f 362 842 2202
f 265 745 1909
f 338 818 2129
f 284 764 1967
f 289 769 1981
f 367 847 2215
f 391 871 2288
f 350 830 2166
f 343 823 2143
f 295 775 1999
f 361 841 2197
f 266 746 1914
f 230 710 1806
f 224 704 1787
f 236 716 1823
f 242 722 1841
f 248 728 1860
f 272 752 1931
f 331 811 2108
f 301 781 2018
f 373 853 2234
f 380 860 2255
f 308 788 2040
f 277 757 1945
f 314 794 2057
f 320 800 2075
f 326 806 2094
f 332 812 2111
f 302 782 2021
f 374 854 2237
f 379 859 2252
f 271 751 1928
f 234 714 1812
f 227 707 1791
f 239 719 1827
f 245 725 1845
f 252 732 1866
f 275 755 1935
f 334 814 2118
f 304 784 2028
f 377 857 2246
f 382 862 2259
f 312 792 2048
f 279 759 1953
f 316 796 2061
f 323 803 2079
f 330 810 2100
f 335 815 2115
f 305 785 2025
f 376 856 2241
f 383 863 2264
f 274 754 1938
f 232 712 1802
f 225 705 1783
f 237 717 1819
f 243 723 1837
f 250 730 1856
f 273 753 1927
f 336 816 2112
f 306 786 2022
f 378 858 2238
f 381 861 2251
f 311 791 2036
f 281 761 1949
f 315 795 2053
f 321 801 2071
f 328 808 2090
f 333 813 2107
f 303 783 2017
f 375 855 2233
f 384 864 2256
f 276 756 1932
f 251 731 1859
f 233 713 1805
f 228 708 1788
f 240 720 1824
f 246 726 1842
f 258 738 1878
f 360 840 2184
f 401 881 2306
f 389 869 2270
f 263 743 1892
f 329 809 2093
f 310 790 2039
f 280 760 1946
f 318 798 2058
f 324 804 2076
f 342 822 2130
f 288 768 1968
f 292 772 1982
f 371 851 2216
f 393 873 2287
f 357 837 2179
f 255 735 1873
f 262 742 1895
f 388 868 2273
f 400 880 2309
f 352 832 2165
f 347 827 2144
f 298 778 2000
f 364 844 2198
f 269 749 1913
f 339 819 2125
f 285 765 1963
f 293 773 1985
f 370 850 2219
f 396 876 2292
f 353 833 2162
f 346 826 2147
f 299 779 2003
f 365 845 2201
f 268 748 1910
f 249 729 1863
f 231 711 1809
f 226 706 1794
f 238 718 1830
f 244 724 1848
f 257 737 1886
f 359 839 2192
f 402 882 2318
f 390 870 2282
f 264 744 1904
f 327 807 2097
f 309 789 2043
f 282 762 1956
f 317 797 2066
f 322 802 2082
f 341 821 2138
f 286 766 1974
f 294 774 1992
f 372 852 2228
f 394 874 2295
f 416 1270 2331
f 408 1246 2327
f 406 1251 2328
f 412 1287 2334
f 415 1305 2337
f 424 1335 2346
f 492 1552 2412
f 582 1474 2499
f 565 1600 2487
f 514 1353 2436
f 461 1480 2376
f 453 1402 2372
f 451 1407 2373
f 457 1491 2379
f 460 1503 2382
f 475 1534 2396
f 439 1413 2361
f 496 1443 2418
f 533 1593 2457
f 551 1384 2463
f 579 1324 2492
f 483 1276 2402
f 426 1264 2343
f 521 1300 2433
f 566 1318 2478
f 489 1342 2406
f 578 1563 2502
f 560 1461 2484
f 518 1587 2442
f 429 1348 2349
f 547 1522 2468
f 465 1419 2387
f 441 1396 2358
f 504 1498 2421
f 537 1516 2454
f 550 1558 2472
f 476 1426 2388
f 444 1432 2364
f 502 1569 2426
f 526 1371 2448
f 481 1281 2403
f 420 1257 2342
f 510 1293 2432
f 555 1311 2477
f 571 1329 2493
f 540 1377 2462
f 473 1539 2397
f 447 1450 2367
f 507 1576 2427
f 534 1366 2447
f 469 1485 2391
f 435 1389 2357
f 498 1438 2417
f 529 1509 2453
f 545 1527 2469
f 487 1545 2411
f 574 1467 2498
f 562 1456 2483
f 520 1582 2441
f 432 1360 2352
f 589 1271 2509
f 583 1247 2503
f 586 1254 2506
f 593 1290 2512
f 596 1308 2515
f 599 1338 2518
f 633 1553 2555
f 620 1475 2541
f 640 1601 2562
f 603 1356 2522
f 622 1481 2542
f 607 1403 2528
f 612 1410 2531
f 626 1494 2545
f 629 1506 2548
f 631 1535 2551
f 614 1416 2533
f 618 1446 2537
f 641 1596 2559
f 605 1385 2526
f 167 907 1616
f 164 889 1608
f 163 883 1606
f 165 895 1612
f 166 901 1615
f 169 919 1624
f 192 1057 1692
f 222 1237 1782
f 216 1201 1765
f 199 1099 1714
f 182 997 1661
f 179 979 1653
f 178 973 1651
f 180 985 1657
f 181 991 1660
f 186 1021 1675
f 174 949 1639
f 193 1063 1696
f 205 1135 1733
f 212 1177 1751
f 221 1231 1779
f 189 1039 1683
f 170 925 1626
f 202 1117 1721
f 217 1207 1766
f 191 1051 1689
f 220 1225 1778
f 214 1189 1760
f 200 1105 1718
f 171 931 1629
f 210 1165 1747
f 183 1003 1665
f 175 955 1641
f 196 1081 1704
f 207 1147 1737
f 211 1171 1750
f 187 1027 1676
f 176 961 1644
f 195 1075 1702
f 203 1123 1726
f 188 1033 1681
f 168 913 1620
f 198 1093 1710
f 213 1183 1755
f 218 1213 1771
f 208 1153 1740
f 185 1015 1673
f 177 967 1647
f 197 1087 1707
f 206 1141 1734
f 184 1009 1669
f 173 943 1635
f 194 1069 1698
f 204 1129 1729
f 209 1159 1745
f 190 1045 1687
f 219 1219 1774
f 215 1195 1762
f 201 1111 1720
f 172 937 1632
f 357 1280 2189
f 255 1256 1883
f 262 1292 1903
f 388 1310 2281
f 400 1328 2317
f 352 1376 2173
f 347 1538 2158
f 298 1447 2012
f 364 1573 2210
f 269 1363 1924
f 339 1484 2135
f 285 1388 1973
f 293 1435 1996
f 370 1508 2227
f 396 1526 2304
f 353 1544 2176
f 346 1466 2155
f 299 1453 2014
f 365 1579 2212
f 268 1357 1922
f 249 1268 1864
f 231 1244 1810
f 226 1249 1795
f 238 1285 1831
f 244 1303 1849
f 257 1333 1887
f 359 1550 2193
f 402 1472 2321
f 390 1598 2285
f 264 1351 1907
f 327 1478 2098
f 309 1400 2044
f 282 1405 1961
f 317 1489 2067
f 322 1501 2083
f 341 1532 2139
f 286 1411 1975
f 294 1441 1997
f 372 1591 2231
f 394 1382 2298
f 358 1322 2190
f 256 1274 1884
f 261 1262 1900
f 387 1298 2278
f 399 1316 2314
f 351 1340 2170
f 348 1561 2159
f 300 1459 2015
f 366 1585 2213
f 267 1346 1918
f 340 1520 2136
f 287 1417 1977
f 291 1394 1990
f 369 1496 2224
f 395 1514 2301
f 354 1556 2177
f 345 1424 2152
f 297 1430 2008
f 363 1567 2206
f 270 1369 1925
f 234 1279 1817
f 227 1255 1797
f 239 1291 1833
f 245 1309 1851
f 252 1327 1871
f 275 1375 1941
f 334 1537 2119
f 304 1448 2029
f 377 1574 2247
f 382 1364 2262
f 312 1483 2051
f 279 1387 1954
f 316 1436 2064
f 323 1507 2085
f 330 1525 2105
f 335 1543 2121
f 305 1465 2031
f 376 1454 2244
f 383 1580 2265
f 274 1358 1939
f 232 1267 1814
f 225 1243 1793
f 237 1250 1829
f 243 1286 1847
f 250 1304 1868
f 273 1334 1937
f 336 1549 2124
f 306 1471 2034
f 378 1597 2250
f 381 1352 2261
f 311 1477 2050
f 281 1399 1960
f 315 1406 2063
f 321 1490 2081
f 328 1502 2102
f 333 1531 2117
f 303 1412 2027
f 375 1442 2243
f 384 1592 2268
f 276 1381 1944
f 229 890 1804
f 223 884 1785
f 235 896 1821
f 241 902 1839
f 247 908 1858
f 271 938 1929
f 332 1046 2114
f 302 1220 2024
f 374 1196 2240
f 379 1112 2253
f 307 980 2038
f 278 974 1951
f 313 986 2055
f 319 992 2073
f 325 998 2092
f 331 1016 2109
f 301 968 2019
f 373 1088 2235
f 380 1142 2258
f 272 1154 1934
f 248 1214 1861
f 230 1034 1807
f 224 914 1790
f 236 1094 1826
f 242 1184 1844
f 254 1040 1880
f 356 1232 2186
f 397 1208 2308
f 385 1118 2272
f 259 926 1894
f 326 1160 2095
f 308 1010 2041
f 277 944 1948
f 314 1070 2060
f 320 1130 2078
f 338 1166 2132
f 284 1004 1970
f 289 956 1984
f 367 1082 2218
f 391 1148 2289
f 355 1058 2181
f 253 920 1875
f 260 1100 1897
f 386 1202 2275
f 398 1238 2311
f 350 1172 2167
f 343 1028 2146
f 295 962 2002
f 361 1076 2200
f 266 1124 1915
f 337 1022 2127
f 283 950 1965
f 290 1064 1987
f 368 1136 2221
f 392 1178 2294
f 349 1052 2164
f 344 1226 2149
f 296 1190 2005
f 362 1106 2203
f 265 932 1912
f 251 1321 1870
f 233 1273 1816
f 228 1261 1800
f 240 1297 1836
f 246 1315 1854
f 258 1339 1890
f 360 1562 2196
f 401 1460 2320
f 389 1586 2284
f 263 1345 1906
f 329 1519 2104
f 310 1418 2047
f 280 1393 1958
f 318 1495 2070
f 324 1513 2088
f 342 1555 2142
f 288 1423 1980
f 292 1429 1994
f 371 1568 2230
f 393 1370 2297
f 409 894 2329
f 405 887 2323
f 411 899 2326
f 414 905 2333
f 417 912 2336
f 431 941 2345
f 488 1050 2409
f 575 1224 2496
f 563 1200 2485
f 519 1115 2435
f 454 984 2374
f 450 977 2368
f 456 989 2371
f 459 995 2378
f 462 1002 2381
f 472 1019 2392
f 446 971 2360
f 506 1091 2416
f 535 1146 2456
f 541 1158 2460
f 570 1217 2488
f 480 1037 2398
f 421 918 2340
f 511 1098 2430
f 556 1188 2475
f 484 1044 2404
f 580 1236 2501
f 567 1212 2482
f 522 1122 2440
f 427 930 2347
f 544 1163 2464
f 468 1013 2384
f 436 948 2355
f 499 1074 2419
f 530 1134 2451
f 548 1170 2470
f 466 1008 2385
f 442 960 2362
f 505 1086 2423
f 536 1151 2446
f 491 1061 2401
f 423 923 2339
f 513 1103 2429
f 564 1205 2474
f 581 1241 2491
f 549 1175 2459
f 477 1032 2395
f 445 966 2365
f 503 1080 2424
f 525 1127 2443
f 474 1025 2390
f 438 953 2354
f 495 1067 2413
f 532 1139 2450
f 552 1182 2467
f 490 1056 2408
f 577 1229 2495
f 559 1193 2479
f 517 1109 2437
f 430 936 2350
f 590 1325 2511
f 584 1277 2505
f 585 1265 2507
f 592 1301 2513
f 595 1319 2516
f 598 1343 2519
f 636 1566 2556
f 621 1464 2540
f 642 1590 2561
f 601 1349 2521
f 623 1523 2544
f 611 1422 2529
f 609 1397 2530
f 625 1499 2546
f 628 1517 2549
f 632 1559 2553
f 613 1427 2534
f 616 1433 2536
f 638 1572 2557
f 606 1374 2525
f 407 892 1609
f 403 885 1605
f 404 897 1611
f 410 903 1614
f 413 910 1617
f 422 939 1631
f 486 1048 1688
f 573 1222 1775
f 561 1198 1763
f 512 1113 1719
f 452 982 1654
f 448 975 1650
f 449 987 1656
f 455 993 1659
f 458 1000 1662
f 470 1017 1672
f 437 969 1646
f 494 1089 1706
f 531 1144 1735
f 539 1156 1741
f 568 1215 1770
f 478 1035 1680
f 419 916 1621
f 509 1096 1711
f 554 1186 1756
f 482 1042 1684
f 576 1234 1780
f 558 1210 1767
f 516 1120 1722
f 425 928 1627
f 542 1161 1744
f 463 1011 1668
f 434 946 1636
f 497 1072 1699
f 528 1132 1730
f 546 1168 1748
f 464 1006 1666
f 440 958 1642
f 500 1084 1705
f 524 1149 1736
f 479 1059 1691
f 418 921 1623
f 508 1101 1713
f 553 1203 1764
f 569 1239 1781
f 538 1173 1749
f 471 1030 1677
f 443 964 1645
f 501 1078 1703
f 523 1125 1725
f 467 1023 1674
f 433 951 1638
f 493 1065 1695
f 527 1137 1732
f 543 1180 1752
f 485 1054 1690
f 572 1227 1777
f 557 1191 1759
f 515 1107 1717
f 428 934 1630
f 591 1326 2191
f 587 1278 1885
f 588 1266 1901
f 594 1302 2279
f 597 1320 2315
f 600 1344 2171
f 634 1565 2160
f 619 1463 2016
f 639 1589 2214
f 602 1350 1919
f 624 1524 2137
f 608 1421 1978
f 610 1398 1991
f 627 1500 2225
f 630 1518 2302
f 635 1560 2178
f 615 1428 2153
f 617 1434 2009
f 637 1571 2207
f 604 1373 1926
f 416 911 1857
f 408 893 1803
f 406 888 1786
f 412 900 1822
f 415 906 1840
f 424 924 1876
f 492 1062 2182
f 582 1242 2312
f 565 1206 2276
f 514 1104 1898
f 461 1001 2091
f 453 983 2037
f 451 978 1952
f 457 990 2056
f 460 996 2074
f 475 1026 2128
f 439 954 1966
f 496 1068 1988
f 533 1140 2222
f 551 1181 2293
f 579 1235 2185
f 483 1043 1879
f 426 929 1893
f 521 1121 2271
f 566 1211 2307
f 489 1055 2163
f 578 1230 2150
f 560 1194 2006
f 518 1110 2204
f 429 935 1911
f 547 1169 2131
f 465 1007 1969
f 441 959 1983
f 504 1085 2217
f 537 1152 2290
f 550 1176 2168
f 476 1031 2145
f 444 965 2001
f 502 1079 2199
f 526 1128 1916
f 481 1038 1808
f 420 917 1789
f 510 1097 1825
f 555 1187 1843
f 571 1218 1862
f 540 1157 1933
f 473 1020 2110
f 447 972 2020
f 507 1092 2236
f 534 1145 2257
f 469 1014 2042
f 435 947 1947
f 498 1073 2059
f 529 1133 2077
f 545 1164 2096
f 487 1049 2113
f 574 1223 2023
f 562 1199 2239
f 520 1116 2254
f 432 942 1930
f 589 1283 1818
f 583 1259 1798
f 586 1295 1834
f 593 1313 1852
f 596 1331 1872
f 599 1379 1942
f 633 1541 2120
f 620 1452 2030
f 640 1578 2248
f 603 1368 2263
f 622 1487 2052
f 607 1391 1955
f 612 1440 2065
f 626 1511 2086
f 629 1529 2106
f 631 1547 2122
f 614 1469 2032
f 618 1458 2245
f 641 1584 2266
f 605 1362 1940
f 409 1269 1813
f 405 1245 1792
f 411 1252 1828
f 414 1288 1846
f 417 1306 1867
f 431 1336 1936
f 488 1551 2123
f 575 1473 2033
f 563 1599 2249
f 519 1354 2260
f 454 1479 2049
f 450 1401 1959
f 456 1408 2062
f 459 1492 2080
f 462 1504 2101
f 472 1533 2116
f 446 1414 2026
f 506 1444 2242
f 535 1594 2267
f 541 1383 1943
f 570 1323 1869
f 480 1275 1815
f 421 1263 1799
f 511 1299 1835
f 556 1317 1853
f 484 1341 1889
f 580 1564 2195
f 567 1462 2319
f 522 1588 2283
f 427 1347 1905
f 544 1521 2103
f 468 1420 2046
f 436 1395 1957
f 499 1497 2069
f 530 1515 2087
f 548 1557 2141
f 466 1425 1979
f 442 1431 1993
f 505 1570 2229
f 536 1372 2296
f 491 1282 2188
f 423 1258 1882
f 513 1294 1902
f 564 1312 2280
f 581 1330 2316
f 549 1378 2172
f 477 1540 2157
f 445 1449 2011
f 503 1575 2209
f 525 1365 1923
f 474 1486 2134
f 438 1390 1972
f 495 1437 1995
f 532 1510 2226
f 552 1528 2303
f 490 1546 2175
f 577 1468 2154
f 559 1455 2013
f 517 1581 2211
f 430 1359 1921
f 590 1272 1865
f 584 1248 1811
f 585 1253 1796
f 592 1289 1832
f 595 1307 1850
f 598 1337 1888
f 636 1554 2194
f 621 1476 2322
f 642 1602 2286
f 601 1355 1908
f 623 1482 2099
f 611 1404 2045
f 609 1409 1962
f 625 1493 2068
f 628 1505 2084
f 632 1536 2140
f 613 1415 1976
f 616 1445 1998
f 638 1595 2232
f 606 1386 2299
f 407 909 2330
f 403 891 2324
f 404 886 2325
f 410 898 2332
f 413 904 2335
f 422 922 2344
f 486 1060 2410
f 573 1240 2497
f 561 1204 2486
f 512 1102 2434
f 452 999 2375
f 448 981 2369
f 449 976 2370
f 455 988 2377
f 458 994 2380
f 470 1024 2393
f 437 952 2359
f 494 1066 2415
f 531 1138 2455
f 539 1179 2461
f 568 1233 2489
f 478 1041 2399
f 419 927 2341
f 509 1119 2431
f 554 1209 2476
f 482 1053 2405
f 576 1228 2500
f 558 1192 2481
f 516 1108 2439
f 425 933 2348
f 542 1167 2465
f 463 1005 2383
f 434 957 2356
f 497 1083 2420
f 528 1150 2452
f 546 1174 2471
f 464 1029 2386
f 440 963 2363
f 500 1077 2422
f 524 1126 2445
f 479 1036 2400
f 418 915 2338
f 508 1095 2428
f 553 1185 2473
f 569 1216 2490
f 538 1155 2458
f 471 1018 2394
f 443 970 2366
f 501 1090 2425
f 523 1143 2444
f 467 1012 2389
f 433 945 2353
f 493 1071 2414
f 527 1131 2449
f 543 1162 2466
f 485 1047 2407
f 572 1221 2494
f 557 1197 2480
f 515 1114 2438
f 428 940 2351
f 591 1284 2510
f 587 1260 2504
f 588 1296 2508
f 594 1314 2514
f 597 1332 2517
f 600 1380 2520
f 634 1542 2554
f 619 1451 2539
f 639 1577 2560
f 602 1367 2523
f 624 1488 2543
f 608 1392 2527
f 610 1439 2532
f 627 1512 2547
f 630 1530 2550
f 635 1548 2552
f 615 1470 2535
f 617 1457 2538
f 637 1583 2558
f 604 1361 2524
f 167 1616 1607
f 164 1608 1603
f 163 1606 1604
f 165 1612 1610
f 166 1615 1613
f 169 1624 1622
f 192 1692 1686
f 222 1782 1773
f 216 1765 1761
f 199 1714 1712
f 182 1661 1652
f 179 1653 1648
f 178 1651 1649
f 180 1657 1655
f 181 1660 1658
f 186 1675 1670
f 174 1639 1637
f 193 1696 1694
f 205 1733 1731
f 212 1751 1739
f 221 1779 1768
f 189 1683 1678
f 170 1626 1619
f 202 1721 1709
f 217 1766 1754
f 191 1689 1682
f 220 1778 1776
f 214 1760 1758
f 200 1718 1716
f 171 1629 1625
f 210 1747 1742
f 183 1665 1663
f 175 1641 1634
f 196 1704 1697
f 207 1737 1728
f 211 1750 1746
f 187 1676 1664
f 176 1644 1640
f 195 1702 1700
f 203 1726 1724
f 188 1681 1679
f 168 1620 1618
f 198 1710 1708
f 213 1755 1753
f 218 1771 1769
f 208 1740 1738
f 185 1673 1671
f 177 1647 1643
f 197 1707 1701
f 206 1734 1723
f 184 1669 1667
f 173 1635 1633
f 194 1698 1693
f 204 1729 1727
f 209 1745 1743
f 190 1687 1685
f 219 1774 1772
f 215 1762 1757
f 201 1720 1715
f 172 1632 1628
f 357 2189 2187
f 255 1883 1881
f 262 1903 1899
f 388 2281 2277
f 400 2317 2313
f 352 2173 2169
f 347 2158 2156
f 298 2012 2010
f 364 2210 2208
f 269 1924 1917
f 339 2135 2133
f 285 1973 1971
f 293 1996 1989
f 370 2227 2223
f 396 2304 2300
f 353 2176 2174
f 346 2155 2151
f 299 2014 2007
f 365 2212 2205
f 268 1922 1920
f 249 1864 1855
f 231 1810 1801
f 226 1795 1784
f 238 1831 1820
f 244 1849 1838
f 257 1887 1874
f 359 2193 2180
f 402 2321 2310
f 390 2285 2274
f 264 1907 1896
f 327 2098 2089
f 309 2044 2035
f 282 1961 1950
f 317 2067 2054
f 322 2083 2072
f 341 2139 2126
f 286 1975 1964
f 294 1997 1986
f 372 2231 2220
f 394 2298 2291
f 358 2190 2183
f 256 1884 1877
f 261 1900 1891
f 387 2278 2269
f 399 2314 2305
f 351 2170 2161
f 348 2159 2148
f 300 2015 2004
f 366 2213 2202
f 267 1918 1909
f 340 2136 2129
f 287 1977 1967
f 291 1990 1981
f 369 2224 2215
f 395 2301 2288
f 354 2177 2166
f 345 2152 2143
f 297 2008 1999
f 363 2206 2197
f 270 1925 1914
f 234 1817 1806
f 227 1797 1787
f 239 1833 1823
f 245 1851 1841
f 252 1871 1860
f 275 1941 1931
f 334 2119 2108
f 304 2029 2018
f 377 2247 2234
f 382 2262 2255
f 312 2051 2040
f 279 1954 1945
f 316 2064 2057
f 323 2085 2075
f 330 2105 2094
f 335 2121 2111
f 305 2031 2021
f 376 2244 2237
f 383 2265 2252
f 274 1939 1928
f 232 1814 1812
f 225 1793 1791
f 237 1829 1827
f 243 1847 1845
f 250 1868 1866
f 273 1937 1935
f 336 2124 2118
f 306 2034 2028
f 378 2250 2246
f 381 2261 2259
f 311 2050 2048
f 281 1960 1953
f 315 2063 2061
f 321 2081 2079
f 328 2102 2100
f 333 2117 2115
f 303 2027 2025
f 375 2243 2241
f 384 2268 2264
f 276 1944 1938
f 229 1804 1802
f 223 1785 1783
f 235 1821 1819
f 241 1839 1837
f 247 1858 1856
f 271 1929 1927
f 332 2114 2112
f 302 2024 2022
f 374 2240 2238
f 379 2253 2251
f 307 2038 2036
f 278 1951 1949
f 313 2055 2053
f 319 2073 2071
f 325 2092 2090
f 331 2109 2107
f 301 2019 2017
f 373 2235 2233
f 380 2258 2256
f 272 1934 1932
f 248 1861 1859
f 230 1807 1805
f 224 1790 1788
f 236 1826 1824
f 242 1844 1842
f 254 1880 1878
f 356 2186 2184
f 397 2308 2306
f 385 2272 2270
f 259 1894 1892
f 326 2095 2093
f 308 2041 2039
f 277 1948 1946
f 314 2060 2058
f 320 2078 2076
f 338 2132 2130
f 284 1970 1968
f 289 1984 1982
f 367 2218 2216
f 391 2289 2287
f 355 2181 2179
f 253 1875 1873
f 260 1897 1895
f 386 2275 2273
f 398 2311 2309
f 350 2167 2165
f 343 2146 2144
f 295 2002 2000
f 361 2200 2198
f 266 1915 1913
f 337 2127 2125
f 283 1965 1963
f 290 1987 1985
f 368 2221 2219
f 392 2294 2292
f 349 2164 2162
f 344 2149 2147
f 296 2005 2003
f 362 2203 2201
f 265 1912 1910
f 251 1870 1863
f 233 1816 1809
f 228 1800 1794
f 240 1836 1830
f 246 1854 1848
f 258 1890 1886
f 360 2196 2192
f 401 2320 2318
f 389 2284 2282
f 263 1906 1904
f 329 2104 2097
f 310 2047 2043
f 280 1958 1956
f 318 2070 2066
f 324 2088 2082
f 342 2142 2138
f 288 1980 1974
f 292 1994 1992
f 371 2230 2228
f 393 2297 2295
f 409 2329 2331
f 405 2323 2327
f 411 2326 2328
f 414 2333 2334
f 417 2336 2337
f 431 2345 2346
f 488 2409 2412
f 575 2496 2499
f 563 2485 2487
f 519 2435 2436
f 454 2374 2376
f 450 2368 2372
f 456 2371 2373
f 459 2378 2379
f 462 2381 2382
f 472 2392 2396
f 446 2360 2361
f 506 2416 2418
f 535 2456 2457
f 541 2460 2463
f 570 2488 2492
f 480 2398 2402
f 421 2340 2343
f 511 2430 2433
f 556 2475 2478
f 484 2404 2406
f 580 2501 2502
f 567 2482 2484
f 522 2440 2442
f 427 2347 2349
f 544 2464 2468
f 468 2384 2387
f 436 2355 2358
f 499 2419 2421
f 530 2451 2454
f 548 2470 2472
f 466 2385 2388
f 442 2362 2364
f 505 2423 2426
f 536 2446 2448
f 491 2401 2403
f 423 2339 2342
f 513 2429 2432
f 564 2474 2477
f 581 2491 2493
f 549 2459 2462
f 477 2395 2397
f 445 2365 2367
f 503 2424 2427
f 525 2443 2447
f 474 2390 2391
f 438 2354 2357
f 495 2413 2417
f 532 2450 2453
f 552 2467 2469
f 490 2408 2411
f 577 2495 2498
f 559 2479 2483
f 517 2437 2441
f 430 2350 2352
f 590 2511 2509
f 584 2505 2503
f 585 2507 2506
f 592 2513 2512
f 595 2516 2515
f 598 2519 2518
f 636 2556 2555
f 621 2540 2541
f 642 2561 2562
f 601 2521 2522
f 623 2544 2542
f 611 2529 2528
f 609 2530 2531
f 625 2546 2545
f 628 2549 2548
f 632 2553 2551
f 613 2534 2533
f 616 2536 2537
f 638 2557 2559
f 606 2525 2526
f 1607 644 647
f 1603 643 644
f 1604 645 643
f 1610 646 645
f 1613 647 646
f 1622 652 649
f 1686 670 672
f 1773 699 702
f 1761 695 696
f 1712 681 679
f 1652 659 662
f 1648 658 659
f 1649 660 658
f 1655 661 660
f 1658 662 661
f 1670 665 666
f 1637 657 654
f 1694 677 673
f 1731 686 685
f 1739 688 692
f 1768 698 701
f 1678 668 669
f 1619 648 650
f 1709 678 682
f 1754 693 697
f 1682 669 671
f 1776 701 700
f 1758 697 694
f 1716 682 680
f 1625 650 651
f 1742 689 690
f 1663 664 663
f 1634 653 655
f 1697 674 676
f 1728 684 687
f 1746 690 691
f 1664 663 667
f 1640 655 656
f 1700 676 675
f 1724 687 683
f 1679 672 668
f 1618 649 648
f 1708 679 678
f 1753 696 693
f 1769 702 698
f 1738 691 688
f 1671 667 665
f 1643 656 657
f 1701 675 677
f 1723 683 686
f 1667 666 664
f 1633 654 653
f 1693 673 674
f 1727 685 684
f 1743 692 689
f 1685 671 670
f 1772 700 699
f 1757 694 695
f 1715 680 681
f 1628 651 652
f 2187 838 837
f 1881 736 735
f 1899 741 742
f 2277 867 868
f 2313 879 880
f 2169 831 832
f 2156 828 827
f 2010 780 778
f 2208 846 844
f 1917 747 749
f 2133 820 819
f 1971 767 765
f 1989 771 773
f 2223 849 850
f 2300 875 876
f 2174 834 833
f 2151 825 826
f 2007 777 779
f 2205 843 845
f 1920 750 748
f 1855 727 729
f 1801 709 711
f 1784 703 706
f 1820 715 718
f 1838 721 724
f 1874 733 737
f 2180 835 839
f 2310 878 882
f 2274 866 870
f 1896 740 744
f 2089 805 807
f 2035 787 789
f 1950 758 762
f 2054 793 797
f 2072 799 802
f 2126 817 821
f 1964 763 766
f 1986 770 774
f 2220 848 852
f 2291 872 874
f 2183 836 838
f 1877 734 736
f 1891 739 741
f 2269 865 867
f 2305 877 879
f 2161 829 831
f 2148 824 828
f 2004 776 780
f 2202 842 846
f 1909 745 747
f 2129 818 820
f 1967 764 767
f 1981 769 771
f 2215 847 849
f 2288 871 875
f 2166 830 834
f 2143 823 825
f 1999 775 777
f 2197 841 843
f 1914 746 750
f 1806 710 714
f 1787 704 707
f 1823 716 719
f 1841 722 725
f 1860 728 732
f 1931 752 755
f 2108 811 814
f 2018 781 784
f 2234 853 857
f 2255 860 862
f 2040 788 792
f 1945 757 759
f 2057 794 796
f 2075 800 803
f 2094 806 810
f 2111 812 815
f 2021 782 785
f 2237 854 856
f 2252 859 863
f 1928 751 754
f 1812 714 712
f 1791 707 705
f 1827 719 717
f 1845 725 723
f 1866 732 730
f 1935 755 753
f 2118 814 816
f 2028 784 786
f 2246 857 858
f 2259 862 861
f 2048 792 791
f 1953 759 761
f 2061 796 795
f 2079 803 801
f 2100 810 808
f 2115 815 813
f 2025 785 783
f 2241 856 855
f 2264 863 864
f 1938 754 756
f 1802 712 709
f 1783 705 703
f 1819 717 715
f 1837 723 721
f 1856 730 727
f 1927 753 751
f 2112 816 812
f 2022 786 782
f 2238 858 854
f 2251 861 859
f 2036 791 787
f 1949 761 758
f 2053 795 793
f 2071 801 799
f 2090 808 805
f 2107 813 811
f 2017 783 781
f 2233 855 853
f 2256 864 860
f 1932 756 752
f 1859 731 728
f 1805 713 710
f 1788 708 704
f 1824 720 716
f 1842 726 722
f 1878 738 734
f 2184 840 836
f 2306 881 877
f 2270 869 865
f 1892 743 739
f 2093 809 806
f 2039 790 788
f 1946 760 757
f 2058 798 794
f 2076 804 800
f 2130 822 818
f 1968 768 764
f 1982 772 769
f 2216 851 847
f 2287 873 871
f 2179 837 835
f 1873 735 733
f 1895 742 740
f 2273 868 866
f 2309 880 878
f 2165 832 830
f 2144 827 823
f 2000 778 775
f 2198 844 841
f 1913 749 746
f 2125 819 817
f 1963 765 763
f 1985 773 770
f 2219 850 848
f 2292 876 872
f 2162 833 829
f 2147 826 824
f 2003 779 776
f 2201 845 842
f 1910 748 745
f 1863 729 731
f 1809 711 713
f 1794 706 708
f 1830 718 720
f 1848 724 726
f 1886 737 738
f 2192 839 840
f 2318 882 881
f 2282 870 869
f 1904 744 743
f 2097 807 809
f 2043 789 790
f 1956 762 760
f 2066 797 798
f 2082 802 804
f 2138 821 822
f 1974 766 768
f 1992 774 772
f 2228 852 851
f 2295 874 873
f 2331 1270 1269
f 2327 1246 1245
f 2328 1251 1252
f 2334 1287 1288
f 2337 1305 1306
f 2346 1335 1336
f 2412 1552 1551
f 2499 1474 1473
f 2487 1600 1599
f 2436 1353 1354
f 2376 1480 1479
f 2372 1402 1401
f 2373 1407 1408
f 2379 1491 1492
f 2382 1503 1504
f 2396 1534 1533
f 2361 1413 1414
f 2418 1443 1444
f 2457 1593 1594
f 2463 1384 1383
f 2492 1324 1323
f 2402 1276 1275
f 2343 1264 1263
f 2433 1300 1299
f 2478 1318 1317
f 2406 1342 1341
f 2502 1563 1564
f 2484 1461 1462
f 2442 1587 1588
f 2349 1348 1347
f 2468 1522 1521
f 2387 1419 1420
f 2358 1396 1395
f 2421 1498 1497
f 2454 1516 1515
f 2472 1558 1557
f 2388 1426 1425
f 2364 1432 1431
f 2426 1569 1570
f 2448 1371 1372
f 2403 1281 1282
f 2342 1257 1258
f 2432 1293 1294
f 2477 1311 1312
f 2493 1329 1330
f 2462 1377 1378
f 2397 1539 1540
f 2367 1450 1449
f 2427 1576 1575
f 2447 1366 1365
f 2391 1485 1486
f 2357 1389 1390
f 2417 1438 1437
f 2453 1509 1510
f 2469 1527 1528
f 2411 1545 1546
f 2498 1467 1468
f 2483 1456 1455
f 2441 1582 1581
f 2352 1360 1359
f 2509 1271 1272
f 2503 1247 1248
f 2506 1254 1253
f 2512 1290 1289
f 2515 1308 1307
f 2518 1338 1337
f 2555 1553 1554
f 2541 1475 1476
f 2562 1601 1602
f 2522 1356 1355
f 2542 1481 1482
f 2528 1403 1404
f 2531 1410 1409
f 2545 1494 1493
f 2548 1506 1505
f 2551 1535 1536
f 2533 1416 1415
f 2537 1446 1445
f 2559 1596 1595
f 2526 1385 1386
f 1616 907 909
f 1608 889 891
f 1606 883 886
f 1612 895 898
f 1615 901 904
f 1624 919 922
f 1692 1057 1060
f 1782 1237 1240
f 1765 1201 1204
f 1714 1099 1102
f 1661 997 999
f 1653 979 981
f 1651 973 976
f 1657 985 988
f 1660 991 994
f 1675 1021 1024
f 1639 949 952
f 1696 1063 1066
f 1733 1135 1138
f 1751 1177 1179
f 1779 1231 1233
f 1683 1039 1041
f 1626 925 927
f 1721 1117 1119
f 1766 1207 1209
f 1689 1051 1053
f 1778 1225 1228
f 1760 1189 1192
f 1718 1105 1108
f 1629 931 933
f 1747 1165 1167
f 1665 1003 1005
f 1641 955 957
f 1704 1081 1083
f 1737 1147 1150
f 1750 1171 1174
f 1676 1027 1029
f 1644 961 963
f 1702 1075 1077
f 1726 1123 1126
f 1681 1033 1036
f 1620 913 915
f 1710 1093 1095
f 1755 1183 1185
f 1771 1213 1216
f 1740 1153 1155
f 1673 1015 1018
f 1647 967 970
f 1707 1087 1090
f 1734 1141 1143
f 1669 1009 1012
f 1635 943 945
f 1698 1069 1071
f 1729 1129 1131
f 1745 1159 1162
f 1687 1045 1047
f 1774 1219 1221
f 1762 1195 1197
f 1720 1111 1114
f 1632 937 940
f 2189 1280 1284
f 1883 1256 1260
f 1903 1292 1296
f 2281 1310 1314
f 2317 1328 1332
f 2173 1376 1380
f 2158 1538 1542
f 2012 1447 1451
f 2210 1573 1577
f 1924 1363 1367
f 2135 1484 1488
f 1973 1388 1392
f 1996 1435 1439
f 2227 1508 1512
f 2304 1526 1530
f 2176 1544 1548
f 2155 1466 1470
f 2014 1453 1457
f 2212 1579 1583
f 1922 1357 1361
f 1864 1268 1270
f 1810 1244 1246
f 1795 1249 1251
f 1831 1285 1287
f 1849 1303 1305
f 1887 1333 1335
f 2193 1550 1552
f 2321 1472 1474
f 2285 1598 1600
f 1907 1351 1353
f 2098 1478 1480
f 2044 1400 1402
f 1961 1405 1407
f 2067 1489 1491
f 2083 1501 1503
f 2139 1532 1534
f 1975 1411 1413
f 1997 1441 1443
f 2231 1591 1593
f 2298 1382 1384
f 2190 1322 1324
f 1884 1274 1276
f 1900 1262 1264
f 2278 1298 1300
f 2314 1316 1318
f 2170 1340 1342
f 2159 1561 1563
f 2015 1459 1461
f 2213 1585 1587
f 1918 1346 1348
f 2136 1520 1522
f 1977 1417 1419
f 1990 1394 1396
f 2224 1496 1498
f 2301 1514 1516
f 2177 1556 1558
f 2152 1424 1426
f 2008 1430 1432
f 2206 1567 1569
f 1925 1369 1371
f 1817 1279 1281
f 1797 1255 1257
f 1833 1291 1293
f 1851 1309 1311
f 1871 1327 1329
f 1941 1375 1377
f 2119 1537 1539
f 2029 1448 1450
f 2247 1574 1576
f 2262 1364 1366
f 2051 1483 1485
f 1954 1387 1389
f 2064 1436 1438
f 2085 1507 1509
f 2105 1525 1527
f 2121 1543 1545
f 2031 1465 1467
f 2244 1454 1456
f 2265 1580 1582
f 1939 1358 1360
f 1814 1267 1271
f 1793 1243 1247
f 1829 1250 1254
f 1847 1286 1290
f 1868 1304 1308
f 1937 1334 1338
f 2124 1549 1553
f 2034 1471 1475
f 2250 1597 1601
f 2261 1352 1356
f 2050 1477 1481
f 1960 1399 1403
f 2063 1406 1410
f 2081 1490 1494
f 2102 1502 1506
f 2117 1531 1535
f 2027 1412 1416
f 2243 1442 1446
f 2268 1592 1596
f 1944 1381 1385
f 1804 890 894
f 1785 884 887
f 1821 896 899
f 1839 902 905
f 1858 908 912
f 1929 938 941
f 2114 1046 1050
f 2024 1220 1224
f 2240 1196 1200
f 2253 1112 1115
f 2038 980 984
f 1951 974 977
f 2055 986 989
f 2073 992 995
f 2092 998 1002
f 2109 1016 1019
f 2019 968 971
f 2235 1088 1091
f 2258 1142 1146
f 1934 1154 1158
f 1861 1214 1217
f 1807 1034 1037
f 1790 914 918
f 1826 1094 1098
f 1844 1184 1188
f 1880 1040 1044
f 2186 1232 1236
f 2308 1208 1212
f 2272 1118 1122
f 1894 926 930
f 2095 1160 1163
f 2041 1010 1013
f 1948 944 948
f 2060 1070 1074
f 2078 1130 1134
f 2132 1166 1170
f 1970 1004 1008
f 1984 956 960
f 2218 1082 1086
f 2289 1148 1151
f 2181 1058 1061
f 1875 920 923
f 1897 1100 1103
f 2275 1202 1205
f 2311 1238 1241
f 2167 1172 1175
f 2146 1028 1032
f 2002 962 966
f 2200 1076 1080
f 1915 1124 1127
f 2127 1022 1025
f 1965 950 953
f 1987 1064 1067
f 2221 1136 1139
f 2294 1178 1182
f 2164 1052 1056
f 2149 1226 1229
f 2005 1190 1193
f 2203 1106 1109
f 1912 932 936
f 1870 1321 1325
f 1816 1273 1277
f 1800 1261 1265
f 1836 1297 1301
f 1854 1315 1319
f 1890 1339 1343
f 2196 1562 1566
f 2320 1460 1464
f 2284 1586 1590
f 1906 1345 1349
f 2104 1519 1523
f 2047 1418 1422
f 1958 1393 1397
f 2070 1495 1499
f 2088 1513 1517
f 2142 1555 1559
f 1980 1423 1427
f 1994 1429 1433
f 2230 1568 1572
f 2297 1370 1374
f 2329 894 892
f 2323 887 885
f 2326 899 897
f 2333 905 903
f 2336 912 910
f 2345 941 939
f 2409 1050 1048
f 2496 1224 1222
f 2485 1200 1198
f 2435 1115 1113
f 2374 984 982
f 2368 977 975
f 2371 989 987
f 2378 995 993
f 2381 1002 1000
f 2392 1019 1017
f 2360 971 969
f 2416 1091 1089
f 2456 1146 1144
f 2460 1158 1156
f 2488 1217 1215
f 2398 1037 1035
f 2340 918 916
f 2430 1098 1096
f 2475 1188 1186
f 2404 1044 1042
f 2501 1236 1234
f 2482 1212 1210
f 2440 1122 1120
f 2347 930 928
f 2464 1163 1161
f 2384 1013 1011
f 2355 948 946
f 2419 1074 1072
f 2451 1134 1132
f 2470 1170 1168
f 2385 1008 1006
f 2362 960 958
f 2423 1086 1084
f 2446 1151 1149
f 2401 1061 1059
f 2339 923 921
f 2429 1103 1101
f 2474 1205 1203
f 2491 1241 1239
f 2459 1175 1173
f 2395 1032 1030
f 2365 966 964
f 2424 1080 1078
f 2443 1127 1125
f 2390 1025 1023
f 2354 953 951
f 2413 1067 1065
f 2450 1139 1137
f 2467 1182 1180
f 2408 1056 1054
f 2495 1229 1227
f 2479 1193 1191
f 2437 1109 1107
f 2350 936 934
f 2511 1325 1326
f 2505 1277 1278
f 2507 1265 1266
f 2513 1301 1302
f 2516 1319 1320
f 2519 1343 1344
f 2556 1566 1565
f 2540 1464 1463
f 2561 1590 1589
f 2521 1349 1350
f 2544 1523 1524
f 2529 1422 1421
f 2530 1397 1398
f 2546 1499 1500
f 2549 1517 1518
f 2553 1559 1560
f 2534 1427 1428
f 2536 1433 1434
f 2557 1572 1571
f 2525 1374 1373
f 1609 892 889
f 1605 885 883
f 1611 897 895
f 1614 903 901
f 1617 910 907
f 1631 939 937
f 1688 1048 1045
f 1775 1222 1219
f 1763 1198 1195
f 1719 1113 1111
f 1654 982 979
f 1650 975 973
f 1656 987 985
f 1659 993 991
f 1662 1000 997
f 1672 1017 1015
f 1646 969 967
f 1706 1089 1087
f 1735 1144 1141
f 1741 1156 1153
f 1770 1215 1213
f 1680 1035 1033
f 1621 916 913
f 1711 1096 1093
f 1756 1186 1183
f 1684 1042 1039
f 1780 1234 1231
f 1767 1210 1207
f 1722 1120 1117
f 1627 928 925
f 1744 1161 1159
f 1668 1011 1009
f 1636 946 943
f 1699 1072 1069
f 1730 1132 1129
f 1748 1168 1165
f 1666 1006 1003
f 1642 958 955
f 1705 1084 1081
f 1736 1149 1147
f 1691 1059 1057
f 1623 921 919
f 1713 1101 1099
f 1764 1203 1201
f 1781 1239 1237
f 1749 1173 1171
f 1677 1030 1027
f 1645 964 961
f 1703 1078 1075
f 1725 1125 1123
f 1674 1023 1021
f 1638 951 949
f 1695 1065 1063
f 1732 1137 1135
f 1752 1180 1177
f 1690 1054 1051
f 1777 1227 1225
f 1759 1191 1189
f 1717 1107 1105
f 1630 934 931
f 2191 1326 1322
f 1885 1278 1274
f 1901 1266 1262
f 2279 1302 1298
f 2315 1320 1316
f 2171 1344 1340
f 2160 1565 1561
f 2016 1463 1459
f 2214 1589 1585
f 1919 1350 1346
f 2137 1524 1520
f 1978 1421 1417
f 1991 1398 1394
f 2225 1500 1496
f 2302 1518 1514
f 2178 1560 1556
f 2153 1428 1424
f 2009 1434 1430
f 2207 1571 1567
f 1926 1373 1369
f 1857 911 908
f 1803 893 890
f 1786 888 884
f 1822 900 896
f 1840 906 902
f 1876 924 920
f 2182 1062 1058
f 2312 1242 1238
f 2276 1206 1202
f 1898 1104 1100
f 2091 1001 998
f 2037 983 980
f 1952 978 974
f 2056 990 986
f 2074 996 992
f 2128 1026 1022
f 1966 954 950
f 1988 1068 1064
f 2222 1140 1136
f 2293 1181 1178
f 2185 1235 1232
f 1879 1043 1040
f 1893 929 926
f 2271 1121 1118
f 2307 1211 1208
f 2163 1055 1052
f 2150 1230 1226
f 2006 1194 1190
f 2204 1110 1106
f 1911 935 932
f 2131 1169 1166
f 1969 1007 1004
f 1983 959 956
f 2217 1085 1082
f 2290 1152 1148
f 2168 1176 1172
f 2145 1031 1028
f 2001 965 962
f 2199 1079 1076
f 1916 1128 1124
f 1808 1038 1034
f 1789 917 914
f 1825 1097 1094
f 1843 1187 1184
f 1862 1218 1214
f 1933 1157 1154
f 2110 1020 1016
f 2020 972 968
f 2236 1092 1088
f 2257 1145 1142
f 2042 1014 1010
f 1947 947 944
f 2059 1073 1070
f 2077 1133 1130
f 2096 1164 1160
f 2113 1049 1046
f 2023 1223 1220
f 2239 1199 1196
f 2254 1116 1112
f 1930 942 938
f 1818 1283 1279
f 1798 1259 1255
f 1834 1295 1291
f 1852 1313 1309
f 1872 1331 1327
f 1942 1379 1375
f 2120 1541 1537
f 2030 1452 1448
f 2248 1578 1574
f 2263 1368 1364
f 2052 1487 1483
f 1955 1391 1387
f 2065 1440 1436
f 2086 1511 1507
f 2106 1529 1525
f 2122 1547 1543
f 2032 1469 1465
f 2245 1458 1454
f 2266 1584 1580
f 1940 1362 1358
f 1813 1269 1267
f 1792 1245 1243
f 1828 1252 1250
f 1846 1288 1286
f 1867 1306 1304
f 1936 1336 1334
f 2123 1551 1549
f 2033 1473 1471
f 2249 1599 1597
f 2260 1354 1352
f 2049 1479 1477
f 1959 1401 1399
f 2062 1408 1406
f 2080 1492 1490
f 2101 1504 1502
f 2116 1533 1531
f 2026 1414 1412
f 2242 1444 1442
f 2267 1594 1592
f 1943 1383 1381
f 1869 1323 1321
f 1815 1275 1273
f 1799 1263 1261
f 1835 1299 1297
f 1853 1317 1315
f 1889 1341 1339
f 2195 1564 1562
f 2319 1462 1460
f 2283 1588 1586
f 1905 1347 1345
f 2103 1521 1519
f 2046 1420 1418
f 1957 1395 1393
f 2069 1497 1495
f 2087 1515 1513
f 2141 1557 1555
f 1979 1425 1423
f 1993 1431 1429
f 2229 1570 1568
f 2296 1372 1370
f 2188 1282 1280
f 1882 1258 1256
f 1902 1294 1292
f 2280 1312 1310
f 2316 1330 1328
f 2172 1378 1376
f 2157 1540 1538
f 2011 1449 1447
f 2209 1575 1573
f 1923 1365 1363
f 2134 1486 1484
f 1972 1390 1388
f 1995 1437 1435
f 2226 1510 1508
f 2303 1528 1526
f 2175 1546 1544
f 2154 1468 1466
f 2013 1455 1453
f 2211 1581 1579
f 1921 1359 1357
f 1865 1272 1268
f 1811 1248 1244
f 1796 1253 1249
f 1832 1289 1285
f 1850 1307 1303
f 1888 1337 1333
f 2194 1554 1550
f 2322 1476 1472
f 2286 1602 1598
f 1908 1355 1351
f 2099 1482 1478
f 2045 1404 1400
f 1962 1409 1405
f 2068 1493 1489
f 2084 1505 1501
f 2140 1536 1532
f 1976 1415 1411
f 1998 1445 1441
f 2232 1595 1591
f 2299 1386 1382
f 2330 909 911
f 2324 891 893
f 2325 886 888
f 2332 898 900
f 2335 904 906
f 2344 922 924
f 2410 1060 1062
f 2497 1240 1242
f 2486 1204 1206
f 2434 1102 1104
f 2375 999 1001
f 2369 981 983
f 2370 976 978
f 2377 988 990
f 2380 994 996
f 2393 1024 1026
f 2359 952 954
f 2415 1066 1068
f 2455 1138 1140
f 2461 1179 1181
f 2489 1233 1235
f 2399 1041 1043
f 2341 927 929
f 2431 1119 1121
f 2476 1209 1211
f 2405 1053 1055
f 2500 1228 1230
f 2481 1192 1194
f 2439 1108 1110
f 2348 933 935
f 2465 1167 1169
f 2383 1005 1007
f 2356 957 959
f 2420 1083 1085
f 2452 1150 1152
f 2471 1174 1176
f 2386 1029 1031
f 2363 963 965
f 2422 1077 1079
f 2445 1126 1128
f 2400 1036 1038
f 2338 915 917
f 2428 1095 1097
f 2473 1185 1187
f 2490 1216 1218
f 2458 1155 1157
f 2394 1018 1020
f 2366 970 972
f 2425 1090 1092
f 2444 1143 1145
f 2389 1012 1014
f 2353 945 947
f 2414 1071 1073
f 2449 1131 1133
f 2466 1162 1164
f 2407 1047 1049
f 2494 1221 1223
f 2480 1197 1199
f 2438 1114 1116
f 2351 940 942
f 2510 1284 1283
f 2504 1260 1259
f 2508 1296 1295
f 2514 1314 1313
f 2517 1332 1331
f 2520 1380 1379
f 2554 1542 1541
f 2539 1451 1452
f 2560 1577 1578
f 2523 1367 1368
f 2543 1488 1487
f 2527 1392 1391
f 2532 1439 1440
f 2547 1512 1511
f 2550 1530 1529
f 2552 1548 1547
f 2535 1470 1469
f 2538 1457 1458
f 2558 1583 1584
f 2524 1361 1362
f 1607 1616 1609
f 1603 1608 1605
f 1604 1606 1611
f 1610 1612 1614
f 1613 1615 1617
f 1622 1624 1631
f 1686 1692 1688
f 1773 1782 1775
f 1761 1765 1763
f 1712 1714 1719
f 1652 1661 1654
f 1648 1653 1650
f 1649 1651 1656
f 1655 1657 1659
f 1658 1660 1662
f 1670 1675 1672
f 1637 1639 1646
f 1694 1696 1706
f 1731 1733 1735
f 1739 1751 1741
f 1768 1779 1770
f 1678 1683 1680
f 1619 1626 1621
f 1709 1721 1711
f 1754 1766 1756
f 1682 1689 1684
f 1776 1778 1780
f 1758 1760 1767
f 1716 1718 1722
f 1625 1629 1627
f 1742 1747 1744
f 1663 1665 1668
f 1634 1641 1636
f 1697 1704 1699
f 1728 1737 1730
f 1746 1750 1748
f 1664 1676 1666
f 1640 1644 1642
f 1700 1702 1705
f 1724 1726 1736
f 1679 1681 1691
f 1618 1620 1623
f 1708 1710 1713
f 1753 1755 1764
f 1769 1771 1781
f 1738 1740 1749
f 1671 1673 1677
f 1643 1647 1645
f 1701 1707 1703
f 1723 1734 1725
f 1667 1669 1674
f 1633 1635 1638
f 1693 1698 1695
f 1727 1729 1732
f 1743 1745 1752
f 1685 1687 1690
f 1772 1774 1777
f 1757 1762 1759
f 1715 1720 1717
f 1628 1632 1630
f 2187 2189 2191
f 1881 1883 1885
f 1899 1903 1901
f 2277 2281 2279
f 2313 2317 2315
f 2169 2173 2171
f 2156 2158 2160
f 2010 2012 2016
f 2208 2210 2214
f 1917 1924 1919
f 2133 2135 2137
f 1971 1973 1978
f 1989 1996 1991
f 2223 2227 2225
f 2300 2304 2302
f 2174 2176 2178
f 2151 2155 2153
f 2007 2014 2009
f 2205 2212 2207
f 1920 1922 1926
f 1855 1864 1857
f 1801 1810 1803
f 1784 1795 1786
f 1820 1831 1822
f 1838 1849 1840
f 1874 1887 1876
f 2180 2193 2182
f 2310 2321 2312
f 2274 2285 2276
f 1896 1907 1898
f 2089 2098 2091
f 2035 2044 2037
f 1950 1961 1952
f 2054 2067 2056
f 2072 2083 2074
f 2126 2139 2128
f 1964 1975 1966
f 1986 1997 1988
f 2220 2231 2222
f 2291 2298 2293
f 2183 2190 2185
f 1877 1884 1879
f 1891 1900 1893
f 2269 2278 2271
f 2305 2314 2307
f 2161 2170 2163
f 2148 2159 2150
f 2004 2015 2006
f 2202 2213 2204
f 1909 1918 1911
f 2129 2136 2131
f 1967 1977 1969
f 1981 1990 1983
f 2215 2224 2217
f 2288 2301 2290
f 2166 2177 2168
f 2143 2152 2145
f 1999 2008 2001
f 2197 2206 2199
f 1914 1925 1916
f 1806 1817 1808
f 1787 1797 1789
f 1823 1833 1825
f 1841 1851 1843
f 1860 1871 1862
f 1931 1941 1933
f 2108 2119 2110
f 2018 2029 2020
f 2234 2247 2236
f 2255 2262 2257
f 2040 2051 2042
f 1945 1954 1947
f 2057 2064 2059
f 2075 2085 2077
f 2094 2105 2096
f 2111 2121 2113
f 2021 2031 2023
f 2237 2244 2239
f 2252 2265 2254
f 1928 1939 1930
f 1812 1814 1818
f 1791 1793 1798
f 1827 1829 1834
f 1845 1847 1852
f 1866 1868 1872
f 1935 1937 1942
f 2118 2124 2120
f 2028 2034 2030
f 2246 2250 2248
f 2259 2261 2263
f 2048 2050 2052
f 1953 1960 1955
f 2061 2063 2065
f 2079 2081 2086
f 2100 2102 2106
f 2115 2117 2122
f 2025 2027 2032
f 2241 2243 2245
f 2264 2268 2266
f 1938 1944 1940
f 1802 1804 1813
f 1783 1785 1792
f 1819 1821 1828
f 1837 1839 1846
f 1856 1858 1867
f 1927 1929 1936
f 2112 2114 2123
f 2022 2024 2033
f 2238 2240 2249
f 2251 2253 2260
f 2036 2038 2049
f 1949 1951 1959
f 2053 2055 2062
f 2071 2073 2080
f 2090 2092 2101
f 2107 2109 2116
f 2017 2019 2026
f 2233 2235 2242
f 2256 2258 2267
f 1932 1934 1943
f 1859 1861 1869
f 1805 1807 1815
f 1788 1790 1799
f 1824 1826 1835
f 1842 1844 1853
f 1878 1880 1889
f 2184 2186 2195
f 2306 2308 2319
f 2270 2272 2283
f 1892 1894 1905
f 2093 2095 2103
f 2039 2041 2046
f 1946 1948 1957
f 2058 2060 2069
f 2076 2078 2087
f 2130 2132 2141
f 1968 1970 1979
f 1982 1984 1993
f 2216 2218 2229
f 2287 2289 2296
f 2179 2181 2188
f 1873 1875 1882
f 1895 1897 1902
f 2273 2275 2280
f 2309 2311 2316
f 2165 2167 2172
f 2144 2146 2157
f 2000 2002 2011
f 2198 2200 2209
f 1913 1915 1923
f 2125 2127 2134
f 1963 1965 1972
f 1985 1987 1995
f 2219 2221 2226
f 2292 2294 2303
f 2162 2164 2175
f 2147 2149 2154
f 2003 2005 2013
f 2201 2203 2211
f 1910 1912 1921
f 1863 1870 1865
f 1809 1816 1811
f 1794 1800 1796
f 1830 1836 1832
f 1848 1854 1850
f 1886 1890 1888
f 2192 2196 2194
f 2318 2320 2322
f 2282 2284 2286
f 1904 1906 1908
f 2097 2104 2099
f 2043 2047 2045
f 1956 1958 1962
f 2066 2070 2068
f 2082 2088 2084
f 2138 2142 2140
f 1974 1980 1976
f 1992 1994 1998
f 2228 2230 2232
f 2295 2297 2299
f 2331 2329 2330
f 2327 2323 2324
f 2328 2326 2325
f 2334 2333 2332
f 2337 2336 2335
f 2346 2345 2344
f 2412 2409 2410
f 2499 2496 2497
f 2487 2485 2486
f 2436 2435 2434
f 2376 2374 2375
f 2372 2368 2369
f 2373 2371 2370
f 2379 2378 2377
f 2382 2381 2380
f 2396 2392 2393
f 2361 2360 2359
f 2418 2416 2415
f 2457 2456 2455
f 2463 2460 2461
f 2492 2488 2489
f 2402 2398 2399
f 2343 2340 2341
f 2433 2430 2431
f 2478 2475 2476
f 2406 2404 2405
f 2502 2501 2500
f 2484 2482 2481
f 2442 2440 2439
f 2349 2347 2348
f 2468 2464 2465
f 2387 2384 2383
f 2358 2355 2356
f 2421 2419 2420
f 2454 2451 2452
f 2472 2470 2471
f 2388 2385 2386
f 2364 2362 2363
f 2426 2423 2422
f 2448 2446 2445
f 2403 2401 2400
f 2342 2339 2338
f 2432 2429 2428
f 2477 2474 2473
f 2493 2491 2490
f 2462 2459 2458
f 2397 2395 2394
f 2367 2365 2366
f 2427 2424 2425
f 2447 2443 2444
f 2391 2390 2389
f 2357 2354 2353
f 2417 2413 2414
f 2453 2450 2449
f 2469 2467 2466
f 2411 2408 2407
f 2498 2495 2494
f 2483 2479 2480
f 2441 2437 2438
f 2352 2350 2351
f 2509 2511 2510
f 2503 2505 2504
f 2506 2507 2508
f 2512 2513 2514
f 2515 2516 2517
f 2518 2519 2520
f 2555 2556 2554
f 2541 2540 2539
f 2562 2561 2560
f 2522 2521 2523
f 2542 2544 2543
f 2528 2529 2527
f 2531 2530 2532
f 2545 2546 2547
f 2548 2549 2550
f 2551 2553 2552
f 2533 2534 2535
f 2537 2536 2538
f 2559 2557 2558
f 2526 2525 2524