v -0.308995 0.403669 -0.034269
v 0.308701 0.403221 -0.034386
v -0.343977 -0.545469 0.004978
v 0.343797 -0.545613 0.005366
v -0.000260 -0.447212 0.706050
v -0.000034 0.251692 0.589734
v 0.000027 -0.245718 -0.580376
v 0.000462 0.422458 -0.706270
v 0.565401 0.002224 -0.360907
v 0.588351 0.003306 0.358548
v -0.565395 0.002207 -0.360944
v -0.588302 0.003299 0.358514
v -0.000044 0.479474 -0.065983
v -0.189425 0.318773 0.291772
v -0.214862 0.658077 -0.447686
v -0.476708 0.258928 -0.197537
v -0.515985 0.236824 0.204417
v 0.189689 0.319448 0.291938
v 0.214743 0.656721 -0.449607
v 0.476690 0.259033 -0.198182
v 0.516088 0.236790 0.204510
v -0.000189 -0.617231 0.012325
v -0.244961 -0.669159 0.456836
v -0.200234 -0.492064 -0.314314
v -0.479287 -0.237073 -0.180971
v -0.494956 -0.272405 0.211117
v 0.244200 -0.669143 0.456407
v 0.199546 -0.492356 -0.313801
v 0.479475 -0.237186 -0.181045
v 0.494608 -0.272365 0.211153
v 0.000123 -0.005636 0.692566
v 0.333678 -0.216544 0.570584
v -0.333398 -0.216876 0.571055
v 0.325612 0.173878 0.529447
v -0.325770 0.174031 0.529553
v -0.000001 0.022823 -0.705948
v 0.317537 -0.165454 -0.525240
v -0.317549 -0.165507 -0.525257
v 0.350269 0.215803 -0.612233
v -0.350754 0.215732 -0.613063
v 0.667140 0.000128 0.015803
v -0.667108 0.000156 0.015772
v -0.166357 0.457194 -0.056204
v -0.262584 0.368438 0.109849
v -0.263423 0.498583 -0.212563
v -0.394145 0.365654 -0.109983
v -0.413498 0.320365 0.080854
v 0.166329 0.456951 -0.056314
v 0.263427 0.368407 0.110188
v 0.264105 0.499785 -0.214862
v 0.394405 0.366237 -0.110737
v 0.413339 0.320226 0.081169
v -0.208261 -0.654708 -0.000531
v -0.287646 -0.535929 0.187831
v -0.354933 -0.673950 -0.185021
v -0.400162 -0.408764 -0.072383
v -0.415936 -0.418459 0.114798
v 0.207234 -0.655010 -0.000525
v 0.287912 -0.535746 0.188101
v 0.354833 -0.674262 -0.185434
v 0.400589 -0.408565 -0.071978
v 0.416013 -0.418447 0.114840
v -0.137842 -0.651871 0.688058
v 0.137123 -0.652472 0.686951
v 0.000122 -0.231229 0.763370
v 0.186848 -0.366042 0.697827
v -0.187011 -0.365959 0.697420
v -0.094354 0.272516 0.481194
v 0.094283 0.272335 0.481224
v -0.000164 0.192129 0.621958
v 0.153355 0.240148 0.584124
v -0.153346 0.240245 0.584115
v -0.085023 -0.317833 -0.444745
v 0.084995 -0.317856 -0.444730
v 0.000054 -0.184334 -0.613572
v 0.146731 -0.227982 -0.573579
v -0.146712 -0.228008 -0.573664
v -0.126166 0.574691 -0.634254
v 0.126243 0.574548 -0.634372
v 0.000117 0.241189 -0.791150
v 0.188942 0.351879 -0.719826
v -0.188423 0.351742 -0.719805
v 0.556221 0.107720 -0.299053
v 0.550357 -0.106043 -0.293994
v 0.465939 -0.068669 -0.447537
v 0.482007 0.081535 -0.469960
v 0.617282 -0.000280 -0.195074
v 0.565943 0.111581 0.295937
v 0.561365 -0.114650 0.293093
v 0.480644 -0.075603 0.449848
v 0.481835 0.076505 0.447712
v 0.650327 0.001524 0.210703
v -0.556227 0.107848 -0.299103
v -0.550267 -0.106082 -0.293884
v -0.466223 -0.068682 -0.447417
v -0.482045 0.081433 -0.470293
v -0.617365 -0.000273 -0.195046
v -0.566441 0.111948 0.296214
v -0.561131 -0.114774 0.293065
v -0.479637 -0.076181 0.449455
v -0.481639 0.076557 0.447582
v -0.650289 0.001506 0.210649
v -0.088499 0.402323 0.108546
v -0.087654 0.580994 -0.252749
v 0.088327 0.402036 0.109022
v 0.087249 0.580838 -0.252412
v -0.373175 0.288481 0.268914
v -0.000278 0.332180 0.293659
v -0.284800 0.258017 0.460287
v -0.383059 0.475189 -0.327523
v 0.000071 0.700640 -0.456124
v -0.299926 0.442522 -0.541004
v -0.528481 0.249233 0.014550
v -0.421592 0.258255 -0.411743
v -0.602489 0.121756 -0.086137
v -0.445073 0.216223 0.389610
v -0.609753 0.124814 0.113665
v 0.373153 0.288553 0.268941
v 0.284746 0.257971 0.460258
v 0.384406 0.476158 -0.328467
v 0.299462 0.442200 -0.541082
v 0.528606 0.249076 0.014697
v 0.421872 0.258091 -0.411860
v 0.602542 0.121822 -0.086090
v 0.445136 0.216226 0.389625
v 0.609672 0.124855 0.113732
v -0.093631 -0.584742 0.228737
v -0.108499 -0.681311 -0.187349
v 0.093981 -0.585015 0.228990
v 0.107594 -0.679811 -0.187396
v -0.381233 -0.445862 0.332293
v 0.000093 -0.655469 0.470493
v -0.330221 -0.479705 0.567886
v -0.344427 -0.362749 -0.253229
v 0.000127 -0.489675 -0.312633
v -0.257599 -0.275514 -0.429425
v -0.511597 -0.258595 0.020510
v -0.424359 -0.199811 -0.383133
v -0.598116 -0.119660 -0.086298
v -0.431157 -0.267548 0.402151
v -0.606868 -0.125005 0.111618
v 0.381144 -0.445933 0.332211
v 0.330135 -0.479553 0.567890
v 0.344437 -0.363018 -0.253280
v 0.257744 -0.274330 -0.429961
v 0.511707 -0.258572 0.020613
v 0.424367 -0.199559 -0.383164
v 0.598192 -0.119570 -0.086386
v 0.431218 -0.267676 0.401754
v 0.606839 -0.125100 0.111516
v 0.193167 -0.112205 0.696136
v -0.192886 -0.112439 0.696036
v 0.174139 0.094109 0.616888
v -0.174115 0.094335 0.616843
v 0.347305 -0.000920 0.564053
v -0.346812 -0.001155 0.563695
v 0.172958 -0.080288 -0.617884
v -0.172666 -0.080151 -0.617599
v 0.225928 0.121828 -0.782196
v -0.226367 0.122085 -0.782242
v 0.347884 0.015136 -0.585002
v -0.348437 0.015242 -0.585349
v -0.247461 0.430776 -0.045539
v -0.291748 0.389178 0.029912
v -0.286271 0.438911 -0.110351
v -0.349894 0.390760 -0.068109
v -0.355921 0.365265 0.017027
v 0.247161 0.430774 -0.045656
v 0.291568 0.388600 0.030213
v 0.285639 0.438853 -0.111627
v 0.349319 0.390781 -0.068836
v 0.356200 0.364738 0.017741
v -0.293307 -0.606677 -0.003278
v -0.320816 -0.537234 0.077568
v -0.343614 -0.601050 -0.070013
v -0.375662 -0.495696 -0.030772
v -0.381158 -0.487288 0.056706
v 0.293090 -0.606849 -0.003326
v 0.321551 -0.537188 0.076958
v 0.343930 -0.601524 -0.070049
v 0.375373 -0.495485 -0.030740
v 0.381388 -0.487367 0.056877
v -0.057627 -0.525597 0.692099
v 0.057118 -0.525383 0.692666
v 0.000087 -0.350920 0.724484
v 0.085824 -0.415839 0.708316
v -0.085948 -0.415742 0.708524
v -0.042632 0.258241 0.556698
v 0.042553 0.258298 0.556750
v 0.000011 0.243458 0.610778
v 0.067870 0.248660 0.592567
v -0.067898 0.248723 0.592550
v -0.038832 -0.269358 -0.526959
v 0.038855 -0.269350 -0.526949
v 0.000010 -0.232582 -0.601711
v 0.065002 -0.240484 -0.585311
v -0.064993 -0.240434 -0.585333
v -0.052917 0.488480 -0.674545
v 0.053502 0.488655 -0.674691
v 0.000065 0.341738 -0.746672
v 0.085012 0.394381 -0.716325
v -0.085102 0.394207 -0.716439
v 0.573472 0.046351 -0.340735
v 0.562997 -0.045055 -0.333698
v 0.527728 -0.027398 -0.403369
v 0.535124 0.032812 -0.410300
v 0.592726 0.000805 -0.293867
v 0.587574 0.047576 0.335922
v 0.588721 -0.042127 0.332846
v 0.549623 -0.024990 0.401333
v 0.548547 0.032722 0.402846
v 0.619646 0.002262 0.295047
v -0.573468 0.046369 -0.340784
v -0.563182 -0.044941 -0.333785
v -0.527752 -0.027399 -0.403426
v -0.535123 0.032877 -0.410298
v -0.592738 0.000805 -0.293880
v -0.587547 0.047673 0.335895
v -0.588723 -0.042283 0.332869
v -0.549559 -0.024849 0.401336
v -0.548555 0.032678 0.402728
v -0.619552 0.002197 0.295034
v -0.081499 0.474449 -0.062942
v 0.081670 0.473992 -0.063187
v -0.042032 0.444876 0.019658
v -0.038987 0.520712 -0.155704
v 0.041529 0.444551 0.019756
v 0.039057 0.520636 -0.155759
v -0.229139 0.344914 0.197948
v -0.144057 0.294041 0.387623
v -0.137616 0.358955 0.199902
v -0.283697 0.305690 0.284871
v -0.094789 0.328261 0.293653
v -0.241734 0.284144 0.382711
v -0.249735 0.591448 -0.329585
v -0.182818 0.638359 -0.542455
v -0.156402 0.671311 -0.358744
v -0.394025 0.633467 -0.409213
v -0.153919 0.811551 -0.458634
v -0.284329 0.566892 -0.500608
v -0.437220 0.323287 -0.152032
v -0.517778 0.183616 -0.248342
v -0.403587 0.346936 -0.259651
v -0.507892 0.253803 -0.089168
v -0.446959 0.262842 -0.306002
v -0.543703 0.187279 -0.140816
v -0.469820 0.278426 0.145453
v -0.543756 0.179167 0.253107
v -0.450468 0.267259 0.241050
v -0.528191 0.242561 0.109450
v -0.486775 0.227813 0.298962
v -0.567627 0.187792 0.160909
v 0.229304 0.345069 0.198095
v 0.143980 0.293920 0.387408
v 0.137865 0.358907 0.199744
v 0.094373 0.328643 0.293349
v 0.284241 0.305732 0.285082
v 0.242140 0.284130 0.382895
v 0.251456 0.593933 -0.331757
v 0.182917 0.638345 -0.542475
v 0.157300 0.672005 -0.358333
v 0.153687 0.811584 -0.458445
v 0.397156 0.632445 -0.411352
v 0.283624 0.565990 -0.501593
v 0.437236 0.323169 -0.152476
v 0.517797 0.183641 -0.248451
v 0.402812 0.347063 -0.259400
v 0.508013 0.253588 -0.088790
v 0.446838 0.262693 -0.305597
v 0.543863 0.187106 -0.140524
v 0.469779 0.278377 0.145591
v 0.543597 0.179223 0.253026
v 0.450453 0.267207 0.241092
v 0.528117 0.242659 0.109592
v 0.486873 0.227842 0.299040
v 0.567793 0.187877 0.160976
v -0.104887 -0.635500 0.005266
v 0.104396 -0.634966 0.005086
v -0.047998 -0.600008 0.112312
v -0.066306 -0.623466 -0.079934
v 0.047813 -0.600113 0.112356
v 0.065375 -0.622832 -0.080138
v -0.252433 -0.553411 0.328077
v -0.213745 -0.794803 0.616318
v -0.145024 -0.584046 0.365986
v -0.316684 -0.539350 0.402909
v -0.119191 -0.707089 0.470691
v -0.314957 -0.616527 0.537412
v -0.293503 -0.627552 -0.291338
v -0.135523 -0.388788 -0.364823
v -0.164525 -0.631988 -0.279212
v -0.285842 -0.441871 -0.293343
v -0.100285 -0.496204 -0.314785
v -0.221126 -0.359572 -0.352059
v -0.434428 -0.316815 -0.121756
v -0.524080 -0.167767 -0.243393
v -0.410959 -0.297525 -0.219267
v -0.498485 -0.249319 -0.078438
v -0.458013 -0.218725 -0.285569
v -0.544579 -0.177498 -0.135809
v -0.453777 -0.346780 0.166261
v -0.530557 -0.193922 0.252192
v -0.436513 -0.356203 0.267636
v -0.508323 -0.267105 0.115156
v -0.467340 -0.274044 0.306970
v -0.556320 -0.194848 0.159447
v 0.252906 -0.553775 0.328377
v 0.211766 -0.796460 0.613845
v 0.145310 -0.583990 0.366079
v 0.119024 -0.706153 0.470066
v 0.316227 -0.539490 0.402716
v 0.314582 -0.617900 0.537180
v 0.293162 -0.628208 -0.291353
v 0.135316 -0.388721 -0.364818
v 0.163934 -0.631987 -0.278670
v 0.100086 -0.496298 -0.314867
v 0.285966 -0.442738 -0.293840
v 0.220921 -0.359775 -0.351720
v 0.434424 -0.316639 -0.121685
v 0.524163 -0.167657 -0.243355
v 0.411131 -0.297851 -0.219498
v 0.498390 -0.249457 -0.078316
v 0.457953 -0.218740 -0.285495
v 0.544611 -0.177516 -0.135832
v 0.454102 -0.346957 0.166145
v 0.530868 -0.193857 0.251776
v 0.436231 -0.356099 0.268022
v 0.508439 -0.266992 0.115285
v 0.468450 -0.274274 0.306982
v 0.556314 -0.195015 0.159489
v 0.000026 -0.107377 0.777455
v -0.000062 0.093244 0.643364
v 0.094755 -0.058809 0.705816
v -0.094572 -0.058932 0.705510
v 0.089156 0.043369 0.654425
v -0.089187 0.043273 0.654313
v 0.268056 -0.294885 0.645107
v 0.405135 -0.141092 0.505044
v 0.329713 -0.341292 0.570163
v 0.388247 -0.249337 0.491131
v 0.267182 -0.168918 0.637473
v 0.343463 -0.102428 0.571827
v -0.268037 -0.295258 0.645136
v -0.404882 -0.141714 0.504705
v -0.329629 -0.341170 0.569571
v -0.388174 -0.249837 0.490908
v -0.267344 -0.169197 0.637362
v -0.343195 -0.102819 0.572173
v 0.240952 0.215066 0.562180
v 0.406471 0.125539 0.490655
v 0.309856 0.232401 0.507333
v 0.389762 0.198216 0.467560
v 0.253281 0.139489 0.577033
v 0.338388 0.090391 0.546158
v -0.240927 0.214986 0.562201
v -0.406393 0.125342 0.490498
v -0.309829 0.232483 0.507267
v -0.389653 0.198168 0.467412
v -0.253284 0.139872 0.576967
v -0.337829 0.089794 0.545945
v 0.000020 -0.082671 -0.637492
v -0.000129 0.129717 -0.779208
v 0.092449 -0.029178 -0.663575
v -0.092111 -0.028546 -0.663145
v 0.106604 0.073198 -0.744860
v -0.107247 0.068089 -0.757545
v 0.233819 -0.203271 -0.554139
v 0.394061 -0.114573 -0.488678
v 0.295620 -0.217344 -0.497654
v 0.377211 -0.183342 -0.464410
v 0.248096 -0.128445 -0.574124
v 0.331029 -0.078507 -0.549569
v -0.233816 -0.203353 -0.554133
v -0.394074 -0.114646 -0.488346
v -0.295558 -0.217080 -0.497598
v -0.377188 -0.183228 -0.464425
v -0.248149 -0.128225 -0.574210
v -0.331138 -0.078402 -0.549483
v 0.279265 0.289214 -0.684585
v 0.418806 0.144655 -0.538395
v 0.322611 0.324036 -0.579489
v 0.393974 0.243004 -0.514326
v 0.305753 0.178845 -0.719549
v 0.365905 0.112011 -0.621596
v -0.278621 0.289326 -0.684465
v -0.419054 0.144286 -0.538745
v -0.322248 0.324413 -0.578624
v -0.393907 0.242788 -0.514538
v -0.306012 0.179390 -0.719325
v -0.366354 0.111830 -0.622296
v 0.645027 -0.000400 -0.087906
v 0.660136 0.000747 0.114769
v 0.648750 0.059410 -0.034037
v 0.649378 0.061213 0.065655
v 0.640794 -0.060322 -0.035648
v 0.646146 -0.060685 0.064165
v -0.645059 -0.000383 -0.087913
v -0.660114 0.000753 0.114780
v -0.648863 0.059407 -0.034060
v -0.649341 0.061212 0.065666
v -0.640676 -0.060279 -0.035646
v -0.646098 -0.060725 0.064167
v -0.212642 0.412474 0.029465
v -0.210004 0.479942 -0.136338
v -0.127859 0.431861 0.025210
v -0.122682 0.507817 -0.150432
v -0.341880 0.345934 0.100265
v -0.176897 0.387584 0.111677
v -0.317506 0.326427 0.189831
v -0.331381 0.433402 -0.167490
v -0.176376 0.548961 -0.242961
v -0.333451 0.508710 -0.278984
v -0.410752 0.339306 -0.011159
v -0.371489 0.406694 -0.217553
v -0.463545 0.304620 -0.045951
v -0.398206 0.304510 0.172172
v -0.473808 0.290119 0.051231
v 0.213182 0.413571 0.029812
v 0.209778 0.480068 -0.137100
v 0.127513 0.431865 0.025584
v 0.122592 0.507566 -0.149897
v 0.341675 0.345907 0.100463
v 0.177181 0.387590 0.111870
v 0.316885 0.326757 0.189535
v 0.331689 0.433978 -0.169685
v 0.176901 0.549832 -0.243551
v 0.335784 0.515209 -0.281687
v 0.410978 0.339128 -0.010996
v 0.370972 0.407621 -0.219546
v 0.463626 0.304278 -0.045692
v 0.398195 0.304477 0.172402
v 0.473850 0.290010 0.051501
v -0.237655 -0.563516 0.078234
v -0.297953 -0.747712 -0.083392
v -0.140100 -0.581233 0.090734
v -0.161784 -0.769769 -0.076373
v -0.372684 -0.491386 0.155866
v -0.192015 -0.564544 0.213498
v -0.342373 -0.502147 0.273621
v -0.368909 -0.514968 -0.125841
v -0.230503 -0.784633 -0.222739
v -0.355889 -0.509209 -0.230754
v -0.414868 -0.413173 0.019675
v -0.379576 -0.397655 -0.166506
v -0.451703 -0.328630 -0.025117
v -0.402946 -0.428193 0.218831
v -0.459693 -0.338464 0.068942
v 0.237503 -0.563380 0.078314
v 0.296905 -0.748573 -0.083608
v 0.140034 -0.581124 0.090829
v 0.159901 -0.769275 -0.078179
v 0.372728 -0.490988 0.155918
v 0.191852 -0.564882 0.213544
v 0.341884 -0.501856 0.273163
v 0.369007 -0.515095 -0.125659
v 0.229502 -0.784828 -0.222654
v 0.355157 -0.509460 -0.230427
v 0.415075 -0.413271 0.019586
v 0.379656 -0.397602 -0.166615
v 0.452014 -0.328419 -0.024901
v 0.403211 -0.428367 0.219285
v 0.460405 -0.338536 0.069319
v -0.000089 -0.606644 0.655426
v -0.177618 -0.508350 0.696765
v -0.062285 -0.681278 0.586466
v -0.284014 -0.623226 0.676717
v 0.177233 -0.508502 0.696637
v 0.062149 -0.680731 0.585546
v 0.284162 -0.624558 0.676683
v 0.095003 -0.295202 0.727869
v -0.095375 -0.295495 0.728192
v 0.099009 -0.172169 0.742846
v -0.098935 -0.171802 0.743659
v 0.283132 -0.441073 0.665267
v 0.190163 -0.234983 0.703586
v -0.283306 -0.440899 0.665155
v -0.190299 -0.234976 0.703588
v -0.000075 0.275132 0.480606
v -0.131413 0.255185 0.551090
v -0.047571 0.299180 0.388653
v -0.191088 0.266358 0.477759
v 0.131366 0.255210 0.551116
v 0.047888 0.299675 0.388653
v 0.191066 0.266350 0.477763
v 0.079370 0.229395 0.610871
v -0.079317 0.229385 0.610967
v 0.085064 0.140799 0.623410
v -0.085054 0.140998 0.623240
v 0.222094 0.248164 0.534627
v 0.166907 0.187817 0.599182
v -0.222048 0.248160 0.534621
v -0.166837 0.187574 0.598931
v -0.000037 -0.323791 -0.446140
v -0.121182 -0.258801 -0.528588
v -0.045773 -0.400521 -0.373793
v -0.170884 -0.302745 -0.438799
v 0.121249 -0.258850 -0.528573
v 0.045768 -0.400600 -0.373744
v 0.170892 -0.302473 -0.438958
v 0.077482 -0.219573 -0.602610
v -0.077510 -0.219585 -0.602539
v 0.084359 -0.135976 -0.618551
v -0.084355 -0.136251 -0.618203
v 0.208321 -0.242810 -0.518201
v 0.161691 -0.180399 -0.590417
v -0.208247 -0.242858 -0.518022
v -0.161640 -0.180390 -0.590350
v 0.000105 0.585622 -0.635095
v -0.161938 0.462185 -0.673544
v -0.068037 0.665750 -0.559377
v -0.225284 0.521895 -0.599841
v 0.162390 0.462150 -0.673537
v 0.068015 0.665948 -0.559390
v 0.225670 0.521231 -0.599576
v 0.105048 0.296804 -0.771584
v -0.104887 0.296107 -0.772143
v 0.120006 0.189237 -0.820367
v -0.119033 0.185419 -0.822067
v 0.250943 0.402073 -0.639434
v 0.222589 0.246317 -0.788446
v -0.250969 0.402402 -0.639381
v -0.222722 0.246543 -0.788434
v 0.527730 0.098155 -0.391721
v 0.597037 0.052936 -0.247035
v 0.495030 0.176078 -0.353318
v 0.578243 0.116383 -0.193703
v 0.511804 -0.091604 -0.376037
v 0.590559 -0.053714 -0.244913
v 0.494711 -0.155213 -0.341479
v 0.574357 -0.114006 -0.192483
v 0.484555 0.004393 -0.469765
v 0.450554 -0.140305 -0.422718
v 0.409215 -0.032362 -0.513660
v 0.470022 0.164872 -0.452692
v 0.426588 0.052117 -0.539534
v 0.622669 0.056912 -0.140727
v 0.615060 -0.057999 -0.141004
v 0.528789 0.097665 0.376544
v 0.618980 0.055554 0.253967
v 0.508611 0.168182 0.342042
v 0.594721 0.120796 0.207754
v 0.529340 -0.098287 0.376156
v 0.619358 -0.052096 0.250963
v 0.496549 -0.186021 0.342642
v 0.593004 -0.121855 0.204147
v 0.496820 0.005707 0.463491
v 0.455812 -0.169337 0.427626
v 0.426585 -0.039013 0.518786
v 0.461792 0.149103 0.420721
v 0.424413 0.045974 0.511241
v 0.641491 0.059900 0.163353
v 0.638862 -0.058157 0.160688
v -0.527633 0.098084 -0.391770
v -0.597017 0.052949 -0.247097
v -0.494993 0.176009 -0.353498
v -0.578190 0.116332 -0.193892
v -0.511003 -0.091423 -0.375456
v -0.590531 -0.053742 -0.244970
v -0.494673 -0.155209 -0.341580
v -0.574291 -0.114055 -0.192445
v -0.484502 0.004555 -0.469640
v -0.450605 -0.140396 -0.422622
v -0.410060 -0.032733 -0.513125
v -0.470256 0.164455 -0.452899
v -0.426181 0.052278 -0.539486
v -0.622682 0.056886 -0.140807
v -0.615068 -0.057995 -0.141017
v -0.528878 0.097646 0.376621
v -0.619113 0.055628 0.254165
v -0.508898 0.167884 0.342074
v -0.595127 0.120858 0.207729
v -0.529817 -0.098026 0.375657
v -0.619372 -0.052196 0.250992
v -0.496895 -0.185970 0.342508
v -0.593180 -0.121901 0.204085
v -0.496816 0.005902 0.463413
v -0.455981 -0.169661 0.427738
v -0.426595 -0.039151 0.518965
v -0.461813 0.149220 0.420849
v -0.424420 0.045981 0.511284
v -0.641524 0.059970 0.163343
v -0.638814 -0.058188 0.160666
v -0.000126 0.408962 0.105206
v -0.046269 0.367541 0.199285
v -0.000054 0.587801 -0.252741
v -0.057838 0.673258 -0.354818
v 0.046419 0.367721 0.198718
v 0.057804 0.673452 -0.354677
v -0.336553 0.271874 0.368675
v -0.416632 0.255617 0.337903
v -0.369684 0.244091 0.430084
v -0.363510 0.486479 -0.444828
v -0.369509 0.359510 -0.366807
v -0.353324 0.350366 -0.475793
v -0.569087 0.189990 -0.033343
v -0.575140 0.189835 0.065544
v -0.616194 0.125303 0.016594
v 0.336445 0.271853 0.368682
v 0.416671 0.255559 0.337934
v 0.369757 0.244131 0.430051
v 0.362820 0.485369 -0.446214
v 0.369753 0.358715 -0.366565
v 0.353441 0.349644 -0.475908
v 0.569112 0.189946 -0.033319
v 0.575204 0.189878 0.065634
v 0.616203 0.125266 0.016661
v 0.000136 -0.595813 0.233336
v -0.047280 -0.607402 0.359756
v -0.000295 -0.581277 -0.160982
v -0.054860 -0.572512 -0.250154
v 0.047942 -0.607327 0.359711
v 0.054304 -0.572126 -0.249997
v -0.354776 -0.468129 0.448259
v -0.408160 -0.363351 0.371678
v -0.372790 -0.361817 0.474216
v -0.301166 -0.315875 -0.337306
v -0.379691 -0.269207 -0.314959
v -0.342560 -0.240510 -0.411521
v -0.565863 -0.184292 -0.030807
v -0.566571 -0.191585 0.065762
v -0.614093 -0.123965 0.015572
v 0.354759 -0.468469 0.448364
v 0.408366 -0.363982 0.371905
v 0.372569 -0.361871 0.474512
v 0.301142 -0.316542 -0.337243
v 0.379783 -0.269813 -0.315035
v 0.342428 -0.240641 -0.411258
v 0.565910 -0.184230 -0.030860
v 0.566460 -0.191709 0.065860
v 0.614087 -0.123977 0.015501
v 0.180567 -0.006947 0.648967
v 0.267306 -0.056964 0.621344
v -0.180871 -0.006827 0.649504
v -0.267353 -0.056950 0.621240
v 0.262048 0.045864 0.597019
v -0.262019 0.045698 0.597045
v 0.191841 0.021062 -0.681766
v 0.263436 -0.030343 -0.611508
v -0.191179 0.021179 -0.681769
v -0.262948 -0.030047 -0.610734
v 0.286771 0.068816 -0.671673
v -0.286550 0.069752 -0.671133
v -0.282391 0.416348 -0.039381
v -0.303160 0.397582 -0.005525
v -0.298567 0.418162 -0.067266
v -0.327795 0.398492 -0.049175
v -0.331376 0.386581 -0.011023
v 0.281989 0.415984 -0.039892
v 0.303211 0.396876 -0.004879
v 0.298269 0.418202 -0.067646
v 0.327668 0.398304 -0.049517
v 0.331605 0.386084 -0.010508
v -0.323047 -0.573157 0.000820
v -0.335011 -0.542076 0.035506
v -0.341974 -0.567428 -0.027446
v -0.360153 -0.526781 -0.011238
v -0.359695 -0.517924 0.027890
v 0.323282 -0.573555 0.000399
v 0.334461 -0.541894 0.035416
v 0.341967 -0.567974 -0.027714
v 0.359749 -0.526710 -0.011066
v 0.358976 -0.517732 0.028188
v -0.024431 -0.481128 0.699816
v 0.024187 -0.480876 0.699586
v -0.000168 -0.404758 0.713461
v 0.038174 -0.433478 0.707702
v -0.038360 -0.433694 0.708085
v -0.018694 0.254276 0.579669
v 0.018591 0.254276 0.579692
v -0.000009 0.248523 0.601550
v 0.029912 0.250754 0.593566
v -0.029948 0.250768 0.593568
v -0.017490 -0.251742 -0.564700
v 0.017573 -0.251742 -0.564680
v 0.000004 -0.239765 -0.593368
v 0.028614 -0.243041 -0.586072
v -0.028646 -0.242972 -0.586057
v -0.022960 0.450920 -0.692322
v 0.023109 0.451323 -0.692317
v -0.000077 0.386244 -0.723708
v 0.037770 0.410918 -0.711296
v -0.037620 0.410498 -0.711113
v 0.571708 0.021870 -0.353859
v 0.566906 -0.017872 -0.350538
v 0.550824 -0.010192 -0.380921
v 0.553690 0.015122 -0.383223
v 0.580523 0.001855 -0.334015
v 0.591793 0.021682 0.350797
v 0.592239 -0.015573 0.348725
v 0.574353 -0.007973 0.378583
v 0.573812 0.015523 0.379712
v 0.603591 0.002736 0.331599
v -0.571692 0.021791 -0.353875
v -0.566903 -0.017886 -0.350512
v -0.550741 -0.010188 -0.380897
v -0.553687 0.015128 -0.383231
v -0.580535 0.001838 -0.334120
v -0.591715 0.021733 0.350680
v -0.592173 -0.015673 0.348724
v -0.574286 -0.008021 0.378607
v -0.573842 0.015615 0.379627
v -0.603519 0.002700 0.331589
v -0.040583 0.478252 -0.065393
v 0.040870 0.478088 -0.065208
v -0.020590 0.461747 -0.022918
v -0.019657 0.499234 -0.110427
v 0.020761 0.461807 -0.023111
v 0.019901 0.498658 -0.110215
v -0.209974 0.332532 0.244503
v -0.167653 0.306128 0.339843
v -0.163293 0.338671 0.245636
v -0.236716 0.312842 0.289160
v -0.141549 0.324670 0.293003
v -0.215574 0.300850 0.337569
v -0.234615 0.635354 -0.392232
v -0.203506 0.665754 -0.496413
v -0.198397 0.698747 -0.404733
v -0.288048 0.629091 -0.426420
v -0.218344 0.793533 -0.469415
v -0.258225 0.619039 -0.475279
v -0.456977 0.293263 -0.174580
v -0.497255 0.222022 -0.223377
v -0.440815 0.299844 -0.228181
v -0.492323 0.256213 -0.143916
v -0.461567 0.261952 -0.252102
v -0.511845 0.221878 -0.168935
v -0.494678 0.258245 0.176011
v -0.532270 0.211142 0.230081
v -0.484841 0.253894 0.223782
v -0.524227 0.240001 0.157064
v -0.503258 0.232652 0.251742
v -0.543831 0.215163 0.183435
v 0.209935 0.331859 0.244057
v 0.167584 0.306185 0.339760
v 0.163789 0.338492 0.245693
v 0.142543 0.324353 0.293464
v 0.237316 0.312747 0.289608
v 0.215827 0.300960 0.337350
v 0.234677 0.635792 -0.395496
v 0.202943 0.664577 -0.497243
v 0.199061 0.698986 -0.405648
v 0.218272 0.793601 -0.469736
v 0.290086 0.627981 -0.428532
v 0.258668 0.617701 -0.476873
v 0.456863 0.293594 -0.174566
v 0.497063 0.222091 -0.223117
v 0.440371 0.300214 -0.228677
v 0.492280 0.255966 -0.144010
v 0.461483 0.261637 -0.252170
v 0.511278 0.221849 -0.169089
v 0.494761 0.258228 0.176015
v 0.532453 0.211308 0.230131
v 0.484889 0.253826 0.223762
v 0.524241 0.240016 0.157092
v 0.503378 0.232614 0.251872
v 0.543953 0.215172 0.183510
v -0.053456 -0.622423 0.010270
v 0.053367 -0.622102 0.009954
v -0.025526 -0.609841 0.060892
v -0.029815 -0.619835 -0.034044
v 0.024938 -0.610115 0.060984
v 0.029306 -0.619744 -0.034067
v -0.241239 -0.582439 0.405850
v -0.258486 -0.779324 0.523829
v -0.193097 -0.634238 0.411387
v -0.281858 -0.592855 0.440414
v -0.193180 -0.755337 0.458305
v -0.299254 -0.669642 0.500587
v -0.241456 -0.557682 -0.300500
v -0.165291 -0.436287 -0.334550
v -0.186737 -0.566727 -0.301244
v -0.246039 -0.472877 -0.306829
v -0.150504 -0.498356 -0.316119
v -0.209567 -0.421319 -0.326542
v -0.456195 -0.275120 -0.150506
v -0.502410 -0.201085 -0.212282
v -0.445572 -0.267425 -0.201092
v -0.489138 -0.243770 -0.129290
v -0.469269 -0.228695 -0.233303
v -0.512542 -0.206972 -0.159175
v -0.474366 -0.310132 0.189497
v -0.513858 -0.233532 0.231676
v -0.465460 -0.313819 0.238606
v -0.502561 -0.270066 0.162948
v -0.482536 -0.273893 0.259148
v -0.524571 -0.232779 0.184625
v 0.241306 -0.582480 0.406102
v 0.256646 -0.779946 0.522214
v 0.193211 -0.634098 0.411190
v 0.193212 -0.754804 0.458128
v 0.281928 -0.593077 0.440742
v 0.299009 -0.670920 0.500103
v 0.241079 -0.558103 -0.300586
v 0.165205 -0.436320 -0.334661
v 0.186594 -0.565947 -0.300640
v 0.150337 -0.498783 -0.316166
v 0.246038 -0.473321 -0.306581
v 0.209365 -0.421411 -0.326565
v 0.456299 -0.275684 -0.150739
v 0.502502 -0.200958 -0.212516
v 0.445284 -0.267365 -0.200835
v 0.489026 -0.243664 -0.129228
v 0.469102 -0.228957 -0.233237
v 0.512649 -0.207026 -0.159146
v 0.474012 -0.310122 0.189478
v 0.514044 -0.233573 0.231399
v 0.465031 -0.313675 0.238871
v 0.502524 -0.270089 0.163316
v 0.482360 -0.273931 0.258906
v 0.525086 -0.232752 0.184781
v 0.000073 -0.052331 0.734797
v 0.000091 0.043411 0.663683
v 0.046539 -0.031202 0.704353
v -0.046653 -0.031189 0.704368
v 0.045173 0.018689 0.673323
v -0.045099 0.018939 0.673966
v 0.300032 -0.255960 0.607238
v 0.368581 -0.177965 0.536275
v 0.330942 -0.277469 0.570203
v 0.362271 -0.234957 0.532383
v 0.301846 -0.194389 0.605577
v 0.337887 -0.158100 0.571236
v -0.300355 -0.255498 0.606919
v -0.368558 -0.178177 0.536188
v -0.330786 -0.277249 0.569856
v -0.362188 -0.235435 0.532421
v -0.301873 -0.194342 0.605338
v -0.337952 -0.158632 0.571405
v 0.283616 0.195145 0.546586
v 0.366788 0.150465 0.510944
v 0.318745 0.209053 0.520816
v 0.359438 0.188740 0.501796
v 0.289983 0.157262 0.553951
v 0.331808 0.132931 0.537152
v -0.283681 0.195068 0.546622
v -0.366847 0.150604 0.510992
v -0.318721 0.208973 0.520838
v -0.359468 0.188606 0.501660
v -0.289904 0.157167 0.554025
v -0.331770 0.132713 0.537240
v 0.000033 -0.028737 -0.666849
v -0.000197 0.075237 -0.745171
v 0.047900 -0.002851 -0.685061
v -0.047849 -0.003248 -0.685342
v 0.051527 0.048965 -0.724609
v -0.051774 0.046998 -0.728037
v 0.276611 -0.186371 -0.540846
v 0.356402 -0.140093 -0.507523
v 0.307481 -0.193572 -0.512844
v 0.348052 -0.174390 -0.496164
v 0.285107 -0.153407 -0.550852
v 0.324586 -0.125021 -0.536166
v -0.276495 -0.186534 -0.540716
v -0.356276 -0.139878 -0.507457
v -0.307463 -0.193625 -0.512895
v -0.348124 -0.174429 -0.496197
v -0.284982 -0.153223 -0.550626
v -0.324309 -0.124683 -0.536035
v 0.315305 0.252647 -0.649663
v 0.385111 0.179545 -0.575042
v 0.337033 0.269367 -0.597108
v 0.374048 0.231073 -0.563790
v 0.327975 0.198455 -0.664455
v 0.360853 0.163235 -0.621956
v -0.315699 0.252963 -0.650301
v -0.385120 0.179437 -0.575168
v -0.337040 0.269289 -0.597546
v -0.373933 0.231237 -0.563906
v -0.328016 0.198692 -0.664022
v -0.360636 0.163201 -0.621681
v 0.658738 -0.000198 -0.034879
v 0.664156 0.000470 0.065368
v 0.662995 0.029469 -0.008886
v 0.662990 0.030086 0.040894
v 0.658700 -0.029865 -0.009688
v 0.660713 -0.029664 0.040135
v -0.658758 -0.000151 -0.034840
v -0.664173 0.000495 0.065365
v -0.662962 0.029446 -0.008874
v -0.662971 0.030097 0.040928
v -0.658731 -0.029794 -0.009657
v -0.660680 -0.029669 0.040125
v -0.208044 0.445259 -0.050932
v -0.124057 0.467128 -0.060101
v -0.189092 0.434907 -0.012304
v -0.187189 0.468652 -0.096463
v -0.147154 0.445226 -0.015403
v -0.144516 0.481372 -0.101817
v -0.277735 0.379188 0.068749
v -0.246806 0.357176 0.153055
v -0.237198 0.390358 0.070025
v -0.303877 0.357589 0.106311
v -0.220572 0.378647 0.111624
v -0.289216 0.347263 0.149732
v -0.273707 0.465230 -0.159496
v -0.256556 0.541367 -0.269140
v -0.234797 0.489850 -0.175174
v -0.299657 0.466922 -0.192042
v -0.221544 0.525770 -0.230021
v -0.295914 0.505458 -0.247694
v -0.371981 0.380301 -0.088991
v -0.416414 0.347202 -0.130937
v -0.362631 0.399187 -0.139836
v -0.403688 0.351434 -0.059706
v -0.383308 0.384153 -0.162538
v -0.428021 0.334136 -0.078789
v -0.383891 0.342724 0.048198
v -0.442627 0.298936 0.113660
v -0.378442 0.333431 0.091846
v -0.413721 0.329167 0.035132
v -0.408005 0.312311 0.126237
v -0.444102 0.306136 0.066834
v 0.208050 0.444740 -0.051725
v 0.123686 0.466840 -0.059808
v 0.189403 0.434262 -0.012426
v 0.187169 0.468544 -0.096836
v 0.146665 0.444923 -0.015291
v 0.144553 0.481255 -0.102074
v 0.277880 0.379134 0.068945
v 0.246667 0.357226 0.153305
v 0.237561 0.390110 0.070218
v 0.304019 0.357789 0.106559
v 0.220730 0.378721 0.111674
v 0.289420 0.346988 0.149847
v 0.273839 0.466013 -0.160766
v 0.258002 0.543653 -0.271426
v 0.235272 0.489953 -0.176886
v 0.299462 0.467987 -0.194625
v 0.222724 0.527352 -0.231206
v 0.297448 0.509088 -0.250095
v 0.371830 0.380337 -0.089651
v 0.415933 0.347238 -0.131526
v 0.362544 0.399736 -0.140725
v 0.403473 0.351193 -0.059635
v 0.383115 0.384583 -0.163856
v 0.427879 0.334199 -0.078791
v 0.383843 0.342376 0.048683
v 0.442454 0.298908 0.113820
v 0.378185 0.333480 0.091998
v 0.413667 0.328900 0.035406
v 0.407922 0.312024 0.126580
v 0.444098 0.306086 0.067171
v -0.255760 -0.639141 -0.002511
v -0.155633 -0.649342 0.001225
v -0.219570 -0.597873 0.030497
v -0.255427 -0.726281 -0.029983
v -0.170911 -0.605208 0.035052
v -0.191508 -0.711525 -0.037795
v -0.305405 -0.534523 0.128559
v -0.269682 -0.541800 0.254211
v -0.261295 -0.550142 0.136784
v -0.332601 -0.515845 0.173111
v -0.240660 -0.552179 0.201505
v -0.316334 -0.520728 0.233928
v -0.348391 -0.639847 -0.121847
v -0.334463 -0.670498 -0.250852
v -0.332740 -0.733422 -0.140448
v -0.360616 -0.585082 -0.154472
v -0.311393 -0.746711 -0.210252
v -0.362237 -0.594459 -0.215549
v -0.388982 -0.455300 -0.051303
v -0.413633 -0.360267 -0.094285
v -0.382253 -0.457371 -0.098307
v -0.408740 -0.410925 -0.025875
v -0.389361 -0.404447 -0.118367
v -0.424241 -0.366077 -0.047692
v -0.399688 -0.454290 0.086591
v -0.434414 -0.383298 0.141497
v -0.395305 -0.456466 0.136074
v -0.417256 -0.415432 0.066314
v -0.410808 -0.422478 0.165856
v -0.437455 -0.378902 0.092386
v 0.255116 -0.639633 -0.002826
v 0.155095 -0.649034 0.000803
v 0.219238 -0.597926 0.030510
v 0.254287 -0.728020 -0.030031
v 0.170557 -0.605146 0.034913
v 0.190455 -0.711859 -0.038000
v 0.305717 -0.534391 0.128706
v 0.269495 -0.541807 0.254447
v 0.261530 -0.549951 0.136389
v 0.331888 -0.515656 0.172955
v 0.241060 -0.552016 0.201819
v 0.315505 -0.520323 0.233971
v 0.348666 -0.640441 -0.122205
v 0.334170 -0.670781 -0.250995
v 0.332547 -0.734159 -0.140638
v 0.360616 -0.585227 -0.154524
v 0.310926 -0.747167 -0.210318
v 0.362086 -0.594688 -0.215842
v 0.388988 -0.454731 -0.051652
v 0.414120 -0.359995 -0.094209
v 0.382435 -0.457737 -0.098220
v 0.409019 -0.411061 -0.026532
v 0.389692 -0.404274 -0.118502
v 0.423892 -0.365804 -0.047489
v 0.399768 -0.453749 0.086514
v 0.434397 -0.382895 0.141365
v 0.395301 -0.456233 0.136216
v 0.417189 -0.415206 0.066458
v 0.410697 -0.422315 0.165464
v 0.437416 -0.379012 0.092358
v -0.095866 -0.579284 0.685981
v -0.179369 -0.751674 0.679611
v -0.066766 -0.620531 0.663300
v -0.163698 -0.583494 0.696087
v -0.099264 -0.685729 0.644978
v -0.217318 -0.667577 0.702068
v 0.095481 -0.579480 0.685693
v 0.177919 -0.753462 0.678845
v 0.066052 -0.620664 0.662248
v 0.163292 -0.584232 0.696181
v 0.098282 -0.685290 0.643285
v 0.216909 -0.669623 0.701987
v -0.000180 -0.292198 0.739473
v 0.000058 -0.166794 0.825195
v 0.047849 -0.262629 0.743736
v -0.048054 -0.262935 0.743643
v 0.049067 -0.201001 0.763179
v -0.049021 -0.201003 0.762955
v 0.136419 -0.393521 0.705747
v 0.232443 -0.333009 0.679689
v 0.183915 -0.435497 0.696122
v 0.140679 -0.329510 0.713363
v 0.235718 -0.404426 0.684310
v 0.189547 -0.299734 0.702870
v -0.136649 -0.393580 0.705852
v -0.232923 -0.332790 0.679856
v -0.184202 -0.435419 0.696386
v -0.141041 -0.329337 0.712832
v -0.235905 -0.403903 0.684188
v -0.189919 -0.299473 0.703029
v -0.068712 0.263683 0.524716
v -0.119680 0.282454 0.435560
v -0.046759 0.274583 0.480458
v -0.115325 0.262180 0.522865
v -0.071308 0.285137 0.435570
v -0.142965 0.269238 0.482200
v 0.068635 0.263770 0.524639
v 0.119354 0.282381 0.435773
v 0.046764 0.274436 0.480741
v 0.115243 0.262175 0.522886
v 0.071320 0.285380 0.435289
v 0.143068 0.269323 0.482071
v 0.000174 0.234484 0.618430
v 0.000129 0.142495 0.629919
v 0.040438 0.209978 0.617864
v -0.040547 0.209667 0.617503
v 0.041688 0.165674 0.623242
v -0.041684 0.166563 0.623120
v 0.109617 0.245126 0.589300
v 0.197542 0.231092 0.575427
v 0.143601 0.248744 0.569998
v 0.117195 0.235207 0.600059
v 0.188259 0.244033 0.562565
v 0.161470 0.225757 0.594006
v -0.109611 0.245162 0.589321
v -0.197466 0.231128 0.575426
v -0.143582 0.248773 0.569953
v -0.117190 0.235232 0.600167
v -0.188229 0.244075 0.562545
v -0.161414 0.225760 0.594159
v -0.061537 -0.291288 -0.486502
v -0.109372 -0.350234 -0.403462
v -0.042431 -0.322041 -0.445902
v -0.103509 -0.286732 -0.485760
v -0.065888 -0.356632 -0.406872
v -0.127826 -0.311771 -0.442326
v 0.061571 -0.291333 -0.486481
v 0.109205 -0.350175 -0.403367
v 0.042461 -0.321998 -0.445841
v 0.103509 -0.286780 -0.485738
v 0.065803 -0.356616 -0.406832
v 0.127866 -0.311865 -0.442316
v 0.000007 -0.221046 -0.608229
v 0.000077 -0.136194 -0.622015
v 0.040447 -0.211575 -0.609530
v -0.040393 -0.211779 -0.609390
v 0.041748 -0.162438 -0.616261
v -0.041564 -0.161823 -0.616543
v 0.104854 -0.235662 -0.580873
v 0.190064 -0.217132 -0.564790
v 0.136087 -0.241351 -0.560072
v 0.112768 -0.223305 -0.590277
v 0.178921 -0.234332 -0.550583
v 0.155257 -0.210422 -0.583189
v -0.104831 -0.235678 -0.581013
v -0.190057 -0.217133 -0.564798
v -0.136036 -0.241339 -0.560032
v -0.112767 -0.223299 -0.590318
v -0.178885 -0.234327 -0.550550
v -0.155242 -0.210461 -0.583188
v -0.087689 0.530087 -0.655021
v -0.160451 0.613119 -0.600082
v -0.063448 0.582827 -0.634804
v -0.146302 0.518689 -0.654627
v -0.099461 0.625689 -0.604522
v -0.186353 0.559624 -0.630310
v 0.088104 0.530196 -0.655542
v 0.160441 0.612687 -0.600185
v 0.063572 0.582594 -0.634552
v 0.146594 0.518421 -0.654548
v 0.099723 0.625693 -0.604570
v 0.186239 0.559077 -0.630296
v 0.000021 0.293144 -0.771044
v 0.000019 0.186371 -0.797784
v 0.054989 0.269111 -0.784429
v -0.054755 0.268176 -0.784330
v 0.058547 0.215752 -0.802820
v -0.058127 0.214178 -0.803416
v 0.136545 0.375178 -0.719672
v 0.239173 0.324294 -0.712164
v 0.175234 0.406003 -0.694191
v 0.149993 0.324254 -0.749925
v 0.224062 0.379381 -0.684910
v 0.205700 0.300245 -0.754226
v -0.136404 0.374878 -0.720037
v -0.239070 0.324382 -0.712193
v -0.174819 0.405842 -0.694153
v -0.149485 0.324458 -0.750124
v -0.223762 0.379685 -0.685246
v -0.205827 0.300180 -0.754505
v 0.568547 0.074722 -0.322123
v 0.538525 0.144649 -0.273822
v 0.545946 0.102250 -0.348480
v 0.578921 0.079560 -0.272721
v 0.528411 0.139507 -0.326000
v 0.566661 0.112635 -0.247118
v 0.557069 -0.074963 -0.314289
v 0.539942 -0.136736 -0.270746
v 0.531506 -0.099461 -0.336320
v 0.571932 -0.080016 -0.269365
v 0.524465 -0.131206 -0.318163
v 0.562972 -0.110475 -0.244712
v 0.498855 -0.047126 -0.425762
v 0.431053 -0.091156 -0.468578
v 0.489895 -0.081542 -0.412714
v 0.474983 -0.031855 -0.459276
v 0.458510 -0.105562 -0.435501
v 0.438668 -0.052146 -0.480407
v 0.511117 0.054773 -0.439640
v 0.451629 0.111451 -0.503434
v 0.505466 0.091750 -0.431728
v 0.488348 0.041187 -0.474742
v 0.476365 0.122682 -0.462885
v 0.458745 0.066983 -0.508509
v 0.604599 0.000043 -0.246478
v 0.631006 -0.000407 -0.141745
v 0.609949 0.026678 -0.221227
v 0.606161 -0.027307 -0.220550
v 0.623017 0.027589 -0.168283
v 0.618938 -0.028554 -0.168218
v 0.577998 0.078332 0.316790
v 0.554528 0.145735 0.274972
v 0.548543 0.105555 0.337336
v 0.592884 0.083759 0.274671
v 0.537524 0.140018 0.318173
v 0.581832 0.116744 0.252504
v 0.575723 -0.076982 0.313541
v 0.546092 -0.154536 0.272275
v 0.545549 -0.108141 0.335098
v 0.590986 -0.082800 0.271212
v 0.530048 -0.149045 0.316500
v 0.577404 -0.119070 0.249224
v 0.516393 -0.048158 0.424844
v 0.442387 -0.107170 0.476170
v 0.505180 -0.088857 0.413534
v 0.491171 -0.032782 0.458861
v 0.468029 -0.121256 0.439237
v 0.453602 -0.059517 0.484974
v 0.516461 0.053831 0.425365
v 0.444691 0.100440 0.469228
v 0.506556 0.088065 0.413162
v 0.492029 0.041013 0.458824
v 0.471319 0.112658 0.434656
v 0.455800 0.063113 0.481679
v 0.636946 0.001946 0.254436
v 0.656075 0.001065 0.163546
v 0.640786 0.027981 0.233441
v 0.640066 -0.024583 0.231485
v 0.650643 0.029243 0.187887
v 0.649053 -0.026765 0.186097
v -0.568512 0.074654 -0.322166
v -0.538518 0.144783 -0.274101
v -0.545916 0.102215 -0.348589
v -0.578941 0.079560 -0.272850
v -0.528317 0.139599 -0.326065
v -0.566684 0.112621 -0.247234
v -0.557176 -0.074966 -0.314363
v -0.539968 -0.136840 -0.270770
v -0.531791 -0.099696 -0.336517
v -0.571987 -0.080034 -0.269387
v -0.524455 -0.131302 -0.318141
v -0.562932 -0.110500 -0.244634
v -0.498923 -0.047120 -0.425769
v -0.430782 -0.090996 -0.468459
v -0.489848 -0.081503 -0.412641
v -0.475247 -0.031910 -0.459599
v -0.458591 -0.105679 -0.435505
v -0.438928 -0.052191 -0.480294
v -0.511119 0.054764 -0.439609
v -0.451832 0.111287 -0.503626
v -0.505083 0.091756 -0.431516
v -0.488196 0.041324 -0.474590
v -0.476191 0.122498 -0.463116
v -0.458663 0.067149 -0.508325
v -0.604654 0.000053 -0.246447
v -0.631006 -0.000382 -0.141662
v -0.609933 0.026689 -0.221244
v -0.606196 -0.027306 -0.220557
v -0.623024 0.027592 -0.168338
v -0.618996 -0.028500 -0.168199
v -0.577909 0.078779 0.316847
v -0.554772 0.145565 0.274910
v -0.548579 0.105570 0.337536
v -0.592957 0.084075 0.274577
v -0.537681 0.139822 0.318191
v -0.581836 0.116952 0.252613
v -0.576136 -0.076947 0.313177
v -0.545914 -0.154267 0.272662
v -0.545248 -0.107859 0.335232
v -0.591191 -0.082625 0.271181
v -0.529195 -0.149238 0.316786
v -0.577215 -0.119275 0.249192
v -0.516542 -0.048166 0.424833
v -0.442326 -0.107070 0.476056
v -0.505373 -0.089154 0.413738
v -0.491374 -0.032825 0.459225
v -0.467842 -0.121959 0.438886
v -0.453747 -0.059092 0.484689
v -0.516371 0.053864 0.425321
v -0.444499 0.100492 0.469139
v -0.506915 0.087936 0.413326
v -0.492159 0.040880 0.458899
v -0.471093 0.112648 0.434494
v -0.455892 0.063088 0.481696
v -0.636926 0.001909 0.254470
v -0.656022 0.001060 0.163533
v -0.640659 0.028015 0.233370
v -0.640046 -0.024655 0.231505
v -0.650630 0.029296 0.187865
v -0.649013 -0.026818 0.186148
v -0.064605 0.423889 0.063602
v -0.112995 0.380096 0.154237
v -0.108361 0.417336 0.066337
v -0.132764 0.395439 0.110771
v -0.044043 0.406992 0.106344
v -0.067841 0.385598 0.152882
v -0.058774 0.544524 -0.202298
v -0.119636 0.622198 -0.304407
v -0.100259 0.537069 -0.200245
v -0.130034 0.566930 -0.250444
v -0.044160 0.586812 -0.252987
v -0.074538 0.630125 -0.303920
v 0.064655 0.423622 0.063911
v 0.113152 0.380709 0.154180
v 0.108136 0.417158 0.066945
v 0.132841 0.395634 0.110746
v 0.044142 0.406861 0.106561
v 0.067763 0.385212 0.152678
v 0.058572 0.544469 -0.202003
v 0.119607 0.622240 -0.304704
v 0.100084 0.536826 -0.199998
v 0.130715 0.567552 -0.250315
v 0.044370 0.587007 -0.252303
v 0.074918 0.630179 -0.303952
v -0.329577 0.297583 0.278307
v -0.412406 0.278551 0.255813
v -0.345341 0.306897 0.229427
v -0.387278 0.296607 0.219949
v -0.356311 0.280147 0.318800
v -0.396925 0.271669 0.305385
v -0.046960 0.330903 0.293958
v 0.047303 0.330925 0.293750
v -0.024146 0.315014 0.340946
v 0.023991 0.315401 0.341246
v -0.023605 0.350161 0.245975
v 0.023578 0.349539 0.246236
v -0.266773 0.269425 0.426400
v -0.298191 0.246551 0.486142
v -0.238491 0.262570 0.470140
v -0.254147 0.252657 0.499632
v -0.312846 0.264300 0.416530
v -0.328051 0.252040 0.446065
v -0.457422 0.587377 -0.357878
v -0.365026 0.404419 -0.291346
v -0.373774 0.505186 -0.304461
v -0.361202 0.436657 -0.273094
v -0.390872 0.496714 -0.388416
v -0.359700 0.420503 -0.346862
v -0.074058 0.715292 -0.454097
v 0.074067 0.715093 -0.453822
v -0.035714 0.692002 -0.509763
v 0.035603 0.692536 -0.510041
v -0.033360 0.695090 -0.404891
v 0.033325 0.695289 -0.405076
v -0.294363 0.505904 -0.521782
v -0.309137 0.382063 -0.559334
v -0.264436 0.483284 -0.570369
v -0.276044 0.423369 -0.590668
v -0.327813 0.463296 -0.492201
v -0.328825 0.398464 -0.509029
v -0.521620 0.252068 -0.035300
v -0.530016 0.245896 0.062244
v -0.498229 0.276694 -0.014280
v -0.502697 0.271670 0.034149
v -0.551285 0.222269 -0.007632
v -0.554404 0.220861 0.040950
v -0.433939 0.261682 -0.359183
v -0.409315 0.252180 -0.464072
v -0.459237 0.215906 -0.381942
v -0.447205 0.210472 -0.433479
v -0.395821 0.307551 -0.389680
v -0.385235 0.302893 -0.443097
v -0.574089 0.154137 -0.113136
v -0.628031 0.090267 -0.059758
v -0.590266 0.119237 -0.139937
v -0.615285 0.088410 -0.113123
v -0.586226 0.156006 -0.059645
v -0.613439 0.123961 -0.033469
v -0.468113 0.223347 0.345880
v -0.418322 0.207015 0.429785
v -0.479041 0.195586 0.367087
v -0.453602 0.184901 0.406475
v -0.432983 0.238683 0.366639
v -0.408605 0.232355 0.410910
v -0.588660 0.156473 0.137328
v -0.630035 0.092959 0.089859
v -0.604719 0.123737 0.161421
v -0.626008 0.092213 0.138264
v -0.592668 0.157263 0.089394
v -0.613553 0.125413 0.065398
v 0.328974 0.297509 0.278302
v 0.412446 0.278438 0.255814
v 0.345019 0.306951 0.229612
v 0.387297 0.296666 0.220009
v 0.356258 0.280210 0.318771
v 0.396926 0.271606 0.305344
v 0.266400 0.269512 0.426310
v 0.298277 0.246496 0.486140
v 0.238363 0.262598 0.470198
v 0.254136 0.252601 0.499629
v 0.312656 0.264204 0.416568
v 0.328075 0.251951 0.446045
v 0.457879 0.586844 -0.359137
v 0.364672 0.404763 -0.291999
v 0.375566 0.510319 -0.306653
v 0.360772 0.438545 -0.275038
v 0.390438 0.496125 -0.389490
v 0.359210 0.419927 -0.347121
v 0.293773 0.505088 -0.523387
v 0.309198 0.381341 -0.559885
v 0.264249 0.482717 -0.570684
v 0.275295 0.422388 -0.590270
v 0.326998 0.462483 -0.492846
v 0.328625 0.397657 -0.509469
v 0.521780 0.251894 -0.034971
v 0.530059 0.245842 0.062423
v 0.498332 0.276510 -0.013912
v 0.502682 0.271416 0.034285
v 0.551444 0.222310 -0.007487
v 0.554450 0.220808 0.041089
v 0.434074 0.261280 -0.359187
v 0.409572 0.252114 -0.463898
v 0.459082 0.215678 -0.382215
v 0.447693 0.210255 -0.433723
v 0.396187 0.307179 -0.389801
v 0.385616 0.302606 -0.442984
v 0.574339 0.153993 -0.113022
v 0.627911 0.090267 -0.059732
v 0.590344 0.119444 -0.139702
v 0.615256 0.088328 -0.113153
v 0.586237 0.156076 -0.059572
v 0.613458 0.123921 -0.033449
v 0.468137 0.223366 0.345887
v 0.418343 0.207032 0.429870
v 0.479184 0.195612 0.367094
v 0.453647 0.184932 0.406482
v 0.432985 0.238736 0.366600
v 0.408606 0.232404 0.410822
v 0.588588 0.156508 0.137329
v 0.630035 0.092961 0.089895
v 0.604659 0.123743 0.161385
v 0.625992 0.092250 0.138285
v 0.592586 0.157236 0.089569
v 0.613686 0.125383 0.065443
v -0.070341 -0.590333 0.168015
v -0.117705 -0.580859 0.294932
v -0.116157 -0.579564 0.159566
v -0.142334 -0.575538 0.222704
v -0.046257 -0.591585 0.231944
v -0.069543 -0.591216 0.296254
v -0.088004 -0.656840 -0.131247
v -0.135154 -0.674021 -0.241286
v -0.121502 -0.755887 -0.147053
v -0.155604 -0.769387 -0.217114
v -0.065001 -0.609891 -0.168985
v -0.084325 -0.618847 -0.219074
v 0.070227 -0.590492 0.168018
v 0.118060 -0.581010 0.294965
v 0.116335 -0.579522 0.159634
v 0.142230 -0.575271 0.222741
v 0.046979 -0.592803 0.232489
v 0.069946 -0.591285 0.296086
v 0.087325 -0.655547 -0.131100
v 0.134423 -0.673132 -0.240767
v 0.120671 -0.752928 -0.146752
v 0.152902 -0.767668 -0.216549
v 0.064649 -0.608840 -0.168513
v 0.083286 -0.618845 -0.219353
v -0.350689 -0.491605 0.366808
v -0.408575 -0.400302 0.298804
v -0.367296 -0.479546 0.307638
v -0.393385 -0.436218 0.275263
v -0.367636 -0.456629 0.389769
v -0.395432 -0.407184 0.353488
v -0.057639 -0.669642 0.471795
v 0.057812 -0.669324 0.471248
v -0.031538 -0.658609 0.524488
v 0.031755 -0.658023 0.524165
v -0.026390 -0.637987 0.415088
v 0.026736 -0.637750 0.415211
v -0.326360 -0.550373 0.558571
v -0.329952 -0.408300 0.569714
v -0.319159 -0.552942 0.628075
v -0.313021 -0.467886 0.622884
v -0.342704 -0.477537 0.508150
v -0.348544 -0.416459 0.517932
v -0.318189 -0.403856 -0.275278
v -0.375613 -0.327102 -0.235384
v -0.345054 -0.431869 -0.238831
v -0.365506 -0.384275 -0.212521
v -0.321995 -0.338209 -0.293145
v -0.358818 -0.310924 -0.281163
v -0.050074 -0.491770 -0.312986
v 0.050160 -0.492005 -0.313271
v -0.024188 -0.445990 -0.342465
v 0.023797 -0.445914 -0.342956
v -0.026061 -0.531479 -0.281552
v 0.025894 -0.531266 -0.281375
v -0.237945 -0.312504 -0.389264
v -0.279434 -0.240421 -0.472193
v -0.214231 -0.290625 -0.434491
v -0.233897 -0.257653 -0.474818
v -0.279748 -0.295447 -0.382846
v -0.300846 -0.258151 -0.422237
v -0.506606 -0.253891 -0.028278
v -0.511887 -0.263184 0.068319
v -0.481443 -0.293370 -0.002376
v -0.485057 -0.297925 0.045249
v -0.539976 -0.220003 -0.004470
v -0.541475 -0.224534 0.043426
v -0.443125 -0.208844 -0.335806
v -0.402770 -0.191407 -0.427073
v -0.461264 -0.178089 -0.363497
v -0.439438 -0.170713 -0.405996
v -0.402230 -0.232759 -0.349928
v -0.384720 -0.220162 -0.399876
v -0.573848 -0.148492 -0.111179
v -0.619950 -0.090303 -0.061198
v -0.586125 -0.117050 -0.139287
v -0.607656 -0.088432 -0.113760
v -0.585056 -0.151379 -0.058432
v -0.609563 -0.122029 -0.034279
v -0.449901 -0.271675 0.354731
v -0.410411 -0.260439 0.447483
v -0.463380 -0.225480 0.370945
v -0.443375 -0.218218 0.414891
v -0.419876 -0.316139 0.387544
v -0.400554 -0.312664 0.436279
v -0.583938 -0.159013 0.135261
v -0.627466 -0.092387 0.087999
v -0.602709 -0.123932 0.158300
v -0.623718 -0.091354 0.135644
v -0.588590 -0.158506 0.088388
v -0.611065 -0.124879 0.064054
v 0.350338 -0.491807 0.366786
v 0.408755 -0.400239 0.299137
v 0.367858 -0.479777 0.307716
v 0.393061 -0.435991 0.274965
v 0.367086 -0.456771 0.389656
v 0.395708 -0.407245 0.353600
v 0.326170 -0.551236 0.558896
v 0.329940 -0.408765 0.570235
v 0.319229 -0.553581 0.627907
v 0.313250 -0.468300 0.623368
v 0.342775 -0.478026 0.508180
v 0.348804 -0.416772 0.518246
v 0.318124 -0.404317 -0.275250
v 0.375715 -0.327324 -0.235430
v 0.345238 -0.431858 -0.239103
v 0.365083 -0.384500 -0.212164
v 0.322069 -0.338249 -0.293318
v 0.358505 -0.310211 -0.280928
v 0.238161 -0.313031 -0.389648
v 0.279243 -0.240819 -0.471611
v 0.214358 -0.290378 -0.434768
v 0.233842 -0.257743 -0.474595
v 0.279646 -0.293664 -0.383125
v 0.300854 -0.257171 -0.423167
v 0.506618 -0.253910 -0.028151
v 0.511785 -0.263125 0.068153
v 0.481396 -0.293151 -0.002412
v 0.484976 -0.298281 0.045229
v 0.540084 -0.220067 -0.004376
v 0.541712 -0.224510 0.043628
v 0.442981 -0.208688 -0.335780
v 0.402798 -0.191389 -0.427062
v 0.461327 -0.178066 -0.363416
v 0.439546 -0.170774 -0.405942
v 0.402413 -0.232649 -0.350034
v 0.384510 -0.220199 -0.399523
v 0.573776 -0.148403 -0.111298
v 0.620054 -0.090240 -0.061237
v 0.586165 -0.116984 -0.139355
v 0.607672 -0.088420 -0.113802
v 0.584950 -0.151361 -0.058571
v 0.609641 -0.121971 -0.034390
v 0.450328 -0.271966 0.354811
v 0.410634 -0.260771 0.447453
v 0.463404 -0.225876 0.370976
v 0.443507 -0.218668 0.415073
v 0.419781 -0.316561 0.387146
v 0.399856 -0.312682 0.436163
v 0.583865 -0.159103 0.135204
v 0.627485 -0.092427 0.087887
v 0.602679 -0.124023 0.158301
v 0.623738 -0.091372 0.135617
v 0.588475 -0.158627 0.088326
v 0.611021 -0.124958 0.063847
v 0.143721 -0.086237 0.702119
v 0.231945 -0.141550 0.669725
v 0.151827 -0.140757 0.731535
v 0.193191 -0.172046 0.705623
v 0.185064 -0.059099 0.670184
v 0.229306 -0.085143 0.655932
v -0.143964 -0.086044 0.703054
v -0.231755 -0.141655 0.669338
v -0.151896 -0.140780 0.731635
v -0.193149 -0.172011 0.705396
v -0.185211 -0.059313 0.670015
v -0.229360 -0.085305 0.655374
v 0.132295 0.068358 0.635342
v 0.214860 0.119049 0.598246
v 0.129626 0.118031 0.621315
v 0.170742 0.142041 0.606074
v 0.177179 0.044374 0.631412
v 0.219063 0.070726 0.609081
v -0.132228 0.068663 0.635612
v -0.215269 0.119591 0.598098
v -0.129544 0.117506 0.621027
v -0.171049 0.142471 0.606278
v -0.177505 0.044525 0.631424
v -0.218875 0.070735 0.609314
v 0.348451 -0.049491 0.571406
v 0.343194 0.045259 0.555118
v 0.389361 -0.020807 0.544176
v 0.386423 0.024030 0.537478
v 0.307284 -0.028021 0.591604
v 0.304556 0.021256 0.581498
v -0.348981 -0.049396 0.571546
v -0.343140 0.045322 0.555143
v -0.389475 -0.020772 0.544098
v -0.386664 0.024076 0.537622
v -0.306666 -0.028374 0.591075
v -0.304558 0.021554 0.581429
v 0.133726 -0.055018 -0.640513
v 0.210859 -0.104590 -0.596544
v 0.128262 -0.107381 -0.620002
v 0.167112 -0.131080 -0.602176
v 0.180447 -0.028089 -0.641848
v 0.217992 -0.054728 -0.615014
v -0.133280 -0.054643 -0.640095
v -0.210911 -0.104687 -0.596096
v -0.128043 -0.107232 -0.619814
v -0.167008 -0.130848 -0.601932
v -0.180086 -0.027666 -0.641190
v -0.218113 -0.054217 -0.614844
v 0.167714 0.093059 -0.775790
v 0.273185 0.152456 -0.764072
v 0.176432 0.154585 -0.812112
v 0.230129 0.185437 -0.800472
v 0.206971 0.069662 -0.728962
v 0.261371 0.093655 -0.731168
v -0.166966 0.090450 -0.781766
v -0.274060 0.154142 -0.764020
v -0.175255 0.153273 -0.811044
v -0.230646 0.185957 -0.800229
v -0.205874 0.069955 -0.729367
v -0.259124 0.095873 -0.726248
v 0.338977 -0.031824 -0.565915
v 0.357517 0.062189 -0.604330
v 0.378839 -0.009503 -0.548315
v 0.387952 0.035289 -0.564103
v 0.306462 -0.007143 -0.601427
v 0.316677 0.041877 -0.625133
v -0.338889 -0.031571 -0.565982
v -0.357698 0.063023 -0.604653
v -0.379109 -0.009701 -0.548243
v -0.388341 0.035294 -0.564222
v -0.306552 -0.006266 -0.601200
v -0.316993 0.042338 -0.625003
v -0.268381 0.409910 -0.006281
v -0.265771 0.436507 -0.079300
v -0.229965 0.422639 -0.009075
v -0.228075 0.453699 -0.088890
v -0.325237 0.377100 0.025752
v -0.253694 0.401035 0.030435
v -0.315793 0.367559 0.064870
v -0.319380 0.415713 -0.091325
v -0.249637 0.460773 -0.124773
v -0.308299 0.437989 -0.139298
v -0.355466 0.376523 -0.024378
v -0.340843 0.409356 -0.115967
v -0.379698 0.365268 -0.041300
v -0.350306 0.355312 0.058016
v -0.383814 0.352973 0.004298
v 0.268217 0.409499 -0.006363
v 0.265189 0.436428 -0.080015
v 0.230082 0.422599 -0.009040
v 0.228068 0.453759 -0.089239
v 0.325164 0.376580 0.026094
v 0.253264 0.400808 0.030846
v 0.315447 0.367280 0.065156
v 0.318753 0.415752 -0.092424
v 0.249849 0.460632 -0.126141
v 0.308131 0.438542 -0.141293
v 0.355793 0.376300 -0.024127
v 0.340338 0.409946 -0.117067
v 0.379453 0.365078 -0.041539
v 0.350255 0.354979 0.058401
v 0.384093 0.352521 0.004613
v -0.303637 -0.564185 0.034100
v -0.321009 -0.615164 -0.036761
v -0.264682 -0.581307 0.027772
v -0.292680 -0.668559 -0.039624
v -0.354371 -0.514759 0.069778
v -0.282417 -0.554070 0.079544
v -0.344666 -0.513857 0.118169
v -0.358934 -0.543313 -0.052839
v -0.331359 -0.674489 -0.080983
v -0.359474 -0.565192 -0.100464
v -0.379128 -0.489143 0.012868
v -0.372138 -0.505017 -0.076651
v -0.394252 -0.452592 -0.005955
v -0.380121 -0.488761 0.103923
v -0.397953 -0.452091 0.039435
v 0.303654 -0.564293 0.034013
v 0.321025 -0.615932 -0.036954
v 0.264168 -0.581068 0.027795
v 0.292310 -0.669244 -0.039529
v 0.354218 -0.514525 0.069684
v 0.282501 -0.554023 0.079317
v 0.345906 -0.514336 0.117905
v 0.359115 -0.544016 -0.052541
v 0.331277 -0.675008 -0.081117
v 0.359193 -0.565153 -0.100408
v 0.378402 -0.488797 0.012812
v 0.373006 -0.505649 -0.075866
v 0.394412 -0.452472 -0.006214
v 0.379977 -0.488424 0.103680
v 0.397886 -0.452039 0.039484
v -0.000092 -0.526183 0.690046
v -0.075638 -0.472723 0.701948
v -0.031704 -0.571519 0.678083
v -0.116791 -0.521317 0.695945
v 0.075281 -0.472826 0.700711
v 0.030900 -0.571532 0.677539
v 0.116546 -0.521636 0.695990
v 0.043928 -0.380731 0.716940
v -0.043743 -0.380968 0.716841
v 0.046421 -0.323166 0.728950
v -0.046508 -0.323054 0.728487
v 0.129664 -0.458011 0.700943
v 0.091557 -0.356208 0.717025
v -0.129641 -0.457876 0.701389
v -0.091579 -0.356292 0.717183
v -0.000025 0.258535 0.557724
v -0.057698 0.253354 0.577623
v -0.022732 0.264924 0.524189
v -0.086387 0.257150 0.554566
v 0.057612 0.253331 0.577644
v 0.022739 0.264910 0.524158
v 0.086276 0.257180 0.554582
v 0.035148 0.245983 0.603990
v -0.035132 0.246005 0.603995
v 0.038217 0.237929 0.612731
v -0.038138 0.237913 0.612860
v 0.099689 0.251573 0.575215
v 0.074652 0.241940 0.603198
v -0.099746 0.251580 0.575211
v -0.074622 0.241961 0.603244
v 0.000006 -0.271603 -0.526209
v -0.054240 -0.250176 -0.564672
v -0.020333 -0.294386 -0.486457
v -0.079025 -0.265788 -0.527563
v 0.054298 -0.250252 -0.564653
v 0.020440 -0.294339 -0.486501
v 0.079064 -0.265762 -0.527513
v 0.033958 -0.236551 -0.596157
v -0.033949 -0.236527 -0.596214
v 0.037456 -0.227512 -0.603751
v -0.037450 -0.227472 -0.603711
v 0.094389 -0.246046 -0.565985
v 0.072102 -0.231733 -0.595149
v -0.094365 -0.245992 -0.565987
v -0.072090 -0.231733 -0.595203
v 0.000280 0.492457 -0.674678
v -0.071726 0.441396 -0.694149
v -0.029147 0.536343 -0.655615
v -0.107568 0.477812 -0.675061
v 0.071622 0.441391 -0.694467
v 0.029180 0.536216 -0.655744
v 0.107716 0.478177 -0.674807
v 0.044439 0.366627 -0.733305
v -0.044516 0.366760 -0.733867
v 0.049919 0.319201 -0.758578
v -0.050091 0.318828 -0.759082
v 0.123438 0.426323 -0.695661
v 0.095483 0.346610 -0.741991
v -0.123020 0.426247 -0.696097
v -0.094977 0.345905 -0.741745
v 0.555297 0.041499 -0.377185
v 0.586121 0.024266 -0.316991
v 0.553664 0.070205 -0.365478
v 0.585476 0.049962 -0.296440
v 0.544808 -0.037845 -0.369039
v 0.582307 -0.022121 -0.314824
v 0.538749 -0.068142 -0.353970
v 0.578713 -0.050154 -0.292869
v 0.533783 0.002813 -0.410716
v 0.519212 -0.059066 -0.390472
v 0.508649 -0.013281 -0.436952
v 0.532563 0.064508 -0.403149
v 0.513500 0.019918 -0.442127
v 0.597595 0.025626 -0.271395
v 0.594124 -0.025315 -0.270219
v 0.570728 0.040874 0.371780
v 0.607524 0.024927 0.315488
v 0.560228 0.072131 0.356137
v 0.602715 0.052349 0.296020
v 0.572219 -0.034330 0.369004
v 0.607634 -0.020002 0.313450
v 0.561872 -0.067803 0.353557
v 0.603432 -0.048232 0.293049
v 0.551544 0.004365 0.405976
v 0.542020 -0.059082 0.390341
v 0.524600 -0.011573 0.432951
v 0.540160 0.064121 0.392078
v 0.524326 0.021083 0.433303
v 0.624261 0.026860 0.275827
v 0.624024 -0.022763 0.273894
v -0.555299 0.041515 -0.377153
v -0.586073 0.024254 -0.317040
v -0.553637 0.070231 -0.365445
v -0.585455 0.049956 -0.296472
v -0.545041 -0.037756 -0.369276
v -0.582330 -0.022127 -0.314830
v -0.538049 -0.068015 -0.353349
v -0.578709 -0.050096 -0.292843
v -0.533722 0.002852 -0.410790
v -0.519020 -0.058973 -0.390345
v -0.508551 -0.013302 -0.436832
v -0.532535 0.064481 -0.403172
v -0.513425 0.020014 -0.442166
v -0.597587 0.025663 -0.271410
v -0.594184 -0.025281 -0.270204
v -0.570504 0.040867 0.371734
v -0.607380 0.024912 0.315383
v -0.560620 0.072165 0.356240
v -0.602958 0.052338 0.296069
v -0.572155 -0.034355 0.368960
v -0.607614 -0.020039 0.313448
v -0.562002 -0.067931 0.353580
v -0.603446 -0.048419 0.293107
v -0.551467 0.004451 0.405976
v -0.542036 -0.058880 0.390314
v -0.524541 -0.011309 0.432869
v -0.540123 0.064138 0.392151
v -0.524303 0.021071 0.433285
v -0.624083 0.026795 0.275690
v -0.624033 -0.022747 0.273870
v -0.061786 0.458732 -0.021021
v -0.059896 0.496391 -0.108790
v -0.104284 0.453120 -0.018610
v -0.101651 0.490585 -0.106180
v 0.061381 0.458792 -0.021197
v 0.059848 0.496014 -0.108815
v 0.103860 0.453128 -0.018375
v 0.101209 0.490126 -0.105800
v -0.000214 0.446098 0.018508
v -0.084638 0.439036 0.022320
v -0.021503 0.428952 0.060827
v -0.000113 0.523131 -0.156569
v -0.079064 0.515072 -0.153483
v -0.019993 0.550001 -0.203582
v 0.084413 0.438617 0.022610
v 0.021361 0.429048 0.060704
v 0.078792 0.514899 -0.153263
v 0.019624 0.549853 -0.203733
v -0.183787 0.352544 0.199754
v -0.256292 0.324771 0.241418
v -0.202609 0.366077 0.154971
v -0.274021 0.336423 0.195057
v -0.119124 0.310701 0.340394
v -0.192814 0.289367 0.386250
v -0.095750 0.297167 0.388732
v -0.168116 0.279283 0.433613
v -0.116550 0.343793 0.246293
v -0.158230 0.373904 0.155095
v -0.091915 0.363964 0.199742
v -0.264052 0.294710 0.334170
v -0.301440 0.316270 0.236709
v -0.312663 0.287589 0.328858
v -0.071441 0.313683 0.340758
v -0.069824 0.347374 0.246034
v -0.217161 0.274932 0.430423
v -0.292005 0.277923 0.379128
v -0.196686 0.624374 -0.350448
v -0.301294 0.620112 -0.371371
v -0.210295 0.571573 -0.287514
v -0.299412 0.555693 -0.305926
v -0.166263 0.712632 -0.504210
v -0.230896 0.602596 -0.523047
v -0.130967 0.660298 -0.552547
v -0.206294 0.579950 -0.574142
v -0.171970 0.810314 -0.407423
v -0.161423 0.597723 -0.301914
v -0.113650 0.689793 -0.355935
v -0.331886 0.595543 -0.456472
v -0.360192 0.568975 -0.338008
v -0.428650 0.589195 -0.448502
v -0.107651 0.705200 -0.505031
v -0.100692 0.732588 -0.406091
v -0.250894 0.543536 -0.548244
v -0.338456 0.534910 -0.477863
v -0.421192 0.334971 -0.206080
v -0.473083 0.287193 -0.120164
v -0.402511 0.362813 -0.184165
v -0.451970 0.313078 -0.098161
v -0.483860 0.221073 -0.276646
v -0.530702 0.185725 -0.194670
v -0.506153 0.180317 -0.301366
v -0.549652 0.148851 -0.220656
v -0.423736 0.305924 -0.282026
v -0.387328 0.382125 -0.238645
v -0.384490 0.356405 -0.312466
v -0.525752 0.221568 -0.114767
v -0.489153 0.282118 -0.064868
v -0.539519 0.221786 -0.060787
v -0.470813 0.219355 -0.329742
v -0.408686 0.308324 -0.335748
v -0.561657 0.151858 -0.167009
v -0.556922 0.188596 -0.086888
v -0.462473 0.272998 0.193110
v -0.500706 0.262451 0.128564
v -0.436560 0.292060 0.160368
v -0.473765 0.284153 0.098391
v -0.516842 0.206080 0.276521
v -0.558442 0.184883 0.207513
v -0.527448 0.173816 0.298283
v -0.569956 0.150770 0.230318
v -0.470809 0.249084 0.271679
v -0.426134 0.285359 0.207695
v -0.434443 0.261281 0.289170
v -0.549780 0.216785 0.135975
v -0.502770 0.266667 0.081217
v -0.553194 0.218543 0.088449
v -0.499274 0.201220 0.322633
v -0.453104 0.243863 0.319396
v -0.582093 0.154951 0.184448
v -0.572045 0.188503 0.113226
v 0.183280 0.352493 0.199658
v 0.256362 0.324692 0.241584
v 0.202896 0.366225 0.155027
v 0.274567 0.336708 0.194985
v 0.119294 0.310699 0.340948
v 0.192576 0.289735 0.385356
v 0.095637 0.297425 0.388326
v 0.167951 0.279248 0.433553
v 0.117294 0.343613 0.245938
v 0.158008 0.373566 0.155203
v 0.091906 0.364313 0.199645
v 0.071330 0.313806 0.340625
v 0.069889 0.347327 0.246342
v 0.264458 0.294812 0.334165
v 0.301622 0.316417 0.236656
v 0.312122 0.287624 0.328629
v 0.217099 0.274774 0.430467
v 0.291548 0.277945 0.379029
v 0.197275 0.625352 -0.351867
v 0.306593 0.623795 -0.374276
v 0.210930 0.572598 -0.289257
v 0.303468 0.562183 -0.308185
v 0.166324 0.712776 -0.504943
v 0.230803 0.601602 -0.523872
v 0.130811 0.659766 -0.552962
v 0.206488 0.579378 -0.574079
v 0.172101 0.810401 -0.407417
v 0.161825 0.598314 -0.302337
v 0.113884 0.689798 -0.356180
v 0.107451 0.704830 -0.504776
v 0.100944 0.732861 -0.406022
v 0.332471 0.594409 -0.458476
v 0.368566 0.586443 -0.339084
v 0.426554 0.587301 -0.451772
v 0.250729 0.542782 -0.549069
v 0.337775 0.533367 -0.479306
v 0.420918 0.334810 -0.206528
v 0.473199 0.287051 -0.119939
v 0.402404 0.363234 -0.185225
v 0.452231 0.312949 -0.097917
v 0.483418 0.221640 -0.276629
v 0.530681 0.185441 -0.194539
v 0.506140 0.180332 -0.301599
v 0.549644 0.148675 -0.220658
v 0.423657 0.305402 -0.282142
v 0.386885 0.382575 -0.239688
v 0.384267 0.356145 -0.312669
v 0.525639 0.221442 -0.114628
v 0.488983 0.282003 -0.064501
v 0.539631 0.221597 -0.060542
v 0.471054 0.219029 -0.329538
v 0.408744 0.308184 -0.335879
v 0.561751 0.151768 -0.167036
v 0.557134 0.188500 -0.086629
v 0.462459 0.272977 0.193128
v 0.500657 0.262383 0.128707
v 0.436491 0.291963 0.160549
v 0.473734 0.284089 0.098533
v 0.516894 0.206328 0.276522
v 0.558497 0.185133 0.207416
v 0.527167 0.173984 0.298085
v 0.569462 0.150592 0.230117
v 0.470839 0.248982 0.271691
v 0.426104 0.285280 0.207691
v 0.434486 0.261198 0.289188
v 0.549789 0.216816 0.136046
v 0.502838 0.266612 0.081382
v 0.553157 0.218658 0.088582
v 0.499388 0.201483 0.322647
v 0.453166 0.243847 0.319444
v 0.582066 0.155075 0.184374
v 0.572170 0.188622 0.113320
v -0.074519 -0.610752 0.055613
v -0.085918 -0.641834 -0.038147
v -0.122693 -0.608002 0.044500
v -0.135198 -0.682329 -0.038780
v 0.074316 -0.611239 0.056253
v 0.085103 -0.641198 -0.038218
v 0.122172 -0.608153 0.044503
v 0.134526 -0.682274 -0.039082
v -0.000017 -0.601282 0.114908
v -0.094204 -0.592374 0.103271
v -0.023153 -0.595659 0.172043
v -0.000565 -0.603579 -0.076232
v -0.110107 -0.688063 -0.085219
v -0.037548 -0.596486 -0.119026
v 0.094177 -0.592272 0.103621
v 0.023244 -0.595365 0.171939
v 0.109850 -0.686749 -0.085807
v 0.036690 -0.596209 -0.118963
v -0.199125 -0.566201 0.358213
v -0.286831 -0.549149 0.372713
v -0.220554 -0.558368 0.274009
v -0.299516 -0.530464 0.300728
v -0.156170 -0.801172 0.527616
v -0.300160 -0.728274 0.585885
v -0.118217 -0.776476 0.617667
v -0.264124 -0.726767 0.662413
v -0.137200 -0.653540 0.414897
v -0.169197 -0.570902 0.288511
v -0.094829 -0.597702 0.364585
v -0.312955 -0.576111 0.468196
v -0.327937 -0.515554 0.337822
v -0.339152 -0.510737 0.428472
v -0.090330 -0.715777 0.532972
v -0.080576 -0.645342 0.416517
v -0.316896 -0.641680 0.618685
v -0.331581 -0.533104 0.491613
v -0.231929 -0.659024 -0.301255
v -0.288840 -0.526448 -0.288379
v -0.273195 -0.730635 -0.272055
v -0.339719 -0.576445 -0.269079
v -0.119044 -0.443893 -0.340288
v -0.178843 -0.376089 -0.357855
v -0.091090 -0.397283 -0.371492
v -0.152421 -0.340515 -0.398842
v -0.131781 -0.555382 -0.292672
v -0.194083 -0.736881 -0.275009
v -0.108165 -0.598746 -0.261358
v -0.250698 -0.398642 -0.318138
v -0.323633 -0.481239 -0.267023
v -0.287513 -0.369163 -0.306296
v -0.071781 -0.445769 -0.342158
v -0.078783 -0.541201 -0.285342
v -0.195589 -0.328928 -0.394682
v -0.261319 -0.337685 -0.344892
v -0.423654 -0.308630 -0.170677
v -0.466027 -0.282347 -0.100536
v -0.404316 -0.353971 -0.143031
v -0.443509 -0.322362 -0.072355
v -0.494156 -0.193269 -0.267000
v -0.534046 -0.173003 -0.189465
v -0.513060 -0.161765 -0.295906
v -0.550913 -0.141308 -0.218286
v -0.433118 -0.256537 -0.251319
v -0.392049 -0.343488 -0.190247
v -0.396047 -0.284228 -0.267151
v -0.522202 -0.212395 -0.106823
v -0.474565 -0.287693 -0.050955
v -0.531761 -0.216427 -0.054997
v -0.481109 -0.185437 -0.318225
v -0.418863 -0.244935 -0.300893
v -0.562147 -0.145242 -0.164807
v -0.555914 -0.181148 -0.082768
v -0.446928 -0.351648 0.216840
v -0.480799 -0.306447 0.140972
v -0.428628 -0.387771 0.192741
v -0.458480 -0.342843 0.117083
v -0.498611 -0.232789 0.278403
v -0.546760 -0.194925 0.205637
v -0.514020 -0.191276 0.297830
v -0.562826 -0.156703 0.227133
v -0.452422 -0.316122 0.288264
v -0.419604 -0.393590 0.244982
v -0.423679 -0.360692 0.319608
v -0.532296 -0.231110 0.137761
v -0.484138 -0.302797 0.092710
v -0.537255 -0.228441 0.090577
v -0.481762 -0.230265 0.325051
v -0.437281 -0.317456 0.338021
v -0.577116 -0.158377 0.181410
v -0.561921 -0.193785 0.112908
v 0.199364 -0.566062 0.358033
v 0.286648 -0.548975 0.372758
v 0.221260 -0.558379 0.274503
v 0.298962 -0.530234 0.300422
v 0.155226 -0.800604 0.526832
v 0.299298 -0.730830 0.584734
v 0.114775 -0.774292 0.614970
v 0.263841 -0.729305 0.661194
v 0.137622 -0.653289 0.414872
v 0.169721 -0.571067 0.288509
v 0.095177 -0.597594 0.364698
v 0.090240 -0.715017 0.531955
v 0.080308 -0.644769 0.416347
v 0.312941 -0.577091 0.469125
v 0.327596 -0.515326 0.337446
v 0.338939 -0.511403 0.428392
v 0.317036 -0.643236 0.618185
v 0.332260 -0.533730 0.492292
v 0.231592 -0.659995 -0.301615
v 0.288719 -0.526570 -0.288532
v 0.272618 -0.731252 -0.272014
v 0.339512 -0.576669 -0.269324
v 0.119089 -0.444053 -0.340335
v 0.178710 -0.376268 -0.357780
v 0.090995 -0.397186 -0.371244
v 0.152524 -0.340578 -0.398834
v 0.131378 -0.555836 -0.292537
v 0.193136 -0.737036 -0.274880
v 0.108067 -0.598967 -0.261107
v 0.071668 -0.446042 -0.342191
v 0.078334 -0.541327 -0.285360
v 0.250370 -0.398811 -0.317807
v 0.323974 -0.481498 -0.267372
v 0.287227 -0.369443 -0.305882
v 0.195523 -0.328938 -0.394647
v 0.261284 -0.338111 -0.344821
v 0.423833 -0.308792 -0.170724
v 0.465856 -0.281667 -0.100205
v 0.404139 -0.353831 -0.142796
v 0.443207 -0.321806 -0.072031
v 0.494294 -0.193107 -0.266985
v 0.534073 -0.173040 -0.189441
v 0.513101 -0.161677 -0.295916
v 0.550891 -0.141219 -0.218343
v 0.433430 -0.256680 -0.251477
v 0.391819 -0.343644 -0.190180
v 0.396177 -0.284235 -0.267059
v 0.522407 -0.212443 -0.106825
v 0.474352 -0.287575 -0.050812
v 0.531473 -0.216914 -0.055213
v 0.481133 -0.185345 -0.318257
v 0.418942 -0.244982 -0.300875
v 0.562096 -0.145141 -0.164826
v 0.556023 -0.180990 -0.082677
v 0.446293 -0.351460 0.216655
v 0.480279 -0.306518 0.140662
v 0.427822 -0.387449 0.192271
v 0.458820 -0.342794 0.117173
v 0.498909 -0.233019 0.278530
v 0.546566 -0.195224 0.205806
v 0.514527 -0.191120 0.297413
v 0.562459 -0.157027 0.227479
v 0.452525 -0.316227 0.288326
v 0.419411 -0.393488 0.244982
v 0.424400 -0.361049 0.319797
v 0.532542 -0.231113 0.137835
v 0.484636 -0.302391 0.092905
v 0.537425 -0.228612 0.090587
v 0.482044 -0.230128 0.324920
v 0.437230 -0.317753 0.337805
v 0.576949 -0.158485 0.181315
v 0.561671 -0.193912 0.112668
v 0.048495 -0.083675 0.737069
v -0.048193 -0.083636 0.737259
v 0.049283 -0.140424 0.763391
v -0.048959 -0.140736 0.763263
v 0.044164 0.068403 0.650560
v -0.044020 0.068745 0.649886
v 0.042916 0.117498 0.634174
v -0.042993 0.117896 0.633829
v 0.091906 -0.006722 0.678116
v 0.098015 -0.113164 0.731397
v 0.138907 -0.032837 0.676932
v -0.091755 -0.007073 0.678263
v -0.097996 -0.113550 0.730983
v -0.138754 -0.033030 0.676927
v 0.087434 0.092901 0.635918
v 0.135267 0.017920 0.654117
v -0.087416 0.093264 0.635654
v -0.135491 0.018742 0.654087
v 0.301639 -0.321572 0.611060
v 0.266229 -0.230431 0.640889
v 0.275183 -0.364739 0.655734
v 0.230266 -0.265820 0.675625
v 0.396340 -0.194676 0.498468
v 0.375460 -0.123227 0.540074
v 0.431932 -0.156869 0.467309
v 0.414680 -0.090035 0.511342
v 0.357093 -0.293997 0.528459
v 0.305339 -0.391012 0.615927
v 0.353058 -0.354878 0.523926
v 0.421049 -0.208084 0.458043
v 0.380008 -0.305350 0.483580
v 0.304607 -0.135574 0.603439
v 0.229850 -0.202223 0.672527
v 0.268792 -0.111248 0.632222
v 0.384074 -0.070302 0.543923
v 0.307372 -0.080289 0.599595
v -0.301842 -0.321134 0.611034
v -0.266035 -0.230540 0.640157
v -0.275284 -0.364833 0.655711
v -0.229675 -0.265869 0.674186
v -0.396174 -0.195011 0.498129
v -0.375735 -0.123602 0.540216
v -0.431328 -0.157485 0.467081
v -0.414642 -0.090174 0.511557
v -0.356980 -0.293880 0.528358
v -0.305933 -0.390884 0.615910
v -0.352794 -0.354719 0.523752
v -0.420944 -0.208612 0.457564
v -0.379929 -0.305747 0.483104
v -0.304903 -0.135353 0.603537
v -0.230091 -0.202057 0.672682
v -0.268512 -0.111257 0.632143
v -0.384101 -0.070085 0.543966
v -0.307520 -0.080284 0.599947
v 0.276339 0.224844 0.537506
v 0.247591 0.181916 0.569561
v 0.232627 0.236161 0.551487
v 0.205190 0.205926 0.583654
v 0.397769 0.163500 0.479453
v 0.374044 0.109380 0.519934
v 0.434953 0.137643 0.456682
v 0.415976 0.086223 0.501781
v 0.351091 0.218707 0.489359
v 0.266568 0.241668 0.522148
v 0.340875 0.238189 0.470694
v 0.426297 0.173862 0.443845
v 0.380909 0.225467 0.451805
v 0.295634 0.114696 0.562364
v 0.210768 0.166100 0.589815
v 0.258498 0.094538 0.586470
v 0.380995 0.067367 0.529059
v 0.300519 0.068849 0.571603
v -0.276272 0.224894 0.537427
v -0.247677 0.181799 0.569704
v -0.232572 0.236270 0.551431
v -0.205164 0.205790 0.583750
v -0.397753 0.163278 0.479296
v -0.374340 0.109717 0.520184
v -0.435413 0.138399 0.457372
v -0.415994 0.086204 0.501693
v -0.351058 0.218675 0.489383
v -0.266521 0.241697 0.522156
v -0.340785 0.238155 0.470744
v -0.426221 0.173718 0.443956
v -0.380891 0.225422 0.451838
v -0.295392 0.113953 0.562068
v -0.210698 0.165756 0.589734
v -0.258384 0.094816 0.586382
v -0.381130 0.067312 0.529242
v -0.300706 0.069027 0.571644
v 0.045269 -0.055360 -0.649544
v -0.045295 -0.055024 -0.649196
v 0.043235 -0.109679 -0.628669
v -0.043142 -0.109454 -0.628831
v 0.055048 0.102498 -0.762865
v -0.055673 0.099353 -0.770595
v 0.058076 0.158972 -0.794328
v -0.058577 0.156263 -0.801582
v 0.098785 0.022541 -0.701222
v 0.087912 -0.082164 -0.636250
v 0.141342 -0.003180 -0.673761
v -0.098637 0.020938 -0.704967
v -0.087587 -0.082053 -0.636085
v -0.140939 -0.002897 -0.673850
v 0.114131 0.128648 -0.786035
v 0.152238 0.045815 -0.717908
v -0.116142 0.122148 -0.807575
v -0.151851 0.044670 -0.721566
v 0.265803 -0.210197 -0.528345
v 0.242447 -0.173686 -0.563448
v 0.222724 -0.223794 -0.540920
v 0.198689 -0.192695 -0.573904
v 0.387028 -0.152497 -0.477542
v 0.363115 -0.097996 -0.519292
v 0.424103 -0.129461 -0.457182
v 0.401195 -0.073567 -0.500359
v 0.336967 -0.201519 -0.481804
v 0.252943 -0.230827 -0.511065
v 0.322120 -0.226298 -0.460215
v 0.415310 -0.162917 -0.444533
v 0.363654 -0.209935 -0.445728
v 0.290317 -0.103746 -0.563423
v 0.204764 -0.152115 -0.583235
v 0.255082 -0.080148 -0.589337
v 0.370283 -0.054100 -0.532562
v 0.297453 -0.055357 -0.579874
v -0.265802 -0.210287 -0.528365
v -0.242261 -0.173623 -0.563125
v -0.222660 -0.223792 -0.540814
v -0.198617 -0.192829 -0.573794
v -0.387042 -0.152615 -0.477444
v -0.363175 -0.098427 -0.519043
v -0.424088 -0.129672 -0.457111
v -0.401259 -0.074067 -0.500558
v -0.336917 -0.201313 -0.481802
v -0.252944 -0.230736 -0.510886
v -0.322300 -0.225969 -0.460714
v -0.415342 -0.162914 -0.444557
v -0.363689 -0.209763 -0.445745
v -0.290443 -0.104066 -0.563106
v -0.204926 -0.152500 -0.583005
v -0.254556 -0.079241 -0.589321
v -0.370682 -0.054642 -0.532884
v -0.297419 -0.054976 -0.579937
v 0.301596 0.307835 -0.630657
v 0.295503 0.234883 -0.708393
v 0.263741 0.344649 -0.660568
v 0.256987 0.270508 -0.743285
v 0.411126 0.193395 -0.530430
v 0.393506 0.129397 -0.581412
v 0.445043 0.156791 -0.496121
v 0.426443 0.096982 -0.543650
v 0.357150 0.283486 -0.546250
v 0.287287 0.364145 -0.610346
v 0.340708 0.338756 -0.527794
v 0.435275 0.203231 -0.484977
v 0.373507 0.294719 -0.495595
v 0.333037 0.144531 -0.665345
v 0.271955 0.214150 -0.767644
v 0.299035 0.121532 -0.701499
v 0.397805 0.080669 -0.580069
v 0.326980 0.091675 -0.648975
v -0.300896 0.307738 -0.630432
v -0.294953 0.234863 -0.707414
v -0.263849 0.345148 -0.660604
v -0.257462 0.271047 -0.743873
v -0.411040 0.193137 -0.530308
v -0.393732 0.129053 -0.581546
v -0.445527 0.156444 -0.496626
v -0.426428 0.096847 -0.543798
v -0.356983 0.283838 -0.546699
v -0.287135 0.364105 -0.610362
v -0.340499 0.338808 -0.527576
v -0.434909 0.203293 -0.484667
v -0.373427 0.295131 -0.495282
v -0.333377 0.144648 -0.665557
v -0.272348 0.214607 -0.767261
v -0.300564 0.122537 -0.702452
v -0.397816 0.080647 -0.580333
v -0.327956 0.092219 -0.649711
v 0.650602 0.029072 -0.060836
v 0.645940 -0.029808 -0.061556
v 0.636886 0.028370 -0.114331
v 0.632339 -0.029365 -0.114806
v 0.658980 0.030460 0.090386
v 0.656915 -0.029309 0.089434
v 0.654859 0.030173 0.139624
v 0.653025 -0.028459 0.138273
v 0.653322 0.060466 0.016275
v 0.635885 0.058390 -0.086798
v 0.635826 0.091903 -0.008362
v 0.645398 0.061067 0.114774
v 0.633735 0.092917 0.040914
v 0.648261 -0.060694 0.014970
v 0.627938 -0.059400 -0.087975
v 0.630446 -0.091730 -0.009881
v 0.642341 -0.059969 0.112794
v 0.631090 -0.092485 0.039431
v -0.650588 0.029072 -0.060833
v -0.645909 -0.029758 -0.061543
v -0.636950 0.028375 -0.114341
v -0.632310 -0.029323 -0.114799
v -0.658955 0.030461 0.090446
v -0.656917 -0.029394 0.089393
v -0.654839 0.030194 0.139629
v -0.653005 -0.028509 0.138302
v -0.653318 0.060424 0.016333
v -0.635849 0.058382 -0.086821
v -0.635835 0.091913 -0.008421
v -0.645374 0.061093 0.114774
v -0.633699 0.092859 0.040911
v -0.648268 -0.060740 0.014971
v -0.627867 -0.059368 -0.088001
v -0.630337 -0.091827 -0.009903
v -0.642336 -0.059981 0.112787
v -0.631066 -0.092471 0.039469
v -0.170824 0.423634 0.027837
v -0.195253 0.400827 0.070001
v -0.167242 0.495955 -0.144662
v -0.192499 0.510721 -0.187683
v -0.152119 0.409823 0.068595
v -0.147949 0.527514 -0.196218
v -0.331287 0.336524 0.144127
v -0.369898 0.324781 0.136214
v -0.358650 0.315935 0.182040
v -0.325542 0.464061 -0.223342
v -0.353198 0.423275 -0.194072
v -0.347357 0.454991 -0.251996
v -0.437139 0.323398 -0.028177
v -0.442708 0.314249 0.019963
v -0.471631 0.296959 0.003982
v 0.170730 0.422861 0.027960
v 0.195133 0.400780 0.069930
v 0.167029 0.495941 -0.145060
v 0.193145 0.511479 -0.188450
v 0.151994 0.409534 0.068955
v 0.148131 0.527837 -0.196269
v 0.331037 0.336487 0.144378
v 0.369820 0.324857 0.136341
v 0.358541 0.316005 0.182255
v 0.325252 0.465704 -0.227244
v 0.352951 0.424498 -0.196511
v 0.347057 0.457548 -0.255609
v 0.437385 0.323251 -0.028102
v 0.442675 0.314008 0.020369
v 0.471634 0.296776 0.004298
v -0.188543 -0.572478 0.082161
v -0.214112 -0.561731 0.143300
v -0.233210 -0.785448 -0.082139
v -0.274132 -0.787569 -0.153788
v -0.165114 -0.571635 0.151384
v -0.190958 -0.799566 -0.150276
v -0.359842 -0.495603 0.213349
v -0.387044 -0.460672 0.189564
v -0.377117 -0.468100 0.246734
v -0.364334 -0.518233 -0.177878
v -0.374496 -0.456734 -0.146904
v -0.363698 -0.449342 -0.195280
v -0.432140 -0.371315 -0.001834
v -0.436595 -0.375206 0.044889
v -0.458104 -0.333994 0.021725
v 0.188284 -0.572259 0.082247
v 0.214454 -0.562002 0.143869
v 0.231292 -0.786365 -0.082941
v 0.273215 -0.787980 -0.153829
v 0.165066 -0.571230 0.151457
v 0.187953 -0.799322 -0.150585
v 0.360727 -0.495782 0.213242
v 0.387137 -0.460603 0.189599
v 0.377570 -0.467913 0.247010
v 0.364582 -0.518623 -0.178114
v 0.374245 -0.456983 -0.147141
v 0.363566 -0.449496 -0.195434
v 0.432407 -0.371124 -0.002026
v 0.436878 -0.375179 0.044693
v 0.458196 -0.334150 0.022048
v -0.034945 -0.629009 0.624630
v 0.034704 -0.628861 0.624454
v -0.232961 -0.568495 0.698076
v -0.236895 -0.481948 0.690087
v 0.000255 -0.625282 0.573096
v -0.287148 -0.527427 0.672905
v 0.232742 -0.569486 0.698040
v 0.236837 -0.482262 0.690305
v 0.287174 -0.528100 0.673074
v 0.097192 -0.233469 0.738486
v 0.145545 -0.266306 0.724273
v -0.097435 -0.233406 0.738813
v -0.145817 -0.266255 0.724357
v 0.147321 -0.203198 0.727389
v -0.147655 -0.203156 0.727721
v -0.023441 0.286615 0.434985
v 0.023730 0.286567 0.435120
v -0.162133 0.260155 0.518004
v -0.176678 0.252424 0.543595
v 0.000108 0.300160 0.388602
v -0.208457 0.256939 0.509797
v 0.162027 0.260067 0.518053
v 0.176641 0.252425 0.543612
v 0.208323 0.256867 0.509861
v 0.082523 0.186478 0.615193
v 0.122441 0.205282 0.605246
v -0.082629 0.186265 0.615177
v -0.122473 0.205232 0.605119
v 0.126209 0.163757 0.611497
v -0.126328 0.163519 0.611581
v -0.022033 -0.358515 -0.407372
v 0.021905 -0.358438 -0.407273
v -0.146225 -0.280149 -0.483295
v -0.164164 -0.252203 -0.524082
v -0.000108 -0.401134 -0.373904
v -0.189640 -0.270717 -0.479135
v 0.146236 -0.280052 -0.483351
v 0.164257 -0.252200 -0.524118
v 0.189692 -0.269922 -0.479678
v 0.081766 -0.191718 -0.607808
v 0.118931 -0.205167 -0.597669
v -0.081755 -0.191900 -0.608005
v -0.118984 -0.204967 -0.597731
v 0.123777 -0.158859 -0.606180
v -0.123581 -0.159014 -0.605642
v -0.033937 0.633990 -0.610347
v 0.034029 0.633910 -0.610203
v -0.203880 0.501240 -0.651339
v -0.214255 0.439919 -0.667662
v 0.000029 0.676256 -0.573411
v -0.239460 0.462016 -0.620449
v 0.204008 0.500953 -0.651184
v 0.214739 0.439717 -0.667538
v 0.239483 0.461648 -0.620399
v 0.115618 0.246524 -0.807477
v 0.164478 0.274096 -0.787422
v -0.115196 0.245399 -0.808130
v -0.164498 0.273629 -0.787631
v 0.175386 0.218159 -0.814514
v -0.175094 0.217308 -0.814569
v 0.518345 0.133587 -0.376233
v 0.499265 0.129674 -0.420663
v 0.590440 0.083201 -0.220843
v 0.609527 0.055142 -0.194638
v 0.486041 0.169172 -0.405056
v 0.602641 0.086034 -0.167221
v 0.503586 -0.123810 -0.359524
v 0.482192 -0.115749 -0.399148
v 0.583364 -0.083484 -0.218880
v 0.602482 -0.056226 -0.193735
v 0.473094 -0.147987 -0.383226
v 0.595365 -0.086235 -0.166731
v 0.447964 -0.012852 -0.492415
v 0.455970 0.026537 -0.503161
v 0.418497 0.009592 -0.526752
v 0.518312 0.132773 0.359912
v 0.496094 0.123424 0.398334
v 0.608046 0.087407 0.230994
v 0.633894 0.057838 0.210091
v 0.487105 0.159801 0.383241
v 0.620054 0.090474 0.185651
v 0.512187 -0.141994 0.359294
v 0.491672 -0.132984 0.400360
v 0.607095 -0.085978 0.227502
v 0.632797 -0.055138 0.206979
v 0.477470 -0.178996 0.385969
v 0.618768 -0.088965 0.182279
v 0.465114 -0.013553 0.492555
v 0.464421 0.025389 0.490575
v 0.429382 0.004862 0.517904
v -0.518307 0.133718 -0.376406
v -0.499683 0.129453 -0.421008
v -0.590432 0.083170 -0.220836
v -0.609474 0.055147 -0.194703
v -0.486066 0.169221 -0.405342
v -0.602674 0.086066 -0.167246
v -0.503605 -0.123956 -0.359545
v -0.482052 -0.115795 -0.398955
v -0.583357 -0.083472 -0.218903
v -0.602529 -0.056200 -0.193796
v -0.473148 -0.147972 -0.383276
v -0.595176 -0.086221 -0.166628
v -0.447275 -0.012777 -0.492277
v -0.455926 0.026726 -0.503198
v -0.418123 0.009646 -0.526803
v -0.518668 0.132809 0.360036
v -0.495859 0.123275 0.398319
v -0.608019 0.087640 0.230961
v -0.633949 0.057814 0.210102
v -0.487001 0.159577 0.383109
v -0.620217 0.090440 0.185759
v -0.511962 -0.141763 0.359222
v -0.491813 -0.132963 0.400612
v -0.607207 -0.086100 0.227410
v -0.632771 -0.055144 0.206984
v -0.477416 -0.178817 0.385929
v -0.618772 -0.089040 0.182248
v -0.465047 -0.013553 0.492462
v -0.464478 0.025410 0.490508
v -0.429315 0.005057 0.517958
v -0.022548 0.388265 0.151757
v 0.022509 0.387744 0.152015
v -0.000114 0.368377 0.198849
v -0.025071 0.628144 -0.303165
v 0.025453 0.628381 -0.303314
v 0.000148 0.665177 -0.354379
v -0.377945 0.264765 0.354601
v -0.354870 0.258133 0.401839
v -0.395221 0.249951 0.385444
v -0.352498 0.422076 -0.403770
v -0.342556 0.412747 -0.457838
v -0.359676 0.356658 -0.421786
v -0.576019 0.191088 0.017485
v -0.595057 0.157935 -0.007874
v -0.595453 0.158065 0.041228
v 0.377934 0.264652 0.354558
v 0.354816 0.258005 0.401864
v 0.395225 0.249900 0.385456
v 0.351279 0.421167 -0.404166
v 0.341904 0.411922 -0.458176
v 0.359693 0.355844 -0.421671
v 0.576034 0.191112 0.017552
v 0.595079 0.157991 -0.007825
v 0.595491 0.158144 0.041274
v -0.023246 -0.599652 0.295705
v 0.023379 -0.599462 0.295858
v -0.000131 -0.614237 0.357008
v -0.031100 -0.581748 -0.207275
v 0.030612 -0.581311 -0.207166
v -0.000287 -0.561308 -0.246363
v -0.380290 -0.413086 0.408279
v -0.365046 -0.416941 0.463012
v -0.390967 -0.364091 0.423545
v -0.340512 -0.293355 -0.327405
v -0.321079 -0.276391 -0.374205
v -0.361749 -0.254806 -0.363210
v -0.570176 -0.188046 0.018486
v -0.593144 -0.154261 -0.007603
v -0.592705 -0.156888 0.040903
v 0.380540 -0.413052 0.408216
v 0.365346 -0.417210 0.463805
v 0.391439 -0.364551 0.423680
v 0.340684 -0.294193 -0.327234
v 0.321190 -0.275960 -0.374233
v 0.361918 -0.255401 -0.363085
v 0.569996 -0.188096 0.018496
v 0.593120 -0.154331 -0.007776
v 0.592652 -0.156974 0.040742
v 0.225258 -0.031648 0.638415
v 0.221756 0.019954 0.622564
v 0.265314 -0.004392 0.609048
v -0.225076 -0.031896 0.638065
v -0.222052 0.020209 0.622699
v -0.265237 -0.004598 0.608931
v 0.228448 -0.004627 -0.645295
v 0.241720 0.044425 -0.682821
v 0.273656 0.018827 -0.639730
v -0.227799 -0.003849 -0.644343
v -0.240860 0.045760 -0.681962
v -0.273715 0.019287 -0.639088
f 1 647 644
f 1 644 643
f 1 643 645
f 1 645 646
f 1 646 647
f 2 649 652
f 6 672 670
f 12 702 699
f 11 696 695
f 8 679 681
f 4 662 659
f 4 659 658
f 4 658 660
f 4 660 661
f 4 661 662
f 5 666 665
f 3 654 657
f 7 673 677
f 9 685 686
f 10 692 688
f 12 701 698
f 6 669 668
f 2 650 648
f 8 682 678
f 11 697 693
f 6 671 669
f 12 700 701
f 11 694 697
f 8 680 682
f 2 651 650
f 10 690 689
f 5 663 664
f 3 655 653
f 7 676 674
f 9 687 684
f 10 691 690
f 5 667 663
f 3 656 655
f 7 675 676
f 9 683 687
f 6 668 672
f 2 648 649
f 8 678 679
f 11 693 696
f 12 698 702
f 10 688 691
f 5 665 667
f 3 657 656
f 7 677 675
f 9 686 683
f 5 664 666
f 3 653 654
f 7 674 673
f 9 684 685
f 10 689 692
f 6 670 671
f 12 699 700
f 11 695 694
f 8 681 680
f 2 652 651
f 35 837 838
f 18 735 736
f 19 742 741
f 40 868 867
f 42 880 879
f 34 832 831
f 33 827 828
f 25 778 780
f 36 844 846
f 20 749 747
f 32 819 820
f 23 765 767
f 24 773 771
f 37 850 849
f 41 876 875
f 34 833 834
f 33 826 825
f 25 779 777
f 36 845 843
f 20 748 750
f 17 729 727
f 14 711 709
f 13 706 703
f 15 718 715
f 16 724 721
f 18 737 733
f 35 839 835
f 42 882 878
f 40 870 866
f 19 744 740
f 30 807 805
f 27 789 787
f 22 762 758
f 28 797 793
f 29 802 799
f 32 821 817
f 23 766 763
f 24 774 770
f 37 852 848
f 41 874 872
f 35 838 836
f 18 736 734
f 19 741 739
f 40 867 865
f 42 879 877
f 34 831 829
f 33 828 824
f 25 780 776
f 36 846 842
f 20 747 745
f 32 820 818
f 23 767 764
f 24 771 769
f 37 849 847
f 41 875 871
f 34 834 830
f 33 825 823
f 25 777 775
f 36 843 841
f 20 750 746
f 14 714 710
f 13 707 704
f 15 719 716
f 16 725 722
f 17 732 728
f 21 755 752
f 31 814 811
f 26 784 781
f 38 857 853
f 39 862 860
f 27 792 788
f 22 759 757
f 28 796 794
f 29 803 800
f 30 810 806
f 31 815 812
f 26 785 782
f 38 856 854
f 39 863 859
f 21 754 751
f 14 712 714
f 13 705 707
f 15 717 719
f 16 723 725
f 17 730 732
f 21 753 755
f 31 816 814
f 26 786 784
f 38 858 857
f 39 861 862
f 27 791 792
f 22 761 759
f 28 795 796
f 29 801 803
f 30 808 810
f 31 813 815
f 26 783 785
f 38 855 856
f 39 864 863
f 21 756 754
f 14 709 712
f 13 703 705
f 15 715 717
f 16 721 723
f 17 727 730
f 21 751 753
f 31 812 816
f 26 782 786
f 38 854 858
f 39 859 861
f 27 787 791
f 22 758 761
f 28 793 795
f 29 799 801
f 30 805 808
f 31 811 813
f 26 781 783
f 38 853 855
f 39 860 864
f 21 752 756
f 17 728 731
f 14 710 713
f 13 704 708
f 15 716 720
f 16 722 726
f 18 734 738
f 35 836 840
f 42 877 881
f 40 865 869
f 19 739 743
f 30 806 809
f 27 788 790
f 22 757 760
f 28 794 798
f 29 800 804
f 32 818 822
f 23 764 768
f 24 769 772
f 37 847 851
f 41 871 873
f 35 835 837
f 18 733 735
f 19 740 742
f 40 866 868
f 42 878 880
f 34 830 832
f 33 823 827
f 25 775 778
f 36 841 844
f 20 746 749
f 32 817 819
f 23 763 765
f 24 770 773
f 37 848 850
f 41 872 876
f 34 829 833
f 33 824 826
f 25 776 779
f 36 842 845
f 20 745 748
f 17 731 729
f 14 713 711
f 13 708 706
f 15 720 718
f 16 726 724
f 18 738 737
f 35 840 839
f 42 881 882
f 40 869 870
f 19 743 744
f 30 809 807
f 27 790 789
f 22 760 762
f 28 798 797
f 29 804 802
f 32 822 821
f 23 768 766
f 24 772 774
f 37 851 852
f 41 873 874
f 107 1269 1270
f 103 1245 1246
f 104 1252 1251
f 110 1288 1287
f 113 1306 1305
f 118 1336 1335
f 154 1551 1552
f 141 1473 1474
f 162 1599 1600
f 121 1354 1353
f 142 1479 1480
f 129 1401 1402
f 130 1408 1407
f 144 1492 1491
f 146 1504 1503
f 151 1533 1534
f 131 1414 1413
f 136 1444 1443
f 161 1594 1593
f 126 1383 1384
f 116 1323 1324
f 108 1275 1276
f 106 1263 1264
f 112 1299 1300
f 115 1317 1318
f 119 1341 1342
f 156 1564 1563
f 139 1462 1461
f 160 1588 1587
f 120 1347 1348
f 149 1521 1522
f 132 1420 1419
f 128 1395 1396
f 145 1497 1498
f 148 1515 1516
f 155 1557 1558
f 133 1425 1426
f 134 1431 1432
f 157 1570 1569
f 124 1372 1371
f 109 1282 1281
f 105 1258 1257
f 111 1294 1293
f 114 1312 1311
f 117 1330 1329
f 125 1378 1377
f 152 1540 1539
f 137 1449 1450
f 158 1575 1576
f 123 1365 1366
f 143 1486 1485
f 127 1390 1389
f 135 1437 1438
f 147 1510 1509
f 150 1528 1527
f 153 1546 1545
f 140 1468 1467
f 138 1455 1456
f 159 1581 1582
f 122 1359 1360
f 107 1272 1271
f 103 1248 1247
f 104 1253 1254
f 110 1289 1290
f 113 1307 1308
f 118 1337 1338
f 154 1554 1553
f 141 1476 1475
f 162 1602 1601
f 121 1355 1356
f 142 1482 1481
f 129 1404 1403
f 130 1409 1410
f 144 1493 1494
f 146 1505 1506
f 151 1536 1535
f 131 1415 1416
f 136 1445 1446
f 161 1595 1596
f 126 1386 1385
f 47 909 907
f 44 891 889
f 43 886 883
f 45 898 895
f 46 904 901
f 49 922 919
f 72 1060 1057
f 102 1240 1237
f 96 1204 1201
f 79 1102 1099
f 62 999 997
f 59 981 979
f 58 976 973
f 60 988 985
f 61 994 991
f 66 1024 1021
f 54 952 949
f 73 1066 1063
f 85 1138 1135
f 92 1179 1177
f 101 1233 1231
f 69 1041 1039
f 50 927 925
f 82 1119 1117
f 97 1209 1207
f 71 1053 1051
f 100 1228 1225
f 94 1192 1189
f 80 1108 1105
f 51 933 931
f 90 1167 1165
f 63 1005 1003
f 55 957 955
f 76 1083 1081
f 87 1150 1147
f 91 1174 1171
f 67 1029 1027
f 56 963 961
f 75 1077 1075
f 83 1126 1123
f 68 1036 1033
f 48 915 913
f 78 1095 1093
f 93 1185 1183
f 98 1216 1213
f 88 1155 1153
f 65 1018 1015
f 57 970 967
f 77 1090 1087
f 86 1143 1141
f 64 1012 1009
f 53 945 943
f 74 1071 1069
f 84 1131 1129
f 89 1162 1159
f 70 1047 1045
f 99 1221 1219
f 95 1197 1195
f 81 1114 1111
f 52 940 937
f 109 1284 1280
f 105 1260 1256
f 111 1296 1292
f 114 1314 1310
f 117 1332 1328
f 125 1380 1376
f 152 1542 1538
f 137 1451 1447
f 158 1577 1573
f 123 1367 1363
f 143 1488 1484
f 127 1392 1388
f 135 1439 1435
f 147 1512 1508
f 150 1530 1526
f 153 1548 1544
f 140 1470 1466
f 138 1457 1453
f 159 1583 1579
f 122 1361 1357
f 107 1270 1268
f 103 1246 1244
f 104 1251 1249
f 110 1287 1285
f 113 1305 1303
f 118 1335 1333
f 154 1552 1550
f 141 1474 1472
f 162 1600 1598
f 121 1353 1351
f 142 1480 1478
f 129 1402 1400
f 130 1407 1405
f 144 1491 1489
f 146 1503 1501
f 151 1534 1532
f 131 1413 1411
f 136 1443 1441
f 161 1593 1591
f 126 1384 1382
f 116 1324 1322
f 108 1276 1274
f 106 1264 1262
f 112 1300 1298
f 115 1318 1316
f 119 1342 1340
f 156 1563 1561
f 139 1461 1459
f 160 1587 1585
f 120 1348 1346
f 149 1522 1520
f 132 1419 1417
f 128 1396 1394
f 145 1498 1496
f 148 1516 1514
f 155 1558 1556
f 133 1426 1424
f 134 1432 1430
f 157 1569 1567
f 124 1371 1369
f 109 1281 1279
f 105 1257 1255
f 111 1293 1291
f 114 1311 1309
f 117 1329 1327
f 125 1377 1375
f 152 1539 1537
f 137 1450 1448
f 158 1576 1574
f 123 1366 1364
f 143 1485 1483
f 127 1389 1387
f 135 1438 1436
f 147 1509 1507
f 150 1527 1525
f 153 1545 1543
f 140 1467 1465
f 138 1456 1454
f 159 1582 1580
f 122 1360 1358
f 107 1271 1267
f 103 1247 1243
f 104 1254 1250
f 110 1290 1286
f 113 1308 1304
f 118 1338 1334
f 154 1553 1549
f 141 1475 1471
f 162 1601 1597
f 121 1356 1352
f 142 1481 1477
f 129 1403 1399
f 130 1410 1406
f 144 1494 1490
f 146 1506 1502
f 151 1535 1531
f 131 1416 1412
f 136 1446 1442
f 161 1596 1592
f 126 1385 1381
f 44 894 890
f 43 887 884
f 45 899 896
f 46 905 902
f 47 912 908
f 52 941 938
f 70 1050 1046
f 99 1224 1220
f 95 1200 1196
f 81 1115 1112
f 59 984 980
f 58 977 974
f 60 989 986
f 61 995 992
f 62 1002 998
f 65 1019 1016
f 57 971 968
f 77 1091 1088
f 86 1146 1142
f 88 1158 1154
f 98 1217 1214
f 68 1037 1034
f 48 918 914
f 78 1098 1094
f 93 1188 1184
f 69 1044 1040
f 101 1236 1232
f 97 1212 1208
f 82 1122 1118
f 50 930 926
f 89 1163 1160
f 64 1013 1010
f 53 948 944
f 74 1074 1070
f 84 1134 1130
f 90 1170 1166
f 63 1008 1004
f 55 960 956
f 76 1086 1082
f 87 1151 1148
f 72 1061 1058
f 49 923 920
f 79 1103 1100
f 96 1205 1202
f 102 1241 1238
f 91 1175 1172
f 67 1032 1028
f 56 966 962
f 75 1080 1076
f 83 1127 1124
f 66 1025 1022
f 54 953 950
f 73 1067 1064
f 85 1139 1136
f 92 1182 1178
f 71 1056 1052
f 100 1229 1226
f 94 1193 1190
f 80 1109 1106
f 51 936 932
f 116 1325 1321
f 108 1277 1273
f 106 1265 1261
f 112 1301 1297
f 115 1319 1315
f 119 1343 1339
f 156 1566 1562
f 139 1464 1460
f 160 1590 1586
f 120 1349 1345
f 149 1523 1519
f 132 1422 1418
f 128 1397 1393
f 145 1499 1495
f 148 1517 1513
f 155 1559 1555
f 133 1427 1423
f 134 1433 1429
f 157 1572 1568
f 124 1374 1370
f 44 892 894
f 43 885 887
f 45 897 899
f 46 903 905
f 47 910 912
f 52 939 941
f 70 1048 1050
f 99 1222 1224
f 95 1198 1200
f 81 1113 1115
f 59 982 984
f 58 975 977
f 60 987 989
f 61 993 995
f 62 1000 1002
f 65 1017 1019
f 57 969 971
f 77 1089 1091
f 86 1144 1146
f 88 1156 1158
f 98 1215 1217
f 68 1035 1037
f 48 916 918
f 78 1096 1098
f 93 1186 1188
f 69 1042 1044
f 101 1234 1236
f 97 1210 1212
f 82 1120 1122
f 50 928 930
f 89 1161 1163
f 64 1011 1013
f 53 946 948
f 74 1072 1074
f 84 1132 1134
f 90 1168 1170
f 63 1006 1008
f 55 958 960
f 76 1084 1086
f 87 1149 1151
f 72 1059 1061
f 49 921 923
f 79 1101 1103
f 96 1203 1205
f 102 1239 1241
f 91 1173 1175
f 67 1030 1032
f 56 964 966
f 75 1078 1080
f 83 1125 1127
f 66 1023 1025
f 54 951 953
f 73 1065 1067
f 85 1137 1139
f 92 1180 1182
f 71 1054 1056
f 100 1227 1229
f 94 1191 1193
f 80 1107 1109
f 51 934 936
f 116 1326 1325
f 108 1278 1277
f 106 1266 1265
f 112 1302 1301
f 115 1320 1319
f 119 1344 1343
f 156 1565 1566
f 139 1463 1464
f 160 1589 1590
f 120 1350 1349
f 149 1524 1523
f 132 1421 1422
f 128 1398 1397
f 145 1500 1499
f 148 1518 1517
f 155 1560 1559
f 133 1428 1427
f 134 1434 1433
f 157 1571 1572
f 124 1373 1374
f 44 889 892
f 43 883 885
f 45 895 897
f 46 901 903
f 47 907 910
f 52 937 939
f 70 1045 1048
f 99 1219 1222
f 95 1195 1198
f 81 1111 1113
f 59 979 982
f 58 973 975
f 60 985 987
f 61 991 993
f 62 997 1000
f 65 1015 1017
f 57 967 969
f 77 1087 1089
f 86 1141 1144
f 88 1153 1156
f 98 1213 1215
f 68 1033 1035
f 48 913 916
f 78 1093 1096
f 93 1183 1186
f 69 1039 1042
f 101 1231 1234
f 97 1207 1210
f 82 1117 1120
f 50 925 928
f 89 1159 1161
f 64 1009 1011
f 53 943 946
f 74 1069 1072
f 84 1129 1132
f 90 1165 1168
f 63 1003 1006
f 55 955 958
f 76 1081 1084
f 87 1147 1149
f 72 1057 1059
f 49 919 921
f 79 1099 1101
f 96 1201 1203
f 102 1237 1239
f 91 1171 1173
f 67 1027 1030
f 56 961 964
f 75 1075 1078
f 83 1123 1125
f 66 1021 1023
f 54 949 951
f 73 1063 1065
f 85 1135 1137
f 92 1177 1180
f 71 1051 1054
f 100 1225 1227
f 94 1189 1191
f 80 1105 1107
f 51 931 934
f 116 1322 1326
f 108 1274 1278
f 106 1262 1266
f 112 1298 1302
f 115 1316 1320
f 119 1340 1344
f 156 1561 1565
f 139 1459 1463
f 160 1585 1589
f 120 1346 1350
f 149 1520 1524
f 132 1417 1421
f 128 1394 1398
f 145 1496 1500
f 148 1514 1518
f 155 1556 1560
f 133 1424 1428
f 134 1430 1434
f 157 1567 1571
f 124 1369 1373
f 47 908 911
f 44 890 893
f 43 884 888
f 45 896 900
f 46 902 906
f 49 920 924
f 72 1058 1062
f 102 1238 1242
f 96 1202 1206
f 79 1100 1104
f 62 998 1001
f 59 980 983
f 58 974 978
f 60 986 990
f 61 992 996
f 66 1022 1026
f 54 950 954
f 73 1064 1068
f 85 1136 1140
f 92 1178 1181
f 101 1232 1235
f 69 1040 1043
f 50 926 929
f 82 1118 1121
f 97 1208 1211
f 71 1052 1055
f 100 1226 1230
f 94 1190 1194
f 80 1106 1110
f 51 932 935
f 90 1166 1169
f 63 1004 1007
f 55 956 959
f 76 1082 1085
f 87 1148 1152
f 91 1172 1176
f 67 1028 1031
f 56 962 965
f 75 1076 1079
f 83 1124 1128
f 68 1034 1038
f 48 914 917
f 78 1094 1097
f 93 1184 1187
f 98 1214 1218
f 88 1154 1157
f 65 1016 1020
f 57 968 972
f 77 1088 1092
f 86 1142 1145
f 64 1010 1014
f 53 944 947
f 74 1070 1073
f 84 1130 1133
f 89 1160 1164
f 70 1046 1049
f 99 1220 1223
f 95 1196 1199
f 81 1112 1116
f 52 938 942
f 109 1279 1283
f 105 1255 1259
f 111 1291 1295
f 114 1309 1313
f 117 1327 1331
f 125 1375 1379
f 152 1537 1541
f 137 1448 1452
f 158 1574 1578
f 123 1364 1368
f 143 1483 1487
f 127 1387 1391
f 135 1436 1440
f 147 1507 1511
f 150 1525 1529
f 153 1543 1547
f 140 1465 1469
f 138 1454 1458
f 159 1580 1584
f 122 1358 1362
f 107 1267 1269
f 103 1243 1245
f 104 1250 1252
f 110 1286 1288
f 113 1304 1306
f 118 1334 1336
f 154 1549 1551
f 141 1471 1473
f 162 1597 1599
f 121 1352 1354
f 142 1477 1479
f 129 1399 1401
f 130 1406 1408
f 144 1490 1492
f 146 1502 1504
f 151 1531 1533
f 131 1412 1414
f 136 1442 1444
f 161 1592 1594
f 126 1381 1383
f 116 1321 1323
f 108 1273 1275
f 106 1261 1263
f 112 1297 1299
f 115 1315 1317
f 119 1339 1341
f 156 1562 1564
f 139 1460 1462
f 160 1586 1588
f 120 1345 1347
f 149 1519 1521
f 132 1418 1420
f 128 1393 1395
f 145 1495 1497
f 148 1513 1515
f 155 1555 1557
f 133 1423 1425
f 134 1429 1431
f 157 1568 1570
f 124 1370 1372
f 109 1280 1282
f 105 1256 1258
f 111 1292 1294
f 114 1310 1312
f 117 1328 1330
f 125 1376 1378
f 152 1538 1540
f 137 1447 1449
f 158 1573 1575
f 123 1363 1365
f 143 1484 1486
f 127 1388 1390
f 135 1435 1437
f 147 1508 1510
f 150 1526 1528
f 153 1544 1546
f 140 1466 1468
f 138 1453 1455
f 159 1579 1581
f 122 1357 1359
f 107 1268 1272
f 103 1244 1248
f 104 1249 1253
f 110 1285 1289
f 113 1303 1307
f 118 1333 1337
f 154 1550 1554
f 141 1472 1476
f 162 1598 1602
f 121 1351 1355
f 142 1478 1482
f 129 1400 1404
f 130 1405 1409
f 144 1489 1493
f 146 1501 1505
f 151 1532 1536
f 131 1411 1415
f 136 1441 1445
f 161 1591 1595
f 126 1382 1386
f 47 911 909
f 44 893 891
f 43 888 886
f 45 900 898
f 46 906 904
f 49 924 922
f 72 1062 1060
f 102 1242 1240
f 96 1206 1204
f 79 1104 1102
f 62 1001 999
f 59 983 981
f 58 978 976
f 60 990 988
f 61 996 994
f 66 1026 1024
f 54 954 952
f 73 1068 1066
f 85 1140 1138
f 92 1181 1179
f 101 1235 1233
f 69 1043 1041
f 50 929 927
f 82 1121 1119
f 97 1211 1209
f 71 1055 1053
f 100 1230 1228
f 94 1194 1192
f 80 1110 1108
f 51 935 933
f 90 1169 1167
f 63 1007 1005
f 55 959 957
f 76 1085 1083
f 87 1152 1150
f 91 1176 1174
f 67 1031 1029
f 56 965 963
f 75 1079 1077
f 83 1128 1126
f 68 1038 1036
f 48 917 915
f 78 1097 1095
f 93 1187 1185
f 98 1218 1216
f 88 1157 1155
f 65 1020 1018
f 57 972 970
f 77 1092 1090
f 86 1145 1143
f 64 1014 1012
f 53 947 945
f 74 1073 1071
f 84 1133 1131
f 89 1164 1162
f 70 1049 1047
f 99 1223 1221
f 95 1199 1197
f 81 1116 1114
f 52 942 940
f 109 1283 1284
f 105 1259 1260
f 111 1295 1296
f 114 1313 1314
f 117 1331 1332
f 125 1379 1380
f 152 1541 1542
f 137 1452 1451
f 158 1578 1577
f 123 1368 1367
f 143 1487 1488
f 127 1391 1392
f 135 1440 1439
f 147 1511 1512
f 150 1529 1530
f 153 1547 1548
f 140 1469 1470
f 138 1458 1457
f 159 1584 1583
f 122 1362 1361
f 407 1609 1616
f 403 1605 1608
f 404 1611 1606
f 410 1614 1612
f 413 1617 1615
f 422 1631 1624
f 486 1688 1692
f 573 1775 1782
f 561 1763 1765
f 512 1719 1714
f 452 1654 1661
f 448 1650 1653
f 449 1656 1651
f 455 1659 1657
f 458 1662 1660
f 470 1672 1675
f 437 1646 1639
f 494 1706 1696
f 531 1735 1733
f 539 1741 1751
f 568 1770 1779
f 478 1680 1683
f 419 1621 1626
f 509 1711 1721
f 554 1756 1766
f 482 1684 1689
f 576 1780 1778
f 558 1767 1760
f 516 1722 1718
f 425 1627 1629
f 542 1744 1747
f 463 1668 1665
f 434 1636 1641
f 497 1699 1704
f 528 1730 1737
f 546 1748 1750
f 464 1666 1676
f 440 1642 1644
f 500 1705 1702
f 524 1736 1726
f 479 1691 1681
f 418 1623 1620
f 508 1713 1710
f 553 1764 1755
f 569 1781 1771
f 538 1749 1740
f 471 1677 1673
f 443 1645 1647
f 501 1703 1707
f 523 1725 1734
f 467 1674 1669
f 433 1638 1635
f 493 1695 1698
f 527 1732 1729
f 543 1752 1745
f 485 1690 1687
f 572 1777 1774
f 557 1759 1762
f 515 1717 1720
f 428 1630 1632
f 591 2191 2189
f 587 1885 1883
f 588 1901 1903
f 594 2279 2281
f 597 2315 2317
f 600 2171 2173
f 634 2160 2158
f 619 2016 2012
f 639 2214 2210
f 602 1919 1924
f 624 2137 2135
f 608 1978 1973
f 610 1991 1996
f 627 2225 2227
f 630 2302 2304
f 635 2178 2176
f 615 2153 2155
f 617 2009 2014
f 637 2207 2212
f 604 1926 1922
f 416 1857 1864
f 408 1803 1810
f 406 1786 1795
f 412 1822 1831
f 415 1840 1849
f 424 1876 1887
f 492 2182 2193
f 582 2312 2321
f 565 2276 2285
f 514 1898 1907
f 461 2091 2098
f 453 2037 2044
f 451 1952 1961
f 457 2056 2067
f 460 2074 2083
f 475 2128 2139
f 439 1966 1975
f 496 1988 1997
f 533 2222 2231
f 551 2293 2298
f 579 2185 2190
f 483 1879 1884
f 426 1893 1900
f 521 2271 2278
f 566 2307 2314
f 489 2163 2170
f 578 2150 2159
f 560 2006 2015
f 518 2204 2213
f 429 1911 1918
f 547 2131 2136
f 465 1969 1977
f 441 1983 1990
f 504 2217 2224
f 537 2290 2301
f 550 2168 2177
f 476 2145 2152
f 444 2001 2008
f 502 2199 2206
f 526 1916 1925
f 481 1808 1817
f 420 1789 1797
f 510 1825 1833
f 555 1843 1851
f 571 1862 1871
f 540 1933 1941
f 473 2110 2119
f 447 2020 2029
f 507 2236 2247
f 534 2257 2262
f 469 2042 2051
f 435 1947 1954
f 498 2059 2064
f 529 2077 2085
f 545 2096 2105
f 487 2113 2121
f 574 2023 2031
f 562 2239 2244
f 520 2254 2265
f 432 1930 1939
f 589 1818 1814
f 583 1798 1793
f 586 1834 1829
f 593 1852 1847
f 596 1872 1868
f 599 1942 1937
f 633 2120 2124
f 620 2030 2034
f 640 2248 2250
f 603 2263 2261
f 622 2052 2050
f 607 1955 1960
f 612 2065 2063
f 626 2086 2081
f 629 2106 2102
f 631 2122 2117
f 614 2032 2027
f 618 2245 2243
f 641 2266 2268
f 605 1940 1944
f 409 1813 1804
f 405 1792 1785
f 411 1828 1821
f 414 1846 1839
f 417 1867 1858
f 431 1936 1929
f 488 2123 2114
f 575 2033 2024
f 563 2249 2240
f 519 2260 2253
f 454 2049 2038
f 450 1959 1951
f 456 2062 2055
f 459 2080 2073
f 462 2101 2092
f 472 2116 2109
f 446 2026 2019
f 506 2242 2235
f 535 2267 2258
f 541 1943 1934
f 570 1869 1861
f 480 1815 1807
f 421 1799 1790
f 511 1835 1826
f 556 1853 1844
f 484 1889 1880
f 580 2195 2186
f 567 2319 2308
f 522 2283 2272
f 427 1905 1894
f 544 2103 2095
f 468 2046 2041
f 436 1957 1948
f 499 2069 2060
f 530 2087 2078
f 548 2141 2132
f 466 1979 1970
f 442 1993 1984
f 505 2229 2218
f 536 2296 2289
f 491 2188 2181
f 423 1882 1875
f 513 1902 1897
f 564 2280 2275
f 581 2316 2311
f 549 2172 2167
f 477 2157 2146
f 445 2011 2002
f 503 2209 2200
f 525 1923 1915
f 474 2134 2127
f 438 1972 1965
f 495 1995 1987
f 532 2226 2221
f 552 2303 2294
f 490 2175 2164
f 577 2154 2149
f 559 2013 2005
f 517 2211 2203
f 430 1921 1912
f 590 1865 1870
f 584 1811 1816
f 585 1796 1800
f 592 1832 1836
f 595 1850 1854
f 598 1888 1890
f 636 2194 2196
f 621 2322 2320
f 642 2286 2284
f 601 1908 1906
f 623 2099 2104
f 611 2045 2047
f 609 1962 1958
f 625 2068 2070
f 628 2084 2088
f 632 2140 2142
f 613 1976 1980
f 616 1998 1994
f 638 2232 2230
f 606 2299 2297
f 407 2330 2329
f 403 2324 2323
f 404 2325 2326
f 410 2332 2333
f 413 2335 2336
f 422 2344 2345
f 486 2410 2409
f 573 2497 2496
f 561 2486 2485
f 512 2434 2435
f 452 2375 2374
f 448 2369 2368
f 449 2370 2371
f 455 2377 2378
f 458 2380 2381
f 470 2393 2392
f 437 2359 2360
f 494 2415 2416
f 531 2455 2456
f 539 2461 2460
f 568 2489 2488
f 478 2399 2398
f 419 2341 2340
f 509 2431 2430
f 554 2476 2475
f 482 2405 2404
f 576 2500 2501
f 558 2481 2482
f 516 2439 2440
f 425 2348 2347
f 542 2465 2464
f 463 2383 2384
f 434 2356 2355
f 497 2420 2419
f 528 2452 2451
f 546 2471 2470
f 464 2386 2385
f 440 2363 2362
f 500 2422 2423
f 524 2445 2446
f 479 2400 2401
f 418 2338 2339
f 508 2428 2429
f 553 2473 2474
f 569 2490 2491
f 538 2458 2459
f 471 2394 2395
f 443 2366 2365
f 501 2425 2424
f 523 2444 2443
f 467 2389 2390
f 433 2353 2354
f 493 2414 2413
f 527 2449 2450
f 543 2466 2467
f 485 2407 2408
f 572 2494 2495
f 557 2480 2479
f 515 2438 2437
f 428 2351 2350
f 591 2510 2511
f 587 2504 2505
f 588 2508 2507
f 594 2514 2513
f 597 2517 2516
f 600 2520 2519
f 634 2554 2556
f 619 2539 2540
f 639 2560 2561
f 602 2523 2521
f 624 2543 2544
f 608 2527 2529
f 610 2532 2530
f 627 2547 2546
f 630 2550 2549
f 635 2552 2553
f 615 2535 2534
f 617 2538 2536
f 637 2558 2557
f 604 2524 2525
f 167 1607 647
f 164 1603 644
f 163 1604 643
f 165 1610 645
f 166 1613 646
f 169 1622 649
f 192 1686 672
f 222 1773 702
f 216 1761 696
f 199 1712 679
f 182 1652 662
f 179 1648 659
f 178 1649 658
f 180 1655 660
f 181 1658 661
f 186 1670 666
f 174 1637 654
f 193 1694 673
f 205 1731 685
f 212 1739 692
f 221 1768 701
f 189 1678 669
f 170 1619 650
f 202 1709 682
f 217 1754 697
f 191 1682 671
f 220 1776 700
f 214 1758 694
f 200 1716 680
f 171 1625 651
f 210 1742 690
f 183 1663 663
f 175 1634 655
f 196 1697 676
f 207 1728 687
f 211 1746 691
f 187 1664 667
f 176 1640 656
f 195 1700 675
f 203 1724 683
f 188 1679 668
f 168 1618 648
f 198 1708 678
f 213 1753 693
f 218 1769 698
f 208 1738 688
f 185 1671 665
f 177 1643 657
f 197 1701 677
f 206 1723 686
f 184 1667 664
f 173 1633 653
f 194 1693 674
f 204 1727 684
f 209 1743 689
f 190 1685 670
f 219 1772 699
f 215 1757 695
f 201 1715 681
f 172 1628 652
f 357 2187 837
f 255 1881 735
f 262 1899 742
f 388 2277 868
f 400 2313 880
f 352 2169 832
f 347 2156 827
f 298 2010 778
f 364 2208 844
f 269 1917 749
f 339 2133 819
f 285 1971 765
f 293 1989 773
f 370 2223 850
f 396 2300 876
f 353 2174 833
f 346 2151 826
f 299 2007 779
f 365 2205 845
f 268 1920 748
f 249 1855 729
f 231 1801 711
f 226 1784 706
f 238 1820 718
f 244 1838 724
f 257 1874 737
f 359 2180 839
f 402 2310 882
f 390 2274 870
f 264 1896 744
f 327 2089 807
f 309 2035 789
f 282 1950 762
f 317 2054 797
f 322 2072 802
f 341 2126 821
f 286 1964 766
f 294 1986 774
f 372 2220 852
f 394 2291 874
f 358 2183 838
f 256 1877 736
f 261 1891 741
f 387 2269 867
f 399 2305 879
f 351 2161 831
f 348 2148 828
f 300 2004 780
f 366 2202 846
f 267 1909 747
f 340 2129 820
f 287 1967 767
f 291 1981 771
f 369 2215 849
f 395 2288 875
f 354 2166 834
f 345 2143 825
f 297 1999 777
f 363 2197 843
f 270 1914 750
f 234 1806 714
f 227 1787 707
f 239 1823 719
f 245 1841 725
f 252 1860 732
f 275 1931 755
f 334 2108 814
f 304 2018 784
f 377 2234 857
f 382 2255 862
f 312 2040 792
f 279 1945 759
f 316 2057 796
f 323 2075 803
f 330 2094 810
f 335 2111 815
f 305 2021 785
f 376 2237 856
f 383 2252 863
f 274 1928 754
f 232 1812 712
f 225 1791 705
f 237 1827 717
f 243 1845 723
f 250 1866 730
f 273 1935 753
f 336 2118 816
f 306 2028 786
f 378 2246 858
f 381 2259 861
f 311 2048 791
f 281 1953 761
f 315 2061 795
f 321 2079 801
f 328 2100 808
f 333 2115 813
f 303 2025 783
f 375 2241 855
f 384 2264 864
f 276 1938 756
f 229 1802 709
f 223 1783 703
f 235 1819 715
f 241 1837 721
f 247 1856 727
f 271 1927 751
f 332 2112 812
f 302 2022 782
f 374 2238 854
f 379 2251 859
f 307 2036 787
f 278 1949 758
f 313 2053 793
f 319 2071 799
f 325 2090 805
f 331 2107 811
f 301 2017 781
f 373 2233 853
f 380 2256 860
f 272 1932 752
f 248 1859 728
f 230 1805 710
f 224 1788 704
f 236 1824 716
f 242 1842 722
f 254 1878 734
f 356 2184 836
f 397 2306 877
f 385 2270 865
f 259 1892 739
f 326 2093 806
f 308 2039 788
f 277 1946 757
f 314 2058 794
f 320 2076 800
f 338 2130 818
f 284 1968 764
f 289 1982 769
f 367 2216 847
f 391 2287 871
f 355 2179 835
f 253 1873 733
f 260 1895 740
f 386 2273 866
f 398 2309 878
f 350 2165 830
f 343 2144 823
f 295 2000 775
f 361 2198 841
f 266 1913 746
f 337 2125 817
f 283 1963 763
f 290 1985 770
f 368 2219 848
f 392 2292 872
f 349 2162 829
f 344 2147 824
f 296 2003 776
f 362 2201 842
f 265 1910 745
f 251 1863 731
f 233 1809 713
f 228 1794 708
f 240 1830 720
f 246 1848 726
f 258 1886 738
f 360 2192 840
f 401 2318 881
f 389 2282 869
f 263 1904 743
f 329 2097 809
f 310 2043 790
f 280 1956 760
f 318 2066 798
f 324 2082 804
f 342 2138 822
f 288 1974 768
f 292 1992 772
f 371 2228 851
f 393 2295 873
f 409 2331 1269
f 405 2327 1245
f 411 2328 1252
f 414 2334 1288
f 417 2337 1306
f 431 2346 1336
f 488 2412 1551
f 575 2499 1473
f 563 2487 1599
f 519 2436 1354
f 454 2376 1479
f 450 2372 1401
f 456 2373 1408
f 459 2379 1492
f 462 2382 1504
f 472 2396 1533
f 446 2361 1414
f 506 2418 1444
f 535 2457 1594
f 541 2463 1383
f 570 2492 1323
f 480 2402 1275
f 421 2343 1263
f 511 2433 1299
f 556 2478 1317
f 484 2406 1341
f 580 2502 1564
f 567 2484 1462
f 522 2442 1588
f 427 2349 1347
f 544 2468 1521
f 468 2387 1420
f 436 2358 1395
f 499 2421 1497
f 530 2454 1515
f 548 2472 1557
f 466 2388 1425
f 442 2364 1431
f 505 2426 1570
f 536 2448 1372
f 491 2403 1282
f 423 2342 1258
f 513 2432 1294
f 564 2477 1312
f 581 2493 1330
f 549 2462 1378
f 477 2397 1540
f 445 2367 1449
f 503 2427 1575
f 525 2447 1365
f 474 2391 1486
f 438 2357 1390
f 495 2417 1437
f 532 2453 1510
f 552 2469 1528
f 490 2411 1546
f 577 2498 1468
f 559 2483 1455
f 517 2441 1581
f 430 2352 1359
f 590 2509 1272
f 584 2503 1248
f 585 2506 1253
f 592 2512 1289
f 595 2515 1307
f 598 2518 1337
f 636 2555 1554
f 621 2541 1476
f 642 2562 1602
f 601 2522 1355
f 623 2542 1482
f 611 2528 1404
f 609 2531 1409
f 625 2545 1493
f 628 2548 1505
f 632 2551 1536
f 613 2533 1415
f 616 2537 1445
f 638 2559 1595
f 606 2526 1386
f 407 1616 909
f 403 1608 891
f 404 1606 886
f 410 1612 898
f 413 1615 904
f 422 1624 922
f 486 1692 1060
f 573 1782 1240
f 561 1765 1204
f 512 1714 1102
f 452 1661 999
f 448 1653 981
f 449 1651 976
f 455 1657 988
f 458 1660 994
f 470 1675 1024
f 437 1639 952
f 494 1696 1066
f 531 1733 1138
f 539 1751 1179
f 568 1779 1233
f 478 1683 1041
f 419 1626 927
f 509 1721 1119
f 554 1766 1209
f 482 1689 1053
f 576 1778 1228
f 558 1760 1192
f 516 1718 1108
f 425 1629 933
f 542 1747 1167
f 463 1665 1005
f 434 1641 957
f 497 1704 1083
f 528 1737 1150
f 546 1750 1174
f 464 1676 1029
f 440 1644 963
f 500 1702 1077
f 524 1726 1126
f 479 1681 1036
f 418 1620 915
f 508 1710 1095
f 553 1755 1185
f 569 1771 1216
f 538 1740 1155
f 471 1673 1018
f 443 1647 970
f 501 1707 1090
f 523 1734 1143
f 467 1669 1012
f 433 1635 945
f 493 1698 1071
f 527 1729 1131
f 543 1745 1162
f 485 1687 1047
f 572 1774 1221
f 557 1762 1197
f 515 1720 1114
f 428 1632 940
f 591 2189 1284
f 587 1883 1260
f 588 1903 1296
f 594 2281 1314
f 597 2317 1332
f 600 2173 1380
f 634 2158 1542
f 619 2012 1451
f 639 2210 1577
f 602 1924 1367
f 624 2135 1488
f 608 1973 1392
f 610 1996 1439
f 627 2227 1512
f 630 2304 1530
f 635 2176 1548
f 615 2155 1470
f 617 2014 1457
f 637 2212 1583
f 604 1922 1361
f 416 1864 1270
f 408 1810 1246
f 406 1795 1251
f 412 1831 1287
f 415 1849 1305
f 424 1887 1335
f 492 2193 1552
f 582 2321 1474
f 565 2285 1600
f 514 1907 1353
f 461 2098 1480
f 453 2044 1402
f 451 1961 1407
f 457 2067 1491
f 460 2083 1503
f 475 2139 1534
f 439 1975 1413
f 496 1997 1443
f 533 2231 1593
f 551 2298 1384
f 579 2190 1324
f 483 1884 1276
f 426 1900 1264
f 521 2278 1300
f 566 2314 1318
f 489 2170 1342
f 578 2159 1563
f 560 2015 1461
f 518 2213 1587
f 429 1918 1348
f 547 2136 1522
f 465 1977 1419
f 441 1990 1396
f 504 2224 1498
f 537 2301 1516
f 550 2177 1558
f 476 2152 1426
f 444 2008 1432
f 502 2206 1569
f 526 1925 1371
f 481 1817 1281
f 420 1797 1257
f 510 1833 1293
f 555 1851 1311
f 571 1871 1329
f 540 1941 1377
f 473 2119 1539
f 447 2029 1450
f 507 2247 1576
f 534 2262 1366
f 469 2051 1485
f 435 1954 1389
f 498 2064 1438
f 529 2085 1509
f 545 2105 1527
f 487 2121 1545
f 574 2031 1467
f 562 2244 1456
f 520 2265 1582
f 432 1939 1360
f 589 1814 1271
f 583 1793 1247
f 586 1829 1254
f 593 1847 1290
f 596 1868 1308
f 599 1937 1338
f 633 2124 1553
f 620 2034 1475
f 640 2250 1601
f 603 2261 1356
f 622 2050 1481
f 607 1960 1403
f 612 2063 1410
f 626 2081 1494
f 629 2102 1506
f 631 2117 1535
f 614 2027 1416
f 618 2243 1446
f 641 2268 1596
f 605 1944 1385
f 409 1804 894
f 405 1785 887
f 411 1821 899
f 414 1839 905
f 417 1858 912
f 431 1929 941
f 488 2114 1050
f 575 2024 1224
f 563 2240 1200
f 519 2253 1115
f 454 2038 984
f 450 1951 977
f 456 2055 989
f 459 2073 995
f 462 2092 1002
f 472 2109 1019
f 446 2019 971
f 506 2235 1091
f 535 2258 1146
f 541 1934 1158
f 570 1861 1217
f 480 1807 1037
f 421 1790 918
f 511 1826 1098
f 556 1844 1188
f 484 1880 1044
f 580 2186 1236
f 567 2308 1212
f 522 2272 1122
f 427 1894 930
f 544 2095 1163
f 468 2041 1013
f 436 1948 948
f 499 2060 1074
f 530 2078 1134
f 548 2132 1170
f 466 1970 1008
f 442 1984 960
f 505 2218 1086
f 536 2289 1151
f 491 2181 1061
f 423 1875 923
f 513 1897 1103
f 564 2275 1205
f 581 2311 1241
f 549 2167 1175
f 477 2146 1032
f 445 2002 966
f 503 2200 1080
f 525 1915 1127
f 474 2127 1025
f 438 1965 953
f 495 1987 1067
f 532 2221 1139
f 552 2294 1182
f 490 2164 1056
f 577 2149 1229
f 559 2005 1193
f 517 2203 1109
f 430 1912 936
f 590 1870 1325
f 584 1816 1277
f 585 1800 1265
f 592 1836 1301
f 595 1854 1319
f 598 1890 1343
f 636 2196 1566
f 621 2320 1464
f 642 2284 1590
f 601 1906 1349
f 623 2104 1523
f 611 2047 1422
f 609 1958 1397
f 625 2070 1499
f 628 2088 1517
f 632 2142 1559
f 613 1980 1427
f 616 1994 1433
f 638 2230 1572
f 606 2297 1374
f 407 2329 892
f 403 2323 885
f 404 2326 897
f 410 2333 903
f 413 2336 910
f 422 2345 939
f 486 2409 1048
f 573 2496 1222
f 561 2485 1198
f 512 2435 1113
f 452 2374 982
f 448 2368 975
f 449 2371 987
f 455 2378 993
f 458 2381 1000
f 470 2392 1017
f 437 2360 969
f 494 2416 1089
f 531 2456 1144
f 539 2460 1156
f 568 2488 1215
f 478 2398 1035
f 419 2340 916
f 509 2430 1096
f 554 2475 1186
f 482 2404 1042
f 576 2501 1234
f 558 2482 1210
f 516 2440 1120
f 425 2347 928
f 542 2464 1161
f 463 2384 1011
f 434 2355 946
f 497 2419 1072
f 528 2451 1132
f 546 2470 1168
f 464 2385 1006
f 440 2362 958
f 500 2423 1084
f 524 2446 1149
f 479 2401 1059
f 418 2339 921
f 508 2429 1101
f 553 2474 1203
f 569 2491 1239
f 538 2459 1173
f 471 2395 1030
f 443 2365 964
f 501 2424 1078
f 523 2443 1125
f 467 2390 1023
f 433 2354 951
f 493 2413 1065
f 527 2450 1137
f 543 2467 1180
f 485 2408 1054
f 572 2495 1227
f 557 2479 1191
f 515 2437 1107
f 428 2350 934
f 591 2511 1326
f 587 2505 1278
f 588 2507 1266
f 594 2513 1302
f 597 2516 1320
f 600 2519 1344
f 634 2556 1565
f 619 2540 1463
f 639 2561 1589
f 602 2521 1350
f 624 2544 1524
f 608 2529 1421
f 610 2530 1398
f 627 2546 1500
f 630 2549 1518
f 635 2553 1560
f 615 2534 1428
f 617 2536 1434
f 637 2557 1571
f 604 2525 1373
f 164 1609 889
f 163 1605 883
f 165 1611 895
f 166 1614 901
f 167 1617 907
f 172 1631 937
f 190 1688 1045
f 219 1775 1219
f 215 1763 1195
f 201 1719 1111
f 179 1654 979
f 178 1650 973
f 180 1656 985
f 181 1659 991
f 182 1662 997
f 185 1672 1015
f 177 1646 967
f 197 1706 1087
f 206 1735 1141
f 208 1741 1153
f 218 1770 1213
f 188 1680 1033
f 168 1621 913
f 198 1711 1093
f 213 1756 1183
f 189 1684 1039
f 221 1780 1231
f 217 1767 1207
f 202 1722 1117
f 170 1627 925
f 209 1744 1159
f 184 1668 1009
f 173 1636 943
f 194 1699 1069
f 204 1730 1129
f 210 1748 1165
f 183 1666 1003
f 175 1642 955
f 196 1705 1081
f 207 1736 1147
f 192 1691 1057
f 169 1623 919
f 199 1713 1099
f 216 1764 1201
f 222 1781 1237
f 211 1749 1171
f 187 1677 1027
f 176 1645 961
f 195 1703 1075
f 203 1725 1123
f 186 1674 1021
f 174 1638 949
f 193 1695 1063
f 205 1732 1135
f 212 1752 1177
f 191 1690 1051
f 220 1777 1225
f 214 1759 1189
f 200 1717 1105
f 171 1630 931
f 358 2191 1322
f 256 1885 1274
f 261 1901 1262
f 387 2279 1298
f 399 2315 1316
f 351 2171 1340
f 348 2160 1561
f 300 2016 1459
f 366 2214 1585
f 267 1919 1346
f 340 2137 1520
f 287 1978 1417
f 291 1991 1394
f 369 2225 1496
f 395 2302 1514
f 354 2178 1556
f 345 2153 1424
f 297 2009 1430
f 363 2207 1567
f 270 1926 1369
f 247 1857 908
f 229 1803 890
f 223 1786 884
f 235 1822 896
f 241 1840 902
f 253 1876 920
f 355 2182 1058
f 398 2312 1238
f 386 2276 1202
f 260 1898 1100
f 325 2091 998
f 307 2037 980
f 278 1952 974
f 313 2056 986
f 319 2074 992
f 337 2128 1022
f 283 1966 950
f 290 1988 1064
f 368 2222 1136
f 392 2293 1178
f 356 2185 1232
f 254 1879 1040
f 259 1893 926
f 385 2271 1118
f 397 2307 1208
f 349 2163 1052
f 344 2150 1226
f 296 2006 1190
f 362 2204 1106
f 265 1911 932
f 338 2131 1166
f 284 1969 1004
f 289 1983 956
f 367 2217 1082
f 391 2290 1148
f 350 2168 1172
f 343 2145 1028
f 295 2001 962
f 361 2199 1076
f 266 1916 1124
f 230 1808 1034
f 224 1789 914
f 236 1825 1094
f 242 1843 1184
f 248 1862 1214
f 272 1933 1154
f 331 2110 1016
f 301 2020 968
f 373 2236 1088
f 380 2257 1142
f 308 2042 1010
f 277 1947 944
f 314 2059 1070
f 320 2077 1130
f 326 2096 1160
f 332 2113 1046
f 302 2023 1220
f 374 2239 1196
f 379 2254 1112
f 271 1930 938
f 234 1818 1279
f 227 1798 1255
f 239 1834 1291
f 245 1852 1309
f 252 1872 1327
f 275 1942 1375
f 334 2120 1537
f 304 2030 1448
f 377 2248 1574
f 382 2263 1364
f 312 2052 1483
f 279 1955 1387
f 316 2065 1436
f 323 2086 1507
f 330 2106 1525
f 335 2122 1543
f 305 2032 1465
f 376 2245 1454
f 383 2266 1580
f 274 1940 1358
f 232 1813 1267
f 225 1792 1243
f 237 1828 1250
f 243 1846 1286
f 250 1867 1304
f 273 1936 1334
f 336 2123 1549
f 306 2033 1471
f 378 2249 1597
f 381 2260 1352
f 311 2049 1477
f 281 1959 1399
f 315 2062 1406
f 321 2080 1490
f 328 2101 1502
f 333 2116 1531
f 303 2026 1412
f 375 2242 1442
f 384 2267 1592
f 276 1943 1381
f 251 1869 1321
f 233 1815 1273
f 228 1799 1261
f 240 1835 1297
f 246 1853 1315
f 258 1889 1339
f 360 2195 1562
f 401 2319 1460
f 389 2283 1586
f 263 1905 1345
f 329 2103 1519
f 310 2046 1418
f 280 1957 1393
f 318 2069 1495
f 324 2087 1513
f 342 2141 1555
f 288 1979 1423
f 292 1993 1429
f 371 2229 1568
f 393 2296 1370
f 357 2188 1280
f 255 1882 1256
f 262 1902 1292
f 388 2280 1310
f 400 2316 1328
f 352 2172 1376
f 347 2157 1538
f 298 2011 1447
f 364 2209 1573
f 269 1923 1363
f 339 2134 1484
f 285 1972 1388
f 293 1995 1435
f 370 2226 1508
f 396 2303 1526
f 353 2175 1544
f 346 2154 1466
f 299 2013 1453
f 365 2211 1579
f 268 1921 1357
f 249 1865 1268
f 231 1811 1244
f 226 1796 1249
f 238 1832 1285
f 244 1850 1303
f 257 1888 1333
f 359 2194 1550
f 402 2322 1472
f 390 2286 1598
f 264 1908 1351
f 327 2099 1478
f 309 2045 1400
f 282 1962 1405
f 317 2068 1489
f 322 2084 1501
f 341 2140 1532
f 286 1976 1411
f 294 1998 1441
f 372 2232 1591
f 394 2299 1382
f 416 2330 911
f 408 2324 893
f 406 2325 888
f 412 2332 900
f 415 2335 906
f 424 2344 924
f 492 2410 1062
f 582 2497 1242
f 565 2486 1206
f 514 2434 1104
f 461 2375 1001
f 453 2369 983
f 451 2370 978
f 457 2377 990
f 460 2380 996
f 475 2393 1026
f 439 2359 954
f 496 2415 1068
f 533 2455 1140
f 551 2461 1181
f 579 2489 1235
f 483 2399 1043
f 426 2341 929
f 521 2431 1121
f 566 2476 1211
f 489 2405 1055
f 578 2500 1230
f 560 2481 1194
f 518 2439 1110
f 429 2348 935
f 547 2465 1169
f 465 2383 1007
f 441 2356 959
f 504 2420 1085
f 537 2452 1152
f 550 2471 1176
f 476 2386 1031
f 444 2363 965
f 502 2422 1079
f 526 2445 1128
f 481 2400 1038
f 420 2338 917
f 510 2428 1097
f 555 2473 1187
f 571 2490 1218
f 540 2458 1157
f 473 2394 1020
f 447 2366 972
f 507 2425 1092
f 534 2444 1145
f 469 2389 1014
f 435 2353 947
f 498 2414 1073
f 529 2449 1133
f 545 2466 1164
f 487 2407 1049
f 574 2494 1223
f 562 2480 1199
f 520 2438 1116
f 432 2351 942
f 589 2510 1283
f 583 2504 1259
f 586 2508 1295
f 593 2514 1313
f 596 2517 1331
f 599 2520 1379
f 633 2554 1541
f 620 2539 1452
f 640 2560 1578
f 603 2523 1368
f 622 2543 1487
f 607 2527 1391
f 612 2532 1440
f 626 2547 1511
f 629 2550 1529
f 631 2552 1547
f 614 2535 1469
f 618 2538 1458
f 641 2558 1584
f 605 2524 1362
f 164 1607 1609
f 163 1603 1605
f 165 1604 1611
f 166 1610 1614
f 167 1613 1617
f 172 1622 1631
f 190 1686 1688
f 219 1773 1775
f 215 1761 1763
f 201 1712 1719
f 179 1652 1654
f 178 1648 1650
f 180 1649 1656
f 181 1655 1659
f 182 1658 1662
f 185 1670 1672
f 177 1637 1646
f 197 1694 1706
f 206 1731 1735
f 208 1739 1741
f 218 1768 1770
f 188 1678 1680
f 168 1619 1621
f 198 1709 1711
f 213 1754 1756
f 189 1682 1684
f 221 1776 1780
f 217 1758 1767
f 202 1716 1722
f 170 1625 1627
f 209 1742 1744
f 184 1663 1668
f 173 1634 1636
f 194 1697 1699
f 204 1728 1730
f 210 1746 1748
f 183 1664 1666
f 175 1640 1642
f 196 1700 1705
f 207 1724 1736
f 192 1679 1691
f 169 1618 1623
f 199 1708 1713
f 216 1753 1764
f 222 1769 1781
f 211 1738 1749
f 187 1671 1677
f 176 1643 1645
f 195 1701 1703
f 203 1723 1725
f 186 1667 1674
f 174 1633 1638
f 193 1693 1695
f 205 1727 1732
f 212 1743 1752
f 191 1685 1690
f 220 1772 1777
f 214 1757 1759
f 200 1715 1717
f 171 1628 1630
f 358 2187 2191
f 256 1881 1885
f 261 1899 1901
f 387 2277 2279
f 399 2313 2315
f 351 2169 2171
f 348 2156 2160
f 300 2010 2016
f 366 2208 2214
f 267 1917 1919
f 340 2133 2137
f 287 1971 1978
f 291 1989 1991
f 369 2223 2225
f 395 2300 2302
f 354 2174 2178
f 345 2151 2153
f 297 2007 2009
f 363 2205 2207
f 270 1920 1926
f 247 1855 1857
f 229 1801 1803
f 223 1784 1786
f 235 1820 1822
f 241 1838 1840
f 253 1874 1876
f 355 2180 2182
f 398 2310 2312
f 386 2274 2276
f 260 1896 1898
f 325 2089 2091
f 307 2035 2037
f 278 1950 1952
f 313 2054 2056
f 319 2072 2074
f 337 2126 2128
f 283 1964 1966
f 290 1986 1988
f 368 2220 2222
f 392 2291 2293
f 356 2183 2185
f 254 1877 1879
f 259 1891 1893
f 385 2269 2271
f 397 2305 2307
f 349 2161 2163
f 344 2148 2150
f 296 2004 2006
f 362 2202 2204
f 265 1909 1911
f 338 2129 2131
f 284 1967 1969
f 289 1981 1983
f 367 2215 2217
f 391 2288 2290
f 350 2166 2168
f 343 2143 2145
f 295 1999 2001
f 361 2197 2199
f 266 1914 1916
f 230 1806 1808
f 224 1787 1789
f 236 1823 1825
f 242 1841 1843
f 248 1860 1862
f 272 1931 1933
f 331 2108 2110
f 301 2018 2020
f 373 2234 2236
f 380 2255 2257
f 308 2040 2042
f 277 1945 1947
f 314 2057 2059
f 320 2075 2077
f 326 2094 2096
f 332 2111 2113
f 302 2021 2023
f 374 2237 2239
f 379 2252 2254
f 271 1928 1930
f 234 1812 1818
f 227 1791 1798
f 239 1827 1834
f 245 1845 1852
f 252 1866 1872
f 275 1935 1942
f 334 2118 2120
f 304 2028 2030
f 377 2246 2248
f 382 2259 2263
f 312 2048 2052
f 279 1953 1955
f 316 2061 2065
f 323 2079 2086
f 330 2100 2106
f 335 2115 2122
f 305 2025 2032
f 376 2241 2245
f 383 2264 2266
f 274 1938 1940
f 232 1802 1813
f 225 1783 1792
f 237 1819 1828
f 243 1837 1846
f 250 1856 1867
f 273 1927 1936
f 336 2112 2123
f 306 2022 2033
f 378 2238 2249
f 381 2251 2260
f 311 2036 2049
f 281 1949 1959
f 315 2053 2062
f 321 2071 2080
f 328 2090 2101
f 333 2107 2116
f 303 2017 2026
f 375 2233 2242
f 384 2256 2267
f 276 1932 1943
f 251 1859 1869
f 233 1805 1815
f 228 1788 1799
f 240 1824 1835
f 246 1842 1853
f 258 1878 1889
f 360 2184 2195
f 401 2306 2319
f 389 2270 2283
f 263 1892 1905
f 329 2093 2103
f 310 2039 2046
f 280 1946 1957
f 318 2058 2069
f 324 2076 2087
f 342 2130 2141
f 288 1968 1979
f 292 1982 1993
f 371 2216 2229
f 393 2287 2296
f 357 2179 2188
f 255 1873 1882
f 262 1895 1902
f 388 2273 2280
f 400 2309 2316
f 352 2165 2172
f 347 2144 2157
f 298 2000 2011
f 364 2198 2209
f 269 1913 1923
f 339 2125 2134
f 285 1963 1972
f 293 1985 1995
f 370 2219 2226
f 396 2292 2303
f 353 2162 2175
f 346 2147 2154
f 299 2003 2013
f 365 2201 2211
f 268 1910 1921
f 249 1863 1865
f 231 1809 1811
f 226 1794 1796
f 238 1830 1832
f 244 1848 1850
f 257 1886 1888
f 359 2192 2194
f 402 2318 2322
f 390 2282 2286
f 264 1904 1908
f 327 2097 2099
f 309 2043 2045
f 282 1956 1962
f 317 2066 2068
f 322 2082 2084
f 341 2138 2140
f 286 1974 1976
f 294 1992 1998
f 372 2228 2232
f 394 2295 2299
f 416 2331 2330
f 408 2327 2324
f 406 2328 2325
f 412 2334 2332
f 415 2337 2335
f 424 2346 2344
f 492 2412 2410
f 582 2499 2497
f 565 2487 2486
f 514 2436 2434
f 461 2376 2375
f 453 2372 2369
f 451 2373 2370
f 457 2379 2377
f 460 2382 2380
f 475 2396 2393
f 439 2361 2359
f 496 2418 2415
f 533 2457 2455
f 551 2463 2461
f 579 2492 2489
f 483 2402 2399
f 426 2343 2341
f 521 2433 2431
f 566 2478 2476
f 489 2406 2405
f 578 2502 2500
f 560 2484 2481
f 518 2442 2439
f 429 2349 2348
f 547 2468 2465
f 465 2387 2383
f 441 2358 2356
f 504 2421 2420
f 537 2454 2452
f 550 2472 2471
f 476 2388 2386
f 444 2364 2363
f 502 2426 2422
f 526 2448 2445
f 481 2403 2400
f 420 2342 2338
f 510 2432 2428
f 555 2477 2473
f 571 2493 2490
f 540 2462 2458
f 473 2397 2394
f 447 2367 2366
f 507 2427 2425
f 534 2447 2444
f 469 2391 2389
f 435 2357 2353
f 498 2417 2414
f 529 2453 2449
f 545 2469 2466
f 487 2411 2407
f 574 2498 2494
f 562 2483 2480
f 520 2441 2438
f 432 2352 2351
f 589 2509 2510
f 583 2503 2504
f 586 2506 2508
f 593 2512 2514
f 596 2515 2517
f 599 2518 2520
f 633 2555 2554
f 620 2541 2539
f 640 2562 2560
f 603 2522 2523
f 622 2542 2543
f 607 2528 2527
f 612 2531 2532
f 626 2545 2547
f 629 2548 2550
f 631 2551 2552
f 614 2533 2535
f 618 2537 2538
f 641 2559 2558
f 605 2526 2524
f 164 644 1607
f 163 643 1603
f 165 645 1604
f 166 646 1610
f 167 647 1613
f 172 652 1622
f 190 670 1686
f 219 699 1773
f 215 695 1761
f 201 681 1712
f 179 659 1652
f 178 658 1648
f 180 660 1649
f 181 661 1655
f 182 662 1658
f 185 665 1670
f 177 657 1637
f 197 677 1694
f 206 686 1731
f 208 688 1739
f 218 698 1768
f 188 668 1678
f 168 648 1619
f 198 678 1709
f 213 693 1754
f 189 669 1682
f 221 701 1776
f 217 697 1758
f 202 682 1716
f 170 650 1625
f 209 689 1742
f 184 664 1663
f 173 653 1634
f 194 674 1697
f 204 684 1728
f 210 690 1746
f 183 663 1664
f 175 655 1640
f 196 676 1700
f 207 687 1724
f 192 672 1679
f 169 649 1618
f 199 679 1708
f 216 696 1753
f 222 702 1769
f 211 691 1738
f 187 667 1671
f 176 656 1643
f 195 675 1701
f 203 683 1723
f 186 666 1667
f 174 654 1633
f 193 673 1693
f 205 685 1727
f 212 692 1743
f 191 671 1685
f 220 700 1772
f 214 694 1757
f 200 680 1715
f 171 651 1628
f 358 838 2187
f 256 736 1881
f 261 741 1899
f 387 867 2277
f 399 879 2313
f 351 831 2169
f 348 828 2156
f 300 780 2010
f 366 846 2208
f 267 747 1917
f 340 820 2133
f 287 767 1971
f 291 771 1989
f 369 849 2223
f 395 875 2300
f 354 834 2174
f 345 825 2151
f 297 777 2007
f 363 843 2205
f 270 750 1920
f 247 727 1855
f 229 709 1801
f 223 703 1784
f 235 715 1820
f 241 721 1838
f 253 733 1874
f 355 835 2180
f 398 878 2310
f 386 866 2274
f 260 740 1896
f 325 805 2089
f 307 787 2035
f 278 758 1950
f 313 793 2054
f 319 799 2072
f 337 817 2126
f 283 763 1964
f 290 770 1986
f 368 848 2220
f 392 872 2291
f 356 836 2183
f 254 734 1877
f 259 739 1891
f 385 865 2269
f 397 877 2305
f 349 829 2161
f 344 824 2148
f 296 776 2004
f 362 842 2202
f 265 745 1909
f 338 818 2129
f 284 764 1967
f 289 769 1981
f 367 847 2215
f 391 871 2288
f 350 830 2166
f 343 823 2143
f 295 775 1999
f 361 841 2197
f 266 746 1914
f 230 710 1806
f 224 704 1787
f 236 716 1823
f 242 722 1841
f 248 728 1860
f 272 752 1931
f 331 811 2108
f 301 781 2018
f 373 853 2234
f 380 860 2255
f 308 788 2040
f 277 757 1945
f 314 794 2057
f 320 800 2075
f 326 806 2094
f 332 812 2111
f 302 782 2021
f 374 854 2237
f 379 859 2252
f 271 751 1928
f 234 714 1812
f 227 707 1791
f 239 719 1827
f 245 725 1845
f 252 732 1866
f 275 755 1935
f 334 814 2118
f 304 784 2028
f 377 857 2246
f 382 862 2259
f 312 792 2048
f 279 759 1953
f 316 796 2061
f 323 803 2079
f 330 810 2100
f 335 815 2115
f 305 785 2025
f 376 856 2241
f 383 863 2264
f 274 754 1938
f 232 712 1802
f 225 705 1783
f 237 717 1819
f 243 723 1837
f 250 730 1856
f 273 753 1927
f 336 816 2112
f 306 786 2022
f 378 858 2238
f 381 861 2251
f 311 791 2036
f 281 761 1949
f 315 795 2053
f 321 801 2071
f 328 808 2090
f 333 813 2107
f 303 783 2017
f 375 855 2233
f 384 864 2256
f 276 756 1932
f 251 731 1859
f 233 713 1805
f 228 708 1788
f 240 720 1824
f 246 726 1842
f 258 738 1878
f 360 840 2184
f 401 881 2306
f 389 869 2270
f 263 743 1892
f 329 809 2093
f 310 790 2039
f 280 760 1946
f 318 798 2058
f 324 804 2076
f 342 822 2130
f 288 768 1968
f 292 772 1982
f 371 851 2216
f 393 873 2287
f 357 837 2179
f 255 735 1873
f 262 742 1895
f 388 868 2273
f 400 880 2309
f 352 832 2165
f 347 827 2144
f 298 778 2000
f 364 844 2198
f 269 749 1913
f 339 819 2125
f 285 765 1963
f 293 773 1985
f 370 850 2219
f 396 876 2292
f 353 833 2162
f 346 826 2147
f 299 779 2003
f 365 845 2201
f 268 748 1910
f 249 729 1863
f 231 711 1809
f 226 706 1794
f 238 718 1830
f 244 724 1848
f 257 737 1886
f 359 839 2192
f 402 882 2318
f 390 870 2282
f 264 744 1904
f 327 807 2097
f 309 789 2043
f 282 762 1956
f 317 797 2066
f 322 802 2082
f 341 821 2138
f 286 766 1974
f 294 774 1992
f 372 852 2228
f 394 874 2295
f 416 1270 2331
f 408 1246 2327
f 406 1251 2328
f 412 1287 2334
f 415 1305 2337
f 424 1335 2346
f 492 1552 2412
f 582 1474 2499
f 565 1600 2487
f 514 1353 2436
f 461 1480 2376
f 453 1402 2372
f 451 1407 2373
f 457 1491 2379
f 460 1503 2382
f 475 1534 2396
f 439 1413 2361
f 496 1443 2418
f 533 1593 2457
f 551 1384 2463
f 579 1324 2492
f 483 1276 2402
f 426 1264 2343
f 521 1300 2433
f 566 1318 2478
f 489 1342 2406
f 578 1563 2502
f 560 1461 2484
f 518 1587 2442
f 429 1348 2349
f 547 1522 2468
f 465 1419 2387
f 441 1396 2358
f 504 1498 2421
f 537 1516 2454
f 550 1558 2472
f 476 1426 2388
f 444 1432 2364
f 502 1569 2426
f 526 1371 2448
f 481 1281 2403
f 420 1257 2342
f 510 1293 2432
f 555 1311 2477
f 571 1329 2493
f 540 1377 2462
f 473 1539 2397
f 447 1450 2367
f 507 1576 2427
f 534 1366 2447
f 469 1485 2391
f 435 1389 2357
f 498 1438 2417
f 529 1509 2453
f 545 1527 2469
f 487 1545 2411
f 574 1467 2498
f 562 1456 2483
f 520 1582 2441
f 432 1360 2352
f 589 1271 2509
f 583 1247 2503
f 586 1254 2506
f 593 1290 2512
f 596 1308 2515
f 599 1338 2518
f 633 1553 2555
f 620 1475 2541
f 640 1601 2562
f 603 1356 2522
f 622 1481 2542
f 607 1403 2528
f 612 1410 2531
f 626 1494 2545
f 629 1506 2548
f 631 1535 2551
f 614 1416 2533
f 618 1446 2537
f 641 1596 2559
f 605 1385 2526
f 167 907 1616
f 164 889 1608
f 163 883 1606
f 165 895 1612
f 166 901 1615
f 169 919 1624
f 192 1057 1692
f 222 1237 1782
f 216 1201 1765
f 199 1099 1714
f 182 997 1661
f 179 979 1653
f 178 973 1651
f 180 985 1657
f 181 991 1660
f 186 1021 1675
f 174 949 1639
f 193 1063 1696
f 205 1135 1733
f 212 1177 1751
f 221 1231 1779
f 189 1039 1683
f 170 925 1626
f 202 1117 1721
f 217 1207 1766
f 191 1051 1689
f 220 1225 1778
f 214 1189 1760
f 200 1105 1718
f 171 931 1629
f 210 1165 1747
f 183 1003 1665
f 175 955 1641
f 196 1081 1704
f 207 1147 1737
f 211 1171 1750
f 187 1027 1676
f 176 961 1644
f 195 1075 1702
f 203 1123 1726
f 188 1033 1681
f 168 913 1620
f 198 1093 1710
f 213 1183 1755
f 218 1213 1771
f 208 1153 1740
f 185 1015 1673
f 177 967 1647
f 197 1087 1707
f 206 1141 1734
f 184 1009 1669
f 173 943 1635
f 194 1069 1698
f 204 1129 1729
f 209 1159 1745
f 190 1045 1687
f 219 1219 1774
f 215 1195 1762
f 201 1111 1720
f 172 937 1632
f 357 1280 2189
f 255 1256 1883
f 262 1292 1903
f 388 1310 2281
f 400 1328 2317
f 352 1376 2173
f 347 1538 2158
f 298 1447 2012
f 364 1573 2210
f 269 1363 1924
f 339 1484 2135
f 285 1388 1973
f 293 1435 1996
f 370 1508 2227
f 396 1526 2304
f 353 1544 2176
f 346 1466 2155
f 299 1453 2014
f 365 1579 2212
f 268 1357 1922
f 249 1268 1864
f 231 1244 1810
f 226 1249 1795
f 238 1285 1831
f 244 1303 1849
f 257 1333 1887
f 359 1550 2193
f 402 1472 2321
f 390 1598 2285
f 264 1351 1907
f 327 1478 2098
f 309 1400 2044
f 282 1405 1961
f 317 1489 2067
f 322 1501 2083
f 341 1532 2139
f 286 1411 1975
f 294 1441 1997
f 372 1591 2231
f 394 1382 2298
f 358 1322 2190
f 256 1274 1884
f 261 1262 1900
f 387 1298 2278
f 399 1316 2314
f 351 1340 2170
f 348 1561 2159
f 300 1459 2015
f 366 1585 2213
f 267 1346 1918
f 340 1520 2136
f 287 1417 1977
f 291 1394 1990
f 369 1496 2224
f 395 1514 2301
f 354 1556 2177
f 345 1424 2152
f 297 1430 2008
f 363 1567 2206
f 270 1369 1925
f 234 1279 1817
f 227 1255 1797
f 239 1291 1833
f 245 1309 1851
f 252 1327 1871
f 275 1375 1941
f 334 1537 2119
f 304 1448 2029
f 377 1574 2247
f 382 1364 2262
f 312 1483 2051
f 279 1387 1954
f 316 1436 2064
f 323 1507 2085
f 330 1525 2105
f 335 1543 2121
f 305 1465 2031
f 376 1454 2244
f 383 1580 2265
f 274 1358 1939
f 232 1267 1814
f 225 1243 1793
f 237 1250 1829
f 243 1286 1847
f 250 1304 1868
f 273 1334 1937
f 336 1549 2124
f 306 1471 2034
f 378 1597 2250
f 381 1352 2261
f 311 1477 2050
f 281 1399 1960
f 315 1406 2063
f 321 1490 2081
f 328 1502 2102
f 333 1531 2117
f 303 1412 2027
f 375 1442 2243
f 384 1592 2268
f 276 1381 1944
f 229 890 1804
f 223 884 1785
f 235 896 1821
f 241 902 1839
f 247 908 1858
f 271 938 1929
f 332 1046 2114
f 302 1220 2024
f 374 1196 2240
f 379 1112 2253
f 307 980 2038
f 278 974 1951
f 313 986 2055
f 319 992 2073
f 325 998 2092
f 331 1016 2109
f 301 968 2019
f 373 1088 2235
f 380 1142 2258
f 272 1154 1934
f 248 1214 1861
f 230 1034 1807
f 224 914 1790
f 236 1094 1826
f 242 1184 1844
f 254 1040 1880
f 356 1232 2186
f 397 1208 2308
f 385 1118 2272
f 259 926 1894
f 326 1160 2095
f 308 1010 2041
f 277 944 1948
f 314 1070 2060
f 320 1130 2078
f 338 1166 2132
f 284 1004 1970
f 289 956 1984
f 367 1082 2218
f 391 1148 2289
f 355 1058 2181
f 253 920 1875
f 260 1100 1897
f 386 1202 2275
f 398 1238 2311
f 350 1172 2167
f 343 1028 2146
f 295 962 2002
f 361 1076 2200
f 266 1124 1915
f 337 1022 2127
f 283 950 1965
f 290 1064 1987
f 368 1136 2221
f 392 1178 2294
f 349 1052 2164
f 344 1226 2149
f 296 1190 2005
f 362 1106 2203
f 265 932 1912
f 251 1321 1870
f 233 1273 1816
f 228 1261 1800
f 240 1297 1836
f 246 1315 1854
f 258 1339 1890
f 360 1562 2196
f 401 1460 2320
f 389 1586 2284
f 263 1345 1906
f 329 1519 2104
f 310 1418 2047
f 280 1393 1958
f 318 1495 2070
f 324 1513 2088
f 342 1555 2142
f 288 1423 1980
f 292 1429 1994
f 371 1568 2230
f 393 1370 2297
f 409 894 2329
f 405 887 2323
f 411 899 2326
f 414 905 2333
f 417 912 2336
f 431 941 2345
f 488 1050 2409
f 575 1224 2496
f 563 1200 2485
f 519 1115 2435
f 454 984 2374
f 450 977 2368
f 456 989 2371
f 459 995 2378
f 462 1002 2381
f 472 1019 2392
f 446 971 2360
f 506 1091 2416
f 535 1146 2456
f 541 1158 2460
f 570 1217 2488
f 480 1037 2398
f 421 918 2340
f 511 1098 2430
f 556 1188 2475
f 484 1044 2404
f 580 1236 2501
f 567 1212 2482
f 522 1122 2440
f 427 930 2347
f 544 1163 2464
f 468 1013 2384
f 436 948 2355
f 499 1074 2419
f 530 1134 2451
f 548 1170 2470
f 466 1008 2385
f 442 960 2362
f 505 1086 2423
f 536 1151 2446
f 491 1061 2401
f 423 923 2339
f 513 1103 2429
f 564 1205 2474
f 581 1241 2491
f 549 1175 2459
f 477 1032 2395
f 445 966 2365
f 503 1080 2424
f 525 1127 2443
f 474 1025 2390
f 438 953 2354
f 495 1067 2413
f 532 1139 2450
f 552 1182 2467
f 490 1056 2408
f 577 1229 2495
f 559 1193 2479
f 517 1109 2437
f 430 936 2350
f 590 1325 2511
f 584 1277 2505
f 585 1265 2507
f 592 1301 2513
f 595 1319 2516
f 598 1343 2519
f 636 1566 2556
f 621 1464 2540
f 642 1590 2561
f 601 1349 2521
f 623 1523 2544
f 611 1422 2529
f 609 1397 2530
f 625 1499 2546
f 628 1517 2549
f 632 1559 2553
f 613 1427 2534
f 616 1433 2536
f 638 1572 2557
f 606 1374 2525
f 407 892 1609
f 403 885 1605
f 404 897 1611
f 410 903 1614
f 413 910 1617
f 422 939 1631
f 486 1048 1688
f 573 1222 1775
f 561 1198 1763
f 512 1113 1719
f 452 982 1654
f 448 975 1650
f 449 987 1656
f 455 993 1659
f 458 1000 1662
f 470 1017 1672
f 437 969 1646
f 494 1089 1706
f 531 1144 1735
f 539 1156 1741
f 568 1215 1770
f 478 1035 1680
f 419 916 1621
f 509 1096 1711
f 554 1186 1756
f 482 1042 1684
f 576 1234 1780
f 558 1210 1767
f 516 1120 1722
f 425 928 1627
f 542 1161 1744
f 463 1011 1668
f 434 946 1636
f 497 1072 1699
f 528 1132 1730
f 546 1168 1748
f 464 1006 1666
f 440 958 1642
f 500 1084 1705
f 524 1149 1736
f 479 1059 1691
f 418 921 1623
f 508 1101 1713
f 553 1203 1764
f 569 1239 1781
f 538 1173 1749
f 471 1030 1677
f 443 964 1645
f 501 1078 1703
f 523 1125 1725
f 467 1023 1674
f 433 951 1638
f 493 1065 1695
f 527 1137 1732
f 543 1180 1752
f 485 1054 1690
f 572 1227 1777
f 557 1191 1759
f 515 1107 1717
f 428 934 1630
f 591 1326 2191
f 587 1278 1885
f 588 1266 1901
f 594 1302 2279
f 597 1320 2315
f 600 1344 2171
f 634 1565 2160
f 619 1463 2016
f 639 1589 2214
f 602 1350 1919
f 624 1524 2137
f 608 1421 1978
f 610 1398 1991
f 627 1500 2225
f 630 1518 2302
f 635 1560 2178
f 615 1428 2153
f 617 1434 2009
f 637 1571 2207
f 604 1373 1926
f 416 911 1857
f 408 893 1803
f 406 888 1786
f 412 900 1822
f 415 906 1840
f 424 924 1876
f 492 1062 2182
f 582 1242 2312
f 565 1206 2276
f 514 1104 1898
f 461 1001 2091
f 453 983 2037
f 451 978 1952
f 457 990 2056
f 460 996 2074
f 475 1026 2128
f 439 954 1966
f 496 1068 1988
f 533 1140 2222
f 551 1181 2293
f 579 1235 2185
f 483 1043 1879
f 426 929 1893
f 521 1121 2271
f 566 1211 2307
f 489 1055 2163
f 578 1230 2150
f 560 1194 2006
f 518 1110 2204
f 429 935 1911
f 547 1169 2131
f 465 1007 1969
f 441 959 1983
f 504 1085 2217
f 537 1152 2290
f 550 1176 2168
f 476 1031 2145
f 444 965 2001
f 502 1079 2199
f 526 1128 1916
f 481 1038 1808
f 420 917 1789
f 510 1097 1825
f 555 1187 1843
f 571 1218 1862
f 540 1157 1933
f 473 1020 2110
f 447 972 2020
f 507 1092 2236
f 534 1145 2257
f 469 1014 2042
f 435 947 1947
f 498 1073 2059
f 529 1133 2077
f 545 1164 2096
f 487 1049 2113
f 574 1223 2023
f 562 1199 2239
f 520 1116 2254
f 432 942 1930
f 589 1283 1818
f 583 1259 1798
f 586 1295 1834
f 593 1313 1852
f 596 1331 1872
f 599 1379 1942
f 633 1541 2120
f 620 1452 2030
f 640 1578 2248
f 603 1368 2263
f 622 1487 2052
f 607 1391 1955
f 612 1440 2065
f 626 1511 2086
f 629 1529 2106
f 631 1547 2122
f 614 1469 2032
f 618 1458 2245
f 641 1584 2266
f 605 1362 1940
f 409 1269 1813
f 405 1245 1792
f 411 1252 1828
f 414 1288 1846
f 417 1306 1867
f 431 1336 1936
f 488 1551 2123
f 575 1473 2033
f 563 1599 2249
f 519 1354 2260
f 454 1479 2049
f 450 1401 1959
f 456 1408 2062
f 459 1492 2080
f 462 1504 2101
f 472 1533 2116
f 446 1414 2026
f 506 1444 2242
f 535 1594 2267
f 541 1383 1943
f 570 1323 1869
f 480 1275 1815
f 421 1263 1799
f 511 1299 1835
f 556 1317 1853
f 484 1341 1889
f 580 1564 2195
f 567 1462 2319
f 522 1588 2283
f 427 1347 1905
f 544 1521 2103
f 468 1420 2046
f 436 1395 1957
f 499 1497 2069
f 530 1515 2087
f 548 1557 2141
f 466 1425 1979
f 442 1431 1993
f 505 1570 2229
f 536 1372 2296
f 491 1282 2188
f 423 1258 1882
f 513 1294 1902
f 564 1312 2280
f 581 1330 2316
f 549 1378 2172
f 477 1540 2157
f 445 1449 2011
f 503 1575 2209
f 525 1365 1923
f 474 1486 2134
f 438 1390 1972
f 495 1437 1995
f 532 1510 2226
f 552 1528 2303
f 490 1546 2175
f 577 1468 2154
f 559 1455 2013
f 517 1581 2211
f 430 1359 1921
f 590 1272 1865
f 584 1248 1811
f 585 1253 1796
f 592 1289 1832
f 595 1307 1850
f 598 1337 1888
f 636 1554 2194
f 621 1476 2322
f 642 1602 2286
f 601 1355 1908
f 623 1482 2099
f 611 1404 2045
f 609 1409 1962
f 625 1493 2068
f 628 1505 2084
f 632 1536 2140
f 613 1415 1976
f 616 1445 1998
f 638 1595 2232
f 606 1386 2299
f 407 909 2330
f 403 891 2324
f 404 886 2325
f 410 898 2332
f 413 904 2335
f 422 922 2344
f 486 1060 2410
f 573 1240 2497
f 561 1204 2486
f 512 1102 2434
f 452 999 2375
f 448 981 2369
f 449 976 2370
f 455 988 2377
f 458 994 2380
f 470 1024 2393
f 437 952 2359
f 494 1066 2415
f 531 1138 2455
f 539 1179 2461
f 568 1233 2489
f 478 1041 2399
f 419 927 2341
f 509 1119 2431
f 554 1209 2476
f 482 1053 2405
f 576 1228 2500
f 558 1192 2481
f 516 1108 2439
f 425 933 2348
f 542 1167 2465
f 463 1005 2383
f 434 957 2356
f 497 1083 2420
f 528 1150 2452
f 546 1174 2471
f 464 1029 2386
f 440 963 2363
f 500 1077 2422
f 524 1126 2445
f 479 1036 2400
f 418 915 2338
f 508 1095 2428
f 553 1185 2473
f 569 1216 2490
f 538 1155 2458
f 471 1018 2394
f 443 970 2366
f 501 1090 2425
f 523 1143 2444
f 467 1012 2389
f 433 945 2353
f 493 1071 2414
f 527 1131 2449
f 543 1162 2466
f 485 1047 2407
f 572 1221 2494
f 557 1197 2480
f 515 1114 2438
f 428 940 2351
f 591 1284 2510
f 587 1260 2504
f 588 1296 2508
f 594 1314 2514
f 597 1332 2517
f 600 1380 2520
f 634 1542 2554
f 619 1451 2539
f 639 1577 2560
f 602 1367 2523
f 624 1488 2543
f 608 1392 2527
f 610 1439 2532
f 627 1512 2547
f 630 1530 2550
f 635 1548 2552
f 615 1470 2535
f 617 1457 2538
f 637 1583 2558
f 604 1361 2524
f 167 1616 1607
f 164 1608 1603
f 163 1606 1604
f 165 1612 1610
f 166 1615 1613
f 169 1624 1622
f 192 1692 1686
f 222 1782 1773
f 216 1765 1761
f 199 1714 1712
f 182 1661 1652
f 179 1653 1648
f 178 1651 1649
f 180 1657 1655
f 181 1660 1658
f 186 1675 1670
f 174 1639 1637
f 193 1696 1694
f 205 1733 1731
f 212 1751 1739
f 221 1779 1768
f 189 1683 1678
f 170 1626 1619
f 202 1721 1709
f 217 1766 1754
f 191 1689 1682
f 220 1778 1776
f 214 1760 1758
f 200 1718 1716
f 171 1629 1625
f 210 1747 1742
f 183 1665 1663
f 175 1641 1634
f 196 1704 1697
f 207 1737 1728
f 211 1750 1746
f 187 1676 1664
f 176 1644 1640
f 195 1702 1700
f 203 1726 1724
f 188 1681 1679
f 168 1620 1618
f 198 1710 1708
f 213 1755 1753
f 218 1771 1769
f 208 1740 1738
f 185 1673 1671
f 177 1647 1643
f 197 1707 1701
f 206 1734 1723
f 184 1669 1667
f 173 1635 1633
f 194 1698 1693
f 204 1729 1727
f 209 1745 1743
f 190 1687 1685
f 219 1774 1772
f 215 1762 1757
f 201 1720 1715
f 172 1632 1628
f 357 2189 2187
f 255 1883 1881
f 262 1903 1899
f 388 2281 2277
f 400 2317 2313
f 352 2173 2169
f 347 2158 2156
f 298 2012 2010
f 364 2210 2208
f 269 1924 1917
f 339 2135 2133
f 285 1973 1971
f 293 1996 1989
f 370 2227 2223
f 396 2304 2300
f 353 2176 2174
f 346 2155 2151
f 299 2014 2007
f 365 2212 2205
f 268 1922 1920
f 249 1864 1855
f 231 1810 1801
f 226 1795 1784
f 238 1831 1820
f 244 1849 1838
f 257 1887 1874
f 359 2193 2180
f 402 2321 2310
f 390 2285 2274
f 264 1907 1896
f 327 2098 2089
f 309 2044 2035
f 282 1961 1950
f 317 2067 2054
f 322 2083 2072
f 341 2139 2126
f 286 1975 1964
f 294 1997 1986
f 372 2231 2220
f 394 2298 2291
f 358 2190 2183
f 256 1884 1877
f 261 1900 1891
f 387 2278 2269
f 399 2314 2305
f 351 2170 2161
f 348 2159 2148
f 300 2015 2004
f 366 2213 2202
f 267 1918 1909
f 340 2136 2129
f 287 1977 1967
f 291 1990 1981
f 369 2224 2215
f 395 2301 2288
f 354 2177 2166
f 345 2152 2143
f 297 2008 1999
f 363 2206 2197
f 270 1925 1914
f 234 1817 1806
f 227 1797 1787
f 239 1833 1823
f 245 1851 1841
f 252 1871 1860
f 275 1941 1931
f 334 2119 2108
f 304 2029 2018
f 377 2247 2234
f 382 2262 2255
f 312 2051 2040
f 279 1954 1945
f 316 2064 2057
f 323 2085 2075
f 330 2105 2094
f 335 2121 2111
f 305 2031 2021
f 376 2244 2237
f 383 2265 2252
f 274 1939 1928
f 232 1814 1812
f 225 1793 1791
f 237 1829 1827
f 243 1847 1845
f 250 1868 1866
f 273 1937 1935
f 336 2124 2118
f 306 2034 2028
f 378 2250 2246
f 381 2261 2259
f 311 2050 2048
f 281 1960 1953
f 315 2063 2061
f 321 2081 2079
f 328 2102 2100
f 333 2117 2115
f 303 2027 2025
f 375 2243 2241
f 384 2268 2264
f 276 1944 1938
f 229 1804 1802
f 223 1785 1783
f 235 1821 1819
f 241 1839 1837
f 247 1858 1856
f 271 1929 1927
f 332 2114 2112
f 302 2024 2022
f 374 2240 2238
f 379 2253 2251
f 307 2038 2036
f 278 1951 1949
f 313 2055 2053
f 319 2073 2071
f 325 2092 2090
f 331 2109 2107
f 301 2019 2017
f 373 2235 2233
f 380 2258 2256
f 272 1934 1932
f 248 1861 1859
f 230 1807 1805
f 224 1790 1788
f 236 1826 1824
f 242 1844 1842
f 254 1880 1878
f 356 2186 2184
f 397 2308 2306
f 385 2272 2270
f 259 1894 1892
f 326 2095 2093
f 308 2041 2039
f 277 1948 1946
f 314 2060 2058
f 320 2078 2076
f 338 2132 2130
f 284 1970 1968
f 289 1984 1982
f 367 2218 2216
f 391 2289 2287
f 355 2181 2179
f 253 1875 1873
f 260 1897 1895
f 386 2275 2273
f 398 2311 2309
f 350 2167 2165
f 343 2146 2144
f 295 2002 2000
f 361 2200 2198
f 266 1915 1913
f 337 2127 2125
f 283 1965 1963
f 290 1987 1985
f 368 2221 2219
f 392 2294 2292
f 349 2164 2162
f 344 2149 2147
f 296 2005 2003
f 362 2203 2201
f 265 1912 1910
f 251 1870 1863
f 233 1816 1809
f 228 1800 1794
f 240 1836 1830
f 246 1854 1848
f 258 1890 1886
f 360 2196 2192
f 401 2320 2318
f 389 2284 2282
f 263 1906 1904
f 329 2104 2097
f 310 2047 2043
f 280 1958 1956
f 318 2070 2066
f 324 2088 2082
f 342 2142 2138
f 288 1980 1974
f 292 1994 1992
f 371 2230 2228
f 393 2297 2295
f 409 2329 2331
f 405 2323 2327
f 411 2326 2328
f 414 2333 2334
f 417 2336 2337
f 431 2345 2346
f 488 2409 2412
f 575 2496 2499
f 563 2485 2487
f 519 2435 2436
f 454 2374 2376
f 450 2368 2372
f 456 2371 2373
f 459 2378 2379
f 462 2381 2382
f 472 2392 2396
f 446 2360 2361
f 506 2416 2418
f 535 2456 2457
f 541 2460 2463
f 570 2488 2492
f 480 2398 2402
f 421 2340 2343
f 511 2430 2433
f 556 2475 2478
f 484 2404 2406
f 580 2501 2502
f 567 2482 2484
f 522 2440 2442
f 427 2347 2349
f 544 2464 2468
f 468 2384 2387
f 436 2355 2358
f 499 2419 2421
f 530 2451 2454
f 548 2470 2472
f 466 2385 2388
f 442 2362 2364
f 505 2423 2426
f 536 2446 2448
f 491 2401 2403
f 423 2339 2342
f 513 2429 2432
f 564 2474 2477
f 581 2491 2493
f 549 2459 2462
f 477 2395 2397
f 445 2365 2367
f 503 2424 2427
f 525 2443 2447
f 474 2390 2391
f 438 2354 2357
f 495 2413 2417
f 532 2450 2453
f 552 2467 2469
f 490 2408 2411
f 577 2495 2498
f 559 2479 2483
f 517 2437 2441
f 430 2350 2352
f 590 2511 2509
f 584 2505 2503
f 585 2507 2506
f 592 2513 2512
f 595 2516 2515
f 598 2519 2518
f 636 2556 2555
f 621 2540 2541
f 642 2561 2562
f 601 2521 2522
f 623 2544 2542
f 611 2529 2528
f 609 2530 2531
f 625 2546 2545
f 628 2549 2548
f 632 2553 2551
f 613 2534 2533
f 616 2536 2537
f 638 2557 2559
f 606 2525 2526
f 1607 644 647
f 1603 643 644
f 1604 645 643
f 1610 646 645
f 1613 647 646
f 1622 652 649
f 1686 670 672
f 1773 699 702
f 1761 695 696
f 1712 681 679
f 1652 659 662
f 1648 658 659
f 1649 660 658
f 1655 661 660
f 1658 662 661
f 1670 665 666
f 1637 657 654
f 1694 677 673
f 1731 686 685
f 1739 688 692
f 1768 698 701
f 1678 668 669
f 1619 648 650
f 1709 678 682
f 1754 693 697
f 1682 669 671
f 1776 701 700
f 1758 697 694
f 1716 682 680
f 1625 650 651
f 1742 689 690
f 1663 664 663
f 1634 653 655
f 1697 674 676
f 1728 684 687
f 1746 690 691
f 1664 663 667
f 1640 655 656
f 1700 676 675
f 1724 687 683
f 1679 672 668
f 1618 649 648
f 1708 679 678
f 1753 696 693
f 1769 702 698
f 1738 691 688
f 1671 667 665
f 1643 656 657
f 1701 675 677
f 1723 683 686
f 1667 666 664
f 1633 654 653
f 1693 673 674
f 1727 685 684
f 1743 692 689
f 1685 671 670
f 1772 700 699
f 1757 694 695
f 1715 680 681
f 1628 651 652
f 2187 838 837
f 1881 736 735
f 1899 741 742
f 2277 867 868
f 2313 879 880
f 2169 831 832
f 2156 828 827
f 2010 780 778
f 2208 846 844
f 1917 747 749
f 2133 820 819
f 1971 767 765
f 1989 771 773
f 2223 849 850
f 2300 875 876
f 2174 834 833
f 2151 825 826
f 2007 777 779
f 2205 843 845
f 1920 750 748
f 1855 727 729
f 1801 709 711
f 1784 703 706
f 1820 715 718
f 1838 721 724
f 1874 733 737
f 2180 835 839
f 2310 878 882
f 2274 866 870
f 1896 740 744
f 2089 805 807
f 2035 787 789
f 1950 758 762
f 2054 793 797
f 2072 799 802
f 2126 817 821
f 1964 763 766
f 1986 770 774
f 2220 848 852
f 2291 872 874
f 2183 836 838
f 1877 734 736
f 1891 739 741
f 2269 865 867
f 2305 877 879
f 2161 829 831
f 2148 824 828
f 2004 776 780
f 2202 842 846
f 1909 745 747
f 2129 818 820
f 1967 764 767
f 1981 769 771
f 2215 847 849
f 2288 871 875
f 2166 830 834
f 2143 823 825
f 1999 775 777
f 2197 841 843
f 1914 746 750
f 1806 710 714
f 1787 704 707
f 1823 716 719
f 1841 722 725
f 1860 728 732
f 1931 752 755
f 2108 811 814
f 2018 781 784
f 2234 853 857
f 2255 860 862
f 2040 788 792
f 1945 757 759
f 2057 794 796
f 2075 800 803
f 2094 806 810
f 2111 812 815
f 2021 782 785
f 2237 854 856
f 2252 859 863
f 1928 751 754
f 1812 714 712
f 1791 707 705
f 1827 719 717
f 1845 725 723
f 1866 732 730
f 1935 755 753
f 2118 814 816
f 2028 784 786
f 2246 857 858
f 2259 862 861
f 2048 792 791
f 1953 759 761
f 2061 796 795
f 2079 803 801
f 2100 810 808
f 2115 815 813
f 2025 785 783
f 2241 856 855
f 2264 863 864
f 1938 754 756
f 1802 712 709
f 1783 705 703
f 1819 717 715
f 1837 723 721
f 1856 730 727
f 1927 753 751
f 2112 816 812
f 2022 786 782
f 2238 858 854
f 2251 861 859
f 2036 791 787
f 1949 761 758
f 2053 795 793
f 2071 801 799
f 2090 808 805
f 2107 813 811
f 2017 783 781
f 2233 855 853
f 2256 864 860
f 1932 756 752
f 1859 731 728
f 1805 713 710
f 1788 708 704
f 1824 720 716
f 1842 726 722
f 1878 738 734
f 2184 840 836
f 2306 881 877
f 2270 869 865
f 1892 743 739
f 2093 809 806
f 2039 790 788
f 1946 760 757
f 2058 798 794
f 2076 804 800
f 2130 822 818
f 1968 768 764
f 1982 772 769
f 2216 851 847
f 2287 873 871
f 2179 837 835
f 1873 735 733
f 1895 742 740
f 2273 868 866
f 2309 880 878
f 2165 832 830
f 2144 827 823
f 2000 778 775
f 2198 844 841
f 1913 749 746
f 2125 819 817
f 1963 765 763
f 1985 773 770
f 2219 850 848
f 2292 876 872
f 2162 833 829
f 2147 826 824
f 2003 779 776
f 2201 845 842
f 1910 748 745
f 1863 729 731
f 1809 711 713
f 1794 706 708
f 1830 718 720
f 1848 724 726
f 1886 737 738
f 2192 839 840
f 2318 882 881
f 2282 870 869
f 1904 744 743
f 2097 807 809
f 2043 789 790
f 1956 762 760
f 2066 797 798
f 2082 802 804
f 2138 821 822
f 1974 766 768
f 1992 774 772
f 2228 852 851
f 2295 874 873
f 2331 1270 1269
f 2327 1246 1245
f 2328 1251 1252
f 2334 1287 1288
f 2337 1305 1306
f 2346 1335 1336
f 2412 1552 1551
f 2499 1474 1473
f 2487 1600 1599
f 2436 1353 1354
f 2376 1480 1479
f 2372 1402 1401
f 2373 1407 1408
f 2379 1491 1492
f 2382 1503 1504
f 2396 1534 1533
f 2361 1413 1414
f 2418 1443 1444
f 2457 1593 1594
f 2463 1384 1383
f 2492 1324 1323
f 2402 1276 1275
f 2343 1264 1263
f 2433 1300 1299
f 2478 1318 1317
f 2406 1342 1341
f 2502 1563 1564
f 2484 1461 1462
f 2442 1587 1588
f 2349 1348 1347
f 2468 1522 1521
f 2387 1419 1420
f 2358 1396 1395
f 2421 1498 1497
f 2454 1516 1515
f 2472 1558 1557
f 2388 1426 1425
f 2364 1432 1431
f 2426 1569 1570
f 2448 1371 1372
f 2403 1281 1282
f 2342 1257 1258
f 2432 1293 1294
f 2477 1311 1312
f 2493 1329 1330
f 2462 1377 1378
f 2397 1539 1540
f 2367 1450 1449
f 2427 1576 1575
f 2447 1366 1365
f 2391 1485 1486
f 2357 1389 1390
f 2417 1438 1437
f 2453 1509 1510
f 2469 1527 1528
f 2411 1545 1546
f 2498 1467 1468
f 2483 1456 1455
f 2441 1582 1581
f 2352 1360 1359
f 2509 1271 1272
f 2503 1247 1248
f 2506 1254 1253
f 2512 1290 1289
f 2515 1308 1307
f 2518 1338 1337
f 2555 1553 1554
f 2541 1475 1476
f 2562 1601 1602
f 2522 1356 1355
f 2542 1481 1482
f 2528 1403 1404
f 2531 1410 1409
f 2545 1494 1493
f 2548 1506 1505
f 2551 1535 1536
f 2533 1416 1415
f 2537 1446 1445
f 2559 1596 1595
f 2526 1385 1386
f 1616 907 909
f 1608 889 891
f 1606 883 886
f 1612 895 898
f 1615 901 904
f 1624 919 922
f 1692 1057 1060
f 1782 1237 1240
f 1765 1201 1204
f 1714 1099 1102
f 1661 997 999
f 1653 979 981
f 1651 973 976
f 1657 985 988
f 1660 991 994
f 1675 1021 1024
f 1639 949 952
f 1696 1063 1066
f 1733 1135 1138
f 1751 1177 1179
f 1779 1231 1233
f 1683 1039 1041
f 1626 925 927
f 1721 1117 1119
f 1766 1207 1209
f 1689 1051 1053
f 1778 1225 1228
f 1760 1189 1192
f 1718 1105 1108
f 1629 931 933
f 1747 1165 1167
f 1665 1003 1005
f 1641 955 957
f 1704 1081 1083
f 1737 1147 1150
f 1750 1171 1174
f 1676 1027 1029
f 1644 961 963
f 1702 1075 1077
f 1726 1123 1126
f 1681 1033 1036
f 1620 913 915
f 1710 1093 1095
f 1755 1183 1185
f 1771 1213 1216
f 1740 1153 1155
f 1673 1015 1018
f 1647 967 970
f 1707 1087 1090
f 1734 1141 1143
f 1669 1009 1012
f 1635 943 945
f 1698 1069 1071
f 1729 1129 1131
f 1745 1159 1162
f 1687 1045 1047
f 1774 1219 1221
f 1762 1195 1197
f 1720 1111 1114
f 1632 937 940
f 2189 1280 1284
f 1883 1256 1260
f 1903 1292 1296
f 2281 1310 1314
f 2317 1328 1332
f 2173 1376 1380
f 2158 1538 1542
f 2012 1447 1451
f 2210 1573 1577
f 1924 1363 1367
f 2135 1484 1488
f 1973 1388 1392
f 1996 1435 1439
f 2227 1508 1512
f 2304 1526 1530
f 2176 1544 1548
f 2155 1466 1470
f 2014 1453 1457
f 2212 1579 1583
f 1922 1357 1361
f 1864 1268 1270
f 1810 1244 1246
f 1795 1249 1251
f 1831 1285 1287
f 1849 1303 1305
f 1887 1333 1335
f 2193 1550 1552
f 2321 1472 1474
f 2285 1598 1600
f 1907 1351 1353
f 2098 1478 1480
f 2044 1400 1402
f 1961 1405 1407
f 2067 1489 1491
f 2083 1501 1503
f 2139 1532 1534
f 1975 1411 1413
f 1997 1441 1443
f 2231 1591 1593
f 2298 1382 1384
f 2190 1322 1324
f 1884 1274 1276
f 1900 1262 1264
f 2278 1298 1300
f 2314 1316 1318
f 2170 1340 1342
f 2159 1561 1563
f 2015 1459 1461
f 2213 1585 1587
f 1918 1346 1348
f 2136 1520 1522
f 1977 1417 1419
f 1990 1394 1396
f 2224 1496 1498
f 2301 1514 1516
f 2177 1556 1558
f 2152 1424 1426
f 2008 1430 1432
f 2206 1567 1569
f 1925 1369 1371
f 1817 1279 1281
f 1797 1255 1257
f 1833 1291 1293
f 1851 1309 1311
f 1871 1327 1329
f 1941 1375 1377
f 2119 1537 1539
f 2029 1448 1450
f 2247 1574 1576
f 2262 1364 1366
f 2051 1483 1485
f 1954 1387 1389
f 2064 1436 1438
f 2085 1507 1509
f 2105 1525 1527
f 2121 1543 1545
f 2031 1465 1467
f 2244 1454 1456
f 2265 1580 1582
f 1939 1358 1360
f 1814 1267 1271
f 1793 1243 1247
f 1829 1250 1254
f 1847 1286 1290
f 1868 1304 1308
f 1937 1334 1338
f 2124 1549 1553
f 2034 1471 1475
f 2250 1597 1601
f 2261 1352 1356
f 2050 1477 1481
f 1960 1399 1403
f 2063 1406 1410
f 2081 1490 1494
f 2102 1502 1506
f 2117 1531 1535
f 2027 1412 1416
f 2243 1442 1446
f 2268 1592 1596
f 1944 1381 1385
f 1804 890 894
f 1785 884 887
f 1821 896 899
f 1839 902 905
f 1858 908 912
f 1929 938 941
f 2114 1046 1050
f 2024 1220 1224
f 2240 1196 1200
f 2253 1112 1115
f 2038 980 984
f 1951 974 977
f 2055 986 989
f 2073 992 995
f 2092 998 1002
f 2109 1016 1019
f 2019 968 971
f 2235 1088 1091
f 2258 1142 1146
f 1934 1154 1158
f 1861 1214 1217
f 1807 1034 1037
f 1790 914 918
f 1826 1094 1098
f 1844 1184 1188
f 1880 1040 1044
f 2186 1232 1236
f 2308 1208 1212
f 2272 1118 1122
f 1894 926 930
f 2095 1160 1163
f 2041 1010 1013
f 1948 944 948
f 2060 1070 1074
f 2078 1130 1134
f 2132 1166 1170
f 1970 1004 1008
f 1984 956 960
f 2218 1082 1086
f 2289 1148 1151
f 2181 1058 1061
f 1875 920 923
f 1897 1100 1103
f 2275 1202 1205
f 2311 1238 1241
f 2167 1172 1175
f 2146 1028 1032
f 2002 962 966
f 2200 1076 1080
f 1915 1124 1127
f 2127 1022 1025
f 1965 950 953
f 1987 1064 1067
f 2221 1136 1139
f 2294 1178 1182
f 2164 1052 1056
f 2149 1226 1229
f 2005 1190 1193
f 2203 1106 1109
f 1912 932 936
f 1870 1321 1325
f 1816 1273 1277
f 1800 1261 1265
f 1836 1297 1301
f 1854 1315 1319
f 1890 1339 1343
f 2196 1562 1566
f 2320 1460 1464
f 2284 1586 1590
f 1906 1345 1349
f 2104 1519 1523
f 2047 1418 1422
f 1958 1393 1397
f 2070 1495 1499
f 2088 1513 1517
f 2142 1555 1559
f 1980 1423 1427
f 1994 1429 1433
f 2230 1568 1572
f 2297 1370 1374
f 2329 894 892
f 2323 887 885
f 2326 899 897
f 2333 905 903
f 2336 912 910
f 2345 941 939
f 2409 1050 1048
f 2496 1224 1222
f 2485 1200 1198
f 2435 1115 1113
f 2374 984 982
f 2368 977 975
f 2371 989 987
f 2378 995 993
f 2381 1002 1000
f 2392 1019 1017
f 2360 971 969
f 2416 1091 1089
f 2456 1146 1144
f 2460 1158 1156
f 2488 1217 1215
f 2398 1037 1035
f 2340 918 916
f 2430 1098 1096
f 2475 1188 1186
f 2404 1044 1042
f 2501 1236 1234
f 2482 1212 1210
f 2440 1122 1120
f 2347 930 928
f 2464 1163 1161
f 2384 1013 1011
f 2355 948 946
f 2419 1074 1072
f 2451 1134 1132
f 2470 1170 1168
f 2385 1008 1006
f 2362 960 958
f 2423 1086 1084
f 2446 1151 1149
f 2401 1061 1059
f 2339 923 921
f 2429 1103 1101
f 2474 1205 1203
f 2491 1241 1239
f 2459 1175 1173
f 2395 1032 1030
f 2365 966 964
f 2424 1080 1078
f 2443 1127 1125
f 2390 1025 1023
f 2354 953 951
f 2413 1067 1065
f 2450 1139 1137
f 2467 1182 1180
f 2408 1056 1054
f 2495 1229 1227
f 2479 1193 1191
f 2437 1109 1107
f 2350 936 934
f 2511 1325 1326
f 2505 1277 1278
f 2507 1265 1266
f 2513 1301 1302
f 2516 1319 1320
f 2519 1343 1344
f 2556 1566 1565
f 2540 1464 1463
f 2561 1590 1589
f 2521 1349 1350
f 2544 1523 1524
f 2529 1422 1421
f 2530 1397 1398
f 2546 1499 1500
f 2549 1517 1518
f 2553 1559 1560
f 2534 1427 1428
f 2536 1433 1434
f 2557 1572 1571
f 2525 1374 1373
f 1609 892 889
f 1605 885 883
f 1611 897 895
f 1614 903 901
f 1617 910 907
f 1631 939 937
f 1688 1048 1045
f 1775 1222 1219
f 1763 1198 1195
f 1719 1113 1111
f 1654 982 979
f 1650 975 973
f 1656 987 985
f 1659 993 991
f 1662 1000 997
f 1672 1017 1015
f 1646 969 967
f 1706 1089 1087
f 1735 1144 1141
f 1741 1156 1153
f 1770 1215 1213
f 1680 1035 1033
f 1621 916 913
f 1711 1096 1093
f 1756 1186 1183
f 1684 1042 1039
f 1780 1234 1231
f 1767 1210 1207
f 1722 1120 1117
f 1627 928 925
f 1744 1161 1159
f 1668 1011 1009
f 1636 946 943
f 1699 1072 1069
f 1730 1132 1129
f 1748 1168 1165
f 1666 1006 1003
f 1642 958 955
f 1705 1084 1081
f 1736 1149 1147
f 1691 1059 1057
f 1623 921 919
f 1713 1101 1099
f 1764 1203 1201
f 1781 1239 1237
f 1749 1173 1171
f 1677 1030 1027
f 1645 964 961
f 1703 1078 1075
f 1725 1125 1123
f 1674 1023 1021
f 1638 951 949
f 1695 1065 1063
f 1732 1137 1135
f 1752 1180 1177
f 1690 1054 1051
f 1777 1227 1225
f 1759 1191 1189
f 1717 1107 1105
f 1630 934 931
f 2191 1326 1322
f 1885 1278 1274
f 1901 1266 1262
f 2279 1302 1298
f 2315 1320 1316
f 2171 1344 1340
f 2160 1565 1561
f 2016 1463 1459
f 2214 1589 1585
f 1919 1350 1346
f 2137 1524 1520
f 1978 1421 1417
f 1991 1398 1394
f 2225 1500 1496
f 2302 1518 1514
f 2178 1560 1556
f 2153 1428 1424
f 2009 1434 1430
f 2207 1571 1567
f 1926 1373 1369
f 1857 911 908
f 1803 893 890
f 1786 888 884
f 1822 900 896
f 1840 906 902
f 1876 924 920
f 2182 1062 1058
f 2312 1242 1238
f 2276 1206 1202
f 1898 1104 1100
f 2091 1001 998
f 2037 983 980
f 1952 978 974
f 2056 990 986
f 2074 996 992
f 2128 1026 1022
f 1966 954 950
f 1988 1068 1064
f 2222 1140 1136
f 2293 1181 1178
f 2185 1235 1232
f 1879 1043 1040
f 1893 929 926
f 2271 1121 1118
f 2307 1211 1208
f 2163 1055 1052
f 2150 1230 1226
f 2006 1194 1190
f 2204 1110 1106
f 1911 935 932
f 2131 1169 1166
f 1969 1007 1004
f 1983 959 956
f 2217 1085 1082
f 2290 1152 1148
f 2168 1176 1172
f 2145 1031 1028
f 2001 965 962
f 2199 1079 1076
f 1916 1128 1124
f 1808 1038 1034
f 1789 917 914
f 1825 1097 1094
f 1843 1187 1184
f 1862 1218 1214
f 1933 1157 1154
f 2110 1020 1016
f 2020 972 968
f 2236 1092 1088
f 2257 1145 1142
f 2042 1014 1010
f 1947 947 944
f 2059 1073 1070
f 2077 1133 1130
f 2096 1164 1160
f 2113 1049 1046
f 2023 1223 1220
f 2239 1199 1196
f 2254 1116 1112
f 1930 942 938
f 1818 1283 1279
f 1798 1259 1255
f 1834 1295 1291
f 1852 1313 1309
f 1872 1331 1327
f 1942 1379 1375
f 2120 1541 1537
f 2030 1452 1448
f 2248 1578 1574
f 2263 1368 1364
f 2052 1487 1483
f 1955 1391 1387
f 2065 1440 1436
f 2086 1511 1507
f 2106 1529 1525
f 2122 1547 1543
f 2032 1469 1465
f 2245 1458 1454
f 2266 1584 1580
f 1940 1362 1358
f 1813 1269 1267
f 1792 1245 1243
f 1828 1252 1250
f 1846 1288 1286
f 1867 1306 1304
f 1936 1336 1334
f 2123 1551 1549
f 2033 1473 1471
f 2249 1599 1597
f 2260 1354 1352
f 2049 1479 1477
f 1959 1401 1399
f 2062 1408 1406
f 2080 1492 1490
f 2101 1504 1502
f 2116 1533 1531
f 2026 1414 1412
f 2242 1444 1442
f 2267 1594 1592
f 1943 1383 1381
f 1869 1323 1321
f 1815 1275 1273
f 1799 1263 1261
f 1835 1299 1297
f 1853 1317 1315
f 1889 1341 1339
f 2195 1564 1562
f 2319 1462 1460
f 2283 1588 1586
f 1905 1347 1345
f 2103 1521 1519
f 2046 1420 1418
f 1957 1395 1393
f 2069 1497 1495
f 2087 1515 1513
f 2141 1557 1555
f 1979 1425 1423
f 1993 1431 1429
f 2229 1570 1568
f 2296 1372 1370
f 2188 1282 1280
f 1882 1258 1256
f 1902 1294 1292
f 2280 1312 1310
f 2316 1330 1328
f 2172 1378 1376
f 2157 1540 1538
f 2011 1449 1447
f 2209 1575 1573
f 1923 1365 1363
f 2134 1486 1484
f 1972 1390 1388
f 1995 1437 1435
f 2226 1510 1508
f 2303 1528 1526
f 2175 1546 1544
f 2154 1468 1466
f 2013 1455 1453
f 2211 1581 1579
f 1921 1359 1357
f 1865 1272 1268
f 1811 1248 1244
f 1796 1253 1249
f 1832 1289 1285
f 1850 1307 1303
f 1888 1337 1333
f 2194 1554 1550
f 2322 1476 1472
f 2286 1602 1598
f 1908 1355 1351
f 2099 1482 1478
f 2045 1404 1400
f 1962 1409 1405
f 2068 1493 1489
f 2084 1505 1501
f 2140 1536 1532
f 1976 1415 1411
f 1998 1445 1441
f 2232 1595 1591
f 2299 1386 1382
f 2330 909 911
f 2324 891 893
f 2325 886 888
f 2332 898 900
f 2335 904 906
f 2344 922 924
f 2410 1060 1062
f 2497 1240 1242
f 2486 1204 1206
f 2434 1102 1104
f 2375 999 1001
f 2369 981 983
f 2370 976 978
f 2377 988 990
f 2380 994 996
f 2393 1024 1026
f 2359 952 954
f 2415 1066 1068
f 2455 1138 1140
f 2461 1179 1181
f 2489 1233 1235
f 2399 1041 1043
f 2341 927 929
f 2431 1119 1121
f 2476 1209 1211
f 2405 1053 1055
f 2500 1228 1230
f 2481 1192 1194
f 2439 1108 1110
f 2348 933 935
f 2465 1167 1169
f 2383 1005 1007
f 2356 957 959
f 2420 1083 1085
f 2452 1150 1152
f 2471 1174 1176
f 2386 1029 1031
f 2363 963 965
f 2422 1077 1079
f 2445 1126 1128
f 2400 1036 1038
f 2338 915 917
f 2428 1095 1097
f 2473 1185 1187
f 2490 1216 1218
f 2458 1155 1157
f 2394 1018 1020
f 2366 970 972
f 2425 1090 1092
f 2444 1143 1145
f 2389 1012 1014
f 2353 945 947
f 2414 1071 1073
f 2449 1131 1133
f 2466 1162 1164
f 2407 1047 1049
f 2494 1221 1223
f 2480 1197 1199
f 2438 1114 1116
f 2351 940 942
f 2510 1284 1283
f 2504 1260 1259
f 2508 1296 1295
f 2514 1314 1313
f 2517 1332 1331
f 2520 1380 1379
f 2554 1542 1541
f 2539 1451 1452
f 2560 1577 1578
f 2523 1367 1368
f 2543 1488 1487
f 2527 1392 1391
f 2532 1439 1440
f 2547 1512 1511
f 2550 1530 1529
f 2552 1548 1547
f 2535 1470 1469
f 2538 1457 1458
f 2558 1583 1584
f 2524 1361 1362
f 1607 1616 1609
f 1603 1608 1605
f 1604 1606 1611
f 1610 1612 1614
f 1613 1615 1617
f 1622 1624 1631
f 1686 1692 1688
f 1773 1782 1775
f 1761 1765 1763
f 1712 1714 1719
f 1652 1661 1654
f 1648 1653 1650
f 1649 1651 1656
f 1655 1657 1659
f 1658 1660 1662
f 1670 1675 1672
f 1637 1639 1646
f 1694 1696 1706
f 1731 1733 1735
f 1739 1751 1741
f 1768 1779 1770
f 1678 1683 1680
f 1619 1626 1621
f 1709 1721 1711
f 1754 1766 1756
f 1682 1689 1684
f 1776 1778 1780
f 1758 1760 1767
f 1716 1718 1722
f 1625 1629 1627
f 1742 1747 1744
f 1663 1665 1668
f 1634 1641 1636
f 1697 1704 1699
f 1728 1737 1730
f 1746 1750 1748
f 1664 1676 1666
f 1640 1644 1642
f 1700 1702 1705
f 1724 1726 1736
f 1679 1681 1691
f 1618 1620 1623
f 1708 1710 1713
f 1753 1755 1764
f 1769 1771 1781
f 1738 1740 1749
f 1671 1673 1677
f 1643 1647 1645
f 1701 1707 1703
f 1723 1734 1725
f 1667 1669 1674
f 1633 1635 1638
f 1693 1698 1695
f 1727 1729 1732
f 1743 1745 1752
f 1685 1687 1690
f 1772 1774 1777
f 1757 1762 1759
f 1715 1720 1717
f 1628 1632 1630
f 2187 2189 2191
f 1881 1883 1885
f 1899 1903 1901
f 2277 2281 2279
f 2313 2317 2315
f 2169 2173 2171
f 2156 2158 2160
f 2010 2012 2016
f 2208 2210 2214
f 1917 1924 1919
f 2133 2135 2137
f 1971 1973 1978
f 1989 1996 1991
f 2223 2227 2225
f 2300 2304 2302
f 2174 2176 2178
f 2151 2155 2153
f 2007 2014 2009
f 2205 2212 2207
f 1920 1922 1926
f 1855 1864 1857
f 1801 1810 1803
f 1784 1795 1786
f 1820 1831 1822
f 1838 1849 1840
f 1874 1887 1876
f 2180 2193 2182
f 2310 2321 2312
f 2274 2285 2276
f 1896 1907 1898
f 2089 2098 2091
f 2035 2044 2037
f 1950 1961 1952
f 2054 2067 2056
f 2072 2083 2074
f 2126 2139 2128
f 1964 1975 1966
f 1986 1997 1988
f 2220 2231 2222
f 2291 2298 2293
f 2183 2190 2185
f 1877 1884 1879
f 1891 1900 1893
f 2269 2278 2271
f 2305 2314 2307
f 2161 2170 2163
f 2148 2159 2150
f 2004 2015 2006
f 2202 2213 2204
f 1909 1918 1911
f 2129 2136 2131
f 1967 1977 1969
f 1981 1990 1983
f 2215 2224 2217
f 2288 2301 2290
f 2166 2177 2168
f 2143 2152 2145
f 1999 2008 2001
f 2197 2206 2199
f 1914 1925 1916
f 1806 1817 1808
f 1787 1797 1789
f 1823 1833 1825
f 1841 1851 1843
f 1860 1871 1862
f 1931 1941 1933
f 2108 2119 2110
f 2018 2029 2020
f 2234 2247 2236
f 2255 2262 2257
f 2040 2051 2042
f 1945 1954 1947
f 2057 2064 2059
f 2075 2085 2077
f 2094 2105 2096
f 2111 2121 2113
f 2021 2031 2023
f 2237 2244 2239
f 2252 2265 2254
f 1928 1939 1930
f 1812 1814 1818
f 1791 1793 1798
f 1827 1829 1834
f 1845 1847 1852
f 1866 1868 1872
f 1935 1937 1942
f 2118 2124 2120
f 2028 2034 2030
f 2246 2250 2248
f 2259 2261 2263
f 2048 2050 2052
f 1953 1960 1955
f 2061 2063 2065
f 2079 2081 2086
f 2100 2102 2106
f 2115 2117 2122
f 2025 2027 2032
f 2241 2243 2245
f 2264 2268 2266
f 1938 1944 1940
f 1802 1804 1813
f 1783 1785 1792
f 1819 1821 1828
f 1837 1839 1846
f 1856 1858 1867
f 1927 1929 1936
f 2112 2114 2123
f 2022 2024 2033
f 2238 2240 2249
f 2251 2253 2260
f 2036 2038 2049
f 1949 1951 1959
f 2053 2055 2062
f 2071 2073 2080
f 2090 2092 2101
f 2107 2109 2116
f 2017 2019 2026
f 2233 2235 2242
f 2256 2258 2267
f 1932 1934 1943
f 1859 1861 1869
f 1805 1807 1815
f 1788 1790 1799
f 1824 1826 1835
f 1842 1844 1853
f 1878 1880 1889
f 2184 2186 2195
f 2306 2308 2319
f 2270 2272 2283
f 1892 1894 1905
f 2093 2095 2103
f 2039 2041 2046
f 1946 1948 1957
f 2058 2060 2069
f 2076 2078 2087
f 2130 2132 2141
f 1968 1970 1979
f 1982 1984 1993
f 2216 2218 2229
f 2287 2289 2296
f 2179 2181 2188
f 1873 1875 1882
f 1895 1897 1902
f 2273 2275 2280
f 2309 2311 2316
f 2165 2167 2172
f 2144 2146 2157
f 2000 2002 2011
f 2198 2200 2209
f 1913 1915 1923
f 2125 2127 2134
f 1963 1965 1972
f 1985 1987 1995
f 2219 2221 2226
f 2292 2294 2303
f 2162 2164 2175
f 2147 2149 2154
f 2003 2005 2013
f 2201 2203 2211
f 1910 1912 1921
f 1863 1870 1865
f 1809 1816 1811
f 1794 1800 1796
f 1830 1836 1832
f 1848 1854 1850
f 1886 1890 1888
f 2192 2196 2194
f 2318 2320 2322
f 2282 2284 2286
f 1904 1906 1908
f 2097 2104 2099
f 2043 2047 2045
f 1956 1958 1962
f 2066 2070 2068
f 2082 2088 2084
f 2138 2142 2140
f 1974 1980 1976
f 1992 1994 1998
f 2228 2230 2232
f 2295 2297 2299
f 2331 2329 2330
f 2327 2323 2324
f 2328 2326 2325
f 2334 2333 2332
f 2337 2336 2335
f 2346 2345 2344
f 2412 2409 2410
f 2499 2496 2497
f 2487 2485 2486
f 2436 2435 2434
f 2376 2374 2375
f 2372 2368 2369
f 2373 2371 2370
f 2379 2378 2377
f 2382 2381 2380
f 2396 2392 2393
f 2361 2360 2359
f 2418 2416 2415
f 2457 2456 2455
f 2463 2460 2461
f 2492 2488 2489
f 2402 2398 2399
f 2343 2340 2341
f 2433 2430 2431
f 2478 2475 2476
f 2406 2404 2405
f 2502 2501 2500
f 2484 2482 2481
f 2442 2440 2439
f 2349 2347 2348
f 2468 2464 2465
f 2387 2384 2383
f 2358 2355 2356
f 2421 2419 2420
f 2454 2451 2452
f 2472 2470 2471
f 2388 2385 2386
f 2364 2362 2363
f 2426 2423 2422
f 2448 2446 2445
f 2403 2401 2400
f 2342 2339 2338
f 2432 2429 2428
f 2477 2474 2473
f 2493 2491 2490
f 2462 2459 2458
f 2397 2395 2394
f 2367 2365 2366
f 2427 2424 2425
f 2447 2443 2444
f 2391 2390 2389
f 2357 2354 2353
f 2417 2413 2414
f 2453 2450 2449
f 2469 2467 2466
f 2411 2408 2407
f 2498 2495 2494
f 2483 2479 2480
f 2441 2437 2438
f 2352 2350 2351
f 2509 2511 2510
f 2503 2505 2504
f 2506 2507 2508
f 2512 2513 2514
f 2515 2516 2517
f 2518 2519 2520
f 2555 2556 2554
f 2541 2540 2539
f 2562 2561 2560
f 2522 2521 2523
f 2542 2544 2543
f 2528 2529 2527
f 2531 2530 2532
f 2545 2546 2547
f 2548 2549 2550
f 2551 2553 2552
f 2533 2534 2535
f 2537 2536 2538
f 2559 2557 2558
f 2526 2525 2524